Дата,Номенклатура,Остаток,Цена,Производитель,Артикул,Склад
2025-08-26 14:13:02,Адаптер датчика детонации 8-98126-430-0 N-series 4HV1 (CNG) ГАЗ ORIG,5,334,Isuzu,8-98126-430-0,Хабаровск
2025-08-26 14:13:02,Амортизатор (демпфер кабины) 215*245*12 (180*245 по центрам сайлентблоков) возможно 133012 Automatic,81,1105,Automatic,133012,Хабаровск
2025-08-26 14:13:02,Амортизатор 1-51630-417-0 / 1-51630-726-0 / 1-51630-512-0 Isuzu 95~ Automatic,51,3184,Automatic,1-51630-417-0,Хабаровск
2025-08-26 14:13:02,Амортизатор 1201R W208-36-700A MAZDA TITAN 89~ Automatic,86,1104,Automatic,1201R,Хабаровск
2025-08-26 14:13:02,Амортизатор 1861117 Scania Automatic,32,3452,Automatic,1861117,Хабаровск
2025-08-26 14:13:02,"Амортизатор 2048/48531-80705 /MB515566 /56210-32C25 M.-Titan, WG# WE#, MMC Delica Truck, L300-T Automatic",33,1425,Automatic,2048,Хабаровск
2025-08-26 14:13:02,Амортизатор 2504 / 48531-80554 T-DYNA/TOYOACE NK !,21,1497,Nikoyo,2504,Хабаровск
2025-08-26 14:13:02,Амортизатор 2657/ W785-34-700 / W023-34-700 MAZDA TITAN 92~ Automatic,74,1090,Automatic,2657,Хабаровск
2025-08-26 14:13:02,"Амортизатор 2663 / 48511-29736 / 48511-80092 DYNA DYNA 150/TOYOACE G15 LY1##,2##,YY1##,2## Automatic",39,1397,Automatic,2663,Хабаровск
2025-08-26 14:13:02,"Амортизатор 2814/S46E-28-700 / E6200-35G26 / 8-94126-840-0 Mazda Bongo, Atlas F23, Nissan Dats Automatic",64,1154,Automatic,2814,Хабаровск
2025-08-26 14:13:02,Амортизатор 2870R / 133013 Демпфер кабины ISUZU CXZ/XM 89~ 1-51630-152-1(УУ) Automatic,62,1165,Automatic,2870R,Хабаровск
2025-08-26 14:13:02,"Амортизатор 2894R / 1-51630-132-0 Isuzu 10t FT, FR Automatic",45,1198,Automatic,2894R,Хабаровск
2025-08-26 14:13:02,Амортизатор 2894R / 1-51630-132-0 TOKICO Демпфер кабины ISUZU,1,986,JMC,1-51630-132-0,Хабаровск
2025-08-26 14:13:02,Амортизатор 3068 / 444040 / 56210-T6227 / MB161655 (УУ) Automatic,7,1283,Automatic,3068,Хабаровск
2025-08-26 14:13:02,Амортизатор 3150 / 444197 DYNA/TOYOACE BU1#/2# (УШ) Automatic,17,1425,Automatic,444197,Хабаровск
2025-08-26 14:13:02,Амортизатор 3175 / 444197 / 48511-80081 CIVILIAN CANTER FB/FE3# (I/O) (УШ) Automatic,14,1509,Automatic,3175,Хабаровск
2025-08-26 14:13:02,Амортизатор 3243 / 444197 / 444148 CANTER FB/FE F (УШ) Automatic,40,1339,Automatic,3243,Хабаровск
2025-08-26 14:13:02,"Амортизатор 3269 /444025 /48531-80442/-39757/ 56210-T6125 DYNA BU1##,2##,RZU100,140,XZU130 Automatic",88,1374,Automatic,3269,Хабаровск
2025-08-26 14:13:02,Амортизатор 3271 444061 TOKICO DELTA V57/78/98 84~ -R,1,454,JMC,444061,Хабаровск
2025-08-26 14:13:02,Амортизатор 3271 NK !,37,1326,Nikoyo,3271,Хабаровск
2025-08-26 14:13:02,Амортизатор 3391 / 9-51630-666-0 / 8-94249-402-1 Isuzu ELF150/NHR/ELF250/NKR NKR55 Automatic,15,1429,Automatic,9-51630-666-0,Хабаровск
2025-08-26 14:13:02,Амортизатор 3409 / MB161556 CANTER F Automatic,117,1237,Automatic,3409,Хабаровск
2025-08-26 14:13:02,Амортизатор 3537 / 444213 / 8-97253-611-0 ELF250 NKR/NHR 86~ (УШ) Automatic,24,1446,Automatic,3537,Хабаровск
2025-08-26 14:13:02,"Амортизатор 3577 / 8-97253-599-0 ELF250, NKR 55 Automatic",77,1374,Automatic,3577,Хабаровск
2025-08-26 14:13:02,Амортизатор 3820 48511-80072 DYNA XZU382 TOKICO FRONT,2,1964,JMC,48511-80072,Хабаровск
2025-08-26 14:13:02,Амортизатор 4046/N3603/445061/MK302296 задний MMC FUSO FM618 Rear (УШ) Automatic,59,1922,Automatic,4046,Хабаровск
2025-08-26 14:13:02,Амортизатор 48500-E0220 HINO 700 Automatic,12,2977,Automatic,48500-E0220,Хабаровск
2025-08-26 14:13:02,Амортизатор 48511-80121/80122 передний TOYOTA DYNA/HINO DUTRO 02~ XZU3# 3822 (УШ) Automatic,205,1390,Automatic,48511-80121,Хабаровск
2025-08-26 14:13:02,Амортизатор 48531-80671 DYNA/TOYOACE 99-04 Automatic,60,1168,Automatic,48531-80671,Хабаровск
2025-08-26 14:13:02,Амортизатор 5016 L440-680 низ втулка 20-32-40 (УШ) Automatic,98,2532,Automatic,5016,Хабаровск
2025-08-26 14:13:02,"Амортизатор 5024/N4604/56101-Z1030/56110-Z2000 передний NISSAN UD CK60,KW30,CZ50 (УШ) Automatic",47,2201,Automatic,5024,Хабаровск
2025-08-26 14:13:02,Амортизатор 5042 / 446034 / 1-51630-053-0/1/2 ISUZU CXK/CXL/CXM/CXZ (УШ) Automatic,77,2690,Automatic,5042,Хабаровск
2025-08-26 14:13:02,Амортизатор 5044 / 446032 UD TRUCK/BUS 84~ (УШ) Automatic,48,3413,Automatic,5044,Хабаровск
2025-08-26 14:13:02,Амортизатор 54300-4B700 H100 Porter FR Automatic,19,1063,Automatic,54300-4B700,Хабаровск
2025-08-26 14:13:02,Амортизатор 55300-4B700 H100 Porter RR Automatic,99,1664,Automatic,55300-4B700,Хабаровск
2025-08-26 14:13:02,Амортизатор 55300-5A120 Hyundai County RR Automatic,56,1374,Automatic,55300-5A120,Хабаровск
2025-08-26 14:13:02,Амортизатор 8-98202-796-0 rear NQR Automatic,205,1390,Automatic,8-98202-796-0,Хабаровск
2025-08-26 14:13:02,Амортизатор 8-98232-673-0/1 / 8-98202-858-0 передний NQR90 (УШ) Automatic,90,1374,Automatic,8-98232-673-0,Хабаровск
2025-08-26 14:13:02,Амортизатор A0063266800 / A0053266000 / 462858 Mercedes Automatic,43,3179,Automatic,A0063266800,Хабаровск
2025-08-26 14:13:02,Амортизатор D-125136 / 8-97253-618-0 NQR71/75 передний с кронштейном для ABS Дизель,53,1687,Дизель,D-125136,Хабаровск
2025-08-26 14:13:02,Амортизатор D-125380 / 8-97253-651-0 (УУ) Дизель,2,1740,Дизель,D-125380,Хабаровск
2025-08-26 14:13:02,Амортизатор D-125615 / 9-51630-665-0 N-series (УШ) Дизель,50,1715,Дизель,D-125615,Хабаровск
2025-08-26 14:13:02,Амортизатор D-127293 / СК8097 / WG9114680004 / DZ199112680014 HOWO/SHAANXI передний Дизель,10,1779,Дизель,D-127293,Хабаровск
2025-08-26 14:13:02,Амортизатор V31-082L JETT,1,2901,JMC,V31-082L,Хабаровск
2025-08-26 14:13:02,Амортизатор V31-082R JETT,1,2901,JMC,V31-082R,Хабаровск
2025-08-26 14:13:02,Амортизатор задний 0331924-E62101TZ0C,1,5922,JMC,0331924-E62101,Хабаровск
2025-08-26 14:13:02,Амортизатор задний 2031227 Scania Automatic,82,3332,Automatic,2031227,Хабаровск
2025-08-26 14:13:02,Амортизатор задний 48530-E0410 HINO 700 Automatic,27,2801,Automatic,48530-E0410,Хабаровск
2025-08-26 14:13:02,Амортизатор задний 5011290500630/1802905005330/П50.11.2905006-30/180-2915006-31 Automatic,36,3234,Automatic,5011290500630,Хабаровск
2025-08-26 14:13:02,Амортизатор задний 8-94167-460-1 N-series (K),10,1511,Дизель,8-94167-460-1,Хабаровск
2025-08-26 14:13:02,Амортизатор задний AZ1642440028 Howo,1,851,Дизель,AZ1642440028,Хабаровск
2025-08-26 14:13:02,Амортизатор задний HD-72 PARTSMALL 55300-5Н500 / 5Н000,1,1668,JMC,55300-5Н500,Хабаровск
2025-08-26 14:13:02,Амортизатор кабины 1-51630-603-0 / 4720 / 5460 / 133022 ISUZU FORWARD CX (УШ) Automatic,76,1321,Automatic,1-51630-603-0,Хабаровск
2025-08-26 14:13:02,Амортизатор кабины 133001 KYB,1,2433,JMC,133001,Хабаровск
2025-08-26 14:13:02,Амортизатор кабины 2891R / MC012599 / MK996358 MMC FU4# (УШ) Automatic,1,1031,Automatic,2891R,Хабаровск
2025-08-26 14:13:02,Амортизатор кабины 313956 / A9438904419 Mercedes SACHS !,8,13143,Sachs,313 956,Хабаровск
2025-08-26 14:13:02,Амортизатор кабины 52270-1030 / S50A0-E0130 / S50A0-E0180 HINO500 (УУ) Automatic,34,1479,Дизель,52270-1030,Хабаровск
2025-08-26 14:13:02,Амортизатор кабины 811W41722-6032 HOWO T5G ORIG,8,4365,Howo,811W41722-6032,Хабаровск
2025-08-26 14:13:02,Амортизатор кабины D-125089 / 1-51630-607-0 ISUZU CX/CY/CV (ШШ) Дизель,38,1559,Дизель,D-125089,Хабаровск
2025-08-26 14:13:02,Амортизатор кабины D-125329 / 1-51630-603-0/472-0/546-0/133022 ISUZU FORWARD CXZ (УШ) Дизель,126,1238,Дизель,D-125329,Хабаровск
2025-08-26 14:13:02,Амортизатор кабины D-126713 / WG1642440021 HOWO/SHACMAN X3000 поперечный задний Дизель,6,1410,Дизель,D-126713,Хабаровск
2025-08-26 14:13:02,Амортизатор кабины D-127446 / N133019 / 133019 / MK996353 MMC FUSO EP/FU/FV/FY (УШ) Дизель,24,1111,Дизель,D-127446,Хабаровск
2025-08-26 14:13:02,Амортизатор кабины D-127483 / 133028/S50A0-E0010/52270-1400 HINO 700 Дизель,8,1092,Дизель,D-127483,Хабаровск
2025-08-26 14:13:02,Амортизатор кабины D-127484 / S50B0-E0190/S50B0-E0200/101004/52270-1410 HINO 700 Дизель,17,1155,Дизель,D-127484,Хабаровск
2025-08-26 14:13:02,Амортизатор кабины зад D-125758 / 64337-Y3B00 JAC N350 Дизель,16,2537,Дизель,D-125758,Хабаровск
2025-08-26 14:13:02,Амортизатор кабины задний 1-51630-724-0/8-97611-896-0 ISUZU,2,7439,JMC,1-51630-724-0,Хабаровск
2025-08-26 14:13:02,Амортизатор кабины задний 1-51630-728-0 / 1-51630-728-1 Automatic,33,1186,Automatic,1-51630-728-0,Хабаровск
2025-08-26 14:13:02,Амортизатор кабины задний 20050 / A9438903919 / 311189 Auger !,4,5374,Auger,20050,Хабаровск
2025-08-26 14:13:02,Амортизатор кабины задний S5227-01040 / 52270-1040 HINO500 Дизель,121,1190,Automatic,S5227-01040,Хабаровск
2025-08-26 14:13:02,Амортизатор кабины задний внутренний 312649 / A9438905019 Mercedes / Sachs !,8,7584,Sachs,312 649,Хабаровск
2025-08-26 14:13:02,Амортизатор кабины перед 811W41722-6022 HOWO T5G ORIG,9,4587,Howo,811W41722-6022,Хабаровск
2025-08-26 14:13:02,Амортизатор кабины перед D-126912 / 5001020-А01-С00/А FAW J6 Дизель,22,724,Дизель,D-126912,Хабаровск
2025-08-26 14:13:02,Амортизатор кабины передний 105840 / 504228086 / 500348789 / 20079 SACHS !,1,1737,Sachs,504228086,Хабаровск
2025-08-26 14:13:02,Амортизатор кабины передний 313941 / A9428900519 / 290268 / 462839 Sachs !,16,4276,Sachs,313 941,Хабаровск
2025-08-26 14:13:02,Амортизатор кабины передний 315153/ BK9500232/464467/A9408904919/463121 Sachs,4,20067,Sachs,315 153,Хабаровск
2025-08-26 14:13:02,"Амортизатор кабины передний Aктрос A9438903819 / 311663 / 20095 14*25*44,5",2,6719,Auger,20095,Хабаровск
2025-08-26 14:13:02,Амортизатор кабины передний качество WG1642430385/CK8095 Createk,2,3301,JMC,CK-AZ1642430385/285,Хабаровск
2025-08-26 14:13:02,Амортизатор кабины поперечный F3000 d внутри уха12mm (L290390 по центрам отв) SHAANXI 81417226036,1,1545,JMC,81417226036,Хабаровск
2025-08-26 14:13:02,Амортизатор М. Premium 444271 передний левый/правый,2,4561,JMC,444271,Хабаровск
2025-08-26 14:13:02,Амортизатор масляный передний Premium 444089 KYB,2,1472,JMC,444089,Хабаровск
2025-08-26 14:13:02,"Амортизатор основной 2-я ось 8х4 (L=480, l=380) WG910680001/CK8098 качество Createk",1,3434,JMC,CK-WG9100680001,Хабаровск
2025-08-26 14:13:02,Амортизатор перед 8-97253-618-0 NQR71/75 (с кронштейном для АБС) Automatic,598,1458,Automatic,8-97253-618-0,Хабаровск
2025-08-26 14:13:02,Амортизатор передний 54300-5H500 HD72 FR (УШ) Automatic,141,1374,Automatic,54300-5H500,Хабаровск
2025-08-26 14:13:02,Амортизатор передний 8-98033-271-0 / SA010 N-series (УУ) Automatic,69,1520,Automatic,8-98033-271-0,Хабаровск
2025-08-26 14:13:02,Амортизатор передний D-125761 / 2905010Y30B0 / 54300-7H050 JAC N350 Дизель,18,3298,Дизель,D-125761,Хабаровск
2025-08-26 14:13:02,Амортизатор передний D-127486 / 444271/48511-80090 DYNA/TOYOACE 2001- Дизель,14,1298,Дизель,D-127486,Хабаровск
2025-08-26 14:13:02,Амортизатор передний D-127487 / 48500-E0410 / SA013 HINO 700 Дизель,48,2902,Дизель,D-127487,Хабаровск
2025-08-26 14:13:02,Амортизатор передний основной DZ95259680012/13 / CK8094 качество Createk,2,4690,JMC,УТ-00048604,Хабаровск
2025-08-26 14:13:02,Амортизатор подвески 310781/A0053263600 Mercedes / SACHS !,1,5172,Sachs,310 781,Хабаровск
2025-08-26 14:13:02,Амортизатор подвески D-126378 / 2905010-71A/D FAW Дизель,5,1689,Дизель,D-126378,Хабаровск
2025-08-26 14:13:02,Амортизатор подвески задний Actros 462858 /A0053266000 / A0063266800 Mercedes /DieselTechnic !,24,6955,Diesel Technic,4.62858,Хабаровск
2025-08-26 14:13:02,Амортизатор подвески основной 6х4 8x4 199114680004/CK8097 качество Createk,2,4465,JMC,CK-199114680004,Хабаровск
2025-08-26 14:13:02,Амортизатор рул колонки D-126379 / 810W97006-0032 Sitrak C7H Дизель,2,574,Дизель,D-126379,Хабаровск
2025-08-26 14:13:02,Амортизатор сиденья 93161639 Iveco Orig !,6,14387,Iveco,93161639,Хабаровск
2025-08-26 14:13:02,Бак топливный с топливозаборником D-125763 / 31110-Y3A10XZ05 JAC N350 Дизель,1,24684,Дизель,D-125763,Хабаровск
2025-08-26 14:13:02,Балансир задней рессоры Fuso 10т (2 стремянки) 34-670 / MC040353 XLD !,2,10129,Дизель,MC040353,Хабаровск
2025-08-26 14:13:02,Балансир задней рессоры MC032144/ 34-668 RH Fuso 10т (3 стремянки) XLD !,5,10892,Дизель,MC032144,Хабаровск
2025-08-26 14:13:02,Балансир задней рессоры MC032145/ 34-668 Fuso 10т (3 стремянки) LH XLD !,4,10416,Дизель,MC032145,Хабаровск
2025-08-26 14:13:02,Балансир задней рессоры в сборе (с болтами) Isuzu 10т 4WD 34-669/1-57385-014-0/1-51385-039-1 XLD,16,14712,Дизель,1-57385-014-0,Хабаровск
2025-08-26 14:13:02,"Балансир подвески 2239965SKV/1404352/311.01.009/ 56640/302504/1404385/1949551/1399489/ SCANIA 4/P/G/R/T, M145x2/110x140",2,16830,SKV,2239965,Хабаровск
2025-08-26 14:13:02,Балка передней оси D-126715 / 3001011-242 FAW Дизель,1,35593,Дизель,D-126715,Хабаровск
2025-08-26 14:13:02,Балка поперечная 199100590000 HOWO,2,3004,Howo,199100590000,Хабаровск
2025-08-26 14:13:02,Бампер (средняя часть) D-128183 / WG1664245001 HOWO Дизель,1,4182,Дизель,D-128183,Хабаровск
2025-08-26 14:13:02,Бампер 004-001-HNU/HNPR03012/52101-9351 широкий HINO SH1E/2P/FH2P 03~ GA !,13,16176,Дизель,004-001-HNU,Хабаровск
2025-08-26 14:13:02,Бампер FR левая часть 86510-7C000 LH HD250 (K) дефект,1,1903,Дизель,86510-7C000,Хабаровск
2025-08-26 14:13:02,Бампер накладка верх 004-001-MBQ-T1/MBGR97061/MC962016 FP/FS/FT/FU/FV/FY5# 97-06` GA !,14,4565,Дизель,004-001-MBQ-T1,Хабаровск
2025-08-26 14:13:02,Бампер накладка левая низ HNPR03016/004-001-HNU-D-L широкий HINO SH1E/2P/FH2P 03~ GA !,5,1267,Дизель,HNPR03016,Хабаровск
2025-08-26 14:13:02,Бампер накладка низ 004-001-NSI-D/NSBT-92061 N-DIESEL CW520/CD45/CG45 89-97 GA !,5,6037,Дизель,004-001-NSI-D,Хабаровск
2025-08-26 14:13:02,Бампер накладка правая низ HNPR03015/004-001-HNU-D-R широкий HINO SH1E/2P/FH2P 03~ GA !,5,1267,Дизель,HNPR03015,Хабаровск
2025-08-26 14:13:02,Бампер накладка центральная низ HNPR03014/004-001-HNU-D-C широкий HINO SH1E/2P/FH2P 03~ GA !,3,1267,Дизель,004-001-HNU-D-C,Хабаровск
2025-08-26 14:13:02,Бампер передний (правая часть) 810W41610-5600 HOWO T5G,3,7636,Дизель,810W41610-5600,Хабаровск
2025-08-26 14:13:02,Бампер передний (средняя часть) 810W41610-5663 HOWO T5G,1,8484,Дизель,810W41610-5663,Хабаровск
2025-08-26 14:13:02,Бампер хром 004-001-HNU-1/HNPR03012/52101-9351 широкий HINO SH1E/2P/FH2P 03~ GA !,10,15201,Дизель,004-001-HNU-1,Хабаровск
2025-08-26 14:13:02,Барабан тормозной задний 285*410*230 (шпилька M23) D-126716 / AZ9112340006 / DZ9112340006 SHAANXI X3000,7,9784,Дизель,D-126716,Хабаровск
2025-08-26 14:13:02,"Барабан тормозной 1-42315-336-1 C,F-series SKV",83,8803,SKV,1-42315-336-1,Хабаровск
2025-08-26 14:13:02,Барабан тормозной задний 1-42315-377-2/0/1 C/E-series SKV,160,16135,SKV,1-42315-377-2,Хабаровск
2025-08-26 14:13:02,Барабан тормозной задний 1-42315-383-0 F-series SKV,16,10856,SKV,1-42315-383-0,Хабаровск
2025-08-26 14:13:02,Барабан тормозной задний D-125766 / AK35021282BZ3 / HFF3502128CK2BZ JAC N350 Дизель,14,15681,Дизель,D-125766,Хабаровск
2025-08-26 14:13:02,Барабан тормозной задний D-126717 / 3502571-AOE FAW J6 н/о Дизель,10,10764,Дизель,D-126717,Хабаровск
2025-08-26 14:13:02,Барабан тормозной задний D-127295 / A3054230401 / A3054230701 Mercedes Дизель,36,11337,Дизель,D-127295,Хабаровск
2025-08-26 14:13:02,Барабан тормозной задний D-128414 / QT305D235-3502051 FAW Дизель,1,8139,Дизель,D-128414,Хабаровск
2025-08-26 14:13:02,Барабан тормозной задний S4351-24100 / 43512-4100 HINO700 (ТЯГАЧ) BELTON,6,15179,Belton,43512-4100,Хабаровск
2025-08-26 14:13:02,Барабан тормозной пер/зад D-126712/52761-5K501/52761-5K500/51761-5K500 (6шп110мм) HD65/72/78 Дизель,43,6405,Дизель,D-126712,Хабаровск
2025-08-26 14:13:02,Барабан тормозной перед. 51761-7H000 HYUNDAI HD270 D6CA SKV,88,10701,SKV,51761-7H000,Хабаровск
2025-08-26 14:13:02,Барабан тормозной перед/зад(5шп.85мм)COUNTY D-128043/51761/52761-5A101/52761-5A102/XZH-32-016 Дизель,1,6315,Дизель,D-128043,Хабаровск
2025-08-26 14:13:02,"Барабан тормозной передний 1-42315-365-0/BD3650 (10 отв.) C,F-series SKV",36,12721,SKV,1-42315-365-0,Хабаровск
2025-08-26 14:13:02,Барабан тормозной передний 3501571-4E 4250 FAW,2,7331,Дизель,3501571-4E,Хабаровск
2025-08-26 14:13:02,Барабан тормозной передний 8-97188-115-0 ISUZU SKV,3,9223,SKV,8-97188-115-0,Хабаровск
2025-08-26 14:13:02,Барабан тормозной передний D-125767 / 35B247-01075 JAC N120 Дизель,2,11567,Дизель,D-125767,Хабаровск
2025-08-26 14:13:02,Барабан тормозной передний D-128416 / 3501571-4Е 10 отв. Faw J5/J6 Дизель,10,7549,Дизель,D-128416,Хабаровск
2025-08-26 14:13:02,Бачок омывателя с мотором 5207010A109 FAW 3252/3312,3,1067,Дизель,5207010A109,Хабаровск
2025-08-26 14:13:02,Бачок омывателя с моторчиком AZ1642860002/1 Howo/,5,884,Howo,AZ1642860002/1,Хабаровск
2025-08-26 14:13:02,Бачок расширительный D-128417 / DZ97259533010 / DZ97259533030 SHACMAN X3000 WP12/10/M11 Дизель,1,4164,Дизель,D-128417,Хабаровск
2025-08-26 14:13:02,Башмак рессоры перед лев D-126446 / WG9925522138 Sitrak C7H Дизель,1,1945,Дизель,D-126446,Хабаровск
2025-08-26 14:13:02,Башмак рессоры перед прав D-126447 / WG9925522137 Sitrak C7H Дизель,1,1945,Дизель,D-126447,Хабаровск
2025-08-26 14:13:02,Башмак цепи ГРМ 1021018FD020 JAC N35 ORIG,1,653,JAC,1021018FD020,Хабаровск
2025-08-26 14:13:02,Бендикс HINO H07C YD !,14,1275,Дизель,DX2630,Хабаровск
2025-08-26 14:13:02,Бендикс HINO J07C YD !,72,1359,Дизель,J07C,Хабаровск
2025-08-26 14:13:02,Бендикс HINO J08C DX1320 YD,34,3219,Дизель,DX1320,Хабаровск
2025-08-26 14:13:02,Бендикс ISUZU 4HF1/4HG1 D-127296 / 8-97030-393-0 / DX2501 YD Дизель,11,3078,Дизель,D-127296,Хабаровск
2025-08-26 14:13:02,Бендикс ISUZU 6HK1 YD !,13,1184,Дизель,6HK1,Хабаровск
2025-08-26 14:13:02,Бендикс TOYOTA 2L/5L 12V/10T/2.2KW !,21,1356,Дизель,2L/5L,Хабаровск
2025-08-26 14:13:02,Блок управления WG 9719580001 (Н),1,3993,Дизель,9719580001,Хабаровск
2025-08-26 14:13:02,Блок цилиндров 4HK1 D-126991/8-98005-443-3/7 ISUZU NPR/NQR 99~ FRD/FRR 05~ Дизель,5,127416,Дизель,D-126991,Хабаровск
2025-08-26 14:13:02,Блок цилиндров MM100000-PJJT/1002010-M10 FAW J6 CA6DM2,1,200885,Дизель,MM100000-PJJT,Хабаровск
2025-08-26 14:13:02,Блок цилиндров двигателя D-128288 / 330-1002015A / YC6B125 / YC6108 Yuchai Дизель,1,104431,Дизель,D-128288,Хабаровск
2025-08-26 14:13:02,Блокиратор вилки WTB10*18*12-6G120 JAC ORIG,2,369,JAC,WTB10*18*12-6G120,Хабаровск
2025-08-26 14:13:02,Болт 60531671 /A3892651674 / A9452652774 Mercedes /Euroricambi,3,809,Euroricambi,60531671,Хабаровск
2025-08-26 14:13:02,Болт A3892651674 / A9452652774 / 60531671 Mercedes ориг !,1,2638,Mercedes,A 389 265 16 74,Хабаровск
2025-08-26 14:13:02,Болт FE-018 /MB-308935/FKT-018A12*38 p1.0 PM,24,184,Paul Master,FKT-018A,Хабаровск
2025-08-26 14:13:02,"Болт FTB-1035 / MH001714 10,5*35 PM",4,167,Paul Master,FTB-1035,Хабаровск
2025-08-26 14:13:02,Болт G-001-1 / fhb-1345 FUSO FV415 12*45mm p1.25 PM,7,149,Paul Master,FHB-1345,Хабаровск
2025-08-26 14:13:02,Болт G-003-1 / FTB-1350 FUSO FV419 12X50mm PM,10,211,Paul Master,FTB-1350,Хабаровск
2025-08-26 14:13:02,"Болт G-005 / ikt-1460e / 1-09000-582-0 ISUZU CXZ 14X60 p2,0 PM",5,235,Paul Master,IKT-1460E,Хабаровск
2025-08-26 14:13:02,"Болт G-006-1/UKT-1460C 14X60mm p1,5 38166-90007 PM",3,205,Paul Master,G-006-1,Хабаровск
2025-08-26 14:13:02,"Болт G-006/HKT-1468C 14X68 p1,5 / 9019-14219 PM",11,205,Paul Master,9019-14219,Хабаровск
2025-08-26 14:13:02,"Болт G-007 / HHB-1650 16X50 p1,5 PM",5,246,Paul Master,G-007,Хабаровск
2025-08-26 14:13:02,"Болт G-008 / HTB-1250 / 9019-12397 12X50 p1,25 PM",6,222,Paul Master,G-008,Хабаровск
2025-08-26 14:13:02,"Болт G-010-2A / G-1045BS 10X10X45mm p1,25 (нерж.) PM",15,224,Paul Master,G-1045BS,Хабаровск
2025-08-26 14:13:02,"Болт G-010-5 / G-1080B 10X10X80mm p1,25 PM",6,277,Paul Master,G-1080B,Хабаровск
2025-08-26 14:13:02,"Болт G-010-6 / G-10100B 10X10X100mm p1,25 PM",4,184,Paul Master,G-010-6,Хабаровск
2025-08-26 14:13:02,"Болт G-010-7B/G-10120 10X10X120mm p1,5 PM",4,277,Paul Master,G-10120,Хабаровск
2025-08-26 14:13:02,"Болт G-010-8B /G-10150 10X10X150mm p1,5 PM",22,181,Paul Master,G-10150,Хабаровск
2025-08-26 14:13:02,"Болт G-010-9B/G-10180 (S45c) 10X10X180mm p1,5 PM",6,342,Paul Master,G-010-9B,Хабаровск
2025-08-26 14:13:02,"Болт G-010A / SZ116-10129 / G-1060S 10X10X60 p1,5 (нерж.) PM",25,294,Paul Master,G-010A,Хабаровск
2025-08-26 14:13:02,Болт G-012 PM !,1,118,Paul Master,G-012,Хабаровск
2025-08-26 14:13:02,"Болт G-018-1 /9029-12204/HKT-1260D 12X60 p1,75 PM",13,149,Paul Master,G-018-1,Хабаровск
2025-08-26 14:13:02,Болт G-019 /G-0840 8*8*40mm p1.25 PM,2,149,Paul Master,G-019,Хабаровск
2025-08-26 14:13:02,Болт G-019-3/G-0865 8*8*65mm p1.25 PM,6,149,Paul Master,G-0865,Хабаровск
2025-08-26 14:13:02,Болт G-019-4 /G-0875 8*8*75mm p1.25 PM,5,192,Paul Master,G-0875,Хабаровск
2025-08-26 14:13:02,Болт G-021 /FHB-1030/MB-000137 10*30mm PM,4,128,Paul Master,G-021,Хабаровск
2025-08-26 14:13:02,Болт G-022 /9059-14109/HHB-1445 14*45mm PM,34,249,Paul Master,G-022,Хабаровск
2025-08-26 14:13:02,Болт G-023 / IHB-1240 /1-09000-076-1 ISUZU FSR 12*40mm PM,1,134,Paul Master,G-023,Хабаровск
2025-08-26 14:13:02,Болт G-025 /OTB-1245 / 8-98031-764-0 12*45mm PM,2,235,Paul Master,OTB-1245,Хабаровск
2025-08-26 14:13:02,Болт M22*155 D-125334 / 9-09801-290-1 ISUZU Дизель,18,347,Дизель,D-125334,Хабаровск
2025-08-26 14:13:02,"Болт M6*10 0-28050-610-0 C,E,F,N series ORIG",2,146,Isuzu,0-28050-610-0,Хабаровск
2025-08-26 14:13:02,"Болт M6*12 8-94279-200-0 C,F,N series ORIG",2,146,Isuzu,8-94279-200-0,Хабаровск
2025-08-26 14:13:02,"Болт M8*35 0-28050-835-0 F,C,N-series ORIG",7,197,Isuzu,0-28050-835-0,Хабаровск
2025-08-26 14:13:02,Болт MA-006 /MKT-006/ W728-26-117 10*40mm p1.25 PM,8,258,Paul Master,MKT-006,Хабаровск
2025-08-26 14:13:02,Болт MB301509,4,94,Дизель,MB301509,Хабаровск
2025-08-26 14:13:02,Болт OTB-1037 M10*10.2*35 PM,12,166,Paul Master,OTB-1037,Хабаровск
2025-08-26 14:13:02,Болт TO-007 / TTB-007 / 90114-11124 PM,5,320,Paul Master,TTB-007,Хабаровск
2025-08-26 14:13:02,Болт ZQ151B12100 HOWO,14,77,Дизель,ZQ151B12100,Хабаровск
2025-08-26 14:13:02,"Болт амортизатора 0334014120SKV / 03.340.14.12.0 BPW М24х3,0х275 DIN 931",177,393,SKV,0334014120,Хабаровск
2025-08-26 14:13:02,"Болт амортизатора 180500245520SKV / 02.5023.20.80 BPW М20х2,5х200",109,158,SKV,180500245520SKV,Хабаровск
2025-08-26 14:13:02,Болт амортизатора нижний М20*180 8-97605-113-1 ORIG,2,4122,Isuzu,8976051131,Хабаровск
2025-08-26 14:13:02,"Болт амортизатора полуприцепа Schmitz 1086695SKV M16x1,5х122-10.9",538,130,SKV,1086695,Хабаровск
2025-08-26 14:13:02,Болт балансира с отверстием M16 L=55 HOWO Q171C1655TF2,4,75,Дизель,Q171C1655TF2,Хабаровск
2025-08-26 14:13:02,Болт блокировки шкворня D-125771 / HFF3001042CK3GFTP JAC N350 Дизель,13,290,Дизель,D-125771,Хабаровск
2025-08-26 14:13:02,Болт выпускного коллектора 1008046-29D FAW CA6DL1/2/CA6DN1,23,251,Дизель,1008046-29D,Хабаровск
2025-08-26 14:13:02,Болт ГБЦ 8-94399-555-0 4HK1 4HF1 4HG1 ORIG,26,449,Isuzu,8-94399-555-0,Хабаровск
2025-08-26 14:13:02,Болт ГБЦ D-125333 / 8-97133-416-0 М11х114 4JJ1 N-series Дизель,42,152,Дизель,D-125333,Хабаровск
2025-08-26 14:13:02,Болт ГБЦ D-125379 / 8-94399-555-0 4HK1 4HF1 4HG1 Дизель,57,273,Дизель,D-125379,Хабаровск
2025-08-26 14:13:02,Болт ГБЦ D-125502 / 8-97087-660-0 NPR 4HE1 Дизель,15,579,Дизель,D-125502,Хабаровск
2025-08-26 14:13:02,Болт ГБЦ D-125560 / 8-97077-638-0 4HF1 4HG1 4HK1 Дизель,81,343,Дизель,D-125560,Хабаровск
2025-08-26 14:13:02,Болт ГБЦ D-126719 / 612600040452 JAC N350 WP10 E-5 Дизель,10,227,Дизель,D-126719,Хабаровск
2025-08-26 14:13:02,Болт ГБЦ D-127297 / 8-97077-638-0 4HF1 4HG1 4HK1 Дизель,104,309,Дизель,D-127297,Хабаровск
2025-08-26 14:13:02,"Болт ГБЦ D-128082/8-98260-005-0 М14х115 F,N-series Дизель",10,278,Дизель,D-128082,Хабаровск
2025-08-26 14:13:02,Болт ГБЦ D-128454 / 1003046-36D FAW CA6DL1/2 Дизель,30,391,Дизель,D-128454,Хабаровск
2025-08-26 14:13:02,Болт ГБЦ M12*120 0-28156-212-0/0-28186-212-0/1-09044-070-0 C-series 6WG1 ORIG,29,287,Isuzu,0-28156-212-0,Хабаровск
2025-08-26 14:13:02,Болт ГБЦ M18*115 8-98245-540-0/1-09070-141-0/1-09070-114-2 C-series 6WG1 ORIG,31,956,Isuzu,8-98245-540-0,Хабаровск
2025-08-26 14:13:02,Болт ГБЦ M18*159 8-98245-541-0/1-09070-142-0/1-09070-115-2 C-series 6WG1 ORIG,29,1080,Isuzu,8-98245-541-0,Хабаровск
2025-08-26 14:13:02,Болт головки блока цилидров D-128124/8-98201-019-0/8-97144-583-2 NJR/NKR/NLR/NMR 011- Дизель,120,319,Дизель,D-128124,Хабаровск
2025-08-26 14:13:02,Болт для слива воды ФГОТ 1105080E50A/A E-5 FAW,11,52,Дизель,1105080E50A/A,Хабаровск
2025-08-26 14:13:02,"Болт карданный 1-09000-645-0 M14*50 C,F-series ORIG",2,317,Isuzu,1-09000-645-0,Хабаровск
2025-08-26 14:13:02,Болт карданный M16*1.5*50 020058/06027925213 MAN SKV,2007,79,SKV,06027925213SKV,Хабаровск
2025-08-26 14:13:02,Болт колесный D-126778 / WG9100410212 Sitrak C7H Дизель,120,233,Дизель,D-126778,Хабаровск
2025-08-26 14:13:02,Болт крепления задней рессоры D-126383 / 1-51356-140-0 Дизель,18,307,Дизель,D-126383,Хабаровск
2025-08-26 14:13:02,Болт крепления клапанной крышки 1003061C81D FAW,1,251,Дизель,1003061C81D,Хабаровск
2025-08-26 14:13:02,"Болт крепления колеса A3814010571 M22x1,5x108,5/98 10,9 SKV",431,152,SKV,A3814010571,Хабаровск
2025-08-26 14:13:02,Болт крепления маховика двигателя D-128518 / 8-97178-013-0 M16х42 N-Serie Дизель,59,264,Дизель,D-128518,Хабаровск
2025-08-26 14:13:02,"Болт крепления пневморессоры 0250709500SKV / 02.5070.95.00 М16х2,0х65 10,9",262,96,SKV,0250709500,Хабаровск
2025-08-26 14:13:02,"Болт крепления пневморессоры М16х2,0х75 10,9 0250709600SKV / 02.5070.96.00/18988005203/18988005200",800,69,SKV,0250709600,Хабаровск
2025-08-26 14:13:02,"Болт крепления подножки 8-98004-345-0 М8*18 F,N-series ORIG",2,151,Isuzu,8-98004-345-0,Хабаровск
2025-08-26 14:13:02,Болт крышки балансира (M18X48.5) 1-09044-038-2 CYZ51/CXZ/EXZ/F ORIG,14,1017,Isuzu,1-09044-038-2,Хабаровск
2025-08-26 14:13:02,Болт маховика 200V90020-0419 HOWO T5G,8,335,Дизель,200V90020-0419,Хабаровск
2025-08-26 14:13:02,Болт натяжной торсиона 6613233171 Istana,3,446,JMC,6613233171,Хабаровск
2025-08-26 14:13:02,Болт поддона D-125774 / 90011430019 JAC N350 WP10 E-5 Дизель,10,32,Дизель,D-125774,Хабаровск
2025-08-26 14:13:02,Болт полурессоры центровой 0334102300SKV / 6602016120 / 03.341.02.30.0 BPW M16X2x120/30 DIN 931,1490,81,SKV,0334102300SKV,Хабаровск
2025-08-26 14:13:02,Болт реактивной тяги D-128519 / 8-98012-875-0 / 1-09000-078-1 с гайкой 1-09464-011-0 CYZ51/52 Дизель,19,377,Дизель,D-128519,Хабаровск
2025-08-26 14:13:02,Болт регул.ручного тормоза FTA-026 / B-026 44420-46021 / PM,1,970,Paul Master,FTA-026,Хабаровск
2025-08-26 14:13:02,Болт регулировки усил.сцепл. IS-039 / ICR-039 125 mm PM,5,641,Paul Master,ICR-039,Хабаровск
2025-08-26 14:13:02,Болт рессоры 06014944935SKV MAN TGA/TGX/TGS/TGM M20x2/260 K10 DIN 931/8.8 SKV,2341,207,SKV,06014944935SKV,Хабаровск
2025-08-26 14:13:02,Болт рессоры ZQ151B24205TF6 Sitrak C7H,15,534,Noname,ZQ151B24205TF6,Хабаровск
2025-08-26 14:13:02,"Болт рессоры М30x3,5х197 9746-2912478 SKV",1265,407,SKV,97462912478,Хабаровск
2025-08-26 14:13:02,Болт рокера D-128125/8-94395-024-0 4HK1-T NQR75/90/NPR75 Дизель,32,159,Дизель,D-128125,Хабаровск
2025-08-26 14:13:02,Болт ступицы 0443AE0160,1,1410,JMC,0443AE0160,Хабаровск
2025-08-26 14:13:02,"Болт стяжной 0-10856-480-0 M14*80 RR F,C-series ORIG",31,494,Isuzu,0-10856-480-0,Хабаровск
2025-08-26 14:13:02,Болт топливной системы CU-001/CU-2237С p1.5*37mm DIA 22mm PM,10,231,Paul Master,CU-2237C,Хабаровск
2025-08-26 14:13:02,Болт топливной системы CU-002 / CU-2037 p1.5*37mm DIA 20mm PM,9,332,Paul Master,CU-2037,Хабаровск
2025-08-26 14:13:02,Болт топливной системы CU-003 p1.5*35mm DIA 18mm PM !,3,304,Paul Master,CU-003,Хабаровск
2025-08-26 14:13:02,Болт топливной системы CU-006 / CU-1430 p1.5*30mm DIA 14mm PM,1,277,Paul Master,CU-1430,Хабаровск
2025-08-26 14:13:02,Болт топливной системы CU-007B / CU-1230D p1.75*30mm DIA 12mm PM,6,257,Paul Master,CU-007B,Хабаровск
2025-08-26 14:13:02,Болт топливной системы CU-010 / CU-1224B p1.25*24mm DIA 12mm PM,10,242,Paul Master,CU-1224B,Хабаровск
2025-08-26 14:13:02,Болт топливной системы CU-012B / CU-1026C p1.5*26mm DIA 10mm PM,29,213,Paul Master,CU-1026C,Хабаровск
2025-08-26 14:13:02,Болт топливной системы CU-014B/CU-1026A p1.0*26mm DIA 10mm PM,3,213,Paul Master,CU-014B,Хабаровск
2025-08-26 14:13:02,Болт топливной системы CU-015A / CU-0828A p1.0*28mm DIA 8mm PM,5,174,Paul Master,CU-0828A,Хабаровск
2025-08-26 14:13:02,Болт топливной системы CU-0828B/ CU-015B p1.25*28mm DIA 8mm PM,15,266,Paul Master,CU-015B,Хабаровск
2025-08-26 14:13:02,Болт топливной системы CU-1020A / CU-014A p1.0*20mm DIA PM,5,171,Paul Master,CU-1020A,Хабаровск
2025-08-26 14:13:02,Болт топливной системы CU-1020B / CU-013A p1.25*20mm DIA 10mm PM,1,154,Paul Master,CU-1020B,Хабаровск
2025-08-26 14:13:02,Болт топливной системы CU-1020C / CU-012C p1.5*20mm DIA 10mm PM,14,171,Paul Master,CU-1020C,Хабаровск
2025-08-26 14:13:02,Болт топливной системы CU-1223A / CU-011 p1.0*23mm DIA 12mm PM,9,180,Paul Master,CU-1223A,Хабаровск
2025-08-26 14:13:02,Болт топливной системы CU-1223A/ CU-011 p1.0*23mm DIA 12mm PM,2,227,Paul Master,CU-011,Хабаровск
2025-08-26 14:13:02,Болт топливной системы CU-1230B p1.75*30mm PM,3,72,JMC,CU-1230B,Хабаровск
2025-08-26 14:13:02,Болт топливной системы CU-1230C / CU-009B p1.5*30mm DIA 12mm PM,4,257,Paul Master,CU-1230C,Хабаровск
2025-08-26 14:13:02,Болт топливной системы CU-1633 / CU-004 p1.5*18*33mm DIA 16mm PM,10,231,Paul Master,CU-004,Хабаровск
2025-08-26 14:13:02,Болт топливной системы CU-1655C 1.5*55 mm PM,9,641,Paul Master,CU-1655C,Хабаровск
2025-08-26 14:13:02,Болт топливной системы CU-1835 / CU-003 1.5*35mm PM,2,257,Paul Master,CU1835,Хабаровск
2025-08-26 14:13:02,Болт турбокомпрессора 5-09000-275-0 NPR75 E4 ORIG,2,300,Isuzu,5-09000-275-0,Хабаровск
2025-08-26 14:13:02,Болт центральный 0334014250 M24X2 /260 SKV,557,370,SKV,0334014250,Хабаровск
2025-08-26 14:13:02,"Болт центральный D-127055 / CB02 М10*1,5 with head 14*8*12 150mm Дизель",2,128,Дизель,D-127055,Хабаровск
2025-08-26 14:13:02,"Болт центральный D-127056 / CB03 М12х1,5 with head 16х12х10 160mm Дизель",29,111,Дизель,D-127056,Хабаровск
2025-08-26 14:13:02,"Болт центральный D-127058 / CB05 М12х1,5 with head 18х20х16.5 250mm Дизель",380,172,Дизель,D-127058,Хабаровск
2025-08-26 14:13:02,"Болт центральный D-127059 / CB06 М16*1,5 with head 24*12 ISUZU 350mm Дизель",715,291,Дизель,D-127059,Хабаровск
2025-08-26 14:13:02,"Болт центральный D-127063 / CB10 М14*1,5 with head 20*25*16.5 300mm Дизель",791,159,Дизель,D-127063,Хабаровск
2025-08-26 14:13:02,"Болт центральный М16*1,5*300",23,198,Дизель,"М16*1,5*300",Хабаровск
2025-08-26 14:13:02,"Болт-фильтр ТНВД 8-98204-986-0 F,N,Q-series ORIG",2,4076,Isuzu,8-98204-986-0,Хабаровск
2025-08-26 14:13:02,Брызговик кабины правый D-127878 / DZ13241230414 SHAANXI F3000/X3000 Дизель,1,1511,Дизель,D-127878,Хабаровск
2025-08-26 14:13:02,Брызговик левый 8403100LE010 JAC ORIG,1,1822,JAC,8403100LE010,Хабаровск
2025-08-26 14:13:02,Брызговик передний левый D-128418 / DZ14251230015 пластик SHACMAN X3000 Дизель,1,1195,Дизель,D-128418,Хабаровск
2025-08-26 14:13:02,Брызговик передний правый D-128419 / DZ14251230016 пластик SHACMAN X3000 Дизель,1,1195,Дизель,D-128419,Хабаровск
2025-08-26 14:13:02,Брызговик правый в сборе D-125779 / 8403210LE094 LE094 JAC Дизель,2,6246,Дизель,D-125779,Хабаровск
2025-08-26 14:13:02,"Брызговики ""2008"" XB-238 малые цвет-ЖЕЛТЫЕ (к-т 2шт)",2,283,JMC,XB-238,Хабаровск
2025-08-26 14:13:02,Вакуумный насос 8-98251-764-0/8-98162-748-0/8-98005-250-0/8-98241-234-0 N-series 4JJ1 ORIG,1,28599,Isuzu,8-98251-764-0,Хабаровск
2025-08-26 14:13:02,Вакуумный насос D-125619 / 8-97351-707-0 N-series 4HV1 (CNG) ГАЗ Дизель,1,3560,Дизель,D-125619,Хабаровск
2025-08-26 14:13:02,Вакуумный усилитель сцепления MC113122 810-03101 Y,11,10607,Yamasida,MC113122,Хабаровск
2025-08-26 14:13:02,Вакуумный усилитель тормоза D-128026 / MK585075 Дизель,30,6832,Дизель,D-128026,Хабаровск
2025-08-26 14:13:02,Вакуумный усилитель тормоза D-128223 / HDA-026 / 203-07150/07040 Дизель,4,12899,Дизель,D-128223,Хабаровск
2025-08-26 14:13:02,Вал балансира D-126992/MC010800/MC054800/11-206 (ф125) Дизель,6,12264,Дизель,D-126992,Хабаровск
2025-08-26 14:13:02,"Вал балансира D-127085 / 1-51381-010-0 115*105*346mm, ремонтный Дизель",46,9741,Дизель,D-127085,Хабаровск
2025-08-26 14:13:02,"Вал балансира D-127086 / 1-51381-010-0 115*100*346 mm, ремонтный Дизель",42,9741,Дизель,D-127086,Хабаровск
2025-08-26 14:13:02,Вал балансира D-127088 / 1-51381-010-0 / 20-416 115*95*346mm Дизель,11,8953,Дизель,D-127088,Хабаровск
2025-08-26 14:13:02,Вал вилки диференциала A9483530035 Mercedes ориг !,1,3949,Mercedes,A 948 353 00 35,Хабаровск
2025-08-26 14:13:02,Вал вилки синхронизатора КПП WG2214100054 HOWO T5G,5,1115,Дизель,WG2214100054,Хабаровск
2025-08-26 14:13:02,"Вал карданный (L=380 D=30,d=27) 99114300065 How",1,4502,Дизель,99114300065,Хабаровск
2025-08-26 14:13:02,Вал карданный (раздатка-средний мост) 41218075/41218072/120014411 Wichmann,1,75110,Wichmann,120014411,Хабаровск
2025-08-26 14:13:02,Вал карданный межосевой D-128073/1-37171-127-1/1-37171-058-0 L=348 ISUZU CX#/CY#/EX# 87~ Дизель,22,21305,Дизель,D-128073,Хабаровск
2025-08-26 14:13:02,Вал карданный межосевой без фланца 37041-90062 NIS UD 485 mm x 600 mm / XLD-C201-5 / GUN41 XLD,7,25693,Дизель,37041-90062,Хабаровск
2025-08-26 14:13:02,"Вал карданный привода НШ(L=540 шлицевая D=30,d=27) Howo",2,1954,Howo,"D=30,d=27",Хабаровск
2025-08-26 14:13:02,Вал КПП D-125132 / 8-97326-590-1 Z=45-49-33-20 N-series Дизель,1,15678,Дизель,D-125132,Хабаровск
2025-08-26 14:13:02,Вал КПП первичный D-125008 / 8-97350-006-0 MYY6S Z=26 N-series Дизель,1,4403,Дизель,D-125008,Хабаровск
2025-08-26 14:13:02,Вал КПП первичный D-125087 / 8-97350-006-0 MYY6S Z=26 N-series Дизель,26,5576,Дизель,D-125087,Хабаровск
2025-08-26 14:13:02,Вал КПП первичный D-125566 / 8-98021-266-0 MYY6S Z=26 N-series Дизель,1,6857,Дизель,D-125566,Хабаровск
2025-08-26 14:13:02,Вал КПП первичный D-127064 / 8-97252-924-1 MYY5T Z=28 N-series Дизель,9,5675,Дизель,D-127064,Хабаровск
2025-08-26 14:13:02,Вал КПП первичный D-127065 / 8-98021-266-0 MYY6S Z=26 N-series Дизель,10,6710,Дизель,D-127065,Хабаровск
2025-08-26 14:13:02,Вал КПП промежуточный D-128092 / 8-97380-627-0/1 NPR75/NQR90 Дизель,8,22873,Дизель,D-128092,Хабаровск
2025-08-26 14:13:02,Вал планетарной шестерни 3200190010 JAC N35 ORIG,6,657,JAC,3200190010-B,Хабаровск
2025-08-26 14:13:02,Вал редуктора сред моста D-127879 / 2502161-A0E FAW J6 Дизель,9,3978,Дизель,D-127879,Хабаровск
2025-08-26 14:13:02,Вал тормозной B-006-2 47881-2100 FU3/4F# FZ1F# 93~ SS# 83-99` RH PM !,2,5780,Paul Master,HBD-006,Хабаровск
2025-08-26 14:13:02,Вал тормозной B-006-2 47882-2100 FU3/4F# FZ1F# 93~ SS# 83-99` LH PM !,2,6422,Paul Master,HBD-006,Хабаровск
2025-08-26 14:13:02,Вал тормозной B-020-1 MC811314 FW42# FW52# FW41# 84-06` LH PM !,2,5780,Paul Master,FBD-020,Хабаровск
2025-08-26 14:13:02,Вал тормозной B-020-1 MC811315 FW4# FV4# 84-95` RH PM !,2,5780,Paul Master,FBD-020,Хабаровск
2025-08-26 14:13:02,Вал тормозной B-021-1 MC811310 FP41# 44# FV41# 83-96` LH PM !,2,5780,Paul Master,MC811310,Хабаровск
2025-08-26 14:13:02,Вал тормозной B-021-1 MC811311 FP41# 44# FV41# 83-96` RH PM !,2,5780,Paul Master,MC811311,Хабаровск
2025-08-26 14:13:02,Вал тормозной D-125784 / HFF3501013CK5G1 JAC N350 Дизель,1,2831,Дизель,D-125784,Хабаровск
2025-08-26 14:13:02,Вал тормозной D-125785 / HFF3502053CK2BZFT-1 JAC N350 Дизель,2,3963,Дизель,D-125785,Хабаровск
2025-08-26 14:13:02,Вал тормозной D-125786 / HFF3502054CK2BZFT-1 JAC N350 Дизель,2,3963,Дизель,D-125786,Хабаровск
2025-08-26 14:13:02,Вал тормозной EXR-001-1 1-47141-053-0 L=356 PM,1,6719,Paul Master,1-47141-053-0,Хабаровск
2025-08-26 14:13:02,Вал тормозной EXR-001-1 1-47141-054-0 L=356 PM,1,6246,Paul Master,1-47141-054-0,Хабаровск
2025-08-26 14:13:02,Вал тормозной задний 2-й мост левый 362501/A6234230136/01350280/1593102100/460405 Mercedes/DieselTechnic,3,3851,Diesel Technic,4.60405,Хабаровск
2025-08-26 14:13:02,Вал тормозной левый 531мм 464844/A9424230136/1591618600/WS7567 L Mercedes /DieselTechnic !,6,4266,Diesel Technic,4.64844,Хабаровск
2025-08-26 14:13:02,Вал тормозной правый 531мм 464845 / A9424230036 / 1591618500 Mercedes /DieselTechnic !,1,4236,Diesel Technic,4.64845,Хабаровск
2025-08-26 14:13:02,Вал шестерни ГРМ 8-97312-315-2 N-series 4JJ1 ORIG,2,3886,Isuzu,8-97312-315-2,Хабаровск
2025-08-26 14:13:02,Вал шестерни ГРМ 8-97312-319-1 N-series 4JJ1 ORIG,3,2489,Isuzu,8-97312-319-1,Хабаровск
2025-08-26 14:13:02,Венец маховика 1-12333-013-0/1 CYZ51K EURO3 6WF1 Z=139 Diesel,1,3351,Дизель,1-12333-013-0,Хабаровск
2025-08-26 14:13:02,Венец маховика D-127032 / 8-94419-602-0 108t 4JA1/4JG2 Дизель,2,989,Дизель,D-127032,Хабаровск
2025-08-26 14:13:02,"Венец шестерни КПП пониженного диапазона 8-98060-771-1/8-98364-259-1/8-97825-908-0 C,E-series ORIG",1,70853,Isuzu,8-98060-771-1,Хабаровск
2025-08-26 14:13:02,"Вентилятор AD-F002 Внешний - 52 см, внутренний - 6 см",1,4003,JMC,AD-F002,Хабаровск
2025-08-26 14:13:02,Вентилятор охлаждения 1109400W5030 JAC N35 ORIG,2,4101,JAC,1109400W5030,Хабаровск
2025-08-26 14:13:02,Вентилятор охлаждения двигателя 8-97366-958-1 N-series 4HV1 (CNG) ГАЗ ORIG,3,10661,Isuzu,8-97366-958-1,Хабаровск
2025-08-26 14:13:02,Вентилятор охлаждения двигателя MT-011/MB27/MB-5181/ME013493 MITSUBISHI 4M40/4D33,14,1320,Дизель,ME013493,Хабаровск
2025-08-26 14:13:02,Вентилятор охлаждения двигателя MT-011/MB27/MB-5181/ME013493 MITSUBISHI 4M40/4D33 дефект,1,603,Дизель,ME013493,Хабаровск
2025-08-26 14:13:02,Вентилятор охлаждения двигателя MZ-005/MZ-14/MZ2781 MAZDA SL,24,1286,Дизель,MZ-005,Хабаровск
2025-08-26 14:13:02,Вентилятор охлаждения двигателя NI-007 NISSAN TD27/4M40,12,1286,Дизель,NI-007,Хабаровск
2025-08-26 14:13:02,Вентилятор охлаждения радиатора D-125023/5-13662-012-1/0 N-series 2004-/NPR71 4HF1/6BG1/6BF1 Дизель,5,1562,Дизель,D-125023,Хабаровск
2025-08-26 14:13:02,Вентилятор охлаждения радиатора YL-FB-HI-007 K13C 16306-1933 (620/8),1,4929,JMC,16306-1933,Хабаровск
2025-08-26 14:13:02,Вентилятор охлаждения радиатора YL-FB-NI-013 GE13TB/GE13TC/RH10F (730/10),1,5497,JMC,GE13TB,Хабаровск
2025-08-26 14:13:02,Вилка выжимного подшипника C-005-2 / FCF-005 ME661678 PM,2,5060,Paul Master,FCF-005,Хабаровск
2025-08-26 14:13:02,Вилка выжимного подшипника C-006-2 / FCF-006 ME663744 PM,2,3791,Paul Master,FCF-006,Хабаровск
2025-08-26 14:13:02,Вилка выжимного подшипника сцепления 55512 / A6552501513 / 9448/22752 Mercedes / Auger !,5,2965,Auger,55512,Хабаровск
2025-08-26 14:13:02,Вилка демультипликатора WG2214100001 HOWO T5G,3,2261,Дизель,WG2214100001,Хабаровск
2025-08-26 14:13:02,"Вилка сцепления D-128093/8-97255-303-0 4HG1/4HK1/4JJ1 NQR-71/75, NLR/NMR85 Дизель",15,1346,Дизель,D-128093,Хабаровск
2025-08-26 14:13:02,Винт регулировочный рокеров D-126457 / 200V04205-5009 Sitrak C7H Дизель,8,309,Дизель,D-126457,Хабаровск
2025-08-26 14:13:02,Вкладыш к/в верхний 1002015FB/1002015FB040 JAC N35 ORIG,6,126,JAC,1002015FB,Хабаровск
2025-08-26 14:13:02,Вкладыш к/в нижний 1002016FB/1002016FB040 JAC N35 ORIG,6,126,JAC,1002016FB,Хабаровск
2025-08-26 14:13:02,Вкладыш упорный D-128094/8-97386-549-0/8-97386-548-0 STD (к-т) 4HF1/4HG1/6HE1/6HH1/6HK1 Дизель,7,448,Дизель,D-128094,Хабаровск
2025-08-26 14:13:02,Вкладыш упорный T0402A 0125,1,662,JMC,T0402A,Хабаровск
2025-08-26 14:13:02,Вкладыш упорный T0402A std,1,497,JMC,T0402A,Хабаровск
2025-08-26 14:13:02,Вкладыш упорный T1030K std,1,1424,JMC,T1030K,Хабаровск
2025-08-26 14:13:02,Вкладыш упорный T1033K 025,1,464,JMC,T1033K,Хабаровск
2025-08-26 14:13:02,Вкладыш упорный T1104K std,1,2417,JMC,T1104K,Хабаровск
2025-08-26 14:13:02,Вкладыш упорный T1107K std,1,1755,JMC,T1107K,Хабаровск
2025-08-26 14:13:02,Вкладыш упорный T1108K 025,1,1176,JMC,T1108K,Хабаровск
2025-08-26 14:13:02,Вкладыш упорный T1117K 025,1,1755,JMC,T1117K,Хабаровск
2025-08-26 14:13:02,Вкладыш упорный T1138K 025,1,1821,JMC,T1138K,Хабаровск
2025-08-26 14:13:02,Вкладыш упорный T1138K std,1,1723,JMC,T1138K,Хабаровск
2025-08-26 14:13:02,Вкладыш упорный T1145K 025,1,696,JMC,T1145K,Хабаровск
2025-08-26 14:13:02,Вкладыш упорный T1145K std,1,662,JMC,T1145K,Хабаровск
2025-08-26 14:13:02,Вкладыш упорный T1150K 025,1,1739,JMC,T1150K,Хабаровск
2025-08-26 14:13:02,Вкладыш упорный T1158K 025,1,1986,JMC,T1158K,Хабаровск
2025-08-26 14:13:02,Вкладыш упорный T1160K 025,1,1986,JMC,T1160K,Хабаровск
2025-08-26 14:13:02,Вкладыш упорный T1160K std,1,1788,JMC,T1160K,Хабаровск
2025-08-26 14:13:02,Вкладыш упорный T3300L std,1,1193,JMC,T3300L,Хабаровск
2025-08-26 14:13:02,Вкладыш упорный T3307K1 std,1,761,JMC,T3307K1,Хабаровск
2025-08-26 14:13:02,Вкладыш упорный T3308K1 std,1,895,JMC,T3308K1,Хабаровск
2025-08-26 14:13:02,Вкладыш упорный T3326L std,1,827,JMC,T3326L,Хабаровск
2025-08-26 14:13:02,Вкладыш упорный T3329L std,1,712,JMC,T3329L,Хабаровск
2025-08-26 14:13:02,Вкладыш упорный T4043K std,1,994,JMC,T4043K,Хабаровск
2025-08-26 14:13:02,Вкладыш упорный T4050K 025,1,2351,JMC,T4050K,Хабаровск
2025-08-26 14:13:02,Вкладыш упорный T428K std,1,745,JMC,T428K,Хабаровск
2025-08-26 14:13:02,Вкладыш упорный T438A std,1,1539,JMC,T438A,Хабаровск
2025-08-26 14:13:02,Вкладыш упорный T444K std,1,895,JMC,T444K,Хабаровск
2025-08-26 14:13:02,Вкладыш упорный T4650A 025,1,215,JMC,T4650A,Хабаровск
2025-08-26 14:13:02,Вкладыш упорный T4650A std,1,166,JMC,T4650A,Хабаровск
2025-08-26 14:13:02,Вкладыш упорный T626L std,1,399,JMC,T626L,Хабаровск
2025-08-26 14:13:02,Вкладыш упорный T7278A std,1,233,JMC,T7278A,Хабаровск
2025-08-26 14:13:02,Вкладыш упорный T8450A std,1,597,JMC,T8450A,Хабаровск
2025-08-26 14:13:02,Вкладыш упорный T9383A std,1,283,JMC,T9383A,Хабаровск
2025-08-26 14:13:02,Вкладыш упорный T9500A1 std,1,249,JMC,T9500A1,Хабаровск
2025-08-26 14:13:02,Вкладыш шатунный верх 1004027FB040 JAC N35 ORIG,2,1298,JAC,1004027FB040,Хабаровск
2025-08-26 14:13:02,Вкладыш шатунный ниж 1004021FB040 JAC N35 ORIG,7,125,JAC,1004021FB040,Хабаровск
2025-08-26 14:13:02,Вкладыши корен 8PD1/10PD1/12PD1 MP4040K-0.25/MP198H-025/1-11510-077-0/068-0/078-0/098-1 ПАРА DAIDO METAL,2,1206,Daido Metal,MP4040K-0.25,Хабаровск
2025-08-26 14:13:02,Вкладыши корен 8PD1/10PD1/12PD1 MP4040K-0.25/MP198H-025/1-11510-077-0/068-0/078-0/098-1 ПАРА L.L.E,1,739,Дизель,MP4040K-0.25,Хабаровск
2025-08-26 14:13:02,Вкладыши коренные 3B/11B/ 13B/ 13B-T/ 14B / M9490A-0.25/ M040A-025/ 11701-56010-010~20 DAIDO,1,2609,Daido Metal,M9490A-0.25,Хабаровск
2025-08-26 14:13:02,Вкладыши коренные 3B/11B/ 13B/ 13B-T/ 14B / M9490A-STD / M040A-STD / 11701-56010-010~20 DAIDO,1,3192,Daido Metal,M9490A-STD,Хабаровск
2025-08-26 14:13:02,Вкладыши коренные 4HG1/4HF/4HK M4547K 0.25 DAIDO,2,4728,Daido Metal,M4547K-0.25,Хабаровск
2025-08-26 14:13:02,Вкладыши коренные 4HG1/4HF/4HK M4547K-0.25 / 8-97372-078-0 FUSA MAGURO,1,2850,MAGURO,M4547K-0.25,Хабаровск
2025-08-26 14:13:02,Вкладыши коренные 4JB1/ 4JG1/4JG2-T/ 4JH1-T M4651A-STD/M185A-STD/8-94168-552-0/8-97063-258-0 Daido,2,2294,Daido Metal,M4651A-STD,Хабаровск
2025-08-26 14:13:02,"Вкладыши коренные 4JJ1/4JG1 D-125022 / 8-97387-965-0 GRADE=2 (10шт/кт) N,Q-series Дизель",9,1486,Дизель,D-125022,Хабаровск
2025-08-26 14:13:02,"Вкладыши коренные 4JJ1/4JG1 D-127068 / 8-97387-966-0 GRADE=3 (10шт/кт) N,Q-series Дизель",5,963,Дизель,D-127068,Хабаровск
2025-08-26 14:13:02,Вкладыши коренные 6HE1/6HH1/6HK1-T M4000K-STD/M802H-STD/8-97372-076-0/77-0/78-0/8-94391-514-0 DAIDO,2,5087,Daido Metal,M4000K-STD,Хабаровск
2025-08-26 14:13:02,Вкладыши коренные 6WA1/6WG1 M4050K-0.25/M811H-025/1-11510-093-0/2 L.L.E,1,8208,L.L.E.,M4050K-0.25,Хабаровск
2025-08-26 14:13:02,Вкладыши коренные 8-97372-077-1 STD BLACK (ком-т на шейку=2шт) 4HK1/6HK1/4HG1/4HЕ1 ORIG,4,2719,Isuzu,8-97372-077-1,Хабаровск
2025-08-26 14:13:02,Вкладыши коренные 8-97387-967-0 4JJ1-TC (комплект на шейку к/вала) STD grade=4 ORIG,3,3639,Isuzu,8973879670,Хабаровск
2025-08-26 14:13:02,Вкладыши коренные 8PD1/10PD1/12PD1 MP4040K-STD/MP198H-STD/1-11510-077-0/068-0/078-0/098-1 ПАРА Daido Metal,1,1197,Daido Metal,MP4040K-STD,Хабаровск
2025-08-26 14:13:02,"Вкладыши коренные D-125105 / 8-97387-965-0, grade=2, 10шт/кт, N,Q-series 4JJ1/4JG1 Дизель",1,1030,Дизель,D-125105,Хабаровск
2025-08-26 14:13:02,Вкладыши коренные D-125322 / 8-97387-964-0 (комплект на шейку из 2 шт) 4JJ1 Дизель,93,794,Дизель,D-125322,Хабаровск
2025-08-26 14:13:02,"Вкладыши коренные D-125377 / 8-97387-966-0, grade=3, 10шт/кт, N/Q-series 4JJ1/4JG1 Дизель",29,1625,Дизель,D-125377,Хабаровск
2025-08-26 14:13:02,Вкладыши коренные D-125624 / 8-98151-849-1 / 8-97606-709-0 C-series 6WG1 Дизель,5,11592,Дизель,D-125624,Хабаровск
2025-08-26 14:13:02,"Вкладыши коренные D-126387 / 8-98053-578-0, grade=0, N-series 4JJ1 Дизель",3,1187,Дизель,D-126387,Хабаровск
2025-08-26 14:13:02,"Вкладыши коренные D-126388 / 8-98053-576-0, grade=0, crank 3, N-series 4JJ1 Дизель",3,961,Дизель,D-126388,Хабаровск
2025-08-26 14:13:02,"Вкладыши коренные D-126389 / 8-97387-968-0 / 8-97288-121-0, grade=5, N-series 4JJ1 Дизель",3,961,Дизель,D-126389,Хабаровск
2025-08-26 14:13:02,Вкладыши коренные EL100/100-T/EM100/EP100/100-T/P09B-T M1143K-0.25/M215H-025/11701-1460/1470 DAIDO,2,7329,Daido Metal,M1143K-0.25,Хабаровск
2025-08-26 14:13:02,Вкладыши коренные J05C/J05C-TI / J07C /J08C MP1104K-0.25/11701-2160A/2170A/2180A ПАРА L.L.E!,9,663,Дизель,MP1104K-0.25,Хабаровск
2025-08-26 14:13:02,Вкладыши коренные J08C-TI/J08ETM M1106K-STD/M224H-STD/11701-2110A/2140 DAIDO,5,5825,Daido Metal,M1106K-STD,Хабаровск
2025-08-26 14:13:02,Вкладыши коренные J08C/J08E MP1107K-0.25 на шейку к/вала DAIDO METAL,2,581,Daido Metal,MP1107K-0.25,Хабаровск
2025-08-26 14:13:02,Вкладыши коренные J08C/J08E MP1107K-STD / 11701-2110A на шейку к/вала DAIDO METAL,24,1201,Daido Metal,MP1107K-STD,Хабаровск
2025-08-26 14:13:02,Вкладыши коренные MS-1119GP 12212-97286/97029/97025,1,2417,JMC,12212-97286,Хабаровск
2025-08-26 14:13:02,"Вкладыши коренные STD 8DC8,9,10,11 (MP107/11-1147)",3,188,JMC,MP107,Хабаровск
2025-08-26 14:13:02,Вкладыши коренные TF/TM M8350A-0.25/M326A-025/TF01-11-SH0 DAIDO,2,3433,Daido Metal,M8350A-0.25,Хабаровск
2025-08-26 14:13:02,Вкладыши распредвала C176L-STD 4FB1,2,738,JMC,C176L-STD,Хабаровск
2025-08-26 14:13:02,Вкладыши распредвала ISUZU 4HG1/4HK1/4HF1/Bogdan D-128095/8-97386-189-0 Дизель,23,2600,Дизель,D-128095,Хабаровск
2025-08-26 14:13:02,Вкладыши упорные 4BE1/4BE2/4BG1 T427A-STD/T173H-STD/5-11685-001-0/8-94114-565-1/565-2 DAIDO,1,598,Daido Metal,T427A-STD,Хабаровск
2025-08-26 14:13:02,Вкладыши упорные D-125129 / 8-98151-850-0 CYZ LHD 6WG1 (1к-т 4 шт) Дизель,5,2081,Дизель,D-125129,Хабаровск
2025-08-26 14:13:02,Вкладыши упорные D-125514 / 11011-1380/S1101-11380 HINO 500 J08E Дизель,1,789,Дизель,D-125514,Хабаровск
2025-08-26 14:13:02,Вкладыши упорные F17C/F17C-T/F17D/F17D-T/F17E/F20C/EF550/EF750 T1123K-STD/11011-1210 DAIDO,5,2375,Daido Metal,T1123K-STD,Хабаровск
2025-08-26 14:13:02,Вкладыши упорные P09C-T / P11C / T1150K-STD / 11011-1330A DAIDO,3,2294,Daido Metal,T1150K-STD,Хабаровск
2025-08-26 14:13:02,Вкладыши упорные к/вала D-125609 / 8-94399-277-0/8-97386-549-0 (к-т на ДВС) STD 6HE Дизель,3,766,Дизель,D-125609,Хабаровск
2025-08-26 14:13:02,Вкладыши шатунные 3B/11B/13B/14B R9492A-025/13041-56040-010/20 DAIDO,1,1487,Daido Metal,R9492A-025,Хабаровск
2025-08-26 14:13:02,Вкладыши шатунные 4JA1/4JG1-T/4JG2-T/4JJ1 R4650A-STD/R184A1-STD/8-94324-159-0/ 8-97358-234-0 DAIDO,3,2095,Daido Metal,R4650A-STD,Хабаровск
2025-08-26 14:13:02,Вкладыши шатунные 6HE1/6HH1 R4000K-STD/R802H-STD/8-97045-800-0/801-0 DAIDO,2,4228,Daido Metal,R4000K-STD,Хабаровск
2025-08-26 14:13:02,Вкладыши шатунные 8-97616-359-0/8-98055-479-0 STD YELLOW 4HK1/6HK1 (на шейку) ORIG,20,2034,Isuzu,8-97616-359-0,Хабаровск
2025-08-26 14:13:02,"Вкладыши шатунные 8-98064-282-0 STD GREEN 4HE1-T N,F series (пара) ORIG",7,2916,Isuzu,8-98064-282-0,Хабаровск
2025-08-26 14:13:02,Вкладыши шатунные 8PD1/10PD1/12PD1 RP4040K-STD/RP198H-STD/1-12271-076-0/ 1-12271-043-0 ПАРА DAIDO,16,998,Daido Metal,RP4040K-STD,Хабаровск
2025-08-26 14:13:02,Вкладыши шатунные D-125585 / 8-97616-359-0 / 8-98055-479-0 STD yellow 4HK1/6HK1 на шейку Дизель,8,706,Дизель,D-125585,Хабаровск
2025-08-26 14:13:02,"Вкладыши шатунные D-128196 / 8-97175-127-0 0,25 пара N-series 4HV1 (CNG) ГАЗ Дизель",4,535,Дизель,D-128196,Хабаровск
2025-08-26 14:13:02,Вкладыши шатунные EK100/EK100-T/EK200/K13D R1106K-0.25/R214H1-025/13201-1010/1011/1012 DAIDO,2,5386,Daido Metal,R1106K-025,Хабаровск
2025-08-26 14:13:02,Вкладыши шатунные FE6 / 12117-Z5605 / R3328K-025 DAIDO,2,4787,Daido Metal,R3328K-025,Хабаровск
2025-08-26 14:13:02,Вкладыши шатунные FE6 / 12117-Z5605 / R3328K-STD DAIDO,1,4289,Daido Metal,R3328K-STD,Хабаровск
2025-08-26 14:13:02,Вкладыши шатунные FE6 R3329K-0.25/R092H-STD/12117-Z5561 DAIDO,7,5022,Daido Metal,R3329K-025,Хабаровск
2025-08-26 14:13:02,Вкладыши шатунные H06C/C-T/H07C/C-T/07D/H06C-TI R109K-0.25/R218H1-025/13201-1580/1590/1600 (к-т на двс) DAIDO,2,3497,Daido Metal,R109K-025,Хабаровск
2025-08-26 14:13:02,Вкладыши шатунные HA R8360K-0.25/R312A-0.25/SL01-23-106A DAIDO METAL,2,1465,Daido Metal,R8360K-0.25,Хабаровск
2025-08-26 14:13:02,Вкладыши шатунные HE1-T/6HK1-T 8-98064-281-0 STD YELLOW (на 1 шатун) ORIG,6,1257,Isuzu,8-98064-281-0,Хабаровск
2025-08-26 14:13:02,Вкладыши шатунные J08C/H07D R1113K-0.25/R224H1-025/13201-1631 / 1640 DAIDO,1,4339,Daido Metal,R1113K-025,Хабаровск
2025-08-26 14:13:02,Вкладыши шатунные J08C/H07D R1113K-STD/R224H1-STD/13201-1631 / 1640 DAIDO,3,3590,Daido Metal,R1113K-STD,Хабаровск
2025-08-26 14:13:02,Вкладыши шатунные K13C/K13C-T R107K-STD/R225H-STD/13201-1610 DAIDO,2,7680,Daido Metal,R107K-STD,Хабаровск
2025-08-26 14:13:02,Вкладыши шатунные ME995171,1,4275,JMC,ME995171,Хабаровск
2025-08-26 14:13:02,"Вкладыши шатунные NISSAN DIESEL R3321K RD8/RE8/RF8/RD10 STD (пара, к-т на шатун) DAIDO",4,875,Daido Metal,R3321K-STD,Хабаровск
2025-08-26 14:13:02,Вкладыши шатунные R184A1 STD 4JG2 TAIHO,1,1765,JMC,R184A1,Хабаровск
2025-08-26 14:13:02,Вкладыши шатунные R222H-STD EP100 TAIHO,1,3145,JMC,R222H-STD,Хабаровск
2025-08-26 14:13:02,Вкладыши шатунные RD10 / RE10 / RF10 / 12117-97069 / RP3322K-025 (пара) DAIDO,16,623,Daido Metal,RP3322K-0.25,Хабаровск
2025-08-26 14:13:02,Вкладыши шатунные RD8 / RE8 / RF8 / RD10 / RE10 / RF10 / RP3320K-0.25 (пара) L.L.E,34,460,Дизель,RP3320K-0.25,Хабаровск
2025-08-26 14:13:02,"Вкладыши шатунные STD 6BG1, 6BF1, 6BD1 (RP168)",1,252,JMC,RP168,Хабаровск
2025-08-26 14:13:02,Вкладыши шатунные STD P11C R1150K,1,6263,JMC,R1150K,Хабаровск
2025-08-26 14:13:02,Вкладыши шатунные TF/TM R8350A-STD/R326A-STD/TF01-11-SE0A DAIDO,4,2194,Daido Metal,R8350A-STD,Хабаровск
2025-08-26 14:13:02,Включатель стоп-сигнала WG9100710006 Howo,7,242,Howo,WG9100710006,Хабаровск
2025-08-26 14:13:02,Впускной коллектор 7-55190-763-0/8-98484-952-0/8-98119-442-3/8-97608-509-6 C-series 6WG1 ORIG,2,58991,Isuzu,7-55190-763-0,Хабаровск
2025-08-26 14:13:02,Вставка масляная O-7330/MPR7330 250*123*54*15,1,1848,JMC,O-7330,Хабаровск
2025-08-26 14:13:02,Вставка масляная OX380D KNECHT,1,1217,JMC,OX380D,Хабаровск
2025-08-26 14:13:02,Вставка маслянная OE23010 JS,1,923,JMC,OE23010,Хабаровск
2025-08-26 14:13:02,Вставка салонный VIC AC111E,1,1116,JMC,AC-111E,Хабаровск
2025-08-26 14:13:02,Втулка (115-125-78) D-127071 / 1-51386-004-0 ISUZU 10t CXZ 10PC1 20070111A (K) Дизель,103,876,Дизель,D-127071,Хабаровск
2025-08-26 14:13:02,Втулка (125-135-83) D-126995 / MC013906 FUSO 10t XLD 125*135*83 Дизель,19,958,Дизель,D-126995,Хабаровск
2025-08-26 14:13:02,Втулка (25-35-78) 9867-25138/986725138/9867-25137 HINO,77,273,Дизель,98672-5138,Хабаровск
2025-08-26 14:13:02,Втулка (32-38-98) D-127081 / 9-51351-028-0/1-51351-010-0 ISUZU FTR/FVR/GVR/FVR34 задней рессоры Дизель,951,280,Дизель,D-127081,Хабаровск
2025-08-26 14:13:02,Втулка (32-42-88) HINO 10t FN# передней рессоры Дизель,115,319,Дизель,32-42-88,Хабаровск
2025-08-26 14:13:02,Втулка (35-42-88) 55045-90001 N-DIESEL 10t задней рессоры,131,181,Дизель,55045-90001,Хабаровск
2025-08-26 14:13:02,Втулка (38-46-88) D-127083 / 9993-12105 HINO 10t задней рессоры Дизель,331,282,Дизель,D-127083,Хабаровск
2025-08-26 14:13:02,Втулка (38-50-88) 9867-38117 HINO 10t FN# задней рессоры !,238,293,Дизель,9867-38117,Хабаровск
2025-08-26 14:13:02,Втулка / 071-02-0008 / ?26.4mm x ?37.6mm x 27mm / / BCP0Z00 / 5326400Z00; 53264-00Z00 / ZEVS,4,391,JMC,53264-00Z00,Хабаровск
2025-08-26 14:13:02,Втулка 1-01-064 Точка Опоры,1,354,JMC,1-01-064,Хабаровск
2025-08-26 14:13:02,Втулка 115-125-86,64,1338,Дизель,115-125-86,Хабаровск
2025-08-26 14:13:02,Втулка 25-35-78,5,278,JMC,98672-5138,Хабаровск
2025-08-26 14:13:02,Втулка 54449-43000 /43001 Grace !,2,72,Дизель,54449-43000,Хабаровск
2025-08-26 14:13:02,Втулка County/HD72/78 D-127084 / 54149-5A100 XLD Дизель,84,87,Дизель,D-127084,Хабаровск
2025-08-26 14:13:02,Втулка D-125492 / 1-51386-004-0 / 8-98081-832-0 115-125-78 ISUZU 10t CXZ 10PC1 20070111A Дизель,57,840,Дизель,D-125492,Хабаровск
2025-08-26 14:13:02,Втулка D-126994 / 9867-00108/5 / 55523-Z2001 HINO/UD 10t 100х110х90 Дизель,52,878,Дизель,D-126994,Хабаровск
2025-08-26 14:13:02,Втулка D-126996 / 9-51351-019-0 FSR/FUSO 8t зад рессоры 28x34x78 Дизель,1162,174,Дизель,D-126996,Хабаровск
2025-08-26 14:13:02,Втулка D-127037 / 54147-45000 County/HD72/78 Дизель,549,103,Дизель,D-127037,Хабаровск
2025-08-26 14:13:02,Втулка D-127073 / 9867-25121 HINO 5t FD1#FD2#FD3/HINO 300/500 передней рессоры 25х31х68 Дизель,1229,165,Дизель,D-127073,Хабаровск
2025-08-26 14:13:02,Втулка D-127078 / 9993-12102 / 1-43542-080-0 HINO FR FUSO 10t перед рессоры 30х38х88 Дизель,209,245,Дизель,D-127078,Хабаровск
2025-08-26 14:13:02,Втулка D-127079 / 9867-30124 / 9867-30119 HINO 10t FN# перед рессоры 30х42х88 Дизель,195,292,Дизель,D-127079,Хабаровск
2025-08-26 14:13:02,Втулка D-127080 / 1-51351-009-0 ISUZU FORWARD 10t передней рессоры 32х38х78 Дизель,609,238,Дизель,D-127080,Хабаровск
2025-08-26 14:13:02,Втулка FE-015A / FSR-015A MB025153 (полиуретан) PM,5,363,Paul Master,FSR-015A,Хабаровск
2025-08-26 14:13:02,"Втулка амортизатора 8-94224-694-0 N,Q-series (K)",12,60,Дизель,8-94224-694-0,Хабаровск
2025-08-26 14:13:02,Втулка амортизатора SAB9400 / 56112-09400 / 10x25x16,1,22,Zevs,SAB9400,Хабаровск
2025-08-26 14:13:02,"Втулка амортизатора зад верхняя D-125336 / 8-94132-727-1 N,Q-series Дизель",20,55,Дизель,D-125336,Хабаровск
2025-08-26 14:13:02,Втулка болта крепления V-обр. тяги WG9725520367 HOWO,12,194,Дизель,WG9725520367,Хабаровск
2025-08-26 14:13:02,Втулка болта крепления клапанной крышки D-128520 / 8-94395-684-0 4HK1-T Дизель,31,239,Дизель,D-128520,Хабаровск
2025-08-26 14:13:02,"Втулка вала КПП 8-98290-320-0 C,E series ORIG",2,3191,Isuzu,8982903200,Хабаровск
2025-08-26 14:13:02,Втулка верх амортизатора перед. 55433-81000 HYUNDAI HD270 D6CA,2,93,Hyundai-Kia,5543381000,Хабаровск
2025-08-26 14:13:02,Втулка верхнего рычага 54453-4E000 BONGO III 2.9 !,16,209,Дизель,54453-4E000,Хабаровск
2025-08-26 14:13:02,Втулка верхняя крепления переднего стабилизатора 16*34*45 SHACMA,2,256,JMC,16*34*45,Хабаровск
2025-08-26 14:13:02,Втулка вилки сцепления 450307 /A0029921501 Mercedes /DieselTechnic !,5,280,Diesel Technic,4.50307,Хабаровск
2025-08-26 14:13:02,Втулка вилки сцепления 461009 / A0002540335 Mercedes /DieselTechnic !,5,242,Diesel Technic,4.61009,Хабаровск
2025-08-26 14:13:02,Втулка заднего амортизатора нижняя 04025ВToyota,2,140,JMC,04025В,Хабаровск
2025-08-26 14:13:02,Втулка заднего стабилизатора MZSB-TIT,2,208,JMC,MZSB-TIT,Хабаровск
2025-08-26 14:13:02,Втулка задней рессоры биметаллическая 2911232G5QZ N120 JAC ORIG,1,316,JAC,2911232G5QZ,Хабаровск
2025-08-26 14:13:02,Втулка замка кабины 81962100462/51503/1503 AUGER !,4,209,Auger,1503,Хабаровск
2025-08-26 14:13:02,Втулка крепления фары D-128521 / 1-82117-086-0 FVR34/CYZ52/CYZ51 Дизель,17,491,Дизель,D-128521,Хабаровск
2025-08-26 14:13:02,Втулка масляного насоса D-126458 / 201V93020-0405 Sitrak C7H Дизель,3,577,Дизель,D-126458,Хабаровск
2025-08-26 14:13:02,Втулка направляющая клапана D-128549 / 8-94239-423-0 L=42 4JJ1 N-series Дизель,17,315,Дизель,D-128549,Хабаровск
2025-08-26 14:13:02,"Втулка направляющая рессоры 0311323010 / 03.113.23.01.0 42,5х30,5/73,5/16,5х24 мм BPW SKV",2,261,SKV,0311323010SKV,Хабаровск
2025-08-26 14:13:02,Втулка направляющей суппорта D-126459 / WG4007443012 Sitrak C7H Дизель,1,110,Дизель,D-126459,Хабаровск
2025-08-26 14:13:02,Втулка пальца тормозной колодки WG880440006 HOWO T5G,12,99,Дизель,WG880440006,Хабаровск
2025-08-26 14:13:02,"Втулка переднего стабилизатора / MITSUBISHI / SMS-01543 / MC450834 , BCP0834 , B-06-CP0834 / SCHMA",1,229,Schmaco,MC450834,Хабаровск
2025-08-26 14:13:02,"Втулка переднего стабилизатора / TOYOTA / STY-0463 / 90948-01003 , 9-51631-603-0 , 90948-01084 ,",60,31,Schmaco,STY-0463,Хабаровск
2025-08-26 14:13:02,Втулка переднего стабилизатора 48815-37080 / STY-01472,2,221,JMC,48815-37080,Хабаровск
2025-08-26 14:13:02,Втулка переднего стабилизатора 54063-00Z05 PU (полиуретан) 10t,1,178,JMC,54063-00Z05,Хабаровск
2025-08-26 14:13:02,Втулка переднего стабилизатора D-125103 / 1-51689-015-1/0 CXZ/CYZ/CYL 95-04r Дизель,87,508,Дизель,D-125103,Хабаровск
2025-08-26 14:13:02,Втулка переднего стабилизатора D-127263 / 2280638/043.318 Scania Дизель,82,551,Дизель,D-127263,Хабаровск
2025-08-26 14:13:02,Втулка переднего стабилизатора D-127264 / 2392177 Scania Дизель,86,838,Дизель,D-127264,Хабаровск
2025-08-26 14:13:02,Втулка переднего стабилизатора MR150094 / BL23015,1,301,JMC,MR150094,Хабаровск
2025-08-26 14:13:02,Втулка переднего стабилизатора RBX 000010 Land Rover,1,625,Land Rover,RBX 000010,Хабаровск
2025-08-26 14:13:02,"Втулка помогайки КПП ISUZU / пластиковая, короткая / 1-33739-067-0 / 01032179Z9000; 010-32179-Z900",3,439,JMC,1-33739-067-0,Хабаровск
2025-08-26 14:13:02,Втулка прижимная ГБЦ 61200040023 JAC N350 WP10/12 (NON-GENUINE),2,333,Noname,61200040023,Хабаровск
2025-08-26 14:13:02,Втулка распорная делителя КПП WG2229100032 HOWO T5G,8,941,Дизель,WG2229100032,Хабаровск
2025-08-26 14:13:02,Втулка рессор MB161668 Schmaco,1,725,Schmaco,MB161668,Хабаровск
2025-08-26 14:13:02,Втулка рессорная (полиуретан) D-126722 / MB025153 / MC-0271-M5 KS RB-4005 22х39х47 MIT Canter Дизель,408,178,Дизель,D-126722,Хабаровск
2025-08-26 14:13:02,Втулка рессоры (30-36-88) D-127077 / 54040-9006 N-DIESEL CW620/CD450 перед рессоры 30*36*88 Дизель,313,264,Дизель,D-127077,Хабаровск
2025-08-26 14:13:02,Втулка рессоры (30-38-78) D-127257 / SZ940-87035 HINO Дизель,68,232,Дизель,D-127257,Хабаровск
2025-08-26 14:13:02,Втулка рессоры (32-42-78) D-127082 / 1-51351-044-0/046-0 ISUZU FRR/GIGA 10T перед рессоры Дизель,277,392,Дизель,D-127082,Хабаровск
2025-08-26 14:13:02,Втулка рессоры (32-44-88) D-128129 / MK316011 MMC FUSO 10t 32*44*88 Дизель,371,442,Дизель,D-128129,Хабаровск
2025-08-26 14:13:02,Втулка рессоры 128680 / 040.061 Scania SKV,61,385,SKV,128680SKV,Хабаровск
2025-08-26 14:13:02,Втулка рессоры 3076601 Volvo FH/FM/12 SKV,23,797,SKV,3076601SKV,Хабаровск
2025-08-26 14:13:02,Втулка рессоры 38-46-77,520,217,Дизель,38-46-77,Хабаровск
2025-08-26 14:13:02,Втулка рессоры 727058 ERREVI,4,401,Errevi,727058,Хабаровск
2025-08-26 14:13:02,Втулка рессоры D-126997 / MH024002 FUSO/UD 10t перед/зад рессоры 32х38х88 Дизель,163,238,Дизель,D-126997,Хабаровск
2025-08-26 14:13:02,Втулка рессоры D-127076 / MH024001 FUSO/HINO 8t CANTER задней рессоры 30х36х78 Дизель,318,233,Дизель,D-127076,Хабаровск
2025-08-26 14:13:02,Втулка рессоры биметаллическая CT-3025-70S2 N56 JAC ORIG,18,185,JAC,CT-3025-70S2,Хабаровск
2025-08-26 14:13:02,Втулка Сайлентблока 52465-1162/-1160/-1161/S5246-51162 HINO/FC5J ORIGINAL*,2,1422,JMC,52465-1162,Хабаровск
2025-08-26 14:13:02,Втулка сайлентблока CTR GV0491,2,180,JMC,GV0491,Хабаровск
2025-08-26 14:13:02,Втулка сайлентблока кабины(торсиона) D-127401 / 52211-37010 TZG ! Дизель,5,272,Дизель,D-127401,Хабаровск
2025-08-26 14:13:02,Втулка сайлентблока рычага TOYOTA CALDINA 92-02 BB21025,3,150,JMC,BB21025,Хабаровск
2025-08-26 14:13:02,Втулка сайлентблока рычага TOYOTA CALDINA 92-02 BB21025 / 90389-19003,2,170,JMC,90389-19003,Хабаровск
2025-08-26 14:13:02,Втулка сайлентблока торсиона кабины 8-97061-514-0 TZG !,13,145,Дизель,TI-045,Хабаровск
2025-08-26 14:13:02,Втулка стабилизатора (к рессоре) 2916031G15A0 JAC ORIG,28,55,JAC,2916031G15A0,Хабаровск
2025-08-26 14:13:02,Втулка стабилизатора (перед) 480287 / A0003262481 / 0003262981 DieselTechnic,52,271,Diesel Technic,4.80287,Хабаровск
2025-08-26 14:13:02,Втулка стабилизатора (перед) A0003262481 / 480287 / 51044 / 8408087SX/0003262981 Mercedes /DieselTechnic,5,303,Diesel Technic,480287,Хабаровск
2025-08-26 14:13:02,Втулка стабилизатора (перед) A0003262481 / 480287 / 51044 / 8408087SX/0003262981 Mercedes /Auger,50,341,Auger,51044,Хабаровск
2025-08-26 14:13:02,Втулка стабилизатора / 118-03-0025 / ?50mm x ?60mm x 50mm / / BCP1360 / S488611360; S4886-11360 / Z,8,1433,JMC,S4886-11360,Хабаровск
2025-08-26 14:13:02,Втулка стабилизатора 011.259 /A0003265681 Mercedes /SAMPA !,4,534,Sampa,011.259,Хабаровск
2025-08-26 14:13:02,Втулка стабилизатора 1-51779-079-0/1 СХ#/FR#FS#94 TCG/,1,240,JMC,1-51779-079-0/1,Хабаровск
2025-08-26 14:13:02,Втулка стабилизатора 2916013LE176 N75 JAC ORIG,41,149,JAC,2916013LE176,Хабаровск
2025-08-26 14:13:02,Втулка стабилизатора 480387 / A0003264781 Mercedes /DieselTechnic,8,530,Diesel Technic,4.80387,Хабаровск
2025-08-26 14:13:02,Втулка Стабилизатора 48815-37060/48818-37010/36020 BS7060 d=29/FRONT TOYOTA(DYNA) XZU410 Сингапур*,2,366,JMC,48815-37060,Хабаровск
2025-08-26 14:13:02,Втулка стабилизатора 48817-36011,5,118,JMC,48817-36011,Хабаровск
2025-08-26 14:13:02,Втулка стабилизатора 48861-1240 TZG !,124,207,Дизель,TH-044B,Хабаровск
2025-08-26 14:13:02,Втулка стабилизатора 5`825 CT-2145,1,149,JMC,CT-2145,Хабаровск
2025-08-26 14:13:02,Втулка стабилизатора 54062 Mercedes /Auger,2,617,Auger,54062,Хабаровск
2025-08-26 14:13:02,Втулка стабилизатора BL21035,2,136,JMC,BL21035,Хабаровск
2025-08-26 14:13:02,Втулка стабилизатора BS7520/8-97170-752-0/8-94252-359-0,1,212,JMC,8-97170-752-0,Хабаровск
2025-08-26 14:13:02,Втулка стабилизатора C9880,2,63,JMC,C9880,Хабаровск
2025-08-26 14:13:02,Втулка стабилизатора D-127941 / WG9925688210 Sitrak C7H Дизель,50,509,Дизель,D-127941,Хабаровск
2025-08-26 14:13:02,Втулка стабилизатора RR JDO21003E,2,68,JMC,JDO21003E,Хабаровск
2025-08-26 14:13:02,Втулка стабилизатора S4881-71010 / 48817-1010 / SHN-01474,2,125,JMC,S4881-71010,Хабаровск
2025-08-26 14:13:02,Втулка стабилизатора ST48815-25040,2,182,JMC,ST48815-25040,Хабаровск
2025-08-26 14:13:02,Втулка стабилизатора ST48815-25050,2,146,JMC,ST48815-25050,Хабаровск
2025-08-26 14:13:02,Втулка стабилизатора Tenacity 48818-42010 / ASBTO1052,2,166,JMC,48818-42010,Хабаровск
2025-08-26 14:13:02,Втулка стабилизатора зад D-126819/199100680066 HOWO/FOTON/SHACMAN X3000 Дизель,4,106,Дизель,D-126819,Хабаровск
2025-08-26 14:13:02,Втулка стабилизатора переднего 81.43704.0074 SHACMAN X3000/F3000,2,628,Дизель,81.43704.0074,Хабаровск
2025-08-26 14:13:02,Втулка стабилизатора переднего W612-34-156; WHF3F/WHS5T; (ТАЙВАНЬ),2,241,JMC,W612-34-156,Хабаровск
2025-08-26 14:13:02,Втулка стабилизатора передней оси 45 * 54 MC092024 FU51#/FV51# 95- TZG !,1,197,Дизель,TM-070,Хабаровск
2025-08-26 14:13:02,Втулка стойки заднего моста 48725-28050,1,7039,Дизель,48725-28050,Хабаровск
2025-08-26 14:13:02,Втулка стойки переднего стабилизатора D-125306 / 9-51631-050-0 FVR34/FSR90 Дизель,38,156,Дизель,D-125306,Хабаровск
2025-08-26 14:13:02,Втулка стойки стабилизатора 54716-43160 Hyundai Porter/Porter2/Kia Bongo3,380,57,Дизель,54716-43160,Хабаровск
2025-08-26 14:13:02,Втулка тормозного механизма 3501252Z440 JAC ORIG,3,162,JAC,3501252Z440,Хабаровск
2025-08-26 14:13:02,Втулка тормозной колодки 362202/A6584210250/А6744210050/54015/03400/1581000029 Mercedes/DieselTechnic,65,295,Diesel Technic,3.62202,Хабаровск
2025-08-26 14:13:02,Втулка тяги стабилизатора 54751-4B003 Porter !,123,108,Дизель,54751-4B003,Хабаровск
2025-08-26 14:13:02,"Втулка шатуна 4HK1, 6HK1 8-94393-364-0/8-94394-613-0 (K)",2,346,Дизель,8-94393-364-0,Хабаровск
2025-08-26 14:13:02,"Втулка шатуна 4HK1, 6HK1 D-125535 / 8-94393-364-0/8-94394-613-0 Дизель",2,307,Дизель,D-125535,Хабаровск
2025-08-26 14:13:02,Втулка шкворня AK30010365G-6507/HFF3001035CK5G-650 JAC N350 (NON-GENUINE),10,159,Дизель,AK30010365G-6507,Хабаровск
2025-08-26 14:13:02,Втулка шкворня D-125792/HFF3001035CK5G-650/AK30010365G-6507 JAC N350 (NON-GENUINE) Дизель,21,143,Дизель,D-125792,Хабаровск
2025-08-26 14:13:02,Втулка шкворня D-128044 / WG4071415021 Sitrak C7H Дизель,10,412,Дизель,D-128044,Хабаровск
2025-08-26 14:13:02,Втулка шкворня D-128045 / WG4071415022 / WG4005416540 Sitrak C7H Дизель,5,496,Дизель,D-128045,Хабаровск
2025-08-26 14:13:02,Втягивающее реле HINO J07C/6HE1/6HH1 8981522740 / QDJ2520-600R YD !,78,3005,Дизель,8981522740,Хабаровск
2025-08-26 14:13:02,Втягивающее реле HINO J08C DK2520-600R YD !,3,3641,Дизель,DK2520-600R,Хабаровск
2025-08-26 14:13:02,Втягивающее реле ISUZU 6HE1/6НН1/HINO J07C QDJ2520-600R YD !,48,1925,Дизель,QDJ2520-600R,Хабаровск
2025-08-26 14:13:02,Втягивающее реле ISUZU 6HK1 YD !,37,1480,Дизель,6HK1,Хабаровск
2025-08-26 14:13:02,Выключатель (датчик) стоп-сигнала 8-97855-187-0 NQR75/71 Y,14,306,Yamasida,8-97855-187-0,Хабаровск
2025-08-26 14:13:02,Выключатель (датчик) стоп-сигнала AZ9X2558030001 HOWO ORIG,10,1618,Howo,AZ9X2558030001,Хабаровск
2025-08-26 14:13:02,Выключатель датчик стоп-сигнала D-128550 / 8-97855-187-0 NQR75/71 Дизель,43,152,Дизель,D-128550,Хабаровск
2025-08-26 14:13:02,Выключатель массы D-128225 / HD-E203 UNIVERSAL Дизель,2,2458,Дизель,D-128225,Хабаровск
2025-08-26 14:13:02,Выключатель педали сцепления концевой нижний 88280-E0061 HINO700,32,639,Дизель,88280-E0061,Хабаровск
2025-08-26 14:13:02,Выключатель света фар заднего хода WG9719582007 Howo / Переключатель,1,179,Howo,WG9719582007,Хабаровск
2025-08-26 14:13:02,Выключатель тормоза (лягушка) D-128294 / 1635050U1050 JAC N90/120 Дизель,1,695,Дизель,D-128294,Хабаровск
2025-08-26 14:13:02,Выпускной коллектор зад часть 8-97608-514-2 C-series 6WG1 ORIG,1,28274,Isuzu,8-97608-514-2,Хабаровск
2025-08-26 14:13:02,Выпускной коллектор перед часть 8-97608-512-3 C-series 6WG1 ORIG,1,22940,Isuzu,8-97608-512-3,Хабаровск
2025-08-26 14:13:02,Гaйкa стремянки MAN M18x2/H-24 AUGER 77271,12,173,Auger,77271,Хабаровск
2025-08-26 14:13:02,"Габарит (под 2 ламп) R 219-1506R-UE (K) HINO 500,700, RANGER, PROFIA / 81510-2081/81510-E0060 дефект",1,1045,Дизель,219-1506R-UE,Хабаровск
2025-08-26 14:13:02,"Габарит (под 2 лампочки бел.) R 219-1506R-UE (K) HINO 500, 700, RANGER, PROFIA / 81510-2081 / 81510-E0060",1,1088,Дизель,81510-2081,Хабаровск
2025-08-26 14:13:02,"Габарит (под 2 лампочки) L D-127299 / 219-1506L-UE (K) HINO500,700, RANGER,PROFIA /81520-1931 Дизель",23,1680,Дизель,D-127299,Хабаровск
2025-08-26 14:13:02,"Габарит (под 2 лампочки) R D-127135 / 219-1506R-UE (K) HINO 500, 700, RANGER, PROFIA Дизель",1,1611,Дизель,D-127135,Хабаровск
2025-08-26 14:13:02,Габарит 100-1410N-Y универсальный !,8,113,Lucid,100-1410N-Y,Хабаровск
2025-08-26 14:13:02,"Габарит 219-1506R-A (K} 81510-2120G, 81510-2081, 81510-E0090, 81510-E0091 HINO 500, 700 дефект",2,387,Дизель,219-1506R-A,Хабаровск
2025-08-26 14:13:02,"Габарит 219-1506R-A (K} D-127300 / 81510-2120G, 81510-2081, 81510-E0090, 81510-E0091 HINO 500 Дизель",13,1529,Дизель,D-127300,Хабаровск
2025-08-26 14:13:02,Габарит D-125036 / 8-97587-597-2/0 на крышу NPR75 Дизель,18,733,Дизель,D-125036,Хабаровск
2025-08-26 14:13:02,Габарит D-125315/8-97587-597-2/0 на крышу NPR75 Дизель,3,625,Дизель,D-125315,Хабаровск
2025-08-26 14:13:02,Габарит L 214-1566L (K) FUSO CANTER FE85 LHD / MK353663 / MK580853 дефект,6,515,Дизель,214-1566L,Хабаровск
2025-08-26 14:13:02,Габарит MMC CANTER94 D-127138 / 214-1543R-А /03-4303 / MC139767 Дизель,7,643,Дизель,D-127138,Хабаровск
2025-08-26 14:13:02,Габарит MMC FUSO '97 214-1552L-A !,7,1311,Lucid,214-1552L-A,Хабаровск
2025-08-26 14:13:02,Габарит NISSAN DIESEL '87-'93 215-1545L-A !,1,720,Lucid,215-1545L-A,Хабаровск
2025-08-26 14:13:02,Габарит NISSAN DIESEL / UD TRUCK '95- AD-215-D062R,4,1703,Дизель,AD-215-D062R,Хабаровск
2025-08-26 14:13:02,Габарит NISSAN DIESEL / UD TRUCK '95- AD-215-D077R,1,1832,JMC,AD-215-D077R,Хабаровск
2025-08-26 14:13:02,"Габарит R 212-15G5R-UE/D-127303 HINO300 E3,DUTRO,TOYOTA DYNA/81611-25010/81621-25031 Дизель",19,1420,Дизель,D-127303,Хабаровск
2025-08-26 14:13:02,Габарит R 214-1566R (K) FUSO CANTER FE85 LHD / MK353664 / MK580854,33,679,Дизель,214-1566R,Хабаровск
2025-08-26 14:13:02,Габарит R 214-1566R (K) FUSO CANTER FE85 LHD / MK353664 / MK580854 (дефект),10,444,Дизель,214-1566R,Хабаровск
2025-08-26 14:13:02,Габарит TOYOTA PRADO #J95 '99-'01 212-15F4R-A,1,446,JMC,212-15F4R-A,Хабаровск
2025-08-26 14:13:02,Габарит задний LH D-125742/8-97213-369-0/208-0 CXZ51KEXZ51KCYZ51KCYZ51LCXZ81K 6WF1.10PE1 Дизель,23,814,Дизель,D-125742,Хабаровск
2025-08-26 14:13:02,Габарит задний RH D-125014/8-97213-370-0/1-82230-209-0 C-series 6WF1.10PE1 Дизель,5,814,Дизель,D-125014,Хабаровск
2025-08-26 14:13:02,Габарит кабины D-125797 / 92601-Y41R101/92601-Y4010XH JAC N350 Дизель,3,245,Дизель,D-125797,Хабаровск
2025-08-26 14:13:02,Габарит кабины D-126723 / 92601-Y41R1 JAC N350 Дизель,4,230,Дизель,D-126723,Хабаровск
2025-08-26 14:13:02,Габарит лев (кабина) D-125798 / 4114930G11F0 JAC N75/80/120/200/350 КАМАЗ Компас-9/12 Дизель,4,526,Дизель,D-125798,Хабаровск
2025-08-26 14:13:02,Габарит левый / 042-01-0056 / L/R / / 02-4303 L / 2151630; 215-1630; 26120Z5000; 26120-Z5000; 26120,2,1102,JMC,26120-Z5000,Хабаровск
2025-08-26 14:13:02,Габарит левый D-127881 / 3731015-A01/F 3250/3310 FAW Дизель,9,611,Дизель,D-127881,Хабаровск
2025-08-26 14:13:02,Габарит передний LH D-127989/1-86830-273-0 CXZ51KEXZ51KCYZ51KCYZ51LCXZ81K 6WF1.10PE1 Дизель,2,496,Дизель,D-127989,Хабаровск
2025-08-26 14:13:02,Габарит прав (кабина) D-125799 / 4114940G11F0 JAC N75/80/120/200/350 КАМАЗ Компас-9/12 Дизель,6,526,Дизель,D-125799,Хабаровск
2025-08-26 14:13:02,Гайка 2902053LE010 N56/N75/N80 JAC ORIG,21,131,JAC,2902053LE010,Хабаровск
2025-08-26 14:13:02,Гайка 3103102M1 JAC ORIG,2,77,JAC,3103102M1,Хабаровск
2025-08-26 14:13:02,Гайка 440121SKV / /99474402 /05.260.54.10.0 M22X1.5 SW32 Iveco/BPW,33,94,SKV,440121,Хабаровск
2025-08-26 14:13:02,"Гайка BW46 L для шпильки универсальная перед.м18*1,5 балонник 35 левая",195,55,UDPD,BW46 L,Хабаровск
2025-08-26 14:13:02,"Гайка BW46 R для шпильки универсальная перед.м18*1,5 балонник 35 правая",165,55,UDPD,BW46 R,Хабаровск
2025-08-26 14:13:02,Гайка D-127990 / 1-09449-005-0 / 1-09449-067-0 М36 с фланцем вторичного вала проходного моста Дизель,10,328,Дизель,D-127990,Хабаровск
2025-08-26 14:13:02,Гайка M16*1.5 020150/06112512008 MAN SKV,3601,26,SKV,06112512008,Хабаровск
2025-08-26 14:13:02,Гайка M20*1.5 ZQ361B20T13F6 HOWO,18,49,Дизель,ZQ361B20T13F6,Хабаровск
2025-08-26 14:13:02,Гайка M36x1.5 uhn-003 / 38216-90005 PM,4,1581,JMC,38216-90005,Хабаровск
2025-08-26 14:13:02,Гайка M88 подшипника ступицы D-125721/9-09843-062-2/0/8-97551-183-0 CYZ51/EXZ52/FVR34 Дизель,3,862,Дизель,D-125721,Хабаровск
2025-08-26 14:13:02,"Гайка M8х1,25",136,422,Дизель,"M8х1,25",Хабаровск
2025-08-26 14:13:02,Гайка ZQ361B12 HOWO,16,26,Дизель,ZQ361B12,Хабаровск
2025-08-26 14:13:02,"Гайка болта крепления реактивной тяги M18x1,5 0-91110-518-0 Isuzu",103,182,Isuzu,0911105180,Хабаровск
2025-08-26 14:13:02,Гайка болта полурессоры с нейлоновой вставкой 5010571079SKV /6604024200/5010571079 RVI М24х2мм H24мм,922,49,SKV,5010571079,Хабаровск
2025-08-26 14:13:02,"Гайка болта реактивной тяги D-125314 / 1-09464-011-0 / 8-97606-210-0 C,E-series Дизель",19,246,Дизель,D-125314,Хабаровск
2025-08-26 14:13:02,Гайка выходного вала КПП 1701620-A7G FAW J6,3,397,Дизель,1701620-A7G,Хабаровск
2025-08-26 14:13:02,Гайка дифференциала D-126460 / 810W35125-0024 Sitrak C7H Дизель,3,1084,Дизель,D-126460,Хабаровск
2025-08-26 14:13:02,Гайка к шпильке BW62RH SKV,10,9,SKV,BW62RH,Хабаровск
2025-08-26 14:13:02,Гайка клина шкворня D-125805 / Q33214 JAC N350 Дизель,32,89,Дизель,D-125805,Хабаровск
2025-08-26 14:13:02,"Гайка колеса 440121 / 031725/41036367/1303221551/520020/07663/04029 (M22*1,5) DieselTechnic !",130,174,Diesel Technic,4.40121,Хабаровск
2025-08-26 14:13:02,"Гайка колеса D-125009 / 1-42333-055-0 M22*1.5 C,F series Дизель",118,175,Дизель,D-125009,Хабаровск
2025-08-26 14:13:02,"Гайка колеса D-125313 / 1-42333-055-0 M22*1.5 C,F series Дизель",81,120,Дизель,D-125313,Хабаровск
2025-08-26 14:13:02,Гайка колеса D-127305 / 3103070-A0E FAW CA3311 Дизель,113,226,Дизель,D-127305,Хабаровск
2025-08-26 14:13:02,"Гайка колеса M22x1,5 DIN 1303221581/N074361022205 P.E. !",17,59,Pe Automotive,017.113-00A,Хабаровск
2025-08-26 14:13:02,Гайка колеса задняя левая 8-97359-810-0 NQR71/75/90/FSR90/NPR75 ORIG,1,333,Isuzu,8-97359-810-0,Хабаровск
2025-08-26 14:13:02,Гайка колеса задняя левая 8-97359-810-0/42634-37020/SZ940-22014 NQR/FSR90/NPR/HINO300/500/CANTER SKV,953,102,SKV,42634-37020,Хабаровск
2025-08-26 14:13:02,Гайка колеса задняя правая 8-97359-809-0/SZ940-21016/42633-37020 NQR/FSR90/NPR/HINO300/500/CANTER SKV,362,90,SKV,42633-37020,Хабаровск
2025-08-26 14:13:02,"Гайка колеса (Volvo) М22x1,5 (с буртиком) 20551045SKV /20551045/11.020.4000.910/265080/109210/0333016/65703",1286,96,SKV,20551045,Хабаровск
2025-08-26 14:13:02,Гайка колесная 1-42333-050-1 Diesel,1,217,Дизель,1-42333-050-1,Хабаровск
2025-08-26 14:13:02,Гайка колесная 1083894SKV / 265120 7/8'' H=34 SW33 FL7/10/12/F10/12/16/FH Volvo,1845,81,SKV,1083894,Хабаровск
2025-08-26 14:13:02,Гайка колесная с юбкой с правой резьбой 1749034SKV / 2285273 7/8'' H=30.8 SW33 Scania SKV,1377,90,SKV,1749034SKV,Хабаровск
2025-08-26 14:13:02,Гайка КПП вторичного вала SZ177-36002 HINO500 E-4 ORIG,3,4671,hino,SZ177-36002,Хабаровск
2025-08-26 14:13:02,"Гайка крепления полуоси D-128551 / 0-91180-210-0 М10 с фланцем NQR71/75,NPR75,NLR85 Дизель",79,45,Дизель,D-128551,Хабаровск
2025-08-26 14:13:02,"Гайка М12х1,75",221,422,Дизель,"М12х1,75",Хабаровск
2025-08-26 14:13:02,Гайка М20 17158221 / 17158225 Iveco Orig !,12,153,Iveco,17158225,Хабаровск
2025-08-26 14:13:02,Гайка М22х1.5 440121 Iveco,4,44,JMC,440121,Хабаровск
2025-08-26 14:13:02,Гайка оцинкованная с нейлоновой вставкой M20*1..5 K25 DIN 985/8 6604020150,11,26,JMC,6604020150,Хабаровск
2025-08-26 14:13:02,"Гайка пальца полурессоры 0326015010SKV (BPW) M30x3,5 H=24 SKV",2894,100,SKV,0326015010SKV,Хабаровск
2025-08-26 14:13:02,Гайка ПГУ M10 9-09111-410-0 / 0-91111-510-0 C/E/F/N series ORIG,56,127,Isuzu,0-91111-510-0,Хабаровск
2025-08-26 14:13:02,Гайка проходного вала D-127883 / CQ39160 FAW J6 Дизель,10,187,Дизель,D-127883,Хабаровск
2025-08-26 14:13:02,Гайка редуктора D-127884 / 2402069-A0E FAW Дизель,4,278,Дизель,D-127884,Хабаровск
2025-08-26 14:13:02,Гайка с фланцем входного вала редуктора D-128197/1-09449-071-0 M46 CYZ52/FVR34/CYZ51 Дизель,7,830,Дизель,D-128197,Хабаровск
2025-08-26 14:13:02,"Гайка стремянки 0326004190SKV / 03.260.04.19.0 BPW М22х2,5 Н=22 SW32",264,45,SKV,0326004190SKV,Хабаровск
2025-08-26 14:13:02,Гайка ступицы 6-095 FUSO hub nut inside F SW !,1,568,Samwoo,6-095,Хабаровск
2025-08-26 14:13:02,Гайка ступицы 6-096 FUSO hub nut outside F SW !,4,704,Samwoo,6-096,Хабаровск
2025-08-26 14:13:02,Гайка ступицы 6-097 FUSO hub nut inside R SW,1,918,Samwoo,6-097,Хабаровск
2025-08-26 14:13:02,Гайка ступицы 6-098 FUSO hub nut outside R SW !,3,952,Samwoo,6-098,Хабаровск
2025-08-26 14:13:02,Гайка ступицы 6-103 / 52851-8A100 HD23t hub nut R SW !,5,898,Samwoo,6-103,Хабаровск
2025-08-26 14:13:02,Гайка ступицы 6-118 HD5t hub nut F SW !,8,751,Samwoo,6-118,Хабаровск
2025-08-26 14:13:02,Гайка ступицы 6-119 HD5t hub nut R SW !,3,568,Samwoo,6-119,Хабаровск
2025-08-26 14:13:02,Гайка ступицы 6-124 MIGHTY hub nut R SW !,30,795,Samwoo,6-124,Хабаровск
2025-08-26 14:13:02,Гайка ступицы 6-125 HD CHASSIS hub nut SW !,3,791,Samwoo,6-125,Хабаровск
2025-08-26 14:13:02,Гайка ступицы DA-003/DKN-003 42427-87301 PM,3,705,Paul Master,DA-003,Хабаровск
2025-08-26 14:13:02,Гайка ступицы FV-025 PM !,8,931,Paul Master,FV-025,Хабаровск
2025-08-26 14:13:02,Гайка ступицы FV-026 MC816768 PM !,8,930,Paul Master,FV-026,Хабаровск
2025-08-26 14:13:02,Гайка ступицы FV-027/FKN-027/MC82773 Fuso FP419 PM !,1,1297,Paul Master,FKN-027,Хабаровск
2025-08-26 14:13:02,Гайка ступицы FV-028 MC826997 PM,4,1092,Paul Master,FV-028,Хабаровск
2025-08-26 14:13:02,Гайка ступицы H-010/UTN-010 37120-90060 42мм PM !,1,657,Paul Master,H-010,Хабаровск
2025-08-26 14:13:02,Гайка ступицы IS-054 8-97137-093-0 PM !,2,1141,Paul Master,IKN-054,Хабаровск
2025-08-26 14:13:02,Гайка ступицы UD-045 40039-90012 PM !,1,467,Paul Master,UD-045,Хабаровск
2025-08-26 14:13:02,Гайка ступицы UD-046 38443-90068 PM !,3,930,Paul Master,UD-046,Хабаровск
2025-08-26 14:13:02,"Гайка ступичная H-004 / THN-024 24 p1,5 PM",5,465,Paul Master,THN-024,Хабаровск
2025-08-26 14:13:02,"Гайка ступичная H-006 / FHN-033 / ME-652938 33 p1,5 PM",4,1069,Paul Master,H-006,Хабаровск
2025-08-26 14:13:02,"Гайка ступичная H-007 / HHN-033 / 9219-45104 /92193-3116 33 p1,5 PM",1,1546,Paul Master,H-007,Хабаровск
2025-08-26 14:13:02,"Гайка фланца карданного вала 1-09440-046-0 F,C-series ORIG",3,2252,Isuzu,1-09440-046-0,Хабаровск
2025-08-26 14:13:02,Гайка хвостовика 9930200380 JAC N35 ORIG,2,166,JAC,9930200380,Хабаровск
2025-08-26 14:13:02,Гайка хвостовика HHN-039 39mm P1.5mm PM,4,1546,Paul Master,HHN-039,Хабаровск
2025-08-26 14:13:02,Гайка хвостовика редуктора среднего моста F2000/F3000,5,134,JMC,F2000/F3000,Хабаровск
2025-08-26 14:13:02,Гайка цапфы поворотного кулака 3001064-362/A FAW CA3311,1,283,Дизель,3001064-362/A,Хабаровск
2025-08-26 14:13:02,Гайка шпильки колеса D-126821 / CQ36120T / CA3311 FAW Дизель,10,293,Дизель,D-126821,Хабаровск
2025-08-26 14:13:02,Гайка шпильки колеса D-128522 / 0-91110-522-0 перед/зад внутренняя М22 NPR/NQR75/71/90 Дизель,79,112,Дизель,D-128522,Хабаровск
2025-08-26 14:13:02,Гайка шпильки колеса перед и зад внутренняя М22 D-125308 / 0-91110-522-0 NPR/NQR75/71/90 Дизель,4,168,Дизель,D-125308,Хабаровск
2025-08-26 14:13:02,Генератор D-125025 / 8-98029-892-2 / 8-98029-892-1 24V 80A ISUZU 4HK1 NPR75 Дизель,14,20169,Дизель,D-125025,Хабаровск
2025-08-26 14:13:02,Генератор D-125307 / 8-98029-892-2 / 8-98029-892-1 24V 80A ISUZU 4HK1 NPR75 Дизель,11,14867,Дизель,D-125307,Хабаровск
2025-08-26 14:13:02,Генератор D-128301 / 1015301GD190 JAC T6 Дизель,1,30396,Дизель,D-128301,Хабаровск
2025-08-26 14:13:02,Генератор ISUZU 4HK1 8-98029-892-2/8-98029-892-1/136009080/1803013/ALH8921/LR280-708C/TT11607 24V 80,1,9436,Дизель,8-98029-892-2,Хабаровск
2025-08-26 14:13:02,Генератор MAZDA HA/SL/XA HX050 12V 65AMP с помпой,1,10079,Дизель,A1T33676,Хабаровск
2025-08-26 14:13:02,Генератор MAZDA НА/FD46 HX105/A2T74976 24V 40AMP с помпой,4,13028,Дизель,HX105  24V 45AMP,Хабаровск
2025-08-26 14:13:02,Генератор MMC 6D14/15/16 2T72286 / HX073 / ME037640 с помпой 24V 35AMP,1,10816,Дизель,ME037640,Хабаровск
2025-08-26 14:13:02,Генератор MMC 6D16/17 D-128059/ME077790/JFZ2523 24V 35AMP Дизель,1,11909,Дизель,D-128059,Хабаровск
2025-08-26 14:13:02,Генератор MMC A4T40386 6D22 HX063 24V 45AMP,6,11212,Дизель,A4T40386,Хабаровск
2025-08-26 14:13:02,Генератор MMC ME093245 8DС8-9-10 HX064 24V 45AMP,6,11514,Дизель,ME093245,Хабаровск
2025-08-26 14:13:02,Гидрозапор кабины D-128421 / 81618516023 J6 FAW Дизель,1,1208,Дизель,D-128421,Хабаровск
2025-08-26 14:13:02,Гидромуфта 082V06601-7090 HOWO ORIG,2,62055,Howo,082V06601-7090,Хабаровск
2025-08-26 14:13:02,Гидромуфта 8-97148-797-0 4HE1 Shimahide,1,7950,Shimahide,8-97148-797-0,Хабаровск
2025-08-26 14:13:02,Гидромуфта FCG-011 1-21650-193-1,1,11542,JMC,1-21650-193-1,Хабаровск
2025-08-26 14:13:02,Гидромуфта MC075013,1,17373,JMC,MC075013,Хабаровск
2025-08-26 14:13:02,Гидромуфта MD338761 Shimahide,1,3533,Shimahide,MD338761,Хабаровск
2025-08-26 14:13:02,Гидромуфта ME075230 Shimahide,1,4318,Shimahide,ME075230,Хабаровск
2025-08-26 14:13:02,Гидромуфта ME201888 Shimahide,1,3974,Shimahide,ME201888,Хабаровск
2025-08-26 14:13:02,Гидротолкатель 1006100FD020 JAC N35 ORIG,1,289,JAC,1006100FD020,Хабаровск
2025-08-26 14:13:02,Гильза 1002016-81DY FAW J6 CA6DM2,4,2744,Дизель,1002016-81DY,Хабаровск
2025-08-26 14:13:02,Гильза 14-027210-00 Istana,3,2288,JMC,14-027210-00,Хабаровск
2025-08-26 14:13:02,Гильза 20040360101/6010110210 BF MERS !,3,1197,JMC,20040360101,Хабаровск
2025-08-26 14:13:02,"Гильза 6BG1 1-11261-384-1 O.D.GRADE=2, I.D.GRADE=AX ORIG",3,9387,Isuzu,1-11261-384-1,Хабаровск
2025-08-26 14:13:02,Гильза D-125404 Isuzu 6HH1 8-94391-602-1/0 / 39651 Grade=1x Дизель,2,2535,Дизель,D-125404,Хабаровск
2025-08-26 14:13:02,Гильза D-128188 / 8-94391-602-1/0 / 39651 ISUZU 6HH1 GRADE=1X Дизель,33,2159,Дизель,D-128188,Хабаровск
2025-08-26 14:13:02,Гильза HINO F20C 11467-2700/2680/2690 OD=154mm L=244mm Hino Profia 10t (8шт/кт) Mats,3,56861,Matsuyama,11467-2700,Хабаровск
2025-08-26 14:13:02,Гильза HINO F20C FN/FR/FS/FU/SH/SS3F# 89.12-94.10 11467-2280 (8 CYL) 152mm Mats,1,57896,Matsuyama,11467-2280,Хабаровск
2025-08-26 14:13:02,Гильза HINO H07D FD/GD/FF17#19#/16T 11467-1210A (6 CYL) Mats,2,14403,Matsuyama,11467-1210,Хабаровск
2025-08-26 14:13:02,Гильза HINO J08C/J08C-T FB/FC/FD2/3/4J 94.09- 11467-2800/2621/2601/2611 (6 CYL) Mats,1,22931,Matsuyama,11467-2800/11467-2621,Хабаровск
2025-08-26 14:13:02,Гильза HINO JO8E STD 11467-3220/S114673220 (6 CYL) 500# Mats,1,22929,Matsuyama,11467-3220,Хабаровск
2025-08-26 14:13:02,Гильза HINO K13CT 24VALVE FN/FR/FS/FW/FQ/SH1K#/2P# 00.01~ 11467-2380 (6 CYL) Mats,3,35815,Matsuyama,11467-2380,Хабаровск
2025-08-26 14:13:02,Гильза HINO N04CT STD 11467-1762/S114671762 (4 CYL) 300# Mats,23,10517,Matsuyama,11467-1762,Хабаровск
2025-08-26 14:13:02,Гильза HINO P11C 11467-2710/A/2720B/2730C (6 CYL) Mats,1,26555,Matsuyama,11467-2710,Хабаровск
2025-08-26 14:13:02,Гильза HINO W04D/E 83.09- ALL 11467-1761/1771/1781/1791 (4 CYL) Mats,1,11464,Matsuyama,11467-1771,Хабаровск
2025-08-26 14:13:02,Гильза HINO W06D 83.09- ALL 11467-1761/62/71/72/8191/92/ 2220/2230/2240/2250 (6 CYL) Mats,7,16106,Matsuyama,11467-1761,Хабаровск
2025-08-26 14:13:02,Гильза ISUZU 4BD1-LATE 1-11261-118-0/5-11261-004-05/5-11261-118-0/39227 LFF (4шт к-т) Mats,1,10234,Matsuyama,5-11261-118-0,Хабаровск
2025-08-26 14:13:02,Гильза ISUZU 4BD1-LATE 1-11261-118-0/5-11261-004-05/5-11261-118-0/39227 LFF Teikin !,1,8160,Teikin,5-11261-016-2,Хабаровск
2025-08-26 14:13:02,Гильза ISUZU 4HF1 8-97144-174-0 FF (4 CYL) Mats,1,10747,Matsuyama,8-97144-174-0,Хабаровск
2025-08-26 14:13:02,Гильза ISUZU 4HG1-T GRADE=3X NPS/NPR/NKR 03~ 8-98014-049-0 (4 CYL) FUSA MAGURO,1,7062,MAGURO,8-98014-049-0,Хабаровск
2025-08-26 14:13:02,Гильза ISUZU 4HG1-T GRADE=3X NPS/NPR/NKR 03~ 8-98014-049-0 (4 CYL) Mats,6,13738,Matsuyama,8-98014-049-0,Хабаровск
2025-08-26 14:13:02,Гильза ISUZU 4HG1/4HG1-T GRADE=1X NKR/NPR/NKS 99.0~ 8-97351-558-0 4PCE/SET Mats,3,13455,Matsuyama,8-97351-558-0,Хабаровск
2025-08-26 14:13:02,Гильза ISUZU 4HK1-T 8-94391-603-0 (4 cyl) Mats,1,18039,Matsuyama,8-94391-603-0,Хабаровск
2025-08-26 14:13:02,Гильза ISUZU 6HK1-T 8-94391-602-0/1 GRADE=1X FF (6 CYL) Mats,3,18925,Matsuyama,8-94391-602-0,Хабаровск
2025-08-26 14:13:02,Гильза ISUZU 6SA1 1-11261-065-3/1-11261-094-1/39606 LFF Teikin !,1,13310,Teikin,LFF-39606,Хабаровск
2025-08-26 14:13:02,Гильза MAZDA SL T2000/2500/2600/3000/3500/4000/4100 84~ SL01-23-311/42107 LFF (4 CYL) Mats,2,9855,Matsuyama,SL01-23-311,Хабаровск
2025-08-26 14:13:02,Гильза MAZDA TF T2600/3000/3500/4000 92~ TFY0-10-311/42183 LFF (4 CYL) Mats,2,11370,Matsuyama,TFY0-10-311,Хабаровск
2025-08-26 14:13:02,Гильза MMC 4D31 ME011523/ME011604/43168 LFX (4 CYL) Mats,4,5552,Matsuyama,ME011604,Хабаровск
2025-08-26 14:13:02,Гильза MMC 4D35 ME013678/43608 LFX Teikin !,2,7057,Teikin,LFX-43608,Хабаровск
2025-08-26 14:13:02,Гильза MMC 4M50T Size=1B ME221683 (4 CYL) FUSO CANTER FUSA MAGURO,1,8122,MAGURO,ME221683,Хабаровск
2025-08-26 14:13:02,Гильза MMC 4M50T Size=1B ME221683 (4 CYL) FUSO CANTER Mats,4,16469,Matsuyama,ME221683,Хабаровск
2025-08-26 14:13:02,Гильза MMC 6D16 ME071224/ ME071225/ ME071226/ ME071230/43105 LFF (6 CYL) Mats,2,21223,Matsuyama,ME071224,Хабаровск
2025-08-26 14:13:02,Гильза MMC 6M61 FK61#64#71#74# 03~ ME993155(SIZE1)/ME993156(SIZE2)/ME993157(SIZE3) (6 CYL) Mats,2,24634,Matsuyama,ME993156,Хабаровск
2025-08-26 14:13:02,Гильза MMC 8DC9/91 ME062379/062602/061782 (8 CYL) Mats,2,36955,Matsuyama,ME062379/062602,Хабаровск
2025-08-26 14:13:02,Гильза MMC 8M21 ME163831/32/33/ME352211/12135 ME168331 (на 8cyl) Mats,1,105835,Matsuyama,ME168331,Хабаровск
2025-08-26 14:13:02,Гильза NISSAN FD35 11012-01T01/44620 LFF 4 (CYL) Mats,1,11235,Matsuyama,11012-01T01,Хабаровск
2025-08-26 14:13:02,Гильза NISSAN FE6T CL/CM/CP390/410 90.03~ 11012-Z5604~5 (6 CYL) Mats,1,17954,Matsuyama,11012-Z5604,Хабаровск
2025-08-26 14:13:02,Гильза NISSAN PE6T 11012-96500/96501 (6 CYL) Mats,1,25527,Matsuyama,11012-96501,Хабаровск
2025-08-26 14:13:02,Гильза NISSAN RH10 CDA\CDB\CDC\CF\CK 97~ 11012-97261/97262 (10 CYL) Mats,1,61738,Matsuyama,11012-97261,Хабаровск
2025-08-26 14:13:02,Гильза NISSAN TD23 11012-02N00/11012-02N10/11002-02N17 LFF (4CYL) Mats,1,8128,Matsuyama,11012-02N10,Хабаровск
2025-08-26 14:13:02,Гильза NISSAN TD25 11012-44G05/11012-44G10/11012-87G00/44255 LFF Teikin !,1,8388,Teikin,LFF-44255,Хабаровск
2025-08-26 14:13:02,Гильза TOYOTA 11B 11461-56030/11462-56060/46287 LFF Teikin !,2,3887,Teikin,LFF-46287,Хабаровск
2025-08-26 14:13:02,Гильза TOYOTA 15BT 11461-58090 (4 CYL) Mats,1,6850,Matsuyama,11461-58090,Хабаровск
2025-08-26 14:13:02,Гильза TOYOTA 3B 11461-58010/-58020/-58040 LFF 46128 (4CYL) Mats,1,7979,Matsuyama,11461-58010,Хабаровск
2025-08-26 14:13:02,Гильзы 21134-4X000 комплет (4шт) BONGO III !,1,4151,Дизель,21134-4X000,Хабаровск
2025-08-26 14:13:02,Главная пара D-125806 / 2402B839-021 JAC N120 Дизель,1,26095,Дизель,D-125806,Хабаровск
2025-08-26 14:13:02,"Главный тормозной кран D-127869 / HDE-001A / MC838211 с педалью, 180º FUSO FK4#5#6#FM6# Дизель",3,3833,Дизель,D-127869,Хабаровск
2025-08-26 14:13:02,Главный тормозной кран D-128478 / WG9000360550 Sitrak C7H Дизель,4,43260,Дизель,D-128478,Хабаровск
2025-08-26 14:13:02,"Главный тормозной цилиндр 1-1/8"" 8-97219-308-0/8-97224-375-0/8-97100-074-2 ELF ISUZU Y",3,6060,Yamasida,8-97219-308-0,Хабаровск
2025-08-26 14:13:02,"Главный тормозной цилиндр 1-3/16"" 47207-37170/47201-37290 HINO300 SKV",61,4279,SKV,47207-37170,Хабаровск
2025-08-26 14:13:02,"Главный тормозной цилиндр 1-3/16"" 47207-37170/47201-37290 HINO300 Y",32,10750,Yamasida,47207-37170,Хабаровск
2025-08-26 14:13:02,Главный тормозной цилиндр 58620-5K500 1-1/4 HYUNDAI COUNTY/HD45/HD65/HD72/HD78 SKV,64,2874,SKV,58620-5K500,Хабаровск
2025-08-26 14:13:02,Главный тормозной цилиндр 58620-5L000 HYUNDAI County/HD72/78 (Euro-3) SKV,43,3086,SKV,58620-5L000,Хабаровск
2025-08-26 14:13:02,Главный тормозной цилиндр LP-5534 58620-5K500 1-1/4 HYUNDAI COUNTY/HD45/HD65/HD72/HD78 Y,19,5268,Yamasida,58620-5K500,Хабаровск
2025-08-26 14:13:02,"Главный тормозной цилиндр MB295340 1-1/8"" CANTER FE3#,4#,FC3#,4#,ROSA Y",10,4693,Yamasida,MB295340,Хабаровск
2025-08-26 14:13:02,Главный тормозной цилиндр MK384488,1,4838,JMC,MK384488,Хабаровск
2025-08-26 14:13:02,"Главный тормозной цилиндр MK429255 MMC CANTER FE84,FE85 07~ Y",5,5835,Yamasida,MK429255,Хабаровск
2025-08-26 14:13:02,"Главный цилиндр сцепления 13/16"" 8-97210-748-1 4JJ1 4HK1 ISUZU LHD SKV",75,1289,SKV,8-97210-748-1,Хабаровск
2025-08-26 14:13:02,"Главный цилиндр сцепления 13/16"" 8-97210-748-1 4JJ1 4HK1 ISUZU LHD Y",53,2481,Yamasida,8-97210-748-1,Хабаровск
2025-08-26 14:13:02,"Главный цилиндр сцепления 13/16"" 8-98004-781-2 ISUZU Y",1,2320,Yamasida,8-98004-781-2,Хабаровск
2025-08-26 14:13:02,"Главный цилиндр сцепления 13/16"" 8-98062-277-0 ISUZU N-series 07~ Y",1,2088,Yamasida,8-98062-277-0,Хабаровск
2025-08-26 14:13:02,Главный цилиндр сцепления 3/4'' 8-98117-642-0 ISUZU Y,65,4099,Yamasida,8-98117-642-0,Хабаровск
2025-08-26 14:13:02,"Главный цилиндр сцепления 3/4"" 31420-1810 FD,FG,GH 2003~ Y",1,5911,Yamasida,31420-1810,Хабаровск
2025-08-26 14:13:02,"Главный цилиндр сцепления 3/4"" 46801-00Z00/00Z02/00Z05 MK210.250.211.251.260.251.130.NISSAN ""S"" Y",8,2774,Yamasida,46801-00Z00,Хабаровск
2025-08-26 14:13:02,"Главный цилиндр сцепления 3/4"" 8-97167-406-0 Isuzu ELF 3.5/4.7T 1996~ LHD Y",12,2245,Yamasida,8-97167-406-0,Хабаровск
2025-08-26 14:13:02,"Главный цилиндр сцепления 3/4"" 8-97300-211-0 NKR/NPR/NQR 99~ ISUZU LHD Y",1,2669,Yamasida,8-97300-211-0,Хабаровск
2025-08-26 14:13:02,Главный цилиндр сцепления 41650-5H000 LP-5597 HYUNDAI HD45/HD65/HD72/HD78 98~ Y,97,2649,Yamasida,41650-5H000,Хабаровск
2025-08-26 14:13:02,Главный цилиндр сцепления 41650-5K000 LP-5598 HYUNDAI HD45/HD65/HD72/HD78 10~ SKV,19,1523,SKV,41650-5K000,Хабаровск
2025-08-26 14:13:02,Главный цилиндр сцепления 41650-5K000 LP-5598 HYUNDAI HD45/HD65/HD72/HD78 10~ Y,65,2804,Yamasida,41650-5K000,Хабаровск
2025-08-26 14:13:02,Главный цилиндр сцепления 5/8'' W023-41-990 MAZDA Y,1,1952,Yamasida,W023-41-990,Хабаровск
2025-08-26 14:13:02,"Главный цилиндр сцепления 5/8"" 31401-36050/60 BU 60,61,70,83,84,87..V66,67,68,72-74 WU75,85,9 DYNA Y",2,2030,Yamasida,31401-36050,Хабаровск
2025-08-26 14:13:02,"Главный цилиндр сцепления 5/8"" 31401-36061 Toyota Dyna BU102,107,112,122,13*,142,147,162,172 SKV",66,1150,SKV,31401-36061,Хабаровск
2025-08-26 14:13:02,"Главный цилиндр сцепления 5/8"" 31401-37011 DYNA XZU300# 2003~ Y",3,2862,Yamasida,31401-37011,Хабаровск
2025-08-26 14:13:02,"Главный цилиндр сцепления 5/8"" 31410-36062 DYNA XZU300# 2003~ Y",7,2513,Yamasida,31410-36062,Хабаровск
2025-08-26 14:13:02,"Главный цилиндр сцепления 5/8"" 31420-26170 DYNA BU 102 3.5T 1999~ Y",11,1702,Yamasida,31420-26170,Хабаровск
2025-08-26 14:13:02,"Главный цилиндр сцепления 5/8"" 31420-28110 DYNA BU 102 3.5T 1999~ Y",4,3443,Yamasida,31420-28110,Хабаровск
2025-08-26 14:13:02,"Главный цилиндр сцепления 5/8"" 31420-37050 DYNA BU102 3.5T 1999~ Y",11,2241,Yamasida,31420-37050,Хабаровск
2025-08-26 14:13:02,"Главный цилиндр сцепления 5/8"" 31420-37141 HINO300/DYNA BU3##,WU30#/34#/XZU3# 02~ SKV",66,1640,SKV,31420-37141,Хабаровск
2025-08-26 14:13:02,"Главный цилиндр сцепления 5/8"" 31420-37141 HINO300/DYNA BU3##,WU30#/34#/XZU3# 02~ Y",61,2127,Yamasida,31420-37141,Хабаровск
2025-08-26 14:13:02,"Главный цилиндр сцепления 5/8"" W201-41-400A/400B/400C T2600,T3000,T3500,T4000,T4600 1985~98 Y",5,1702,Yamasida,W201-41-400A,Хабаровск
2025-08-26 14:13:02,Главный цилиндр сцепления 8-98025-308-0 ISUZU S Y,16,2127,Yamasida,8-98025-308-0,Хабаровск
2025-08-26 14:13:02,Главный цилиндр сцепления 8-98025-308-0 ISUZU SKV,52,1433,SKV,8-98025-308-0,Хабаровск
2025-08-26 14:13:02,Главный цилиндр сцепления D-128455 / DZ9114230020 / DZ9114230022 SHACMAN Дизель,1,1640,Дизель,D-128455,Хабаровск
2025-08-26 14:13:02,Главный цилиндр сцепления ME507832 MMC FUSO CANTER SKV,65,1150,SKV,ME507832,Хабаровск
2025-08-26 14:13:02,Главный цилиндр сцепления ME507832 MMC FUSO CANTER Y,12,2513,Yamasida,ME507832,Хабаровск
2025-08-26 14:13:02,Головка блока цилиндров D-127992 / 8-98018-454-0 4HK1 N-series Дизель,2,80569,Дизель,D-127992,Хабаровск
2025-08-26 14:13:02,Головка блока цилиндров D-128479 / L6300000-PJGG FAW CA6DL2 Дизель,3,70767,Дизель,D-128479,Хабаровск
2025-08-26 14:13:02,"Головка соединительная быстросъемная Duo-Matic М16х1, 5, прицеп 4528040120 WABCO",2,2261,Wabco,452 804 012 0,Хабаровск
2025-08-26 14:13:02,"Гофра глушителя 102-102 мм с припуском, двойное армирование !",20,447,Дизель,102-102 mm,Хабаровск
2025-08-26 14:13:02,"Гофра глушителя 102-203 мм с припуском, двойное армирование",19,2918,Дизель,102-203 mm,Хабаровск
2025-08-26 14:13:02,"Гофра глушителя 102-356 мм с припуском, двойное армирование",1,3410,Дизель,102-356 mm,Хабаровск
2025-08-26 14:13:02,"Гофра глушителя 128-255 мм с припуском, двойное армирование !",7,1546,Дизель,128-255 mm,Хабаровск
2025-08-26 14:13:02,"Гофра глушителя 128-355 мм с припуском, двойное армирование !",29,1893,Дизель,128-355 mm,Хабаровск
2025-08-26 14:13:02,"Гофра глушителя 45-150-250 мм с припуском, двойное армирование",2,638,Дизель,45-150-250 mm,Хабаровск
2025-08-26 14:13:02,"Гофра глушителя 45-200-300 мм с припуском, двойное армирование",15,559,Дизель,45-200-300 mm,Хабаровск
2025-08-26 14:13:02,"Гофра глушителя 45-250-350 мм с припуском, двойное армирование",27,634,Дизель,45-250-350 mm,Хабаровск
2025-08-26 14:13:02,Гофра глушителя 51-152-252 мм,39,673,Дизель,51-152-252 mm,Хабаровск
2025-08-26 14:13:02,Гофра глушителя 51-252-352 мм,3,679,Дизель,51-252-352 mm,Хабаровск
2025-08-26 14:13:02,Гофра глушителя 57-202-302 мм,16,938,Дизель,57-202-302 mm,Хабаровск
2025-08-26 14:13:02,"Гофра глушителя 63,5-102 мм с припуском, двойное армирование",11,766,Дизель,"63,5-102 mm",Хабаровск
2025-08-26 14:13:02,"Гофра глушителя 67-250 мм с припуском, двойное армирование",24,874,Дизель,67-250 mm,Хабаровск
2025-08-26 14:13:02,"Гофра глушителя 67-250-350 мм с припуском, двойное армирование",17,1092,Дизель,67-250-350 mm,Хабаровск
2025-08-26 14:13:02,"Гофра глушителя 67-300 мм с припуском, двойное армирование",17,1107,Дизель,67-300 mm,Хабаровск
2025-08-26 14:13:02,"Гофра глушителя 67-300-400 мм с припуском, двойное армирование",27,1215,Дизель,67-300-400 mm,Хабаровск
2025-08-26 14:13:02,"Гофра глушителя 67-340 мм с припуском, двойное армирование",19,1022,Дизель,67-340 mm,Хабаровск
2025-08-26 14:13:02,"Гофра глушителя 70-152 мм с припуском, двойное армирование",21,624,Дизель,70-152 mm,Хабаровск
2025-08-26 14:13:02,"Гофра глушителя 70-203 мм с припуском, двойное армирование",20,703,Дизель,70-203 mm,Хабаровск
2025-08-26 14:13:02,"Гофра глушителя 70-254 мм с припуском, двойное армирование",14,847,Дизель,70-254 mm,Хабаровск
2025-08-26 14:13:02,"Гофра глушителя 73-300-400 мм с припуском, двойное армирование",18,1196,Дизель,73-300-400 mm,Хабаровск
2025-08-26 14:13:02,"Гофра глушителя 76,2-102 мм с припуском, двойное армирование",33,831,Дизель,"76,2-102 mm",Хабаровск
2025-08-26 14:13:02,"Гофра глушителя 77-300-390 мм с припуском, двойное армирование",3,1685,Дизель,77-300-390 mm,Хабаровск
2025-08-26 14:13:02,"Гофра глушителя 80-345 мм с припуском, двойное армирование",20,1985,Дизель,80-345 mm,Хабаровск
2025-08-26 14:13:02,"Гофра глушителя 89-102 мм с припуском, двойное армирование !",22,511,Дизель,89-102 mm,Хабаровск
2025-08-26 14:13:02,"Гофра глушителя 89-350 мм с припуском, двойное армирование !",21,2535,Дизель,89-350 mm,Хабаровск
2025-08-26 14:13:02,Гофра глушителя D-127101 / 1753639 Scania Дизель,14,1935,Дизель,D-127101,Хабаровск
2025-08-26 14:13:02,ГУР D-127993 / 1-44000-957-2 CYZ52 Дизель,1,80871,Дизель,D-127993,Хабаровск
2025-08-26 14:13:02,Датчик ABS 8-98219-354-0/8-98002-215-0/1 NPR75/NPR71 ORIG,8,24109,Isuzu,8-98219-354-0,Хабаровск
2025-08-26 14:13:02,Датчик ABS D-127089 / 1892048 Scania Дизель,3,958,Дизель,D-127089,Хабаровск
2025-08-26 14:13:02,Датчик ABS D-127090 / 1892053 Scania Дизель,24,1022,Дизель,D-127090,Хабаровск
2025-08-26 14:13:02,Датчик ABS D-127091 / 1892054 Scania Дизель,17,830,Дизель,D-127091,Хабаровск
2025-08-26 14:13:02,Датчик ABS D-127610/8-97206-760-1/2/3 /NQR71/75 RR TR E057A ISUZU Дизель,1,1343,Дизель,D-127610,Хабаровск
2025-08-26 14:13:02,Датчик ABS задний правый 3565600U0010 JAC ORIG,5,1445,JAC,3565600U0010,Хабаровск
2025-08-26 14:13:02,Датчик ABS задний правый 8-98089-383-0 FVR34 ORIG,1,29220,Isuzu,8-98089-383-0,Хабаровск
2025-08-26 14:13:02,Датчик ABS угловой 4410329662 1700 мм. Mercedes /Wabco,6,5346,Wabco,4410329662,Хабаровск
2025-08-26 14:13:02,Датчик АБС со втулкой и смазкой 4410329672 WABCO !,10,3669,Wabco,4410329672,Хабаровск
2025-08-26 14:13:02,Датчик АБС угл.с трубками и разъемом) левый 463782 / A6555400817 / A6505400217 / 4410325170 Mercedes /DieselTechnic,3,5146,Diesel Technic,4.63782,Хабаровск
2025-08-26 14:13:02,"Датчик АБС угловой 0,4м правый 463783/ A6505400117 / A6555400717 Mercedes/DieselTechnic",4,3448,Diesel Technic,4.63783,Хабаровск
2025-08-26 14:13:02,Датчик АВS правый 8-98219-393-0 NPR75/NPR71 ORIG,1,35015,Isuzu,8-98219-393-0,Хабаровск
2025-08-26 14:13:02,Датчик блокировки РК / дифференциала СМ 2997386 IVECO Orig,1,5949,Iveco,2997386,Хабаровск
2025-08-26 14:13:02,Датчик вала КПП WG2209280006 HOWO ORIG,4,5616,Howo,WG2209280006,Хабаровск
2025-08-26 14:13:02,Датчик включения блокировки 3834050-A0E FAW J6,2,583,Дизель,3834050-A0E,Хабаровск
2025-08-26 14:13:02,Датчик включения блокировки моста D-126826 / 811W25503-0244 HOWO Дизель,6,772,Дизель,D-126826,Хабаровск
2025-08-26 14:13:02,Датчик воды WG9925550967 HOWO ORIG,5,2183,Howo,WG9925550967,Хабаровск
2025-08-26 14:13:02,"Датчик давления 5, 5 Bar 462065 / A0045455414 Mercedes/ DieselTechnic !",1,1310,Diesel Technic,4.62065,Хабаровск
2025-08-26 14:13:02,"Датчик давления D-125061 / 8-97615-622-0 C,F-series Дизель",3,1741,Дизель,D-125061,Хабаровск
2025-08-26 14:13:02,Датчик давления D-127102 / 89420-E0030 /91СР341 HINO Дизель,4,1941,Дизель,D-127102,Хабаровск
2025-08-26 14:13:02,Датчик давления D-127886 / VG1099090112 HOWO Дизель,6,1292,Дизель,D-127886,Хабаровск
2025-08-26 14:13:02,Датчик давления D-128304 / 1026621GD050 JAC S7 Дизель,2,1338,Дизель,D-128304,Хабаровск
2025-08-26 14:13:02,Датчик давления воздуха (впуск) 89424-60010 HINO 300 E-3 Y,4,1355,Yamasida,89424-60010,Хабаровск
2025-08-26 14:13:02,Датчик давления воздуха (впуск) D-127002 / 89424-60010 HINO 300 E-3 Дизель,43,1317,Дизель,D-127002,Хабаровск
2025-08-26 14:13:02,Датчик давления воздуха D-128523 / 8-98009-418-0 CX#/CY#/FR#/FS#/NLR/NMR85 07~ Дизель,7,1400,Дизель,D-128523,Хабаровск
2025-08-26 14:13:02,Датчик давления и температуры наддува D-127103 / 1-80220-014-0 CYZ51/CXZ/EXZ Дизель,1,4131,Дизель,D-127103,Хабаровск
2025-08-26 14:13:02,Датчик давления масла 202V274210313 HOWO ORIG,3,4076,Howo,202V274210313,Хабаровск
2025-08-26 14:13:02,Датчик давления масла 4076930F/5677803 ISF 3.8 JAC Cummins ORIG,1,980,JAC,4076930F,Хабаровск
2025-08-26 14:13:02,Датчик давления масла D-127887 / 202V274210313 HOWO Дизель,14,1163,Дизель,D-127887,Хабаровск
2025-08-26 14:13:02,"Датчик давления на коллекторе 8-98112-831-0 N,F-series (CNG) ГАЗ ORIG",4,7505,Isuzu,8-98112-831-0,Хабаровск
2025-08-26 14:13:02,Датчик давления пневмосистемы D-127888 / 811W25503-0275 HOWO Дизель,16,567,Дизель,D-127888,Хабаровск
2025-08-26 14:13:02,Датчик давления топливной рампы D-125413 / 8-98119-790-0/1/8-97318-684-0 6WF1/6WG1/4HK1/4JJ1 Дизель,12,7056,Дизель,D-125413,Хабаровск
2025-08-26 14:13:02,Датчик детонации D-128299 / 1026603GAA JAC JS4/J7/T6 Дизель,9,954,Дизель,D-128299,Хабаровск
2025-08-26 14:13:02,Датчик заднего хода 8-98180-973-0 / 8-97165-947-1 Y,8,756,Yamasida,8-98180-973-0,Хабаровск
2025-08-26 14:13:02,Датчик заднего хода 84210-1180/84210-1190/ZS06-HO002 HINO RANGER/PROFIA 500/700 1984-1999,19,405,Дизель,84210-1180,Хабаровск
2025-08-26 14:13:02,Датчик заднего хода D-128130 / 8-98180-973-0 / 8-97165-947-1 Дизель,17,396,Дизель,D-128130,Хабаровск
2025-08-26 14:13:02,Датчик заднего хода HINO TH-B316 / 6501-3594-03 Y,27,966,Yamasida,6501-3594-03,Хабаровск
2025-08-26 14:13:02,Датчик заднего хода HINO TH-В316/6501-3594-03 Y,3,770,Yamasida,6501-3594-03,Хабаровск
2025-08-26 14:13:02,Датчик заднего хода MMC CANTER FE3#/4#/FK4#/5 TH-B315/MC840590 Y,12,850,Yamasida,MC840590,Хабаровск
2025-08-26 14:13:02,Датчик заднего хода MMC FUSO FV320 TH-B318/MC842729,21,926,Yamasida,MC842729,Хабаровск
2025-08-26 14:13:02,Датчик заднего хода NISSAN UD MK210 14.5t `96~ D-127110/TH-B515/25310-00Z16 Дизель,6,644,Дизель,D-127110,Хабаровск
2025-08-26 14:13:02,Датчик заднего хода NISSAN UD-8/10 TH-B514/25310-Z2014 Y,22,1099,Yamasida,25310-Z2014,Хабаровск
2025-08-26 14:13:02,Датчик коленвала 200V27120-7038 HOWO ORIG,1,1019,Howo,200V27120-7038,Хабаровск
2025-08-26 14:13:02,Датчик коленвала 4НК1 D-126671/8-97606-943-0 NQR90/NPR75/FVR34/FSR90 ISUZU Дизель,60,667,Дизель,D-126671,Хабаровск
2025-08-26 14:13:02,Датчик коленвала D-126672 / 8-97306-113-1 NQR75 TW E010A ISUZU Дизель,16,850,Дизель,D-126672,Хабаровск
2025-08-26 14:13:02,Датчик КПП 79100710069 Howo,1,155,Дизель,79100710069,Хабаровск
2025-08-26 14:13:02,Датчик масляный D-125311 / 8-97176-230-0 NQR71/75/90/NPR75/FSR90/NLR85 Дизель,2,335,Дизель,D-125311,Хабаровск
2025-08-26 14:13:02,Датчик масляный D-127140 / 8-97176-230-0 NQR71/75/90/NPR75/FSR90/NLR85 Дизель,15,279,Дизель,D-127140,Хабаровск
2025-08-26 14:13:02,Датчик наружней температуры D-126473 / 812W61942-0097/5 Howo/Sitrak C7H Дизель,5,606,Дизель,D-126473,Хабаровск
2025-08-26 14:13:02,Датчик оборотов распредвала D-125813 / 1000071382 JAC N350 Дизель,1,1332,Дизель,D-125813,Хабаровск
2025-08-26 14:13:02,Датчик оборотов распредвала D-126832 / 612630030007/0281002315/621630030007 JAC/FOTON/FAW/SHAANXI,26,1172,Дизель,D-126832,Хабаровск
2025-08-26 14:13:02,Датчик педали акселератора D-127111 / S8944-16950 E13C HINO 700 Дизель,7,1399,Дизель,D-127111,Хабаровск
2025-08-26 14:13:02,Датчик положения коленвала D-126834 / 3602060A630-0000 FAW/FOTON Дизель,6,2612,Дизель,D-126834,Хабаровск
2025-08-26 14:13:02,Датчик положения нейтрали D-128524 / 8-98324-878-0 NQR/NPR75 Дизель,17,457,Дизель,D-128524,Хабаровск
2025-08-26 14:13:02,Датчик сенсорный CY-33 8-97129-704-0 ISUZU NKR/NPR/NHR/NHS 93~ Y,8,2151,Yamasida,8-97129-704-0,Хабаровск
2025-08-26 14:13:02,Датчик сенсорный CY-36 83190-1360 HINO 90.05~ RU/HU/CH/FN2P/FS3F !,1,4299,,83190-1360,Хабаровск
2025-08-26 14:13:02,"Датчик сенсорный CY-39 D-127115 / 83181-37050 DYNA/TOYOACE BU3##,WU30#,34#,XZU3## 99~ Дизель",97,1043,Дизель,D-127115,Хабаровск
2025-08-26 14:13:02,Датчик сенсорный D-127113 / 1-83127-115-0 / 1-83127-046-1 CXG/CXH/CVS/CXW/CYW/FSR/FSD 86~ Дизель,38,1217,Дизель,D-127113,Хабаровск
2025-08-26 14:13:02,Датчик скорости D-126674/8-97328-058-1/0 CX#/CY#/FR#/NKR/NPR ISUZU Дизель,17,871,Дизель,D-126674,Хабаровск
2025-08-26 14:13:02,"Датчик скорости D-127092/1-80240-029-0/8-98234-167-0 C,F-series Дизель",1,1185,Дизель,D-127092,Хабаровск
2025-08-26 14:13:02,Датчик скорости D-127094 / 8-97256-525-0 EG0816 NQR71 Дизель,2,643,Дизель,D-127094,Хабаровск
2025-08-26 14:13:02,Датчик спидометра 3 конт. DZ9100580142 SH F3000 SHAANXI,2,553,Дизель,DZ9100580142,Хабаровск
2025-08-26 14:13:02,Датчик спидометра D-125816 / 94600-8A500 JAC Дизель,10,713,Дизель,D-125816,Хабаровск
2025-08-26 14:13:02,Датчик спидометра D-125817 / C03054-16 JAC N350 Дизель,1,2684,Дизель,D-125817,Хабаровск
2025-08-26 14:13:02,Датчик спидометра D-126676/8-97377-920-0/8-97129-704-0/8-97118-810-0 NPR66 ISUZU Дизель,49,357,Дизель,D-126676,Хабаровск
2025-08-26 14:13:02,Датчик спидометра МЭ307 Белаз,35,892,БЕЛАЗ,МЭ307,Хабаровск
2025-08-26 14:13:02,Датчик стоп сиглана D-127095 / MC134474 Fuso Canter (K) Дизель,18,403,Дизель,D-127095,Хабаровск
2025-08-26 14:13:02,"Датчик стоп сигнала 8-98000-028-0 ISUZU NPR75/NLR,NMR85/NQR90 Y",23,306,Yamasida,8-98000-028-0,Хабаровск
2025-08-26 14:13:02,"Датчик стоп сигнала D-127096 / 8-98000-028-0 ISUZU NPR75/NLR,NMR85/NQR90 (K) Дизель",51,315,Дизель,D-127096,Хабаровск
2025-08-26 14:13:02,Датчик стоп сигнала MC134474 Fuso Canter Y,15,412,Yamasida,MC134474,Хабаровск
2025-08-26 14:13:02,Датчик температурный 25250-90008 TG-90012 ...V GEN,2,605,GEN,TG-90012,Хабаровск
2025-08-26 14:13:02,Датчик температурный 83420-89102 / S8342-01240 Original,1,2170,HINO-TOYOTA,83420-89102,Хабаровск
2025-08-26 14:13:02,Датчик температуры 8-98023-717-0 / 8-97170-327-0 NQR71/75/NLR85 E063A Y,24,1179,Yamasida,8-98023-717-0,Хабаровск
2025-08-26 14:13:02,Датчик температуры 89424-E0030 HINO 700,5,1842,Дизель,89424-E0030,Хабаровск
2025-08-26 14:13:02,Датчик температуры и давления впускного воздуха 3602035A630-0000 FAW,1,2588,Дизель,3602035A630-0000,Хабаровск
2025-08-26 14:13:02,Датчик температуры ОЖ 4954905 JAC N120/Камаз Cummins ISF3.8 Е-5 ORIG,1,719,Cummins,4954905,Хабаровск
2025-08-26 14:13:02,Датчик температуры ОЖ D-126842 / 3602015B630-0000 FAW Дизель,8,1165,Дизель,D-126842,Хабаровск
2025-08-26 14:13:02,Датчик температуры ОЖ MC844972 Fuso Canter Y,5,559,Yamasida,MC844972,Хабаровск
2025-08-26 14:13:02,Датчик температуры ОЖ ME202053 Fuso Canter Y,25,794,Yamasida,ME202053,Хабаровск
2025-08-26 14:13:02,Датчик температуры топлива ТНВД D-125193/8-98023-581-0/8-97216-283-0/8-97238-596-0 NQ/NP75/90/NL/NM85 Дизель,1,431,Дизель,D-125193,Хабаровск
2025-08-26 14:13:02,Датчик топливного сепаратора D-125192/8-97605-127-3 ISUZU CYZ51/CXZ/EXZ51 Дизель,3,2754,Дизель,D-125192,Хабаровск
2025-08-26 14:13:02,Датчик уровня масла в картере двигателя 8-97328-993-1 4HK1-T NQR90/NPR75 ORIG,3,3795,Isuzu,8-97328-993-1,Хабаровск
2025-08-26 14:13:02,Датчик уровня мочевины 1205270Y3J53 JAC N350 WP10 E-5 (NON-GENUINE),3,10977,Дизель,1205270Y3J53,Хабаровск
2025-08-26 14:13:02,Датчик уровня охл жидкости 94680-Y40LB JAC N350 WP10 E-5 (NON-GENUINE),1,1838,Дизель,94680-Y40LB,Хабаровск
2025-08-26 14:13:02,Датчик уровня пола 4410500110 / TT6116005 / A0005424018 / 98472878 WABCO,1,8501,Wabco,4410500110,Хабаровск
2025-08-26 14:13:02,"Датчик уровня пола резьба М 27x1 MAZ, RVI 4410500100 WABCO",1,9044,Wabco,4410500100,Хабаровск
2025-08-26 14:13:02,Датчик уровня топлива 3806040-DR100 FAW,1,3632,Дизель,3806040-DR100,Хабаровск
2025-08-26 14:13:02,Датчик уровня топлива WG9925550002 HOWO T5G,5,2268,Дизель,WG9925550002,Хабаровск
2025-08-26 14:13:02,Дверная петля верхняя IZNR94093/8-97852-007-3 (RH/UP=LH/UP) ISUZU ELF NPR/NKR/NHR 93-04,2,728,Дизель,IZNR94093,Хабаровск
2025-08-26 14:13:02,Дверная петля нижняя IZNR94094 (RH/UP=LH/UP) SUZU ELF NPR/NKR/NHR 93-04 !,2,752,Дизель,IZNR94094,Хабаровск
2025-08-26 14:13:02,Дверь L ISUZU ELF NPR/NKR/NQR75 94- (5 отв. для зеркала) IZNR94029/IZ07-0603-02 Taiwan,1,29813,Дизель,NQR75,Хабаровск
2025-08-26 14:13:02,Дверь зад.(двухкаб) R 77004-4E000 BONGO III !,1,6577,Hyundai-Kia,77004-4E000,Хабаровск
2025-08-26 14:13:02,Дверь левая 8-98260-602-0 NLR85/NMR85/NPR75/NQR90 ORIG,4,44951,Isuzu,8-98260-602-0,Хабаровск
2025-08-26 14:13:02,Дверь левая D-125515/67002-37511/67002-37510 HINO 300 Дизель,2,47696,Дизель,D-125515,Хабаровск
2025-08-26 14:13:02,Дверь левая D-127995/8-98171-234-0/8-98075-729-0 N-series Дизель,6,25415,Дизель,D-127995,Хабаровск
2025-08-26 14:13:02,Дверь правая D-125071 / 8-98171-225-0 / 8-98075-726-1 N-series Дизель,1,23223,Дизель,D-125071,Хабаровск
2025-08-26 14:13:02,Дверь правая D-127315/8-98171-226-0/8-98075-728-0 N-series Дизель,5,22874,Дизель,D-127315,Хабаровск
2025-08-26 14:13:02,Дефлектор внешний правый 943/162 / A9438841722 Covind !,1,5584,Covind,943/162,Хабаровск
2025-08-26 14:13:02,Диафрагма тормозной камеры МАЗ 500351915001,5,243,JMC,Диафрагма тормозной камеры МАЗ 500351915001,Хабаровск
2025-08-26 14:13:02,Диодный мост D-056/FDS-4178/L160-4320 8-94167-411-0/8-94408-396-0/8-94408-376-0 WFS62 4FG1 FD,2,1113,JMC,8-94408-396-0,Хабаровск
2025-08-26 14:13:02,Диодный мост D-060/FDS-4181/23230-02N09 / 23232-02N09 / D-061,1,1952,New-Era,D-060,Хабаровск
2025-08-26 14:13:02,Диодный мост D-062/FDS-4178/L225-6320 8-94475-472-0/23230-02N07/24V 25A//12V 60A/ 4JG2T NEW-ERA,1,1369,New-Era,D-062,Хабаровск
2025-08-26 14:13:02,Диодный мост D-092/FDS-4185 27357-72150 12V,1,1644,F.D,27357-72150,Хабаровск
2025-08-26 14:13:02,Диодный мост D-608 8-97249-333-0,1,2007,New-Era,D-608,Хабаровск
2025-08-26 14:13:02,Диодный мост D-610 8-97148-169-1,1,2059,New-Era,D-610,Хабаровск
2025-08-26 14:13:02,Диодный мост D-056/FDS-4178/L160-4320 8-94167-411-0/8-94408-396-0/8-94408-376-0 WFS62 4FG1 FD,8,1989,New-Era,8-94167-411-0,Хабаровск
2025-08-26 14:13:02,"Диодный мост A860T29370/ME701030/FW419,MK618,FK335E/6D14,6D15,6D17,6DC11",1,2870,F.D,FDS-4414,Хабаровск
2025-08-26 14:13:02,Диодный мост L190G-63204/L190G-4320 23230-1P000/05/L190G-73203,1,3029,JMC,23230-1P000,Хабаровск
2025-08-26 14:13:02,"Диодный мост L225-4320 8-94156-596-0/8-94167-412-0 NKR58E,NPR,NPS 4HF1,4HE1,4BE1",1,3395,JMC,8-94156-596-0,Хабаровск
2025-08-26 14:13:02,Диск индексный 1005012FD020 JAC N35 ORIG,1,433,JAC,1005012FD020,Хабаровск
2025-08-26 14:13:02,Диск колеса D-125825 / 3101010Y4P00 JAC Дизель,24,12227,Дизель,D-125825,Хабаровск
2025-08-26 14:13:02,Диск колесный (8 отверстий) 19.5x6.75,60,6772,Дизель,19.5x6.75,Хабаровск
2025-08-26 14:13:02,Диск колесный 16x5.5 1/2 (6 отверстий),66,6983,Дизель,16x5,Хабаровск
2025-08-26 14:13:02,"Диск колесный 22,5x9,00 10х335/281/175 (евро) усиленный 16мм, 50кг 10 отв.",170,9322,Дизель,22.5x9.00,Хабаровск
2025-08-26 14:13:02,"Диск колесный 22.5x8.25 (10 отверстий) 281мм, б/к",20,10591,Дизель,"22.5x8,25",Хабаровск
2025-08-26 14:13:02,Диск сцепления 1-87610-119-0 6HK FVR ORIG CHINA,3,18731,Isuzu,1-87610-119-0,Хабаровск
2025-08-26 14:13:02,Диск сцепления 1600200LD300 N56 JAC STCO,5,5242,STCO,16002-00LD300,Хабаровск
2025-08-26 14:13:02,Диск сцепления 1600200LE070 JAC STCO,29,5087,STCO,16002-00LE070,Хабаровск
2025-08-26 14:13:02,Диск сцепления 1601200LE352XZ-AM001 N120 JAC STCO,14,9272,STCO,1601200LE352XZ-AM001,Хабаровск
2025-08-26 14:13:02,"Диск сцепления 2085863/1878 003 839 430мм Scania P,G,R,T - series STCO",26,12052,STCO,2085863,Хабаровск
2025-08-26 14:13:02,"Диск сцепления 236*150*21*29,8 TYD112/U/31250-36220 STCO",40,1969,STCO,31250-28082,Хабаровск
2025-08-26 14:13:02,"Диск сцепления 240*160*24*25,6 / ISD101 / 8-94159-975-0 STCO",58,2044,STCO,8-94159-975-0,Хабаровск
2025-08-26 14:13:02,"Диск сцепления 260*150*24*25,6 / NSD014U / 30100-02T66 STCO",47,2331,STCO,30100-02T66,Хабаровск
2025-08-26 14:13:02,Диск сцепления 260*170*12*28 / MZD017U STCO,35,2007,STCO,SE02-16-460,Хабаровск
2025-08-26 14:13:02,Диск сцепления 260*170*12*28 / MZD063U / SE03-16-460B STCO,60,2345,STCO,SE03-16-460B,Хабаровск
2025-08-26 14:13:02,"Диск сцепления 260*170*14*29,4 / MFD013U / ME500316 SKV",2,2008,SKV,ME500316,Хабаровск
2025-08-26 14:13:02,"Диск сцепления 260*170*14*29.4 / ME500917 / MFD084U Canter FB6, FE5, FE6 96-2001 STCO",96,2761,STCO,ME500917,Хабаровск
2025-08-26 14:13:02,"Диск сцепления 260*170*21*29,8 / TYD080/TYD015 STCO",42,2239,STCO,31250-36113,Хабаровск
2025-08-26 14:13:02,"Диск сцепления 275*175*14*35,2 MFD094U/ME516321 Canter STCO",4,3909,STCO,ME516321,Хабаровск
2025-08-26 14:13:02,"Диск сцепления 275*175*21*29,8 / TYD078Y / 31250-36410 STCO",39,2562,STCO,31250-36410,Хабаровск
2025-08-26 14:13:02,"Диск сцепления 275*180*12*28,0 / MZD065U / 0727-16-460A/MZD062/MZD003 STCO",41,2761,STCO,0727-16-460A,Хабаровск
2025-08-26 14:13:02,"Диск сцепления 275*180*24*25,6 / ISD102 / 5-31240-043-0 STCO",28,3140,STCO,5-31240-043-0,Хабаровск
2025-08-26 14:13:02,"Диск сцепления 300*190*14*35,2 CR-MFD067U / ME521813 Керамика STCO",55,5196,STCO,ME521813,Хабаровск
2025-08-26 14:13:02,Диск сцепления 300*190*14*35.2 41100-5K100 HD65/72 (ан. VALEO) STCO,11,3440,STCO,41100-5K100,Хабаровск
2025-08-26 14:13:02,"Диск сцепления 300*190*16*30,0 NDD 018 U SDE",1,3600,JMC,NDD018U,Хабаровск
2025-08-26 14:13:02,"Диск сцепления 300*190*16*30,0 NDD018U / 30100-Z5166 STCO",57,3962,STCO,30100-Z5166,Хабаровск
2025-08-26 14:13:02,"Диск сцепления 300*190*24*25,6 / CR-ISD114 / 8-94339-800-0/ NSD112 Керамика MENCH !",12,2263,Дизель,8-94339-800-0,Хабаровск
2025-08-26 14:13:02,"Диск сцепления 325*210*10*38,1 / HND008 / 31250-2621/HND063U/ISD010U/ISD143 STCO",34,4181,STCO,31250-2621,Хабаровск
2025-08-26 14:13:02,Диск сцепления 325*210*14*32.4 31250-E0760/31250-37320 HINO300/TOYOTA XZU4#/3# N04C damping type (BVP quality),51,8532,Дизель,D-127642,Хабаровск
2025-08-26 14:13:02,Диск сцепления 325*210*14*32.4 8S HND092/31250-E0760/31250-37320 HINO300 damping type STCO,80,4187,STCO,31250-E0760,Хабаровск
2025-08-26 14:13:02,"Диск сцепления 325*210*14*35,2 ISD092/MFD005/MFD068Y/ME520436 /8-97259-940-0 HINO300 Active hub STCO",28,4187,STCO,8-97259-940-0,Хабаровск
2025-08-26 14:13:02,"Диск сцепления 325*210*14*35.2 / MFD072U / ME517724,ME523396 Fuso CANTER 4M50 (8S) STCO",67,4361,STCO,ME517724,Хабаровск
2025-08-26 14:13:02,Диск сцепления 325*210*14*35.2 8-97362-235-1/8-98255-140-1/5-87610-080-0 (act hub) SKV Premium (BVP),282,7236,SKV Premium,8-98255-140-1,Хабаровск
2025-08-26 14:13:02,Диск сцепления 325*210*14*35.2 8-97362-235-1/8-98255-140-1/5-87610-080-0/1 ISD098U (active hub) MYY6 STCO,4,4389,STCO,8-97362-235-1,Хабаровск
2025-08-26 14:13:02,"Диск сцепления 325*210*14*37,6 / MFD066N/Y/S / ME521044 STCO",38,3557,STCO,ME521044,Хабаровск
2025-08-26 14:13:02,"Диск сцепления 325*210*16*30,0 CR-NDD022Y / 30100-Z5008 STCO",31,6011,STCO,30100-Z5008,Хабаровск
2025-08-26 14:13:02,"Диск сцепления 325*210*16*30,0 CR-NDD022Y / 30100-Z5008 Керамика SKV",26,4813,SKV,30100-Z5008,Хабаровск
2025-08-26 14:13:02,Диск сцепления 350*212*14*44 / MFD037U / ME521057 STCO,50,5786,STCO,ME521057,Хабаровск
2025-08-26 14:13:02,"Диск сцепления 350*220*10*38,1 CR-ISD036Y /1-31240-381-0 Керамика STCO",24,7110,STCO,CR-ISD036Y,Хабаровск
2025-08-26 14:13:02,"Диск сцепления 350*220*10*44,7 / HND016Y / 31250-2750 STCO",39,5697,STCO,31250-2750,Хабаровск
2025-08-26 14:13:02,"Диск сцепления 350*220*10*44,7 / ISD084U / 1-31240-971-1 FSR90 STCO",1,5367,STCO,1-31240-971-0,Хабаровск
2025-08-26 14:13:02,Диск сцепления 350*220*10*45 ISD193U / 1-87610-140-0 Activ Hub 8S SKV,10,7177,SKV,1-87610-140-0,Хабаровск
2025-08-26 14:13:02,Диск сцепления 350*220*10*45 ISD193U / 1-87610-140-0 Activ Hub 8S STCO,47,7137,STCO,1-87610-140-0,Хабаровск
2025-08-26 14:13:02,"Диск сцепления 380*220*10*44,5/ HND029 / 31250-2920 STCO",114,6781,STCO,31250-2920,Хабаровск
2025-08-26 14:13:02,Диск сцепления 380*220*10*44.5 HND058Y HINO500 31250-E0520 STCO,18,6483,STCO,31250-E0520,Хабаровск
2025-08-26 14:13:02,Диск сцепления 380*220*14*44 / MFD071Y / ME521606 STCO,17,6641,STCO,ME521606,Хабаровск
2025-08-26 14:13:02,"Диск сцепления 380*240*10*44,7 / ISD058U / 1-31240-739-0 /MFD099U STCO",39,6079,STCO,1-31240-739-0,Хабаровск
2025-08-26 14:13:02,Диск сцепления 380*240*10*44.7 1-31240-972-1 / ISD161U 6HK FVR STCO,65,8868,STCO,1-31240-972-1,Хабаровск
2025-08-26 14:13:02,Диск сцепления 380*240*10*44.7 1-31240-972-1 6HK FVR (BVP quality),34,10481,Дизель,1-31240-972-1,Хабаровск
2025-08-26 14:13:02,Диск сцепления 380*240*10*44.7 1-31240-972-1 6HK FVR SKV Premium (BVP),40,13732,SKV Premium,1-31240-972-1,Хабаровск
2025-08-26 14:13:02,"Диск сцепления 380*240*10*50,8 / ISD031 / 1-31240-539-1 SKV",74,3434,SKV,1-31240-539-1,Хабаровск
2025-08-26 14:13:02,"Диск сцепления 380*240*10*50,8 / ISD031 / 1-31240-539-1 STCO",49,5369,STCO,1-31240-539-1,Хабаровск
2025-08-26 14:13:02,Диск сцепления 380*240*12*42.0 / NDD017 / 30100-90612 SKV,15,4059,SKV,30100-90612,Хабаровск
2025-08-26 14:13:02,Диск сцепления 380*240*14*48.0 MFD 062,1,2264,JMC,MFD 062,Хабаровск
2025-08-26 14:13:02,"Диск сцепления 400*250*10*50,8 / HND018Y / 31250-2900 STCO",16,5837,STCO,31250-2900,Хабаровск
2025-08-26 14:13:02,Диск сцепления 400*250*14*48 / MFD018 / ME550251 SKV,24,4972,SKV,ME550251,Хабаровск
2025-08-26 14:13:02,Диск сцепления 410*260*16*45 ISD008/ISD007 1-31240-928-0 CVS/CXW/CYW 1987-1999 STCO,69,5623,STCO,1-31240-286-0,Хабаровск
2025-08-26 14:13:02,Диск сцепления 420*44.6*10 зуб / WG1560161130 / SHACMAN,1,8080,Дизель,WG1560161130,Хабаровск
2025-08-26 14:13:02,Диск сцепления 430*250*10*50.8 1-31240-865-0/1-31240-980-1/ISD097U CYZ52/HINO700 Керамика STCO,79,14386,STCO,1-31240-980-1,Хабаровск
2025-08-26 14:13:02,Диск сцепления 430*250*10*50.8 1-31240-865-0/980-/1-87611-002-0 CYZ52/HIN700 SKV Premium (BVP),94,19619,SKV Premium,1-31240-865-1,Хабаровск
2025-08-26 14:13:02,Диск сцепления 430*250*10*50.8 1-31240-865-0/980-0/1-87611-002-0/31250-E0071 CYZ52/HIN700 ORIG CHINA,5,20105,Isuzu,1-87611-002-0,Хабаровск
2025-08-26 14:13:02,"Диск сцепления 430*250*14*48,0 ME521203/MFD058U STCO",28,7578,STCO,ME521203,Хабаровск
2025-08-26 14:13:02,"Диск сцепления 430*250*18*50,0 /NDD036Y/NDD054U Керамика SKV",13,7534,SKV,NDD036Y,Хабаровск
2025-08-26 14:13:02,Диск сцепления 430*250*18*50.0 / NDD054U/NDD036Y/30100-90677 STCO,40,7111,STCO,30100-90677,Хабаровск
2025-08-26 14:13:02,Диск сцепления 430*260*16*45 / ISD029Y / 1-31240-240-0 STCO,37,7285,STCO,1-31240-240-0,Хабаровск
2025-08-26 14:13:02,"Диск сцепления 430*260*16*45,0 / ISD029Y Керамика SKV !",19,6949,SKV,CR-ISD029Y,Хабаровск
2025-08-26 14:13:02,Диск сцепления 430*260/10*50.8*41*7.9 WG9925160822 SITRAK T7H STCO,49,10052,STCO,WG9925160822,Хабаровск
2025-08-26 14:13:02,Диск сцепления 430*41*50.8 D-126916/СК8047/612600170059 FAW/HOWO/SHACMAN Дизель,1,5300,Дизель,D-126916,Хабаровск
2025-08-26 14:13:02,Диск сцепления D-125828 / 1601200LE35-2XZ / WJ380DI01 / 1108916100004 JAC N120 Дизель,13,12358,Дизель,D-125828,Хабаровск
2025-08-26 14:13:02,Диск сцепления D-125829 / 41100-Y44Q0 JAC N350 Дизель,9,6891,Дизель,D-125829,Хабаровск
2025-08-26 14:13:02,Диск сцепления D-126484 / 1601210-76А/В*А000 FAW Дизель,8,3936,Дизель,D-126484,Хабаровск
2025-08-26 14:13:02,Диск сцепления D-126727 / 1601210-76A/A FAW J6 Дизель,1,3668,Дизель,D-126727,Хабаровск
2025-08-26 14:13:02,Диск сцепления D-127889 / WG9114160020 HOWO Дизель,16,4502,Дизель,D-127889,Хабаровск
2025-08-26 14:13:02,"Диск сцепления DT-072 260*170*14*29,4 / MFD013",1,2794,JMC,MFD013,Хабаровск
2025-08-26 14:13:02,Диск сцепления HYD107U/41100-43300 JAPAN H100/150/200 (упаковка НЕСТАНДРТ) EXEDY,36,3219,Exedy,HYD107U,Хабаровск
2025-08-26 14:13:02,Диск сцепления SCBJ-1600200LE070-6001 JAC (BVP quality),7,9392,Дизель,SCBJ-1600200LE070-6001,Хабаровск
2025-08-26 14:13:02,Диск тормозной 0К40С-33251 BONGO III 2.9,1,5944,JMC,0К40С-33251,Хабаровск
2025-08-26 14:13:02,Диск тормозной 8-98001-342-0 NLR85 ISUZU Diesel !,8,8227,Дизель,8-98001-342-0,Хабаровск
2025-08-26 14:13:02,Диск тормозной AZ711744430002 HOWO ORIG,28,15742,Howo,AZ711744430002,Хабаровск
2025-08-26 14:13:02,"Диск фр.430*250*5-18 (шт), шт, (Ш) 430*250*5-18",3,1155,JMC,(Ш) 430*250*5-18,Хабаровск
2025-08-26 14:13:02,Диффузор радиатора D-126485 / 712W06620-0005 Sitrak C7H Дизель,1,5097,Дизель,D-126485,Хабаровск
2025-08-26 14:13:02,Дозатор (клапан) топлива на тнвд D-126486 / 200V11103-0002/0928400746 MC11 Sitrak C7H Дизель,4,7680,Дизель,D-126486,Хабаровск
2025-08-26 14:13:02,Дроссельная заслонка 1026160FD020 JAC N35 Cummins ORIG,1,15377,Cummins,1026160FD020,Хабаровск
2025-08-26 14:13:02,"Заглушка ГБЦ 9-11129-128-0 OD=20 C,F,N series ORIG",1,289,Isuzu,9-11129-128-0,Хабаровск
2025-08-26 14:13:02,Заклёпка тормозной накладки D-125831 / Q4640819F3 JAC Дизель,394,7,Дизель,D-125831,Хабаровск
2025-08-26 14:13:02,Замок двери L (механизм) 6105110W5000 JAC N35 ORIG,1,2576,JAC,6105110W5000,Хабаровск
2025-08-26 14:13:02,Замок зад.двери в сборе L 81410-4E000 BONGO III !,2,556,Дизель,814104E000,Хабаровск
2025-08-26 14:13:02,Замок зажигания 3704010-A01/D FAW J6,1,1942,Дизель,3704010-A01/D,Хабаровск
2025-08-26 14:13:02,Замок капота в сборе WG 1642110027/28 Howo,2,299,Howo,1642110027,Хабаровск
2025-08-26 14:13:02,"Замок правой двери D-125092 / 8-98017-421-1 F,N-series Дизель",4,3690,Дизель,D-125092,Хабаровск
2025-08-26 14:13:02,Запчасти к амортизатору 55300-5H500 HD72 RR (K),2,37,Дизель,55300-5H500,Хабаровск
2025-08-26 14:13:02,"Заслонка отопителя 8-98047-386-0 F,N series ORIG",3,563,Isuzu,8-98047-386-0,Хабаровск
2025-08-26 14:13:02,"Заслонка отопителя 8-98047-761-0 N,F-series ORIG",2,968,Isuzu,8-98047-761-0,Хабаровск
2025-08-26 14:13:02,Захват седельного устройства 9012481,1,1224,JMC,9012481,Хабаровск
2025-08-26 14:13:02,Защелка воздушного фильтра 1109102LD080 JAC N90 ORIG,6,76,JAC,1109102LD080,Хабаровск
2025-08-26 14:13:02,Защита заднего фонаря 3773010Y41SC JAC N350 (NON-GENUINE),1,2108,Дизель,3773010Y41SC,Хабаровск
2025-08-26 14:13:02,Защита пластиковая правой ступеньки D-125079 / 1-71907-186-2/1 ISUZU CYZ51 Дизель,3,1593,Дизель,D-125079,Хабаровск
2025-08-26 14:13:02,Зеркала заднего вида 2185,1,1354,JMC,2185,Хабаровск
2025-08-26 14:13:02,Зеркало SL- 1671 NISSAN UD/BUS 325*190mm YD,1,283,Дизель,1671,Хабаровск
2025-08-26 14:13:02,Зеркало SL-1610,12,634,Дизель,SL-1610,Хабаровск
2025-08-26 14:13:02,Зеркало SL-1611,38,497,Дизель,SL-1611,Хабаровск
2025-08-26 14:13:02,Зеркало SL-1612,1,771,Дизель,SL-1612,Хабаровск
2025-08-26 14:13:02,Зеркало SL-1652 ELF NHR\NKR,1,383,Дизель,SL-1652,Хабаровск
2025-08-26 14:13:02,Зеркало SL-1662 FUSO FK\FV,4,713,Дизель,SL-1662,Хабаровск
2025-08-26 14:13:02,Зеркало SL-1671 NISSAN UD/BUS 325*190mm !,26,754,Дизель,SL-1671,Хабаровск
2025-08-26 14:13:02,Зеркало SL-1671 NISSAN UD/BUS 325*190mm YD дефект,1,196,Дизель,SL-1671,Хабаровск
2025-08-26 14:13:02,Зеркало SL-1697,3,1036,Дизель,SL-1697,Хабаровск
2025-08-26 14:13:02,Зеркало SL-1776 ISUZU ELF NKR/NPR,1,470,Дизель,SL-1776,Хабаровск
2025-08-26 14:13:02,"Зеркало SL-749EH с подогревом, автоматич управление (L=R) Isuzu NLR85/NQR90/NPR75, Hino 500/700 YD",143,2973,Дизель,SL-749EH,Хабаровск
2025-08-26 14:13:02,Зеркало SL-758 UNIVERSAL HYUNDAI; DAEWOO,2,1100,Дизель,SL-758,Хабаровск
2025-08-26 14:13:02,Зеркало боковое 8-98073-893-2 CYZ(L)EU2/3/4W/3STEP 2010 - ORIG,1,7256,Isuzu,8-98073-893-2,Хабаровск
2025-08-26 14:13:02,Зеркало габаритное в сборе 8202300LE170XZ JAC N80/КАМАЗ Компас-9 ORIG,32,1013,JAC,8202300LE170XZ,Хабаровск
2025-08-26 14:13:02,Зеркало заднего вида (с подогревом) D-128111 / 87110-45300 HYUNDAI County/HD65/72/78 Дизель,26,1274,Дизель,D-128111,Хабаровск
2025-08-26 14:13:02,Зеркало заднего вида лев 8202100W5031 JAC N35 ORIG,2,5638,JAC,8202100W5031,Хабаровск
2025-08-26 14:13:02,Зеркало переднего обзора D-125833 / 87630-Y43G6 JAC N350 Дизель,1,1579,Дизель,D-125833,Хабаровск
2025-08-26 14:13:02,Игла для жгутов,2,452,JMC,00,Хабаровск
2025-08-26 14:13:02,Изолятор контакта втягивающего реле 5-81129-069-0 N-series 4JJ1 ORIG,3,529,Isuzu,5-81129-069-0,Хабаровск
2025-08-26 14:13:02,Камень кулисный 60530890 /A9472650349 Mercedes / Euroricambi,1,908,Euroricambi,60530890,Хабаровск
2025-08-26 14:13:02,Камера торм передняя D-126677 / S49U0-E0370 HINO 700 E-5 Дизель,5,8379,Дизель,D-126677,Хабаровск
2025-08-26 14:13:02,Камера торм передняя D-126678 / S49U0-E0380 HINO 700 E-5 Дизель,21,6787,Дизель,D-126678,Хабаровск
2025-08-26 14:13:02,Камера тормозная 8-98205-504-0/8-97532-918-0 NQR90 D.BEST,1,102830,Дизель,8-97532-918-0,Хабаровск
2025-08-26 14:13:02,Камера тормозная 812W50410-6885 Sitrak C7H ORIG,5,11140,Howo,812W50410-6885,Хабаровск
2025-08-26 14:13:02,Камера тормозная 812W50410-6886 Sitrak C7H ORIG,4,11140,Howo,812W50410-6886,Хабаровск
2025-08-26 14:13:02,Камера тормозная D-127318 / 2557803 Scania Дизель,2,5118,Дизель,D-127318,Хабаровск
2025-08-26 14:13:02,Камера тормозная D-127945 / 812W50410-6885 Sitrak C7H Дизель,13,3456,Дизель,D-127945,Хабаровск
2025-08-26 14:13:02,Камера тормозная D-127946 / 812W50410-6886 Sitrak C7H Дизель,9,3456,Дизель,D-127946,Хабаровск
2025-08-26 14:13:02,Камера тормозная D-127947 / WG9100364122 Sitrak Дизель,10,2752,Дизель,D-127947,Хабаровск
2025-08-26 14:13:02,Камера тормозная LH/RH D-127996 / 8-98205-503-0 / 8-98205-504-0 NQR90 Дизель,44,4317,Дизель,D-127996,Хабаровск
2025-08-26 14:13:02,Камера тормозная зад лев D-126679 / S4783-03450 E13C HINO 700 Дизель,9,3119,Дизель,D-126679,Хабаровск
2025-08-26 14:13:02,Камера тормозная зад. D-126663 / QT305D163-3530010 1066 FAW Дизель,1,3299,Дизель,D-126663,Хабаровск
2025-08-26 14:13:02,Камера тормозная зад. правая D-126664 / QT305D163-3530020 1066 FAW Дизель,1,3260,Дизель,D-126664,Хабаровск
2025-08-26 14:13:02,Камера тормозная перед D-128218 / 2530931 Scania Дизель,18,4530,Дизель,D-128218,Хабаровск
2025-08-26 14:13:02,Камера тормозная переднего моста 3519110-363 FAW,1,1422,Дизель,3519110-363,Хабаровск
2025-08-26 14:13:02,Камера тормозная передняя лев 3519010-X141J FAW,1,1682,Дизель,3519010-X141J,Хабаровск
2025-08-26 14:13:02,Камера тормозная передняя прав 3519020-X141J FAW,1,1682,Дизель,3519020-X141J,Хабаровск
2025-08-26 14:13:02,"Катушка зажигания 8-98089-596-0 4HV1 F,N series (газ) ORIG",4,12171,Isuzu,8-98089-596-0,Хабаровск
2025-08-26 14:13:02,Катушка зажигания 8-98488-570-0 N-series 4HV1 (CNG) ГАЗ ORIG,1,17756,Isuzu,8-98488-570-0,Хабаровск
2025-08-26 14:13:02,Клавиша аварийного сигнала WG9918586001 HOWO,5,535,Дизель,WG9918586001,Хабаровск
2025-08-26 14:13:02,Клавиша включения блокировки мкд 812W25503-6020 HOWO T5G,5,772,Дизель,812W25503-6020,Хабаровск
2025-08-26 14:13:02,Клавиша включения КОМ WG9918586022 HOWO T5G,5,564,Дизель,WG9918586022,Хабаровск
2025-08-26 14:13:02,Клавиша диагностики ДВС WG9918586014 HOWO,5,564,Дизель,WG9918586014,Хабаровск
2025-08-26 14:13:02,Клавиша межколёсного дифференциала 1B24937300019,1,439,Дизель,1B24937300019,Хабаровск
2025-08-26 14:13:02,Клавиша переключения звук сиг WG9918586002 HOWO,5,653,Дизель,WG9918586002,Хабаровск
2025-08-26 14:13:02,Клапан 81.459.056.072 Man,1,296,Дизель,81459056072,Хабаровск
2025-08-26 14:13:02,Клапан EGR (система рециркуляции отработавших газов) 8-98219-180-0 FSR90 4HK1 Евро-4 ORIG,1,24380,Isuzu,8-98219-180-0,Хабаровск
2025-08-26 14:13:02,Клапан IIS-0234 1-12551-162-4/2 IN 6WG1 FUJI,13,1297,FUJI,1-12551-162-4,Хабаровск
2025-08-26 14:13:02,"Клапан вентиляции 8-97289-271-1 N,C-series ORIG",1,662,Isuzu,8-97289-271-1,Хабаровск
2025-08-26 14:13:02,Клапан воздушный распределительный D-126487 / WG9000361404 Sitrak C7H Дизель,1,863,Дизель,D-126487,Хабаровск
2025-08-26 14:13:02,Клапан впускной 330-1007011D Yuchai YC6B125/YC6108,8,598,Дизель,330-1007011D,Хабаровск
2025-08-26 14:13:02,Клапан впускной 612630050146 JAC N350 WP10 E-5 (NON-GENUINE),4,493,Дизель,612630050146,Хабаровск
2025-08-26 14:13:02,Клапан впускной D-126488 / 200V04101-0574 MC11 Sitrak C7H Дизель,8,735,Дизель,D-126488,Хабаровск
2025-08-26 14:13:02,Клапан выпуск 612630050002 JAC N350 WP10 E-5 (NON-GENUINE),4,612,Дизель,612630050002,Хабаровск
2025-08-26 14:13:02,Клапан выпускной 1007016B36DC / 1007016A36DC FAW J5,7,498,Дизель,1007016B36DC,Хабаровск
2025-08-26 14:13:02,Клапан выпускной D-126489 / 1007016A81D FAW J6 CA6DM2 Дизель,4,447,Дизель,D-126489,Хабаровск
2025-08-26 14:13:02,Клапан выпускной D-126490 / 200V04101-0546 MC11 Sitrak C7H Дизель,8,791,Дизель,D-126490,Хабаровск
2025-08-26 14:13:02,Клапан выпускной S1371-51733/13715-1733 J05E HINO 500 FUJI,16,919,FUJI,S1371-51733,Хабаровск
2025-08-26 14:13:02,Клапан выпускной V91182,1,233,JMC,V91182,Хабаровск
2025-08-26 14:13:02,Клапан головки блока выпускной 61560050041 Howo/,6,1402,Howo,61560050041,Хабаровск
2025-08-26 14:13:02,Клапан горного тормоза DF198/DF298 24V,3,2301,JMC,DF198,Хабаровск
2025-08-26 14:13:02,Клапан двигателя 0114-0405; впускной; 4BC1/4BC2/4BD1/4BE1/6BD1; ISUZU,2,1145,JMC,0114-0405,Хабаровск
2025-08-26 14:13:02,Клапан двигателя 4BC2/4/6BD/BE/BF1 IIS-0154/1-12551-050-0 FUJI,2,672,FUJI,1-12551-050-0,Хабаровск
2025-08-26 14:13:02,Клапан двигателя 4D30/4D32/4D34 EMB-5307/ME021039 FUJI,6,734,FUJI,ME021039,Хабаровск
2025-08-26 14:13:02,Клапан двигателя 4D35 EMB-5377/ME012557 FUJI,10,734,FUJI,ME012557,Хабаровск
2025-08-26 14:13:02,Клапан двигателя 4D35 IMB-0377/ME017145 FUJI,8,621,FUJI,ME017145,Хабаровск
2025-08-26 14:13:02,Клапан двигателя 4HE1/6HE/HH1 8-94395-462-0/1/2 FUJI,10,843,FUJI,8-94395-462-0,Хабаровск
2025-08-26 14:13:02,Клапан двигателя 4HE1/6HE1 IIS-0223/8-94395-113-1/0 FUJI,13,534,FUJI,8-94395-113-1,Хабаровск
2025-08-26 14:13:02,Клапан двигателя 4HF/HK/HE1 IIS-0209/8-97033-864-0/1/2 FUJI,5,731,FUJI,8-97033-864-2,Хабаровск
2025-08-26 14:13:02,Клапан двигателя 4HF1/4HG1 EIS-5226/8-97171-399-0 FUJI,10,731,FUJI,8-97171-399-0,Хабаровск
2025-08-26 14:13:02,Клапан двигателя 4HF1/4HG1 IIS-0226/8-97171-398-0 FUJI,20,731,FUJI,8-97171-398-0,Хабаровск
2025-08-26 14:13:02,Клапан двигателя 4JG2 IIS-0221/8-94363-134-0 FUJI,29,511,FUJI,8-94363-134-0,Хабаровск
2025-08-26 14:13:02,Клапан двигателя 6D15/6D16 EMB-5315/ME031939 FUJI,4,731,FUJI,ME031939,Хабаровск
2025-08-26 14:13:02,Клапан двигателя 6D17 EMB-5387/ME170315 FUJI,10,731,FUJI,ME170315,Хабаровск
2025-08-26 14:13:02,Клапан двигателя 6D17 IMB-0387/ME170313 FUJI,13,577,FUJI,ME170313,Хабаровск
2025-08-26 14:13:02,Клапан двигателя 6HK1 EIS-5232/8-97209-876-0/1/2/3 FUJI,34,598,FUJI,8-97209-876-0,Хабаровск
2025-08-26 14:13:02,Клапан двигателя 6WA1 EIS-5228/1-12552-095-0/-084-0/1/2 DOKURO,6,517,Dokuro,EIS-5228,Хабаровск
2025-08-26 14:13:02,Клапан двигателя 6WA1 IIS-0228/1-12551-145-0/1/2/3/4/5 FUJI,4,844,FUJI,1-12551-145-0,Хабаровск
2025-08-26 14:13:02,Клапан двигателя D-128250 / 13711-1631 / 13711-1632 J05-08C/S05# Дизель,69,282,Дизель,D-128250,Хабаровск
2025-08-26 14:13:02,Клапан двигателя D-128251 / 13715-1731 / 13715-1732 / 13715-1730 J05-08C/S05# Дизель,69,377,Дизель,D-128251,Хабаровск
2025-08-26 14:13:02,Клапан двигателя FE6 INS-0476/13202-Z5509 FUJI,12,731,FUJI,INS-0476,Хабаровск
2025-08-26 14:13:02,Клапан двигателя HA EMZ-5263/SE01-12-121 FUJI,32,734,FUJI,SE01-12-121,Хабаровск
2025-08-26 14:13:02,Клапан двигателя HA IMZ-0263/SE01-12-111 FUJI,32,534,FUJI,SE01-12-111,Хабаровск
2025-08-26 14:13:02,Клапан двигателя MD92 ENS-5530/13202-Z600B FUJI,18,956,FUJI,13202-Z600B,Хабаровск
2025-08-26 14:13:02,Клапан двигателя MD92 INS-0530/13201-Z6003 FUJI,18,734,FUJI,13201-Z6003,Хабаровск
2025-08-26 14:13:02,Клапан двигателя SL EMZ-5280/SL01-12-121 FUJI,7,690,FUJI,SL01-12-121,Хабаровск
2025-08-26 14:13:02,Клапан двигателя SL IMZ-0280/SL01-12-111A FUJI,5,511,FUJI,SL01-12-111,Хабаровск
2025-08-26 14:13:02,Клапан двигателя TF EMZ-5303/TF20-12-121 FUJI,34,661,FUJI,TF20-12-121,Хабаровск
2025-08-26 14:13:02,Клапан двигателя TF IMZ-0303/TF20-12-111 FUJI,16,534,FUJI,TF20-12-111,Хабаровск
2025-08-26 14:13:02,Клапан двигателя XA EMZ-5281/S501-12-121 FUJI,20,643,FUJI,S501-12-121,Хабаровск
2025-08-26 14:13:02,Клапан двигателя выпускной W04D/06D/E 13715-1570 HINO E-3/4 ORIG,16,1942,hino,S1371-51570,Хабаровск
2025-08-26 14:13:02,Клапан КПП пневматический двойной F99660 HOWO,3,938,Дизель,F99660,Хабаровск
2025-08-26 14:13:02,Клапан осушителя D-127143/1-85576-369-0/1/2/3 CXZ51KCYZ51KEXZ51KCYZ51L 6WF1 Дизель,5,10055,Дизель,D-127143,Хабаровск
2025-08-26 14:13:02,Клапан отсечки топлива 294009-1221 / 33130-48700 DENSO KOREA,4,14379,Denso,294009-1221,Хабаровск
2025-08-26 14:13:02,Клапан перепускной A0054296644 / 4341001530 Mercedes ориг !,2,4015,Mercedes,A 005 429 66 44,Хабаровск
2025-08-26 14:13:02,Клапан предохранительный RL3513JA;3513 011 0; (Китай) (Ш),1,841,JMC,RL3513JA,Хабаровск
2025-08-26 14:13:02,Клапан пропорционального давления для EBS 10bar 4802020040 WABCO !,5,36947,Wabco,4802020040,Хабаровск
2025-08-26 14:13:02,Клапан ручного торм прицепа D-126492 / WG9000360596 Sitrak C7H Дизель,1,1822,Дизель,D-126492,Хабаровск
2025-08-26 14:13:02,Клапан сброса давления с ресивера D-128195 / HDI-023 / 1-48312-004-1 ISUZU D14m Дизель,4,626,Дизель,D-128195,Хабаровск
2025-08-26 14:13:02,Клапан сброса конденсата 3513055T6020 N120 JAC ORIG,1,1013,JAC,3513055T6020,Хабаровск
2025-08-26 14:13:02,Клапан стояночного тормоза D-128219/1-48460-334-1/1-48460-340-1 C-series Дизель,17,3264,Дизель,D-128219,Хабаровск
2025-08-26 14:13:02,Клапан ТНВД 04226-E0110 N04C HINO300 E4/HINO500 E3 HINO ORIG,48,17667,Hino,04226-E0110,Хабаровск
2025-08-26 14:13:02,Клапан ТНВД 1418502217 Istana Bosch !,2,7155,Bosch,1418502217,Хабаровск
2025-08-26 14:13:02,Клапан ТНВД 8-98043-687-0 ORIG,3,10902,Isuzu,8-98043-687-0,Хабаровск
2025-08-26 14:13:02,Клапан ТНВД 9-89289-444-0 Diesel,1,10543,Дизель,989289-4440,Хабаровск
2025-08-26 14:13:02,Клапан ТНВД дозирующий 8-98145-484-1/0 4JJ1 NMR85/NLR85 ORIG,1,18940,Isuzu,8-98145-484-1,Хабаровск
2025-08-26 14:13:02,Клапан тормозной D-126855 / 3518010LE35P JAC N90/120/КАМАЗ Компас-12 Дизель,1,9587,Дизель,D-126855,Хабаровск
2025-08-26 14:13:02,Клапан тормозной распределительный ABS D-125375/1-48240-115-0/1 FVR34/NQR90/CYZ51 Дизель,1,8356,Дизель,D-125375,Хабаровск
2025-08-26 14:13:02,Клапан угловой односторонний 44510-1090 D16mm HINO/ISUZU/MMC,2,304,JMC,44510-1090,Хабаровск
2025-08-26 14:13:02,"Клапан угловой односторонний D-127872/HDE-032 /44510-1090 HINO/ISUZU/MMC D16mm, 90º HD Дизель",9,573,Дизель,D-127872,Хабаровск
2025-08-26 14:13:02,Клапан угловой односторонний MC837932 D16mm HINO/ISUZU/MMC,1,782,JMC,MC837932,Хабаровск
2025-08-26 14:13:02,Клапан ускорительный DZ9112360047 SHACMAN F3000,13,2848,Дизель,DZ9112360047,Хабаровск
2025-08-26 14:13:02,Клапан форсунки охлаждения поршневой группы 15602-1200A Hino N04C D.BEST,1,1234,Дизель,15602-1200A,Хабаровск
2025-08-26 14:13:02,Клапан форсунки охлаждения поршневой группы 15605-E0050 Hino D.BEST,2,554,Дизель,15605-E0050,Хабаровск
2025-08-26 14:13:02,Клапан четырехконтурный защитный K011931 Knorr-Bremse !,1,21123,Knorr Bremse,K011931004,Хабаровск
2025-08-26 14:13:02,Клапан электромагнитный D-126495 / 3754020-73А/В FAW Дизель,5,1852,Дизель,D-126495,Хабаровск
2025-08-26 14:13:02,Клапан/вентиль электромагнитный A0025405097 Mercedes ориг !,2,15955,Mercedes,A 002 540 50 97,Хабаровск
2025-08-26 14:13:02,Клемма АКБ КЛ016,1,66,JMC,КЛ016,Хабаровск
2025-08-26 14:13:02,"Клемма-адаптер с малой на большую (конус) ""Надежный контакт"" к-т 2 шт",1,103,Дизель,25023,Хабаровск
2025-08-26 14:13:02,Клипса 14910-05000 JAC ORIG,6,19,JAC,14910-05000,Хабаровск
2025-08-26 14:13:02,Клипса крепёжная WW-11343,4,22,LEX,WW-11343,Хабаровск
2025-08-26 14:13:02,Клипса крепления обшивки дверей 1-09987-257-0 CYZ51/CXZ ORIG,5,98,Isuzu,1-09987-257-0,Хабаровск
2025-08-26 14:13:02,Клык бампера левый 004-002-IZI-L-T CXZ/CXM/EXR 86-94 GA !,12,329,Дизель,004-002-IZI-L-T,Хабаровск
2025-08-26 14:13:02,Клык бампера левый 004-002-MBQ-L-T/MBGR97007/MC937492 FUSO FU5/FT5 10T 97-03 21T/35Т GA !,2,329,Дизель,MC937492,Хабаровск
2025-08-26 14:13:02,Клык бампера левый HNPR03020/004-002-HNU-L HINO SH 04~ GA !,3,184,Дизель,004-002-HNU-L,Хабаровск
2025-08-26 14:13:02,Клык бампера правый 004-002-IZI-R-T CXZ/CXM/EXR 86-94 GA !,12,296,Дизель,004-002-IZI-R-T,Хабаровск
2025-08-26 14:13:02,Клык бампера правый 004-002-MBQ-R-T/MBGR97008 /MC937493 FUSO FU5/FT5 10T 97-03 21T/35Т GA !,5,296,Дизель,MC937493,Хабаровск
2025-08-26 14:13:02,Ключ балонный 33*32мм L=350mm с воротком,13,1646,Дизель,"33*32, 350 mm",Хабаровск
2025-08-26 14:13:02,Ключ рожковый 30*32 мм Боготол/,1,320,JMC,30*32,Хабаровск
2025-08-26 14:13:02,Кнопка стеклоподъемника пассажирского 6618205210UAJ Istana,1,670,Ssang Yong,6618205210UAJ,Хабаровск
2025-08-26 14:13:02,Кожух тормозного барабана (комплект на колесо) A6594201644 / A6594201744 / 53900 / 8505359SX /100088 Auger,2,3643,Auger,53900,Хабаровск
2025-08-26 14:13:02,Колба YYJS-015 900FG 1000FG,1,1155,YNY,YYJS-015,Хабаровск
2025-08-26 14:13:02,Коленвал 1005011FD020 JAC N35 ORIG,1,33452,JAC,1005011FD020,Хабаровск
2025-08-26 14:13:02,Коленвал D-125142 / 8-97603-004-0 / 8-94396-737-1 6HK1-T FVR34/HITACHI Дизель,3,75587,Дизель,D-125142,Хабаровск
2025-08-26 14:13:02,Коленвал D-127819 / 13401-54100 TOY 5L Дизель,2,16165,Дизель,D-127819,Хабаровск
2025-08-26 14:13:02,Коленвал D-128457 / 1005015-81D с шестерней FAW J6 Дизель,1,44963,Дизель,D-128457,Хабаровск
2025-08-26 14:13:02,Коленвал HIN 13400-1583 H07C(T) !,5,13548,Дизель,13401-1583,Хабаровск
2025-08-26 14:13:02,Коленвал HIN D-125338 / 13411-E0071 N04C HINO 300 E4 Дизель,7,35769,Дизель,D-125338,Хабаровск
2025-08-26 14:13:02,Коленвал MMC 6D16 ME072197,4,41002,Дизель,ME072197,Хабаровск
2025-08-26 14:13:02,Коленвал MMC ME013668 4D34,4,13965,Дизель,ME136680,Хабаровск
2025-08-26 14:13:02,Коленвал MMC ME018297 4D33,2,14973,Дизель,ME018297,Хабаровск
2025-08-26 14:13:02,Коленвал NIS 12200-96502/12200-96505 PF6 !,1,33181,Дизель,12200-96502,Хабаровск
2025-08-26 14:13:02,Коленвал NIS FE6 12200-Z5500 (литой) !,31,16360,Дизель,12200-Z5500,Хабаровск
2025-08-26 14:13:02,Коленвал TOY 13B 13401-58020/13401-58018,1,20711,Дизель,13401-58020,Хабаровск
2025-08-26 14:13:02,Коллектор водяной 201V06302-0759 HOWO T5G,2,3713,Дизель,201V06302-0759,Хабаровск
2025-08-26 14:13:02,Коллектор впускной 8-98024-411-1 N-series 4JJ1 ORIG,1,28530,Isuzu,8-98024-411-1,Хабаровск
2025-08-26 14:13:02,Коллектор выпуск (задняя часть) D-126499 / 200V08101-6317/200V08102-0189 Sitrak C7H Дизель,3,4880,Дизель,D-126499,Хабаровск
2025-08-26 14:13:02,Коллектор выпуск (перед часть) D-126500 / 200V08101-6315/200V08102-0116 Sitrak C7H Дизель,3,4880,Дизель,D-126500,Хабаровск
2025-08-26 14:13:02,Коллектор выпускной (крайняя часть) 1008041-81D FAW J6 CA6DM2,1,3794,Дизель,1008041-81D,Хабаровск
2025-08-26 14:13:02,Коллектор выпускной (крайняя часть) 1008041D600-0263 FAW J6,2,2646,Дизель,1008041D600-0263,Хабаровск
2025-08-26 14:13:02,Коллектор выпускной (средняя часть) 1008042-81D FAW J6 CA6DM2,2,4683,Дизель,1008042-81D,Хабаровск
2025-08-26 14:13:02,Коллектор выпускной (средняя часть) 1008042A36D FAW J6,2,3711,Дизель,1008042A36D,Хабаровск
2025-08-26 14:13:02,Коллектор выпускной 8-98033-941-1 N-series 4JJ1 ORIG,1,16130,Isuzu,8-98033-941-1,Хабаровск
2025-08-26 14:13:02,Колодка тормозная D-125107 / 1-47170-325-0 правая задняя CYZ51/CXZ Дизель,12,6404,Дизель,D-125107,Хабаровск
2025-08-26 14:13:02,Колодка тормозная D-125847 / 3502.36G-091 в сборе нижняя JAC LE35S Дизель,1,4968,Дизель,D-125847,Хабаровск
2025-08-26 14:13:02,Колодка тормозная D-126503 / 3502375-A6E/A 3250/3310 заднего и среднего моста FAW Дизель,6,3395,Дизель,D-126503,Хабаровск
2025-08-26 14:13:02,"Колодка тормозная D-127225 / 1-47170-327-0 задний мост, L задняя CYZ51/CXZ Дизель",4,6739,Дизель,D-127225,Хабаровск
2025-08-26 14:13:02,Колодка тормозная K2G27A 58305-45A30 85mm HD45/65/72/78,15,5823,Дизель,58305-45A30,Хабаровск
2025-08-26 14:13:02,Колодка тормозная без накладок 410x180 963751/1593104300 /A6594200619 Mercedes /EMMERRE,8,6044,Emmerre,963751,Хабаровск
2025-08-26 14:13:02,Колодка тормозная в сборе верхняя 3502.36G-090 LE35S JAC ORIG,70,8461,JAC,3502.36G-090,Хабаровск
2025-08-26 14:13:02,Колодка тормозная в сборе нижняя N900-3501070B N75 JAC ORIG,17,5849,JAC,N900-3501070B,Хабаровск
2025-08-26 14:13:02,Колодка тормозная зад 58140-6A005 HYUNDAI GOLD D6GA (Soft Feeling),1,4375,Дизель,58140-6A005,Хабаровск
2025-08-26 14:13:02,Колодка тормозная заднего моста D-127005 / 1-47170-325-0 правая задняя CYZ51/CXZ Дизель,32,6739,Дизель,D-127005,Хабаровск
2025-08-26 14:13:02,Колодка тормозная задняя BP04000050-MCP N120 JAC ORIG,26,7065,JAC,BP04000050-MCP,Хабаровск
2025-08-26 14:13:02,Колодка тормозная передняя (с бегунком) 3501375-4E J5/3250 FAW,1,3064,Дизель,3501375-4E,Хабаровск
2025-08-26 14:13:02,Колодка тормозная передняя 81.50200.6686 SHACMAN F2000/F3000,2,4660,Дизель,81.50200.6686,Хабаровск
2025-08-26 14:13:02,Колодка тормозная передняя в сборе 110533-TF3501121 FAW,2,3532,Дизель,110533-TF3501121,Хабаровск
2025-08-26 14:13:02,Колодка тормозная передняя верхняя 3501B247-085WBS LE35S JAC ORIG,13,9322,JAC,3501B247-085WBS,Хабаровск
2025-08-26 14:13:02,Колодка тормозная передняя нижняя 3501B247-185WBS LE35S JAC ORIG,13,9322,JAC,3501B247-185WBS,Хабаровск
2025-08-26 14:13:02,Колодки G-brake GP-06133 /GP06133 PN23001 MK585740,1,7203,Дизель,MK585740,Хабаровск
2025-08-26 14:13:02,Колодки барабанные 04495-0K010 / FN-2335,3,1770,Дизель,04495-0K010,Хабаровск
2025-08-26 14:13:02,Колодки барабанные FN-1162,2,1935,Дизель,FN-1162,Хабаровск
2025-08-26 14:13:02,Колодки барабанные FN-1163/K-1163,1,2395,Дизель,FN-1163,Хабаровск
2025-08-26 14:13:02,Колодки барабанные FN-1189,1,2395,Дизель,FN-1189,Хабаровск
2025-08-26 14:13:02,Колодки барабанные FN-2330 / K2330,2,2249,Дизель,FN-2330,Хабаровск
2025-08-26 14:13:02,Колодки барабанные FN-2339/Е-2339/NR1075 / K2339,3,1857,Дизель,FN2339,Хабаровск
2025-08-26 14:13:02,Колодки барабанные FN-3426 / K3426,2,3523,Дизель,FN-3426,Хабаровск
2025-08-26 14:13:02,Колодки барабанные FN-6602,1,4631,Дизель,FN-6602,Хабаровск
2025-08-26 14:13:02,Колодки тормозные 58101-4ЕВ00 BONGO III 2.9,1,2340,,58101-4ЕВ00,Хабаровск
2025-08-26 14:13:02,Колодки тормозные K6664,1,3699,Дизель,K6664,Хабаровск
2025-08-26 14:13:02,Колодки тормозные WD37-33-310 A,1,5641,Дизель,S47P-26-348,Хабаровск
2025-08-26 14:13:02,Колодки тормозные барабанные D-127006 / FN-3408 / W558-33-310A / W5Y8-26-38Z KS Дизель,78,3090,Дизель,D-127006,Хабаровск
2025-08-26 14:13:02,Колодки тормозные барабанные D-127009 / FN-6668 / MB295388 / MB295769 / MB326388 / MC112217 Дизель,84,2058,Дизель,D-127009,Хабаровск
2025-08-26 14:13:02,Колодки тормозные барабанные D-127118 / FN-1201 / K1201 / 41060-0T925/06D25 Дизель,38,4952,Дизель,D-127118,Хабаровск
2025-08-26 14:13:02,Колодки тормозные барабанные D-127119 / FN-1202 Дизель,34,1694,Дизель,D-127119,Хабаровск
2025-08-26 14:13:02,Колодки тормозные барабанные D-127125 / FN-2330 04495-25100/26180/26190/26210/35240 TOYOTA Дизель,41,1110,Дизель,D-127125,Хабаровск
2025-08-26 14:13:02,Колодки тормозные барабанные D-127226 /FN-2339 04495-28160/44010/87402 TOYOTA LITE ACE/TOWNAC Дизель,5,639,Дизель,D-127226,Хабаровск
2025-08-26 14:13:02,Колодки тормозные барабанные D-127231 / FN3426 / S0Y8-26-38Z / S1Y5-26-38Z Дизель,4,1224,Дизель,D-127231,Хабаровск
2025-08-26 14:13:02,Колодки тормозные барабанные D-127233 / FN-4428 / K4428 / 8-97035-083-1 / D4060-T8225 Дизель,68,1692,Дизель,D-127233,Хабаровск
2025-08-26 14:13:02,"Колодки тормозные барабанные D-127235 / FN-4458 Isuzu NKR/NHR NLR,NMR55/85 93- 8-97035-085-1 Дизель",85,3411,Дизель,D-127235,Хабаровск
2025-08-26 14:13:02,Колодки тормозные барабанные FN-6600 HD72/ CANTER FE/FB/FD 59822-45А20/MC837950/MC112501 (ручник2шт),90,705,Дизель,D-127236,Хабаровск
2025-08-26 14:13:02,Колодки тормозные барабанные D-127237 / FN-6655/MS6655 MC894596 Дизель,76,1447,Дизель,D-127237,Хабаровск
2025-08-26 14:13:02,Колодки тормозные барабанные D-127239 / FN-6722R / MC889515 / MK321243 320*110 Fuso Canter Дизель,19,4547,Дизель,D-127239,Хабаровск
2025-08-26 14:13:02,Колодки тормозные барабанные D-127488/FN-4425 NKR69 76.5*3*6-288/75*7*294-300 5-87100-081-0 Дизель,22,3054,Дизель,D-127488,Хабаровск
2025-08-26 14:13:02,Колодки тормозные барабанные D-127489 / FN-6602 / MC837547 Mitsubishi Canter New FE5/6/7/8 Дизель,2,2136,Дизель,D-127489,Хабаровск
2025-08-26 14:13:02,Колодки тормозные барабанные D-127490 / FN-6653 MMC Canter 75*3.2*6-301/75*95*345.5-320 Дизель,8,3523,Дизель,D-127490,Хабаровск
2025-08-26 14:13:02,Колодки тормозные барабанные D-128452 / FN-6680 / MC837658 / ME626337 2PCS FUSO 5t FK# Дизель,154,1126,Дизель,D-128452,Хабаровск
2025-08-26 14:13:02,Колодки тормозные барабанные F-1179 / K-1179,1,2045,Дизель,F-1179,Хабаровск
2025-08-26 14:13:02,Колодки тормозные барабанные F-2280,3,1122,Дизель,F-2280,Хабаровск
2025-08-26 14:13:02,Колодки тормозные барабанные F-3361 / K-3361 MK Kashiyama,1,3764,Kashiyama,F-3361,Хабаровск
2025-08-26 14:13:02,Колодки тормозные барабанные FN-1210 / DD060-05N25 / 44060-VE425 / 44060-2T025 / 44060-16C25 KS,147,1607,Дизель,FN-1210,Хабаровск
2025-08-26 14:13:02,Колодки тормозные барабанные FN-2296 77*2.3*4.5-282/75*6.5*285-295 04494-36080 / 04494-36160 GL,35,3482,Дизель,FN-2296,Хабаровск
2025-08-26 14:13:02,Колодки тормозные барабанные FN-2297 04494-36150/04494-36090/0449525130 Hino/DYNA (4шт/к-т),1,1950,Дизель,FN-2297,Хабаровск
2025-08-26 14:13:02,Колодки тормозные барабанные FN-2298 DYNA 150/TOYOACE G15/200/25/HINO 300 46550-25010/46540-36030,39,703,Дизель,D-127589,Хабаровск
2025-08-26 14:13:02,Колодки тормозные барабанные FN-2329 DYNA/TOY/HINO 85*2.3*6-299.6/83*10.2*307-320 04494-36250 GL,95,3893,Дизель,FN-2329,Хабаровск
2025-08-26 14:13:02,"Колодки тормозные барабанные FN-2335 04495-0K010, 04495-0K030, 04495-0K040, 04495-0K100, 04495-28090",54,1164,Дизель,FN-2335,Хабаровск
2025-08-26 14:13:02,Колодки тормозные барабанные FN-3333 / W001-33-310,21,2789,Дизель,FN-3333,Хабаровск
2025-08-26 14:13:02,Колодки тормозные барабанные FN-3334 / W023-26-310 (Титан),81,3063,Дизель,FN-3334,Хабаровск
2025-08-26 14:13:02,Колодки тормозные барабанные FN-3361 / W358-33-37ZA / WD37-33-310 KS,55,2902,Дизель,FN-3361,Хабаровск
2025-08-26 14:13:02,Колодки тормозные барабанные FN3336 W023-33-310/310A W326-33-37ZC Mazda Titan,7,2922,Дизель,FN-3336,Хабаровск
2025-08-26 14:13:02,Колодки тормозные барабанные MS2289/FN-2289 MINTYE,52,483,Дизель,FN-2289,Хабаровск
2025-08-26 14:13:02,Колодки тормозные барабанные SN-3319 / FN-4447 Tokai,1,1203,Tokai,SN-3319,Хабаровск
2025-08-26 14:13:02,Колодки тормозные дисковые 8-97168-634-0/8-98244-794-0/D4053/D826/DA1607/PF-4491,15,3746,Дизель,8-97168-634-0,Хабаровск
2025-08-26 14:13:02,Колодки тормозные дисковые 8511432SX,1,4148,Дизель,8511432SX,Хабаровск
2025-08-26 14:13:02,Колодки тормозные дисковые D-127010/MK528946/PN-3513/D6115 139*59*19.3 (8шт) NISSAN/Canter FE85D Дизель,63,3243,Дизель,D-127010,Хабаровск
2025-08-26 14:13:02,Колодки тормозные дисковые D-127011 /PN-3407/MC894601/D6091 125.2х60х19.5 8шт MITSUBISHI Дизель,139,1962,Дизель,D-127011,Хабаровск
2025-08-26 14:13:02,Колодки тормозные дисковые D-127247 / PN-2344 / DJ1063 / D1063M 160.7*49.5*16 NISSAN Дизель,25,887,Дизель,D-127247,Хабаровск
2025-08-26 14:13:02,Колодки тормозные дисковые D-127252 / PN-5376 / LCY2-33-38ZA / L0Z1-33-23ZB / LDY2-33-28Z Дизель,130,518,Дизель,D-127252,Хабаровск
2025-08-26 14:13:02,Колодки тормозные дисковые D-127493/D3043/DJ3043-608/D6062/PF3236/PF3349/MB334338 (4шт)CANTER Дизель,29,1435,Дизель,D-127493,Хабаровск
2025-08-26 14:13:02,Колодки тормозные дисковые D-128190 / PN-1212 / 04465-25080 / 04465-25010 / 04465-36040 Дизель,156,828,Дизель,D-128190,Хабаровск
2025-08-26 14:13:02,Колодки тормозные дисковые D1121 / PF-2204 / 2446 / 41060-21T90 / 41060-6T390 / AY040-NS925 / 5-86116-486-0,53,1643,Дизель,PF-2204,Хабаровск
2025-08-26 14:13:02,Колодки тормозные дисковые PF-4489/D4049M 8-97203-209-0 (4шт) isuzu NKR/NPR/NPS 99~,77,2749,Дизель,PF-4489,Хабаровск
2025-08-26 14:13:02,Колодки тормозные дисковые PN-1388/DJ2148/D2148M 166*62*20 TOYOTA/HINO/DUTRO GL,1,2600,Дизель,PN-1388,Хабаровск
2025-08-26 14:13:02,Колодки тормозные дисковые PN-1441/DJ2207/D2207M (4шт) 165.8*64.2*20 TOYOTA GL,67,2473,Дизель,PN-1441,Хабаровск
2025-08-26 14:13:02,Колодки тормозные дисковые PN-2105/DJ1031/D1031M 130*49.2*16.5 NISSAN/ISUZU GL,71,1521,Дизель,PN-2105,Хабаровск
2025-08-26 14:13:02,Колодки тормозные дисковые PN-2475 / 41060-VW085 / AY040-NS105 / 5-86129-072,139,780,Дизель,PN-2475,Хабаровск
2025-08-26 14:13:02,Колодки тормозные дисковые PN-4257/DJ4025/D4025 8-94365-981-1 110*46*14.5 ISUZU GL,69,1488,Дизель,PN-4257,Хабаровск
2025-08-26 14:13:02,Колодки тормозные дисковые PN-4384/DJ4041/D4041 (4шт) 191.2*62*21 ISUZU/MAZDA,38,2597,Дизель,PN-4384,Хабаровск
2025-08-26 14:13:02,Колодки тормозные дисковые PN3515 NIBK,1,3949,Дизель,PN-3515,Хабаровск
2025-08-26 14:13:02,Колодки тормозные дисковые RN101M Tokico,1,1140,Tokico,RN101M,Хабаровск
2025-08-26 14:13:02,Колодки тормозные дисковые SP1381,1,2823,Дизель,SP1381,Хабаровск
2025-08-26 14:13:02,Колодки тормозные дисковые SP1382,1,1283,Дизель,SP1382,Хабаровск
2025-08-26 14:13:02,Колодки тормозные передние 3500310U2230-F01 S5 JAC ORIG,6,4032,JAC,3500310U2230-F01,Хабаровск
2025-08-26 14:13:02,Колодки тормозные передние YF3501A104-030/130/230 (4 шт/к-т) N56 JAC ORIG,16,10381,JAC,YF3501A104-030/130/230,Хабаровск
2025-08-26 14:13:02,Колпак колеса D-126507 / WG9925610060 Sitrak C7H Дизель,1,1519,Дизель,D-126507,Хабаровск
2025-08-26 14:13:02,Колпачки малосъемные AVB200028 KIBI,1,526,JMC,AVB200028,Хабаровск
2025-08-26 14:13:02,Колпачки малосъемные AVB200031 KIBI,1,563,JMC,AVB200031,Хабаровск
2025-08-26 14:13:02,Колпачки маслосъемные 12003500 Ajusa,24,45,JMC,12003500,Хабаровск
2025-08-26 14:13:02,"Колпачки маслосъёмные 4JJ1 NOK, 8-97328-647-0 XV0581-E0 (8шт/упак)",1,1402,JMC,XV0581-E0XV0581-E0,Хабаровск
2025-08-26 14:13:02,"Колпачки маслосъёмные KIBI, комплект AVA200032 (8шт/упак)",3,495,JMC,AVA200032,Хабаровск
2025-08-26 14:13:02,"Колпачки маслосъёмные KIBI, комплект AVA200046 (8шт/упак)",3,737,JMC,AVA200046,Хабаровск
2025-08-26 14:13:02,Колпачок маслосъемный 22224-72001 Hyundai HD170 D6AB ORIG,1,141,Hyundai-Kia,22224-72001,Хабаровск
2025-08-26 14:13:02,Колпачок маслосъемный 3955393 JAC N120 ISF3.8S5169,16,59,Дизель,3955393,Хабаровск
2025-08-26 14:13:02,"Колпачок маслосъемный 8-98231-534-0 F,N-series (CNG) ГАЗ ORIG",10,433,Isuzu,8-98231-534-0,Хабаровск
2025-08-26 14:13:02,Колпачок маслосъемный D-125848 / 1000549569 JAC N350 WP10 E-5 Дизель,5,173,Дизель,D-125848,Хабаровск
2025-08-26 14:13:02,"Колпачок маслосъемный D-128133/8-97376-720-0 4HG1/4HЕ1/4НК1/6НЕ1/6HK1 N,F-series Дизель",8,131,Дизель,D-128133,Хабаровск
2025-08-26 14:13:02,Колпачок маслосъемный D-128458 / 1001245916 WEICHAI/FAW Дизель,22,69,Дизель,D-128458,Хабаровск
2025-08-26 14:13:02,Кольца компрессора ACK-305 29106-1070,2,2132,JMC,29106-1070,Хабаровск
2025-08-26 14:13:02,Кольца компрессора ACK-323 14529-90003 UD,1,1885,,ACK-323,Хабаровск
2025-08-26 14:13:02,Кольца компрессора ACK-324 14529-99014 / RE10/RF10,1,6319,JMC,14529-99014,Хабаровск
2025-08-26 14:13:02,Кольца компрессора ACK-333 14529-Z9025 UD,1,2678,,ACK-333,Хабаровск
2025-08-26 14:13:02,Кольца компрессора ACP-1295 / 14529-Z9027,1,5436,JMC,14529-Z9027,Хабаровск
2025-08-26 14:13:02,Кольца под гильзу 10PC1 ISU 8D005-RU Matto,13,1467,Matto,8D005RU,Хабаровск
2025-08-26 14:13:02,Кольца под гильзу 10PD1 ISU 8D006-RU / ISU-10PD1-LO Matto,1,4057,Matto,ISU-10PD1-LO,Хабаровск
2025-08-26 14:13:02,Кольца под гильзу 8DC11 MIT ME093522 / 6D004-RU Matto,1,1459,Matto,ME093522,Хабаровск
2025-08-26 14:13:02,Кольца под гильзу 8M20/21 MIT 6D012-RU Matto !,4,1815,Matto,6D012-RU,Хабаровск
2025-08-26 14:13:02,Кольца под гильзу EK100 HIN 0D016-RU Matto !,6,374,Matto,HIN-EK100-LO,Хабаровск
2025-08-26 14:13:02,Кольца под гильзу RE10 NIS 7D001-RU Matto !,1,949,Matto,NIS-RE10-LO,Хабаровск
2025-08-26 14:13:02,Кольца под гильзу RE8 /RD8 NIS 7D003-RU/NIS-RE8-LO Matto,4,2277,Matto,NIS-RE8-LO,Хабаровск
2025-08-26 14:13:02,Кольца под гильзу RF10 NIS 7D002-RU Matto !,10,949,Matto,NIS-RF10-LO,Хабаровск
2025-08-26 14:13:02,Кольца под гильзу RF8 NIS 7D004-RU Matto,9,2078,Matto,NIS-RF8-LO,Хабаровск
2025-08-26 14:13:02,Кольца под гильзу RG8 NIS 7D007-RU Matto !,1,1068,Matto,NIS-RG8-LO,Хабаровск
2025-08-26 14:13:02,Кольца под гильзу V22C HIN 0D005-RU Matto !,8,990,Matto,0D005-RU-PB,Хабаровск
2025-08-26 14:13:02,Кольца поршневые (129) TP 35938-3F STD,1,4293,JMC,35938-3F STD,Хабаровск
2025-08-26 14:13:02,Кольца поршневые 1-12121-139-0/1-12121-141-0 (к-т на поршень) C-series ORIG,8,10350,Isuzu,1-12121-139-0,Хабаровск
2025-08-26 14:13:02,Кольца поршневые 10PE1 1-12121-145-0/SDI10180ZZ NPR Japan,1,35006,NPR,SDI10180ZZ,Хабаровск
2025-08-26 14:13:02,Кольца поршневые 4HF1 NKR/NPR/NKS/NPS 90-98` 8-97028-691-0/8-97109-462-0/SJI10127ZZ NPR Japan,6,5500,NPR,SJI10127ZZ,Хабаровск
2025-08-26 14:13:02,Кольца поршневые 4HG1-T 8-98054-995-0/8-97219-054-0/8-97105-867-0 ORIG,4,2732,Isuzu,8-98054-995-0,Хабаровск
2025-08-26 14:13:02,Кольца поршневые 4HG1-T D-125541 / 8-98054-995-0/8-97219-054-0/8-97105-867-0 Дизель,17,1318,Дизель,D-125541,Хабаровск
2025-08-26 14:13:02,Кольца поршневые 4HK1 8-98040-125-0/8-98055-478-0/SDI10228ZZ (к-т на дв) NPR75/NQR90/FSR90/FVR34 NPR,4,7638,NPR,SDI10228ZZ,Хабаровск
2025-08-26 14:13:02,Кольца поршневые 4JB1/4JA1 NHR/NKR/NHS 86-97` 8-94247-867-1/5-87310-757-0/5-87311-082-0 (на поршень) ORIG,2,2022,Isuzu,8-94247-867-1,Хабаровск
2025-08-26 14:13:02,Кольца поршневые 4JJ1 SDI10215ZZ/8-98185-780-0/8-98053-579-0 NLR/NMR85 (к-т на двигатель) NPR Japan,2,4990,NPR,SDI10215ZZ,Хабаровск
2025-08-26 14:13:02,Кольца поршневые 4M40 ME202380 20661 RIK Japan,2,5580,Riken,20661,Хабаровск
2025-08-26 14:13:02,Кольца поршневые 4M50T ME993913 (4 CYL) RIK Japan,8,10403,Riken,20100,Хабаровск
2025-08-26 14:13:02,Кольца поршневые 5L 13011-54130 / R28553 STD RIK Japan,1,5016,Riken,28553,Хабаровск
2025-08-26 14:13:02,Кольца поршневые 61560030047(45/78) Howo,4,3404,Дизель,61560030047,Хабаровск
2025-08-26 14:13:02,Кольца поршневые 6D15T FK416/516 ME032403 (комплект на поршень) RIK Japan,2,1192,Riken,ME032403,Хабаровск
2025-08-26 14:13:02,Кольца поршневые 6D22T FP/FS/FT418 ME052124 20035 RIK Japan,1,14170,Riken,20035,Хабаровск
2025-08-26 14:13:02,Кольца поршневые 6HK1-TC FRD/FRR/FSR/GSR/FTR/GTRLV834 99-05` 8-94391-502-4/SDI10178ZZ NPR Japan,2,12402,NPR,SDI10178ZZ,Хабаровск
2025-08-26 14:13:02,Кольца поршневые 6M60/6M60T ME995563/ ME993947/SDM31107ZY NPR Japan,3,11602,NPR,SDM31107ZY,Хабаровск
2025-08-26 14:13:02,Кольца поршневые 6M61 FK61#64#71#74# 02.02.2003 ME995562/SDM31106ZZ NPR Japan,8,11602,NPR,SDM31106ZZ,Хабаровск
2025-08-26 14:13:02,Кольца поршневые 6WG1T 1-12121-143-0 (к-т на поршень) ORI,2,4399,Isuzu,1-12121-143-0,Хабаровск
2025-08-26 14:13:02,Кольца поршневые 8M21 ME996167 20805 RIK (8шт к-т) Japan,1,25652,Riken,20805,Хабаровск
2025-08-26 14:13:02,Кольца поршневые 8PE1 1-12121-145-0 ORIG Japan !,1,6047,Isuzu,1-12121-145-0,Хабаровск
2025-08-26 14:13:02,Кольца поршневые D-126508 / 202V02503-6005 MC11 Sitrak C7H Дизель,2,11140,Дизель,D-126508,Хабаровск
2025-08-26 14:13:02,Кольца поршневые D4AE 23040-41410/SDG30002ZZ NPR,7,3900,NPR,SDG30002ZZ,Хабаровск
2025-08-26 14:13:02,Кольца поршневые FE6TA 12040-Z5519/SDN31054ZZ/24080 NPR Japan,1,10001,NPR,SDN31054ZZ,Хабаровск
2025-08-26 14:13:02,Кольца поршневые H07D 13011-2650A/SDH20056ZX NPR Japan,1,9584,NPR,SDH20056ZX,Хабаровск
2025-08-26 14:13:02,Кольца поршневые HINO W04D 13011-1973 K.G !,1,1619,Дизель,13011-1973,Хабаровск
2025-08-26 14:13:02,Кольца поршневые JO8E S130192080/SDH20102ZY (6 CYL) NPR Japan,3,11898,NPR,SDH20102ZY,Хабаровск
2025-08-26 14:13:02,Кольца поршневые K13C-12V 13011-2841/3090/15465 (6cyl) RIK Japan,1,12464,Riken,15465,Хабаровск
2025-08-26 14:13:02,Кольца поршневые K13D 15800 /13011-2771 6 cyl RIK Japan,2,15843,Riken,15800,Хабаровск
2025-08-26 14:13:02,Кольца поршневые MAZDA HA 1363-23-206 K.G !,1,1017,Дизель,1363-23-206,Хабаровск
2025-08-26 14:13:02,Кольца поршневые MAZDA SDT 20049 ZZ,1,3599,JMC,20049,Хабаровск
2025-08-26 14:13:02,Кольца поршневые MMC 6D15 ME032403 K.G !,1,2274,Дизель,SJDM-6142,Хабаровск
2025-08-26 14:13:02,Кольца поршневые N04CT S1304-E0020/SDH20101ZY (4 CYL) NPR,14,7899,NPR,SDH20101ZY,Хабаровск
2025-08-26 14:13:02,Кольца поршневые P11C FN/GN/FR/FP/FQ/FW2P 92~ 13011-3110/A/3112/3800/3811/13019-1520A (6 CYL) ORIG,1,13929,hino,13011-3110,Хабаровск
2025-08-26 14:13:02,Кольца поршневые RF8 12040-97104/12040-97072 / 24001 (8 CYL) RIK,3,20804,Riken,12040-97072,Хабаровск
2025-08-26 14:13:02,Кольца поршневые RH8/10 YDN31055ZZ / 12040-97106/97108 на поршень NPR,53,4991,NPR,YDN31055ZZ,Хабаровск
2025-08-26 14:13:02,Кольца поршневые S05C / 13011-3731A / 13011-78031 / SDT10199ZZ / 13011-78030 NPR,2,9025,NPR,SDT10199ZZ,Хабаровск
2025-08-26 14:13:02,Кольца поршневые комплект на двигатель 17490 / 17490050,1,3662,JMC,17490050,Хабаровск
2025-08-26 14:13:02,Кольца поршневые компрессора ACK-325 d=84 14529-99000 / 10702020/130313/0006654,1,1919,JMC,14529-99000,Хабаровск
2025-08-26 14:13:02,Кольца поршневые компрессора ACK-333 14529-Z9025 / 14529-90003 / 10702020/130313/0006654,1,1825,JMC,14529-Z9025,Хабаровск
2025-08-26 14:13:02,"Кольца поршневые, стандартный размер комплект на мотор 33872-STD",1,1976,JMC,33872-STD,Хабаровск
2025-08-26 14:13:02,Кольцо 2638990/17298081 уплотнение балансира Orig,1,468,Mercedes,2638990,Хабаровск
2025-08-26 14:13:02,Кольцо ABS переднее WG9112410019 HOWO T5G,5,997,Дизель,WG9112410019,Хабаровск
2025-08-26 14:13:02,Кольцо воздушного патрубка 3090126 JAC N120/Камаз Cummins ISF3.8 Е-5,1,60,Noname,3090126,Хабаровск
2025-08-26 14:13:02,Кольцо воздушного патрубка 3867646 JAC N120/Камаз Cummins ISF3.8 Е-5,1,77,Noname,3867646,Хабаровск
2025-08-26 14:13:02,"Кольцо выпускного коллектора 1-14149-151-0/1-14149-156-0/1-14149-132-1 F,С-series ORIG",5,844,Isuzu,1-14149-151-0,Хабаровск
2025-08-26 14:13:02,Кольцо выпускного коллектора 1-14149-201-0 C-series 6WG1 ORIG,8,669,Isuzu,1-14149-201-0,Хабаровск
2025-08-26 14:13:02,Кольцо выпускного коллектора 1008043-29DJ FAW CA6DL1/2/CA6DM2,4,193,Дизель,1008043-29DJ,Хабаровск
2025-08-26 14:13:02,Кольцо выпускного коллектора 9-14149-026-1 C-series 6WG1 ORIG,8,669,Isuzu,9-14149-026-1,Хабаровск
2025-08-26 14:13:02,Кольцо коренного сальника E-001 / FEC-001 / MC431120/ME021120 100*105*20 PM,21,663,Paul Master,FEC-001,Хабаровск
2025-08-26 14:13:02,Кольцо корзины сцепления 430 D=88 СК8535/СК9725/ AZ9725160065 FAW/SHAANXI/DONG FENG,8,613,Noname,AZ9725160065,Хабаровск
2025-08-26 14:13:02,"Кольцо медное K100 DIN 7603A 18*22*1,5 6651182215",7,5,JMC,6651182215,Хабаровск
2025-08-26 14:13:02,Кольцо о 9411611119 Bosch,1,321,JMC,9411611119,Хабаровск
2025-08-26 14:13:02,Кольцо передней ступицы WG9900410114 HOWO T5G,10,743,Дизель,WG9900410114,Хабаровск
2025-08-26 14:13:02,Кольцо поворотного кулака 3001063-A0S FAW CA3311,1,286,Дизель,3001063-A0S,Хабаровск
2025-08-26 14:13:02,"Кольцо поршневое TD27-AD2 12033-6T010/23307-STD комплект ""RIK""",1,5504,Riken,23307,Хабаровск
2025-08-26 14:13:02,Кольцо синхронизатора 1/2 передач N-1701276-01 JAC ORIG,1,750,JAC,N-1701276-01,Хабаровск
2025-08-26 14:13:02,Кольцо синхронизатора 4/5 передач N-1701226-00 JAC ORIG,1,591,JAC,N-1701226-00,Хабаровск
2025-08-26 14:13:02,Кольцо синхронизатора 5/6 передач M-1701112-00-14 JAC ORIG,1,1775,JAC,M-1701112-00-14,Хабаровск
2025-08-26 14:13:02,Кольцо синхронизатора 60532241/A9472603045 / 60531765 Mercedes /Euroricambi !,3,11856,Euroricambi,60.53.2241,Хабаровск
2025-08-26 14:13:02,"Кольцо синхронизатора КПП D-125305 / 8-97241-312-1 2/3 передачи, внутреннее MYY5T/MYY6S Дизель",45,995,Дизель,D-125305,Хабаровск
2025-08-26 14:13:02,"Кольцо синхронизатора D-127146 / 8-97309-532-0 Z=45 4/5 передачи MYY5T, 6-передачи MYY6S Дизель",16,774,Дизель,D-127146,Хабаровск
2025-08-26 14:13:02,Кольцо синхронизатора D-127204 / 33368-35030/SXCJ1169/DCIF-1077 DYNA/TOYOACE Дизель,2,432,Дизель,D-127204,Хабаровск
2025-08-26 14:13:02,Кольцо синхронизатора D-127206 / 33369-37020 / SXCJ1230B / SXCJ1230B36 Z=36 DYNA/TOYOACE/HINO Дизель,7,1300,Дизель,D-127206,Хабаровск
2025-08-26 14:13:02,Кольцо синхронизатора D-127208 / 8-97034-840-1/SXCJ1380 Isuzu N-series 99-02 Дизель,6,1167,Дизель,D-127208,Хабаровск
2025-08-26 14:13:02,Кольцо синхронизатора D-127210 / 8-97074-619-1 / DCIF-1021B / SXCJ0114 Isuzu N-series 93-98 Дизель,16,732,Дизель,D-127210,Хабаровск
2025-08-26 14:13:02,Кольцо синхронизатора D-127997/ME601845/DCIF-1107E/SXCJ0107B/SXCJ0107 Mitsubishi Fuso Canter Дизель,41,680,Дизель,D-127997,Хабаровск
2025-08-26 14:13:02,Кольцо синхронизатора D-128552 / ME502617 / SXCJ1179 MMC Fuso Canter FE85 Дизель,17,953,Дизель,D-128552,Хабаровск
2025-08-26 14:13:02,Кольцо синхронизатора MMC / Китай / / SXCJ-TH0009 / ME670317 /,2,6008,JMC,ME670317,Хабаровск
2025-08-26 14:13:02,Кольцо синхронизатора WG2210100186 HOWO T5G,8,4372,Дизель,WG2210100186,Хабаровск
2025-08-26 14:13:02,Кольцо стакана форсунки ID=30.9 8-97233-126-0 C-series 6WG1 ORIG,5,147,Isuzu,8-97233-126-0,Хабаровск
2025-08-26 14:13:02,Кольцо стоп. синхронизатора 60531059/A3892620293/461431/0124272/T14493/200061Mercedes Euroricambi !,6,531,Euroricambi,60.53.1059,Хабаровск
2025-08-26 14:13:02,Кольцо стопорное 2443705 Iveco Orig !,2,50,Iveco,2443705,Хабаровск
2025-08-26 14:13:02,Кольцо стопорное 450443/A3463320151 Mercedes /DieselTechnic,3,3045,Diesel Technic,450443,Хабаровск
2025-08-26 14:13:02,Кольцо стопорное A3079940035 Mercedes ориг !,8,118,Mercedes,A3079940035,Хабаровск
2025-08-26 14:13:02,Кольцо стопорное Q43062 JAC N350 (NON-GENUINE),127,93,Дизель,Q43062,Хабаровск
2025-08-26 14:13:02,Кольцо стопорное синхронизатора 461559 / A3872620893 /60531030 Mercedes/DieselTechnic !,8,264,Diesel Technic,461559,Хабаровск
2025-08-26 14:13:02,Кольцо стопорное синхронизатора A3872620893 / 461559 / 60531030 Mercedes Euroricambi,6,403,Euroricambi,60531030,Хабаровск
2025-08-26 14:13:02,Кольцо стопорное синхронизатора WG9003991130 HOWO T5G,8,316,Дизель,WG9003991130,Хабаровск
2025-08-26 14:13:02,Кольцо стопорное шкворня D-126509 / Q43058 Sitrak C7H Дизель,10,31,Дизель,D-126509,Хабаровск
2025-08-26 14:13:02,Кольцо турбокомпрессора ID=80 OD=84 8-97618-761-1 C-series 6WG1 HL,4,574,Huang Lin,8-97618-761-1,Хабаровск
2025-08-26 14:13:02,Кольцо уплотнительное 420391/A0069976447 Mercedes/ DieselTechnic !,1,387,Diesel Technic,420391,Хабаровск
2025-08-26 14:13:02,Кольцо уплотнительное D-126511 / MQ6-56936-2479 Sitrak C7H Дизель,3,138,Дизель,D-126511,Хабаровск
2025-08-26 14:13:02,Кольцо уплотнительное F00HN35728,5,311,JMC,F00HN35728,Хабаровск
2025-08-26 14:13:02,Кольцо уплотнительное компрессора S2917-91160 HINO500 E-3/4 HL,1,111,Huang Lin,S2917-91160,Хабаровск
2025-08-26 14:13:02,Кольцо уплотнительное КПП N-1701013-20-01 N75/120 JAC ORIG,3,35,JAC,N-1701013-20-01,Хабаровск
2025-08-26 14:13:02,Кольцо уплотнительное маслянного насоса D-126512 / MQ6-56333-3363 Sitrak C7H Дизель,1,145,Дизель,D-126512,Хабаровск
2025-08-26 14:13:02,Кольцо уплотнительное маслянного насоса D-128480 / MQ6-56936-1150 Sitrak C7H Дизель,3,115,Дизель,D-128480,Хабаровск
2025-08-26 14:13:02,Кольцо уплотнительное медное D=14 MF660065 Fuso Canter FE85 HL,5,27,Huang Lin,MF660065,Хабаровск
2025-08-26 14:13:02,Кольцо уплотнительное редуктора 42118229/103640 EMMERRE,1,461,Emmerre,103640,Хабаровск
2025-08-26 14:13:02,Кольцо уплотнительное сливной пробки 473.500,6,89,JMC,473.500,Хабаровск
2025-08-26 14:13:02,Кольцо уплотнительное форсунки (медное) D-125186 / 8-97216-082-0 ISUZU C-серии 6W# Дизель,36,136,Дизель,D-125186,Хабаровск
2025-08-26 14:13:02,"Кольцо упорное сальника D-125339 / 8-97234-513-0, передней ступицы, ISUZU NPR/NQR 2003 Дизель",10,320,Дизель,D-125339,Хабаровск
2025-08-26 14:13:02,Кольцо форсунки 8-98065-990-0 C-series 6WG1 ORIG,1,122,Isuzu,8-98065-990-0,Хабаровск
2025-08-26 14:13:02,Кольцо шестерни распредвала (пружинное) 8-97190-118-1 4HK1-T ORIG,3,655,Isuzu,8-97190-118-1,Хабаровск
2025-08-26 14:13:02,Кольцо/ A6599970382 Mercedes ориг !,1,93,Mercedes,A6599970382,Хабаровск
2025-08-26 14:13:02,Кольцо/шайба уплотнительное N000000001070 Mercedes ориг !,1,90,Mercedes,N 000000 001070,Хабаровск
2025-08-26 14:13:02,Комплект для замены цепи ГРМ (2TR-FE) T050K OSK,1,18208,JMC,T050K,Хабаровск
2025-08-26 14:13:02,"Комплект направляющих тормозного суппорта переднего (D=10mm, суппорт Aisin/Hosei/Sumitomo) BC-2035",1,1036,JMC,BC-2035,Хабаровск
2025-08-26 14:13:02,КОМПЛЕКТ ТОРМОЗНЫХ КОЛОДОК AKEBONO NR2049,2,1939,JMC,NR2049,Хабаровск
2025-08-26 14:13:02,Комплект уплотнений водяного насоса MB Actros/Axor OM501LA 490922 /A5422000701Mercedes /DieselTechnic,1,4183,Diesel Technic,4.90922,Хабаровск
2025-08-26 14:13:02,Компрессор воздушный (1 цилиндр) D-126513 / 202V54100-7131 HOWO T5G MC11 Дизель,6,6714,Дизель,D-126513,Хабаровск
2025-08-26 14:13:02,Компрессор воздушный D-128046 / 3509010C671-0382 FAW CA6DL2 E-5 Дизель,1,13426,Дизель,D-128046,Хабаровск
2025-08-26 14:13:02,Компрессор воздушный D-128159 / 082V54100-7080 HOWO Дизель,1,29630,Дизель,D-128159,Хабаровск
2025-08-26 14:13:02,Компрессор кондиционера D-126731 / 200V77970-7028 HOWO T5G MC11 Дизель,1,9271,Дизель,D-126731,Хабаровск
2025-08-26 14:13:02,Коническая пара заднего моста 6x41 задний мост / 065-06-0009 / 6x41 / задний мост / FGK-3080 / 41201,1,46720,JMC,41201-3080,Хабаровск
2025-08-26 14:13:02,Коническая пара заднего моста 7x45 / 025-01-0015 / 7x45 / / FGK-4040 / 412013070; 41201-3070; 41201,1,63170,JMC,41201-3070,Хабаровск
2025-08-26 14:13:02,Коническая пара среднего редукт.199012320177 Н 28х17,1,12015,Howo,199012320177,Хабаровск
2025-08-26 14:13:02,Контрольный вывод для подкачки воздуха RL3506EA; 3506 003 001 0,1,563,JMC,RL3506EA,Хабаровск
2025-08-26 14:13:02,Контрольный выход 4637031200 WABCO,3,535,Wabco,4637031200,Хабаровск
2025-08-26 14:13:02,Конус синхронизатора 6G120-3461 JAC ORIG,3,249,JAC,6G120-3461,Хабаровск
2025-08-26 14:13:02,"Корзина сцепления (с подшипником) 430*250*456 HNC 549 PL, 31210-E0660 HINO700 E-3 STCO",40,25029,STCO,31210-E0660,Хабаровск
2025-08-26 14:13:02,Корзина сцепления 1-31220-380-2/1-87610-145-0/1-31220-374-2/ISC610/599 FVR34 STCO,242,16500,STCO,1-31220-374-2,Хабаровск
2025-08-26 14:13:02,Корзина сцепления 1-87610-120-0/1-31220-380-2/1-87610-145-0/1-31220-374-2 FVR34 SKV Premium (BVP),156,18518,SKV Premium,1-31220-374-2,Хабаровск
2025-08-26 14:13:02,"Корзина сцепления 1479574 430мм Scania P,G,R,T - series STCO",21,21135,STCO,1479574,Хабаровск
2025-08-26 14:13:02,Корзина сцепления 1600010GB01 S5 JAC ORIG,1,6125,JAC,1600010GB01,Хабаровск
2025-08-26 14:13:02,Корзина сцепления 1600100LD300 JAC ORIG,1,13304,JAC,1600100LD300,Хабаровск
2025-08-26 14:13:02,Корзина сцепления 1600100LE190 N56 JAC ORIG,2,9827,JAC,BS1610036,Хабаровск
2025-08-26 14:13:02,Корзина сцепления 1601100LE17G01 N80 LE795 с 2020 г. JAC ORIG,1,18996,JAC,1601100LE17G01,Хабаровск
2025-08-26 14:13:02,Корзина сцепления 1601100LE352XZ N120 JAC ORIG,9,21965,JAC,1601100LE352XZ,Хабаровск
2025-08-26 14:13:02,Корзина сцепления 236*150*276 TYC537/ 31210-30191 MENCH !,4,1446,Дизель,31210-30191,Хабаровск
2025-08-26 14:13:02,Корзина сцепления 240*150*280 NSC 612/ 30210-3T710 STCO,14,3863,STCO,30210-3T710,Хабаровск
2025-08-26 14:13:02,Корзина сцепления 250*160*278 ISC590 / 8-97090-843-0 DT NKR/NHR/NHS 93-98` STCO,1,5161,STCO,8-97090-843-0,Хабаровск
2025-08-26 14:13:02,Корзина сцепления 260*160*298 NSC 554/ 30210-02T00 STCO,64,4160,STCO,30210-02T00,Хабаровск
2025-08-26 14:13:02,Корзина сцепления 260*170*298 DS MFC 529/528/MFC537 ME500066 STCO,7,4860,STCO,ME500066,Хабаровск
2025-08-26 14:13:02,Корзина сцепления 260*170*298 ISC 568/ 8-94481-918-0 STCO,18,4293,STCO,8-94481-918-0,Хабаровск
2025-08-26 14:13:02,Корзина сцепления 260*170*300 MZC 540/ SL01-16-410A STCO,38,4077,STCO,SL01-16-410A,Хабаровск
2025-08-26 14:13:02,Корзина сцепления 275*180*320 ISC 567/NSC627 DS STCO,98,4618,STCO,8-94132-232-0,Хабаровск
2025-08-26 14:13:02,Корзина сцепления 300*190*350 D-127392 / 5-87610-091-0 / 8-98040-093-1 N-series (BVP quality) Дизель,48,7660,Дизель,D-127392,Хабаровск
2025-08-26 14:13:02,Корзина сцепления 300*190*350/ISC549 LS 1-31220-147-1 ISUZU FORWARD FRR12/NRR32/FRR32/FRD12 85 STCO,10,8551,STCO,1-31220-147-1,Хабаровск
2025-08-26 14:13:02,Корзина сцепления 325*210*368 D-128037 / 31210-37091 HINO300 Euro 4/3 BVP quality Дизель,35,9711,Дизель,D-128037,Хабаровск
2025-08-26 14:13:02,"Корзина сцепления 325*210*368 DT MFC590/NDC527, ME512211 Fuso CANTER 4M50 STCO",41,7956,STCO,ME512211,Хабаровск
2025-08-26 14:13:02,Корзина сцепления 325*210*368 ISC 592/ 8-97351-794-0 STCO,25,8427,STCO,8-97351-794-0,Хабаровск
2025-08-26 14:13:02,Корзина сцепления 325*210*368 MFC521 LS STCO,43,10813,STCO,ME521104,Хабаровск
2025-08-26 14:13:02,Корзина сцепления 350*220*375 DS MFC 561 / ME523759 STCO,22,13140,STCO,ME523759,Хабаровск
2025-08-26 14:13:02,Корзина сцепления 350*220*379 31210-E0040/31210-2284 HNC 521 STCO,42,12752,STCO,31210-E0040,Хабаровск
2025-08-26 14:13:02,Корзина сцепления 350*220*379/ISC 607 / 1-31220-363-0 STCO,33,12928,STCO,1-31220-363-0,Хабаровск
2025-08-26 14:13:02,Корзина сцепления 350*220*379 LS HNC 522/HNC 540/ 31210-2270 STCO,35,12281,STCO,31210-2270,Хабаровск
2025-08-26 14:13:02,Корзина сцепления 350*220*379 LS ISC534 / 1-31220-182-0/1 STCO,9,11602,STCO,1-31220-182-0,Хабаровск
2025-08-26 14:13:02,Корзина сцепления 380*220*405 HNC541 HINO500 31210-E0240 SKV Premium (BVP),19,20488,SKV Premium,31210-E0240,Хабаровск
2025-08-26 14:13:02,Корзина сцепления 380*220*405 HNC541 HINO500 31210-E0240 STCO,26,13709,STCO,31210-E0240,Хабаровск
2025-08-26 14:13:02,Корзина сцепления 380*240*405 ISC 556 / ISC540 /1-31220-372-2 FVR LHD КПП MLD6Q/B/7Q кроме E4/5 STCO,112,13737,STCO,1-31220-372-2,Хабаровск
2025-08-26 14:13:02,Корзина сцепления 41300-43300 /VKD23219/ VKD22094 Grace SECO !,1,2072,SECO,41300-43300,Хабаровск
2025-08-26 14:13:02,Корзина сцепления 41300-43300 Grace !,1,1732,JMC,41300-43300,Хабаровск
2025-08-26 14:13:02,Корзина сцепления 41300-V7150 JAC ORIG,3,11065,JAC,41300-V7150,Хабаровск
2025-08-26 14:13:02,Корзина сцепления 430 обратного действия (с кольцом) F2000/F3000,1,17087,JMC,F2000/F3000,Хабаровск
2025-08-26 14:13:02,Корзина сцепления 430*257*450*475 WG9921161501 SITRAK T7H STCO,39,19749,STCO,WG9921161501,Хабаровск
2025-08-26 14:13:02,Корзина сцепления 5-87610-091-0 / 8-98040-093-1 N-series SKV Premium (BVP),41,8282,SKV Premium,8-98040-093-1,Хабаровск
2025-08-26 14:13:02,Корзина сцепления 5-87610-091-0 N-series ORIG CHINA,92,8364,Isuzu,5-87610-091-0,Хабаровск
2025-08-26 14:13:02,Корзина сцепления 5-87610-104-0/5-87610-081-0/8-97038-831-0/1 NQR75/90/NPR75 SKV Premium (BVP),308,10539,SKV Premium,8-97038-831-3,Хабаровск
2025-08-26 14:13:02,"Корзина сцепления D-125039/1-31220-445-0 GIGA, CXZ, CYZ51/52 6WG1 Дизель",9,20245,Дизель,D-125039,Хабаровск
2025-08-26 14:13:02,Корзина сцепления D-126733 / 1601310-76A/A FAW J6 Дизель,21,12067,Дизель,D-126733,Хабаровск
2025-08-26 14:13:02,Корзина сцепления D-128160 / WG9114160011 HOWO Дизель,14,11261,Дизель,D-128160,Хабаровск
2025-08-26 14:13:02,"Корзина сцепления D-128201/1-31220-445-0 GIGA, CXZ, CYZ51/52 6WG1 Дизель",4,21017,Дизель,D-128201,Хабаровск
2025-08-26 14:13:02,Корзина сцепления D-128481 / WG9921161501/1 Sitrak C7H Дизель,9,11805,Дизель,D-128481,Хабаровск
2025-08-26 14:13:02,Корзина сцепления HYC501 / 41300-43300 JAPAN H100/150/200 (упаковка НЕСТАНДАРТ) EXEDY,72,3676,Exedy,HYC501,Хабаровск
2025-08-26 14:13:02,КОРЗИНА СЦЕПЛЕНИЯ SCTY271 SECO,1,4153,JMC,SCTY271,Хабаровск
2025-08-26 14:13:02,Корзина сцепления WG9114160011 HOWO ORIG,2,31456,Howo,WG9114160011,Хабаровск
2025-08-26 14:13:02,Корзина сцепления WG9921161501 SITRAK T7H ORIG,20,48797,Howo,WG9921161501,Хабаровск
2025-08-26 14:13:02,Коробка передач в сборе D-127953 / 12JSD180TA FAW Дизель,2,183592,Дизель,D-127953,Хабаровск
2025-08-26 14:13:02,Коронка ковша 208-70-14152RC Komatsu PC400,7,3330,Дизель,208-70-14152,Хабаровск
2025-08-26 14:13:02,Корпус (верх. левая часть) мотора отопителя 8-98047-446-0 NQR90/NPR75/MLR/NMR ORIG,5,3389,Isuzu,8-98047-446-0,Хабаровск
2025-08-26 14:13:02,Корпус балансира (4 стремянки) D-128286 / DZ91259520038 /115990998688 SHACMAN Дизель,1,8366,Дизель,D-128286,Хабаровск
2025-08-26 14:13:02,Корпус воздушного фильтра (в сборе) 8-97378-497-1 N-series,2,6641,Дизель,8-97378-497-1,Хабаровск
2025-08-26 14:13:02,Корпус воздушного фильтра в сборе D-128025 / 1109010-77C/B FAW J6 Дизель,22,13311,Дизель,D-128025,Хабаровск
2025-08-26 14:13:02,"Корпус выключателя подъема кабины 1-82389-007-1/1-82389-007-0 C,F-series ORIG",1,780,Isuzu,1-82389-007-1,Хабаровск
2025-08-26 14:13:02,Корпус дифференциала зад моста HFF2403010CK2BZ JAC N350 (NON-GENUINE),1,17755,Дизель,HFF2403010CK2BZ,Хабаровск
2025-08-26 14:13:02,Корпус отопителя (прав часть) 8-98047-479-0 NPR75 ORIG,5,3015,Isuzu,8-98047-479-0,Хабаровск
2025-08-26 14:13:02,Корпус подножки R D-128482 / DZ13241240426 SHACMAN F3000 Дизель,3,1655,Дизель,D-128482,Хабаровск
2025-08-26 14:13:02,Корпус подножки правый D-128202/1-71907-464-0/8-98156-823-0 Isuzu CYZ51/CXZ Дизель,3,3205,Дизель,D-128202,Хабаровск
2025-08-26 14:13:02,Корпус термостата D-128483 / 200V06404-0083 HOWO T5G Дизель,2,4532,Дизель,D-128483,Хабаровск
2025-08-26 14:13:02,Корпус шестерни спидометра 646-5012 JAC ORIG,8,750,JAC,646-5012,Хабаровск
2025-08-26 14:13:02,"Кран регулятор тормозных сил. 13 bar, пневматический 4757200080 WABCO",1,44620,Wabco,4757200080,Хабаровск
2025-08-26 14:13:02,Кран ручного торм D-126516 / WG9000360595 Sitrak C7H Дизель,1,2177,Дизель,D-126516,Хабаровск
2025-08-26 14:13:02,Кран ручного тормоза 811W52315-6156 HOWO ORIG,3,5324,Howo,811W52315-6156,Хабаровск
2025-08-26 14:13:02,Кран ручного тормоза D-127893 / 811W52315-6156 HOWO Дизель,8,2022,Дизель,D-127893,Хабаровск
2025-08-26 14:13:02,"Кран ручного тормоза в кабине WG9000360165 (F,H)",3,2092,Дизель,WG9000360165,Хабаровск
2025-08-26 14:13:02,"Крепеж 1-09987-262-0 C,F series ORIG",1,184,Isuzu,1-09987-262-0,Хабаровск
2025-08-26 14:13:02,Крепеж топл форсунки 8-98092-539-0/8-98011-528-2 N-series 4JJ1 ORIG,2,2232,Isuzu,8-98092-539-0,Хабаровск
2025-08-26 14:13:02,Крепление кабины 95126-0T802 RH TN-088 TZG !,28,4500,Дизель,TN-088,Хабаровск
2025-08-26 14:13:02,Крепление кабины 95127-0T802 LH TN-089 TZG !,27,4500,Дизель,TN-089,Хабаровск
2025-08-26 14:13:02,Крепление кабины с сайленблоком 95165-30Z65 TN-086 TZG !,17,3961,Дизель,TN-086,Хабаровск
2025-08-26 14:13:02,Крепление подвески глушителя SMS-9198 MC116317-S Sсhmaco !,1,298,Schmaco,SMS-9198,Хабаровск
2025-08-26 14:13:02,Крепление подвески глушителя STY-9200 17567-58010-S Sсhmaco,1,415,Schmaco,STY-9200,Хабаровск
2025-08-26 14:13:02,Крестовина 1-37300-084-0 41/27-126,2,3656,JMC,1-37300-084-0,Хабаровск
2025-08-26 14:13:02,Крестовина D-126737 / WG9370310010 (70*178) Sitrak C7H Дизель,21,3415,Дизель,D-126737,Хабаровск
2025-08-26 14:13:02,Крестовина D-128161 / WG9319313250 HOWO Дизель,3,2205,Дизель,D-128161,Хабаровск
2025-08-26 14:13:02,Крестовина GU-2050/TU-200/GU-2000 30.18*106.28 HYUNDAI/IVECO DAILY/RENAULT TRUCKS/Volvo(PTO)/C TOYO,2,1047,Toyo,GU-2050,Хабаровск
2025-08-26 14:13:02,Крестовина GUH-61 Hino (47х124 мм),3,1880,GMB,GUH-61,Хабаровск
2025-08-26 14:13:02,"Крестовина GUH-63 35.01*99.00 мм HINO 3,5/4,5/ ton TRACK,micro bus 37400-1130, 33313-40301 GMB",2,2530,GMB,GUH-63,Хабаровск
2025-08-26 14:13:02,"Крестовина GUH-63 35.01*99.00 мм HINO 3,5/4,5/ ton TRACK,micro bus 37400-1130, 33313-40301 TOYO",1,1207,Toyo,GUH-63,Хабаровск
2025-08-26 14:13:02,Крестовина GUH-65,1,898,JMC,GUH-65,Хабаровск
2025-08-26 14:13:02,"Крестовина GUH-67 49.2*148.38 мм HINO 37400-1010, 37400-1011 TOYO",6,4265,Toyo,GUH-67,Хабаровск
2025-08-26 14:13:02,"Крестовина GUH-69 20*57 mm HINO FU#, FD#, SD#, FF#, 86~ 45220-1060 TOYO",4,429,Toyo,GUH-69,Хабаровск
2025-08-26 14:13:02,Крестовина GUH-70 47.00-138.00 мм HINO FD/FT/SH/FD/FG/FF/FZ/FU HINO700 37401-1061 TOYO,7,2359,Toyo,GUH-70,Хабаровск
2025-08-26 14:13:02,"Крестовина GUH-73 HINO 10-15т FN#, FR#, FP#, FW#, FS#, FV# 50x165 мм TOYO",28,3450,Toyo,GUH-73,Хабаровск
2025-08-26 14:13:02,"Крестовина GUH-74 36*115,60 мм HINO 10-15т FN#, FR#, FP#, FW#, FS# 04037-4010 TOYO",1,1859,Toyo,GUH-74,Хабаровск
2025-08-26 14:13:02,Крестовина GUH-77/TH-177/ 37401-1350 44*125.50 Hino500/Ranger TOYO,26,1833,Toyo,GUH-77,Хабаровск
2025-08-26 14:13:02,"Крестовина GUH-79 /TH-179/04371-E1070/-E1071/04037-4101 --- 60-152(A) HINO700/10T(FS1E,FN) TOYO",2,4892,Toyo,TH-179,Хабаровск
2025-08-26 14:13:02,Крестовина GUIS-.../TIS-.../UJ... 1-37300-093-0,2,7273,JMC,1-37300-093-0,Хабаровск
2025-08-26 14:13:02,Крестовина GUIS-51,1,321,JMC,GUIS-51,Хабаровск
2025-08-26 14:13:02,Крестовина GUIS-52 ISUZU ELF 29x53 мм TOYO,11,760,Toyo,GUIS-52,Хабаровск
2025-08-26 14:13:02,Крестовина GUIS-61,1,352,JMC,GUIS-61,Хабаровск
2025-08-26 14:13:02,"Крестовина GUIS-62 ISUZU 5т FRR, NPR, NRR, NQR75, FRD, FRS, FSS 35x104 мм TOYO",51,1154,Toyo,GUIS-62,Хабаровск
2025-08-26 14:13:02,"Крестовина GUIS-65 Isuzu (45,98x136 мм)",1,2560,JMC,GUIS-65,Хабаровск
2025-08-26 14:13:02,"Крестовина GUIS-67 ISUZU 10-15т 1-37300-100-1 CYZ 51Q, CXZ 56HPx174 мм Y",16,7173,Yamasida,GUIS-67,Хабаровск
2025-08-26 14:13:02,Крестовина GUIS-70,2,835,JMC,GUIS-70,Хабаровск
2025-08-26 14:13:02,"Крестовина GUIS-71 Isuzu Elf 1,5-2т NHR5, NHR6, NKR6, NKR7, NKR8, NKQ8 (29x49 мм) 8-97180-697-0 TOYO",59,645,Toyo,GUIS-71,Хабаровск
2025-08-26 14:13:02,Крестовина GUIS-72 42*115mm ISUZU GIGA 8т TOYO,14,1801,Toyo,GUIS-72,Хабаровск
2025-08-26 14:13:02,Крестовина GUK-12 / KUJ-009 / SAU-012 / 49140-4A000 Porter TOYO,30,645,Toyo,GUK-12,Хабаровск
2025-08-26 14:13:02,Крестовина GUKO-18/TKO-118/ 380-890373-1 42.88*115.05 Komatsu/Kato/Kobelko/LW100 TOYO,1,2699,Toyo,TKO-118,Хабаровск
2025-08-26 14:13:02,Крестовина GUKO-2/TKO-102/101-10-00080/101-10-17200 33.32*79.22/4LWD KOMATSU TOYO,4,2101,Toyo,GUKO-2,Хабаровск
2025-08-26 14:13:02,Крестовина GUKO-22/TKO-122/ 381-976908-1 42.88*140.45 KOMATSU GMB,3,2660,GMB,GUKO-22,Хабаровск
2025-08-26 14:13:02,Крестовина GUKO-22/TKO-122/ 381-976908-1 42.88*140.45 KOMATSU TOYO,6,2866,Toyo,TKO-122,Хабаровск
2025-08-26 14:13:02,Крестовина GUM-72,1,1481,JMC,GUM-72,Хабаровск
2025-08-26 14:13:02,"Крестовина GUM-80 HD120/MMC Fuso 10т FV4#, FN4#, FP4#, FS4#, FU4# (46x142 мм) TOYO",46,2921,Toyo,GUM-80,Хабаровск
2025-08-26 14:13:02,Крестовина GUM-82 MMC FUSO TRUCK 4-4.5T MC860286 38*104mm TOYO,16,1198,Toyo,GUM-82,Хабаровск
2025-08-26 14:13:02,Крестовина GUM-88 25*76.8mm TOYO,21,713,Toyo,GUM-88,Хабаровск
2025-08-26 14:13:02,Крестовина GUM-91 25*76.5mm TOYO,68,570,Toyo,GUM-91,Хабаровск
2025-08-26 14:13:02,Крестовина GUM-97/TM-197/UJ-643/MC998680 44*129 FUSO FK516 TOYO,8,2073,Toyo,GUM-97,Хабаровск
2025-08-26 14:13:02,"Крестовина GUMZ-3 32*57 мм MAZDA TITAN T3500 1984- W001-25-060, W001-89-251 TOYO",21,896,Toyo,GUMZ-3,Хабаровск
2025-08-26 14:13:02,"Крестовина GUMZ-6 28x59 мм MAZDA TITAN 1,5-2 т 8BW1-25-060, 8BS1-25-060 TOYO",22,662,Toyo,GUMZ-6,Хабаровск
2025-08-26 14:13:02,"Крестовина GUMZ-8 37x71 мм MAZDA TITAN WGEAT REAR от 3 т Y001-89-251, 0727-25-060 GMB",3,2665,GMB,GUMZ-8,Хабаровск
2025-08-26 14:13:02,Крестовина GUMZ-9/TMZ-109/UJ-417/1757-89-251 26.5*72 Mazda Titan/BONGO/MPV TOYO,19,710,Toyo,GUMZ-9,Хабаровск
2025-08-26 14:13:02,Крестовина GUN-31,1,1515,GMB,GUN-31,Хабаровск
2025-08-26 14:13:02,"Крестовина GUN-32 NISSAN UD 4-5т CM#, MK# 35,50x119 мм TOYO",43,1380,Toyo,GUN-32,Хабаровск
2025-08-26 14:13:02,Крестовина GUN-34/TN-134/UJ-113/ 37125-J2025 25.01*80 ATLAS/Cabstar/Civilian GMB,3,1299,GMB,GUN-34,Хабаровск
2025-08-26 14:13:02,Крестовина GUN-34/TN-134/UJ-113/ 37125-J2025 25.01*80 ATLAS/Cabstar/Civilian TOYO,17,677,Toyo,TN-134,Хабаровск
2025-08-26 14:13:02,"Крестовина GUN-46 27x49,10 мм NISSAN ATLAS/CONDOR F22/23 TD23, SD23 37125-01G25, 37126-01G25 TOYO",3,1047,Toyo,GUN-46,Хабаровск
2025-08-26 14:13:02,"Крестовина GUN-46 27x49,10 мм NISSAN ATLAS/CONDOR F22/23 TD23, SD23 37125-01G25, 37126-01G25 GMB",9,1011,GMB,GUN-46,Хабаровск
2025-08-26 14:13:02,Крестовина GUT-14 04371-36011,1,484,JMC,04371-36011,Хабаровск
2025-08-26 14:13:02,Крестовина GUT-16,3,1083,GMB,GUT-16,Хабаровск
2025-08-26 14:13:02,Крестовина GUT-25,1,399,JMC,GUT-25,Хабаровск
2025-08-26 14:13:02,Крестовина GUT-26/TT-126/ 37201-23001-71 28.57*107.82 FORKLIFT TOYO,7,2691,Toyo,TT-126,Хабаровск
2025-08-26 14:13:02,Крестовина GUT-27 GMB,1,1085,GMB,GUT-27,Хабаровск
2025-08-26 14:13:02,Крестовина GUT-28/TT-128/UJ-240 GMB,1,1701,JMC,GUT-28,Хабаровск
2025-08-26 14:13:02,Крестовина GUTC-6/TCM-106/ 29003-3722 42.88*140.45 TADANO TR250 TOYO,7,3551,Toyo,TCM-106,Хабаровск
2025-08-26 14:13:02,Крестовина KIA-01 / KUJ-014/ SAU-100 / 49150-45220 D4AL/DB/DD County/HD72/78 Y,146,1852,Yamasida,49150-45220,Хабаровск
2025-08-26 14:13:02,Крестовина MC-6090 33.33*140.45(RD109.70)*42.88 Komatsu WA200 WA300 TOYO,7,3327,Toyo,MC-6090,Хабаровск
2025-08-26 14:13:02,Крестовина NG G5-675 Freightliner,3,6528,Automann,752.5675X,Хабаровск
2025-08-26 14:13:02,Крестовина T5-674X 47.7*135-84 DAEWOO BM090/ASIA GRANTO 10T/BH117-120/BS106 turbo TOYO,16,2694,Toyo,T5-674X,Хабаровск
2025-08-26 14:13:02,"Крестовина TM-110 / TMZ-110 / TOYO / 3919-89-251, 3919-25-060, GUMZ-10",2,345,Toyo,TM-110,Хабаровск
2025-08-26 14:13:02,Крестовина TN-150 37125-90329 63*178,1,5092,Toyo,TN-150,Хабаровск
2025-08-26 14:13:02,Крестовина TN-150 37125-90428/-90329/-90225 63.5-178(K) --- TOYO / 91125,1,7652,Toyo,TN-150,Хабаровск
2025-08-26 14:13:02,Крестовина WG9319313250 HOWO ORIG,14,4352,Howo,WG9319313250,Хабаровск
2025-08-26 14:13:02,Крестовина зад диф D-125862 / HFF2403019CK1BZ2 JAC N350 Дизель,4,2889,Дизель,D-125862,Хабаровск
2025-08-26 14:13:02,Крестовина карданного вала (кольцо) 49140-74750 HYUNDAI GOLD D6AC HD250/260/270 TOYO,6,3965,Toyo,49140-74750,Хабаровск
2025-08-26 14:13:02,Крестовина карданного вала (кольцо) 49140-75730 HYUNDAI HD270 D6CA TOYO,27,4111,Toyo,49140-75730,Хабаровск
2025-08-26 14:13:02,Крестовина карданного вала (пластина) 49140-7F200 HYUNDAI HD270 D6CA TOYO,26,3462,Toyo,49140-7F200,Хабаровск
2025-08-26 14:13:02,Крестовина карданного вала 2205030B761/A FAW,2,3139,Дизель,2205030B761/A,Хабаровск
2025-08-26 14:13:02,Крестовина карданного вала 2205030B761/B J6/4180/4250 FAW,4,3158,Дизель,2205030B761/B,Хабаровск
2025-08-26 14:13:02,Крестовина карданного вала 62*150 AZ9115311060 SHACMAN,2,2112,Дизель,AZ9115311060,Хабаровск
2025-08-26 14:13:02,Крестовина карданного вала 8-98033-605-1 N-series TOYO,25,1018,Toyo,8-98033-605-1,Хабаровск
2025-08-26 14:13:02,Крестовина карданного вала AJ00-E0047G KYOKUTO ISUZU,2,3725,JMC,AJ00-E0047G,Хабаровск
2025-08-26 14:13:02,Крестовина карданного вала D-125427/1-37300-111-0/1 CYZ51/FVR34 Дизель,34,3686,Дизель,D-125427,Хабаровск
2025-08-26 14:13:02,"Крестовина карданного шарнира DAF F65-75CF , 48x134 65087 AUGER",1,22182,JMC,F65-75CF,Хабаровск
2025-08-26 14:13:02,"Крестовина полуоси передней 38,0x104,5 mm 86734 / 42536857 AUGER",2,4644,JMC,42536857,Хабаровск
2025-08-26 14:13:02,Крестовина рулевого кардана 0K72A32860 BONGO III TOYO,3,772,Дизель,0K72A-32860,Хабаровск
2025-08-26 14:13:02,"Крестовина рулевого кардана ST-1639 16,06*39 mm 8-97085-264-1, 45209-14030 GMB",19,979,GMB,ST-1639,Хабаровск
2025-08-26 14:13:02,Крестовина рулевого кардана ST-1640 16.06*40mm GMB,4,881,GMB,ST-1640,Хабаровск
2025-08-26 14:13:02,Кронштейн FR рессоры 8-98015-274-0 NQR90 Diesel,11,918,Дизель,8-98015-274-0,Хабаровск
2025-08-26 14:13:02,Кронштейн FR рессоры задний L 1-53352-180-0 CXZ/CYZ51/52 ORIG,2,12000,Isuzu,1-53352-180-0,Хабаровск
2025-08-26 14:13:02,Кронштейн FR рессоры задний R 1-53352-179-0 CXZ/CYZ51/52 ORIG,2,12000,Isuzu,1-53352-179-0,Хабаровск
2025-08-26 14:13:02,Кронштейн FR рессоры передний R 1-53351-2371 CYZ51/CYZ52 (K),5,6683,Дизель,1-53351-237-1,Хабаровск
2025-08-26 14:13:02,Кронштейн FR рессоры передний R 1-53351-237-1 CYZ51/CYZ52 Diesel,1,6175,Дизель,1-53351-237-1,Хабаровск
2025-08-26 14:13:02,"Кронштейн RR рессоры R 8-98032-489-0 NLR/NMR55,85 Diesel",22,1444,Дизель,8-98032-489-0,Хабаровск
2025-08-26 14:13:02,Кронштейн амортизатора A94832549097390 / A9483250409/30336 Mercedes ориг !,1,12459,Mercedes,A94832549097390,Хабаровск
2025-08-26 14:13:02,Кронштейн амортизатора S-050 / HIA-050 48512-1120 PM !,9,2053,Paul Master,HIA-050,Хабаровск
2025-08-26 14:13:02,Кронштейн балансира D-128134/1-53361-079-0 ISUZU CX#/CY#/EX# 95~ Дизель,4,43046,Дизель,D-128134,Хабаровск
2025-08-26 14:13:02,Кронштейн балансира D-128203 / 1-53361-079-0 ISUZU CX#/CY#/EX# 95~ Дизель,1,32243,Дизель,D-128203,Хабаровск
2025-08-26 14:13:02,Кронштейн брызговика 86866-7A001 JAC N350 (NON-GENUINE),1,720,Дизель,86866-7A001,Хабаровск
2025-08-26 14:13:02,Кронштейн брызговика D-125864 / 86865-7A001 JAC N350 Дизель,1,800,Дизель,D-125864,Хабаровск
2025-08-26 14:13:02,Кронштейн вала 43827-5H002 HYUNDAI/KIA,1,3493,JMC,43827-5H002,Хабаровск
2025-08-26 14:13:02,Кронштейн заднего стабилизатора WG9750680075 HOWO,2,1002,Дизель,WG9750680075,Хабаровск
2025-08-26 14:13:02,Кронштейн задней рессоры верхний 1426438SKV / YC010V000110/ Scania SKV,12,6419,SKV,1426438SKV,Хабаровск
2025-08-26 14:13:02,Кронштейн зеркала LH D-125145 / 8-98188-202-0 N-series Дизель,6,2215,Дизель,D-125145,Хабаровск
2025-08-26 14:13:02,Кронштейн зеркала LH D-127149 / 8-98188-202-0 N-series Дизель,1,1843,Дизель,D-127149,Хабаровск
2025-08-26 14:13:02,Кронштейн зеркала RH D-125075 / 8-98188-201-0 N-series Дизель,1,2215,Дизель,D-125075,Хабаровск
2025-08-26 14:13:02,Кронштейн крепл. двигателя задний пр.VG9100590009H,1,558,Howo,VG9100590009,Хабаровск
2025-08-26 14:13:02,Кронштейн крепл. кабины 21642430232 Howo,1,5117,Howo,21642430232,Хабаровск
2025-08-26 14:13:02,Кронштейн крепления блок-фары R D-125519 / 8-97608-506-2 рамка CYZ51/EXZ Дизель,1,5324,Дизель,D-125519,Хабаровск
2025-08-26 14:13:02,Кронштейн крепления ДВС 1-11771-220-0 6WF1/6WG1 C-series ORIG,1,5497,Isuzu,1-11771-220-0,Хабаровск
2025-08-26 14:13:02,Кронштейн крепления переднего стабилизатора F3000/F2000,3,1567,JMC,F3000,Хабаровск
2025-08-26 14:13:02,Кронштейн крепления передней рессоры задний левый 99100520155Howo,1,1634,Howo,99100520155,Хабаровск
2025-08-26 14:13:02,Кронштейн крепления передней рессоры задний правый AZ9232520011Howo,1,1331,Howo,AZ9232520011,Хабаровск
2025-08-26 14:13:02,Кронштейн крепления подножки RH 8-97583-882-2/8-98344-508-0 NPR75/NQR90/NLR/NMR85 ORIG,1,5862,Isuzu,8-97583-882-2,Хабаровск
2025-08-26 14:13:02,Кронштейн крепления рычага нижнего 70257 /A94832549097390 Mercedes/Auger !,8,9754,Auger,70257,Хабаровск
2025-08-26 14:13:02,Кронштейн крепления фары левый AZ9925720001 HOWO,5,2809,Дизель,AZ9925720001,Хабаровск
2025-08-26 14:13:02,Кронштейн крепления фары правый AZ9925720002 HOWO,5,2552,Дизель,AZ9925720002,Хабаровск
2025-08-26 14:13:02,Кронштейн лев 87719-Y3CF003 JAC N350 (NON-GENUINE),1,361,Noname,87719-Y3CF003,Хабаровск
2025-08-26 14:13:02,Кронштейн отбойника 54382-Y4M10 JAC N350 (NON-GENUINE),2,1883,Дизель,54382-Y4M10,Хабаровск
2025-08-26 14:13:02,Кронштейн отбойника FE-021 LH MC122993 PM !,4,2666,Paul Master,MC122993,Хабаровск
2025-08-26 14:13:02,Кронштейн отбойника FE-021 RH MC122994 PM !,4,2666,Paul Master,MC122994,Хабаровск
2025-08-26 14:13:02,Кронштейн отбойника рессоры FE-022 / FIB-002 LH MC122995 PM,7,6623,Paul Master,MC122995,Хабаровск
2025-08-26 14:13:02,Кронштейн отбойника рессоры FE-022 / FIB-002 RH MC122996 PM !,4,3370,Paul Master,MC122996,Хабаровск
2025-08-26 14:13:02,Кронштейн отбойника рессоры S-057/HLB-057 48418-1210 PM,1,3605,Paul Master,48418-1210,Хабаровск
2025-08-26 14:13:02,Кронштейн отбойника рессоры S-067/HLB-067 48418-1381 HINO FD#ALL PM,2,2756,Paul Master,HLB-067,Хабаровск
2025-08-26 14:13:02,Кронштейн отбойника рессоры UD-029 55210-Z1002 PM !,7,2215,Paul Master,ULB-029,Хабаровск
2025-08-26 14:13:02,Кронштейн перед рессоры перед 54221-Y4M10 JAC N350 (NON-GENUINE),3,5424,Дизель,54221-Y4M10,Хабаровск
2025-08-26 14:13:02,Кронштейн передней рессоры задний FL6A/A16-12355-003 Freightliner,1,2381,Дизель,A16-12355-003,Хабаровск
2025-08-26 14:13:02,Кронштейн передней рессоры передний левый 1528325SKV/ 1335901 / YC010V000106/ Scania SKV,9,4275,SKV,1528325SKV,Хабаровск
2025-08-26 14:13:02,Кронштейн подушки двс левый 200V41501-0119 HOWO T5G,5,3367,Дизель,200V41501-0119,Хабаровск
2025-08-26 14:13:02,Кронштейн подушки двс правый 200V41501-0118 HOWO T5G,5,3367,Дизель,200V41501-0118,Хабаровск
2025-08-26 14:13:02,Кронштейн прав 87729-Y3CF0 JAC N350 (NON-GENUINE),1,361,Noname,87729-Y3CF0,Хабаровск
2025-08-26 14:13:02,Кронштейн радиатора лев D-126522 / YG9625530101 Sitrak C7H Дизель,2,3174,Дизель,D-126522,Хабаровск
2025-08-26 14:13:02,Кронштейн радиатора нижний B11362 Borsehung,1,229,JMC,B11362,Хабаровск
2025-08-26 14:13:02,Кронштейн радиатора прав D-126523 / YG9625530102 Sitrak C7H Дизель,2,3174,Дизель,D-126523,Хабаровск
2025-08-26 14:13:02,Кронштейн рессоры 48416-1620 / HSK-044 PM,3,6988,Paul Master,HSK-044,Хабаровск
2025-08-26 14:13:02,Кронштейн рессоры BRT27 MC411525,2,4253,JMC,MC411525,Хабаровск
2025-08-26 14:13:02,Кронштейн рессоры D-125048 / 1-53351-238-1 FR передний L CYZ51/52 Дизель,1,6220,Дизель,D-125048,Хабаровск
2025-08-26 14:13:02,Кронштейн рессоры D-125054 / 1-53352-179-0 FR задний R CXZ/CYZ51/52 Дизель,5,5686,Дизель,D-125054,Хабаровск
2025-08-26 14:13:02,Кронштейн рессоры D-125518 / 1-53351-238-1 FR передний L CYZ51/52 Дизель,5,5991,Дизель,D-125518,Хабаровск
2025-08-26 14:13:02,Кронштейн рессоры D-128028 / MB133333 MMC FE# 85-99` Rear Дизель,233,2494,Дизель,D-128028,Хабаровск
2025-08-26 14:13:02,Кронштейн рессоры FLB-005/ FP-005 MC306211 PM,3,3730,Paul Master,FLB-005,Хабаровск
2025-08-26 14:13:02,Кронштейн рессоры FP-004 MC306212 PM !,2,3272,Paul Master,FLB-004,Хабаровск
2025-08-26 14:13:02,Кронштейн рессоры FV-011 MC621563 MMC FUSO FP418 PM !,1,2903,Paul Master,FSK-011,Хабаровск
2025-08-26 14:13:02,Кронштейн рессоры FV-031 MC-411525 / FSK-525 PM !,2,4922,Paul Master,FSK-525,Хабаровск
2025-08-26 14:13:02,Кронштейн рессоры HNG17 48433-1470,1,1338,JMC,48433-1470,Хабаровск
2025-08-26 14:13:02,Кронштейн рессоры HNG18 48411-1680,2,1485,JMC,48411-1680,Хабаровск
2025-08-26 14:13:02,Кронштейн рессоры HNG38 52451-1040,1,2318,JMC,52451-1040,Хабаровск
2025-08-26 14:13:02,Кронштейн рессоры HNG39 52452-1450,1,2019,JMC,52452-1450,Хабаровск
2025-08-26 14:13:02,Кронштейн рессоры IS-020 1-53354-074-0 ISUZU NRR/FR/FS 94~ PM,25,4571,Paul Master,ISK-020,Хабаровск
2025-08-26 14:13:02,Кронштейн рессоры IS-026 1-53351-233-0 RH,2,7364,Paul Master,ISK-026,Хабаровск
2025-08-26 14:13:02,Кронштейн рессоры IS-035 1-53352-154-1 PM,1,10178,Paul Master,ISK-035,Хабаровск
2025-08-26 14:13:02,Кронштейн рессоры ISK-045 1-53353-081-2 PM,2,11457,Paul Master,ISK-045,Хабаровск
2025-08-26 14:13:02,Кронштейн рессоры RR LH/RH D-128238 / 55221-6A000 / MC405381 HD120 Дизель,73,1962,Дизель,D-128238,Хабаровск
2025-08-26 14:13:02,"Кронштейн рессоры RR, задний L/R BRT63/48416-E0090 HINO 500",8,7118,Дизель,48416-E0090,Хабаровск
2025-08-26 14:13:02,Кронштейн рессоры S-001/ FSK-001 MB133333 MMC FE# 85-99` PM,9,7422,Paul Master,FSK-001,Хабаровск
2025-08-26 14:13:02,Кронштейн рессоры S-007 /HSK-007/ 48414-1840 / 48414-E0200 RR FR HINO500 PM,1,9986,Paul Master,HSK-007,Хабаровск
2025-08-26 14:13:02,Кронштейн рессоры S-014/HSK-014 48403-1531 HINO FG/FX/FE/GK/GX1J#FD16/17 PM,7,3930,Paul Master,HSK-014,Хабаровск
2025-08-26 14:13:02,Кронштейн рессоры S-016/HSK-016 48403-2040 / 48403-2410 / 48403-2420 HINO FF/FG1J#1H#2H#3H# PM,2,5083,Paul Master,HSK-016,Хабаровск
2025-08-26 14:13:02,Кронштейн рессоры S4840-33390 / HSK-390 PM,8,10799,Paul Master,HSK-390,Хабаровск
2025-08-26 14:13:02,Кронштейн рессоры S4840-33400 / HSK-400 PM,7,10265,Paul Master,HSK-400,Хабаровск
2025-08-26 14:13:02,Кронштейн рессоры S4840-33530 / HSK-530 PM,2,7241,Paul Master,HSK-530,Хабаровск
2025-08-26 14:13:02,Кронштейн рессоры UD-005 54231-00Z07/00Z00 N.-DIESEL CFZ00A CFA590 CFA690 97~ PM,4,10346,Paul Master,USK-005,Хабаровск
2025-08-26 14:13:02,Кронштейн рессоры UD-006 54234-00Z01 RH N.-DIESEL CWA69B CWA59B CWT470 CZA690 PM,8,7423,Paul Master,USK-006,Хабаровск
2025-08-26 14:13:02,Кронштейн рессоры UD-007 54234-00Z00 LH N.-DIESEL CGA400 CDA400 CWA69B CGA59A 97~ PM !,2,2193,Paul Master,USK-007,Хабаровск
2025-08-26 14:13:02,Кронштейн рессоры UD-008 55201-00Z11 N.-DIESEL CK690 CV690 CV69B CK03A 97~PM,6,8160,Paul Master,USK-008,Хабаровск
2025-08-26 14:13:02,Кронштейн рессоры UD-020 / USK-020 / 55201-30Z00 PM,4,6397,Paul Master,USK-020,Хабаровск
2025-08-26 14:13:02,Кронштейн рессоры перед лев перед 48412-E0260 E13C HINO 700,30,2750,Дизель,48412-E0260,Хабаровск
2025-08-26 14:13:02,Кронштейн рессоры перед прав перед 48411-E0380 E13C HINO 700,12,1793,Дизель,48411-E0380,Хабаровск
2025-08-26 14:13:02,Кронштейн рессоры передний D-126738 / DZ9114520012 SHACMAN Дизель,1,2197,Дизель,D-126738,Хабаровск
2025-08-26 14:13:02,Кронштейн рессоры правый 165x248x305 1395048SKV / YC010V000118 Scania SKV,88,7830,SKV,1395048SKV,Хабаровск
2025-08-26 14:13:02,Кронштейн рессоры правый 1785815SKV / YC010V000125/ Scania SKV,6,8888,SKV,1785815SKV,Хабаровск
2025-08-26 14:13:02,Кронштейн стабилизатора D-125871 / 54670-Y5CH0 JAC N350 Дизель,2,1832,Дизель,D-125871,Хабаровск
2025-08-26 14:13:02,Кронштейн топливного фильтра 8-98111-479-1 N-series 4HV1 (CNG) ГАЗ ORIG,1,27003,Isuzu,8-98111-479-1,Хабаровск
2025-08-26 14:13:02,Кронштейн тормозных накладок 462658 / A9424230306 DieselTechnic !,6,12139,Diesel Technic,4.62658,Хабаровск
2025-08-26 14:13:02,Кронштейн центральный подушки кабины в сборе D-125300 / 8-98074-800-0 NQR 4HK1 NQR90/NMR85/NPR75 Дизель,1,5377,Дизель,D-125300,Хабаровск
2025-08-26 14:13:02,Крыло (верхняя часть) WG9925955070/1 HOWO ORIG,4,2250,Howo,WG9925955070/1,Хабаровск
2025-08-26 14:13:02,Крыло левое (задняя часть) 810W61210-0601 HOWO T5G,1,3850,Дизель,810W61210-0601,Хабаровск
2025-08-26 14:13:02,Крыло левое (передняя часть) 810W61510-0769 HOWO T5G,1,9651,Дизель,810W61510-0769,Хабаровск
2025-08-26 14:13:02,Крыло правое (передняя часть) 810W61510-0770 HOWO T5G,1,8968,Дизель,810W61510-0770,Хабаровск
2025-08-26 14:13:02,Крышка (колба) фильтра грубой очистки FVR34/CYZ52 D-125182/8-98092-482-1 Diesel,12,1735,Дизель,D-125182,Хабаровск
2025-08-26 14:13:02,Крышка аккумулятора AZ9100760102 HOWO T5G,3,1271,Дизель,AZ9100760102,Хабаровск
2025-08-26 14:13:02,Крышка балансира 1-51387-013-2 CX#/CY#/CV#/EX# Diesel дефект,1,341,Дизель,1-51387-013-2,Хабаровск
2025-08-26 14:13:02,Крышка буксы балансира D-019 / FDC-019 / MC095476 PM,8,2490,Paul Master,D-019,Хабаровск
2025-08-26 14:13:02,Крышка буксы балансира D-020-1 MC-040355 PM !,1,1363,Paul Master,D-020-1,Хабаровск
2025-08-26 14:13:02,Крышка буксы балансира D-021/fdp-024 MC037224 PM,1,5484,Paul Master,MC037224,Хабаровск
2025-08-26 14:13:02,Крышка буксы балансира D-125484 / 1-51387-013-2 CX#/CY#/CV#/EX# Дизель,9,612,Дизель,D-125484,Хабаровск
2025-08-26 14:13:02,Крышка буксы балансира FV-001 MC005958 FV413-19/FU413-19/FS415/18 83~96 PM,3,1220,JMC,MC005958,Хабаровск
2025-08-26 14:13:02,Крышка буксы балансира FV-001 OR D-020 MC005958 FV413-19/FU413-19/FS415/18 83-96` PM !,8,1007,Paul Master,D-020,Хабаровск
2025-08-26 14:13:02,Крышка ГБЦ D-128047 / 1003030-81D FAW CA3310 J6 Дизель,1,8430,Дизель,D-128047,Хабаровск
2025-08-26 14:13:02,Крышка двс перед 200V01501-5037 HOWO T5G MC11,3,6929,Дизель,200V01501-5037,Хабаровск
2025-08-26 14:13:02,Крышка для буксы D-127266 / S4930-31130/49303-1130 Дизель,48,720,Дизель,D-127266,Хабаровск
2025-08-26 14:13:02,Крышка клапанов 1-11180-476-5 C-series 6WG1 ORIG,1,38799,Isuzu,1-11180-476-5,Хабаровск
2025-08-26 14:13:02,Крышка клапанов 8-97380-042-1 N-series 4HV1 (CNG) ГАЗ ORIG,1,16469,Isuzu,8-97380-042-1,Хабаровск
2025-08-26 14:13:02,Крышка клапанов 8-97846-569-0/8-98208-874-0/8-97602-825-2 F-series 6HK1 E-4 ORIG,1,20962,Isuzu,8-97846-569-0,Хабаровск
2025-08-26 14:13:02,Крышка кронштейна правого зеркала нижняя D-125296 / 8-98031-805-0 N-series FVR34 ISUZU Дизель,15,249,Дизель,D-125296,Хабаровск
2025-08-26 14:13:02,Крышка масл фильтра 1-33119-222-0 C/E series ORIG,4,5256,Isuzu,1-33119-222-0,Хабаровск
2025-08-26 14:13:02,Крышка маслозаливной горловины F-004 15253-97002 PM !,8,528,Paul Master,UOC-78,Хабаровск
2025-08-26 14:13:02,Крышка маслозаливной горловины F-017 / IS-011/ IOC-017 8-94133-207-5 PM,2,336,Paul Master,IOC-017,Хабаровск
2025-08-26 14:13:02,Крышка первичного вала D-126739 / JS180-1701040-1 JAC N350 Дизель,1,1681,Дизель,D-126739,Хабаровск
2025-08-26 14:13:02,Крышка передней ступицы D-125041 / 8-98331-242-0/8-98276-604-0/8-97360-101-0 Дизель,30,184,Дизель,D-125041,Хабаровск
2025-08-26 14:13:02,Крышка передней ступицы D-127894 / 3103066-4E FAW CA3311 Дизель,7,381,Дизель,D-127894,Хабаровск
2025-08-26 14:13:02,Крышка радиатора F-009 /HRC-009 16401-1030 PM,13,621,Paul Master,HRC-009,Хабаровск
2025-08-26 14:13:02,"Крышка радиатора MASUMA (NGK-P561, TAMA-RC13, FUT.-R126) 1.1 kg/cm2",2,278,JMC,MOX-202,Хабаровск
2025-08-26 14:13:02,Крышка радиатора R-125 PM,7,476,Paul Master,R-125,Хабаровск
2025-08-26 14:13:02,Крышка сальника балансира HFF2918118CKFT JAC N350 (NON-GENUINE),4,1345,Дизель,HFF2918118CKFT,Хабаровск
2025-08-26 14:13:02,Крышка ступицы D-012 PM !,2,846,Paul Master,D-012,Хабаровск
2025-08-26 14:13:02,Крышка ступицы FK-008/FIC-003 Ø=95mm MC826962 FM516/17 FS410-418/78 87-93` PM,7,624,Paul Master,MC826962,Хабаровск
2025-08-26 14:13:02,Крышка ступицы FV-006 MC8269601 FP410-418/440-449 FU/FV4# PM,2,330,JMC,FV-006,Хабаровск
2025-08-26 14:13:02,Крышка ступицы FV-006/MC826960/FIC-006 FP410-418/440-449 FU/FV4# PM,10,937,Paul Master,FV-006,Хабаровск
2025-08-26 14:13:02,Крышка ступицы FV-008/MC-803500/FIC-008 PM,1,987,Paul Master,FV-008,Хабаровск
2025-08-26 14:13:02,Крышка ступицы HI-005 43514-1142 FN1/2K/F# FR1# FN# PM,16,937,Paul Master,HIC-005,Хабаровск
2025-08-26 14:13:02,Крышка ступицы IIC-010/IS-010 / 1-42313-007-1 FRR/FTR 90-91` CXG/CXH 92-94` PM !,2,679,Paul Master,IIC-010,Хабаровск
2025-08-26 14:13:02,Крышка ступицы IIC-019 / 1-42313-019-1 / Dia.82mm PM,6,582,Paul Master,1-42313-019-1,Хабаровск
2025-08-26 14:13:02,Крышка ступицы IS-016 / IIC-016 / 8-97012-619-0/1 PM,2,562,Paul Master,8-97012-619-0,Хабаровск
2025-08-26 14:13:02,Крышка ступицы UD-013/UIC-013 40234-90008 CD/CK/CW870 KG520 86-91` PM,10,937,Paul Master,UD-013,Хабаровск
2025-08-26 14:13:02,Крышка ступицы UD-014/UIC-014/40234-90069 CDA591/92/95/690 CGA591 CGA59B CKA690 96~ PM,7,937,Paul Master,UD-014,Хабаровск
2025-08-26 14:13:02,Крышка термостатов 612600040320 JAC N350 WP10 E-5 (NON-GENUINE),1,1677,Дизель,612600040320,Хабаровск
2025-08-26 14:13:02,"Крышка топливного бака 8-97095-872-0/8-94360-166-0 N,Q-series",124,526,Дизель,8-97095-872-0,Хабаровск
2025-08-26 14:13:02,Крышка топливного бака D-124995 / 8-98108-595-0 FVR34/CYZ52/EXZ51 400л. Дизель,1,1381,Дизель,D-124995,Хабаровск
2025-08-26 14:13:02,Крышка топливного бака D-125398 / 8-98201-369-0 NPR75/NMR85/NLR85/NQR/FSR90/FVR34 Дизель,21,1334,Дизель,D-125398,Хабаровск
2025-08-26 14:13:02,Крышка топливного бака D-125438 / 8-98108-595-0 FVR34/CYZ52/EXZ51 400л Дизель,1,1999,Дизель,D-125438,Хабаровск
2025-08-26 14:13:02,Крышка топливного бака D-127954 / 812W12210-0100 HOWO T5G Дизель,10,733,Дизель,D-127954,Хабаровск
2025-08-26 14:13:02,Крышка топливного фильтра 53932 /A0000925208 / 462780 Mercedes/Auger !,2,288,Auger,53932,Хабаровск
2025-08-26 14:13:02,Крышка форсунки стеклоомывателя 8-98079-030-0 N-series ORIG,1,272,Isuzu,8-98079-030-0,Хабаровск
2025-08-26 14:13:02,Крышка цилиндра дифференциала D-126650 / WG7117329088 Sitrak C7H Дизель,1,829,Дизель,D-126650,Хабаровск
2025-08-26 14:13:02,Крышка шкворня HFF3001100CK5G JAC N350 (NON-GENUINE),104,281,Дизель,HFF3001100CK5G,Хабаровск
2025-08-26 14:13:02,Крышка шкворня верхняя 1-43175-038-0 FSR34/FSR90 ORIG,1,4635,Isuzu,1-43175-038-0,Хабаровск
2025-08-26 14:13:02,Кулак поворотный 199112410057 HOWO,8,12553,Дизель,199112410057,Хабаровск
2025-08-26 14:13:02,Кулак поворотный левый 8-97261-550-0 N-series ORIG,1,41059,Isuzu,8972615500,Хабаровск
2025-08-26 14:13:02,Кулак разжимной задний прав. (L=550 D=40 по месту втулки) AZ199112340027,1,1332,Дизель,AZ199112340027,Хабаровск
2025-08-26 14:13:02,Лампа Narva 17327,1,31,Narva,17327,Хабаровск
2025-08-26 14:13:02,Лампа T10 24V/5.0W WB136W Limastar,14,10,Limastar,WB136W,Хабаровск
2025-08-26 14:13:02,Лампа галогенная H1 12V/55W (к-т 2шт) Powervision Limastar,32,390,Limastar,H1,Хабаровск
2025-08-26 14:13:02,Лампа галогенная H1 24V/70W Limastar,15,80,Дизель,H1,Хабаровск
2025-08-26 14:13:02,Лампа галогенная H11 12V/55W (к-т 2шт) Powervision Limastar,32,644,Дизель,H11,Хабаровск
2025-08-26 14:13:02,Лампа галогенная H16 12V/19W Limastar,46,195,Дизель,H16,Хабаровск
2025-08-26 14:13:02,Лампа галогенная H3 24V/100W Limastar,16,73,Дизель,H3,Хабаровск
2025-08-26 14:13:02,Лампа галогенная H3 24V/70W Pk22s Limastar,38,80,Дизель,H3,Хабаровск
2025-08-26 14:13:02,Лампа галогенная H3C 12V/55W (к-т 2шт) Powervision Limastar,32,497,Дизель,H3C,Хабаровск
2025-08-26 14:13:02,Лампа галогенная H4 12V/60W/55W P43t (к-т 2шт) Powervision Limastar,30,532,JMC,P43t,Хабаровск
2025-08-26 14:13:02,Лампа галогенная H7 12V/55W (к-т 2шт) Powervision Limastar,34,477,Дизель,H7,Хабаровск
2025-08-26 14:13:02,Лампа головной св. H4 24V100/90W RALLYWHITE (2шт) M-99414RW-2 Megapower,1,405,Megapower,M-99414RW,Хабаровск
2025-08-26 14:13:02,"Лампа приборной панели (коричневый цоколь) 1-82194-062-0 24V1.8W F,C,E seriesORIG",1,345,Isuzu,1-82194-062-0,Хабаровск
2025-08-26 14:13:02,Лампа-фара 6054 бол. 12V65/35W KOITO,5,402,JMC,12V 65/35W  6054,Хабаровск
2025-08-26 14:13:02,Латки кордовые JQ 01/85*85 (1 шт),5,47,Дизель,JQ 01/85*85,Хабаровск
2025-08-26 14:13:02,Латки кордовые JQ 01/85*85 (20 шт),2,893,Дизель,JQ 01/85*85,Хабаровск
2025-08-26 14:13:02,Латки кордовые JQ 02/115*115,5,963,Дизель,JQ 02/115*115,Хабаровск
2025-08-26 14:13:02,Латки кордовые JQ 03/135*135 (1 шт),2,98,Дизель,JQ 03/135*135,Хабаровск
2025-08-26 14:13:02,Латки кордовые JQ 04/175*175 (10 шт),3,1247,JMC,04/175*175,Хабаровск
2025-08-26 14:13:02,Латки кордовые JQ 105/65*105 (20 шт),6,972,JMC,105/65*105,Хабаровск
2025-08-26 14:13:02,Латки кордовые JQ 125/80*125 (10 шт),3,696,JMC,125/80*125,Хабаровск
2025-08-26 14:13:02,Латки кордовые JQ 135/92*135 (10 шт),3,772,JMC,135/92*135,Хабаровск
2025-08-26 14:13:02,Латки кордовые JQ 155 (10 шт),7,980,JMC,JQ155,Хабаровск
2025-08-26 14:13:02,Латки кордовые JQ 75/55*75 (1 шт),18,78,Дизель,JQ 75/55*75,Хабаровск
2025-08-26 14:13:02,"Линк стабилизатора MK382985 MITSUBISHI FR, RH FE82 SL-7970R CH",1,789,Chase,MK382985,Хабаровск
2025-08-26 14:13:02,Лист рессор 16-80-1300H SKV,34,3691,SKV,16-80-1300H,Хабаровск
2025-08-26 14:13:02,Лист рессор 9-70-1300H SKV,12,1771,SKV,9-70-1300H,Хабаровск
2025-08-26 14:13:02,Лист рессор 09635001SKV / 1635305 №1 830x830mm 1/26x90mm VOLVO тягач FM/FH Series Rear,16,9472,SKV,09635001SKV,Хабаровск
2025-08-26 14:13:02,Лист рессор 09722001SKV / 257907-1 30*100/990*900мм VOLVO TRUCK FH/FM коренной Front,16,17684,SKV,09722001,Хабаровск
2025-08-26 14:13:02,Лист рессор 09722002SKV / 257907-2 30*100/990*920мм VOLVO TRUCK FH/FM подкоренной Front,17,14235,SKV,09722002,Хабаровск
2025-08-26 14:13:02,Лист рессор 1-51132-962-0 14*80 Isuzu 10t CYZ51 LHD подкоренной front SKV,15,4407,SKV,1-51132-962-0,Хабаровск
2025-08-26 14:13:02,Лист рессор 10-60-1200H SKV,103,1532,SKV,10-60-1200H,Хабаровск
2025-08-26 14:13:02,Лист рессор 11-60-1300H SKV,15,1857,SKV,11-60-1300H,Хабаровск
2025-08-26 14:13:02,Лист рессор 11-60-700H SKV,10,909,SKV,11-60-700H,Хабаровск
2025-08-26 14:13:02,Лист рессор 11-70-1100H SKV,175,1653,SKV,11-70-1100H,Хабаровск
2025-08-26 14:13:02,Лист рессор 11-70-1300H BELTON,4,2839,Belton,11-70-1300H,Хабаровск
2025-08-26 14:13:02,Лист рессор 11-70-1300H SKV,551,2161,SKV,11-70-1300H,Хабаровск
2025-08-26 14:13:02,Лист рессор 11-70-700H SKV,203,1191,SKV,11-70-700H,Хабаровск
2025-08-26 14:13:02,Лист рессор 11-70-900H BELTON,134,1755,Belton,11-70-900H,Хабаровск
2025-08-26 14:13:02,Лист рессор 11-70-900H SKV,368,1520,SKV,11-70-900H,Хабаровск
2025-08-26 14:13:02,Лист рессор 11-70-900H дефект,4,407,,11-70-900H,Хабаровск
2025-08-26 14:13:02,Лист рессор 13-60-1100H SKV,47,1737,SKV,13-60-1100H,Хабаровск
2025-08-26 14:13:02,Лист рессор 13-60-1300H SKV,32,2115,SKV,13-60-1300H,Хабаровск
2025-08-26 14:13:02,Лист рессор 13-70-1100H SKV,298,2201,SKV,13-70-1100H,Хабаровск
2025-08-26 14:13:02,Лист рессор 13-70-1300H SKV,247,2520,SKV,13-70-1300H,Хабаровск
2025-08-26 14:13:02,Лист рессор 13-70-900H SKV,243,1879,SKV,13-70-900H,Хабаровск
2025-08-26 14:13:02,Лист рессор 13-80-900H SKV,94,1900,SKV,13-80-900H,Хабаровск
2025-08-26 14:13:02,Лист рессор 14-70-1100H SKV,17,2380,SKV,14-70-1100H,Хабаровск
2025-08-26 14:13:02,Лист рессор 14-70-9-1300H SKV,10,3308,SKV,14-70-9-1300H,Хабаровск
2025-08-26 14:13:02,Лист рессор 14-90-1500H SKV,85,4091,SKV,14-90-1500H,Хабаровск
2025-08-26 14:13:02,Лист рессор 1479518-2SKV 28*90 Scania P-Series 04~ подкоренной Front SKV,16,11564,SKV,1479518-2,Хабаровск
2025-08-26 14:13:02,Лист рессор 16-80-550H SKV,9,1283,SKV,16-80-550H,Хабаровск
2025-08-26 14:13:02,Лист рессор 16-80-910H с хомутами Ychen,1,2083,Ychen,16-80-910H,Хабаровск
2025-08-26 14:13:02,Лист рессор 16-90-1100H ЦО Ø17 mm SKV,7,3298,SKV,16-90-1100H,Хабаровск
2025-08-26 14:13:02,Лист рессор 16-90-900H ЦО Ø17 mm SKV,15,3431,SKV,16-90-900H,Хабаровск
2025-08-26 14:13:02,Лист рессор 1635244SKV / 09635005 26*90/950мм (с хомутами) VOLVO TRUCK FM# (самосвал) Rear,2,6043,SKV,09635005,Хабаровск
2025-08-26 14:13:02,Лист рессор 20-70-10-1100H SKV,31,2897,SKV,20-70-10-1100H,Хабаровск
2025-08-26 14:13:02,Лист рессор 20-90-1300H BELTON,1,6303,Belton,20-90-1300H,Хабаровск
2025-08-26 14:13:02,Лист рессор 2902201-371 L=1635 18*90 коренной front FAW,3,6098,Дизель,2902201-371,Хабаровск
2025-08-26 14:13:02,Лист рессор 2902202-453 L=1590 16*90 подкоренной front FAW,1,4704,Дизель,2902202-453,Хабаровск
2025-08-26 14:13:02,Лист рессор 48112-37690 15*70 DYNA/TOYOACE BU4##/XZU4## 99- подкоренной front SKV,40,2669,SKV,48112-37690,Хабаровск
2025-08-26 14:13:02,Лист рессор 48201-3B060 DYNA/TOYOACE 84-99 коренной rear 120см (сайлетблоки) SKV,11,4528,SKV,48201-3B060,Хабаровск
2025-08-26 14:13:02,Лист рессор 48201-3V140A DYNA/TOYOACE BU4##/XZU4## 99- корен rear (2 вт 25-31-68) SKV,31,3513,SKV,48201-3V140-A,Хабаровск
2025-08-26 14:13:02,Лист рессор 48201-E0120 18x70 HINO 500 коренной rear (2 втулки 30-36-68) SKV,27,4675,SKV,48201-E0120,Хабаровск
2025-08-26 14:13:02,Лист рессор 54111-5A301 11*70 HYUNDAI County 04~ коренной front (2 обич + 2 сайл) SKV,46,3954,SKV,54111-5A301,Хабаровск
2025-08-26 14:13:02,Лист рессор 54113-5K500 10*70 HD45/HD65/HD72/HD78/MIGHTY/HD35/75 04~ 3-й лист front SKV,1,1919,SKV,54113-5K500,Хабаровск
2025-08-26 14:13:02,Лист рессор 55100-Y3A10-2 подкоренной rear JAC N350 (NON-GENUINE),1,10635,Noname,55100-Y3A10-2,Хабаровск
2025-08-26 14:13:02,Лист рессор 55113-5K500 11*70 HD45/65/72/78/MIGHTY 04~ 3-й лист rear SKV,28,1830,SKV,55113-5K500,Хабаровск
2025-08-26 14:13:02,Лист рессор 70-1300-16-11H SKV,8,4000,SKV,70-1300-16-11H,Хабаровск
2025-08-26 14:13:02,Лист рессор 8-70-1500 (без ЦО) SKV,22,1817,SKV,8-70-1500,Хабаровск
2025-08-26 14:13:02,Лист рессор 8-97130-493-0 Isuzu ELF NPR/NQR 93 кор rear 70*12 (сайл D=18/D=16)L=1352 SKV,12,4435,SKV,8-97130-493-0,Хабаровск
2025-08-26 14:13:02,Лист рессор 8-98031-288-0/ISR2880 Isuzu FSR90 коренной rear SKV,2,3244,SKV,8-98031-288-0,Хабаровск
2025-08-26 14:13:02,Лист рессор 8-98042-335-0 9*60 Isuzu NLR/NMR55/85 08~ коренной front (обич.40*43*30) Ychen,1,2075,Ychen,8-98042-335-0,Хабаровск
2025-08-26 14:13:02,Лист рессор 8-98051-979-0 Isuzu FVR34 подкоренной Rear 13*100 SKV,57,5200,SKV,8-98051-979-0,Хабаровск
2025-08-26 14:13:02,Лист рессор 8-98073-686-0 Isuzu FVR34 коренной front (втулки 32*38*78) 21*80 SKV,67,7891,SKV,8-98073-686-0,Хабаровск
2025-08-26 14:13:02,Лист рессор 8-98073-687-0 Isuzu FVR34 подкоренной front 24*80 SKV,87,8045,SKV,8-98073-687-0,Хабаровск
2025-08-26 14:13:02,Лист рессор 8-98161-622-0 35/18*90 Isuzu CYZ52 2-й лист (подкоренной) rear SKV,5,10400,SKV,8981616220,Хабаровск
2025-08-26 14:13:02,Лист рессор 8-98161-623-0 35/18*90 Isuzu CYZ52 3-й лист rear SKV дефект,7,2722,SKV,8-98161-623-0,Хабаровск
2025-08-26 14:13:02,Лист рессор 9-70-900H SKV,86,1224,SKV,9-70-900H,Хабаровск
2025-08-26 14:13:02,Лист рессор 90211000-105 Scania №5 rear (к рессоре 90211000) SKV,1,8064,SKV,90211000105SKV,Хабаровск
2025-08-26 14:13:02,Лист рессор 9443200702-1SKV / 33872001 26*90 MERCEDES ACTROS 3341 (самосвал) коренной Front,5,13644,SKV,9443200702-1,Хабаровск
2025-08-26 14:13:02,"Лист рессор 9483201405-1SKV / 33839001 №1 41*100 MB Actros, Actros MP2/MP3, Axor 2 коренной Rear",5,17900,SKV,9483201405-1,Хабаровск
2025-08-26 14:13:02,Лист рессор DSF52 / 48112-37590 13*70 Hino Dutro / Dyna / Isuzu 5t без спальника подкор. front SKV,10,2800,SKV,48112-37590,Хабаровск
2025-08-26 14:13:02,Лист рессор HSF118 / 48101-4271 Hino 10t 90*14 коренной front (2 втулки 30*38) SKV,17,6480,SKV,48101-4271,Хабаровск
2025-08-26 14:13:02,Лист рессор HSF31 / 48101-3V420 10*70 Hino 300 коренной front (2 втулки 25-31-68) SKV,9,3250,SKV,48101-3V420,Хабаровск
2025-08-26 14:13:02,Лист рессор HSF51 / 48101-4080 11*70 Hino 5t коренной front (2 втулки 25-31-68) дефект,1,671,,48101-4080,Хабаровск
2025-08-26 14:13:02,"Лист рессор HSF51 / 48101-4080SKV 11х60х70 Hino 5t коренной front, 2 втулки 25-31-68 SKV",34,4013,SKV,48101-4080SKV,Хабаровск
2025-08-26 14:13:02,Лист рессор HSF52 / 48112-4741 11*70 Hino 5t подкоренной front Ychen,8,2907,Ychen,48112-4741,Хабаровск
2025-08-26 14:13:02,Лист рессор HSR32 / 48212-3V630 11х70 Hino 300 подкоренной rear SKV,164,2237,SKV,48212-3V630,Хабаровск
2025-08-26 14:13:02,Лист рессор ISF01 8-97084-827-0 Isuzu Elf NPR коренной front (сайлетблоки) SKV,20,3100,SKV,8-97084-827-0,Хабаровск
2025-08-26 14:13:02,Лист рессор ISF02 8-97084-828-0 70*13 Isuzu Elf NPR подкоренной front ухо-ухо SKV,3,2920,SKV,8-97084-828-0,Хабаровск
2025-08-26 14:13:02,Лист рессор ISF11 / 1-51111-504-1 Isuzu 10t коренной front (2 втулки 32-38-78) SKV,10,4320,SKV,1-51111-504-1,Хабаровск
2025-08-26 14:13:02,Лист рессор ISF12A / 1-51112-505-1A Isuzu 10t подкоренной 25*80 перемен.толщ. front SKV,31,7530,SKV,1-51112-505-1A,Хабаровск
2025-08-26 14:13:02,Лист рессор MB391277 Canter 2t подкор. 15*70 с пер. толщ. rear SKV,7,3241,SKV,MB391277,Хабаровск
2025-08-26 14:13:02,Лист рессор MB391393 Canter 2t корен. 15*70 с перем. тощ. rear (2 втулки 28-34-68) SKV,33,4562,SKV,MB391393,Хабаровск
2025-08-26 14:13:02,Лист рессор MC091214-V 15х70 Canter третий лист с пер. толщ. SKV,8,2951,SKV,MC091214-V,Хабаровск
2025-08-26 14:13:02,Лист рессор MK305770 11*70 FUSO CANTER коренной rear (2 втулки 28-34-68) SKV,1,3600,SKV,MK305770,Хабаровск
2025-08-26 14:13:02,Лист рессор MK470962 11*70 FUSO CANTER подкоренной front SKV,22,2720,SKV,MK470962,Хабаровск
2025-08-26 14:13:02,Лист рессор MSF51V / МC091087-V Fuso 5t коренной с перем. толщ. front (2 втулки 28-34-68) SKV,5,4600,SKV,MC091087-V,Хабаровск
2025-08-26 14:13:02,Лист рессор MSR5160 / MK315005 13*60 Fuso 5T коренной rear (2 втулки 28-34-68) SKV,13,3430,SKV,MK315005,Хабаровск
2025-08-26 14:13:02,Лист рессор MSR51V/MK315117-V/MC412186-V Fuso 5t кор.с перем. толщ. rear 2 вт. 28-34-68 SKV,24,3917,SKV,MC412186-V,Хабаровск
2025-08-26 14:13:02,Лист рессор №1 1547824-1SKV / 90199001 30*90 Scania R-Series 04~ Rear SKV,11,9892,SKV,1547824-1,Хабаровск
2025-08-26 14:13:02,Лист рессор NSF2V №2 / 55022-06D10 14*8*70 N-Atlas H41 подкоренной rear SKV,13,2850,SKV,55022-06D10,Хабаровск
2025-08-26 14:13:02,Лист рессор S4810-13800 12x90 HINO 700 коренной Front (втулки 30*38*88) SKV,3,5100,SKV,S4810-13800,Хабаровск
2025-08-26 14:13:02,Лист рессор S4810-45770 20x80 HINO 500 GH8#/FG8# 09~ 3-й лист с хом front SKV,32,5198,SKV,S4810-45770,Хабаровск
2025-08-26 14:13:02,Лист рессор USF11/ 54010-Z3007F 12*90 N.-Diesel 10t корен. front (2 вт 30-36-88) SKV,5,5549,SKV,54010-Z3007F N1,Хабаровск
2025-08-26 14:13:02,Лист рессор А091-2902101-01 Богдан коренной front (сайлетблоки) SKV,10,4608,SKV,A091-2902101-01,Хабаровск
2025-08-26 14:13:02,Лист рессор А091-2902102-01 Богдан подкоренной front SKV,7,2146,SKV,A091-2902102-01,Хабаровск
2025-08-26 14:13:02,Лист рессоры MB294469V дефект,24,781,Ychen,MB294469,Хабаровск
2025-08-26 14:13:02,Манжет 44124-17С10 Nissan,8,146,JMC,44124-17С10,Хабаровск
2025-08-26 14:13:02,Манжет ГТЦ SK82921MA/M2,1,373,JMC,SK82921MA/M2,Хабаровск
2025-08-26 14:13:02,Манжет Т.Ц. 1-47819-030-0 / 1-31829-003-0 / 1310-0017,1,60,JMC,1-47819-030-0,Хабаровск
2025-08-26 14:13:02,Манжет Т.Ц. SC1499R/SC47601/SC1144/SC30201/SC20103,1,41,JMC,SC1499R,Хабаровск
2025-08-26 14:13:02,Манжет Т.Ц. SC20133R/SC20103R/SC1144/SC1499 WC-41010 FC-... 1416-26-671 (X)~ 1'' (,8,137,Seiken,SC20133R,Хабаровск
2025-08-26 14:13:02,Манжет Т.Ц. SC20183R,1,57,JMC,SC20183R,Хабаровск
2025-08-26 14:13:02,Манжет Т.Ц. SC277R 44112-U4810,1,41,Seiken,SC277R,Хабаровск
2025-08-26 14:13:02,Манжет Т.Ц. SC30423R MC332816,1,49,JMC,SC30423R,Хабаровск
2025-08-26 14:13:02,Манжет Т.Ц. SC30433R/SC80207R MC828231,2,395,JMC,SC30433R,Хабаровск
2025-08-26 14:13:02,Манжет Т.Ц. SC41533R,16,46,JMC,SC41533R,Хабаровск
2025-08-26 14:13:02,Манжет Т.Ц. SC4521R 44112-U4010,1,29,Seiken,SC4521R,Хабаровск
2025-08-26 14:13:02,Манжет Т.Ц. SC51038/WC-41020-S/MC806924 (пластиковое кольцо) SEIKEN,1,201,Seiken,SC51038,Хабаровск
2025-08-26 14:13:02,Манжет Т.Ц. SC81173R,2,64,JMC,SC81173R,Хабаровск
2025-08-26 14:13:02,Манжет Т.Ц. SC81313R,18,46,JMC,SC81313R,Хабаровск
2025-08-26 14:13:02,Манжет Т.Ц. SD30663R,14,54,JMC,SD30663R,Хабаровск
2025-08-26 14:13:02,Манжет Т.Ц. SD40523R,3,55,Seiken,SD40523R,Хабаровск
2025-08-26 14:13:02,Манжета шкворня 2476014 Iveco / Europart !,7,1295,Europart,2476014,Хабаровск
2025-08-26 14:13:02,Масленка 45 DEG 1/8 BSP 9.5 mm ST45DEG18,212,31,Дизель,ST45DEG18,Хабаровск
2025-08-26 14:13:02,Масленка 45 DEG M12*1.5 ST45DEGM12X15,70,41,Дизель,ST45DEGM12X15,Хабаровск
2025-08-26 14:13:02,Масленка прямая 1/8 BSP 9.5 mm ST18BSP95,6,26,Дизель,ST18BSP95,Хабаровск
2025-08-26 14:13:02,Масленка прямая SK-125 14mm M12*1.5,38,23,Дизель,SK-125,Хабаровск
2025-08-26 14:13:02,Масленка рычажная для смазки 350мл,51,215,Дизель,350 ml,Хабаровск
2025-08-26 14:13:02,"Масловлагоотделитель в сборе D-127873/HDS-002/DR-31/RL3511BA / d1/2, 1/2, 1/4 FUSO HD Дизель",51,4584,Дизель,D-127873,Хабаровск
2025-08-26 14:13:02,Маслоохладитель (теплообменник) 080V05000-7100/-7200 HOWO ORIG,1,28331,Howo,080V05000-7100,Хабаровск
2025-08-26 14:13:02,"Маслосъемные Колпачки 13719-1370/1290/S1371-91370 AV7036-H0/JF-96012 P09C,P11C HINO /к-т8шт",2,365,JMC,13719-1370,Хабаровск
2025-08-26 14:13:02,Маслосъемный колпачок D-128252 / 8-94396-609-2 ISUZU 4HF1/4HJ1/4HG1/4HL1/4HK1/6HH1 Дизель,119,67,Дизель,D-128252,Хабаровск
2025-08-26 14:13:02,Маслосъемный колпачок D-128253 / 8-97328-647-0 4JJ1 NLR85/NMR85 Дизель,183,59,Дизель,D-128253,Хабаровск
2025-08-26 14:13:02,Маслосъемный колпачок HINO 13719-1020 12.7-8.8-14.5 8PCS/SET W04D/H06C/H07D/K13C Y,33,427,Yamasida,13719-1020,Хабаровск
2025-08-26 14:13:02,Маслосъемный колпачок HINO 13719-1030 15.7-9.4-14.5 8PCS/SET F20C/F21C Y,41,468,Yamasida,13719-1030,Хабаровск
2025-08-26 14:13:02,Маслосъемный колпачок HINO 13719-1200 15.8-9.5-15 8PCS/SET F20C/F21C Y,16,431,Yamasida,13719-1200,Хабаровск
2025-08-26 14:13:02,Маслосъемный колпачок HINO 13719-1340 12.7-8.8-14.5 8PCS/SET K13C Y,6,393,Yamasida,13719-1340,Хабаровск
2025-08-26 14:13:02,Маслосъемный колпачок HINO 13719-1350 12.7-8.4-14.5 8PCS/SET H06C Y,2,352,Yamasida,13719-1350,Хабаровск
2025-08-26 14:13:02,Маслосъемный колпачок HINO 13719-1410 15.8-9.5-15 8PCS/SET F20C/EP100 Y,7,447,Yamasida,13719-1410,Хабаровск
2025-08-26 14:13:02,Маслосъемный колпачок HINO 13719-1470 10.5-6.5-12 8PCS/SET J05C/J07C/J08C Y,1,369,Yamasida,13719-1470,Хабаровск
2025-08-26 14:13:02,Маслосъемный колпачок HINO 13719-1560 8PCS/SET F21C Y,1,409,Yamasida,13719-1560,Хабаровск
2025-08-26 14:13:02,Маслосъемный колпачок ISUZU 1-12569-017-0 13.6-9.8-15 12PCS/SET Y,32,738,Yamasida,1-12569-017-0,Хабаровск
2025-08-26 14:13:02,Маслосъемный колпачок ISUZU 5-12569-001-0 8PCS/SET 4BA1/4BC1/4BC2/4BE1/4BE2/4BD1/4BG1/6BB1 Y,22,576,Yamasida,5-12569-001-0,Хабаровск
2025-08-26 14:13:02,Маслосъемный колпачок ISUZU 5-12569-006-0 8PCS/SET 4JB1/4JG2 Y,20,329,Yamasida,5-12569-006-0,Хабаровск
2025-08-26 14:13:02,Маслосъемный колпачок ISUZU 8-94396-609-2 13.9-8.4-18.5 8PCS/SET 4HF1/4HJ1/4HG1/4HL1/4HK1/6HH1 Y,9,484,Yamasida,8-94396-609-2,Хабаровск
2025-08-26 14:13:02,Маслосъемный колпачок ISUZU 8-97120-307-0 12.5-7.3-16.2 8PCS/SET 4JG2/6HL1/6HH1/6HK1 Y,2,393,Yamasida,8-97120-307-0,Хабаровск
2025-08-26 14:13:02,Маслосъемный колпачок ISUZU 8-97328-647-0 11.5-6.3-14.3 16PCS/SET 4JJ1 Y,49,968,Yamasida,8-97328-647-0,Хабаровск
2025-08-26 14:13:02,Маслосъемный колпачок MAZDA SE01-10-155A 8PCS/SET VS/TF Y,7,425,Yamasida,SE01-10-155A,Хабаровск
2025-08-26 14:13:02,Маслосъемный колпачок MAZDA SE70-10-155A 8PCS/SET VS/XA/HA/SL/TF Y,25,404,Yamasida,SE70-10-155A,Хабаровск
2025-08-26 14:13:02,Маслосъемный колпачок MMC ME024108 14.9-8.3-13.5 8PCS/SET 6D16/6D17 Y,15,273,Yamasida,ME024108,Хабаровск
2025-08-26 14:13:02,Маслосъемный колпачок MMC ME120154 14.9-9.5-13.5 8PCS/SET 8M20/8M81/8M22/6M70 Y,10,336,Yamasida,ME120154,Хабаровск
2025-08-26 14:13:02,Маслосъемный колпачок MMC ME241213 12.9-7.4-11 8PCS/SET 4M40/4M50/4M51/6M60/6M61 Y,1,369,Yamasida,ME241213,Хабаровск
2025-08-26 14:13:02,Маслосъемный колпачок NISSAN 13207-Z5501 13.8-8.3-14.6 8PCS/SET FD35/FD42/ED33/MD92TB Y,23,393,Yamasida,13207-Z5501,Хабаровск
2025-08-26 14:13:02,Маслосъемный колпачок TOYOTA 90913-02079 8PCS/SET 3RZ/2JZ/5A/7A/2TZ Y,43,298,Yamasida,90913-02079,Хабаровск
2025-08-26 14:13:02,Маслосъемный колпачок TOYOTA 90913-02094 8PCS/SET 1HZ/1HDT/1Y/2Y/3Y/5K/7KE/2C/3C Y,30,298,Yamasida,90913-02094,Хабаровск
2025-08-26 14:13:02,Маслосъемный колпачок TOYOTA 90913-02096 11.5-6.6-9.6 12PCS/SET 15B/1HD/1FZ/1BZ Y,31,448,Yamasida,90913-02096,Хабаровск
2025-08-26 14:13:02,Маслосъемный колпачок TOYOTA 90913-02129 8PCS/SET 1GDFTV/2GDFTV Y,8,255,Yamasida,90913-02129,Хабаровск
2025-08-26 14:13:02,Масляная форсунка охлаждения поршня 1-13342-139-2 6WG1 C-series D.BEST,27,906,Дизель,1-13342-139-2,Хабаровск
2025-08-26 14:13:02,Масляная форсунка охлаждения поршня 11418-E0040 Hino E13C D.BEST,71,853,Дизель,11418-E0040,Хабаровск
2025-08-26 14:13:02,Масляная форсунка охлаждения поршня 11418-E0080 Hino J05D/S05C D.BEST,34,787,Дизель,11418-E0080,Хабаровск
2025-08-26 14:13:02,Масляная форсунка охлаждения поршня 11418-E0100 Hino A05C D.BEST,12,1403,Дизель,11418-E0100,Хабаровск
2025-08-26 14:13:02,"Масляная форсунка охлаждения поршня 8-98067-162-0 4HK1-T F,N-series D.BEST",34,449,Дизель,8-98067-162-0,Хабаровск
2025-08-26 14:13:02,Масляная форсунка охлаждения поршня 8-98370-779-0 / 8-94399-187-1 D.BEST JAPAN,10,498,Дизель,8-98370-779-0,Хабаровск
2025-08-26 14:13:02,Масляная форсунка охлаждения поршня D-127326 / 8-94370-579-1 / 8-98370-780-0 Дизель,7,410,Дизель,D-127326,Хабаровск
2025-08-26 14:13:02,Масляная форсунка охлаждения поршня S110B-E0010 Hino 300 E-3/4 D.BEST,3,747,Дизель,S110B-E0010,Хабаровск
2025-08-26 14:13:02,"Маховик 6D14/6D16 380mm*129t*6H*17mm15"" ME072148/ME072585",1,7397,JMC,ME072148,Хабаровск
2025-08-26 14:13:02,Маховик D-125110 / 8-97602-463-2 6HK1-T Евро-4 ISUZU FVR34 Дизель,220,16624,Дизель,D-125110,Хабаровск
2025-08-26 14:13:02,Маховик D-126534 / 201-02301-6104 Sitrak C7H Дизель,4,11525,Дизель,D-126534,Хабаровск
2025-08-26 14:13:02,Маховик D-126743 / 3252549 / 4974333 / 4974334 SHACMAN X3000 M11 Дизель,5,13895,Дизель,D-126743,Хабаровск
2025-08-26 14:13:02,Маховик D-127015 / 8-98148-063-2/0/1 4JJ1 NLR85/NMR85 E4 Дизель,24,12673,Дизель,D-127015,Хабаровск
2025-08-26 14:13:02,"Маховик D-127043 / 8-97115-782-0 ISU 4HF1/6HK1 central hole 40mm 300mm*138t*8h*16.5mm 12"" Дизель",3,8776,Дизель,D-127043,Хабаровск
2025-08-26 14:13:02,"Маховик D-127048 / ME221405 325*210*368 z=114, MMC 4M50, FE64D FE64 FE84 Дизель",2,9141,Дизель,D-127048,Хабаровск
2025-08-26 14:13:02,"Маховик D-128459 / FW-607 / ME062830 / 062698 MMC 8DC91 430mm*143t*10H*17mm17"" 107mm Дизель",10,12374,Дизель,D-128459,Хабаровск
2025-08-26 14:13:02,"Маховик D-128460 / FW-101 / 12310-97619 / 13450-97773 NIS RF8 430mm*140t*10H*16.5mm17"" Дизель",9,16784,Дизель,D-128460,Хабаровск
2025-08-26 14:13:02,"Маховик HIN E13C D-127044 / FW-805 /13450-3700 430mm*137t*8H*19mm17"" HINO700 Дизель",2,13014,Дизель,D-127044,Хабаровск
2025-08-26 14:13:02,"Маховик HIN EM100 380mm*137t*9H*17mm15"" !",4,8801,Дизель,13450-1925,Хабаровск
2025-08-26 14:13:02,"Маховик HIN H06CT D-126682 / FW-802 /13450-1320 350mm*129t*8H*14.5mm14"" Дизель",11,8880,Дизель,D-126682,Хабаровск
2025-08-26 14:13:02,"Маховик 13450-2830 HIN H07D/J08C 380mm*129t*8H*14.5mm15""",1,12476,Дизель,13450-2830,Хабаровск
2025-08-26 14:13:02,"Маховик HIN W04D 300mm*121t*6H12"" !",1,5345,Дизель,13450-1005,Хабаровск
2025-08-26 14:13:02,"Маховик ISU 10PC1 D-126683 / 1-12331-258-2 430mm*164t*8H*19mm17"" Дизель",15,14992,Дизель,D-126683,Хабаровск
2025-08-26 14:13:02,"Маховик ISU 4HF1 central hole 52mm 8-97166-516-0 325mm*138t*8H*16.5mm13"" !",4,7991,Дизель,8-97166-516-0,Хабаровск
2025-08-26 14:13:02,Маховик ISU 4HK1 FW-433 /8-98056-355-2 350*143*8*16*52 MZW6P FSR90 SKV,2,10181,SKV,8-98056-355-2,Хабаровск
2025-08-26 14:13:02,"Маховик ISU 6HE1 FW-431 380mm*140T*8H*16.5mm SIZE 15"" FORWARD RHD 90-98",2,13234,Дизель,FW-431,Хабаровск
2025-08-26 14:13:02,Маховик 8-97602-463-2 6HK1-T Евро-4 ISUZU FVR34 ISUZU SKV,72,9520,SKV,8-97602-463-2,Хабаровск
2025-08-26 14:13:02,"Маховик MMC 6D14 D-126685 / FW-601 /ME032692 325mm*129t*6H*15mm13"" Дизель",6,8776,Дизель,D-126685,Хабаровск
2025-08-26 14:13:02,"Маховик MMC 6D14-2AT/6D16 ME072248 350mm*129t*6H*15mm14""",1,11250,Дизель,ME072248,Хабаровск
2025-08-26 14:13:02,"Маховик MMC 6D22 D-128136 / FW-605 /ME052658 430mm*143t*10H*17mm17"" Дизель",6,13014,Дизель,D-128136,Хабаровск
2025-08-26 14:13:02,"Маховик W04D 300mm*121t*6H12""",1,5153,JMC,W04D,Хабаровск
2025-08-26 14:13:02,"Маяк проблесковый D-128553 / 72LED 10-30V Стробоскоп h=120мм, d-145мм магнит в прикуриватель Дизель",40,1448,Дизель,D-128553,Хабаровск
2025-08-26 14:13:02,Механизм рулевой (ГУР) DZ9114470075 SHAANXI,1,35089,Дизель,DZ9114470075,Хабаровск
2025-08-26 14:13:02,Модуль распределительный D-126535 / 810W98183-6423 Sitrak C7H Дизель,1,1438,Дизель,D-126535,Хабаровск
2025-08-26 14:13:02,Молдинг ветрового стекла верхний 8-98041-651-3/8-98041-651-1 FVR34 Diesel,13,2608,Дизель,8-98041-651-3,Хабаровск
2025-08-26 14:13:02,Молдинг ветрового стекла нижний 8-98222-159-0/8-97519-456-0 FVR34 ORIG,4,6731,Isuzu,8-97519-456-0,Хабаровск
2025-08-26 14:13:02,Молдинг ветрового стекла нижний D-127157/8-98222-159-0/8-97519-456-0 FVR34 Дизель,12,1593,Дизель,D-127157,Хабаровск
2025-08-26 14:13:02,Молдинг лобового стекла (внешний) 8-97581-624-3 NQR75/NQR71 ORIG,2,5135,Isuzu,8-97581-624-3,Хабаровск
2025-08-26 14:13:02,Молдинг лобового стекла(низ) ISUZU NPR75/NQR90 D-125340 / 8-98083-542-1 Дизель,17,1070,Дизель,D-125340,Хабаровск
2025-08-26 14:13:02,Монтажный набор для энергоаккумулятора II37099 Knorr-Bremse,2,552,Knorr Bremse,II37099,Хабаровск
2025-08-26 14:13:02,Мотор отопителя ISUZU D-127217/AD-IS05/8-97085-614-3/8-97211-952-0 60-008 NKR/NHR/NHS 12V Дизель,37,2603,Дизель,D-127217,Хабаровск
2025-08-26 14:13:02,Мотор отопителя Isuzu HY-20332 12V (MHT402K) с крыльчаткой,1,5276,JMC,HY-20332,Хабаровск
2025-08-26 14:13:02,Мотор отопителя салона 1103011 24V,1,3848,Ootoko,1103011,Хабаровск
2025-08-26 14:13:02,Мотор отопителя салона 1103014 24V с крыльчаткой,1,5500,Ootoko,1103014,Хабаровск
2025-08-26 14:13:02,Мотор отопителя салона 24V 1103005,1,4169,Ootoko,1103005,Хабаровск
2025-08-26 14:13:02,Мотор отопителя салона AD-HN03 HINO GD/FF 15T90-24v/,3,3075,Дизель,AD-HN03,Хабаровск
2025-08-26 14:13:02,Мотор отопителя салона AD-HN06,1,4834,Ootoko,AD-HN06,Хабаровск
2025-08-26 14:13:02,Мотор отопителя салона HINO FG 8.8т 90 24V AD-HN02,2,3914,Ootoko,AD-HN02,Хабаровск
2025-08-26 14:13:02,Мотор отопителя салона ISUZU ELF NPR/NPK AD-IS03,1,5029,Ootoko,AD-IS03,Хабаровск
2025-08-26 14:13:02,Мотор отопителя салона NISSAN YU 41 8T 90 24V AD-NS03,3,4231,Ootoko,AD-NS03,Хабаровск
2025-08-26 14:13:02,Мотор отопителя/печки AD-MC04/MHT621K 60-101 MMC CANTER 96~ 24V,47,2716,Дизель,AD-MC04,Хабаровск
2025-08-26 14:13:02,Мотор отопителя/печки AD-NS03 NISSAN DIESEL/CONDOR YU41 8T 90~ 24V,31,2554,Дизель,AD-NS03,Хабаровск
2025-08-26 14:13:02,Мотор отопителя/печки D-126693 / HY-20326 / AD-MC05 / AD-HN01 24V MMC FUSO FV350 162500-5461 Дизель,21,2009,Дизель,D-126693,Хабаровск
2025-08-26 14:13:02,Мотор отопителя/печки D-126705 / HY-20332 / 5-02725-058-6 NKR66 24V ISUZU LHD левый руль Дизель,34,3406,Дизель,D-126705,Хабаровск
2025-08-26 14:13:02,Мотор отопителя/печки D-127016 / ME733724 DF073 MITSUBISHI FUSO CANTER 24V Дизель,43,3065,Дизель,D-127016,Хабаровск
2025-08-26 14:13:02,Мотор отопителя/печки D-127218 / 1-83561-164-0/1-83561-121-0/1-83579-636-0 24V ISUZU LHD/CYZ Дизель,50,2822,Дизель,D-127218,Хабаровск
2025-08-26 14:13:02,Мотор отопителя/печки D-127220 / AD-MC11 24V MMC FUSO FK330 90~ Дизель !,4,878,Дизель,D-127220,Хабаровск
2025-08-26 14:13:02,"Мотор отопителя/печки D-127999/116340-6181/282500-1371/S8710-41200 HINO500/700 FR,E13C 24V Дизель",26,3074,Дизель,D-127999,Хабаровск
2025-08-26 14:13:02,Мотор отопителя/печки HINO RANGER 90~ D-127216 / AD-HN02 / 87130-1060 60-023 Дизель,16,2324,Дизель,D-127216,Хабаровск
2025-08-26 14:13:02,Мотор отопителя/печки NISSAN DIESEL AD-NS02/ 27117-30Z00 CW520 24V,10,2861,Дизель,AD-NS02,Хабаровск
2025-08-26 14:13:02,Мотор отопителя/печки NISSAN UD MK210 HY-20329 24V 27117-99007 (MHT101K) без крыльчатки,3,2086,Дизель,HY-20329,Хабаровск
2025-08-26 14:13:02,Мотор отопителя/печки Мazda Titan HY-20338 282500-0050 24V с крыльчаткой,5,2416,Дизель,HY-20338,Хабаровск
2025-08-26 14:13:02,"Мотор отопителя/печки салона AD-HN03 24v (1109003) (шт), шт, АвДп",2,4440,Дизель,АвДп,Хабаровск
2025-08-26 14:13:02,"Мотор отопителя/печки салона AD-NS01 12V с крыльчаткой (1105001) (шт), шт, (АвДп)",1,3191,JMC,AD-NS01,Хабаровск
2025-08-26 14:13:02,"Мотор отопителя/печки салона без крыльчатки AD-MC04 (шт), шт, (АвДп)",2,4285,Дизель,(АвДп),Хабаровск
2025-08-26 14:13:02,Мотор стеклоочистителя 810W26401-6143 HOWO ORIG,3,3387,Howo,810W26401-6143,Хабаровск
2025-08-26 14:13:02,Мотор стеклоочистителя D-127896 / 810W26401-6143 HOWO Дизель,5,3117,Дизель,D-127896,Хабаровск
2025-08-26 14:13:02,Мотор стеклоочистителя WM-HN01,1,2404,JMC,WM-HN01,Хабаровск
2025-08-26 14:13:02,Мотор стеклоочистителя WM-HN04,1,5647,Ootoko,WM-HN04,Хабаровск
2025-08-26 14:13:02,Мотор стеклоочистителя WM-IS01,1,2918,JMC,WM-IS01,Хабаровск
2025-08-26 14:13:02,Мотор стеклоочистителя WM-IS02,1,3204,Дизель,WM-IS02,Хабаровск
2025-08-26 14:13:02,Мотор стеклоочистителя WM-MC02,1,5135,JMC,WM-MC02,Хабаровск
2025-08-26 14:13:02,Мотор стеклоочистителя WM-TY01,1,2768,JMC,WM-TY01,Хабаровск
2025-08-26 14:13:02,Мотор стеклоподъемника правый A0008205008 / A0008205208 Mercedes ориг !,1,12955,Mercedes,A 000 820 50 08,Хабаровск
2025-08-26 14:13:02,Муфта вентилятора 4G64/4M40/4D33 MD338761,2,3639,Дизель,MD338761,Хабаровск
2025-08-26 14:13:02,Муфта вентилятора 4HK1 NP/NQR/NPS/NPR75/NQR90/FSR90 04~ D-127160/8-98019-743-0/8-98158-388-0 Дизель,70,4271,Дизель,D-127160,Хабаровск
2025-08-26 14:13:02,Муфта вентилятора D-125639 / 8-97944-149-1 Дизель,1,5963,Дизель,D-125639,Хабаровск
2025-08-26 14:13:02,Муфта вентилятора VC-207,1,2438,JMC,VC-207,Хабаровск
2025-08-26 14:13:02,Муфта выжимного подшипника C-002 /UCB-002 30501-90020 PM !,6,1661,Paul Master,C-002,Хабаровск
2025-08-26 14:13:02,Муфта выжимного подшипника C-004 / HCB-004 31231-1111 PM,4,2075,Paul Master,HCB-004,Хабаровск
2025-08-26 14:13:02,"Муфта выжимного подшипника C-005 ME675576 FP/FT/FS/FY/FU5# 00,01`~ PM !",7,825,Paul Master,C-005,Хабаровск
2025-08-26 14:13:02,Муфта выжимного подшипника C-006 ME655779 FP415/418 FV415 83-96` PM !,12,825,Paul Master,C-006,Хабаровск
2025-08-26 14:13:02,Муфта выжимного подшипника C-011 ME625365 FK315/16/25 86-90` FK415/16/25/35/515 84-91` PM !,17,1315,Paul Master,C-011,Хабаровск
2025-08-26 14:13:02,Муфта выжимного подшипника MK-001 / FCB-001 ME629194 PM,4,2571,Paul Master,FCB-001,Хабаровск
2025-08-26 14:13:02,Муфта выжимного подшипника RP-001 / FCB-002 ME670582 PM,4,2314,Paul Master,FCB-002,Хабаровск
2025-08-26 14:13:02,Муфта выжимного подшипника С-005 МЕ675576,1,1023,JMC,МЕ675576,Хабаровск
2025-08-26 14:13:02,Муфта выжимного подшипника С-006 МЕ655779,1,1023,JMC,МЕ655779,Хабаровск
2025-08-26 14:13:02,Муфта синхронизатора 4-5 передачи D-125345/8-97366-526-0/8-97300-195-0 КПП MYY5T/6S N-серия Дизель,3,3426,Дизель,D-125345,Хабаровск
2025-08-26 14:13:02,Муфта синхронизатора КПП 6 передачи в сборе D-125577 / 8-97367-022-0 NPR75/NQR90 Дизель,18,3852,Дизель,D-125577,Хабаровск
2025-08-26 14:13:02,Муфта синхронизатора КПП 6 передачи в сборе D-128554 / 8-97367-022-0 NPR75/NQR90 Дизель,27,3794,Дизель,D-128554,Хабаровск
2025-08-26 14:13:02,Муфта синхронизатора КПП 60531891/A9452626523 / 154388 Mercedes/Euroricambi !,1,9951,Euroricambi,60.53.1891,Хабаровск
2025-08-26 14:13:02,Набор резиновых масло-бензо стойких уплотнительных колец OR-SET/GE-238,1,233,JMC,GE-238,Хабаровск
2025-08-26 14:13:02,Нагревательный эл. блока подготовки возд. II30460004 Mercedes/Knorr-Bremse !,4,6217,Knorr Bremse,II30460004,Хабаровск
2025-08-26 14:13:02,Накладка бампера лев (угловая) D-126540 / 812W41610-0227 Sitrak C7H Дизель,4,967,Дизель,D-126540,Хабаровск
2025-08-26 14:13:02,Накладка бампера левая D-126541 / 812W41610-0021 Sitrak C7H Дизель,2,1048,Дизель,D-126541,Хабаровск
2025-08-26 14:13:02,Накладка бампера левая D-128162 / WG1664245003 HOWO Дизель,2,1042,Дизель,D-128162,Хабаровск
2025-08-26 14:13:02,Накладка бампера прав (угловая) D-126542 / 812W41610-0228 Sitrak C7H Дизель,4,967,Дизель,D-126542,Хабаровск
2025-08-26 14:13:02,Накладка бампера правая 812W41685-0046 HOWO ORIG,19,428,Howo,812W41685-0046,Хабаровск
2025-08-26 14:13:02,Накладка бампера правая D-126543 / 812W41610-0022 Sitrak C7H Дизель,2,1048,Дизель,D-126543,Хабаровск
2025-08-26 14:13:02,Накладка бампера правая D-128163 / WG1664245004 HOWO Дизель,5,1042,Дизель,D-128163,Хабаровск
2025-08-26 14:13:02,Накладка бампера центр левая D-126544 / 812W41685-0035 Sitrak C7H Дизель,2,778,Дизель,D-126544,Хабаровск
2025-08-26 14:13:02,Накладка бампера центр правая D-126545 / 812W41685-0036 Sitrak C7H Дизель,2,785,Дизель,D-126545,Хабаровск
2025-08-26 14:13:02,Накладка двери левая D-126210 / 8-98106-503-0 FVR Дизель,4,6516,Дизель,D-126210,Хабаровск
2025-08-26 14:13:02,Накладка двери правая D-126211 / 8-98106-502-0 FVR (K) Дизель,2,6306,Дизель,D-126211,Хабаровск
2025-08-26 14:13:02,Накладка задней тормозной колодки AK35020842BZ7 /B27 JAC N350 (NON-GENUINE),350,1328,Дизель,AK35020842BZ7,Хабаровск
2025-08-26 14:13:02,Накладка задней тормозной колодки BN04000050-MCPSZ N120 JAC ORIG,116,866,JAC,BN04000050-MCPSZ,Хабаровск
2025-08-26 14:13:02,Накладка задней тормозной колодки HF16016E7-3502105-TBK N80 c 2020 JAC ORIG,24,691,JAC,HF16016E73502105TBK,Хабаровск
2025-08-26 14:13:02,Накладка кабины правая D-126745 / 812W62410-6030 HOWO T5G (компл из двух частей) Дизель,1,2031,Дизель,D-126745,Хабаровск
2025-08-26 14:13:02,Накладка переднего бампера D-128425 / 2803032B71A/I правый верхний FAW Дизель,1,370,Дизель,D-128425,Хабаровск
2025-08-26 14:13:02,Накладка передней торм колодки верх D-125889 / AK35013235GJH JAC N350 Дизель,302,376,Дизель,D-125889,Хабаровск
2025-08-26 14:13:02,Накладка передней торм колодки ниж D-125890 / AK35013225GJH JAC N350 Дизель,337,376,Дизель,D-125890,Хабаровск
2025-08-26 14:13:02,Накладка порога правой двери D-124998 / 8-97405-389-1 N-series Дизель,2,1245,Дизель,D-124998,Хабаровск
2025-08-26 14:13:02,Накладка противоскользящая бампера низ D-126549 / 812W41610-2873 Sitrak C7H Дизель,2,450,Дизель,D-126549,Хабаровск
2025-08-26 14:13:02,"Накладка сцепления 275*180*3,5",1,674,JMC,"275*180*3,5",Хабаровск
2025-08-26 14:13:02,"Накладка тормозная D-125491/1-87610-173-0/1-88311-314-0 (8шт, на ось) CYZ51/CYZ52/FVR34 Дизель",90,4624,Дизель,D-125491,Хабаровск
2025-08-26 14:13:02,"Накладка тормозная D-126034 / T320-1104 Canter / Titan 320-120 x 11,0-307 Дизель",50,1934,Дизель,D-126034,Хабаровск
2025-08-26 14:13:02,Накладка тормозная D-126180 / T410-2204 / 1-88302-951-0 220*15.8-191 4204 Isuzu 51L Дизель,3,6170,Дизель,D-126180,Хабаровск
2025-08-26 14:13:02,Накладка тормозная D-126181 / T410-2202 / 44066-90600 220*15.5-192 6*20 AF320 NISSAN CB46 Дизель,22,5989,Дизель,D-126181,Хабаровск
2025-08-26 14:13:02,Накладка тормозная D-126182 / T410-1801 / 1-88302-879-0 180*15.8-191 4401 Isuzu 51K Дизель,22,5679,Дизель,D-126182,Хабаровск
2025-08-26 14:13:02,Накладка тормозная D-126185 / T410-1400 / 1-88302-855-0 140*15.8-191 4401 Isuzu 51K Дизель,20,4859,Дизель,D-126185,Хабаровск
2025-08-26 14:13:02,Накладка тормозная D-126186 / T406-2030 / 47441-1670 203*15.3-195 6*16/AF248 HINO ZM440 Дизель,37,6241,Дизель,D-126186,Хабаровск
2025-08-26 14:13:02,Накладка тормозная D-126187 / T406-1270 / 47441-5670 127*15.3-195 8270F (к-т на ось) HINO ZM440 Дизель,33,4416,Дизель,D-126187,Хабаровск
2025-08-26 14:13:02,Накладка тормозная D-126189/T370-1500/Z3706-1500/AL-6500R/1611L35 Дизель,21,3693,Дизель,D-126189,Хабаровск
2025-08-26 14:13:02,Накладка тормозная D-126191 / T320-950 / Z3201- 950 NISSAN DIESEL CONDOR CL80/CM87/CP88/MK120 Дизель,3,1811,Дизель,D-126191,Хабаровск
2025-08-26 14:13:02,Накладка тормозная D-126192/T320-758A / Z3206-758 / 205K Mitsubishi Canter Дизель,58,1511,Дизель,D-126192,Хабаровск
2025-08-26 14:13:02,Накладка тормозная D-126193 / T320-1451 / 47443-2791 6*12 8451R HINO Дизель,34,3292,Дизель,D-126193,Хабаровск
2025-08-26 14:13:02,Накладка тормозная D-126195 / T320-1400 / MC869158 140*11.5-143 6*12 AF4062 MITSUBISHI FK 415 Дизель,38,2833,Дизель,D-126195,Хабаровск
2025-08-26 14:13:02,Накладка тормозная D-126196 / T320-1350 / 44066-Z5273 135*11.5-143 6*12 AF327 (к-т на ось) NISSAN Дизель,49,2668,Дизель,D-126196,Хабаровск
2025-08-26 14:13:02,Накладка тормозная D-126197 / T320-1300/44066-Z5626 130*11.5-143 6*12 AF325 MITSUBISHI FK102 Дизель,34,2253,Дизель,D-126197,Хабаровск
2025-08-26 14:13:02,Накладка тормозная T320-1207 /D-126199 / 5-87831-692-0 120*11*331/308 Богдан/NPR/NQR75/71 перед/зад Дизель,91,2616,Дизель,D-126199,Хабаровск
2025-08-26 14:13:02,Накладка тормозная D-126200 / T320-1202 / MC869156 6202F MITSUBISHI FK 415 Дизель,13,2597,Дизель,D-126200,Хабаровск
2025-08-26 14:13:02,Накладка тормозная D-126203 / T320-1102 / 47441-5730 110*13.0-293 HINO FS166 Дизель,15,2775,Дизель,D-126203,Хабаровск
2025-08-26 14:13:02,Накладка тормозная D-126204 / T320-1101 / MC895080 6*12 MITSUBISHI FK 102 Дизель,44,2150,Дизель,D-126204,Хабаровск
2025-08-26 14:13:02,Накладка тормозная D-126205 / T320-1100 / 1-47125-035-0 110*11.8-310 Isuzu FSR113 Дизель,15,2527,Дизель,D-126205,Хабаровск
2025-08-26 14:13:02,Накладка тормозная D-126208 / 58342-7J500 Hyundai с104pcs заклепками (8шт в к-те) HD160-450 Дизель,76,2514,Дизель,D-126208,Хабаровск
2025-08-26 14:13:02,"Накладка тормозная D-127019/T410-2208/Z4104-2208/1-88310-775-0 (к-т на ось, заклепки в комплекте)HINO NEW Дизель",45,7914,Дизель,D-127019,Хабаровск
2025-08-26 14:13:02,Накладка тормозная D-127020/T410-2228/1-47126-669-0/-670-0 220*16.0-191 CX#/CY#/EX# Дизель,32,6663,Дизель,D-127020,Хабаровск
2025-08-26 14:13:02,Накладка тормозная D-127021 / Т410-1601 / 1-88311-314-0 (8 шт в компл) CYZ51/CYZ52/FVR Дизель,110,5704,Дизель,D-127021,Хабаровск
2025-08-26 14:13:02,Накладка тормозная D-127163 / T410-1800 / 44066-90315 180*17.8-197 NISSAN Дизель,4,5946,Дизель,D-127163,Хабаровск
2025-08-26 14:13:02,Накладка тормозная D-127388 / T410-2004 / Z4104-2004 / 1-88310-513-2/1/0 200х16.0х207/191 Дизель,11,4628,Дизель,D-127388,Хабаровск
2025-08-26 14:13:02,Накладка тормозная D-127514 / K1L07A /58305-45A61 110mm Fuso (компл. 4шт. с заклепками(56 шт)Дизель,22,1950,Дизель,D-127514,Хабаровск
2025-08-26 14:13:02,Накладка тормозная D-127515 / T300-751A / 5-87870-017-0 75*7.7-281 Isuzu Дизель,26,1084,Дизель,D-127515,Хабаровск
2025-08-26 14:13:02,Накладка тормозная D-127519 / Z4068-2295 HINO 500 зад. E-5 Дизель,28,6182,Дизель,D-127519,Хабаровск
2025-08-26 14:13:02,Накладка тормозная D-127526/T410-2209/Z4101-2209 /44066-00Z03 220*16.0-191 Дизель,5,6038,Дизель,D-127526,Хабаровск
2025-08-26 14:13:02,Накладка тормозная D-127529 / T320-755A / 5-88300-002-0 / AL-4755A 75*9.6-291 NKR66/NPR66 Дизель,46,1710,Дизель,D-127529,Хабаровск
2025-08-26 14:13:02,Накладка тормозная D-127530 / T370-1200 / Z3708-1200 / AL-4200 Дизель,21,3333,Дизель,D-127530,Хабаровск
2025-08-26 14:13:02,Накладка тормозная D-127531 / T410-1804 / Z4101-1804 / 41039-00Z03 NISSAN DIESEL/CONDOR Дизель,2,5249,Дизель,D-127531,Хабаровск
2025-08-26 14:13:02,Накладка тормозная D-127605 / 3502.36G-105 JAC Дизель,19,811,Дизель,D-127605,Хабаровск
2025-08-26 14:13:02,"Накладка тормозная D-128061/T410-1750 Z4106-1750/175*15,5-192(410) (к-т на ось) Дизель",10,6724,Дизель,D-128061,Хабаровск
2025-08-26 14:13:02,"Накладка тормозная K1L07A / 58305-45A61 110mm FR/RR HD78 Fuso (компл. 4шт., БЕЗ заклепок)",15,3086,Дизель,58305-45A61,Хабаровск
2025-08-26 14:13:02,"Накладка тормозная STD 203*8"" 1535249/BL2102 (4шт/к-т) Scania",40,1905,Дизель,1535249,Хабаровск
2025-08-26 14:13:02,"Накладка тормозная STD 254*10"" 1535250/BL2103 (4шт/к-т) Scania",38,2091,Дизель,1535250,Хабаровск
2025-08-26 14:13:02,Накладка тормозная T320-1151 / 44066-Z5828 1151*11.5-143 6*12 MITSUBISHI FK 102,15,2051,Дизель,T320-1151,Хабаровск
2025-08-26 14:13:02,"Накладка тормозная T320-1250 / Z3208-1250 HINO PROFIA FW/KK/SD, HINO RANGER FC/FD/FT/GD/KD 89-90",46,2375,Дизель,D-126198,Хабаровск
2025-08-26 14:13:02,Накладка тормозная T406-1650/1600 / Z4068-1650/1600 Hino FR#/FS# 226,10,5436,Дизель,T406-1650,Хабаровск
2025-08-26 14:13:02,Накладка тормозная T410-1501 / MC832450 / MC895585 150*15.5-192 6501F MITSUBISHI FV 515,13,5483,Дизель,T410-1501,Хабаровск
2025-08-26 14:13:02,Накладка тормозная T410-1600 Z4104-1600 160*16.0*207/191 ISUZU,2,5751,Дизель,410-1600,Хабаровск
2025-08-26 14:13:02,Накладка тормозная T410-1785 / Z4108-1785 (полуприцепы Корея),13,6457,Дизель,T410-1785,Хабаровск
2025-08-26 14:13:02,"Накладка тормозная T410-1790/91/80/81/Z4104-1790/178*14,5*210/194 прицеп !",2,4757,Дизель,T410-1790,Хабаровск
2025-08-26 14:13:02,Накладка тормозная T410-2000 / MC809770 / MC895697 200*15.5-191 6200R MITSUBISHI T850,14,7689,Дизель,T410-2000,Хабаровск
2025-08-26 14:13:02,Накладка тормозная T410-2205 / MC832472 / MC895872 220*15.5-192 6205R MITSUBISHI FV515,2,6740,Дизель,T410-2205,Хабаровск
2025-08-26 14:13:02,Накладка тормозная T420-1900/Z4206-1900 190*15.8*184 MMC Fuso,32,5180,Дизель,T420-1900,Хабаровск
2025-08-26 14:13:02,Накладка тормозная Uza HR400 220 48 / 44066-90166 (8шт) !,25,3161,Дизель,HR40022048,Хабаровск
2025-08-26 14:13:02,Накладка тормозная задняя D-125202/1-88310-773-1/1-88310-773-0 (комплект на колесо 4 шт)FVR34 Дизель,50,2984,Дизель,D-125202,Хабаровск
2025-08-26 14:13:02,Накладка тормозная задняя D-126177 / 1-88310-773-1 / 1-88310-773-0 на колесо 4 шт FVR34 Дизель,119,3376,Дизель,D-126177,Хабаровск
2025-08-26 14:13:02,Накладка тормозная задняя D-128426 / DZ9112340063 175х220 8отв. SHACMAN Дизель,10,263,Дизель,D-128426,Хабаровск
2025-08-26 14:13:02,Накладка тормозная задняя D-128427 / DZ9112340062 217х220 10отв. SHACMAN Дизель,12,263,Дизель,D-128427,Хабаровск
2025-08-26 14:13:02,Накладка тормозная передняя D-126873 / 3501406C242/A FAW J6 Дизель,14,337,Дизель,D-126873,Хабаровск
2025-08-26 14:13:02,Накладка тормозная передняя D-126874 / 3501407C242/A FAW J6 Дизель,22,337,Дизель,D-126874,Хабаровск
2025-08-26 14:13:02,"Накладка тормозная передняя-задняя (2) H=220 mm, L=181, 13отв - HI-Q / 583427J500 / L01118-04C(HI-Q), SB606(HI-Q) / HI-Q",2,759,JMC,583427J500,Хабаровск
2025-08-26 14:13:02,Накладка тормозная Хино 500 задние D-127520 / T370-1501/2 Z3706-1501/2 150*15.0/14.0*185/171 (к-т на ось) Дизель,84,4236,Дизель,D-127520,Хабаровск
2025-08-26 14:13:02,"Накладка тормозная Хино 500 перед D-127521/T370-1201/Z3706-1201/Z3706-1202/120*15,0/14,0*185 (к-т на ось) Дизель",83,3498,Дизель,D-127521,Хабаровск
2025-08-26 14:13:02,Накладка тормозная Хино 700 перед D-126175 / T406-1521 / 47441-6330 152*15.3-195 8521F Дизель,14,4798,Дизель,D-126175,Хабаровск
2025-08-26 14:13:02,Накладка угловая 5302020LE090 JAC N56 (NON-GENUINE),8,962,Дизель,5302020LE090,Хабаровск
2025-08-26 14:13:02,Накладка угловая 5302030LE090 JAC N56 (NON-GENUINE),9,962,Дизель,5302030LE090,Хабаровск
2025-08-26 14:13:02,Накладка угловая D-125893 / 5302200LE090 JAC N56/75/80/120 Дизель,1,1188,Дизель,D-125893,Хабаровск
2025-08-26 14:13:02,Накладки тормозные передние (410*180) 2992113/1955520406016425/1971422206016425/195550010110/65212500А8/2119714503 Iveco,1,3206,Дизель,2992113,Хабаровск
2025-08-26 14:13:02,Накладки торм. T320-1151/44066-Z5828 115.1*11.5-143 6*12 MITSUBISHI FK102,2,1494,JMC,T320-1151,Хабаровск
2025-08-26 14:13:02,Накладки торм. T400-1300,2,2329,Zevs,Z4001-1300,Хабаровск
2025-08-26 14:13:02,Накладки торм. T410-1401/Z4106-1401//226,3,4002,JMC,T410-1401,Хабаровск
2025-08-26 14:13:02,Накладки торм. T410-1600 Z4104-1600 160*16.0*207/191 ISUZU,1,4618,JMC,T410-1600,Хабаровск
2025-08-26 14:13:02,Накладки торм. T410-1790/91/80/81/Z4104-1790/178*14.5*210/194 прицеп,4,2336,JMC,T410-1790,Хабаровск
2025-08-26 14:13:02,Накладки торм. T410-2004,3,3883,Zevs,Z4104-2004,Хабаровск
2025-08-26 14:13:02,Накладки торм. Z4206-1900 T420-1900,1,5695,JMC,T420-1900,Хабаровск
2025-08-26 14:13:02,Накладки тормозн. AZ9761340104(А103)/,3,350,Дизель,AZ9761340104(А103),Хабаровск
2025-08-26 14:13:02,"Накладки тормозные A6594233810/A6174230730/A6594233010/19496(18.8mm repair, rear) Mercedes !",8,4574,IBK,WVA19496,Хабаровск
2025-08-26 14:13:02,Накладки тормозные AC2126-STD/A6594234010 Mercedes/Techno Brake !,2,3599,Technobrake,AC2126 STD,Хабаровск
2025-08-26 14:13:02,Накладки тормозные AL-3361 T320-905 (комплект 4шт) ASUKI,2,1070,JMC,T320-905,Хабаровск
2025-08-26 14:13:02,Накладки тормозные AZ9761340103/,5,259,Дизель,AZ9761340103,Хабаровск
2025-08-26 14:13:02,Накладки тормозные D-126174 / T406-2030 / 23083-55610 Дизель,2,406,Дизель,D-126174,Хабаровск
2025-08-26 14:13:02,"Накладки тормозные D-127527 / A6594233810 / 81502216103 18.8 mm rear, Mercedes ! Дизель",113,3951,Дизель,D-127527,Хабаровск
2025-08-26 14:13:02,Накладки тормозные задние 11854/2992123 (410*200) Iveco !,57,2132,Дизель,11854,Хабаровск
2025-08-26 14:13:02,Накладки тормозные передние 11856/2992113 (410*180) !,49,1796,Дизель,11856,Хабаровск
2025-08-26 14:13:02,Накладки тормозные передние ENP4702D/A3222M2223 Freightliner,2,2498,JMC,A3222M2223,Хабаровск
2025-08-26 14:13:02,Наконечник вентиля подкачки 45 град. (металлич),13,115,Дизель,VALVE 45,Хабаровск
2025-08-26 14:13:02,Наконечник вентиля подкачки 90 град. (металлич),8,128,Дизель,VALVE 90,Хабаровск
2025-08-26 14:13:02,Наконечник рулевой 0K43A-32510 / OW023-32510 BONGO III 2.9 !,1,950,Дизель,OW023-32510,Хабаровск
2025-08-26 14:13:02,Наконечник рулевой 0K710-32240 BONGO III 2.7L-J2 5MT4WD/2WD/ 2.5L - 4D56 TCI !,2,1051,Дизель,0K710-32-240,Хабаровск
2025-08-26 14:13:02,Наконечник рулевой 3003025-1H FAW,3,1330,Дизель,3003025-1H,Хабаровск
2025-08-26 14:13:02,Наконечник рулевой 48520-VW025,1,1360,JMC,48520-VW025,Хабаровск
2025-08-26 14:13:02,Наконечник рулевой 8-98105-073-0,1,12198,JMC,8-98105-073-0,Хабаровск
2025-08-26 14:13:02,Наконечник рулевой 8-98105-074-0,1,12198,JMC,8-98105-074-0,Хабаровск
2025-08-26 14:13:02,Наконечник рулевой 8-98127-017-0,1,11728,JMC,8-98127-017-0,Хабаровск
2025-08-26 14:13:02,Наконечник рулевой 8-98127-018-0,1,11728,JMC,8-98127-018-0,Хабаровск
2025-08-26 14:13:02,Наконечник рулевой Asia 23-460 R SW,1,2609,Samwoo,23-460,Хабаровск
2025-08-26 14:13:02,Наконечник рулевой Asia 23-460-1 L SW,1,2609,Samwoo,23-460-1,Хабаровск
2025-08-26 14:13:02,Наконечник рулевой MC891878 MC891040,1,11260,JMC,MC891878,Хабаровск
2025-08-26 14:13:02,Наконечник рулевой MC891879 MC891041,1,11260,JMC,MC891879,Хабаровск
2025-08-26 14:13:02,Наконечник рулевой Nissan 48570-90065 / 30-612-9 R SW !,4,3505,Samwoo,30-612-9,Хабаровск
2025-08-26 14:13:02,Наконечник рулевой Nissan 48571-90065 / 30-612-9-1 L SW !,2,3505,Samwoo,30-612-9-1,Хабаровск
2025-08-26 14:13:02,Наконечник рулевой тяги 1-43150-677-0 RH WK,2,4402,Дизель,1-43150-677-0,Хабаровск
2025-08-26 14:13:02,Наконечник рулевой тяги 1-44380-121-0 // IS-121R,1,2213,JMC,1-44380-121-0,Хабаровск
2025-08-26 14:13:02,Наконечник рулевой тяги 48570-0T300,1,1138,Zevs,48570-0T300,Хабаровск
2025-08-26 14:13:02,Наконечник рулевой тяги 48570-NA000,1,11728,JMC,48570-NA000,Хабаровск
2025-08-26 14:13:02,Наконечник рулевой тяги 48571-NA000,1,12198,JMC,48571-NA000,Хабаровск
2025-08-26 14:13:02,"Наконечник рулевой тяги 56880-5К000, LHD LH",3,2971,JMC,56880-5К000,Хабаровск
2025-08-26 14:13:02,Наконечник рулевой тяги 8-98054-851-0,1,13653,JMC,8-98054-851-0,Хабаровск
2025-08-26 14:13:02,Наконечник рулевой тяги 8-98054-853-0,1,13623,JMC,8-98054-853-0,Хабаровск
2025-08-26 14:13:02,Наконечник рулевой тяги D-127164 / 8-97142-100-1 / 8-97222-509-0 / SE-5321R NKR `97~ Дизель,1,770,Дизель,D-127164,Хабаровск
2025-08-26 14:13:02,Наконечник рулевой тяги HIN 45046-37133 RH Hino 300 E4 CH !,1,4234,Chase,45046-37133,Хабаровск
2025-08-26 14:13:02,Наконечник рулевой тяги HIN 45046-39745 HINO 300 E3/DYNA BU410 '04~ CH,12,3279,Chase,45046-39745,Хабаровск
2025-08-26 14:13:02,"Наконечник рулевой тяги HIN 45046-39795 HINO 300 E3/DYNA WU410, BZU410, XZU400 '06~ Y",18,1414,Yamasida,45046-39795,Хабаровск
2025-08-26 14:13:02,"Наконечник рулевой тяги HIN 45047-39515 HINO 300 E3/ DYNA WU410, BZU410, XZU400 '06~ Y",13,1835,Yamasida,45047-39515,Хабаровск
2025-08-26 14:13:02,"Наконечник рулевой тяги HIN 45047-E0010 HINO FC, FD1J~8J 10.5T '03~ CH",1,3279,Chase,45047-E0010,Хабаровск
2025-08-26 14:13:02,Наконечник рулевой тяги HIN 45420-1940/S4542-01940RH HINO FB4#/FB5# 5T Y,27,1492,Yamasida,45420-1940,Хабаровск
2025-08-26 14:13:02,Наконечник рулевой тяги HIN 45420-2631 HINO FC\FD1J-3J`01~`04 Y,22,1652,Yamasida,45420-2631,Хабаровск
2025-08-26 14:13:02,Наконечник рулевой тяги HIN 45430-1940/S4543-01940 LH HINO FB4#/FB5# 5T Y,8,1049,Yamasida,45430-1940,Хабаровск
2025-08-26 14:13:02,Наконечник рулевой тяги HIN S4540-E0390 RH HINO FD/500# 10.4Ton 2003~ CH,8,3477,Chase,S4540-E0390,Хабаровск
2025-08-26 14:13:02,Наконечник рулевой тяги HIN S4550-E0170/E0150 HINO 500 FD8/GD8/GH8 LH Y,31,7683,Yamasida,S4550-E0170,Хабаровск
2025-08-26 14:13:02,"Наконечник рулевой тяги HYUNDAI 56890-5K000 HD65,72,78,120 RH Y",10,1436,Yamasida,56890-5K000,Хабаровск
2025-08-26 14:13:02,Наконечник рулевой тяги ISU 1-43150-349-0 SRM 83- EXR `94~ #340 SE-5261R Y,16,8414,Yamasida,1-43150-349-0,Хабаровск
2025-08-26 14:13:02,Наконечник рулевой тяги ISU 1-43150-350-0/1-43150-631-0 SRM 83- EXR `94~ #340 SE-5261L Y,17,8414,Yamasida,1-43150-350-0,Хабаровск
2025-08-26 14:13:02,Наконечник рулевой тяги ISU 1-43150-439-1 CXZ71 `86~ 10PC1 SE-5181R CH !,6,5096,Chase,1-43150-439-1,Хабаровск
2025-08-26 14:13:02,Наконечник рулевой тяги ISU 1-43150-440-1 CXZ71 `86~ 10PC1 SE-5181L CH !,3,5096,Chase,1-43150-440-1,Хабаровск
2025-08-26 14:13:02,Наконечник рулевой тяги ISU 1-43150-670-0 FRR32 `90~`93 RH CH !,1,3237,Chase,1-43150-670-0,Хабаровск
2025-08-26 14:13:02,Наконечник рулевой тяги ISU 1-43150-671-0 FRR32 `90~`93 LH CH,1,4686,Chase,1-43150-671-0,Хабаровск
2025-08-26 14:13:02,"Наконечник рулевой тяги ISU 1-43150-677-2/1-43150-347-0 FTR, FVR '96~ , FSR33, FRR CH !",2,4486,Chase,1-43150-677-2,Хабаровск
2025-08-26 14:13:02,Наконечник рулевой тяги ISU 1-43150-748-1 R FRR/FSR/FSR90 CH,2,4188,Chase,1-43150-748-1,Хабаровск
2025-08-26 14:13:02,Наконечник рулевой тяги ISU 1-43150-875-0 FORWARD/FRS.GSR.FSD.FRR.FTR.FSR-S/'04~ L (K),35,1527,Дизель,1-43150-875-0,Хабаровск
2025-08-26 14:13:02,Наконечник рулевой тяги ISU 1-43150-876-0 FORWARD/FRS.GSR.FSD.FRR.FTR.FSR-S/'04~ R (K),25,1482,Дизель,1-43150-876-0,Хабаровск
2025-08-26 14:13:02,Наконечник рулевой тяги ISU 6WA1-HEAD ISUZU CH !,12,1035,Chase,ISUZU-6WA1-HEAD,Хабаровск
2025-08-26 14:13:02,"Наконечник рулевой тяги ISU 8-94103-223-2/8-94419-609-0 L NPR,NKR-84~ 4HF1 NPS/NPR/NQR Y",43,1500,Yamasida,8-94103-223-2,Хабаровск
2025-08-26 14:13:02,Наконечник рулевой тяги ISU 8-98096-753-0 /8-98228-106-0 R C#/E#/FVR34 10~ SKV,37,4142,SKV,8-98096-753-0,Хабаровск
2025-08-26 14:13:02,Наконечник рулевой тяги ISU 8-98096-754-0 /8-98228-107-0 L C#/E#/FVR34 10~ SKV,26,4142,SKV,8-98096-754-0,Хабаровск
2025-08-26 14:13:02,Наконечник рулевой тяги ISUZU-NKR-HEAD ISUZU (2 шт в компл.) CH !,32,1127,Chase,ISUZU-NKR-HEAD,Хабаровск
2025-08-26 14:13:02,Наконечник рулевой тяги MAZDA W782-32-510 / 8WA1-32-510,1,1371,Zevs,W782-32-510,Хабаровск
2025-08-26 14:13:02,Наконечник рулевой тяги MK309710\MK996333; SE-7891R; MMC; (2шт в уп); (ТАЙВАНЬ)(Ш),1,1607,JMC,MK309710,Хабаровск
2025-08-26 14:13:02,Наконечник рулевой тяги MMC FUSO-6D16-HEAD CH !,4,610,Chase,FUSO-6D16-HEAD,Хабаровск
2025-08-26 14:13:02,Наконечник рулевой тяги MMC FUSO-8DC9-HEAD CH !,5,875,Chase,FUSO-8DC9-HEAD,Хабаровск
2025-08-26 14:13:02,Наконечник рулевой тяги MMC FUSO-T850/6D22 HEAD CH !,5,1035,Chase,FUSO-T850/6D22 HEAD,Хабаровск
2025-08-26 14:13:02,Наконечник рулевой тяги MMC MC813170 FUSO 8DC11 FV4#FP4# CH !,3,4796,Chase,MC813170,Хабаровск
2025-08-26 14:13:02,Наконечник рулевой тяги MMC MC813171 FUSO 8DC11 FV4#FP4# CH !,1,4796,Chase,MC813171,Хабаровск
2025-08-26 14:13:02,Наконечник рулевой тяги MMC MC891648/MW033301 FE3## Y,4,1114,Yamasida,MC891648,Хабаровск
2025-08-26 14:13:02,Наконечник рулевой тяги MMC MC891873/MK448262 FUSO FT5#/FU5#/FV5# RH CH,3,11084,Chase,MC891873,Хабаровск
2025-08-26 14:13:02,Наконечник рулевой тяги MMC MK363168 FB50#/FD50# (тавотница справа) Y,23,1287,Yamasida,MK363168,Хабаровск
2025-08-26 14:13:02,Наконечник рулевой тяги MMC MK363169 FB50#/FD50# (тавотница слева) Y,108,1287,Yamasida,MK363169,Хабаровск
2025-08-26 14:13:02,"Наконечник рулевой тяги MMC MK363170 L CANTER, ROSA 4D32 98~ Y",10,1490,Yamasida,MK363170,Хабаровск
2025-08-26 14:13:02,"Наконечник рулевой тяги NIS 48570-00Z04 R UD PK 13T,15TON CH",2,12666,Chase,48570-00Z04,Хабаровск
2025-08-26 14:13:02,Наконечник рулевой тяги NIS 48570-0T300 ATLAS/CONDOR H41 91~ CH !,4,1320,Chase,48570-0T300,Хабаровск
2025-08-26 14:13:02,Наконечник рулевой тяги NIS 48570-0T300 ATLAS/CONDOR H41 91~4WD CH !,10,1193,Chase,48570-0T300,Хабаровск
2025-08-26 14:13:02,Наконечник рулевой тяги NIS 48570-90203/48570-90212 UD CD53C CW54S RH CH !,30,4664,Chase,48570-90203,Хабаровск
2025-08-26 14:13:02,Наконечник рулевой тяги NIS 48571-00Z79 UD CK/CD`01~ CH,1,10885,Chase,48571-00Z79,Хабаровск
2025-08-26 14:13:02,Наконечник рулевой тяги NIS 48571-90203/48571-90212 UD CD53C CW54S LH CH !,20,2530,Chase,48571-90203,Хабаровск
2025-08-26 14:13:02,Наконечник рулевой тяги NIS 48580-J5100 L SE-4381L ATLAS/CONDOR H40 Y,26,809,Yamasida,48580-J5100,Хабаровск
2025-08-26 14:13:02,Наконечник рулевой тяги NISSAN NS-90162R 48570-90162,1,5189,JMC,48570-90162,Хабаровск
2025-08-26 14:13:02,Наконечник рулевой тяги NISSAN NS-90163L 48571-90163,1,5189,JMC,48571-90163,Хабаровск
2025-08-26 14:13:02,Наконечник рулевой тяги NISSAN NS-Z5179R 48570-Z5179,1,4197,JMC,48570-Z5179,Хабаровск
2025-08-26 14:13:02,Наконечник рулевой тяги R D-128430 / 3003060-1H FAW 3252 Дизель,4,923,Дизель,D-128430,Хабаровск
2025-08-26 14:13:02,Наконечник рулевой тяги S47P-32-280,1,1079,JMC,S47P-32-280,Хабаровск
2025-08-26 14:13:02,Наконечник рулевой тяги SE-2953L/45044-69097 555,2,1239,JMC,SE-2953L,Хабаровск
2025-08-26 14:13:02,"Наконечник рулевой тяги SE-6421L 45430-1050 Ranger KL, KQ, KM",2,765,JMC,45430-1050,Хабаровск
2025-08-26 14:13:02,Наконечник рулевой тяги SE-7361L CEM-18L MB162811 555,1,550,JMC,SE-7361L,Хабаровск
2025-08-26 14:13:02,Наконечник рулевой тяги SE-T231R 45046-39416 Duna XZU334 RH 555,1,963,JMC,45046-39416,Хабаровск
2025-08-26 14:13:02,Наконечник рулевой тяги TOY 45046-29325 DYNA/TOYOACE '96-'01 RH/LH CH !,102,540,Chase,45046-29325,Хабаровск
2025-08-26 14:13:02,Наконечник рулевой тяги TOY 45046-29405 DYNA/TOYOACE/DYNA150/250 01~ Y,4,926,Yamasida,45046-29405,Хабаровск
2025-08-26 14:13:02,Наконечник рулевой тяги TOY 45046-39185 R DYNA/TOYOACE BU6#7#8# 84~ Y,3,1060,Yamasida,45046-39185,Хабаровск
2025-08-26 14:13:02,Наконечник рулевой тяги TOY 45046-39325 R DYNA BU1#2#/XZU130/140 96~ Y,45,1834,Yamasida,45046-39325,Хабаровск
2025-08-26 14:13:02,Наконечник рулевой тяги TOY 45046-39426 R SE-T241R DYNA/TOYACE/HINO XZU3#4#/BU3#4# 99~ Y,11,1852,Yamasida,45046-39426,Хабаровск
2025-08-26 14:13:02,Наконечник рулевой тяги TOY 45046-39785 R DYNA/TOYOACE/HINO XZU3#4#/BU/BZU3# 04~ Y,19,1459,Yamasida,45046-39785,Хабаровск
2025-08-26 14:13:02,Наконечник рулевой тяги TOY 45047-39185 L DYNA/TOYOACE BU1#2#XZU130/140 95~ Y,15,1258,Yamasida,45047-39185,Хабаровск
2025-08-26 14:13:02,Наконечник рулевой тяги TOYOTA CELICA/COROLLA лев/прав DC17092,2,365,JMC,DC17092,Хабаровск
2025-08-26 14:13:02,Наконечник рулевой тяги W782-32-450 / 8AW1-32-450 CH,33,1727,Chase,W782-32-450,Хабаровск
2025-08-26 14:13:02,Наконечник рулевой тяги W782-32-510 / 8AW1-32-510 CH,33,1727,Chase,W782-32-510,Хабаровск
2025-08-26 14:13:02,Наконечник рулевой тяги левый D-126879 / WG9925430100 Sitrak C7H Дизель,13,1358,Дизель,D-126879,Хабаровск
2025-08-26 14:13:02,"Наконечник рулевой тяги левый Toyota Caldina, Carina E (T190), Corona, Ipsum, Picnic (XM10) (91-02) CET-91",1,904,JMC,CET-91,Хабаровск
2025-08-26 14:13:02,Наконечник рулевой тяги правый D-126880 / WG9925430200 Sitrak C7H Дизель,8,1358,Дизель,D-126880,Хабаровск
2025-08-26 14:13:02,"Наконечник рулевой тяги правый Toyota Caldina, Carina E (T190), Corona, Ipsum, Picnic (XM10) (91-02) CET-90",1,904,JMC,CET-90,Хабаровск
2025-08-26 14:13:02,"Наконечник троса КПП / 12x12L / M12x1,25 / CE12X12L / /",2,618,Zevs,12*12L,Хабаровск
2025-08-26 14:13:02,Наконечник троса КПП 8х8 L LONG (белые),3,284,JMC,8х8L,Хабаровск
2025-08-26 14:13:02,Наконечник тяги 1-43150-679-2 R ISUZU FRR Y,27,1504,Yamasida,1-43150-679-2,Хабаровск
2025-08-26 14:13:02,Наконечник тяги 1-44517-021-0 R ISUZU CXG50 Y !,1,3282,Yamasida,1-44517-021-0,Хабаровск
2025-08-26 14:13:02,Наконечник тяги 1-44517-022-0 L ISUZU CXG50 CXZ81 Y !,1,3282,Yamasida,1-44517-022-0,Хабаровск
2025-08-26 14:13:02,Наконечник тяги 45046-29325 TOYOTA Y,30,1322,Yamasida,45046-29325,Хабаровск
2025-08-26 14:13:02,Наконечник тяги 45420-2700/S4540-E0030 R HINO FC\FD1J-8J\300# `03~ Y,13,2380,Yamasida,45420-2700,Хабаровск
2025-08-26 14:13:02,Наконечник тяги 48520-0T825 NISSAN ATLAS H41 91- Y,6,2918,Yamasida,48520-0T825,Хабаровск
2025-08-26 14:13:02,Наконечник тяги 48570-Z5007 NISSAN Y,32,2880,Yamasida,48570-Z5007,Хабаровск
2025-08-26 14:13:02,"Наконечник тяги 48571-Z5005 NISSAN UD CM87,88 `88~`96 Y",24,2917,Yamasida,48571-Z5005,Хабаровск
2025-08-26 14:13:02,Наконечник тяги 56880-5H000 HYUNDAI HD65/72/MIGHTY 98~ Y,19,2486,Yamasida,56880-5H000,Хабаровск
2025-08-26 14:13:02,Наконечник тяги 8-97039-462-0 R ISUZU NKR 93~ Y,63,1138,Yamasida,8-97039-462-0,Хабаровск
2025-08-26 14:13:02,Наконечник тяги 8-97039-463-0 L ISUZU NKR 93~ Y,59,1138,Yamasida,8-97039-463-0,Хабаровск
2025-08-26 14:13:02,Наконечник тяги 8-97107-320-1 ISUZU NPR/ NKR-'96~ RH Y,6,1948,Yamasida,8-97107-320-1,Хабаровск
2025-08-26 14:13:02,Наконечник тяги 8-97142-100-1 R ISUZU NKR 97~ Y,56,1138,Yamasida,8-97142-100-1,Хабаровск
2025-08-26 14:13:02,Наконечник тяги D-128495 / 45430-2060 / S4543-02060 / 45430-1590 LH HINO FD1#/FD2#/FD3#/500 Дизель,27,1725,Дизель,D-128495,Хабаровск
2025-08-26 14:13:02,Наконечник тяги D-128496 / 48570-Z5007 NISSAN Дизель,74,1725,Дизель,D-128496,Хабаровск
2025-08-26 14:13:02,"Наконечник тяги D-128497 / 48571-Z5005 NISSAN UD CM87,88~96 Дизель",74,1725,Дизель,D-128497,Хабаровск
2025-08-26 14:13:02,Наконечник тяги D-128503 / 8-97039-463-0 L ISUZU NKR 93~ Дизель,85,649,Дизель,D-128503,Хабаровск
2025-08-26 14:13:02,"Наконечник тяги D-128507 / 8-97107-319-1 ISU NPR, NKR-'96~ LH Дизель",75,677,Дизель,D-128507,Хабаровск
2025-08-26 14:13:02,Наконечник тяги D-128509 / 8-97107-346-0 NPR81/NKR81/LR85 Дизель,74,677,Дизель,D-128509,Хабаровск
2025-08-26 14:13:02,Наконечник тяги D-128516 / S4542-02060 / 45420-2060 / 45420-1590 FD1#-FD3# RH HINO500 Дизель,43,1725,Дизель,D-128516,Хабаровск
2025-08-26 14:13:02,Наконечник тяги ISU 1-43150-737-1/1-43150-802-0 CYZ/CXZ/CXH 95~ LH Y,16,7146,Yamasida,1-43150-737-1,Хабаровск
2025-08-26 14:13:02,"Наконечник тяги ISU 8-97107-319-1 NPR , NKR-'96~ LH Y",26,1688,Yamasida,8-97107-319-1,Хабаровск
2025-08-26 14:13:02,Наконечник тяги ISU/MAZ 8-97107-346-0 NPR81/NKR81/LR85 1K01-32-276 Y,41,1827,Yamasida,8-97107-346-0,Хабаровск
2025-08-26 14:13:02,Наконечник тяги MB563775/MK997628 Fuso Canter FE6#/83 Y,14,1463,Yamasida,MK997628,Хабаровск
2025-08-26 14:13:02,Наконечник тяги MC805517/MK428157 L FUSO FK516 84~ Y,8,1750,Yamasida,MC805517,Хабаровск
2025-08-26 14:13:02,Наконечник тяги MC891647//MW033300 MMC FE3## Y,33,1248,Yamasida,MC891647,Хабаровск
2025-08-26 14:13:02,Наконечник тяги MK309710/MK997509/MC891911/MK996333/MC837948/MC891396 MMC FE53E/71B Y,15,1396,Yamasida,MK309710,Хабаровск
2025-08-26 14:13:02,Наконечник рулевой тяги 45047-39256 SE-T231L TOYOTA,32,1285,Yamasida,45047-39256,Хабаровск
2025-08-26 14:13:02,Наконечник тяги TOY 45047-39265 HINO DYNA XZU410 '00~ Y,25,1291,Yamasida,45047-39265,Хабаровск
2025-08-26 14:13:02,Наконечник тяги W023-99-323 MAZDA Titan WGFAT LH 1984- Y,37,1129,Yamasida,W023-99-323,Хабаровск
2025-08-26 14:13:02,Наконечник тяги КПП МС025495 TZG,39,432,Дизель,MC025495,Хабаровск
2025-08-26 14:13:02,Направляющая клапана S1112-21260 HINO700 ORIG,1,1834,Hino,S1112-21260,Хабаровск
2025-08-26 14:13:02,Направляющая суппорта FR 47715-60020 TOYOTA MARK/CHASER/CROWN 95-01 LAND CRUISER #100,5,277,Дизель,47715-60020,Хабаровск
2025-08-26 14:13:02,Направляющая суппорта MK448206 FR/RR FUSO CANTER SKV,1174,287,SKV,MK448206,Хабаровск
2025-08-26 14:13:02,Насос вакуумный QY-VP28 ME220745 ME225167,1,7610,JMC,ME220745,Хабаровск
2025-08-26 14:13:02,Насос вакуумный QY-VP31 29300-78080 29300-E0070,1,8028,JMC,29300-E0070,Хабаровск
2025-08-26 14:13:02,Насос водяной (помпа) D-125647 / 8-97212-675-1 / 8-97333-361-0 NPR66-71/NQR71 4HF1/4HG1/4HK1 Дизель,1,2668,Дизель,D-125647,Хабаровск
2025-08-26 14:13:02,Насос водяной (помпа) W04D/W04C/W04C-T D-126226 / 16100-2342 HINO Дизель,1,5472,Дизель,D-126226,Хабаровск
2025-08-26 14:13:02,Насос водяной 1-87310-974-0/1-87310-902-0/1-87310-835-0/8-98042-848-0/1/2 6HK1 FVR34 ORIG,3,34808,Isuzu,1873109740,Хабаровск
2025-08-26 14:13:02,Насос водяной D-125447/1-87310-996-0/1-87310-957-0/8-98146-073-0 6WF1-TC CYZ51/EXZ51 Дизель,25,12734,Дизель,D-125447,Хабаровск
2025-08-26 14:13:02,Насос водяной для миксера D-128398 / CSB80-2 / WP-24-80 24V 18A 80L-min Дизель,1,11615,Дизель,D-128398,Хабаровск
2025-08-26 14:13:02,Насос водяной для миксера D-128399 / OLS120-B / WP-24-120 24V 26.5A 120L-min Дизель,5,15243,Дизель,D-128399,Хабаровск
2025-08-26 14:13:02,Насос водяной с уплотнениями MB 010.599-00A/0119094/OM501LA/OM502LA/A5422001901/462591/Mercedes/ PE,1,11016,Pe Automotive,010.599-00A,Хабаровск
2025-08-26 14:13:02,Насос ГУР 2-х конт. 8-97258-461-3 4HE/4HG1/4HK1 NQR71/75 Diesel,10,25025,Дизель,8-97258-461-0,Хабаровск
2025-08-26 14:13:02,Насос ГУР 470-04158 SW ( с шестерней) !,1,5937,Samwoo,470-04158,Хабаровск
2025-08-26 14:13:02,Насос ГУР D-128484 / 3407020A604-0655 FAW J5 CA3312 Дизель,1,8283,Дизель,D-128484,Хабаровск
2025-08-26 14:13:02,Насос ГУР в сборе PP-020 44310-2362/44310-2322 (J08C LEFT),1,8249,JMC,44310-2362,Хабаровск
2025-08-26 14:13:02,Насос ГУР в сборе PSP-006 1-19500-589-0/1-19500-595-0 6HH1,1,5413,JMC,1-19500-589-0,Хабаровск
2025-08-26 14:13:02,Насос ГУР в сборе PSP-007 475-04156 6HE1,2,6737,JMC,475-04156,Хабаровск
2025-08-26 14:13:02,"Насос для перекачки топлива d=50mm, 12V, без фильтра",2,959,Дизель,"d=50mm, 12V",Хабаровск
2025-08-26 14:13:02,Насос дозирующий мочевины 5303018 JAC N120/Камаз Cummins ISF3.8 Е-5 ORIG,1,52663,Cummins,5303018,Хабаровск
2025-08-26 14:13:02,Насос комбинированный ГУР+топливный 464431/542045310/A0024608980/464430SP/28270 Mercedes/DieselTechnic,2,23495,Diesel Technic,4.64430,Хабаровск
2025-08-26 14:13:02,Насос масляный D-125288 / 8-97381-553-3 4JJ1 NMR85/NLR85 Дизель,29,10366,Дизель,D-125288,Хабаровск
2025-08-26 14:13:02,Насос масляный D-125394/8-98017-585-1/8-97147-338-4 4HG1/4HK1 NPR/NQR71/75/90/FSR90 ISUZU Дизель,8,4679,Дизель,D-125394,Хабаровск
2025-08-26 14:13:02,Насос масляный D-126229 / 8-97381-553-3 4JJ1 NMR85/NLR85 Дизель,58,4043,Дизель,D-126229,Хабаровск
2025-08-26 14:13:02,Насос масляный D4BH 21340-42100 BONGO III MK (CM-M),1,5102,JMC,21340-42100,Хабаровск
2025-08-26 14:13:02,Насос ОЖ D-128164 / 080V065006700 HOWO Дизель,1,7702,Дизель,D-128164,Хабаровск
2025-08-26 14:13:02,Насос охлаждающий в сборе 25100-45002 D4DB/DD County/78 !,1,8787,NAP,NEW-H030,Хабаровск
2025-08-26 14:13:02,Насос подъема кабины D-128461 / 5002075AA01-C00/G FAW J6 Дизель,1,8414,Дизель,D-128461,Хабаровск
2025-08-26 14:13:02,Насос топливный (ТНВД) 1000570877 JAC N350 WP10 E-5 ORIG,1,90651,JAC,1000570877,Хабаровск
2025-08-26 14:13:02,Насос топливный (ТНВД) D-125899 / 1000570877 JAC N350 WP10 E-5 Дизель,3,65047,Дизель,D-125899,Хабаровск
2025-08-26 14:13:02,Насос топливный 33100-4X400 BONGO III,1,39224,,331004X400,Хабаровск
2025-08-26 14:13:02,Насос топливный высокого давления ТНВД 8-97605-946-7/1/2/3/4/5/6/8/294050-0423/9729405-042 6HK1 FVR34 E-4 ORIG,6,132692,Isuzu,8-97605-946-8,Хабаровск
2025-08-26 14:13:02,Насос топливный высокого давления ТНВД 8-98167-763-0 6WG1 CYZ52 Е-5 ORIG,4,233678,Isuzu,8-98167-763-0,Хабаровск
2025-08-26 14:13:02,Насос топливный низкого давления D-127768 / HDI-010 / 16665-99004 FE6/PF6/RF/RH/RE8-10 Дизель,3,1892,Дизель,D-127768,Хабаровск
2025-08-26 14:13:02,НАСОС ТОПЛИВНЫЙ ПЛАНАР-4Д 24V АДВЕРС СБ3645,1,3210,JMC,СБ3645,Хабаровск
2025-08-26 14:13:02,Натяжитель ремня 462702/ A5412002570 / VKMCV51019/67772/ 67759 / 0119086 Mercedes/DieselTechnic !,7,6980,Diesel Technic,4.62702,Хабаровск
2025-08-26 14:13:02,Натяжитель ремня в сборе VKMCV51001 / A5412002670 OM501LA/OM502LA Mercedes/SKF !,2,14997,SKF,VKMCV 51001,Хабаровск
2025-08-26 14:13:02,Натяжитель ремня ГРМ E45005JC,1,724,Japan cars,E45005JC,Хабаровск
2025-08-26 14:13:02,Облицовка стойки кабины левая 812W62410-0147 HOWO T5G,3,2910,Дизель,812W62410-0147,Хабаровск
2025-08-26 14:13:02,Облицовка стойки кабины правая 812W62410-0146 HOWO T5G,3,2910,Дизель,812W62410-0146,Хабаровск
2025-08-26 14:13:02,Облицовка стойки кабины правая D-126558 / 812W62410-0140 Sitrak C7H Дизель,2,2071,Дизель,D-126558,Хабаровск
2025-08-26 14:13:02,Обойма подшипника 572/580 Freightliner,1,1496,JMC,572/580,Хабаровск
2025-08-26 14:13:02,Обойма подшипника 572/580 Freightliner,1,1417,Freightliner,572/580,Хабаровск
2025-08-26 14:13:02,Обойма подшипника FP3782 FP3720 Freightliner,1,441,JMC,FP3720,Хабаровск
2025-08-26 14:13:02,Обойма подшипника FP592A/594 Freightliner,2,2036,Freightliner,FP592A,Хабаровск
2025-08-26 14:13:02,Обойма подшипника HM212011 Freightliner,2,589,Дизель,HM212011,Хабаровск
2025-08-26 14:13:02,Обойма сальника ступицы 3104044AA0E/B FAW CA3311,1,1873,Дизель,3104044AA0E/B,Хабаровск
2025-08-26 14:13:02,"ОбоймаМеталл ME072605 BZ5413E --- 76-98-9.5 --- лобовина(кСальн.ME074755),6D17 NOK",1,518,JMC,ME072605,Хабаровск
2025-08-26 14:13:02,Обтекатель кабины прав 5302620-A01/C-T FAW J6,4,2103,Дизель,5302620-A01/C-T,Хабаровск
2025-08-26 14:13:02,Ограничитель двери 6109100W5000 JAC N35 ORIG,2,484,JAC,6109100W5000,Хабаровск
2025-08-26 14:13:02,Ограничитель рессоры FK-015 /FLB-015/MC420092 / MC091466 FUSO/FUSO CANTER PM,4,3393,Paul Master,FLB-015,Хабаровск
2025-08-26 14:13:02,Ограничитель рессоры FP-008 / FLS-008 MC-013217 PM,8,849,Paul Master,FLS-008,Хабаровск
2025-08-26 14:13:02,Ограничитель рессоры HI-022 / HLB-022 48418-1411 PM,4,2252,Paul Master,HLB-022,Хабаровск
2025-08-26 14:13:02,Ограничитель рессоры HLB-028 48418-1401 PM,5,3520,Paul Master,HLB-028,Хабаровск
2025-08-26 14:13:02,Ограничитель рессоры IS-036 / ILB-036 / 1-53356-057-0 PM,2,3518,Paul Master,ILB-036,Хабаровск
2025-08-26 14:13:02,Ограничитель рессоры UD-022 / ULB-022 55210-Z5006 PM,18,2969,Paul Master,55210-Z5006,Хабаровск
2025-08-26 14:13:02,Ограничительный клапан обработки HPV005 M12*1.5,2,422,JMC,HPV005,Хабаровск
2025-08-26 14:13:02,опора двигателя задняя MR 353470 Mitsubishi,5,797,JMC,MR353470,Хабаровск
2025-08-26 14:13:02,Опора рессоры (мост) D-126232 / 42151-E0291 HINO700 Дизель,174,1641,Дизель,D-126232,Хабаровск
2025-08-26 14:13:02,Опора стремянок задней рессоры 1-51372-019-1 C-series Diesel,2,2718,Дизель,1-51372-019-1,Хабаровск
2025-08-26 14:13:02,Опора шаровая 0120-333 FEBEST,1,1268,Febest,0120-333,Хабаровск
2025-08-26 14:13:02,"Опора шаровая TOYOTA COROLLA 00-, RAV-4 00-03, WISH 03-, PRIUS 01-03, CELICA 00-05 CBT-46",1,931,JMC,CBT-46,Хабаровск
2025-08-26 14:13:02,Опора шаровая верхняя 8-94374-424-0/SB-5311 Isuzu,2,1141,Safety,SB-5311,Хабаровск
2025-08-26 14:13:02,"Опора шаровая, передняя верхняя C1020LR LYNX",2,825,LYNX,C1020LR,Хабаровск
2025-08-26 14:13:02,Опорная пластина Z-1701874-00-00 JAC N35 ORIG,1,408,JAC,Z-1701874-00-00,Хабаровск
2025-08-26 14:13:02,Опорный каток миксера !,1,22607,Дизель,Опорный каток,Хабаровск
2025-08-26 14:13:02,Осушитель D-125738 / 1-85576-399-0 CXZ51KCYZ51KEXZ51KCYZ51L 6WF1 Дизель,3,11919,Дизель,D-125738,Хабаровск
2025-08-26 14:13:02,Ось балансира D-126234 / S4943-E0120 Ø100mm L=1204mm HINO 700 Дизель,4,50285,Дизель,D-126234,Хабаровск
2025-08-26 14:13:02,Ось балансира с буксами в сборе D-127022 / SZ384-00010 / SZ384-00008 L=1204mm HINO 700 Дизель,5,163372,Дизель,D-127022,Хабаровск
2025-08-26 14:13:02,Ось верхнего рычага MAZDA TITAN W628-34-411,2,1877,JMC,W628-34-411,Хабаровск
2025-08-26 14:13:02,Ось верхнего рычага MC120564 MMC Canter FD501 FE#/FB# CH,4,2775,Chase,MC120564,Хабаровск
2025-08-26 14:13:02,Ось верхнего рычага с втулкой D-128220 / 8-94340-084-1 IZ NKR 93-98 Дизель,59,3314,Дизель,D-128220,Хабаровск
2025-08-26 14:13:02,Отбойник амортизатора BIRTH 53020 Ford Transit,2,1010,JMC,53020,Хабаровск
2025-08-26 14:13:02,Отбойник задней рессоры D-125199 / 8-94379-470-0 NQR71/75 Дизель,10,694,Дизель,D-125199,Хабаровск
2025-08-26 14:13:02,Отбойник задней рессоры D-128062 / 55260-45001 Hyundai HD-65/72 Дизель,31,167,Дизель,D-128062,Хабаровск
2025-08-26 14:13:02,Отбойник передней рессоры 54506-9005/54056-90005 UD CW30/50 RD8/RF8,2,230,JMC,54506-9005,Хабаровск
2025-08-26 14:13:02,"Отбойник рессоры 54056-90005 U.D. TRUCK RD8,RF8 front TZG",7,248,TZG,54056-90005,Хабаровск
2025-08-26 14:13:02,Отбойник рессоры D-125069 / 1-53366-072-1 CX#/CY#/CV#/EX# Дизель,31,1129,Дизель,D-125069,Хабаровск
2025-08-26 14:13:02,Отбойник рессоры D-125293 / 1-53366-073-2/1 CX#/CY#/CV#/EX# Дизель,1,1414,Дизель,D-125293,Хабаровск
2025-08-26 14:13:02,Отбойник рессоры D-128555 / 48306-E0280 / 48306-1560 HINO300/TOY DYNA/TOYOACE 2011- Дизель,239,304,Дизель,D-128555,Хабаровск
2025-08-26 14:13:02,Отбойник рессоры D-128556 / 8-94119-958-0 / 8-97254-387-0 ISUZU ELF NKR/NPR Дизель,47,257,Дизель,D-128556,Хабаровск
2025-08-26 14:13:02,Отбойник рессоры MC 031101 SMF-5201-M5 I/COM MIT FUSO FV415 Schmaco !,35,600,Schmaco,SMF-5201,Хабаровск
2025-08-26 14:13:02,Отбойник рессоры MC031102-S / SMF-5209 MIT FUSO FV415 Schmaco !,59,703,Schmaco,SMF-5209,Хабаровск
2025-08-26 14:13:02,Отбойник рессоры SHN-5159 48331-1040-S Schmaco,2,455,Schmaco,SHN-5159,Хабаровск
2025-08-26 14:13:02,Отбойник рессоры SMS-5233 MC013646-S Schmaco,2,1422,Schmaco,SMF-5233,Хабаровск
2025-08-26 14:13:02,Отбойник рессоры SNS-5189,1,781,JMC,SNS-5189,Хабаровск
2025-08-26 14:13:02,Отбойник рессоры UD CW30/UD CW50 / задней рессоры / ?13mm / SB2000 / 52241Z2000; 52241-Z2000; 55241Z,2,1034,JMC,52241-Z2000,Хабаровск
2025-08-26 14:13:02,Отбойник рессоры задний (на мост) D-125291 / 1-42124-101-0 CYZ51/CXZ/EXZ51 Дизель,14,2680,Дизель,D-125291,Хабаровск
2025-08-26 14:13:02,Отвод охлаждающей жидкости 200V06302-0657 HOWO T5G,7,912,Дизель,200V06302-0657,Хабаровск
2025-08-26 14:13:02,Отделка двери 1-76778-055-2 CYZ ORIG,1,444,Isuzu,1-76778-055-2,Хабаровск
2025-08-26 14:13:02,Отопитель в сборе D-128485 / DZ14251841027 SHACMAN Х3000 Дизель,2,28686,Дизель,D-128485,Хабаровск
2025-08-26 14:13:02,Отопитель салона 5 отв. 24V XL-50,1,2435,JMC,XL-50,Хабаровск
2025-08-26 14:13:02,Отопитель универсальный HEATER07 24V 8KW-CB (с баком и установочным комплектом) (K),2,10398,Дизель,HEATER07,Хабаровск
2025-08-26 14:13:02,Очки HINO '89-'95 HN05-08B1-01 R,1,1882,JMC,HN05-08B1-01,Хабаровск
2025-08-26 14:13:02,Палец (штифт) стопорный V-001-0620 6*20mm PM,5,107,Paul Master,V-001-0620,Хабаровск
2025-08-26 14:13:02,Палец (штифт) стопорный V-001-0625 6*25mm PM,5,107,Paul Master,V-001-0625,Хабаровск
2025-08-26 14:13:02,Палец (штифт) стопорный V-001-0820/MF473469 8*20mm PM,8,107,Paul Master,V-001-0820,Хабаровск
2025-08-26 14:13:02,Палец (штифт) стопорный V-001-0822 8*22mm PM,8,107,Paul Master,V-001-0822,Хабаровск
2025-08-26 14:13:02,Палец (штифт) стопорный V-001-0828 8*28mm PM,4,107,Paul Master,V-001-0828,Хабаровск
2025-08-26 14:13:02,Палец (штифт) стопорный V-001-1028 10*28mm PM,8,128,Paul Master,V-001-1028,Хабаровск
2025-08-26 14:13:02,Палец (штифт) стопорный V-001-1032 10*32mm PM,8,149,Paul Master,V-001-1032,Хабаровск
2025-08-26 14:13:02,"Палец (штифт) стопорный V-001-1340 1/2""*40mm PM",6,172,Paul Master,V-001-1340,Хабаровск
2025-08-26 14:13:02,Палец (штифт) стопорный V-001-1440 14*40mm PM,2,244,Paul Master,V-001-1440,Хабаровск
2025-08-26 14:13:02,Палец (штифт) стопорный V-001-14B/30648-90004 PM,6,313,Paul Master,V-001-14B,Хабаровск
2025-08-26 14:13:02,Палец (штифт) стопорный V-001-1642 16*42mm PM,1,294,Paul Master,V-001-1642,Хабаровск
2025-08-26 14:13:02,Палец FR рессоры передний D-125049/8-97360-110-0/1 / 8-97076-850-1/9-51361-602-2 N-series Дизель,49,202,Дизель,D-125049,Хабаровск
2025-08-26 14:13:02,Палец RR рессоры передний D-125444/1-51361-026-0 /9-51361-066-1 FVR34 Дизель,908,384,Дизель,D-125444,Хабаровск
2025-08-26 14:13:02,Палец втулки кронштейна крепления кабины 41022094 / 53482 Auger !,2,700,Auger,53482,Хабаровск
2025-08-26 14:13:02,Палец задней рессоры D-128283 / 2912471-6K9 FAW Дизель,14,250,Дизель,D-128283,Хабаровск
2025-08-26 14:13:02,Палец задней тормозной колодки D-127897 / 3502086-A6E/A FAW J6 Дизель,10,408,Дизель,D-127897,Хабаровск
2025-08-26 14:13:02,Палец колодки тормозной D-127168 / 1-47131-044-0 L=115.5 Дизель,1,617,Дизель,D-127168,Хабаровск
2025-08-26 14:13:02,Палец опорной колодки 362241 / 81502120036 DieselTechnic !,3,393,Diesel Technic,3.62241,Хабаровск
2025-08-26 14:13:02,Палец перед рессоры D-126561 / WG9925520696 Sitrak C7H Дизель,26,525,Дизель,D-126561,Хабаровск
2025-08-26 14:13:02,Палец перед торм колодки D-125906 / HFF3501123CK5G JAC N350 Дизель,1,1414,Дизель,D-125906,Хабаровск
2025-08-26 14:13:02,Палец передней рессоры (задний) 2911112C6QZ_A N120 JAC ORIG,41,322,JAC,2911112C6QZ_A,Хабаровск
2025-08-26 14:13:02,Палец передней рессоры (универсальный) D-126888 / WG9100520065 HOWO Дизель,84,283,Дизель,D-126888,Хабаровск
2025-08-26 14:13:02,Палец передней рессоры 2902471-DA01 FAW,1,298,Дизель,2902471-DA01,Хабаровск
2025-08-26 14:13:02,Палец передней рессоры D-126890 / 2902471-D595E FAW Дизель,1,298,Дизель,D-126890,Хабаровск
2025-08-26 14:13:02,"Палец передней тормозной колодки 3501104C10QZ N120 LE359,LE35N JAC ORIG",1,481,JAC,3501104C10QZ,Хабаровск
2025-08-26 14:13:02,"Палец полурессоры 0334015270SKV М30х3,5х190 DIN 6914/8,8",359,447,SKV,0334015270SKV,Хабаровск
2025-08-26 14:13:02,"Палец полурессоры 0334015310SKV / 03.340.15.31.0 BPW M30x3,5x260 SKV",721,398,SKV,0334015310,Хабаровск
2025-08-26 14:13:02,Палец полурессоры 0334105030SKV / 03.341.05.03.0 BPW М30х200/40мм SKV,1448,657,SKV,0334105030SKV,Хабаровск
2025-08-26 14:13:02,Палец поршня 1004023FB JAC N35 ORIG,8,300,JAC,1004023FB,Хабаровск
2025-08-26 14:13:02,Палец поршня 61560030013 JAC N350 WP10 E-5 (NON-GENUINE),2,500,Дизель,61560030013,Хабаровск
2025-08-26 14:13:02,Палец поршня D-126563 / 200V02502-0133 Sitrak C7H Дизель,12,1420,Дизель,D-126563,Хабаровск
2025-08-26 14:13:02,Палец продольной тяги D-125432 / 1-44361-105-1/0 CX#/CY#/CV#/FRR/FTR 87~ Дизель,7,446,Дизель,D-125432,Хабаровск
2025-08-26 14:13:02,Палец рессор FR FR конец HINO300/500 48423-1640/48423-2430 (25*105*129 ) SKV,137,269,SKV,48423-1640,Хабаровск
2025-08-26 14:13:02,Палец рессор FUSO 10T перед MC031390/MC009257/MK300383/SP13 (32*152) SKV,248,303,SKV,MC031390,Хабаровск
2025-08-26 14:13:02,Палец рессор FUSO 10T перед MC031391 MK300384 54223-69001 (32*152) SKV,2,343,SKV,MC031391,Хабаровск
2025-08-26 14:13:02,Палец рессор FUSO 5T зад/перед MC420078/SP34/SP10 (28*116) SKV,41,274,SKV,MC420078,Хабаровск
2025-08-26 14:13:02,Палец рессор FUSO 5t перед MC403611 (28*95*128) SKV,1,314,SKV,MC403611,Хабаровск
2025-08-26 14:13:02,Палец рессор FUSO CANTER 3t зад со съемником MB035277/160870 (28*139) SKV,222,301,SKV,MB035277,Хабаровск
2025-08-26 14:13:02,Палец рессор HD120 54224-62000 (28*129) передн.рессоры SKV,172,274,SKV,54224-62000,Хабаровск
2025-08-26 14:13:02,Палец рессор HD65/72/78 55223-45002 (28*127.5) задней рессоры задний SKV,1154,289,SKV,55223-45002,Хабаровск
2025-08-26 14:13:02,Палец рессор HD65/72/78 55224-5H000 (28*120.5) задней рессоры SKV,487,237,SKV,55224-5H000,Хабаровск
2025-08-26 14:13:02,Палец рессор HD65/72/78/120 54223-62000 (28*117) перед/зад SKV,474,271,SKV,54223-62000,Хабаровск
2025-08-26 14:13:02,"Палец рессор HINO 10t перед 2 ось ""сороконожка"" 48423-2230 (25*121*149) SKV",4,271,SKV,48423-2230,Хабаровск
2025-08-26 14:13:02,Палец рессор HINO 10t перед 48423-1790/48423-2300 (30*148) SKV,94,276,SKV,48423-1790,Хабаровск
2025-08-26 14:13:02,Палец рессор ISUZU 10t перед 1-51161-014-0/1-51161-043-1/1-51161-031-0 (32*136) SKV,184,293,SKV,1-51161-014-0,Хабаровск
2025-08-26 14:13:02,Палец рессор ISUZU ELF 3T зад SP17 /8-94146-149-3 25*82*120 SKV,75,238,SKV,8-94146-149-3,Хабаровск
2025-08-26 14:13:02,Палец рессор NISSAN 10t зад/перед 54215-Z0002 (30*145) SKV,159,297,SKV,54215-Z0002,Хабаровск
2025-08-26 14:13:02,Палец рессор передний Scania 355145SKV / 2097427 M28x4x166,100,506,SKV,355145SKV,Хабаровск
2025-08-26 14:13:02,Палец рессорный SKL48 8-97261-861-0,2,532,JMC,8-97261-861-0,Хабаровск
2025-08-26 14:13:02,Палец рессорный SP23 28-92-124 MC092193,2,508,JMC,MC092193,Хабаровск
2025-08-26 14:13:02,Палец рессоры 25*115 зад SP09 /1-51361-016-0/-017-0/9-51361-034-1/48423-1890 Hino 300/FRR SKV,1130,259,SKV,1-51361-016-0,Хабаровск
2025-08-26 14:13:02,Палец рессоры 8-94146-149-3 Isuzu orig,1,3107,Isuzu,8-94146-149-3,Хабаровск
2025-08-26 14:13:02,Палец рессоры М30х265 мм 8.8 / 54033 !,1,946,Auger,54033,Хабаровск
2025-08-26 14:13:02,"Палец рессоры М30х3,5x170 мм 8,8 / 03.341.05.05.0 !",1,1717,BPW,03.341.05.05.0,Хабаровск
2025-08-26 14:13:02,Палец рессоры передней D-126892 / 2902481-1Н 30*160 FAW Дизель,20,236,Дизель,D-126892,Хабаровск
2025-08-26 14:13:02,"Палец серьги рессоры передний D-127267/ MB025177/54224-45001/ MB391639 CANTER, Fuso Canter Дизель",193,646,Дизель,D-127267,Хабаровск
2025-08-26 14:13:02,Палец стабилизатора переднего D-125643 / 8-98022-874-1/0 FVR34 6HK1 Дизель,29,1186,Дизель,D-125643,Хабаровск
2025-08-26 14:13:02,Палец тормозной колодки 016.036-10A/450221/1593001800/A4974210074/54793/30*102 Mercedes/PE,12,511,Pe Automotive,016.036-10A,Хабаровск
2025-08-26 14:13:02,Палец тормозной колодки 450221/1593001800/A4974210074/54793/ 30*102 Mercedes/DieselTechnic,12,501,Diesel Technic,4.50221,Хабаровск
2025-08-26 14:13:02,Палец тормозной колодки 54793/450221/1593001800/A4974210074/ 30*102 Mercedes/Auger,7,554,Auger,54793,Хабаровск
2025-08-26 14:13:02,Палец тормозной колодки переднего моста L=102 D=30 F2000/F3000,6,177,Дизель,30*102,Хабаровск
2025-08-26 14:13:02,Панель бампера верхняя D-126564 / 712W41685-0062 Sitrak C7H Дизель,2,2427,Дизель,D-126564,Хабаровск
2025-08-26 14:13:02,Панель боковая левая 8-97406-040-8 N-series Diesel,1,7911,Дизель,8-97406-040-8,Хабаровск
2025-08-26 14:13:02,Панель боковая правая 1-65472-648-4 CYZ Diesel,1,6862,Дизель,1-65472-648-4,Хабаровск
2025-08-26 14:13:02,"Панель капота 1-71107-404-0/403-0 (без надписи) FR CYZ52, EXR52, EXZ52, CYM, CVR, CXZ, CYJ51 (K)",1,45169,Дизель,1-71107-403-0,Хабаровск
2025-08-26 14:13:02,"Панель передняя узкая кабина IZNR05003 правый руль 3,5TS ISUZU ELF NKR/NPR 2005~",1,2487,Дизель,IZNR05003,Хабаровск
2025-08-26 14:13:02,"Панель передняя узкая кабина левый руль IZNR05004/8-97840-011-0 3,5TS ISUZU ELF NKR/NPR 2005~",1,2284,Дизель,8-97840-011-0,Хабаровск
2025-08-26 14:13:02,"Панель под дворники узкая кабина IZNR05009/8-97868-580-3 3,5TS ISUZU ELF NKR/NPR 2004~ !",2,1352,Дизель,IZNR05009,Хабаровск
2025-08-26 14:13:02,"Панель под дворники узкая кабина левый руль IZNR05010/8-97585-546 3,5TS ISUZU ELF NKR/NPR 2004~ !",1,1500,Дизель,8-97585-546-0,Хабаровск
2025-08-26 14:13:02,Панель под фару RH D-127332 / 86325-5K000 HD78/65 Дизель,5,891,Дизель,D-127332,Хабаровск
2025-08-26 14:13:02,Панель подножки 8405010G12A0 JAC N350 (NON-GENUINE),1,3601,Дизель,8405010G12A0,Хабаровск
2025-08-26 14:13:02,Панель порога внутренняя L D-125051 / 8-97405-388-0 N-series Дизель,3,1029,Дизель,D-125051,Хабаровск
2025-08-26 14:13:02,Панель угловая левая D-126893 / 82710-Y4010XH JAC N350 Дизель,1,4024,Дизель,D-126893,Хабаровск
2025-08-26 14:13:02,Патрубок 200V05440-0004 HOWO T5G,1,1169,Дизель,200V05440-0004,Хабаровск
2025-08-26 14:13:02,Патрубок 712W61960-0024 HOWO T5G,1,663,Дизель,712W61960-0024,Хабаровск
2025-08-26 14:13:02,Патрубок 712W61960-0025 HOWO T5G,1,1011,Дизель,712W61960-0025,Хабаровск
2025-08-26 14:13:02,Патрубок 712W96301-0007 HOWO T5G,1,1622,Дизель,712W96301-0007,Хабаровск
2025-08-26 14:13:02,Патрубок 712W96305-0048 HOWO T5G,1,488,Дизель,712W96305-0048,Хабаровск
2025-08-26 14:13:02,Патрубок D-128462 / YG9625530021 HOWO T5G Дизель,3,482,Дизель,D-128462,Хабаровск
2025-08-26 14:13:02,Патрубок YG9625530023 HOWO T5G,1,217,Дизель,YG9625530023,Хабаровск
2025-08-26 14:13:02,Патрубок YG9625530024 HOWO T5G,1,520,Дизель,YG9625530024,Хабаровск
2025-08-26 14:13:02,Патрубок воздушного фильтра D-128486 / 1109356-14B/B FAW J6 E-5 Дизель,3,2382,Дизель,D-128486,Хабаровск
2025-08-26 14:13:02,Патрубок забора воздуха 4933777 JAC N120/Камаз Cummins ISF3.8 Е-5 Foton ORIG,2,820,Foton,4933777,Хабаровск
2025-08-26 14:13:02,Патрубок интеркулера 1109406W5030 JAC N35 ORIG,2,1511,JAC,1109406W5030,Хабаровск
2025-08-26 14:13:02,Патрубок отопителя 810W96305-0200 HOWO T5G,5,243,Дизель,810W96305-0200,Хабаровск
2025-08-26 14:13:02,Патрубок радиатора верх D-126565 / YG9625530001 Sitrak C7H Дизель,6,970,Дизель,D-126565,Хабаровск
2025-08-26 14:13:02,Патрубок радиатора ниж D-126566 / 712W96301-0016 Sitrak C7H Дизель,8,1606,Дизель,D-126566,Хабаровск
2025-08-26 14:13:02,Патрубок радиатора охлаждения RH-MB005T,2,753,JMC,RH-MB005T,Хабаровск
2025-08-26 14:13:02,Патрубок радиатора охлаждения RH-MB021B,1,3459,JMC,RH-MB021B,Хабаровск
2025-08-26 14:13:02,Патрубок радиатора охлаждения RH-MB027B,1,2953,JMC,RH-MB027B,Хабаровск
2025-08-26 14:13:02,Патрубок радиатора охлаждения RH-MZ019T,1,873,JMC,RH-MZ019T,Хабаровск
2025-08-26 14:13:02,Патрубок радиатора охлаждения верхний IM443/EK100 TOP,1,1112,JMC,RHT50X50Z,Хабаровск
2025-08-26 14:13:02,Патрубок радиатора охлаждения вспомогательный FK415/6D14 MID,1,907,JMC,MC410501,Хабаровск
2025-08-26 14:13:02,Патрубок радиатора охлаждения нижний 10PC1 BTM,2,1814,JMC,1-21437-488-1,Хабаровск
2025-08-26 14:13:02,ПГУ сцепления 1607300Y1P3001 JAC N350 (NON-GENUINE),7,5147,Дизель,1607300Y1P3001,Хабаровск
2025-08-26 14:13:02,ПГУ сцепления D-126751 / 1602300А70А FAW J6 Дизель,26,3438,Дизель,D-126751,Хабаровск
2025-08-26 14:13:02,ПГУ сцепления D-128096/1-31800-516-1/0/2/1-87610-089-0 FVR34 6HK1 Дизель,18,4442,Дизель,D-128096,Хабаровск
2025-08-26 14:13:02,ПГУ тормоза D-127865 / HDA-021 / 47250-Z2066 длинный NISSAN Дизель,10,10120,Дизель,D-127865,Хабаровск
2025-08-26 14:13:02,ПГУ тормоза HDA-018 / 1-47800-351-0/1 длинный ISUZU FRD/FRR/FTR/FSR 89~ HD,2,13600,HD,HDA-018,Хабаровск
2025-08-26 14:13:02,ПГУ тормоза SDC-30102/44640-1330,1,11036,Дизель,SDC-30102,Хабаровск
2025-08-26 14:13:02,Педаль акселератора электронная 811W25970-6103 Sitrak C7H ORIG,5,7820,Howo,811W25970-6103,Хабаровск
2025-08-26 14:13:02,Переключатель данных блока упр WG9918586037 HOWO T5G,4,1151,Дизель,WG9918586037,Хабаровск
2025-08-26 14:13:02,Переключатель подрулевой 1B24937300040 Foton,1,1673,JMC,1B24937300040,Хабаровск
2025-08-26 14:13:02,Петля двери D-128139/1-64780-089-4/2 CYZ51 Дизель,1,1192,Дизель,D-128139,Хабаровск
2025-08-26 14:13:02,Петля двери L=R D-125294/8-98191-302-0/8-98038-293-0 ISUZU Дизель,53,1615,Дизель,D-125294,Хабаровск
2025-08-26 14:13:02,Пистон крепежный 86590-28000 JAC ORIG,12,25,JAC,86590-28000,Хабаровск
2025-08-26 14:13:02,Планшетная шайба ТНВД Q-002 / 1-56605-2420 6BG1T РМ,5,773,Paul Master,Q-002,Хабаровск
2025-08-26 14:13:02,"Пластина износа 0316435030 / 03.164.35.03.0 5/125/120 O24,2 BPW SKV",80,224,SKV,0316435030SKV,Хабаровск
2025-08-26 14:13:02,Пластина крепления передней рессоры D-126568 / WG9925522108 Sitrak C7H Дизель,2,1618,Дизель,D-126568,Хабаровск
2025-08-26 14:13:02,Пластина подрессорная 0528136150 235х98х5 BPW SKV,61,382,SKV,0528136150SKV,Хабаровск
2025-08-26 14:13:02,Пластина рессоры 463196 Mercedes/DieselTechnic,6,1450,Diesel Technic,4.63196,Хабаровск
2025-08-26 14:13:02,"Пластина рессоры правая 0514522800 R / 05.145.22.80.0 / 401204/5 150x77,5x42 BPW SKV",74,4134,SKV,0514522800SKV,Хабаровск
2025-08-26 14:13:02,Пластина серьги рессоры ELF NKR F/R 16*16*65 D-125050 / 8-94110-399-3/5 Дизель,14,428,Дизель,D-125050,Хабаровск
2025-08-26 14:13:02,"Пластина стопорная рессорного пальца 0328154180SKV / 03.281.54.18.0 103,5х57,5х8 BPW",288,128,SKV,0328154180SKV,Хабаровск
2025-08-26 14:13:02,"Пластина тормозного цилиндра лев. 8-97349-743-0/8-97550-979-0 N,F series ORIG",4,913,Isuzu,8-97550-979-0,Хабаровск
2025-08-26 14:13:02,"Пластина тормозного цилиндра прав. D-128076/8-97349-744-0 N,F series Дизель",49,144,Дизель,D-128076,Хабаровск
2025-08-26 14:13:02,Плунжер 131101-6320 ME704375 /P48 IS D920; MMC 6D21 131101-6320,4,761,Дизель,131101-6320,Хабаровск
2025-08-26 14:13:02,Плунжер 131153-9620 / A775 !,17,314,Дизель,131153-9620,Хабаровск
2025-08-26 14:13:02,Плунжер 4D102T-1A 131154-3920 / 9 443 610 373 !,4,339,Дизель,131154-3920,Хабаровск
2025-08-26 14:13:02,Плунжер 4D95L 131152-4520 !,15,339,Дизель,131152-4520,Хабаровск
2025-08-26 14:13:02,Плунжер D-128545 / 090150-4840-D HIN F17D/F17E Дизель,8,795,Дизель,D-128545,Хабаровск
2025-08-26 14:13:02,Плунжер D-128546 / 090150-2610 HIN HO6BT/HO6C/HO7C/EH500/700 Дизель,37,601,Дизель,D-128546,Хабаровск
2025-08-26 14:13:02,Плунжер D-128547 / 134153-2820 / P309 IS 6HE1TC Дизель,13,795,Дизель,D-128547,Хабаровск
2025-08-26 14:13:02,Плунжер D-128548 / 131153-4320 / A722 / ME727544 MMC 6D16 Дизель,18,653,Дизель,D-128548,Хабаровск
2025-08-26 14:13:02,Плунжер HIN EF500/750/EV700 134101-4420 / P30,18,763,Дизель,134101-4420,Хабаровск
2025-08-26 14:13:02,Плунжер HIN EF550/750 090150-4590,2,625,Дизель,090150-4590,Хабаровск
2025-08-26 14:13:02,Плунжер HIN EF550/750/F17C/V21C/V22C 134151-1120 / P93,15,795,Дизель,134151-1120,Хабаровск
2025-08-26 14:13:02,Плунжер HIN EH700/HO7C 131151-3920 / A54,4,679,Дизель,131151-3920,Хабаровск
2025-08-26 14:13:02,Плунжер HIN EK100 134101-3820 / P25 !,10,724,Дизель,134101-3820,Хабаровск
2025-08-26 14:13:02,Плунжер HIN EK100 134151-4820 / P128 !,4,427,Дизель,134151-4820,Хабаровск
2025-08-26 14:13:02,Плунжер HIN EK100/200/EP100-T1 134151-0120 / P83,8,777,Дизель,134151-0120,Хабаровск
2025-08-26 14:13:02,Плунжер HIN EK100/200/K13D 134101-5820 / P44,8,759,Дизель,134101-5820,Хабаровск
2025-08-26 14:13:02,Плунжер HIN F20C 134152-3520 / P215,21,795,Дизель,134152-3520,Хабаровск
2025-08-26 14:13:02,Плунжер HIN H07C/H07D 090150-4693 А4693,1,586,Дизель,090150-4693,Хабаровск
2025-08-26 14:13:02,Плунжер HIN H07D 131153-3320/6520 / А744 AD,3,738,Дизель,131153-3320,Хабаровск
2025-08-26 14:13:02,Плунжер HIN H07D 131153-5020 / А729,1,707,Дизель,131153-5020,Хабаровск
2025-08-26 14:13:02,Плунжер HIN HO6CT 131153-2020 / A228,8,561,Дизель,131153-2020,Хабаровск
2025-08-26 14:13:02,Плунжер HIN HO6CT ISUZU 6SA1T 131151-4620 / A62,23,561,Дизель,131151-4620,Хабаровск
2025-08-26 14:13:02,Плунжер HIN K13C 134151-6720 / P146 !,18,569,Дизель,134151-6720,Хабаровск
2025-08-26 14:13:02,Плунжер HIN W06E 131152-6920 / 22104-2940 / A205,9,653,Дизель,131152-6920,Хабаровск
2025-08-26 14:13:02,Плунжер HIN W06E 131154-1120 / A253 / 22104-2680,10,586,Дизель,131154-1120,Хабаровск
2025-08-26 14:13:02,Плунжер HIN WO4CT/W04TI/WO6D 131152-5320 / A183,8,545,Дизель,131152-5320,Хабаровск
2025-08-26 14:13:02,Плунжер HIN WO6E 131152-2320 / A149 !,7,409,Дизель,131152-2320,Хабаровск
2025-08-26 14:13:02,Плунжер IS 10PC1 134151-2420 / P105,7,645,Дизель,134151-2420,Хабаровск
2025-08-26 14:13:02,Плунжер IS 10PC1 134153-1820 / 1-15632-018-0 / P300 !,4,426,Дизель,134153-1820,Хабаровск
2025-08-26 14:13:02,Плунжер IS 12PC1 134101-9120 / Р74 !,3,764,Дизель,1-15631-036-0,Хабаровск
2025-08-26 14:13:02,Плунжер IS 4BA1 131151-6920 / A85 !,2,437,Дизель,131151-6920,Хабаровск
2025-08-26 14:13:02,Плунжер IS 4BB1/BD1/6BB1/BD1/BD1T/6BG1/BG1T 131151-3220 / A44,7,653,Дизель,131151-3220,Хабаровск
2025-08-26 14:13:02,Плунжер IS 4BD1/6BD1/BD1T/6BG1 131151-6320 / A79 !,2,557,Дизель,131151-6320,Хабаровск
2025-08-26 14:13:02,Плунжер IS 4HF1 NKR/NPR66 131154-3220 / А274,8,601,Дизель,131154-3220,Хабаровск
2025-08-26 14:13:02,Плунжер IS 4HG1 131153-9320/A772 / 8-97121-619-0,8,653,Дизель,131153-9320,Хабаровск
2025-08-26 14:13:02,Плунжер IS 4JA1/4JB1; NIS FE6T/FE6TA 131152-2220 / A148,5,586,Дизель,131152-2220,Хабаровск
2025-08-26 14:13:02,Плунжер IS 6BF1; MMC 6D16 131151-7320 / A89 !,14,238,Дизель,131151-7320,Хабаровск
2025-08-26 14:13:02,Плунжер IS 6BG1 131152-3520 / A162,2,651,Дизель,131152-3520,Хабаровск
2025-08-26 14:13:02,Плунжер IS 6BG1T 131153-6120 / A740 / 8-97041-664-0 !,8,477,Дизель,131153-6120,Хабаровск
2025-08-26 14:13:02,Плунжер IS 6D105 131151-5820 !,18,699,Дизель,131151-5820,Хабаровск
2025-08-26 14:13:02,Плунжер IS 6HE1 131153-1020 / A185,8,707,Дизель,131153-1020,Хабаровск
2025-08-26 14:13:02,Плунжер IS 6HH1 131153-9020 / A769 / 1-15632-022-0,5,707,Дизель,131153-9020,Хабаровск
2025-08-26 14:13:02,Плунжер IS 6RB1-T 134151-9720 / P177 !,4,561,Дизель,134151-9720,Хабаровск
2025-08-26 14:13:02,Плунжер IS 6RB1/6RB1-TC; NIS RE8 134151-3420 / P114 !,15,569,Дизель,134151-3420,Хабаровск
2025-08-26 14:13:02,Плунжер IS 6SA1/6SA1T 131153-1120 / A187 !,10,475,Дизель,131153-1120,Хабаровск
2025-08-26 14:13:02,Плунжер IS 6SD1TPD/6SD1-T 134152-7220 / P252,4,863,Дизель,134152-7220,Хабаровск
2025-08-26 14:13:02,Плунжер IS 8/10/12PC1 134101-9120 / P74,15,795,Дизель,134101-9120,Хабаровск
2025-08-26 14:13:02,Плунжер IS 8PB1/10PA1/10PB1/12PA1 131151-1420 / A30 !,9,500,Дизель,131151-1420,Хабаровск
2025-08-26 14:13:02,Плунжер MAZ SL-T; MMC 4D31T/6D31/6D31T 131152-1420 / A138,1,546,Дизель,131152-1420,Хабаровск
2025-08-26 14:13:02,Плунжер MMC 4D31/4D32/S4F/S6F-T 090150-3050,2,651,Дизель,090150-3050,Хабаровск
2025-08-26 14:13:02,Плунжер MMC 4D33 090150-5290 / ME736079,5,651,Дизель,090150-5290,Хабаровск
2025-08-26 14:13:02,Плунжер MMC 6D14/6D14T/6D15 131151-2220 / A38 !,8,396,Дизель,131151-2220,Хабаровск
2025-08-26 14:13:02,Плунжер MMC 6D14A 090150-2990,2,625,Дизель,090150-2990,Хабаровск
2025-08-26 14:13:02,Плунжер MMC 6D14C 090150-1820 !,14,292,Дизель,090150-1820,Хабаровск
2025-08-26 14:13:02,Плунжер MMC 6D14T/6D14CT/6D15T/6D15CT 131152-0020 / A122 !,12,414,Дизель,131152-0020,Хабаровск
2025-08-26 14:13:02,Плунжер MMC 6D15T/6D16T 131153-2220 / A701,1,530,Дизель,131153-2220,Хабаровск
2025-08-26 14:13:02,Плунжер MMC 6D17 131153-6220 / ME730418 / A741,5,653,Дизель,131153-6220,Хабаровск
2025-08-26 14:13:02,Плунжер MMC 6D20/6D22/8DC8/8DC9 131151-2720 / A43 !,4,517,Дизель,131151-2720,Хабаровск
2025-08-26 14:13:02,Плунжер MMC 6D22T/6D22CT/6D22PT 134151-2920 / P109,5,792,Дизель,134151-2920,Хабаровск
2025-08-26 14:13:02,Плунжер MMC 8DC4/8DC40/8DC8 131151-3720 / A52 !,13,348,Дизель,131151-3720,Хабаровск
2025-08-26 14:13:02,Плунжер MMC 8DC8/9/10 134101-6420 / P49,6,863,Дизель,134101-6420,Хабаровск
2025-08-26 14:13:02,Плунжер NIS FD6T FE6A NE6 131152-2120/A146,3,653,Дизель,131152-2120,Хабаровск
2025-08-26 14:13:02,Плунжер NIS FE6E 131153-8620 / 16760-Z9116 / A765,5,653,Дизель,131153-8620,Хабаровск
2025-08-26 14:13:02,Плунжер NIS NF6TA/RH10A; MMC 8DC9/8M20 134153-1320 P295,1,611,Дизель,134153-1320,Хабаровск
2025-08-26 14:13:02,Плунжер NIS PD6//PE6/PE6H 134101-1420 / P2 !,16,569,Дизель,134101-1420,Хабаровск
2025-08-26 14:13:02,Плунжер NIS PD6T/PE6T/RD10 134101-1520 / P3,28,569,Дизель,134101-1520,Хабаровск
2025-08-26 14:13:02,Плунжер NIS PE6 134151-1220 / P94 !,14,580,Дизель,134151-1220,Хабаровск
2025-08-26 14:13:02,Плунжер NIS PE6/RD8 134101-1620 / P4 !,34,580,Дизель,134101-1620,Хабаровск
2025-08-26 14:13:02,Плунжер NIS PE6T 134151-3220 / P112,16,684,Дизель,134151-3220,Хабаровск
2025-08-26 14:13:02,Плунжер NIS PE6T/PE6TA/PF6T 134151-9120 / P171 !,22,580,Дизель,134151-9120,Хабаровск
2025-08-26 14:13:02,Плунжер NIS PE6TA 134101-8720 / P70 !,8,568,Дизель,134101-8720,Хабаровск
2025-08-26 14:13:02,Плунжер NIS RD10/PX/S4B56A/S6B/S8A 134101-4520 / P31 !,12,569,Дизель,134101-4520,Хабаровск
2025-08-26 14:13:02,Плунжер NIS RD8/RD8T/RD10 134101-4120 / P27 !,11,590,Дизель,134101-4120,Хабаровск
2025-08-26 14:13:02,Плунжер NIS RE8/RD8 134151-6620 / P145 !,18,583,Дизель,134151-6620,Хабаровск
2025-08-26 14:13:02,Плунжер NIS RE8/RE10 134151-0420 / P86,14,516,Дизель,134151-0420,Хабаровск
2025-08-26 14:13:02,Плунжер NIS RE8/RE10/RF8/RF10 134152-1220 / P192,10,863,Дизель,134152-1220,Хабаровск
2025-08-26 14:13:02,Плунжер NIS RE8T/RE8T04 134151-4120 / P121,16,569,Дизель,134151-4120,Хабаровск
2025-08-26 14:13:02,Плунжер NIS SD23/25/SD33T/TD23; IS 4FB1 131151-7620 !,6,518,Дизель,131151-7620,Хабаровск
2025-08-26 14:13:02,Плунжер NIS SD25 090150-5600 / А92,11,679,Дизель,090150-5600,Хабаровск
2025-08-26 14:13:02,Плунжер TOY 13B 090150-3330,8,602,Дизель,090150-3330,Хабаровск
2025-08-26 14:13:02,Плунжер TOY B/2B 090150-2140 / 2140R !,12,414,Дизель,090150-2140,Хабаровск
2025-08-26 14:13:02,Плунжерная пара 93191555/2418455333/057510333/DTP55333MIG Bosch !,1,2955,Bosch,2418455333,Хабаровск
2025-08-26 14:13:02,Пневмоподушка D-128463 / WG9925528010 Sitrak C7H Дизель,12,9570,Дизель,D-128463,Хабаровск
2025-08-26 14:13:02,Пневмоподушка MK334786/MK418574 AS02-0012-R1 A151-160P01 Fuso Y !,1,6469,Yamasida,MK334786,Хабаровск
2025-08-26 14:13:02,Пневмоподушка MK493369 Fuso Y,8,5765,Yamasida,MK493369,Хабаровск
2025-08-26 14:13:02,Пневморессора / 047-01-0003 / ?120mm x ?180mm x 385mm / Китай / PS0320 / 1521110140; 1-52111-014-0;,1,9732,Zevs,1-52111-014-0,Хабаровск
2025-08-26 14:13:02,Пневморессора 1-52111-033-0 CX#/CY#/EX# 03~ ORIG,1,15509,Isuzu,1-52111-033-0,Хабаровск
2025-08-26 14:13:02,"Пневморессора без стакана штуц. M16*1.5/шп. M12*1.5 MAN TGA, (Sonder), (09.003.0009)",2,3948,JMC,09.003.0009,Хабаровск
2025-08-26 14:13:02,Пневморессора со стаканом (металл) 2шп.-M12 + 1 отвер.M22 под возд. 090030024 SONDER,1,12859,JMC,90030024,Хабаровск
2025-08-26 14:13:02,Поворотник ISUZU NPR `07~ D-127129 / 213-1531L-AQ NLR85/NMR85 Дизель,17,1167,Дизель,D-127129,Хабаровск
2025-08-26 14:13:02,Повторитель HINO 99-03 L212-1680R-UE,1,2131,JMC,L212-1680R-UE,Хабаровск
2025-08-26 14:13:02,Повторитель ISUZU ELF NKR58 '86-'93 213-1614R-Y,1,172,Depo,213-1614 R-Y,Хабаровск
2025-08-26 14:13:02,ПОВТОРИТЕЛЬ В БАМПЕР HINO '93- 12-1456-01L,1,320,JMC,12-1456-01L,Хабаровск
2025-08-26 14:13:02,Повторитель в бампер MMC FUSO 06' 214-1650L-U !,10,3199,Depo,214-1650L-U,Хабаровск
2025-08-26 14:13:02,Повторитель в бампер MMC FUSO 06' 214-1650R-U !,7,3199,Depo,214-1650R-U,Хабаровск
2025-08-26 14:13:02,Повторитель в бампер RH D-128000/1-82210-259-1/0 CXZ51KEXZ51KCYZ51KCYZ51L 6WF1 Дизель,10,745,Дизель,D-128000,Хабаровск
2025-08-26 14:13:02,"Повторитель в бампер правый, перед 1-82210-259-1/0 CXZ51KEXZ51KCYZ51KCYZ51L 6WF1 Diesel дефект",1,446,Дизель,1-82210-259-0,Хабаровск
2025-08-26 14:13:02,"Повторитель в бампер, перед D-126410/1-82210-203-0/1 CXZ81K 10PE1 LH Дизель",6,745,Дизель,D-126410,Хабаровск
2025-08-26 14:13:02,"Повторитель в бампер, передний D-128206/1-82210-203-0/1 CXZ81K 10PE1 LH Дизель",2,945,Дизель,D-128206,Хабаровск
2025-08-26 14:13:02,Повторитель на дверь ISUZU FORWARD / GIGA '93-'98 213-1405L-A (K),27,496,Дизель,213-1405L-A,Хабаровск
2025-08-26 14:13:02,Повторитель на дверь ISUZU FORWARD / GIGA '93-'98 D-126256 / 213-1405R-A Дизель,4,496,Дизель,D-126256,Хабаровск
2025-08-26 14:13:02,Повторитель на дверь LH 1-82213-021-0/228-1 CXZ51KEXZ51KCYZ51KCYZ51LCXZ81K 6WF1.10PE1. Diesel дефект,2,367,Дизель,1-82213-021-0,Хабаровск
2025-08-26 14:13:02,Повторитель на дверь Mitsubishi Canter 18-3323-01-6B R TYC,1,689,JMC,18-3323-01-6B,Хабаровск
2025-08-26 14:13:02,Повторитель на дверь MMC FUSO '07 214-1430L-WE !,9,1021,Depo,214-1430L-WE,Хабаровск
2025-08-26 14:13:02,Повторитель на дверь MMC FUSO '07 214-1430R-WE !,8,917,Depo,214-1430R-WE,Хабаровск
2025-08-26 14:13:02,"Повторитель на дверь БЕЗ КОРПУСА желтый L=R K-219-5368 ж (K) HINO 300, 500,700/ 81730-E0080/ E0081",54,434,Дизель,219-1405NU,Хабаровск
2025-08-26 14:13:02,"Повторитель на дверь В КОРПУСЕ желтый L=R D-127172 / K-219-5368 HINO300,500,700 Дизель",47,571,Дизель,D-127172,Хабаровск
2025-08-26 14:13:02,Повторитель поворота 214-1648R-AE (K) FUSO CANTER FE85 LHD / MK427118 / MK580844 дефект,1,1148,Дизель,214-1648R-AE,Хабаровск
2025-08-26 14:13:02,Повторитель поворота L 1В24937100002 FOTON,1,164,Foton,1В24937100002,Хабаровск
2025-08-26 14:13:02,Повторитель поворота L 504098245 Iveco Orig !,1,1743,Iveco,504098245,Хабаровск
2025-08-26 14:13:02,Повторитель поворота L D-127130 / 214-1648L-AE (K) FUSO CANTER FE85 LHD / MK427117 / MK580843 Дизель,39,1355,Дизель,D-127130,Хабаровск
2025-08-26 14:13:02,Повторитель поворота R 1В24937100008 FOTON,1,164,Foton,1В24937100008,Хабаровск
2025-08-26 14:13:02,Повторитель поворота R 1В24937100008 FOTON дефект,1,164,Foton,1В24937100008,Хабаровск
2025-08-26 14:13:02,Повторитель поворота на дверь R 1-86830-264-2 / 1-82210-227-0 (K) дефект,1,307,Дизель,1-86830-264-2,Хабаровск
2025-08-26 14:13:02,Повторитель поворотов на прав.дверь D-125000/8-97410-180-4/2/3 NPR75/NLR85/NMR85/NQR90/FSR90 Дизель,19,474,Дизель,D-125000,Хабаровск
2025-08-26 14:13:02,Повторитель поворотов на правую дверь D-125151 / 8-97410-180-4 NPR75/NLR85/NMR85/NQR90/FSR90 Дизель,1,616,Дизель,D-125151,Хабаровск
2025-08-26 14:13:02,Подвесной подшипник Isuzu Truck 5-37516-006-0 TZG !,2,1680,TZG,5-37516-006-0,Хабаровск
2025-08-26 14:13:02,Поддон (картер) масляный двигателя D-127173 / 8-97385-243-1 4НК1/4НЕ1 NQR75 Дизель,8,5298,Дизель,D-127173,Хабаровск
2025-08-26 14:13:02,Поддон масляный двигателя D-128140/8-97386-772-0 4HK1-T NQR90 Дизель,6,5298,Дизель,D-128140,Хабаровск
2025-08-26 14:13:02,Подкладка 2902409-DC30 FAW,2,360,Дизель,2902409-DC30,Хабаровск
2025-08-26 14:13:02,Подкрылок H1843021002A0 FOTON,16,2381,Дизель,H1843021002A0,Хабаровск
2025-08-26 14:13:02,"Подкрылок L D-128001/1-79931-066-7/8-98134-766-1 C,E-series Дизель",6,2494,Дизель,D-128001,Хабаровск
2025-08-26 14:13:02,"Подкрылок L D-128526 / 1-79937-895-6 C,E-series Дизель",3,2566,Дизель,D-128526,Хабаровск
2025-08-26 14:13:02,Подкрылок LH D-127174 / 8-97048-729-1 NKR/NPR/NQR 94-09 Дизель,27,521,Дизель,D-127174,Хабаровск
2025-08-26 14:13:02,"Подкрылок R D-124999/1-79931-064-7 C,E-series Дизель",3,2566,Дизель,D-124999,Хабаровск
2025-08-26 14:13:02,"Подкрылок R D-128112 / 1-79937-894-6 C,E-series Дизель",3,2687,Дизель,D-128112,Хабаровск
2025-08-26 14:13:02,Подкрылок левый TYG TY11182AL,1,694,JMC,TY11182AL,Хабаровск
2025-08-26 14:13:02,Подкрылок правый TYG TY11182AR,1,687,JMC,TY11182AR,Хабаровск
2025-08-26 14:13:02,"подножка L / Euro4, XKU7#, TOYOTA DYNA, TOYOACE 2011- / 51084-37040, 51084-37042 / TY06-1300-02 / API",2,5659,JMC,51084-37040,Хабаровск
2025-08-26 14:13:02,Подножка L 87441-4E000 BONGO III,3,226,Дизель,87441-4E000,Хабаровск
2025-08-26 14:13:02,Подножка R 87442-4E000 BONGO III !,1,214,Дизель,87442-4E000,Хабаровск
2025-08-26 14:13:02,Подножка верхняя левая 1-71907-249-1 CYZ51/CYZ52/FVR34 Diesel,1,993,Дизель,1-71907-249-0,Хабаровск
2025-08-26 14:13:02,Подножка верхняя левая D-125016 / 1-71907-249-1 CYZ51/CYZ52 Дизель,7,902,Дизель,D-125016,Хабаровск
2025-08-26 14:13:02,Подножка кабины LH MK486008 MMC FUSO CANTER RUS (K),3,1867,Дизель,MK486008,Хабаровск
2025-08-26 14:13:02,Подножка кабины RH D-125516 / MK486009 MMC FUSO CANTER RUS Дизель,7,1868,Дизель,D-125516,Хабаровск
2025-08-26 14:13:02,Подножка нижняя правая D-128002 / 1-53414-180-0 CYZ51/CXZ Дизель,12,1392,Дизель,D-128002,Хабаровск
2025-08-26 14:13:02,Подогреватель осушителя воздуха пневмосистемы D-128097/1-85576-363-0 CYZ51 Дизель,2,1313,Дизель,D-128097,Хабаровск
2025-08-26 14:13:02,Подогреватель осушителя воздуха пневмосистемы D-128097/1-85576-363-0 CYZ51 Дизель дефект,1,919,Дизель,D-128097,Хабаровск
2025-08-26 14:13:02,Подушка двигателя 10PC1 1-53225-105-4/0/ IZ-2271 TZG,10,5525,Дизель,TI-015,Хабаровск
2025-08-26 14:13:02,Подушка двигателя 127361/1778530 Scania DieselTechnic !,2,2283,Diesel Technic,1.27361,Хабаровск
2025-08-26 14:13:02,Подушка двигателя 14B/15BFTE/N04C/S05C/D 12371-78010 задняя TZG,1,755,Дизель,TH-079,Хабаровск
2025-08-26 14:13:02,"Подушка двигателя 4HK1/4HJ1 LH NPR,NQR 98-06 задняя 8-97201-671-0 TZG",4,1696,TZG,8-97201-671-0,Хабаровск
2025-08-26 14:13:02,"Подушка двигателя 4HK1/4HJ1 RH NPR,NQR 98-06 задняя 8-97201-669-0 TZG",2,1975,Дизель,8-97201-669-0,Хабаровск
2025-08-26 14:13:02,Подушка двигателя 6D20/22 ME052272 TZG,1,2537,Дизель,TM-014,Хабаровск
2025-08-26 14:13:02,Подушка двигателя 6HH1/6HE1/6HK1 1-53225-313-1/0 RH ISUZU FR#/FT#/FS# 94~ TZG,1,4132,TZG,1-53225-313-1,Хабаровск
2025-08-26 14:13:02,Подушка двигателя 6HH1/6HE1/6HK1 1-53225-314-1/0 LH ISUZU FR#/FT#/FS# 94~ TZG,2,4324,TZG,TI-071,Хабаровск
2025-08-26 14:13:02,Подушка двигателя 6WF/WG1-T R 1-53225-401-1 CYZ51 Diesel,3,4216,Дизель,1-53225-401-0,Хабаровск
2025-08-26 14:13:02,Подушка двигателя 8-97073-378-2,1,1636,Дизель,8-97073-378-2,Хабаровск
2025-08-26 14:13:02,Подушка двигателя 8-98303-823-0/8-98053-832-0/8-97383-795-1 N-series 4JJ1 ORIG,4,5697,Isuzu,8-98303-823-0,Хабаровск
2025-08-26 14:13:02,"Подушка двигателя D-126262 / 1-53225-370-1/0 задняя, левая 6WG1 CYZ51K C-серия Дизель",6,6394,Дизель,D-126262,Хабаровск
2025-08-26 14:13:02,Подушка двигателя D-127176 / 8-94111-903-0 4H# N-series RR Дизель,10,300,Дизель,D-127176,Хабаровск
2025-08-26 14:13:02,Подушка двигателя D-128239 / 8-97161-494-0 4HF1/4HG1/4HJ1 перед Дизель,5,1418,Дизель,D-128239,Хабаровск
2025-08-26 14:13:02,Подушка двигателя D-128240 / EF750 / F20C / 12031-2360 / 1720 FR HINO Дизель,8,3405,Дизель,D-128240,Хабаровск
2025-08-26 14:13:02,Подушка двигателя D-128242 / ME001197 Дизель,5,834,Дизель,D-128242,Хабаровск
2025-08-26 14:13:02,Подушка двигателя D-128243 / ME062358 8DC# Дизель,7,1805,Дизель,D-128243,Хабаровск
2025-08-26 14:13:02,Подушка двигателя F17E 12035-2571 Hino SH1/2/3/4F# 92~ TZG !,14,3738,Дизель,12035-2571,Хабаровск
2025-08-26 14:13:02,Подушка двигателя FE6 11223-00Z05 TZG,3,2023,Дизель,TN-041,Хабаровск
2025-08-26 14:13:02,Подушка двигателя H07D/H07C-T 12031-1020 FR HINO 93~ TZG,3,1787,TZG,TH-053,Хабаровск
2025-08-26 14:13:02,Подушка двигателя J08C 12035-3142 HINO TZG,5,2607,Дизель,12035-3142,Хабаровск
2025-08-26 14:13:02,Подушка двигателя MD92T 11328-00Z17 RH N-DIESEL CD/CK/CV/CW 04~ TZG !,8,2017,Дизель,TN-097,Хабаровск
2025-08-26 14:13:02,Подушка двигателя MD92T 11328-00Z18 LH N-DIESEL CD/CK/CV/CW 04~ TZG !,9,2017,Дизель,11328-00Z18,Хабаровск
2025-08-26 14:13:02,Подушка двигателя ME011807 TZG,1,968,TZG,TM-031,Хабаровск
2025-08-26 14:13:02,Подушка двигателя ME061703 / 31214-02502 8DC# перед TZG !,2,930,TZG,TM-013,Хабаровск
2025-08-26 14:13:02,Подушка двигателя ME061709 / 31214-03104 TZG !,6,687,Дизель,TM-032,Хабаровск
2025-08-26 14:13:02,Подушка двигателя PE6T 11328-Z2008 U.D. TRUCK CK87/CW87CWA45 86~ TZG !,3,1468,Дизель,11328-Z2008,Хабаровск
2025-08-26 14:13:02,Подушка двигателя RE8/RF8/RG8 11328-Z2009 U.D. TRUCK CWA53 CW52 CW54 86~ TZG,20,2518,Дизель,TN-031,Хабаровск
2025-08-26 14:13:02,Подушка двигателя SHN-2308 12035-1850-S Schmaco !,4,4882,Schmaco,SHN-2308,Хабаровск
2025-08-26 14:13:02,Подушка двигателя SHT-1565 8-97120-497-1-S Schmaco !,1,2151,Schmaco,SHT-1565,Хабаровск
2025-08-26 14:13:02,Подушка двигателя SHT-1566 8-97120-498-1-S Schmaco !,1,2151,Schmaco,SHT-1566,Хабаровск
2025-08-26 14:13:02,Подушка двигателя SIZ-1697 8-97187-417-0-S Schmaco,1,2366,Schmaco,SIZ-1697,Хабаровск
2025-08-26 14:13:02,Подушка двигателя SNS-1210 11223-Z2011-S FR N.-TRUCK CWA52 PF6T Schmaco,5,3601,Schmaco,SNS-1210,Хабаровск
2025-08-26 14:13:02,Подушка двигателя W04D 97~ 12035-1960/1050/1080 задняя TZG,1,2264,TZG,TH-013,Хабаровск
2025-08-26 14:13:02,Подушка двигателя зад. левая D-128098/1-53225-371-1/0 6WG1 CYZ51K C-серия Дизель,7,5637,Дизель,D-128098,Хабаровск
2025-08-26 14:13:02,Подушка двигателя задняя RF8/RF10 11328-00Z08 LH N-DIESEL CD450/CW45 89~ TZG,3,2494,Дизель,TN-035,Хабаровск
2025-08-26 14:13:02,Подушка двигателя задняя RF8/RF10 11328-00Z09 RH N-DIESEL CD450/CW45 89~ TZG !,4,1566,Дизель,TN-036,Хабаровск
2025-08-26 14:13:02,Подушка двигателя перед LH/RH D-125572/1-53215-184-0 4HK1 F-series Дизель,1,2657,Дизель,D-125572,Хабаровск
2025-08-26 14:13:02,Подушка двигателя перед LH/RH D-127177 / 1-53215-184-0 4HK1 F-series Дизель,2,2069,Дизель,D-127177,Хабаровск
2025-08-26 14:13:02,Подушка двигателя передняя 480885 / A9412418713 DieselTechnic,4,8846,Diesel Technic,4.80885,Хабаровск
2025-08-26 14:13:02,Подушка двигателя передняя D-128464 / 1001025-76A FAW Дизель,4,1162,Дизель,D-128464,Хабаровск
2025-08-26 14:13:02,Подушка ДВС 1-53215-135-0 передняя,2,2307,Дизель,1-53215-135-0,Хабаровск
2025-08-26 14:13:02,Подушка ДВС 1-53225-371-1,1,11828,Дизель,1-53225-371-1,Хабаровск
2025-08-26 14:13:02,Подушка ДВС 11223-Z2010/2011 CW520/RE8/10 RF8/10 RH8/10 RG8 92~ TZG,5,2518,Дизель,11223-Z2010,Хабаровск
2025-08-26 14:13:02,Подушка ДВС 11328-00Z08 RH UD,1,2657,JMC,11328-00Z08,Хабаровск
2025-08-26 14:13:02,Подушка ДВС 11328-00Z09 LH UD,1,2657,JMC,11328-00Z09,Хабаровск
2025-08-26 14:13:02,Подушка ДВС 12031-2231 передняя HINO J08C/FG/GK 97~ TZG,4,1990,TZG,12031-2231,Хабаровск
2025-08-26 14:13:02,Подушка ДВС 12035-1761 задняя,1,8814,Дизель,12035-1761,Хабаровск
2025-08-26 14:13:02,Подушка ДВС 12035-1850/12035-1901 HINO задняя EF750,3,2418,Дизель,12035-1850,Хабаровск
2025-08-26 14:13:02,Подушка ДВС 21810-4E100 BONGO III 4WD !,3,1091,Geun Young,103-060,Хабаровск
2025-08-26 14:13:02,Подушка ДВС 8-97120-497-1/8-97940-319-0 ISUZU NPR RH передняя,2,1827,Дизель,8-97940-319-0,Хабаровск
2025-08-26 14:13:02,"Подушка ДВС EM4785; ME074785; FUSO FM657; (лев руль, левая); (задняя)",2,6611,JMC,ME074785,Хабаровск
2025-08-26 14:13:02,"Подушка ДВС EM4786; ME074786; (задняя); FUSO FM657; (лев руль, правая)",1,6719,Дизель,ME074786,Хабаровск
2025-08-26 14:13:02,Подушка ДВС ISUZU 6HH1 1994-2004 / передняя / EM-04-1720 / EM1720 / 1532151720 / 1-53215-172-0,1,2747,JMC,EM-04-1720,Хабаровск
2025-08-26 14:13:02,Подушка ДВС MMC CANTER 4M51 / EM-06-4011; EM4011 / MK314011 /,1,3728,JMC,MK314011,Хабаровск
2025-08-26 14:13:02,Подушка двс перед D-126572 / WG9925590280 Sitrak C7H Дизель,1,4079,Дизель,D-126572,Хабаровск
2025-08-26 14:13:02,Подушка задней рессоры (6 отв) D-128289 / AZ9725520276/278 HOWO Дизель,4,4956,Дизель,D-128289,Хабаровск
2025-08-26 14:13:02,Подушка кабины 1-52110-142-1 CX#/CY#/CV#/EX# 87~ ORIG,1,14207,Isuzu,1-52110-142-4,Хабаровск
2025-08-26 14:13:02,Подушка кабины D-125646 / 8-18242-452-0 / 8-98021-561-0/1 NPR71 NHR/NJR/NKR/NLR/NMR 07~ Дизель,6,621,Дизель,D-125646,Хабаровск
2025-08-26 14:13:02,Подушка КПП верх D-127936 / WG9770590320 HOWO Дизель,6,604,Дизель,D-127936,Хабаровск
2025-08-26 14:13:02,Подушка КПП нижняя D-127899 / WG9770590324 HOWO Дизель,8,246,Дизель,D-127899,Хабаровск
2025-08-26 14:13:02,Подушка под кабину / 051-01-0008 / / / AMC0Z14 / 9514800Z14; 95148-00Z14 / AUROCHS,1,5322,JMC,95148-00Z14,Хабаровск
2025-08-26 14:13:02,Подушка под кабину CM7599 / MC907599 / 6D17,1,1103,JMC,MC907599,Хабаровск
2025-08-26 14:13:02,Подушка подвесного подшипника SHN-8228 37235-1090-S H/N FS270 Schmaco !,13,707,Schmaco,SHN-8228,Хабаровск
2025-08-26 14:13:02,Подушка подвесного подшипника SMS-8214 MC881040-S FP418 Schmaco !,93,862,Schmaco,SMS-8214,Хабаровск
2025-08-26 14:13:02,Подушка подвесного подшипника SNS-8133 37518-90009-S Schmaco !,6,763,Schmaco,SNS-8133,Хабаровск
2025-08-26 14:13:02,Подушка резиновая 54074 Auger !,5,926,Auger,54074,Хабаровск
2025-08-26 14:13:02,Подушка рессоры 230х210х152 A0003250596SKV/51245/ A0003250796 / 480445 / 9560066359 Mercedes SKV,69,4838,SKV,A0003250596,Хабаровск
2025-08-26 14:13:02,Подушка рессоры 2556301,1,1994,JMC,2556301,Хабаровск
2025-08-26 14:13:02,Подушка рессоры 2556301 VOLVO TRUCK F12/F16/FH12/FH16 SKV,86,3996,SKV,2556301SKV,Хабаровск
2025-08-26 14:13:02,Подушка рессоры D-128366 / AZ9725520683 SITRAK Дизель,1,5092,Дизель,D-128366,Хабаровск
2025-08-26 14:13:02,Подушка рессоры передн. круглая (буфер) 1880520017 Howo,1,131,Howo,WG9323520010,Хабаровск
2025-08-26 14:13:02,Подшипник 11590/20 MJM05549 ASIA шкворневой,2,369,JMC,MJM05549,Хабаровск
2025-08-26 14:13:02,Подшипник 1204 KOYO 83A831GC5,1,2742,JMC,83A831GC5,Хабаровск
2025-08-26 14:13:02,"Подшипник 12749/710 (FBJ)/12749/10 90080-36075,97770-12710,90368-22001",2,146,JMC,90080-36075,Хабаровск
2025-08-26 14:13:02,Подшипник 1280/20/1220 / B22001,3,1131,JMC,B22001,Хабаровск
2025-08-26 14:13:02,Подшипник 17*47*14 6303-2RS Universal SKV,38,219,SKV,6303-2RS,Хабаровск
2025-08-26 14:13:02,ПОДШИПНИК 2959022 KOYO,1,2965,JMC,2959022,Хабаровск
2025-08-26 14:13:02,Подшипник 30214 70*1258*26.25,1,803,JMC,30214,Хабаровск
2025-08-26 14:13:02,Подшипник 320/22X FERSA,1,885,JMC,320/22X,Хабаровск
2025-08-26 14:13:02,Подшипник 32010 X,1,648,JMC,32010X,Хабаровск
2025-08-26 14:13:02,Подшипник 32034 Х/Р5 (SKF) (5),2,30241,SKF,32034X,Хабаровск
2025-08-26 14:13:02,Подшипник 33206J/33206JR/4T-33206/--- Y7691-57206 (NTN),5,1525,NTN,33206,Хабаровск
2025-08-26 14:13:02,Подшипник 35BW08C4/SX07D68LL 90369-35076 35-75-18-25 NSK,1,975,NSK,90369-35076,Хабаровск
2025-08-26 14:13:02,Подшипник 463177/A0159816205 / 98530277 Mercedes/DieselTechnic !,2,3582,Diesel Technic,4.63177,Хабаровск
2025-08-26 14:13:02,Подшипник 60TNK20 NSK,21,1537,NSK,60TNK20,Хабаровск
2025-08-26 14:13:02,Подшипник 60ТМК20,3,673,KOYO,60ТМК20,Хабаровск
2025-08-26 14:13:02,Подшипник 62305-2RS 25-62-24 (WTW) / 62305-2RS / / 623052RS / WTW,3,485,JMC,62305-2RS,Хабаровск
2025-08-26 14:13:02,Подшипник 68042RS NIS,2,163,JMC,68042RS,Хабаровск
2025-08-26 14:13:02,Подшипник 98530107/A0139810605/0159819005 Mercedes/NTN !,1,4108,NTN,98530107,Хабаровск
2025-08-26 14:13:02,Подшипник A0089811325 / A0089815325 / 98530108 / 90*130*14 Mercedes ориг !,1,5087,Mercedes,A 008 981 13 25,Хабаровск
2025-08-26 14:13:02,Подшипник B21801,3,1625,JMC,B21801,Хабаровск
2025-08-26 14:13:02,Подшипник HK2518 25*32*18 NSK,46,901,NSK,HK2518,Хабаровск
2025-08-26 14:13:02,Подшипник HM212047AR/011R 9-00093-114-0,1,2013,JMC,9-00093-114-0,Хабаровск
2025-08-26 14:13:02,Подшипник LM67048/10,3,694,JMC,LM67048/10,Хабаровск
2025-08-26 14:13:02,Подшипник RNU0727,1,388,JMC,RNU0727,Хабаровск
2025-08-26 14:13:02,Подшипник ZX30.034,3,1092,JMC,ZX30.034,Хабаровск
2025-08-26 14:13:02,Подшипник балансира цилиндрический WAYTEKO PREMIUM F2000/F3000,6,2750,JMC,F2000,Хабаровск
2025-08-26 14:13:02,"Подшипник воздушного компрессора 1-09800-268-0 F,C-series ORIG",1,3620,Isuzu,1-09800-268-0,Хабаровск
2025-08-26 14:13:02,Подшипник выж. 68 ТКВ 3505AR/31230-36010/36140/36149,1,1542,NSK,68ТКВ3505,Хабаровск
2025-08-26 14:13:02,Подшипник выж. 80TNK20 / 03452-23002,1,1736,KOYO,80TNK20,Хабаровск
2025-08-26 14:13:02,Подшипник выж. FCR47-8-4/2E//47SCRN34(NIS),3,338,NIS,FCR47-8-4/2E,Хабаровск
2025-08-26 14:13:02,Подшипник выж. RCTS351SA4/31230-32100/32030 KOYO,2,2696,KOYO,RCTS351SA4,Хабаровск
2025-08-26 14:13:02,Подшипник выжимной (с муфтой) 996914+11203 FAW,2,1221,Дизель,996914+11203,Хабаровск
2025-08-26 14:13:02,Подшипник выжимной 1-31310-012-0 Isuzu SKV,112,2367,SKV,1-31310-012-0,Хабаровск
2025-08-26 14:13:02,Подшипник выжимной 1-31310-012-0 Isuzu Y,73,3617,Yamasida,1-31310-012-0,Хабаровск
2025-08-26 14:13:02,Подшипник выжимной 1-31310-026-0/1-87610-109-0 FRR/FSR/FTR 08~ SKV Premium (BVP),96,2815,SKV Premium,1-31310-026-0SKV,Хабаровск
2025-08-26 14:13:02,Подшипник выжимной 1-31310-026-0/1-87610-109-0 ISUZU FRR/FSR/FTR/ 08~ SKV,43,4486,SKV,1-31310-026-0,Хабаровск
2025-08-26 14:13:02,Подшипник выжимной 1-87610-108-0/1-09820-117-0 FVR34 6HK1 ORIG CHINA,33,1478,Isuzu,1-87610-108-0,Хабаровск
2025-08-26 14:13:02,Подшипник выжимной 1-87610-108-0/1-09820-117-0 FVR34 6HK1 SKV Premium (BVP),135,978,SKV Premium,1-87610-108-0,Хабаровск
2025-08-26 14:13:02,"Подшипник выжимной 2164195 Scania P,G,R,T - series",28,2721,Дизель,2164195,Хабаровск
2025-08-26 14:13:02,Подшипник выжимной 31230-37050 68TKL4002 HINO300 E4 / T-DYNA N04C SKV,48,1505,SKV,68TKL4002,Хабаровск
2025-08-26 14:13:02,Подшипник выжимной 31230-37050 HINO300 E4 / T-DYNA N04C (BVP quality) SKV Premium,683,2378,SKV,31230-37050,Хабаровск
2025-08-26 14:13:02,Подшипник выжимной 31230-37050 HINO300 E4 / T-DYNA N04C Y,90,5132,Yamasida,31230-37050,Хабаровск
2025-08-26 14:13:02,Подшипник выжимной 41412-4Z000 BONGO III RICH !,28,512,Дизель,41412-4Z000,Хабаровск
2025-08-26 14:13:02,Подшипник выжимной 5-87610-110-0/8-97255-313-0 NQR71/75 NLR85 (BVP quality),39,2500,Дизель,5-87610-110-0,Хабаровск
2025-08-26 14:13:02,Подшипник выжимной 5-87610-110-0/8-97255-313-0 NQR71/75 NLR85 SKV Premium (BVP),113,2068,SKV Premium,5-87610-110-0,Хабаровск
2025-08-26 14:13:02,Подшипник выжимной 58TKA3703B SKV,7,882,SKV,58TKA3703B,Хабаровск
2025-08-26 14:13:02,Подшипник выжимной 62TNK20 RICH !,105,372,Дизель,62TNK20,Хабаровск
2025-08-26 14:13:02,Подшипник выжимной 68SCRN63P-2/68SCRN63 / 31230-36190/60200/60201 HZJ76 (NACHI),1,4306,NACHI,68SCRN63P-2,Хабаровск
2025-08-26 14:13:02,Подшипник выжимной 6G120L-0040 N120 LE359 JAC ORIG,4,6051,JAC,6G120L-0040,Хабаровск
2025-08-26 14:13:02,Подшипник выжимной 78TKL4001AR SKV,71,1762,SKV,78TKL4001AR,Хабаровск
2025-08-26 14:13:02,Подшипник выжимной 78TKL4801AR / 8-97255-313-0 Isuzu NSK,4,3944,NSK,78TKL4801AR,Хабаровск
2025-08-26 14:13:02,Подшипник выжимной 78TKL4801AR / 8-97255-313-0 Isuzu SKV,69,1696,SKV,78TKL4801AR,Хабаровск
2025-08-26 14:13:02,Подшипник выжимной BRG713 / 41421-43020 JAPAN H100/150/200 (упаковка НЕСТАНДРТ) EXEDY,20,923,Exedy,BRG713,Хабаровск
2025-08-26 14:13:02,Подшипник выжимной CRB1071/31230-1071/S3123-01071/TK90-5A1 HINO PROFIA 1992-1995 SKV,1,1362,SKV,CRB1071,Хабаровск
2025-08-26 14:13:02,Подшипник выжимной CT5586ARSE/SF1135 31230-1030A/1050/31242-1110 SKV,130,737,SKV,CT5586ARSE,Хабаровск
2025-08-26 14:13:02,Подшипник выжимной CT5588ARSE/55TMK09-1/90363-63024/31242-1120/1030/1020 RICH,1,208,JMC,CT5588ARSE,Хабаровск
2025-08-26 14:13:02,Подшипник выжимной CT5747F3 HOWO,3,2116,Дизель,CT5747F3,Хабаровск
2025-08-26 14:13:02,"Подшипник выжимной D-125282 / 1-31310-026-0 FSR34,FSR90, FRR/FSR/FTR 08~ Дизель",4,4632,Дизель,D-125282,Хабаровск
2025-08-26 14:13:02,Подшипник выжимной D-126573 / 1601430-76A/A FAW J6 Дизель,5,2208,Дизель,D-126573,Хабаровск
2025-08-26 14:13:02,Подшипник выжимной D-126574 / 86CL6089F0 FAW Дизель,7,2057,Дизель,D-126574,Хабаровск
2025-08-26 14:13:02,Подшипник выжимной D-127901 / WG9114160030 HOWO Дизель,10,1812,Дизель,D-127901,Хабаровск
2025-08-26 14:13:02,Подшипник выжимной HD65/72/COUNTY 41420-45001 PRB-50/ SKV,99,1024,SKV,41420-45001,Хабаровск
2025-08-26 14:13:02,Подшипник выжимной M-1605623 N75 JAC ORIG,7,2090,JAC,M-1605623,Хабаровск
2025-08-26 14:13:02,Подшипник выжимной RCT422SA1/60TKC4202 8-94379-499-0/8-94453-348-0/8-94453-349-0 RICH,2,280,Rich,60TKC4202,Хабаровск
2025-08-26 14:13:02,Подшипник выжимной RCT422SA1/60TKC4202 8-94379-499-0/8-94453-348-0/8-94453-349-0 SKV,41,909,SKV,RCT422SA1,Хабаровск
2025-08-26 14:13:02,Подшипник выжимной RCT55B/1304-16-510A/SL RICH !,1,284,Дизель,RCT55B,Хабаровск
2025-08-26 14:13:02,Подшипник выжимной RCTS70SA-6A / ME673340 / ME664396 / CRB3340 MMC FUSO 10t SKV,1,2576,SKV,RCTS70SA-6A,Хабаровск
2025-08-26 14:13:02,Подшипник выжимной TK55-1A1 / 55TMK804/2E / CT55BL1 / 1-09820-008-0 SKV,25,936,SKV,TK55-1A1,Хабаровск
2025-08-26 14:13:02,Подшипник выжимной TK70-1A/CT70B ТК70-9/U3 ME632049/31242-1260A/1-09820-118-0/9-00 SKV,89,1567,SKV,TK70-1A,Хабаровск
2025-08-26 14:13:02,Подшипник выжимной TKS54-19K MRK SKV,63,794,SKV,TKS54-19K,Хабаровск
2025-08-26 14:13:02,Подшипник выжимной WG2209260005/2 /996714KA-TX HOWO A7,3,1447,Дизель,WG2209260005/2,Хабаровск
2025-08-26 14:13:02,Подшипник выжимной WG9114160030 HOWO ORIG,4,10456,Howo,WG9114160030,Хабаровск
2025-08-26 14:13:02,Подшипник выжимной без муфты 45*73,184,687,Дизель,45*73,Хабаровск
2025-08-26 14:13:02,Подшипник выжимной в сборе 1-31310-023-0 / 1-31310-014-0 CYZ5 CYZ52 SKV,25,5848,SKV,1-31310-023-0,Хабаровск
2025-08-26 14:13:02,"Подшипник выжимной гидравлический ME523197 (SD029) 4M50/4M51 FE7#C,82C,83C SKV",61,7121,SKV,ME523197,Хабаровск
2025-08-26 14:13:02,Подшипник выжимной обратного действия AZ9114160030 WAYTEKO F2000/F3000*,1,6669,Wayteko,AZ9114160030,Хабаровск
2025-08-26 14:13:02,Подшипник выжимной с муфтой 1602050Z1A N56 JAC ORIG,2,2428,JAC,1602050Z1A,Хабаровск
2025-08-26 14:13:02,Подшипник генератора 605ZZ,3,175,JMC,605ZZ,Хабаровск
2025-08-26 14:13:02,Подшипник гидравлический ME538976 / ME539937 / ME523205 / ME523208 / CSC2524 4M50/4M51 SKV,97,6517,SKV,ME538976,Хабаровск
2025-08-26 14:13:02,Подшипник дифференциала 1-09812-056-1 FSR90 ISUZU,3,2593,Yamasida,1-09812-056-1,Хабаровск
2025-08-26 14:13:02,Подшипник дифференциала 1-09812-058-1 FSR90 ISUZU Y,3,1611,Yamasida,1-09812-058-1,Хабаровск
2025-08-26 14:13:02,Подшипник зад ступицы HTPHW934206097/WG934206097/812W93420-6097 HOWO ORIG,8,29088,Howo,HTPHW934206097,Хабаровск
2025-08-26 14:13:02,Подшипник зад ступицы внутр 9705010490 JAC N35 ORIG,2,903,JAC,9705010490,Хабаровск
2025-08-26 14:13:02,Подшипник зад ступицы внутренний (105*190*39) 1102864 / VKHB2215 / 30221J2 / CRF-30221A CRAFT !,1,2684,Craft,CRF-30221A,Хабаровск
2025-08-26 14:13:02,Подшипник задней ступицы внутр (30222)190003326067 Н,5,1757,Howo,30222,Хабаровск
2025-08-26 14:13:02,Подшипник задней ступицы наруж 9704510410 JAC N35 ORIG,2,1218,JAC,9704510410,Хабаровск
2025-08-26 14:13:02,Подшипник игольчатый шестерни 4 передачи K606830-6G120 JAC ORIG,2,437,JAC,K606830-6G120,Хабаровск
2025-08-26 14:13:02,Подшипник игольчатый шестерни 6 передачи K445045ZW-6G120 JAC ORIG,3,618,JAC,K445045ZW-6G120,Хабаровск
2025-08-26 14:13:02,Подшипник КПП (игольчатый) WG9003324824 HOWO T5G,5,3366,Дизель,WG9003324824,Хабаровск
2025-08-26 14:13:02,Подшипник КПП ME502938,1,3301,Mitsubishi,ME502938,Хабаровск
2025-08-26 14:13:02,Подшипник КПП первичного вала D-125352 / 8-97253-098-1 MYY5/MYY6 NPR/NQR71/75 Дизель,11,1966,Дизель,D-125352,Хабаровск
2025-08-26 14:13:02,Подшипник КПП первичного вала NUP209 без проточки NSK,119,2426,NSK,NUP209,Хабаровск
2025-08-26 14:13:02,Подшипник КПП хвостовика 717813/CK8178 F2000/F3000,3,3464,Createk,CK8178,Хабаровск
2025-08-26 14:13:02,Подшипник МКД (лев) заднего/среднего моста (HDZ 300) 32020/HD90149320021 SHACMAN X3000,1,2045,Дизель,32020,Хабаровск
2025-08-26 14:13:02,Подшипник первичного вала NUP2212EX1MC3YA6G120 N120 JAC ТМВ,5,8015,Дизель,NUP2212E1MC3YA6G120,Хабаровск
2025-08-26 14:13:02,Подшипник первичного вала кпп M-1701602 N75 JAC ORIG,2,563,JAC,M-1701602,Хабаровск
2025-08-26 14:13:02,Подшипник первичного/вторичного вала кпп M-1701601 N75 JAC ORIG,2,2647,JAC,M-1701601,Хабаровск
2025-08-26 14:13:02,Подшипник перед ступицы HTPHW4071418068 / WG4071418068 HOWO ORIG,4,41358,Howo,HTPHW4071418068,Хабаровск
2025-08-26 14:13:02,Подшипник переднего хвостовика среднего моста 31313/A9429810405 / A0039810605 / VKT8761/CRAFT !,1,2466,Craft,31313,Хабаровск
2025-08-26 14:13:02,Подшипник передней ступицы внутр 70*150*54 190003326543 HOWO T5G,10,1956,Дизель,190003326543,Хабаровск
2025-08-26 14:13:02,Подшипник передней ступицы внутренний 51701-44030 JAC N25/35 ORIG,1,1649,JAC,51701-44030,Хабаровск
2025-08-26 14:13:02,Подшипник передней ступицы внутренний TR5510032 N120 JAC ORIG,3,1897,JAC,TR5510032,Хабаровск
2025-08-26 14:13:02,Подшипник передней ступицы наружный 1104922 / VKHB2160 SKF !,3,4308,SKF,VKHB2160,Хабаровск
2025-08-26 14:13:02,Подшипник передней супицы 2310169 Scania SKV,2,10249,SKV,2310169,Хабаровск
2025-08-26 14:13:02,Подшипник подвесной карданного вала TDA-HCB101/2101/210661 1X Freightliner,1,1924,JMC,TDA-HCB101,Хабаровск
2025-08-26 14:13:02,Подшипник подвесной 1-37516-048-0/2 (Р85) TZG 60mm,2,7621,TZG,TI-011,Хабаровск
2025-08-26 14:13:02,Подшипник подвесной 37235-1010 Ф50мм,1,1993,JMC,37235-1010,Хабаровск
2025-08-26 14:13:02,Подшипник подвесной 37235-1060 SET 100*55*21 HINO 89~ FG/FN/FH/FR/FP/FT TZG,10,4309,Дизель,37235-1060,Хабаровск
2025-08-26 14:13:02,Подшипник подвесной 37235-1090 55mm,1,2329,JMC,37235-1090,Хабаровск
2025-08-26 14:13:02,Подшипник подвесной 37510-Z2003 Ф60мм,1,3572,JMC,37510-Z2003,Хабаровск
2025-08-26 14:13:02,Подшипник подвесной 49710-5H500 / MB563234 HD65 HD65/72 98 SKV d=40mm,112,1820,SKV,49710-5H500,Хабаровск
2025-08-26 14:13:02,Подшипник подвесной 49710-5K700 Hyundai ORIG,1,5570,Hyundai-Kia,37510-90060,Хабаровск
2025-08-26 14:13:02,Подшипник подвесной 49720-6A601 D6DA19 HD120 HYUNDAI GOLD D6GA HD120 SKV,34,2175,SKV,49720-6A601,Хабаровск
2025-08-26 14:13:02,Подшипник подвесной 5-87610-203-0/8-97131-143-1/0 Ф45мм NQR/NPR 93-06` ORIG China,7,6665,Isuzu,5-87610-203-0,Хабаровск
2025-08-26 14:13:02,Подшипник подвесной D-125426 / 1-37510-115-0 60 мм CYZ51K/FVR34 Дизель,4,5506,Дизель,D-125426,Хабаровск
2025-08-26 14:13:02,Подшипник подвесной D-127421 / 1-37516-047-2 (Р110) Isuzu Ф55 Дизель,15,3730,Дизель,D-127421,Хабаровск
2025-08-26 14:13:02,Подшипник подвесной D-127425 / 37235-1090 55mm Дизель,1,2749,Дизель,D-127425,Хабаровск
2025-08-26 14:13:02,"Подшипник подвесной D-127814/1-37510-105-0/8-98020-881-0 Isuzu F-series, FSR90 Дизель",92,1466,Дизель,D-127814,Хабаровск
2025-08-26 14:13:02,Подшипник подвесной D-128244 / 37510-90060 Ф60мм CW520 RF8 01~ Дизель,15,2379,Дизель,D-128244,Хабаровск
2025-08-26 14:13:02,Подшипник подвесной D-128432 / P26013314030-80 / 99114310100-2204030-B D=80 SHAANXI F3000 Дизель,1,2555,Дизель,D-128432,Хабаровск
2025-08-26 14:13:02,Подшипник подвесной D-128527 / 37235-1070 Дизель,5,3342,Дизель,D-128527,Хабаровск
2025-08-26 14:13:02,Подшипник подвесной D-128557 / MC861516 / MC824410 FK415 Дизель,4,2087,Дизель,D-128557,Хабаровск
2025-08-26 14:13:02,Подшипник подвесной SIZ-8202 5-37516-006-1-S Schmaco !,25,2434,Schmaco,SIZ-8202,Хабаровск
2025-08-26 14:13:02,Подшипник редуктора 07NU1026-6VHSH2/SZ365-35011 35*96*26 HINO 700 SKV,3,2200,SKV,SZ365-35011,Хабаровск
2025-08-26 14:13:02,Подшипник редуктора D-125937 / 33115JR JAC N350 Дизель,1,3417,Дизель,D-125937,Хабаровск
2025-08-26 14:13:02,Подшипник редуктора SZ366-70011/H913849/810 HINO 700 SKV,122,1639,SKV,SZ366-70011,Хабаровск
2025-08-26 14:13:02,Подшипник редуктора зад моста 60*130*35 D-126575/190003326236/30312/7312 HOWO Дизель,3,1193,Дизель,D-126575,Хабаровск
2025-08-26 14:13:02,Подшипник редуктора среднего моста 350212X2 HOWO,1,2309,Дизель,350212X2,Хабаровск
2025-08-26 14:13:02,Подшипник редутора среднего моста 42115171 Iveco,2,4074,Iveco,42115171,Хабаровск
2025-08-26 14:13:02,Подшипник ступицы 2300143299/NU2211E.TVP2 FAG !,19,7912,FAG,NU2211E.TVP2,Хабаровск
2025-08-26 14:13:02,Подшипник ступицы 2300143299/NU2211ECP SKF,6,7752,SKF,NU2211ECP,Хабаровск
2025-08-26 14:13:02,Подшипник ступицы 2300143299/NU2211ECP TIMKEN,2,7152,TIMKEN,NU2211E.TVP,Хабаровск
2025-08-26 14:13:02,Подшипник ступицы 3782 Freightliner,1,1115,JMC,3782,Хабаровск
2025-08-26 14:13:02,Подшипник ступицы 749A742 Fersa,1,11680,JMC,749A742,Хабаровск
2025-08-26 14:13:02,Подшипник ступицы 90х150х45 0264102300 / 33118 CRAFT,3,2242,Craft,CRF-33118A,Хабаровск
2025-08-26 14:13:02,Подшипник ступицы CRF-33207 A Craft !,1,1063,Craft,CRF-33207A,Хабаровск
2025-08-26 14:13:02,"Подшипник ступицы D-125935 / TR5510032 передней, внутренний JAC N120 Дизель",13,1536,Дизель,D-125935,Хабаровск
2025-08-26 14:13:02,Подшипник ступицы D-126896 / 32315 FAW / JAC N350 Дизель,24,2796,Дизель,D-126896,Хабаровск
2025-08-26 14:13:02,"Подшипник ступицы D-126905 / 32306 передней, наружный 1066 FAW Дизель",5,930,Дизель,D-126905,Хабаровск
2025-08-26 14:13:02,"Подшипник ступицы D-126920 / 33022 / 06.32499.0155 / 2406090 задней, наружный X3000/F3000 Дизель",1,2427,Дизель,D-126920,Хабаровск
2025-08-26 14:13:02,Подшипник ступицы DAC387433,2,1294,JMC,DAC387433,Хабаровск
2025-08-26 14:13:02,Подшипник ступицы ZA-|Y038BWD15A CORON,1,2268,JMC,ZA-|Y038BWD15A,Хабаровск
2025-08-26 14:13:02,Подшипник ступицы ZA30BWK10G3Y01 NSK,2,4400,NSK,ZA30BWK10G3Y01,Хабаровск
2025-08-26 14:13:02,Подшипник ступицы зад D-126901 / 3104030-A6E-C00/A FAW CA3311 Дизель,1,4421,Дизель,D-126901,Хабаровск
2025-08-26 14:13:02,Подшипник ступицы зад D-126902 / 33120X2 FAW CA3311 Дизель,1,2749,Дизель,D-126902,Хабаровск
2025-08-26 14:13:02,Подшипник ступицы зад внутр D-126761/30222/7222/190003326067 FAW Дизель,1,2477,Дизель,D-126761,Хабаровск
2025-08-26 14:13:02,Подшипник ступицы задн. 30313DJ/30313DJR/4T-30313D/9884-65105/38140-90000,1,3378,JMC,9884-65105,Хабаровск
2025-08-26 14:13:02,Подшипник ступицы заднего моста внешний 32222 WAYTEKO PREMIUM,1,5153,JMC,32222,Хабаровск
2025-08-26 14:13:02,Подшипник ступицы заднего моста наруж. 5-87610-139-0 N-series ORIG,41,2587,Isuzu,5-87610-139-0,Хабаровск
2025-08-26 14:13:02,"Подшипник ступицы задней, внутренний 52701-79120/TR191604 HYUNDAI HD270 D6AC SKV",14,1714,SKV,TR191604,Хабаровск
2025-08-26 14:13:02,"Подшипник ступицы задней, внутренний HR32220J /9-00093-116-0/38325-90001 C-series 100*180*40 NSK",2,10523,NSK,HR32220J,Хабаровск
2025-08-26 14:13:02,"Подшипник ступицы задней, внутренний TR5510032 /51701-62010 HYUNDAI D6GA HD120 55*100*32.5 SKV",79,1599,SKV,TR5510032,Хабаровск
2025-08-26 14:13:02,"Подшипник ступицы задней, наружный 32217/SZ366-85008/98848-5105/MH043078/VKHB2080 #700 85*150*40 SKV",31,1747,SKV,32217,Хабаровск
2025-08-26 14:13:02,Подшипник ступицы задний (40x42x82) WB-1431 LYNX,2,3090,JMC,WB-1431,Хабаровск
2025-08-26 14:13:02,Подшипник ступицы НМ212049 Freightliner,1,1013,JMC,НМ212049,Хабаровск
2025-08-26 14:13:02,Подшипник ступицы перед внутр D-126763/30314B/7314/ 30314/YB2 FAW Дизель,17,1813,Дизель,D-126763,Хабаровск
2025-08-26 14:13:02,Подшипник ступицы перед нар 32022/190003326445 HOWO,3,2058,Дизель,190003326445,Хабаровск
2025-08-26 14:13:02,Подшипник ступицы перед.внутр 130*70*35/56 3017/81.93420.0074/06.32499.0081,36,2120,Дизель,3017,Хабаровск
2025-08-26 14:13:02,Подшипник ступицы переднего моста внутренний 3017 (130*70*35/56),1,3083,JMC,81.93420.0074,Хабаровск
2025-08-26 14:13:02,"Подшипник ступицы передней, внутренний 1-87610-134-0 C,F,N-series ORIG CHINA",5,2676,Isuzu,1-87610-134-0,Хабаровск
2025-08-26 14:13:02,Подшипник ступицы роликовый 55*100*60(25) BC1B320330-CRF0330 CRAFT,2,8006,Craft,CRF0330,Хабаровск
2025-08-26 14:13:02,Подшипник ступичный 32010 / 43210-T6200 / 98845-0102 / 90368-50024 SKV,12,417,SKV,32010X,Хабаровск
2025-08-26 14:13:02,Подшипник ступичный 32012JR / 43215-T9310/90366-60005/MH043114 SKV,13,803,SKV,32012,Хабаровск
2025-08-26 14:13:02,Подшипник ступичный 32206 J/32206JR/32206/90043-68020/5-09812-025-0/32273-03E00/MH043101 SKV,4,438,SKV,32206,Хабаровск
2025-08-26 14:13:02,Подшипник ступичный 32310/9884-50103/MS556586/MH043048/51703-69000 SKV,17,1296,SKV,32310,Хабаровск
2025-08-26 14:13:02,Подшипник ступичный 3280 NACHI L68149/10,2,1090,JMC,L68149/10,Хабаровск
2025-08-26 14:13:02,Подшипник ступичный 33210JR/33210 90366-50069 COASTER/DYNA/TOYOACE/HINO 99~ SKV,53,1053,SKV,33210,Хабаровск
2025-08-26 14:13:02,Подшипник ступичный 51701-44030/ 48548/10 H100 PORTER SKV !,179,270,SKV,LM48548/10,Хабаровск
2025-08-26 14:13:02,Подшипник ступичный 55TKA3102 /R55-5 /FCR55-1/2E/RCTS31SA NTN,1,609,JMC,55TKA3102,Хабаровск
2025-08-26 14:13:02,Подшипник ступичный 812W93420-6097 Sitrak C7H,3,11534,Noname,812W93420-6097,Хабаровск
2025-08-26 14:13:02,Подшипник ступичный D-128050 / WG4071418068 Sitrak C7H Дизель,3,37222,Дизель,D-128050,Хабаровск
2025-08-26 14:13:02,Подшипник ступичный LM48548/10 / 51701-44030/90368-34001/MB633086/40210-F1700/S083-33-047 YDKG,5,159,Дизель,51701-44030,Хабаровск
2025-08-26 14:13:02,Подшипник ступичный LM67048/10 / 90368-31067 / 40210-85000 / MD717511 YDKG,3,218,Дизель,90368-31067,Хабаровск
2025-08-26 14:13:02,Подшипник ступичный RR 9-00093-081-0 28985/20 NLR85/NMR85/NKR55 SKV,81,965,SKV,28985/20,Хабаровск
2025-08-26 14:13:02,Подшипник ступичный RR MB308964 30214JRYA/HR30214JA1 FUSO CANTER SKV,113,1038,SKV,MB308964,Хабаровск
2025-08-26 14:13:02,Подшипник ступичный внутрений 50KW01/CR1084/MB025294/51701-45210 HD72/65/78/CANTER SKV,50,1918,SKV,50KW01,Хабаровск
2025-08-26 14:13:02,Подшипник ступичный 30213JR зад внутр/ 43215-22H00 / 9884-65107 / 9960-30-213 (FBJ) NQR71/75 SKV,410,925,SKV,30213,Хабаровск
2025-08-26 14:13:02,Подшипник ступичный RR наруж HINO300/500 (E4) 32213/43210-47700/1-09812-129/MS556517 SKV,93,1296,SKV,32213,Хабаровск
2025-08-26 14:13:02,Подшипник ступичный задней наружный 32313 /9884-65106/40207-90008 HD120/HINO700 65*140 SKV,3,2234,SKV,32313,Хабаровск
2025-08-26 14:13:02,Подшипник ступичный 40KW01/ST4080C/MH043064/MH043142/MH043092 SKV,16,1146,SKV,40KW01,Хабаровск
2025-08-26 14:13:02,Подшипник ступичный наружный 0S231-33075/JL69349/69310 BONGO III 1T H/LONG STD 5MT4WD SKV,23,275,SKV,JL69349,Хабаровск
2025-08-26 14:13:02,Подшипник ступичный наружный JL69349/10 / 0S231-33075/69310 BONGO III 1T H/LONG STD 5MT4WD NSK,10,922,NSK,JL69349/10,Хабаровск
2025-08-26 14:13:02,"Подшипник ступичный передний наружный, КПП HINO 300 30207/90366-35004/MB393957 County SKV",23,517,SKV,30207,Хабаровск
2025-08-26 14:13:02,"Подшипник сцепления выжимной 1-87610-110-0/1-31310-012-0 NPR,NQR75, FSS, FRR, FRD SKV Premium (BVP)",161,2757,SKV Premium,1-87610-110-0,Хабаровск
2025-08-26 14:13:02,Подшипник сцепления выжимной 41301-Y44Q0 N350 JAC ORIG,8,16666,JAC,41301-Y44Q0,Хабаровск
2025-08-26 14:13:02,Подшипник сцепления выжимной D-127353 / 41301-Y44Q0 N350 JAC Дизель,1,2533,Дизель,D-127353,Хабаровск
2025-08-26 14:13:02,Подшипник тормозного вала 3502135-A0E FAW J6,5,1073,Дизель,3502135-A0E,Хабаровск
2025-08-26 14:13:02,Подшипник упорной ступицы водила планетарной передачи 130312 INA !,1,2433,INA,130312,Хабаровск
2025-08-26 14:13:02,Подшипник хвостовика редуктора задн. моста 4TНМ803146HM803110,1,2882,NTN,4TНМ803146HM803110,Хабаровск
2025-08-26 14:13:02,Подшипник хвостовика среднего/заднего моста (HDZ 300) 31313/06.32499.0088/WG9981031313 SHACMAN,2,1644,Дизель,06.32499.0088,Хабаровск
2025-08-26 14:13:02,Подшипник шариковый радиальный однорядный с канавк 6213N KOYO,1,5117,KOYO,6213N,Хабаровск
2025-08-26 14:13:02,Подшипник шкворня 129908 Foton,3,1076,Дизель,129908,Хабаровск
2025-08-26 14:13:02,Подшипник шкворня 3001500LE070/409906k/825121-525543 JAC N90 ORIG,5,710,JAC,3001500LE070,Хабаровск
2025-08-26 14:13:02,Подшипник шкворня 5802277645/329910KD3 IVECO/HONGYAN,10,1097,Дизель,5802277645,Хабаровск
2025-08-26 14:13:02,"Подшипник шкворня D-125481 / 1-09829-033-0 ISUZU 5t F-series, KP-224 Дизель",1,621,Дизель,D-125481,Хабаровск
2025-08-26 14:13:02,"Подшипник шкворня D-125523 / 47TAG001 NISSAN UD, KP-146 Дизель",2,518,Дизель,D-125523,Хабаровск
2025-08-26 14:13:02,Подшипник шкворня D-125525 / 40034-Z5000 NISSAN UD 5T Дизель,2,387,Дизель,D-125525,Хабаровск
2025-08-26 14:13:02,Подшипник шкворня D-125695 / MH041008 / KP-532 FUSO 10T Дизель,1,457,Дизель,D-125695,Хабаровск
2025-08-26 14:13:02,Подшипник шкворня D-125940 / AK30010435G1 JAC N350 Дизель,27,1886,Дизель,D-125940,Хабаровск
2025-08-26 14:13:02,Подшипник шкворня D-127902 / 198906K FAW Дизель,6,333,Дизель,D-127902,Хабаровск
2025-08-26 14:13:02,Полувтулка заднего стабилизатора 1-51779-100-0 56*79*45 CXM/CYM/CYL 95-02 ORIG,1,1518,Isuzu,1-51779-100-0,Хабаровск
2025-08-26 14:13:02,Полувтулка стабилизатора 1-51779-079-0/1 CX#/FR#/FS#FVR34 94~ TZG,1,507,TZG,TI-084,Хабаровск
2025-08-26 14:13:02,Полувтулка стабилизатора D-125121 / 1-51779-079-0 ISUZU CX#CY#EX#FVR34 89~ Дизель,78,505,Дизель,D-125121,Хабаровск
2025-08-26 14:13:02,Полувтулка стабилизатора D-126268 / 1-51779-079-0/1 ISUZU CX#CY#EX#FVR34 89~ (K) Дизель,816,360,Дизель,D-126268,Хабаровск
2025-08-26 14:13:02,"Полукольца коленвала упорные D-126661 / 200V01114-0230, низ, Sitrak C7H Дизель",4,542,Дизель,D-126661,Хабаровск
2025-08-26 14:13:02,"Полукольца коленвала упорные D-126662 / 200v01114-0231, верх, Sitrak C7H Дизель",4,542,Дизель,D-126662,Хабаровск
2025-08-26 14:13:02,Полукольцо низ+верх 612600013918+612600013917 JAC N350 WP10 E-5 (NON-GENUINE),3,887,Дизель,612600013918,Хабаровск
2025-08-26 14:13:02,Полукольцо упорное коленвала (к-т 4шт) 1002036-36D FAW J6 CA6DL2,5,611,Дизель,1002036-36D,Хабаровск
2025-08-26 14:13:02,Полукольцо упорное коленвала (к-т 4шт) 1002036-53D. FAW J6 CA6DM2,5,773,Дизель,1002036-53D,Хабаровск
2025-08-26 14:13:02,Полукольцо упорное коленвала 1002017FB JAC N35 ORIG,5,117,JAC,1002017FB,Хабаровск
2025-08-26 14:13:02,Полукольцо хомута D=120 WG9725540009 HOWO,3,117,Дизель,WG9725540009,Хабаровск
2025-08-26 14:13:02,Полуось 2-х шлицевая под блокировку D-128285 / DZ90149340007 Z=40 L=1160 SHACMAN X3000/F3000 Дизель,1,3602,Дизель,D-128285,Хабаровск
2025-08-26 14:13:02,Помпа A2161 21010-96211/21010-96215 Asahi,1,10175,JMC,21010-96211,Хабаровск
2025-08-26 14:13:02,Помпа A5877 / 16100-3950/16100-E0270 Asahi,1,16553,JMC,A5877,Хабаровск
2025-08-26 14:13:02,Помпа A5880 / 16101-1510/S1610-11510 E13C Asahi,1,8729,JMC,16101-1510,Хабаровск
2025-08-26 14:13:02,Помпа D-126270 / 8-97333-361-0 4HF1 NKR/NPR 99~ Дизель,1,2709,Дизель,D-126270,Хабаровск
2025-08-26 14:13:02,Помпа D19010JC,1,1148,JMC,D19010JC,Хабаровск
2025-08-26 14:13:02,Помпа GWM39A,3,1733,JMC,GWM39A,Хабаровск
2025-08-26 14:13:02,Помпа H06C-T A5854 / 16100-2660 Asahi,1,11682,JMC,H06C-T,Хабаровск
2025-08-26 14:13:02,Помпа KT-84W,1,4610,JMC,KT-84W,Хабаровск
2025-08-26 14:13:02,Помпа WL A6431 8AS2-15-100A Asahi,1,3929,JMC,A6431,Хабаровск
2025-08-26 14:13:02,Помпа водяная 16100-78101 TOYOTA W04D,1,8258,JMC,16100-78101,Хабаровск
2025-08-26 14:13:02,Помпа водяная ME220745,1,7609,JMC,ME220745,Хабаровск
2025-08-26 14:13:02,Помпа водяная ZA // A6440 /9010968-72/ на погрузчик SUMITOMO YALE (E2500/ ) MAZDA,1,9859,JMC,9010968-72,Хабаровск
2025-08-26 14:13:02,Поршeнь 6HH1 ISUZU (STD) 8-94391-950-0/39651A ALFIN (с кольцами) 02.95~ Teikin,1,51511,Isuzu,8-94391-950-0,Хабаровск
2025-08-26 14:13:02,Поршень 1004022FD020 JAC N35 ORIG,10,3831,JAC,1004022FD020,Хабаровск
2025-08-26 14:13:02,"Поршень 4HK1 8-98215-307-0 ЕВРО5 F,N-series (4 шт/кт) Mats",45,35248,Matsuyama,8-98215-307-0,Хабаровск
2025-08-26 14:13:02,Поршень 612600030034 WP10,1,4556,Дизель,612600030034,Хабаровск
2025-08-26 14:13:02,Поршень 8-97087-106-0 O/S=0.25 3LD1 ORIG,3,7220,Isuzu,8-97087-106-0,Хабаровск
2025-08-26 14:13:02,Поршень 8-98192-927-0 GRADE=B 4JJ1 (4 шт/кт) Mats,3,22058,Matsuyama,8-98192-927-0,Хабаровск
2025-08-26 14:13:02,Поршень D-125371 / 8-97602-800-0 ISUZU 4HK1T поштучно Дизель,7,5455,Дизель,D-125371,Хабаровск
2025-08-26 14:13:02,Поршень D-125941 / 612640020034 JAC N350 WP10 E-5 Дизель,4,2779,Дизель,D-125941,Хабаровск
2025-08-26 14:13:02,Поршень D-126579 / 1004011C81DM FAW CA6DM2 Дизель,3,2661,Дизель,D-126579,Хабаровск
2025-08-26 14:13:02,Поршень D-127611/8-98043-703-0 GRADE=A 4JJ1-TCC NLR/NMR 55/85 08~ Дизель,63,3778,Дизель,D-127611,Хабаровск
2025-08-26 14:13:02,Поршень HINO EK100 (STD) 13216-1220A/1222/13211-1900/36650A (с кольцами) ALFIN 06.95~05.99 Teikin !,9,35190,Teikin,36650A,Хабаровск
2025-08-26 14:13:02,Поршень HINO F17C 13226-1180(R)/13216-1910(L) 85.10-91.02 FR/FS/SH/SS66 139mm 8(CYL) Mats,1,51264,Matsuyama,13226-1180/13216-1910,Хабаровск
2025-08-26 14:13:02,Поршень HINO F17C 13226-1180(R)/13216-1910(L) ALFIN 8 P/S W/PIN&CLIP Y,1,31126,Yamasida,13226-1180,Хабаровск
2025-08-26 14:13:02,Поршень HINO F21C 99.09~ ALL L/13216-3020 R/13226-1360 (к-т 4+4) ALFIN Mats,1,114255,Matsuyama,13226-1360,Хабаровск
2025-08-26 14:13:02,Поршень HINO J08E 500# S130B-E0390 (6 CYL) FUSA MAGURO,4,36245,MAGURO,S130B-E0390,Хабаровск
2025-08-26 14:13:02,Поршень HINO J08E 500# S130B-E0390/S130A-E0100/1 (6 CYL) IZUMI ORIG JAPAN,6,52066,Izumi,S130B-E0390,Хабаровск
2025-08-26 14:13:02,Поршень HINO P11C 13211-2700 6cyl Mats,1,113464,Matsuyama,13211-2700,Хабаровск
2025-08-26 14:13:02,"Поршень ISUZU 12PE1 CXZ/CYZ/CXK/EXR 95-02 1-12111-926-0/676-0/659-0 ALFIN,GALLERY 12 CYL Mats",1,161441,Matsuyama,1-12111-926-0,Хабаровск
2025-08-26 14:13:02,"Поршень ISUZU 4BD1 LATE ALFIN (0,5mm) 8-94452-912-0/39227A 06.88~06.93 Teikin !",1,7274,Teikin,8-94452-912-0,Хабаровск
2025-08-26 14:13:02,Поршень ISUZU 4BE1 8-94478-116-0 (4 PCE) Matsuyama,2,17251,Matsuyama,8-94478-116-0,Хабаровск
2025-08-26 14:13:02,Поршень ISUZU 4BE1-II (STD) ALEIN 8-94438-989-1/39612A (4 CYL) Mats,1,13372,Matsuyama,8-94438-989-1,Хабаровск
2025-08-26 14:13:02,Поршень ISUZU 4HG1-T NKR71 EURO4 04- 8-97219-032-0 4PCE/SET Mats,5,28805,Matsuyama,8-97219-032-0,Хабаровск
2025-08-26 14:13:02,Поршень ISUZU 4HK1/4HJ1 NPR/NQR/NKR 99.0- 1-12111-454-0 4PCE/SET (без масляной камеры) Mats !,1,13334,Matsuyama,1-12111-454-0,Хабаровск
2025-08-26 14:13:02,Поршень ISUZU 4JA1 (0.5mm) 8-94152-712-1/8-94369-281-0/39162 05.88~07.93Teikin !,9,4159,Teikin,39162,Хабаровск
2025-08-26 14:13:02,Поршень ISUZU 4JG2 (0.5mm) 8-97073-647-1/39600 EARLY Teikin !,13,4967,Teikin,39600,Хабаровск
2025-08-26 14:13:02,Поршень ISUZU 6HE1 FRD/FRR/FSD/FSR 87-98` 8-94396-837-0 ISU 6 PCE/SET Y,1,23254,Yamasida,8-94396-837-0,Хабаровск
2025-08-26 14:13:02,Поршень ISUZU 6SA1 (STD) 1-12111-217-1/39606A 6cyl 05.85~04.90 Mats,1,35155,Matsuyama,1-12111-217-1,Хабаровск
2025-08-26 14:13:02,Поршень KIA SH (STD) K3600 GALLERY OK4Y1-11-102/52653G Teikin !,1,11539,Teikin,52653G,Хабаровск
2025-08-26 14:13:02,"Поршень MAZDA HA (0,5mm) 0933-23-200/1363-23-200/42149 01.83~05.95 Teikin !",12,4415,Teikin,0933-23-200,Хабаровск
2025-08-26 14:13:02,Поршень MAZDA HA (0.75mm) 0933-23-200/1363-23-200/42149 01.83~05.95 Teikin !,5,3983,Teikin,42149,Хабаровск
2025-08-26 14:13:02,Поршень MAZDA HA (1.0mm) 0933-23-200/1363-23-200/42149 01.83~05.95 Teikin !,6,3983,Teikin,1363-23-200,Хабаровск
2025-08-26 14:13:02,Поршень MAZDA HA (STD) 0933-23-200/1363-23-200/42149 01.83~05.95 Teikin !,5,6820,Teikin,SE01-23-200A,Хабаровск
2025-08-26 14:13:02,Поршень MAZDA S2 (STD) 8259-23-200/42174A /1456-23-200A ALFIN Teikin !,4,6372,Teikin,42174A,Хабаровск
2025-08-26 14:13:02,Поршень MAZDA SL (0.5mm) T2000/2500/2600/3000/3500/4100 84~89 SL07-23-200/42107 Teikin !,15,4396,Teikin,42107,Хабаровск
2025-08-26 14:13:02,Поршень MAZDA TF (0.5mm) TF01-11-SA0/42183A ALFIN 05.95~Teikin !,10,7276,Teikin,42183A,Хабаровск
2025-08-26 14:13:02,Поршень MAZDA TF (0.75mm) TF01-11-SA0/42183A ALFIN 05.95~Teikin !,14,9140,Teikin,TF0111SA0,Хабаровск
2025-08-26 14:13:02,Поршень MAZDA XA (0.5mm) 0559-99-111/0559-23-200/0636-23-200/42605 03.83~01.91 Teikin !,11,3716,Teikin,42605,Хабаровск
2025-08-26 14:13:02,Поршень MAZDA XA (STD) 0559-99-111/0559-23-200/0636-23-200/42605 03.83~01.91 Teikin !,5,5826,Teikin,0559-99-111,Хабаровск
2025-08-26 14:13:02,Поршень MAZDA XA (STD) 0559-99-111/23-200/0636-23-200/42605(с кольцами) 03.83~01.91 Teikin !,13,7627,Teikin,0559-23-200,Хабаровск
2025-08-26 14:13:02,Поршень MMC 4D31-T (STD) ME012906/43617A (с кольцами) 10.85~09.89 Mats,1,20306,Matsuyama,ME012906,Хабаровск
2025-08-26 14:13:02,Поршень MMC 4D33 (0.75mm) FE317/337/437/47/67 ME012897/013312/016895/014287/43244 10.89~ Teikin !,2,6485,Teikin,43244,Хабаровск
2025-08-26 14:13:02,Поршень MMC 4D35 (0.75mm) ME018825/018828/012941/014693/43608 11.93~05.99 Teikin !,4,7787,Teikin,43608,Хабаровск
2025-08-26 14:13:02,Поршень MMC 4D35 (0.75mm) ME018825/018828/012941/014693/43608A 11.93~05.99 Teikin !,2,7400,Teikin,43608A,Хабаровск
2025-08-26 14:13:02,Поршень MMC 4D35 (0.75mm) ME018825/018828/012941/014693/43608AG 11.93~05.99 Teikin !,2,13513,Teikin,43608AG,Хабаровск
2025-08-26 14:13:02,Поршень MMC 4M50T ME227615 B (4 PCE) Mats,8,38756,Matsuyama,ME227615,Хабаровск
2025-08-26 14:13:02,Поршень MMC 4M50T ME227616 B (4 PCE) Mats,2,33829,Matsuyama,ME227616,Хабаровск
2025-08-26 14:13:02,Поршень MMC 6D14 FK4#/515/545 ME032626/ME072024/ME072022/ME072172 6 W/PIN & CLIP IZUMI Mats,1,30322,Matsuyama,ME032626,Хабаровск
2025-08-26 14:13:02,Поршень MMC 6D14-T (STD) ME032569/43615A (с кольцами) 01.88~06.90 Teikin !,2,22352,Teikin,43615A,Хабаровск
2025-08-26 14:13:02,Поршень MMC 6D15-III (STD) ALFIN ME032480/032593/TMI40/43686A Teikin !,4,14598,Teikin,43686A,Хабаровск
2025-08-26 14:13:02,Поршень MMC 6D15T-3AT ME072321/072055 (6 PCE) Mats,4,31269,Matsuyama,ME072321,Хабаровск
2025-08-26 14:13:02,Поршень MMC 6D16 (STD) ME072062/43105 (6шт/к-т с кольцами) 01.88~01.94 Mats,1,38846,Matsuyama,ME072062,Хабаровск
2025-08-26 14:13:02,Поршень MMC 6D40-T ME121779 FP/FS/FU510/540 96.07-99.05 6 (CYL) Mats,1,77857,Matsuyama,ME121779,Хабаровск
2025-08-26 14:13:02,Поршень MMC 6M61 FK61#64#71#74# 03~ ME133180(B)/ME133181(A) (6 PCE) Mats,1,77812,Matsuyama,ME133180,Хабаровск
2025-08-26 14:13:02,Поршень MMC 8DC10 ME091827/28/29/ME091049 (8шт к-т) Mats,1,73382,Matsuyama,ME091049,Хабаровск
2025-08-26 14:13:02,Поршень NISSAN BD30 (0.5mm) 12010-54T00/54T10/12012-54T01/44619 (с кольцами) 05.89~06.95 Teikin !,2,12507,Teikin,44619,Хабаровск
2025-08-26 14:13:02,Поршень NISSAN BD30 (STD) 12010-54T00/54T10/12012-54T01/44619 (4шт в к-т) 05.89~06.95 Mats,1,14762,Matsuyama,12010-54T00,Хабаровск
2025-08-26 14:13:02,Поршень NISSAN FD35 (0.5mm) 12010-01T04/44620 11.86~09.91 Teikin !,2,6200,Teikin,44620,Хабаровск
2025-08-26 14:13:02,Поршень NISSAN FD46 (STD) 12010-0T302/12010-0T312/44618 (с кольцами) (4 CYL) Mats,2,23689,Matsuyama,12010-0T312,Хабаровск
2025-08-26 14:13:02,Поршень NISSAN FE6-TC 12013-Z5712/44348A (6шт в к-т) Mats STD,2,27205,Matsuyama,12013-Z5712,Хабаровск
2025-08-26 14:13:02,Поршень NISSAN FE6T 12013-Z5609 ALFIN 6PCE/SET Mats,1,28805,Matsuyama,12013-Z5609,Хабаровск
2025-08-26 14:13:02,Поршень NISSAN PF6T 24V CD/CV/CW590/91/92/95/690 94~ 12013-96567 (6шт к-т) IZUMI,1,46114,Matsuyama,12013-96567,Хабаровск
2025-08-26 14:13:02,Поршень NISSAN RG8 CD\CK\CW\CG\RA 99.07~ 12013-97464(RH)/97468(LH) 8CYL IZUMI,1,56887,Matsuyama,12013-97468,Хабаровск
2025-08-26 14:13:02,Поршень NISSAN RH8 CDA\CK\CW\CV\RA 97.10~ 12013-97164(L)/12013-97008(R) (8 PCE) Mats,1,80767,Matsuyama,12013-97164,Хабаровск
2025-08-26 14:13:02,Поршень NISSAN TD23 (0.5mm) 12010-02N07/02N06/02N16/02N17/44266(с кольцами) 11.86~06.95 Teikin !,2,8104,Teikin,44266,Хабаровск
2025-08-26 14:13:02,Поршень NISSAN TD23 (STD) 12010-02N07/02N06/02N16/02N17/44266 11.86~06.95 4шт к-т) Mats,1,10074,Matsuyama,12010-02N07,Хабаровск
2025-08-26 14:13:02,Поршень NISSAN TD25 (0.5mm) 12010-44G02/44G12/44G01/44255(с кольцами) 06.95~06.99 Teikin !,5,7316,Teikin,44255,Хабаровск
2025-08-26 14:13:02,Поршень NISSAN TD27 (STD) 12010-10T02/10T12/43G02/43G12/44267(с кольцами) 11.86~ Teikin !,1,21793,Teikin,44267,Хабаровск
2025-08-26 14:13:02,Поршень TOYOTA 11B (0.5mm) 13101-56042/13101-56041/46287 (с кольцами) 08.88~05.95 Teikin !,3,8183,Teikin,46287,Хабаровск
2025-08-26 14:13:02,Поршень TOYOTA 11B (0.75mm) 13101-56042/13101-56041/46287 08.88~05.95 Teikin !,8,4479,Teikin,13101-56042,Хабаровск
2025-08-26 14:13:02,Поршень TOYOTA 11B (1.0mm) 13101-56042/13101-56041/46287 (с кольцами) 08.88~05.95 Teikin !,1,5698,Teikin,1310156041,Хабаровск
2025-08-26 14:13:02,Поршень TOYOTA 15B 13101-58090/80 06.95-05.99 (4 PCE) Mats,1,14363,Matsuyama,13101-58090,Хабаровск
2025-08-26 14:13:02,Поршень TOYOTA B NEW (0.5mm) 13101-56020/46124 Teikin !,7,8932,Teikin,46124,Хабаровск
2025-08-26 14:13:02,Поршень двигателя D6AC STD 23411-83920 Hyundai HD160/170/450/500/600 ORIG,1,14014,Hyundai-Kia,23411-83920,Хабаровск
2025-08-26 14:13:02,Поршень с кольцами S130B-E0141 HINO 300 N04C E-4 Mats,1,8576,Matsuyama,S130B-E0141,Хабаровск
2025-08-26 14:13:02,Поршень суппорта 47731-37120 FR/RR DISC HINO 300/TOYOTA-DYNA SKV,1068,658,SKV,47731-37120,Хабаровск
2025-08-26 14:13:02,Поршень тормозного суппорта 8-97365-279-0 SKV,620,840,SKV,8-97365-279-0,Хабаровск
2025-08-26 14:13:02,Поршень тормозного суппорта G-brake GG-118,1,815,JMC,GG-118,Хабаровск
2025-08-26 14:13:02,Поршень тормозного суппорта MK328470 FUSO CANTER FE83D E-4 SKV,542,726,SKV,MK328470,Хабаровск
2025-08-26 14:13:02,Поршневая группа (поршень + гильза + кольца) 5-87814-403-0 GRADE=3 ORIG,11,23070,Isuzu,5-87814-403-0,Хабаровск
2025-08-26 14:13:02,Поршневая группа (поршень с гильзой) 4HK1-T-8000 P=Gallery 8-97602-800-0 (4 PCE) Mats,4,53729,Matsuyama,8-97602-800-0,Хабаровск
2025-08-26 14:13:02,"Поршневая группа (поршень с гильзой) 4HK1/6HK1 1-87814-726-0 1x N,F-series ORIG",3,37784,Isuzu,1-87814-726-0,Хабаровск
2025-08-26 14:13:02,"Поршневая группа (поршень с гильзой) 4HK1/6HK1 D-126272/1-87813-119-6 1x Е3/4 N,F-series Дизель",35,10945,Дизель,D-126272,Хабаровск
2025-08-26 14:13:02,Поршневая группа (поршень с гильзой) 6WG1-T-8600 1-87812-860-0 Mats,1,114847,Matsuyama,1-87812-860-0,Хабаровск
2025-08-26 14:13:02,Поршневая группа (поршень с гильзой) GRADE=3x 1-87813-096-6 (6шт к-т) C-series 6WG1 Mats,2,219073,Matsuyama,1-87813-096-6,Хабаровск
2025-08-26 14:13:02,Поршневая группа (поршни+гильзы+кольца) S130A-92082/S130B-E0390/S1304-E0150 J08E HINO (6 PC) Mats,2,106828,Matsuyama,S130A-92082,Хабаровск
2025-08-26 14:13:02,"Поршневая группа 4HK1-T 5-87814-579-0/5-87814-579-3 OD GRADE=1X,ID GRADE=NON NPR/NQR ORIG",14,35808,Isuzu,5-87814-579-3,Хабаровск
2025-08-26 14:13:02,Поршневая группа 4HK1/6HK1 D-125085/1-87813-120-6 3x Е3/4 NQR90/NPR75/FSR90/FVR34 Дизель,23,10103,Дизель,D-125085,Хабаровск
2025-08-26 14:13:02,"Поршневая группа GRADE=1X 5-87816-892-0/5-87815-503-2/5-87814-842-0 (гильза, поршень, палец, кольца) на 1 цилиндр N-series 4HV1 (CNG) ГАЗ ORIG",1,55233,Isuzu,5-87816-892-0,Хабаровск
2025-08-26 14:13:02,"Поршневая группа GRADE=3X 5-87816-893-1/5-87815-504-2/5-87815-504-2/ (гильза, поршень, палец, кольца) на 1 цилиндр N-series 4HV1 (CNG) ГАЗ ORIG",1,51359,Isuzu,5-87816-893-1,Хабаровск
2025-08-26 14:13:02,Предохранитель флажковый 30А 3237000008 зеленый Iveco !,35,18,Iveco,3237000008,Хабаровск
2025-08-26 14:13:02,Предпусковой подогреватель с насосом 3.0 kW (20*10*8см) Десептикон LongFei Bros,16,3536,Дизель,3.0 kW,Хабаровск
2025-08-26 14:13:02,Предпусковой подогреватель с насосом 3.0 kW (20*12.6*8см) Поисковик LongFei Bros,13,3003,Дизель,3.0 kW,Хабаровск
2025-08-26 14:13:02,Привод спидометра (Датчик спидометра) WG9100583058/2 Howo,2,155,Дизель,WG9100583058/2,Хабаровск
2025-08-26 14:13:02,Пробка КПП / моста заливная 8-97365-373-0 NPR/NQR ORIG,71,381,Isuzu,8-97365-373-0,Хабаровск
2025-08-26 14:13:02,Пробка редуктора (нижняя) сливная SZ341-30008 HINO 500 ORIG,2,1687,hino,SZ341-30008,Хабаровск
2025-08-26 14:13:02,Пробка сливная (магнитная) 1586330015 HOWO,3,205,Дизель,1586330015,Хабаровск
2025-08-26 14:13:02,Пробка сливная M-1705103 JAC N90 ORIG,15,145,JAC,M-1705103,Хабаровск
2025-08-26 14:13:02,Пробка сливная Q62104 JAC N120/КАМАЗ (NON-GENUINE),4,150,Noname,Q62104,Хабаровск
2025-08-26 14:13:02,Пробка сливная ZU-010 10mm P1.25mm PM,2,134,Paul Master,ZU-010,Хабаровск
2025-08-26 14:13:02,Пробка сливная ZU-012 12mm P1.25mm PM,3,112,Paul Master,ZU-012,Хабаровск
2025-08-26 14:13:02,Пробка сливная ZU-013 13mm P1.5mm PM,5,120,Paul Master,ZU-013,Хабаровск
2025-08-26 14:13:02,Пробка сливная ZU-015 15mm P1.5mm PM,3,134,Paul Master,ZU-015,Хабаровск
2025-08-26 14:13:02,Пробка сливная ZU-016 16mm P1.5mm PM,8,213,Paul Master,ZU-016,Хабаровск
2025-08-26 14:13:02,"Прокладка (кольцо) КПП 9-09561-385-0 C,E,F,-series ORIG",1,652,Isuzu,9-09561-385-0,Хабаровск
2025-08-26 14:13:02,Прокладка (кольцо) масл насоса PTO D-128487 / MQ6-56936-1544 Sitrak C7H Дизель,5,139,Дизель,D-128487,Хабаровск
2025-08-26 14:13:02,Прокладка (кольцо) теплообменника ID=18.8 1-09623-478-0 C-series 6WG1 ORIG,1,497,Isuzu,1-09623-478-0,Хабаровск
2025-08-26 14:13:02,Прокладка 201V06903-0061 HOWO T5G,4,486,Дизель,201V06903-0061,Хабаровск
2025-08-26 14:13:02,Прокладка 420207 Diesel Technic,5,116,Diesel Technic,420207,Хабаровск
2025-08-26 14:13:02,Прокладка 61319045 Iveco Orig,1,128,Iveco,61319045,Хабаровск
2025-08-26 14:13:02,Прокладка LM2627107 Man,6,392,Lema,LM26271.07,Хабаровск
2025-08-26 14:13:02,Прокладка блока нагрева впускного воздуха D-128488 / 202V08901-0199 MC11 Sitrak C7H Дизель,5,104,Дизель,D-128488,Хабаровск
2025-08-26 14:13:02,"Прокладка блока цилиндров пневмокомпрессора D-127178 / 1-19115-012-0 верхняя, тип B CYZ51 Дизель",6,675,Дизель,D-127178,Хабаровск
2025-08-26 14:13:02,Прокладка водяного насоса 201V06901-0192 HOWO T5G,7,276,Дизель,201V06901-0192,Хабаровск
2025-08-26 14:13:02,Прокладка впуск коллектора 0K72C-13111A BONGO III (комп.4 шт.)1T H/LONG STD 4WD 2700CC J2 REEJIN !,1,232,Rhee Jin,0K72C-13111A,Хабаровск
2025-08-26 14:13:02,Прокладка впуск. коллектора 4829433/2112400 LEMA,4,94,Lema,2112400,Хабаровск
2025-08-26 14:13:02,Прокладка впускного коллектора 1-14115-094-1 C-series 6WG1 ORIG,4,1170,Isuzu,1-14115-094-1,Хабаровск
2025-08-26 14:13:02,Прокладка впускного коллектора HINO EK100 040150-NA (штучно) Matto,2,41,Matto,040150-NA,Хабаровск
2025-08-26 14:13:02,Прокладка впускного коллектора HINO EK100 040150-NA/HIN-EK100-IN (в компл 6шт) Matto,7,754,Matto,HIN-EK100-IN,Хабаровск
2025-08-26 14:13:02,Прокладка впускного коллектора HINO EP100 17171-1491/ (2шт к-т) 040180-NA Matto !,6,207,Matto,17171-1491,Хабаровск
2025-08-26 14:13:02,Прокладка впускного коллектора HINO F20C 04004-SR 17171-1700A (1шт) Matto !,7,1477,Matto,17171-1700A,Хабаровск
2025-08-26 14:13:02,Прокладка впускного коллектора HINO J08C 17171-1911 HL,29,511,Huang Lin,17171-1911,Хабаровск
2025-08-26 14:13:02,Прокладка впускного коллектора HINO K13C 040260-NA 17171-1570 ( комплект 2шт) Matto !,2,244,Matto,17171-1570,Хабаровск
2025-08-26 14:13:02,Прокладка впускного коллектора HINO P11C 040380-NA/HIN-P11C-IN Matto,3,724,Matto,HIN-P11C-IN,Хабаровск
2025-08-26 14:13:02,Прокладка впускного коллектора HINO/TOY J05C/S05C 040230-NA/TOY-S05C-IN Matto,3,396,Matto,TOY-S05C-IN,Хабаровск
2025-08-26 14:13:02,Прокладка впускного коллектора ISUZU 4BE1 64002-SR ME093977 Matto !,184,42,Matto,ME093977,Хабаровск
2025-08-26 14:13:02,Прокладка впускного коллектора ISUZU 4JB1 8-94139-738-0/ 840320-NA Matto,36,126,JMC,8-94139-738-0,Хабаровск
2025-08-26 14:13:02,Прокладка впускного коллектора ISUZU 6HE1 8-94397-039-1 / 84017-NBR-PB Matto,6,313,Matto,8-94397-039-1,Хабаровск
2025-08-26 14:13:02,Прокладка впускного коллектора ISUZU 6HE1 8-94397-039-1 DF,24,383,DRAGONFLYS,8-94397-039-1,Хабаровск
2025-08-26 14:13:02,Прокладка впускного коллектора ISUZU 6WA1 84009-SR Matto !,90,115,Matto,84009-SR,Хабаровск
2025-08-26 14:13:02,Прокладка впускного коллектора MAZDA HA 0636-13-111/ 540280-NA Matto !,23,69,Matto,0636-13-111,Хабаровск
2025-08-26 14:13:02,Прокладка впускного коллектора MAZDA TF TF20-13-111/ 540390-NA Matto,11,388,Matto,TF20-13-111,Хабаровск
2025-08-26 14:13:02,Прокладка впускного коллектора ME241140 MI 4M50T W/MT HL,3,675,Huang Lin,ME241140,Хабаровск
2025-08-26 14:13:02,Прокладка впускного коллектора MMC 4D32 640440-NA / MIT-4D32-IN (на двс требуется 4шт) Matto,81,120,Matto,MIT-4D32-IN,Хабаровск
2025-08-26 14:13:02,Прокладка впускного коллектора MMC 4D33 ME013751/ 640450-NA Matto,7,108,Matto,ME013751,Хабаровск
2025-08-26 14:13:02,Прокладка впускного коллектора MMC 4D35 640461-NA/MIT-4D35-IN Matto,2,329,Matto,MIT-4D35-IN,Хабаровск
2025-08-26 14:13:02,Прокладка впускного коллектора MMC 4D36 ME012491 DF,26,89,DRAGONFLYS,ME012491,Хабаровск
2025-08-26 14:13:02,Прокладка впускного коллектора MMC 4D36 ME012491 W/AF HL,6,28,Huang Lin,ME012491,Хабаровск
2025-08-26 14:13:02,Прокладка впускного коллектора MMC 4D36 ME012491/ 641100-NA Matto,95,120,Matto,ME012491,Хабаровск
2025-08-26 14:13:02,Прокладка впускного коллектора MMC 4M51 4M51-IN/641480-LNA-PB Matto !,8,282,Matto,MIT-4M51-IN,Хабаровск
2025-08-26 14:13:02,Прокладка впускного коллектора MMC 6D31 640750-NA Matto !,19,134,Matto,MIT-6D31-IN,Хабаровск
2025-08-26 14:13:02,Прокладка впускного коллектора MMC 6D40 64011-SR/MIT-6D40-IN Matto,6,181,Matto,MIT-6D40-IN,Хабаровск
2025-08-26 14:13:02,Прокладка впускного коллектора MMC 8DC9 640841-G / MIT-8DC9-IN Matto,1,122,Matto,MIT-8DC9-IN,Хабаровск
2025-08-26 14:13:02,Прокладка впускного коллектора NISSAN FD46 740561-NA / NIS-FD46-IN Matto,2,223,Matto,NIS-FD46-IN,Хабаровск
2025-08-26 14:13:02,Прокладка впускного коллектора NISSAN PE6T 740680-NA 14035-96008 Matto,6,81,Matto,740680-NA,Хабаровск
2025-08-26 14:13:02,Прокладка впускного коллектора NISSAN PF6 740701-NA/14035-96010 Matto,1,352,Matto,14035-96010,Хабаровск
2025-08-26 14:13:02,Прокладка впускного коллектора NISSAN RE10 740870-NA Matto !,8,202,Matto,740870,Хабаровск
2025-08-26 14:13:02,Прокладка впускного коллектора NISSAN RF10 74003-SR/14035-97004 Matto,24,163,Matto,14035-97004,Хабаровск
2025-08-26 14:13:02,Прокладка впускного коллектора NISSAN RF10 74004-SR/14035-97003 Matto,2,217,Matto,14035-97003,Хабаровск
2025-08-26 14:13:02,Прокладка впускного коллектора NISSAN RF10 74005-SR/14035-97002 Matto,7,148,Matto,14035-97002,Хабаровск
2025-08-26 14:13:02,Прокладка впускного коллектора NISSAN RF8 740880-NA 14035-97002K Matto !,15,276,Matto,14035-97002K,Хабаровск
2025-08-26 14:13:02,Прокладка впускного коллектора NISSAN RH10 74011-SR Matto !,223,164,Matto,NIS-RH10-IN,Хабаровск
2025-08-26 14:13:02,Прокладка впускного коллектора TOYOTA 13B 17172-56022 941341-NA Matto,5,295,Matto,17172-56022,Хабаровск
2025-08-26 14:13:02,Прокладка впускного коллектора TOYOTA 14B 17171-56010 DF,10,390,DRAGONFLYS,17171-56010,Хабаровск
2025-08-26 14:13:02,Прокладка впускного коллектора TOYOTA 14B 17171-56010 HL,12,145,Huang Lin,17171-56010,Хабаровск
2025-08-26 14:13:02,Прокладка выпускного коллектора 1008044-29DX FAW CA3250,27,97,Дизель,1008044-29DX,Хабаровск
2025-08-26 14:13:02,Прокладка выпускного коллектора 420408 / A4601420080/ A5411420180 / 432040 Mercedes/Elring,4,151,Diesel Technic,4.20408,Хабаровск
2025-08-26 14:13:02,Прокладка выпускного коллектора 4M50T ME226533 MI W/MT HL,2,581,Huang Lin,ME226533,Хабаровск
2025-08-26 14:13:02,Прокладка выпускного коллектора 4M51 ME240860 MI W/MT HL,26,570,Huang Lin,ME240860,Хабаровск
2025-08-26 14:13:02,Прокладка выпускного коллектора D-126581 / 201V08901-0315 MC11 Sitrak C7H Дизель,8,113,Дизель,D-126581,Хабаровск
2025-08-26 14:13:02,Прокладка выпускного коллектора ISUZU 4HF1 8-97105-866-1 HL,1,1129,Huang Lin,8-97105-866-1,Хабаровск
2025-08-26 14:13:02,Прокладка выпускного коллектора S1710-42000 HINO500 ORIG,2,2527,hino,S1710-42000,Хабаровск
2025-08-26 14:13:02,Прокладка выпускного коллектора W06D 17104-1210 W/MT HL,7,260,Huang Lin,17104-1210,Хабаровск
2025-08-26 14:13:02,Прокладка выпуского коллектора ISUZU 4HE1 8-97039-777-0 / 85005-S-PB Matto,2,410,Matto,8-97039-777-0,Хабаровск
2025-08-26 14:13:02,Прокладка выпуского коллектора ISUZU 4HE1 8-97039-777-0 HL,10,548,Huang Lin,8-97039-777-0,Хабаровск
2025-08-26 14:13:02,Прокладка выпуского коллектора ISUZU 4HK1 HPI4090-2/8-97367-918-0 W/MT HL,3,400,Huang Lin,HPI4090-2,Хабаровск
2025-08-26 14:13:02,Прокладка выпуского коллектора NISS TD25 14036-43G00 W/MT HL,23,107,Huang Lin,14036-43G00,Хабаровск
2025-08-26 14:13:02,Прокладка ГБЦ (прорезиненная) 61500040049/612600040355 HOWO WP10/WD615,9,784,Дизель,61500040049,Хабаровск
2025-08-26 14:13:02,"Прокладка ГБЦ 1,15 1002050FD020-A JAC N35 (NON-GENUINE)",4,1374,Noname,1002050FD020-A,Хабаровск
2025-08-26 14:13:02,"Прокладка ГБЦ 1,15 1002050FD020-A JAC N35 ORIG",3,1872,JAC,1002050FD020-A,Хабаровск
2025-08-26 14:13:02,"Прокладка ГБЦ 1,25 1002050FD020-B JAC N35 ORIG",4,1517,JAC,1002050FD020-B,Хабаровск
2025-08-26 14:13:02,Прокладка ГБЦ 1003020-36D FAW CA6DL1/2,15,1531,Дизель,1003020-36D,Хабаровск
2025-08-26 14:13:02,Прокладка ГБЦ 1003020-81D FAW J6 CA6DM2,15,2165,Дизель,1003020-81D,Хабаровск
2025-08-26 14:13:02,"Прокладка ГБЦ 10PC1, 1-11141-140-0 шт.",1,1238,Дизель,1-11141-140-0,Хабаровск
2025-08-26 14:13:02,Прокладка ГБЦ 12PD1 1-11141-101-1 шт.,2,794,Дизель,1-11141-101-1,Хабаровск
2025-08-26 14:13:02,"Прокладка ГБЦ 15BFT 11115-58140/41 (1,3mm) FUJI",1,2864,Дизель,11115-58140,Хабаровск
2025-08-26 14:13:02,Прокладка ГБЦ 4HE1 8-97138-066-0 шт.,1,1895,Дизель,8-97138-066-0,Хабаровск
2025-08-26 14:13:02,Прокладка ГБЦ 4HF1 8-97105-871-0/8-97107-566-0 DF,10,1649,DRAGONFLYS,5-87105-871-0,Хабаровск
2025-08-26 14:13:02,Прокладка ГБЦ 4HG1/4HL1/4HJ1 8-97349-490-0/8-97262-944-1 DF,10,1649,DRAGONFLYS,8-97349-490-0,Хабаровск
2025-08-26 14:13:02,Прокладка ГБЦ 4M51 ME226785 HL,6,3307,Huang Lin,ME226785,Хабаровск
2025-08-26 14:13:02,Прокладка ГБЦ 65039010015 BS106,62,1249,Дизель,65039010015,Хабаровск
2025-08-26 14:13:02,Прокладка ГБЦ 65039012366S D2366 BS106 VICT RHEE JIN,2,406,JMC,65039012366S,Хабаровск
2025-08-26 14:13:02,Прокладка ГБЦ 6HE1 8-94396-334-0 DF,10,2379,DRAGONFLYS,8-94396-334-0,Хабаровск
2025-08-26 14:13:02,Прокладка ГБЦ 8-97328-828-2 4JJ1-T T=1.40 NLR/NMR E3/4 HL,2,1124,Huang Lin,8-97328-828-2,Хабаровск
2025-08-26 14:13:02,Прокладка ГБЦ 8-97328-867-2 T=1.10 4JJ1-TCC NLR/NMR 55/85 HL,2,2461,Huang Lin,8-97328-867-2,Хабаровск
2025-08-26 14:13:02,Прокладка ГБЦ 8-97331-632-2 4JJ1-T T=1.50 (3 метки) NLR/NMR E3/4 ORIG,1,3513,Isuzu,8-97331-632-2,Хабаровск
2025-08-26 14:13:02,Прокладка ГБЦ 8-97375-434-0/8-98288-502-0/8-98055-541-0/8-98245-618-0 4HK1-T DF,7,1649,DRAGONFLYS,8-97375-434-0,Хабаровск
2025-08-26 14:13:02,Прокладка ГБЦ 8PD1 1-11141-099-0 шт,2,943,Дизель,1-11141-099-0,Хабаровск
2025-08-26 14:13:02,Прокладка ГБЦ CUMMINS 4ВТ 3283333 Matto,1,1855,Matto,3283333,Хабаровск
2025-08-26 14:13:02,Прокладка ГБЦ D-128141 / 8-97375-435-0 4HK1-T Дизель,18,2530,Дизель,D-128141,Хабаровск
2025-08-26 14:13:02,Прокладка ГБЦ D-128300 / 1002210GD190 JAC T6 Дизель,8,1507,Дизель,D-128300,Хабаровск
2025-08-26 14:13:02,Прокладка ГБЦ D4AL HD-72 PMS/RHEEJIN 22311-41001/20,1,1223,Дизель,22311-41001,Хабаровск
2025-08-26 14:13:02,Прокладка ГБЦ HINO 11115-E0202/11115-E0200 HINO 500 E-3/4 ORIG,5,38922,hino,11115-E0202,Хабаровск
2025-08-26 14:13:02,Прокладка ГБЦ HINO EF750 11115-2030 Matto,10,3568,Matto,11115-2030,Хабаровск
2025-08-26 14:13:02,Прокладка ГБЦ HINO F17C/D 11115-2180 / 11115-2160 DF,9,2379,DRAGONFLYS,11115-2180,Хабаровск
2025-08-26 14:13:02,Прокладка ГБЦ HINO F17C/D 11115-2180 / 11115-2160 Matto,8,4725,Matto,11115-2180,Хабаровск
2025-08-26 14:13:02,Прокладка ГБЦ HINO F17C/F17E 11115-2160 W/KMF HL,2,5445,Huang Lin,11115-2160,Хабаровск
2025-08-26 14:13:02,"Прокладка ГБЦ HINO H06C, H07C 11115-1802 DF",10,1464,DRAGONFLYS,11115-1802,Хабаровск
2025-08-26 14:13:02,"Прокладка ГБЦ HINO H06C, H07C 11115-1802 Matto",6,3521,Matto,11115-1802,Хабаровск
2025-08-26 14:13:02,Прокладка ГБЦ HINO H07D 11115-2420B DF,9,1525,DRAGONFLYS,11115-2420B,Хабаровск
2025-08-26 14:13:02,Прокладка ГБЦ HINO H07D 11115-2420B Matto,18,3706,Matto,11115-2420B,Хабаровск
2025-08-26 14:13:02,Прокладка ГБЦ HINO J05C 11115-2611 Matto,4,4786,Matto,11115-2611,Хабаровск
2025-08-26 14:13:02,Прокладка ГБЦ HINO J07C 11115-2780 DF,10,2203,DRAGONFLYS,11115-2780,Хабаровск
2025-08-26 14:13:02,Прокладка ГБЦ HINO J07C 11115-2780 Matto,2,5867,Matto,11115-2780,Хабаровск
2025-08-26 14:13:02,Прокладка ГБЦ HINO J08C-TG 11115-2451 W/KMF+ASSY HL,15,4643,Huang Lin,11115-2451,Хабаровск
2025-08-26 14:13:02,Прокладка ГБЦ HINO J08C-TG 11115-2451/2590 DF,22,2379,DRAGONFLYS,11115-2451,Хабаровск
2025-08-26 14:13:02,Прокладка ГБЦ HINO J08C-TG 11115-2451/2590 Matto,26,5327,Matto,11115-2451,Хабаровск
2025-08-26 14:13:02,Прокладка ГБЦ HINO J08C/E HINO500 11115-2870А/11115-2650A DF,10,3455,DRAGONFLYS,11115-2870A,Хабаровск
2025-08-26 14:13:02,Прокладка ГБЦ HINO J08C/E HINO500 11115-2870А/11115-2650A Matto,9,5848,Matto,11115-2870A,Хабаровск
2025-08-26 14:13:02,Прокладка ГБЦ HINO J08C/E HINO500 11115-2870А/11115-2650A W/KMF+ASSY HL,19,5159,Huang Lin,11115-2650A,Хабаровск
2025-08-26 14:13:02,Прокладка ГБЦ HINO K13C 24V 11115-2570 Matto,4,4632,Matto,11115-2570,Хабаровск
2025-08-26 14:13:02,Прокладка ГБЦ HINO K13C 24V NEW 11115-2701 Matto,1,6454,Matto,11115-2701,Хабаровск
2025-08-26 14:13:02,Прокладка ГБЦ HINO S05C 11115-2900A HL,5,4870,Huang Lin,11115-2900A,Хабаровск
2025-08-26 14:13:02,Прокладка ГБЦ HINO S05C 11115-2900A Matto,11,6197,Matto,11115-2900A,Хабаровск
2025-08-26 14:13:02,Прокладка ГБЦ HINO V22C 11115-2070 Matto,4,4513,Matto,11115-2070,Хабаровск
2025-08-26 14:13:02,Прокладка ГБЦ HINO V26C 11115-2521 HL,1,5464,Huang Lin,11115-2521,Хабаровск
2025-08-26 14:13:02,Прокладка ГБЦ HINO W04D 11115-1721 HL,3,1504,Huang Lin,11115-1721,Хабаровск
2025-08-26 14:13:02,Прокладка ГБЦ HINO W04D/E 11115-1722/2340 Matto,1,1395,Matto,11115-1722,Хабаровск
2025-08-26 14:13:02,Прокладка ГБЦ HINO/T-DYNA N04C 11115-E0030 DF,8,1282,DRAGONFLYS,11115-E0030,Хабаровск
2025-08-26 14:13:02,Прокладка ГБЦ HINO/T-DYNA N04C 11115-E0030 W/KMF HL,16,4320,Huang Lin,11115-E0030,Хабаровск
2025-08-26 14:13:02,Прокладка ГБЦ HYU D4AF 22311-41200 Matto,7,954,Matto,22311-41200,Хабаровск
2025-08-26 14:13:02,Прокладка ГБЦ HYU D4AL 22311-41000 Matto,4,947,Matto,22311-41000,Хабаровск
2025-08-26 14:13:02,Прокладка ГБЦ ISUZU 10PВ1 1-11141-074-0 Matto !,4,776,Matto,1-11141-074-0,Хабаровск
2025-08-26 14:13:02,Прокладка ГБЦ ISUZU 10PЕ1 1-11141-261-0 Matto,3,7538,Matto,1-11141-261-0,Хабаровск
2025-08-26 14:13:02,Прокладка ГБЦ ISUZU 12PC1 1-11141-139-0 HL,2,2151,Huang Lin,1-11141-139-0,Хабаровск
2025-08-26 14:13:02,Прокладка ГБЦ ISUZU 12PD1 1-11141-101-1 Matto,1,2100,Matto,1-11141-101-1,Хабаровск
2025-08-26 14:13:02,Прокладка ГБЦ ISUZU 12PD1 1-11141-191-0 W/MT HL,4,3541,Huang Lin,1-11141-191-0,Хабаровск
2025-08-26 14:13:02,Прокладка ГБЦ ISUZU 12PЕ1 1-11141-249-0 Matto,4,8882,Matto,1-11141-249-0,Хабаровск
2025-08-26 14:13:02,Прокладка ГБЦ ISUZU 4BD1 8-94145-839-0 Matto,6,1854,Matto,8-94145-839-0,Хабаровск
2025-08-26 14:13:02,Прокладка ГБЦ ISUZU 4BE1 86 8-94418-920-0 / 82023-S-0142 Matto,7,1737,Matto,8-94418-920-0,Хабаровск
2025-08-26 14:13:02,Прокладка ГБЦ ISUZU 4BE1 86 8-94418-920-0 W/MT HL,13,2060,Huang Lin,8-94418-920-0,Хабаровск
2025-08-26 14:13:02,Прокладка ГБЦ ISUZU 4BE1 86 8-94418-921-0 MT HL,3,2102,Huang Lin,8-94418-921-0,Хабаровск
2025-08-26 14:13:02,Прокладка ГБЦ ISUZU 4HE1 8-97354-197-1 W/MT HL,2,3339,Huang Lin,8-97354-197-1,Хабаровск
2025-08-26 14:13:02,"Прокладка ГБЦ ISUZU 4HF1 8-97105-871-0/8-97107-566-0 (1,7mm) Matto",2,2942,Matto,8-97105-871-0,Хабаровск
2025-08-26 14:13:02,"Прокладка ГБЦ ISUZU 4HF1 8-97105-872-0/8-97107-567-0 (1,75mm) Matto",16,3011,Matto,8-97105-872-0,Хабаровск
2025-08-26 14:13:02,Прокладка ГБЦ ISUZU 4HF1 8-97105-872-0/8-97107-567-0 DF,9,2203,DRAGONFLYS,8-97105-872-0,Хабаровск
2025-08-26 14:13:02,"Прокладка ГБЦ ISUZU 4HF1 8-97105-873-0/8-97107-568-0 (1,8mm) Matto",26,2964,Matto,8-97105-873-0,Хабаровск
2025-08-26 14:13:02,Прокладка ГБЦ ISUZU 4HF1 8-97262-940-1 (1.475mm) Matto,2,2761,Matto,8-97262-940-1,Хабаровск
2025-08-26 14:13:02,"Прокладка ГБЦ ISUZU 4HG1 8-97134-954-0/8-97062-612-2 1,70 Matto",3,2268,Matto,8-97134-954-0,Хабаровск
2025-08-26 14:13:02,Прокладка ГБЦ ISUZU 4HG1 8-97134-954-0/8-97062-612-2 DF,10,1649,DRAGONFLYS,8-97134-954-0,Хабаровск
2025-08-26 14:13:02,Прокладка ГБЦ ISUZU 4HG1 8-97144-985-0 HL,8,2809,Huang Lin,8-97144-985-0,Хабаровск
2025-08-26 14:13:02,Прокладка ГБЦ ISUZU 4HG1 8-97222-965-0 W/KMF HL,2,3675,Huang Lin,8-97222-965-0,Хабаровск
2025-08-26 14:13:02,Прокладка ГБЦ ISUZU 4HG1 8-97262-944-0 (1.525mm) HL,1,3917,Huang Lin,8-97262-944-0,Хабаровск
2025-08-26 14:13:02,Прокладка ГБЦ ISUZU 4HG1 8-97349-489-0 Matto,1,3491,Matto,8-97349-489-0,Хабаровск
2025-08-26 14:13:02,Прокладка ГБЦ ISUZU 4HG1/4HL1 8-97262-943-1 (1.475mm) Matto,1,2041,Matto,8-97262-943-1,Хабаровск
2025-08-26 14:13:02,Прокладка ГБЦ ISUZU 4HG1/4HL1 8-97262-943-1 DF,10,3997,DRAGONFLYS,8-97262-943-1,Хабаровск
2025-08-26 14:13:02,"Прокладка ГБЦ ISUZU 4HG1/4HL1/4HJ1 8-97262-944-1/944-0/8-97349-490-0 1,525 Matto",2,2268,Matto,8-97349-490-0,Хабаровск
2025-08-26 14:13:02,"Прокладка ГБЦ ISUZU 4HG1/4HL1/4HJ1 8-97262-945-1/8-97349-491-0 1,575 Matto",14,2268,Matto,8-97349-491-0,Хабаровск
2025-08-26 14:13:02,Прокладка ГБЦ ISUZU 4HG1/4HL1/4HJ1 8-97262-945-1/8-97349-491-0 DF,26,2203,DRAGONFLYS,8-97349-491-0,Хабаровск
2025-08-26 14:13:02,"Прокладка ГБЦ ISUZU 4HK1 8-97262-946-0/8-97229-227-0 1,475 Matto",1,3195,Matto,8-97262-946-0,Хабаровск
2025-08-26 14:13:02,Прокладка ГБЦ ISUZU 4HK1 8-97375-433-0 W/KMF+MT+SP HL,11,3747,Huang Lin,8-97375-433-0,Хабаровск
2025-08-26 14:13:02,Прокладка ГБЦ ISUZU 4HK1 8-97375-434-0 Matto,5,3065,Matto,8-97375-434-0,Хабаровск
2025-08-26 14:13:02,Прокладка ГБЦ ISUZU 4HK1 8-97375-435-0 HL,11,3979,Huang Lin,8-97375-435-0,Хабаровск
2025-08-26 14:13:02,Прокладка ГБЦ ISUZU 4HK1 8-97375-435-0 Matto,37,3065,Matto,8-97375-435-0,Хабаровск
2025-08-26 14:13:02,Прокладка ГБЦ ISUZU 4HK1T 8-98055-541-0 / 82082-S-V002 Matto,3,3452,Matto,8-98055-541-0,Хабаровск
2025-08-26 14:13:02,Прокладка ГБЦ ISUZU 4HK1T 8-98055-541-0 W/KMF+MT T=1.525 HL,7,4215,Huang Lin,8-98055-541-0,Хабаровск
2025-08-26 14:13:02,"Прокладка ГБЦ ISUZU 4HL1/4HJ1 8-97349-495-0/8-97384-036-0 1,475 Matto",1,4014,Matto,8-97349-495-0,Хабаровск
2025-08-26 14:13:02,Прокладка ГБЦ ISUZU 4JA1/4JB1 8-94433-733-0 W/MT HL,1,1525,Huang Lin,8-94433-733-0,Хабаровск
2025-08-26 14:13:02,Прокладка ГБЦ ISUZU 4JB1 8-94109-553-1 Matto,1,1645,Matto,8-94109-553-1,Хабаровск
2025-08-26 14:13:02,Прокладка ГБЦ ISUZU 4JB1 8-97350-318-0 / 82032-S-0142 Matto,5,1549,Matto,8-97350-318-0,Хабаровск
2025-08-26 14:13:02,Прокладка ГБЦ ISUZU 4JB1 8-97350-320-0 DF,10,1100,DRAGONFLYS,8-97350-320-0,Хабаровск
2025-08-26 14:13:02,Прокладка ГБЦ ISUZU 4JB1 8-97350-320-0 W/MT HL,14,1728,Huang Lin,8-97350-320-0,Хабаровск
2025-08-26 14:13:02,"Прокладка ГБЦ ISUZU 4JG2 8-97066-197-0 1,65 Matto",23,2475,Matto,8-97066-197-0,Хабаровск
2025-08-26 14:13:02,Прокладка ГБЦ ISUZU 4JG2 8-97066-198-0 DF,9,747,DRAGONFLYS,8-97066-198-0,Хабаровск
2025-08-26 14:13:02,Прокладка ГБЦ ISUZU 4ВЕ1 8-94418-919-0 DF,11,848,DRAGONFLYS,8-94418-919-0,Хабаровск
2025-08-26 14:13:02,Прокладка ГБЦ ISUZU 4ВЕ1 8-94418-919-0 Matto,4,1669,Matto,8-94418-919-0,Хабаровск
2025-08-26 14:13:02,Прокладка ГБЦ ISUZU 4НE1 8-97138-066-0 Matto,3,1801,Matto,8-97138-066-0,Хабаровск
2025-08-26 14:13:02,Прокладка ГБЦ ISUZU 4НF1 8-97105-873-0 DF,25,2030,DRAGONFLYS,8-97105-873-0,Хабаровск
2025-08-26 14:13:02,Прокладка ГБЦ ISUZU 4НF1 8-97262-942-0 HL,2,3146,Huang Lin,8-97262-942-0,Хабаровск
2025-08-26 14:13:02,Прокладка ГБЦ ISUZU 4НF1 New Type 8-97233-757-0 HL,6,3092,Huang Lin,8-97233-757-0,Хабаровск
2025-08-26 14:13:02,Прокладка ГБЦ ISUZU 4НF1 New Type 8-97233-758-0 / 82066-S-V002 Matto,1,2204,Matto,8-97233-758-0,Хабаровск
2025-08-26 14:13:02,Прокладка ГБЦ ISUZU 4НF1 Old Type 8-97105-871-0 (1.70) HL,3,2878,Huang Lin,8-97105-871-0,Хабаровск
2025-08-26 14:13:02,Прокладка ГБЦ ISUZU 4НF1 Old Type 8-97105-872-0 HL,3,3022,Huang Lin,8-97105-872-0,Хабаровск
2025-08-26 14:13:02,Прокладка ГБЦ ISUZU 4НG1 8-97144-984-0 / 82067-S-0152 Matto,3,2710,Matto,8-97144-984-0,Хабаровск
2025-08-26 14:13:02,Прокладка ГБЦ ISUZU 4НG1 8-97144-986-0 / 82067-S-0152 Matto,14,2710,Matto,8-97144-986-0,Хабаровск
2025-08-26 14:13:02,Прокладка ГБЦ ISUZU 4НG1 8-97144-986-0 DF,10,1649,DRAGONFLYS,8-97144-986-0,Хабаровск
2025-08-26 14:13:02,Прокладка ГБЦ ISUZU 4НG1 8-97349-489-0 W/KMF+MT HL,3,3492,Huang Lin,8-97349-489-0,Хабаровск
2025-08-26 14:13:02,Прокладка ГБЦ ISUZU 6BG1 1-11141-196-0 / 82038-S-0142 Matto,7,2161,Matto,1-11141-196-0,Хабаровск
2025-08-26 14:13:02,Прокладка ГБЦ ISUZU 6BG1 5-11141-196-0 DF,10,2203,DRAGONFLYS,5-11141-196-0,Хабаровск
2025-08-26 14:13:02,Прокладка ГБЦ ISUZU 6BG1 5-11141-196-0 Matto,20,2161,Matto,5-11141-196-0,Хабаровск
2025-08-26 14:13:02,Прокладка ГБЦ ISUZU 6HH1 8-94393-346-1 DF,9,2743,DRAGONFLYS,8-94393-346-1,Хабаровск
2025-08-26 14:13:02,Прокладка ГБЦ ISUZU 6HH1 8-94393-346-1 Matto,9,5837,Matto,8-94393-346-1,Хабаровск
2025-08-26 14:13:02,Прокладка ГБЦ ISUZU 6HH1 8-94393-346-1 W/MT+ASSY HL,6,5712,Huang Lin,8-94393-346-1,Хабаровск
2025-08-26 14:13:02,Прокладка ГБЦ ISUZU 6HK1 8-94390-787-2 HL,6,5172,Huang Lin,8-94390-787-2,Хабаровск
2025-08-26 14:13:02,Прокладка ГБЦ ISUZU 6HK1 8-94392-721-3 W/MT+ASSY HL,2,5949,Huang Lin,8-94392-721-3,Хабаровск
2025-08-26 14:13:02,Прокладка ГБЦ ISUZU 6HK1 8-97601-819-4 / 82079-S-0152 Matto,15,6631,Matto,8-97601-819-4,Хабаровск
2025-08-26 14:13:02,Прокладка ГБЦ ISUZU 6HK1 8-97601-819-5 HL,3,5877,Huang Lin,8-97601-819-5,Хабаровск
2025-08-26 14:13:02,Прокладка ГБЦ ISUZU 6HK1/6HH1 8-97605-228-0 HL,8,5747,Huang Lin,8-97605-228-0,Хабаровск
2025-08-26 14:13:02,Прокладка ГБЦ ISUZU 6RA1/B1 1-11141-142-0 HL,5,3483,Huang Lin,1-11141-142-0,Хабаровск
2025-08-26 14:13:02,Прокладка ГБЦ ISUZU 6SD1 1-11141-216-2 Matto,1,3645,Matto,1-11141-216-2,Хабаровск
2025-08-26 14:13:02,Прокладка ГБЦ ISUZU 6WG1/6WF1 1-11141-265-0/1 Matto,7,15087,Matto,1-11141-265-1,Хабаровск
2025-08-26 14:13:02,Прокладка ГБЦ ISUZU 8PC1 1-11141-141-1 Matto,6,1546,Matto,1-11141-141-1,Хабаровск
2025-08-26 14:13:02,Прокладка ГБЦ ISUZU 8PD1 1-11141-099-0 Matto,5,1005,Matto,1-11141-099-0,Хабаровск
2025-08-26 14:13:02,Прокладка ГБЦ KOMATSU 4D105-3 6131-11-1811 Matto,7,1036,Matto,6131-11-1811,Хабаровск
2025-08-26 14:13:02,Прокладка ГБЦ KOMATSU 4D105-5 6134-11-1810 Matto,5,1463,Matto,6134-11-1810,Хабаровск
2025-08-26 14:13:02,Прокладка ГБЦ KOMATSU 4D130 6114-11-1811 Matto,8,1447,Matto,6114-11-1811,Хабаровск
2025-08-26 14:13:02,Прокладка ГБЦ KOMATSU 4D95 6204-11-1812 Matto,8,1659,Matto,6204-11-1812,Хабаровск
2025-08-26 14:13:02,Прокладка ГБЦ KOMATSU 6D102 6735-11-1812 Matto,5,1846,Matto,6735-11-1812,Хабаровск
2025-08-26 14:13:02,Прокладка ГБЦ KOMATSU 6D105 6137-11-1810 Matto,6,2347,Matto,6137-11-1810,Хабаровск
2025-08-26 14:13:02,Прокладка ГБЦ KOMATSU 6D110 6138-19-1811 Matto,7,5266,Matto,6138-19-1811,Хабаровск
2025-08-26 14:13:02,Прокладка ГБЦ KOMATSU 6D125 6151-17-1853 Matto,5,879,Matto,6151-17-1853,Хабаровск
2025-08-26 14:13:02,Прокладка ГБЦ KOMATSU 6D140 6210-17-1813 Matto,3,1455,Matto,6210-17-1813,Хабаровск
2025-08-26 14:13:02,Прокладка ГБЦ KOMATSU 6D155 6127-11-1817 Matto,1,2028,Matto,6127-11-1817,Хабаровск
2025-08-26 14:13:02,Прокладка ГБЦ KOMATSU 6D170 6162-13-1812 Matto,18,2465,Matto,6162-13-1812,Хабаровск
2025-08-26 14:13:02,Прокладка ГБЦ KOMATSU 6D95 6206-11-1830 Matto,9,1220,Matto,6206-11-1830,Хабаровск
2025-08-26 14:13:02,Прокладка ГБЦ MAZDA HA 1363-10-271 E3000 Matto,3,369,Matto,1363-10-271,Хабаровск
2025-08-26 14:13:02,Прокладка ГБЦ MAZDA HA SE01-10-271 DF,9,747,DRAGONFLYS,SE01-10-271,Хабаровск
2025-08-26 14:13:02,Прокладка ГБЦ MAZDA SL /T3500 SL50-10-271 HL,4,2324,Huang Lin,SL50-10-271,Хабаровск
2025-08-26 14:13:02,Прокладка ГБЦ MAZDA SL SL01-10-271K Matto,29,694,Matto,SL01-10-271K,Хабаровск
2025-08-26 14:13:02,Прокладка ГБЦ MAZDA T4000 TF 20-10-271G / 52039-G-2002 W/GP Matto,7,1251,Matto,JA-21097,Хабаровск
2025-08-26 14:13:02,Прокладка ГБЦ MAZDA T4500 TM 01-10-271 W/MT HL,6,2791,Huang Lin,TM01-10-271,Хабаровск
2025-08-26 14:13:02,Прокладка ГБЦ MAZDA TF 8AWD-10-271 DF,11,1282,DRAGONFLYS,8AWD-10-271,Хабаровск
2025-08-26 14:13:02,Прокладка ГБЦ MAZDA TF 8AWD-10-271 Matto,25,1918,Matto,8AWD-10-271,Хабаровск
2025-08-26 14:13:02,Прокладка ГБЦ MAZDA TМ TM01-10-271 Matto,9,1918,Matto,TM01-10-271,Хабаровск
2025-08-26 14:13:02,Прокладка ГБЦ MAZDA VN OVN01-10-271 Matto,7,1507,Matto,OVN01-10-271,Хабаровск
2025-08-26 14:13:02,Прокладка ГБЦ MAZDA XA S501-10-271 CGPL HL,16,623,JMC,S501-10-27,Хабаровск
2025-08-26 14:13:02,Прокладка ГБЦ MERCEDES MB401/MB40 422 016 00 20 Matto !,3,146,Matto,422 016 00 20,Хабаровск
2025-08-26 14:13:02,Прокладка ГБЦ MMC 4D30 ME011009 Matto,4,581,Matto,ME011009,Хабаровск
2025-08-26 14:13:02,Прокладка ГБЦ MMC 4D33 ME013334 DF,3,883,DRAGONFLYS,ME013334,Хабаровск
2025-08-26 14:13:02,"Прокладка ГБЦ MMC 4D34, 4D34T 4D35 ME013300 HL",8,2024,Huang Lin,JA31135,Хабаровск
2025-08-26 14:13:02,"Прокладка ГБЦ MMC 4D34, 4D34T 4D35 ME013300 Matto",3,2043,Matto,ME013300,Хабаровск
2025-08-26 14:13:02,Прокладка ГБЦ MMC 4D35 ME011110B DF,22,1016,DRAGONFLYS,ME011110B,Хабаровск
2025-08-26 14:13:02,Прокладка ГБЦ MMC 4D35 ME011110B HL,21,1882,Huang Lin,ME011110B,Хабаровск
2025-08-26 14:13:02,Прокладка ГБЦ MMC 4D35 ME011110B Matto,40,1784,Matto,ME011110B,Хабаровск
2025-08-26 14:13:02,Прокладка ГБЦ MMC 4D36 ME011111B DF,10,914,DRAGONFLYS,ME011111B,Хабаровск
2025-08-26 14:13:02,Прокладка ГБЦ MMC 4D36 ME011111B Matto,6,2131,Matto,ME011111B,Хабаровск
2025-08-26 14:13:02,Прокладка ГБЦ MMC 4DR51 ME001200 HL,1,768,Huang Lin,ME001200,Хабаровск
2025-08-26 14:13:02,Прокладка ГБЦ MMC 4DR7 ME001642 Matto,2,2416,Matto,ME001642,Хабаровск
2025-08-26 14:13:02,Прокладка ГБЦ MMC 4M40 ME200751 DF,7,984,DRAGONFLYS,ME200751,Хабаровск
2025-08-26 14:13:02,Прокладка ГБЦ MMC 4M40 ME200751 HL,4,1175,Huang Lin,ME200751,Хабаровск
2025-08-26 14:13:02,Прокладка ГБЦ MMC 4M40 ME200751 Matto,7,1529,Matto,ME200751,Хабаровск
2025-08-26 14:13:02,Прокладка ГБЦ MMC 4M40 ME200753 / 62053-G-51C2 Matto,1,1594,Matto,ME200753,Хабаровск
2025-08-26 14:13:02,Прокладка ГБЦ MMC 4M40 ME200754 / 62053-G-51C2 Matto,4,1425,Matto,ME200754,Хабаровск
2025-08-26 14:13:02,Прокладка ГБЦ MMC 4M50/4M51 ME226786 MMC DF,9,3110,DRAGONFLYS,ME226786,Хабаровск
2025-08-26 14:13:02,Прокладка ГБЦ MMC 4M51 ME240707 HGM6524P-1 HL,12,3116,Huang Lin,HGM6524P-2,Хабаровск
2025-08-26 14:13:02,Прокладка ГБЦ MMC 4M51 ME240708 HL,1,3246,Huang Lin,ME240708,Хабаровск
2025-08-26 14:13:02,Прокладка ГБЦ MMC 4M51 ME240708 Matto,2,3697,Matto,ME240708,Хабаровск
2025-08-26 14:13:02,Прокладка ГБЦ MMC 6D14 ME031489 / ME071919 Matto,1,2698,Matto,ME031489,Хабаровск
2025-08-26 14:13:02,Прокладка ГБЦ MMC 6D14 ME071919 / ME031489 HL,1,2323,Huang Lin,ME071919,Хабаровск
2025-08-26 14:13:02,Прокладка ГБЦ MMC 6D14T-2AT ME071731 / 62063-NA-0162 Matto,6,4053,Matto,ME071731,Хабаровск
2025-08-26 14:13:02,Прокладка ГБЦ MMC 6D14T-2AT ME071731 W/CGPS HL,1,3674,Huang Lin,ME071731,Хабаровск
2025-08-26 14:13:02,Прокладка ГБЦ MMC 6D15-2AT ME071867 W/CGPL HL,1,3288,Huang Lin,ME071867,Хабаровск
2025-08-26 14:13:02,"Прокладка ГБЦ MMC 6D15, 6D15-T ME030913 HL",4,2280,Huang Lin,ME030913,Хабаровск
2025-08-26 14:13:02,Прокладка ГБЦ MMC 6D16-2AT/6D17 24 valve ME071958/ME078707 Matto,4,2780,Matto,ME071958,Хабаровск
2025-08-26 14:13:02,Прокладка ГБЦ MMC 6D16-2AT/6D17 ME071958/ME078707 DF,7,1100,DRAGONFLYS,ME071958,Хабаровск
2025-08-26 14:13:02,"Прокладка ГБЦ MMC 6D16, 6D16-T ME071182 DF",9,1313,DRAGONFLYS,ME071182,Хабаровск
2025-08-26 14:13:02,Прокладка ГБЦ MMC 6D17 ME071955 DF,24,1282,DRAGONFLYS,ME071955,Хабаровск
2025-08-26 14:13:02,Прокладка ГБЦ MMC 6D17 ME071955 HL,21,3011,Huang Lin,ME071955,Хабаровск
2025-08-26 14:13:02,Прокладка ГБЦ MMC 6D17 ME071955 Matto,26,2780,Matto,ME071955,Хабаровск
2025-08-26 14:13:02,Прокладка ГБЦ MMC 6D22/22/24/24 ME051714 DF,6,813,DRAGONFLYS,ME051714,Хабаровск
2025-08-26 14:13:02,Прокладка ГБЦ MMC 6D22/22/24/24 ME051714 Matto,2,1461,Matto,ME051714,Хабаровск
2025-08-26 14:13:02,Прокладка ГБЦ MMC 6D22Т/6D24 ME051132 DF,6,2203,DRAGONFLYS,ME051132,Хабаровск
2025-08-26 14:13:02,Прокладка ГБЦ MMC 6M60 ME304851 HL,1,8478,Huang Lin,ME304851,Хабаровск
2025-08-26 14:13:02,Прокладка ГБЦ MMC 6M60/61 ME132520 DF,26,2743,DRAGONFLYS,ME132520,Хабаровск
2025-08-26 14:13:02,Прокладка ГБЦ MMC 6M60/61 ME132520 Matto,44,4632,Matto,ME132520,Хабаровск
2025-08-26 14:13:02,Прокладка ГБЦ MMC 8DC10 ME091538/ME092200 DF,9,1100,DRAGONFLYS,ME092200,Хабаровск
2025-08-26 14:13:02,Прокладка ГБЦ MMC 8DC11 ME084081 Matto,5,3091,Matto,ME084081,Хабаровск
2025-08-26 14:13:02,Прокладка ГБЦ MMC 8DC9 31201-32100 DF,4,1100,DRAGONFLYS,31201-32100,Хабаровск
2025-08-26 14:13:02,Прокладка ГБЦ MMC 8DC9 31201-32100 HL,12,2699,Huang Lin,31201-32100,Хабаровск
2025-08-26 14:13:02,Прокладка ГБЦ MMC 8DC9 31201-32100 Matto,1,2746,Matto,31201-32100,Хабаровск
2025-08-26 14:13:02,Прокладка ГБЦ MMC 8DС6 31201-12800 Matto,19,2415,Matto,31201-12800,Хабаровск
2025-08-26 14:13:02,Прокладка ГБЦ MMC 8M20 ME160330 Matto,4,4351,Matto,ME160330,Хабаровск
2025-08-26 14:13:02,Прокладка ГБЦ MMC 8M20 ME350011 Matto,12,5566,Matto,ME350011,Хабаровск
2025-08-26 14:13:02,Прокладка ГБЦ MMC 8M20/21/60 ME161011/ME163925 Matto,8,6232,Matto,ME163925,Хабаровск
2025-08-26 14:13:02,Прокладка ГБЦ MMC S4K 34201-00704 HL,2,967,Huang Lin,34201-00704,Хабаровск
2025-08-26 14:13:02,Прокладка ГБЦ MMC S6KT 34301-10200 HL,3,1834,Huang Lin,34301-10200,Хабаровск
2025-08-26 14:13:02,Прокладка ГБЦ NISSAN ED33 11044-T9000 Matto,4,1574,Matto,11044-T9000,Хабаровск
2025-08-26 14:13:02,Прокладка ГБЦ NISSAN FD33/35 11044-01D00 (1.20) HL,2,2442,Huang Lin,11044-01D00,Хабаровск
2025-08-26 14:13:02,Прокладка ГБЦ NISSAN FD33/35 11044-01D01 (1.15) HL,2,2442,Huang Lin,11044-01D01,Хабаровск
2025-08-26 14:13:02,Прокладка ГБЦ NISSAN FE6 11044-Z5509 DF,8,2203,DRAGONFLYS,11044-Z5509,Хабаровск
2025-08-26 14:13:02,Прокладка ГБЦ NISSAN FE6 11044-Z5509 Matto,20,3543,Matto,11044-Z5509,Хабаровск
2025-08-26 14:13:02,Прокладка ГБЦ NISSAN FE6 11044-Z5509 W/MT+ASSY HL,9,3610,Huang Lin,11044-Z5509,Хабаровск
2025-08-26 14:13:02,Прокладка ГБЦ NISSAN FE6T 11044-Z5515 DF,25,2203,DRAGONFLYS,11044-Z5515,Хабаровск
2025-08-26 14:13:02,Прокладка ГБЦ NISSAN FE6T 11044-Z5515 HL,40,3610,Huang Lin,11044-Z5515,Хабаровск
2025-08-26 14:13:02,Прокладка ГБЦ NISSAN FE6T 11044-Z5565 DF,10,2203,DRAGONFLYS,11044-Z5565,Хабаровск
2025-08-26 14:13:02,Прокладка ГБЦ NISSAN FE6T 11044-Z5565 Matto,8,3665,Matto,11044-Z5565,Хабаровск
2025-08-26 14:13:02,Прокладка ГБЦ NISSAN FE6T 11044-Z5565 W/MT+ASSY HL,4,5003,Huang Lin,11044-Z5565,Хабаровск
2025-08-26 14:13:02,Прокладка ГБЦ NISSAN NF6 11044-95506 HL !,19,2282,Huang Lin,11044-95506,Хабаровск
2025-08-26 14:13:02,Прокладка ГБЦ NISSAN PE6T 11044-96510 Matto,1,1602,Matto,11044-96510,Хабаровск
2025-08-26 14:13:02,Прокладка ГБЦ NISSAN PE6T 11044-96569 HL,2,3249,Huang Lin,11044-96569,Хабаровск
2025-08-26 14:13:02,Прокладка ГБЦ NISSAN PF6 11044-96561 Matto,3,3825,Matto,11044-96561,Хабаровск
2025-08-26 14:13:02,Прокладка ГБЦ NISSAN PF6T 11044-96573 HL,1,4391,Huang Lin,11044-96573,Хабаровск
2025-08-26 14:13:02,Прокладка ГБЦ NISSAN RE10 11044-97009 Matto !,3,2908,Matto,11044-97009,Хабаровск
2025-08-26 14:13:02,Прокладка ГБЦ NISSAN RE8 11044-97504 HL,2,4273,Huang Lin,11044-97504,Хабаровск
2025-08-26 14:13:02,Прокладка ГБЦ NISSAN RF8 11044-97505 Matto,1,3946,Matto,11044-97505,Хабаровск
2025-08-26 14:13:02,Прокладка ГБЦ NISSAN RG10 11044-97013 Matto !,3,3026,Matto,11044-97013,Хабаровск
2025-08-26 14:13:02,Прокладка ГБЦ NISSAN RG8 11044-97514 Matto,1,4460,Matto,11044-97514,Хабаровск
2025-08-26 14:13:02,Прокладка ГБЦ NISSAN RG8 11044-97561 HL,1,6164,Huang Lin,11044-97561,Хабаровск
2025-08-26 14:13:02,Прокладка ГБЦ NISSAN RH10 11044-97011 Matto,5,5120,Matto,11044-97011,Хабаровск
2025-08-26 14:13:02,Прокладка ГБЦ NISSAN RH10 11044-97014 Matto,3,3477,Matto,11044-97014,Хабаровск
2025-08-26 14:13:02,Прокладка ГБЦ NISSAN RH10 11044-97014/11044-ND000 HL,5,5377,Huang Lin,11044-97014,Хабаровск
2025-08-26 14:13:02,Прокладка ГБЦ NISSAN RH10 11044-ND000 Matto,3,3477,Matto,11044-ND000,Хабаровск
2025-08-26 14:13:02,Прокладка ГБЦ NISSAN RH8 11044-97513 Matto,8,2720,Matto,11044-97513,Хабаровск
2025-08-26 14:13:02,Прокладка ГБЦ NISSAN TD23 11044-02N01 Matto,1,1452,Matto,11044-02N01,Хабаровск
2025-08-26 14:13:02,Прокладка ГБЦ NISSAN TD23 92 11044-02N02 HL,2,1153,Huang Lin,11044-02N02,Хабаровск
2025-08-26 14:13:02,Прокладка ГБЦ NISSAN TD23 92 11044-02N03 HL,1,1568,Huang Lin,11044-02N03,Хабаровск
2025-08-26 14:13:02,Прокладка ГБЦ NISSAN TD27 11044-43G01 DF,10,735,DRAGONFLYS,11044-43G01,Хабаровск
2025-08-26 14:13:02,Прокладка ГБЦ NISSAN TD27 11044-43G01 HL,15,1645,Huang Lin,11044-43G01,Хабаровск
2025-08-26 14:13:02,"Прокладка ГБЦ SANWA DA111F1 (11115-87105, 11115-87106)",1,2730,JMC,DA111F1,Хабаровск
2025-08-26 14:13:02,"Прокладка ГБЦ TOYOTA 3B / 13B 11115-58050/58110 (1,6mm) Matto",1,687,Matto,11115-58050,Хабаровск
2025-08-26 14:13:02,"Прокладка ГБЦ TOYOTA 14B 11115-58070 (1,5mm) Matto",4,1489,Matto,11115-58070,Хабаровск
2025-08-26 14:13:02,Прокладка ГБЦ TOYOTA 14B 11115-58100 / 92078-S-81K2 Matto,6,1501,Matto,11115-58100,Хабаровск
2025-08-26 14:13:02,Прокладка ГБЦ TOYOTA 14B 11115-58100 DF,10,813,DRAGONFLYS,11115-58100,Хабаровск
2025-08-26 14:13:02,Прокладка ГБЦ TOYOTA 15BF 95 11115-58131 HL,2,1886,Huang Lin,11115-58131,Хабаровск
2025-08-26 14:13:02,Прокладка ГБЦ TOYOTA 15BF 95 11115-58141 HL,5,2267,Huang Lin,11115-58141,Хабаровск
2025-08-26 14:13:02,"Прокладка ГБЦ TOYOTA 15BFT/1BZ-FPE 11115-58131 (1,2mm) Matto",2,1257,Matto,11115-58131,Хабаровск
2025-08-26 14:13:02,Прокладка ГБЦ TOYOTA 1W 11115-78011/12 Matto,3,756,Matto,11115-78011,Хабаровск
2025-08-26 14:13:02,Прокладка ГБЦ TOYOTA 1W 83 11115-78011 HL,5,1226,Huang Lin,11115-78011,Хабаровск
2025-08-26 14:13:02,Прокладка ГБЦ TOYOTA 2KD 11115-30040-AO W/MT 1.2T HL !,2,1801,Huang Lin,11115-30040-AO,Хабаровск
2025-08-26 14:13:02,Прокладка ГБЦ TOYOTA 2KD 11115-30040-BO W/MT HL !,2,1657,Huang Lin,11115-30040-BO,Хабаровск
2025-08-26 14:13:02,Прокладка ГБЦ TOYOTA 2KD 11115-30040-CO HL,2,1706,Huang Lin,11115-30040-CO,Хабаровск
2025-08-26 14:13:02,Прокладка ГБЦ TOYOTA 2KD 11115-30040-DO HL,2,1566,Huang Lin,11115-30040-DO,Хабаровск
2025-08-26 14:13:02,Прокладка ГБЦ TOYOTA 2KD 11115-30040-EO HL !,2,2129,Huang Lin,11115-30040-EO,Хабаровск
2025-08-26 14:13:02,"Прокладка ГБЦ TOYOTA 3B/4B 11115-58081 (1,5mm) Matto",7,2230,Matto,11115-58081,Хабаровск
2025-08-26 14:13:02,"Прокладка ГБЦ TOYOTA 3L 11115-54073-B0 (1,45mm) Matto",1,1690,Matto,11115-54073-BO,Хабаровск
2025-08-26 14:13:02,Прокладка ГБЦ TOYOTA 3LT(N) 11115-54073-B0 HL,5,1606,Huang Lin,11115-54073-BO,Хабаровск
2025-08-26 14:13:02,"Прокладка ГБЦ TOYOTA 4B 11115-58180 (1,6mm) Matto",2,2230,Matto,11115-58180,Хабаровск
2025-08-26 14:13:02,"Прокладка ГБЦ TOYOTA 4B 11115-58190 (1,7mm) Matto",4,2230,Matto,11115-58190,Хабаровск
2025-08-26 14:13:02,Прокладка ГБЦ TOYOTA 5L 11115-54120 HL,1,1764,Huang Lin,11115-54120,Хабаровск
2025-08-26 14:13:02,Прокладка ГБЦ TOYOTA 5L 11115-54130-DO HL,1,2222,Huang Lin,11115-54130-DO,Хабаровск
2025-08-26 14:13:02,Прокладка ГБЦ TOYOTA 5L 11115-54130-FO / 92122-S-9002 Matto,1,1123,Matto,11115-54130-F0,Хабаровск
2025-08-26 14:13:02,Прокладка ГБЦ TOYOTA 5L 11115-54130-FO HL,2,1951,Huang Lin,11115-54130-FO,Хабаровск
2025-08-26 14:13:02,"Прокладка ГБЦ TOYOTA B 11115-56010 (1,5mm) Matto",8,749,Matto,11115-56010,Хабаровск
2025-08-26 14:13:02,Прокладка ГБЦ TOYOTA B/11B 84-88 11115-56090 HL,10,2257,Huang Lin,11115-56090,Хабаровск
2025-08-26 14:13:02,Прокладка ГБЦ TOYOTA B/11B 84-88 11115-56100 / 92071-S-81K2 Matto,9,1549,Matto,11115-56100,Хабаровск
2025-08-26 14:13:02,Прокладка ГБЦ TOYOTA B/11B 84-88 11115-56110 / 92071-S-81K2 Matto,2,1712,Matto,11115-56110,Хабаровск
2025-08-26 14:13:02,Прокладка ГБЦ TOYOTA B/11B 84-88 11115-56110 W/MT HL,1,2137,Huang Lin,11115-56110,Хабаровск
2025-08-26 14:13:02,Прокладка ГБЦ VOLVO D12A 3099100 Matto !,2,2722,Matto,3099100,Хабаровск
2025-08-26 14:13:02,Прокладка ГБЦ VOLVO TD120 275 548-6 Matto !,1,168,Matto,275 548-6,Хабаровск
2025-08-26 14:13:02,Прокладка ГБЦ VOLVO TD122 270 949-1 Matto !,2,149,Matto,2709491,Хабаровск
2025-08-26 14:13:02,Прокладка глушителя (металл) d=128 D=150 D-126908 / AZ9719540019 HOWO Дизель,1,102,Дизель,D-126908,Хабаровск
2025-08-26 14:13:02,Прокладка глушителя D-127179 / 1-22119-294-0 CXZ51KCYZ51KEXZ51KCYZ51LCXZ81K 6WF1 10PE1 Дизель,22,363,Дизель,D-127179,Хабаровск
2025-08-26 14:13:02,Прокладка глушителя GEM-12-Z03 / 20017-00Z03,1,369,JMC,GEM-12-Z03,Хабаровск
2025-08-26 14:13:02,Прокладка глушителя GEM-43-300 / 1-22116-030-0,1,576,JMC,1-22116-030-0,Хабаровск
2025-08-26 14:13:02,Прокладка глушителя GEM-61-023 / MC045023,3,382,JMC,MC045023,Хабаровск
2025-08-26 14:13:02,Прокладка глушителя GEM-62-024 / MC045024,1,463,JMC,MC045024,Хабаровск
2025-08-26 14:13:02,Прокладка глушителя GEM-63-737 / MC063737,3,463,JMC,MC063737,Хабаровск
2025-08-26 14:13:02,Прокладка глушителя GEM-84-690 / S1710-41690 / 17104-1690,1,533,JMC,S1710-41690,Хабаровск
2025-08-26 14:13:02,Прокладка горного тормоза 8-98343-705-0 ID=109 C-series ORIG,7,1210,Isuzu,8-98343-705-0,Хабаровск
2025-08-26 14:13:02,Прокладка дросс заслонки 8-97353-072-0 N-series 4HV1 (CNG) ГАЗ ORIG,1,940,Isuzu,8-97353-072-0,Хабаровск
2025-08-26 14:13:02,Прокладка клапана EGR 8-97213-386-0 NPR/NQR HL,23,308,Huang Lin,8-97213-386-0,Хабаровск
2025-08-26 14:13:02,Прокладка клапанной крышки 1003041A29D FAW CA6DL2,10,258,Дизель,1003041A29D,Хабаровск
2025-08-26 14:13:02,Прокладка клапанной крышки 11213-15080 JC-13101,1,333,JMC,11213-15080,Хабаровск
2025-08-26 14:13:02,Прокладка клапанной крышки D-128465 / 1003041-81D FAW CA6DM2 Дизель,7,457,Дизель,D-128465,Хабаровск
2025-08-26 14:13:02,Прокладка клапанной крышки NISSAN TD25 13270-43G01 86-87 W/RU HL,8,214,Huang Lin,13270-43G01,Хабаровск
2025-08-26 14:13:02,Прокладка кольцо под гофру 105-83 H=16mm,141,158,Дизель,105-83 H=16mm,Хабаровск
2025-08-26 14:13:02,Прокладка кольцо под гофру 112-89 H=15mm,109,166,Дизель,112-89 H=15mm,Хабаровск
2025-08-26 14:13:02,Прокладка кольцо под гофру 113-89 H=19mm,108,166,Дизель,113-89 H=19mm,Хабаровск
2025-08-26 14:13:02,Прокладка кольцо под гофру 95-75 H=16mm,149,148,Дизель,95-75 H=16mm,Хабаровск
2025-08-26 14:13:02,Прокладка кольцо под гофру D-128492 / 1-22119-297-0 124-100 H=17mm Дизель,152,157,Дизель,D-128492,Хабаровск
2025-08-26 14:13:02,Прокладка компрессора 420331/A5411310780 / A5411310880 / 0115063 Mercedes/DieselTechnic !,1,340,Diesel Technic,4.20331,Хабаровск
2025-08-26 14:13:02,Прокладка корпуса теплообменника D-126767 / 612600013956 JAC N350 WP10 E-5 Дизель,1,142,Дизель,D-126767,Хабаровск
2025-08-26 14:13:02,Прокладка корпуса термостата D-126909 / 201V06904-0042 HOWO T5G Дизель,3,165,Дизель,D-126909,Хабаровск
2025-08-26 14:13:02,Прокладка корпуса шестерен ГРМ 8-97312-221-2 NLR85/NMR85 HL,1,1101,Huang Lin,8-97312-221-2,Хабаровск
2025-08-26 14:13:02,Прокладка корпуса шестерен ГРМ 8-97945-298-0/86047-NBR-PB NLR85/NMR85 Matto,3,440,Matto,8-97945-298-0,Хабаровск
2025-08-26 14:13:02,Прокладка КПП 8-97028-748-1 / 8F100-4-RU-PB Matto,2,49,Matto,8-97028-748-1,Хабаровск
2025-08-26 14:13:02,Прокладка КПП WG2229100062 HOWO T5G,5,324,Дизель,WG2229100062,Хабаровск
2025-08-26 14:13:02,Прокладка крышки блока цилиндров перед 200V01905-0092 HOWO T5G MC11/13,5,1358,Дизель,200V01905-0092,Хабаровск
2025-08-26 14:13:02,Прокладка крышки клапанов 1-11173-119-1 6WF1/6WG1 CYZ51/EXZ51/GIGA ORIG,1,5240,Isuzu,1-11173-119-1,Хабаровск
2025-08-26 14:13:02,Прокладка крышки клапанов 1003041A600-000ZH FAW CA6DL,12,219,Дизель,1003041A600-000ZH,Хабаровск
2025-08-26 14:13:02,Прокладка крышки клапанов 13270-Z5505 NIS FE6TA HL,3,746,Huang Lin,13270-Z5505,Хабаровск
2025-08-26 14:13:02,Прокладка крышки клапанов 22445-41001 Hyundai HD45-78/COUNTY D4AL/DB/DD HL,32,176,Huang Lin,22445-41001,Хабаровск
2025-08-26 14:13:02,Прокладка крышки клапанов 4JJ1-TCC D-125157 / 8-97945-338-0 NLR/NMR 55/85 08~ Дизель,14,578,Дизель,D-125157,Хабаровск
2025-08-26 14:13:02,Прокладка крышки клапанов 4JJ1-TCC D-126419 / 8-97945-338-0 NLR/NMR 55/85 08~ Дизель,18,397,Дизель,D-126419,Хабаровск
2025-08-26 14:13:02,Прокладка крышки клапанов 8-94391-379-0 DF,6,628,DRAGONFLYS,8-94391-379-0,Хабаровск
2025-08-26 14:13:02,Прокладка крышки клапанов 8-94462-559-0/8-94310-912-0/8-94101-767-1 DF,24,177,DRAGONFLYS,8-94462-559-0,Хабаровск
2025-08-26 14:13:02,Прокладка крышки клапанов 8-94462-559-0/8-94310-912-0/8-94101-767-1 HL,11,201,Huang Lin,8-94462-559-0,Хабаровск
2025-08-26 14:13:02,Прокладка крышки клапанов D-125212 / 1-11173-119-1 6WF1/6WG1 CYZ51/EXZ51/GIGA ISUZU/HITACHI Дизель,9,1959,Дизель,D-125212,Хабаровск
2025-08-26 14:13:02,Прокладка крышки клапанов D-126420 / 1-11173-119-1 6WF1/6WG1 CYZ51/EXZ51/GIGA ISUZU/HITACHI Дизель,19,1399,Дизель,D-126420,Хабаровск
2025-08-26 14:13:02,Прокладка крышки клапанов D-128006 / 8-97331-379-1 Дизель,2,777,Дизель,D-128006,Хабаровск
2025-08-26 14:13:02,Прокладка крышки клапанов D-128142 / 8-97331-359-1 / 8-97845-483-0 Дизель,28,397,Дизель,D-128142,Хабаровск
2025-08-26 14:13:02,Прокладка крышки клапанов HINO EP100 11213-1640 06004-SIL Matto !,3,419,Matto,11213-1640,Хабаровск
2025-08-26 14:13:02,Прокладка крышки клапанов HINO F17C 11213-1070 DF,10,213,DRAGONFLYS,11213-1070,Хабаровск
2025-08-26 14:13:02,Прокладка крышки клапанов HINO F17C 11213-1070 HL,16,554,Huang Lin,11213-1070,Хабаровск
2025-08-26 14:13:02,Прокладка крышки клапанов HINO F20C 11213-1760 06013-SIL Matto,5,587,Matto,11213-1760,Хабаровск
2025-08-26 14:13:02,Прокладка крышки клапанов HINO HO7C/H07D 11213-1690 DF,20,253,DRAGONFLYS,11213-1690,Хабаровск
2025-08-26 14:13:02,Прокладка крышки клапанов HINO HO7C/H07D 11213-1690/ 06023-SIL -PB Matto,29,500,Matto,11213-1690,Хабаровск
2025-08-26 14:13:02,Прокладка крышки клапанов HINO J05C 11118-1030 06019-SIL Matto,2,501,Matto,11118-1030,Хабаровск
2025-08-26 14:13:02,Прокладка крышки клапанов HINO J08C 11118-1011 DF,65,638,DRAGONFLYS,11118-1011,Хабаровск
2025-08-26 14:13:02,Прокладка крышки клапанов HINO J08C 11213-1880 06022-NBR Matto,254,630,Matto,06022-NBR,Хабаровск
2025-08-26 14:13:02,Прокладка крышки клапанов HINO K13C 11213-1060 06008-SIL Matto,1,254,Matto,11213-1060,Хабаровск
2025-08-26 14:13:02,Прокладка крышки клапанов HINO K13D 11213-1860 HL,3,757,Huang Lin,11213-1860,Хабаровск
2025-08-26 14:13:02,Прокладка крышки клапанов HINO V22C 06016-SIL Matto,1,328,Matto,11213-1790,Хабаровск
2025-08-26 14:13:02,Прокладка крышки клапанов HINO W06D 11213-1560 06010-NBR Matto,3,440,Matto,11213-1560,Хабаровск
2025-08-26 14:13:02,Прокладка крышки клапанов HINO W06D 11213-1560 DF,8,336,DRAGONFLYS,11213-1560,Хабаровск
2025-08-26 14:13:02,Прокладка крышки клапанов ISUZU 12PD1 1-11173-067-0 86026-CR Matto,5,646,Matto,1-11173-067-0,Хабаровск
2025-08-26 14:13:02,Прокладка крышки клапанов ISUZU 4BE1 8-94101-767-1/8-94462-559-0/8-94310-912-0 86010-CR-PB Matto,11,266,Matto,8-98012-877-0,Хабаровск
2025-08-26 14:13:02,Прокладка крышки клапанов ISUZU 4HK1 8-97331-359-1 Matto,104,484,Matto,8-97331-359-1,Хабаровск
2025-08-26 14:13:02,Прокладка крышки клапанов ISUZU 4HK1 8-97331-359-1 NBR HL,68,450,Huang Lin,8-97331-359-1,Хабаровск
2025-08-26 14:13:02,Прокладка крышки клапанов ISUZU 4JB1/4JG2 8-94101-767-0 /86001-NBR Matto,4,222,Matto,8-94101-767-0,Хабаровск
2025-08-26 14:13:02,Прокладка крышки клапанов ISUZU 4НF1 8-97019-846-1 DF,5,196,DRAGONFLYS,8-97019-846-1,Хабаровск
2025-08-26 14:13:02,Прокладка крышки клапанов ISUZU 6BG1 1-11173-055-0 86009-CR-PB Matto,20,313,Matto,1-11173-055-0,Хабаровск
2025-08-26 14:13:02,Прокладка крышки клапанов ISUZU 6BG1 1-11173-055-0 DF,10,213,DRAGONFLYS,1-11173-055-0,Хабаровск
2025-08-26 14:13:02,Прокладка крышки клапанов ISUZU 6BG1 1-11173-055-0 W/CORK+RU HL,2,334,Huang Lin,1-11173-055-0,Хабаровск
2025-08-26 14:13:02,Прокладка крышки клапанов ISUZU 6HE1/6HH1 8-94396-383-0 DF,18,369,DRAGONFLYS,8-94396-383-0,Хабаровск
2025-08-26 14:13:02,Прокладка крышки клапанов ISUZU 6HE1/6HH1 8-94396-383-0/ 86008-NBR Matto,3,555,Matto,8-94396-383-0,Хабаровск
2025-08-26 14:13:02,Прокладка крышки клапанов ISUZU 6WA1/6WG1 1-11173-080-0 DF,6,1217,DRAGONFLYS,1-11173-080-0,Хабаровск
2025-08-26 14:13:02,Прокладка крышки клапанов ISUZU 8PD1 86024-CR/ISU-8PD1-VC Matto,3,314,Matto,ISU-8PD1-VC,Хабаровск
2025-08-26 14:13:02,Прокладка крышки клапанов MAZDA SL OK410-10-235 56015-NBR Matto,3,266,Matto,OK410-10-235,Хабаровск
2025-08-26 14:13:02,Прокладка крышки клапанов MAZDA TM/TF TF01-10-235 / TF01-10-235A W/RU HL,15,194,Huang Lin,TF01-10-235A,Хабаровск
2025-08-26 14:13:02,Прокладка крышки клапанов MMC 10DC11 66002-SIL-10/ME062606 (комплект 10шт) Matto,5,1211,Matto,ME062606,Хабаровск
2025-08-26 14:13:02,Прокладка крышки клапанов MMC 4D31 66029-NBR ME011417 Matto,5,266,Matto,ME011417,Хабаровск
2025-08-26 14:13:02,Прокладка крышки клапанов MMC 4D31/32/33/34/35 /36 ME011279 DF,6,192,DRAGONFLYS,ME011279,Хабаровск
2025-08-26 14:13:02,Прокладка крышки клапанов MMC 4D31/32/33/34/35 /36 ME011279/ 66030-NBR Matto,50,266,Matto,ME011279,Хабаровск
2025-08-26 14:13:02,Прокладка крышки клапанов MMC 4DR5-VC 66017-NBR / MIT-4DR5-VC Matto,1,182,Matto,MIT-4DR5-VC,Хабаровск
2025-08-26 14:13:02,Прокладка крышки клапанов MMC 4M40 ME200403 W/NBR HL,20,244,Huang Lin,ME200403,Хабаровск
2025-08-26 14:13:02,Прокладка крышки клапанов MMC 4M51 ME240798 / 66100-NBR-PB Matto,12,436,Matto,ME240798,Хабаровск
2025-08-26 14:13:02,Прокладка крышки клапанов MMC 4M51 ME240798 DF,7,562,DRAGONFLYS,ME240798,Хабаровск
2025-08-26 14:13:02,Прокладка крышки клапанов MMC 4M51 ME240798 HL,8,382,Huang Lin,ME240798,Хабаровск
2025-08-26 14:13:02,Прокладка крышки клапанов MMC 6D14/15/16/17 ME030893 DF,10,253,DRAGONFLYS,ME030893,Хабаровск
2025-08-26 14:13:02,Прокладка крышки клапанов MMC 6D14/15/16/17 ME030893 HL,22,355,Huang Lin,ME030893,Хабаровск
2025-08-26 14:13:02,Прокладка крышки клапанов MMC 6D14/15/16/17 ME030893/ 66020-NBR Matto,1,339,Matto,ME030893,Хабаровск
2025-08-26 14:13:02,Прокладка крышки клапанов MMC 6D22/22T/24 ME051373/ 66004-SIL Matto !,28,91,Matto,ME051373,Хабаровск
2025-08-26 14:13:02,Прокладка крышки клапанов MMC 6D31 ME081522 66010-NBR Matto,12,308,Matto,ME081522,Хабаровск
2025-08-26 14:13:02,Прокладка крышки клапанов MMC 6M61 ME130671 DF,1,628,DRAGONFLYS,ME130671,Хабаровск
2025-08-26 14:13:02,Прокладка крышки клапанов MMC 6M61 ME132161 DF,1,628,DRAGONFLYS,ME132161,Хабаровск
2025-08-26 14:13:02,Прокладка крышки клапанов NISSAN BD30 13270-54T01 DF,8,293,DRAGONFLYS,13270-54T01,Хабаровск
2025-08-26 14:13:02,Прокладка крышки клапанов NISSAN ED33 13270-J6500 76019-NBR Matto,5,201,Matto,13270-J6500,Хабаровск
2025-08-26 14:13:02,Прокладка крышки клапанов NISSAN FD42/46 13270-0T000 DF,10,336,DRAGONFLYS,13270-0T000,Хабаровск
2025-08-26 14:13:02,Прокладка крышки клапанов NISSAN FD42/46 13270-0T000/ 76021-NBR Matto,12,313,Matto,13270-0T000,Хабаровск
2025-08-26 14:13:02,Прокладка крышки клапанов NISSAN FE6 13270-Z5001 DF,5,253,DRAGONFLYS,13270-Z5001,Хабаровск
2025-08-26 14:13:02,Прокладка крышки клапанов NISSAN FE6 13270-Z5001/ 76015-NBR Matto,27,313,Matto,13270-Z5001,Хабаровск
2025-08-26 14:13:02,Прокладка крышки клапанов NISSAN FE6TA 13270-Z5509 DF,9,628,DRAGONFLYS,13270-Z5509,Хабаровск
2025-08-26 14:13:02,Прокладка крышки клапанов NISSAN PE6T 760680-NA/12278-90006 (2шт/комп) Matto !,16,117,Matto,12278-90006,Хабаровск
2025-08-26 14:13:02,Прокладка крышки клапанов NISSAN RE10 (1) 13279-97000 76012-NBR (комплект 2шт) Matto !,4,119,Matto,13279-97000,Хабаровск
2025-08-26 14:13:02,Прокладка крышки клапанов NISSAN RE10 (2) 13270-97000/ 76013-NBR (комплект 10шт) Matto !,8,627,Matto,76013NBR,Хабаровск
2025-08-26 14:13:02,Прокладка крышки клапанов NISSAN RE8 (1) 76008-NBR Matto,6,235,Matto,NIS-RE8-VC,Хабаровск
2025-08-26 14:13:02,Прокладка крышки клапанов NISSAN RE8 (2) 13270-97000/ 76009-NBR (компл 8шт) Matto,5,735,Matto,13270-97000,Хабаровск
2025-08-26 14:13:02,Прокладка крышки клапанов NISSAN RF10 (1) 76012-NBR 13279-97000 Matto,10,305,Matto,76012-NBR,Хабаровск
2025-08-26 14:13:02,Прокладка крышки клапанов NISSAN RF10 (2) NIS-RF10-VC/13270-97004/ 76014-NBR (коплект 10шт) Matto,2,1017,Matto,NIS-RF10-VC,Хабаровск
2025-08-26 14:13:02,Прокладка крышки клапанов NISSAN RH10 76063-NBR Matto !,5,291,Matto,NIS-RH10-VC1,Хабаровск
2025-08-26 14:13:02,Прокладка крышки клапанов NISSAN RH10-VC 76064-NBR Matto !,20,210,Matto,NIS-RH10-VC,Хабаровск
2025-08-26 14:13:02,Прокладка крышки клапанов TOYOTA 13B 11213-56011 96021-NBR Matto,4,226,Matto,11213-56011,Хабаровск
2025-08-26 14:13:02,Прокладка крышки клапанов TOYOTA 3B/11B/14B 11213-56030 HL,14,223,Huang Lin,11213-56030,Хабаровск
2025-08-26 14:13:02,Прокладка крышки клапанов TOYOTA 3B/11B/14B 11213-56030/ 96010-NBR Matto,7,266,Matto,11213-56030,Хабаровск
2025-08-26 14:13:02,Прокладка крышки клапанов низ D-126769 / 612650040011 JAC N350 WP10 E-5 Дизель,3,129,Дизель,D-126769,Хабаровск
2025-08-26 14:13:02,Прокладка крышки термостатов D-125952 / 612600160099 JAC N350 WP10 E-5 Дизель,2,161,Дизель,D-125952,Хабаровск
2025-08-26 14:13:02,Прокладка маслоотводящей трубки турбокомпрессора (к турбине) 8-94390-641-0/1 FVR34 ORIG,6,169,Isuzu,8-94390-641-1,Хабаровск
2025-08-26 14:13:02,Прокладка маслоохладителя 5521026 JAC N120/Камаз Cummins ISF3.8 Е-5 ORIG,1,557,Cummins,5521026,Хабаровск
2025-08-26 14:13:02,Прокладка маслоохладителя 8-97384-130-0 HL,7,59,Huang Lin,8-97384-130-0,Хабаровск
2025-08-26 14:13:02,Прокладка масляного модуля 202V05901-0145 HOWO T5G,4,841,Дизель,202V05901-0145,Хабаровск
2025-08-26 14:13:02,Прокладка масляного радиатора D-126583 / 200V05901-0135 Sitrak C7H Дизель,17,181,Дизель,D-126583,Хабаровск
2025-08-26 14:13:02,Прокладка масляного радиатора MB OM541 052351 / A5411840980 / 420432 Mercedes Elring !,1,1095,Elring,052.351,Хабаровск
2025-08-26 14:13:02,Прокладка насоса масляного D-125953 / 612600070477 JAC N350 WP10 E-5 Дизель,1,98,Дизель,D-125953,Хабаровск
2025-08-26 14:13:02,Прокладка натяжителя цепи 8-97312-336-0 4JJ1 NLR85 HL,1,148,Huang Lin,8-97312-336-0,Хабаровск
2025-08-26 14:13:02,Прокладка охладителя EGR 8-97367-918-0 4HK1 NPR/NQR ORIG,9,519,Isuzu,8-97367-918-0,Хабаровск
2025-08-26 14:13:02,Прокладка охладителя EGR 8-97367-918-0/HPI4090-2 4HK1 NPR/NQR HL,5,415,Huang Lin,8-97367-918-0,Хабаровск
2025-08-26 14:13:02,Прокладка передней крышки двс 8-98061-423-0/1-11322-044-1 C-series 6WG1 HL,2,482,Huang Lin,8-98061-423-0,Хабаровск
2025-08-26 14:13:02,Прокладка пластинчатого клапана EGR 8-97647-880-0 6WG1 ORIG,2,1052,Isuzu,8-97647-880-0,Хабаровск
2025-08-26 14:13:02,Прокладка под впускной/выпускной коллектор ISUZU 4HF1/4HG1/HG1T 8-97146-499-0 DF,68,322,DRAGONFLYS,8-97146-499-0,Хабаровск
2025-08-26 14:13:02,Прокладка под впускной/выпускной коллектор ISUZU 4HF1/4HG1/HG1T 8-97146-499-0/ 83002-S Matto,93,726,Matto,8-97146-499-0,Хабаровск
2025-08-26 14:13:02,Прокладка под выпускной коллектор HINO EP100 03006-S-1/HIN-EP100-EX Matto,4,226,Matto,HIN-EP100-EX,Хабаровск
2025-08-26 14:13:02,Прокладка под выпускной коллектор HINO F20C 17173-1620/ 03004-S Matto,1,193,Matto,17173-1620,Хабаровск
2025-08-26 14:13:02,Прокладка под выпускной коллектор HINO H07C/CT/H07D 17104-1303 DF,22,142,DRAGONFLYS,17104-1303,Хабаровск
2025-08-26 14:13:02,Прокладка под выпускной коллектор HINO H07C/CT/H07D 17104-1303 HL,90,240,Huang Lin,17104-1303,Хабаровск
2025-08-26 14:13:02,Прокладка под выпускной коллектор HINO H07C/CT/H07D 17104-1303/ 03001-S Matto,42,279,Matto,17104-1303,Хабаровск
2025-08-26 14:13:02,Прокладка под выпускной коллектор HINO J05C/J08C/E/S05C/D 17104-1610/ 03005-S Matto,100,291,Matto,17104-1610,Хабаровск
2025-08-26 14:13:02,Прокладка под выпускной коллектор HINO K13C/EK100 17173-1031/ 03010-S Matto,13,264,Matto,17173-1031,Хабаровск
2025-08-26 14:13:02,Прокладка под выпускной коллектор HINO K13D/C 24109-1410 W/MT HL,2,241,Huang Lin,24109-1410,Хабаровск
2025-08-26 14:13:02,Прокладка под выпускной коллектор HINO P11C 17104-1860/03006-1-S Matto,4,211,Matto,17104-1860,Хабаровск
2025-08-26 14:13:02,Прокладка под выпускной коллектор HINO P11C 24109-1150/ 03006-2-S Matto,7,208,Matto,24109-1150,Хабаровск
2025-08-26 14:13:02,Прокладка под выпускной коллектор HINO W06D 17104-1220 W/MT HL,1,269,Huang Lin,17104-1220,Хабаровск
2025-08-26 14:13:02,Прокладка под выпускной коллектор ISUZU 10PE1/10PC1/10PD1/12PD1 1-14145-185-0 / 83021-S Matto !,198,106,Matto,1-14145-185-0,Хабаровск
2025-08-26 14:13:02,Прокладка под выпускной коллектор ISUZU 4BE1 1-14145-138-0 HL,5,277,Huang Lin,1-14145-138-0,Хабаровск
2025-08-26 14:13:02,Прокладка под выпускной коллектор ISUZU 4JB1/4JG2 8-97109-216-1 DF,32,196,DRAGONFLYS,8-97109-216-1,Хабаровск
2025-08-26 14:13:02,Прокладка под выпускной коллектор ISUZU 6BG1 1-14145-114-0 DF,16,101,DRAGONFLYS,1-14145-114-0,Хабаровск
2025-08-26 14:13:02,Прокладка под выпускной коллектор ISUZU 6BG1 1-14145-114-0/ 83004-S Matto,13,195,Matto,1-14145-114-0,Хабаровск
2025-08-26 14:13:02,Прокладка под выпускной коллектор ISUZU 6HE1/6HH1 8-94393-672-1 W/MT HL,9,367,Huang Lin,8-94393-672-1,Хабаровск
2025-08-26 14:13:02,Прокладка под выпускной коллектор ISUZU 6HE1/6HH1 8-94393-672-1/83023-S-PB Matto,8,291,Matto,8-94393-672-1,Хабаровск
2025-08-26 14:13:02,Прокладка под выпускной коллектор ISUZU 6SD1 1-14145-144-0/ 83012-S Matto,4,266,Matto,1-14145-144-0,Хабаровск
2025-08-26 14:13:02,Прокладка под выпускной коллектор ISUZU 6WG1 1-14145-182-1 DF,10,184,DRAGONFLYS,1-14145-182-1,Хабаровск
2025-08-26 14:13:02,Прокладка под выпускной коллектор ISUZU 6WG1 1-14145-182-1 HL,30,410,Huang Lin,1-14145-182-1,Хабаровск
2025-08-26 14:13:02,Прокладка под выпускной коллектор ISUZU 6WG1 1-14145-182-1/ 83005-S Matto,1,413,Matto,1-14145-182-1,Хабаровск
2025-08-26 14:13:02,Прокладка под выпускной коллектор MMC 10DC11 31132-00903 / 63011-S Matto !,52,98,Matto,63011-S,Хабаровск
2025-08-26 14:13:02,Прокладка под выпускной коллектор MMC 4D30/31/35 ME013811 DF,24,101,DRAGONFLYS,ME013811,Хабаровск
2025-08-26 14:13:02,Прокладка под выпускной коллектор MMC 4D30/31/35 ME013811 W/MT HL,2,572,Huang Lin,ME013811,Хабаровск
2025-08-26 14:13:02,Прокладка под выпускной коллектор MMC 4D31/35 4D31/35 6D/31 63006-S ME013811 Matto,191,157,Matto,ME013811,Хабаровск
2025-08-26 14:13:02,Прокладка под выпускной коллектор MMC 4M40 ME201356 HL,7,244,Huang Lin,ME201356,Хабаровск
2025-08-26 14:13:02,Прокладка под выпускной коллектор MMC 6D14 ME033401/ 63016-S Matto,12,283,Matto,ME033401,Хабаровск
2025-08-26 14:13:02,Прокладка под выпускной коллектор MMC 6D15/16/17 ME033496 DF,40,67,DRAGONFLYS,ME033496,Хабаровск
2025-08-26 14:13:02,Прокладка под выпускной коллектор MMC 6D15/16/17 ME033496/ 63015-S-PB Matto,171,242,Matto,ME033496,Хабаровск
2025-08-26 14:13:02,Прокладка под выпускной коллектор MMC 6D22/22T/6D24 ME053112/ 63023-S Matto !,25,160,Matto,ME053112,Хабаровск
2025-08-26 14:13:02,Прокладка под выпускной коллектор MMC 6D40 ME120352 / 63043-S Matto !,61,153,Matto,ME120352,Хабаровск
2025-08-26 14:13:02,Прокладка под выпускной коллектор MMC 8DC11 63011-S 31132-00903 Matto,7,204,Matto,31132-00903,Хабаровск
2025-08-26 14:13:02,Прокладка под выпускной коллектор MMC 8DC9 ME065696 / 63011-S/31132-00903 Matto !,4,155,Matto,ME065696,Хабаровск
2025-08-26 14:13:02,Прокладка под выпускной коллектор NISSAN BD30 14036-43G00 DF,22,109,DRAGONFLYS,14036-43G00,Хабаровск
2025-08-26 14:13:02,Прокладка под выпускной коллектор NISSAN BD30 14036-43G00/ 73002-S Matto,6,157,Matto,14036-43G00,Хабаровск
2025-08-26 14:13:02,Прокладка под выпускной коллектор NISSAN ED33/FD35/FD42/FD46 14036-T9300 W/SA HL,14,57,Huang Lin,14036-T9300,Хабаровск
2025-08-26 14:13:02,Прокладка под выпускной коллектор NISSAN ED33/FD35/FD42/FD46 14036-T9300/ 73003-S Matto,56,217,Matto,14036-T9300,Хабаровск
2025-08-26 14:13:02,Прокладка под выпускной коллектор NISSAN FE6 73009-S/14005-Z5503 Matto,10,266,Matto,14005-Z5503,Хабаровск
2025-08-26 14:13:02,Прокладка под выпускной коллектор NISSAN RE10 73007-S/14008-97000 Matto !,100,29,Matto,14008-97000,Хабаровск
2025-08-26 14:13:02,Прокладка под выпускной коллектор NISSAN RE8 14008-97001 / 73019-S Matto !,130,93,Matto,14008-97001,Хабаровск
2025-08-26 14:13:02,Прокладка под выпускной коллектор NISSAN RF8/RF10 14008-97002 73020-S Matto !,103,98,Matto,14008-97002,Хабаровск
2025-08-26 14:13:02,Прокладка под выпускной коллектор TOYOTA 15B 17173-58030 HL,3,990,Huang Lin,17173-58030,Хабаровск
2025-08-26 14:13:02,Прокладка под гильзу S1147-11510 F17C OEM,1,1329,JMC,S1147-11510,Хабаровск
2025-08-26 14:13:02,Прокладка под свечные отверстия jh-18105-1/S62339 90480-30025 Toyota,2,171,JMC,90480-30025,Хабаровск
2025-08-26 14:13:02,Прокладка поддона (4) MAZDA SL 570370-NA / MAZ-SL-OP (коплект 2шт) Matto,1,372,Matto,MAZ-SL-OP,Хабаровск
2025-08-26 14:13:02,Прокладка поддона (резина) VG14150004 Howo,1,266,Дизель,VG14150004,Хабаровск
2025-08-26 14:13:02,Прокладка поддона 1-11367-100-0/1-11367-096-1/-132-0 6BG1/6BD1 HL,1,611,Huang Lin,1-11367-100-0,Хабаровск
2025-08-26 14:13:02,Прокладка поддона 1-11367-130-0/1-11367-111-0 6WF1-T/6WG1-T C/E-Serie HL,5,1349,Huang Lin,1-11367-130-0,Хабаровск
2025-08-26 14:13:02,Прокладка поддона 8-97080-194-0 4JB1 HL,9,348,Huang Lin,8-97080-194-0,Хабаровск
2025-08-26 14:13:02,Прокладка поддона 98414688 Iveco Orig !,2,2193,Iveco,98414688,Хабаровск
2025-08-26 14:13:02,Прокладка поддона D-125350 / 8-97364-386-0 ISUZU Дизель,9,515,Дизель,D-125350,Хабаровск
2025-08-26 14:13:02,Прокладка поддона D-126910 / 1009031-29D FAW CA6DL1/2 Дизель,14,289,Дизель,D-126910,Хабаровск
2025-08-26 14:13:02,Прокладка поддона HINO EK100 12151-1013/ 12151-2671 / 070150-NA Matto,7,460,Matto,12151-1013,Хабаровск
2025-08-26 14:13:02,Прокладка поддона HINO EP100 12151-2161/070180-NA Matto,1,276,Matto,12151-2161,Хабаровск
2025-08-26 14:13:02,Прокладка поддона HINO F17C 070190-NA/HIN-F17C-OP Matto,1,1041,Matto,12151-2140,Хабаровск
2025-08-26 14:13:02,Прокладка поддона HINO F20C 12151-2140A HL,8,796,Huang Lin,12151-2140A,Хабаровск
2025-08-26 14:13:02,Прокладка поддона HINO HO7D/C 12151-2251 070220-NA Matto,1,911,Matto,12151-2251,Хабаровск
2025-08-26 14:13:02,Прокладка поддона HINO HO7D/C 12151-2251 DF,5,526,DRAGONFLYS,12151-2251,Хабаровск
2025-08-26 14:13:02,Прокладка поддона HINO J05C 070230-NA 12151-2622 Matto,5,883,Matto,070230-NA,Хабаровск
2025-08-26 14:13:02,Прокладка поддона HINO J08C 12151-2611 DF,3,655,DRAGONFLYS,12151-2611,Хабаровск
2025-08-26 14:13:02,Прокладка поддона HINO J08C 12151-2611/ 070250-NA Matto,39,1372,Matto,12151-2611,Хабаровск
2025-08-26 14:13:02,Прокладка поддона HINO K13C 12151-2280 HL,5,953,Huang Lin,12151-2280,Хабаровск
2025-08-26 14:13:02,Прокладка поддона HINO K13D/EK100 12151-2671 / 070280-LNA Matto,3,883,Matto,12151-2671,Хабаровск
2025-08-26 14:13:02,Прокладка поддона HINO P11C 12151-2660 070380-G Matto,8,881,Matto,12151-2660,Хабаровск
2025-08-26 14:13:02,Прокладка поддона HINO WO6D 070310-NA Matto,3,883,Matto,HIN-WO6D-OP,Хабаровск
2025-08-26 14:13:02,Прокладка поддона ISUZU 10PC1 1-11367-020-0 HL,4,884,Huang Lin,1-11367-020-0,Хабаровск
2025-08-26 14:13:02,Прокладка поддона ISUZU 4BE1 8-94170-387-0 87007-NBR Matto,13,416,Matto,8-94170-387-0,Хабаровск
2025-08-26 14:13:02,Прокладка поддона ISUZU 4BE1 8-94170-387-0 DF,19,244,DRAGONFLYS,8-94170-387-0,Хабаровск
2025-08-26 14:13:02,Прокладка поддона ISUZU 4BE1 8-94170-387-0 HL,27,355,Huang Lin,8-94170-387-0,Хабаровск
2025-08-26 14:13:02,Прокладка поддона ISUZU 4HF1 8-97190-191-0 / 87027-NBR-PB Matto,6,494,Matto,8-97190-191-0,Хабаровск
2025-08-26 14:13:02,Прокладка поддона ISUZU 4HF1/4HG1 8-97146-148-0 DF,52,435,DRAGONFLYS,8-97146-148-0,Хабаровск
2025-08-26 14:13:02,Прокладка поддона ISUZU 4HF1/4HG1 8-97146-148-0/ 87016-NBR Matto,334,520,Matto,8-97146-148-0,Хабаровск
2025-08-26 14:13:02,Прокладка поддона ISUZU 4HK1 8-97363-845-1 HL,2,751,Huang Lin,8-97363-845-1,Хабаровск
2025-08-26 14:13:02,Прокладка поддона ISUZU 4HK1 870820-LNA-PB / ISU-4HK1-OP Matto,8,980,Matto,ISU-4HK1-OP,Хабаровск
2025-08-26 14:13:02,Прокладка поддона ISUZU 4JG1/4JG2 8-97045-324-0 87003-NBR Matto,12,467,Matto,8-97045-324-0,Хабаровск
2025-08-26 14:13:02,Прокладка поддона ISUZU 4JG1/4JG2 8-97045-324-0 W/AF HL,2,194,Huang Lin,8-97045-324-0,Хабаровск
2025-08-26 14:13:02,Прокладка поддона ISUZU 6HH1 870400-NA/ISU-6HH1-OP Matto,5,813,Matto,ISU-6HH1-OP,Хабаровск
2025-08-26 14:13:02,Прокладка поддона ISUZU 6WG1 870750-NA Matto (дефект),1,67,Matto,870750-NA,Хабаровск
2025-08-26 14:13:02,Прокладка поддона MAZDA HA 570290-NA-PB / MAZ-HA-OP 2pcs/SET Matto,5,319,Matto,MAZ-HA-OP,Хабаровск
2025-08-26 14:13:02,Прокладка поддона MAZDA HA 57038-COR 1363-89-104 (коплект 4 шт) Matto,8,301,Matto,1363-89-104,Хабаровск
2025-08-26 14:13:02,Прокладка поддона MAZDA SL SL01-10-442/3 (комплект 2шт) HL,21,267,Huang Lin,SL01-10-442/3,Хабаровск
2025-08-26 14:13:02,Прокладка поддона MAZDA TM TF01-10-427 57014-NBR Matto,19,704,Matto,TF01-10-427,Хабаровск
2025-08-26 14:13:02,Прокладка поддона MAZDA TM TF01-10-427 DF,10,435,DRAGONFLYS,TF01-10-427,Хабаровск
2025-08-26 14:13:02,Прокладка поддона MAZDA TM TF01-10-427 HL,16,570,Huang Lin,TF01-10-427,Хабаровск
2025-08-26 14:13:02,Прокладка поддона MB OM501LA 076180/ A5410140722 / 420438 Mercedes/Elring !,1,1045,Elring,076.180,Хабаровск
2025-08-26 14:13:02,Прокладка поддона MMC 10DC11 670871-NA Matto,6,549,Matto,ISU-10DC11-OP,Хабаровск
2025-08-26 14:13:02,Прокладка поддона MMC 6D22T/6D24 ME152344 670740-NA Matto,7,511,Matto,ME152344,Хабаровск
2025-08-26 14:13:02,Прокладка поддона MMC 6D40-OP 670770-NA Matto,6,460,Matto,MIT-6D40-OP,Хабаровск
2025-08-26 14:13:02,Прокладка поддона MMC 8DC9/11 ME061741 670850-NA Matto,3,992,Matto,ME061741,Хабаровск
2025-08-26 14:13:02,Прокладка поддона MMC 8DC9/11 ME061741 HL,4,720,Huang Lin,ME061741,Хабаровск
2025-08-26 14:13:02,Прокладка поддона NISSAN ED33/FD33 11121-J2000/ 770530-NA Matto,1,525,Matto,11121-J2000,Хабаровск
2025-08-26 14:13:02,Прокладка поддона NISSAN FD46 770561-NA/NIS-FD46-OP Matto,16,796,Matto,NIS-FD46-OP,Хабаровск
2025-08-26 14:13:02,Прокладка поддона NISSAN FE6 11121-Z5000 HL,14,720,Huang Lin,11121-Z5000,Хабаровск
2025-08-26 14:13:02,Прокладка поддона NISSAN FE6 770581-NA/11121-Z5000 Matto,29,1030,Matto,11121-Z5000,Хабаровск
2025-08-26 14:13:02,Прокладка поддона NISSAN FE6A 771250-NA-PB 11121-Z5505/11121-5503/5506 Matto,1,1619,Matto,11121-Z5505,Хабаровск
2025-08-26 14:13:02,Прокладка поддона NISSAN PE6T 770680-NA Matto,5,723,Matto,NIS-PE6T-OP,Хабаровск
2025-08-26 14:13:02,Прокладка поддона NISSAN PF6 11121-96013 770701-NA Matto,1,942,Matto,11121-96013,Хабаровск
2025-08-26 14:13:02,Прокладка поддона NISSAN QD32 11121-63G02 / 77011-COR-PB Matto,5,295,Matto,11121-63G02,Хабаровск
2025-08-26 14:13:02,Прокладка поддона NISSAN RE8 770860-NA Matto,3,567,Matto,NIS-RE8-OP,Хабаровск
2025-08-26 14:13:02,Прокладка поддона NISSAN RH10 770930-NA Matto,2,551,Matto,NIS-RH10-OP,Хабаровск
2025-08-26 14:13:02,Прокладка поддона TOYOTA 11B/14B 12151-58030 W/CORK HL,6,183,Huang Lin,12151-58030,Хабаровск
2025-08-26 14:13:02,Прокладка приемной трубы глушителя 8-97381-455-0 HL,1,85,Huang Lin,8-97381-455-0,Хабаровск
2025-08-26 14:13:02,"Прокладка пробки КПП 8-97115-712-0/9-09720-560-0/9-09920-943-0 ID=17 F,N-series ORIG",3,134,Isuzu,8-97115-712-0,Хабаровск
2025-08-26 14:13:02,Прокладка пробки поддона 1009017FD020 JAC N35 ORIG,5,56,JAC,1009017FD020,Хабаровск
2025-08-26 14:13:02,Прокладка теплообменника D-126771 / 81400010032 JAC N350 WP10 E-5 Дизель,1,95,Дизель,D-126771,Хабаровск
2025-08-26 14:13:02,Прокладка термостата 6140-11-6331 KOMATSU HL,8,63,Huang Lin,6140-11-6331,Хабаровск
2025-08-26 14:13:02,Прокладка термостата 6162-13-6440 KOMATSU HL,21,847,Huang Lin,6162-13-6440,Хабаровск
2025-08-26 14:13:02,Прокладка термостата 8-98114-587-0 N-series 4JJ1-TC HL,7,100,Huang Lin,8-98114-587-0,Хабаровск
2025-08-26 14:13:02,Прокладка термостата P101/16325-76010 56мм Toyota Dyna/ToyoAce HL,15,61,Huang Lin,16325-76010,Хабаровск
2025-08-26 14:13:02,Прокладка термостата P102/16325-63010/16325-63011/16325-70021 48мм Toyota Dyna/ToyoAce HL,5,29,Huang Lin,16325-70021,Хабаровск
2025-08-26 14:13:02,Прокладка термостата P105/16341-35010 52мм Toyota Dyna/ToyoAce HL,2,47,Huang Lin,16341-35010,Хабаровск
2025-08-26 14:13:02,Прокладка термостата P108/16346-17010/16325-1390 64мм Toyota/Hino HL,6,85,Huang Lin,16346-17010,Хабаровск
2025-08-26 14:13:02,Прокладка термостата P115/16346-67010 60мм Toyota Dyna/Toyoace HL,2,69,Huang Lin,16346-67010,Хабаровск
2025-08-26 14:13:02,Прокладка термостата P203/11062-D5700 54мм NISSAN SR16/SR20/QR25DE HL,3,24,Huang Lin,11062-D5700,Хабаровск
2025-08-26 14:13:02,Прокладка термостата P212/11062-41B01 54мм NISSAN UD HL,4,65,Huang Lin,11062-41B01,Хабаровск
2025-08-26 14:13:02,Прокладка термостата P802/8-94365-674-2 54мм Isuzu N-series HL,18,27,Huang Lin,8-94365-674-2,Хабаровск
2025-08-26 14:13:02,Прокладка термостата P804/1-13743-016-0/8-13743-013-0 82мм Isuzu F-series HL,77,109,Huang Lin,1-13743-016-0,Хабаровск
2025-08-26 14:13:02,Прокладка топливной трубки (обратки) 8-98065-993-0 6WG1/6WF1 HL,1,105,Huang Lin,8980659930,Хабаровск
2025-08-26 14:13:02,Прокладка топливной трубки (соединение обратки ID=10.6) D-128144/8-98079-755-0 4HK1/6HK1/4HG1 Дизель,50,133,Дизель,D-128144,Хабаровск
2025-08-26 14:13:02,Прокладка топливной форсунки D-127822 / 8-97601-447-2 / 8-98079-248-0 Isuzu Дизель,446,96,Дизель,D-127822,Хабаровск
2025-08-26 14:13:02,Прокладка трубки подачи масла 202V08901-0183 HOWO T5G MC11,13,229,Дизель,202V08901-0183,Хабаровск
2025-08-26 14:13:02,Прокладка трубки системы охлаждения 8-98009-322-0 N-series HL,3,165,Huang Lin,8-98009-322-0,Хабаровск
2025-08-26 14:13:02,Прокладка турбины ISUZU 4HE1/4HK1 8-97063-602-0 HL,4,502,Huang Lin,8-97063-602-0,Хабаровск
2025-08-26 14:13:02,Прокладка турбины квадрат 61560110210 HOWO / JAC N350,4,111,Дизель,61560110210,Хабаровск
2025-08-26 14:13:02,Прокладка турбины круг WG9112540015 HOWO,3,106,Дизель,WG9112540015,Хабаровск
2025-08-26 14:13:02,Прокладка турбокомпрессора 24109-1860/S2410-91860/05024-S-PB J05C/N04C HINO300 E-3/4 Matto,3,508,Matto,24109-1860,Хабаровск
2025-08-26 14:13:02,Прокладка турбокомпрессора D-125957 / 612600114275 JAC N350 WP10 E-5 Дизель,2,61,Дизель,D-125957,Хабаровск
2025-08-26 14:13:02,Прокладка турбокомпрессора D-126772 / 61560110210 JAC N350 WP10 E-5 Дизель,4,175,Дизель,D-126772,Хабаровск
2025-08-26 14:13:02,Прокладка турбокомпрессора S2413-51121 HINO500 E-4 HL,1,65,Huang Lin,S2413-51121,Хабаровск
2025-08-26 14:13:02,Прокладка форсунки MH035663 Fuso Canter FE85 HL,7,22,Huang Lin,MH035663,Хабаровск
2025-08-26 14:13:02,Прокладка шкворня D-125958 / HFF3001042-62CK5G JAC N350 Дизель,7,259,Дизель,D-125958,Хабаровск
2025-08-26 14:13:02,Прокладка 1-09623-409-0 Isuzu/Комплект колец 08-283100-00,7,2960,Isuzu,1-09623-409-0,Хабаровск
2025-08-26 14:13:02,Прокладки ГБЦ 22311-4X700 BONGO III 2.9 !,2,2001,Rhee Jin,22311-4X700,Хабаровск
2025-08-26 14:13:02,Прокладки картера (к-т 4шт) D-127906 / 200V05840-6008 HOWO T5G Дизель,5,4323,Дизель,D-127906,Хабаровск
2025-08-26 14:13:02,Проставка опоры верхняя 54073/0.700031398 Mercedes/ Auger !,1,3040,Auger,54073,Хабаровск
2025-08-26 14:13:02,Протектор подножки левый 8-98157-943-0 CYZ52 до 2014г ORIG,1,1632,Isuzu,8-98157-943-0,Хабаровск
2025-08-26 14:13:02,Пружина B-026-1/FTS-026-1/ 44420-46700 PM,1,379,Paul Master,FTS-026-1,Хабаровск
2025-08-26 14:13:02,Пружина C-005-1/FCS-005 / FCS-006 ME620200 PM,1,159,Paul Master,FCS-005,Хабаровск
2025-08-26 14:13:02,Пружина C4N-05001RH,2,3630,JMC,C4N-05001RH,Хабаровск
2025-08-26 14:13:02,Пружина C4N-06002H,2,6659,JMC,C4N-06002H,Хабаровск
2025-08-26 14:13:02,"Пружина FE-012-1/FBS-012FK комплект, передняя PM",8,1022,Paul Master,FBS-012FK,Хабаровск
2025-08-26 14:13:02,"Пружина FE-012-2 / FBS-012RK комплект, задняя PM",11,1021,Paul Master,FBS-012RK,Хабаровск
2025-08-26 14:13:02,Пружина FV-024-1 / FBS-024R MC805022 PM,2,1271,Paul Master,FBS-024R,Хабаровск
2025-08-26 14:13:02,Пружина HI-008 / HBS-011 / 47660-1650 PM,5,1589,Paul Master,HBS-011,Хабаровск
2025-08-26 14:13:02,Пружина HI-009 / HBS-009 47660-1640 PM,1,1177,Paul Master,HBS-009,Хабаровск
2025-08-26 14:13:02,"Пружина IS-015-1 / IBS-015K комплект, rear PM",7,918,Paul Master,IBS-015K,Хабаровск
2025-08-26 14:13:02,Пружина IS-055 / IBS-055 1-09583-269-1 PM,2,1248,Paul Master,IBS-055,Хабаровск
2025-08-26 14:13:02,Пружина TO-005 / TBS-005 3*15*192mm PM,4,500,Paul Master,TBS-005,Хабаровск
2025-08-26 14:13:02,Пружина U-005 /FUS-005/ME065750 PM,1,182,Paul Master,FUS-005,Хабаровск
2025-08-26 14:13:02,Пружина U-006 / FUS-006 PM,10,182,Paul Master,FUS-006,Хабаровск
2025-08-26 14:13:02,Пружина U-008 /FUS-008/ME702118 PM,7,182,Paul Master,FUS-008,Хабаровск
2025-08-26 14:13:02,Пружина U-011 / HUS-011 9873-01163 SH1/3/4F# SH3V# 98~ PM,2,182,Paul Master,HUS-011,Хабаровск
2025-08-26 14:13:02,Пружина U-012 / HUS-012 22341-2310 FN/FP/FR28# FR/FS33 85-91` PM,5,202,Paul Master,HUS-012,Хабаровск
2025-08-26 14:13:02,Пружина U-013 / IUS-013 PM,1,182,Paul Master,IUS-013,Хабаровск
2025-08-26 14:13:02,Пружина Y-001 / MYS-001 / W023-43-081A PM,8,531,Paul Master,MYS-001,Хабаровск
2025-08-26 14:13:02,Пружина Y-004 / TYS-004 PM,8,528,Paul Master,TYS-004,Хабаровск
2025-08-26 14:13:02,Пружина Y-005 / MYS-005 PM,7,311,Paul Master,MYS-005,Хабаровск
2025-08-26 14:13:02,Пружина Y-007 /UYS-007/ 46537-Z5003 CPA410 CPA390 CLA410 CMA410 88~ PM,1,575,Paul Master,Y-007,Хабаровск
2025-08-26 14:13:02,Пружина Y-012 / IYS-012 8-97014-698-0 PM,2,409,Paul Master,IYS-012,Хабаровск
2025-08-26 14:13:02,Пружина Z-003 / FZS-003 ME670265 FP/FU/FS/FV5# PM,6,270,Paul Master,FZS-003,Хабаровск
2025-08-26 14:13:02,Пружина Z-005 /HZS-005/47608-1080 PM,6,347,Paul Master,HZS-005,Хабаровск
2025-08-26 14:13:02,Пружина Z-007 / IZS-007 105mm Isuzu NKR PM,2,227,Paul Master,IZS-007,Хабаровск
2025-08-26 14:13:02,Пружина Z-011 / HZS-011 PM,1,266,Paul Master,HZS-011,Хабаровск
2025-08-26 14:13:02,Пружина Z-012 / FZS-012/ ME658484 PM,8,300,Paul Master,FZS-012,Хабаровск
2025-08-26 14:13:02,Пружина болта клапанной крышки D-128052 / 1003066A81D FAW CA6DL2/CA6DM2 Дизель,17,162,Дизель,D-128052,Хабаровск
2025-08-26 14:13:02,Пружина возвратная сцепления 1-09583-305-0 FVR34/FSR90/CYZ52/CYZ51 (K),37,437,Дизель,1-09583-305-0,Хабаровск
2025-08-26 14:13:02,Пружина возвратная сцепления D-125155 / 1-09583-305-0 FVR34/FSR90/CYZ52/CYZ51 Дизель,194,648,Дизель,D-125155,Хабаровск
2025-08-26 14:13:02,Пружина выжимного подшипника HCS-080 / 31234-1080 2.0mm PM,7,190,Paul Master,HCS-080,Хабаровск
2025-08-26 14:13:02,Пружина кабины 1-09580-515-0 C-series ORIG,22,3569,Isuzu,1-09580-515-0,Хабаровск
2025-08-26 14:13:02,Пружина кабины D-125349 / 1-09580-515-0 C-series Дизель,30,1325,Дизель,D-125349,Хабаровск
2025-08-26 14:13:02,Пружина колодки тормозной передней D-128433 / 3501436-4E 195мм J5/J6 FAW Дизель,10,135,Дизель,D-128433,Хабаровск
2025-08-26 14:13:02,"Пружина КПП 1-09580-374-0 F,C,E,N series ORIG",1,188,Isuzu,1-09580-374-0,Хабаровск
2025-08-26 14:13:02,Пружина передней подвески 8-97357-109-1 NLR85 ORIG,4,19571,Isuzu,8-97357-109-1,Хабаровск
2025-08-26 14:13:02,Пружина тормозная короткая AZ199112340049 L=170 Howo,23,76,Дизель,AZ199112340049,Хабаровск
2025-08-26 14:13:02,"Пружина тормозной колодки 1-09583-365-1/1-09583-365-0 C,E,F-series ORIG",5,3365,Isuzu,1095833651,Хабаровск
2025-08-26 14:13:02,Пружина тормозной колодки B-008 / HBS-008/ SZ5060-6003 / 9873-06105 FN#/FS#/FR# PM,11,1135,Paul Master,HBS-008,Хабаровск
2025-08-26 14:13:02,Пружина тормозной колодки B-010 /HBS-010/ 47660-1290 ALL PM,12,1067,Paul Master,HBS-010,Хабаровск
2025-08-26 14:13:02,Пружина тормозной колодки B-036 PM,5,696,Paul Master,B-036,Хабаровск
2025-08-26 14:13:02,Пружина тормозной колодки B-037 / HBS-037 47660-1300 ALL PM,24,976,Paul Master,HBS-037,Хабаровск
2025-08-26 14:13:02,Пружина тормозной колодки B-038 / HBS-038 47450-1140 FW27/28/60# FF17/19#2H#3H# PM,16,908,Paul Master,HBS-038,Хабаровск
2025-08-26 14:13:02,Пружина тормозной колодки B-040 PM,8,455,Paul Master,B-040,Хабаровск
2025-08-26 14:13:02,Пружина тормозной колодки B-042 / HBS-042 47450-1170 PM,6,794,Paul Master,HBS-042,Хабаровск
2025-08-26 14:13:02,Пружина тормозной колодки B-042-1 / HBS-042R 47450-1160 PM,6,817,Paul Master,HBS-042R,Хабаровск
2025-08-26 14:13:02,Пружина тормозной колодки B-044 PM,1,422,Paul Master,B-044,Хабаровск
2025-08-26 14:13:02,Пружина тормозной колодки IS-014 / IBS-014 5-09583-118-0 NPR/NKR/NKS/NPS 86-05` PM,10,680,Paul Master,IBS-014,Хабаровск
2025-08-26 14:13:02,Пружина тормозной колодки IS-059 /IBS-059/ 5-09583-136-0 PM,10,385,Paul Master,IBS-059,Хабаровск
2025-08-26 14:13:02,Пружина тормозной колодки MA/MBS-005 3*18*147mm PM,26,568,Paul Master,MBS-005,Хабаровск
2025-08-26 14:13:02,Пружина тормозной колодки UD-034-2/UBS-034R2 44069-90017 PM,1,1402,Paul Master,UBS-034R-2,Хабаровск
2025-08-26 14:13:02,Пружина тормозной колодки UD-043 / UBS-043 41020-Z5003 PM,4,951,Paul Master,UBS-043,Хабаровск
2025-08-26 14:13:02,Пружина тормозной колодки UD-043-1 / UBS-043R 44070-90016 PM,6,953,Paul Master,UBS-043R,Хабаровск
2025-08-26 14:13:02,Пружина тормозной колодки UD-044 / UBS-044 41020-Z5004 PM,4,863,Paul Master,UBS-044,Хабаровск
2025-08-26 14:13:02,"Пружина тормозных колодок D-125961 / AK69000340028 задних, нижняя JAC N350 Дизель",4,174,Дизель,D-125961,Хабаровск
2025-08-26 14:13:02,Пружина торсиона кабины D-126773 / 5001074BA03/A FAW J6 Дизель,2,1047,Дизель,D-126773,Хабаровск
2025-08-26 14:13:02,Пылезащитная прокладка 58138-76000 HYUNDAI/KIA,1,553,JMC,5813876000,Хабаровск
2025-08-26 14:13:02,Пыльник ''555'' 76-13511-360 29 MADE IN JAPAN,1,50,JMC,76-13511-360,Хабаровск
2025-08-26 14:13:02,Пыльник ''555'' 76-22932-360 12 MADE IN JAPAN,3,135,JMC,76-22932-360,Хабаровск
2025-08-26 14:13:02,Пыльник ''555'' 76-51711-360 40 арм.,5,49,JMC,76-51711-360,Хабаровск
2025-08-26 14:13:02,Пыльник ''555'' 76-66132-360 06,1,50,Дизель,76-66132-60,Хабаровск
2025-08-26 14:13:02,Пыльник 0K63B-2253XA BONGO III 5MT4WD !,15,1959,Дизель,0K63B-2253XA,Хабаровск
2025-08-26 14:13:02,Пыльник 44124-T6001 Nissan,4,116,JMC,44124-T6001,Хабаровск
2025-08-26 14:13:02,Пыльник DR322817 (для наконечника 8-97107-348-2/349-2) !,1734,46,Chase,DR322817,Хабаровск
2025-08-26 14:13:02,Пыльник DR362224UP (маятника рулевого 8-97189-457-0/455-0) !,211,162,Дизель,DR362224UP,Хабаровск
2025-08-26 14:13:02,Пыльник DR403017LW (для наконечника 48570-0T025/48520-0T025) !,583,116,Дизель,DR403017LW,Хабаровск
2025-08-26 14:13:02,Пыльник DR403516LW (наконечника тяги 8-97107-318-1/321-0) !,1648,101,Chase,DR403516LW,Хабаровск
2025-08-26 14:13:02,Пыльник DR413326LW+UP (шаровой опоры 8-97142-452-1) !,232,208,Дизель,DR413326LW+UP,Хабаровск
2025-08-26 14:13:02,Пыльник DR422721LW+UP (наконечника тяги 8-97222-505-0/506-0) !,3020,185,Chase,DR422721LW+UP,Хабаровск
2025-08-26 14:13:02,Пыльник DR503818LW (шаровой опоры MK469290/наконечника 48570-Z5005/5008 !,1280,137,Chase,DR503818LW,Хабаровск
2025-08-26 14:13:02,Пыльник DR513725LW+UP (шаровой опоры 8-97031-370-0/8-98025-499-0/наконечника MC812879/80) !,1853,173,Chase,DR513725UP+LW,Хабаровск
2025-08-26 14:13:02,Пыльник RP0000 S47P-32-125 03-094/R-837 SK22MN/SK82MN (MARUICHI),1,533,JMC,S47P-32-125,Хабаровск
2025-08-26 14:13:02,Пыльник амортизатора BIRTH 52991 Ford Transit,2,840,JMC,52991,Хабаровск
2025-08-26 14:13:02,Пыльник амортизатора NSHB-002 Nissan,1,300,Дизель,NSHB-002,Хабаровск
2025-08-26 14:13:02,Пыльник буксы балансира BM1040/49354-1040 HINO 500/700,58,285,Дизель,49354-1040,Хабаровск
2025-08-26 14:13:02,Пыльник кулисы КПП верх D-126774 / 1703041-61B/D FAW J6 Дизель,7,815,Дизель,D-126774,Хабаровск
2025-08-26 14:13:02,Пыльник кулисы КПП ниж 1703046-61B/C FAW J6,1,892,Дизель,1703046-61B/C,Хабаровск
2025-08-26 14:13:02,Пыльник наконечника рулевой тяги 45447-1331/45447-1221 Y,98,274,Yamasida,S4544-71221,Хабаровск
2025-08-26 14:13:02,Пыльник нижней шаровой опоры 1-05-011,2,214,JMC,105-011,Хабаровск
2025-08-26 14:13:02,Пыльник привода 5`825 FB-2518,1,871,JMC,FB-2518,Хабаровск
2025-08-26 14:13:02,Пыльник привода BD0507,1,409,JMC,BD0507,Хабаровск
2025-08-26 14:13:02,Пыльник привода внутренний 6613305201 Istana !,12,1218,JMC,6613305201,Хабаровск
2025-08-26 14:13:02,Пыльник привода наруж. 02-145/04438-60020/21,1,478,JMC,04438-60020,Хабаровск
2025-08-26 14:13:02,Пыльник рычага КПП D-127181 / SIZ-05G297 / 1-79996-299-0 / 1-79996-365-0 C-series Дизель,26,906,Дизель,D-127181,Хабаровск
2025-08-26 14:13:02,Пыльник рычага перекл.передач SMS-05G298 MC024414-S FUSO Sсhmaco !,5,1510,Schmaco,SMS-05G298,Хабаровск
2025-08-26 14:13:02,Пыльник суппорта MB295604,1,273,JMC,MB295604,Хабаровск
2025-08-26 14:13:02,Пыльник Т.Ц. SC50094 WC-2608 FB-2030 44124-M4910/17C10 ***,7,26,Seiken,SC50094,Хабаровск
2025-08-26 14:13:02,Пыльник Т.Ц. SC50354 WB-01156 FB-... 44124-T6001,6,21,Seiken,SC50354,Хабаровск
2025-08-26 14:13:02,Пыльник Т.Ц. SC80684 WB-01191 47536-1360,9,224,JMC,SC80684,Хабаровск
2025-08-26 14:13:02,Пыльник тормоза переднего D-128434 / HFF3501224CK5G JAC N350 Дизель,1,1894,Дизель,D-128434,Хабаровск
2025-08-26 14:13:02,Пыльник тормозного механизма 93161625 Iveco Orig !,6,2671,Iveco,93161625,Хабаровск
2025-08-26 14:13:02,Пыльник шрус 02-145/04438-60021 Toyota,1,1454,Maruichi,04438-60021,Хабаровск
2025-08-26 14:13:02,"Пыльник ШРУС комплект (23*91,5*99) 12 ASBT2114",1,328,JMC,ASBT2114,Хабаровск
2025-08-26 14:13:02,Пыльники тяги 6614613096,8,545,Дизель,6614613096,Хабаровск
2025-08-26 14:13:02,Пятак упорный форсунки D-126584 / 200V90720-0214 MC11 Sitrak C7H Дизель,8,181,Дизель,D-126584,Хабаровск
2025-08-26 14:13:02,Р/к ГБ компрессора 550 малый 707516/1685884С91/107516 Freightliner,1,825,JMC,1685884С91,Хабаровск
2025-08-26 14:13:02,Р/к ГУР малый 2585853С91/RHS5544861/5542261 Freightliner,2,882,Дизель,RHS5544861,Хабаровск
2025-08-26 14:13:02,Р/к двигателя D-125567 / 5-87813-353-0 T=1.75 1-отв 4HG1 NPR/NQR 55/85 Дизель,9,6172,Дизель,D-125567,Хабаровск
2025-08-26 14:13:02,Р/К Масловлагоотделителя HDS-019 MK355939/DU-3 HD,44,3070,Дизель,HDS-019,Хабаровск
2025-08-26 14:13:02,"Р/К Масловлагоотделителя HDS-053 DU-3,4,5 HD !",18,1437,Дизель,HDS-053,Хабаровск
2025-08-26 14:13:02,"Р/К Масловлагоотделителя HDS-056 DR-5,6,31 / ME709265 HD !",9,969,Дизель,HDS-056,Хабаровск
2025-08-26 14:13:02,"Р/К Масловлагоотделителя HDS-057 DU-3,4,5 HD !",30,1293,Дизель,HDS-057,Хабаровск
2025-08-26 14:13:02,Р/к насоса ГУР D-127268 / 9344-0327/ MC814148 / 1-85574-004-1 / MMC / ISU Дизель,13,921,Дизель,D-127268,Хабаровск
2025-08-26 14:13:02,Р/к насоса ГУР D-127270 / 9344-0330/1-87520-180-0/179-0/1-85574014-1/MC826334/MC813860 Дизель,12,948,Дизель,D-127270,Хабаровск
2025-08-26 14:13:02,Р/К сервоусилителя КПП D-127857/HDC-018/33510-1450/33510-1270/9365-0039/9365-0029 HINO HD Дизель,7,1740,Дизель,D-127857,Хабаровск
2025-08-26 14:13:02,Р/к тормозных колодок задних ROCK MK39/KIT8000/100.4515.21 Freightliner,1,441,Дизель,100.4515.21,Хабаровск
2025-08-26 14:13:02,Р/к тормозных колодок передних EATON 1308/1443 NL1683/MK-77/BSK-9/100.1308.30 Freightliner,2,470,JMC,NL1683,Хабаровск
2025-08-26 14:13:02,Р/к тормозных колодок 4726/4709 ESII 08-114900/BSK/100.4709.11 Freightliner,2,589,JMC,4726/4709,Хабаровск
2025-08-26 14:13:02,Р/к торм механиз без регул и сальн EM963534 Techno Brake !,11,3487,Technobrake,ЕМ963534,Хабаровск
2025-08-26 14:13:02,"Р/к торм. вала на сторону 0980102130SKV / 09.801.02.13.0 BPW H/K/N Series (SN30/36/42.) 42x46x72,5",831,796,SKV,0980102130SKV,Хабаровск
2025-08-26 14:13:02,Р/к торм. вала осей ROR AXL122 SKV / 030204200240 / ASK1122 / 52261 LM/TA/TAC/TE/TM SKV,401,926,SKV,AXL122SKV,Хабаровск
2025-08-26 14:13:02,Р/к тормозного крана HDE-041 / MK326827 MMC FUSO HD !,1,570,Дизель,HDE-041,Хабаровск
2025-08-26 14:13:02,Р/к тормозного крана HDE-042 / 1-87830-373-0 ISUZU CXM/CXZ/CVR 90` HD дефект,1,206,Дизель,HDE-042,Хабаровск
2025-08-26 14:13:02,Р/к тормозных колодок (4515 с ухом) NL1610/BSK2HD/100.4515.10 Freightliner,1,589,Дизель,100.4515.10,Хабаровск
2025-08-26 14:13:02,"Рабочий тормозной цилиндр 1-1/16"" 44101-0T010 H41 R Y",7,2856,Yamasida,44101-0T010,Хабаровск
2025-08-26 14:13:02,"Рабочий тормозной цилиндр 1-1/16"" 44103-0T010 H41 R Y",6,2856,Yamasida,44103-0T010,Хабаровск
2025-08-26 14:13:02,"Рабочий тормозной цилиндр 1-1/16"" 8-94131-652-0 R.LH Isuzu NPR 6.98T Y",16,1796,Yamasida,8-94131-652-0,Хабаровск
2025-08-26 14:13:02,"Рабочий тормозной цилиндр 1-1/16"" 8-94154-907-3 FR NPR58 Isuzu Y",1,1837,Yamasida,8-94154-907-3,Хабаровск
2025-08-26 14:13:02,"Рабочий тормозной цилиндр 1-1/2 "" 47510-1870/S475-101870 HINO500 F .RH FW1K#, GD8J# 01~",1,9723,Yamasida,47510-1870,Хабаровск
2025-08-26 14:13:02,"Рабочий тормозной цилиндр 1-1/2 "" 47530-1860/S475-301860 HINO500 F. LH FW1K#, GD8J# 01~ Y",2,13558,Yamasida,47530-1860,Хабаровск
2025-08-26 14:13:02,"Рабочий тормозной цилиндр 1-1/2 "" 47540-1091/S475-401091 HINO500 F. LH FW1K#, GD8J# 01~ Y",1,8550,Yamasida,47540-1091,Хабаровск
2025-08-26 14:13:02,"Рабочий тормозной цилиндр 1-1/2"" 47510-1440 F.RH.F FD11T 2003~Y",2,5614,Yamasida,47510-1440,Хабаровск
2025-08-26 14:13:02,"Рабочий тормозной цилиндр 1-1/2"" 47550-1690 REAR (58,56) Hino S Y",3,7345,Yamasida,47550-1690,Хабаровск
2025-08-26 14:13:02,"Рабочий тормозной цилиндр 1-1/2"" 47550-1930/2180 F.RH.F FC2J# Hino Y",1,7270,Yamasida,47550-1930,Хабаровск
2025-08-26 14:13:02,"Рабочий тормозной цилиндр 1-1/2"" 47550-2330 R.RH.F FD10.5T HINO Y",3,5100,Yamasida,47550-2330,Хабаровск
2025-08-26 14:13:02,"Рабочий тормозной цилиндр 1-1/2"" 47560-1450B F.RH.A Y MFD10.4T,FC8.6T,8.7T 1992~ Y",9,7317,Yamasida,47560-1450B,Хабаровск
2025-08-26 14:13:02,"Рабочий тормозной цилиндр 1-1/2"" 47570-1350B F.LH.F HINO Y",11,7936,Yamasida,47570-1350B,Хабаровск
2025-08-26 14:13:02,"Рабочий тормозной цилиндр 1-1/2"" 47570-1690/47570-1350B R.LH.F FD10.5T 2003~ Y",1,6180,Yamasida,47570-1690,Хабаровск
2025-08-26 14:13:02,Рабочий тормозной цилиндр 1-1/4'' MK356639 R.LH FE53/63/73C/E/D/FE82/83E/B FUSO CANTER NEW Y,26,4081,Yamasida,MK356639,Хабаровск
2025-08-26 14:13:02,Рабочий тормозной цилиндр 1-1/4'' MK356641 R.LH.A FE53/63/73C/E/D/FE82/83E/B FUSO CANTER NEW SKV,43,2733,SKV,MK356641,Хабаровск
2025-08-26 14:13:02,Рабочий тормозной цилиндр 1-1/4'' MK356641 R.LH.A FE53/63/73C/E/D/FE82/83E/B FUSO CANTER NEW Y,9,4944,Yamasida,MK356641,Хабаровск
2025-08-26 14:13:02,Рабочий тормозной цилиндр 1-1/4'' MK356642 R.RH FE53/63/73C/E/D/FE82/83E/B FUSO CANTER NEW SKV,46,2733,SKV,MK356642,Хабаровск
2025-08-26 14:13:02,Рабочий тормозной цилиндр 1-1/4'' MK356642 R.RH FE53/63/73C/E/D/FE82/83E/B FUSO CANTER NEW Y,20,4081,Yamasida,MK356642,Хабаровск
2025-08-26 14:13:02,Рабочий тормозной цилиндр 1-1/4'' MK356643 F.LH.F FUSO CANTER NEW Y,54,3468,Yamasida,MK356643,Хабаровск
2025-08-26 14:13:02,Рабочий тормозной цилиндр 1-1/4'' MK356644 F.RH.F FUSO CANTER NEW SKV,10,2733,SKV,MK356644,Хабаровск
2025-08-26 14:13:02,Рабочий тормозной цилиндр 1-1/4'' MK356644 F.RH.F FUSO CANTER NEW Y,37,3468,Yamasida,MK356644,Хабаровск
2025-08-26 14:13:02,"Рабочий тормозной цилиндр 1-1/4"" 47560-36070 TOYOTA DYNA BU30 R.RH.A Y",1,2203,Yamasida,47560-36070,Хабаровск
2025-08-26 14:13:02,"Рабочий тормозной цилиндр 1-1/4"" MB060246 F.RH T120,FE3#,4#,FC3#,4# 1974~95 Y",7,1837,Yamasida,MB060246,Хабаровск
2025-08-26 14:13:02,"Рабочий тормозной цилиндр 1-1/4"" MC832754 F.LH CANTERFE119,449,659 1990~97 Y",1,1069,Yamasida,MC832754,Хабаровск
2025-08-26 14:13:02,"Рабочий тормозной цилиндр 1-1/4"" MC832755 F.RH CANTERFE119,449,659 1990~97",1,1823,Yamasida,MC832755,Хабаровск
2025-08-26 14:13:02,"Рабочий тормозной цилиндр 1-1/4"" MC886168 R.LH.F CANTERFE6597.7T 1995~96",1,2832,Yamasida,MC886168,Хабаровск
2025-08-26 14:13:02,"Рабочий тормозной цилиндр 1-1/4"" MC886169 R.RH.F CANTERFE6597.7T 1995~96 !",1,1773,Yamasida,MC886169,Хабаровск
2025-08-26 14:13:02,"Рабочий тормозной цилиндр 1-1/4"" MC886170 R.LH.A CANTERFE6597.7T 1995~96",1,1773,Yamasida,MC886170,Хабаровск
2025-08-26 14:13:02,"Рабочий тормозной цилиндр 1-1/4"" MC886171 R.RH.A CANTERFE6597.7T 1995~96 !",1,1935,Yamasida,MC886171,Хабаровск
2025-08-26 14:13:02,"Рабочий тормозной цилиндр 1-1/8"" 41102-0T010 H41 F Y",2,2290,Yamasida,41102-0T010,Хабаровск
2025-08-26 14:13:02,"Рабочий тормозной цилиндр 1-1/8"" 47530-36101 F.LH.F DYNABU6#,8#6W 1993~95 Y",5,1837,Yamasida,47530-36101,Хабаровск
2025-08-26 14:13:02,"Рабочий тормозной цилиндр 1-1/8"" 47530-37050 F.LH.F DYNABU211,221 1995~99 Y",2,3358,Yamasida,47530-37050,Хабаровск
2025-08-26 14:13:02,"Рабочий тормозной цилиндр 1-1/8"" 47540-37030 F.LH.A DYNA Toyota Y",2,3583,Yamasida,47540-37030,Хабаровск
2025-08-26 14:13:02,"Рабочий тормозной цилиндр 1-1/8"" 47550-36080 R.RH.F Toyota DYNA BU/RU2#,3#,4#,5# Y",1,1674,Yamasida,47550-36080,Хабаровск
2025-08-26 14:13:02,"Рабочий тормозной цилиндр 1-1/8"" 47550-36191 S Toyota Y",9,2754,Yamasida,47550-36191,Хабаровск
2025-08-26 14:13:02,"Рабочий тормозной цилиндр 1-1/8"" 47550-36200 R.RH.F/FRONT OR UPPER DUNABU1026.1T Y",1,3585,Yamasida,47550-36200,Хабаровск
2025-08-26 14:13:02,"Рабочий тормозной цилиндр 1-1/8"" 47560-36080 R.RH.A Toyota DYNA Y",3,2431,Yamasida,47560-36080,Хабаровск
2025-08-26 14:13:02,"Рабочий тормозной цилиндр 1-1/8"" 47560-36191 R.RH.A DYNABU102,RZU,XZU3.5T 1996~ Y",3,2653,Yamasida,47560-36191,Хабаровск
2025-08-26 14:13:02,"Рабочий тормозной цилиндр 1-1/8"" 47570-36080 R.LH.F/FRONT OR UPPER Toyota DYNA Y",1,1307,Yamasida,47570-36080,Хабаровск
2025-08-26 14:13:02,"Рабочий тормозной цилиндр 1-1/8"" 47570-36191 S DYNA/TOYOACE 89~ Y",4,2653,Yamasida,47570-36191,Хабаровск
2025-08-26 14:13:02,"Рабочий тормозной цилиндр 1-1/8"" 47580-36191 R.LH.A DYNABU102,RZU,XZU3.5T 1996~ Y",6,2754,Yamasida,47580-36191,Хабаровск
2025-08-26 14:13:02,"Рабочий тормозной цилиндр 1-1/8"" 47580-36200 R.LH.A DYNAXZU300L,320L 2001~ Y",5,3585,Yamasida,47580-36200,Хабаровск
2025-08-26 14:13:02,"Рабочий тормозной цилиндр 1-1/8"" 47580-37071 R.LH.A DUTRO 2001~ Y",5,3306,Yamasida,47580-37071,Хабаровск
2025-08-26 14:13:02,"Рабочий тормозной цилиндр 1-1/8"" 8-97078-613-0 8-97170-950-0 F.LH.F ELF,NKR,NQR,NPR 1992~97 Y",11,1928,Yamasida,8-97078-613-0,Хабаровск
2025-08-26 14:13:02,"Рабочий тормозной цилиндр 1-1/8"" 8-97081-147-0/8-97179-358-0 F.LH Isuzu ELF, NKR, NQR, NPRTURBO Y",12,1428,Yamasida,8-97081-147-0,Хабаровск
2025-08-26 14:13:02,"Рабочий тормозной цилиндр 1-1/8"" 8-97170-951-0 F.RH NKR Isuzu RHD Y",6,1977,Yamasida,8-97170-951-0,Хабаровск
2025-08-26 14:13:02,"Рабочий тормозной цилиндр 1-1/8"" MB060582 R.RH.F 1980~95 Y",2,1837,Yamasida,MB060582,Хабаровск
2025-08-26 14:13:02,"Рабочий тормозной цилиндр 1-1/8"" MC894284 / MC112231 R.LH.A CANTERFB308,409,511,FE635 1992~96 Y",2,2897,Yamasida,MC894284,Хабаровск
2025-08-26 14:13:02,"Рабочий тормозной цилиндр 1-1/8"" MC894285 / 112232 R.RH.F CANTERFB308,409,511,FE635 1992~96 Y",6,2897,Yamasida,MC894285,Хабаровск
2025-08-26 14:13:02,"Рабочий тормозной цилиндр 1-1/8"" W023-33-410/410A/C/E/F F.RH.A T3000,3500,4000(6W),4WD 1985~98 Y",2,1591,Yamasida,W023-33-410,Хабаровск
2025-08-26 14:13:02,"Рабочий тормозной цилиндр 1-1/8"" W023-33-710/710A/C/D/E F.LH.F T3000,3500,4000(6W),4WD 85~98 Y",3,1591,Yamasida,W023-33-710,Хабаровск
2025-08-26 14:13:02,"Рабочий тормозной цилиндр 1-1/8"" W211-33-410 F.RH.A T2600,3000,3500,4000 1989~98 Y",5,1591,Yamasida,W211-33-410,Хабаровск
2025-08-26 14:13:02,"Рабочий тормозной цилиндр 1-1/8"" W211-33-610/W023-33-610... F.RH.F T2600,3000,3500,4000 1989~98 Y",20,1591,Yamasida,W211-33-610,Хабаровск
2025-08-26 14:13:02,"Рабочий тормозной цилиндр 1-1/8"" WA97-33-510 F.LH.A T3500TURBO,T4000,T4600 1990~98 Y",7,2903,Yamasida,WA97-33-510,Хабаровск
2025-08-26 14:13:02,"Рабочий тормозной цилиндр 1-1/8"" WA97-33-710 F.LH.F T3500TURBO,T4000,T4600 1990~98 Y",5,2687,Yamasida,WA97-33-710,Хабаровск
2025-08-26 14:13:02,"Рабочий тормозной цилиндр 1-11/16"" 44100-90206 R.LH.A UD14.5T 1990~ Y",1,6094,Yamasida,44100-90206,Хабаровск
2025-08-26 14:13:02,"Рабочий тормозной цилиндр 1-11/16"" 44101-90017 R.RH.F UD14.5T,CP87 1990~",1,6112,Yamasida,44101-90017,Хабаровск
2025-08-26 14:13:02,"Рабочий тормозной цилиндр 1-11/16"" 44101-90018 R.LH.F UD14.5T,CP87 1990~ !",1,3889,Yamasida,44101-90018,Хабаровск
2025-08-26 14:13:02,"Рабочий тормозной цилиндр 1-3/16'' 47510-37110/11 F.RH UP LP-5650 HINO/DYNA BU3/4#,XZU3#4# 300# Y",107,4492,Yamasida,47510-37111,Хабаровск
2025-08-26 14:13:02,"Рабочий тормозной цилиндр 1-3/16'' 47520-37130/31 F.RH LOW LP-5651 HINO/DYNA BU3/4#,XZU3#4#300# Y",98,4492,Yamasida,47520-37131,Хабаровск
2025-08-26 14:13:02,"Рабочий тормозной цилиндр 1-3/16'' 47530-37110/11 F.LH UP LP-5652 HINO/DYNA BU3/4#,XZU3#4# 300# Y",105,4492,Yamasida,47530-37111,Хабаровск
2025-08-26 14:13:02,"Рабочий тормозной цилиндр 1-3/16'' 47540-37130/31 F.LH. LOW LP-5653 HINO/DYNA BU3/4#,XZU3#4# 300# Y",111,4043,Yamasida,47540-37131,Хабаровск
2025-08-26 14:13:02,"Рабочий тормозной цилиндр 1-3/16'' 47550-37130 R.RH F.LP-5654 HINO/DYNA BU3/4#,XZU3#4# 300# 99~ Y !",66,5063,Yamasida,47550-37130,Хабаровск
2025-08-26 14:13:02,"Рабочий тормозной цилиндр 1-3/16'' 47550-37150/51 R.RH F. LP-5658 HINO/DYNA BU3/4#,XZU3#4# 300# Y",101,5476,Yamasida,47550-37151,Хабаровск
2025-08-26 14:13:02,"Рабочий тормозной цилиндр 1-3/16'' 47560-37180/81 R.RH. R LP-5660 HINO/DYNA BU3/4#,XZU3#4# 300# Y",96,5476,Yamasida,47560-37181,Хабаровск
2025-08-26 14:13:02,"Рабочий тормозной цилиндр 1-3/16'' 47570-37090 R.LH. F LP-5655 HINO/DYNA BU3/4#,XZU3#4# 300# 99~ Y",69,5063,Yamasida,47570-37090,Хабаровск
2025-08-26 14:13:02,"Рабочий тормозной цилиндр 1-3/16'' 47570-37110/11 R.LH. F LP-5659 HINO/DYNA BU3/4#,XZU3#4# 300# Y",121,4928,Yamasida,47570-37111,Хабаровск
2025-08-26 14:13:02,"Рабочий тормозной цилиндр 1-3/16'' 47580-37170/71 R.LH. R LP-5656 HINO/DYNA BU3/4#,XZU3#4# 300# Y",104,5476,Yamasida,47580-37171,Хабаровск
2025-08-26 14:13:02,"Рабочий тормозной цилиндр 1-3/16"" 47530-37080 F.LH.F DYNAXZU330L,340L 2001~ Y",1,2936,Yamasida,47530-37080,Хабаровск
2025-08-26 14:13:02,"Рабочий тормозной цилиндр 1-3/16"" 47550-37070 R.RH.F DUNABU211, 221 Toyota Y",2,7231,Yamasida,47550-37070,Хабаровск
2025-08-26 14:13:02,"Рабочий тормозной цилиндр 1-3/16"" 8-94414-691-0/ 2 /8-97139-812-0 F.LH ELF,NKR,NPR Y",3,1786,Yamasida,8-94414-691-2,Хабаровск
2025-08-26 14:13:02,"Рабочий тормозной цилиндр 1-3/16"" 8-97139-822-0 R.RH.F ELF,NKR,NQR,NPRTURBO 1992~ Y",8,1744,Yamasida,8-97139-822-0,Хабаровск
2025-08-26 14:13:02,"Рабочий тормозной цилиндр 1-3/16"" 8-97139-852-0 R.RH ISUZU NPR 01~ Y",5,2754,Yamasida,8-97139-852-0,Хабаровск
2025-08-26 14:13:02,"Рабочий тормозной цилиндр 1-3/16"" 8-97139-853-0 R.LH ISUZU NPR 01~ Y",4,2754,Yamasida,8-97139-853-0,Хабаровск
2025-08-26 14:13:02,"Рабочий тормозной цилиндр 1-3/8"" 8-97160-398-0/8-97353-573-0 F.RH.F ELF,NQR,NPR 1996~ !",16,1679,Yamasida,8-97160-398-0,Хабаровск
2025-08-26 14:13:02,"Рабочий тормозной цилиндр 1-3/8"" MC832586 F.RH.F FK417 1990~ без прокачки Y",5,3397,Yamasida,MC832586,Хабаровск
2025-08-26 14:13:02,"Рабочий тормозной цилиндр 1-3/8"" MC832586 F.RH.F FK417 1990~ без прокачки SKV",29,1990,SKV,MC832586,Хабаровск
2025-08-26 14:13:02,"Рабочий тормозной цилиндр 1-3/8"" MC832587/MC812783 F.RH.A FK417 1990~ с прокачкой Y",3,3397,Yamasida,MC832587,Хабаровск
2025-08-26 14:13:02,"Рабочий тормозной цилиндр 1-5/8 "" 47580-1690/S475-801690 HINO500 R. LH FW1K#, GD8J# 01~ !",3,5529,Yamasida,47580-1690,Хабаровск
2025-08-26 14:13:02,"Рабочий тормозной цилиндр 1-5/8 "" 47580-1730/S475-801730 HINO500 R. LH FW1K#, GD8J# 01~ Y !",6,4440,Yamasida,47580-1730,Хабаровск
2025-08-26 14:13:02,"Рабочий тормозной цилиндр 1-5/8"" 47550-2340 R.RH.F FD11T Hino ""S"" Y",1,5892,Yamasida,47550-2340,Хабаровск
2025-08-26 14:13:02,"Рабочий тормозной цилиндр 1-5/8"" 47570-1700 R.LH.F FD11T 2003~ Y",2,5892,Yamasida,47570-1700,Хабаровск
2025-08-26 14:13:02,"Рабочий тормозной цилиндр 1-7/16"" 47520-1110 F.RH.A FD10.5T 2003~ Y",11,4451,Yamasida,47520-1110,Хабаровск
2025-08-26 14:13:02,"Рабочий тормозной цилиндр 1-7/16"" 47530-1420/47530-1520/47530-1620 F.LH MFD10.4T,FC8.6T,8.7T 1992~ Y",25,2938,Yamasida,47530-1420,Хабаровск
2025-08-26 14:13:02,"Рабочий тормозной цилиндр 1-7/16"" 47530-1520 F.LH 4т FD Hino Y",4,4802,Yamasida,47530-1520,Хабаровск
2025-08-26 14:13:02,"Рабочий тормозной цилиндр 1-7/16"" 47530-1620 F.LH.F FD10.5T 2003~ Y",13,5416,Yamasida,47530-1620,Хабаровск
2025-08-26 14:13:02,"Рабочий тормозной цилиндр 1-7/16"" MC826093/826388 R.LH.A FK3#/4#/FN428/FS415/418 Y",7,4223,Yamasida,MC826093,Хабаровск
2025-08-26 14:13:02,"Рабочий тормозной цилиндр 1-7/16"" MC832589 R.LH.F FK417 1990~ Y",12,4462,Yamasida,MC832589,Хабаровск
2025-08-26 14:13:02,"Рабочий тормозной цилиндр 1-7/16"" MC832590 R.RH.F FK417 1990~ SKV",27,2178,SKV,MC832590,Хабаровск
2025-08-26 14:13:02,"Рабочий тормозной цилиндр 1"" 47550-37050 R.RH.F DUNABU101,11 Toyota Y !",2,3655,Yamasida,47550-37050,Хабаровск
2025-08-26 14:13:02,"Рабочий тормозной цилиндр 1"" 47550-60120/RZ-31 Yamasida",3,1333,Yamasida,47550-60120,Хабаровск
2025-08-26 14:13:02,"Рабочий тормозной цилиндр 1"" 47560-25070 Toyota Y",3,1891,Yamasida,47560-25070,Хабаровск
2025-08-26 14:13:02,"Рабочий тормозной цилиндр 1"" 47560-36100 TOYOTA DYNA BU62 R.RH.A Y",1,1652,Yamasida,47560-36100,Хабаровск
2025-08-26 14:13:02,"Рабочий тормозной цилиндр 1"" 47560-36110 Toyota BU67 5.2T R.RH.A Y",7,1935,Yamasida,47560-36110,Хабаровск
2025-08-26 14:13:02,"Рабочий тормозной цилиндр 1"" 47570-36110 R.LH.F Toyota BU/YU/WU/RU6#7#8#9# 84~ Y",3,2260,Yamasida,47570-36110,Хабаровск
2025-08-26 14:13:02,"Рабочий тормозной цилиндр 1"" 47580-25070 Toyota Y",3,2101,Yamasida,47580-25070,Хабаровск
2025-08-26 14:13:02,"Рабочий тормозной цилиндр 1"" 47580-36100 TOYOTA DYNA BU62 R.LH.A Y",1,1598,Yamasida,47580-36100,Хабаровск
2025-08-26 14:13:02,"Рабочий тормозной цилиндр 1"" 8-94128-142-1/3 R.RH ISUZU NKR 94-98` Y",3,1598,Yamasida,8-94128-142-1,Хабаровск
2025-08-26 14:13:02,"Рабочий тормозной цилиндр 1"" 8-94128-149-3/8-97179-349-0 R.LH ELF3.5T 1994~97 Y",6,1652,Yamasida,8-94128-149-3,Хабаровск
2025-08-26 14:13:02,"Рабочий тормозной цилиндр 1"" 8-97078-682-0/8-97139-842-0 R.LH ISUZU ELF, NKR, NPR Y",1,1632,Yamasida,8-97078-682-0,Хабаровск
2025-08-26 14:13:02,"Рабочий тормозной цилиндр 1"" 8-97349-689-0 R.LH Isuzu NLR85/NMR85 Y",102,2534,Yamasida,8-97349-689-0,Хабаровск
2025-08-26 14:13:02,"Рабочий тормозной цилиндр 1"" 8-97349-689-0 R.LH NLR85/NMR85 SKV",83,1984,SKV,8-97349-689-0,Хабаровск
2025-08-26 14:13:02,"Рабочий тормозной цилиндр 1"" 8-97349-690-0 R.RH Isuzu NLR85/NMR85 Y",28,2967,Yamasida,8-97349-690-0,Хабаровск
2025-08-26 14:13:02,"Рабочий тормозной цилиндр 1"" 8-97349-690-0 R.RH NLR85/NMR85 SKV",7,1984,SKV,8-97349-690-0,Хабаровск
2025-08-26 14:13:02,"Рабочий тормозной цилиндр 1"" 8-97349-691-0 R. LH Isuzu NKR71/81, NMR85 Y",37,2967,Yamasida,8-97349-691-0,Хабаровск
2025-08-26 14:13:02,"Рабочий тормозной цилиндр 1"" 8-97349-692-0 R.RH.F Isuzu NLR85/NMR85 Y",19,2967,Yamasida,8-97349-692-0,Хабаровск
2025-08-26 14:13:02,"Рабочий тормозной цилиндр 1"" MB162134 R.LH.F CANTER Y",7,1975,Yamasida,MB162134,Хабаровск
2025-08-26 14:13:02,"Рабочий тормозной цилиндр 1"" MB162135 R.RH.F CANTER Y",3,1975,Yamasida,MB162135,Хабаровск
2025-08-26 14:13:02,"Рабочий тормозной цилиндр 1"" MC895048 R.LH.F FA/FB500/501/510/51A/FB70A/FD50A/501 SKV",80,1918,SKV,MC895048,Хабаровск
2025-08-26 14:13:02,"Рабочий тормозной цилиндр 1"" MC895048 R.LH.F FA/FB500/501/510/51A/FB70A/FD50A/501 Y",38,2918,Yamasida,MC895048,Хабаровск
2025-08-26 14:13:02,"Рабочий тормозной цилиндр 1"" MC895049 R.RH.F FA/FB500/501/510/51A/FB70A/FD50A/501 SKV",79,1918,SKV,MC895049,Хабаровск
2025-08-26 14:13:02,"Рабочий тормозной цилиндр 1"" MC895050 R.LH.A FA/FB500/501/510/51A/FB70A/FD50A/501 SKV",81,1918,SKV,MC895050,Хабаровск
2025-08-26 14:13:02,"Рабочий тормозной цилиндр 1"" MC895051 R.RH.A FA/FB500/501/510/51A/FB70A/FD50A/501 SKV",81,1918,SKV,MC895051,Хабаровск
2025-08-26 14:13:02,"Рабочий тормозной цилиндр 1"" MC895051 R.RH.A FA/FB500/501/510/51A/FB70A/FD50A/501 Y",36,2918,Yamasida,MC895051,Хабаровск
2025-08-26 14:13:02,"Рабочий тормозной цилиндр 1"" W023-26-510/510A/C/D R.LH.A 1985~98 Y",6,2067,Yamasida,W023-26-510,Хабаровск
2025-08-26 14:13:02,"Рабочий тормозной цилиндр 1"" W211-26-410 R.RH.A T2600,3000,3500,4000 1989~98",4,2087,Yamasida,W211-26-410,Хабаровск
2025-08-26 14:13:02,"Рабочий тормозной цилиндр 1"" WA97-26-410 R.RH.A T3500TURBO,T4000,T4600 1990~98 Y",3,1893,Yamasida,WA97-26-410,Хабаровск
2025-08-26 14:13:02,"Рабочий тормозной цилиндр 1"" WA97-26-510 R.LH T3500TURBO,T4000,T4600 1990~98 Y",8,2938,Yamasida,WA97-26-510,Хабаровск
2025-08-26 14:13:02,"Рабочий тормозной цилиндр 1"" WA97-26-610 R.RH.F T3500TURBO,T4000,T4600 1990~98 Y",3,1916,Yamasida,WA97-26-610,Хабаровск
2025-08-26 14:13:02,"Рабочий тормозной цилиндр 11/8"" 47540-36180 F.LH.A DYNAXZU300L,320L 2001~ Y",4,1734,Yamasida,47540-36180,Хабаровск
2025-08-26 14:13:02,"Рабочий тормозной цилиндр 11/8"" 47570-37080 R.LH.F DYNAXZU300L,320L 2001~ !",1,2105,Yamasida,47570-37080,Хабаровск
2025-08-26 14:13:02,"Рабочий тормозной цилиндр 13/16"" 44100-05N13/05N23 Rear Nissan Atlas F23 ""Y""",12,1090,Yamasida,44100-05N13,Хабаровск
2025-08-26 14:13:02,"Рабочий тормозной цилиндр 13/16"" 8-97139-821-0 F.LH.F ELF 1992~ Y",6,1317,Yamasida,8-97139-821-0,Хабаровск
2025-08-26 14:13:02,"Рабочий тормозной цилиндр 40mm 1-47600-956-0 с прокачкой R.RH.F FRR,FSR 1992~ Y",4,4958,Yamasida,1-47600-956-0,Хабаровск
2025-08-26 14:13:02,Рабочий тормозной цилиндр 50.8mm 1-47600-690-0 F.LH ISUZU CXZ/FTR/FVR/CYZ/CYM Y,6,4407,Yamasida,1-47600-690-0,Хабаровск
2025-08-26 14:13:02,"Рабочий тормозной цилиндр 50.8mm 47510-1310 F.RH FG15T,GH17T 2003~ Y",1,8302,Yamasida,47510-1310,Хабаровск
2025-08-26 14:13:02,"Рабочий тормозной цилиндр 50.8mm 47530-1310 F.LH FG15T,GH17T 2003~ Y",1,5141,Yamasida,47530-1310,Хабаровск
2025-08-26 14:13:02,Рабочий тормозной цилиндр 58120-45201 HYUNDAI COUNTY/HD45/HD65/HD72/HD78 FRONT L BWC Y,27,1896,Yamasida,58120-45201,Хабаровск
2025-08-26 14:13:02,Рабочий тормозной цилиндр 58120-45201 HYUNDAI COUNTY/HD45/HD65/HD72/HD78 FRONT L SKV,165,1838,SKV,58120-45201,Хабаровск
2025-08-26 14:13:02,Рабочий тормозной цилиндр 58120-5K000 HYUNDAI COUNTY/HD45/HD65/HD72/HD78 FRONT SKV,34,3051,SKV,58120-5K000,Хабаровск
2025-08-26 14:13:02,Рабочий тормозной цилиндр 58130-5K000 HYUNDAI COUNTY/HD45/HD65/HD72/HD78 FRONT R SKV,67,2833,SKV,58130-5K000,Хабаровск
2025-08-26 14:13:02,Рабочий тормозной цилиндр 58150-62003 HYUNDAI HD120 FR LH SKV,106,2319,SKV,58150-62003,Хабаровск
2025-08-26 14:13:02,Рабочий тормозной цилиндр 58220-45201 HYUNDAI COUNTY/HD45/HD65/HD72/HD78 FRONT R BWC Y,137,1896,Yamasida,58220-45201,Хабаровск
2025-08-26 14:13:02,Рабочий тормозной цилиндр 58220-5K000 HYUNDAI COUNTY/HD45/HD65/HD72/HD78 FRONT SKV,2,3117,SKV,58220-5K000,Хабаровск
2025-08-26 14:13:02,Рабочий тормозной цилиндр 58230-5K000 HYUNDAI COUNTY/HD45/HD65/HD72/HD78 FRONT R SKV,3,3117,SKV,58230-5K000,Хабаровск
2025-08-26 14:13:02,Рабочий тормозной цилиндр 58250-62003 HYUNDAI HD120 FR RH SKV,88,2266,SKV,58250-62003,Хабаровск
2025-08-26 14:13:02,Рабочий тормозной цилиндр 58320-45201 HYUNDAI COUNTY/HD45/HD65/HD72/HD78 REAR L BWC Y,45,2401,Yamasida,58320-45201,Хабаровск
2025-08-26 14:13:02,Рабочий тормозной цилиндр 58320-45201 HYUNDAI COUNTY/HD45/HD65/HD72/HD78 REAR L SKV,198,1745,SKV,58320-45201,Хабаровск
2025-08-26 14:13:02,Рабочий тормозной цилиндр 58320-4B820 LH HYUNDAI PORTER SKV,76,834,SKV,58320-4B820,Хабаровск
2025-08-26 14:13:02,Рабочий тормозной цилиндр 58330-62004 HYUNDAI HD120 RR LH SKV,67,2787,SKV,58330-62004,Хабаровск
2025-08-26 14:13:02,Рабочий тормозной цилиндр 58350-62004 HYUNDAI HD120 RR LH SKV,116,2567,SKV,58350-62004,Хабаровск
2025-08-26 14:13:02,Рабочий тормозной цилиндр 58420-45201 HYUNDAI COUNTY/HD45/HD65/HD72/HD78 REAR R BWC Y,253,2401,Yamasida,58420-45201,Хабаровск
2025-08-26 14:13:02,Рабочий тормозной цилиндр 58420-45201 HYUNDAI COUNTY/HD45/HD65/HD72/HD78 REAR R SKV,113,1579,SKV,58420-45201,Хабаровск
2025-08-26 14:13:02,Рабочий тормозной цилиндр 58420-4B820 RH HYUNDAI PORTER SKV,50,972,SKV,58420-4B820,Хабаровск
2025-08-26 14:13:02,Рабочий тормозной цилиндр 58430-62004 HYUNDAI HD120 RR RH SKV,114,2770,SKV,58430-62004,Хабаровск
2025-08-26 14:13:02,Рабочий тормозной цилиндр 58450-5H601 HYUNDAI COUNTY/HD45/HD65/HD72/HD78 REAR R SKV,34,3392,SKV,58450-5H601,Хабаровск
2025-08-26 14:13:02,Рабочий тормозной цилиндр 58450-62004/52450-62010 HYUNDAI HD120 RR RH SKV,129,2567,SKV,58450-62004,Хабаровск
2025-08-26 14:13:02,"Рабочий тормозной цилиндр 7/8"" 44100-3T010 R ATLAS/CABSTARF23 Y",4,1249,Yamasida,44100-3T010,Хабаровск
2025-08-26 14:13:02,"Рабочий тормозной цилиндр 7/8"" 8-97179-334-0/8-94128-152-3 R.LH Isuzu NHR 93~ Y",7,1652,Yamasida,8-97179-334-0,Хабаровск
2025-08-26 14:13:02,"Рабочий тормозной цилиндр 7/8"" 8-97179-336-0/8-94128-145-1 R,RH,A ELF,NHR,NKR 1988~ Y",5,1652,Yamasida,8-97179-336-0,Хабаровск
2025-08-26 14:13:02,Рабочий тормозной цилиндр 8-97122-862-0 1-3/16'' ISUZU Y,2,1533,Yamasida,8-97122-862-0,Хабаровск
2025-08-26 14:13:02,"Рабочий тормозной цилиндр 8-97147-968-0 R.RH.A ISUZU ELF,NQR,NPR Y",5,2759,Yamasida,8-97147-968-0,Хабаровск
2025-08-26 14:13:02,Рабочий тормозной цилиндр 8-97358-874-0/276 / LP-5325-1 1-3/16 ISUZU LHD Front L без прокачки Y,194,2299,Yamasida,8-97358-874-0,Хабаровск
2025-08-26 14:13:02,"Рабочий тормозной цилиндр 8-97358-875-0 LP-5325-3 1-3/16"" ISUZU LHD Front R Y без прокачки Y",273,2299,Yamasida,8-97358-875-0,Хабаровск
2025-08-26 14:13:02,"Рабочий тормозной цилиндр 8-97358-876-0 LP-5325-2 1-3/16"" ISUZU LHD front L с прокачкой Y",258,2299,Yamasida,8-97358-876-0,Хабаровск
2025-08-26 14:13:02,"Рабочий тормозной цилиндр 8-97358-877-0/277 / LP-5325-4 1-3/16"" ISUZU LHD Front R с прокачкой Y",145,2299,Yamasida,8-97358-877-0,Хабаровск
2025-08-26 14:13:02,"Рабочий тормозной цилиндр 8-97358-878-0/270 / LP-5325-5 1-5/16"" ISUZU LHD Rear L без прокачки Y",307,2732,Yamasida,8-97358-878-0,Хабаровск
2025-08-26 14:13:02,"Рабочий тормозной цилиндр 8-97358-878-0/270 1-5/16"" ISUZU LHD Rear L SKV",9,1887,SKV,8-97358-878-0,Хабаровск
2025-08-26 14:13:02,"Рабочий тормозной цилиндр 8-97358-879-0/272 1-5/16"" ISUZU LHD Rear R SKV",147,1887,SKV,8-97358-879-0,Хабаровск
2025-08-26 14:13:02,"Рабочий тормозной цилиндр 8-97358-879-0/272 LP-5325-7 1-5/16"" ISUZU LHD Rear R без прокачки Y",170,2732,Yamasida,8-97358-879-0,Хабаровск
2025-08-26 14:13:02,"Рабочий тормозной цилиндр 8-97358-880-0/271 / LP-5325-6 1-5/16"" ISUZU LHD Rear L с прокачкой Y",231,2732,Yamasida,8-97358-880-0,Хабаровск
2025-08-26 14:13:02,"Рабочий тормозной цилиндр 8-97358-880-0/271 1-5/16"" ISUZU LHD Rear L SKV",21,1783,SKV,8-97358-880-0,Хабаровск
2025-08-26 14:13:02,"Рабочий тормозной цилиндр 8-97358-881-0/273 / LP-5325-8 1-5/16"" ISUZU LHD Rear R с прокачкой Y",245,2734,Yamasida,8-97358-881-0,Хабаровск
2025-08-26 14:13:02,"Рабочий тормозной цилиндр 8-97358-881-0/273 1-5/16"" ISUZU LHD Rear R SKV",240,1887,SKV,8-97358-881-0,Хабаровск
2025-08-26 14:13:02,Рабочий тормозной цилиндр 8-98081-324-0 FR RH NMR85 ORIG,2,9684,Isuzu,8980813240,Хабаровск
2025-08-26 14:13:02,Рабочий тормозной цилиндр 8-98081-324-0 FR RH NMR85 SKV,71,1788,SKV,8-98081-324-0,Хабаровск
2025-08-26 14:13:02,Рабочий тормозной цилиндр 8-98081-324-0 FR RH NMR85 Y,98,2860,Yamasida,8-98081-324-0,Хабаровск
2025-08-26 14:13:02,Рабочий тормозной цилиндр 8-98081-325-0 FR LH NMR85 Y,95,2574,Yamasida,8-98081-325-0,Хабаровск
2025-08-26 14:13:02,Рабочий тормозной цилиндр 8-98081-326-0 FR RH NMR85 SKV,129,1788,SKV,8-98081-326-0,Хабаровск
2025-08-26 14:13:02,Рабочий тормозной цилиндр 8-98081-326-0 FR RH NMR85 Y,96,2576,Yamasida,8-98081-326-0,Хабаровск
2025-08-26 14:13:02,Рабочий тормозной цилиндр 8-98081-327-0 FR LH NMR85 ORIG,1,9455,Isuzu,8-98081-327-0,Хабаровск
2025-08-26 14:13:02,Рабочий тормозной цилиндр 8-98081-327-0 FR LH NMR85 Y,101,2576,Yamasida,8-98081-327-0,Хабаровск
2025-08-26 14:13:02,"Рабочий тормозной цилиндр D-125691/8-97179-357-0 / 8-97081-148-0 F.RH ELF, NKR, NQR, NPRTURBO Дизель",1,1037,Дизель,D-125691,Хабаровск
2025-08-26 14:13:02,"Рабочий тормозной цилиндр D-125692/8-97179-358-0/8-97081-147-0 F.LH Isuzu ELF,NKR,NQR, NPR Дизель",1,1058,Дизель,D-125692,Хабаровск
2025-08-26 14:13:02,Рабочий тормозной цилиндр D-127859 / HDE-050 MC889050 FP/FT/FV/FS/FU/FY5# HD Дизель,48,10195,Дизель,D-127859,Хабаровск
2025-08-26 14:13:02,Рабочий тормозной цилиндр HDE-049 HINO700 47510-1950/209-6F66-7-1/2 HD,28,6779,Дизель,HDE-049,Хабаровск
2025-08-26 14:13:02,Рабочий тормозной цилиндр LP-5489 58420-5H601 HYUNDAI COUNTY/HD45/HD65/HD72/HD78 REAR R BWC Y,47,4653,Yamasida,58420-5H601,Хабаровск
2025-08-26 14:13:02,Рабочий тормозной цилиндр LP-5490 58350-5H601 HYUNDAI COUNTY/HD45/HD65/HD72/HD78 REAR L BWC Y,66,4653,Yamasida,58350-5H601,Хабаровск
2025-08-26 14:13:02,Рабочий тормозной цилиндр LP-5493 58230-5K000 HYUNDAI COUNTY/HD45/HD65/HD72/HD78 FRONT R BWC Y,24,4935,Yamasida,58230-5K000,Хабаровск
2025-08-26 14:13:02,Рабочий тормозной цилиндр LP-5494 58220-5K000 HYUNDAI COUNTY/HD45/HD65/HD72/HD78 FRONT BWC Y,54,3508,Yamasida,58220-5K000,Хабаровск
2025-08-26 14:13:02,Рабочий тормозной цилиндр LP-5495 58120-5K000 HYUNDAI COUNTY/HD45/HD65/HD72/HD78 FRONT BWC Y,29,4766,Yamasida,58120-5K000,Хабаровск
2025-08-26 14:13:02,Рабочий тормозной цилиндр MC826782/1-47600-682-0/MC807776 55.56mm R/R FV41921T 1990~ Y,1,5325,Yamasida,MC826782,Хабаровск
2025-08-26 14:13:02,Рабочий тормозной цилиндр в сборе G-brake GC-319,1,2198,JMC,GC-319,Хабаровск
2025-08-26 14:13:02,"Рабочий цилиндр сцепления 1-1/16"" 8-97047-972-0/8-97212-011-0 ISUZU NHR 93- Y",1,1497,Yamasida,8-97047-972-0,Хабаровск
2025-08-26 14:13:02,"Рабочий цилиндр сцепления 1"" 8-97024-297-0/8-97032-846-1/851-1 ELF,NKR,NQR,NPR 1988~98 Y",3,1387,Yamasida,8-97024-297-0,Хабаровск
2025-08-26 14:13:02,"Рабочий цилиндр сцепления 1"" 8-97039-709-0 ELF,NPR,NQR8.7T 1998~ SKV",64,1186,SKV,8-97039-709-0,Хабаровск
2025-08-26 14:13:02,"Рабочий цилиндр сцепления 1"" 8-97039-709-0 ELF,NPR,NQR8.7T 1998~ Y",22,1469,Yamasida,8-97039-709-0,Хабаровск
2025-08-26 14:13:02,"Рабочий цилиндр сцепления 1"" 8-98004-780-1/8-98004-780-0/8-97349-423-0 N-series SKV",84,919,SKV,8-98004-780-1,Хабаровск
2025-08-26 14:13:02,"Рабочий цилиндр сцепления 11/16"" 30620-V6370 NISSAN F23 92~ Y",2,1167,Yamasida,30620-V6370,Хабаровск
2025-08-26 14:13:02,Рабочий цилиндр сцепления 13/16'' 31470-35110 DYNA/TOYOACE LY2# 12#-16# Y,2,1101,Yamasida,31470-35110,Хабаровск
2025-08-26 14:13:02,"Рабочий цилиндр сцепления 13/16"" 31470-26100 LY230,280 RZY220,230,231,281 TRY220,230 TOYOTA Y",2,1409,Yamasida,31470-26100,Хабаровск
2025-08-26 14:13:02,"Рабочий цилиндр сцепления 3/4"" 30620-0T003 ATLAS,CABSTARF23,H41 1993~96 Y",2,1571,Yamasida,30620-0T003,Хабаровск
2025-08-26 14:13:02,"Рабочий цилиндр сцепления 3/4"" 30620-0T021 ATLAS,CABSTARF23,H41 1995~98 Y",2,1419,Yamasida,30620-0T021,Хабаровск
2025-08-26 14:13:02,"Рабочий цилиндр сцепления 3/4"" 31470-37040 DYNABU212,222,COASTERBB50,58 1996~ SKV",84,1010,SKV,31470-37040,Хабаровск
2025-08-26 14:13:02,"Рабочий цилиндр сцепления 3/4"" 31470-37040 DYNABU212,222,COASTERBB50,58 1996~ Y",22,1160,Yamasida,31470-37040,Хабаровск
2025-08-26 14:13:02,"Рабочий цилиндр сцепления 3/4"" 31470-E0041/31470-E0042 XZU3#,HINO300 Y",6,1547,Yamasida,31470-E0041,Хабаровск
2025-08-26 14:13:02,"Рабочий цилиндр сцепления 3/4"" S093-41-920 MAZDA RF/R2 Y",19,831,Yamasida,S093-41-920,Хабаровск
2025-08-26 14:13:02,Рабочий цилиндр сцепления 31470-37060 TOYOTA DYNA Y,2,1359,Yamasida,31470-37060,Хабаровск
2025-08-26 14:13:02,Рабочий цилиндр сцепления 41700-43150 HYUNDAI Porter H-100 /H-200/STAREX SKV,13,932,SKV,41700-43150,Хабаровск
2025-08-26 14:13:02,Рабочий цилиндр сцепления 41700-5H000 HYUNDAI HD65/HD72/HD78 SKV,61,1294,SKV,41700-5H000,Хабаровск
2025-08-26 14:13:02,Рабочий цилиндр сцепления 41700-5H000 LP-5599 HYUNDAI HD65/HD72/HD78 Y,28,1547,Yamasida,41700-5H000,Хабаровск
2025-08-26 14:13:02,Рабочий цилиндр сцепления 41700-5H100 LP-5600 HYUNDAI HD65/HD72/HD78 Y,16,1811,Yamasida,41700-5H100,Хабаровск
2025-08-26 14:13:02,Рабочий цилиндр сцепления 41700-5K500 LP-5601 HYUNDAI HD65/HD72/HD78 SKV,1,1168,SKV,41700-5K500,Хабаровск
2025-08-26 14:13:02,Рабочий цилиндр сцепления 41700-5K500 LP-5601 HYUNDAI HD65/HD72/HD78 Y,334,1644,Yamasida,41700-5K500,Хабаровск
2025-08-26 14:13:02,"Рабочий цилиндр сцепления 7/8"" W201-41-920A/920B T2600,T3000,T3500 1990~98 Y",3,2661,Yamasida,W201-41-920A,Хабаровск
2025-08-26 14:13:02,"Рабочий цилиндр сцепления 7/8"" W220-41-920A MAZDA Y",1,1353,Yamasida,W220-41-920A,Хабаровск
2025-08-26 14:13:02,Рабочий цилиндр сцепления D-128081 / 504303304 Iveco Дизель,12,5421,Дизель,D-128081,Хабаровск
2025-08-26 14:13:02,Рабочий цилиндр сцепления D-128210/8-98089-676-1/8-98040-043-1 NPR75/NLR85/NQR90 Дизель,1,1472,Дизель,D-128210,Хабаровск
2025-08-26 14:13:02,"Рабочий цилиндр сцепления ME601290 /ME602333 5/8"" BE434,435,Mitsubishi Y",9,1064,Yamasida,ME601290,Хабаровск
2025-08-26 14:13:02,"Рабочий цилиндр сцепления ME602994 7/8"" MMC Y",4,1353,Yamasida,ME602994,Хабаровск
2025-08-26 14:13:02,"Рабочий цилиндр сцепления ME609069 7/8"" CANTER FE435 SKV",69,1195,SKV,ME609069,Хабаровск
2025-08-26 14:13:02,Радиатор 752W06100-0002 HOWO ORIG,1,25969,Howo,752W06100-0002,Хабаровск
2025-08-26 14:13:02,Радиатор D-128166 / 752W06100-0002 HOWO Дизель,1,20571,Дизель,D-128166,Хабаровск
2025-08-26 14:13:02,Радиатор Toyota Land Crusier Prado TY0008-120 AUTODEPO,1,7648,JMC,TY0008-120,Хабаровск
2025-08-26 14:13:02,Радиатор интеркулера 752W06100-0003 HOWO ORIG,1,21846,Howo,752W06100-0003,Хабаровск
2025-08-26 14:13:02,Радиатор интеркулера D-128167 / 752W06100-0003 HOWO Дизель,2,17372,Дизель,D-128167,Хабаровск
2025-08-26 14:13:02,Радиатор основной D-126273/1-21410-932-3/IS-0110-53 867*718*56 C-series RHD 2010-2018 6WG1 Дизель,5,34737,Дизель,D-126273,Хабаровск
2025-08-26 14:13:02,Радиатор основной D-126278 / 14216 / M2SX4814216 type PA 475x518x48 MMC ME403826 Дизель,1,9381,Дизель,D-126278,Хабаровск
2025-08-26 14:13:02,Радиатор основной D-126279 / 14218 / ME299319 / PL031286A 520x518x48 MMC Canter 1999~ Дизель,1,10119,Дизель,D-126279,Хабаровск
2025-08-26 14:13:02,Радиатор основной D-126280/ME406849/MI-0138-48-К FUSO 6D17/6D16/6M61 92-99 Дизель,7,16063,Дизель,D-126280,Хабаровск
2025-08-26 14:13:02,Радиатор основной D-128064/12779/PL041332A; 575x638x40; HINO RANGER; 16090-6450/16090-6060 Дизель,4,16207,Дизель,D-128064,Хабаровск
2025-08-26 14:13:02,Радиатор отопителя 812W61942-0096 HOWO ORIG,1,7602,Howo,812W61942-0096,Хабаровск
2025-08-26 14:13:02,Радиатор отопителя D-125066 / 8-97240-941-0 4HG1/4HK1 NQR71/75 Дизель,14,1831,Дизель,D-125066,Хабаровск
2025-08-26 14:13:02,Радиатор отопителя D-125966 / 8101120LE010 JAC N80/N120 Компас-9/12 Дизель,6,2655,Дизель,D-125966,Хабаровск
2025-08-26 14:13:02,Радиатор отопителя D-126281/27140-0C000/HR-202/HR202 Nissan Atlas F23 Дизель,1,2017,Дизель,D-126281,Хабаровск
2025-08-26 14:13:02,"Радиатор отопителя салона D-125029/8-98048-508-0/1/8-98047-494-0 N,F-series Дизель",58,3586,Дизель,D-125029,Хабаровск
2025-08-26 14:13:02,Радиатор отопителя салона D-125211 / 8-98048-508-0/1/8-98074-122-0 NLR85/NMR85/NQR90 Дизель,40,3179,Дизель,D-125211,Хабаровск
2025-08-26 14:13:02,Радиатор отопителя салона HR-308,1,2444,Дизель,HR-308,Хабаровск
2025-08-26 14:13:02,Радиатор отопителя салона HTR212; TOYOTA XZU; 87107-60330,2,2639,JMC,87107-60330,Хабаровск
2025-08-26 14:13:02,Радиатор отопителя салона HTR615 MMC,2,3726,JMC,HTR615,Хабаровск
2025-08-26 14:13:02,"Радиатор отопителя салона HTR812 / 060-01-0014 / Габарит: 240 х 159 х 32, соты: 238 х 1134 х 26",3,8398,JMC,HTR812,Хабаровск
2025-08-26 14:13:02,"Радиатор отопителя салона HTR814 / 060-01-0016 / Габарит: 212mm х 162mm х 60mm, соты: 180 х 162 х 48",1,4768,JMC,HTR814,Хабаровск
2025-08-26 14:13:02,Радиатор охлаждения двигателя D-125969 / 1301100Y1P3001 JAC N350 WP10 Дизель,3,24102,Дизель,D-125969,Хабаровск
2025-08-26 14:13:02,"Радиатор охлаждения двигателя D-127354 / 1769999 / 1784615 Scania P,G,R,T- series Дизель",1,19193,Дизель,D-127354,Хабаровск
2025-08-26 14:13:02,Распредвал D-125154 / 13501-1620/S1350-11620 HINO 500 J08E Дизель,1,18691,Дизель,D-125154,Хабаровск
2025-08-26 14:13:02,Распредвал D-126588 / 200-04400-6050 MC11 Sitrak C7H Дизель,1,16577,Дизель,D-126588,Хабаровск
2025-08-26 14:13:02,Распредвал J08E D-125275 / 13501-E0270 HINO 500 Euro 4 Дизель,2,20832,Дизель,D-125275,Хабаровск
2025-08-26 14:13:02,Распредвал ДВС HINO F20C,1,22386,JMC,CS1431,Хабаровск
2025-08-26 14:13:02,Распылитель D-128528 / DLLA150SND238 / 093400-2380 HIN F17D Дизель,11,702,Дизель,D-128528,Хабаровск
2025-08-26 14:13:02,Распылитель D-128529 / DLLA142SN582 / 105015-5820 HIN H07C Дизель,16,702,Дизель,D-128529,Хабаровск
2025-08-26 14:13:02,"Распылитель D-128530 / DLLA154PN147 / 105017-1470 IS 4HF1,4HG1,4HJ1 Дизель",12,855,Дизель,D-128530,Хабаровск
2025-08-26 14:13:02,"Распылитель D-128531 / DLLA160P50 / 093400-5500 MMC 4D31,4D32,4D33 Дизель",21,855,Дизель,D-128531,Хабаровск
2025-08-26 14:13:02,Распылитель D-128532 / DLLA160P624 / 093400-6240 MMC 4D35 Дизель,9,855,Дизель,D-128532,Хабаровск
2025-08-26 14:13:02,Распылитель D-128558 / DLLA154P642 / 093400-6420 MMC 4D33 Дизель,14,855,Дизель,D-128558,Хабаровск
2025-08-26 14:13:02,Распылитель D-128559 / DLLA160SM021 / ME738606 / 105025-0210 MMC Дизель,10,702,Дизель,D-128559,Хабаровск
2025-08-26 14:13:02,Распылитель D-128560 / DLLA161PN132 / 105017-1320 NIS FD42/46 Дизель,14,855,Дизель,D-128560,Хабаровск
2025-08-26 14:13:02,Распылитель D-128561 / DLLA150SN917 / 105015-9170 NIS FE6 Дизель,16,702,Дизель,D-128561,Хабаровск
2025-08-26 14:13:02,Распылитель DLLA 155P179 Howo,1,293,Дизель,DLLA155P179,Хабаровск
2025-08-26 14:13:02,Распылитель DLLA154PN007,5,497,JMC,DLLA154PN007,Хабаровск
2025-08-26 14:13:02,Распылитель HIN DLLA150SN555/105015-5550,7,563,Дизель,105015-5550,Хабаровск
2025-08-26 14:13:02,Распылитель HIN DLLA150SN758/105015-7580,5,554,Дизель,105015-7580,Хабаровск
2025-08-26 14:13:02,Распылитель HIN DLLA150SN868/105015-8680,11,702,Дизель,105015-8680,Хабаровск
2025-08-26 14:13:02,Распылитель HIN DLLA155SND199/093400-1991,1,730,Дизель,093400-1991,Хабаровск
2025-08-26 14:13:02,Распылитель HIN DLLA160SM010/105019-0040/105025-0100,6,627,Дизель,105019-0040,Хабаровск
2025-08-26 14:13:02,Распылитель HIN DLLA160SN827/105015-8270,5,702,Дизель,105015-8270,Хабаровск
2025-08-26 14:13:02,Распылитель HIN EF750/550 DLLA150S424N470/105015-4700,7,855,Дизель,105015-4700,Хабаровск
2025-08-26 14:13:02,Распылитель HIN EP100-T DLLA150SN722/105015-7220,4,702,Дизель,105015-7220,Хабаровск
2025-08-26 14:13:02,Распылитель HIN H07C-T DLLA150SND229/093400-2292,10,702,Дизель,093400-2292,Хабаровск
2025-08-26 14:13:02,Распылитель HIN H07D DLLA150SN859/105015-8590,17,730,Дизель,105015-8590,Хабаровск
2025-08-26 14:13:02,Распылитель HIN J08C DLLA155SND296/093400-2960,6,698,Дизель,093400-2960,Хабаровск
2025-08-26 14:13:02,"Распылитель HIN K13C, K13D DLLA150SN702/105015-7020",24,500,Дизель,105015-7020,Хабаровск
2025-08-26 14:13:02,Распылитель HIN K13D DLLA150SN867/105015-8670,20,702,Дизель,105015-8670,Хабаровск
2025-08-26 14:13:02,Распылитель HIN V22C DLLA150SN739/105015-7390,29,500,Дизель,105015-7390,Хабаровск
2025-08-26 14:13:02,Распылитель HIN V25C DLLA156SN921/105015-9210,10,855,Дизель,105015-9210,Хабаровск
2025-08-26 14:13:02,Распылитель HIN W04D DLLA155SND234/093400-2340,11,477,Дизель,093400-2340,Хабаровск
2025-08-26 14:13:02,Распылитель HIN W06E DLLA155SN824/105015-8240,5,657,Дизель,105015-8240,Хабаровск
2025-08-26 14:13:02,"Распылитель IS 10PC1, 12PC1 DLLA154SN665/105015-6651",9,702,Дизель,105015-6651,Хабаровск
2025-08-26 14:13:02,Распылитель IS 4BE1 DLLA154PN061/105017-0610,10,855,Дизель,105017-0610,Хабаровск
2025-08-26 14:13:02,Распылитель IS 4HE1 DLLA152PN184/105017-1840,2,645,Дизель,105017-1840,Хабаровск
2025-08-26 14:13:02,Распылитель IS 4HF1 DLLA160PN159/ME017842/105017-1590,1,855,Дизель,105017-1590,Хабаровск
2025-08-26 14:13:02,"Распылитель IS 4HF1 ELF NPR66, NKR66 90-92 DLLA156PN121/105017-1210",3,855,Дизель,105017-1210,Хабаровск
2025-08-26 14:13:02,Распылитель IS 4HG1 DLLA154PN185/105017-1850 ZEXEL,1,5771,Zexel,105017-1850,Хабаровск
2025-08-26 14:13:02,Распылитель IS 4JB1 DLLA154PN068/105017-0680,8,855,Дизель,105017-0680,Хабаровск
2025-08-26 14:13:02,"Распылитель IS 6BD1,6BG1 DLLA154PN049/105017-0490",2,891,Дизель,105017-0490,Хабаровск
2025-08-26 14:13:02,Распылитель IS 6HE1 DLLA161PN109/105017-1090,16,855,Дизель,105017-1090,Хабаровск
2025-08-26 14:13:02,Распылитель IS 6HH1 DLLA156SM008/105025-0080,9,878,Дизель,105025-0080,Хабаровск
2025-08-26 14:13:02,"Распылитель IS 8PD1, 10PD1, 12PD1 DLLA156SN820/105015-8200",11,702,Дизель,105015-8200,Хабаровск
2025-08-26 14:13:02,Распылитель IS 9432610021 / 105000-1770 / 093400-1630 / DN0SD177,6,610,Дизель,105000-1770,Хабаровск
2025-08-26 14:13:02,Распылитель MAZ DLLA154PN007/105017-0070,5,855,Дизель,105017-0070,Хабаровск
2025-08-26 14:13:02,Распылитель MMC 4D33 DLLA160P610/093400-6100,14,855,Дизель,093400-6100,Хабаровск
2025-08-26 14:13:02,"Распылитель MMC 4D33, 4D35 DLLA157P641/093400-6410",10,855,Дизель,093400-6410,Хабаровск
2025-08-26 14:13:02,Распылитель MMC 6D14 DLLA155SN755/105015-7550,4,625,Дизель,105015-7550,Хабаровск
2025-08-26 14:13:02,Распылитель MMC 6D14 DLLA157SND242/093400-2420,1,423,Дизель,093400-2420,Хабаровск
2025-08-26 14:13:02,Распылитель MMC 6D15T DLLA154SN847/ ME26981/105015-8470,5,776,Дизель,105015-8470,Хабаровск
2025-08-26 14:13:02,Распылитель MMC 6D16 DLLA160SN744/105015-7440,2,730,Дизель,105015-7440,Хабаровск
2025-08-26 14:13:02,Распылитель MMC 6D17 DLLA157SM051/105019-0371,3,730,Дизель,105019-0371,Хабаровск
2025-08-26 14:13:02,Распылитель MMC 6D40 DLLA160SM010/105025-0100/105019-0040/ME738564,5,698,Дизель,105025-0100,Хабаровск
2025-08-26 14:13:02,Распылитель MMC 8DC8 DLLA160SN731/105015-7310,18,702,Дизель,105015-7310,Хабаровск
2025-08-26 14:13:02,Распылитель MMC 8M20 DLLA157SN940/105015-9400,9,477,Дизель,105015-9400,Хабаровск
2025-08-26 14:13:02,Распылитель NIS BD30 DLLA157PN090/105017-0900,2,855,Дизель,105017-0900,Хабаровск
2025-08-26 14:13:02,Распылитель NIS FE6 DLLA155PN198/105017-1980,13,855,Дизель,105017-1980,Хабаровск
2025-08-26 14:13:02,Распылитель NIS FE6 DLLA155SN789/105015-7890,11,702,Дизель,105015-7890,Хабаровск
2025-08-26 14:13:02,Распылитель NIS FE6B DLLA158SN638/105015-6380,21,702,Дизель,105015-6380,Хабаровск
2025-08-26 14:13:02,Распылитель NIS FE6T DLLA150SN876/105015-8760,6,625,Дизель,105015-8760,Хабаровск
2025-08-26 14:13:02,Распылитель NIS PF6 DLLA148SN841/105015-8410 !,6,659,Дизель,105015-8410,Хабаровск
2025-08-26 14:13:02,Распылитель NIS RE8 DLLA155SN858/105015-8580,5,730,Дизель,105015-8580,Хабаровск
2025-08-26 14:13:02,Распылитель NIS RE8 DLLA155SN858/105015-8580 ZEXEL,1,5259,Zexel,105015-8580,Хабаровск
2025-08-26 14:13:02,Распылитель NIS RH10E NP-DLLA158SM073 / 105025-0730/105015-0730/16620-97077,30,726,Дизель,105025-0730,Хабаровск
2025-08-26 14:13:02,"Распылитель NIS TD23, TD25, TD27 DN0PDN113/105007-1130",1,730,Дизель,105007-1130,Хабаровск
2025-08-26 14:13:02,Распылитель TOY 14B DLLA150P59/093400-5590/0 433 171 059,18,855,Дизель,093400-5590,Хабаровск
2025-08-26 14:13:02,Распылитель ZEXEL/HINO F20C / NP-DLLA150SM018; 105019-0550; 105025-0180 / 1050190550; 105019-0550; 1,2,914,Zevs,9 432 610 809,Хабаровск
2025-08-26 14:13:02,Распылитель ZEXEL/ISUZU NP-DLLA154PN006; 105017-0061 / 1050170061; 105017-0061; 8942479371; 8-94247-937-1; 8973062140; 8-97306-214-0; NPDLLA154PN006; NP-DLLA154PN006 / / /,1,1520,JMC,1050170061,Хабаровск
2025-08-26 14:13:02,Распылитель ZEXEL/UD PF6T / 1050159630; 105015-9630; 1050159632; 105015-9632; 1050190471; 105019-0471; 1662096575; 16620-96575 / NP-DLLA161SN963; 105015-9630; 105015-9632; 105019-0471 /,2,782,Zevs,105015-9630,Хабаровск
2025-08-26 14:13:02,"Распылитель маслянной системы КПП 8-97487-643-0/1-33219-272-0 C,E-series ORIG",2,853,Isuzu,8-97487-643-0,Хабаровск
2025-08-26 14:13:02,Распылитель форсунки D-127509 / L203PBA HOWO E-2 Дизель,60,1285,Дизель,D-127509,Хабаровск
2025-08-26 14:13:02,Распылитель форсунки DLLA150P193 FAW CA6DL2-35,1,645,Дизель,DLLA150P193,Хабаровск
2025-08-26 14:13:02,Расширительный бачок 812W06125-0001 HOWO T5G,2,4086,Дизель,812W06125-0001,Хабаровск
2025-08-26 14:13:02,Регулировочное кольцо редуктора D-126589 / 712-35710-0110 Sitrak C7H Дизель,3,743,Дизель,D-126589,Хабаровск
2025-08-26 14:13:02,Регулятор генератора ARN6220AD,2,613,JMC,ARN6220AD,Хабаровск
2025-08-26 14:13:02,Регулятор давления 44530-1110,1,2495,JMC,44530-1110,Хабаровск
2025-08-26 14:13:02,Регулятор давления воздуха A-4740-1 JAC N350 (NON-GENUINE),1,4378,Дизель,A-4740-1,Хабаровск
2025-08-26 14:13:02,"Регулятор давления пневмосистемы тормозов D-127838/HDE-024/47540-90061 NISSAN UD 7,0-8,5kg HD Дизель",1,1310,Дизель,D-127838,Хабаровск
2025-08-26 14:13:02,"Регулятор давления пневмосистемы тормозов D-127840/HDE-026/MC808718 FUSO 6,8-8,0/7.0-8.2kg HD Дизель",8,1239,Дизель,D-127840,Хабаровск
2025-08-26 14:13:02,Регулятор давления пневмосистемы тормозов D-127841/HDE-029/1-48350059-0 ISUZU 6.9kg-8.0kg HD Дизель,1,1246,Дизель,D-127841,Хабаровск
2025-08-26 14:13:02,Регулятор давления пневмосистемы тормозов D-128233 / HDE-028 / 1-48350-058-0 ISUZU CXM CYM EXR 95 D20mm Дизель,5,1286,Дизель,D-128233,Хабаровск
2025-08-26 14:13:02,Регулятор давления пневмосистемы тормозов HDE-025 / MC826122 FUSO 7.0kg-8.5kg HD,5,1763,Дизель,HDE-025,Хабаровск
2025-08-26 14:13:02,Регулятор давления ТНВД 8-98145-501-1 NPR75/NQR/FSR90 ORIG,118,10408,Isuzu,8-98145-501-1,Хабаровск
2025-08-26 14:13:02,Регулятор давления топлива D-127792 / 23280-E0090 HINO700 Дизель,29,2828,Дизель,D-127792,Хабаровск
2025-08-26 14:13:02,Регулятор света D-128466 / WG9918580039 HOWO T5G Дизель,4,1608,Дизель,D-128466,Хабаровск
2025-08-26 14:13:02,Регулятор тормозных сил с воздухораспределением 4757120007 WABCO,2,26343,Wabco,4757120007,Хабаровск
2025-08-26 14:13:02,"Редуктор среднего моста D-128284 / HDZ16T331480035 / HDZ300 i=5,262 SHACMAN X3000 Дизель",1,95444,Дизель,D-128284,Хабаровск
2025-08-26 14:13:02,"Резистор блока управления двигателя D-128145 / 8-97357-613-0 C,F,N- series Дизель",11,1348,Дизель,D-128145,Хабаровск
2025-08-26 14:13:02,Резистор отопителя (4 контакта) D-128211/8-97358-389-0 N-series ISUZU Дизель,17,1009,Дизель,D-128211,Хабаровск
2025-08-26 14:13:02,Реле аккумуляторной батареи (выключатель массы) D-127184 / 1-82550-313-0 C-series Дизель,5,2066,Дизель,D-127184,Хабаровск
2025-08-26 14:13:02,Реле массы D-126697/S8449-01260/3736010-T38B0 24V E13C HINO 700 Дизель,10,1720,Дизель,D-126697,Хабаровск
2025-08-26 14:13:02,Реле оборотов отопителя AZ1630840321 / WG1630840321 HOWO,1,413,Дизель,AZ1630840321,Хабаровск
2025-08-26 14:13:02,Реле отопителя D-126590 / WG1664821019/5 Howo/Sitrak C7H Дизель,5,2514,Дизель,D-126590,Хабаровск
2025-08-26 14:13:02,Реле поворота для светодиод TH-S313L / MC855843 / 066500-2900 / MC887166 24V11P Yamasida,27,2934,Yamasida,TH-S313L,Хабаровск
2025-08-26 14:13:02,Реле поворота для светодиод TH-S508L 25390-00Z09/25390-00890/25390-00Z01/1-81988007-8 ISUZU 24V 6P,9,1507,Yamasida,25390-00Z09,Хабаровск
2025-08-26 14:13:02,Реле поворота для светодиодов TH-S513L 8-94143430-0/066500-1511 ISUZU /NPR 24V 3P Y,6,978,Yamasida,8-94143-430-0,Хабаровск
2025-08-26 14:13:02,Реле поворота для светодиодов TH-S516L 1-83470060-0/066500-3720 ISUZU FSR/FTR 96~ 24V 5P,36,1787,Yamasida,066500-3720,Хабаровск
2025-08-26 14:13:02,Реле света D-128504 / 8-97063-440-2 / TH-R518V ISUZU 24V 5P Дизель,4,288,Дизель,D-128504,Хабаровск
2025-08-26 14:13:02,Реле света D-128512 / 90987-02005 / 056700-6630 / 90987-02003 / TH-R711V 24V 4P BU3#-9# Дизель,1,330,Дизель,D-128512,Хабаровск
2025-08-26 14:13:02,Реле света D-128534 / 8-94118-912-0 / 25550-Z5002 / 22W-0613450 / TH-R514 24V 5P Дизель,3,257,Дизель,D-128534,Хабаровск
2025-08-26 14:13:02,Реле света DYNA 24V 4P TH-R711V BU3#6#7#8#9# 90987-02005/056700-6630/90987-02003 84 Y,34,497,Yamasida,90987-02005,Хабаровск
2025-08-26 14:13:02,Реле света DYNA/TOYOACE 24V 4P TH-R708V/90987-03002 BU6#7#8#9#XZU130/140 84~99 Y,34,594,Yamasida,90987-03002,Хабаровск
2025-08-26 14:13:02,Реле света FUSO 24V 3P TH-R313V D-127511 / MC843786/MC854954 Дизель,94,299,Дизель,D-127511,Хабаровск
2025-08-26 14:13:02,Реле света FUSO 24V 4P TH-R315(V) 8972649470/2738102-A Y,11,1271,Yamasida,8-97264-947-0,Хабаровск
2025-08-26 14:13:02,Реле света FUSO 24V 4P TH-R317 MC897148 Y,15,989,Yamasida,MC897148,Хабаровск
2025-08-26 14:13:02,Реле света FUSO 24V 5P TH-R323 MC898884 Y,5,715,Yamasida,MC898884,Хабаровск
2025-08-26 14:13:02,Реле света HINO 24V 4P 20A TH-R706BV 85920-2660/156700-2310 Y,24,438,Yamasida,85920-2660,Хабаровск
2025-08-26 14:13:02,Реле света HINO 24V 4P 20A TH-R706CV 85920-2650/156700-2321 Y,39,418,Yamasida,85920-2650,Хабаровск
2025-08-26 14:13:02,Реле света HINO 24V 4P TH-R508 85920-2370/056800-1930 Y,22,1173,Yamasida,85920-2370,Хабаровск
2025-08-26 14:13:02,Реле света HINO 24V 4P TH-R510 85920-1620 Y,12,761,Yamasida,85920-1620,Хабаровск
2025-08-26 14:13:02,Реле света HINO 24V 4P TH-R512 056700-8170,26,996,Yamasida,056700-8170,Хабаровск
2025-08-26 14:13:02,Реле света HINO 24V 4P TH-R527 85920-1200A/056700-5370 !,21,735,Yamasida,85920-1200A,Хабаровск
2025-08-26 14:13:02,Реле света HINO 24V 4P TH-R528 88630-E0060/156700-3850 Y,11,486,Yamasida,156700-3850,Хабаровск
2025-08-26 14:13:02,Реле света HINO 24V 5P TH-R505 85920-1510/056700-7341 Y,10,793,Yamasida,85920-1510,Хабаровск
2025-08-26 14:13:02,Реле света HINO 24V 5P TH-R509 85920-1470/056700-6922,15,911,Yamasida,85920-1470,Хабаровск
2025-08-26 14:13:02,Реле света ISUZU 24V 4P TH-R516 1-82550146-0/25550-Z5001/1-82250176-0 Y,25,642,Yamasida,1-82550-146-0,Хабаровск
2025-08-26 14:13:02,Реле света ISUZU 24V 5P TH-R518V 8-97063-440-2 Y,16,481,Yamasida,8-97063-440-2,Хабаровск
2025-08-26 14:13:02,Реле света ISUZU CXz 24V 4P TH-R530 1-82550176-0/MR5L223A2K Y,14,567,Yamasida,1-82550-176-0,Хабаровск
2025-08-26 14:13:02,Реле света ISUZU/NISSAN/KOMATSU 24V 5P TH-R514 8-94118912-0/25550-Z5002 22W-0613450 Y,39,711,Yamasida,8-94118-912-0,Хабаровск
2025-08-26 14:13:02,Реле света MITSIBISHI 24V 4P TH-R314V MC867657 Y,35,638,Yamasida,MC867657,Хабаровск
2025-08-26 14:13:02,Реле света NISSAN UD 24V 4P TH-R504 25230-01500/25230-01J00 Y,22,1173,Yamasida,25230-01500,Хабаровск
2025-08-26 14:13:02,Реле света TH-R317A / MC897148 / MC856360 24V 4P Yamasida,22,730,Yamasida,TH-R317A,Хабаровск
2025-08-26 14:13:02,Реле сигнализац. разрыва провода 1В24937500005 Fot,5,77,Foton,1В24937500005,Хабаровск
2025-08-26 14:13:02,Реле стеклоочистителя TH-D311 MC843788/056700-6561/MC846765 FUSO 24V 5P (K),4,327,Дизель,MC843788,Хабаровск
2025-08-26 14:13:02,Реле указателей поворота 81980-1680 ISUZU EXR/HINO 21T-35T TH-S308 Y,23,1044,Yamasida,81980-1680,Хабаровск
2025-08-26 14:13:02,Реле указателей поворота D-128505 / 8-97086-508-1 / TH-S510 / 066500-3201 ISUZU 24/3P Дизель,2,721,Дизель,D-128505,Хабаровск
2025-08-26 14:13:02,Реле указателей поворота HINO 24/6P TH-S309/066500-5490/81980-1930 !,32,2162,Yamasida,066500-5490,Хабаровск
2025-08-26 14:13:02,Реле указателей поворота HINO 24V 5P TH-S306 81980-1650/066500-3570,34,1097,Yamasida,066500-3040,Хабаровск
2025-08-26 14:13:02,Реле указателей поворота HINO/FUSO 24/3P TH-S302/066500-1521/81980-1360/81980/1310/066500-0860 Y,15,834,Yamasida,066500-1521,Хабаровск
2025-08-26 14:13:02,Реле указателей поворота ISUZU 24/3P TH-S510/066500-3201/8-97086-508-1 Y,15,1708,Yamasida,8-97086-508-1,Хабаровск
2025-08-26 14:13:02,Реле указателей поворота ISUZU/NQR71/75/85/NLR/NPR75 24V 5P TH-S518 8-98025-533-1 Y,44,1847,Yamasida,8-98025-533-1,Хабаровск
2025-08-26 14:13:02,Реле указателей поворота TH-S305 MMC FUSO 24V 5P MC848790/066500-2080/MC849878 Y,24,1440,Yamasida,MC848790,Хабаровск
2025-08-26 14:13:02,Реле указателей поворота TH-S312S / MC898264 MMC CANTER 6.8T 96` Yamasida,1,1615,Yamasida,TH-S312S,Хабаровск
2025-08-26 14:13:02,Реле указателей поворота TH-S508/1-81988-007-8 ISUZU/UD CW-520 Y,16,1985,Yamasida,1-81988-007-8,Хабаровск
2025-08-26 14:13:02,Реле указателей поворота TOYOTA 24/5P TH-S712/066500-5280/81980-37140,4,1615,Yamasida,81980-37140,Хабаровск
2025-08-26 14:13:02,Реле указателей поворота TOYOTA 24/5P TH-S713/066500-4610/81980-37080 Y,23,1828,Yamasida,066500-4610,Хабаровск
2025-08-26 14:13:02,Реле универсальное 24V 5P 90987-04002B/056700-6780,248,256,Дизель,90987-04002B,Хабаровск
2025-08-26 14:13:02,Реле универсальное TH-R904V/142016021 24V 4P 40A,23,380,Yamasida,142016021,Хабаровск
2025-08-26 14:13:02,Рем. комплект ДВС 10PB1 1-87810-217-0 / 1-87810-270-0 Matto,1,7992,Matto,1-87810-217-0,Хабаровск
2025-08-26 14:13:02,Ремень 0K88R-12205 (аналог) BONGO III 2.9 !,6,1701,Дизель,0K88R-12205,Хабаровск
2025-08-26 14:13:02,Ремень 10PK2470 D-126706/1529222/1920231/1987947079 SCANIA P/G/R/T-SERIES Дизель,80,1071,Дизель,D-126706,Хабаровск
2025-08-26 14:13:02,Ремень 13*1125 / D-126776 / VG1500060228 HOWO Дизель,13,450,Дизель,D-126776,Хабаровск
2025-08-26 14:13:02,Ремень 42041 BS106,1,529,Dongil,HM-43.2,Хабаровск
2025-08-26 14:13:02,Ремень генератора 4PK1075 1867489397/28341/500352673/4PK1070 Iveco Lemfoerder,4,323,Lemforder,283 4101,Хабаровск
2025-08-26 14:13:02,Ремень 4PK829/1307003-М10-01085 FAW,3,389,Дизель,1307003-М10-01085,Хабаровск
2025-08-26 14:13:02,Ремень 4PK875 BANDO,1,629,JMC,4PK875,Хабаровск
2025-08-26 14:13:02,Ремень 8PK1920/200V96820-0345 HOWO T5G,21,1299,Дизель,200V96820-0345,Хабаровск
2025-08-26 14:13:02,Ремень генератора 8PK952Iveco,1,645,JMC,8PK952,Хабаровск
2025-08-26 14:13:02,Ремень AV13*1233/1308032-630-114BA FAW,5,547,Дизель,1308032-630-114BA,Хабаровск
2025-08-26 14:13:02,Ремень L=1150 HOWO,5,196,Howo,L=1150,Хабаровск
2025-08-26 14:13:02,Ремень V13x1300La Optibelt,80,1563,Optibelt,13x1300,Хабаровск
2025-08-26 14:13:02,Ремень вентилятора 10PK1045/612600061360 SHACMAN WP10/WP12,22,816,Дизель,612600061360,Хабаровск
2025-08-26 14:13:02,Ремень вентилятора 17*1029/1308032-M10-01085 FAW,1,736,Дизель,1308032-M10-01085,Хабаровск
2025-08-26 14:13:02,"Ремень водяного насоса L=1125 клиновый (F,H,S) VG1500060228",1,143,JMC,VG1500060228,Хабаровск
2025-08-26 14:13:02,"Ремень водяного насоса L=1125 клиновый VG1500060228 (F, H, S)/",3,313,Дизель,VG1500060228,Хабаровск
2025-08-26 14:13:02,Ремень генератора 12.1.33.0428 SuperSnowРемень генератора 12.1.33.0428 / V13x830La SuperSnow/Optibelt,3,1816,Optibelt,12.1.33.0428,Хабаровск
2025-08-26 14:13:02,Ремень генератора 13*1150 / D-126777 / 3701013-600-0263 FAW J6 E-5 Дизель,2,386,Дизель,D-126777,Хабаровск
2025-08-26 14:13:02,Ремень генератора 8PK795/6612600090600 SHACMAN WP10,9,699,Дизель,8PK795,Хабаровск
2025-08-26 14:13:02,Ремень генератора D-125981/10PK1025/612600062461 JAC N350 WP10 Дизель,10,691,Дизель,D-125981,Хабаровск
2025-08-26 14:13:02,Ремень генератора приводной D-127600 / 8-98038-423-0/7PK1121/5-87610-056-0 ISUZU NPR75 Дизель,130,357,Дизель,D-127600,Хабаровск
2025-08-26 14:13:02,Ремень ГРМ 211S8M34/A664YS34MM/HX664YS34/340S8M1688 13568-59095/50020/09070 AA-TOP,1,2032,Дизель,211S8M34,Хабаровск
2025-08-26 14:13:02,Ремень клиновой 500301260 Iveco Orig !,1,1792,Iveco,5 0030 1260,Хабаровск
2025-08-26 14:13:02,"Ремень клиновый 2405 1025х9,5",1,401,Dongil,2405,Хабаровск
2025-08-26 14:13:02,Ремень клиновый BANDO 2630,1,221,Bando,2630,Хабаровск
2025-08-26 14:13:02,Ремень компрессора 0520131500/PR101017/BL13X1500/MPMF6590/VB0802 1500*13*10 HD78/NQR71/75/NPR75,58,233,Abby Belt,0520131500,Хабаровск
2025-08-26 14:13:02,Ремень кондиционера 5801395970 IVECO/HONGYAN,4,916,Дизель,5801395970,Хабаровск
2025-08-26 14:13:02,Ремень поликлиновой (3PK625) BANDO,1,264,JMC,3PK625,Хабаровск
2025-08-26 14:13:02,Ремень поликлиновой DY6PK1420 Freightliner,1,903,Dayco,6PK1420,Хабаровск
2025-08-26 14:13:02,Ремень поликлиновый 3PK850,2,328,Mitsuboshi,3PK850,Хабаровск
2025-08-26 14:13:02,Ремень приводной 13*1250 Abby Belt,44,376,Abby Belt,13*1250,Хабаровск
2025-08-26 14:13:02,Ремень приводной 13*1275 Abby Belt,42,383,Abby Belt,13*1275,Хабаровск
2025-08-26 14:13:02,Ремень приводной 13*1425 Abby Belt,31,446,Abby Belt,13*1425,Хабаровск
2025-08-26 14:13:02,Ремень приводной 13*1500 Abby Belt,40,463,Abby Belt,13*1500,Хабаровск
2025-08-26 14:13:02,Ремень приводной 13*1650 Abby Belt,6,513,Abby Belt,13*1650,Хабаровск
2025-08-26 14:13:02,Ремень приводной 2420 9.5*1066.8 (K),16,201,Дизель,9.5*1066.8,Хабаровск
2025-08-26 14:13:02,Ремень приводной 2430 9.5*1092.2 (K),27,210,Дизель,9.5*1092.2,Хабаровск
2025-08-26 14:13:02,Ремень приводной 2455 9.5*1155.7 (K),1,211,Дизель,9.5*1155.7,Хабаровск
2025-08-26 14:13:02,Ремень приводной 2460 9.5*1168.4 (K),1,203,Дизель,9.5*1168.4,Хабаровск
2025-08-26 14:13:02,Ремень приводной 2470 9.5*1193.8 (K),23,181,Дизель,9.5*1193.8,Хабаровск
2025-08-26 14:13:02,Ремень приводной 25212-37111 (6РК2000) AFA HD3D-25-072 Istana !,4,596,JMC,25212-37111,Хабаровск
2025-08-26 14:13:02,Ремень приводной 25215-42041/13*750 la Hyundai Porter/Starex D4BF Abby Belt,29,204,Abby Belt,25215-42041,Хабаровск
2025-08-26 14:13:02,Ремень приводной 25231-45002/13*1196 la Hyundai HD65/72/78/COUNTY D4DD Abby Belt,51,565,Abby Belt,25231-45002,Хабаровск
2025-08-26 14:13:02,Ремень приводной 3240/6240 13*609.6 (K),31,134,Дизель,13*609.6,Хабаровск
2025-08-26 14:13:02,Ремень приводной 3290/6290 13*736.6 (K),54,152,Дизель,13*736.6,Хабаровск
2025-08-26 14:13:02,Ремень приводной 3300/6300 13*762 (K),31,159,Дизель,13*762,Хабаровск
2025-08-26 14:13:02,Ремень приводной 3310/6310 13*787.4 (K),41,181,Дизель,13*787.4,Хабаровск
2025-08-26 14:13:02,Ремень приводной 3320/6320 13*812.8 (K),33,210,Дизель,13*812.8,Хабаровск
2025-08-26 14:13:02,Ремень приводной 3325/6325 13*825.5 (K),1,210,Дизель,13*825.5,Хабаровск
2025-08-26 14:13:02,Ремень приводной 3330/6330 13*838.2 (K),4,211,Дизель,13*838.2,Хабаровск
2025-08-26 14:13:02,Ремень приводной 3335/6335 13*850.9 (K),61,211,Дизель,13*850.9,Хабаровск
2025-08-26 14:13:02,Ремень приводной 3340/6340 13*863.6 (K),15,225,Дизель,13*863.6,Хабаровск
2025-08-26 14:13:02,Ремень приводной 3345/6345 13*876.3 (K),33,225,Дизель,13*876.3,Хабаровск
2025-08-26 14:13:02,Ремень приводной 3350/6350 13*889 (K),32,229,Дизель,13*889,Хабаровск
2025-08-26 14:13:02,Ремень приводной 3355/6355 13*901.7 (K),5,229,Дизель,13*901.7,Хабаровск
2025-08-26 14:13:02,Ремень приводной 3360/6360 13*914.4 (K),30,206,Дизель,13*914.4,Хабаровск
2025-08-26 14:13:02,Ремень приводной 3380/6380 13*965.2 Abby Belt,62,199,Abby Belt,13*965.2,Хабаровск
2025-08-26 14:13:02,Ремень приводной 3390 Abby Belt,20,362,Abby Belt,3390,Хабаровск
2025-08-26 14:13:02,Ремень приводной 3400/6400 13*1016 Abby Belt,81,226,Abby Belt,3400/6400,Хабаровск
2025-08-26 14:13:02,Ремень приводной 3405/6405 13*1028.7 Abby Belt,29,251,Abby Belt,13*1028.7,Хабаровск
2025-08-26 14:13:02,Ремень приводной 3410/6410 13*1041.4 Abby Belt,69,235,Abby Belt,3410/6410,Хабаровск
2025-08-26 14:13:02,Ремень приводной 3415 13*1054.1 Abby Belt,41,272,Abby Belt,13*1054.1,Хабаровск
2025-08-26 14:13:02,Ремень приводной 3420/6420 13*1066.8 Abby Belt,103,252,Abby Belt,3420/6420,Хабаровск
2025-08-26 14:13:02,Ремень приводной 3425/6425 13*1079.5 (K),19,263,Дизель,13*1079.5,Хабаровск
2025-08-26 14:13:02,Ремень приводной 3435/6435 13*1104.9 (K),33,272,Дизель,13*1104.9,Хабаровск
2025-08-26 14:13:02,Ремень приводной 3445/6445 13*1130.3 Abby Belt,48,250,Abby Belt,13*1130.3,Хабаровск
2025-08-26 14:13:02,Ремень приводной 3450/6450 13*1143 Abby Belt,1,193,Abby Belt,13*1143,Хабаровск
2025-08-26 14:13:02,Ремень приводной 3455/6455 13*1155.7 Abby Belt,189,191,Abby Belt,3455/6455,Хабаровск
2025-08-26 14:13:02,Ремень приводной 3460/6460 13*1168.4 Abby Belt,41,217,Abby Belt,3460/6460,Хабаровск
2025-08-26 14:13:02,Ремень приводной 3465/6465 13*1181.1 (K),23,288,Дизель,13*1181.1,Хабаровск
2025-08-26 14:13:02,Ремень приводной 3477/6477 13*1211.58 (K),53,227,Дизель,13*1211.58,Хабаровск
2025-08-26 14:13:02,Ремень приводной 3480/6480 13*1219.2 (K),4,298,Дизель,13*1219.2,Хабаровск
2025-08-26 14:13:02,Ремень приводной 3490/6490 13*1244.6 Abby Belt,7,300,Abby Belt,13*1244.6,Хабаровск
2025-08-26 14:13:02,Ремень приводной 3495/6495 13*1257.3 Abby Belt,69,300,Abby Belt,13*1257.3,Хабаровск
2025-08-26 14:13:02,Ремень приводной 3500/6500 13*1270 Abby Belt,49,311,Abby Belt,13*1270,Хабаровск
2025-08-26 14:13:02,Ремень приводной 3510/6510 13*1295.4 (K),63,250,Дизель,13*1295.4,Хабаровск
2025-08-26 14:13:02,Ремень приводной 3520/6520 13*1320.8 (K),16,323,Дизель,13*1320.8,Хабаровск
2025-08-26 14:13:02,Ремень приводной 3525/6525 13*1333.5 (K),7,323,Дизель,13*1333.5,Хабаровск
2025-08-26 14:13:02,Ремень приводной 3530/6530 13*1346.2 (K),10,261,Дизель,13*1346.2,Хабаровск
2025-08-26 14:13:02,Ремень приводной 3540/6540 13*1371.6 (K),32,261,Дизель,13*1371.6,Хабаровск
2025-08-26 14:13:02,Ремень приводной 3570/6570 13*1447.8 (K),7,344,Дизель,13*1447.8,Хабаровск
2025-08-26 14:13:02,Ремень приводной 3590/6590 13*1498.6 (K),15,356,Дизель,13*1498.6,Хабаровск
2025-08-26 14:13:02,Ремень приводной 3610/6610 13*1549.4 Abby Belt,78,369,Abby Belt,13*1549.4,Хабаровск
2025-08-26 14:13:02,Ремень приводной 3620/6620 13*1574.8 (K),9,302,Дизель,13*1574.8,Хабаровск
2025-08-26 14:13:02,Ремень приводной 3640/6640 13*1625.6 (K),21,306,Дизель,13*1625.6,Хабаровск
2025-08-26 14:13:02,Ремень приводной 5380/8380 17*965.2 (K),22,332,Дизель,17*965.2,Хабаровск
2025-08-26 14:13:02,Ремень приводной 5390/8390 17*990.6 (K),35,343,Дизель,17*990.6,Хабаровск
2025-08-26 14:13:02,Ремень приводной 5395/8395 17*1003.3 Abby Belt,45,344,Abby Belt,17*1003.3,Хабаровск
2025-08-26 14:13:02,Ремень приводной 5405/8405 17*1028.7 Abby Belt,65,351,Abby Belt,17*1028.7,Хабаровск
2025-08-26 14:13:02,Ремень приводной 5415/8415 17*1054.1 Abby Belt,69,356,Abby Belt,17*1054.1,Хабаровск
2025-08-26 14:13:02,Ремень приводной 5425/8425 17*1079.5 (K),40,365,Дизель,17*1079.5,Хабаровск
2025-08-26 14:13:02,Ремень приводной 5440/8440 17*1117.6 Abby Belt,5,327,Abby Belt,17*1117.6,Хабаровск
2025-08-26 14:13:02,Ремень приводной 5445/8445 17*1130.3 Abby Belt,87,332,Abby Belt,5445/8445,Хабаровск
2025-08-26 14:13:02,Ремень приводной 5450/8450 17*1143 Abby Belt,67,371,Abby Belt,17*1143,Хабаровск
2025-08-26 14:13:02,Ремень приводной 5455/8455 17*1155.7 Abby Belt,81,334,Abby Belt,17*1155.7,Хабаровск
2025-08-26 14:13:02,Ремень приводной 5460/8460 17*1168.4 Abby Belt,32,401,Abby Belt,17*1168.4,Хабаровск
2025-08-26 14:13:02,Ремень приводной 5465/8465 17*1181.1 Abby Belt,82,465,Abby Belt,17*1181.1,Хабаровск
2025-08-26 14:13:02,Ремень приводной 5470/8470 17*1193.8 Abby Belt,1,347,Abby Belt,17*1193.8,Хабаровск
2025-08-26 14:13:02,Ремень приводной 5475/8475 17*1206.5 Abby Belt,69,405,Abby Belt,17*1206.5,Хабаровск
2025-08-26 14:13:02,Ремень приводной 5480/8480 17*1219.2 Abby Belt,39,406,Abby Belt,17*1219.2,Хабаровск
2025-08-26 14:13:02,Ремень приводной 5490/8490 17*1244.6 Abby Belt,61,417,Abby Belt,17*1244.6,Хабаровск
2025-08-26 14:13:02,Ремень приводной 5500/8500 17*1270 Abby Belt,22,450,Abby Belt,17*1270,Хабаровск
2025-08-26 14:13:02,Ремень приводной 5510/8510 17*1295.4 Abby Belt,47,428,Abby Belt,17*1295.4,Хабаровск
2025-08-26 14:13:02,Ремень приводной 5520/8520 17*1320.8 Abby Belt,20,441,Abby Belt,17*1320.8,Хабаровск
2025-08-26 14:13:02,Ремень приводной 5530/8530 17*1346.2 (K),3,358,Дизель,17*1346.2,Хабаровск
2025-08-26 14:13:02,Ремень приводной 5535/8535 17*1358.9 Abby Belt,65,390,Abby Belt,17*1358.9,Хабаровск
2025-08-26 14:13:02,Ремень приводной 5540/8540 17*1371.6 Abby Belt,88,394,Abby Belt,5540/8540,Хабаровск
2025-08-26 14:13:02,Ремень приводной 5560/8560 17*1422.4 (K),12,475,Дизель,17*1422.4,Хабаровск
2025-08-26 14:13:02,Ремень приводной 5580/8580 17*1473.2 Abby Belt,143,317,Abby Belt,5580/8580,Хабаровск
2025-08-26 14:13:02,Ремень приводной 5590/8590 16*1460 Abby Belt,209,451,Abby Belt,5590/8590,Хабаровск
2025-08-26 14:13:02,Ремень приводной 5600/8600 17*1524 (K),12,507,Дизель,17*1524,Хабаровск
2025-08-26 14:13:02,Ремень приводной 5610/8610 17*1549.4 (K),3,513,Дизель,17*1549.4,Хабаровск
2025-08-26 14:13:02,Ремень приводной 5615/8615 17*1562.1 (K),37,518,Дизель,17*1562.1,Хабаровск
2025-08-26 14:13:02,Ремень приводной 5620/8620 17*1574.8 Abby Belt,76,466,Abby Belt,17*1574.8,Хабаровск
2025-08-26 14:13:02,Ремень приводной 5630/8630 17*1600.2 (K),1,525,Дизель,17*1600.2,Хабаровск
2025-08-26 14:13:02,Ремень приводной 5635/8635 17*1612.9 (K),14,529,Дизель,17*1612.9,Хабаровск
2025-08-26 14:13:02,Ремень приводной 5650/8650 17*1651 (K),38,542,Дизель,17*1651,Хабаровск
2025-08-26 14:13:02,Ремень приводной 5670/8670 17*1701.8 (K),34,560,Дизель,17*1701.8,Хабаровск
2025-08-26 14:13:02,Ремень приводной 5680/8680 17*1727.2 (K),61,512,Дизель,17*1727.2,Хабаровск
2025-08-26 14:13:02,Ремень приводной 7PK1035 Abby Belt,17,657,Abby Belt,7PK1035,Хабаровск
2025-08-26 14:13:02,Ремень приводной 7PK1104 Abby Belt,20,696,Abby Belt,7PK1104,Хабаровск
2025-08-26 14:13:02,Ремень приводной 7PK1115 Abby Belt,44,814,Abby Belt,7PK1115,Хабаровск
2025-08-26 14:13:02,Ремень приводной 7PK1140 Abby Belt,23,651,Abby Belt,7PK1140,Хабаровск
2025-08-26 14:13:02,Ремень приводной 7PK990 Abby Belt,30,508,Abby Belt,7PK990,Хабаровск
2025-08-26 14:13:02,Ремень приводной 98459455/AVX13x1040/AVX13X1050 13a1040c Iveco DAYCO,1,230,JMC,98459455,Хабаровск
2025-08-26 14:13:02,Ремень приводной 9PK1155 Abby Belt,13,832,Abby Belt,9PK1155,Хабаровск
2025-08-26 14:13:02,Ремень приводной D-124994 / 1-13671-465-1 CYZ51K EURO3 6WF1 Дизель,1,826,Дизель,D-124994,Хабаровск
2025-08-26 14:13:02,Ремень приводной D-126930 / 8PK1375 / 1023021-1085 / 1023021-M10-01085 FAW Дизель,38,977,Дизель,D-126930,Хабаровск
2025-08-26 14:13:02,Ремень приводной D-127909 / 080V96820-0243 HOWO Дизель,18,851,Дизель,D-127909,Хабаровск
2025-08-26 14:13:02,Ремень приводной D-127910 / 082V96820-1248 HOWO Дизель,12,511,Дизель,D-127910,Хабаровск
2025-08-26 14:13:02,Ремень приводной HDPF5585 Abby Belt,82,657,Abby Belt,HDPF5585,Хабаровск
2025-08-26 14:13:02,Ремень приводной RECMF 8570 AV17*1420Li KKK-12K,17,791,Дизель,RECMF 8570,Хабаровск
2025-08-26 14:13:02,Ремень приводной RPF5465 Abby Belt,96,465,Abby Belt,RPF5465,Хабаровск
2025-08-26 14:13:02,Ремень приводной клиновой RECMF 6450 13 X 1140,1,317,JMC,6450,Хабаровск
2025-08-26 14:13:02,Ремень приводной клиновой RECMF Toyoguard 8635,1,334,Toyoguard,8635,Хабаровск
2025-08-26 14:13:02,Ремень ручейковый 9РК1810 TOYOGUARD,2,843,JMC,9РК1810,Хабаровск
2025-08-26 14:13:02,Ремень ручейковый BANDO 9РК1420,1,575,Bando,9PK1420,Хабаровск
2025-08-26 14:13:02,Ремень ручейковый D-126932 / 8PK2256/1023021-36D FAW J6 Дизель,21,1095,Дизель,D-126932,Хабаровск
2025-08-26 14:13:02,Ремень ручейковый D-126933 / 8PK2358/1023021-81D FAW J6 Дизель,22,1151,Дизель,D-126933,Хабаровск
2025-08-26 14:13:02,Ремкомплект BPW / ?30mm x 57mm x 102mm / палец со втулками в качелю полуприцепа BPW (1болт+1с/б+1шайба+1гайка+4пластины+2втулки) / SP54 / 070.570; 070570; 09.801.06.28.0; 0980106280; 10.16290; 1016290; 53526; 9160 /,3,4191,JMC,980106280,Хабаровск
2025-08-26 14:13:02,Ремкомплект TY9014KIT,1,2696,JMC,TY9014KIT,Хабаровск
2025-08-26 14:13:02,Ремкомплект балансира 2262363SKV / 512713 / 312718 SCANIA SKV,3,4104,SKV,2262363,Хабаровск
2025-08-26 14:13:02,Ремкомплект балансира D-127512 / KSC081 / 49342-1310 HINO 500FM/HINO 700 Дизель,27,7309,Дизель,D-127512,Хабаровск
2025-08-26 14:13:02,Ремкомплект балансира D-127513 / KSC082 (к-т на две стороны) ISUZU Дизель,31,8317,Дизель,D-127513,Хабаровск
2025-08-26 14:13:02,Ремкомплект верхнего шкворня 010677 /A6253300119 / 53183 Mercedes/SAMPA !,4,1819,Sampa,010.677,Хабаровск
2025-08-26 14:13:02,Ремкомплект водяного насоса FV415 HDA-050 ME995184/ME997646 HD !,28,4210,Дизель,HDA-050,Хабаровск
2025-08-26 14:13:02,Ремкомплект впускного клапана CA.109.911B; 6BD1/6BG1,2,1534,JMC,CA.109.911B,Хабаровск
2025-08-26 14:13:02,Ремкомплект выпускного клапана 29102-1160; EF750; HNTC1160,1,4211,JMC,29102-1160,Хабаровск
2025-08-26 14:13:02,Ремкомплект выпускного клапана 29102-1270; F17C/F20C/K13C; HNTC1270,1,4211,JMC,29102-1270,Хабаровск
2025-08-26 14:13:02,Ремкомплект гидроцилиндра TVH/ 12004009 046522008071,1,8623,JMC,12004009,Хабаровск
2025-08-26 14:13:02,Ремкомплект головки компрессора 29101-1170 (A1) d45,1,415,JMC,29101-1170,Хабаровск
2025-08-26 14:13:02,Ремкомплект головки компрессора 29102-1330 (A2) без гайки,1,314,JMC,29102-1330,Хабаровск
2025-08-26 14:13:02,"Ремкомплект ГТЦ 47207-37020.K 1-1/16"" Toyota !",4,1432,Yamasida,47207-37020.K,Хабаровск
2025-08-26 14:13:02,"Ремкомплект ГТЦ 8-97129-692-0.K ISUZU 1-1/4""ELF NKR,NPR,NQR 6T~8.5T 1994 ""SY""",1,3339,Yamasida,8-97129-692-0.K,Хабаровск
2025-08-26 14:13:02,Ремкомплект ГТЦ SK32221 / MC869166 Canter Y,7,1295,Yamasida,MC869166.K,Хабаровск
2025-08-26 14:13:02,Ремкомплект ГТЦ SK45671 / 47201-37030 Toyota,17,876,Yamasida,47201-37030.K,Хабаровск
2025-08-26 14:13:02,Ремкомплект ГТЦ SK52801 / 46010-2T000 Nissan Y !,52,415,Yamasida,46010-2T000.K,Хабаровск
2025-08-26 14:13:02,Ремкомплект ГТЦ W201-43-400A /SK21511 Mazda Y,8,1364,Yamasida,W201-43-400A.K,Хабаровск
2025-08-26 14:13:02,Ремкомплект Гур 3901097 (H),3,1403,Дизель,3901097,Хабаровск
2025-08-26 14:13:02,"Ремкомплект ГЦС 3/4"" SK83071 / 8-97162-963-0 Isuzu Y",1,464,Yamasida,8-97162-963-0.K,Хабаровск
2025-08-26 14:13:02,Ремкомплект ГЦС 30610-2T002 / SK52821 Nissan Y,21,411,Yamasida,30610-2T002.K,Хабаровск
2025-08-26 14:13:02,Ремкомплект ГЦС 31401-1070 Hino,1,1701,MIYACO,31401-1070,Хабаровск
2025-08-26 14:13:02,Ремкомплект ГЦС 31410-36062/31410-36060/SK44881 Toyota,21,426,Yamasida,31410-36062.K,Хабаровск
2025-08-26 14:13:02,"Ремкомплект ГЦС 31420-1820.K 3/4"" HINO FD1J,FG1J,GH1J Y",20,1364,Yamasida,31420-1820.K,Хабаровск
2025-08-26 14:13:02,Ремкомплект ГЦС 31420-26170/ SK44191 Toyota Y,32,422,Yamasida,31420-26170.K,Хабаровск
2025-08-26 14:13:02,"Ремкомплект ГЦС 5/8"" 31420-28110/ SK46551 Toyota",5,354,Yamasida,31420-28110.K,Хабаровск
2025-08-26 14:13:02,Ремкомплект ГЦС MB555145/ SK31151-2 Mitsubishi Y,1,142,Yamasida,MB555145.K,Хабаровск
2025-08-26 14:13:02,Ремкомплект ДВС 4HK1 D-128213 / 5-87815-952-2 T=1.475 NON-HOLE N-series Дизель,1,7881,Дизель,D-128213,Хабаровск
2025-08-26 14:13:02,Ремкомплект ДВС 4HK1-T 5-87814-880-2/5-87818-067-1/5-87818-619-0 T=1.575 2 HOLE NPR/NQR ORIG,1,53998,Isuzu,5-87818-067-1,Хабаровск
2025-08-26 14:13:02,Ремкомплект ДВС 4HK1-T 5-87817-186-0/5-87817-966-1/5-87818-730-2 T=1.475 NON HOLE NP/NQR E-4 ORIG,1,56238,Isuzu,5878171860,Хабаровск
2025-08-26 14:13:02,Ремкомплект ДВС 4HV1 5-87818-679-0/5-87817-027-2/5-87814-783-3 N-series (CNG) ГАЗ ORIG,1,29347,Isuzu,5-87818-679-0,Хабаровск
2025-08-26 14:13:02,Ремкомплект ДВС 61560010701 HOWO WD615,2,1103,Дизель,61560010701,Хабаровск
2025-08-26 14:13:02,Ремкомплект ДВС 6HK1T 1-87812-038-3 / 1-87815-450-0 F-series ORIG,1,69810,Isuzu,1-87812-038-3,Хабаровск
2025-08-26 14:13:02,Ремкомплект ДВС HINO F20C 04010-0459 Matto,1,19637,Matto,04010-0459,Хабаровск
2025-08-26 14:13:02,Ремкомплект ДВС HINO H07D 04010-0566 HL,4,12377,Huang Lin,04010-0566,Хабаровск
2025-08-26 14:13:02,Ремкомплект ДВС HINO H07D 04010-0566 Matto,4,10109,Matto,04010-0566,Хабаровск
2025-08-26 14:13:02,Ремкомплект ДВС HINO J08C/ J08CT/C-TG 04010-0706 DF,8,7157,DRAGONFLYS,04010-0706,Хабаровск
2025-08-26 14:13:02,Ремкомплект ДВС HINO J08C/ J08CT/C-TG 04010-0706 Matto,30,13930,Matto,04010-0706,Хабаровск
2025-08-26 14:13:02,Ремкомплект ДВС HINO J08C/C-TG 04010-0706 HL,3,16249,Huang Lin,04010-0706,Хабаровск
2025-08-26 14:13:02,Ремкомплект ДВС HINO K13C 24V 04010-0604 Matto,1,20137,Matto,04010-0604,Хабаровск
2025-08-26 14:13:02,Ремкомплект ДВС HINO V25C 04010-3102 HL,3,31828,Huang Lin,04010-3102,Хабаровск
2025-08-26 14:13:02,Ремкомплект ДВС HINO W06D 04010-0315 Matto,13,6306,Matto,04010-0315,Хабаровск
2025-08-26 14:13:02,Ремкомплект ДВС HINO/T-DYNA N04C 04111-78780/04111-80312 W/KMF CH HL,10,7579,Huang Lin,04111-78780,Хабаровск
2025-08-26 14:13:02,Ремкомплект ДВС HYUNDAI\MMC D4AF 20910-41B20 Matto !,47,1606,Matto,20910-41B20,Хабаровск
2025-08-26 14:13:02,Ремкомплект ДВС HYUNDAI\MMC D4AL 20910-41D20 Matto,4,3905,Matto,20910-41D20,Хабаровск
2025-08-26 14:13:02,Ремкомплект ДВС HYUNDAI\MMC D4BF 20910-42B11 Matto !,30,3074,Matto,20910-42B11,Хабаровск
2025-08-26 14:13:02,Ремкомплект ДВС ISUZU 10PВ1 1-87810-270-0 Matto !,6,8493,Matto,1-87810-270-0,Хабаровск
2025-08-26 14:13:02,Ремкомплект ДВС ISUZU 12PE-1 1-87811-311-0 HL,3,37064,Huang Lin,1-87811-311-0,Хабаровск
2025-08-26 14:13:02,Ремкомплект ДВС ISUZU 4BE1 5-87810-487-2 DF,10,4988,DRAGONFLYS,5-87810-487-2,Хабаровск
2025-08-26 14:13:02,Ремкомплект ДВС ISUZU 4BE1 5-87810-487-2 Matto,9,5778,Matto,5-87810-487-2,Хабаровск
2025-08-26 14:13:02,Ремкомплект ДВС ISUZU 4HF1 5-87811-869-2 DF,7,4988,DRAGONFLYS,5-87811-869-2,Хабаровск
2025-08-26 14:13:02,Ремкомплект ДВС ISUZU 4HF1 5-87811-869-2 Matto,27,6990,Matto,5-87811-869-2,Хабаровск
2025-08-26 14:13:02,Ремкомплект ДВС ISUZU 4HF1 5-87813-948-1 / 800660-S-V002 Matto,9,7097,Matto,5-87813-948-1,Хабаровск
2025-08-26 14:13:02,Ремкомплект ДВС ISUZU 4HG1 5-87813-952-1 DF,7,3989,DRAGONFLYS,5-87813-952-1,Хабаровск
2025-08-26 14:13:02,Ремкомплект ДВС ISUZU 4HG1 5-87813-952-1 Matto,26,7226,Matto,5-87813-952-1,Хабаровск
2025-08-26 14:13:02,Ремкомплект ДВС ISUZU 4HK1 5-87814-879-0 HL,3,14553,Huang Lin,5-87814-879-0,Хабаровск
2025-08-26 14:13:02,Ремкомплект ДВС ISUZU 4HK1 5-87815-035-0 Matto,6,19940,Matto,5-87815-035-0,Хабаровск
2025-08-26 14:13:02,Ремкомплект ДВС ISUZU 4HK1 5-87815-035-0 W/KMF+MT (1.65) HL,5,17589,Huang Lin,5-87815-035-0,Хабаровск
2025-08-26 14:13:02,Ремкомплект ДВС ISUZU 4HK1 E-4 1-87815-733-0/1-87814-349-0 FSR90/NQR90/NPR75 SKV,13,21826,SKV,1-87815-733-0,Хабаровск
2025-08-26 14:13:02,Ремкомплект ДВС ISUZU 4HK1T 5-87814-985-1 HL,5,16313,Huang Lin,5-87814-985-1,Хабаровск
2025-08-26 14:13:02,Ремкомплект ДВС ISUZU 4JA1/4JC1 5-87812-957-0 Matto,1,4965,Matto,5-87812-957-0,Хабаровск
2025-08-26 14:13:02,Ремкомплект ДВС ISUZU 4JB1 5-87810-289-1 / HFI4068 W/MT HL,4,4940,Huang Lin,HFI4068,Хабаровск
2025-08-26 14:13:02,Ремкомплект ДВС ISUZU 4JG2 5-87811-554-0 DF,11,2827,DRAGONFLYS,5-87811-554-0,Хабаровск
2025-08-26 14:13:02,Ремкомплект ДВС ISUZU 4JG2 5-87811-554-0 HL,13,6560,Huang Lin,5-87811-554-0,Хабаровск
2025-08-26 14:13:02,Ремкомплект ДВС ISUZU 6BG1 1-87810-404-0 W/MT HL,1,10163,Huang Lin,1-87810-404-0,Хабаровск
2025-08-26 14:13:02,Ремкомплект ДВС ISUZU 6HE1 1-87811-045-0 DF,10,9474,DRAGONFLYS,1-87811-045-0,Хабаровск
2025-08-26 14:13:02,Ремкомплект ДВС ISUZU 6HE1 1-87811-045-0 Matto,10,10031,Matto,1-87811-045-0,Хабаровск
2025-08-26 14:13:02,Ремкомплект ДВС ISUZU 6HH1 1-87811-078-2 DF,10,6959,DRAGONFLYS,1-87811-078-2,Хабаровск
2025-08-26 14:13:02,Ремкомплект ДВС ISUZU 6HH1 1-87811-078-2 HL,18,15726,Huang Lin,1-87811-078-2,Хабаровск
2025-08-26 14:13:02,Ремкомплект ДВС ISUZU 6HH1 1-87811-078-2 Matto,4,13449,Matto,1-87811-078-2,Хабаровск
2025-08-26 14:13:02,Ремкомплект ДВС ISUZU 6HK1 1-87812-316-0 HL,4,17753,Huang Lin,1-87812-316-0,Хабаровск
2025-08-26 14:13:02,Ремкомплект ДВС ISUZU 6HK1 1-87812-316-0 Matto,1,20354,Matto,1-87812-316-0,Хабаровск
2025-08-26 14:13:02,Ремкомплект ДВС ISUZU 6HK1 Евро-4 1-87815-788-0 Matto,24,27525,Matto,1-87815-788-0,Хабаровск
2025-08-26 14:13:02,Ремкомплект ДВС ISUZU 6WG1 1-87812-014-0 / 1-87812-144-0 Matto,4,35152,Matto,1-87812-144-0,Хабаровск
2025-08-26 14:13:02,Ремкомплект ДВС ISUZU 8PC1 1-87810-318-4 Matto,2,17038,Matto,1-87810-318-4,Хабаровск
2025-08-26 14:13:02,Ремкомплект ДВС KOMATSU 4D105-3 6131-K1/K2-9901 Matto,1,3394,Matto,6131-K1/K2-9901,Хабаровск
2025-08-26 14:13:02,Ремкомплект ДВС KOMATSU 4D105-5 6134-K1/K2-5000 Matto,2,6518,Matto,6134-K1/K2-5000,Хабаровск
2025-08-26 14:13:02,Ремкомплект ДВС KOMATSU 4D95 6205-K1/K2-2100 Matto !,2,3706,Matto,6205-K1/K2-2100,Хабаровск
2025-08-26 14:13:02,Ремкомплект ДВС KOMATSU 4D951 6202-K1/K2-1000/1 Matto,2,2321,Matto,6202-K1/K2-1000/1100,Хабаровск
2025-08-26 14:13:02,Ремкомплект ДВС KOMATSU 6D102 6735-K1/K2-1110 Matto,2,19029,Matto,6735-K1/K2-1110,Хабаровск
2025-08-26 14:13:02,Ремкомплект ДВС KOMATSU 6D105 6137-K1/K2-9901 Matto !,1,5354,Matto,6137-K1/K2-9901,Хабаровск
2025-08-26 14:13:02,Ремкомплект ДВС KOMATSU 6D110 6136-K1/K2-9901 Matto,2,6027,Matto,6136-K1/K2-9901,Хабаровск
2025-08-26 14:13:02,Ремкомплект ДВС KOMATSU 6D125 6151-K1/K2-3000 Matto !,1,13819,Matto,6151-K1/K2-3000,Хабаровск
2025-08-26 14:13:02,Ремкомплект ДВС KOMATSU 6D155 6128-K1/K2-9901 Matto,1,14486,Matto,6128-K1/K2-9901,Хабаровск
2025-08-26 14:13:02,Ремкомплект ДВС KOMATSU 6D170 6162-K1/K2-9901 Matto дефект,1,7537,Matto,6162-K1/K2-9901,Хабаровск
2025-08-26 14:13:02,Ремкомплект ДВС MAZDA HA 1363-99-100 HL,3,2890,Huang Lin,1363-99-100,Хабаровск
2025-08-26 14:13:02,Ремкомплект ДВС MAZDA SL 8AW5-10-271/271A HL,8,3685,Huang Lin,8AW5-10-271,Хабаровск
2025-08-26 14:13:02,Ремкомплект ДВС MAZDA SL 8AW5-10-271/271A Matto,5,3586,Matto,8AW5-10-271,Хабаровск
2025-08-26 14:13:02,Ремкомплект ДВС MAZDA SL 8AW6-10-271 HL,5,5886,Huang Lin,8AW6-10-271,Хабаровск
2025-08-26 14:13:02,Ремкомплект ДВС MAZDA SL SL01-99-100K Matto,20,3035,Matto,SL01-99-100K,Хабаровск
2025-08-26 14:13:02,Ремкомплект ДВС MAZDA TM 8DWM-10-271 Matto,1,9194,Matto,8DWM-10-271,Хабаровск
2025-08-26 14:13:02,Ремкомплект ДВС MAZDA VS 8DSB-10-271 Matto,2,8343,Matto,8DSB-10-271,Хабаровск
2025-08-26 14:13:02,Ремкомплект ДВС MAZDA XA S501-99-100 HL,15,2639,Huang Lin,S501-99-100,Хабаровск
2025-08-26 14:13:02,Ремкомплект ДВС MAZDA XA S501-99-100 Matto,11,3242,Matto,S501-99-100,Хабаровск
2025-08-26 14:13:02,Ремкомплект ДВС ME996733 / HFM6537G MMC 6D17 HL,1,10213,Huang Lin,ME996733,Хабаровск
2025-08-26 14:13:02,Ремкомплект ДВС MMC 4D32 ME997273 DF,11,3989,DRAGONFLYS,ME997273,Хабаровск
2025-08-26 14:13:02,Ремкомплект ДВС MMC 4D32 ME997273 Matto,26,4409,Matto,ME997273,Хабаровск
2025-08-26 14:13:02,Ремкомплект ДВС MMC 4D33 ME997274 DF,10,3989,DRAGONFLYS,ME997274,Хабаровск
2025-08-26 14:13:02,Ремкомплект ДВС MMC 4D33 ME997274 Matto,21,4409,Matto,ME997274,Хабаровск
2025-08-26 14:13:02,Ремкомплект ДВС MMC 4D35 (size B) ME996360 CH=W/CGPS HL,2,6427,Huang Lin,ME996360,Хабаровск
2025-08-26 14:13:02,Ремкомплект ДВС MMC 4D35 ME996360 DF,26,3989,DRAGONFLYS,ME996360,Хабаровск
2025-08-26 14:13:02,Ремкомплект ДВС MMC 4D35 ME996360 Matto,28,4277,Matto,ME996360,Хабаровск
2025-08-26 14:13:02,Ремкомплект ДВС MMC 4D36 ME996361 Matto,4,6185,Matto,ME996361,Хабаровск
2025-08-26 14:13:02,Ремкомплект ДВС MMC 4DR7 ME997276 HL,1,5172,Huang Lin,ME997276,Хабаровск
2025-08-26 14:13:02,Ремкомплект ДВС MMC 4DR7 ME997276 Matto,1,6093,Matto,ME997276,Хабаровск
2025-08-26 14:13:02,Ремкомплект ДВС MMC 4M50T ME994643/ME994658 W/MT CH HL,15,16914,Huang Lin,ME994643,Хабаровск
2025-08-26 14:13:02,Ремкомплект ДВС MMC 4М40 ME996019 HL,3,5723,Huang Lin,ME996019,Хабаровск
2025-08-26 14:13:02,Ремкомплект ДВС MMC 4М51 ME993296 HL,2,16681,Huang Lin,ME993296,Хабаровск
2025-08-26 14:13:02,Ремкомплект ДВС MMC 4М51 МЕ993296 Matto,3,19543,Matto,ME993296,Хабаровск
2025-08-26 14:13:02,Ремкомплект ДВС MMC 6D14 ME038219 Matto,6,5952,Matto,ME038219,Хабаровск
2025-08-26 14:13:02,Ремкомплект ДВС MMC 6D15 ME999219 Matto,2,6637,Matto,ME999219,Хабаровск
2025-08-26 14:13:02,Ремкомплект ДВС MMC 6D16 ME999904 DF,9,5319,DRAGONFLYS,ME999904,Хабаровск
2025-08-26 14:13:02,Ремкомплект ДВС MMC 6D16 ME999904 Matto,3,8655,Matto,ME999904,Хабаровск
2025-08-26 14:13:02,Ремкомплект ДВС MMC 6D16-T ME997356 HL,5,9610,Huang Lin,ME997356,Хабаровск
2025-08-26 14:13:02,Ремкомплект ДВС MMC 6D16-T ME997356 Matto,2,9886,Matto,ME997356,Хабаровск
2025-08-26 14:13:02,Ремкомплект ДВС MMC 6D16A ME999903 HL,2,10747,Huang Lin,ME999903,Хабаровск
2025-08-26 14:13:02,Ремкомплект ДВС MMC 6D16A ME999903 Matto,2,9405,Matto,ME999903,Хабаровск
2025-08-26 14:13:02,Ремкомплект ДВС MMC 6D17 ME996291 Matto,14,8222,Matto,ME996291,Хабаровск
2025-08-26 14:13:02,Ремкомплект ДВС MMC 6D22T/6D24 ME997088 W/MT HL,1,14638,Huang Lin,ME997088,Хабаровск
2025-08-26 14:13:02,Ремкомплект ДВС MMC 6D40 ME997295 Matto,2,25811,Matto,ME997295,Хабаровск
2025-08-26 14:13:02,Ремкомплект ДВС MMC 6M61 ME994756 HL,1,30881,Huang Lin,ME994756,Хабаровск
2025-08-26 14:13:02,Ремкомплект ДВС MMC 6M70-2AT ME993875 HL,2,30290,Huang Lin,ME993875,Хабаровск
2025-08-26 14:13:02,Ремкомплект ДВС MMC 8M20 ME996772 HL,1,22037,Huang Lin,ME996772,Хабаровск
2025-08-26 14:13:02,Ремкомплект ДВС MMC 8M20 ME996772 Matto,2,22412,Matto,ME996772,Хабаровск
2025-08-26 14:13:02,Ремкомплект ДВС NISSAN BD30 10101-54T25 Matto,6,4178,Matto,10101-54T25,Хабаровск
2025-08-26 14:13:02,Ремкомплект ДВС NISSAN FD35T 10101-01T26 Matto,1,5829,Matto,10101-01T26,Хабаровск
2025-08-26 14:13:02,Ремкомплект ДВС NISSAN FD42/FD46 10101-0T025 DF,11,5319,DRAGONFLYS,10101-0T025,Хабаровск
2025-08-26 14:13:02,Ремкомплект ДВС NISSAN FD42/FD46 10101-0T025 Matto,22,6306,Matto,10101-0T025,Хабаровск
2025-08-26 14:13:02,Ремкомплект ДВС NISSAN FE6 10101-Z6225 HL,2,11588,Huang Lin,10101-Z6225,Хабаровск
2025-08-26 14:13:02,Ремкомплект ДВС NISSAN FE6A 10101-Z5087 HL,1,12116,Huang Lin,10101-Z5087,Хабаровск
2025-08-26 14:13:02,Ремкомплект ДВС NISSAN FE6A 10101-Z5087 Matto,1,8398,Matto,10101-Z5087,Хабаровск
2025-08-26 14:13:02,Ремкомплект ДВС NISSAN FE6T 10101-Z5728 HL,1,13101,Huang Lin,10101-Z5728,Хабаровск
2025-08-26 14:13:02,Ремкомплект ДВС NISSAN NF6TA 10101-95325 Matto !,3,6188,Matto,10101-95325,Хабаровск
2025-08-26 14:13:02,Ремкомплект ДВС NISSAN PE6T 10101-96728 Matto,6,14319,Matto,10101-96728,Хабаровск
2025-08-26 14:13:02,Ремкомплект ДВС NISSAN RE10 10101-97229 Matto,1,14217,Matto,10101-97229,Хабаровск
2025-08-26 14:13:02,Ремкомплект ДВС NISSAN RF8 10101-97725 HL,1,21971,Huang Lin,10101-97725,Хабаровск
2025-08-26 14:13:02,Ремкомплект ДВС NISSAN RF8 10101-97827 HL,5,24920,Huang Lin,10101-97827,Хабаровск
2025-08-26 14:13:02,Ремкомплект ДВС NISSAN RF8 10101-97827 Matto,1,23213,Matto,10101-97827,Хабаровск
2025-08-26 14:13:02,Ремкомплект ДВС NISSAN RF8 10101-Z0826 HL,4,24554,Huang Lin,10101-Z0826,Хабаровск
2025-08-26 14:13:02,Ремкомплект ДВС NISSAN RG8 10101-Z1327 HL,1,16611,Huang Lin,10101-Z1327,Хабаровск
2025-08-26 14:13:02,Ремкомплект ДВС NISSAN RG8 10101-Z1327 Matto !,4,22033,Matto,10101-Z1327,Хабаровск
2025-08-26 14:13:02,Ремкомплект ДВС NISSAN RH8 10101-Z3025 HL,2,38516,Huang Lin,10101-Z3025,Хабаровск
2025-08-26 14:13:02,Ремкомплект ДВС NISSAN RH8 10101-Z3025 Matto !,2,21271,Matto,10101-Z3025,Хабаровск
2025-08-26 14:13:02,Ремкомплект ДВС NISSAN TD25 10101-43G25 Matto,2,4151,Matto,10101-43G25,Хабаровск
2025-08-26 14:13:02,Ремкомплект ДВС QD32 10101-2S625 / 700710-S-81K0 Matto,2,4087,Matto,10101-2S625,Хабаровск
2025-08-26 14:13:02,Ремкомплект ДВС TOYOTA 14B 04111-58070 DF,11,3989,DRAGONFLYS,04111-58070,Хабаровск
2025-08-26 14:13:02,Ремкомплект ДВС TOYOTA 14B 04111-58070 Matto,3,4617,Matto,04111-58070,Хабаровск
2025-08-26 14:13:02,Ремкомплект ДВС TOYOTA 15B 04111-58100 HL,5,7283,Huang Lin,04111-58100,Хабаровск
2025-08-26 14:13:02,Ремкомплект ДВС TOYOTA 15B 04111-58100 Matto,1,7419,Matto,04111-58100,Хабаровск
2025-08-26 14:13:02,Ремкомплект ДВС TOYOTA 15BFT 04111-58112 / 900791-S-9000 Matto,7,7354,Matto,04111-58112,Хабаровск
2025-08-26 14:13:02,Ремкомплект ДВС TOYOTA 15BFT 04111-58112 HL,2,7818,Huang Lin,04111-58112,Хабаровск
2025-08-26 14:13:02,Ремкомплект ДВС TOYOTA 2L 04111-54084 HL,2,5723,Huang Lin,04111-54084,Хабаровск
2025-08-26 14:13:02,Ремкомплект ДВС TOYOTA 3L 04111-54094 HL,5,5756,Huang Lin,04111-54094,Хабаровск
2025-08-26 14:13:02,Ремкомплект ДВС TOYOTA S05C 04111-78360 Matto,2,13358,Matto,04111-78360,Хабаровск
2025-08-26 14:13:02,Ремкомплект ДВС TOYOTA/HINO 300 N04C 04111-E0D82 / 901540-S-V002 Matto,34,13571,Matto,04111-E0D82,Хабаровск
2025-08-26 14:13:02,Ремкомплект заслонки моторного тормоза A5411404353 Mercedes ориг !,1,43795,Mercedes,A 541 140 43 53,Хабаровск
2025-08-26 14:13:02,Ремкомплект качели китайского полуприцепа 50-215-270 / 044-02-0045 / Ø50mm x 215mm x 270mm / палец с втулками в качелю китайского полуприцепа / SP52 /,1,3538,JMC,044-02-0045,Хабаровск
2025-08-26 14:13:02,Ремкомплект компрессора 1-цилиндрового 612600130177-XLB HOWO,1,817,Дизель,612600130177-XLB,Хабаровск
2025-08-26 14:13:02,Ремкомплект корзины сцепления NY002,1,2918,Дизель,NY002,Хабаровск
2025-08-26 14:13:02,Ремкомплект корзины сцепления NY004,1,4066,Дизель,NY004,Хабаровск
2025-08-26 14:13:02,Ремкомплект корзины сцепления NY005,1,4764,Дизель,NY005,Хабаровск
2025-08-26 14:13:02,Ремкомплект корзины сцепления NY006,1,3066,Дизель,NY006,Хабаровск
2025-08-26 14:13:02,Ремкомплект корзины сцепления NY007,1,3066,Дизель,NY007,Хабаровск
2025-08-26 14:13:02,Ремкомплект корзины сцепления NY017,1,2190,Дизель,NY017,Хабаровск
2025-08-26 14:13:02,Ремкомплект корзины сцепления NY018,1,2398,Дизель,NY018,Хабаровск
2025-08-26 14:13:02,Ремкомплект корзины сцепления NY019,1,1825,Дизель,NY019,Хабаровск
2025-08-26 14:13:02,Ремкомплект корзины сцепления SAI002,2,3335,JMC,SAI002,Хабаровск
2025-08-26 14:13:02,Ремкомплект КПП (прокладки) 6DS60T JAC/Камаз/Маз (NON-GENUIN),7,2549,Дизель,6DS60T,Хабаровск
2025-08-26 14:13:02,Ремкомплект КПП Fuller (комплект прокладок) F3000/F2000,1,642,JMC,F3000-F2000,Хабаровск
2025-08-26 14:13:02,Ремкомплект крана 44069-2230; (ТАЙВАНЬ),1,2053,JMC,44069-2230,Хабаровск
2025-08-26 14:13:02,Ремкомплект масловлагоотделителя DU-4 kit / 44086-1090 / J08C GD FD (Тайвань),1,3465,JMC,44086-1090,Хабаровск
2025-08-26 14:13:02,Ремкомплект механизма тормозного клинового 42536194 / 963593 EMMERRE !,2,4303,Emmerre,963593,Хабаровск
2025-08-26 14:13:02,Ремкомплект наконечника тяги 45430-1280-RK HINO 2Y#240 CH !,16,2095,Chase,45430-1280,Хабаровск
2025-08-26 14:13:02,Ремкомплект наконечника тяги 45430-1280B-RK-O / M HINO 2Y#240 CH !,14,2487,Chase,45430-1280,Хабаровск
2025-08-26 14:13:02,Ремкомплект осушителя воздуха тормозной системы 8-98226-328-0 FVR34/FSR34 6HK1 ORIG,26,25971,Isuzu,8-98226-328-0,Хабаровск
2025-08-26 14:13:02,Ремкомплект ПГУ сцепления ?90 mm / 048-14-0026 / ?90mm / Китай / RL1609BH-9 / 1608 003 020 0-9; 160,2,922,Zevs,RL1609BH-9,Хабаровск
2025-08-26 14:13:02,Ремкомплект ПГУ сцепления 1-31829-414-0,1,4906,HNTC,1-31829-414-0,Хабаровск
2025-08-26 14:13:02,Ремкомплект пневмотормоза HDA-097 HINO HD !,4,1432,Дизель,HDA-097,Хабаровск
2025-08-26 14:13:02,Ремкомплект пневмоусилителя D-127271 / 9323-3501 / 1-87520-205-0 / ISU10PC1 Дизель,5,1472,Дизель,D-127271,Хабаровск
2025-08-26 14:13:02,Ремкомплект помпы 1-87814-620-0/1-87813-815-0 C-series 6WG1 ORIG,1,26355,Isuzu,1-87814-620-0,Хабаровск
2025-08-26 14:13:02,Ремкомплект помпы 10PC1 1-13610-636-2 B4285 ASAHI !,2,5279,Asahi,B4285,Хабаровск
2025-08-26 14:13:02,Ремкомплект помпы 10PC1 1-13610-738-0 B4289 ASAHI !,1,4568,Asahi,B4289,Хабаровск
2025-08-26 14:13:02,Ремкомплект помпы 12PC1 1-13610-637-2 B4287 ASAHI !,3,3443,Asahi,B4287,Хабаровск
2025-08-26 14:13:02,Ремкомплект помпы 12PC1 1-13610-740-0 B4290 ASAHI !,4,5076,Asahi,B4290,Хабаровск
2025-08-26 14:13:02,Ремкомплект помпы 4D30/31/32/33/34/35/36 MR-57 ME015217 Asahi,1,1766,NPW,MR-57,Хабаровск
2025-08-26 14:13:02,Ремкомплект помпы 6D22 ME055222 B3658 ASAHI !,5,4464,Asahi,B3658,Хабаровск
2025-08-26 14:13:02,Ремкомплект помпы 8PB1/8PC1/10PA1/10PC1 1-13610-753-0 B4283 ASAHI !,3,7176,Asahi,B4283,Хабаровск
2025-08-26 14:13:02,Ремкомплект помпы 8PC/12PC1 1-13610-486-2 B4284 ASAHI !,1,3514,Asahi,B4284,Хабаровск
2025-08-26 14:13:02,Ремкомплект помпы 8PC1 1-13610-741-0 B4288 ASAHI !,2,3309,Asahi,B4288,Хабаровск
2025-08-26 14:13:02,Ремкомплект помпы B5857 16100-2453 EK100,1,8465,Asahi,16100-2453,Хабаровск
2025-08-26 14:13:02,Ремкомплект помпы EK100 16100-2452 B5856 ASAHI !,1,5911,Asahi,B5856,Хабаровск
2025-08-26 14:13:02,Ремкомплект помпы PF6T/GE13/RH8 21010-96226 B2124 ASAHI,2,4102,Asahi,B2124,Хабаровск
2025-08-26 14:13:02,Ремкомплект Р.Т.Ц. SK43121R/WK-637 04906-36080 (SC47601R (8) +SC40274 (4) +SC40694 (4)) 1'' Seiken,1,743,JMC,04906-36080,Хабаровск
2025-08-26 14:13:02,Ремкомплект рабочего тормозного цилиндра G-brake GK-056,1,1080,JMC,GK-056,Хабаровск
2025-08-26 14:13:02,Ремкомплект рабочего цилиндра сцепления 41710-43A00 Grace,1,109,KOS,41710-43А00,Хабаровск
2025-08-26 14:13:02,Ремкомплект реактивной тяги 93162288 / 51135 / 1806753 D95*152*21*24mm ROSTAR !,1,1614,Rostar,180.6753,Хабаровск
2025-08-26 14:13:02,"Ремкомплект редуктора D-127503 / KD114 (крестовина, сателлиты, шестерни, шайбы) HINO Дизель",1,10037,Дизель,D-127503,Хабаровск
2025-08-26 14:13:02,"Ремкомплект редуктора D-127506 / KD165 крестовина, сателлиты, шестерни, шайбы HINO Дизель",3,46323,Дизель,D-127506,Хабаровск
2025-08-26 14:13:02,"Ремкомплект редуктора D-127508 / KD104 крестовина, сателлиты, шестерни, шайбы, вал 55мм HINO Дизель",5,82692,Дизель,D-127508,Хабаровск
2025-08-26 14:13:02,"Ремкомплект редуктора KD109 (крестовина, сателлиты, шестерни, шайбы) MMC Fuso",7,8724,Дизель,KD109,Хабаровск
2025-08-26 14:13:02,"Ремкомплект РТЦ 1-47600-378-1.K / SK80781F ISUZU 40mm FSS,FTS ""SY""",1,502,Yamasida,1-47600-378-1.K,Хабаровск
2025-08-26 14:13:02,"Ремкомплект РТЦ 1-47600-682-0 / SK31671R Isuzu 55.56mm CXZ20TV10,CJM,CPM,FTR Y",15,1535,Yamasida,1-47600-682-0.K,Хабаровск
2025-08-26 14:13:02,"Ремкомплект РТЦ 41100-90160.K / SK52231F Nissan 1-1/2"" UD14.5T,CP87 Y",4,690,Yamasida,41100-90160.K,Хабаровск
2025-08-26 14:13:02,"Ремкомплект РТЦ 44100-90205.K / SK51271R2 1-11/16"" NISSAN UD14.5T,CP87 ""SY"" !",22,811,Yamasida,44100-90205.K,Хабаровск
2025-08-26 14:13:02,"Ремкомплект РТЦ 44100-90216.K / SK81331R 44mm NISSAN CK45021T ""SY"" !",4,415,Yamasida,44100-90216.K,Хабаровск
2025-08-26 14:13:02,"Ремкомплект РТЦ 44101-90017.K / SK51271R2 1-11/16"" NISSAN UD14.5T,CP87 ""SY"" !",4,373,Yamasida,44101-90017.K,Хабаровск
2025-08-26 14:13:02,"Ремкомплект РТЦ 47510-36091.K / SK45071F 1-1/8"" TOYOTA DYNABU1023.5T ""SY"" !",10,133,Yamasida,47510-36091.K,Хабаровск
2025-08-26 14:13:02,"Ремкомплект РТЦ 47520-1110.K 1-7/16"" HINO FD10.5T Y",6,713,Yamasida,47520-1110.K,Хабаровск
2025-08-26 14:13:02,"Ремкомплект РТЦ 47520-36162.K 1-1/8"" TOYOTA DYNABU1023.5T ""SY"" !",14,120,Yamasida,47520-36162.K,Хабаровск
2025-08-26 14:13:02,"Ремкомплект РТЦ 47520-36180.K / 47540-36180.K / SK45061F2 11/8"" TOYOTA DYNAXZU300L,320L ""SY""",10,239,Yamasida,47520-36180.K,Хабаровск
2025-08-26 14:13:02,"Ремкомплект РТЦ 47520-37030.K TOYOTA 1-1/8"" DYNABU1026.1T,BU112,2126.5T Y",23,165,Yamasida,47520-37030.K,Хабаровск
2025-08-26 14:13:02,"Ремкомплект РТЦ 47520-37070.K 1-1/8"" TOYOTA DYNABU211,221 ""SY"" !",28,155,Yamasida,47520-37070.K,Хабаровск
2025-08-26 14:13:02,"Ремкомплект РТЦ 47520-37100.K / SK82851F 1-3/16"" TOYOTA DYNAXZU330L,340L ""SY"" !",5,494,Yamasida,47520-37100.K,Хабаровск
2025-08-26 14:13:02,"Ремкомплект РТЦ 47530-36091.K / SK45071F 1-1/8"" TOYOTA DYNABU1023.5T ""SY"" Y !",10,133,Yamasida,47530-36091.K,Хабаровск
2025-08-26 14:13:02,"Ремкомплект РТЦ 47530-37080.K / SK82851F 1-3/16"" TOYOTA DYNAXZU330L,340L ""SY"" Y !",4,486,Yamasida,47530-37080.K,Хабаровск
2025-08-26 14:13:02,"Ремкомплект РТЦ 47540-36101.K / SK45081F TOYOTA 1-1/8"" DYNABU6#,8#6W ""SY"" !",9,167,Yamasida,47540-36101.K,Хабаровск
2025-08-26 14:13:02,"Ремкомплект РТЦ 47540-36120.K 1-1/8"" TOYOTA DYNABU1023.5T ""SY""",3,250,Yamasida,47540-36120.K,Хабаровск
2025-08-26 14:13:02,"Ремкомплект РТЦ 47540-37070.K 1-1/8"" TOYOTA DYNABU211,221 ""SY""",4,369,Yamasida,47540-37070.K,Хабаровск
2025-08-26 14:13:02,"Ремкомплект РТЦ 47540-37100.K / SK82851F 1-3/16"" TOYOTA DYNAXZU330L,340L ""SY"" !",18,242,Yamasida,47540-37100.K,Хабаровск
2025-08-26 14:13:02,"Ремкомплект РТЦ 47550-2330.K 1-1/2"" HINO FD10.5T Y",1,1280,Yamasida,47550-2330.K,Хабаровск
2025-08-26 14:13:02,"Ремкомплект РТЦ 47550-2690.K 2-5/16"" HINO FG15T,GH17T ""SY"" (58,7 см) Yamasida недокомплект",1,718,Yamasida,47550-2690.K,Хабаровск
2025-08-26 14:13:02,"Ремкомплект РТЦ 47550-36200.K / SK45051R TOYOTA 1-1/8"" DUNABU1026.1T, BU112,2126/5T ""SY"" !",3,213,Yamasida,47550-36200.K,Хабаровск
2025-08-26 14:13:02,"Ремкомплект РТЦ 47550-37050.K / SK41241R 1"" TOYOTA DYNABU101,11# ""SY"" !",13,233,Yamasida,47550-37050.K,Хабаровск
2025-08-26 14:13:02,"Ремкомплект РТЦ 47550-37070.K 1-3/16"" TOYOTA DYNABU211,221 ""SY""",4,620,Yamasida,47550-37070.K,Хабаровск
2025-08-26 14:13:02,"Ремкомплект РТЦ 47550-37120.K / SK45051R TOYOTA 1-1/8"" DYNAXZU300L,320L 2001~ ""SY"" !",26,229,Yamasida,47550-37120.K,Хабаровск
2025-08-26 14:13:02,"Ремкомплект РТЦ 47550-37140.K / SK82851R 1-3/16"" TOYOTA DYNAXZU330L,340L ""SY"" !",7,520,Yamasida,47550-37140.K,Хабаровск
2025-08-26 14:13:02,"Ремкомплект РТЦ 47560-1450B.K HINO 1-1/2"" MFD10.4T,FC8.6T,8.7T 1992~ Y",17,1194,Yamasida,47560-1450B.K,Хабаровск
2025-08-26 14:13:02,"Ремкомплект РТЦ 47560-37020.K/47570-37010.K/47550-37050.K/SK41241R 1"" TOYOTA DYNABU101,11# Y",21,153,Yamasida,47560-37020.K,Хабаровск
2025-08-26 14:13:02,"Ремкомплект РТЦ 47560-37040.K 1-3/16"" TOYOTA DYNABU211,221 ""SY"" !",4,333,Yamasida,47560-37040.K,Хабаровск
2025-08-26 14:13:02,"Ремкомплект РТЦ 47560-37081.K 1-1/8"" HINO DUTRO ""SY"" !",11,173,Yamasida,47560-37081.K,Хабаровск
2025-08-26 14:13:02,"Ремкомплект РТЦ 47570-37030.K 1-3/16"" TOYOTA DYNABU211,221 Y",15,300,Yamasida,47570-37030.K,Хабаровск
2025-08-26 14:13:02,"Ремкомплект РТЦ 47570-37071.K 1-1/8"" HINO DUTRO Y",11,157,Yamasida,47570-37071.K,Хабаровск
2025-08-26 14:13:02,"Ремкомплект РТЦ 47570-37080.K / SK45051R TOYOTA 1-1/8"" DYNAXZU300L,320L ""SY"" !",22,213,Yamasida,47570-37080.K,Хабаровск
2025-08-26 14:13:02,"Ремкомплект РТЦ 47570-37100.K 13/16"" TOYOTA DYNAXZU330L,340L ""SY"" !",12,457,Yamasida,47570-37100.K,Хабаровск
2025-08-26 14:13:02,"Ремкомплект РТЦ 47580-1600.K HINO 1-1/2"" FD10.5T ""SY""",1,794,Yamasida,47580-1600.K,Хабаровск
2025-08-26 14:13:02,"Ремкомплект РТЦ 47580-36070.K / SK41231R TOYOTA 1-1/4"" DYNABU91,96,WU90,95 1988~95 ""SY"" !",18,184,Yamasida,47580-36070.K,Хабаровск
2025-08-26 14:13:02,"Ремкомплект РТЦ 47580-36191.K / SK45071R 1-1/8"" TOYOTA DYNABU102,RZU,XZU3.5T Y",1,371,Yamasida,47580-36191.K,Хабаровск
2025-08-26 14:13:02,"Ремкомплект РТЦ 47580-37010.K / SK45341R 1"" TOYOTA DYNABU101,11# ""SY"" !",34,184,Yamasida,47580-37010.K,Хабаровск
2025-08-26 14:13:02,"Ремкомплект РТЦ 47580-37030.K / SK45061R2 1-3/16"" TOYOTA DYNABU211,221 ""SY"" !",23,254,Yamasida,47580-37030.K,Хабаровск
2025-08-26 14:13:02,"Ремкомплект РТЦ 47580-37071.K 1-1/8"" HINO DUTRO ""SY"" !",37,166,Yamasida,47580-37071.K,Хабаровск
2025-08-26 14:13:02,Ремкомплект РТЦ 5-87831-598-0.K / SK81651F2 ISUZU 1-3/16'' NKR/NPR/NKS 94~ Y,71,655,Yamasida,5-87831-598-0.K,Хабаровск
2025-08-26 14:13:02,Ремкомплект РТЦ 5-87832-051-0/5-87832-185-0 NPR/NQR ORIG,29,1452,Isuzu,5-87832-051-0,Хабаровск
2025-08-26 14:13:02,Ремкомплект РТЦ 8-97358-874-0/8-97358-877-0/8-97358-875-0/SK83111F ISUZU 1-3/16'' NPR/NQR 02~ Y,6,218,Yamasida,8-97358-874-0.K,Хабаровск
2025-08-26 14:13:02,Ремкомплект РТЦ 8-97358-876-0 ISUZU 1-3/16'' NPR/NQR 02~ Y,5,229,Yamasida,8-97358-876-0.K,Хабаровск
2025-08-26 14:13:02,Ремкомплект РТЦ 8-97358-881-0 ISUZU 1-5/16'' NPR/NQR 02~ Y,26,510,Yamasida,8-97358-881-0.K,Хабаровск
2025-08-26 14:13:02,"Ремкомплект РТЦ W023-33-410.K / SK21431F 1-1/8"" MAZDA T3000,3500,4000(6W),4WD ""SY""",3,379,Yamasida,W023-33-410.K,Хабаровск
2025-08-26 14:13:02,"Ремкомплект РТЦ WA97-26-410.K / SK21131R 1"" MAZDA T3500TURBO,T4000,T4600 Y",4,401,Yamasida,WA97-26-410.K,Хабаровск
2025-08-26 14:13:02,Ремкомплект рулевой тяги поперечной 961-4320 BS106,2,1598,Дизель,961-4320,Хабаровск
2025-08-26 14:13:02,Ремкомплект ручного тормоза DHBR5850 MYY5T D-128110/8-53485-585-0 ISUZU N-series Дизель,9,540,Дизель,D-128110,Хабаровск
2025-08-26 14:13:02,"Ремкомплект РЦС 1"" SK81851-3/8-97024-297-0/8-97032-846/8-97032-847/8-97032-851/8-97039-709-0 Isuzu Y",14,416,Yamasida,8-97024-297-0.K,Хабаровск
2025-08-26 14:13:02,"Ремкомплект РЦС 3/4"" SK43371-2 / 31470-36212 / 31470-36213 Toyota Y",11,332,Yamasida,31470-36213.K,Хабаровск
2025-08-26 14:13:02,"Ремкомплект РЦС 3/4"" SK52971 / 30620-0T003 Nissan Y",12,247,Yamasida,30620-0T003.K,Хабаровск
2025-08-26 14:13:02,"Ремкомплект РЦС 3/4"" SK53171 / 30620-0T011 Nissan Y",20,260,Yamasida,30620-0T011.K,Хабаровск
2025-08-26 14:13:02,"Ремкомплект РЦС 7/8"" SK21301 / W201-41-920B Mazda Y",30,341,Yamasida,W201-41-920B.K,Хабаровск
2025-08-26 14:13:02,Ремкомплект РЦС SK45921 / 31470-37040 Toyota,1,299,Yamasida,31470-37040.K,Хабаровск
2025-08-26 14:13:02,Ремкомплект РЦС SK82691/8-97160-881-0/8-97212-015-0 Isuzu,32,353,Yamasida,8-97160-881-0.K,Хабаровск
2025-08-26 14:13:02,"Ремкомплект седельно-сцепного устройства SK2421-78 (подушки верх/низ, болты)",5,12823,Дизель,SK2421-78,Хабаровск
2025-08-26 14:13:02,Ремкомплект супорта MC894618 SP-S201/SP-201 51.1 FE537/FE568 FRONT,1,6349,JMC,MC894618,Хабаровск
2025-08-26 14:13:02,Ремкомплект суппорта (пятаки) для TSB3709/4309/4312 0980107631 BPW Orig !,2,6292,BPW,09.801.07.63.1,Хабаровск
2025-08-26 14:13:02,"Ремкомплект суппорта 260-10361/SP-A361P/A-361P 8-97029-981-0/... 2"" NHR54/NHR69 FRONT (SEIKEN) / 260-10361 / 8-97029-981-0 / 8-97029-981-0/8-97029-981-1/8-97029-964-1/8-97029-965-1 / SP-A361P/A-361P / SEIKEN",2,3309,JMC,8-97029-981-0,Хабаровск
2025-08-26 14:13:02,Ремкомплект суппорта 8-98302-532-0 NPR75 E-5 Y,20,1794,Yamasida,8-98302-532-0,Хабаровск
2025-08-26 14:13:02,Ремкомплект суппорта D-128192 / 8-98302-532-0 NPR75 E-5 Дизель,140,662,Дизель,D-128192,Хабаровск
2025-08-26 14:13:02,Ремкомплект суппорта D-128193 / MK528490 FR/RR FUSO CANTER FE85D E-4 Дизель,136,482,Дизель,D-128193,Хабаровск
2025-08-26 14:13:02,Ремкомплект суппорта G-brake GK-003,1,1172,JMC,GK-003,Хабаровск
2025-08-26 14:13:02,Ремкомплект суппорта MK528490 FR/RR FUSO CANTER FE85D E-4 Y,147,1347,Yamasida,MK528490,Хабаровск
2025-08-26 14:13:02,Ремкомплект суппорта Seiken 240-10429 (SP-A429P),1,3437,JMC,240-10429,Хабаровск
2025-08-26 14:13:02,Ремкомплект суппорта большой 53890 = 3890 Auger !,3,3266,Auger,53890,Хабаровск
2025-08-26 14:13:02,Ремкомплект суппорта перед. 260-40248/SP-248 MB334337 CANTER FE439EV,31,1158,Дизель,MB334337,Хабаровск
2025-08-26 14:13:02,Ремкомплект суппорта перед. 277-40201/SP-201 MC894618 51.1 FE537/FE568,19,1334,Дизель,MC894618,Хабаровск
2025-08-26 14:13:02,"Ремкомплект суппорта тормозного (2 суппорта) 04478-37230 HINO 300/E-3/E-4 ""SY""",7,1794,Yamasida,04478-37230,Хабаровск
2025-08-26 14:13:02,Ремкомплект суппорта тормозного (2 суппорта) D-128194 / 04478-37230 HINO 300/E-3/E-4 Дизель,38,662,Дизель,D-128194,Хабаровск
2025-08-26 14:13:02,Ремкомплект суппорта тормозного 8-98302-529-0/8-98120-383-0 N-series ORIG,35,3522,Isuzu,8-98302-529-0,Хабаровск
2025-08-26 14:13:02,Ремкомплект суппорта тормозного 8-98302-530-0 ORIG,78,2765,Isuzu,8983025300,Хабаровск
2025-08-26 14:13:02,Ремкомплект тормозного вала 010592/51375 /A3604200341 / 07477/ 016.102-00A Mercedes/Sampa,12,2693,Sampa,010.592,Хабаровск
2025-08-26 14:13:02,Ремкомплект тормозного вала 3604200441 /06369590014S/81503080006S MAN/MB Actros/Axor 42x62x20/25 SKV,34,1267,SKV,3604200441,Хабаровск
2025-08-26 14:13:02,Ремкомплект тормозного вала 51375 /A3604200341 / 07477 / 010592/016.102-00A Mercedes/Auger,17,2795,Auger,51375,Хабаровск
2025-08-26 14:13:02,"Ремкомплект тормозного вала на сторону 0980102131SKV/09.801.02.13.1 42*46*72,5 BPW",55,983,SKV,0980102131SKV,Хабаровск
2025-08-26 14:13:02,Ремкомплект тормозного крана (педали тормоза) 47069-1030/HNTC1030 PROFIA/RANGER SH1E/FS1E 2004- HD,9,1801,Дизель,47069-1030,Хабаровск
2025-08-26 14:13:02,Ремкомплект тормозного механизма (tipo RBSK 1408) 42559512 / 963594 / 54271 / 963035 AUGER !,1,8276,Auger,54271,Хабаровск
2025-08-26 14:13:02,"Ремкомплект тормозного суппорта (для поршня ? 48 mm, суппорт Lucas) BC-0342",1,341,JMC,BC-0342,Хабаровск
2025-08-26 14:13:02,"Ремкомплект тормозных колодок, барабанных D-125284 / 5-09580-101-1 F/R N-series Дизель",1,284,Дизель,D-125284,Хабаровск
2025-08-26 14:13:02,"Ремкомплект тормозных колодок, барабанных D-125743 / 5-09580-101-1 F/R N-series Дизель",28,212,Дизель,D-125743,Хабаровск
2025-08-26 14:13:02,Ремкомплект тормозов (пружины) 93162113/93161627/963539 Techno Brake,1,916,Technobrake,963539,Хабаровск
2025-08-26 14:13:02,Ремкомплект тяги продольной 45412-0601 HINO SH# CH,1,1875,Chase,45412-0601,Хабаровск
2025-08-26 14:13:02,Ремкомплект тяги продольной 45412-0601-2 HINO SH# CH,1,2236,Chase,45412-0601-2,Хабаровск
2025-08-26 14:13:02,Ремкомплект тяги продольной 45412-0601N HINO SH# CH,6,2652,Chase,45412-0601N,Хабаровск
2025-08-26 14:13:02,"Ремкомплект тяги продольной 45412-1130/HO-1130-RK HINO 10t D пальца=28,2/25.8 CH",3,2108,Chase,45412-1130,Хабаровск
2025-08-26 14:13:02,Ремкомплект тяги продольной 5-44261-048-0/IS-R01-019-RK ISUZU SBR 6BB1 CH,40,925,Chase,5-44261-048-0,Хабаровск
2025-08-26 14:13:02,Ремкомплект тяги рулевой 48574-Z2004 NISSAN UD CZ53BN RD8 PD6 repaire kit CH,11,2345,Chase,48574-Z2004,Хабаровск
2025-08-26 14:13:02,Ремкомплект цилиндра подъёма кабины 52099-1080 HINO 92~ XLD,23,1511,Дизель,52099-1080,Хабаровск
2025-08-26 14:13:02,Ремкомплект шкворневой 550284 (на сторону) Scania,41,3231,NamYang,550284,Хабаровск
2025-08-26 14:13:02,Ремкомплект шкворневой NY-161 / 40025-NA01J,1,5158,JMC,40025-NA01J,Хабаровск
2025-08-26 14:13:02,"Ремкомплект шкворневой Ø=40mm,L=239mm D-128038/04043-2109/S0404-32109/MH-72 HINO Дизель",1,3000,Дизель,D-128038,Хабаровск
2025-08-26 14:13:02,Ремкомплект шкворней F2000 на ось 50-49 качество WAYTEKO PREMIUM,1,8657,JMC,F2000,Хабаровск
2025-08-26 14:13:02,Ремкоплект заднего и переднего тормоза 1-85576-403-0 ORIG,2,10706,Isuzu,1-85576-403-0,Хабаровск
2025-08-26 14:13:02,Ремни клиновые BANDO 2620,1,344,Bando,2620,Хабаровск
2025-08-26 14:13:02,Ремни клиновые BANDO 3610,1,592,Aurochs,3610,Хабаровск
2025-08-26 14:13:02,Ремни клиновые BANDO 5330,1,482,Aurochs,5330,Хабаровск
2025-08-26 14:13:02,Ремни клиновые BANDO 5820,1,625,Bando,5820,Хабаровск
2025-08-26 14:13:02,Ремни клиновые BANDO 5840,3,1334,Bando,5840,Хабаровск
2025-08-26 14:13:02,Ремни клиновые BANDO 7365,1,387,Bando,7365,Хабаровск
2025-08-26 14:13:02,Ремни клиновые BANDO 7380,1,403,Bando,7380,Хабаровск
2025-08-26 14:13:02,Ремни клиновые BANDO 7390,1,413,Bando,7390,Хабаровск
2025-08-26 14:13:02,Ремни клиновые BANDO 7410,2,437,Bando,7410,Хабаровск
2025-08-26 14:13:02,Ремни клиновые BANDO 7420,5,515,Bando,7420,Хабаровск
2025-08-26 14:13:02,Ремни клиновые BANDO 7860,1,730,Bando,7860,Хабаровск
2025-08-26 14:13:02,Ремни клиновые BANDO 7880,2,673,Bando,7880,Хабаровск
2025-08-26 14:13:02,Ремни клиновые BANDO 7895,1,580,Bando,7895,Хабаровск
2025-08-26 14:13:02,Ремни клиновые BANDO 7900,2,689,Bando,7900,Хабаровск
2025-08-26 14:13:02,Ремни клиновые BANDO 7915,2,700,Bando,7915,Хабаровск
2025-08-26 14:13:02,Ремни клиновые BANDO 7930,2,712,JMC,7930,Хабаровск
2025-08-26 14:13:02,Ремни клиновые BANDO 9720,2,679,Bando,9720,Хабаровск
2025-08-26 14:13:02,Ремни клиновые BANDO 9760,2,714,JMC,9760,Хабаровск
2025-08-26 14:13:02,Ремни клиновые BANDO 9765,2,720,Bando,9765,Хабаровск
2025-08-26 14:13:02,Ресивер воздушный D-126592 / WG9000360773 / WG9100360786 Sitrak C7H Дизель,4,4806,Дизель,D-126592,Хабаровск
2025-08-26 14:13:02,Ресивер воздушный D-126594 / WG9000360789 Sitrak C7H Дизель,2,3256,Дизель,D-126594,Хабаровск
2025-08-26 14:13:02,Рессивер воздушный A-001 44802-3480 PM,2,6340,Paul Master,A-001,Хабаровск
2025-08-26 14:13:02,Рессивер воздушный A-001 44802-3490 BU XZU PM,5,7070,Paul Master,A-001,Хабаровск
2025-08-26 14:13:02,Рессивер воздушный A-002 44802-6210 PM,1,3522,Paul Master,A-002,Хабаровск
2025-08-26 14:13:02,"Рессора (унив) без 1,2 листов UNI-734 70-13-1040/780/520/260 к HPF5/MPF5/MPR5 70/13/1040/780/520/260",44,5929,SKV,UNI-734,Хабаровск
2025-08-26 14:13:02,Рессора в сборе (с подрес-м) 8-98064-447-0 11/17*70 Isuzu FSR90 rear (2втулки 25*30*68) SKV,58,28469,SKV,8-98064-447-0,Хабаровск
2025-08-26 14:13:02,Рессора в сборе (с подрес-м) 8-98079-904-0 Isuzu NQR90 rear (сайлент) SKV,48,18625,SKV,8-98079-904-0,Хабаровск
2025-08-26 14:13:02,Рессора в сборе (с подрес-м) 8-98239-514-0 8/9/11/12*70 Isuzu NPR75 rear (сайлент) L=1300 SKV,18,19765,SKV,8-98239-514-0,Хабаровск
2025-08-26 14:13:02,Рессора в сборе 09712000SKV / 257927 32*100/900*990мм VOLVO FH/FM Front 2 листа,7,32577,SKV,09712000,Хабаровск
2025-08-26 14:13:02,Рессора в сборе 09714000SKV / 257928 22/25*100 VOLVO FH12/FM 93~ Front,6,29066,SKV,09714000,Хабаровск
2025-08-26 14:13:02,Рессора в сборе 09720000SKV / 257932 32/26*100 VOLVO FH12 FH/FM 6x4 93~ Front,20,44668,SKV,09720000SKV,Хабаровск
2025-08-26 14:13:02,Рессора в сборе 1-51130-962-0 13/14/16*80 Isuzu 10t CYZ51 LHD front (2 втулки 32*42*78) SKV,79,30017,SKV,1-51130-962-0,Хабаровск
2025-08-26 14:13:02,Рессора в сборе 1547824SKV / 90199000 30*90 Scania R-Series 04~ Rear 8 листов,7,48511,SKV,1547824,Хабаровск
2025-08-26 14:13:02,Рессора в сборе 257933SKV / 09746000 VOLVO FM7/12/13/16 28x100x1090х950 Front 3листа SKV,38,27340,SKV,257933,Хабаровск
2025-08-26 14:13:02,Рессора в сборе 3-х листовая 09774000SKV / 257952 front VOLVO,32,37649,SKV,09774000,Хабаровск
2025-08-26 14:13:02,Рессора в сборе 48110-3V700 10/70 Hino 300 front (2 втулки 25-31-68) SKV,36,11400,SKV,48110-3V700,Хабаровск
2025-08-26 14:13:02,Рессора в сборе 48110-E0G00 HINO 500 (22.5) front SKV,29,27030,SKV,48110-E0G00,Хабаровск
2025-08-26 14:13:02,Рессора в сборе 48210-37540 13/12/10/9/8/6*70 rear Hino 300 Евро 3-4 узкая кабина SKV,16,20707,SKV,48210-37540,Хабаровск
2025-08-26 14:13:02,Рессора в сборе 48210-E0E10 / S4822-05091 18*90 HINO 700 Rear BELTON,8,39829,Belton,48220-5091,Хабаровск
2025-08-26 14:13:02,Рессора в сборе 48210-E0E10 / S4822-05091 18*90 HINO 700 Rear SKV,54,36721,SKV,48210-E0E10,Хабаровск
2025-08-26 14:13:02,Рессора в сборе 54100-5A301 11*70 HYUNDAI County 04~ front (2 обичайки + 2 сайлентблока) SKV,94,10815,SKV,54100-5A301,Хабаровск
2025-08-26 14:13:02,Рессора в сборе 54100-5K501 11/10х70 HD45/65/72/78/MIGHTY/HD35/75 10~ front (2 сайлентблока) SKV,1,15066,SKV,54100-5K501,Хабаровск
2025-08-26 14:13:02,Рессора в сборе 54110-4E602 3/13*70 BONGO III 2.9 `06~ front (сайлетблок + втулка 38*44*68) SKV,33,9568,SKV,54110-4E602,Хабаровск
2025-08-26 14:13:02,Рессора в сборе 55100-5A300U усиленная (7лист) 11*70*1360 HYUNDAI County 04~rear (2 обич +2 сайлент.) SKV,80,16490,SKV,55100-5A300U,Хабаровск
2025-08-26 14:13:02,Рессора в сборе 8-97033-427-1/428-1 13*70 Isuzu ELF NPR 93~ front (сайлентблоки) SKV,1,11500,SKV,8-97033-427-1,Хабаровск
2025-08-26 14:13:02,Рессора в сборе 8-98022-373-0 12/11/10/9/6*70 Isuzu NPR85/NMR85 rear SKV,44,17500,SKV,8-98022-373-0,Хабаровск
2025-08-26 14:13:02,Рессора в сборе 8-98159-622-0 35/18*90 Isuzu CYZ52 Rear SKV,1,49138,SKV,8-98159-622-0,Хабаровск
2025-08-26 14:13:02,Рессора в сборе 9443200702SKV / 33872000 29*90x970/830мм MERCEDES ACTROS 3341 (самосвал) Front 4 листа,8,44168,SKV,9443200702,Хабаровск
2025-08-26 14:13:02,"Рессора в сборе 9483201405 / 33839000 41/47*100x835/835мм MB Actros, MP2/MP3, Axor 2 Rear 5л. SKV",7,72768,SKV,9483201405SKV,Хабаровск
2025-08-26 14:13:02,Рессора в сборе A091-2912013-01 Богдан rear (сайлентблоки) SKV,6,11068,SKV,A091-2912013-01,Хабаровск
2025-08-26 14:13:02,Рессора в сборе D-125982 / 54150-Y3B00 JAC N350 front Дизель,10,56338,Дизель,D-125982,Хабаровск
2025-08-26 14:13:02,Рессора в сборе IPR2940 / 1-51410-294-0 20*90 Isuzu 10t CYZ51 (левый руль) rear SKV,31,29700,SKV,1-51410-294-0,Хабаровск
2025-08-26 14:13:02,Рессора в сборе IPR5 / 1-51410-123-1 / 13*70 Isuzu 5t rear (втулка 25-30-68) L=1430 SKV,9,13900,SKV,1-51410-123-1,Хабаровск
2025-08-26 14:13:02,Рессора в сборе 8-98063-483-0 17/19*70 Isuzu FSR90 front (2втулки 25*30*68) SKV,76,15748,SKV,8-98063-483-0,Хабаровск
2025-08-26 14:13:02,Рессора в сборе MB391393V 15*70 Canter FE335/37/435/37/39 rear с перем. толщ. 2 втулки 28-34-68 SKV,4,7064,SKV,MB391393V,Хабаровск
2025-08-26 14:13:02,Рессора в сборе ML291240 MMC Canter TF E-5 front (обичайки) SKV,43,10664,SKV,ML291240,Хабаровск
2025-08-26 14:13:02,Рессора в сборе MPF5 d-10.5mm / MC090304 11/13*70 Fuso 5t FK6# front (2 втулки 28-34-68) SKV,122,15366,SKV,MC090304,Хабаровск
2025-08-26 14:13:02,Рессора лист 1-51412-118-0 (спецтехн) ISUZU 5t FRR/FSR/FRD 97 подкоренной rear,6,2600,Дизель,1-51412-118-0,Хабаровск
2025-08-26 14:13:02,Рессора перед в сборе D-126779 / 2902010LG010 JAC N120/КАМАЗ Компас Дизель,1,32000,Дизель,D-126779,Хабаровск
2025-08-26 14:13:02,Рессора подрессорник 8-97135-078-0 10*70 Isuzu ELF NPR/NQR rear SKV,1,6600,SKV,8-97135-078-0,Хабаровск
2025-08-26 14:13:02,Рессора поперечная в сборе MK382259 14*110 Canter FE70/72/74 (2 листа + 2 проставки) SKV !,11,7850,SKV,MK382259,Хабаровск
2025-08-26 14:13:02,"Рессора универсальная без 1,2 листов UNI-735 70-13-1100/900/700/500/300 к HPR5 SKV",56,7924,SKV,UNI-735,Хабаровск
2025-08-26 14:13:02,Решетка бампера правая HNPR03018/004-012-HNU-R SH-2004 RH GA !,7,1051,Дизель,004-012-HNU-R,Хабаровск
2025-08-26 14:13:02,Решетка бампера центр HNPR03017/004-012-HNU-C SH-2004 GA !,4,1051,Дизель,004-012-HNU-C,Хабаровск
2025-08-26 14:13:02,"Решетка под фары ELF86-93 с комплектом букв ""ISUZU"" / 041-01-0115 / / под фары 05-4201. С комплекто",1,4201,JMC,8-97000-764-3,Хабаровск
2025-08-26 14:13:02,Решетка радиатора 102см IZNR94013/8-87076-580-2 ISUZU ELF NKR 2004 2008,2,1836,Дизель,8-87076-580-2,Хабаровск
2025-08-26 14:13:02,Решетка радиатора 8-97407-294-4 NQR90/NPR75 Diesel дефект,10,1513,Isz,8-97407-294-0,Хабаровск
2025-08-26 14:13:02,Решетка радиатора D-125495 / 8-97407-294-4 NQR90/NPR75 Дизель,14,3403,Дизель,D-125495,Хабаровск
2025-08-26 14:13:02,Решетка радиатора D-125696 / 8-97892-078-2 NKR/NKS 1999 - 2004 узкая кабина 805*620*212 ISUZU Дизель,1,5760,Дизель,D-125696,Хабаровск
2025-08-26 14:13:02,Решетка радиатора D-126294 / 86310-5H000 Hyundai HD72 Дизель,1,2272,Дизель,D-126294,Хабаровск
2025-08-26 14:13:02,Решетка радиатора D-126295 / 8-97407-294-4 NQR90/NPR75 Дизель,5,2932,Дизель,D-126295,Хабаровск
2025-08-26 14:13:02,Решетка радиатора D-128113 / 8-97583-047-0/2/3/4 N-series Дизель,26,2054,Дизель,D-128113,Хабаровск
2025-08-26 14:13:02,Решетка радиатора верхняя часть HNPR93006/76311-2851 HINO PROFIA SS/SH/FN/FS 1993-1999 !,1,5840,Дизель,76311-2851,Хабаровск
2025-08-26 14:13:02,Решетка радиатора средняя часть HNPR93007/76311-2871 HINO PROFIA SS/SH/FN/FS 1993-1999 !,1,5840,Дизель,HNPR93007,Хабаровск
2025-08-26 14:13:02,РМК ступицы RS-ECO-PLUS 2 LAGERUNG SH/SK/H/K 87718 / 0980107330,2,9823,JMC,87718,Хабаровск
2025-08-26 14:13:02,Рокер D-128009 / 8-98025-059-4 N-series 4JJ1 Дизель,3,1701,Дизель,D-128009,Хабаровск
2025-08-26 14:13:02,Рокер впускного клапана D-128084/8-97306-421-3 4HK1/6HK1 F/N-series Дизель,70,1243,Дизель,D-128084,Хабаровск
2025-08-26 14:13:02,Рокер выпускного клапана D-128085/8-97306-424-3 4HK1/6HK1 F/N-series Дизель,12,1614,Дизель,D-128085,Хабаровск
2025-08-26 14:13:02,"Рокер клапана 8-94152-344-0 4JB1/4JH1 N,Q-series ORIG",2,2305,Isuzu,8-94152-344-0,Хабаровск
2025-08-26 14:13:02,Рокер клапана D-128011/1-12610-080-2/1-12610-080-0/1-12610-079-1 C-series 6WG1 Дизель,2,3222,Дизель,D-128011,Хабаровск
2025-08-26 14:13:02,Ролик задней торм колодки 3502394-A0E/B FAW J6,11,782,Дизель,3502394-A0E/B,Хабаровск
2025-08-26 14:13:02,Ролик натяжитель приводного ремня 092V95800-7478 HOWO T5G,4,3579,Дизель,092V95800-7478,Хабаровск
2025-08-26 14:13:02,Ролик натяжительный ремня ГРМ Grace E45006JC/TR-32000,3,439,JMC,E45006JC,Хабаровск
2025-08-26 14:13:02,Ролик натяжителя ремня ГРМ 24322-4X000 (аналог) BONGO III 2.9,1,2567,R&D,24322-4X000,Хабаровск
2025-08-26 14:13:02,Ролик натяжной 1001319530 Weichai WP12 E5,1,2127,Дизель,1001319530,Хабаровск
2025-08-26 14:13:02,Ролик натяжной 3576133-NS 6205 Grace,2,1230,Newsun,NS6205,Хабаровск
2025-08-26 14:13:02,Ролик натяжной 612630060972 Weichai WP12 E5,1,1767,Дизель,612630060972,Хабаровск
2025-08-26 14:13:02,Ролик натяжной автоматический D-126936 / 1023010C36D / 1023010A36D FAW J5/J6 Дизель,2,1852,Дизель,D-126936,Хабаровск
2025-08-26 14:13:02,Ролик обводной 611600060031 Weichai WP10,15,14567,Дизель,611600060031,Хабаровск
2025-08-26 14:13:02,Ролик паразитный натяжителя ремня 463793 /A0005501833 / A0005502533 / 9470/461939 / 67756 Mercedes/DieselTechnic,1,2031,Diesel Technic,4.63793,Хабаровск
2025-08-26 14:13:02,Ролик передней тормозной колодки WG9100440021 HOWO T5G,8,329,Дизель,WG9100440021,Хабаровск
2025-08-26 14:13:02,Ролик приводного ремня 201V95800-6099 HOWO T5G,8,1182,Дизель,201V95800-6099,Хабаровск
2025-08-26 14:13:02,Ролик тормозной колодки B-024/hbr-024 47890-1110 Hino ALL PM,2,1247,Paul Master,HBR-024,Хабаровск
2025-08-26 14:13:02,Ролик тормозной колодки HBR-018 47890-1100 Front Hino ALL PM,4,1046,Paul Master,HBR-018,Хабаровск
2025-08-26 14:13:02,Роликовый рычаг 83580-43403 Grace !,1,272,JMC,83580-43403,Хабаровск
2025-08-26 14:13:02,РТЦ MC112213/RL SW-M237 Seiken,1,12309,Seiken,MC112213,Хабаровск
2025-08-26 14:13:02,"РТЦ в сборе Isuzu ELF WCI-069A 8-97022-031-1 1-3 16"" BTK",1,1440,Дизель,WCI-069A,Хабаровск
2025-08-26 14:13:02,"РТЦ в сборе ISUZU WCI-041A 8-97147-967-0 NPR Rear 1-3/16"" BTK",2,3341,Дизель,WCI-041A,Хабаровск
2025-08-26 14:13:02,Рукав (шланг) маслобензостойкий TUC20 ф 12 мм Рраб=20,30,595,Дизель,TUC20,Хабаровск
2025-08-26 14:13:02,Рулевой кардан ST-ASIS-005 8-94128-208-0,1,2772,JMC,8-94128-208-0,Хабаровск
2025-08-26 14:13:02,Рулевой кардан ST-ASIS-006 8-94128-208-1,1,2772,JMC,8-94128-208-1,Хабаровск
2025-08-26 14:13:02,Рулевой кардан ST-ASIS-016 8-97096-763-0,1,2126,JMC,8-97096-763-0,Хабаровск
2025-08-26 14:13:02,Рулевой кардан ST-ASM-005 MC081000,1,2772,JMC,MC081000,Хабаровск
2025-08-26 14:13:02,Рулевой кардан ST-ASM-008 MC378373,2,2772,JMC,MC378373,Хабаровск
2025-08-26 14:13:02,Рулевой кардан ST-ASMZ-005 W001-32-051A,1,2126,JMC,W001-32-051A,Хабаровск
2025-08-26 14:13:02,Рулевой редуктор D-127912 / 3411010A50A/B FAW J6 Дизель,1,31969,Дизель,D-127912,Хабаровск
2025-08-26 14:13:02,Ручка двери D-128292 / 86960-7A001 JAC N350 Дизель,3,352,Дизель,D-128292,Хабаровск
2025-08-26 14:13:02,Ручка двери MC142095 LH CANTER LIGHT TRUCK 96` Y,36,855,Yamasida,MC142095,Хабаровск
2025-08-26 14:13:02,Ручка двери MC142096 RH CANTER LIGHT TRUCK 96` Y,9,855,Yamasida,MC142096,Хабаровск
2025-08-26 14:13:02,Ручка двери внешняя с ключами (комплект на 2 двери) F2000/F3000,1,718,JMC,81.97100.6098,Хабаровск
2025-08-26 14:13:02,Ручка двери внутр. 6617663743 Istana !,5,96,Дизель,6617663743,Хабаровск
2025-08-26 14:13:02,Ручка двери внутренняя левая D-126296 / 8-97852-615-0 NPR/NQR Дизель,18,113,Дизель,D-126296,Хабаровск
2025-08-26 14:13:02,Ручка двери кабины внутренняя правая 8-97405-309-1 NPR75/NMR/NLR85/NQR/FSR90 ORIG,1,716,Isuzu,8-97405-309-1,Хабаровск
2025-08-26 14:13:02,Ручка двери кабины левая/правая 504254457 / 560/195 Covind !,1,4374,Covind,560/195,Хабаровск
2025-08-26 14:13:02,Ручка двери наружная правая D-126426 / 8-97852-107-5 NQR/NKR Дизель,26,341,Дизель,D-126426,Хабаровск
2025-08-26 14:13:02,Ручка двери наружняя передняя левая 8-98037-100-0/2 700P 4HK1 NLR85/NMR85/NPR75 Diesel уценка,3,496,Дизель,8-98037-100-0,Хабаровск
2025-08-26 14:13:02,Ручка двери наружняя передняя левая D-125057/8-98037-100-0/2 700P 4HK1 NLR85/NMR85/NPR75 Дизель,21,834,Дизель,D-125057,Хабаровск
2025-08-26 14:13:02,Ручка замка лев двери наружн. 1В24961500041 Foton,2,240,JMC,1В24961500041,Хабаровск
2025-08-26 14:13:02,Ручка наруж L 6105130W5000 JAC N35 ORIG,1,914,JAC,6105130W5000,Хабаровск
2025-08-26 14:13:02,Ручка наруж R 6105230W5000 JAC N35 ORIG,1,823,JAC,6105230W5000,Хабаровск
2025-08-26 14:13:02,Ручка открытия капота 8401300W5000 JAC N35 ORIG,3,236,JAC,8401300W5000,Хабаровск
2025-08-26 14:13:02,Ручка правой двери наруж D-126602 / 812W62641-0126 Sitrak C7H Дизель,1,463,Дизель,D-126602,Хабаровск
2025-08-26 14:13:02,Ручной тормоз в сборе Китай / SAE110,1,7265,JMC,SAE110,Хабаровск
2025-08-26 14:13:02,Ручной тормоз в сборе Китай / SAE118,1,7447,JMC,SAE118,Хабаровск
2025-08-26 14:13:02,Ручной тормоз в сборе Китай / SAE121,1,7356,JMC,SAE121,Хабаровск
2025-08-26 14:13:02,Рычаг (поводок) стеклоочистителя левый D-125010 / 8-98053-780-0 N-series Дизель,28,714,Дизель,D-125010,Хабаровск
2025-08-26 14:13:02,Рычаг (поводок) стеклоочистителя левый D-128146 / 8-97226-888-0 NQR75/NQR71 ISUZU Дизель,70,255,Дизель,D-128146,Хабаровск
2025-08-26 14:13:02,Рычаг (поводок) стеклоочистителя правый D-125011 / 8-98053-781-0 N-series Дизель,8,563,Дизель,D-125011,Хабаровск
2025-08-26 14:13:02,Рычаг (поводок) стеклоочистителя правый D-127188 / 8-97226-887-0 NQR75/NQR71 ISUZU Дизель,2,618,Дизель,D-127188,Хабаровск
2025-08-26 14:13:02,Рычаг нижний правый 54540-4E400 BONGO III,1,9514,Дизель,54540-4E400,Хабаровск
2025-08-26 14:13:02,Рычаг регулиров перед левого тормоза D-127913/3501205D242-C00/B 3250 J6 FAW Дизель,8,1227,Дизель,D-127913,Хабаровск
2025-08-26 14:13:02,Рычаг регулиров перед правого тормоза D-127914/3501210D242-C00/B 3250 J6 FAW Дизель,5,1227,Дизель,D-127914,Хабаровск
2025-08-26 14:13:02,Рычаг регулировочный (трещетка) AZ4008457001 HOWO T5G,4,3821,Дизель,AZ4008457001,Хабаровск
2025-08-26 14:13:02,Рычаг регулировочный заднего тормоза (трещетка) D-128090/8-98229-020-0 NQR90 Дизель,7,4888,Дизель,D-128090,Хабаровск
2025-08-26 14:13:02,Рычаг регулировочный задний лев z=25 D-126940 / 3502205A483 FAW J6 Дизель,3,1559,Дизель,D-126940,Хабаровск
2025-08-26 14:13:02,Рычаг регулировочный перед AZ9100440005 HOWO,2,1556,Дизель,AZ9100440005,Хабаровск
2025-08-26 14:13:02,Рычаг регулировочный перед лев Z=10 3501205242 FAW J6,7,1461,Дизель,3501205242,Хабаровск
2025-08-26 14:13:02,Рычаг регулировочный перед прав Z=10 3501210242 FAW J6,7,1461,Дизель,3501210242,Хабаровск
2025-08-26 14:13:02,Рычаг регулировочный переднего тормоза (трещетка) D-128091/8-98229-019-0 NQR90 Дизель,3,5067,Дизель,D-128091,Хабаровск
2025-08-26 14:13:02,Рычаг рулевой D-128437 / 3001034A1H FAW Дизель,1,1825,Дизель,D-128437,Хабаровск
2025-08-26 14:13:02,Сайленблок 48702-35070,1,214,JMC,48702-35070,Хабаровск
2025-08-26 14:13:02,Сайленблок 48725-28070 Toyota,1,1374,JMC,48725-28070,Хабаровск
2025-08-26 14:13:02,Сайленблок AAMMI1040/MAB-039 MR510418 ASVA,2,593,JMC,MAB-039,Хабаровск
2025-08-26 14:13:02,Сайленблок кабины 8-97162-756-0 NKR/NPR,2,598,JMC,8-97162-756-0,Хабаровск
2025-08-26 14:13:02,Сайленблок кабины SMS-7505,2,333,JMC,SMS-7505,Хабаровск
2025-08-26 14:13:02,Сайленблок нижнего переднего рычага SNS-7841 54560-22T10-S Schmaco !,18,973,Schmaco,SNS-7841,Хабаровск
2025-08-26 14:13:02,Сайленблок подвески кабины 500351393 / 53472 Auger !,2,1193,Auger,53472,Хабаровск
2025-08-26 14:13:02,Сайленблок подвески кабины 500357265 / 53480 Auger !,8,1142,Auger,53480,Хабаровск
2025-08-26 14:13:02,Сайленблок подвески кабины 52000 Auger !,4,932,Auger,52000,Хабаровск
2025-08-26 14:13:02,Сайленблок раздатки MB387672,2,1817,JMC,MB387672,Хабаровск
2025-08-26 14:13:02,Сайленблок рычага 48702-60060 Toyota,2,429,JMC,48702-60060,Хабаровск
2025-08-26 14:13:02,Сайленблок стабилизатора 52954 AUGER,15,473,Auger,52954,Хабаровск
2025-08-26 14:13:02,Сайленблок стабилизатора кабины перед 87-08568-SX/10058 SE-M LASTIK !,2,1566,Дизель,87-08568-SX,Хабаровск
2025-08-26 14:13:02,"Сайлентблок / Тяги продольной нижн./ Зад. C9243 48725-12460, 4878012010, 4878032060",2,334,JMC,48725-12460,Хабаровск
2025-08-26 14:13:02,Сайлентблок BH21159,1,401,JMC,BH21159,Хабаровск
2025-08-26 14:13:02,Сайлентблок MK335141 / MAB-FBLR,1,1964,JMC,MK335141,Хабаровск
2025-08-26 14:13:02,Сайлентблок MZAB-070 0191-28-330/3874-28-330 17x32x35 (YAC),4,143,JMC,3874-28-330,Хабаровск
2025-08-26 14:13:02,Сайлентблок NSO-012 Front,2,292,JMC,NSO-012,Хабаровск
2025-08-26 14:13:02,Сайлентблок R8-48655-20140-F,2,650,JMC,R8-48655-20140-F,Хабаровск
2025-08-26 14:13:02,Сайлентблок TAB-053/AAMTO1028/48068-12140,2,206,JMC,48068-12140,Хабаровск
2025-08-26 14:13:02,Сайлентблок V-образной тяги 54185/A0003503705 / 0003504205 Mercedes/Auger !,7,1464,Auger,54185,Хабаровск
2025-08-26 14:13:02,Сайлентблок амортизатора кабины 500398364 Iveco Orig,3,1222,Iveco,500398364,Хабаровск
2025-08-26 14:13:02,Сайлентблок замка кабины 81.96210.0364 SHACMAN,2,232,Дизель,81.96210.0364,Хабаровск
2025-08-26 14:13:02,Сайлентблок замка кабины 81.96210.0462 SHACMAN,2,232,Дизель,81.96210.0462,Хабаровск
2025-08-26 14:13:02,Сайлентблок кабины 3036201SKV 40*73*47 MB ACTROS SKV,64,896,SKV,3036201,Хабаровск
2025-08-26 14:13:02,Сайлентблок кабины 52406-1070 (16mm) Hino TZG !,12,643,Дизель,52406-1070,Хабаровск
2025-08-26 14:13:02,Сайлентблок кабины 52406-1080 / SHN-4175 HINO FH/FS/SH/SS Schmaco !,13,1477,Schmaco,SHN-4175,Хабаровск
2025-08-26 14:13:02,Сайлентблок кабины 52406-1190 / HN-4B176 TZG,8,783,Дизель,52406-1190,Хабаровск
2025-08-26 14:13:02,Сайлентблок кабины 52406-1190 / SHN-4176 HINO FH/FS/SH/SS Schmaco !,14,878,Schmaco,SHN-4176,Хабаровск
2025-08-26 14:13:02,Сайлентблок кабины 95167-00Z00 N-DIESEL СМ87 TZG,1,1062,Дизель,95167-00Z00,Хабаровск
2025-08-26 14:13:02,Сайлентблок кабины 95167-Z2000 Nissan TZG !,41,401,Дизель,95167-Z2000,Хабаровск
2025-08-26 14:13:02,Сайлентблок кабины 95167-Z5000 / Z5002 / Z2005 Nissan TZG !,13,545,Дизель,TN-014,Хабаровск
2025-08-26 14:13:02,Сайлентблок кабины AZ1642430061 Howo,3,114,Дизель,AZ1642430061,Хабаровск
2025-08-26 14:13:02,Сайлентблок кабины BC7020,1,1244,JMC,BC7020,Хабаровск
2025-08-26 14:13:02,Сайлентблок кабины D-125219 / 1-53458-714-0 Isuzu CX#/CY#/CV#/EX# 87~ Дизель,1,1447,Дизель,D-125219,Хабаровск
2025-08-26 14:13:02,Сайлентблок кабины D-128536 / S5240-61150 / 52406-1150 Дизель,17,923,Дизель,D-128536,Хабаровск
2025-08-26 14:13:02,Сайлентблок кабины HINO 300 / ?20mm x ?70mm x 52mm / B-08-C1070; BC1070 / 524061070; 52406-1070; 524,2,1617,JMC,52406-1070,Хабаровск
2025-08-26 14:13:02,Сайлентблок кабины ISUZU / ?16mm x ?70mm x 70mm / B-04-C6361; BC6361 / 1534586360; 1-53458-636-0; 15,2,3264,JMC,1-53458-636-0,Хабаровск
2025-08-26 14:13:02,Сайлентблок кабины MK396863 / SMS-4208 Mitsubishi,1,1709,JMC,MK396863,Хабаровск
2025-08-26 14:13:02,Сайлентблок кабины SIZ-4205 8-97095-148-1-S Schmaco,1,1170,Schmaco,SIZ-4205,Хабаровск
2025-08-26 14:13:02,Сайлентблок кабины зад D-126605 / 850-96210-0019 Sitrak C7H Дизель,4,792,Дизель,D-126605,Хабаровск
2025-08-26 14:13:02,Сайлентблок кабины перед D-126606 / 810-96210-0609 Sitrak C7H Дизель,4,792,Дизель,D-126606,Хабаровск
2025-08-26 14:13:02,"Сайлентблок кабины передний 25х100х123,5 мм A9423172012 / A9423172112/ 480403 DieselTechnic !",4,4299,Diesel Technic,4.80403,Хабаровск
2025-08-26 14:13:02,"Сайлентблок кабины передний 53234/ A9423172012 / A9423172112/53236 /3234 / 011225 25х100х123,5 мм Auger",5,2437,Auger,53234,Хабаровск
2025-08-26 14:13:02,Сайлентблок нижнего рычага MAZDA TITAN WHF3F 2000- / ?18mm x ?48mm x 70mm / / B-03-A4460; B3A4460 /,2,777,JMC,B-03-A4460,Хабаровск
2025-08-26 14:13:02,Сайлентблок нижнего рычага передней подвески задний TO0116R,2,299,JMC,TO0116R,Хабаровск
2025-08-26 14:13:02,Сайлентблок переднего стабилизатора SMS-009T8 Schmaco,4,1497,JMC,SMS-009T8,Хабаровск
2025-08-26 14:13:02,Сайлентблок реактивной тяги 1-51519-113-1/0/1-87411-074-2 ORIG CHINA,730,2181,Isuzu,1-87411-074-2,Хабаровск
2025-08-26 14:13:02,Сайлентблок реактивной тяги D-125443/1-51519-113-0/1 / 55542-Z2008 Дизель,76,1451,Дизель,D-125443,Хабаровск
2025-08-26 14:13:02,Сайлентблок реактивной штанги 53963 / A0003503605 / 28705 Mercedes/Auger !,2,3885,Auger,53963,Хабаровск
2025-08-26 14:13:02,Сайлентблок реактивных тяг TRC 55542-Z2008 / 1-87411-074-2/1-51519-113-1/D-127431 10 т TZG Дизель,4169,1327,Дизель,D-127431,Хабаровск
2025-08-26 14:13:02,Сайлентблок реактивных тяг прицеп 7973 / 05.113.96.05.0,1,375,Дизель,05.113.96.05.0,Хабаровск
2025-08-26 14:13:02,"Сайлентблок рессор D-127050 / 8-94118-588-1 / 8-97184-699-1/ IC-02008/SIZ-02008 ELF NKR, NPR Дизель",2,242,Дизель,D-127050,Хабаровск
2025-08-26 14:13:02,Сайлентблок рессорный 0680-34-330-S / FTD-02007-M5 KS RB-3005 (d=17 D=36 L=48) Schmaco !,607,168,Schmaco,SFD-02007,Хабаровск
2025-08-26 14:13:02,Сайлентблок рессорный 2912020Z2 N120 JAC,4,291,Дизель,2912020Z2,Хабаровск
2025-08-26 14:13:02,Сайлентблок рессорный 8-94118-588-1/SIZ-02008 NLR85A Y,32,503,Yamasida,8-94118-588-1,Хабаровск
2025-08-26 14:13:02,Сайлентблок рессорный 9-51151-023-0-S / SIZ-7200 Schmaco,5,355,Schmaco,SIZ-7200,Хабаровск
2025-08-26 14:13:02,Сайлентблок рессорный 9-51151-023-0/IZ-7S200,6,242,Дизель,9-51151-023-0,Хабаровск
2025-08-26 14:13:02,Сайлентблок рессорный D-128537 / 0680-28-330 Дизель,19,259,Дизель,D-128537,Хабаровск
2025-08-26 14:13:02,Сайлентблок рессоры 2658301SKV,40,340,SKV,2658301,Хабаровск
2025-08-26 14:13:02,Сайлентблок рессоры передней 2658301SKV D=50mm/d=18mm/H=96mm MB Atego,1,317,SKV,2658301,Хабаровск
2025-08-26 14:13:02,Сайлентблок рычага D-128538 / MK335060 MMC CANTER Дизель,161,345,Дизель,D-128538,Хабаровск
2025-08-26 14:13:02,"Сайлентблок Рычага MK335141 RB-5009 --- MMC(CANTER) FB70,FE72,FE85 MITOYO / 93945",2,657,MITOYO,MK335141,Хабаровск
2025-08-26 14:13:02,"Сайлентблок Рычага MK383559/MC120825 RB-5000 --- MMC(CANTER) FG84D,FB500,FG50E MITOYO (93874)",2,571,MITOYO,MK383559,Хабаровск
2025-08-26 14:13:02,Сайлентблок рычага подвески C9135,2,335,JMC,C9135,Хабаровск
2025-08-26 14:13:02,Сайлентблок стабилизатора 1966501 SKV,280,354,SKV,1966501,Хабаровск
2025-08-26 14:13:02,Сайлентблок стабилизатора A0003237985 / A0003237585 / 480386 / 51112 Mercedes/Daubert !,1,586,Дизель,A0003237985,Хабаровск
2025-08-26 14:13:02,Сайлентблок торсиона кабины AZ1642430061 HOWO,4,250,Дизель,AZ1642430061,Хабаровск
2025-08-26 14:13:02,Сайлентблок торсиона кабины AZ1664430095 HOWO,3,1235,Дизель,AZ1664430095,Хабаровск
2025-08-26 14:13:02,Сайлентблок тяги реактивной 55542-00Z0B,1,1436,JMC,55542-00Z0B,Хабаровск
2025-08-26 14:13:02,Сайлентблок тяги реактивной BLM0180,2,3751,JMC,BLM0180,Хабаровск
2025-08-26 14:13:02,Сальник / 114-17-0029 / 77-102-10-16.3 / КИТАЙ / I3585 / 8943363141; 8-94336-314-1; 8943679590; 8-94,1,478,Zevs,8-94336-314-1,Хабаровск
2025-08-26 14:13:02,Сальник / AD7146-E0 / MH034035 / NOK,2,839,JMC,MH034035,Хабаровск
2025-08-26 14:13:02,"сальник /HD65-72, Богдан, задней ступицы наружный (52*102*10.5*15.3) (NG) / 528205K000,52820-5K000",1,781,JMC,52820-5K000,Хабаровск
2025-08-26 14:13:02,Сальник 1-09625-080-0 70*92*12*18,2,284,KOYO,1-09625-080-0,Хабаровск
2025-08-26 14:13:02,Сальник 100*120*13 2380-1123/9828-00105 H3045/ NJ302,1,515,JMC,2380-1123,Хабаровск
2025-08-26 14:13:02,Сальник 102*120*20 I3630 / 8-94440-904-0,1,557,JMC,8-94440-904-0,Хабаровск
2025-08-26 14:13:02,Сальник 106x123x11 Payen NJ925 HI(ступица з. вн. AB/FB) NJ925,1,539,JMC,NJ925,Хабаровск
2025-08-26 14:13:02,Сальник 11*22*7 90311-11128 / T1259,6,292,JMC,90311-11128,Хабаровск
2025-08-26 14:13:02,Сальник 110x142x12 12279-Z5004 BH2617-EO,3,2379,JMC,12279-Z5004,Хабаровск
2025-08-26 14:13:02,Сальник 116*132*12 HINO H3093,3,225,JMC,H3093,Хабаровск
2025-08-26 14:13:02,Сальник 117x148x7 Payen NJ442 NI NJ442,1,154,JMC,NJ442,Хабаровск
2025-08-26 14:13:02,Сальник 12019647B /A0199970547 / 420453 Mercedes/ CORTECO !,5,554,Corteco,12019647B,Хабаровск
2025-08-26 14:13:02,"Сальник 126*150*14 12279-96006 N2021/AH4414 Payen NJ230 NI (КВ з. PE6, RD8,",1,1813,JMC,12279-96006,Хабаровск
2025-08-26 14:13:02,"Сальник 128,59*148,03*13,89 Payen NK234 IS NK234",3,523,JMC,NK234,Хабаровск
2025-08-26 14:13:02,"Сальник 128*148,2*10 I3611 Payen NJ262 IS (КВ з.) NJ262",1,239,JMC,NJ262,Хабаровск
2025-08-26 14:13:02,Сальник 128*148*10 I3611/NJ322 1-09625-317-0,1,1767,JMC,1-09625-317-0,Хабаровск
2025-08-26 14:13:02,Сальник 139*171*19 1-09625-559-0 BZ5709-E0,1,3554,JMC,1-09625-559-0,Хабаровск
2025-08-26 14:13:02,Сальник 160*182*17 MH034084 F4167 / BD1133-E1,2,824,JMC,MH034084,Хабаровск
2025-08-26 14:13:02,Сальник 21321-42041 Grace,5,177,HOS,21321-42041,Хабаровск
2025-08-26 14:13:02,Сальник 25*38*10*15 AR1309-H0,1,205,Дизель,AR1309-H0,Хабаровск
2025-08-26 14:13:02,"Сальник 30x45x62x15x41 Payen NJ085 (МКПП з. Sunny, Atlas) NJ085",1,86,Дизель,NJ085,Хабаровск
2025-08-26 14:13:02,"Сальник 32*52*11*15,5 38342-21000/32030 N2087/AE1904-10/NJ117",3,288,Musashi,38342-21000,Хабаровск
2025-08-26 14:13:02,Сальник 33216-01J00/33216-33G00/33216-33G01 40 X 75 X 12 X 17.5 SNBR Y,116,279,Yamasida,33216-01J00,Хабаровск
2025-08-26 14:13:02,Сальник 34x45x10 Payen NJ556 (полуось H40...кроме FD33T) NJ556,1,544,JMC,NJ556,Хабаровск
2025-08-26 14:13:02,"Сальник 35*48*8 N2135/NJ415 48040-82100/49345-01G00 BD30 JH40 Payen NJ415 (рул. Atlas, Laurel, Cedric) NJ415",1,141,JMC,NJ415,Хабаровск
2025-08-26 14:13:02,Сальник 35x55x11 43252-01G00/VW000/P4500 N2222/N2148/NJ843 MUS/KOYO метал.,2,255,FUJI,90043-11001,Хабаровск
2025-08-26 14:13:02,Сальник 35*55*11*18 38342-N3100 N2156/NJ147 M,1,185,Дизель,38342-N3100,Хабаровск
2025-08-26 14:13:02,"Сальник 38189-Z5005/-Z5004 BH5013E --- 60-114-10-25 UDS-59-RM хвостЗаднРедукт,CW40,H41 NOK* /",1,909,JMC,38189-Z5005,Хабаровск
2025-08-26 14:13:02,Сальник 38212-Z5000 Nissan KOYO,1,833,KOYO,38212-Z5000,Хабаровск
2025-08-26 14:13:02,Сальник 40*46.3*49.3*14*18 /!!! 40*46*18 неполн. 90310-40001 T1181/BC2413-E0/NK045,1,79,JMC,90310-40001,Хабаровск
2025-08-26 14:13:02,Сальник 40101623/101583/022550 90*130*14 хвостовик зад моста EMMERRE !,1,968,Emmerre,101583,Хабаровск
2025-08-26 14:13:02,Сальник 40102163 / 40100803 95х115х12 входной хвостовик раздатки Iveco Orig !,1,1209,Iveco,40102163,Хабаровск
2025-08-26 14:13:02,Сальник 41*56*7 43252-H1000/N2125 / NJ036 NIS NOK/Nissan,5,113,Дизель,43252-H1000,Хабаровск
2025-08-26 14:13:02,"Сальник 41*56*7 N2125 43252-H1000 Payen NJ036 NI(ступ. з. C22, C31/3",1,97,Дизель,43252-H1000,Хабаровск
2025-08-26 14:13:02,"Сальник 42x55x9 Payen NJ267 IS(РВ C223, 4JA1, 4JB1) NJ267",1,204,JMC,NJ267,Хабаровск
2025-08-26 14:13:02,Сальник 42*76*12*21 N2007 / NJ684,1,429,Musashi,NJ684,Хабаровск
2025-08-26 14:13:02,Сальник 50x65x9 Payen NJ429 (ступица п. Delica MT141132) NJ429,1,188,JMC,NJ429,Хабаровск
2025-08-26 14:13:02,Сальник 5262529 FORD,1,1110,JMC,5262529,Хабаровск
2025-08-26 14:13:02,Сальник 56*73*7.5*15 90311-56016 T1254/NJ139/BD3277-F0,1,202,JMC,90311-56016,Хабаровск
2025-08-26 14:13:02,Сальник 60*82*9 01004-00071 Nissan,1,855,Дизель,01004-00071,Хабаровск
2025-08-26 14:13:02,Сальник 61500010047 Howo,3,306,Дизель,61500010047,Хабаровск
2025-08-26 14:13:02,Сальник 61500010047 Howo/,19,259,Howo,61500010047,Хабаровск
2025-08-26 14:13:02,Сальник 62x85x8/10 19015054,2,215,JMC,19015054,Хабаровск
2025-08-26 14:13:02,Сальник 63*100*12 H3013 / 9828-63104 / 1-828-6301-00 Payen NJ462 HI,5,524,Musashi,9828-63104,Хабаровск
2025-08-26 14:13:02,Сальник 65*95*14*20.5 9828-65000,1,666,NOK,9828-65000,Хабаровск
2025-08-26 14:13:02,"Сальник 68*124*11,5/27 1-09625-017-0/I3504 Y",71,639,Yamasida,1-09625-017-0,Хабаровск
2025-08-26 14:13:02,"Сальник 74,5*99,5*7,7 F4031/NJ398 MUS",1,239,JMC,F4031,Хабаровск
2025-08-26 14:13:02,Сальник 75*105*10*14 W782-33-065A M4623/AD3627F,2,734,JMC,W782-33-065A,Хабаровск
2025-08-26 14:13:02,"Сальник 78,5*95,1*7,5 43213-76000 MUS №2116 NISSAN NDK",3,261,Дизель,43213-76000,Хабаровск
2025-08-26 14:13:02,Сальник 80*100*8.5 90311-80003/80004/80007/80009/ 12279-5L300/90043-11230 N2351/NJ360,2,350,JMC,90311-80003,Хабаровск
2025-08-26 14:13:02,Сальник 80*113*12*20 NJ571 / 8-94335-316-1 / I3513 Musashi,1,372,Дизель,8-94335-316-1,Хабаровск
2025-08-26 14:13:02,Сальник 80*162*12*41.5 F4216 / MH034131,3,1381,NOK,MH034131,Хабаровск
2025-08-26 14:13:02,Сальник 90310-58002 Toyota,2,138,Дизель,90310-58002,Хабаровск
2025-08-26 14:13:02,"Сальник 949150-2010/ME702702/22827-1360 AD8849F/AD8849P/AD8849G 29-41-7 привТНВД,8DC10,J08C NOK",1,474,JMC,949150-2010,Хабаровск
2025-08-26 14:13:02,Сальник A0149972947 Mercedes ориг !,1,986,Mercedes,A 014 997 29 47,Хабаровск
2025-08-26 14:13:02,Сальник AE7637E --- 35-56-7 --- --- NOK / 17987,2,207,JMC,AE7637E,Хабаровск
2025-08-26 14:13:02,"Сальник AW1032E ME725017 20-40-10 ГУР,FUSO NOK / 18848",2,269,JMC,ME725017,Хабаровск
2025-08-26 14:13:02,Сальник AZ9761322430 Howo 77*110.5*17 Tora,5,167,Дизель,AZ9761322430,Хабаровск
2025-08-26 14:13:02,Сальник AZ9761322430 Howo/ 77*110.5*17 Tora,2,323,Howo,AZ9761322430,Хабаровск
2025-08-26 14:13:02,Сальник F500A-1802191 Howo/ 52*72*10 CNHTC,8,222,Howo,F500A-1802191,Хабаровск
2025-08-26 14:13:02,Сальник F91410 47.63*65.07*6.35 Foton/,11,163,Foton,F91410,Хабаровск
2025-08-26 14:13:02,Сальник HMSC124*146*14 KOYO 124*146*14,1,564,JMC,124*146*14,Хабаровск
2025-08-26 14:13:02,"Сальник I3507 1-09625-484-0/1-09625-432-0 AH7736E NJ469 60-103-12-20 UDS-9 Хвостовик,SBR TOM / 20925",3,543,JMC,1-09625-484-0,Хабаровск
2025-08-26 14:13:02,Сальник I3543 9-09924-296-0/8-97049-145-0 50*68*9 TOMBOW,1,273,JMC,9-09924-296-0,Хабаровск
2025-08-26 14:13:02,Сальник I3567 ориг. MUS,1,213,JMC,9-09924-502-0,Хабаровск
2025-08-26 14:13:02,Сальник I3645 MUS,1,168,Musashi,I3654,Хабаровск
2025-08-26 14:13:02,"Сальник I3704 8-97617-308-0/1-09625-556-2 BZ4837G/E/I -- 118-148-20 - лобовина,спиральRH KORRT",1,2652,JMC,8-97617-308-0,Хабаровск
2025-08-26 14:13:02,Сальник ISUZU / 68-124-11.5-27 / / 04-3504 / 1096250170; 1-09625-017-0; 1096253830; 1-09625-383-0 /,6,772,TOKKO,04-3504,Хабаровск
2025-08-26 14:13:02,Сальник KOS-363 KOREA/21443-4A001/91*114*9,1,373,JMC,KOS-363,Хабаровск
2025-08-26 14:13:02,Сальник M4535 W029-33-065 65*100*12 ступицаПеред MUSASHI,3,582,Musashi,W029-33-065,Хабаровск
2025-08-26 14:13:02,"Сальник MH034173 BH4877E --- 64-78-9 UE задСтупица,FUSO,FN61Q NOK / 5014",1,1131,JMC,MH034173,Хабаровск
2025-08-26 14:13:02,"Сальник N2079 38212-90000/-90001 AB3185E1 NJ... 60-72-18 AC полуось,UZA520,лесовозы NOK/10280",3,347,Дизель,38212-90000,Хабаровск
2025-08-26 14:13:02,Сальник QD431-13T00180 40*58*8 Y,135,183,Yamasida,QD431-13T00180,Хабаровск
2025-08-26 14:13:02,Сальник TJ-812 Howo 48*65*7,2,115,Howo,812 TJ,Хабаровск
2025-08-26 14:13:02,Сальник TJ-828 Howo Tora 47.5*65*6.5,2,145,Howo,828 TJ,Хабаровск
2025-08-26 14:13:02,Сальник TOYOTA / 22-32-8 / На кулису МКПП / AC7746-E0 / 9031122009; 90311-22009 / NOK,2,143,Zevs,90311-22009,Хабаровск
2025-08-26 14:13:02,Сальник вала 81-53337-00,3,620,VICTOR REINZ,81-53337-0,Хабаровск
2025-08-26 14:13:02,Сальник вала 90033-19008,2,919,JMC,90033-19008,Хабаровск
2025-08-26 14:13:02,Сальник вала RT40-145 FWD A1205R2592/A1205X2728/2502761C Freightliner,1,1958,JMC,RT40-145,Хабаровск
2025-08-26 14:13:02,Сальник вала балансира 130*160*13/16 D-128255 / 1-09625-146-0 CXH/CXG Дизель,77,551,Дизель,D-128255,Хабаровск
2025-08-26 14:13:02,Сальник вала балансира 140*160*14 9828-00106 NBR Y,1,306,Yamasida,9828-00106,Хабаровск
2025-08-26 14:13:02,"Сальник вала балансира 145*175*15,3 55515-00Z00 NBR Y",41,750,Yamasida,55515-00Z00,Хабаровск
2025-08-26 14:13:02,Сальник вала балансира 154*185*19 MC095475/BZ5618-E0 FUSO FU/FV Y,63,1737,Yamasida,MC095475,Хабаровск
2025-08-26 14:13:02,Сальник вала балансира 155*185*13/16 1-51389-005-0 CXZ Y,319,1158,Yamasida,1-51389-005-0,Хабаровск
2025-08-26 14:13:02,Сальник вала балансира 165*195*19 Fuso HOS,16,875,HOS,12857-16700,Хабаровск
2025-08-26 14:13:02,Сальник вала балансира 165*195*19/21 12857-16700 Fuso NBR Y,121,926,Yamasida,12857-16700,Хабаровск
2025-08-26 14:13:02,Сальник вала КПП 48*60*9 SZ319-48007/H3098 HINO300/500 GD8JLSA/FC3JLE/FC6JGF/FD7 Y,51,221,Yamasida,SZ319-48007,Хабаровск
2025-08-26 14:13:02,Сальник вала КПП 60531122/A3892610865 / A3892610665 Euroricambi !,1,2482,Euroricambi,60.53.1122,Хабаровск
2025-08-26 14:13:02,"Сальник вторичного вала КПП 40*58*8 43113-P06020 HD65,72,78 Y",20,204,Yamasida,43113-P06020,Хабаровск
2025-08-26 14:13:02,"Сальник КПП MSB5M, MSB5S 45*65*10 8-94178-728-0 / I3512 NBR ISUZU Y",46,184,Yamasida,8-94178-728-0,Хабаровск
2025-08-26 14:13:02,Сальник вторичного вала КПП 45*65*10 8-97257-296-0/8-98189-443-0 Y,130,176,Yamasida,8-97257-296-0,Хабаровск
2025-08-26 14:13:02,Сальник вторичного вала КПП MYY5T /5-ступ 50*63.5*8.5 8-97253-552-1 ISUZU Y,176,209,Yamasida,8-97253-552-1,Хабаровск
2025-08-26 14:13:02,Сальник вторичного вала КПП MZZ6U /6-ступ 58*75*8.5 8-97253-551-1 / I3696 NBR ISUZU Y,56,209,Yamasida,8-97253-551-1,Хабаровск
2025-08-26 14:13:02,Сальник втулки рессоры 30*40*5.8 / MK303902 / LP-5904 Y !,192,194,Yamasida,MK303902,Хабаровск
2025-08-26 14:13:02,Сальник генератора 15*32*7.5*9 8-94156-589-0 Isuzu NPR/NQR Y,138,193,Yamasida,8-94156-589-0,Хабаровск
2025-08-26 14:13:02,Сальник генератора 15*32*7.5/9 D-128256 / 8-94156-589-0 Isuzu NPR/NQR Дизель,89,94,Дизель,D-128256,Хабаровск
2025-08-26 14:13:02,Сальник генератора TKK-AE8437-E0 NOK,2,136,JMC,TKK-AE8437-E0,Хабаровск
2025-08-26 14:13:02,Сальник гидроусилителя S4439-31050 / LP-5959 / 17*32*8.5 Y,199,150,Yamasida,S4439-31050,Хабаровск
2025-08-26 14:13:02,Сальник главной передачи 85х120х20 12019701B/ A9423530059 / 420478 Mercedes/CORTECO !,8,4512,Corteco,12019701B,Хабаровск
2025-08-26 14:13:02,Сальник ГУР D-128013 / 8-97081-746-0 / 8-94240-929-0 / 8-97264-442-0 / 22.22*35*7 Дизель,19,218,Дизель,D-128013,Хабаровск
2025-08-26 14:13:02,Сальник двигателя 2010124,3,267,JMC,2010124,Хабаровск
2025-08-26 14:13:02,Сальник дифференциала заднего моста 37*58*11X 90311-37003/BH3009 LP-5890 DYNA/TOYOACE Y !,206,138,Yamasida,90311-37003,Хабаровск
2025-08-26 14:13:02,Сальник зад. ступицы 35*41*5.5/9 / 90310-36003 / LP-5887 Y !,122,152,Yamasida,90310-36003,Хабаровск
2025-08-26 14:13:02,Сальник зад. ступицы 75*108*10*15*20 90311-75003 / T1170 DYNA/TOYOACE/HINO Y,35,722,Yamasida,90311-75003,Хабаровск
2025-08-26 14:13:02,Сальник зад. ступицы 75*108*10*15*20 D-127959 / 90311-75003 / T1170 DYNA/TOYOACE/HINO Дизель,16,237,Дизель,D-127959,Хабаровск
2025-08-26 14:13:02,"Сальник зад. ступицы внешн. 33*44*7 43252-T6200/N2191 F22,F23 82~ Y",146,170,Yamasida,43252-T6200,Хабаровск
2025-08-26 14:13:02,Сальник зад. ступицы внешн. 38*44*17.5 90310-38033/T1068 Y,43,232,Yamasida,90310-38033,Хабаровск
2025-08-26 14:13:02,"Сальник зад. ступицы внешн. 38*45*8 1416-26-157/M4537 LP-5878 NBR TITAN WE, WG, Bongo SR/SD Y",129,128,Yamasida,1416-26-157,Хабаровск
2025-08-26 14:13:02,Сальник зад. ступицы внешн. 40*46/49*17.5 90310-40001/T1181 HINO300/DYNA BU6#7#8#9#XZU3#4#6#7# Y,500,193,Yamasida,90310-40001,Хабаровск
2025-08-26 14:13:02,Сальник зад. ступицы внешн. 45*53*6.5*8 MH034110 Y,236,183,Yamasida,MH034110,Хабаровск
2025-08-26 14:13:02,Сальник зад. ступицы внешн. 46*94**8/10 D-127960/8-94336-315-1/2/8-94367-961-1/8-98202-911-0 Дизель,64,107,Дизель,D-127960,Хабаровск
2025-08-26 14:13:02,Сальник зад. ступицы внешн. 47*56*7 38212-Z5000 / N2074 LP-5839 Nissan DIESEL CL/CM/CG/CW Y,154,150,Yamasida,38212-Z5000,Хабаровск
2025-08-26 14:13:02,Сальник зад. ступицы внешн. 50*70*12*17 43232-01G00 Y !,22,322,Yamasida,43232-01G00,Хабаровск
2025-08-26 14:13:02,Сальник зад. ступицы внешн. 51*94*9.5 43254-0T000/N2278 H41 91~ F24 07~ Y,147,277,Yamasida,43254-0T000,Хабаровск
2025-08-26 14:13:02,Сальник зад. ступицы внешн. 52*112*10.5/15.5 52820-5K300 HD45/65/72/78 04~ SNBR Y,68,572,Yamasida,52820-5K300,Хабаровск
2025-08-26 14:13:02,Сальник зад. ступицы внешн. 56*114*10 D-127971 / MB308966 FUSO CANTER (2T~) SNBR Дизель,90,294,Дизель,D-127971,Хабаровск
2025-08-26 14:13:02,Сальник зад. ступицы внешн. 56*114*10 MB308966 FUSO CANTER (2T~) SNBR Y,151,713,Yamasida,MB308966,Хабаровск
2025-08-26 14:13:02,"Сальник зад. ступицы внешн. 56*122*10.5 1-09625-331-0 FRR,FRD,NRR 84~ SNBR Y",133,408,Yamasida,1-09625-331-0,Хабаровск
2025-08-26 14:13:02,Сальник зад. ступицы внешн. 57*123*11*21 38212-Z5007/ N2280 Y,196,693,Yamasida,38212-Z5007,Хабаровск
2025-08-26 14:13:02,Сальник зад. ступицы внешн. 57*124*14.5*27 D-127962 / MH034193/ F4176 Дизель,29,224,Дизель,D-127962,Хабаровск
2025-08-26 14:13:02,Сальник зад. ступицы внешн. 57*124*14.5*27 MH034193/ F4176 Y,118,774,Yamasida,MH034193,Хабаровск
2025-08-26 14:13:02,Сальник зад. ступицы внешн. 60*72*12 MH034134/F4044 FP/FT/FS/FU/FV/FW5#/50#/41# Y,15,219,Yamasida,MH034134,Хабаровск
2025-08-26 14:13:02,"Сальник зад. ступицы внешн. 67*90*12.5*20 43232-01J10/N2270 F23 KA20DE,QD32 ABS 92~ F24 07~ Y !",6,270,Yamasida,43232-01J10,Хабаровск
2025-08-26 14:13:02,"Сальник зад. ступицы внешн. 68*82*7 09061-0001P/N2008 F22,F23 82~ Y",42,316,Yamasida,09061-0001P,Хабаровск
2025-08-26 14:13:02,"Сальник зад. ступицы внешн. 70*82*12,5 MH034133/F4168 Y",82,301,Yamasida,MH034133,Хабаровск
2025-08-26 14:13:02,Сальник зад. ступицы внешн. 74*156*14*22 38212-00Z01/N2287 Y,127,1264,Yamasida,38212-00Z01,Хабаровск
2025-08-26 14:13:02,Сальник зад. ступицы внешн. 76*157*8*19 9828-76101 / 9828-76102 / H3059 HINO TRUCK / #700 Y,99,897,Yamasida,9828-76101,Хабаровск
2025-08-26 14:13:02,Сальник зад. ступицы внутр. 117*174*16 D-126299/1-09625-350-0/1-09625-265-0 Дизель,43,471,Дизель,D-126299,Хабаровск
2025-08-26 14:13:02,Сальник зад. ступицы внутр. 117*174*28 1-09625-350-0/I3600 Y,183,1328,Yamasida,1-09625-350-0,Хабаровск
2025-08-26 14:13:02,Сальник зад. ступицы внутр. 127*146*10 43090-Z5002/Z5001 Nissan UD Y,168,611,Yamasida,43090-Z5002,Хабаровск
2025-08-26 14:13:02,Сальник зад. ступицы внутр. 130*146*14 MH034175/F4175 FS/FY5#/FK/FM6# Y,52,567,Yamasida,MH034175,Хабаровск
2025-08-26 14:13:02,Сальник зад. ступицы внутр. 145*164*14 9828-01204 Y,55,763,Yamasida,9828-01204,Хабаровск
2025-08-26 14:13:02,Сальник зад. ступицы внутр. 154*172*14 MC807438 / F4134 Y,12,789,Yamasida,MC807438,Хабаровск
2025-08-26 14:13:02,Сальник зад. ступицы внутр. 154*175*13 D-127966 / 9828-01193/H3058/N2221 NBR HINO TRUCK/ #700 Дизель,63,250,Дизель,D-127966,Хабаровск
2025-08-26 14:13:02,Сальник зад. ступицы внутр. 35*55*11 43252-VW000/ N2222 Y,50,147,Yamasida,43252-VW000,Хабаровск
2025-08-26 14:13:02,Сальник зад. ступицы внутр. 38*62*11 43252-T3200/N2167 F22/23TD27/TD25(ALL) 82~ Y,46,195,Yamasida,43252-T3200,Хабаровск
2025-08-26 14:13:02,Сальник зад. ступицы внутр. 39.5*60*10 5-09625-092-0 Y,1,172,Yamasida,5-09625-092-0,Хабаровск
2025-08-26 14:13:02,Сальник зад. ступицы внутр. 40*65*11 43252-VH300/N2364 F23 QD32(ABS) F24 07~ Y !,12,134,Yamasida,43252-VH300,Хабаровск
2025-08-26 14:13:02,"Сальник зад. ступицы внутр. 45*55*7.5 9828-45104/H3004 FD,GD,GX 97~ Y !",48,172,Yamasida,9828-45104,Хабаровск
2025-08-26 14:13:02,Сальник зад. ступицы внутр. 60*72*7.5 38212-90006 Y,234,209,Yamasida,38212-90006,Хабаровск
2025-08-26 14:13:02,Сальник зад. ступицы внутр. 65*90*11.4 43232-11G00/ N2275 Y,2,776,Yamasida,43232-11G00,Хабаровск
2025-08-26 14:13:02,"Сальник зад. ступицы внутр. 70*112*10/18.5 MB161152/52810-45000/F4028 Canter(1-1,5t)/County/HD65 Y",133,326,Yamasida,MB161152,Хабаровск
2025-08-26 14:13:02,Сальник зад. ступицы внутр. 74*100*10 MB161153 Y,161,448,Yamasida,MB161153,Хабаровск
2025-08-26 14:13:02,"Сальник зад. ступицы внутр. 77*102*18/21,5 8-94336-314-1/8-94367-959-0/l3585 NPR/NKR/NLR85/NMR85/NKR55 Y",159,549,Yamasida,8-94336-314-1,Хабаровск
2025-08-26 14:13:02,Сальник зад. ступицы внутр. 78*115*10/20 90311-78001 / T1309 DYNA/TOYOACE/HINO300 Y,22,567,Yamasida,90311-78001,Хабаровск
2025-08-26 14:13:02,Сальник зад. ступицы внутр. 78*115*10/20 D-127967 / 90311-78001 / T1309 DYNA/TOYOACE/HINO300 Дизель,21,246,Дизель,D-127967,Хабаровск
2025-08-26 14:13:02,Сальник зад. ступицы внутр. 80*101*10-11 43232-0T000 Y,1,343,Yamasida,43232-0T000,Хабаровск
2025-08-26 14:13:02,Сальник зад. ступицы внутр. 80*113*12/20 8-94336-316-1/8-94367-958-0/I3513 NPR/NQR-LHD99 Y,179,665,Yamasida,8-94336-316-1,Хабаровск
2025-08-26 14:13:02,Сальник зад. ступицы внутр. 82*121*12/19 8-97122-937-0/I3675 NQR71/75 Y,175,591,Yamasida,8-97122-937-0,Хабаровск
2025-08-26 14:13:02,Сальник зад. ступицы внутр. 82*121*12/19 D-127968 / 8-97122-937-0 NQR71/75 Дизель,785,322,Дизель,D-127968,Хабаровск
2025-08-26 14:13:02,Сальник зад. ступицы внутр. 95*132*12/21.5 1-09625-569-0/I3575 SNBR Y,103,794,Yamasida,1-09625-569-0,Хабаровск
2025-08-26 14:13:02,Сальник зад. ступицы наруж. 57*124*13 9828-57103/SZ319-57001/H3078 Y,122,994,Yamasida,9828-57103,Хабаровск
2025-08-26 14:13:02,"Сальник зад.ступицы внешн. 46*102*10/16 MB308933 FUSO CANTER FE#/62E,63D/C/EFE7#/FE82C,82D,82E,83C Y",95,326,Yamasida,MB308933,Хабаровск
2025-08-26 14:13:02,Сальник заднего суппорта 3502153-A0E FAW J6,21,185,Дизель,3502153-A0E,Хабаровск
2025-08-26 14:13:02,Сальник задней крышки КПП 6J55T-1701161-1 60*74*10 N120 JAC ORIG,8,541,JAC,6J55T-1701161-1,Хабаровск
2025-08-26 14:13:02,Сальник задней оси 80*136*9*25 9828-80114/10/BH5898-E0 SNBR Y,64,977,Yamasida,9828-80114,Хабаровск
2025-08-26 14:13:02,Сальник задней ступицы (комплект) 190*220 WG9112340113/WG9112340114 FAW,14,695,Дизель,WG9112340113,Хабаровск
2025-08-26 14:13:02,Сальник задней ступицы 0K42A-26157 BONGO III 2.9 (58*75*9*12) KOS,1,200,Дизель,0K42A26157,Хабаровск
2025-08-26 14:13:02,Сальник задней ступицы 190*220 WG9112340113 Howo,5,2026,Дизель,WG9112340113,Хабаровск
2025-08-26 14:13:02,Сальник задней ступицы 1907845 Scania (K),52,926,Дизель,1907845,Хабаровск
2025-08-26 14:13:02,Сальник задней ступицы внеш 46*95*10*14 MB308934/F4152 FD#/FB500/501/51/70A/B 92~ Y,82,416,Yamasida,MB308934,Хабаровск
2025-08-26 14:13:02,Сальник задней ступицы внешний D-126298 / 1-09625-444-0 / 1-09625-226-1 78*163*16 CXZ Дизель,159,536,Дизель,D-126298,Хабаровск
2025-08-26 14:13:02,Сальник задней ступицы внутр 4206540580 JAC N35 ORIG,11,97,JAC,4206540580,Хабаровск
2025-08-26 14:13:02,Сальник задней ступицы внутр 75*121*13 W025-26-154A/M4536 Mazda Titan Y,163,571,Yamasida,W025-26-154A,Хабаровск
2025-08-26 14:13:02,Сальник задней ступицы внутренний 154*175*12.5/17.5 43090-00Z00 / 9828-01216 Y,156,1284,Yamasida,43090-00Z00,Хабаровск
2025-08-26 14:13:02,Сальник задней ступицы внутренний 4208040740 ld308 JAC ORIG,26,320,JAC,4208040740,Хабаровск
2025-08-26 14:13:02,Сальник задней ступицы внутренний 4214040960/3104104-g107 N120 JAC ORIG,9,493,JAC,4214040960,Хабаровск
2025-08-26 14:13:02,Сальник задней ступицы внутренний 8-98194-208-0 N-series E-5 ORIG,37,608,Isuzu,8981942080,Хабаровск
2025-08-26 14:13:02,Сальник задней ступицы внутренний 82*121*12/19 8-97122-937-0/I3675 NQR71/75 ORIG,1,699,Isuzu,8-97122-937-0,Хабаровск
2025-08-26 14:13:02,Сальник задней ступицы внутренний 85*127*13 D-127258 / MB308965 Дизель,50,358,Дизель,D-127258,Хабаровск
2025-08-26 14:13:02,Сальник задней ступицы наружный 66*134*16 9828-66106 Y,48,624,Yamasida,9828-66106,Хабаровск
2025-08-26 14:13:02,Сальник клапанной крышки 19.5*30*10.2 D-127972/22160-52000 HYUNDAI D4GA/D6GA Дизель,64,75,Дизель,D-127972,Хабаровск
2025-08-26 14:13:02,Сальник коленвала 100х130х11 369901/A0159974746 / A0219975247 / 420475 Mercedes/Elring !,1,1580,Elring,369901,Хабаровск
2025-08-26 14:13:02,Сальник коленвала 43254-OT000,1,728,JMC,43254-OT000,Хабаровск
2025-08-26 14:13:02,Сальник коленвала 79*114*15 SZ31179002/90033-19008/19004/9828-79102/79103 J05/S05 SILICONE Y,41,1678,Yamasida,SZ311-79002,Хабаровск
2025-08-26 14:13:02,Сальник коленвала D-128298 / 1002016GD190 JAC T6 Дизель,8,753,Дизель,D-128298,Хабаровск
2025-08-26 14:13:02,Сальник коленвала задн (с пружиной) 104*139*13 8-97602-379-0.SP/I3694 NKR/NPR/71/75 /FRR 99-09г Y,253,982,Yamasida,8-97602-379-0.SP,Хабаровск
2025-08-26 14:13:02,Сальник коленвала задн.92*114*8*17 ME200012/ME200026 BZ5000-E0/JF-36025-2 (MUS F4242),2,1460,JMC,ME200012,Хабаровск
2025-08-26 14:13:02,Сальник коленвала задний 100*120*13/18 SZ311-00002/H3096/9828-00 HINO300/DYNA/TOYOACE SILICONE Y,38,699,Yamasida,SZ311-00002,Хабаровск
2025-08-26 14:13:02,Сальник коленвала задний 100*135*13/17 SZ31101045/90033-19007 J05C/J05S/J06C/J07C/J08C SILICONE Y,173,2222,Yamasida,SZ311-01045,Хабаровск
2025-08-26 14:13:02,Сальник коленвала задний 101*124/13.3 ME240010/BZ4603 CANTER 4D3#/4M40/51 SNBR Y,166,883,Yamasida,ME240010,Хабаровск
2025-08-26 14:13:02,Сальник коленвала задний 111*153*13/15 D-128263 / 1-09625-525-2 Дизель,88,685,Дизель,D-128263,Хабаровск
2025-08-26 14:13:02,Сальник коленвала задний 112*147*13/15 12279-Z6000 Y,56,1485,Yamasida,12279-Z6000,Хабаровск
2025-08-26 14:13:02,Сальник коленвала задний 114x150x19.5 1-09625-541-2 Isuzu Y !,42,1141,Yamasida,1-09625-541-2,Хабаровск
2025-08-26 14:13:02,Сальник коленвала задний 114x153x19.5 1-09625-540-3 Isuzu Y !,48,1026,Yamasida,1-09625-540-3,Хабаровск
2025-08-26 14:13:02,Сальник коленвала 116*151*15 SZ31101041/9828-01223/BZ5377-F0 вн.обойма SILICONE Y,15,1552,Yamasida,SZ311-01041,Хабаровск
2025-08-26 14:13:02,Сальник коленвала задний 118*148*20.5 1-09625-557-1/8-97617-309-0 ISUZU Y,54,1898,Yamasida,1-09625-557-1,Хабаровск
2025-08-26 14:13:02,"Сальник коленвала задний 125*155*14*23 9828-01201 K13C,D/EK100 Y",31,651,Yamasida,9828-01201,Хабаровск
2025-08-26 14:13:02,Сальник коленвала задний 132*171.5*13.5*22 ME093335 Y !,48,2712,Yamasida,ME093335,Хабаровск
2025-08-26 14:13:02,Сальник коленвала задний 132*179.5*12.5*22 ME152584 Y !,39,2899,Yamasida,ME152584,Хабаровск
2025-08-26 14:13:02,Сальник коленвала задний 150*172*13 D-126946 / 1005060-53D FAW CA6DM2 Дизель,19,626,Дизель,D-126946,Хабаровск
2025-08-26 14:13:02,Сальник коленвала задний 201V01510-0283 HOWO T5G MC11/07/13,3,1024,Дизель,201V01510-0283,Хабаровск
2025-08-26 14:13:02,Сальник коленвала задний 546.941,3,133,JMC,546.941,Хабаровск
2025-08-26 14:13:02,Сальник коленвала задний 85*105*10 LP-5894 / 90311-85007 SNBR Y,214,279,Yamasida,90311-85007,Хабаровск
2025-08-26 14:13:02,Сальник коленвала задний 90.5*114*12 ME203250 / F4245 CANTER 4M4# FB/FE70#/71#/72/73/74/83/84 Y,188,369,Yamasida,ME203250,Хабаровск
2025-08-26 14:13:02,Сальник коленвала задний 95*115*9.5*12 90311-95008/95010/95005 T1278/JF-16272/BH4375-G0/AH3982EO Y,167,310,Yamasida,90311-95008,Хабаровск
2025-08-26 14:13:02,Сальник коленвала задний 99x120x13x18 90311-99002 N04C/W04D/1W LP-5895 Y !,141,362,Yamasida,90311-99002,Хабаровск
2025-08-26 14:13:02,Сальник коленвала задний NJ058 80х96х9 Grace,5,842,Payen,NJ058,Хабаровск
2025-08-26 14:13:02,Сальник коленвала задний NJ354,3,293,JMC,NJ354,Хабаровск
2025-08-26 14:13:02,Сальник коленвала коренной 101.57*125*13 SE08-11-399/M4573 SL/HA/VS Y,36,473,Yamasida,SE08-11-399,Хабаровск
2025-08-26 14:13:02,Сальник коленвала коренной 105*125*13 TF20-11-399/M4640 LP-5837 Y,35,411,Yamasida,TF20-11-399,Хабаровск
2025-08-26 14:13:02,Сальник коленвала коренной 108*140*180*17 ME034976 Y,145,787,Yamasida,ME034976,Хабаровск
2025-08-26 14:13:02,Сальник коленвала коренной 110*135*9 12270-Z5502 N. DIESEL / UD CONDOR TRUCK Y,37,243,Yamasida,12270-Z5502,Хабаровск
2025-08-26 14:13:02,"Сальник коленвала коренной 135*165*14/20 SZ311-01021/9828-01168/H3085 EF3#,5#,7#/F17/20 SILIC Y",29,1098,Yamasida,SZ311-01021,Хабаровск
2025-08-26 14:13:02,Сальник коленвала коренной 138*173*13/15 12270-96005 NISSAN PF6# Y,63,1622,Yamasida,12270-96005,Хабаровск
2025-08-26 14:13:02,Сальник коленвала коренной 95*118*10/13 8-97071-561-1 Y,141,883,Yamasida,8-97071-561-1,Хабаровск
2025-08-26 14:13:02,Сальник коленвала перед 200V01510-6008 HOWO T5G MC11,5,820,Дизель,200V01510-6008,Хабаровск
2025-08-26 14:13:02,Сальник коленвала передний 105*140*12 D-126947 / 1005050-53D FAW CA6DM2 Дизель,15,636,Дизель,D-126947,Хабаровск
2025-08-26 14:13:02,"Сальник коленвала передний 109.5*150*15 12278-97002 NISSAN RE10,RF8,RF10,RG8,RH8,RH10 Y",37,1194,Yamasida,12278-97002,Хабаровск
2025-08-26 14:13:02,Сальник коленвала передний 109*137*13 8-97329-780-0/I3692 NKR/NPR/71/75/FRR 99-09г Y,84,1043,Yamasida,8-97329-780-0,Хабаровск
2025-08-26 14:13:02,"Сальник коленвала передний 118*148*20.5 1-09625-556-2/8-97617-308-0 ISUZU 6WA1,6WF1,6WG1 Y",77,1972,Yamasida,1-09625-556-2,Хабаровск
2025-08-26 14:13:02,"Сальник коленвала передний 42x66x11.5x18.5 ME240328/F4256 LP-5899 FUSO CANTER 4M50,4M51 Y",258,692,Yamasida,ME240328,Хабаровск
2025-08-26 14:13:02,Сальник коленвала передний 50.8*69.85*11 SE08-10-602 / M4572 MAZDA Y,32,260,Yamasida,SE08-11-602,Хабаровск
2025-08-26 14:13:02,"Сальник коленвала передний 50*68*7/11 8-97382-606-0 NLR/NMR55,85 4JJ1-T Y",44,568,Yamasida,8-97382-606-0,Хабаровск
2025-08-26 14:13:02,Сальник коленвала передний 55*78*10*16.9 ME017208/21321-45001 COUNTY/HD45/65/72/78/CANTER SIL Y,168,515,Yamasida,21321-45001,Хабаровск
2025-08-26 14:13:02,Сальник коленвала передний 58*75*9*14.5 SZ313-58001/9828-58104/H3106 HINO300/DYNA XZU6#7# Y,56,308,Yamasida,SZ313-58001,Хабаровск
2025-08-26 14:13:02,Сальник коленвала передний 58*80*10 13510-43G00/01 TD23/TD27#/TD42 Y,69,246,Yamasida,13510-43G00,Хабаровск
2025-08-26 14:13:02,Сальник коленвала передний 65*88*12*19 9828-65116 / H3077 NBR HINO Y,45,410,Yamasida,9828-65116,Хабаровск
2025-08-26 14:13:02,"Сальник коленвала передний 65*88*12/19 OK850-10602 SILICON HD120,AeroTown D6DA19/22 Y",41,246,Yamasida,OK850-10602,Хабаровск
2025-08-26 14:13:02,Сальник коленвала передний 70*95*13*20 9828-70110 / H3089 NBR HINO Y !,15,318,Yamasida,9828-70110,Хабаровск
2025-08-26 14:13:02,Сальник коленвала передний 75*100*13*20 SZ313-75002/9828-75140 Y,44,342,Yamasida,SZ313-75002,Хабаровск
2025-08-26 14:13:02,Сальник коленвала передний 75*100*14.5*19.5 ME074755 /F4260 FUSO Y,32,752,Yamasida,ME074755,Хабаровск
2025-08-26 14:13:02,Сальник коленвала 75*114*15 SZ319-75002/9828-75145 FS1E/FQ1E/FE7J/FJ7J 10~ Y,79,1597,Yamasida,SZ319-75002,Хабаровск
2025-08-26 14:13:02,Сальник коленвала передний 76*94*12 D-128264 / ME071269 MMC FUSO 6D1# Дизель,186,139,Дизель,D-128264,Хабаровск
2025-08-26 14:13:02,Сальник коленвала передний 76*94*12 ME071269 / F4194 MMC FUSO 6D1# Y,126,340,Yamasida,ME071269,Хабаровск
2025-08-26 14:13:02,Сальник коленвала передний 88*123*16 12278-Z6000 Y,30,1092,Yamasida,12278-Z6000,Хабаровск
2025-08-26 14:13:02,Сальник коленвала передний 90*105*10 1005050-29D FAW,4,649,Дизель,1005050-29D,Хабаровск
2025-08-26 14:13:02,Сальник коленвала передний 95*115*12 WG61500010037 Howo,10,531,Howo,WG61500010037,Хабаровск
2025-08-26 14:13:02,Сальник коленвала передний 95*120*13 ME061853 / F4127 MMC FUSO 8DC# /6D2# Y,81,409,Yamasida,ME061853,Хабаровск
2025-08-26 14:13:02,Сальник коленвала передний 95*125*13.5*21.5 ME060124 F4198/BZ1335-E0 Y,71,1000,Yamasida,ME060124,Хабаровск
2025-08-26 14:13:02,Сальник коленвала передний 95*135.5*15 12278-00Z00 NISSAN GE13# Y,51,979,Yamasida,12278-00Z00,Хабаровск
2025-08-26 14:13:02,Сальник коленвала передний 96*124*14/21 SZ311-96002/9828-96103 SILICONE Y !,12,321,Yamasida,SZ311-96002,Хабаровск
2025-08-26 14:13:02,Сальник коленвала передний 96*131*17.5 SZ311-96004/9828-96109/BZ5221-EO SILICONE Y,127,2114,Yamasida,SZ311-96004,Хабаровск
2025-08-26 14:13:02,Сальник коленвала передний K13510-2J200,3,278,JMC,K13510-2J200,Хабаровск
2025-08-26 14:13:02,Сальник коленвала передний T1262,5,167,JMC,T1262,Хабаровск
2025-08-26 14:13:02,Сальник коренной 104*137*13 8-97602-378-0 Y,225,1056,Yamasida,8-97602-378-0,Хабаровск
2025-08-26 14:13:02,Сальник коренной 120*153*13/15 1-09625-524-3 передний Y,11,1180,Yamasida,1-09625-524-3,Хабаровск
2025-08-26 14:13:02,Сальник коренной 125*177*17.5 SZ311-01044 / 9828-01222 Y,54,2721,Yamasida,SZ311-01044,Хабаровск
2025-08-26 14:13:02,Сальник коренной 9828-00109 JO8# / H3096,1,266,JMC,9828-00109,Хабаровск
2025-08-26 14:13:02,Сальник коренной RF F801-11-399 TKK,1,746,JMC,WG1192299,Хабаровск
2025-08-26 14:13:02,Сальник КПП 32*45*8 / 32219-Z5004 / LP-5880 Y !,193,111,Yamasida,32219-Z5004,Хабаровск
2025-08-26 14:13:02,Сальник КПП 35*48*6.5 90311-35023/T1227 DYNA/TOYOACE/HINO300 SNBR Y,36,132,Yamasida,90311-35023,Хабаровск
2025-08-26 14:13:02,Сальник КПП 50*68*9 / MH034146 / LP-5901 Y !,19,148,Yamasida,MH034146,Хабаровск
2025-08-26 14:13:02,Сальник КПП 55x75x8 550200 / 42533218 DieselTechnic,1,451,Diesel Technic,550200,Хабаровск
2025-08-26 14:13:02,Сальник КПП 57.5*70*8.5 / MH034121 / LP-5900 Y,169,176,Yamasida,MH034121,Хабаровск
2025-08-26 14:13:02,Сальник КПП 58*102*11*19.5 90311-58010/BH6215E DYNA/TOYOACE/HINO 300 SNBR Y,45,392,Yamasida,90311-58010,Хабаровск
2025-08-26 14:13:02,Сальник КПП 78*100*14/20 LP-5956 / SZ319-78001 SNBR Y,78,392,Yamasida,SZ319-78001,Хабаровск
2025-08-26 14:13:02,Сальник КПП 80-105-12 1-09625-046-0 I3506,1,277,JMC,1-09625-046-0,Хабаровск
2025-08-26 14:13:02,Сальник КПП 86*127*16/25 1-09625-323-0 / I3643 Y,186,956,Yamasida,1-09625-323-0,Хабаровск
2025-08-26 14:13:02,Сальник КПП 90*115*13 32136-90061 AP3932-B (NOK),1,1072,Corteco,32136-90061,Хабаровск
2025-08-26 14:13:02,Сальник КПП 44*62*10 / 32136-01J00 / LP-5879 Y !,225,107,Yamasida,32136-01J00,Хабаровск
2025-08-26 14:13:02,Сальник КПП вторичного вала 48*65*9 43155-45000 Y,67,236,Yamasida,43155-45000,Хабаровск
2025-08-26 14:13:02,Сальник КПП задний 55*72*9*15 9828-55110/55112/SZ311-55004/H3060 HINO 5т Y,48,306,Yamasida,9828-55110,Хабаровск
2025-08-26 14:13:02,Сальник КПП зад 60*77*12 1-09625-505-0/453-0 NPR/NQR ELF 3-4t 93~ Y,14,225,Yamasida,1-09625-505-0,Хабаровск
2025-08-26 14:13:02,Сальник КПП задний 104*126*13 1-09625-625-0 LP-5876 NBR ISUZU C#/EX 00~ Y,124,586,Yamasida,1-09625-625-0,Хабаровск
2025-08-26 14:13:02,Сальник КПП задний 38*65*9 90311-38093/T1062 /AD2257-E0 LP-5891 DYNA/TOYOACE 95~ Y !,223,148,Yamasida,90311-38093,Хабаровск
2025-08-26 14:13:02,Сальник КПП задний 60*77*12 D-128265 / 1-09625-505-0/453-0 NPR/NQR ELF 3-4t 93~ Дизель,90,139,Дизель,D-128265,Хабаровск
2025-08-26 14:13:02,Сальник КПП крышки первичного вала 52*72*10 F500A-1802191 HOWO,2,184,Дизель,F500A-1802191,Хабаровск
2025-08-26 14:13:02,Сальник КПП 55*72*6 / SZ311-55013 / LP-5955 Y !,178,148,Yamasida,SZ311-55013,Хабаровск
2025-08-26 14:13:02,Сальник КПП первичного вала 750111002 Howo/ 55*75*8,7,108,Howo,750111002,Хабаровск
2025-08-26 14:13:02,Сальник КПП перед 40*58*8 ME624211/F4132 FUSO CANTER FG/FE5#6#7#8#/FF6#8#/FM315/16/515/FK4 SNBR Y,222,150,Yamasida,ME624211,Хабаровск
2025-08-26 14:13:02,Сальник КПП передний 40*56*6.5 1-09625-498-0/I3669 LP-5875 NBR FTR/FVR/FRR/FSR 96~ Y !,216,140,Yamasida,1-09625-498-0,Хабаровск
2025-08-26 14:13:02,Сальник КПП передний 54*69*9 1-09625-496-0/I3668 CYZ51/CXZ Y,119,453,Yamasida,1-09625-496-0,Хабаровск
2025-08-26 14:13:02,Сальник КПП передний WG734310108 Howo,17,34,Дизель,WG734310108,Хабаровск
2025-08-26 14:13:02,Сальник крышки коробки отбора мощности 1-38119-035-0 C/E series ORIG,6,1712,Isuzu,1-38119-035-0,Хабаровск
2025-08-26 14:13:02,Сальник кулака поворотного 60*77*91*7*15 LP-5896 / 90316-60004 SNBR Y,30,660,Yamasida,90316-60004,Хабаровск
2025-08-26 14:13:02,Сальник масляного насоса 4938765 JAC N120/Камаз Cummins ISF3.8 Е-5,1,148,Noname,4938765,Хабаровск
2025-08-26 14:13:02,Сальник первичного вала 43143-33000 Grace,5,43,Дизель,43143-33000,Хабаровск
2025-08-26 14:13:02,"Сальник первичного вала КПП 32*53*7 90311-32022 / T1391 DYNA/TOYOACE KDH20#/KDY,RZY,TRY 07~ Y !",41,98,Yamasida,90311-32022,Хабаровск
2025-08-26 14:13:02,Сальник первичного вала КПП 34*48*8 8-97017-350-0 / I3650 ISUZU 4HF/HG/HE1 MXA5R/S/MXA6S Y,64,159,Yamasida,8-97017-350-0,Хабаровск
2025-08-26 14:13:02,Сальник первичного вала КПП MYY5T /5-ступ 40*54*7 8-97253-550-0 / I3698 NBR ISUZU Y,181,184,Yamasida,8-97253-550-0,Хабаровск
2025-08-26 14:13:02,Сальник передний перед. вала КПП 40*54*7 SU002-00148 HINO 300 Y,180,188,Yamasida,SU002-00148,Хабаровск
2025-08-26 14:13:02,Сальник первичного вала КПП 40*55*7 1-09625-565-0/1 I3697 NBR ISUZU Y,1,184,Yamasida,1-09625-565-0,Хабаровск
2025-08-26 14:13:02,Сальник первичного вала КПП 734310108 Howo/ 48*69*10 CNHTC,7,117,Howo,734310108,Хабаровск
2025-08-26 14:13:02,Сальник первичного вала КПП 734310110 Howo/ 48*75*8,7,137,Howo,734310110,Хабаровск
2025-08-26 14:13:02,Сальник первичного вала КПП TC48*65*12 N120 JAC ORIG,3,399,JAC,TC48*65*12,Хабаровск
2025-08-26 14:13:02,Сальник перед ступицы 102*120/130*20 D-128266 / 8-94440-904-0 NKS/NPS/NPR 88~ Дизель,33,344,Дизель,D-128266,Хабаровск
2025-08-26 14:13:02,Сальник перед ступицы 125*150*14 D-128267 / MH034086 Дизель,60,228,Дизель,D-128267,Хабаровск
2025-08-26 14:13:02,Сальник перед. cтупицы 68*92*10/13 D-127976 / 90311-68003 / T1345 DYNA/HINO Дизель,28,184,Дизель,D-127976,Хабаровск
2025-08-26 14:13:02,"Сальник перед. ступицы 101*114*10 SZ311-01048/9828-01137/H3042 Hino 300# FC,FD,GC,GD,KD SNBR Y",128,448,Yamasida,SZ31101048,Хабаровск
2025-08-26 14:13:02,Сальник перед. ступицы 102*116*14 D-126300/MH034012/MH034085/MH034091 F4021/AD4124E Дизель,2,306,Дизель,D-126300,Хабаровск
2025-08-26 14:13:02,Сальник перед. ступицы 102*116*14 MH034012/MH034085/MH034091 F4021/AD4124E Y,113,367,Yamasida,MH034012,Хабаровск
2025-08-26 14:13:02,Сальник перед. ступицы 102*120/130*20 8-94440-904-0/I3630 NKS/NPS/NPR 88~ Y,152,734,Yamasida,8-94440-904-0,Хабаровск
2025-08-26 14:13:02,Сальник перед. ступицы 130*150*10 43090-Z5000 Y,136,651,Yamasida,43090-Z5000,Хабаровск
2025-08-26 14:13:02,Сальник перед. ступицы 130*150*14 MH034092 /F4025 / NJ543 FK# Y,85,627,Yamasida,MH034092,Хабаровск
2025-08-26 14:13:02,Сальник перед. ступицы 134*152*11 MH034089 Y,1,335,Yamasida,MH034089,Хабаровск
2025-08-26 14:13:02,Сальник перед. ступицы 138*152*12 D-128269 / SZ311-01046 / 9828-01112 / 9828-01125 HINO500 Дизель,58,207,Дизель,D-128269,Хабаровск
2025-08-26 14:13:02,Сальник перед. ступицы 138*152*12 SZ311-01046 /9828-01112/01125/H3030 HINO500 #5442 Y,125,509,Yamasida,SZ311-01046,Хабаровск
2025-08-26 14:13:02,Сальник перед. ступицы 140*160*12 LP-5905 / SZ311-01010 SNBR Y,76,536,Yamasida,SZ311-01010,Хабаровск
2025-08-26 14:13:02,Сальник перед. ступицы 36*50*8 MB420112 Y,209,132,Yamasida,MB420112,Хабаровск
2025-08-26 14:13:02,Сальник перед. ступицы 50*93/99*10/24 40227-20N00 Y,5,920,Yamasida,40227-20N00,Хабаровск
2025-08-26 14:13:02,Сальник перед. ступицы 52*73*10 MB025291 Y,55,219,Yamasida,MB025291,Хабаровск
2025-08-26 14:13:02,Сальник перед. ступицы 52*76*8.5*14 8-94459-416-0/I3631 NKS71/NPS 4WD Y,28,340,Yamasida,8-94459-416-0,Хабаровск
2025-08-26 14:13:02,Сальник перед. ступицы 54*75.3*12*18 40232-01G00 Y,32,358,Yamasida,40232-01G00,Хабаровск
2025-08-26 14:13:02,Сальник перед. ступицы 56*81*8 MT327029 Y,37,219,Yamasida,MT327029,Хабаровск
2025-08-26 14:13:02,Сальник перед. ступицы 57*79*9*13.5 40232-31G00/ N2251 Y,66,477,Yamasida,40232-31G00,Хабаровск
2025-08-26 14:13:02,Сальник перед. ступицы 72*94*10 D-128268 / 51830-45200 / MB025295 FUSO CANTER 2T~ HD72/65/78 Дизель,4,139,Дизель,D-128268,Хабаровск
2025-08-26 14:13:02,"Сальник переднего редуктора левый 32*52*10.5*15.7 38342-01G00 LP-5884 ATLAS/CONDOR F23 92~, Y !",218,181,Yamasida,38342-01G00,Хабаровск
2025-08-26 14:13:02,Сальник переднего редуктора левый 33*55*11*18 38342-N3100 LP-5885 ATLAS/CONDOR F22/23/24 Y !,175,140,Yamasida,38342-N3100,Хабаровск
2025-08-26 14:13:02,Сальник передней полуоси 37*58*11 90311-37001/T1230 LP-5889 DYNA/TOYOACE Y !,101,157,Yamasida,90311-37001,Хабаровск
2025-08-26 14:13:02,Сальник передней полуоси 90311-37001 Toyota,2,501,HINO-TOYOTA,90311-37001,Хабаровск
2025-08-26 14:13:02,Сальник передней полуоси правый 50*72*10*14.5 40227-31G00 LP-5886 ATLAS/CONDOR F22/23/24 Y,192,252,Yamasida,40227-31G00,Хабаровск
2025-08-26 14:13:02,Сальник передней ступицы 09289-48004,1,444,JMC,09289-48004,Хабаровск
2025-08-26 14:13:02,Сальник передней ступицы 100*114*12 40227-Z5001 / N2092 Y,172,408,Yamasida,40227-Z5001,Хабаровск
2025-08-26 14:13:02,Сальник передней ступицы 100*114*12 D-128270 / 40227-Z5001 Дизель,68,186,Дизель,D-128270,Хабаровск
2025-08-26 14:13:02,Сальник передней ступицы 100x130x12 F2000 Createk CK8571,2,546,JMC,81.96502.6045,Хабаровск
2025-08-26 14:13:02,Сальник передней ступицы 120*140*10.5 D-126301 / 1-09625-041-0/I3574 Дизель,685,294,Дизель,D-126301,Хабаровск
2025-08-26 14:13:02,Сальник передней ступицы 140*160*12 D-127915/WG9003074387/AZ9100410061 HOWO T5G Дизель,12,178,Дизель,D-127915,Хабаровск
2025-08-26 14:13:02,Сальник передней ступицы 54*65*10*15 40232-3S600/ N2347 Y,19,263,Yamasida,40232-3S600,Хабаровск
2025-08-26 14:13:02,Сальник передней ступицы 6000040243 IVECO/HONGYAN,2,255,Дизель,6000040243,Хабаровск
2025-08-26 14:13:02,Сальник передней ступицы 68*90*10 90311-68001/T1098 DYNA/TOYOACE/HINO Y,129,363,Yamasida,90311-68001,Хабаровск
2025-08-26 14:13:02,Сальник передней ступицы 68*90*12 D-128271 / 51830-45000 Дизель,42,139,Дизель,D-128271,Хабаровск
2025-08-26 14:13:02,Сальник передней ступицы 68*92*10/13 90311-68003 / T1345 DYNA/HINO Y,148,346,Yamasida,90311-68003,Хабаровск
2025-08-26 14:13:02,Сальник передней ступицы 72*94*10 51830-45200/MB025295/F4107 FUSO CANTER 2T~ HD72/65/78 SNBR Y,138,265,Yamasida,MB025295,Хабаровск
2025-08-26 14:13:02,Сальник передней ступицы 73*90*8 8-94248-117-1 I3606 NQR71/75 Y,101,265,Yamasida,8-94248-117-1,Хабаровск
2025-08-26 14:13:02,Сальник передней ступицы 77*91*6/10 40227-0T000/N2276 ATLAS/CONDOR H41 Y,113,573,Yamasida,40227-0T000,Хабаровск
2025-08-26 14:13:02,Сальник передней ступицы 85*128*11*21 1-09625-129-0/I3592 Y,96,789,Yamasida,1-09625-129-0,Хабаровск
2025-08-26 14:13:02,Сальник подшипника передней ступицы Z6140,1,298,JMC,Z6140,Хабаровск
2025-08-26 14:13:02,Сальник полуоси 55*70*12 90003074340 HOWO,3,129,Дизель,90003074340,Хабаровск
2025-08-26 14:13:02,Сальник полуоси 90310-36003 / 1010345,1,148,THO,1010345,Хабаровск
2025-08-26 14:13:02,Сальник полуоси заднего моста 190003074340 Howo,5,51,Дизель,190003074340,Хабаровск
2025-08-26 14:13:02,Сальник полуоси заднего моста 41*56*7 43252-H1000/H1010/N2125 NISSAN Y,50,159,Yamasida,43252-H1000,Хабаровск
2025-08-26 14:13:02,Сальник помпы S118 21026-90007/21026-99007 RD8/10 Asahi,2,1559,JMC,21026-90007,Хабаровск
2025-08-26 14:13:02,Сальник помпы S202 16104-1170/1180 W04/W06D Asahi,1,415,JMC,16104-1170,Хабаровск
2025-08-26 14:13:02,Сальник помпы Газель-Бизнес 5265266 CUMMINS,1,607,JMC,5265266,Хабаровск
2025-08-26 14:13:02,Сальник привода 95GAY-30450808X,3,182,Febest,95GAY-30450808X,Хабаровск
2025-08-26 14:13:02,Сальник привода 95GAY-38581111L,2,146,Febest,95GAY-38581111L,Хабаровск
2025-08-26 14:13:02,Сальник привода 95GBY-48620808L,3,182,Febest,95GBY-48620808L,Хабаровск
2025-08-26 14:13:02,Сальник привода 95GDS-57700707X,2,236,Febest,95GDS-57700707X,Хабаровск
2025-08-26 14:13:02,Сальник привода 95HDS-42761221R,2,249,Febest,95HDS-42761221R,Хабаровск
2025-08-26 14:13:02,Сальник раздатки задний 50*72.5*12*19.5 LP-5881 / 33142-01J01 SNBR Y,170,322,Yamasida,33142-01J01,Хабаровск
2025-08-26 14:13:02,"Сальник раздаточной коробки /BONGO3 (40*53/72*12/30) (OEM) / 0K71E17336A,473634D000,47363-4D000,0K71",2,315,JMC,47363-4D000,Хабаровск
2025-08-26 14:13:02,Сальник раздаточной коробки передний 33216-33G01,2,676,Nissan,33216-33G01,Хабаровск
2025-08-26 14:13:02,Сальник редуктора 4205830010 / 4206030470 N75 JAC ORIG,1,485,JAC,4205830010,Хабаровск
2025-08-26 14:13:02,Сальник редуктора заднего моста 1-09625-030-0 / I3505 80*143*10*37 ISUZU GIGA Y !,66,912,Yamasida,1-09625-030-0,Хабаровск
2025-08-26 14:13:02,Сальник редуктора заднего моста 1-09625-322-0 86*143*10*38 I3642 CXZ Y,94,860,Yamasida,1-09625-322-0,Хабаровск
2025-08-26 14:13:02,"Сальник редуктора заднего моста 45*78*11/18,5 8-94408-084-0/8-94408-085-0/1/I3511 Y",62,342,Yamasida,8-94408-084-0,Хабаровск
2025-08-26 14:13:02,Сальник редуктора заднего моста 52*84*14 D-127978/MH034213/53352-45010/F4090 HD65-78/CANTER Дизель,44,149,Дизель,D-127978,Хабаровск
2025-08-26 14:13:02,Сальник редуктора заднего моста 52*84*14 MH034213/53352-45010/F4090 HD65/HD72/HD78/CANTER 93~ Y,75,220,Yamasida,53352-45010,Хабаровск
2025-08-26 14:13:02,"Сальник редуктора заднего моста 58*103*12*19,5 8-94408-083-0/I3593 NKR66#/NLR85/NMR85 Y",80,444,Yamasida,8-94408-083-0,Хабаровск
2025-08-26 14:13:02,Сальник редуктора заднего моста 60*103*10/34 D-128272 / MC827472 Дизель,72,207,Дизель,D-128272,Хабаровск
2025-08-26 14:13:02,Сальник редуктора заднего моста 60*103*12/20 1-09625-484-0/109625-205-0/I3507 Y,38,316,Yamasida,1-09625-484-0,Хабаровск
2025-08-26 14:13:02,Сальник редуктора заднего моста 60*114*12.5*29 38189-Z5002/5005/N2064 Y,49,612,Yamasida,38189-Z5002,Хабаровск
2025-08-26 14:13:02,Сальник редуктора заднего моста 86*143*10*38 D-127977 / 1-09625-322-0 I3642 CXZ Дизель,42,290,Дизель,D-127977,Хабаровск
2025-08-26 14:13:02,Сальник редуктора заднего моста 90*115*13*19 9828-90104 NBR HINO Y !,5,494,Yamasida,9828-90104,Хабаровск
2025-08-26 14:13:02,Сальник редуктора перед/средн моста (к-т) 85*105*13 06.56289.0361+ 06.56289.0357 SHACMAN F3000,1,505,Дизель,06.56289.036+06.56289.0357,Хабаровск
2025-08-26 14:13:02,Сальник редуктора ср. моста 90*125*10/17 9828-90110/90115/SZ311-90005 FS/FQ/FW/SS1#/GK8 HIN500/70 Y,178,582,Yamasida,9828-90110,Хабаровск
2025-08-26 14:13:02,Сальник редуктора среднего моста D-126950 / 06.56279.0331+06.56279.0335 комплект 75*95*10 Дизель,10,274,Дизель,D-126950,Хабаровск
2025-08-26 14:13:02,Сальник рейки рулевой 19*32*7*7.8 90311-19013/02/06/016/5-09625-070-0 T1154/I3645 NBR TOY Y,98,123,Yamasida,90311-19013,Хабаровск
2025-08-26 14:13:02,Сальник рейки рулевой 25*38*7*8 90310-25004 / T1244 NBR TOY Y,52,182,Yamasida,90310-25004,Хабаровск
2025-08-26 14:13:02,Сальник ремкомплекта помпы N-61 / TD42 / 14-30,3,291,JMC,N-61,Хабаровск
2025-08-26 14:13:02,Сальник рулевого редуктора (боковой) Isuzu 9-09924-502-0 / LP-5957 / 35*48*8 NQR75/NQR71 Y,79,131,Yamasida,9-09924-502-0,Хабаровск
2025-08-26 14:13:02,Сальник рулевого редуктора 1-44259-057-0 23*36.5*6.5/8 ISUZU 92~ LP-5840 Y,275,305,Yamasida,1-44259-057-0,Хабаровск
2025-08-26 14:13:02,Сальник рулевого редуктора 17*42*8*10 MC121805 LP-5898 NBR MMC CANTER Y,45,123,Yamasida,MC121805,Хабаровск
2025-08-26 14:13:02,Сальник рулевого редуктора 45*55*5.5 ME739102 FUSO CANTER Y,31,159,Yamasida,ME739102,Хабаровск
2025-08-26 14:13:02,Сальник рычага сервоусилителя КПП 28*41*7 1-09625-334-0/647-0 LP-5874 SNBR80` Isuzu Y !,171,150,Yamasida,1-09625-334-0,Хабаровск
2025-08-26 14:13:02,"Сальник ступица пер. 84*100*10 9828-85106 FD,FC,FV / H3038",1,81,JMC,9828-85106,Хабаровск
2025-08-26 14:13:02,Сальник ступица пер. HX076N3,1,802,JMC,HX076N3,Хабаровск
2025-08-26 14:13:02,Сальник ступицы 1010275,2,426,JMC,1010275,Хабаровск
2025-08-26 14:13:02,Сальник ступицы 101519 (180*200*17)/42127526/42127773 EMMERRE !,6,756,Emmerre,101519,Хабаровск
2025-08-26 14:13:02,Сальник ступицы 180*200*12 42127526 #5444 Iveco Y !,44,362,Yamasida,42127526,Хабаровск
2025-08-26 14:13:02,Сальник ступицы 19026799B,2,383,JMC,BA1763-E0,Хабаровск
2025-08-26 14:13:02,Сальник ступицы 59*75*10.8 D-128273 / 8-98036-594-0 / 8-94407-711-0 / 8-97044-739-0 BIG HORN Дизель,71,139,Дизель,D-128273,Хабаровск
2025-08-26 14:13:02,Сальник ступицы 8-94248-117-1 ORIG,206,353,Isuzu,8-94248-117-1,Хабаровск
2025-08-26 14:13:02,Сальник ступицы 8-94336-316-1 ORIG,3,633,Isuzu,8-94336-316-1,Хабаровск
2025-08-26 14:13:02,Сальник ступицы D-128147 / 8-98202-912-0 Дизель,450,169,Дизель,D-128147,Хабаровск
2025-08-26 14:13:02,Сальник ступицы T1308,3,743,JMC,90З11-68002,Хабаровск
2025-08-26 14:13:02,Сальник ступицы зад внутр 77*102*9.5/21.5 8-94367-959-0/8-94336-314-1 NPR55/NKR66 Y,132,634,Yamasida,8-94367-959-0,Хабаровск
2025-08-26 14:13:02,Сальник ступицы задней 180*200*12 D-128262 / 40100673 Iveco Дизель,75,344,Дизель,D-128262,Хабаровск
2025-08-26 14:13:02,"Сальник ступицы задней 190х220 WG 9112340113 (2шт к-т) (F,H,S)",2,496,Дизель,9112340113,Хабаровск
2025-08-26 14:13:02,Сальник ступицы задней D-128632 / DZ9112340152+DZ9112340154 185х210х11 SHACMAN F3000 Дизель,14,1064,Дизель,D-128632,Хабаровск
2025-08-26 14:13:02,Сальник ступицы задней внеш. 1-09625-444-0/1-09625-226-1/I3591 78*163*16 CXZ Y,175,1091,Yamasida,1-09625-444-0,Хабаровск
2025-08-26 14:13:02,Сальник ступицы задней внутр 70*112*10/18 D-128261 / MB161152 / 52810-45000 Canter/County/HD65Дизель,34,186,Дизель,D-128261,Хабаровск
2025-08-26 14:13:02,Сальник ступицы задней внутр. 127*147*11 SZ311-01049/9828-01203/H3079 SNBR Y,126,679,Yamasida,SZ311-01049,Хабаровск
2025-08-26 14:13:02,"Сальник ступицы задней, внешний 45*53*6.5/8 D-128257 / MH034110 Дизель",157,139,Дизель,D-128257,Хабаровск
2025-08-26 14:13:02,"Сальник ступицы задней, внешний 51*94*9.5 D-128259 / 43254-0T000 H41 91~ F24 07~ Дизель",77,207,Дизель,D-128259,Хабаровск
2025-08-26 14:13:02,"Сальник ступицы задней, внешний 65*77*12 D-128258 / MH034135 Дизель",36,139,Дизель,D-128258,Хабаровск
2025-08-26 14:13:02,"Сальник ступицы задней, внешний 76*157*8/19 D-128260 / 9828-76101 / 9828-76102 HINO 700 Дизель",73,551,Дизель,D-128260,Хабаровск
2025-08-26 14:13:02,Сальник перед. ступицы 72*96*8*12 MB420155/F4161 FG3#/53E/63E/73E/83E 85~ Y,140,356,Yamasida,MB420155,Хабаровск
2025-08-26 14:13:02,Сальник ступицы передней 120*140*10.5 1-09625-041-0/I3574 Y,170,550,Yamasida,1-09625-041-0,Хабаровск
2025-08-26 14:13:02,Сальник ступицы передней 120*140*10.5 D-125591 / 1-09625-041-0/I3574 Дизель,119,246,Дизель,D-125591,Хабаровск
2025-08-26 14:13:02,Сальник ступицы передней 65*93*8.5/18 8-97211-082-0/I3639 Y,131,523,Yamasida,8-97211-082-0,Хабаровск
2025-08-26 14:13:02,Сальник ступицы передней 75*112*10/17.5 1-09625-568-0/I3573 Y,206,739,Yamasida,1-09625-568-0,Хабаровск
2025-08-26 14:13:02,Сальник ступицы передней 75*95*9.5*14 90311-75008/T1229 LP-5892 SNBR DYNA/TOYOACE/HINO Y !,2,344,Yamasida,90311-75008,Хабаровск
2025-08-26 14:13:02,Сальник ступицы передней 77*100*10*14 90311-77001/T1350 LP-5893 SNBR DYNA/TOYOACE Y !,108,344,Yamasida,90311-77001,Хабаровск
2025-08-26 14:13:02,Сальник ступицы передней K90311-68003,2,692,JMC,90311-68003,Хабаровск
2025-08-26 14:13:02,Сальник трансмиссии 19034996B,2,468,Corteco,19034996B,Хабаровск
2025-08-26 14:13:02,Сальник уплотнительный K90311-38093,1,411,NOK,K90311-38093,Хабаровск
2025-08-26 14:13:02,Сальник фланца КПП (85x105x1218) SCANIA HD-parts 85*105*12*18,2,934,HD-Parts,305502,Хабаровск
2025-08-26 14:13:02,Сальник форсунки D-125218 / 1-09639-034-0/5 / 17*30*6.9 ISUZU Дизель,1,157,Дизель,D-125218,Хабаровск
2025-08-26 14:13:02,Сальник хвостовика 40*56*7 LP-5888 / 90310-40003 SNBR Y,221,133,Yamasida,90310-40003,Хабаровск
2025-08-26 14:13:02,Сальник хвостовика 50*75*13/18.5 W026-27-165/M4629 M-TITAN WE/WG/WW Y,33,489,Yamasida,W026-27-165,Хабаровск
2025-08-26 14:13:02,Сальник хвостовика 70*135*14*18.5 MH034229 FUSO Y,29,835,Yamasida,MH034229,Хабаровск
2025-08-26 14:13:02,Сальник хвостовика 80*105*13 MH034157 Y,39,375,Yamasida,MH034157,Хабаровск
2025-08-26 14:13:02,Сальник хвостовика 80*105*13 MH034228 Y,131,363,Yamasida,MH034228,Хабаровск
2025-08-26 14:13:02,Сальник хвостовика 85*105*13 1502385 Scania,85,351,Дизель,1502385,Хабаровск
2025-08-26 14:13:02,"Сальник хвостовика 86*127*16/25 D-125360 / 1-09625-323-0 C,E,F-series Дизель",47,498,Дизель,D-125360,Хабаровск
2025-08-26 14:13:02,Сальник хвостовика D-128621 / 90003078772 / WG9231320026 SHACMAN Дизель,14,327,Дизель,D-128621,Хабаровск
2025-08-26 14:13:02,Сальник хвостовика WG7117329017 HOWO ORIG,8,1023,Howo,WG7117329017,Хабаровск
2025-08-26 14:13:02,Сальник хвостовика зад.редуктора 85*146*9/25 SZ311-85003/9828-85110/85112 HINO FS/FN/FR #500 Y,49,1015,Yamasida,SZ311-85003,Хабаровск
2025-08-26 14:13:02,"Сальник хвостовика заднего моста 48*82*10/18 90311-48019 Dyna XZU/BZU#, 96~ Y",32,319,Yamasida,90311-48019,Хабаровск
2025-08-26 14:13:02,Сальник хвостовика заднего моста 95*152*12/24.3 2402055-A0E FAW,2,556,Дизель,2402055-A0E,Хабаровск
2025-08-26 14:13:02,Сальник хвостовика заднего моста А1205Q2591 Howo,5,643,Дизель,А1205Q2591,Хабаровск
2025-08-26 14:13:02,Сальник хвостовика заднего редуктора 70*142*12*39 MC827475/ F4197 NBR FUSO Y,9,692,Yamasida,MC827475,Хабаровск
2025-08-26 14:13:02,Сальник хвостовика коробки С01032 Howo,1,84,Дизель,С01032,Хабаровск
2025-08-26 14:13:02,Сальник хвостовика КПП 45*62*9 8-97212-145-0 NBR ISUZU Y !,5,168,Yamasida,8-97212-145-0,Хабаровск
2025-08-26 14:13:02,Сальник хвостовика КПП 75*100*13*19 SZ311-75006/9828-75119/H3075 Y,21,331,Yamasida,SZ311-75006,Хабаровск
2025-08-26 14:13:02,Сальник хвостовика КПП задний 45*68*9 Z501-17-335A Y,59,155,Yamasida,Z501-17-335A,Хабаровск
2025-08-26 14:13:02,"Сальник хвостовика КПП, задний MH034177/F4086 48*65*9 LP-5903 NBR MMC CANTER Y",38,172,Yamasida,MH034177,Хабаровск
2025-08-26 14:13:02,Сальник хвостовика перед. моста 40101023 / 101410 / 40101021 EMMERRE !,2,824,Emmerre,101410,Хабаровск
2025-08-26 14:13:02,Сальник хвостовика раздатки 42*66*10 33142-33G10/N2317 LP-5882 ATLAS/CONDOR F23 92~TERRANO/DATSUN Y!,77,133,Yamasida,33142-33G10,Хабаровск
2025-08-26 14:13:02,Сальник хвостовика редуктора 35*67*13.7*19.5 38189-01G15 LP-5883 ATLAS/CONDOR F23 92 TERRANO/DATS Y!,196,247,Yamasida,38189-01G15,Хабаровск
2025-08-26 14:13:02,Сальник хвостовика редуктора 42*72.5*12*20 38189-J2011/J2012/N2304 H40/H41/W40/Y60 Y,78,369,Yamasida,38189-J2011,Хабаровск
2025-08-26 14:13:02,Сальник хвостовика редуктора 56*99*10/34 D-127981 / MH034205 Дизель,78,219,Дизель,D-127981,Хабаровск
2025-08-26 14:13:02,Сальник хвостовика редуктора 56*99*10/34 MH034205 Y,150,471,Yamasida,MH034205,Хабаровск
2025-08-26 14:13:02,"Сальник хвостовика редуктора 65*114*9*25 SZ310-65001/9828-65127 FQ1#,FW1#,GX7J,GD7J/8J,GK8J #500 Y",146,840,Yamasida,SZ310-65001,Хабаровск
2025-08-26 14:13:02,"Сальник хвостовика редуктора 65*94/105*9/25 SZ312-65002 FC/GC1J/3J/5J/6J/7J,FD/GD7J/8J #300/#500 Y",99,567,Yamasida,SZ312-65002,Хабаровск
2025-08-26 14:13:02,Сальник хвостовика редуктора 68*90*10*18 1-09625-217-0/BH1831-E0 CYZ51/CXZ/EXZ51 Y,48,437,Yamasida,1-09625-217-0,Хабаровск
2025-08-26 14:13:02,Сальник хвостовика редуктора 68*90*10*18 D-127982 / 1-09625-217-0/BH1831-E0 CYZ51/CXZ/EXZ51 Дизель,32,184,Дизель,D-127982,Хабаровск
2025-08-26 14:13:02,Сальник хвостовика редуктора 80*127*16*24 1-09625-119-0/1-33119-217-0/AH8776-E1 Y,61,840,Yamasida,1-09625-119-0,Хабаровск
2025-08-26 14:13:02,Сальник хвостовика редуктора SU002-00154 HINO 300/DYNA/TOYOACE BU3#4#/XZU3#4 N04C/W04D/S05C/J05D Y,61,194,Yamasida,SU002-00154,Хабаровск
2025-08-26 14:13:02,Сальник хвостовика редуктора заднего моста 70*122*12*30 MH034178 / F4133 MMC FUSO Y,13,667,Yamasida,MH034178,Хабаровск
2025-08-26 14:13:02,Сальник хвостовика редуктора переднего 45*78*11*18.5 8-94318-915-0 /BH3037F0 ISUZU NKS/NPS 94~ Y,74,342,Yamasida,8-94318-915-0,Хабаровск
2025-08-26 14:13:02,Сальник хвостовика редуктра (внеш+внутр) 85*105*8/8 AZ9112320030+AZ9112320184 HOWO,5,363,Дизель,AZ9112320030+AZ9112320184,Хабаровск
2025-08-26 14:13:02,Сальник хвостовика среднего редуктора 90*115*13/19 98289-0113/SZ319-90002/SZ311-90002 FS/FN/F Y,66,650,Yamasida,SZ319-90002,Хабаровск
2025-08-26 14:13:02,Сальник шкворня 2476049 50x62x5 #5440 Iveco Y,71,164,Yamasida,2476049,Хабаровск
2025-08-26 14:13:02,Сальник шкворня 45*60*6.5/8 1343372 Scania,91,50,Дизель,1343372,Хабаровск
2025-08-26 14:13:02,Сальник(уплотнение форсунки) крышки клапанов D-128100/8-98037-543-0 Дизель,179,202,Дизель,D-128100,Хабаровск
2025-08-26 14:13:02,Сапун маслоотделителя 5259161 JAC N120/Камаз Cummins ISF3.8 Е-5 ORIG,2,384,Cummins,5259161,Хабаровск
2025-08-26 14:13:02,Свеча 8-98119-290-0/8-97380-046-0 N-series 4HV1 (CNG) ГАЗ ORIG,8,2905,Isuzu,8-98119-290-0,Хабаровск
2025-08-26 14:13:02,Свеча Denso 90919 K20TR11,4,302,JMC,90919,Хабаровск
2025-08-26 14:13:02,Свеча зажигания BP5HA,2,115,NGK,7426,Хабаровск
2025-08-26 14:13:02,Свеча зажигания K20PBR-S10 AUDI/FIAT/MB/RENAULT/VW DENSO,4,498,JMC,K20PBR-S10,Хабаровск
2025-08-26 14:13:02,Свеча накала 1-82513-043-2 PI-44 CYZ ISUZU Y,1,414,Yamasida,PI-44,Хабаровск
2025-08-26 14:13:02,Свеча накала 8-94390-777-6 / PI-173 4HK1 NNR/NPR/NJR/NKR/NHR/NHSFRR/FTR/FRS/FSS/CX#/CY# 99~ Diesel,6,921,Дизель,8-94390-777-6,Хабаровск
2025-08-26 14:13:02,Свеча накала CP-01 11065-G5501 Nissan LD20/CD17 Y,42,345,Yamasida,CP-01,Хабаровск
2025-08-26 14:13:02,Свеча накала CP-03 11065-0W801 Nissan TD27 Y,20,343,Yamasida,CP-03,Хабаровск
2025-08-26 14:13:02,Свеча накала CP-07/MR577131/MD197511,5,954,JMC,MD197511,Хабаровск
2025-08-26 14:13:02,Свеча накала D-125012/1-82513-044-3/0 4HF1 6BD1 NKR/NPR/NQR/NKS/CXZ/CYZ/CXY/CYY/FTR/FVZ 93~ Дизель,1,599,Дизель,D-125012,Хабаровск
2025-08-26 14:13:02,Свеча накала D-128101/8-94390-777-6/PI-173 4HK1 NNR/NPR/NJR/NKR/FRR/FTR/FRS/FSS/CX#/CY# 99~ Дизель,35,602,Дизель,D-128101,Хабаровск
2025-08-26 14:13:02,Свеча накала PH-22 19110-1140A HINO H07C Y,1,596,Yamasida,PH-22,Хабаровск
2025-08-26 14:13:02,Свеча накала PI-49 8-94133-759-8/8-94175-158-1 4JB1 NKR55 Y,15,471,Yamasida,PI-49,Хабаровск
2025-08-26 14:13:02,Свеча накала PI-50 8-97033-761-0 4HF1/4HE1/4HG1 Y,15,436,Yamasida,PI-50,Хабаровск
2025-08-26 14:13:02,Свеча накала PI-58 8-94319-700-1 Isuzu Trooper C223 Y,12,257,Yamasida,PI-58,Хабаровск
2025-08-26 14:13:02,Свеча накала PI-59 8-94387-612-1 4JG2/LGP8420 Y,18,333,Yamasida,PI-59,Хабаровск
2025-08-26 14:13:02,Свеча накала PM-163 ME007649 MMC 4D32/33/6D16 Y,7,606,Yamasida,PM-163,Хабаровск
2025-08-26 14:13:02,Свеча накала PM-165 36710-42021/ME201632 D4BF/D4BH MMC 4M40 Y,7,333,Yamasida,PM-165,Хабаровск
2025-08-26 14:13:02,Свеча накала PM-167 MD344469 MMC 4D56T Y,16,287,Yamasida,PM-167,Хабаровск
2025-08-26 14:13:02,Свеча накала PM-404 ME077476/ME077414/407803-5050 MMC 6D16/17 Y,26,801,Yamasida,PM-404,Хабаровск
2025-08-26 14:13:02,Свеча накала PM-65 ME007545 MITSUBISHI FUSO 4DR5/7 Y,18,318,Yamasida,PM-65,Хабаровск
2025-08-26 14:13:02,Свеча накала PM-78 ME017057 MMC 4D30 Y,1,318,Yamasida,PM-78,Хабаровск
2025-08-26 14:13:02,Свеча накала PN-135 11065-43G01 NISSAN TD27 Y,27,251,Yamasida,PN-135,Хабаровск
2025-08-26 14:13:02,Свеча накала PN-136 11065-10T01 NISSAN TD23 Y,7,325,Yamasida,PN-136,Хабаровск
2025-08-26 14:13:02,Свеча накала PN-137 11065-02T00 NISSAN ED33 Y,36,257,Yamasida,PN-137,Хабаровск
2025-08-26 14:13:02,Свеча накала PN-138 11065-31N00 NISSAN TD23/27/42 Y,32,346,Yamasida,PN-138,Хабаровск
2025-08-26 14:13:02,Свеча накала PT-141 19850-68060 TOYOTA 3B/2H Y,33,247,Yamasida,PT-141,Хабаровск
2025-08-26 14:13:02,Свеча накала PT-148/PH-23 19850-78010 HINO W04D/W04C Y,2,510,Yamasida,PT-148,Хабаровск
2025-08-26 14:13:02,Свеча накала PT-151 19850-54090 TOYOTA 1N/2L/3L Y,8,252,Yamasida,PT-151,Хабаровск
2025-08-26 14:13:02,Свеча накала PT-152 19850-64031 TOYOTA 1HZ/1HDT Y,18,225,Yamasida,PT-152,Хабаровск
2025-08-26 14:13:02,Свеча накала PT-153 19850-58010 TOYOTA 1HZ/1HDT HKT,4,536,HKT,PT-153,Хабаровск
2025-08-26 14:13:02,Свеча накала PT-155 19850-54120 TOYOTA 1NT/5L Y,26,325,Yamasida,PT-155,Хабаровск
2025-08-26 14:13:02,Свеча накала PZ-33 S501-18-140A MAZDA RF/XA Y,40,264,Yamasida,PZ-33,Хабаровск
2025-08-26 14:13:02,Свеча накала PZ-37 RFJ5-18-601 MAZDA R2 Y,44,333,Yamasida,PZ-37,Хабаровск
2025-08-26 14:13:02,Свеча накала PZ-701 SEM1-18-601 MAZDA VS Y,36,333,Yamasida,PZ-701,Хабаровск
2025-08-26 14:13:02,Свеча накаливания DTP 02557 MIG,1,696,DTP,02557,Хабаровск
2025-08-26 14:13:02,"Свеча Накаливания GT-222 PT-153/T-25 19850-58010 B,3B,1HZ,1HD-T 24V GEN",1,762,JMC,19850-58010,Хабаровск
2025-08-26 14:13:02,Свеча накаливания PH-26,3,337,JMC,PH-26,Хабаровск
2025-08-26 14:13:02,Свеча накаливания PI-175/8-97326-046-0,5,574,JMC,8-97326-046-0,Хабаровск
2025-08-26 14:13:02,Свеча накаливания PI-44/9-82513-928-2,2,686,JMC,9-82513-928-2,Хабаровск
2025-08-26 14:13:02,Свеча накаливания PM-401 ME191813/4M42,2,552,JMC,ME191813,Хабаровск
2025-08-26 14:13:02,Свеча накаливания PN 123,3,197,DTP,02257,Хабаровск
2025-08-26 14:13:02,Свеча накаливания PN-137/11065-02T00,2,262,JMC,11065-02T00,Хабаровск
2025-08-26 14:13:02,Свеча накаливания PT-153/19850-58010/GT-222,2,305,JMC,19850-58010,Хабаровск
2025-08-26 14:13:02,Свеча накаливания PT-155 / 19850-54120/GT-229,2,362,JMC,19850-54120,Хабаровск
2025-08-26 14:13:02,Свеча накаливания PZ-39/WL03-18-601,2,340,JMC,PZ-39,Хабаровск
2025-08-26 14:13:02,Свеча накаливания PZ-701 Y-771R SEM1-18-601 HA/VS,2,779,JMC,PZ-701,Хабаровск
2025-08-26 14:13:02,Седельно-сцепное устройство D-126608/WG9725930108/1 (JOST 36DV) Sitrak C7H Дизель,2,45168,Дизель,D-126608,Хабаровск
2025-08-26 14:13:02,"Седельно-сцепное устройство PM-38C-190 3.5"" 810х200х914х10мм, D=89mm, 38т (аналог JSK38C1)",3,128519,Дизель,PM-38C-190,Хабаровск
2025-08-26 14:13:02,"Седельно-сцепное устройство тип SK-HD 38.36/190 мм 2,5"" 662111066 Man !",1,124604,Europart,662111066,Хабаровск
2025-08-26 14:13:02,Седло впускного клапана 3943449 JAC N120/Камаз Cummins ISF3.8 Е-5,1,140,Дизель,3943449,Хабаровск
2025-08-26 14:13:02,Седло впускного клапана 8-98028-874-0 4HK1/6HK1 ORIG,3,1547,Isuzu,8-98028-874-0,Хабаровск
2025-08-26 14:13:02,Седло впускного клапана D-128539 / 8-98028-874-0 4HK1/6HK1 Дизель,22,298,Дизель,D-128539,Хабаровск
2025-08-26 14:13:02,Седло выпускного клапана 3943450 JAC N120/Камаз Cummins ISF3.8 Е-5,1,140,Дизель,3943450,Хабаровск
2025-08-26 14:13:02,Седло пружины клапана OD=38 T=12.5 1-12563-060-0/1-12563-055-0 C-series 6WG1 Diesel,6,639,Дизель,1-12563-060-0,Хабаровск
2025-08-26 14:13:02,Сепаратор топливный в сборе R90TSEP / YLX-F-0200 с подогревом SKV,108,9077,SKV,R90TSEP,Хабаровск
2025-08-26 14:13:02,Сепаратор топливный в сборе YYZC-F076-03 600FG с подогревом,1,7839,Дизель,YYZC-F076-03,Хабаровск
2025-08-26 14:13:02,Сепаратор топливный в сборе YYZC-F076-03 600FG с подогревом,6,6695,YNY,600FG,Хабаровск
2025-08-26 14:13:02,Сепаратор топливный в сборе YYZC-F106 900FH-2 с подогревом,2,6015,YNY,YYZC-F106,Хабаровск
2025-08-26 14:13:02,Сепаратор топливный в сборе YYZC-F107 900FG,34,3590,YNY,YZC-F-0071-01,Хабаровск
2025-08-26 14:13:02,Сепаратор топливный в сборе YYZC-F110 500FH-2/fg с подогревом,75,9290,YNY,500FH-2,Хабаровск
2025-08-26 14:13:02,Сервис пакет 1000 м/ч 10070123 Liebherr,1,75443,JMC,10070123,Хабаровск
2025-08-26 14:13:02,Сервис пакет 1000/2000 м/ч 9413235 Liebherr,1,65850,JMC,9413235,Хабаровск
2025-08-26 14:13:02,Сервис пакет 1500/2500 м/ч 10070122 Liebherr,1,30437,JMC,10070122,Хабаровск
2025-08-26 14:13:02,Сервис пакет 1500/2500 м/ч 9066753 Liebherr,1,21205,JMC,9066753,Хабаровск
2025-08-26 14:13:02,Сервис пакет 2000 м/ч 10070124 Liebherr,1,100616,JMC,10070124,Хабаровск
2025-08-26 14:13:02,Сервис пакет 500 м/ч 10070121 Liebherr,1,54959,JMC,10070121,Хабаровск
2025-08-26 14:13:02,Сервис пакет 500 м/ч 9066751 Liebherr,1,33448,JMC,9066751,Хабаровск
2025-08-26 14:13:02,Сервопривод сцепления 1708510 DAF (NON-GENUINE),2,16153,Дизель,1708510,Хабаровск
2025-08-26 14:13:02,Сервоусилитель КПП D-127786 / HDC-003 / 1-33730-127-0/6HE1/FVR*96 d=28 ISUZU Дизель,2,6385,Дизель,D-127786,Хабаровск
2025-08-26 14:13:02,Сервоусилитель КПП D-127844 / HDC-004 / 1-33730-033-1/103-1 вал 30mm ISUZU SXZ/CYZ/CXM/CYL Дизель,11,6106,Дизель,D-127844,Хабаровск
2025-08-26 14:13:02,Сервоусилитель КПП D-128235 / HDC-001/ 43431-76000 HYUNDAI Дизель,1,7127,Дизель,D-128235,Хабаровск
2025-08-26 14:13:02,Сервоусилитель КПП HDC-017 / 33510-1270 HINO FN2PWB/FN1K/FR2K/FR3 HD,2,7638,Дизель,HDC-017,Хабаровск
2025-08-26 14:13:02,Сервоусилитель КПП HDC-022 / 32172-90202 UD CWA451 CD461 HD,6,5879,Дизель,HDC-022,Хабаровск
2025-08-26 14:13:02,Серьга рессоры 54230-46050 Hyundai COUNTY SKV,159,872,SKV,54230-46050,Хабаровск
2025-08-26 14:13:02,Серьга рессоры 55220-Z1001 / USS-005 PM !,3,6361,Paul Master,USS-005,Хабаровск
2025-08-26 14:13:02,Серьга рессоры D-128086/8-97360-011-0/8-94118-512-0 ISUZU ELF Дизель,4,384,Дизель,D-128086,Хабаровск
2025-08-26 14:13:02,Серьга рессоры FV-029 / FSS-029 RH MC421505 PM,3,3332,Paul Master,FSS-029,Хабаровск
2025-08-26 14:13:02,Серьга рессоры FV-029/FSS-029 LH MC421504 PM,9,3332,Paul Master,FSS-029,Хабаровск
2025-08-26 14:13:02,Серьга рессоры HI-002 48441-1120 HINO TRUCK SH PM !,3,2112,Paul Master,HI-002,Хабаровск
2025-08-26 14:13:02,Серьга рессоры HI-036/HSS-240 48441-1240 PM,2,4171,Paul Master,HSS-240,Хабаровск
2025-08-26 14:13:02,Серьга рессоры MB035279 MMC CANTER FE3#/4# SKV,17,1500,SKV,MB035279,Хабаровск
2025-08-26 14:13:02,Серьга рессоры S-002/FSS-002 MB035279/55230-45003 CANTER FE3#/4# / HD PM,1,3520,Paul Master,FSS-002,Хабаровск
2025-08-26 14:13:02,Серьга рессоры S-005 / FSS-008 MB025157 MMC CANTER FE# 85-99` PM,6,1826,Paul Master,FSS-008,Хабаровск
2025-08-26 14:13:02,Серьга рессоры S-012 48038-1180 HINO GH# PM,5,7558,Paul Master,48038-1180,Хабаровск
2025-08-26 14:13:02,Серьга рессоры S-053/ S-054/HSS-053 LH 48041-1281/1390 PM !,6,3445,Paul Master,HSS-053,Хабаровск
2025-08-26 14:13:02,Серьга рессоры S-053/S-054/HSS-053 RH 48041-1271/48041-1380 PM !,4,3445,Paul Master,HSS-053,Хабаровск
2025-08-26 14:13:02,Серьга рессоры S-054 48041-1380/48041-1271 HINO RK# RH PM !,6,2851,Paul Master,48041-1380,Хабаровск
2025-08-26 14:13:02,Серьга рессоры S-054 48041-1390/48041-1281 HINO RK# LH PM !,5,2851,Paul Master,S-054,Хабаровск
2025-08-26 14:13:02,Серьга рессоры UD-001 54211-00Z00 N.-DIESEL CDA00A/CDA595/CDA69B/CFZ03A/CWT470 (K),1,1472,Дизель,54211-00Z00,Хабаровск
2025-08-26 14:13:02,Серьга рессоры UD-001 54211-00Z00 N.-DIESEL CDA00A/CDA595/CDA69B/CFZ03A/CWT470 PM,3,4188,Paul Master,54211-00Z00,Хабаровск
2025-08-26 14:13:02,Серьга рессоры UD-003 54210-Z5001 N.-DIESEL PK211W/PK650/RM211/JM210/PK211/PK25-J PM,2,4471,Paul Master,UD-003,Хабаровск
2025-08-26 14:13:02,Серьга рессоры UD-009/USS-009 55220-Z5001 N.-DIESEL MF650/MK2B1/RM200A/CL850/CMH410/JM210 PM,1,4708,Paul Master,USS-009,Хабаровск
2025-08-26 14:13:02,Серьга рессоры USS-002/ UD-002 54210-Z2003 N.-DIESEL CW54 PM !,8,4023,Paul Master,USS-002,Хабаровск
2025-08-26 14:13:02,Серьга рессоры передней D-126306 / MB025157 Fuso Canter Дизель,164,1386,Дизель,D-126306,Хабаровск
2025-08-26 14:13:02,Силикагель в гранулах (0.5kg) D-128245 / DR-31 Дизель,214,928,Дизель,D-128245,Хабаровск
2025-08-26 14:13:02,Синхронизатор ME627387/SXCJ-ZC0018 Mitsubishi Fuso,1,5044,Дизель,ME627387,Хабаровск
2025-08-26 14:13:02,Синхронизатор делителя КПП Z=18/18 A-C09005 HOWO,1,7107,Дизель,A-C09005,Хабаровск
2025-08-26 14:13:02,Скоба крепления заднего стаб D-127917 / WG780680032 HOWO Дизель,19,233,Дизель,D-127917,Хабаровск
2025-08-26 14:13:02,Скоба стабилизатора 2906040Y4P00 JAC N350 (NON-GENUINE),22,278,Дизель,2906040Y4P00,Хабаровск
2025-08-26 14:13:02,Скоба суппорта RR 47821-37010 HINO300 /TOYOTA DYNA/TOYOACE SKV,35,4385,SKV,47821-37010,Хабаровск
2025-08-26 14:13:02,Соединение 8935011974 WABCO !,3,453,Wabco,8935011974,Хабаровск
2025-08-26 14:13:02,"Соединитель ф 1116х1,5 HALDEX",3,998,JMC,03285011162,Хабаровск
2025-08-26 14:13:02,Сосок диска колеса 90942-05009 ORIG,3,456,TOYOTA,90942-05009,Хабаровск
2025-08-26 14:13:02,Стабилизатор зад WG9719680006 HOWO,2,6917,Дизель,WG9719680006,Хабаровск
2025-08-26 14:13:02,Стабилизатор задней подвески 8-98235-510-0 ORIG,1,174470,Isuzu,8-98235-510-0,Хабаровск
2025-08-26 14:13:02,Стабилизатор задний WG9925688301 HOWO ORIG,2,17922,Howo,WG9925688301,Хабаровск
2025-08-26 14:13:02,Стабилизатор поперечной устойчивости задний 6613203011 Istana,1,7514,Дизель,6613203011,Хабаровск
2025-08-26 14:13:02,Стакан пневморессоры металлический для 881MB / 6142404054 Mercedes !,2,3215,Mercedes,6142404054,Хабаровск
2025-08-26 14:13:02,Стакан форсунки BY030,3,977,JMC,BY030,Хабаровск
2025-08-26 14:13:02,"Стакан форсунки D-128149/8-97606-661-0/8-98018-462-0 700P 4HK1 N,F-series 96~ Дизель",52,953,Дизель,D-128149,Хабаровск
2025-08-26 14:13:02,Стакан форсунки D-128540 / S1117-61190 / 11176-1190 / 11176-89101 HINO J08C/S05C/J07E/J07C Дизель,49,704,Дизель,D-128540,Хабаровск
2025-08-26 14:13:02,Стакан форсунки D-128541 / S1117-61200 / 11176-1200 HINO300 N04C Дизель,33,625,Дизель,D-128541,Хабаровск
2025-08-26 14:13:02,Стакан форсунки FUSO 6D22 22138-83000/22138-83001,1,1291,JMC,22138-83000,Хабаровск
2025-08-26 14:13:02,Стакан форсунки HINO 11176-1150 EM100 Y,26,1256,Yamasida,11176-1150,Хабаровск
2025-08-26 14:13:02,Стакан форсунки HINO 300 S1117-61200/11176-1200 N04C Y,1,1607,Yamasida,S1117-61200,Хабаровск
2025-08-26 14:13:02,Стакан форсунки HINO 700 S1117-61180/11176-1180 E13C Y,1,903,Yamasida,S1117-61180,Хабаровск
2025-08-26 14:13:02,Стакан форсунки HINO S1117-61120/11176-1120 H06CT/H07D/H07C/H06C Y,48,1274,Yamasida,S1117-61120,Хабаровск
2025-08-26 14:13:02,Стакан форсунки HINO S1117-61160/S1117-61110 H06CT Y,14,1349,Yamasida,S1117-61160,Хабаровск
2025-08-26 14:13:02,Стакан форсунки HINO S1117-61190/11176-89101 J08C/S05C/J07E/J07C Y,18,1275,Yamasida,S1117-61190,Хабаровск
2025-08-26 14:13:02,Стакан форсунки ISUZU 8-98018-462-0 4HK1 Y,24,1544,Yamasida,8-98018-462-0,Хабаровск
2025-08-26 14:13:02,Стакан форсунки MMC FUSO 30901-13709 6D22 Y,3,1310,Yamasida,30901-13709,Хабаровск
2025-08-26 14:13:02,Стакан форсунки MMC FUSO ME030855/22138-93000 6D15/6D14/6D16 Y,23,1322,Yamasida,ME030855,Хабаровск
2025-08-26 14:13:02,Стакан форсунки MMC FUSO ME120079 10M20/8M22/6D40/8M20 Y,1,1786,Yamasida,ME120079,Хабаровск
2025-08-26 14:13:02,Стакан форсунки NISSAN 11070-Z5504/11070-Z5502 FE6 Y,35,1347,Yamasida,11070-Z5504,Хабаровск
2025-08-26 14:13:02,Стартер 12.1.27.1446 / T430507 KSD1000/1100 SuperSnow/Perkins,1,63147,JMC,12.1.27.1446,Хабаровск
2025-08-26 14:13:02,Стартер 6SD1 24V/11T/7.0KW 1-81100-246-1,3,11596,JMC,1-81100-246-1,Хабаровск
2025-08-26 14:13:02,Стартер 8-94387-653-0 12v 2.8kW 4JG2,5,16612,Дизель,8-94387-653-0,Хабаровск
2025-08-26 14:13:02,Стартер D-126611/201V26201-7199/200V26201-7199 MC11 Sitrak C7H Дизель,1,15717,Дизель,D-126611,Хабаровск
2025-08-26 14:13:02,Стартер D-127598 / QDJ2535R / 8-97602-169-1 ISUZU 6HK1/6HH1 24V/11T/4.5-5.0KW Дизель,18,16109,Дизель,D-127598,Хабаровск
2025-08-26 14:13:02,Стартер D-128169 / 080V26201-7277 HOWO Дизель,5,15193,Дизель,D-128169,Хабаровск
2025-08-26 14:13:02,Стартер D-128246 / 36100-48100 HYUNDAI GOLD D6GA Дизель,13,14821,Дизель,D-128246,Хабаровск
2025-08-26 14:13:02,Стартер D-128402 / QDJ282 / ME057352 MMC 8DC8-9 24V/13T/7.5KW Дизель,4,21164,Дизель,D-128402,Хабаровск
2025-08-26 14:13:02,Стартер D-128403 / QDJ2435 / M2T78681 NISSAN FD46 24V/11T/4.0KW Дизель,2,12945,Дизель,D-128403,Хабаровск
2025-08-26 14:13:02,Стартер D-128405 / QDJ1318B / S13-107 NISSAN TD25/27 12V/9T/2.8KW Дизель,4,11851,Дизель,D-128405,Хабаровск
2025-08-26 14:13:02,Стартер ISUZU 4HG/4HK/4JJ D-125215 / 8-97323-935-2/8-98222-018-2/QDJ2517 24V/5.0KW/11T NPR Дизель,5,17248,Дизель,D-125215,Хабаровск
2025-08-26 14:13:02,Стартер ISUZU 4HG/4HK/4JJ D-127280/8-97323-935-2/8-98222-018-2/QDJ2517 24V/5.0KW/11T NPR Дизель,39,13882,Дизель,D-127280,Хабаровск
2025-08-26 14:13:02,Стартер ISUZU 4JA1/4JB1 12V/9T/2.0KW QDJ13001 YD !,1,9005,Дизель,QDJ13001,Хабаровск
2025-08-26 14:13:02,Стартер ISUZU 6HK1 8-98141-206-2/3/1-81100-414-0 HITACHI FVR34 (FORWARD) Diesel,13,12321,Дизель,D-125034,Хабаровск
2025-08-26 14:13:02,Стартер ISUZU D-127350 / 6SD-1 24V/11T/5.5KW YD ! Дизель,18,8956,Дизель,D-127350,Хабаровск
2025-08-26 14:13:02,Стартер ISUZU D-MAX QDJ13005 12V/2.8KW 9T YD,5,8151,KPL,QDJ13005,Хабаровск
2025-08-26 14:13:02,Стартер MAZDA S5A1-18-400/ D-127351 /QDJ1351 HA/SL/XA 12V/12T/2.7KW YD ! Дизель,124,6549,Дизель,D-127351,Хабаровск
2025-08-26 14:13:02,"Стартер MMC 4D30/4D32,FE300/FE331/FB301 D4AL/DA/DB/DC 24V/9T/3.2KW ME017085/36100-41012/QDJ2430 YD",4,13855,Дизель,QDJ2430,Хабаровск
2025-08-26 14:13:02,Стартер MMC 4M50/51 24V/11T/3.2KW QDJ2456 YD,1,13855,KPL,QDJ2456A,Хабаровск
2025-08-26 14:13:02,Статор 4HF1/4HG1 QDZ2501 YD !,47,1229,Дизель,QDZ2501,Хабаровск
2025-08-26 14:13:02,Статор 6HE1/6HH1 YD !,63,1389,Дизель,QDZ2520,Хабаровск
2025-08-26 14:13:02,Статор EF750/F17C/EF100-300 YD !,39,1907,Дизель,EF100-300,Хабаровск
2025-08-26 14:13:02,Статор FD42-46 QDZ2435 YD !,19,1398,Дизель,QDZ2435,Хабаровск
2025-08-26 14:13:02,Статор HA/XA QDZ1351 YD !,32,1337,Дизель,QDZ1351,Хабаровск
2025-08-26 14:13:02,Стекло 044505-7205 для повторителя 219-1605 дефект,1,151,Дизель,044505-7205L,Хабаровск
2025-08-26 14:13:02,Стекло багажной двери 5603100U1510 S5 JAC ORIG,3,9762,JAC,5603100U1510,Хабаровск
2025-08-26 14:13:02,Стекло боковое правое MC909264,1,2351,JMC,MC909264,Хабаровск
2025-08-26 14:13:02,Стекло ветровое 5206100U1510 JAC ORIG,4,15366,JAC,5206100U1510,Хабаровск
2025-08-26 14:13:02,Стекло ветровое 5206100U2210Z2 S3 JAC ORIG,5,15354,JAC,5206100U2210Z2,Хабаровск
2025-08-26 14:13:02,Стекло заднего фонаря 214-1911 03-4709/02-4309 COVER 015 RED MMC/UD дефект,1,122,Noname,214-1911,Хабаровск
2025-08-26 14:13:02,Стекло заднего фонаря D-127190/214-1911 03-4709/02-4309 COVER 015 RED MMC/UD Дизель,29,218,Дизель,D-127190,Хабаровск
2025-08-26 14:13:02,Стекло заднего фонаря D-128123/219-1903/04-4209/81550-1651/81551-1020 017 ORANGE HINO700/500 Дизель,14,218,Дизель,D-128123,Хабаровск
2025-08-26 14:13:02,Стекло лобовое 5206015-A95 FAW,2,6794,Дизель,5206015-A95,Хабаровск
2025-08-26 14:13:02,Стекло лобовое D-125994 / 86111-7A000 JAC N350 Дизель,3,10145,Дизель,D-125994,Хабаровск
2025-08-26 14:13:02,Стеклоподъемник левый электрический D-128440 / 6104100LE010XZ03 24V JAC Дизель,1,3523,Дизель,D-128440,Хабаровск
2025-08-26 14:13:02,"Стеклоподъемник передний R D-125702 / 1-74418-178-3 F,C series Дизель",17,2299,Дизель,D-125702,Хабаровск
2025-08-26 14:13:02,Стеклоподъёмник правый электр 811W62645-6052 HOWO T5G,1,13690,Дизель,811W62645-6052,Хабаровск
2025-08-26 14:13:02,Стеклоподъемник с мотором 12V в L дверь IZ03-06K1-02 ISUZU ELF NPR `90-`93,1,3137,JMC,IZ03-06K1-02,Хабаровск
2025-08-26 14:13:02,Стеклоподъемник с мотором 12V в R дверь IZ03-06K1-01 ISUZU ELF NPR `90-`93,1,3137,JMC,IZ03-06K1-01,Хабаровск
2025-08-26 14:13:02,Стеклоподъемник с мотором 24V в L дверь HN04-06K0-02 HINO RANGER,1,4699,Noname,HN04-06K0-02,Хабаровск
2025-08-26 14:13:02,Стеклоподъемник с мотором 24V в L дверь HN06-06K1-02 HINO PROFIA FN/SS/LSH `93-`03,1,4554,JMC,HN06-06K1-02,Хабаровск
2025-08-26 14:13:02,Стеклоподъемник с мотором 24V в L дверь HN08-06K0-02 HINO RANGER,1,5190,JMC,HN08-06K0-02,Хабаровск
2025-08-26 14:13:02,Стеклоподъемник с мотором 24V в L дверь IZ03-06K0-02 ISUZU ELF NPR `90-`93,1,3837,JMC,IZ03-06K0-02,Хабаровск
2025-08-26 14:13:02,Стеклоподъемник с мотором 24V в L дверь IZ07-06K0-02 ISUZU ELF NPR/NKR/NQR75 `94-,1,3514,JMC,IZ07-06K0-02,Хабаровск
2025-08-26 14:13:02,Стеклоподъемник с мотором 24V в L дверь IZ11-06K0-B2 IZ ELF NPR/NKR/NLR `08-,1,5158,JMC,IZ11-06K0-B2,Хабаровск
2025-08-26 14:13:02,Стеклоподъемник с мотором 24V в L дверь MB04-06KA-02 MB CANTER `86-`94,1,3741,JMC,MB04-06KA-02,Хабаровск
2025-08-26 14:13:02,Стеклоподъемник с мотором 24V в L дверь TY05-06K0-02 TY DYNA,1,6634,JMC,TY05-06K0-02,Хабаровск
2025-08-26 14:13:02,Стеклоподъемник с мотором 24V в R дверь TY04-06K0-01 TY DYNA `95-,1,3922,JMC,TY04-06K0-01,Хабаровск
2025-08-26 14:13:02,Стеклоподъемник с мотором 24V в дверь IZ07-06K0-02 ISUZU ELF NPR/NKR/NCR75,2,3989,JMC,IZ07-06K0-02,Хабаровск
2025-08-26 14:13:02,Стойка переднего стабилизатора 48802-60050/TSL001/48820-AD010,2,886,Дизель,48802-60050,Хабаровск
2025-08-26 14:13:02,Стойка перед стабилизатора D-126615 / WG9925682123 Sitrak C7H Дизель,3,2776,Дизель,D-126615,Хабаровск
2025-08-26 14:13:02,Стойка стабилизатора 464855/ A94332306167390 / A94332302117390 DieselTechnic !,6,7826,Diesel Technic,4.64855SP,Хабаровск
2025-08-26 14:13:02,Стойка стабилизатора заднего CLT-115 / CL0615K,2,952,JMC,CL0615K,Хабаровск
2025-08-26 14:13:02,Стойка стабилизатора передняя левая 48810-60040 / C7099L Toyota,1,698,JMC,48810-60040,Хабаровск
2025-08-26 14:13:02,Стойка стабилизатора передняя правая 48820-60050 / C7099R Toyota,1,698,JMC,48820-60050,Хабаровск
2025-08-26 14:13:02,"Стоп 219-1903L (K) HINO500/700, RANGER, PROFIA / D-126307 / 81560-1150/1370 (прямоугольный) Дизель",1,541,Дизель,D-126307,Хабаровск
2025-08-26 14:13:02,"Стоп 219-1903R (K) HINO500/700, RANGER, PROFIA / 81550-1730 / 81550-1651 (45º) дефект",1,570,Дизель,81550-1730,Хабаровск
2025-08-26 14:13:02,"Стоп D-126309 / 219-1903R Hino500/700, Ranger, Profia / 81550-1730 / 81550-1651 45º Дизель",2,802,Дизель,D-126309,Хабаровск
2025-08-26 14:13:02,"Стоп L,Toyota Dyna / Toyoace 86-91 11-1155-05 R",1,976,JMC,11-1155-05 R,Хабаровск
2025-08-26 14:13:02,Стоп БОЛЬШОЙ (тройной) L=R ТЮНИНГ LED Universal AD-S-021,1,2916,JMC,AD-S-021,Хабаровск
2025-08-26 14:13:02,Стоп на телегу тройной CZ011L /круглые плафоны/ КРАСНЫЙ/ОРАНЖЕВЫЙ/Б,1,2260,JMC,CZ011L,Хабаровск
2025-08-26 14:13:02,Стоп-сигнал L 214-1957L-A (K) FUSO CANTER FE85 LHD / MK485640 дефект,1,603,Дизель,214-1957L-A,Хабаровск
2025-08-26 14:13:02,Стоп-сигнал R 214-1957R-A / D-128115 FUSO CANTER FE85 LHD / MK485641 Дизель,19,967,Дизель,D-128115,Хабаровск
2025-08-26 14:13:02,Стопор поршневого пальца D-128015 / 1-09587-082-0 C-series 6WG1 Дизель,2,51,Дизель,D-128015,Хабаровск
2025-08-26 14:13:02,Стопорная шайба 6-107 FUSO key washer R SW,1,161,Samwoo,6-107,Хабаровск
2025-08-26 14:13:02,Стопорное кольцо поршневого пальца 8-94460-687-0 D=37.5 4JJ1-T ORIG,2,168,Isuzu,8-94460-687-0,Хабаровск
2025-08-26 14:13:02,Стопорное кольцо поршневого пальца 81560030012 JAC N350 WP10 E-5 (NON-GENUINE),4,19,Дизель,81560030012,Хабаровск
2025-08-26 14:13:02,Стояночный тормоз в сборе D-125750 / 8-97308-175-0 NPR/NKR/NQR 71/75 (MYY5T - MYY6S) Дизель,4,3840,Дизель,D-125750,Хабаровск
2025-08-26 14:13:02,Стремянка 14*1.5*73*115 (130) D-128065/54225-5H901 HD65/72/78 LT Дизель,55,318,Дизель,D-128065,Хабаровск
2025-08-26 14:13:02,Стремянка 14*1.5*75*240 LT,33,413,Дизель,14*1.5*75*240,Хабаровск
2025-08-26 14:13:02,Стремянка 16*1.5*73*130 D-128066/54225-5K100 HD65/72/78 Дизель,11,400,Дизель,D-128066,Хабаровск
2025-08-26 14:13:02,Стремянка 16*72*160 D-128067/90117-16065 FR HD120/HINO300 Дизель,12,438,Дизель,D-128067,Хабаровск
2025-08-26 14:13:02,Стремянка 17*94*240,1,651,Дизель,17*94*240,Хабаровск
2025-08-26 14:13:02,Стремянка 18*72*400 D-127831 / SZ940-84653 RR HD120/HINO300/FUSO CANTER RUS LT Дизель,3,718,Дизель,D-127831,Хабаровск
2025-08-26 14:13:02,Стремянка F1/F2 20*82*200 LT,1,438,LT,F1/F2 20*82*200,Хабаровск
2025-08-26 14:13:02,Стремянка F1/F2 20*82*220 LT.,11,470,LT,F1/F2 20*82*220,Хабаровск
2025-08-26 14:13:02,Стремянка F1/F2 20*82*250 LT.,25,497,LT,20*82*250,Хабаровск
2025-08-26 14:13:02,Стремянка F1/F2 20*83*240 LT,2,372,LT,20*83*240,Хабаровск
2025-08-26 14:13:02,Стремянка F1/F2 20*92*205 LT,3,698,Дизель,20-92-205,Хабаровск
2025-08-26 14:13:02,Стремянка F1/F2 22*82*220 LT,1,827,Дизель,F1/F2 22*82*220,Хабаровск
2025-08-26 14:13:02,Стремянка F1/F2 22*82*250 LT,22,817,Дизель,F1/F2 22*82*250,Хабаровск
2025-08-26 14:13:02,Стремянка F1/F2 22*92*240 LT,144,763,Дизель,F1/F2 22*92*240,Хабаровск
2025-08-26 14:13:02,Стремянка F10 14*72*120 LT,18,340,Дизель,F10 14*72*120 LT,Хабаровск
2025-08-26 14:13:02,Стремянка F10 14*72*140 LT,62,321,Дизель,F10 14*72*140 LT,Хабаровск
2025-08-26 14:13:02,Стремянка F10 14*72*160 LT,112,358,Дизель,F10 14*72*160 LT,Хабаровск
2025-08-26 14:13:02,Стремянка F10 16*72*160 LT,95,406,Дизель,F10 16*72*160 LT,Хабаровск
2025-08-26 14:13:02,Стремянка F10 16*72*200 LT,62,452,Дизель,F10 16*72*200,Хабаровск
2025-08-26 14:13:02,Стремянка F10 16*72*280 Дизель,86,502,Дизель,F10 16*72*280 LT,Хабаровск
2025-08-26 14:13:02,Стремянка F10 16*72*300 LT,186,546,Дизель,16*72*300,Хабаровск
2025-08-26 14:13:02,Стремянка F10 18*73*340 D-127262 / 1-51371-173-3 RR NPR Дизель,27,672,Дизель,D-127262,Хабаровск
2025-08-26 14:13:02,Стремянка F10 M14*1.5*72*350 (крепление кузова к раме) LT,54,470,Дизель,F10 M14*1.5*72*350 LT,Хабаровск
2025-08-26 14:13:02,Стремянка F10 M14*1.5*82*360 (крепление кузова к раме) LT,25,440,Дизель,F10 M14*1.5*82*360 LT,Хабаровск
2025-08-26 14:13:02,Стремянка F10 M14*1.5*82*400 (крепление кузова к раме) LT,56,464,Дизель,F10 M14*1.5*82*400 LT,Хабаровск
2025-08-26 14:13:02,Стремянка F3 24*93*350 LT,17,994,LT,F3 24*93*350,Хабаровск
2025-08-26 14:13:02,Стремянка F3 27*93*380 LT,184,1353,Дизель,F3 27*93*380,Хабаровск
2025-08-26 14:13:02,Стремянка F3 27*93*410 LT,40,1662,Дизель,F3 27*93*410,Хабаровск
2025-08-26 14:13:02,Стремянка F3 27*93*500,4,1938,Дизель,F3 27*93*500,Хабаровск
2025-08-26 14:13:02,"Стремянка F4 13,05*73,6*163*85,4 D-127356 / 54225-5A200 Дизель",223,359,Дизель,D-127356,Хабаровск
2025-08-26 14:13:02,Стремянка F4 13*73*125 LT,100,317,Дизель,F4 13*73*125,Хабаровск
2025-08-26 14:13:02,Стремянка F4 14*64*110 LT,30,292,Дизель,14*64*110,Хабаровск
2025-08-26 14:13:02,Стремянка F4 14*64*130 LT,31,330,Дизель,F4 14*64*130  LT,Хабаровск
2025-08-26 14:13:02,Стремянка F4 14*64*150 LT,70,334,Дизель,F4 14*64*150  LT,Хабаровск
2025-08-26 14:13:02,Стремянка F4 14*72*160 LT,217,334,Дизель,14*72*160,Хабаровск
2025-08-26 14:13:02,Стремянка F4 14*72*180 LT,17,367,Дизель,14*72*180,Хабаровск
2025-08-26 14:13:02,Стремянка F4 14*72*350 LT,82,446,Дизель,14*72*350,Хабаровск
2025-08-26 14:13:02,Стремянка F4 14*73*125 D-127833 / 54225-5H901 LT Дизель,72,346,Дизель,D-127833,Хабаровск
2025-08-26 14:13:02,Стремянка F4 16*72*170 54225-62073 LT,76,410,Дизель,54225-62073,Хабаровск
2025-08-26 14:13:02,Стремянка F4 16*72*200 LT,9,461,Дизель,F4 16*72*200,Хабаровск
2025-08-26 14:13:02,Стремянка F4 16*72*220 LT,101,440,Дизель,16*72*220,Хабаровск
2025-08-26 14:13:02,Стремянка F4 16*72*260 LT,192,475,Дизель,16*72*260,Хабаровск
2025-08-26 14:13:02,Стремянка F4 16*72*300 LT D-128068 / 55225-5K500 Дизель,44,528,Дизель,D-128068,Хабаровск
2025-08-26 14:13:02,Стремянка F4 16*72*320 LT,88,508,Дизель,16*72*320,Хабаровск
2025-08-26 14:13:02,Стремянка F4 16*72*325 D-127834 / 55225-5K500-10 LT Дизель,130,555,Дизель,D-127834,Хабаровск
2025-08-26 14:13:02,Стремянка F4 16*72*340 LT,1,648,Дизель,16*72*340,Хабаровск
2025-08-26 14:13:02,Стремянка F4 16*72*350 D-127835 / 55225-5K500 LT Дизель,243,565,Дизель,D-127835,Хабаровск
2025-08-26 14:13:02,Стремянка F4 18*62*400 LT,1,751,Дизель,F4 18*62*400 LT,Хабаровск
2025-08-26 14:13:02,Стремянка F4 18*72*200 SZ940-84451 HINO500 Дизель,82,684,Дизель,SZ940-84451,Хабаровск
2025-08-26 14:13:02,Стремянка F4 18*72*360 LT,63,715,Дизель,18*72*360,Хабаровск
2025-08-26 14:13:02,Стремянка F4 18*72*400 LT,187,684,Дизель,18*72*400,Хабаровск
2025-08-26 14:13:02,Стремянка F4 18*72*420 LT,16,897,Дизель,18*72*420,Хабаровск
2025-08-26 14:13:02,Стремянка F4 18*72*440 LT,55,701,Дизель,18*72*440,Хабаровск
2025-08-26 14:13:02,Стремянка F4 18*74*400 D-127358 / 55225-6A600 Дизель,463,810,Дизель,D-127358,Хабаровск
2025-08-26 14:13:02,Стремянка F4 22*92*290 SZ940-84502 HINO700,2,828,Дизель,SZ940-84502,Хабаровск
2025-08-26 14:13:02,Стремянка F5 20*92*205 LT,45,685,Дизель,F5 20*92*205,Хабаровск
2025-08-26 14:13:02,Стремянка F5 24*92*490 LT,35,1331,Дизель,F5 24*92*490,Хабаровск
2025-08-26 14:13:02,Стремянка F5 24*93*300 LT,27,1234,Дизель,24*93*300,Хабаровск
2025-08-26 14:13:02,Стремянка F5 24*93*330 LT,63,1211,Дизель,24*93*330,Хабаровск
2025-08-26 14:13:02,Стремянка F5 24*93*350,89,757,Дизель,F5 24*93*350,Хабаровск
2025-08-26 14:13:02,Стремянка F5 27*93*330 LT,129,1302,Дизель,F5 27*93*330,Хабаровск
2025-08-26 14:13:02,Стремянка F6 24*92*300 LT !,8,723,LT,24*92*300,Хабаровск
2025-08-26 14:13:02,Стремянка F6 24*92*450 LT,24,1496,Дизель,F6 24*92*450,Хабаровск
2025-08-26 14:13:02,Стремянка F6 24*92*490,2,310,Дизель,24*92*490,Хабаровск
2025-08-26 14:13:02,Стремянка F6 27*93*330 LT !,14,1160,LT,F6 27*93*330,Хабаровск
2025-08-26 14:13:02,Стремянка F6 27*93*350 LT !,80,1073,LT,F6 27*93*350,Хабаровск
2025-08-26 14:13:02,Стремянка F6 27*93*380 LT,42,1659,Дизель,F6 27*93*380,Хабаровск
2025-08-26 14:13:02,Стремянка F7 16*118*225 LT MB035256/57/55/MC110396/MB391284,1,552,Дизель,MB035256,Хабаровск
2025-08-26 14:13:02,Стремянка F8 22*82*250 LT !,184,289,LT,F8 22*82*250,Хабаровск
2025-08-26 14:13:02,Стремянка F8 22*92*240 LT,92,709,Дизель,F8 22*92*240,Хабаровск
2025-08-26 14:13:02,Стремянка F8 24*82*380 LT !,14,414,LT,24*82*380,Хабаровск
2025-08-26 14:13:02,Стремянка HINO 500 / / / F4 18x72x200 / 922918105; 92291-8105; 999307320; 9993-07320; 999411419; 9,1,648,Дизель,F4 18*72*200,Хабаровск
2025-08-26 14:13:02,Стремянка зад рессоры 55225-Y3B00 JAC N350 (NON-GENUINE),8,2653,Дизель,55225-Y3B00,Хабаровск
2025-08-26 14:13:02,Стремянка задняя 2912411-71B FAW,4,1989,Дизель,2912411-71B,Хабаровск
2025-08-26 14:13:02,"Стремянка задняя M22*2,5*93*256 2096135 SCANIA L/P/G/R/S",66,859,Дизель,2096135,Хабаровск
2025-08-26 14:13:02,Стремянка М30*95*405 2064010 Scania,78,1787,Дизель,2064010,Хабаровск
2025-08-26 14:13:02,Стремянка передней рессоры D-126957 / 2902411-70 J5 FAW Дизель,27,669,Дизель,D-126957,Хабаровск
2025-08-26 14:13:02,Ступень (металл) лев/прав D-126616 / 810W61510-5187 Sitrak C7H Дизель,2,1931,Дизель,D-126616,Хабаровск
2025-08-26 14:13:02,Ступень 8405300H3P10 JAC N350 (NON-GENUINE),1,1034,Noname,8405300H3P10,Хабаровск
2025-08-26 14:13:02,Ступица зад (не в сборе) HFF3104100CK2BZ2 JAC N350 (NON-GENUINE),1,10667,Дизель,HFF3104100CK2BZ2,Хабаровск
2025-08-26 14:13:02,Ступица зад (не в сборе) HFF3104111CK2BZ2 JAC N350 (NON-GENUINE),1,9050,Дизель,HFF3104111CK2BZ2,Хабаровск
2025-08-26 14:13:02,Ступица заднего моста D-126430 / 1-42311-085-0 / 1-42311-094-0 CXZ51 Дизель,38,11901,Дизель,D-126430,Хабаровск
2025-08-26 14:13:02,Ступица задняя 2201020130 JAC N35 ORIG,1,2567,JAC,2201020130,Хабаровск
2025-08-26 14:13:02,Ступица колеса заднего моста D-125265 / 8-97107-549-1 N-series Дизель,7,7444,Дизель,D-125265,Хабаровск
2025-08-26 14:13:02,Ступица колеса переднего D-128296 / 3103011-4E / 3103011В1Н FAW CA3311 Дизель,16,6679,Дизель,D-128296,Хабаровск
2025-08-26 14:13:02,Ступица передняя WG9112410009 HOWO T5G,4,7096,Дизель,WG9112410009,Хабаровск
2025-08-26 14:13:02,Ступица синхронизатора КПП D-126784 / WG2203100254 HOWO T5G Дизель,15,4637,Дизель,D-126784,Хабаровск
2025-08-26 14:13:02,Стяжка бака WG9925551063 HOWO T5G,2,1138,Дизель,WG9925551063,Хабаровск
2025-08-26 14:13:02,Стяжка груза 4T*50MM*12M,67,1450,Дизель,4T*50MM*12M,Хабаровск
2025-08-26 14:13:02,Суппорт (кронштейн) тормозной задний D-126617 / 3502021-A0E FAW J6 Дизель,4,3775,Дизель,D-126617,Хабаровск
2025-08-26 14:13:02,Суппорт тормозной задний левый (без колодки) MK585111 Fuso Canter TF E-5 SKV,39,8900,SKV,MK585111,Хабаровск
2025-08-26 14:13:02,Суппорт тормозной задний левый (без колодки) MK585113 Fuso Canter TF E-5 SKV,30,8900,SKV,MK585113,Хабаровск
2025-08-26 14:13:02,Суппорт тормозной задний левый HINO300 евро3/4 47850-37010 / 47850-37011 / BS3-E5411-31D0 SKV,314,7950,SKV,47850-37010,Хабаровск
2025-08-26 14:13:02,Суппорт тормозной задний правый (без колодки) MK585112 Fuso Canter TF E-5 SKV,9,8900,SKV,MK585112,Хабаровск
2025-08-26 14:13:02,Суппорт тормозной задний правый (без колодки) MK585114 Fuso Canter TF E-5 SKV,17,8900,SKV,MK585114,Хабаровск
2025-08-26 14:13:02,Суппорт тормозной задний правый HINO300 евро3/4 47830-37010 / 47830-37011 / BS3-E5411-41D0 SKV,356,7950,SKV,47830-37010,Хабаровск
2025-08-26 14:13:02,Суппорт тормозной передний левый 8-98303-466-0 N-series SKV,115,8269,SKV,8-98303-466-0,Хабаровск
2025-08-26 14:13:02,Суппорт тормозной передний левый HINO300 евро3/4 47750-37120 / 47750-37121 / BS3-E5411-11D0 SKV,57,8526,SKV,47750-37120,Хабаровск
2025-08-26 14:13:02,Суппорт тормозной передний правый 8-98303-465-0 N-series SKV,131,8269,SKV,8-98303-465-0,Хабаровск
2025-08-26 14:13:02,Суппорт тормозной передний правый HINO300 евро3/4 47730-37120 / 47730-37121 / BS3-E5411-21D0 SKV,35,9473,SKV,47730-37120,Хабаровск
2025-08-26 14:13:02,Сухарь (ползун) КПП WG2229100022 HOWO T5G,6,890,Дизель,WG2229100022,Хабаровск
2025-08-26 14:13:02,Сухарь вилки переключения передач КПП 60530890 /A9472650349 / T18588 Mercedes/Euroricambi,16,920,Euroricambi,60.53.0890,Хабаровск
2025-08-26 14:13:02,"Сухарь синхронизатора 1-33263-039-0 MJX16P C,E-series ORIG",3,1076,Isuzu,1-33263-039-0,Хабаровск
2025-08-26 14:13:02,"Сухарь синхронизатора 1-33263-041-0 C,E-series ORIG",2,1047,Isuzu,1-33263-041-0,Хабаровск
2025-08-26 14:13:02,Сухарь синхронизатора 5.50144 DieselTechnic,5,102,Diesel Technic,5.50144,Хабаровск
2025-08-26 14:13:02,Тепловой экран 201V08120-0403 HOWO T5G,2,1393,Дизель,201V08120-0403,Хабаровск
2025-08-26 14:13:02,Теплоизолирующий кожух D-128450 / 1204038-71U/A FAW Дизель,2,1477,Дизель,D-128450,Хабаровск
2025-08-26 14:13:02,Теплообменник D-126748 / 61500010334 JAC N350 WP10 E-5 Дизель,2,3402,Дизель,D-126748,Хабаровск
2025-08-26 14:13:02,Термодатчик 25360-43800 Grace !,2,176,Дизель,25360-43800,Хабаровск
2025-08-26 14:13:02,Термостат 0К850-15171А,1,1073,JMC,0К850-15171А,Хабаровск
2025-08-26 14:13:02,Термостат 1-13770-037-0/-1/1-13770-085-0,1,3122,JMC,1-13770-037-0,Хабаровск
2025-08-26 14:13:02,Термостат 1307210FA JAC N56 82°ᶜ Cummins ORIG,4,590,JAC,1307210FA,Хабаровск
2025-08-26 14:13:02,Термостат 612630060894 76°С JAC N350 WP10 E-5 (NON-GENUINE),8,842,Дизель,612630060894,Хабаровск
2025-08-26 14:13:02,Термостат 8-97116-057-0/8-97300-789-0/8-97300-789-1/2/3/8-97167-497-0 ORIG,39,2615,Isuzu,8-97300-789-3,Хабаровск
2025-08-26 14:13:02,Термостат 82° D-127193 / ZB54FW-82P / 8-94392-817-0/8-94397-311-0/8-97602-393-1 Дизель,13,764,Дизель,D-127193,Хабаровск
2025-08-26 14:13:02,Термостат 82гр D-125453/8-97300-790-1 /8-94370-377-2/8-97091-806-0//WV54IA-82 Дизель,7,762,Дизель,D-125453,Хабаровск
2025-08-26 14:13:02,Термостат D-126311 / ZB54HG-82P / 8-94370-377-2/1/ 8-97300-790-1/8-97091-806-0 / 8-97300-790-3 Дизель,77,764,Дизель,D-126311,Хабаровск
2025-08-26 14:13:02,Термостат D-126312 / ZI54HF-85P / 8-94370-378-1/8-97300-787-0/8-97028-690 / 8-97300-787-3/2 Дизель,35,764,Дизель,D-126312,Хабаровск
2025-08-26 14:13:02,Термостат D-126313 / WV48B-82 Toyota DYNATOYOACE 3Y/2Y/5L Дизель,54,463,Дизель,D-126313,Хабаровск
2025-08-26 14:13:02,Термостат D-126317 / WV54-82B/BZB54-82A Nissan TD27/42T Дизель,31,543,Дизель,D-126317,Хабаровск
2025-08-26 14:13:02,Термостат D-126321 / WV64MC-82 MMC 4M51 Дизель,37,635,Дизель,D-126321,Хабаровск
2025-08-26 14:13:02,Термостат D-126322 / WV73-82 DYNA/TOYOACE 2B/3B/4B/15B/1BZ Дизель,36,1092,Дизель,D-126322,Хабаровск
2025-08-26 14:13:02,Термостат D-126325/ZB54I-82/8-97089-891-0/WV54I-82 ISUZU 4JG2 Дизель,18,591,Дизель,D-126325,Хабаровск
2025-08-26 14:13:02,Термостат D-126432/1-13770-089-1/0 CX#/CY#/CV#/EX# ISUZU Дизель,1,2603,Дизель,D-126432,Хабаровск
2025-08-26 14:13:02,Термостат D-126699/WV64IA-85/ZB64HF-85P/8-98017-027-1 4JJ1 N-series Дизель,20,698,Дизель,D-126699,Хабаровск
2025-08-26 14:13:02,Термостат D-126958 / 1306010-29D 3250 J5 FAW Дизель,5,404,Дизель,D-126958,Хабаровск
2025-08-26 14:13:02,Термостат D-127363/8-97602-048-3/0/1/2 FVR34 6HK1 (82 градуса) Дизель,2,890,Дизель,D-127363,Хабаровск
2025-08-26 14:13:02,Термостат QTH104K Grace,1,197,JMC,QTH104K,Хабаровск
2025-08-26 14:13:02,Термостат WV52MA-82 Mazda,15,495,Дизель,WV52MA-82,Хабаровск
2025-08-26 14:13:02,Термостат WV52TA-82 Toyota TOYOACE L,17,550,Дизель,WV52TA-82,Хабаровск
2025-08-26 14:13:02,Термостат WV54-88B Nissan BD30/TD23/TD27/QD32,2,411,Дизель,WV54-88B,Хабаровск
2025-08-26 14:13:02,Термостат WV56-88,1,401,JMC,WV56-88,Хабаровск
2025-08-26 14:13:02,Термостат WV56MC-76.5 MMC 4M40,10,475,Дизель,WV56MC-76.5,Хабаровск
2025-08-26 14:13:02,Термостат WV73-88 DYNA/TOYOACE B/3B/11B/13B/14B/15B/2H,9,983,Дизель,WV73-88,Хабаровск
2025-08-26 14:13:02,Термостат WV78H-76.5/ME999358/9001-46191/21200-97017 HINO J05C Y,13,3382,Yamasida,9001-46191,Хабаровск
2025-08-26 14:13:02,Термостат WV78HB-76.5C / 9001-46203 / SZ910-46027 HINO J05C Y,22,3606,Yamasida,SZ910-46027,Хабаровск
2025-08-26 14:13:02,Термостат ZB52MA-82P/21200-HA301 MAZDA R2/RF JAPAN HKT,20,1052,HKT,ZB52MA-82P,Хабаровск
2025-08-26 14:13:02,Термостат ZB54-88/21200-96062 NISSAN BD30/TD27/NF6T JAPAN HKT,4,761,HKT,ZB54-88,Хабаровск
2025-08-26 14:13:02,Термостат ZB54MA-82/1316-15-171A MAZDA XA/HA/SL/TF JAPAN HKT,3,947,HKT,ZB54MA-82,Хабаровск
2025-08-26 14:13:02,Термостат ZB54MA-88/8AB4-15-171A MAZDA XA/HA/SL/TF JAPAN HKT,27,875,HKT,ZB54MA-88,Хабаровск
2025-08-26 14:13:02,Термостат ZB56MC-76.5P/ME191593/MD317015 MMC 4M40/4D68 JAPAN HKT,4,1067,HKT,ZB56MC-76.5P,Хабаровск
2025-08-26 14:13:02,Термостат ZB73-82/90916-03077 TOYOTA/HINO B/3B/4B/15BF JAPAN HKT,8,1503,HKT,ZB73-82,Хабаровск
2025-08-26 14:13:02,Термостат ZB73-88/90916-03103 TOYOTA/HINO 2B/3B/13B/14B JAPAN HKT,14,1503,HKT,ZB73-88,Хабаровск
2025-08-26 14:13:02,Термостат ZB75MH-76.5/ME015495/ME999217 MMC 4D# JAPAN HKT,21,1933,HKT,ZB75MH-76.5,Хабаровск
2025-08-26 14:13:02,Термостат ZI54MA-88/RF01-99-152A/8AB3-15-171A MAZDA RF JAPAN HKT,6,709,HKT,ZI54MA-88,Хабаровск
2025-08-26 14:13:02,ТНВД D-126622 / 200V11103-7792 MC11 Sitrak C7H Дизель,2,80483,Дизель,D-126622,Хабаровск
2025-08-26 14:13:02,Толкатель клапана D-128017 / 5-12571-003-3 4BD2 N-series Дизель,1,597,Дизель,D-128017,Хабаровск
2025-08-26 14:13:02,Тормозная камера SDC-70101 / MC805570 !,3,6449,Дизель,MC805570,Хабаровск
2025-08-26 14:13:02,Тормозная камера SDC-70106 / MC805571 !,2,7166,Дизель,MC805571,Хабаровск
2025-08-26 14:13:02,Тормозная камера SDC-70107 / MC838567 !,5,6449,Дизель,MC838567,Хабаровск
2025-08-26 14:13:02,Тормозная камера SDC-70324 / 47850-3921 !,2,26342,Дизель,47850-3921,Хабаровск
2025-08-26 14:13:02,Тормозная камера SDC-70324/47850-3921,1,35779,Дизель,SDC-70324/47850-3921,Хабаровск
2025-08-26 14:13:02,Тормозная камера SDC-70325 / 47850-3931 !,2,26342,Дизель,47850-3931,Хабаровск
2025-08-26 14:13:02,Тормозная колодка D-128077/1-47170-326-0 CYZ51K EURO3 6WF1 Дизель,9,6221,Дизель,D-128077,Хабаровск
2025-08-26 14:13:02,Тормозная колодка в сборе HINO\FUSO 91A SW !,1,635,Samwoo,91A,Хабаровск
2025-08-26 14:13:02,Тормозной барабан задний 43512-3020/BD0209 (10 отв) HINO,14,9822,JMC,43512-3020,Хабаровск
2025-08-26 14:13:02,Тормозной диск 273*20*6H MB295968 Canter Y,15,4451,Yamasida,MB295968,Хабаровск
2025-08-26 14:13:02,Тормозной диск 288*24*5H MB334308 Canter SKV,10,2811,SKV,MB334308,Хабаровск
2025-08-26 14:13:02,Тормозной диск 288*24*5H MB334308 Canter Y,2,6020,Yamasida,MB334308,Хабаровск
2025-08-26 14:13:02,Тормозной диск 3212093 TY151/V6-273B/B6980/BD9710 40206-VW000/VW601/5-86130-487-0 E25 F IKT,1,4450,Дизель,40206VW000,Хабаровск
2025-08-26 14:13:02,Тормозной диск 40206-0T301 LP-5544 Nissan Atlas F22/23 Y,33,7979,Yamasida,40206-0T301,Хабаровск
2025-08-26 14:13:02,Тормозной диск 42431-37040 HINO300 XZU417 06~ REAR SKV,102,4734,SKV,42431-37040,Хабаровск
2025-08-26 14:13:02,Тормозной диск 42431-37050 HINO DUTRO #300 DYNA XZU# Y,1,13482,Yamasida,42431-37050,Хабаровск
2025-08-26 14:13:02,Тормозной диск 43512-37080 LP-5540 TOYOTA DYNA/ HINO BU3#WU30#/34/XZU3# 02~,1,11898,Yamasida,43512-37080,Хабаровск
2025-08-26 14:13:02,"Тормозной диск 43512-37090 DYNA/TOYOACE/HINO (BU3#/4#,BZU3#/4#,RZU3#,XZU3#/4# 99~ SKV",111,4666,SKV,43512-37090,Хабаровск
2025-08-26 14:13:02,Тормозной диск 43512-37120 HINO XZU417 06~ FRONT Y,2,8430,Yamasida,43512-37120,Хабаровск
2025-08-26 14:13:02,Тормозной диск D-126623 / 812W50803-0041 Sitrak C7H Дизель,4,9306,Дизель,D-126623,Хабаровск
2025-08-26 14:13:02,Тормозной диск MK584504 rear CANTER FE85 E-4/5 SKV,57,5402,SKV,MK584504,Хабаровск
2025-08-26 14:13:02,Тормозной диск перед D-126624 / WG4071443003 Sitrak C7H Дизель,6,8945,Дизель,D-126624,Хабаровск
2025-08-26 14:13:02,Тормозной диск перед WG4071443003 Sitrak C7H ORIG,28,13229,Howo,WG4071443003,Хабаровск
2025-08-26 14:13:02,Тормозной клапан в сборе D-127855 / HDE-014 / MC821909/1-48460-173-0 FUSO/ISUZU TRUCK HD Дизель,3,1239,Дизель,D-127855,Хабаровск
2025-08-26 14:13:02,Тормозной клапан в сборе HDE-013 / 44520-1010 HINO TRUCK HD !,1,621,Дизель,HDE-013,Хабаровск
2025-08-26 14:13:02,"Тормозной цилиндр 1-47601-087-0 / MC889050 FVR34, CYZ51K EURO3 6WF1 (ISUZU) SKV",133,8946,SKV,1-47601-087-0,Хабаровск
2025-08-26 14:13:02,Тормозной цилиндр 96172274 BS106,1,1536,Дизель,96172274,Хабаровск
2025-08-26 14:13:02,Тормозной цилиндр заднего правого колеса 8-97358-879-0 ориг,1,10126,JMC,8-97358-879-0,Хабаровск
2025-08-26 14:13:02,Тормозные колодки передние 58101-44А10 Grace !,1,626,Дизель,58101-44А10,Хабаровск
2025-08-26 14:13:02,Торсион кабины 1-53450-567-6 CVR/CX#/EX# 96~ ORIG,1,105331,Isuzu,1-53450-567-6,Хабаровск
2025-08-26 14:13:02,Торсион кабины 81.41715.6010 SHACMAN X3000/F3000/2000,1,8490,Дизель,81.41715.6010,Хабаровск
2025-08-26 14:13:02,Торсион кабины D-127194 / 8-98166-029-0 / 8-97261-872-0 NPR75/NQR90 Дизель,2,4401,Дизель,D-127194,Хабаровск
2025-08-26 14:13:02,Трапеция привода дворников NSC094081 R NISSAN UD CONDOR MK/LK 1994-1999 !,3,5769,Дизель,NSC094081,Хабаровск
2025-08-26 14:13:02,Трапеция стеклоочистителя AZ16D474000055 HOWO ORIG,1,13654,Howo,AZ16D474000055,Хабаровск
2025-08-26 14:13:02,Трещетка B-003 47480-1550 RH SH#92~ SS#83-92' FS27#63#84-89' PM,8,5381,Paul Master,HBA-003,Хабаровск
2025-08-26 14:13:02,Трещетка B-003 47490-1090 LH SH#92~ SS#83-92' FS27#63#84-89' PM,5,5381,Paul Master,HBA-003,Хабаровск
2025-08-26 14:13:02,Трещетка B-004/HBA-004/47480-1680 RH HINO700 FU63# FZ63# 88-89' FU2F# FZ1F# 90-92' PM,1,5920,Paul Master,HBA-004,Хабаровск
2025-08-26 14:13:02,Трещетка B-011 44341-90269 RH CKT595 CKT690 CKT98A CKT470 89-00` PM,1,4654,Paul Master,B-011,Хабаровск
2025-08-26 14:13:02,Трещетка B-011 44341-90271 LH CWA595 CWT690 CWT98A RA531 91-00` PM,2,4646,Paul Master,4434190271,Хабаровск
2025-08-26 14:13:02,Трещетка B-019 41028-90163 RH CKT595 CKT690 CKT98A CKT470 89-00` PM,1,3956,Paul Master,UBA-019,Хабаровск
2025-08-26 14:13:02,Трещетка B-020 MC826062 LH FW4# FP4# 91-97` PM,7,4654,Paul Master,FBA-020,Хабаровск
2025-08-26 14:13:02,Трещетка B-021 MC826063 LH FV4# FP4# 91-96` PM !,3,3956,Paul Master,FBA-021,Хабаровск
2025-08-26 14:13:02,Трещетка B-021 MC826064 RH FV4# FP4# 91-96` PM !,2,3956,Paul Master,B-021,Хабаровск
2025-08-26 14:13:02,Трещетка EXR-001/IBA-001 1-48270-046-0 LH 10PE1 6WF1/86~ EXR/EXZ/CVS/CXW/CYW PM,4,5713,Paul Master,IBA-001,Хабаровск
2025-08-26 14:13:02,Трещетка EXR-002/IBA-002 1-48270-043-0 RH 10PE1 6WF1/86~ EXR/EXZ/D/Y PM !,5,5520,Paul Master,IBA-002,Хабаровск
2025-08-26 14:13:02,Трещетка HBA-006/ B-006 47480-1600 LH FU# 84~ FZ1F# 95~ FS/NS27#/63# SH# 84-92` PM,9,5226,Paul Master,HBA-006,Хабаровск
2025-08-26 14:13:02,Трещетка в сборе 47490-1100 L rear HI-EF750/EF550,1,1874,Дизель,47490-1100,Хабаровск
2025-08-26 14:13:02,Трещетка в сборе 47490-1550 R front HI-ZM440/EK100,1,1497,Дизель,47490-1550,Хабаровск
2025-08-26 14:13:02,Трещетка в сборе MC826064 rear MB-FP415/8DC82,1,1871,Дизель,MC826064,Хабаровск
2025-08-26 14:13:02,Трещетка ручная лев.зад.среднего моста F3000 качество Createk,1,2194,JMC,81.50610.6215,Хабаровск
2025-08-26 14:13:02,"Трещетка тормоза перед прав 3519060N5QZ/3501060N5QZ N120 LE359,LE35N JAC ORIG",2,9611,JAC,3519060N5QZ,Хабаровск
2025-08-26 14:13:02,Трещетка тормозная 03.030.8790.000 /A9454200238 Templin !,20,5813,Templin,03.030.8790.000,Хабаровск
2025-08-26 14:13:02,Трещетка тормозная 03.030.8790.009 Templin,5,4752,Templin,03.030.8790.009,Хабаровск
2025-08-26 14:13:02,Трещетка тормозная 03.030.8790.030/ 462248/ A9454200938 / 80030С Mercedes /Templin !,33,7493,Templin,03.030.8790.030,Хабаровск
2025-08-26 14:13:02,Трещетка тормозная 57877/ 462249 / A9454200438 /80014C Mercedes / Auger,2,6343,Auger,57877,Хабаровск
2025-08-26 14:13:02,Трещетка тормозная A9454200938SKV/80030C/462248/A9454200938 / 03.030.8790.030 Mercedes/Haldex SKV,18,4467,SKV,A9454200938SKV,Хабаровск
2025-08-26 14:13:02,Трещетка тормозная CK8363 переднего моста SHACMAN Createk,1,2452,Дизель,DZ9112440094,Хабаровск
2025-08-26 14:13:02,Трещетка тормозная D-127595 / A9454200438 / 80014C/ 462249 / 57877 Mercedes / Haldex к ! Дизель,52,2905,Дизель,D-127595,Хабаровск
2025-08-26 14:13:02,Трещетка тормозная J6 заднего моста левая качество Createk,1,2565,JMC,3502205A483,Хабаровск
2025-08-26 14:13:02,Трещетка тормозная J6 заднего моста правая качество Createk,1,2565,JMC,3502210A483,Хабаровск
2025-08-26 14:13:02,Трещетка тормозная автоматическая левая 01631750A PE,1,7130,Pe Automotive,016.317-50A,Хабаровск
2025-08-26 14:13:02,Трещетка тормозная автоматическая левая 462246/A9454200138 /80009C/01631750A Mercedes/DieselTechn !,2,4999,Diesel Technic,4.62246,Хабаровск
2025-08-26 14:13:02,Трещетка тормозная автоматическая левая 462247 DieselTechnic,3,7803,Diesel Technic,4.62247,Хабаровск
2025-08-26 14:13:02,Трещетка тормозная автоматическая левая 462247/57878/ 01631650A/ A9454200038/80008C Mercedes/TEMPLIN,2,6151,Templin,03.030.8790.008,Хабаровск
2025-08-26 14:13:02,Трещетка тормозная зад 58350-7C000 Hyundai HD260,8,4209,Дизель,58350-7C000,Хабаровск
2025-08-26 14:13:02,Трещетка тормозная задняя левая WYT9100340056 /WG9100340056 / CK9100340056,8,1559,Дизель,WG9100340056,Хабаровск
2025-08-26 14:13:02,Трещетка тормозная задняя правая WYT9100340057 /WG9100340057 / CK9100340057,6,1559,Дизель,WG9100340057,Хабаровск
2025-08-26 14:13:02,Трещетка тормозная перед 58150-8C800 Hyundai HD260,17,4442,Дизель,58150-8C800,Хабаровск
2025-08-26 14:13:02,Трещетка тормозная перед 58250-8C800 Hyundai HD260,12,4442,Дизель,58250-8C800,Хабаровск
2025-08-26 14:13:02,Трещетка тормозная перед D-128089/S4749-01260 HINO 700 E-5 Дизель,1,4536,Дизель,D-128089,Хабаровск
2025-08-26 14:13:02,Трещетка тормозная переднего моста качество Createk,1,1859,JMC,AZ9100440005,Хабаровск
2025-08-26 14:13:02,Трещетка тормозная правая 03.030.8790.001/A9454200338 / 0135056 / 461589 / 57881 Templin !,11,10057,Templin,03.030.8790.001,Хабаровск
2025-08-26 14:13:02,Трещетка тормозного цилиндра 8-97358-880-0/876-0 A M12x1.5 ISUZU Y,182,495,Yamasida,8-97358-880-0.A,Хабаровск
2025-08-26 14:13:02,Трещетка тормозного цилиндра 8-97358-881-0 A M12x1.5 ISUZU Y,24,476,Yamasida,8-97358-881-0.A,Хабаровск
2025-08-26 14:13:02,Трещетка тормозного цилиндра LH 8-97349-737-0/8-97550-983-0 N-series ORIG,33,1489,Isuzu,8-97349-737-0,Хабаровск
2025-08-26 14:13:02,Трещетка тормозного цилиндра MK356639/MC112604 A M12x1.5 L FUSO CANTER Y,9,449,Yamasida,MK356639.A,Хабаровск
2025-08-26 14:13:02,"Трещеточный поршень тормозного цилиндра 8-98081-285-0 L NLR/NMR55,85 ORIG",3,1702,Isuzu,8-98081-285-0,Хабаровск
2025-08-26 14:13:02,Трос акселератора D-126158 / 18190-Z5001 NISSAN CL/CM390/850 84~ 2400mm Дизель,27,814,Дизель,D-126158,Хабаровск
2025-08-26 14:13:02,Трос акселератора D-126164 / MC025797 / MC025792 MMC FP/FT/FS/FU/FV411-19 RHD 2040mm Дизель,1,780,Дизель,D-126164,Хабаровск
2025-08-26 14:13:02,Трос акселератора D-126166 / 1-23210-744-3 ISUZU FRD/FRR/FSR/FTR RHD 85~ Дизель,11,1409,Дизель,D-126166,Хабаровск
2025-08-26 14:13:02,Трос акселератора D-126169 / 1-23210-977-0/2 ISUZU FSR/FTR/FVR RHD 92~ FSR BUS LHD 96~ 2551mm Дизель,7,1152,Дизель,D-126169,Хабаровск
2025-08-26 14:13:02,Трос акселератора ISUZU 1-23210-527-0 FSR11/12/FTR11/12 1984-,41,956,Дизель,1-23210-527-0,Хабаровск
2025-08-26 14:13:02,"Трос акселератора ISUZU 9CZ8054/8-97853-058-1 L=439 N,Q-series TSK",3,1970,TSK,9CZ8054,Хабаровск
2025-08-26 14:13:02,Трос акселератора ISUZU D-126168 / 1-73998-940-6 FSR/FTR/FVR/FRD RHD 96~ L=2939 Дизель,27,1226,Дизель,D-126168,Хабаровск
2025-08-26 14:13:02,Трос акселератора MMC D-126163 / MC064205/MC025790 FP415 LHD FW419/29/44/45/49 RHD L=2040 Дизель,36,885,Дизель,D-126163,Хабаровск
2025-08-26 14:13:02,Трос акселератора MMC MC064207/025791 FN428/FP/FT/FS418/FS/FU478 RHD L=3015,17,716,Дизель,MC064207,Хабаровск
2025-08-26 14:13:02,Трос акселератора NISSAN 18190-00Z00 CW520,16,949,Дизель,18190-00Z00,Хабаровск
2025-08-26 14:13:02,Трос акселератора NISSAN 18190-Z1060 CV/LG/LV870 86~ L=3250,5,732,Дизель,18190-Z1060,Хабаровск
2025-08-26 14:13:02,Трос акселератора NISSAN D-126160/18190-00Z01 CK/CW400/470/490 89~ L=2700 Дизель,39,777,Дизель,D-126160,Хабаровск
2025-08-26 14:13:02,Трос акселератора NISSAN D-128170/9NA8227/18201-2T802 F23 L=2100mm Дизель,55,527,Дизель,D-128170,Хабаровск
2025-08-26 14:13:02,Трос газа ACC H01 S7802-51071,17,712,Дизель,S7802-51071,Хабаровск
2025-08-26 14:13:02,Трос газа ACC H04 S7801-56804B,24,967,Дизель,S7801-56804B,Хабаровск
2025-08-26 14:13:02,Трос газа ACC IS01 ISUZU CXM 2410mm,8,1026,Дизель,ACCIS01,Хабаровск
2025-08-26 14:13:02,Трос газа ACC IS02 / D-126154 / 1-23210-907-2 ISUZU CXM/CXZ72 1730mm Дизель,34,1012,Дизель,D-126154,Хабаровск
2025-08-26 14:13:02,"Трос газа ACC M01 FIGHTER, CXM 3500mm",9,1093,Дизель,ACCM01,Хабаровск
2025-08-26 14:13:02,Трос газа D-126152 / MC443210 / MK573063 ACC M02 2900mm Дизель,11,910,Дизель,D-126152,Хабаровск
2025-08-26 14:13:02,Трос газа D-126153 / 8-97167-702-1 / 9CZ8017 ELF NKR ACC IS04 2900mm Дизель,28,1012,Дизель,D-126153,Хабаровск
2025-08-26 14:13:02,Трос газа D-126155 / 78025-4170 / 4RA1829 HINO ACC H06 FS/FR Дизель,27,901,Дизель,D-126155,Хабаровск
2025-08-26 14:13:02,Трос газа D-127846 / 4RA1231 / 78015-7492 / 78025-3630 ACC H02 вилка-пятак 2600mm Дизель,3,886,Дизель,D-127846,Хабаровск
2025-08-26 14:13:02,Трос газа D-127848 / S7802-54180A / 78015-5301/5302 / 78025-4160 ACC H05 Дизель,24,1108,Дизель,D-127848,Хабаровск
2025-08-26 14:13:02,Трос газа D-127849 / MC427073 / 4GA0356 FUSO ACC M03 вилка-боченок 3012mm Дизель,15,1091,Дизель,D-127849,Хабаровск
2025-08-26 14:13:02,Трос газа D-128467 / DZ9100575005 L=2800 SHACMAN Дизель,2,522,Дизель,D-128467,Хабаровск
2025-08-26 14:13:02,Трос газа MMC 4GA1176/MC081120 Canter FD501B TSK,1,863,TSK,4GA1176,Хабаровск
2025-08-26 14:13:02,Трос газа MMC(CANTER) D-127824 / 4GA1044 / MC064417 Дизель,39,501,Дизель,D-127824,Хабаровск
2025-08-26 14:13:02,Трос газа MMC(CANTER) D-128171 / 4GA1045 / MC064418 Дизель,76,458,Дизель,D-128171,Хабаровск
2025-08-26 14:13:02,Трос газа TOYOTA 4TA2490/78150-25072 Dyna LY161 TSK,1,1667,TSK,4TA2490,Хабаровск
2025-08-26 14:13:02,Трос газа крановой установки-манипулятора / ACF 100 / 1000mm Zevs,1,1694,Zevs,SZ311-01049/9828-01203/H3079,Хабаровск
2025-08-26 14:13:02,Трос газа крановой установки-манипулятора ACF 50/500 mm вилка-резьба М,1,1023,JMC,ACF 50/500,Хабаровск
2025-08-26 14:13:02,Трос капота 8401200W5000 JAC N35 ORIG,2,203,JAC,8401200W5000,Хабаровск
2025-08-26 14:13:02,Трос КПП 1703030LE740 N120 LE35N JAC ORIG,1,3899,JAC,1703030LE740,Хабаровск
2025-08-26 14:13:02,Трос КПП 1703040LE359 N120 JAC ORIG,2,4095,JAC,1703040LE359,Хабаровск
2025-08-26 14:13:02,Трос КПП 1703040LE740 N120 LE35N JAC ORIG,2,4576,JAC,1703040LE740,Хабаровск
2025-08-26 14:13:02,Трос КПП D-126094 / 34560-30Z63 NISSAN LK/MK/PK210/250 92~ Дизель,19,2737,Дизель,D-126094,Хабаровск
2025-08-26 14:13:02,Трос КПП D-126096 / 4UT1004 / 34560-Z5065 NISSAN CM87 UD Дизель,89,2421,Дизель,D-126096,Хабаровск
2025-08-26 14:13:02,Трос КПП D-126108 / 8-98202-902-1 / 4CT3217 ISUZU ELF NQR90 3200mm Дизель,38,1281,Дизель,D-126108,Хабаровск
2025-08-26 14:13:02,Трос КПП D-126112 / 8-98090-396-4/4CT2674/1709G63 FSR90 LHD 3150mm (K) Дизель,28,1736,Дизель,D-126112,Хабаровск
2025-08-26 14:13:02,Трос КПП D-126114 / 33820-37M10 / 4RT2057 HINO 300 2960mm Дизель,132,1368,Дизель,D-126114,Хабаровск
2025-08-26 14:13:02,Трос КПП D-126117 / 8-98025-439-3 / 8-98146-878-0 / 4CT2523 NPR75 Дизель,32,1236,Дизель,D-126117,Хабаровск
2025-08-26 14:13:02,Трос КПП D-126118 / 8-98248-332-0 / 4CT3476 / 1709G66 FVR34 LHD Дизель,19,1736,Дизель,D-126118,Хабаровск
2025-08-26 14:13:02,Трос КПП D-126130 / 34560-30Z67 GC N03 Дизель,24,2852,Дизель,D-126130,Хабаровск
2025-08-26 14:13:02,Трос КПП D-127825 / 4AT0419 / W207-46-510C MAZDA TITAN 4WGLAT/WGFAT Дизель,35,1343,Дизель,D-127825,Хабаровск
2025-08-26 14:13:02,Трос КПП D-127826 / 4AT1019 / W383-46-510C MAZDA TITAN Дизель,75,1376,Дизель,D-127826,Хабаровск
2025-08-26 14:13:02,Трос КПП D-127827 / 33820-37M70 / 4RT2055 / 4RT1797 / 1709G71 HINO 300 3100mm Дизель,21,1302,Дизель,D-127827,Хабаровск
2025-08-26 14:13:02,Трос КПП D-127828 / 4UT1190 / 34560-30Z68 NISSAN UD Дизель,41,1510,Дизель,D-127828,Хабаровск
2025-08-26 14:13:02,Трос КПП D-128172 / 4CT1585 / 8-97176-467-0/8-97035-756-4/8-97035-756-3/GCIS05 NKR/NPR Дизель,80,1251,Дизель,D-128172,Хабаровск
2025-08-26 14:13:02,Трос КПП GC IS01 2715mm universal,31,4500,Дизель,GCIS01,Хабаровск
2025-08-26 14:13:02,Трос КПП GC IS02 2815mm universal,36,3307,Дизель,GC IS02,Хабаровск
2025-08-26 14:13:02,Трос КПП GC IS03 8-97088-190-0 NPR,17,3707,Дизель,8-97088-190-0,Хабаровск
2025-08-26 14:13:02,Трос КПП GC IS04 / D-126099 / 1-33670-288-0/4CT1180 3180mm Дизель,13,6725,Дизель,D-126099,Хабаровск
2025-08-26 14:13:02,Трос КПП GC IS05 / D-126093 / 8-97035-756-4/8-97065-166-4 NKR/NPR Дизель,41,3561,Дизель,D-126093,Хабаровск
2025-08-26 14:13:02,Трос КПП GC IS3170 ISUZU FORWARD 3170mm,15,2337,Дизель,GCIS3170,Хабаровск
2025-08-26 14:13:02,Трос КПП GC M01 D-126124 / MC433471/ME693656 FK617/618/FM/FL618 Дизель,24,2662,Дизель,D-126124,Хабаровск
2025-08-26 14:13:02,Трос КПП GC M03 ME693371 FK618,19,5524,Дизель,ME693371,Хабаровск
2025-08-26 14:13:02,Трос КПП GC MZ01 universal 2460mm,35,2852,Noname,GCMZ01,Хабаровск
2025-08-26 14:13:02,Трос КПП GC MZ02 universal,36,2829,Noname,GCMZ02,Хабаровск
2025-08-26 14:13:02,Трос КПП GC N04/GC N03 3150mm,6,3106,Дизель,GCN04,Хабаровск
2025-08-26 14:13:02,Трос КПП GC N05/34413-6T500 QD32,2,8363,Дизель,34413-6T500,Хабаровск
2025-08-26 14:13:02,Трос КПП GC T01 33820-37862 !,8,3984,Дизель,33820-37862,Хабаровск
2025-08-26 14:13:02,Трос КПП ISUZU 1-33660-297-1 FRD/FRR 85~ L=2968mm !,46,2669,Дизель,1-33660-297-1,Хабаровск
2025-08-26 14:13:02,Трос КПП ISUZU 1-33660-298-1 FRD/FRR 85~ L=2970mm,19,1688,Дизель,1-33660-298-1,Хабаровск
2025-08-26 14:13:02,Трос КПП ISUZU 4CT2675/8-98090-397-5 L=3300 FORWARD FSR90 TSK,1,4237,TSK,4CT2675,Хабаровск
2025-08-26 14:13:02,Трос КПП ISUZU 4CT3217/8-98202-902-1 L=3200 ELF NQR90 TSK,6,6686,TSK,4CT3217,Хабаровск
2025-08-26 14:13:02,Трос КПП ISUZU 8-97088-195-0 NPR 4BD1/BD2/T,27,3199,Дизель,8-97088-195-0,Хабаровск
2025-08-26 14:13:02,Трос КПП ISUZU D-126125 / 8-97089-986-3/4 NKR/NHR LHD 94~ L=2540 Дизель,11,2092,Дизель,D-126125,Хабаровск
2025-08-26 14:13:02,Трос КПП MMC 4GT1098/MC124792 Canter FE668 TSK,1,3020,TSK,4GT1098,Хабаровск
2025-08-26 14:13:02,Трос КПП MMC D-126136 / MC643535 FK616 RHD 3287mm Дизель,35,2489,Дизель,D-126136,Хабаровск
2025-08-26 14:13:02,Трос КПП NISSAN 4UT1192 / 34560-30Z70/34570-30Z71 UD (K),1,1092,Дизель,34560-30Z70,Хабаровск
2025-08-26 14:13:02,Трос КПП TOYOTA D-126138 / 33820-0W012 BU3#/WU30#/ZXU3# 02~ Дизель,39,2942,Дизель,D-126138,Хабаровск
2025-08-26 14:13:02,Трос КПП TOYOTA D-128173/4TT1154/33820-37141 BU12# Дизель,78,1429,Дизель,D-128173,Хабаровск
2025-08-26 14:13:02,Трос остановки двигателя D-127851 / 78403-1620A HINO FD/GD16#/16T#/17#/SD/FT17# 83~ Дизель,26,820,Дизель,D-127851,Хабаровск
2025-08-26 14:13:02,Трос остановки двигателя HINO D-128174 / 4RZ1133 /S7801-82772/78018-2772 FD1j FD2j 2230mm Дизель,49,848,Дизель,D-128174,Хабаровск
2025-08-26 14:13:02,Трос отбора мощности L-1000,19,1138,Дизель,L-1000,Хабаровск
2025-08-26 14:13:02,Трос отбора мощности L-1200,6,1993,Дизель,L-1200,Хабаровск
2025-08-26 14:13:02,Трос отбора мощности L-1500,26,1331,Noname,L-1500,Хабаровск
2025-08-26 14:13:02,Трос отбора мощности L-2000,2,1516,Дизель,L-2000,Хабаровск
2025-08-26 14:13:02,Трос отбора мощности L-2500,5,1537,Дизель,L-2500,Хабаровск
2025-08-26 14:13:02,Трос отбора мощности L-3000,18,1679,Дизель,L-3000,Хабаровск
2025-08-26 14:13:02,Трос отбора мощности L-3200 / UU,37,1857,Дизель,L-3200,Хабаровск
2025-08-26 14:13:02,Трос отбора мощности L-3500,3,1933,Дизель,L-3500,Хабаровск
2025-08-26 14:13:02,Трос отбора мощности L-3800,8,2273,Дизель,L-3800,Хабаровск
2025-08-26 14:13:02,Трос отбора мощности L-4200,11,1514,Дизель,L-4200,Хабаровск
2025-08-26 14:13:02,Трос отбора мощности L-4500,16,2057,Noname,L-4500,Хабаровск
2025-08-26 14:13:02,Трос отбора мощности L-4800,2,3361,Дизель,L-4800,Хабаровск
2025-08-26 14:13:02,Трос отбора мощности L-5200,9,1766,Дизель,L-5200,Хабаровск
2025-08-26 14:13:02,Трос отбора мощности L-5300,12,3816,Дизель,L-5300,Хабаровск
2025-08-26 14:13:02,Трос отбора мощности L-5500,14,2465,Дизель,L-5500,Хабаровск
2025-08-26 14:13:02,Трос отбора мощности L-5800,17,1565,Дизель,L-5800,Хабаровск
2025-08-26 14:13:02,Трос отбора мощности L-6000,18,2803,Дизель,L-6000,Хабаровск
2025-08-26 14:13:02,Трос отбора мощности PTO1-A-40 L-4000,5,3205,Дизель,PTO1-A-40,Хабаровск
2025-08-26 14:13:02,Трос переключения передач 33820-E0Y00/4RT2130 HINO 500 GD8J TSK,1,6116,TSK,4RT2130,Хабаровск
2025-08-26 14:13:02,Трос переключения передач 8-97258-995-2 4CT1960 TSK,1,4360,TSK,4CT1960,Хабаровск
2025-08-26 14:13:02,Трос переключения передач 8-97307-916-1/4CT1917 TSK !,3,5527,TSK,4CT1917,Хабаровск
2025-08-26 14:13:02,Трос переключения передач 8-97350-430-0/4CT2017 TSK,1,3566,TSK,4CT2017,Хабаровск
2025-08-26 14:13:02,Трос переключения передач 8-97350-436-0/4CT2023 (K),72,1604,Дизель,8-97350-436-0,Хабаровск
2025-08-26 14:13:02,Трос переключения передач 8-97350-436-0/4CT2023 TSK,28,3238,TSK,4CT2023,Хабаровск
2025-08-26 14:13:02,Трос переключения передач 8-98009-296-1/8-98146-853-0/4CT2298 TSK,18,5987,TSK,4CT2298,Хабаровск
2025-08-26 14:13:02,Трос переключения передач 8-98146-848-0/8-97350-435-1/4CT2022 TSK,3,5744,TSK,4CT2022,Хабаровск
2025-08-26 14:13:02,Трос переключения передач D-126111/8-98146-848-0/8-97350-435-1/4CT2022 Дизель,12,1736,Дизель,D-126111,Хабаровск
2025-08-26 14:13:02,Трос переключения передач D-128087/8-98021-700-2/4CT2532 L=3165 NLR85/NMR85 Дизель,2,1373,Дизель,D-128087,Хабаровск
2025-08-26 14:13:02,Трос РТО 3-30 3000 мм,3,2175,Дизель,РТО3-30,Хабаровск
2025-08-26 14:13:02,Трос ручного тормоза D-126089 / 4NB1026 /36531-3T101 Nissan F23 2040mm Дизель,82,1102,Дизель,D-126089,Хабаровск
2025-08-26 14:13:02,Трос ручного тормоза D-126090 / MC125132 / MK399484 / 9VB9012 HBC M03 FE516/637/648 2900mm Дизель,36,2212,Дизель,D-126090,Хабаровск
2025-08-26 14:13:02,Трос ручного тормоза D-126091 / 9CB8016 / 8-97063-113-6/2/3/4/5 ISUZU NPR/NQR 94-98 Дизель,72,1049,Дизель,D-126091,Хабаровск
2025-08-26 14:13:02,Трос ручного тормоза D-126097 / 4RB1157 / S4640-21973B HBC H02 4445mm Дизель,14,2929,Дизель,D-126097,Хабаровск
2025-08-26 14:13:02,Трос ручного тормоза D-126098 / 1-46151-391-0 / 1-46151-391-5 ISUZU GIGA CVS/CVR 89-00 5360mm Дизель,14,3703,Дизель,D-126098,Хабаровск
2025-08-26 14:13:02,Трос ручного тормоза D-126122 / 1-46151-585-3 / 4CB1185 HBC IS04 4300mm Дизель,30,4114,Дизель,D-126122,Хабаровск
2025-08-26 14:13:02,Трос ручного тормоза D-126126 / 1-79996-197-6 HBC 105 CXH 4700мм Дизель,14,4073,Дизель,D-126126,Хабаровск
2025-08-26 14:13:02,Трос ручного тормоза D-126140 / S4610-19203A / 464016081 HBC H01 4250mm Дизель,14,3072,Дизель,D-126140,Хабаровск
2025-08-26 14:13:02,Трос ручного тормоза D-126146 / 46401-7960A HINO FR/FP27#/2K#/FS/NS27#/FS/FR33# 85~ ! Дизель,28,3068,Дизель,D-126146,Хабаровск
2025-08-26 14:13:02,Трос ручного тормоза D-126147 / 78405-2570A HINO FH/FN/FR/FS/FW 85~ 2800mm Дизель,23,1125,Дизель,D-126147,Хабаровск
2025-08-26 14:13:02,Трос ручного тормоза D-127829 / 4GB1174 / MC063245 MMC FK628 Дизель,174,2355,Дизель,D-127829,Хабаровск
2025-08-26 14:13:02,Трос ручного тормоза D-127852 / MC039831 HBC M01 MMC FIGHTER Дизель,26,2997,Дизель,D-127852,Хабаровск
2025-08-26 14:13:02,Трос ручного тормоза D-128175/4UB1033/36402-0T003 Nissan H41 Дизель,77,1227,Дизель,D-128175,Хабаровск
2025-08-26 14:13:02,Трос ручного тормоза HBC IS03 ISUZU CXM,8,4324,Дизель,1-46151-339-1,Хабаровск
2025-08-26 14:13:02,Трос ручного тормоза HBC M02 D-126141 / MC039833/4GB0573 MMC FU/FV 5100mm Дизель,34,3459,Дизель,D-126141,Хабаровск
2025-08-26 14:13:02,Трос ручного тормоза HBC M04 D-126142 / MB334240 FG# 3108mm Дизель,5,1674,Дизель,D-126142,Хабаровск
2025-08-26 14:13:02,Трос ручного тормоза HBC M05 MC117384 FG# 3351mm,11,1804,Дизель,MC117384,Хабаровск
2025-08-26 14:13:02,Трос ручного тормоза HBC101 36150-01Z65,18,3484,Дизель,36150-01Z65,Хабаровск
2025-08-26 14:13:02,Трос ручного тормоза HBC102 MC416954,35,4107,Дизель,MC416954,Хабаровск
2025-08-26 14:13:02,Трос ручного тормоза HBC103 / D-126123 / MC433479 / MC081710 Дизель,18,2772,Дизель,D-126123,Хабаровск
2025-08-26 14:13:02,Трос ручного тормоза HINO 46401-6071A FS/NS27#/SD/GD/FT17# 83~,25,2571,Дизель,46401-6071,Хабаровск
2025-08-26 14:13:02,"Трос ручного тормоза ISUZU 8-94110-318-6 NKR LHD 84-95` 122"" !",15,757,Дизель,8-94110-318-6,Хабаровск
2025-08-26 14:13:02,Трос ручного тормоза ISUZU D-126121 / 1-79996-343-3 CXM/CXZ 96~ LHD шпил-ухо 5540mm Дизель,11,2496,Дизель,D-126121,Хабаровск
2025-08-26 14:13:02,Трос ручного тормоза ISUZU D-126149 / 8-97045-841-0 ELF NPR 90-95 2900mm Дизель,5,1955,Дизель,D-126149,Хабаровск
2025-08-26 14:13:02,Трос ручного тормоза ISUZU D-128176/9CB8078/8-97063-114-6/2/3/4/5 NPR/NQR 94-98 Дизель,33,1078,Дизель,D-128176,Хабаровск
2025-08-26 14:13:02,Трос ручного тормоза MAZDA 4RB0853 D-126086 /BM711-60807/W220-44-160 940mm Дизель,7,913,Дизель,D-126086,Хабаровск
2025-08-26 14:13:02,Трос ручного тормоза MMC D-128177/4GB0490/MC419265 Дизель,89,2508,Дизель,D-128177,Хабаровск
2025-08-26 14:13:02,Трос ручного тормоза MMC MB390960 FB431/FE331/431/441 2240mm LHD,49,905,Дизель,MB390960,Хабаровск
2025-08-26 14:13:02,Трос ручного тормоза MMC MC022656-9F30 8DC9 FV413,34,2286,Дизель,MC022656,Хабаровск
2025-08-26 14:13:02,Трос ручного тормоза NISSAN 4RB1184/BN840-60702 ATLAS H413 TSK,1,1083,TSK,4RB1184,Хабаровск
2025-08-26 14:13:02,Трос ручного тормоза NISSAN D-128178/4RB1184/BN840-60702/36450-0T301 ATLAS H413 Дизель,56,989,Дизель,D-128178,Хабаровск
2025-08-26 14:13:02,Трос ручного тормоза TOYOTA 4TB1168/46430-37090 BU212 DYNA TSK,1,1315,TSK,4TB1168,Хабаровск
2025-08-26 14:13:02,Трос спидометра D-127335 / SC40 4000mm 3.8mm Дизель,25,1226,Дизель,D-127335,Хабаровск
2025-08-26 14:13:02,Трос спидометра D-127337 / SC45 4500mm 3.8mm Дизель,15,1157,Дизель,D-127337,Хабаровск
2025-08-26 14:13:02,Трос спидометра ISUZU 1-83124-133-0 FRR/FSR/FTR RHD/LHD 96~ L=400 !,11,422,Дизель,1-83124-133-0,Хабаровск
2025-08-26 14:13:02,Трос спидометра MMC 9VI0030/MH011212 Canter FK4# TSK,15,2552,TSK,9VI0030,Хабаровск
2025-08-26 14:13:02,Трос спидометра MMC 9VI0039/MB302691 Canter FG538G/FE507(N1) L=750mm TSK,12,697,TSK,9VI0039,Хабаровск
2025-08-26 14:13:02,Трос спидометра MMC MH011054 MS713/15/16/25/26 RHD L=6950 !,42,806,Дизель,MH011054,Хабаровск
2025-08-26 14:13:02,Трос спидометра SC37 3700mm 3.8mm,2,1189,Дизель,SC37,Хабаровск
2025-08-26 14:13:02,Трос спидометра SC50 5000mm 3.8mm,29,1294,Дизель,SC50,Хабаровск
2025-08-26 14:13:02,Трос спидометра SC55 5500mm 3.8mm,32,1067,Дизель,SC55,Хабаровск
2025-08-26 14:13:02,Трос спидометра SC60 6000mm 3.8mm,6,1206,Дизель,SC60,Хабаровск
2025-08-26 14:13:02,Трос спидометра TOYOTA 83710-0W010/0W030 BU3#/WU30#/34#/XZU3# 02~,17,2221,Дизель,83710-0W030,Хабаровск
2025-08-26 14:13:02,Трос спидометра TOYOTA 9TI0063/83710-37230 Dyna BU211/221 TSK,2,2330,TSK,9TI0063,Хабаровск
2025-08-26 14:13:02,Трос стоячного тормоза D-127830/8-97350-534-0/9СB8144 Дизель,186,1092,Дизель,D-127830,Хабаровск
2025-08-26 14:13:02,Трос управления D-125141 / 1-38319-005-0 CX#/CY#/CV#/EX# Дизель,3,1681,Дизель,D-125141,Хабаровск
2025-08-26 14:13:02,Трос управления D-126115 / 1-38319-005-0 CX#/CY#/CV#/EX# Дизель,2,1667,Дизель,D-126115,Хабаровск
2025-08-26 14:13:02,Тросик газа WG9100576009 Howo,2,205,Дизель,WG9100576009,Хабаровск
2025-08-26 14:13:02,Тросик КПП WG9725240008/2 Howo,4,500,Howo,WG9725240008/2,Хабаровск
2025-08-26 14:13:02,Тросик КПП WG9725240113/2 Howo,9,340,Howo,WG9725240113/2,Хабаровск
2025-08-26 14:13:02,Тросс КПП WG9900243301 HOWO T5G,2,1351,Дизель,WG9900243301,Хабаровск
2025-08-26 14:13:02,Труба 8-98036-533-1 4HK1-TC N-series ORIG,1,3812,Isuzu,8-98036-533-1,Хабаровск
2025-08-26 14:13:02,Труба впускного коллектора 8-97041-721-1 ORIG,1,9110,Isuzu,8-97041-721-1,Хабаровск
2025-08-26 14:13:02,Трубка 200V06302-0642 HOWO T5G,4,2036,Дизель,200V06302-0642,Хабаровск
2025-08-26 14:13:02,Трубка 202V09411-0870 HOWO T5G,2,5251,Дизель,202V09411-0870,Хабаровск
2025-08-26 14:13:02,Трубка блока масл фильтра D-126790 / 200V98182-0091 HOWO T5G Дизель,12,369,Дизель,D-126790,Хабаровск
2025-08-26 14:13:02,Трубка водяной помпы 8-94396-180-0 N-series,5,1255,Дизель,8-94396-180-0,Хабаровск
2025-08-26 14:13:02,Трубка возвратная компрессора 3509020A614-0435 FAW,5,2771,Дизель,3509020A614-0435,Хабаровск
2025-08-26 14:13:02,Трубка впускная компрессора 3509030A671-0382 FAW,10,717,Дизель,3509030A671-0382,Хабаровск
2025-08-26 14:13:02,Трубка впускная компрессора 3509050-29D FAW,11,1240,Дизель,3509050-29D,Хабаровск
2025-08-26 14:13:02,Трубка вставная 200V98182-0026 HOWO T5G,4,1100,Дизель,200V98182-0026,Хабаровск
2025-08-26 14:13:02,Трубка вставная 200V98182-0050 HOWO T5G,4,784,Дизель,200V98182-0050,Хабаровск
2025-08-26 14:13:02,Трубка высок. давл. на форсунки VG1560080278 Howo,2,518,Дизель,VG1560080278,Хабаровск
2025-08-26 14:13:02,Трубка гидравлическая 1042060FD020 JAC N35 ORIG,1,3015,JAC,1042060FD020,Хабаровск
2025-08-26 14:13:02,Трубка компрессора 612600130326 JAC N350 WP10 E-5 (NON-GENUINE),1,1144,Дизель,612600130326,Хабаровск
2025-08-26 14:13:02,Трубка компрессора 612640030025 JAC N350 WP10 E-5 (NON-GENUINE),1,1941,Дизель,612640030025,Хабаровск
2025-08-26 14:13:02,Трубка компрессора воздушного 8-98132-662-0 (OUT) 4HK1 N-series ORIG,1,2750,Isuzu,8-98132-662-0,Хабаровск
2025-08-26 14:13:02,Трубка масляная 200V01802-5573 HOWO T5G,4,2036,Дизель,200V01802-5573,Хабаровск
2025-08-26 14:13:02,Трубка масляная 200V05701-0374 HOWO T5G,4,879,Дизель,200V05701-0374,Хабаровск
2025-08-26 14:13:02,Трубка масляная 200V98182-0092 HOWO T5G,7,502,Дизель,200V98182-0092,Хабаровск
2025-08-26 14:13:02,Трубка наддувочного воздуха 201V09411-5175 HOWO T5G,5,7937,Дизель,201V09411-5175,Хабаровск
2025-08-26 14:13:02,Трубка обратки турбины 1118080A263 FAW,6,1616,Дизель,1118080A263,Хабаровск
2025-08-26 14:13:02,Трубка ОЖ 202V06303-5846 HOWO T5G,8,690,Дизель,202V06303-5846,Хабаровск
2025-08-26 14:13:02,Трубка охлажд. жидкости металл 200V06303-5534 HOWO T5G,8,502,Дизель,200V06303-5534,Хабаровск
2025-08-26 14:13:02,"Трубка пластиковая PA11 12x1,5мм A0009872827 / 0492519146/986012 Mercedes ориг !",9,86,JMC,A0009872827,Хабаровск
2025-08-26 14:13:02,Трубка подачи масла в турбину 201V05702-2913 HOWO T5G MC11,8,825,Дизель,201V05702-2913,Хабаровск
2025-08-26 14:13:02,Трубка подачи масла на турбину VG1560070010 (H),5,296,Howo,VG1560070010,Хабаровск
2025-08-26 14:13:02,Трубка радиатора верхняя 25411-43011 Grace,2,60,Дизель,25411-43011,Хабаровск
2025-08-26 14:13:02,Трубка топливная (обратка) 61500080095 HOWO,2,984,Дизель,61500080095,Хабаровск
2025-08-26 14:13:02,Трубка топливная 1042150FD020 JAC N35 ORIG,2,1053,JAC,1042150FD020,Хабаровск
2025-08-26 14:13:02,Трубка топливная 200V12305-5298 HOWO T5G,3,596,Дизель,200V12305-5298,Хабаровск
2025-08-26 14:13:02,Трубка топливная 200V12305-5364 HOWO T5G,5,1055,Дизель,200V12305-5364,Хабаровск
2025-08-26 14:13:02,Трубка топливная 202V12304-5837 HOWO T5G,5,2474,Дизель,202V12304-5837,Хабаровск
2025-08-26 14:13:02,Трубка топливная к форсунке №1 8-97628-190-1 C-series 6WG1 ORIG,1,6529,Isuzu,8-97628-190-1,Хабаровск
2025-08-26 14:13:02,Трубка топливная к форсунке №2 8-97628-191-1 C-series 6WG1 ORIG,2,6600,Isuzu,8-97628-191-1,Хабаровск
2025-08-26 14:13:02,Трубка топливная к форсунке №3 8-97628-192-1 C-series 6WG1 ORIG,2,6529,Isuzu,8-97628-192-1,Хабаровск
2025-08-26 14:13:02,Трубка топливная к форсунке №3 D-125251 / 8-97209-495-1 4HG1 N-series Дизель,1,1274,Дизель,D-125251,Хабаровск
2025-08-26 14:13:02,Трубка топливная к форсунке №4 8-97628-193-1 C-series 6WG1 ORIG,2,6600,Isuzu,8-97628-193-1,Хабаровск
2025-08-26 14:13:02,Трубка топливная к форсунке №5 8-97628-194-1 C-series 6WG1 ORIG,2,6529,Isuzu,8-97628-194-1,Хабаровск
2025-08-26 14:13:02,Трубка тормозная заднего левого колеса D-128150/8-97359-748-0/8-97212-795-2 NPR/NQR Дизель,16,662,Дизель,D-128150,Хабаровск
2025-08-26 14:13:02,Трубка турбины 612640010137 JAC N350 WP10 E-5 (NON-GENUINE),1,1001,Дизель,612640010137,Хабаровск
2025-08-26 14:13:02,Трубка турбины маслоотводящая 8-97606-205-3 FVR34 ORIG,3,13648,Isuzu,8-97606-205-3,Хабаровск
2025-08-26 14:13:02,Трубка форсунки D-125250 / 8-97209-493-1 ISUZU Дизель,4,1052,Дизель,D-125250,Хабаровск
2025-08-26 14:13:02,Трубопровод ГУРа AZ9731470052 Howo/,2,544,Howo,AZ9731470052,Хабаровск
2025-08-26 14:13:02,Туманка ISUZU ELF NPR '97 213-2017L-A !,1,1979,Depo,213-2017L-A,Хабаровск
2025-08-26 14:13:02,Туманка MMC FUSO '08-10 214-2046L-AEN !,6,3173,Depo,214-2046L-AEN,Хабаровск
2025-08-26 14:13:02,Туманка MMC FUSO '08-10 214-2046R-AEN !,4,3173,Depo,214-2046R-AEN,Хабаровск
2025-08-26 14:13:02,Туманка MMC FUSO '08-10 214-2046R-UE !,1,2302,Depo,214-2046 R-UE,Хабаровск
2025-08-26 14:13:02,Туманка MMC FUSO '97- AD-214-2017R-Y,1,3674,JMC,AD-214-2017R-Y,Хабаровск
2025-08-26 14:13:02,Туманка MMC FUSO FIGHTER (белая) '92-'96 214-2008L-U-C !,1,2802,Depo,214-2008L-U-C,Хабаровск
2025-08-26 14:13:02,Туманка MMC FUSO FIGHTER (желтая) '92-'96 214-2008L-U !,3,2418,Depo,214-2008L-U,Хабаровск
2025-08-26 14:13:02,"Туманка Nissan Diesel UD / IS FORWARD '87-'95 L=R, желтая 1203005",1,365,JMC,1203005,Хабаровск
2025-08-26 14:13:02,Туманка TOYOTA DYNA / TOYOACE / HIACE '99-'06 212-2021L-U-C !,1,1514,Depo,212-2021 L-U-C,Хабаровск
2025-08-26 14:13:02,Туманка TOYOTA DYNA / TOYOACE / HIACE '99-'06 212-2021R-U-Y !,8,1791,Depo,212-2021R-U-Y,Хабаровск
2025-08-26 14:13:02,Туманка UD 95 10t R AD-215-064R,1,2000,JMC,AD-215-064R,Хабаровск
2025-08-26 14:13:02,Турбина H07CT 24100-2850A !,1,30620,Yamasida,24100-2850A,Хабаровск
2025-08-26 14:13:02,Турбокомпрессор 1000859795 JAC N350 ORIG,1,68230,JAC,1000859795,Хабаровск
2025-08-26 14:13:02,Турбокомпрессор 202V09100-7926 HOWO T5G MC11,2,42015,Дизель,202V09100-7926,Хабаровск
2025-08-26 14:13:02,Турбокомпрессор 24100-1440C/1440D EP100 GX7 VD250019 !,2,56712,IHI,24100-1440C/D,Хабаровск
2025-08-26 14:13:02,Турбокомпрессор 24100-1690C/S1760-E0K90 H06CT VX29 VB250041 !,2,52255,Дизель,24100-1690C,Хабаровск
2025-08-26 14:13:02,Турбокомпрессор 24100-3251 J08C !,1,44654,Yamasida,24100-3251,Хабаровск
2025-08-26 14:13:02,Турбокомпрессор 24100-3340A H07C-TD CXBE VA240084 !,1,52785,Дизель,24100-3340A,Хабаровск
2025-08-26 14:13:02,Турбокомпрессор 49188-01813/1-14400-374-2 6WF1-T CYZ51/CX MMC ORIG,1,207140,MITSUBISHI,49188-01813,Хабаровск
2025-08-26 14:13:02,Турбокомпрессор 4JB1/4HK1 8-97189-452-0/8-97208-966-1/8-98000-031-0,3,22334,Дизель,8-97189-452-0,Хабаровск
2025-08-26 14:13:02,Турбокомпрессор D-126014 / 1000859795 JAC N350 Дизель,4,27243,Дизель,D-126014,Хабаровск
2025-08-26 14:13:02,Турбокомпрессор D-127027 / 28230-45500/49178-03160 D4DB HD657278 Дизель,13,20691,Дизель,D-127027,Хабаровск
2025-08-26 14:13:02,Турбокомпрессор D-127339/17201-E0441/732409-0041/732409-0022/732409-5024 HINO300 евро3 Дизель,11,19634,Дизель,D-127339,Хабаровск
2025-08-26 14:13:02,Турбокомпрессор D-127340/17201-E0A40 J08E-T 24100-3251/479016-0002/S2410-03251 Дизель,5,29031,Дизель,D-127340,Хабаровск
2025-08-26 14:13:02,Турбокомпрессор D-127794/28230-45100/4917803129/28230-45500/TC0931 D4DB HD657278 Turbo Дизель,8,18878,Дизель,D-127794,Хабаровск
2025-08-26 14:13:02,Турбокомпрессор D-128453 / 1118010BM01-074A FAW CA6DM2 Дизель,1,24182,Дизель,D-128453,Хабаровск
2025-08-26 14:13:02,Турбокомпрессор D-128489 / 202V09100-7915 HOWO Sitrak Дизель,3,39292,Дизель,D-128489,Хабаровск
2025-08-26 14:13:02,Тяга 99014520174,3,2335,Дизель,99014520174,Хабаровск
2025-08-26 14:13:02,Тяга поперечная D-126963 / 3003050-174 FAW J6 Дизель,2,4346,Дизель,D-126963,Хабаровск
2025-08-26 14:13:02,Тяга поперечная D-128247 / MK384728 MMC FUSO CANTER FD85 Дизель,2,5278,Дизель,D-128247,Хабаровск
2025-08-26 14:13:02,Тяга поперечная D-128506 / 8-97107-318-1 / 8-976-008-0 / 8-97022-226-0 ISUZU NKR `90~ Дизель,58,2489,Дизель,D-128506,Хабаровск
2025-08-26 14:13:02,Тяга поперечная HFF3003020CK5G JAC N350 (NON-GENUINE),10,14025,Дизель,HFF3003020CK5G,Хабаровск
2025-08-26 14:13:02,Тяга поперечная ISUZU 1-43151-154-0 CXZ51 '03~ CH,1,16750,Chase,1-43151-154-0,Хабаровск
2025-08-26 14:13:02,Тяга поперечная ISUZU 8-97107-318-1/8-976-008-0/8-97022-226-0 NKR `90~ Y,41,3568,Yamasida,8-97107-318-1,Хабаровск
2025-08-26 14:13:02,Тяга поперечная L=1550 (наконечники M24) AZ9138430018/180-3414052-60 HOWO,1,4381,Дизель,AZ9138430018,Хабаровск
2025-08-26 14:13:02,Тяга поперечная L=1560 (наконечники M20) AZ9112430003 HOWO,1,3904,Дизель,AZ9112430003,Хабаровск
2025-08-26 14:13:02,Тяга поперечная MMC MK309132 FUSO FT/FV/FU5#/FP50J/K CH !,3,8823,Chase,MK309132,Хабаровск
2025-08-26 14:13:02,Тяга продольная 8-97170-160-0/1/8-97222-508-0 NPR/NQR SKV,24,4099,SKV,8-97170-160-0,Хабаровск
2025-08-26 14:13:02,Тяга продольная D-126015 / 56810-Y3BH002 JAC N350 Дизель,6,12439,Дизель,D-126015,Хабаровск
2025-08-26 14:13:02,Тяга продольная D-128275 / HINO 45440-6370 FD# 5t `89-'92 Дизель,35,5640,Дизель,D-128275,Хабаровск
2025-08-26 14:13:02,Тяга продольная D-128276 / MMC MC090944 MC064247 MMC FUSO FK617 Дизель,40,5640,Дизель,D-128276,Хабаровск
2025-08-26 14:13:02,Тяга продольная D-128444 / 3003010-87A/B FAW J6 Дизель,1,3464,Дизель,D-128444,Хабаровск
2025-08-26 14:13:02,Тяга продольная D-128468 / 3003040-80A/H FAW J6 Дизель,2,5961,Дизель,D-128468,Хабаровск
2025-08-26 14:13:02,Тяга продольная D-128499 / 56810-5L000 HYUNDAI HD35/65/75/78 Дизель,3,4886,Дизель,D-128499,Хабаровск
2025-08-26 14:13:02,Тяга продольная HINO 45440-39465 HINO300/Euro-3 HO-CR85-LHD CH,1,11959,Chase,45440-39465,Хабаровск
2025-08-26 14:13:02,Тяга продольная HINO 45440-9580/HO-CR38-RHD FF1J#FG#GK#XZU504/524 98~ CH,2,13556,Chase,45440-9580,Хабаровск
2025-08-26 14:13:02,Тяга продольная HINO 45440-E0A00 LHD HINO 500 GH8 CH,3,18419,Chase,45440-E0A00,Хабаровск
2025-08-26 14:13:02,Тяга продольная HINO 45440-E0A20 HINO 500 FD/FL/FM FM8J08 CH,1,22174,Chase,45440-E0A20,Хабаровск
2025-08-26 14:13:02,Тяга продольная HINO 45440-E0A40 LHD HINO 500 FM8 CH !,2,14619,Chase,45440-E0A40,Хабаровск
2025-08-26 14:13:02,"Тяга продольная HINO 45480-1840 FD 11Ton '03~10 LHD 500#, FD1J, FD8J (45420-2700) CH",3,16832,Chase,45480-1840,Хабаровск
2025-08-26 14:13:02,"Тяга продольная HINO S45480-1820 HO-CR55-LHD FC6J, J05D 168HP 5307cc. CH",1,8335,Chase,S4548-01820,Хабаровск
2025-08-26 14:13:02,Тяга продольная ISUZU 1-44380-134-0 LHD FSR ′00 /FSR33 ′96 CH,2,20572,Chase,1-44380-134-0,Хабаровск
2025-08-26 14:13:02,Тяга продольная ISUZU 1-44380-151-0 CXZ81 левый руль CH !,6,5774,Chase,1-44380-151-0,Хабаровск
2025-08-26 14:13:02,Тяга продольная ISUZU 1-44380-278-0 CX# CY# 03~ RHD CH !,1,9838,Chase,1-44380-278-0,Хабаровск
2025-08-26 14:13:02,Тяга продольная ISUZU 1-44380-307-2 LHD FVM/FVR34 08~ CH,6,22286,Chase,1-44380-307-2,Хабаровск
2025-08-26 14:13:02,Тяга продольная ISUZU 1-44380-313-0 CXZ51 '03.09~ CH,2,12277,Chase,1-44380-313-0,Хабаровск
2025-08-26 14:13:02,Тяга продольная ISUZU 8-97022-228-3 NPR/NKR/NKR71L Y,10,3331,Yamasida,8-97022-228-3,Хабаровск
2025-08-26 14:13:02,Тяга продольная ISUZU 8-97222-508-0/8-97170-160-0/IS-CR03_LHD NPR/NQR 99~ Y,1,8135,Yamasida,8-97222-508-0,Хабаровск
2025-08-26 14:13:02,Тяга продольная ISUZU D-127816/1-44380-307-2/0/1 LHD FVM/FVR34 08~ Дизель,120,5753,Дизель,D-127816,Хабаровск
2025-08-26 14:13:02,Тяга продольная Isuzu Elf L=335 8-98006-794-0 Y,1,2057,Yamasida,8-98006-794-2,Хабаровск
2025-08-26 14:13:02,Тяга продольная MAZDA WA01-32-970A T3000-T4500 84~ CH !,13,3490,Chase,WA01-32-970A,Хабаровск
2025-08-26 14:13:02,Тяга продольная MMC MC121719 MITSUBISHI FE647/FE659 6.5T/7.7T CH !,9,7004,Chase,MC121719,Хабаровск
2025-08-26 14:13:02,Тяга продольная MMC MC121903/MH-CR17-LHD-RK Canter FB511 96~ CH !,17,6466,Chase,MC121903,Хабаровск
2025-08-26 14:13:02,"Тяга продольная MMC MC573888 FUSO FV418, FV419 '97~ FP4# CH",5,9319,Chase,MC573888,Хабаровск
2025-08-26 14:13:02,"Тяга продольная TOYOTA 45440-29235/TY-CR12-RHD DYNA 150,LY/YY1#2# 00~ Y",4,8949,Yamasida,45440-29235,Хабаровск
2025-08-26 14:13:02,"Тяга продольная TOYOTA 45440-39186/TY-CR07-LHD DYNA/HINO BU3#,WU30#,34#,XZU3# 99~ CH",2,11479,Chase,45440-39186,Хабаровск
2025-08-26 14:13:02,"Тяга продольная TOYOTA 45440-39205/45440-39206 DYNA N04C／BU301 '05~ RZU300, 340, XZU300, 301 CH",1,9976,Chase,45440-39205,Хабаровск
2025-08-26 14:13:02,"Тяга продольная TOYOTA 45440-39315 DYNA/HINO 15B,WU340 02~,XZU342,XZU410-412 02~ CH !",2,6196,Chase,45440-39315,Хабаровск
2025-08-26 14:13:02,Тяга продольная передняя верхняя AZ9731430020 Howo/,5,2684,Howo,AZ9731430020,Хабаровск
2025-08-26 14:13:02,Тяга реактивная 13592919010/462869 /A3753500106 / A9483502405 Mercedes/ROSTAR,5,10440,Rostar,13592919010,Хабаровск
2025-08-26 14:13:02,Тяга реактивная AZ9631523175 HOWO,8,5608,Дизель,AZ9631523175,Хабаровск
2025-08-26 14:13:02,Тяга реактивная D-128080/-51511-660-0 L=555 C/F series Дизель,15,7709,Дизель,D-128080,Хабаровск
2025-08-26 14:13:02,Тяга реактивная D-128469 / DZ91259525274 L=610 SHAANXI Дизель,1,4336,Дизель,D-128469,Хабаровск
2025-08-26 14:13:02,Тяга реактивная D-128471 / DZ91259525275 / 1358-2919010-10 L=650 SHAANXI Дизель,1,4355,Дизель,D-128471,Хабаровск
2025-08-26 14:13:02,Тяга реактивная V-образная (8 отв) D-126628/2919005B71B/2919015B71B/A/1516-2919012-50 FAW J6 Дизель,10,13307,Дизель,D-126628,Хабаровск
2025-08-26 14:13:02,Тяга реактивная V-образная (8 отв) D-126791 / 2919015B71B FAW J6 Дизель,16,19249,Дизель,D-126791,Хабаровск
2025-08-26 14:13:02,Тяга реактивная V-образная 2919015-260-1 / 2919005-260 / 1517-2919012-10 D=110 H=75 FAW Дизель,1,12398,Дизель,2919015-260-1,Хабаровск
2025-08-26 14:13:02,Тяга реактивная V-образная D-128472 / AZ9725521272/AZ9925521272/1502-2919012-10 HOWO Дизель,28,9122,Дизель,D-128472,Хабаровск
2025-08-26 14:13:02,Тяга реактивная верх перед D-126629 / 2919005В71В/С FAW Дизель,9,16919,Дизель,D-126629,Хабаровск
2025-08-26 14:13:02,Тяга реактивная верхняя в сборе AZ9631521174 Howo/,10,3668,Howo,AZ9631521174,Хабаровск
2025-08-26 14:13:02,Тяга реактивная ниж 55540-Y3070 JAC N350 (NON-GENUINE),5,7035,Дизель,55540-Y3070,Хабаровск
2025-08-26 14:13:02,Тяга реактивная нижняя задняя D-126793/2919020-260/1380-2919010-40 FAW Дизель,18,6302,Дизель,D-126793,Хабаровск
2025-08-26 14:13:02,Тяга реактивная нижняя передняя D-126794/2919010-260/1380-2919010-30 FAW Дизель,19,6302,Дизель,D-126794,Хабаровск
2025-08-26 14:13:02,Тяга реактивная нижняя прямая в сборе 199114520038 Howo,6,2726,Howo,199114520038,Хабаровск
2025-08-26 14:13:02,Тяга реактивная прямая верхняя L=587 AZ9631521175/1352-2919010 HOWO,9,5818,Дизель,AZ9631521175,Хабаровск
2025-08-26 14:13:02,Тяга реактивная смещенная нижняя D-128474 / AZ9631521174 / 1358-2919010 L=630 HOWO/SHACMAN Дизель,1,4576,Дизель,D-128474,Хабаровск
2025-08-26 14:13:02,Тяга регулировочная пгу сцепления FV-013/FCR-013 PM,3,1631,Paul Master,FCR-013,Хабаровск
2025-08-26 14:13:02,Тяга регулировочная пгу сцепления IS-038 /ICR-038 P1.25*13*20 PM,1,1200,Paul Master,ICR-038,Хабаровск
2025-08-26 14:13:02,Тяга регулировочная пгу сцепления UD-030 / UCR-030 / 30636-90015 PM !,1,993,Paul Master,UCR-030,Хабаровск
2025-08-26 14:13:02,Тяга рулевая 14-13425-000 FRL Freightliner,1,8991,JMC,14-13425-000,Хабаровск
2025-08-26 14:13:02,Тяга рулевая 3401110U8510-F03 JAC ORIG,5,1488,JAC,3401110U8510-F03,Хабаровск
2025-08-26 14:13:02,Тяга рулевая 45503-09321 / SR3880 / CRT-89,2,1240,CTR,CRT-89,Хабаровск
2025-08-26 14:13:02,Тяга рулевая 56542-43010/57730-43000 Grace !,29,168,Дизель,56542-43010,Хабаровск
2025-08-26 14:13:02,Тяга рулевая 8-98048-487-0 / HRE-2813 TRUSTAUTO,1,1667,JMC,8-98048-487-0,Хабаровск
2025-08-26 14:13:02,Тяга рулевая CRT-47,2,1220,CTR,CRT-47,Хабаровск
2025-08-26 14:13:02,Тяга рулевая MMC MC092281/MC081152 SP7800-REA-092 MMC FB50#/FE50# (рейка) Y,1,1743,Yamasida,MC092281,Хабаровск
2025-08-26 14:13:02,Тяга рулевая SR- /RE-4801 Fuso FE82D/C/E//FE88E SAFETY Japan,1,2999,JMC,ME725235,Хабаровск
2025-08-26 14:13:02,Тяга рулевая поперечная 9070900111/A9443301703 / 2399701 / MNDL7834 /10294/21310 Mercedes/Europart !,7,17463,Europart,9070900111,Хабаровск
2025-08-26 14:13:02,Тяга рулевая поперечная D-126433 / 8-97061-869-0 ISUZU NQR71/75/90/NPR75 Дизель,6,3671,Дизель,D-126433,Хабаровск
2025-08-26 14:13:02,Тяга рулевая поперечная NISSAN 48510-2T025 ATLAS F22# F23# Y,15,3389,Yamasida,48510-2T025,Хабаровск
2025-08-26 14:13:02,"Тяга рулевая продольная (конус 24,труба L=905)AZ9100430011 Howo",2,2148,Дизель,AZ9100430011,Хабаровск
2025-08-26 14:13:02,Тяга рулевая продольная 525 мм 9079991428 / A0004603605 Mercedes/Europart,2,48764,Europart,9079991428,Хабаровск
2025-08-26 14:13:02,Тяга рулевая продольная 752W466110004/AZ963143000750 HOWO ORIG,18,9749,Howo,752W466110004,Хабаровск
2025-08-26 14:13:02,Тяга рулевая продольная 8-98006-794-2 ISUZU NPR75 01~ SKV,33,4398,SKV,8-98006-794-1,Хабаровск
2025-08-26 14:13:02,Тяга рулевая продольная 885 мм 9070001005/A0034604005 / A0024605205/2795401/462878/26883/ 05.020.1911.550 Mercedes/ Europart,14,5013,Europart,9070001005,Хабаровск
2025-08-26 14:13:02,Тяга рулевая продольная D-126795 / DZ9100430011 SHACMAN Дизель,1,3047,Дизель,D-126795,Хабаровск
2025-08-26 14:13:02,Тяга рулевая продольная ISUZU 8-98022-072-0 LHD NLR55/NLR85/NMR55/85 10~ Y,14,7658,Yamasida,8-98022-072-0,Хабаровск
2025-08-26 14:13:02,Тяга рулевая продольная L=895mm JTR3504/462769/A0024604605 /A0034605005/9070025721 TRW,1,8080,Дизель,JTR3504,Хабаровск
2025-08-26 14:13:02,Тяга рулевая продольная LHD 1-44380-151-1 ISUZU SKV,5,3963,SKV,1-44380-151-1,Хабаровск
2025-08-26 14:13:02,Тяга рулевая продольная W023-32-970 MAZDA-RHD WGL# Y,14,14237,Yamasida,W023-32-970,Хабаровск
2025-08-26 14:13:02,Указатель поворота (на двери)лев D-125730/8-97410-181-3/2 NPR75/NLR85/NMR85/NQR90/FSR90/FVR34 Дизель,6,447,Дизель,D-125730,Хабаровск
2025-08-26 14:13:02,Указатель поворота 92304-7M001 HYUNDAI HD270 D6CA (K),2,515,Дизель,92304-7M001,Хабаровск
2025-08-26 14:13:02,Указатель поворота LH 92301-5H000 HD72 (K) дефект,1,650,Дизель,92301-5H000,Хабаровск
2025-08-26 14:13:02,Указатель поворота LH 92301-6A100 HD120 (K) дефект,1,1315,Дизель,92301-6A100,Хабаровск
2025-08-26 14:13:02,Указатель поворота LH D-126329 / 92301-56001 HD78/65 Дизель,6,790,Дизель,D-126329,Хабаровск
2025-08-26 14:13:02,Указатель поворота RH 92302-5H000 HD72 (K) дефект,3,503,Дизель,92302-5H000,Хабаровск
2025-08-26 14:13:02,Указатель поворота RH 92302-6A100 HD120 (K) дефект,2,1315,Дизель,92302-6A100,Хабаровск
2025-08-26 14:13:02,Указатель поворота RH D-126335 / 92302-6A100 HD120 Дизель,2,1891,Дизель,D-126335,Хабаровск
2025-08-26 14:13:02,Указатель поворота RH D-126336 / 92302-7A000 HD170 Дизель,2,2204,Дизель,D-126336,Хабаровск
2025-08-26 14:13:02,Указатель поворота левый 8-97585-173-1/8-98155-459-0 700P 4HK1 Diesel дефект,2,607,Дизель,8975851731,Хабаровск
2025-08-26 14:13:02,Указатель поворота левый D-125162/8-97585-173-1/8-98155-459-0 700P 4HK1 Дизель,10,930,Дизель,D-125162,Хабаровск
2025-08-26 14:13:02,"Указатель поворота левый, дверь D-12523 / 8-97410-181-3/2 NPR75/NLR85/NMR85/NQR90/FSR90/FVR34 Дизель",4,505,Дизель,D-125223,Хабаровск
2025-08-26 14:13:02,Указатель поворота передн. левый МК 92301-5А100,2,1685,Дизель,92301-5А100,Хабаровск
2025-08-26 14:13:02,Указатель поворота передн. правый МК 92302-5А100,5,2043,Дизель,92302-5А100,Хабаровск
2025-08-26 14:13:02,Указатель поворота прав D-126020 / 92304-7A700 JAC N200/350 Дизель,12,522,Дизель,D-126020,Хабаровск
2025-08-26 14:13:02,Указатель поворота правый 8-97585-172-1/8-98155-458-0 700P 4HK1 Diesel дефект,1,580,,8975851721,Хабаровск
2025-08-26 14:13:02,Указатель поворота правый D-125222 / 8-97585-172-1 / 8-98155-458-0 700P 4HK1 Дизель дефект,3,662,Дизель,D-125222,Хабаровск
2025-08-26 14:13:02,"Упл.кольцо под вых.коллект.""Masuma"" 30х43мм",2,60,JMC,"Упл.кольцо под вых.коллект.""Masuma"" 30х43мм",Хабаровск
2025-08-26 14:13:02,"Упл.кольцо под вых.коллект.""Masuma"" 32х45мм",2,63,JMC,"Упл.кольцо под вых.коллект.""Masuma"" 32х45мм",Хабаровск
2025-08-26 14:13:02,"Упл.кольцо под вых.коллект.""Masuma"" 33х48мм",2,76,JMC,"Упл.кольцо под вых.коллект.""Masuma"" 33х48мм",Хабаровск
2025-08-26 14:13:02,"Упл.кольцо под вых.коллект.""Masuma"" 39х55мм",2,86,JMC,"Упл.кольцо под вых.коллект.""Masuma"" 39х55мм",Хабаровск
2025-08-26 14:13:02,Уплотнение (прокладка) резиновое 1-76798-019-0 OD=25 BLACK ORIG,6,131,Isuzu,1-76798-019-0,Хабаровск
2025-08-26 14:13:02,Уплотнение 1301796 Iveco Orig !,41,68,Iveco,1301796,Хабаровск
2025-08-26 14:13:02,Уплотнение A0159974048 / A0209978748 / 420457 Mercedes ориг !,1,57,Mercedes,A 015 997 40 48,Хабаровск
2025-08-26 14:13:02,Уплотнение A0179979448 Mercedes ориг !,8,171,Mercedes,A 017 997 94 48,Хабаровск
2025-08-26 14:13:02,Уплотнение A0209977848 / 420455 Mercedes ориг !,1,401,Mercedes,A 020 997 78 48,Хабаровск
2025-08-26 14:13:02,Уплотнение D-128490 / WG9925551062 HOWO T5G Дизель,2,515,Дизель,D-128490,Хабаровск
2025-08-26 14:13:02,Уплотнение вала /Сальник 762830/A0159977547 / 8029336980 Mercedes/Elring !,8,1427,Elring,762.830,Хабаровск
2025-08-26 14:13:02,Уплотнение термостата 201V06904-0049 HOWO T5G,6,116,Дизель,201V06904-0049,Хабаровск
2025-08-26 14:13:02,Уплотнит кольцо балансира (компл.2шт) 1614130062 (Н),1,113,Дизель,1614130062,Хабаровск
2025-08-26 14:13:02,Уплотнитель балансира HFF2918062CKFT JAC N350 (NON-GENUINE),1,145,Дизель,HFF2918062CKFT,Хабаровск
2025-08-26 14:13:02,Уплотнитель двери нижний 8-98022-739-1 ORIG,1,4393,Isuzu,8-98022-739-1,Хабаровск
2025-08-26 14:13:02,Уплотнитель облицовки двери 8-98022-741-1 N-series ORIG,3,3021,Isuzu,8-98022-741-1,Хабаровск
2025-08-26 14:13:02,Уплотнитель стекла 68171-42020,1,1646,JMC,68171-42020,Хабаровск
2025-08-26 14:13:02,Уплотнительное кольцо 420682/A0129973647 / A0129973747 Mercedes/DieselTechnic !,12,190,JMC,420682,Хабаровск
2025-08-26 14:13:02,Уплотнительное кольцо 420683/A0039970547 / 362301 Mercedes / DieselTechnic !,8,77,Diesel Technic,4.20683,Хабаровск
2025-08-26 14:13:02,Уплотнительное кольцо MQ6-56631-0110 HOWO T5G,14,97,Дизель,MQ6-56631-0110,Хабаровск
2025-08-26 14:13:02,Уплотнительное кольцо MQ6-56936-2423 HOWO T5G,6,249,Дизель,MQ6-56936-2423,Хабаровск
2025-08-26 14:13:02,Уплотнительное кольцо MQ6-56939-0079 HOWO T5G,4,278,Дизель,MQ6-56939-0079,Хабаровск
2025-08-26 14:13:02,"Упорные вкладыши коленвала STD TD23,TD25,TD27,QD32 T080H1-STD TAIHO",1,1849,JMC,T080H1-STD,Хабаровск
2025-08-26 14:13:02,Установочный комплект турбокомпрессора 715331/316699/316756/1902316690 ABS MB Actors Elring !,2,4039,Elring,715331,Хабаровск
2025-08-26 14:13:02,"Фара 219-1107L-LD-EC (K) HINO 500, 700, RANGER, PROFIA /88150-E0022/ 81150-E0023 (K) дефект",1,2362,Дизель,219-1107L-LD-EC,Хабаровск
2025-08-26 14:13:02,Фара c электрокорректором RH 1-82110-455-2/480-0 CXZ51KEXZ51KCYZ51KCYZ51L 6WF1 (K) дефект,12,4387,Дизель,1-82110-455-2,Хабаровск
2025-08-26 14:13:02,Фара HINO '90-'94 219-1104L-LD(желтая) Е (белая) (K),15,4000,Дизель,219-1104L-LD,Хабаровск
2025-08-26 14:13:02,Фара HINO RANGER Y630 '94-'98 D-126341 / 219-1105R-LD Дизель,17,3533,Дизель,D-126341,Хабаровск
2025-08-26 14:13:02,Фара HY H100 221-1135L-LD-EM !,1,2853,Depo,221-1135L-LD-EM,Хабаровск
2025-08-26 14:13:02,Фара ISUZU (CYZ-51K) 05-7901L,1,8250,JMC,05-7901L,Хабаровск
2025-08-26 14:13:02,Фара ISUZU ELF NKR81 '04 213-1136L-LD-EB !,28,3069,Depo,213-1136L-LD-EB,Хабаровск
2025-08-26 14:13:02,Фара ISUZU ELF NKR81 '04 213-1136R-LD-EB !,12,3069,Depo,213-1136R-LD-EB,Хабаровск
2025-08-26 14:13:02,Фара IVECO 5532663110/505731 / '03 663-1106L-LD-ME ALFAR !,1,6983,Дизель,663-1106L-LD-ME,Хабаровск
2025-08-26 14:13:02,"Фара L 212-11A8L-LD-E HINO 300 (E3), DUTRO, TOYOTA DYNA, TOYOACE / 81170-37170 / 81170-37121 / 81150-37110 / 81170-37160 / 81170-37111",7,6138,Дизель,212-11A8L-LD-E,Хабаровск
2025-08-26 14:13:02,Фара L 214-1178L-LD-EM /c кор-м (K) FUSO CANTER FE85 LHD D-128116/MK353635/MK353647/MK353627 Дизель,26,4192,Дизель,D-128116,Хабаровск
2025-08-26 14:13:02,Фара L 2655842/2379890/HL-SC008L Scania,5,32447,Дизель,2655842,Хабаровск
2025-08-26 14:13:02,Фара L 8-97376-898-2 / 8-98053-918-0 / 8-97372-527-5 Diesel дефект,2,1482,Isz,8-98053-918-0,Хабаровск
2025-08-26 14:13:02,Фара L D-126631 / 812W25101-6021/1 Sitrak C7H Дизель,1,13412,Дизель,D-126631,Хабаровск
2025-08-26 14:13:02,Фара L D-127195 / 8-98241-315-0 (с эл. корректором) FVR34/CYZ52 Дизель,16,3710,Дизель,D-127195,Хабаровск
2025-08-26 14:13:02,Фара L в бампер с туманкой 1-82110-400-2 / 8-97609-418-0 (К) дефект,4,2784,Дизель,1-82110-400-2,Хабаровск
2025-08-26 14:13:02,Фара L в сборе 811W25101-6001 HOWO T5G,2,7525,Дизель,811W25101-6001,Хабаровск
2025-08-26 14:13:02,Фара MAZDA TITAN '00- 100-61933L,1,2673,JMC,100-61933L,Хабаровск
2025-08-26 14:13:02,Фара MMC CANTER F#5# '99-'01 AD-100-87342 L (с линзой) дефект,1,3179,,AD-100-87342 L,Хабаровск
2025-08-26 14:13:02,Фара MMC Fuso 97-214-1143 R,1,6279,JMC,214-1143 R,Хабаровск
2025-08-26 14:13:02,Фара MMC FUSO CANTER D-125252/MK580647/214-1178L Дизель,13,3667,Дизель,D-125252,Хабаровск
2025-08-26 14:13:02,Фара MMC FUSO CANTER F#(6...8)# '05 214-1178-RD-EM (L) MK486501 (K) дефект,1,2651,Дизель,214-1178L-RD-EM,Хабаровск
2025-08-26 14:13:02,Фара MMC FUSO CANTER F#(6...8)# '05 214-1178LXRD-E (K),13,3806,Дизель,214-1178LXRD-E,Хабаровск
2025-08-26 14:13:02,Фара MMC FUSO CANTER F#(6...8)# '05 214-1178RXRD-E (К),11,4229,Дизель,214-1178R-XRD-E,Хабаровск
2025-08-26 14:13:02,Фара MMC FUSO CANTER F#(6...8)# '05 214-11A6L-LD-EM !,2,6356,Depo,214-11A6L-LD-EM,Хабаровск
2025-08-26 14:13:02,Фара MMC FUSO CANTER F#(6...8)# '05 214-11A6R-LD-EM !,1,7847,Depo,214-11A6R-LD-EM,Хабаровск
2025-08-26 14:13:02,Фара MMC FUSO CANTER F#(6...8)# '05 D-128117/214-1178R-LD-EM Дизель,4,3717,Дизель,D-128117,Хабаровск
2025-08-26 14:13:02,Фара R 8-97372-528-5 / 8-97376-897-2 / 8-98053-917-0 / 8-97372-523-5 Diesel дефект,3,1941,Diesel,8973725285,Хабаровск
2025-08-26 14:13:02,Фара R D-126632 / 812W25101-6022/1 Sitrak C7H Дизель,1,13412,Дизель,D-126632,Хабаровск
2025-08-26 14:13:02,Фара R D-127031 / 2655843/2379894/HL-SC008R Scania Дизель,5,32447,Дизель,D-127031,Хабаровск
2025-08-26 14:13:02,Фара R D-127196 / 8-98241-314-0 (с эл. корректором) FVR34/CYZ52 Дизель,16,3710,Дизель,D-127196,Хабаровск
2025-08-26 14:13:02,Фара R D-128118 / 8-97372-528-5 / 8-97376-897-2 / 8-98053-917-0 / 8-97372-523-5 Дизель,24,2292,Дизель,D-128118,Хабаровск
2025-08-26 14:13:02,"Фара RH 1-82110-455-2 (без корректора, с туманкой) C-series Diesel",1,3329,Дизель,1-82110-455-2,Хабаровск
2025-08-26 14:13:02,Фара левая 1732509 Scania (K),2,3291,Дизель,1732509,Хабаровск
2025-08-26 14:13:02,Фара левая 463482/A9438200361/ SA5A0059 / 9501658200/68360 DieselTechnic !,1,9045,Diesel Technic,463482,Хабаровск
2025-08-26 14:13:02,Фара левая 92101-5H000 HD45/HD72 (K) дефект,1,1534,Дизель,92101-5H000,Хабаровск
2025-08-26 14:13:02,Фара левая 92101-7A101 HYUNDAI HD170/250 дефект,1,4293,Дизель,92101-7A101,Хабаровск
2025-08-26 14:13:02,Фара левая 92101-8D200 HYUNDAI UNIVERSE (K),8,19260,Дизель,92101-8D200,Хабаровск
2025-08-26 14:13:02,Фара левая D-126349 / 92101-5H000 HD45/HD72 Дизель,11,2191,Дизель,D-126349,Хабаровск
2025-08-26 14:13:02,Фара левая D-126350 / 92101-5K000 HD78/65 (K) Дизель,108,4260,Дизель,D-126350,Хабаровск
2025-08-26 14:13:02,Фара левая D-126351 / 92101-6A002 HD120 Дизель,8,6294,Дизель,D-126351,Хабаровск
2025-08-26 14:13:02,Фара левая D-128179 / WG9925721011 HOWO Дизель,5,10524,Дизель,D-128179,Хабаровск
2025-08-26 14:13:02,Фара передняя R (не линза) D-127925 / WG9719720002 HOWO Дизель,1,2893,Дизель,D-127925,Хабаровск
2025-08-26 14:13:02,Фара передняя левая (без корректора) МК 92101-5А100,2,5125,Дизель,92101-5А100,Хабаровск
2025-08-26 14:13:02,Фара передняя правая (без корректора) МК 92102-5А100,1,4613,Дизель,92102-5А100,Хабаровск
2025-08-26 14:13:02,Фара правая 1732510 Scania (K),5,3291,Дизель,1732510,Хабаровск
2025-08-26 14:13:02,Фара правая 92102-8D200 HYUNDAI UNIVERSE (K),9,20265,Дизель,92102-8D200,Хабаровск
2025-08-26 14:13:02,Фара правая D-126354 / 92102-5H000 HD45/HD72 (K) Дизель,8,1928,Дизель,D-126354,Хабаровск
2025-08-26 14:13:02,Фара правая D-126355 / 92102-5K000 HD78/65 (K) Дизель,56,4260,Дизель,D-126355,Хабаровск
2025-08-26 14:13:02,Фара правая D-126356 / 92102-6A002 HD120 Дизель,15,6294,Дизель,D-126356,Хабаровск
2025-08-26 14:13:02,Фара правая D-128180 / WG9925721012 HOWO Дизель,4,9696,Дизель,D-128180,Хабаровск
2025-08-26 14:13:02,"Фара прожектор 1749953 Scania P,G,R,T - series",3,1929,Дизель,1749953,Хабаровск
2025-08-26 14:13:02,Фара противотуманная 213-2020L-AE IZ ELF NLR85 07-L (K),91,1865,Дизель,213-2020L-AE,Хабаровск
2025-08-26 14:13:02,Фара противотуманная 213-2020R-AE IZ ELF NLR85 07-L (K) дефект,1,1305,Дизель,213-2020R-AE,Хабаровск
2025-08-26 14:13:02,Фара противотуманная 92201-4B000 H100 Porter. !,19,1654,Дизель,92201-4B000,Хабаровск
2025-08-26 14:13:02,Фара противотуманная 92201-4B000 H100 Porter. дефект,1,1158,Дизель,92201-4B000,Хабаровск
2025-08-26 14:13:02,Фара противотуманная D-124992 / 1-82110-454-0 / 8-98149-150-0 CXZ51K/EXZ51K/CYZ51K LH 6WF1 Дизель,1,1855,Дизель,D-124992,Хабаровск
2025-08-26 14:13:02,Фара противотуманная D-126358 / 92201-4B000 12V H100 Porter Дизель,10,687,Дизель,D-126358,Хабаровск
2025-08-26 14:13:02,Фара противотуманная L 214-2043L-AE / D-128119 FUSO CANTER FE85 LHD / MK435071 Дизель,15,1940,Дизель,D-128119,Хабаровск
2025-08-26 14:13:02,Фара противотуманная L 8-98047-053-1 / 8-98047-053-2 Diesel дефект,1,1834,Diesel,8-98047-053-1,Хабаровск
2025-08-26 14:13:02,Фара противотуманная L D-126343 / 1-82110-400-2 / 8-97609-418-0 Дизель,6,4241,Дизель,D-126343,Хабаровск
2025-08-26 14:13:02,Фара противотуманная L D-126360 / 8-98149-144-0 / 8-97378-909-1 / 8-98232-059-0 Дизель,45,2066,Дизель,D-126360,Хабаровск
2025-08-26 14:13:02,Фара противотуманная R 214-2043R-AE (K) FUSO CANTER FE85 LHD / MK435072,4,1975,Дизель,214-2043R-AE,Хабаровск
2025-08-26 14:13:02,Фара противотуманная R 214-2043R-AE (K) FUSO CANTER FE85 LHD / MK435072 дефект,1,984,Дизель,214-2043R-AE,Хабаровск
2025-08-26 14:13:02,Фара противотуманная R 8-98047-052-1 / 8-98047-052-2 Diesel,47,3539,Дизель,8-98047-052-1,Хабаровск
2025-08-26 14:13:02,Фара противотуманная R 8-98047-052-1 / 8-98047-052-2 Diesel дефект,6,2288,Diesel,8-98047-052-1,Хабаровск
2025-08-26 14:13:02,Фара противотуманная R D-125473 / 1-82110-399-2 / 8-97609-417-0 Дизель,1,4519,Дизель,D-125473,Хабаровск
2025-08-26 14:13:02,Фара противотуманная R D-126081 / 213-2020R-AE IZ ELF NLR85 07-L Дизель,3,1407,Дизель,D-126081,Хабаровск
2025-08-26 14:13:02,Фара противотуманная R D-126365 / 92202-6A000 HYUNDAI HD120 Дизель,9,2618,Дизель,D-126365,Хабаровск
2025-08-26 14:13:02,Фара противотуманная R WG9719720006 Howo,4,1319,Дизель,WG9719720006,Хабаровск
2025-08-26 14:13:02,Фара противотуманная R с указатепем поворота D-125254 / 8-98238-625-0 FVR34/CYZ52 Дизель,7,3498,Дизель,D-125254,Хабаровск
2025-08-26 14:13:02,Фара противотуманная левая 3732015-53A FAW J6 дефект,1,1090,Дизель,3732015-53A,Хабаровск
2025-08-26 14:13:02,Фара противотуманная левая D-126362 / 92201-6A000 HYUNDAI HD120 (K) Дизель,5,2618,Дизель,D-126362,Хабаровск
2025-08-26 14:13:02,Фара противотуманная левая D-128120 / 8-98238-626-0/8-98159-979-0/1/2 FVR34/CYZ52 Дизель,53,3166,Дизель,D-128120,Хабаровск
2025-08-26 14:13:02,Фара противотуманная левая с указателем 8-98238-626-0/8-98159-979-0/1/2 FVR34/CYZ52 Diesel дефект,3,2518,Дизель,8-98238-626-0,Хабаровск
2025-08-26 14:13:02,Фара противотуманная правая 8-98149-143-0/1/8-97378-908-1 / 8-98232-058-0 (К) дефект,1,562,Дизель,8973789071,Хабаровск
2025-08-26 14:13:02,Фара противотуманная правая D-126364 / 92202-5H000 HD72 Дизель,5,1017,Дизель,D-126364,Хабаровск
2025-08-26 14:13:02,Фара противотуманная правая D-128071/8-98149-143-0/1/8-97378-908-1 / 8-98232-058-0 Дизель,126,1913,Дизель,D-128071,Хабаровск
2025-08-26 14:13:02,Фара рабочего света D-126635 / 712W25103-6001 круглая Sitrak C7H Дизель,4,1915,Дизель,D-126635,Хабаровск
2025-08-26 14:13:02,Фара с электрокорректором LH 1-82110-456-2/481-0 CXZ51KEXZ51KCYZ51KCYZ51L 6WF1 (K),1,6267,Дизель,1-82110-456-2,Хабаровск
2025-08-26 14:13:02,Фиксатор A3872628173 Mercedes ориг !,3,544,Mercedes,A 387 262 81 73,Хабаровск
2025-08-26 14:13:02,Фильтр вентиляции картерных газов 8-97606-318-0/1/2 F-series SKV,209,691,SKV,8-97606-318-0,Хабаровск
2025-08-26 14:13:02,"Фильтр вентиляции картерных газов EFG-15010SKV/8-98002-346-0/ME224207 Isuzu F,N-series/MMC SKV",391,485,SKV,EFG-15010,Хабаровск
2025-08-26 14:13:02,Фильтр воздушный (в сборе с корпусом) D-126964/ DZ9112190328-1/K3052 SHACMAN WP12 Дизель,73,7324,Дизель,D-126964,Хабаровск
2025-08-26 14:13:02,Фильтр воздушный (в сборе с корпусом) K3250/DZ9118190230-X WP10,76,5959,Дизель,D-127579,Хабаровск
2025-08-26 14:13:02,Фильтр воздушный (внутр) CF1820SKV Камаз 5490/6520 дв.OM457LA SKV,47,791,SKV,CF1820,Хабаровск
2025-08-26 14:13:02,Фильтр воздушный (наруж) C301330SKV Камаз 5490/6520 дв.OM457LA SKV,6,2311,SKV,C301330,Хабаровск
2025-08-26 14:13:02,Фильтр воздушный (наружн) RS3870SKV CASE/Caterpillar,36,2861,SKV,RS3870,Хабаровск
2025-08-26 14:13:02,Фильтр воздушный 08019342 / SL81119 Iveco !,1,12779,SF-Filter,SL81119,Хабаровск
2025-08-26 14:13:02,Фильтр воздушный 1-87610-113-1 Isuzu FSR90/FORWARD 4HK1 ORIG CHINA,5,4319,Isuzu,1-87610-113-1,Хабаровск
2025-08-26 14:13:02,Фильтр воздушный 1109070-76A/A FAW SKV,31,1620,SKV,1109070-76A/A,Хабаровск
2025-08-26 14:13:02,Фильтр воздушный 1109130B5051 N56 E-5 ld308 JAC SKV,20,1052,SKV,1109130B5051,Хабаровск
2025-08-26 14:13:02,Фильтр воздушный 1109140W5000 JAC N35/25 SKV,149,436,SKV,1109140W5000,Хабаровск
2025-08-26 14:13:02,Фильтр воздушный 17801-38030,2,3710,JMC,17801-38030,Хабаровск
2025-08-26 14:13:02,Фильтр воздушный 28000-Y3A20-1 N350 JAC ORIG,9,5143,JAC,28000-Y3A20-1,Хабаровск
2025-08-26 14:13:02,Фильтр воздушный 28130-44000 / PAA-013 / YUMI-021 SKV,56,550,SKV,28130-44000,Хабаровск
2025-08-26 14:13:02,Фильтр воздушный 28130-5A500 / PAA-069 / YUMI-111 / A-28650 / D4DD/ GA / County/HD78 SKV,21,804,SKV,28130-5A500,Хабаровск
2025-08-26 14:13:02,Фильтр воздушный 28130-5H002 / 28130-5H001 / MAF023 / PAA-032 / YUMI-042 County/HD72 SKV,63,1008,SKV,28130-5H002SKV,Хабаровск
2025-08-26 14:13:02,Фильтр воздушный 28130-5M100 D4CC/D4GA HYUNDAI Mighty EX6/8/9 15- SKV,73,1149,SKV,28130-5M100,Хабаровск
2025-08-26 14:13:02,Фильтр воздушный 2829529SKV \ 2490805 Scania,32,7422,SKV,2829529SKV,Хабаровск
2025-08-26 14:13:02,Фильтр воздушный 2829531SKV \ 2490807 Scania,1,2270,SKV,2829531,Хабаровск
2025-08-26 14:13:02,Фильтр воздушный 2996155/MF800/A800 Iveco SKV,61,2688,SKV,A800,Хабаровск
2025-08-26 14:13:02,Фильтр воздушный 50014092 Iveco !,3,1784,Kolbenschmidt,4092-AP,Хабаровск
2025-08-26 14:13:02,Фильтр воздушный 8-97178-609-2 Isuzu,1,1719,JMC,8-97178-609-2,Хабаровск
2025-08-26 14:13:02,Фильтр воздушный 81084050021SKV/RS4971 наружный MAN SKV,46,2936,SKV,81084050021,Хабаровск
2025-08-26 14:13:02,Фильтр воздушный 8121014SX / 1665898,1,3715,JMC,8121014SX,Хабаровск
2025-08-26 14:13:02,Фильтр воздушный A-1004 / A-1177 / 17801-78030/78020 HINO300 Е-3 ш/к N04C/J05D/S05 SKV,76,1161,SKV,A-1004,Хабаровск
2025-08-26 14:13:02,Фильтр воздушный A-1013 Aiko,1,1194,JMC,A1013,Хабаровск
2025-08-26 14:13:02,Фильтр воздушный A-1016 17801-B1010,4,261,JMC,A-1016,Хабаровск
2025-08-26 14:13:02,Фильтр воздушный A-1019 17801-28030,2,993,JMC,A-1019,Хабаровск
2025-08-26 14:13:02,Фильтр воздушный A-1030 17801-38030,4,1049,RB-exide,A-1030,Хабаровск
2025-08-26 14:13:02,Фильтр воздушный A-176 17801-11090,3,190,JMC,A-176,Хабаровск
2025-08-26 14:13:02,Фильтр воздушный A-181 17801-64060,6,328,JMC,A-181,Хабаровск
2025-08-26 14:13:02,Фильтр воздушный A-195 17801-70050,3,246,JMC,A-195,Хабаровск
2025-08-26 14:13:02,Фильтр воздушный A-3009 MR204842,2,867,JMC,A-3009,Хабаровск
2025-08-26 14:13:02,Фильтр воздушный A-3011 MR188657,1,190,JMC,A-3011,Хабаровск
2025-08-26 14:13:02,Фильтр воздушный A-348 MD620584,4,228,JMC,A-348,Хабаровск
2025-08-26 14:13:02,Фильтр воздушный A581IN / 8-98071-424-0 / A-6037 ISUZU 6HK1/FVR34 SKV,14,997,SKV,A581INSKV,Хабаровск
2025-08-26 14:13:02,Фильтр воздушный A-6014S / A578SET / 1-14215-203-0 + 1-14215-217-0 CX#/CY#/CV#/EX# SKV,29,1945,SKV,A-6014S,Хабаровск
2025-08-26 14:13:02,Фильтр воздушный A-852 17220-P2J-003,2,288,RB-exide,A-852,Хабаровск
2025-08-26 14:13:02,Фильтр воздушный A-870 17220-PLC-000,3,221,JMC,A-870,Хабаровск
2025-08-26 14:13:02,Фильтр воздушный A-874 17220-PWC-000,4,222,JMC,A-874,Хабаровск
2025-08-26 14:13:02,Фильтр воздушный A-974 13780-65J00,2,212,JMC,A-974,Хабаровск
2025-08-26 14:13:02,Фильтр воздушный A0040942404SKV Mercedes SKV,65,4875,SKV,A0040942404SKV,Хабаровск
2025-08-26 14:13:02,Фильтр воздушный A0040942404SKV Mercedes дефект,29,1894,SKV,A0040942404SKV,Хабаровск
2025-08-26 14:13:02,Фильтр воздушный A0040943504 / RS5358 / 1485592 Mercedes SKV,19,2965,SKV,A0040943504SKV,Хабаровск
2025-08-26 14:13:02,Фильтр воздушный A0632SKV/8-98183-797-0/1K08-23-603/ 4JJ1T N-series/Mazda Titan/Nissan Atlas SKV,71,1736,SKV,A0632,Хабаровск
2025-08-26 14:13:02,Фильтр воздушный A1001 17801-28010,2,1291,JMC,A-1001,Хабаровск
2025-08-26 14:13:02,Фильтр воздушный A136/17801-44070/17801-56020 HINO DUTRO/RANGER TOYOTA DYNA/TOYOACE SKV,31,521,SKV,A136,Хабаровск
2025-08-26 14:13:02,Фильтр воздушный A143/17801-54050 TOYOTA DYNA/TOYOACE SKV,62,371,SKV,A143,Хабаровск
2025-08-26 14:13:02,Фильтр воздушный A147/A-1112/17801-61020 HINO DUTRO/RANGER TOYOTA DYNA/TOYOACE SKV,42,461,SKV,A147,Хабаровск
2025-08-26 14:13:02,Фильтр воздушный A161/17801-64070 TOYOTA SKV,79,258,SKV,A161,Хабаровск
2025-08-26 14:13:02,Фильтр воздушный A1724 / А471/WL31-13-Z40,1,411,Дизель,A1724,Хабаровск
2025-08-26 14:13:02,Фильтр воздушный A184/A-1176/17801-67040 TOYOTA HIACE SKV,56,436,SKV,17801-67040,Хабаровск
2025-08-26 14:13:02,Фильтр воздушный A190/A-1143/17801-78011 HINO DUTRO/RANGER SKV,41,474,SKV,17801-78011,Хабаровск
2025-08-26 14:13:02,Фильтр воздушный A22282 / A282J/S1790-21150/1-14215-102-0 HINO700 AZUMI дефект,2,1901,Azumi,A282J,Хабаровск
2025-08-26 14:13:02,Фильтр воздушный A24567 / A567 AZUMI,7,1905,Azumi,A24567,Хабаровск
2025-08-26 14:13:02,Фильтр воздушный A26002IN/17801-3390 / A-1330 HINO 500 (22.5) E4 AZUMI,14,793,Azumi,A26002IN,Хабаровск
2025-08-26 14:13:02,Фильтр воздушный A26031 / 17801-78110 / A13570 HINO 300 E4 SKV,132,602,SKV,A26031,Хабаровск
2025-08-26 14:13:02,Фильтр воздушный A26282IN / A282IN / A-1336M / 17801-3460 AZUMI,1,1242,Azumi,A26282IN,Хабаровск
2025-08-26 14:13:02,Фильтр воздушный A276 / 8-98071-421-0/1-87610-113-1 Isuzu FSR90/FORWARD 4HK1 SKV,69,978,SKV,A276,Хабаровск
2025-08-26 14:13:02,Фильтр воздушный A282IN / A-1336M / 17801-3460 SKV,136,1298,SKV,A282IN,Хабаровск
2025-08-26 14:13:02,Фильтр воздушный A283/A-6124M/16546-99600 NISSAN DIESEL UD SKV,16,2116,SKV,A283,Хабаровск
2025-08-26 14:13:02,Фильтр воздушный A3003 / ME017246 / A1088 SKV дефект,1,378,SKV,A3003SKV,Хабаровск
2025-08-26 14:13:02,Фильтр воздушный A330/A-1008/MB120389/1372-13-Z40 MAZDA TITAN/MMC CANTER SKV,8,512,SKV,A1008,Хабаровск
2025-08-26 14:13:02,Фильтр воздушный A370 / ME073160 / ME073821 SKV,54,2099,SKV,A370SKV,Хабаровск
2025-08-26 14:13:02,Фильтр воздушный A444/A-1711/SL02-13-Z40 MAZDA TITAN SKV,14,655,SKV,A444,Хабаровск
2025-08-26 14:13:02,Фильтр воздушный A446/A1726,2,249,JMC,JE15-13-z40,Хабаровск
2025-08-26 14:13:02,Фильтр воздушный A519 / 8-97030-325-0 / 16546-89TA4 SKV,18,770,SKV,A519,Хабаровск
2025-08-26 14:13:02,Фильтр воздушный A5541S/A-0400/131-8902+131-8903 CATERPILLAR SKV,54,890,SKV,A5541S,Хабаровск
2025-08-26 14:13:02,Фильтр воздушный A5562S / 6I2507 / A-5561 + A-5560 SKV !,6,2577,SKV,A-5562S,Хабаровск
2025-08-26 14:13:02,Фильтр воздушный A581 / 8-98071-423-0 / A24581 ISUZU 6HK1/FVR34 SKV,52,1980,SKV,A581,Хабаровск
2025-08-26 14:13:02,Фильтр воздушный A581SET / 8-98071-423-0+8-98071-424-0/А-6038S ISUZU 6HK1/FVR34 SKV,30,2446,SKV,A581SET,Хабаровск
2025-08-26 14:13:02,Фильтр воздушный A610/A-1306/17220-4090 HINO RANGER SKV,63,764,SKV,A610,Хабаровск
2025-08-26 14:13:02,"Фильтр воздушный A617 / A620 / 17801-2830 HINO, HINO 500, 700 SKV",3,2105,SKV,A617SKV,Хабаровск
2025-08-26 14:13:02,Фильтр воздушный A621/A-1327/17801-2990 HINO RANGER SKV,4,950,SKV,A621,Хабаровск
2025-08-26 14:13:02,Фильтр воздушный A622 / A-1324 / S1780-13360 / 17801-E0010 HINO 500 (19.5) SKV,171,1000,SKV,A622,Хабаровск
2025-08-26 14:13:02,Фильтр воздушный A7607/A271/16546-99203 Sakura,4,841,Дизель,A7607,Хабаровск
2025-08-26 14:13:02,Фильтр воздушный A854 / 17220P72000,1,444,JMC,A854,Хабаровск
2025-08-26 14:13:02,Фильтр воздушный A8602S/R140142270 + R20142280 KUBOTA SKV,59,659,SKV,A8602S,Хабаровск
2025-08-26 14:13:02,Фильтр воздушный A868V 17220-PNB-003,1,261,JMC,A-868V,Хабаровск
2025-08-26 14:13:02,Фильтр воздушный A869,2,915,JMC,A-869,Хабаровск
2025-08-26 14:13:02,Фильтр воздушный A956,1,284,JMC,A956,Хабаровск
2025-08-26 14:13:02,Фильтр воздушный AF25289M,2,1637,JMC,AF25289M,Хабаровск
2025-08-26 14:13:02,Фильтр воздушный AF975М Fleetguard,1,7811,JMC,AF975М,Хабаровск
2025-08-26 14:13:02,Фильтр воздушный AGAMA A367 / A5408,1,656,JMC,A367,Хабаровск
2025-08-26 14:13:02,Фильтр воздушный AN-221/A-2009 16546-41B00,1,296,RB-exide,AN-221,Хабаровск
2025-08-26 14:13:02,Фильтр воздушный BRONCO BRA0584 / A622,1,1339,Дизель,A622,Хабаровск
2025-08-26 14:13:02,Фильтр воздушный CA5788 / 0072655 BALDWIN,4,9011,Baldwin,CA5788,Хабаровск
2025-08-26 14:13:02,Фильтр воздушный CP50001SKV/C500041/A0040946804/A0040949204 MB Actros II/Arocs/Antos SKV,93,4012,SKV,CP50001,Хабаровск
2025-08-26 14:13:02,Фильтр воздушный D-126966/1109060-55A+1109070-55A/K2845 FAW Дизель,44,1845,Дизель,D-126966,Хабаровск
2025-08-26 14:13:02,Фильтр воздушный D-127558 / WG9725190102 / K2841 HOWO E-3 Дизель,19,2059,Дизель,D-127558,Хабаровск
2025-08-26 14:13:02,Фильтр воздушный D-127574 / 5801317097 IVECO Daily Дизель,7,1023,Дизель,D-127574,Хабаровск
2025-08-26 14:13:02,Фильтр воздушный D-128297 / 1109130R1040 / S11090010-A7 JAC Дизель,75,428,Дизель,D-128297,Хабаровск
2025-08-26 14:13:02,Фильтр воздушный DA-13570 / 17801-78110 / A26031 HINO 300 E4 Дизель,268,719,Дизель,DA-13570,Хабаровск
2025-08-26 14:13:02,Фильтр воздушный DA-13570 / 17801-78110 / A26031 HINO 300 E4 Дизель дефект,1,559,Дизель,DA-13570,Хабаровск
2025-08-26 14:13:02,Фильтр воздушный DA-1510 / A519 / 8-97030-325-0 / 16546-89TA4 Дизель,29,738,Дизель,DA-1510,Хабаровск
2025-08-26 14:13:02,Фильтр воздушный DA-3030 / ML242294 / ME422880 / 16546-HJ00B Fuso Canter E-5 Дизель,26,1818,Дизель,DA-3030,Хабаровск
2025-08-26 14:13:02,Фильтр воздушный DA-581 / 8-98071-423-0 / A24581 6HK1/FVR34 Diesel дефект,2,1117,Diesel,DA-581,Хабаровск
2025-08-26 14:13:02,Фильтр воздушный DA-581IN / 8-98071-424-0 / A-6037 6HK1/FVR34 Diesel,43,559,Дизель,DA-581IN,Хабаровск
2025-08-26 14:13:02,"Фильтр воздушный DA-6025SET/1-87610-166-0+1-14215-220-0 (DA-6018+DA-6026) ISUZU C, E-series Дизель",92,3536,Дизель,DA-6025SET,Хабаровск
2025-08-26 14:13:02,Фильтр воздушный DZ9112190328-1 / K3052 set SHACMAN WP12 SKV,66,2457,SKV,DZ9112190328-1SKV,Хабаровск
2025-08-26 14:13:02,Фильтр воздушный ELP3726,5,441,JMC,ELP3726,Хабаровск
2025-08-26 14:13:02,Фильтр воздушный ESR4238 Land Rover,1,945,JMC,ESR4238,Хабаровск
2025-08-26 14:13:02,Фильтр воздушный F059264,4,2336,JMC,F059264,Хабаровск
2025-08-26 14:13:02,Фильтр воздушный FUSO / POWER CORE / AUR805 / ME422778; P627090 /,1,5179,JMC,AUR805,Хабаровск
2025-08-26 14:13:02,Фильтр воздушный GOODWILL AG1022,2,157,JMC,AG1022,Хабаровск
2025-08-26 14:13:02,Фильтр воздушный JAPKO 20919,1,403,JMC,703301210,Хабаровск
2025-08-26 14:13:02,Фильтр воздушный K3250/DZ9118190230-X set WP10 SKV,112,2580,SKV,DZ9118190230-X,Хабаровск
2025-08-26 14:13:02,Фильтр воздушный LL1885 !,2,4210,Baldwin,LL1885,Хабаровск
2025-08-26 14:13:02,Фильтр воздушный MANN 100016RX TGA 18-41.660,1,1761,JMC,82084050020,Хабаровск
2025-08-26 14:13:02,Фильтр воздушный MB-KU808AB Mn,1,1275,Дизель,MB-KU808AB,Хабаровск
2025-08-26 14:13:02,Фильтр воздушный ML242294 Fuso Canter E-5 SKV,67,1969,SKV,ML242294,Хабаровск
2025-08-26 14:13:02,Фильтр воздушный P182054/LL1681-FN/6424690 Donaldson,14,3495,Donaldson,P182054,Хабаровск
2025-08-26 14:13:02,Фильтр воздушный P532501 Caterpillar Donaldson,1,3968,Donaldson,P532501,Хабаровск
2025-08-26 14:13:02,Фильтр воздушный P532502/ 6I2502 Catapillar,1,1037,JMC,P532502,Хабаровск
2025-08-26 14:13:02,Фильтр воздушный P533882 / RS3700XP / RS3700 Donaldson,1,10557,Donaldson,P533882,Хабаровск
2025-08-26 14:13:02,Фильтр воздушный P821575 / 12.1.27.0169 / KSD1100 SuperSnow Donaldson,13,3814,Donaldson,P821575,Хабаровск
2025-08-26 14:13:02,Фильтр воздушный PA1704 !,9,602,Baldwin,PA1704,Хабаровск
2025-08-26 14:13:02,Фильтр воздушный PA1893,33,3228,Baldwin,PA1893,Хабаровск
2025-08-26 14:13:02,Фильтр воздушный PA1911,3,1142,Baldwin,PA1911,Хабаровск
2025-08-26 14:13:02,Фильтр воздушный PA2664 / 600-182-3510 / 600-181-2500 BW !,30,3515,Baldwin,PA2664,Хабаровск
2025-08-26 14:13:02,Фильтр воздушный PA2665 / 600-181-2450 / 600-182-3530 !,4,1798,Baldwin,PA2665,Хабаровск
2025-08-26 14:13:02,Фильтр воздушный PA2788,5,3779,Baldwin,PA2788,Хабаровск
2025-08-26 14:13:02,Фильтр воздушный PA2805 / C085004 Donaldson,5,3758,Donaldson,PA2805,Хабаровск
2025-08-26 14:13:02,Фильтр воздушный PA2977-FN !,1,2317,Baldwin,PA2977-FN,Хабаровск
2025-08-26 14:13:02,Фильтр воздушный PA3939 / 4I1278 !,3,2690,Baldwin,PA3939,Хабаровск
2025-08-26 14:13:02,Фильтр воздушный PA4372 !,5,894,Baldwin,PA4372,Хабаровск
2025-08-26 14:13:02,Фильтр воздушный PA4912 / A0008301218 !,4,3387,Baldwin,PA4912,Хабаровск
2025-08-26 14:13:02,Фильтр воздушный PA5327 PC12/10 !,19,1381,Baldwin,PA5327,Хабаровск
2025-08-26 14:13:02,Фильтр воздушный PA5336 / 504024890 / 2995964 (салон) !,9,1415,Baldwin,PA5336,Хабаровск
2025-08-26 14:13:02,Фильтр воздушный PA5364 / 2996155 BW,4,6339,Baldwin,PA5364,Хабаровск
2025-08-26 14:13:02,Фильтр воздушный PA5365 / 41214149 / 2996157 внутр IVECO BW !,19,6165,Baldwin,PA5365,Хабаровск
2025-08-26 14:13:02,Фильтр воздушный PA5512 !,14,1761,Baldwin,PA5512,Хабаровск
2025-08-26 14:13:02,Фильтр воздушный PA5515 BALDWIN,17,4496,Baldwin,PA5515,Хабаровск
2025-08-26 14:13:02,Фильтр воздушный PA5634 BALDWIN,1,3237,Baldwin,PA5634,Хабаровск
2025-08-26 14:13:02,Фильтр воздушный RA6112/ A0040943504 Mercedes/Filter AG !,2,4594,Filter AG,RA6112,Хабаровск
2025-08-26 14:13:02,Фильтр воздушный RS30065 KIT Bw,5,16310,Baldwin,RS30065KIT,Хабаровск
2025-08-26 14:13:02,Фильтр воздушный RS3509 / 6I0274 !,24,1862,Baldwin,RS3509,Хабаровск
2025-08-26 14:13:02,Фильтр воздушный RS3510 !,4,2744,Baldwin,RS3510,Хабаровск
2025-08-26 14:13:02,Фильтр воздушный RS3511 !,12,2545,Baldwin,RS3511,Хабаровск
2025-08-26 14:13:02,Фильтр воздушный RS3512 ! BW,41,5119,Baldwin,RS3512,Хабаровск
2025-08-26 14:13:02,Фильтр воздушный RS3513 !,34,3086,Baldwin,RS3513,Хабаровск
2025-08-26 14:13:02,Фильтр воздушный RS3513 !,1,2695,Baldwin,RS3513,Хабаровск
2025-08-26 14:13:02,Фильтр воздушный RS3545 / 77007056 !,10,1012,Baldwin,RS3545,Хабаровск
2025-08-26 14:13:02,Фильтр воздушный RS3701 !,10,2751,Baldwin,RS3701,Хабаровск
2025-08-26 14:13:02,Фильтр воздушный RS3717,1,1988,Baldwin,RS3717,Хабаровск
2025-08-26 14:13:02,Фильтр воздушный RS3736,9,2534,Baldwin,RS3736,Хабаровск
2025-08-26 14:13:02,Фильтр воздушный RS3737 BW,8,3476,Baldwin,RS3737,Хабаровск
2025-08-26 14:13:02,Фильтр воздушный RS3745 / 7414300 !,4,2151,Baldwin,RS3745,Хабаровск
2025-08-26 14:13:02,Фильтр воздушный RS3745 / F434395 !,27,1196,Baldwin,RS3745,Хабаровск
2025-08-26 14:13:02,Фильтр воздушный RS3870 !,11,9761,Baldwin,RS3870,Хабаровск
2025-08-26 14:13:02,Фильтр воздушный RS3870 / 7370955 Bw,1,4896,Baldwin,RS3870,Хабаровск
2025-08-26 14:13:02,Фильтр воздушный RS3871 / 7370956 Bw !,4,2582,Baldwin,RS3871,Хабаровск
2025-08-26 14:13:02,Фильтр воздушный RS3885 / АТ203470 / F052646 / 7412733 !,3,1419,Baldwin,RS3885,Хабаровск
2025-08-26 14:13:02,Фильтр воздушный RS3921 !,1,1328,Baldwin,RS3921,Хабаровск
2025-08-26 14:13:02,Фильтр воздушный RS3954 !,23,3433,Baldwin,RS3954,Хабаровск
2025-08-26 14:13:02,Фильтр воздушный RS3996 / 2456375 / 0060161 Baldwin !,57,5212,Baldwin,RS3996,Хабаровск
2025-08-26 14:13:02,Фильтр воздушный RS3997 / 2456376 / 0060251 Baldwin,17,2577,Baldwin,RS3997,Хабаровск
2025-08-26 14:13:02,Фильтр воздушный RS4621/ F044979 / 5036782 !,3,1199,Baldwin,RS4621,Хабаровск
2025-08-26 14:13:02,Фильтр воздушный RS4992 Bw,1,4614,Baldwin,RS4992,Хабаровск
2025-08-26 14:13:02,Фильтр воздушный RS5362 / A0040942404 Baldwin !,5,13086,Baldwin,RS5362,Хабаровск
2025-08-26 14:13:02,Фильтр воздушный SA986G / 1378086G00,1,346,JMC,SA986G,Хабаровск
2025-08-26 14:13:02,Фильтр воздушный SAKURA AS1168,1,1823,JMC,AS1168,Хабаровск
2025-08-26 14:13:02,Фильтр воздушный SB-965/41272211/С331465/1/1019084S01/2992374/AF26204/C331840/27.391.00 Iveco,1,5661,Iveco,2992374,Хабаровск
2025-08-26 14:13:02,Фильтр воздушный SURE FILTER SFA3160S,1,859,JMC,3EB0225550,Хабаровск
2025-08-26 14:13:02,Фильтр воздушный TOP A1011,2,348,JMC,A1011,Хабаровск
2025-08-26 14:13:02,Фильтр воздушный TOP A197,2,217,JMC,A197,Хабаровск
2025-08-26 14:13:02,Фильтр воздушный TOPFILS AI0004,1,1056,JMC,AI0004,Хабаровск
2025-08-26 14:13:02,Фильтр воздушный VIC A1031,2,1141,JMC,A1031,Хабаровск
2025-08-26 14:13:02,Фильтр воздушный WG9725190102 / K2841 SHACMAN/FAW SKV,11,1784,SKV,WG9725190102,Хабаровск
2025-08-26 14:13:02,Фильтр воздушный WG9X25190061 + WG9X25190062 / PU2752 Sitrak C7H ORIG,53,3953,Howo,WG9X25190061 + WG9X25190062,Хабаровск
2025-08-26 14:13:02,Фильтр воздушный А1039/А3007,3,1177,JMC,А1039,Хабаровск
2025-08-26 14:13:02,Фильтр воздушный А-5522,1,759,JMC,A5522,Хабаровск
2025-08-26 14:13:02,Фильтр воздушный А5613-S Komatsu,2,10078,JMC,А5613-S,Хабаровск
2025-08-26 14:13:02,Фильтр воздушный А8577,4,1343,JMC,А8577-S,Хабаровск
2025-08-26 14:13:02,Фильтр воздушный внешний 17801-3380SKV / A-1325 HINO 500 (22.5) E-4 SKV,73,1591,SKV,17801-3380,Хабаровск
2025-08-26 14:13:02,Фильтр воздушный внешний 17801-E0130SKV HINO 700 E-5 SKV,15,3205,SKV,17801-E0130,Хабаровск
2025-08-26 14:13:02,Фильтр воздушный внешний 710W08405-0032 SKV,53,933,SKV,710W08405-0032SKV,Хабаровск
2025-08-26 14:13:02,Фильтр воздушный внешний DA-1325 / 17801-3380 HINO 500 22.5 E-4 Дизель,317,1089,Дизель,DA-1325,Хабаровск
2025-08-26 14:13:02,Фильтр воздушный внутр 710W08405-0017 Howo/Sitrak ORIG,596,1629,Howo,710W08405-0017,Хабаровск
2025-08-26 14:13:02,Фильтр воздушный внутр 710W08405-0017 Howo/Sitrak SKV,62,615,SKV,710W08405-0017,Хабаровск
2025-08-26 14:13:02,Фильтр воздушный внутр AF880SKV / 4305m-01 CATERPILLAR/CUMMINS/KOMATSU/БЕЛАЗ SKV,19,1321,SKV,AF880,Хабаровск
2025-08-26 14:13:02,Фильтр воздушный внутренний (огнеупорный) 2414659 Scania SKV,41,1201,SKV,2414659,Хабаровск
2025-08-26 14:13:02,Фильтр воздушный внутренний 1109-03726IN YUTONG bus SKV,73,879,SKV,1109-03726IN,Хабаровск
2025-08-26 14:13:02,Фильтр воздушный внутренний 17801-3390SKV / A-1330 HINO 500 (22.5) E4 SKV,45,724,SKV,17801-3390,Хабаровск
2025-08-26 14:13:02,Фильтр воздушный внутренний 17801-E0140SKV HINO 700 E-5 SKV,77,1069,SKV,17801-E0140,Хабаровск
2025-08-26 14:13:02,Фильтр воздушный внутренний 87682999 / 1106331 NEW HOLLAND,5,1875,JMC,87682999,Хабаровск
2025-08-26 14:13:02,"Фильтр воздушный внутренний A6026SKV / A6023 / 1-14215-220-0 ISUZU C,E-series SKV",150,1324,SKV,A6026,Хабаровск
2025-08-26 14:13:02,Фильтр воздушный внутренний P134354 / PA3689 / 600-181-1680 Donaldson,4,4628,Donaldson,P134354,Хабаровск
2025-08-26 14:13:02,Фильтр воздушный внутренний SL5897,8,1056,JMC,SL5897,Хабаровск
2025-08-26 14:13:02,Фильтр воздушный наруж AF899MSKV / 4305M CATERPILLAR/CUMMINS/KOMATSU/БЕЛАЗ SKV,22,4673,SKV,AF899MSKV,Хабаровск
2025-08-26 14:13:02,Фильтр воздушный наруж WG9525195201/1 710W08405-0032 Howo/Sitrak ORIG,700,4672,Howo,710W08405-0032,Хабаровск
2025-08-26 14:13:02,Фильтр воздушный наружный 1109-03726OUT YUTONG bus SKV,59,3212,SKV,1109-03726,Хабаровск
2025-08-26 14:13:02,"Фильтр воздушный наружный A6018SKV / A281 / 1-87610-166-0 / 1-87617-007-0/1 ISUZU C,E-series SKV",111,2594,SKV,A6018SKV,Хабаровск
2025-08-26 14:13:02,"Фильтр воздушный наружный DA-6018/A281/1-87610-166-0/1-87617-007-0/1 ISUZU C, E-series Diesel",65,2615,Дизель,DA-6018,Хабаровск
2025-08-26 14:13:02,Фильтр воздушный наружный PA2478/600-181-4400 !,10,3965,Baldwin,PA2478,Хабаровск
2025-08-26 14:13:02,Фильтр воздушный пикап 1109130P3040-AM001 T6 JAC SKV,21,314,SKV,1109130P3040-AM001,Хабаровск
2025-08-26 14:13:02,Фильтр гидравлический 1G8878 / BT8851-MPG YNY,22,1587,YNY,1G8878,Хабаровск
2025-08-26 14:13:02,Фильтр гидравлический 1R0722 / PT83 YNY,13,1047,YNY,1R0722,Хабаровск
2025-08-26 14:13:02,Фильтр гидравлический 3222309848/HY10333 Atlas Copco Epiroc,8,16767,JMC,3222309848,Хабаровск
2025-08-26 14:13:02,Фильтр гидравлический BT8333/4I-3948,4,2011,Baldwin,BT8333,Хабаровск
2025-08-26 14:13:02,Фильтр гидравлический BT8497-MPG Bw,1,3215,Baldwin,BT8497-MPG,Хабаровск
2025-08-26 14:13:02,Фильтр гидравлический BT8840-MPG / 0019541 / 11004917 Baldwin !,8,3481,Baldwin,BT8840-MPG,Хабаровск
2025-08-26 14:13:02,Фильтр гидравлический BT8851-MPG / 1G8878 !,47,5674,Baldwin,BT8851-MPG,Хабаровск
2025-08-26 14:13:02,Фильтр гидравлический BT8876-MPG / 04698884 BW,8,7572,Baldwin,BT8876-MPG,Хабаровск
2025-08-26 14:13:02,Фильтр гидравлический BT8878-MPG !,10,7265,Baldwin,BT8878-MPG,Хабаровск
2025-08-26 14:13:02,Фильтр гидравлический BT9353-MPG !,2,4326,Baldwin,BT9353-MPG,Хабаровск
2025-08-26 14:13:02,Фильтр гидравлический H-5504 SKV !,63,639,SKV,H-5504,Хабаровск
2025-08-26 14:13:02,Фильтр гидравлический H-5510 SKV !,52,765,SKV,H-5510,Хабаровск
2025-08-26 14:13:02,Фильтр гидравлический H-5639,21,1716,JMC,H-5639,Хабаровск
2025-08-26 14:13:02,Фильтр гидравлический H9074 BW !,5,3519,Baldwin,H9074,Хабаровск
2025-08-26 14:13:02,Фильтр гидравлический HD1044 /706-301-1054/PT516 MANN-FILTER,1,834,Дизель,HD1044,Хабаровск
2025-08-26 14:13:02,Фильтр гидравлический HY9790,12,1758,JMC,HY9790,Хабаровск
2025-08-26 14:13:02,Фильтр гидравлический MB-P936 / 07063-01100 / PT539 / P557380 Mn дефект,1,406,Monbow Filter,MB-P936,Хабаровск
2025-08-26 14:13:02,Фильтр гидравлический MB-P938 / P551142,1,742,Monbow Filter,MB-P938,Хабаровск
2025-08-26 14:13:02,Фильтр гидравлический MB-PX654 / HF28894 Mn,7,1228,Дизель,MB-PX654,Хабаровск
2025-08-26 14:13:02,Фильтр гидравлический N9086 / AT112393 Caterpillar Ев,5,7043,JMC,N9086,Хабаровск
2025-08-26 14:13:02,Фильтр гидравлический P164200 / PT189 DONALDSON,4,6002,Donaldson,P164200,Хабаровск
2025-08-26 14:13:02,Фильтр гидравлический P557380 / PT539 Donaldson,41,3675,Donaldson,P557380,Хабаровск
2025-08-26 14:13:02,Фильтр гидравлический P7145 !,30,1903,Baldwin,P7145,Хабаровск
2025-08-26 14:13:02,Фильтр гидравлический P7188 / 0059057 / 0072974 / 69042849 Baldwin !,80,1426,Baldwin,P7188,Хабаровск
2025-08-26 14:13:02,Фильтр гидравлический PT189-MPG !,24,1664,Baldwin,PT189-MPG,Хабаровск
2025-08-26 14:13:02,Фильтр гидравлический PT23528-MPG Baldwin,26,2381,Baldwin,PT23528-MPG,Хабаровск
2025-08-26 14:13:02,Фильтр гидравлический PT397 !,19,2662,Baldwin,PT397,Хабаровск
2025-08-26 14:13:02,Фильтр гидравлический PT483 / 2474-9404A !,33,3830,Baldwin,PT483,Хабаровск
2025-08-26 14:13:02,Фильтр гидравлический PT670 BW,9,1928,Baldwin,PT670,Хабаровск
2025-08-26 14:13:02,Фильтр гидравлический PT83 !,49,1963,Baldwin,PT83,Хабаровск
2025-08-26 14:13:02,Фильтр гидравлический PT8392 / 4294135 !,20,1183,Baldwin,PT8392,Хабаровск
2025-08-26 14:13:02,Фильтр гидравлический PT8403-MPG / 132-8875 !,2,1743,Baldwin,PT8403-MPG,Хабаровск
2025-08-26 14:13:02,Фильтр гидравлический PT8436/126-2081 !,10,3787,Baldwin,PT8436,Хабаровск
2025-08-26 14:13:02,Фильтр гидравлический PT8455-MPG / F045827 !,30,5351,Baldwin,PT8455-MPG,Хабаровск
2025-08-26 14:13:02,Фильтр гидравлический PT8461 BALDWIN,18,1129,Baldwin,PT8461,Хабаровск
2025-08-26 14:13:02,Фильтр гидравлический PT8478/4333469/7063-01-383/2086-06-1150 !,27,6743,Baldwin,PT8478,Хабаровск
2025-08-26 14:13:02,Фильтр гидравлический PT8971-MPG / 0061012 / 5044078 Baldwin !,51,11899,Baldwin,PT8971-MPG,Хабаровск
2025-08-26 14:13:02,Фильтр гидравлический PT91 / 4T0522 Baldwin !,3,1125,Baldwin,PT91,Хабаровск
2025-08-26 14:13:02,Фильтр гидравлический PT9245 !,14,9487,Baldwin,PT9245,Хабаровск
2025-08-26 14:13:02,Фильтр гидравлический PT9337-MPG !,5,3279,Baldwin,PT9337-MPG,Хабаровск
2025-08-26 14:13:02,Фильтр гидравлический PT9351-MPG/207-607-1180 !,1,3244,Baldwin,PT9351-MPG,Хабаровск
2025-08-26 14:13:02,Фильтр гидравлический PT9352 !,38,5029,Baldwin,PT9352,Хабаровск
2025-08-26 14:13:02,Фильтр гидравлический PT9414-MPG / F058437 !,38,6332,Baldwin,PT9414-MPG,Хабаровск
2025-08-26 14:13:02,Фильтр гидравлический PТ8496-MPG !,1,2309,Baldwin,PT8496-MPG,Хабаровск
2025-08-26 14:13:02,Фильтр гидравлический PТ9162 !,7,1922,Baldwin,PT9162,Хабаровск
2025-08-26 14:13:02,Фильтр гидравлический WC-5712/WF-2074/WF-2077/B5134,2,574,JMC,3316053,Хабаровск
2025-08-26 14:13:02,Фильтр гидравлический ВТ8333 !,6,2145,Baldwin,BT8333,Хабаровск
2025-08-26 14:13:02,Фильтр гидравлический Н5610,5,449,JMC,Н5610,Хабаровск
2025-08-26 14:13:02,Фильтр ГУР 5802512084 HONGYAN,9,561,Дизель,5802512084,Хабаровск
2025-08-26 14:13:02,Фильтр кабины 9020003855 / A0008301218 / AF55722 / AC9077T Mercedes/Europart !,3,2381,Europart,9020 003 855,Хабаровск
2025-08-26 14:13:02,Фильтр кабины AC9077T/AF55722 /9020003855 / A0008301218 Mercedes/Filter AG,13,914,Filter AG,AC 9077 T,Хабаровск
2025-08-26 14:13:02,Фильтр кабины PA5636/PB7001 !,8,3268,Baldwin,PA5636,Хабаровск
2025-08-26 14:13:02,Фильтр маслянный C-010 YF09-14-302,2,251,JMC,C-010,Хабаровск
2025-08-26 14:13:02,Фильтр маслянный C-022E 7700033408,1,228,JMC,C-022E,Хабаровск
2025-08-26 14:13:02,Фильтр маслянный C-417 AJ04-14-302,2,205,JMC,C-417,Хабаровск
2025-08-26 14:13:02,Фильтр масляный (турбо) 1010210GD052 S5 (JAC) SKV,336,304,SKV,1010210GD052,Хабаровск
2025-08-26 14:13:02,Фильтр масляный (турбо) 1010210GD052 S5 JAC ORIG,16,630,JAC,1010210GD052,Хабаровск
2025-08-26 14:13:02,Фильтр масляный 1000424655 JAC N350 ORIG,40,3680,JAC,1000424655,Хабаровск
2025-08-26 14:13:02,"Фильтр масляный 1010208GD190 S5, T6 (бенз.) JAC ORIG",7,858,JAC,1010208GD190,Хабаровск
2025-08-26 14:13:02,Фильтр масляный 1010210GA N35 JAC ORIG,15,394,JAC,1010210GA,Хабаровск
2025-08-26 14:13:02,Фильтр масляный 1010301FA N56 E-4 (JAC) SKV,304,328,SKV,1010301FA,Хабаровск
2025-08-26 14:13:02,Фильтр масляный 1010320FD060-AM001 N35 W5038 (JAC) SKV,206,274,SKV,1010320FD060-AM001,Хабаровск
2025-08-26 14:13:02,Фильтр масляный 1010320FD060-AM001 N35 W5038 JAC ORIG,53,544,JAC,1010320FD060-AM001,Хабаровск
2025-08-26 14:13:02,Фильтр масляный 1012010-36D DL2-E5 SKV,435,388,SKV,1012010-36D,Хабаровск
2025-08-26 14:13:02,Фильтр масляный 1012010-81DF/1012010А53DM/SMJ-60300006/LF16175 FAW SKV,395,665,SKV,1012010-81DF,Хабаровск
2025-08-26 14:13:02,Фильтр масляный 1012010-81DF/1012010А53DM/SMJ-60300006/LF16175 FAW Дизель,54,714,Дизель,1012010-81DF,Хабаровск
2025-08-26 14:13:02,Фильтр масляный 1629393SKV / EO-68040 / HU12103X DAF CF85/XF105 SKV,291,386,SKV,1629393SKV,Хабаровск
2025-08-26 14:13:02,Фильтр масляный 2625884SKV/2022275 Scania,310,539,SKV,2022275SKV,Хабаровск
2025-08-26 14:13:02,Фильтр масляный 26325-52003 HYUNDAI GOLD D6GA SKV,258,220,SKV,26325-52003,Хабаровск
2025-08-26 14:13:02,"Фильтр масляный 26452-72001 HYUNDAI HD h=14мм /D6A, 6D22 !",1,295,Дизель,2645272001,Хабаровск
2025-08-26 14:13:02,Фильтр масляный 3313283 / LF777 / JXB1604 YNY,18,779,YNY,3313283,Хабаровск
2025-08-26 14:13:02,Фильтр масляный 51055040096/P550451/LF3754 HOWO/MAN SKV,440,494,SKV,51055040096,Хабаровск
2025-08-26 14:13:02,Фильтр масляный 600-211-1340/YLX-O-0064 KOMATSU MEX,24,1337,MEX,600-211-1340,Хабаровск
2025-08-26 14:13:02,Фильтр масляный 8-97148-270-1 / 5-87610-031-0 / 5-87610-117-0 /8-98328-207-0 (C526J) ORIG,29,2738,Isuzu,8-98328-207-0,Хабаровск
2025-08-26 14:13:02,Фильтр масляный 8-97148-270-1 / 5-87610-031-0 / 5-87610-117-0/8-98328-207-0 (C526J) ORIG CHINA,690,1933,Isuzu,5-87610-117-0,Хабаровск
2025-08-26 14:13:02,Фильтр масляный A0001801709 / LF3914 / EF1040 A.G.,7,617,JMC,A0001801709,Хабаровск
2025-08-26 14:13:02,Фильтр масляный B336 BW !,4,478,Baldwin,B336,Хабаровск
2025-08-26 14:13:02,Фильтр масляный B7174-MPG / 2992544 !,91,2258,Baldwin,B7174-MPG,Хабаровск
2025-08-26 14:13:02,Фильтр масляный B7181 BW !,11,1011,Baldwin,B7181,Хабаровск
2025-08-26 14:13:02,Фильтр масляный B7274 BW !,1,816,Baldwin,B7274,Хабаровск
2025-08-26 14:13:02,Фильтр масляный B7299 / 1R-1808 BW !,12,2750,Baldwin,B7299,Хабаровск
2025-08-26 14:13:02,Фильтр масляный B7322 / RE504836 BW !,6,1856,Baldwin,B7322,Хабаровск
2025-08-26 14:13:02,Фильтр масляный BD1403/C223/C309/C6105 BW !,9,3638,Baldwin,BD1403,Хабаровск
2025-08-26 14:13:02,Фильтр масляный BD325 BW !,89,1022,Baldwin,BD325,Хабаровск
2025-08-26 14:13:02,Фильтр масляный BT216 !,59,1092,Baldwin,BT216,Хабаровск
2025-08-26 14:13:02,Фильтр масляный BT9318 / 1301696 Bw !,1,2284,Baldwin,BT9318,Хабаровск
2025-08-26 14:13:02,Фильтр масляный BT9402 !,5,2390,Baldwin,BT9402,Хабаровск
2025-08-26 14:13:02,Фильтр масляный BT9553 !,5,2183,Baldwin,BT9553,Хабаровск
2025-08-26 14:13:02,Фильтр масляный C110 / 90915-10001 / 15601-33021 SKV,781,184,SKV,C110SKV,Хабаровск
2025-08-26 14:13:02,Фильтр масляный C205,29,161,JMC,C205,Хабаровск
2025-08-26 14:13:02,Фильтр масляный C216/C-6103/15201-Z9000 NISSAN CONDOR/CAT/KOMATSU SKV,1,734,SKV,C216,Хабаровск
2025-08-26 14:13:02,Фильтр масляный C22223 / C223 AZUMI,1,2110,Azumi,C223J,Хабаровск
2025-08-26 14:13:02,Фильтр масляный C223 / 15201-Z9013 / ME074235 SKV,610,1029,SKV,C223,Хабаровск
2025-08-26 14:13:02,Фильтр масляный C24509 / C509 AZUMI,1,1110,Azumi,C-24509,Хабаровск
2025-08-26 14:13:02,Фильтр масляный C26602 / C602 /S1560-71733/ 5-86506-949-0 AZUMI,28,2066,Azumi,C26602,Хабаровск
2025-08-26 14:13:02,"Фильтр масляный C305 / ME014838 / 26320-41402 MMC Canter/HYUNDAI CHORUS/HD250,350 SKV",911,368,SKV,C305SKV,Хабаровск
2025-08-26 14:13:02,Фильтр масляный C306/MD069782 MMC/MAZDA/NISSAN SKV,1,300,SKV,C306,Хабаровск
2025-08-26 14:13:02,Фильтр масляный C313 / C-1012 / C-5816 / 26311-45001 / 26311-45010 / ME013307 SKV,741,582,SKV,C313SKV,Хабаровск
2025-08-26 14:13:02,Фильтр масляный C315 / ME088532 / ME228898 SKV,269,789,SKV,C315,Хабаровск
2025-08-26 14:13:02,Фильтр масляный C409А / SL02-23-802 / TFY0-14-302 SKV,631,502,SKV,C409A,Хабаровск
2025-08-26 14:13:02,Фильтр масляный C411 / SL50-14-V61 SKV,688,356,SKV,C411,Хабаровск
2025-08-26 14:13:02,Фильтр масляный C503 / 5-13211-018-0 / 8-94167-399-0 / ME997803 SKV,85,394,SKV,C503,Хабаровск
2025-08-26 14:13:02,"Фильтр масляный C506 / 8-94340-259-1 ELF250/350/450, MAZDA BONGO/FORD, N-Vanette SKV",445,312,SKV,C506SKV,Хабаровск
2025-08-26 14:13:02,Фильтр масляный C510 / C1506/ 1-13240-161-2 ISUZU F-series 6BD1-Т/6BG1 SKV,563,480,SKV,C510SKV,Хабаровск
2025-08-26 14:13:02,"Фильтр масляный C513 / 8-94463-713-1 ISUZU ELF250/350/450 4BE1/2,BC2,BD1,BG1 SKV",411,239,SKV,C513,Хабаровск
2025-08-26 14:13:02,Фильтр масляный C519/C-1523/15208-89TA2 ISUZU ELF/NISSAN ATLAS/HINO RANGER/PROFIA SKV,9,323,SKV,C519,Хабаровск
2025-08-26 14:13:02,Фильтр масляный C525 / C-1513 / 1-87610-064-0 / 8-94391-049-0 / 8-94396-375-4 SKV,2270,765,SKV,C525,Хабаровск
2025-08-26 14:13:02,Фильтр масляный C5701 / 600-211-1231 / 600-211-1291 SKV !,192,555,SKV,C5701,Хабаровск
2025-08-26 14:13:02,Фильтр масляный C5703 Sakura,1,926,JMC,C5703,Хабаровск
2025-08-26 14:13:02,Фильтр масляный C5710,1,2502,JMC,C5710,Хабаровск
2025-08-26 14:13:02,Фильтр масляный C602 /C-1303/S1560-71733 / 5-86506-949-0 SKV,736,833,SKV,C602,Хабаровск
2025-08-26 14:13:02,Фильтр масляный C606 /15607-2200 / 15607-1670 / 15209-Z5002 SKV,480,760,SKV,C606,Хабаровск
2025-08-26 14:13:02,"Фильтр масляный C607SKV / 15607-2210 / 15613-89105 HINO Dutro/Ranger/T-Dyna/S05D/C,J05/07C,N04C",376,589,SKV,C607,Хабаровск
2025-08-26 14:13:02,"Фильтр масляный C608 /C-1318/C-1328/15613-89106/15613-E0080 HINO300 E-3, 4 /T-DYNA N04C/W04D SKV",1187,505,SKV,C608,Хабаровск
2025-08-26 14:13:02,Фильтр масляный C805 / 8-97112-263-0 Isuzu CYZ51/52 SKV,544,247,SKV,C805,Хабаровск
2025-08-26 14:13:02,Фильтр масляный C807,1,153,JMC,C807,Хабаровск
2025-08-26 14:13:02,Фильтр масляный D-126969/JX0818/1000424655/1000942192/SMJ-60300003DM SHACMAN X3000 WP10 E5 Дизель,1,376,Дизель,D-126969,Хабаровск
2025-08-26 14:13:02,Фильтр масляный D-127562 / 200V05504-0122 Sitrak C7H Дизель,213,649,Дизель,D-127562,Хабаровск
2025-08-26 14:13:02,Фильтр масляный D-127604 / 26311-45001/26311-45010 Hyundai HD45/65/72/78/COUNTY OTX 98 Дизель,922,447,Дизель,D-127604,Хабаровск
2025-08-26 14:13:02,Фильтр масляный D-127927 / 080V05504-6096 HOWO Дизель,23,561,Дизель,D-127927,Хабаровск
2025-08-26 14:13:02,Фильтр масляный D-128185 / 1012010-A36DF/SMJ-603000011/W950/31 3250 J5 FAW Дизель,232,428,Дизель,D-128185,Хабаровск
2025-08-26 14:13:02,Фильтр масляный D-128473 / 5802302817/SO15010 IVECO/HONGYAN Дизель,10,2389,Дизель,D-128473,Хабаровск
2025-08-26 14:13:02,Фильтр масляный DC-1007 / C223 / 15201-Z9013 / ME074235 Дизель,37,935,Дизель,DC-1007,Хабаровск
2025-08-26 14:13:02,Фильтр масляный DC-526 / 5-87610-117-0/ 5-87610-031-0 / 8-97148-270-0 Дизель,657,626,Дизель,DC-526,Хабаровск
2025-08-26 14:13:02,Фильтр масляный DC-608 / 15613-E0080 N04C/W04D Дизель,406,499,Дизель,DC-608,Хабаровск
2025-08-26 14:13:02,Фильтр масляный EO-10050SKV/A4731800809/P956059/MX001917 MB Actros/MMC Fuso SKV,415,549,SKV,EO10050SKV,Хабаровск
2025-08-26 14:13:02,Фильтр масляный EO1002,2,960,JMC,EO1002,Хабаровск
2025-08-26 14:13:02,Фильтр масляный EO2621SKV/A5411240225/HU12140X MERCEDES SKV,401,387,SKV,EO2621,Хабаровск
2025-08-26 14:13:02,Фильтр масляный EO26330SKV/HU12110X/MX901584 MERCEDES/MITSUBISHI SKV,457,464,SKV,EO26330SKV,Хабаровск
2025-08-26 14:13:02,Фильтр масляный FO-019 FORTECH,5,322,JMC,FO019,Хабаровск
2025-08-26 14:13:02,"Фильтр масляный H295 Caterpillar, New Holland 8100091SX STELLOX",2,2034,JMC,8100091SX,Хабаровск
2025-08-26 14:13:02,Фильтр масляный KIA RHINO(V3) PBB-014,1,3022,JMC,0K87A14317,Хабаровск
2025-08-26 14:13:02,Фильтр масляный LC-341 LYNXauto,3,277,JMC,LC341,Хабаровск
2025-08-26 14:13:02,Фильтр масляный LF16285SKV/612630010239/1000428205 HOWO/SHACMAN SKV,379,611,SKV,LF16285SKV,Хабаровск
2025-08-26 14:13:02,Фильтр масляный LF16352/5262313F-L36059 JAC N120 (BVP quality) ORIG,90,945,JAC,LF16352,Хабаровск
2025-08-26 14:13:02,Фильтр масляный LF17535-AM001 N75/N80/ N120 JAC ORIG,17,2286,JAC,LF17535-AM001,Хабаровск
2025-08-26 14:13:02,Фильтр масляный LF3325SKV/ 3310169 CUMMINS SKV,278,650,SKV,LF3325,Хабаровск
2025-08-26 14:13:02,Фильтр масляный LF9001SKV/76194865 CUMMINS/KOMATSU/DOOSAN SKV,454,939,SKV,LF9001SKV,Хабаровск
2025-08-26 14:13:02,Фильтр масляный LFP9000 D118/H349 LUBER-FINER,2,3903,JMC,LFP9000,Хабаровск
2025-08-26 14:13:02,Фильтр масляный M-O-0007/YLX-O-0007/3318853/LF3000/P553000 MEX,12,1274,MEX,M-O-0007,Хабаровск
2025-08-26 14:13:02,Фильтр масляный MANN O117 / TO1190,1,186,JMC,TO1190,Хабаровск
2025-08-26 14:13:02,Фильтр масляный MB-5801649910 /JXB623 Mn,24,601,Дизель,MB-JXB623,Хабаровск
2025-08-26 14:13:02,Фильтр масляный MB-JX606 / P551670 Mn,1,505,Дизель,MB-JX606,Хабаровск
2025-08-26 14:13:02,Фильтр масляный MB-SX506 / WF2071 / BW5073 / WF2073 Mn !,27,387,Дизель,MB-SX506,Хабаровск
2025-08-26 14:13:02,Фильтр масляный MB-SX533 / WF2076 Mn !,9,532,Дизель,MB-SX533,Хабаровск
2025-08-26 14:13:02,Фильтр масляный MK667378/MK666096/2995655/W940/69 MMC Canter E-5 4P10/Iveco,11,339,Дизель,MK667378,Хабаровск
2025-08-26 14:13:02,Фильтр масляный MMF045033 MANDO,2,809,JMC,A3641800309,Хабаровск
2025-08-26 14:13:02,Фильтр масляный O121,3,268,JMC,O121,Хабаровск
2025-08-26 14:13:02,Фильтр масляный O205 вставка,3,169,JMC,O205,Хабаровск
2025-08-26 14:13:02,Фильтр масляный O258 / OE258J / O-1805 / 15274-90226 SKV,216,494,SKV,O258,Хабаровск
2025-08-26 14:13:02,Фильтр масляный O259 / OE259J / O-1808 / LF3384 / 15274-99029 SKV,16,606,SKV,O259SKV,Хабаровск
2025-08-26 14:13:02,Фильтр масляный O268J JS,2,692,JMC,O268J JS,Хабаровск
2025-08-26 14:13:02,Фильтр масляный O269J JS,4,909,JMC,O269J JS,Хабаровск
2025-08-26 14:13:02,Фильтр масляный O359 / O1012 комплект,2,1063,JMC,O359,Хабаровск
2025-08-26 14:13:02,Фильтр масляный O359/OE359SET/MC755406 / ME054238 / ME064355 / 31230-53015 / O-1012 SKV дефект,1,690,SKV,O359SKV,Хабаровск
2025-08-26 14:13:02,Фильтр масляный O406 вставка,2,269,JMC,O406,Хабаровск
2025-08-26 14:13:02,Фильтр масляный O564,3,221,JMC,O564,Хабаровск
2025-08-26 14:13:02,Фильтр масляный O567 / O1511 / O561,1,364,JMC,O567,Хабаровск
2025-08-26 14:13:02,Фильтр масляный O579 / O568 / O-1308 / O609 / 15607-2261 / 15607-1100/1-13240-233/MB-J302 SKV,189,344,SKV,O579,Хабаровск
2025-08-26 14:13:02,Фильтр масляный O620 / 15607-1580 / 15607-2160 SKV,172,602,SKV,O620,Хабаровск
2025-08-26 14:13:02,Фильтр масляный O621 / OE621 /S1560-71531 / 15607-1950 / O-1310 SKV,290,748,SKV,O621,Хабаровск
2025-08-26 14:13:02,Фильтр масляный O625 / O-1321 / 15607-2150 / S1560-72281 HINO 700 E13C-T SKV !,232,913,SKV,O625,Хабаровск
2025-08-26 14:13:02,Фильтр масляный O630 / S1560-72281 / 15607-2280 SKV,23,654,SKV,O630SKV,Хабаровск
2025-08-26 14:13:02,Фильтр масляный O631 / S1560-72370 HINO / HINO700 E13C-Т SKV,643,431,SKV,O631,Хабаровск
2025-08-26 14:13:02,Фильтр масляный O632 / S1560-72380 HINO / HINO700 E13C-Т SKV,650,702,SKV,O632,Хабаровск
2025-08-26 14:13:02,Фильтр масляный OE1004S,1,1666,JMC,OE1004S,Хабаровск
2025-08-26 14:13:02,Фильтр масляный OE22258 / OE258J AZUMI,74,1265,Azumi,OE-22258,Хабаровск
2025-08-26 14:13:02,Фильтр масляный OE22259 / OE259J AZUMI,2,753,Azumi,OE-22259,Хабаровск
2025-08-26 14:13:02,Фильтр масляный OE24575/O575/O1528/1-13240-166-0 AZUMI дефект,1,865,Azumi,OE-24575,Хабаровск
2025-08-26 14:13:02,Фильтр масляный OE26620 / OE620J AZUMI,21,691,Azumi,OE-26620,Хабаровск
2025-08-26 14:13:02,Фильтр масляный OE31065 / EO2621/LF3829/ HU12140X AZUMI !,8,687,Azumi,OE-31065,Хабаровск
2025-08-26 14:13:02,Фильтр масляный OE651/6 FILTRON,1,3108,JMC,OE6516,Хабаровск
2025-08-26 14:13:02,Фильтр масляный OG1033 Goodwill дефект,1,204,Goodwill,OG1033,Хабаровск
2025-08-26 14:13:02,Фильтр масляный OP631 / ST10503 FILTRON,1,2316,JMC,OP631,Хабаровск
2025-08-26 14:13:02,Фильтр масляный P550388 / BT287-10 Donaldson,6,1605,Donaldson,P550388,Хабаровск
2025-08-26 14:13:02,Фильтр масляный P550519 / 21707133 VOLVO F/FH Donaldson,8,3825,Donaldson,P550519,Хабаровск
2025-08-26 14:13:02,Фильтр масляный P552819 / BT292 Donaldson,4,959,Donaldson,P552819,Хабаровск
2025-08-26 14:13:02,Фильтр масляный SAKURA C5106,2,1538,JMC,C5106,Хабаровск
2025-08-26 14:13:02,Фильтр масляный SM165,1,105,JMC,SM165,Хабаровск
2025-08-26 14:13:02,Фильтр масляный SO8232/ WP1169 / 2997305 / 1903629 Filter AG !,2,967,Filter AG,SO8232,Хабаровск
2025-08-26 14:13:02,Фильтр масляный T-1636 / C-110 / 90915-10001 / 10003,1,383,JMC,T-1636,Хабаровск
2025-08-26 14:13:02,Фильтр масляный T-5120 C-212/C-6102/C-270 15208-Z9007 (MICRO) / T-5120 / 15208-Z9007 / 15,3,2024,MICRO,C212,Хабаровск
2025-08-26 14:13:02,Фильтр масляный TC1031 / C111 / 9091503002 MANN W 712/83 TOTACHI,1,195,JMC,TC1031,Хабаровск
2025-08-26 14:13:02,Фильтр масляный TOP C205 / 15209-Y7502,2,172,JMC,15209-Y7502,Хабаровск
2025-08-26 14:13:02,Фильтр масляный TOP C316 / MD136466,2,181,JMC,C316,Хабаровск
2025-08-26 14:13:02,Фильтр масляный W11102/35,2,1020,JMC,W11102,Хабаровск
2025-08-26 14:13:02,Фильтр масляный YLX-O-0009 / BD7154 / P559000 / LF9080 YNY,33,960,YNY,YLX-O-0009,Хабаровск
2025-08-26 14:13:02,Фильтр масляный YLX-O-0014 / P551670 / LF670 YNY,71,607,YNY,YLX-O-0014,Хабаровск
2025-08-26 14:13:02,Фильтр масляный акпп SG 1029,1,1810,JMC,SG1029,Хабаровск
2025-08-26 14:13:02,Фильтр масляный грубой очистки HY16410V / 10331617 LIEBHERR/SF-FILTER !,2,20279,SF-Filter,HY16410V,Хабаровск
2025-08-26 14:13:02,Фильтр масляный двигателя BD7176/XA3898 ! дефект,1,2003,Baldwin,BD7176,Хабаровск
2025-08-26 14:13:02,Фильтр масляный двигателя OG1053 GOODWILL,1,3109,JMC,C313,Хабаровск
2025-08-26 14:13:02,Фильтр масляный дифференциала S4109-E0010 HINO 700 SKV,743,253,SKV,S4109-E0010,Хабаровск
2025-08-26 14:13:02,"Фильтр масляный, элемент DAF XF105/106 M9720022 / 1537110 / 194892 Marshall",2,1029,JMC,M9720022,Хабаровск
2025-08-26 14:13:02,Фильтр масляный! D93 H174\\Termoking P550835,1,1312,JMC,P550835,Хабаровск
2025-08-26 14:13:02,Фильтр моста WG7117337170 Sitrak C7H,4,1323,Noname,WG7117337170,Хабаровск
2025-08-26 14:13:02,Фильтр осушителя 12.1.18.0058/023Z0248 SuperSnow/Eliminator,9,2999,Supersnow,121180058,Хабаровск
2025-08-26 14:13:02,"Фильтр осушителя воздуха M41x1,5 DAF STELLOX",3,2101,JMC,8523005SX,Хабаровск
2025-08-26 14:13:02,Фильтр осушителя тормозной системы 2562323SKV/2307617/4324109272 G1 1/4'' Scania SKV,170,1231,SKV,2562323SKV,Хабаровск
2025-08-26 14:13:02,Фильтр осушителя тормозной системы BA5379 BW !,5,2334,Baldwin,BA5379,Хабаровск
2025-08-26 14:13:02,Фильтр осушителя тормозной системы D-127033 / WG9000360521/1+001 Sitrak C7H Дизель,45,4471,Дизель,D-127033,Хабаровск
2025-08-26 14:13:02,Фильтр осушителя тормозной системы WG9000360521 HOWO SKV,132,984,SKV,WG9000360521,Хабаровск
2025-08-26 14:13:02,Фильтр осушителя тормозной системы WG9000360521+001 Sitrak C7H ORIG,289,4023,Howo,WG9000360521+001,Хабаровск
2025-08-26 14:13:02,Фильтр охлаждающей жидкости BW5076 !,88,2464,Baldwin,BW5076,Хабаровск
2025-08-26 14:13:02,Фильтр сажевый VIC BB10,5,1618,JMC,BB-10,Хабаровск
2025-08-26 14:13:02,Фильтр салона 500086267 IVECO DAILY 06-11,16,203,Дизель,500086267,Хабаровск
2025-08-26 14:13:02,Фильтр салона 711W61900-0050 HOWO T5G,14,479,Дизель,711W61900-0050,Хабаровск
2025-08-26 14:13:02,Фильтр салона 711W61900-0050 HOWO T5G SKV,78,295,SKV,711W61900-0050,Хабаровск
2025-08-26 14:13:02,Фильтр салона 87139-02020 Toyota,1,1352,JMC,87139-02020,Хабаровск
2025-08-26 14:13:02,Фильтр салона 87139-52040 Toyota,1,2463,JMC,87139-52040,Хабаровск
2025-08-26 14:13:02,Фильтр салона 8850820060 (уголь) JDACX017C,1,428,JMC,JDACX017C,Хабаровск
2025-08-26 14:13:02,Фильтр салона A0008301118SKV / CA-26220 / CU3869 MERCEDES ACTROS SKV,273,322,SKV,A0008301118SKV,Хабаровск
2025-08-26 14:13:02,Фильтр салона AC21106 / AC106E / 88508-50060,15,491,Дизель,AC21106,Хабаровск
2025-08-26 14:13:02,Фильтр салона AC9077TSKV/CU3855 Mercedes SKV,66,440,SKV,AC9077TSKV,Хабаровск
2025-08-26 14:13:02,Фильтр салона AC9078SKV/CU37001 Scania SKV,44,476,SKV,AC9078,Хабаровск
2025-08-26 14:13:02,Фильтр салона CA11070,1,504,JMC,CA11070,Хабаровск
2025-08-26 14:13:02,Фильтр салона D-126801 / 8101574-A01 FAW J6 Дизель,13,190,Дизель,D-126801,Хабаровск
2025-08-26 14:13:02,Фильтр салона D-128186 / 8101570-B27/A / 8101574-A01 J6 E-5 FAW Дизель дефект,1,395,Дизель,D-128186,Хабаровск
2025-08-26 14:13:02,Фильтр салона P-1159/M AIRFIL,2,805,Airfil,P1159/M,Хабаровск
2025-08-26 14:13:02,Фильтр салона воздушный 80000605 Corteco,2,651,JMC,80000605,Хабаровск
2025-08-26 14:13:02,Фильтр салона угольный 87139-50060 Toyota,1,813,JMC,87139-50060,Хабаровск
2025-08-26 14:13:02,Фильтр салонный (комплект из 2-х шт) O2CLEAN AC1502RSET JS Asakashi,1,651,JMC,AC1502RSET,Хабаровск
2025-08-26 14:13:02,Фильтр салонный 711W61900-0051 HOWO T5G/ SITRAK C7H SKV,34,329,SKV,711W61900-0051,Хабаровск
2025-08-26 14:13:02,Фильтр салонный BRONCO BRC-0515,1,485,JMC,BRC-0515,Хабаровск
2025-08-26 14:13:02,Фильтр салонный D-127928 / 711W61900-0051 HOWO T5G/ SITRAK C7H Дизель,19,258,Дизель,D-127928,Хабаровск
2025-08-26 14:13:02,Фильтр сапуна A5410100163 / C716X Mercedes ориг !,13,4850,Mercedes,A 541 010 01 63,Хабаровск
2025-08-26 14:13:02,Фильтр сапуна гидравлический P766645 / L1080781 Kenwort C509/K200/T409/T609/659/909 Donaldson,9,4840,Donaldson,P766645,Хабаровск
2025-08-26 14:13:02,Фильтр сепаратор для компрессора P783515 / 1615603800 / 2911001900 Atlas Copco Donaldson,10,39927,Donaldson,P783515,Хабаровск
2025-08-26 14:13:02,Фильтр сепаратора 20879806SKV/P551838 VOLVO/RENAULT/NISSAN UD SKV,104,703,SKV,20879806SKV,Хабаровск
2025-08-26 14:13:02,Фильтр сепаратора DR-90T / S2340-11840 Дизель,1,761,Дизель,DR-90T,Хабаровск
2025-08-26 14:13:02,Фильтр сепаратора SF7901SKV/00530 SKV,905,279,SKV,SF7901,Хабаровск
2025-08-26 14:13:02,Фильтр сепаратора YYH-F-038 500FG (2010PM),170,364,YNY,YLX-F-7036,Хабаровск
2025-08-26 14:13:02,Фильтр сепаратора YYH-F-040 900FG (2040PM) 811999500,482,388,YNY,YLX-F-7038,Хабаровск
2025-08-26 14:13:02,Фильтр сепаратора YYH-F-041/YLX-F-7038 900FG (2040PM),188,359,YNY,900FG,Хабаровск
2025-08-26 14:13:02,Фильтр сепаратора YYH-F-043 1000FG (2020PM),1,330,YNY,YLX-F-7040,Хабаровск
2025-08-26 14:13:02,Фильтр сепаратора YYH-F-044 1000FG (2020PM),113,476,YNY,YLX-F-7041,Хабаровск
2025-08-26 14:13:02,Фильтр системы охлаждения BW5073 !,11,1905,Baldwin,BW5073,Хабаровск
2025-08-26 14:13:02,Фильтр системы охлаждения D-128475 / 1307020-29D/WF2071 FAW Дизель,10,475,Дизель,D-128475,Хабаровск
2025-08-26 14:13:02,Фильтр системы охлаждения WC-5711SKV/WF2073 CATERPILLAR/CUMMINS/DAEWOO/VOLVO SKV,371,419,SKV,WC-5711SKV,Хабаровск
2025-08-26 14:13:02,Фильтр системы рециркуляции ME356181/8-97625-725-0 MBG7004 FK71R 4M50,1,1751,JMC,ME356181,Хабаровск
2025-08-26 14:13:02,Фильтр ТКР C77/7 MANN !,7,2073,Mann-Filter,C 77/7,Хабаровск
2025-08-26 14:13:02,Фильтр тонкой очистки топлива 10044303 / 10429946 / WK1150/2 / BF1224 LIEBHERR,9,2968,JMC,10044303,Хабаровск
2025-08-26 14:13:02,Фильтр топ.Н6150008043 Howo,96,150,Дизель,Н6150008043,Хабаровск
2025-08-26 14:13:02,Фильтр топ.Н6150008044 Howo,96,150,Дизель,Н6150008044,Хабаровск
2025-08-26 14:13:02,Фильтр топливный (к-т) MX003264SKV/FE0054SET/PU 11 005-3 z MMC Fuso/MB Actros II/Antos/Arocs SK,213,2898,SKV,MX003264,Хабаровск
2025-08-26 14:13:02,Фильтр топливный (сепаратор) FS1003 / P551103 / FS19596 SHACMAN X3000/Cummins SKV,418,670,SKV,FS1003SKV,Хабаровск
2025-08-26 14:13:02,Фильтр топливный (сепаратора) D-127566/WG9925550966/FS20190 HOWO T5G/Sitrak MC11 Дизель,89,1030,Дизель,D-127566,Хабаровск
2025-08-26 14:13:02,Фильтр топливный (сепаратора) WG9925550966 / FS20190 HOWO T5G/Sitrak MC11 SKV,317,981,SKV,WG9925550966,Хабаровск
2025-08-26 14:13:02,Фильтр топливный (сепаратора) WG9925550966/FS20190 HOWO T5G/Sitrak MC11 ORIG,690,6244,Howo,WG9925550966,Хабаровск
2025-08-26 14:13:02,Фильтр топливный 1-87810-976-0 / 8-98174-903-0 / 1-13240-244-0 CX#/CY#/CV#/EX# ORIG,22,1895,Isuzu,8-98174-903-0,Хабаровск
2025-08-26 14:13:02,Фильтр топливный 10000-00339/1R1803/SK3140 Cat,9,1216,JMC,SK3140,Хабаровск
2025-08-26 14:13:02,Фильтр топливный 1105030LE35N (JAC) SKV,123,709,SKV,1105030LE35N,Хабаровск
2025-08-26 14:13:02,Фильтр топливный 1105030LE35N / 1105030E898 JAC N120 ORIG,12,2557,JAC,1105030LE35N,Хабаровск
2025-08-26 14:13:02,Фильтр топливный 12.1.27.1235 / 129004-55801 SuperSnow,2,2999,Supersnow,129004-55801,Хабаровск
2025-08-26 14:13:02,Фильтр топливный 1616361SKV / EF-68040 / PU966/1x DAF CF75/CF85/XF95 SKV,271,462,SKV,1616361SKV,Хабаровск
2025-08-26 14:13:02,Фильтр топливный 1873018SKV/EFF1059 Scania,333,372,SKV,1873018,Хабаровск
2025-08-26 14:13:02,Фильтр топливный 1R0755 MEX,8,1535,MEX,1R0755,Хабаровск
2025-08-26 14:13:02,Фильтр топливный 201V12503-0062 Sitrak C7H SKV,299,502,SKV,201V12503-0062,Хабаровск
2025-08-26 14:13:02,Фильтр топливный 201V12503-0062/51.12503-0061 Sitrak C7H ORIG,928,1484,Howo,201V12503-0062,Хабаровск
2025-08-26 14:13:02,Фильтр топливный 23300-50150,3,3740,JMC,23300-50150,Хабаровск
2025-08-26 14:13:02,Фильтр топливный 23304-78260 Hino 300 E-5 SKV,704,306,SKV,23304-78260,Хабаровск
2025-08-26 14:13:02,Фильтр топливный 23304-EV023/22/21 HINO 300 XZU7## N04C 13~ E-4 SKV,1123,550,SKV,23304-EV023,Хабаровск
2025-08-26 14:13:02,Фильтр топливный 31922-2B900 / 30-0H-H03 Ashika,4,621,JMC,31922-2B900,Хабаровск
2025-08-26 14:13:02,Фильтр топливный 3261643 / BF1397-SP / FS20007 MEX,7,1000,MEX,3261643,Хабаровск
2025-08-26 14:13:02,Фильтр топливный 490698 / A0000900751 Mercedes/DieselTechnic !,1,314,Diesel Technic,4.90698,Хабаровск
2025-08-26 14:13:02,Фильтр топливный 50 013 020 MANN,11,183,JMC,50013020,Хабаровск
2025-08-26 14:13:02,Фильтр топливный 600-319-4540 KOMATSU MEX,18,1381,MEX,600-319-4540,Хабаровск
2025-08-26 14:13:02,Фильтр топливный 612600081334 YNYФильтр топливный 612600081334/YLX-F-0383-02/CX0815E YNY,20,456,YNY,612600081334,Хабаровск
2025-08-26 14:13:02,Фильтр топливный 614080739 Howo,4,258,Дизель,614080739,Хабаровск
2025-08-26 14:13:02,Фильтр топливный 8-98139-830-0 ORIG,329,6622,Isuzu,8-98139-830-0,Хабаровск
2025-08-26 14:13:02,Фильтр топливный 8-98139-830-0 SKV дефект,1,214,SKV,8-98139-830-0SKV,Хабаровск
2025-08-26 14:13:02,Фильтр топливный 8-98201-506-0/8-98111-481-0 N-series 4HV1 (CNG) ГАЗ ORIG,2,6416,Isuzu,8-98201-506-0,Хабаровск
2025-08-26 14:13:02,Фильтр топливный A5410900151 Mercedes K !,2,250,Дизель,A 541 090 01 51,Хабаровск
2025-08-26 14:13:02,Фильтр топливный BF1217 / WK950/6 !,65,949,Baldwin,BF1217,Хабаровск
2025-08-26 14:13:02,Фильтр топливный BF1248 / 600-311-8283 Bw !,18,482,Baldwin,BF1248,Хабаровск
2025-08-26 14:13:02,Фильтр топливный BF1249 BW !,23,2013,Baldwin,BF1249,Хабаровск
2025-08-26 14:13:02,Фильтр топливный BF1262/600-319-3111 BW !,199,2646,Baldwin,BF1262,Хабаровск
2025-08-26 14:13:02,Фильтр топливный BF1280 / F413331 !,1,1136,Baldwin,BF1280,Хабаровск
2025-08-26 14:13:02,Фильтр топливный BF1283 / 133-5673 BW !,2,1385,Baldwin,BF1283,Хабаровск
2025-08-26 14:13:02,Фильтр топливный BF1353-SPS / RE522372 !,1,2308,Baldwin,BF1353-SPS,Хабаровск
2025-08-26 14:13:02,Фильтр топливный BF1363 !,9,2914,Baldwin,BF1363,Хабаровск
2025-08-26 14:13:02,Фильтр топливный BF1389-O !,1,1423,Baldwin,BF1389-O,Хабаровск
2025-08-26 14:13:02,Фильтр топливный BF1391-O / A0004770103 / A0004771302 / 0063422 Baldwin !,167,3075,Baldwin,BF1391-O,Хабаровск
2025-08-26 14:13:02,Фильтр топливный BF1399-SP / BF1284-SP / 1R0770 / 326-1644 ! BW,22,3081,Baldwin,BF1399-SP,Хабаровск
2025-08-26 14:13:02,Фильтр топливный BF7546 !,4,1134,Baldwin,BF7546,Хабаровск
2025-08-26 14:13:02,Фильтр топливный BF7631 BW !,9,2281,Baldwin,BF7631,Хабаровск
2025-08-26 14:13:02,Фильтр топливный BF7677-D BW !,29,2306,Baldwin,BF7677-D,Хабаровск
2025-08-26 14:13:02,Фильтр топливный BF7681-D BW !,30,1972,Baldwin,BF7681-D,Хабаровск
2025-08-26 14:13:02,Фильтр топливный BF7772 BALDWIN !,1,682,Baldwin,BF7772,Хабаровск
2025-08-26 14:13:02,Фильтр топливный BF7786-D / RE509032 BW !,1,922,Baldwin,BF7786-D,Хабаровск
2025-08-26 14:13:02,Фильтр топливный BF7892 BALDWIN !,14,1184,Baldwin,BF7892,Хабаровск
2025-08-26 14:13:02,Фильтр топливный BF7912 / 10424071 / 2000/10 BALDWIN !,35,1346,Baldwin,BF7912,Хабаровск
2025-08-26 14:13:02,Фильтр топливный BF7913 BALDWIN !,18,2397,Baldwin,BF7913,Хабаровск
2025-08-26 14:13:02,Фильтр топливный BF7927/2994048 BALDWIN !,48,1739,Baldwin,BF7927,Хабаровск
2025-08-26 14:13:02,Фильтр топливный D-126803/1117050-73D/SMC-603000012/WDK999/1 FAW Дизель,12,415,Дизель,D-126803,Хабаровск
2025-08-26 14:13:02,Фильтр топливный D-126972 / 1105022W5030 JAC N35/25 Дизель,5,1648,Дизель,D-126972,Хабаровск
2025-08-26 14:13:02,Фильтр топливный D-127567/201V12503-0062/51.12503-0061 Sitrak C7H Дизель,64,476,Дизель,D-127567,Хабаровск
2025-08-26 14:13:02,Фильтр топливный D-127569 / VG14080739A/UC-220 HOWO Дизель,3,361,Дизель,D-127569,Хабаровск
2025-08-26 14:13:02,Фильтр топливный D-127608 / 31945-52161 / 31945-45900 Hyundai HD120/HD500 OTX 10~ Дизель,878,713,Дизель,D-127608,Хабаровск
2025-08-26 14:13:02,Фильтр топливный d=30 D-127568/612630080087/1117050B81DM/1000422382A SHACMAN Дизель,92,735,Дизель,D-127568,Хабаровск
2025-08-26 14:13:02,Фильтр топливный DEF-15130 / 8-98092-481-1 / 1-87610-094-0 FVR34/CYZ52 Дизель,212,430,Дизель,DEF-15130,Хабаровск
2025-08-26 14:13:02,Фильтр топливный DFC-13190 / 23304-EV023 N04C Дизель,103,794,Дизель,DFC-13190,Хабаровск
2025-08-26 14:13:02,Фильтр топливный DSFC-5304-10/ 31945-52161/31945-45900/A0004771602/504272431 Дизель,1749,571,Дизель,DSFC-5304-10,Хабаровск
2025-08-26 14:13:02,"Фильтр топливный DV11, DL08 400508-00034 / 65.12503-5033A / 400508-00034 / 65.125035033A / YSF",4,2714,JMC,65.12503-5033A,Хабаровск
2025-08-26 14:13:02,Фильтр топливный EF-18040SKV/52214-78337/FE22005 NISSAN UD GH5-T/ GH7-T SKV,363,329,SKV,EF-18040,Хабаровск
2025-08-26 14:13:02,Фильтр топливный EF1056SKV/PU1059X MAN TGA/TGL/TGM/TGS/TGX SKV,191,432,SKV,PU1059X,Хабаровск
2025-08-26 14:13:02,"Фильтр топливный EF15010 / 8-98147-525-0 4JJ1T F,N-series SKV",235,309,SKV,EF15010SKV,Хабаровск
2025-08-26 14:13:02,Фильтр топливный EF15130 / 8-98092-481-1 / 1-87610-094-0 FVR34/FSR90/CYZ52 SKV,504,495,SKV,EF15130,Хабаровск
2025-08-26 14:13:02,Фильтр топливный EF1801/F336,6,1015,JMC,EF1801,Хабаровск
2025-08-26 14:13:02,"Фильтр топливный F1306 / ME300647 / 23355-78020 HINO-300/DYNA BU3##, WU30#, 34#, XZU3# N04CT E-3 SKV",350,302,SKV,F1306SKV,Хабаровск
2025-08-26 14:13:02,Фильтр топливный F1801/ F206,2,66,JMC,16444-90127,Хабаровск
2025-08-26 14:13:02,Фильтр топливный F1802(-1)/F207 Sakura,2,232,Sakura,F1802,Хабаровск
2025-08-26 14:13:02,Фильтр топливный F195 / EF1112 / 23390-78221 / 23390-78220 SKV дефект,1,225,SKV,F195,Хабаровск
2025-08-26 14:13:02,Фильтр топливный F315,5,77,JMC,F315,Хабаровск
2025-08-26 14:13:02,Фильтр топливный F333 EF1001SKV/ME165323 6M70T/8M21/8DC11 MMC FUSO SKV,196,378,SKV,ME165323SKV,Хабаровск
2025-08-26 14:13:02,Фильтр топливный F507 / F-1503 / 1-87810-976-0 / 1-87810-207-1 CX#/CY#/CV#/EX# E-2/3/4/5 SKV,6,374,SKV,F507SKV,Хабаровск
2025-08-26 14:13:02,Фильтр топливный F513 / EF-1509/8-98037-011-0 4JJ1/4HK1/6HK1 NQR90/NLR85/FSR90/NPR75/FVR34 E-4/5 SKV,2335,307,SKV,F513,Хабаровск
2025-08-26 14:13:02,Фильтр топливный F606 / F-1304 / S2340-11090 / 23401-1390 SKV,765,326,SKV,F606SKV,Хабаровск
2025-08-26 14:13:02,Фильтр топливный F610 / EF-1301 / 23401-1690 / S2340-11690 E13C HINO 700 SKV,58,306,SKV,F610,Хабаровск
2025-08-26 14:13:02,Фильтр топливный FC-01 23300-21010,4,724,JMC,23300-21010,Хабаровск
2025-08-26 14:13:02,Фильтр топливный FC-02 23300-23030,4,671,JMC,23300-23030,Хабаровск
2025-08-26 14:13:02,Фильтр топливный FC-148 / FC-62 42072-AA011,3,380,JMC,42072-AA011,Хабаровск
2025-08-26 14:13:02,Фильтр топливный FC-20 16400-4M405,2,981,JMC,16400-4M405,Хабаровск
2025-08-26 14:13:02,Фильтр топливный FC-21 16400-2Y505,3,728,JMC,16400-2Y505,Хабаровск
2025-08-26 14:13:02,Фильтр топливный FC-817/819 16010-ST5-931,2,490,JMC,16010-ST5-931,Хабаровск
2025-08-26 14:13:02,Фильтр топливный FC-82 16010-S5A-932/0,3,1765,JMC,16010-S5A-932/0,Хабаровск
2025-08-26 14:13:02,Фильтр топливный FC-83 16010-SAA-000,4,1931,JMC,16010-SAA-000,Хабаровск
2025-08-26 14:13:02,Фильтр топливный FC158 / 23303-64010 / 23390-30150 / R2N5-13-ZA5 SKV,668,431,SKV,FC158,Хабаровск
2025-08-26 14:13:02,"Фильтр топливный FC174 /TF01-13-ZA5 /23401-1520/23304-78020 HINO Dutro/Ranger, Toyoace/Dyna, M-Titan SKV",612,271,SKV,FC174,Хабаровск
2025-08-26 14:13:02,Фильтр топливный FC208A / 16403-Z7000 / 16403-89TA1 / 16403-09W00 SKV,358,240,SKV,FC208A,Хабаровск
2025-08-26 14:13:02,Фильтр топливный FC232 / 16403-99003 / 16403-99007 SKV,232,643,SKV,FC232SKV,Хабаровск
2025-08-26 14:13:02,Фильтр топливный FC23322 / FC322 /31945-72001 / ME056671 / ME056670 AZUMI,8,796,Azumi,FC-23322,Хабаровск
2025-08-26 14:13:02,Фильтр топливный FC28190 / 31945-45700 D4CB/D4BH Startex/Porter SKV,554,606,SKV,FC-28190SKV,Хабаровск
2025-08-26 14:13:02,Фильтр топливный FC318 / ME016823 / ME016872 SKV,138,368,SKV,FC318SKV,Хабаровск
2025-08-26 14:13:02,Фильтр топливный FC319 / ME015254 / ME229355 SKV,818,415,SKV,FC319,Хабаровск
2025-08-26 14:13:02,Фильтр топливный FC321 / FC-1203 / 1456-23-570A / MB230900 / 16403-89TA3 / 8-94369-299-3 / MB-CX551 SKV,727,389,SKV,FC321,Хабаровск
2025-08-26 14:13:02,Фильтр топливный FC332 / FC-1009 / ME132525 / MB-CX513 FUSO Canter 4M50/51 SKV,425,504,SKV,FC332,Хабаровск
2025-08-26 14:13:02,Фильтр топливный FC510/FC-1503/1-13240-009-0/23401-1341 ISUZU/HINONISSAN/MAZDA SKV,8,302,SKV,FC510,Хабаровск
2025-08-26 14:13:02,Фильтр топливный FC5710/BF7813/FC0040 IVECO/KOMATSU SKV,9,402,SKV,FC5710,Хабаровск
2025-08-26 14:13:02,Фильтр топливный FC607 / 8-94394-079-0 / 23401-1332 / S2340-11510 SKV,769,282,SKV,FC607SKV,Хабаровск
2025-08-26 14:13:02,Фильтр топливный FC609 / 23401-1372 / S23401-1650 SKV,183,453,SKV,FC609,Хабаровск
2025-08-26 14:13:02,Фильтр топливный FE26610 / FE610 /S2340-11690 / 8-98116-662-0 AZUMI,4,503,Azumi,FE26610,Хабаровск
2025-08-26 14:13:02,Фильтр топливный FF5405SKV / A5410900151 / A5410920805 / EF2634 / PF7761 / PU999/1X SKV,55,546,SKV,FF5405SKV,Хабаровск
2025-08-26 14:13:02,Фильтр топливный FG 1057,9,500,JMC,FG1057,Хабаровск
2025-08-26 14:13:02,Фильтр топливный FG1088 GOODWILL,1,1333,JMC,FG1088,Хабаровск
2025-08-26 14:13:02,Фильтр топливный FQ F193,5,514,JMC,F193,Хабаровск
2025-08-26 14:13:02,Фильтр топливный FS1254,2,375,JMC,FS1254,Хабаровск
2025-08-26 14:13:02,Фильтр топливный FS19732 YNY,5,655,YNY,FS19732,Хабаровск
2025-08-26 14:13:02,Фильтр топливный FS20217 JAC N56/75/90/120 КАМАЗ Компас-9/12 ORIG,4,5615,JAC,FS20217,Хабаровск
2025-08-26 14:13:02,Фильтр топливный GEPARTS MB700401 / A4730901451,2,5627,JMC,MB700401,Хабаровск
2025-08-26 14:13:02,Фильтр топливный JS Asakashi FE3502,8,369,JMC,FE3502,Хабаровск
2025-08-26 14:13:02,Фильтр топливный JS FE0025 !,5,395,Дизель,FE0025,Хабаровск
2025-08-26 14:13:02,Фильтр топливный KMZ 5490 6W.26.068.00 KF2068 PR,1,1759,JMC,RL6141BC26,Хабаровск
2025-08-26 14:13:02,Фильтр топливный KX 36 MANN,3,200,JMC,Фильтр топливный KX 36 MANN,Хабаровск
2025-08-26 14:13:02,Фильтр топливный LFF1000/BF1259/FS1000 Freightliner,1,1369,JMC,FS1000,Хабаровск
2025-08-26 14:13:02,Фильтр топливный M-F-0121 / 1R0770 / 3261644 / CX-6469 / P550626 MEX,46,1270,YNY,M-F-0121,Хабаровск
2025-08-26 14:13:02,Фильтр топливный MB-CX523 / BF7753 / FF5624 / 1R-0762 !,19,763,Дизель,MB-CX523,Хабаровск
2025-08-26 14:13:02,Фильтр топливный MB-CX543 / P550106 !,16,225,Дизель,MB-CX543,Хабаровск
2025-08-26 14:13:02,Фильтр топливный MB-CX563 / BF1397-SP / FS20007 / 3261643 Mn !,74,1050,Дизель,MB-CX563,Хабаровск
2025-08-26 14:13:02,Фильтр топливный ME309806 Fuso Canter TF ORIG,17,5686,Mitsubishi,ME309806,Хабаровск
2025-08-26 14:13:02,Фильтр топливный P4766/FF 42003,1,345,JMC,P4766,Хабаровск
2025-08-26 14:13:02,Фильтр топливный P550202 / BF596 Donaldson,5,2098,Donaldson,P550202,Хабаровск
2025-08-26 14:13:02,Фильтр топливный P550529 / 22480372 MAN/NISSAN/VOLVO Donaldson,25,3082,Donaldson,P550529,Хабаровск
2025-08-26 14:13:02,Фильтр топливный P550587 / BF7591-D Donaldson,14,1449,Donaldson,P550587,Хабаровск
2025-08-26 14:13:02,Фильтр топливный P550932 / BF720 Donaldson,4,905,Donaldson,P550932,Хабаровск
2025-08-26 14:13:02,Фильтр топливный P551313 / BF7633 / 1R-0750 Donaldson,12,1204,Donaldson,P551313,Хабаровск
2025-08-26 14:13:02,Фильтр топливный P551422 / BF7786-D / RE509032 Donaldson,3,3221,Donaldson,P551422,Хабаровск
2025-08-26 14:13:02,Фильтр топливный P551430 / BF7679-D Donaldson,3,2276,Donaldson,P551430,Хабаровск
2025-08-26 14:13:02,Фильтр топливный P552014 / PF598-30 / 2010PM Donaldson,38,1204,Donaldson,P552014,Хабаровск
2025-08-26 14:13:02,Фильтр топливный P559122 / BF1354-SPS / RE522687 Donaldson,6,9613,Donaldson,P559122,Хабаровск
2025-08-26 14:13:02,Фильтр топливный PF7735 / 0059055 / 61507642 / A0000901551 BALDWIN !,62,1972,Baldwin,PF7735,Хабаровск
2025-08-26 14:13:02,Фильтр топливный PF7761 / A5410920805 / A5410900151 BALDWIN !,184,1036,Baldwin,PF7761,Хабаровск
2025-08-26 14:13:02,Фильтр топливный PF7830 PC8-16-10 BALDWIN !,5,1649,Baldwin,PF7830,Хабаровск
2025-08-26 14:13:02,Фильтр топливный PF7890-10 BALDWIN !,1,1388,Baldwin,PF7890-10,Хабаровск
2025-08-26 14:13:02,Фильтр топливный PF7935 / 51125030061 MAN !,69,1237,Baldwin,PF7935,Хабаровск
2025-08-26 14:13:02,Фильтр топливный PF7936 / 1873016 Baldwin !,15,1052,Baldwin,PF7936,Хабаровск
2025-08-26 14:13:02,Фильтр топливный PF7939 BALDWIN !,11,619,Baldwin,PF7939,Хабаровск
2025-08-26 14:13:02,Фильтр топливный PU120022SKV (к-т PU12012 + PU6006) Mercedes SKV,478,2557,SKV,PU120022SKV,Хабаровск
2025-08-26 14:13:02,"Фильтр топливный R90T / S234011840 NPR/NMR/NLR, HINO500/700, NPR75/NQR90 08~ E-4 SKV",1561,691,SKV,R90T,Хабаровск
2025-08-26 14:13:02,Фильтр топливный S0201N Sofima,1,174,JMC,S0201N,Хабаровск
2025-08-26 14:13:02,Фильтр топливный SF8405SKV/WK10807X L=219 MB ACTROS/MAN/IVECO/VOLVO SKV,526,751,SKV,SF8405SKV,Хабаровск
2025-08-26 14:13:02,Фильтр топливный SFC-5504-30 / 8-98081-862-0 / MB-R120P SKV,740,1165,SKV,SFC-5504-30,Хабаровск
2025-08-26 14:13:02,Фильтр топливный SFC-5601-02SKV/FS1006 CUMMINS/KOMATSU SKV,419,761,SKV,SFC-5601-02SKV,Хабаровск
2025-08-26 14:13:02,Фильтр топливный SFC-7939-30/51.125.030.052/PL420X SKV,45,472,SKV,SFC-7939-30,Хабаровск
2025-08-26 14:13:02,Фильтр топливный SK3380 / 1R-0794 / 1R-1804 / 10000-00339 / 26560201,8,1411,JMC,SK3380,Хабаровск
2025-08-26 14:13:02,Фильтр топливный VG14080739А Howo,12,237,Дизель,VG14080739А,Хабаровск
2025-08-26 14:13:02,Фильтр топливный VG14080740A/UC-220 HOWO,7,361,Дизель,VG14080740A,Хабаровск
2025-08-26 14:13:02,Фильтр топливный VIC FC609A,1,1272,VIC,FC-609A,Хабаровск
2025-08-26 14:13:02,Фильтр топливный WB-303 Man/Wunder,1,181,Дизель,WB303,Хабаровск
2025-08-26 14:13:02,Фильтр топливный WK11102/5 MANN-FILTER,2,579,JMC,WK111025,Хабаровск
2025-08-26 14:13:02,Фильтр топливный вставка DF-513 / 8-98037-011-0 4JJ1/4HK1/6HK1 Дизель,792,301,Дизель,DF-513,Хабаровск
2025-08-26 14:13:02,Фильтр топливный грубой очистки 108*56 с наружной резьбой под колбу 212238,1,983,JMC,212238,Хабаровск
2025-08-26 14:13:02,Фильтр топливный грубой очистки 1105011Y4TC1 JAC N350 ORIG,26,3487,JAC,1105011Y4TC1,Хабаровск
2025-08-26 14:13:02,Фильтр топливный грубой очистки 1105011Y4TC1/1000424916/PL420 JAC N350 (NON-GENUINE),61,2567,Noname,1105011Y4TC1,Хабаровск
2025-08-26 14:13:02,Фильтр топливный грубой очистки 1105011Y4ТС1 N350 JAC ORIG,48,2573,JAC,1105011Y4ТС1,Хабаровск
2025-08-26 14:13:02,Фильтр топливный грубой очистки 1105050C50A 3250/3310/4250 FAW,58,1106,Дизель,1105050C50A,Хабаровск
2025-08-26 14:13:02,Фильтр топливный грубой очистки 1105102LD300-AM001 N56 JAC ORIG,61,2024,JAC,1105102LD300-AM001,Хабаровск
2025-08-26 14:13:02,Фильтр топливный грубой очистки 612630080205 SHACMAN,4,662,Дизель,612630080205,Хабаровск
2025-08-26 14:13:02,Фильтр топливный грубой очистки 6w2606800SKV Камаз 5490 SKV,448,727,SKV,6W2606800,Хабаровск
2025-08-26 14:13:02,Фильтр топливный грубой очистки D-126758/1002018309/SMC-60300005/1000422382 SHACMAN X3000 E5 Дизель,4,1304,Дизель,D-126758,Хабаровск
2025-08-26 14:13:02,Фильтр топливный грубой очистки F612A/GB612 дизельный универсальный SKV,1,100,SKV,F612A,Хабаровск
2025-08-26 14:13:02,Фильтр топливный грубой очистки WG9925550105/FS20019/FS20021 HOWO T5G E-5,11,734,Дизель,WG9925550105,Хабаровск
2025-08-26 14:13:02,Фильтр топливный грубой очистки в сборе D-127573/WG9925550182/2/FS36277 HOWO T5G E-5 Дизель,37,1234,Дизель,D-127573,Хабаровск
2025-08-26 14:13:02,Фильтр топливный низкого давления для дизельных двиг. d8mm MASUMA,26,81,JMC,OM616,Хабаровск
2025-08-26 14:13:02,Фильтр топливный прямоточный D-127576 / 500318246 (под хомут) IVECO DAILY Дизель,52,131,Дизель,D-127576,Хабаровск
2025-08-26 14:13:02,Фильтр топливный сепаратор D-128448 / FS1003 /P551103 /FS19596 /SMC-603000025 SHACMAN X3000/Cummins Дизель,8,615,Дизель,D-128448,Хабаровск
2025-08-26 14:13:02,Фильтр топливный сепаратора (ФГОТ) 1000053557 JAC N350 WP10 E-5 ORIG,5,3208,JAC,1000053557,Хабаровск
2025-08-26 14:13:02,Фильтр топливный тонк. оч. евро 3 VG1540080110 Foton/Н,4,851,Foton,VG1540080110,Хабаровск
2025-08-26 14:13:02,Фильтр топливный тонкой очистки 1000053555 JAC N350 ORIG,77,4362,JAC,1000053555,Хабаровск
2025-08-26 14:13:02,Фильтр топливный тонкой очистки 1117050B81DM 3310/4250/4180 FAW,57,1328,Дизель,1117050B81DM,Хабаровск
2025-08-26 14:13:02,Фильтр топливный тонкой очистки 612630081334/612600081334/P550880 SHACMAN,31,410,Дизель,612630081334,Хабаровск
2025-08-26 14:13:02,Фильтр топливный тонкой очистки 8-98203-599-0/8-97542-540-0 4JJ1/4HK1/6HK1 ORIG,227,2215,Isuzu,8-97542-540-0,Хабаровск
2025-08-26 14:13:02,Фильтр топливный тонкой очистки D-126977 / 1117001-630-0000/1117011-630-0000W J5 3250 FAW Дизель,2,398,Дизель,D-126977,Хабаровск
2025-08-26 14:13:02,Фильтр топливный тонкой очистки FF0570600MF-AM001 N56/N75/N120 JAC ORIG,29,2524,JAC,FF0570600MF-AM001,Хабаровск
2025-08-26 14:13:02,Фильтр топливный тонкой очистки FF5770SKV/1117050А81DM/4297132 FAW/Cummins/Weichai SKV,444,728,SKV,FF5770SKV,Хабаровск
2025-08-26 14:13:02,"Фильтр топливный, вставка DF-195 / 23390-78221 Дизель",467,376,Дизель,DF-195,Хабаровск
2025-08-26 14:13:02,"Фильтр топливный, высота 219 мм 42554067 / 2997378 Iveco Orig !",18,4258,Iveco,2997378,Хабаровск
2025-08-26 14:13:02,Фильтр трансмиссионный PT9555 BALDWIN !,18,789,Baldwin,PT9555,Хабаровск
2025-08-26 14:13:02,Фильтр(картр) Масловлагоотделителя HDS-011/ME709603/DR6 FUSO HD !,12,1420,Дизель,HDS-011,Хабаровск
2025-08-26 14:13:02,Фильтра топливные DD15 к-т L5091F LUBERFINER,2,12695,JMC,L5091F,Хабаровск
2025-08-26 14:13:02,Фильтрующий элемент Separ 20005 30 мкр FF337730,1,638,JMC,FF337730,Хабаровск
2025-08-26 14:13:02,Фильтрующий элемент топливный DE631,1,678,JMC,DE631,Хабаровск
2025-08-26 14:13:02,Фитинг 8938000082 WABCO,2,560,Wabco,8938000082,Хабаровск
2025-08-26 14:13:02,Фитинг трубок прямой пластик 10мм SYE-1128 (РUС10),134,22,Дизель,РUС10,Хабаровск
2025-08-26 14:13:02,Фитинг трубок прямой пластик 12мм SYE-1128 (РUС12),251,28,Дизель,РUС12,Хабаровск
2025-08-26 14:13:02,Фитинг трубок прямой пластик 4мм SYE-1128 (РUС04),238,15,Дизель,РUС04,Хабаровск
2025-08-26 14:13:02,Фитинг трубок тройник 12мм Europart,2,60,Europart,12mm,Хабаровск
2025-08-26 14:13:02,Фитинг трубок тройник 6мм Europart,2,35,Europart,6mm,Хабаровск
2025-08-26 14:13:02,Фитинг трубок угловой 10мм Europart !,1,48,Europart,10mm,Хабаровск
2025-08-26 14:13:02,Фитинг трубок угловой 12мм Europart,1,60,Europart,12mm,Хабаровск
2025-08-26 14:13:02,Фланец вала XLD-Y203-1 / GUN41 NIS UD XLD,3,2499,Дизель,XLD-Y203-1,Хабаровск
2025-08-26 14:13:02,Фланец вала XLD-Y203-5 / GUM71 FUSO XLD,18,2888,Дизель,XLD-Y203-5,Хабаровск
2025-08-26 14:13:02,"Фланец КПП D=165 8отв. 1269338020 (H,S)",1,2241,Дизель,1269338020,Хабаровск
2025-08-26 14:13:02,Фланец перед ступицы D-126638 / WG4071418041 Sitrak C7H Дизель,2,7636,Дизель,D-126638,Хабаровск
2025-08-26 14:13:02,Фланец редуктора заднего моста D-126639 / WG7117329010 Sitrak C7H Дизель,1,2783,Дизель,D-126639,Хабаровск
2025-08-26 14:13:02,Фланец редуктора заднего моста D-127929 / 2402066-A0E FAW Дизель,1,1876,Дизель,D-127929,Хабаровск
2025-08-26 14:13:02,Фланец редуктора сред моста (d=180мм 4 отв) 2502066-AOE FAW J6,2,2282,Дизель,2502066-AOE,Хабаровск
2025-08-26 14:13:02,Фланец хвостовика 180*4 H=90 Z=8 AZ9128320014 HOWO,2,2042,Дизель,AZ9128320014,Хабаровск
2025-08-26 14:13:02,Фланец хвостовика TUF-002 37304-05720 FU4F#FZ1F#SH/SS1F/3F# PM,6,2980,Paul Master,TUF-002,Хабаровск
2025-08-26 14:13:02,"Фланец хвостовика TUF-003 / 37304-36030 DYNA/TOYOACE/HINO BU3# - 9#/BZU3##,RZU3##,XZU3# PM",2,3697,Paul Master,37304-36030,Хабаровск
2025-08-26 14:13:02,Фонарь HY H100/PORTER || 221-1943L-AE (дефект),1,422,Depo,221-1943 L-AE,Хабаровск
2025-08-26 14:13:02,Фонарь верхний спойлерный 3763060-A01 J6/4250/4180 FAW дефект,4,543,Дизель,3763060-A01,Хабаровск
2025-08-26 14:13:02,Фонарь габаритный L D-126641 / WG9925720045 задний Sitrak C7H Дизель,1,509,Дизель,D-126641,Хабаровск
2025-08-26 14:13:02,Фонарь габаритный R D-126642 / WG9925720046 задний Sitrak C7H Дизель,3,509,Дизель,D-126642,Хабаровск
2025-08-26 14:13:02,Фонарь задний L D-126643 / WG9925810001 HOWO A7 Дизель дефект,1,1590,Дизель,D-126643,Хабаровск
2025-08-26 14:13:02,Фонарь задний L D-127192 / 214-1957L-A (K) FUSO CANTER FE85 LHD / MK485640 Дизель,67,991,Дизель,D-127192,Хабаровск
2025-08-26 14:13:02,Фонарь задний L D-127197 / 8-97213-352-0 / 8-98002-165-0 с квадратной фишкой 700P 4HK1 Дизель,10,745,Дизель,D-127197,Хабаровск
2025-08-26 14:13:02,Фонарь задний R D-126040 / 4133200Y8010 N350 JAC Дизель,1,4344,Дизель,D-126040,Хабаровск
2025-08-26 14:13:02,Фонарь задний R D-126370 / 0K60A-51150C KIA K2500/K2700/K2700II/K3000/K3000II (97-2004) Дизель,35,539,Дизель,D-126370,Хабаровск
2025-08-26 14:13:02,Фонарь задний RH/LH HTPHW9925810001 HOWO ORIG,16,2951,Howo,HTPHW9925810001,Хабаровск
2025-08-26 14:13:02,Фонарь задний левый 8-97213-352-0/8-98002-165-0 700P 4HK1 Diesel дефект,1,176,Isz,8-97213-352-0,Хабаровск
2025-08-26 14:13:02,Фонарь задний левый D-125589 / 8-98223-616-0 FSR90/FVR34 Дизель,16,955,Дизель,D-125589,Хабаровск
2025-08-26 14:13:02,Фонарь задний левый D-126368 / 0K60A-51160D KIA Bongo K2500/K2700/K2700II/K3000 (1997-2004) Дизель,26,632,Дизель,D-126368,Хабаровск
2025-08-26 14:13:02,Фонарь задний левый Depo truck,1,2971,JMC,Фонарь задний левый Depo truck,Хабаровск
2025-08-26 14:13:02,Фонарь задний правый 4133200Y8010 N350 JAC (NON-GENUINE) дефект,1,3454,Дизель,4133200Y8010,Хабаровск
2025-08-26 14:13:02,Фонарь задний правый 8-97213-351-0/8-98002-166-0 700P 4HK1 Diesel дефект,5,502,Diesel,8-97213-351-0,Хабаровск
2025-08-26 14:13:02,Фонарь задний правый 92402-7A100 HD72/120 без клипс дефект,3,587,Дизель,92402-7A100,Хабаровск
2025-08-26 14:13:02,Фонарь задний правый D-127378 / 92402-4B100 HYUNDAI Porter Дизель,15,619,Дизель,D-127378,Хабаровск
2025-08-26 14:13:02,Фонарь задний правый Depo truck,1,3429,JMC,440-1986-we,Хабаровск
2025-08-26 14:13:02,Фонарь задний правый МК 92402-5А100,2,3163,Дизель,92402-5А100,Хабаровск
2025-08-26 14:13:02,Фонарь комбинированный L D-126644 / 812W25320-6001/2 Sitrak C7H Дизель,1,3594,Дизель,D-126644,Хабаровск
2025-08-26 14:13:02,Фонарь на крышу кабины 05-7504-4-Y/213-2204 ORANGE Isuzu C series RHD 95-99,12,651,Дизель,05-7504-4-Y,Хабаровск
2025-08-26 14:13:02,"Форсунка 612600080324, KBEL132P31",1,1682,JMC,612600080324,Хабаровск
2025-08-26 14:13:02,Форсунка 8-98030-550-4 6WF1/6WG1 E-3 CYZ52/EXZ52 ORIG,58,32167,Isuzu,8-98030-550-4,Хабаровск
2025-08-26 14:13:02,Форсунка D-126647 / 8-98030-550-4 / 095000-6650 6WF1/6WG1 E-3 CYZ52/EXZ52 Дизель,6,22749,Дизель,D-126647,Хабаровск
2025-08-26 14:13:02,Форсунка D-126809 / 612630090055 / 0445120391 JAC N350 WP10 E-5 Дизель,7,16579,Дизель,D-126809,Хабаровск
2025-08-26 14:13:02,Форсунка в сборе 0432191266/A0020106851 / A0020109351 Mercedes/Bosch !,6,6770,Bosch,0 432 191 266,Хабаровск
2025-08-26 14:13:02,Форсунка топливная (R)9709500-555/33800-45700/DCRI105550 DENSO KOREA,40,32761,Denso,9709500-555,Хабаровск
2025-08-26 14:13:02,Форсунка топливная 0445120212 Bosch,6,25564,Bosch,044 512 02 12,Хабаровск
2025-08-26 14:13:02,Форсунка топливная 9709500-714/33800-52000/095000-7140 DENSO KOREA,8,44922,Denso,9709500-714,Хабаровск
2025-08-26 14:13:02,Форсунка топливная D-126649 / 095000-8633 / 8-98139-816-3 CYZ52 6WG1 Е-5 Дизель,8,19623,Дизель,D-126649,Хабаровск
2025-08-26 14:13:02,Форсунка топливная D-128476 / 1112010-36D (распыл 193) FAW E-2 Дизель,6,2039,Дизель,D-128476,Хабаровск
2025-08-26 14:13:02,Хомут (D=130) WG1500119216 Howo,2,161,Дизель,WG1500119216,Хабаровск
2025-08-26 14:13:02,Хомут гофры глушителя широкий LC200SS d51мм,72,585,Дизель,LC200SS,Хабаровск
2025-08-26 14:13:02,Хомут гофры глушителя широкий LC225SS d57мм,72,589,Дизель,LC225SS,Хабаровск
2025-08-26 14:13:02,Хомут гофры глушителя широкий LC250SS d64мм,72,604,Дизель,LC250SS,Хабаровск
2025-08-26 14:13:02,Хомут гофры глушителя широкий LC275SS d70мм,72,614,Дизель,LC275SS,Хабаровск
2025-08-26 14:13:02,Хомут гофры глушителя широкий LC300SS d76мм,72,621,Дизель,LC300SS,Хабаровск
2025-08-26 14:13:02,Хомут гофры глушителя широкий LC350SS d89мм,72,632,Дизель,LC350SS,Хабаровск
2025-08-26 14:13:02,Хомут гофры глушителя широкий LC400SS d102мм,72,647,Дизель,LC400SS,Хабаровск
2025-08-26 14:13:02,Хомут гофры глушителя широкий LC450SS d114мм,72,698,Дизель,LC450SS,Хабаровск
2025-08-26 14:13:02,Хомут гофры глушителя широкий LC500SS d127мм,72,701,Дизель,LC500SS,Хабаровск
2025-08-26 14:13:02,Хомут на выхлопн. трубу VG1500119215 Howo,3,116,Дизель,VG1500119215,Хабаровск
2025-08-26 14:13:02,Хомут повышенной прочности для глушителя SBC200 d51 mm,72,599,Дизель,SBC200,Хабаровск
2025-08-26 14:13:02,Хомут повышенной прочности для глушителя SBC225 d57 mm,72,487,Дизель,SBC225,Хабаровск
2025-08-26 14:13:02,Хомут повышенной прочности для глушителя SBC250 d63 mm,72,528,Дизель,SBC250,Хабаровск
2025-08-26 14:13:02,Хомут повышенной прочности для глушителя SBC275 d70 mm,72,556,Дизель,SBC275,Хабаровск
2025-08-26 14:13:02,Хомут повышенной прочности для глушителя SBC300 d76 mm,72,589,Дизель,SBC300,Хабаровск
2025-08-26 14:13:02,Хомут повышенной прочности для глушителя SBC300 ф76,2,886,JMC,SBC300,Хабаровск
2025-08-26 14:13:02,Хомут повышенной прочности для глушителя SBC350 d89 mm,72,603,Дизель,SBC350,Хабаровск
2025-08-26 14:13:02,Хомут повышенной прочности для глушителя SBC400 d102 mm,72,661,Дизель,SBC400,Хабаровск
2025-08-26 14:13:02,Хомут турбины малый D=87 Howo,1,89,Howo,D=87,Хабаровск
2025-08-26 14:13:02,"Цепи противоскольжения / 1700mm x 370mm / тип ""сота"" / HNN240 / /",2,6770,JMC,HNN240,Хабаровск
2025-08-26 14:13:02,"Цепи противоскольжения TN-225 (205/75-14, 205-14, 28x8.50x14, H70-14, H78-14ST, 195-15, 205/70-15, 205/75-15, 6.70-15, 78-15, 185/75-16, 7-17.5) на 2 колеса",16,4318,Дизель,TN-225,Хабаровск
2025-08-26 14:13:02,"Цепи противоскольжения TN-230 (215/75-14, 215-14, 7.50-14, 8-14.5, 9-14.5, 215/70-15, 215/75-15, 225/70-15, 6.70-15, 185-16, 195-16, 195/75-16, 6.00-16, 6.40-16, 8.00-16.5) на 2 колеса",13,4842,Дизель,TN-230,Хабаровск
2025-08-26 14:13:02,"Цепи противоскольжения TN-275 ( 245/70-19.5, 265/70-19.5, 265/75-22.5, 10-22.5) на 2 колеса",14,9286,Дизель,TN-275,Хабаровск
2025-08-26 14:13:02,"Цепи противоскольжения тип ""лесенка"" HNL295/HNL295 / 305/70-19,5;295/60-22,5;275/70-22,5;305/60-22,5",2,4650,Дизель,HNL295,Хабаровск
2025-08-26 14:13:02,"Цепи противоскольжения тип ""лесенка"" HNL300/295/70-22,5;315/60-22,5;275/80-22,5;305/70-22,5",6,4950,Дизель,HNL300,Хабаровск
2025-08-26 14:13:02,"Цепи противоскольжения тип ""сота"" HNN300 (22,5)",1,7068,JMC,"Цепи противоскольжения тип ""сота"" HNN300 (22,5)",Хабаровск
2025-08-26 14:13:02,"Цепи противоскольжения тип ""сота"" TND300 (20Mn2)",1,18739,Дизель,TND300,Хабаровск
2025-08-26 14:13:02,"Цепи противоскольжения тип ""сота"" TND310 (20Mn2)",2,20057,JMC,TND300,Хабаровск
2025-08-26 14:13:02,Цепь ГРМ 1021110FD020 JAC N35 ORIG,2,3567,JAC,1021110FD020,Хабаровск
2025-08-26 14:13:02,Цепь ГРМ 1021120FD020 JAC N35 ORIG,3,3231,JAC,1021120FD020,Хабаровск
2025-08-26 14:13:02,Цепь ГРМ 5-12536-031-1 3KC1 ORIG,1,12317,Isuzu,5-12536-031-1,Хабаровск
2025-08-26 14:13:02,Цилиндр (гильза) компрессора 8-97614-056-0 F-series 6HK1 E-4 ORIG,1,9906,Isuzu,8-97614-056-0,Хабаровск
2025-08-26 14:13:02,Цилиндр клапана горного тормоза D-127854 / HDE-016 / ME053885/895/ME063716 MMC FUSO HD Дизель,15,2057,Дизель,D-127854,Хабаровск
2025-08-26 14:13:02,Цилиндр рабочий 179100360018 Howo/,1,313,Howo,179100360018,Хабаровск
2025-08-26 14:13:02,Цилиндр сцепления главный D-128477 / WG9719230013 HOWO Дизель,3,1520,Дизель,D-128477,Хабаровск
2025-08-26 14:13:02,Цилиндр сцепления главный с бочком WG9719230013/3 Howo,2,1287,Howo,WG9719230013/3,Хабаровск
2025-08-26 14:13:02,Шайба амортизатора 9-51631-040-0 ORIG,7,212,Isuzu,9-51631-040-0,Хабаровск
2025-08-26 14:13:02,Шайба балансира упорная 1-28571-670-0 125*174 mm Isuzu XLD !,102,611,Дизель,1-28571-670-0,Хабаровск
2025-08-26 14:13:02,Шайба балансира упорная XLD-M206-19 HINO 100*140*23 XLD,15,1270,Дизель,XLD-M206-19,Хабаровск
2025-08-26 14:13:02,Шайба вала балансира регулировочна XLD-M206-23 100*140*5 XLD,178,469,Дизель,XLD-M206-23,Хабаровск
2025-08-26 14:13:02,Шайба вала балансира регулировочная 55512-00Z00 101*140*5 mm Nissan XLD,25,367,Дизель,55512-00Z00,Хабаровск
2025-08-26 14:13:02,Шайба вала балансира стопорная D-022 55289-00Z00 PM,2,5057,Paul Master,D-022,Хабаровск
2025-08-26 14:13:02,Шайба вала балансира стопорная D-125255 / 1-51382-010-4 CX#/CY#/CV#/EX# Дизель,24,1155,Дизель,D-125255,Хабаровск
2025-08-26 14:13:02,Шайба вала балансира стопорная FDP-020/ D-021-1 MC040425 PM,4,3889,Paul Master,FDP-020,Хабаровск
2025-08-26 14:13:02,Шайба вала балансира стопорная HFF2918116CKXBZ JAC N350 ORIG,1,160,JAC,HFF2918116CKXBZ,Хабаровск
2025-08-26 14:13:02,Шайба Для Форсунок MF520010/3112304100 00-15-00 (кольцоРезин) ORIGINAL /,2,288,Mitsubishi,MF520010,Хабаровск
2025-08-26 14:13:02,Шайба задней ступицы 1680340015 HOWO,1,57,Дизель,1680340015,Хабаровск
2025-08-26 14:13:02,Шайба конусная 2280225800 / N074361022351 / 0256152290 Mercedes/Europart,30,23,Europart,2280225800,Хабаровск
2025-08-26 14:13:02,Шайба конусная G-012 /0141181 12mm skania 113 PM,6,142,Paul Master,G-012,Хабаровск
2025-08-26 14:13:02,Шайба КПП регулировочная 8-97252-661-0 ID=70 T=1.68 ORIG,26,547,Isuzu,8-97252-661-0,Хабаровск
2025-08-26 14:13:02,"Шайба оцинкованная K100 DIN 125B 25,0 0254012507SKV/02.5401.25.07/6605025000",1574,14,SKV,0254012507SKV,Хабаровск
2025-08-26 14:13:02,Шайба прорезин 13057039 JAC N350 WP10 E-5 (NON-GENUINE),10,17,Дизель,13057039,Хабаровск
2025-08-26 14:13:02,"Шайба регулировочная 1-41349-091-0 T=4,5 C,F-series ORIG",3,1602,Isuzu,1-41349-091-0,Хабаровск
2025-08-26 14:13:02,Шайба рессорного пальца (втулки) 1-51169-018-0 CYZ51/FVR34 ORIG,19,755,Isuzu,1-51169-018-0,Хабаровск
2025-08-26 14:13:02,"Шайба рессорных пальцев WSP-04 28*50*1,5",1495,39,Дизель,WSP-04,Хабаровск
2025-08-26 14:13:02,Шайба рессорных пальцев WSP-05 28*50*2,1857,39,Дизель,WSP-05,Хабаровск
2025-08-26 14:13:02,"Шайба рессорных пальцев WSP-06 28*50*2,5",1682,40,Дизель,WSP-06,Хабаровск
2025-08-26 14:13:02,"Шайба рессорных пальцев WSP-07 30*52*1,5",1,39,Дизель,WSP-07,Хабаровск
2025-08-26 14:13:02,"Шайба рессорных пальцев WSP-12 32*52*2,5",1,39,Дизель,WSP-12,Хабаровск
2025-08-26 14:13:02,Шайба сателлита D-126652 / 810W90714-0248 Sitrak C7H Дизель,3,80,Дизель,D-126652,Хабаровск
2025-08-26 14:13:02,Шайба сателлита D=24 199012320150 HOWO,4,44,Дизель,199012320150,Хабаровск
2025-08-26 14:13:02,"Шайба сливной пробки поддона ID=14,2 OD=24 8-94158-328-0 F,N-series ORIG",17,190,Isuzu,8-94158-328-0,Хабаровск
2025-08-26 14:13:02,Шайба стопорная A6752831152 / A0109908382 Mercedes !,2,300,Mercedes,A 010 990 83 82,Хабаровск
2025-08-26 14:13:02,Шайба стопорная WG2229100021 HOWO T5G,12,397,Дизель,WG2229100021,Хабаровск
2025-08-26 14:13:02,Шайба ступицы DA-003-1/dkl-003 90042-14003 PM,10,214,Paul Master,DA-003-1,Хабаровск
2025-08-26 14:13:02,Шайба ступицы FIB-018 MC828601 PM,3,730,Paul Master,FIB-018,Хабаровск
2025-08-26 14:13:02,Шайба ступицы FIL-018 / FK-018-2 MC815480 PM,2,694,Paul Master,FIL-018,Хабаровск
2025-08-26 14:13:02,Шайба ступицы FV-026-1/FKL-026/MC814671 Fuso fp415 PM,3,641,Paul Master,FKL-026,Хабаровск
2025-08-26 14:13:02,Шайба ступицы FV-026-2/Fkb-026 MC817032 PM,4,730,Paul Master,FKB-026,Хабаровск
2025-08-26 14:13:02,Шайба ступицы FV-028-1 / MC-814781 / FIL-028 / PM,5,515,Paul Master,FV-028-1,Хабаровск
2025-08-26 14:13:02,Шайба ступицы FV-028-2 / FIB-028 / MC828600 PM,8,641,Paul Master,FV-028-2,Хабаровск
2025-08-26 14:13:02,Шайба ступицы IS-050-1 / 1-09533-012-0 / IIL-050 PM,2,851,Paul Master,1-09533-012-0,Хабаровск
2025-08-26 14:13:02,Шайба ступицы UD-045-1 /UIL-045 / 40076-90010 PM,3,601,Paul Master,UIL-045,Хабаровск
2025-08-26 14:13:02,Шайба ступицы UD-045-2 / UIB-045 40036-90017 PM,7,668,Paul Master,UD-045-2,Хабаровск
2025-08-26 14:13:02,Шайба ступицы UD-046-1/UKL-046/38444-00Z00 PM,5,687,Paul Master,UKL-046,Хабаровск
2025-08-26 14:13:02,Шайба ступицы UD-046-2/UKB-046/38445-00Z01 PM,1,763,Paul Master,UKB-046,Хабаровск
2025-08-26 14:13:02,Шайба уплот.регулир. втулки балансира 12857-15400 125*175*7mm XLD,54,729,XLD,12857-15400,Хабаровск
2025-08-26 14:13:02,Шайба уплотнительная 211.030/060.027 Sampa,6,46,Sampa,211.030,Хабаровск
2025-08-26 14:13:02,Шайба уплотнительная D-128182 / 082V56631-0110 Howo Дизель,10,149,Дизель,D-128182,Хабаровск
2025-08-26 14:13:02,Шайба уплотнительная WW-001-22 / WW-22/WW-022 (22*28mm) PM,2,62,Paul Master,WW-001-22,Хабаровск
2025-08-26 14:13:02,Шайба уплотнительная WW-012A / WW-001-12A (12*18mm) PM,5,45,Paul Master,WW-12A,Хабаровск
2025-08-26 14:13:02,Шайба уплотнительная WW-014/ WW-001-14 (14x20mm) PM,24,42,Paul Master,WW-14,Хабаровск
2025-08-26 14:13:02,Шайба уплотнительная WW-18 / WW-001-18 (18*26mm) PM,12,44,Paul Master,WW-001-18,Хабаровск
2025-08-26 14:13:02,Шайба уплотнительная WW-20 / WW-001-20 (20mm) PM,4,38,Paul Master,WW-20,Хабаровск
2025-08-26 14:13:02,Шайба уплотнительная WW-26A / WW-001-26A (26*30mm) PM,3,50,Paul Master,WW-26A,Хабаровск
2025-08-26 14:13:02,Шайба уплотнительная WW-26B / WW-001-26B (26*34mm) PM,3,62,Paul Master,WW-26B,Хабаровск
2025-08-26 14:13:02,Шайба уплотнительная XW-008 / XW-001-08 (8*12mm) PM,8,21,Paul Master,XW-08,Хабаровск
2025-08-26 14:13:02,Шайба уплотнительная XW-010/ XW-001-10 (10*15mm) PM,6,42,Paul Master,XW-001-10,Хабаровск
2025-08-26 14:13:02,Шайба уплотнительная XW-012 / XW-001-12 (12*18mm) PM,1,46,Paul Master,XW-001-12,Хабаровск
2025-08-26 14:13:02,Шайба уплотнительная XW-16 / XW-001-16 (16*22mm) PM,9,42,Paul Master,XW-001-16,Хабаровск
2025-08-26 14:13:02,Шайба уплотнительная XW-20 / XW-001-20 (20*26mm) PM,5,30,Paul Master,XW-001-20,Хабаровск
2025-08-26 14:13:02,Шайба упорная 55513-00Z00 /55513-90003 UDW-011 PM,2,1917,Paul Master,UDW-011,Хабаровск
2025-08-26 14:13:02,Шайба упорная A3463532662 Mercedes,2,1693,Mercedes,A 346 353 26 62,Хабаровск
2025-08-26 14:13:02,Шайба форсунки (медь) 612639000064 SHACMAN WP12,4,36,Дизель,612639000064,Хабаровск
2025-08-26 14:13:02,Шайба форсунки 1112306-29D FAW E-2/3,2,36,Дизель,1112306-29D,Хабаровск
2025-08-26 14:13:02,Шайба форсунки впрыска топлива A0000171560 / A9060170260 / 2430105049 Mercedes/BOSCH !,3,519,Bosch,2 430 105 049,Хабаровск
2025-08-26 14:13:02,"Шайба шестерни редуктора (саттелита) 1-41552-017-0 T=1.6 C,E-series ORIG",1,724,Isuzu,1-41552-017-0,Хабаровск
2025-08-26 14:13:02,Шайба шкворня регулировочная (T=0.12) 1-43171-343-0 FSR90 ORIG,18,562,Isuzu,1-43171-343-0,Хабаровск
2025-08-26 14:13:02,Шайба шкворня регулировочная (T=0.25) 1-43171-344-0 FSR90 ORIG,3,716,Isuzu,1-43171-344-0,Хабаровск
2025-08-26 14:13:02,Шайба шкива на лобовине E-019 13437-1300 FH/FN/FR2K# FW1K# PM !,5,1399,Paul Master,E-019,Хабаровск
2025-08-26 14:13:02,Шаровая опора 2729902 Lemforder,2,1868,JMC,2729902,Хабаровск
2025-08-26 14:13:02,Шаровая опора 40110-01G25 / 26 Y,1,1338,Yamasida,40110-01G25,Хабаровск
2025-08-26 14:13:02,Шаровая опора 40110-9X50A,2,1408,JMC,40110-9X50A,Хабаровск
2025-08-26 14:13:02,Шаровая опора 40160-MB40C,2,1784,JMC,40160-MB40C,Хабаровск
2025-08-26 14:13:02,Шаровая опора SB-.../0520-TITU W628-34-540 TITAN FEBEST,1,712,JMC,W628-34-540,Хабаровск
2025-08-26 14:13:02,Шаровая опора SB-../0120-BUUP #48066-39065/43330-89015 R XZU308 UP FEBEST,1,2650,JMC,48066-39065,Хабаровск
2025-08-26 14:13:02,Шаровая опора SB-3702L / 43340-29115,1,2161,Zevs,43340-29115,Хабаровск
2025-08-26 14:13:02,Шаровая опора SB-3702R / 43330-29165,1,2161,Zevs,43330-29165,Хабаровск
2025-08-26 14:13:02,Шаровая опора SB-4472L CBN-7L BJ2516 40161-48W25/40161-T3060,1,1043,Zevs,40161-T3060,Хабаровск
2025-08-26 14:13:02,Шаровая опора SB-4472R CBN-7R 40160-T3060/40160-48W25,2,940,Zevs,40160-T3060,Хабаровск
2025-08-26 14:13:02,Шаровая опора SB-5312 8-97103-437-0 UBS69GW 1997год DOWN,2,1892,JMC,SB-5312,Хабаровск
2025-08-26 14:13:02,Шаровая опора верхняя 40110-T3060 NISSAN ATLAS F22/23 Y,12,1215,Yamasida,40110-T3060,Хабаровск
2025-08-26 14:13:02,Шаровая опора верхняя D-128508 / 8-97107-328-0 / 8-97076-003-1 / 8-97327-369-5 / SB-5321 Дизель,72,981,Дизель,D-128508,Хабаровск
2025-08-26 14:13:02,Шаровая опора нижняя 8-98025-499-0 ISUZU NKR55 4HF1 Y,4,3150,Yamasida,8-98025-499-0,Хабаровск
2025-08-26 14:13:02,Шаровая опора нижняя D-128510 / 8-97142-452-1 NPR55/NKR58/NHR '90-'92 LOW M16x1.5 Дизель,71,897,Дизель,D-128510,Хабаровск
2025-08-26 14:13:02,Шаровая опора нижняя ISUZU 8-97142-452-1 NPR55 NKR58 NHR '90-'92 LOW(M16X1.5) Y,80,1754,Yamasida,8-97142-452-1,Хабаровск
2025-08-26 14:13:02,Шаровая опора нижняя MAZDA S47P-34-550A TITAN SYE6T / BONGO LOW CH !,2,1538,Chase,S47P-34-550A,Хабаровск
2025-08-26 14:13:02,Шаровая опора нижняя NISSAN 40161-48W25/40161-T3060 ATLAS F22# 89-92 L Y,16,1592,Yamasida,40161-48W25,Хабаровск
2025-08-26 14:13:02,Шаровая опора нижняя S47P-34-550A MAZDA TITAN SYE6T / BONGO Y,21,1964,Yamasida,S47P-34-550A,Хабаровск
2025-08-26 14:13:02,"Шаровая опора нижняя TOYOTA 43330-39765 /43330-39515 DYNA / HINO XZU#BU3##,BZU3## L Y",21,2888,Yamasida,43330-39765,Хабаровск
2025-08-26 14:13:02,Шаровое соединение тяги стаб D-126047 / 55540-Y3070-1 JAC N350 Дизель,2,2432,Дизель,D-126047,Хабаровск
2025-08-26 14:13:02,Шатун 1004010FD020 JAC N35 ORIG,4,2949,JAC,1004010FD020,Хабаровск
2025-08-26 14:13:02,Шатун D-128491 / 61500030009 HOWO E-2 WD615 WP10 Дизель,10,3365,Дизель,D-128491,Хабаровск
2025-08-26 14:13:02,Шатун двигателя 4BG1/6BG1 1-12230-129-2 ORIG,2,14099,Isuzu,1-12230-129-2,Хабаровск
2025-08-26 14:13:02,Шатун двухпоршневого компрессора в сборе 1-19173-006-0 ORIG,2,5741,Isuzu,1-19173-006-0,Хабаровск
2025-08-26 14:13:02,Шатун поршня 4JJ1-TC NLR85 D-125488 / 8-97388-921-2/0 Дизель,7,2620,Дизель,D-125488,Хабаровск
2025-08-26 14:13:02,Шестерня 02T311351E VAG,1,7257,VAG,02T311351E,Хабаровск
2025-08-26 14:13:02,Шестерня 12JSDX240T-1707106 (46 зубов) SHAANXI,1,7027,Дизель,12JSDX240T-1707106,Хабаровск
2025-08-26 14:13:02,Шестерня 145616 /A3892622711 / 60531049 Mercedes/CEI !,1,24330,CEI,145.616,Хабаровск
2025-08-26 14:13:02,Шестерня 3 передачи втор вала КПП 12JS200T-1701113 HOWO,2,2914,Дизель,12JS200T-1701113,Хабаровск
2025-08-26 14:13:02,Шестерня 3-й передачи КПП D-128102/8-97241-234-0 Z=34 MYY5T/MYY6S N-серия ISUZU Дизель,1,5140,Дизель,D-128102,Хабаровск
2025-08-26 14:13:02,Шестерня 4-й передачи D-128152 / 8-97241-230-0 Z=28 КПП MYY6S N-серия Дизель,17,3452,Дизель,D-128152,Хабаровск
2025-08-26 14:13:02,Шестерня 6-й передачи (Z=21) КПП MYY6S D-125019/8-97386-582-0 ISUZU Дизель,7,2505,Дизель,D-125019,Хабаровск
2025-08-26 14:13:02,Шестерня 6-й передачи (Z=21) КПП MYY6S D-125246 / 8-97386-582-0 ISUZU Дизель,34,2786,Дизель,D-125246,Хабаровск
2025-08-26 14:13:02,Шестерня 6-й передачи Z=46 D-125228 / 8-98137-256-0 F-series Дизель,17,10080,Дизель,D-125228,Хабаровск
2025-08-26 14:13:02,Шестерня 6-й передачи Z=50 КПП MYY6S D-125245/8-97386-580-0 N-серия ISUZU Дизель,24,9349,Дизель,D-125245,Хабаровск
2025-08-26 14:13:02,Шестерня 6-й передачи Z=50 КПП MYY6S D-128153/8-97386-580-0 N-серия ISUZU Дизель,16,8409,Дизель,D-128153,Хабаровск
2025-08-26 14:13:02,Шестерня вала конической передачи 41254-1120/S4115-E0050/KD913 HINO 700 / HINO 500,6,29264,Дизель,KD913,Хабаровск
2025-08-26 14:13:02,Шестерня вала межосевого дифференциала S4125-21190/KD914 HINO700/500,3,32923,Дизель,S4125-21190,Хабаровск
2025-08-26 14:13:02,Шестерня воздушного компрессора 1-12524-164-1/1-12524-111-1/1-12524-087-6 C-series 6WG1 ORIG,1,15311,Isuzu,1-12524-164-1,Хабаровск
2025-08-26 14:13:02,Шестерня ГРМ Z=45 1-12523-371-1/1-12523-215-3 C-series 6WG1 ORIG,1,44220,Isuzu,1-12523-371-1,Хабаровск
2025-08-26 14:13:02,Шестерня ГРМ Z=54 1-12522-060-0/1-12522-055-2/1-12522-043-1/1-12522-035-3 C-series 6WG1 ORIG,1,36232,Isuzu,1-12522-060-0,Хабаровск
2025-08-26 14:13:02,Шестерня ГРМ Z=64-36 1-12523-366-1/1-12523-366-0/1-12523-334-0 C-series 6WG1 ORIG,1,65670,Isuzu,1-12523-366-1,Хабаровск
2025-08-26 14:13:02,Шестерня ГРМ Z=72-30 8-97223-189-0 N-series 4HV1 (CNG) ГАЗ Diesel,1,8161,Дизель,8-97223-189-0,Хабаровск
2025-08-26 14:13:02,Шестерня ГРМ Z=90 1-12523-369-1/1-12523-313-0/1-12523-270-0/1-12523-213-1 C-series 6WG1 ORIG,1,49150,Isuzu,1-12523-369-1,Хабаровск
2025-08-26 14:13:02,"Шестерня дифференциала 8-98165-935-0/1-41561-093-0 NPR75K, N1R90 Diesel",1,3897,Дизель,1-41561-093-0,Хабаровск
2025-08-26 14:13:02,Шестерня к/вала Z=48 1-12521-061-2/1-12521-048-6 C-series 6WG1 ORIG,1,28190,Isuzu,1-12521-061-2,Хабаровск
2025-08-26 14:13:02,Шестерня КПП 1-33253-657-0 Z=29 C-series ORIG,1,35825,Isuzu,1-33253-657-0,Хабаровск
2025-08-26 14:13:02,Шестерня КПП 1-ой передачи Z=43 D-125368 / 8-97350-010-0 /NQR75/NPR75/NQR90/HINO300 E4 Дизель,3,13056,Дизель,D-125368,Хабаровск
2025-08-26 14:13:02,"Шестерня КПП 3-й передачи 1-33253-704-1 Z= 41 C,E-series ORIG",1,47624,Isuzu,1-33253-704-1,Хабаровск
2025-08-26 14:13:02,Шестерня масляного насоса 1005013FB040 JAC N35 ORIG,1,2435,JAC,1005013FB040,Хабаровск
2025-08-26 14:13:02,Шестерня первич вала КПП 12JS200T-1701116-1 HOWO,2,2419,Дизель,12JS200T-1701116-1,Хабаровск
2025-08-26 14:13:02,"Шестерня редуктора (саттелит) D-125018 / 1-41551-055-0 Z=10 C,E-series Дизель",1,1862,Дизель,D-125018,Хабаровск
2025-08-26 14:13:02,Шкворень 5801542556 IVECO/HONGYAN,2,1103,Дизель,5801542556,Хабаровск
2025-08-26 14:13:02,Шкворень HFF3001041CK5G JAC N350 (NON-GENUINE),13,3733,Дизель,HFF3001041CK5G,Хабаровск
2025-08-26 14:13:02,Шкворень нижний 4459026 Iveco Orig !,1,5833,Iveco,4459026,Хабаровск
2025-08-26 14:13:02,Шкворень седельно-сцепного устройства (в сборе с тарелкой) KZ1412,4,7673,Дизель,KZ1412,Хабаровск
2025-08-26 14:13:02,Шкворневой ремкомплект 48*278 D-126812 / 3001044-4E FAW Дизель,39,4343,Дизель,D-126812,Хабаровск
2025-08-26 14:13:02,Шкворневой ремкомплект A6553300719 / 490878 Mercedes/DieselTechnic !,9,5222,Diesel Technic,4.90878,Хабаровск
2025-08-26 14:13:02,"Шкворневой ремкомплект D-127535 / КР-324 / MH-60 / 43231-1320 35х186,5 mm Дизель",4,2642,Дизель,D-127535,Хабаровск
2025-08-26 14:13:02,Шкворневой ремкомплект D-127536 / КР-425 / MT-05 / 04431-36030 28х160mm Дизель,12,1643,Дизель,D-127536,Хабаровск
2025-08-26 14:13:02,Шкворневой ремкомплект D-127539 / КР-433 / MT-09 / 04431-36041 28х160mm Дизель,4,1875,Дизель,D-127539,Хабаровск
2025-08-26 14:13:02,Шкворневой ремкомплект D-127552 / КР-137 / MN-57 / 40025-90725 47х239mm Дизель,24,3802,Дизель,D-127552,Хабаровск
2025-08-26 14:13:02,Шкворневой ремкомплект D-128055/KP-322/NY322/MH53/04431-E0020 HINO700/HINO500 50*252 Nam Yang Дизель,26,4042,Дизель,D-128055,Хабаровск
2025-08-26 14:13:02,"Шкворневой ремкомплект D-128070/KP-546, KP-524, KP-525, KP-534 MC995305 28*180 mm Nam Yang Дизель",8,1548,Дизель,D-128070,Хабаровск
2025-08-26 14:13:02,Шкворневой ремкомплект D-128617 / 81.44205.0055 на ось 54х232 SHACMAN Дизель,1,4865,Дизель,D-128617,Хабаровск
2025-08-26 14:13:02,Шкворневой ремкомплект HD2.5T County/Canter 28*180 mm NY-524/K5677 145000 Nam Yang (K),126,1522,NamYang,HD2.5T,Хабаровск
2025-08-26 14:13:02,Шкворневой ремкомплект HD3T HD72/78 30*180 mm K56771-45600,26,1791,Дизель,HD3T,Хабаровск
2025-08-26 14:13:02,Шкворневой ремкомплект HD3T HD72/78 30*180 mm K56771-45600 Nam Yang (K),80,1520,NamYang,HD3T,Хабаровск
2025-08-26 14:13:02,Шкворневой ремкомплект KP-222 / MI-56 1-87831-111-4 8-11t 50*252 mm Nam Yang (K),14,4444,NamYang,1-87831-111-4,Хабаровск
2025-08-26 14:13:02,"Шкворневой ремкомплект KP-231 / MI-08 5-87830-536-0 30*187,5 mm Nam Yang (K)",53,1552,NamYang,KP-231,Хабаровск
2025-08-26 14:13:02,Шкворневой ремкомплект KP-233 / MI-10 5-87831-608-0 30*188 mm,17,1682,Guanwei,5-87831-608-0,Хабаровск
2025-08-26 14:13:02,Шкворневой ремкомплект KP-425 / MT-05 28*160 mm NAM YANG,16,3478,Namyang,NY-425,Хабаровск
2025-08-26 14:13:02,Шкворневой ремкомплект KP-538 / КР-550 / MM-72 MC994307 45*216 mm,7,3503,Guanwei,KP-550,Хабаровск
2025-08-26 14:13:02,Шкворневой ремкомплект КР-321 / MH-57 04043-2010/2035/2057 FD#/HINO300 35*206 mm Nam Yang (K),2,1549,NamYang,КР-321,Хабаровск
2025-08-26 14:13:02,"Шкворневой ремкомплект КР-324 / MH-60 43231-1320 35*186,5 mm Nam Yang (K)",15,1743,NamYang,КР-324,Хабаровск
2025-08-26 14:13:02,"Шкворня (D=47,d=43,L=206) 1880410031 Howo",3,436,Howo,1880410031,Хабаровск
2025-08-26 14:13:02,Шкворня MR707/KP707/MD-03 28TAG12A,1,3541,Дизель,KP-707,Хабаровск
2025-08-26 14:13:02,Шкворня КР-536 Japan,1,2633,Дизель,KP-536,Хабаровск
2025-08-26 14:13:02,Шкив водяного насоса 201V06503-0384 HOWO T5G MC11,5,979,Дизель,201V06503-0384,Хабаровск
2025-08-26 14:13:02,Шкив коленвала D-128217/8-98004-024-3 700P 4HK1 NNR/NPR/FRR/FTR/FRS/FSS 07~ Дизель,2,7134,Дизель,D-128217,Хабаровск
2025-08-26 14:13:02,Шкив коленвала ST-MD160546,1,1928,JMC,MD160546,Хабаровск
2025-08-26 14:13:02,"Шланг 1-09363-633-0 L=420 C,F-series ORIG",1,4199,Isuzu,1-09363-633-0,Хабаровск
2025-08-26 14:13:02,Шланг 22048,1,1309,Gates,22048,Хабаровск
2025-08-26 14:13:02,Шланг A9405530282 Mercedes ориг !,6,5517,Mercedes,A9405530282,Хабаровск
2025-08-26 14:13:02,Шланг A9405532982 Mercedes ориг !,2,6695,Mercedes,A 940 553 29 82,Хабаровск
2025-08-26 14:13:02,Шланг ПГУ от ГЦС L=3600 WG9719230027 HOWO,2,850,Дизель,WG9719230027,Хабаровск
2025-08-26 14:13:02,Шланг передний тормозной F81Z-2078-HA FORD,3,3920,JMC,F81Z-2078-HA,Хабаровск
2025-08-26 14:13:02,Шланг подъема кабины L=1060 одноколенный WG9719820006 HOWO,1,246,Дизель,WG9719820006,Хабаровск
2025-08-26 14:13:02,Шланг подъема кабины L=2600 одноколенный WG9719821005 HOWO,1,482,Дизель,WG9719821005,Хабаровск
2025-08-26 14:13:02,Шланг подъема кабины L=3150 одноколенный WG9719820007 HOWO,3,577,Дизель,WG9719820007,Хабаровск
2025-08-26 14:13:02,Шланг радиатора D-125002/8-97177-372-0/8-98006-453-0 4HG1 RAD OUTLET Дизель,2,478,Дизель,D-125002,Хабаровск
2025-08-26 14:13:02,Шланг радиатора D-125694 / 8-98006-452-0 700P 4HK1 RAD INL Дизель,5,723,Дизель,D-125694,Хабаровск
2025-08-26 14:13:02,Шланг радиатора D-128543 / 8-97160-257-0 NPR 4HE1 RAD INL Дизель,7,541,Дизель,D-128543,Хабаровск
2025-08-26 14:13:02,Шланг соединительный подъёма каб. WG9112820005 (к-т) Н,5,1580,Howo,WG9112820005,Хабаровск
2025-08-26 14:13:02,Шланг соединительный сцепления (ПЦС\ПГУ) 51016 (Н),1,550,Дизель,51016,Хабаровск
2025-08-26 14:13:02,Шланг тормозной 58855-Y30K0 JAC N350 (NON-GENUINE),2,766,Дизель,58855-Y30K0,Хабаровск
2025-08-26 14:13:02,Шланг тормозной 8-97039-543-1 ISUZU NPR/NQR/NHS/NPS 71/75 94~ RHD/LHD передний Y,44,839,Yamasida,8-97039-543-1,Хабаровск
2025-08-26 14:13:02,Шланг тормозной 8-97042-976-0 ISUZU NLR/NMR 08~ RHD/LHD FR Y,1,842,Yamasida,8-97042-976-0,Хабаровск
2025-08-26 14:13:02,Шланг тормозной 8-97077-458-0 ISUZU NKR/NPR RHD/LHD 99~ RR Y,1,1085,Yamasida,8-97077-458-0,Хабаровск
2025-08-26 14:13:02,Шланг тормозной 8-97089-061-0 ISUZU NKR/NPR/NPS/FRR/FTR 93~ RHD/LHD RR Y,48,799,Yamasida,8-97089-061-0,Хабаровск
2025-08-26 14:13:02,Шланг тормозной 8-97358-770-2 ISUZU NKR/NHR/NLR/NMR 04~ RHD/LHD FR Y,10,1867,Yamasida,8-97358-770-2,Хабаровск
2025-08-26 14:13:02,Шланг тормозной 8-97365-481-0 ISUZU NPR/NQR/NNR 03~ RHD/LHD FR Y,21,1471,Yamasida,8-97365-481-0,Хабаровск
2025-08-26 14:13:02,Шланг тормозной 8-97366-925-0 ISUZU NKR/NHR/NLR/NMR 03~ RHD/LHD FR Y,8,1067,Yamasida,8-97366-925-0,Хабаровск
2025-08-26 14:13:02,Шланг тормозной 8-97368-281-0 ISUZU NPR/NNR 04~ RHD/LHD FR Y,3,1185,Yamasida,8-97368-281-0,Хабаровск
2025-08-26 14:13:02,Шланг тормозной 90947-02D85 LP-5781-2 Хино 300 Е-3/4 задний LH Y,21,1217,Yamasida,90947-02D85,Хабаровск
2025-08-26 14:13:02,Шланг тормозной 90947-02D86 LP-5781-3 HINO 300 E-3/4 передний RH ORIG,8,2824,hino,90947-02D86,Хабаровск
2025-08-26 14:13:02,Шланг тормозной 90947-02D86 LP-5781-3 Хино 300 E-3/4 передний RH Y,36,1045,Yamasida,90947-02D86,Хабаровск
2025-08-26 14:13:02,Шланг тормозной 90947-02D87 LP-5781-4 HINO 300 Е-3/4 передний LH ORIG,6,2824,hino,90947-02D87,Хабаровск
2025-08-26 14:13:02,Шланг тормозной 90947-02D87 LP-5781-4 Хино 300 Е-3/4 передний LH Y,36,1075,Yamasida,90947-02D87,Хабаровск
2025-08-26 14:13:02,Шланг тормозной 90947-02E74 LP-5781-5 Хино 300 Е-3/4 задний RH Y,49,1170,Yamasida,90947-02E74,Хабаровск
2025-08-26 14:13:02,Шланг тормозной D-128277 / 8-97039-543-1 ISUZU NPR/NQR/NHS/NPS 71/75 94~ RHD/LHD передний Дизель,79,760,Дизель,D-128277,Хабаровск
2025-08-26 14:13:02,Шланг тормозной D-128278 / 9004-72253 HINO RANGER Дизель,81,811,Дизель,D-128278,Хабаровск
2025-08-26 14:13:02,Шланг тормозной D-128279 / MB060470 CANTER Дизель,76,681,Дизель,D-128279,Хабаровск
2025-08-26 14:13:02,Шланг тормозной D-128280 / MB162206 CANTER/FUSO CANTER Дизель,72,773,Дизель,D-128280,Хабаровск
2025-08-26 14:13:02,Шланг тормозной D-128281 / MB295682 Дизель,72,718,Дизель,D-128281,Хабаровск
2025-08-26 14:13:02,Шланг тормозной D-128282 / W024-43-810A / W024-43-810B Mazda Titan Дизель,81,722,Дизель,D-128282,Хабаровск
2025-08-26 14:13:02,Шланг тормозной FR D-126655 / 3506030-60A FAW Дизель,20,488,Дизель,D-126655,Хабаровск
2025-08-26 14:13:02,Шланг тормозной ISUZU NKR / передний / дубликат / BH0630 / 8970350630; 8-97035-063-0; 8970350631; 8-,2,316,JMC,8970350630,Хабаровск
2025-08-26 14:13:02,Шланг тормозной MK 500020,1,1155,JMC,MK 500020,Хабаровск
2025-08-26 14:13:02,Шланг тормозной SH20827/BH-M202 W256-43-810B Mazda Titan Y,2,948,Yamasida,SH-20827,Хабаровск
2025-08-26 14:13:02,Шланг тормозной SH30097S/BH-004460 MB004461 CANTER/FUSO CANTER Y,27,852,Yamasida,SH-30097S,Хабаровск
2025-08-26 14:13:02,Шланг тормозной SH30437/BH-7014 MB060470 CANTER Y,19,757,Yamasida,SH-30437,Хабаровск
2025-08-26 14:13:02,Шланг тормозной SH30577S/BH-7026 MB162206 CANTER/FUSO CANTER Y,43,755,Yamasida,SH-30577S,Хабаровск
2025-08-26 14:13:02,Шланг тормозной SH30737/BH-G337 MH031865 FUSO Y,27,919,Yamasida,SH-30737,Хабаровск
2025-08-26 14:13:02,Шланг тормозной SH30947/BH-7059 MB295681 Y,4,880,Yamasida,SH-30947,Хабаровск
2025-08-26 14:13:02,Шланг тормозной SH30957/BH-7060 MB295682 Y,39,799,Yamasida,SH-30957,Хабаровск
2025-08-26 14:13:02,Шланг тормозной SH31047/BH-7075 / MB334309/MC862668/MH033223 LP-5871 Y,16,992,Yamasida,SH-31047,Хабаровск
2025-08-26 14:13:02,Шланг тормозной SH40767/BH-02492 90947-02523/02492 Y,13,731,Yamasida,SH-40767,Хабаровск
2025-08-26 14:13:02,Шланг тормозной SH40806/BH-95002/90947-02470/02386/96950-33305 Y,7,823,Yamasida,SH-40806,Хабаровск
2025-08-26 14:13:02,Шланг тормозной SH40814/BH-245/96940-33305/90947-02185 Y,2,401,Yamasida,SH-40814,Хабаровск
2025-08-26 14:13:02,Шланг тормозной SH41747/BH-02249 90947-02566 Dyna/TOYOACE Y,34,928,Yamasida,SH-41747,Хабаровск
2025-08-26 14:13:02,Шланг тормозной SH41957/BH-97003 96912-34105 Dyna/TOYOACE Y,95,386,Yamasida,SH-41957,Хабаровск
2025-08-26 14:13:02,Шланг тормозной SH42167/BH-02431 90947-02521 Dyna/TOYOACE Y,137,426,Yamasida,SH-42167,Хабаровск
2025-08-26 14:13:02,Шланг тормозной SH42657/BH-02477/90947-02477 Y,6,812,Yamasida,90947-02477,Хабаровск
2025-08-26 14:13:02,Шланг тормозной SH42897/BH-02567 90947-02567/90947-02744 Dyna/TOYOACE Y,15,467,Yamasida,SH-42897,Хабаровск
2025-08-26 14:13:02,Шланг тормозной SH45457 / 90947-02B78 LP-5781-1 TOY/HINO Y,4,833,Yamasida,SH-45457,Хабаровск
2025-08-26 14:13:02,Шланг тормозной SH50707 BH-48046/46204-89946 41S10 Y,15,484,Yamasida,SH-50707,Хабаровск
2025-08-26 14:13:02,Шланг тормозной SH50727/BH49032 46204-41S10 ATLAS F23 Y,104,1170,Yamasida,SH-50727,Хабаровск
2025-08-26 14:13:02,Шланг тормозной SH50737/46214-01A22/46204-89922 Y,42,796,Yamasida,SH-50737,Хабаровск
2025-08-26 14:13:02,Шланг тормозной SH51077/BH-9022 46201-Z5007 NISSAN CONDOR Y,4,1044,Yamasida,SH-51077,Хабаровск
2025-08-26 14:13:02,Шланг тормозной SH51927/BH-39027 46210-20N00 ATLAS F23 Y,16,1198,Yamasida,SH-51927,Хабаровск
2025-08-26 14:13:02,Шланг тормозной SH52077/BH-39037 46210-22T01 ATLAS F23 Y,35,1247,Yamasida,SH-52077,Хабаровск
2025-08-26 14:13:02,Шланг тормозной SH52207/BH-49074 46211-01A41 NISSAN BIG THUMB Y,4,486,Yamasida,SH-52207,Хабаровск
2025-08-26 14:13:02,Шланг тормозной SH52317/BH-U215 46201-00Z13 NISSAN BIG THUMB Y,36,983,Yamasida,SH-52317,Хабаровск
2025-08-26 14:13:02,Шланг тормозной SH52327S/BH-U214 46201-00Z14 NISSAN BIG THUMB Y,1,468,Yamasida,SH-52327S,Хабаровск
2025-08-26 14:13:02,Шланг тормозной SH52527/46210-21 OTO11 Y,22,338,Yamasida,SH-52527,Хабаровск
2025-08-26 14:13:02,Шланг тормозной SH52557/BH-N453 46210-0T801 Y,25,1726,Yamasida,SH-52557,Хабаровск
2025-08-26 14:13:02,Шланг тормозной SH80337/BH-6912 1-09364-189-0 Y,5,875,Yamasida,SH-80337,Хабаровск
2025-08-26 14:13:02,Шланг тормозной SH80347S 9004-72129 Y,26,1009,Yamasida,SH-80347S,Хабаровск
2025-08-26 14:13:02,Шланг тормозной SH80687/BH-4547 9004-72172 HINO PROFIY Y,2,768,Yamasida,SH-80687,Хабаровск
2025-08-26 14:13:02,Шланг тормозной SH80687S/BH-4551 9004-72171 HINO PROFIY Y,39,983,Yamasida,SH-80687S,Хабаровск
2025-08-26 14:13:02,Шланг тормозной SH80837/BH-4550 9004-72173 HINO PROFIY Y,36,1318,Yamasida,SH-80837,Хабаровск
2025-08-26 14:13:02,Шланг тормозной SH80847/BH-4557 9004-72177 HINO PROFIY Y,19,1088,Yamasida,SH-80847,Хабаровск
2025-08-26 14:13:02,Шланг тормозной SH80857/BH-4560 9004-72194 HINO PROFIY Y,38,1064,Yamasida,SH-80857,Хабаровск
2025-08-26 14:13:02,Шланг тормозной SH80867/BH-4558 9004-72195 HINO PROFIY Y,33,956,Yamasida,SH-80867,Хабаровск
2025-08-26 14:13:02,Шланг тормозной SH80877/BH-E311 1-09364-436-0 ISUZU FORWARD Y,7,854,Yamasida,SH-80877,Хабаровск
2025-08-26 14:13:02,Шланг тормозной SH80907/BH-0564 1-09364-197-0 ISUZU GIGA Y,13,1198,Yamasida,SH-80907,Хабаровск
2025-08-26 14:13:02,Шланг тормозной SH80927/BH-0562 1-09364-190-0 ISUZU GIGA Y,34,958,Yamasida,SH-80927,Хабаровск
2025-08-26 14:13:02,Шланг тормозной SH80957/BH-09090 1-09364-206-0/9-0991-134-0/9-09919-134-0/1 Y,2,1038,Yamasida,SH-80957,Хабаровск
2025-08-26 14:13:02,Шланг тормозной SH81077/BH-4563 9004-72253 HINO RANGER Y,42,958,Yamasida,SH-81077,Хабаровск
2025-08-26 14:13:02,Шланг тормозной SH81077S/BH-R200 9004-72199 HINO RANGER Y,1,997,Yamasida,SH-81077S,Хабаровск
2025-08-26 14:13:02,Шланг тормозной SH81147/BH-4564 9004-72240 HINO PROFIY Y,4,1419,Yamasida,SH-81147,Хабаровск
2025-08-26 14:13:02,Шланг тормозной SH81577/BH-E321 8-97035-064-0 ISUZU ELF Y,46,1326,Yamasida,8-97035-064-0,Хабаровск
2025-08-26 14:13:02,Шланг тормозной SH81727 8-97039-542-0 ISUZU ELF Y,13,1314,Yamasida,SH-81727,Хабаровск
2025-08-26 14:13:02,Шпилька в сборе BN05L ISUZU 10т.передняя левая М20х1.5 SKV,3,172,SKV,BN05L,Хабаровск
2025-08-26 14:13:02,Шпилька в сборе BW41 L ELF задняя съёмный барабан гайка 41 левая/,20,406,UDPD,BW41 L,Хабаровск
2025-08-26 14:13:02,Шпилька зад колеса 9920140120 JAC N35 ORIG,10,331,JAC,9920140120,Хабаровск
2025-08-26 14:13:02,Шпилька заднего колеса с гайкой M22 D=23 L=120 AZ9112340123 FAW,6,285,Дизель,AZ9112340123,Хабаровск
2025-08-26 14:13:02,Шпилька заднего правого колеса в сборе BW65R/0442A-E0040 HINO 700 SKV,1311,356,SKV,BW65R,Хабаровск
2025-08-26 14:13:02,Шпилька колеса (в сборе) 52755-45000 (L) HD45/HD65/HD72/HD78 задняя L (гайка 38) SKV !,146,249,SKV,52755-45000L,Хабаровск
2025-08-26 14:13:02,"Шпилька колеса 11.010.1905.340 M22x1,5x80,5 в сборе с гайкой Templin",1,208,JMC,110101905340,Хабаровск
2025-08-26 14:13:02,Шпилька колеса в сборе 0442A-E0080 HINO 500 rear L M22*1.5*99 SKV !,1,331,SKV,0442A-E0080L,Хабаровск
2025-08-26 14:13:02,Шпилька колеса в сборе 0442A-E0080 HINO 500 rear R M22*1.5*99 SKV,1650,279,SKV,0442A-E0080,Хабаровск
2025-08-26 14:13:02,Шпилька колеса в сборе 0443A-E0110 HINO 500 front L M22*1.5*83 SKV,6,266,SKV,0443A-E0110L,Хабаровск
2025-08-26 14:13:02,Шпилька колеса в сборе 0443A-E0110 HINO 500 front R M22*1.5*83 SKV,1246,266,SKV,0443A-E0110,Хабаровск
2025-08-26 14:13:02,Шпилька колеса в сборе 1-42331-114-2 FSR90 RR ISUZU SKV,1188,395,SKV,1-42331-114-2,Хабаровск
2025-08-26 14:13:02,Шпилька колеса в сборе 1-42332-114-2 FSR90 RL ISUZU SKV,1354,395,SKV,1-42332-114-2,Хабаровск
2025-08-26 14:13:02,"Шпилька колеса в сборе 8-94383-436-2 NLR55, NMR85, NPR, NQR front RH SKV",239,303,SKV,8-94383-436-2,Хабаровск
2025-08-26 14:13:02,"Шпилька колеса в сборе 8-94383-437-2 NLR55, NMR85, NPR, NQR front LH SKV",56,303,SKV,8-94383-437-2,Хабаровск
2025-08-26 14:13:02,Шпилька колеса в сборе BN02L FUSO/ISUZU 5т. Задняя L SKV,122,405,SKV,BN02L,Хабаровск
2025-08-26 14:13:02,Шпилька колеса в сборе BN03L L=82 d=22 ISUZU 5т. Передняя L SKV !,217,258,SKV,BN03L,Хабаровск
2025-08-26 14:13:02,Шпилька колеса в сборе BN05L ISUZU 10т. Передняя L M20x1.5 SKV,1081,276,SKV,BN05L,Хабаровск
2025-08-26 14:13:02,Шпилька колеса в сборе BN05R ISUZU 10т. Передняя R M20x1.5 SKV,1081,276,SKV,BN05R,Хабаровск
2025-08-26 14:13:02,Шпилька колеса в сборе BN07L UD 5т. Задняя L SKV,1091,313,SKV,BN07L,Хабаровск
2025-08-26 14:13:02,Шпилька колеса в сборе BN07R UD 5т. Задняя R SKV,730,313,SKV,BN07R,Хабаровск
2025-08-26 14:13:02,Шпилька колеса в сборе BN08L UD 5т. Передняя L SKV,671,230,SKV,BN08L,Хабаровск
2025-08-26 14:13:02,Шпилька колеса в сборе BN09L HINO 5т. Передняя L SKV,46,267,SKV,BN09L,Хабаровск
2025-08-26 14:13:02,Шпилька колеса в сборе BN09R HINO 5т. Передняя R SKV,655,267,SKV,BN09R,Хабаровск
2025-08-26 14:13:02,Шпилька колеса в сборе BN10L HINO500 0442A-E0060 HINO 5т. Задняя L SKV,124,335,SKV,BN10L,Хабаровск
2025-08-26 14:13:02,Шпилька колеса в сборе BN13L HINO 10т. Передняя L SKV !,187,221,SKV,BN13L,Хабаровск
2025-08-26 14:13:02,Шпилька колеса в сборе BN16L HINO FD16# Задняя Asia Cosmos L,202,244,Дизель,BN16L,Хабаровск
2025-08-26 14:13:02,Шпилька колеса в сборе BN16R HINO FD16# Задняя Asia Cosmos R,197,196,Дизель,BN16R,Хабаровск
2025-08-26 14:13:02,Шпилька колеса в сборе BN20L HINO/FUSO ЕВРО 10т. унив. L SKV,385,419,SKV,BN20L,Хабаровск
2025-08-26 14:13:02,Шпилька колеса в сборе BW19L NPR NEW RR LH SKV,601,275,SKV,BW19L,Хабаровск
2025-08-26 14:13:02,Шпилька колеса в сборе BW19R NPR NEW RR RH SKV,627,275,SKV,BW19R,Хабаровск
2025-08-26 14:13:02,Шпилька колеса в сборе BW30L MMC CANTER Задняя L гайка 38 SKV,853,312,SKV,BW30L,Хабаровск
2025-08-26 14:13:02,Шпилька колеса в сборе BW30R MMC CANTER Задняя R гайка 38 SKV,724,312,SKV,BW30R,Хабаровск
2025-08-26 14:13:02,Шпилька колеса в сборе BW31L MMC CANTER Передняя L гайка 38 SKV,551,252,SKV,BW31L,Хабаровск
2025-08-26 14:13:02,"Шпилька колеса в сборе BW33L ISUZU ELF 1,5т Передняя L гайка 35 (диск) SKV !",587,218,SKV,BW33L,Хабаровск
2025-08-26 14:13:02,"Шпилька колеса в сборе BW33R ISUZU ELF 1,5т Передняя R гайка 35 (диск) SKV !",251,218,SKV,BW33R,Хабаровск
2025-08-26 14:13:02,Шпилька колеса в сборе BW45L ISUZU ELF Передняя 21 L гайка 41 (диск),4,393,Дизель,BW45L,Хабаровск
2025-08-26 14:13:02,Шпилька колеса в сборе BW62L Rear LH MC891568/MK501079/MB308673 MMC CANTER M20*1.5*83 SKV,2690,334,SKV,BW62L,Хабаровск
2025-08-26 14:13:02,Шпилька колеса в сборе BW63L Front LH MC891568/MK501079/MB308673 MMC CANTER M20*1.5*83 SKV,1647,255,SKV,BW63L,Хабаровск
2025-08-26 14:13:02,Шпилька колеса в сборе BW63R Front RH MC891569/MK501080/MB308672 MMC CANTER M20*1.5*83 SKV,1881,246,SKV,BW63R,Хабаровск
2025-08-26 14:13:02,Шпилька колеса в сборе BW68R Front RH 90942-02072 HINO 300 SKV,1296,216,SKV,BW68R,Хабаровск
2025-08-26 14:13:02,Шпилька колеса в сборе BW69L Rear LH 90942-02071 HINO 300 SKV,1011,244,SKV,BW69L,Хабаровск
2025-08-26 14:13:02,Шпилька колеса в сборе BW69R Rear RH 90942-02072 HINO 300 SKV,1058,244,SKV,BW69R,Хабаровск
2025-08-26 14:13:02,Шпилька колеса в сборе BW71R / 1-42337-066-1 / 1-42337-066-2 / CYZ51 RR ISUZU SKV,1478,278,SKV,BW71R,Хабаровск
2025-08-26 14:13:02,Шпилька колеса в сборе FR/RR RH D-125137/8-97168-456-2 NPR75 (дисковый тормоз) Дизель,306,445,Дизель,D-125137,Хабаровск
2025-08-26 14:13:02,Шпилька колеса в сборе MC862634 Fuso Canter (дисковые тормоза) передняя левая SKV,484,246,SKV,MC862634,Хабаровск
2025-08-26 14:13:02,Шпилька колеса в сборе MC862635 Fuso Canter (дисковые тормоза) передняя правая SKV,648,224,SKV,MC862635,Хабаровск
2025-08-26 14:13:02,Шпилька колеса в сборе ML236270 Fuso Canter (дисковые тормоза) задняя левая SKV,997,293,SKV,ML236270,Хабаровск
2025-08-26 14:13:02,Шпилька колеса в сборе ML236271 Fuso Canter (дисковые тормоза) задняя правая SKV,682,293,SKV,ML236271,Хабаровск
2025-08-26 14:13:02,Шпилька колеса зад в сборе D-126059 / HFF3104114CK2BZ7 JAC N350 Дизель,348,590,Дизель,D-126059,Хабаровск
2025-08-26 14:13:02,Шпилька колеса зад в сборе М22*1.5*119мм 42064826/42117455/729055 / 933016 China !,291,250,Дизель,42064826,Хабаровск
2025-08-26 14:13:02,"Шпилька колеса заднего 1-42337-066-2 C,F series ORIG",33,853,Isuzu,1-42337-066-2,Хабаровск
2025-08-26 14:13:02,Шпилька колеса пер М22*1.5*99мм 2213002750 Europart,6,263,Europart,2213 002 750,Хабаровск
2025-08-26 14:13:02,Шпилька колеса пер М22*1.5*99мм 361110/42117451/2213002750/951064 DieselTechnic !,10,256,Diesel Technic,3.61110,Хабаровск
2025-08-26 14:13:02,Шпилька колеса пер М22*1.5*99мм 42117451/2213002750/951064 EMMERRE,2,329,Emmerre,951064,Хабаровск
2025-08-26 14:13:02,Шпилька колеса перед D-126060 / AK31041145GJH JAC N350 Дизель,344,392,Дизель,D-126060,Хабаровск
2025-08-26 14:13:02,Шпилька колеса передняя с гайкой D-127387 / 81.45501.0076 / CK-81.45501.0076 M22 L=90 Дизель,1086,244,Дизель,D-127387,Хабаровск
2025-08-26 14:13:02,"Шпилька колеса с гайкой, задняя L / MITSUBISHI / HB-0441RL / BW56L , MK309611 , MB161145 , MLS083",13,314,Ootoko,HB-0441RL,Хабаровск
2025-08-26 14:13:02,"Шпилька колеса с футоркой и гайкой, задняя R / ISUZU / HB-0431RR / 8-97017-043-1 , 8-97017-043-2 ,",1,364,Ootoko,HB-0431RR,Хабаровск
2025-08-26 14:13:02,"Шпилька колесная 0329633121SKV/03.296.33.12.1 M22x1,5x97/62 (BPW)",182,172,SKV,0329633121SKV,Хабаровск
2025-08-26 14:13:02,Шпилька колесная 0329633141 / 03.296.33.14.1 BPW SKV,1222,155,SKV,0329633141SKV,Хабаровск
2025-08-26 14:13:02,Шпилька колесная 0329633211SKV M22х1.5х93.6/58.6 (BPW),696,134,SKV,0329633211SKV,Хабаровск
2025-08-26 14:13:02,Шпилька колесная 1303107412 / 1303107412 SAF / 11.010.2227.010 M22x1.5x94/84/48,1426,148,SKV,1303107412,Хабаровск
2025-08-26 14:13:02,Шпилька колесная 1303111811 / 1303111811 SAF / 11.010.2177.000 M22x1.5x66/77,1479,148,SKV,1303111811SKV,Хабаровск
2025-08-26 14:13:02,Шпилька колесная 1368693SKV 7/8''x11 BSFx96 L=85 мм Rear Scania,1397,156,SKV,1368693,Хабаровск
2025-08-26 14:13:02,Шпилька колесная 1368694SKV 7/8'' L=109/97/71 RHT Rear Scania SKV,2695,108,SKV,1368694SKV,Хабаровск
2025-08-26 14:13:02,Шпилька колесная 1528655 / 1528655 SCANIA SKV,1423,179,SKV,1528655SKV,Хабаровск
2025-08-26 14:13:02,"Шпилька колесная 1868665SKV / 117134 / 1868665 SCANIA 4/P/G/R/T- ser., 7/8""x11 BSF/72 74mm",120,173,SKV,1868665,Хабаровск
2025-08-26 14:13:02,Шпилька колесная 21147687SKV / 20524942 Rear Volvo SKV,54,195,SKV,21147687,Хабаровск
2025-08-26 14:13:02,"Шпилька колесная 3894010071SKV / A3894010071 / 11.010.1905.350 FR M22 x 1,5 x 77 MB",30,117,SKV,3894010071SKV,Хабаровск
2025-08-26 14:13:02,Шпилька колесная 81455010176SKV / A0004013771 / 81455010141 Rear MAN/MERCEDES SKV,381,159,SKV,81455010176,Хабаровск
2025-08-26 14:13:02,Шпилька колесная 9424010271SKV / A9424010271 / 440204 FR/RR M22x1.5x68 MB,1985,149,SKV,9424010271SKV,Хабаровск
2025-08-26 14:13:02,Шпилька колесная Hino 10т зад R,49,232,JMC,Hino 10т зад R,Хабаровск
2025-08-26 14:13:02,Шпилька колесная Hino 5 тонн (перед стандарт) L,181,127,JMC,Hino 5,Хабаровск
2025-08-26 14:13:02,Шпилька колесная HINO BN13L передняя левая 10 тонн / U.D.P.D. / BN13L,3,485,JMC,BN13L,Хабаровск
2025-08-26 14:13:02,"Шпилька колесная M22x1,5х100,5/50 мм 017872 SKV",1713,182,SKV,017872SKV,Хабаровск
2025-08-26 14:13:02,Шпилька колесная M22x1.5x80/46 0329633111 / 03.296.33.11.1/11.010.0246.990/31308008511 SKV,1517,155,SKV,0329633111SKV,Хабаровск
2025-08-26 14:13:02,Шпилька колесная задняя 9920220200 N120 JAC ORIG,20,382,JAC,9920220200,Хабаровск
2025-08-26 14:13:02,Шпилька колесная задняя левая 9920200470-B N75 JAC ORIG,70,280,JAC,9920200470-B,Хабаровск
2025-08-26 14:13:02,Шпилька колесная передняя левая YF30SL-03051 N56 JAC ORIG,22,293,JAC,YF30SL-03051,Хабаровск
2025-08-26 14:13:02,Шпилька колесная передняя правая YF30SL-03052 N56 JAC ORIG,62,325,JAC,YF30SL-03052,Хабаровск
2025-08-26 14:13:02,Шпилька переднего колеса в сборе D-127933 / 3103051-4EB1 FAW J5/6 Дизель,35,314,Дизель,D-127933,Хабаровск
2025-08-26 14:13:02,ШПИЛЬКА СТУПИЦЫ КОЛЕСА М12 / 517757L100 / Mobis Co,5,997,JMC,529867F640,Хабаровск
2025-08-26 14:13:02,"Шпильки 5т передние L Fuso, Isuzu !",32,169,Дизель,Fuso5TL,Хабаровск
2025-08-26 14:13:02,Шпильки ступицы 90942-02071,1,320,Дизель,90942-02071,Хабаровск
2025-08-26 14:13:02,Шпонка вторичного вала КПП D-127991 / 12JS160T-1701121 шестигранная SHACMAN Дизель,1,211,Дизель,D-127991,Хабаровск
2025-08-26 14:13:02,Штанга толкателя D-126061 / 1000495052 JAC N350 WP10 E-5 Дизель,8,244,Дизель,D-126061,Хабаровск
2025-08-26 14:13:02,Штанга толкателя клапана 1-12575-036-0 4BD2 N-series Diesel,1,734,Дизель,1-12575-036-0,Хабаровск
2025-08-26 14:13:02,Штанга толкателя клапана 8-98273-084-0 4LE1/4LE2 ORIG,4,841,Isuzu,8-98273-084-0,Хабаровск
2025-08-26 14:13:02,Штифт блокировки МОД 1228320106 HOWO,2,65,Дизель,1228320106,Хабаровск
2025-08-26 14:13:02,Шток ПГУ сцепления C-030 / FCR-030 ME661101 FP4# 91-96` MS7#/8# 83-95` PM,1,1709,Paul Master,FCR-030,Хабаровск
2025-08-26 14:13:02,Шток ПГУ сцепления D-125731 / 1-31824-233-0 C/E/F series Дизель,23,1060,Дизель,D-125731,Хабаровск
2025-08-26 14:13:02,"Шток рабочего тормозного цилиндра 1-47640-012-0 C, F,E-series ORIG",1,2851,Isuzu,1-47640-012-0,Хабаровск
2025-08-26 14:13:02,Шток цилиндра сцепления (8-97039-709-0) 8-97065-442-0 Isuzu Y,6,387,Yamasida,8-97065-442-0,Хабаровск
2025-08-26 14:13:02,Шток цилиндра сцепления D-128544 / 8-97065-442-0 Дизель,53,282,Дизель,D-128544,Хабаровск
2025-08-26 14:13:02,Штуцер 200V98131-0049 HOWO T5G,11,546,Дизель,200V98131-0049,Хабаровск
2025-08-26 14:13:02,Штуцер 200V98181-6026 HOWO T5G,5,549,Дизель,200V98181-6026,Хабаровск
2025-08-26 14:13:02,Штуцер E-007 16180-1450 ALL PM !,17,495,Paul Master,E-007,Хабаровск
2025-08-26 14:13:02,Штуцер E-007 16180-1450 FW#FD2H/3H#FX3H# PM !,370,374,Paul Master,E-007,Хабаровск
2025-08-26 14:13:02,Штуцер для шланга под хомут прямой SYE-1095 (M10),245,74,JMC,SYE-1095 M10,Хабаровск
2025-08-26 14:13:02,Штуцер для шланга под хомут прямой SYE-1095 (M6),249,43,JMC,SYE-1095 M6,Хабаровск
2025-08-26 14:13:02,Штуцер для шланга под хомут прямой SYE-1095 (M8),245,68,JMC,SYE-1095 M8,Хабаровск
2025-08-26 14:13:02,Штуцер для шланга под хомут прямой SYE-1095 M10,2,101,JMC,SYE-1095 M10,Хабаровск
2025-08-26 14:13:02,Штуцер для шланга под хомут прямой SYE-1095 M6,7,56,JMC,SYE-1095 M6,Хабаровск
2025-08-26 14:13:02,Штуцер для шланга под хомут прямой SYE-1095 M8,7,112,JMC,SYE-1095 M8,Хабаровск
2025-08-26 14:13:02,Щека габарита внутренняя пластмассовая ISUZU ELF NKR 2004-2008 / R / 05-4515-1R / 8980365211; 8-9803,1,358,JMC,8980365211,Хабаровск
2025-08-26 14:13:02,"Щетка дворника AUTOPROFI бескаркасная (475мм) 19"" WB-P1475",2,206,JMC,WB-P1475,Хабаровск
2025-08-26 14:13:02,Щетка стартера 8-98055-296-0 N-series 4HK1 ORIG,2,399,Isuzu,8-98055-296-0,Хабаровск
2025-08-26 14:13:02,Щетка стеклоочистителя A0018204845 / 7257002020 / 9XW204587281 700 мм Europart,37,499,Europart,7257002020,Хабаровск
2025-08-26 14:13:02,"Щетка стеклоочистителя AUTOPROFI зимняя,в резин.кожухе 18* /450мм/ UD-18",5,417,JMC,UD-18,Хабаровск
2025-08-26 14:13:02,Щетка стеклоочистителя JACZKGP600 JAC (NON-GENUINE),26,247,Дизель,JACZKGP600,Хабаровск
2025-08-26 14:13:02,"Щетка стеклоочистителя каркасная универсальная 18""/ 450mm",62,229,Дизель,450mm,Хабаровск
2025-08-26 14:13:02,"Щетка стеклоочистителя каркасная универсальная 19""/ 475mm",60,288,Дизель,475mm,Хабаровск
2025-08-26 14:13:02,"Щетка стеклоочистителя каркасная универсальная 20""/ 500mm",19,316,Дизель,500mm,Хабаровск
2025-08-26 14:13:02,"Щетка стеклоочистителя каркасная универсальная 22""/ 550mm",29,355,Дизель,550mm,Хабаровск
2025-08-26 14:13:02,Щетка стеклоочистителя передняя 85222-53071,3,1848,JMC,85222-53071,Хабаровск
2025-08-26 14:13:02,Щеткодержатель 1-81121-066-0 F-series 6HK1 E-4 ORIG,3,2407,Isuzu,1-81121-066-0,Хабаровск
2025-08-26 14:13:02,Щеткодержатель 1-81121-071-0 C-series 6WG1 ORIG,3,3814,Isuzu,1-81121-071-0,Хабаровск
2025-08-26 14:13:02,Щеткодержатель 8-98055-298-0/8-97025-670-0 N-series 4HK1 ORIG,2,5324,Isuzu,8-98055-298-0,Хабаровск
2025-08-26 14:13:02,Щеткодержатель HINO EF750/F17C/EF100-300 TZ212 YD,1,708,Дизель,TZ212,Хабаровск
2025-08-26 14:13:02,Щеткодержатель HINO J08C TZ215 YD,39,777,Дизель,TZ215-320,Хабаровск
2025-08-26 14:13:02,Щеткодержатель ISUZU 6HE1/6НН1/J08C TZ215 YD,12,983,Дизель,TZ215,Хабаровск
2025-08-26 14:13:02,Щеткодержатель MAZDA HA/XA TZ117 YD,35,699,Дизель,TZ117-320,Хабаровск
2025-08-26 14:13:02,Щеткодержатель MMC 4D33 TZ217 YD,21,678,Дизель,TZ217-320,Хабаровск
2025-08-26 14:13:02,Щеткодержатель MMC 6D14 TZ211 YD,1,437,Дизель,6D14,Хабаровск
2025-08-26 14:13:02,Щеткодержатель MMC 6D17 TZ2611 YD,4,685,Дизель,6D17,Хабаровск
2025-08-26 14:13:02,Щит тормозного барабана D-125732/1-47151-808-0/1-47151-809-0(компл 2шт) ISUZU CYZ51/CXZ/EXZ51 Дизель,31,3122,Дизель,D-125732,Хабаровск
2025-08-26 14:13:02,Щиток (подкрылок) переднего левого колеса 1-79937-908-4 ISUZU CYZ51/CXZ/EXZ51 Diesel дефект,1,3765,Дизель,1-79937-908-4,Хабаровск
2025-08-26 14:13:02,Щиток (подкрылок) переднего левого колеса D-128024 / 1-79937-908-4 ISUZU CYZ51/CXZ/EXZ51 Дизель,1,7200,Дизель,D-128024,Хабаровск
2025-08-26 14:13:02,Щиток(пыльник)тормозов задний 1880 34 0018 Howo,1,825,Howo,1880 34 0018,Хабаровск
2025-08-26 14:13:02,Электромагнитный клапан D-127875 / HDE-043 / MC842366 2-х сторонний FUSO HD Дизель,5,1926,Дизель,D-127875,Хабаровск
2025-08-26 14:13:02,Энергоаккумулятор (дисковый тормоз) PRO4200010 / 81504106607 / A0164204018 20/24-57мм Man/MB/Daf,2,12634,Provia,PRO4200010,Хабаровск
2025-08-26 14:13:02,Энергоаккумулятор (с коротким штоком) D-127934/CK8910/WG900360601 HOWO/SHAANXI/FAW Дизель,3,3300,Дизель,D-127934,Хабаровск
2025-08-26 14:13:02,Энергоаккумулятор 24/30 65/65 II37279/A019420801828/A0194201828/9254914310/BX9521 Mercedes/Knorr-Bremse,1,16655,Knorr Bremse,BX9521,Хабаровск
2025-08-26 14:13:02,Энергоаккумулятор D-127035 / HDA-091 / S49U0-E0271 / S49U0-E0282 / 1482508121 RR LH/RH HINO500 Дизель,4,7461,Дизель,D-127035,Хабаровск
2025-08-26 14:13:02,Энергоаккумулятор D-128249 / HD-A118 / 47850-3030 / 47850-4370 / S4785-04370 HINO500 /HINO700 Дизель,3,9326,Дизель,D-128249,Хабаровск
2025-08-26 14:13:02,Энергоаккумулятор зад моста (короткий шток) D-126658 / 3530015-523 FAW Дизель,3,3587,Дизель,D-126658,Хабаровск
2025-08-26 14:13:02,Энергоаккумулятор зад.прав. 30/30 II37281/0204200018 / 9254929030 /9254921027 Knorr-Bremse !,6,17814,Knorr Bremse,BZ9657,Хабаровск
2025-08-26 14:13:02,Энергоаккумулятор задний (длинный шток) D-127935/CK8909/WG900360600/WG9100360303 FAW/SHAANXI Дизель,3,3099,Дизель,D-127935,Хабаровск
2025-08-26 14:13:02,Энергоаккумулятор задний (длинный шток) L=270 качество Createk,2,4618,JMC,L=270,Хабаровск
2025-08-26 14:13:02,Энергоаккумулятор левый AK35190302BZ12-C JAC N350 (NON-GENUINE),18,6292,Дизель,AK35190302BZ12-C,Хабаровск
2025-08-26 14:13:02,Энергоаккумулятор перед. прав. 4231074080 / A0074209224 Mercedes/Wabco !,2,19442,Wabco,4231074080,Хабаровск
2025-08-26 14:13:02,Энергоаккумулятор правый AK35190402BZ12-C JAC N350 (NON-GENUINE),18,6292,Дизель,AK35190402BZ12-C,Хабаровск
2025-08-26 14:13:02,Энергоаккумулятор сред моста (длинный шток) D-126659 / 3530025-523 FAW Дизель,5,3362,Дизель,D-126659,Хабаровск
2025-08-26 14:13:02,Энергоаккумулятор тормозной D-125064/1-48250-869-1 RH C-series Дизель,3,10350,Дизель,D-125064,Хабаровск
2025-08-26 14:13:02,Энергоаккумулятор тормозной D-126704 / 1446059 Scania Дизель,1,6789,Дизель,D-126704,Хабаровск
2025-08-26 14:13:02,Якорь/ротор стартера 4HF1/4HG1 11T YD !,52,1758,Дизель,4HF1/4HG1,Хабаровск
2025-08-26 14:13:02,Якорь/ротор стартера 6D17 QZZ2611 YD !,21,1437,Дизель,QZZ2611,Хабаровск
2025-08-26 14:13:02,Якорь/ротор стартера 6HE1/6HH1 YD !,4,1911,Дизель,6HE1/6HH1,Хабаровск
2025-08-26 14:13:02,Якорь/ротор стартера D-125668 / 8-97192-299-0 N-series 4HK1 Дизель,1,4540,Дизель,D-125668,Хабаровск
2025-08-26 14:13:02,Якорь/ротор стартера FD42-46 QZZ2430 YD !,25,1704,Дизель,QZZ2430,Хабаровск
2025-08-26 14:13:02,Якорь/ротор стартера HA/XA 12V/13T/2.7KW YD !,17,1575,Дизель,HA/XA,Хабаровск
2025-08-26 14:13:02,Якорь/ротор стартера J07C QZZ22520 YD !,56,1826,Дизель,QZZ22520,Хабаровск
