Дата,Номенклатура,Остаток,Цена,Производитель,Артикул,Склад
2025-09-18 15:00:06,Амортизатор  3409 / MB161556 CANTER F Automatic,20,1745,Automatic,3409,Хабаровск
2025-09-18 15:00:06,"Амортизатор  3577 / 8-97253-599-0 ELF250, NKR 55 Automatic",10,1745,Automatic,3577,Хабаровск
2025-09-18 15:00:06,Амортизатор  3794 / 444261 / 8-97106-605-0  ISUZU ELF 250 F I/O (УШ) Automatic,10,1665,Automatic,3794,Хабаровск
2025-09-18 15:00:06,Амортизатор  48531-37250/48531-37200 задний HINO 300 Automatic,9,1770,Automatic,48531-37250,Хабаровск
2025-09-18 15:00:06,Амортизатор  54300-4B700 H100 Porter  FR Automatic,11,1629,Automatic,54300-4B700,Хабаровск
2025-09-18 15:00:06,Амортизатор  54300-5A300 Hyundai County  FR Automatic,11,1750,Automatic,54300-5A300,Хабаровск
2025-09-18 15:00:06,Амортизатор  55300-4B700 H100 Porter  RR Automatic,7,2227,Automatic,55300-4B700,Хабаровск
2025-09-18 15:00:06,Амортизатор  55300-5A120 Hyundai County  RR Automatic,10,1745,Automatic,55300-5A120,Хабаровск
2025-09-18 15:00:06,Амортизатор  8-97253-651-0 Diesel,4,2021,Diesel,8-97253-651-0,Хабаровск
2025-09-18 15:00:06,Амортизатор 8-97611-892-1/1-51630-544-3 CXZ/CYL ORIG,2,25759,Isuzu,8-97611-892-1,Хабаровск
2025-09-18 15:00:06,Амортизатор задний 5-87610-132-0 NKR/NPR/NQR (BVP quality),6,2184,Noname,5876101320,Хабаровск
2025-09-18 15:00:06,Амортизатор задний 5-87610-132-0 NKR/NPR/NQR ORIG CHINA,8,4062,Isuzu,5876101320,Хабаровск
2025-09-18 15:00:06,Амортизатор кабины 1-51630-603-0/472-0/546-0/133022 ISUZU FORWARD CXZ (УШ) Automatic,22,1665,Automatic,1516306030,Хабаровск
2025-09-18 15:00:06,Амортизатор кабины 133028/S50A0-E0010/52270-1400 HINO 700 Automatic,19,2052,Automatic,S50A0E0010,Хабаровск
2025-09-18 15:00:06,Амортизатор кабины 2891R/MC012599/MK996358  MMC FU4# (УШ) Automatic,20,1442,Automatic,2891R,Хабаровск
2025-09-18 15:00:06,Амортизатор кабины N133019/133019/MK996353 MMC FUSO EP/FU/FV/FY (УШ) Automatic,50,1745,Automatic,N133019,Хабаровск
2025-09-18 15:00:06,Амортизатор кабины S50B0-E0190/S50B0-E0200/101004/52270-1410 HINO 700 Automatic,20,1425,Automatic,S50B0E0190,Хабаровск
2025-09-18 15:00:06,Амортизатор кабины задний S5227-01040/52270-1040 HINO500 Automatic,20,1512,Automatic,S522701040,Хабаровск
2025-09-18 15:00:06,"Амортизатор передний 8-98085-709-1/0 / 8-98316-235-0 NQR,NLR,NMR Diesel",10,1925,Diesel,8983162350,Хабаровск
2025-09-18 15:00:06,Амортизатор передний с кронштейном  5-87610-129-1 NQR71/75 ORIG CHINA,1,4770,Isuzu,5-87610-129-1,Хабаровск
2025-09-18 15:00:06,Бампер передний белый 8-97409-903-1 FVR34 Diesel,2,28186,Diesel,8974099031,Хабаровск
2025-09-18 15:00:06,Барабан тормозной задний 1-42315-377-2/0/1 C/E-series  Diesel,4,29372,Diesel,1-42315-377-2,Хабаровск
2025-09-18 15:00:06,Барабан тормозной перед/зад (5шп.85мм)  COUNTY  51761/52761-5A101 / 52761-5A102  XZH-32-016,14,6464,Noname,52761-5A101,Хабаровск
2025-09-18 15:00:06,Барабан тормозной перед/зад (6шп.85 мм)  HD65/72  51761-5H200/52761-5H200  XZH-32-018,3,6170,Noname,52761-5H200,Хабаровск
2025-09-18 15:00:06,Барабан тормозной передний  8-97188-115-0 ISUZU,50,9172,Noname,8971881150,Хабаровск
2025-09-18 15:00:06,Блок управления отопителем и вентиляцией 8-98067-881-0 N-series Diesel,2,5227,Diesel,8-98067-881-1,Хабаровск
2025-09-18 15:00:06,Болт реактивной тяги (длинный) 8-98012-875-0/1-09000-078-1/1-09000-525-0 CYZ51/CYZ52 ORIG,10,3057,Isuzu,8-98012-875-0,Хабаровск
2025-09-18 15:00:06,"Вакуумный усилитель сцепления 31440-37030 BZU300,340,XZU30#,32#,33#,34#,35# 04~  Y",1,7543,Yamasida,31440-37030,Хабаровск
2025-09-18 15:00:06,Вакуумный усилитель сцепления 8-97166-854-1 4HK1 NPR/NQR 93~  Diesel ,2,5535,Diesel,8-97166-854-1,Хабаровск
2025-09-18 15:00:06,Вентилятор охлаждения радиатора 5-13662-012-1/0 N1R75P/NQR75 2004-/NPR71 4HF1/6BG1/6BF1 Diesel,2,2212,Diesel,5136620121,Хабаровск
2025-09-18 15:00:06,Вентилятор охлаждения радиатора 8-98190-058-0 / 8-97367-381-0 4HK1/FE6 510mm x 174mm x 160mm Diesel,7,1751,Diesel,8-98190-058-0,Хабаровск
2025-09-18 15:00:06,Вкладыш упорный 8-97386-549-0 / 8-94399-283-0 STD 4HF1/4HG1/6HE1/6HH1/6HK1 Diesel,3,296,Diesel,8973865490,Хабаровск
2025-09-18 15:00:06,Вкладыши корен 8PD1/10PD1/12PD1 MP4040K-0.25/MP198H-025/1-11510-077-0/068-0/078-0/098-1 ПАРА DAIDO METAL ,7,1493,Daido Metal,MP4040K-0.25,Хабаровск
2025-09-18 15:00:06,Вкладыши коренные 4HG1/4HF/4HK M4547K 0.25   DAIDO,2,3845,Daido Metal,M4547K-0.25,Хабаровск
2025-09-18 15:00:06,Вкладыши коренные 4HG1/4HF/4HK M4547K 0.25  L.L.E,7,3853,L.L.E.,M4547K-0.25,Хабаровск
2025-09-18 15:00:06,Вкладыши шатунные 4HF1/4HE1-T R4545K-STD/8-94395-757-1/8-97602-187-0/188-0 DAIDO,1,2893,Daido Metal,R4545K-STD,Хабаровск
2025-09-18 15:00:06,Вкладыши шатунные 8-97616-358-0 STD GREEN 4HK1-T NQR90/NQR/NPR75 (на шейку) Diesel,6,895,Diesel,8976163580,Хабаровск
2025-09-18 15:00:06,Втулка (100-110-90) 9867-00108/5/55523-Z2001 HINO/NISSAN 10t XLD,153,1279,XLD,98670-0108,Хабаровск
2025-09-18 15:00:06,Втулка (125-135-83) MC013906 FUSO 10t XLD,4,1366,XLD,MC013906,Хабаровск
2025-09-18 15:00:06,Втулка (25-31-68) 9867-25121  HINO 5t FD1#FD2#FD3/HINO 300/500 передней рессоры XLD,50,247,XLD,98672-5121,Хабаровск
2025-09-18 15:00:06,Втулка (28-34-68) MH024000/MC150003/54040-Z5001 HD45/65/72 FUSO / N-DIESEL 5t перед/зад. рессоры,490,233,XLD,MH024000,Хабаровск
2025-09-18 15:00:06,Втулка (30-36-68) 9867-30113 RR HINO500 5t FD# задней рессоры,100,296,XLD,9867-30113,Хабаровск
2025-09-18 15:00:06,Втулка (30-36-78) MH024001 FUSO; HINO 8t; CANTER задней рессоры ,100,268,XLD,MH024001,Хабаровск
2025-09-18 15:00:06,Втулка (30-36-88) 54040-9006 N-DIESEL CW620/CD450 передней рессоры,10,342,XLD,54040-90006,Хабаровск
2025-09-18 15:00:06,"Втулка (30-38-88) 9993-12102/1-43542-080-0 HINO FR#, FUSO 10t передней рессоры XLD ",145,327,XLD,99931-2102,Хабаровск
2025-09-18 15:00:06,Втулка (30-42-88) 9867-30124/9867-30119 HINO 10t FN# передней рессоры XLD,298,416,XLD,98673-0124,Хабаровск
2025-09-18 15:00:06,Втулка (32-38-78) 1-51351-009-0 ISUZU FORWARD 10t передней рессоры XLD,26,328,XLD,1-51351-009-0,Хабаровск
2025-09-18 15:00:06,Втулка (32-38-88) MH024002/1-20540-080-1/1455400800  FUSO; N-DIESEL 10t передней/задней рессоры,205,254,XLD,MH024002,Хабаровск
2025-09-18 15:00:06,"Втулка (32-42-78) 1-51351-044-0/046-0 ISUZU FORWARD, GIGA 10T передней рессоры XLD",188,453,XLD,1-51351-044-0,Хабаровск
2025-09-18 15:00:06,Втулка (32-42-88) HINO 10t FN# передней рессоры,202,397,XLD,32-42-88,Хабаровск
2025-09-18 15:00:06,Втулка (38-46-88) 9993-12105 HINO 10t задней рессоры,50,335,XLD,9993-12105,Хабаровск
2025-09-18 15:00:06,Втулка County/HD72/78 54149-5A100,156,116,XLD,54149-5A100,Хабаровск
2025-09-18 15:00:06,Втулка HD72/78/120 55232-45000,160,229,XLD,55232-45000,Хабаровск
2025-09-18 15:00:06,Втулка переднего стабилизатора 1-51689-015-1/0 CXZ/CYZ/CYL 95-04r ORIG,1,1464,Isuzu,1-51689-015-1,Хабаровск
2025-09-18 15:00:06,Втулка переднего стабилизатора 8-94342-187-0 ISUZU NPR/NQR 03~ Diesel,10,701,Diesel,8943421870,Хабаровск
2025-09-18 15:00:06,Втулка рессор (обичайка) K МC120891.N01 57/41.9*39.5*34 (ST14) !,150,73,XLD,MC120891,Хабаровск
2025-09-18 15:00:06,Втулка рессоры 55256-4B000 Porter !,100,66,Noname,55256-4B000,Хабаровск
2025-09-18 15:00:06,Втулка рессоры 55256-4E600  BONGO III !,20,141,Noname,55256-4E600,Хабаровск
2025-09-18 15:00:06,Втулка рычага КПП 8-97049-147-0 MZZ6U/MYY6P/5T NKR55/NQR71/NQR75/Bogdan ORIG,1,707,Isuzu,8-97049-147-0,Хабаровск
2025-09-18 15:00:06,Втулка шатуна 1-12251-036-0 NPR 4HF1 NKR/NPR/NQR/NKS/NPS/FRD/FRR/FSD/FSR/LT/LR 87~ Diesel,1,360,Diesel,1122510360,Хабаровск
2025-09-18 15:00:06,Втулка шатуна 8-94391-794-0/1 700P  4HK1 6HE1 FRD/FRR/FSD/FSR/FTSFTR 99~ Diesel,6,394,Diesel,8-94391-794-1,Хабаровск
2025-09-18 15:00:06,Втулка шатуна 8-94391-794-0/1 700P 4HK1 6HE1 FRD/FRR/FSD/FSR/FTSFTR 99~ Diesel,1,473,Diesel,8-94391-794-1,Хабаровск
2025-09-18 15:00:06,Втягивающее реле ISUZU 4HF1/4HG1  DK2501  YD,2,4021,Noname,DK2501,Хабаровск
2025-09-18 15:00:06,"Габарит (под 2 лампочки) R 219-1506R-UE (K) HINO 500, 700, RANGER, PROFIA / 81510-2081 / 81510-E0060",2,1547,Noname,219-1506R-UE,Хабаровск
2025-09-18 15:00:06,"Габарит 219-1506R-A (K} 81510-2120G, 81510-2081, 81510-E0090, 81510-E0091 HINO 500, 700",4,1463,Noname,219-1506R-A,Хабаровск
2025-09-18 15:00:06,"Габарит R 212-15G5R-UE (K) HINO300 E3, DUTRO, TOYOTA DYNA / 81611-25010 / 81621-25031 / 81611-25030",4,1619,Noname,212-15G5R-UE,Хабаровск
2025-09-18 15:00:06,Габарит передний LH 1-86830-273-0 CXZ51KEXZ51KCYZ51KCYZ51LCXZ81K 6WF1.10PE1 Diesel,3,1050,Diesel,1-86830-273-0,Хабаровск
2025-09-18 15:00:06,Габарит передний RH 1-86830-272-0 CXZ51KEXZ51KCYZ51KCYZ51LCXZ81K 6WF1.10PE1 Diesel,1,1050,Diesel,1-86830-272-0,Хабаровск
2025-09-18 15:00:06,Гайка 440121SKV / /99474402 /05.260.54.10.0 M22X1.5 SW32 Iveco/BPW,1,171,SKV,440121SKV,Хабаровск
2025-09-18 15:00:06,Гайка ПГУ M10 9-09111-410-0 / 0-91111-510-0 C/E/F/N series ORIG,28,129,Isuzu,0-91111-510-0,Хабаровск
2025-09-18 15:00:06,Генератор HINO F17C  JFZW2516  24V 50AMP  !,1,10561,Noname,27040-1330,Хабаровск
2025-09-18 15:00:06,Генератор HINO Н07D/H07CT/W06E HX086/0201-102-3010  24V 50AMP   ,4,18179,Alternator,27040-1751A,Хабаровск
2025-09-18 15:00:06,Генератор ISUZU  4HK1 8-98029-892-2/8-98029-892-1 24V 80A NPR75 Diesel,5,31217,Diesel,8980298922,Хабаровск
2025-09-18 15:00:06,Генератор ISUZU 1-81200-484-5 10PD1/10PC1  HX-042  24V 50AMP  ,2,14893,Noname,1-81200-603-2,Хабаровск
2025-09-18 15:00:06,Генератор ISUZU 4HF1/4HJ1/4HL1/4HK1  JFZB262  24V 60AMP  кругл. фишка с помпой,1,18526,Noname,JFZB262,Хабаровск
2025-09-18 15:00:06,Генератор ISUZU 4HJ1/4HL1/4HK1  JFZB252-1  24V 60AMP  с помпой  квадрат. фишка,1,18765,Noname,8-9716-090-1 / JFZB252-1,Хабаровск
2025-09-18 15:00:06,Генератор ISUZU 6HH1/6HK1/12PD1  JFZW2527  24V 50AMP  ,2,22284,Noname,1-81200-599-1,Хабаровск
2025-09-18 15:00:06,Генератор MMC 6D14  HX074  24V 35AMP  без помпы,3,10733,Alternator,ME077789 / HX074,Хабаровск
2025-09-18 15:00:06,Генератор MMC 6D16 JFZ2523 24V 35AMP  ,1,16856,Noname,ME077790,Хабаровск
2025-09-18 15:00:06,Генератор MMC 6D17/16  JFZ2523 квадр. фишка 24V 45AMP  ,1,16807,Noname,ME077789 / JFZ2523,Хабаровск
2025-09-18 15:00:06,Генератор MMC 6M70/6D17  JFZW2528  24V 45AMP  кр.ф,1,20258,Noname,ME354510 / JFZW2528,Хабаровск
2025-09-18 15:00:06,Гильза  HINO JO8E STD 11467-3210/S114673210 (6 CYL) 500#  Mats,1,25307,Matsuyama,11467-3210,Хабаровск
2025-09-18 15:00:06,Гильза  ISUZU 4HK1-T  8-94391-603-0  (4 cyl)   Mats    ,1,19181,Matsuyama,8-94391-603-0,Хабаровск
2025-09-18 15:00:06,Гильза  MMC 4M50T Size=1B ME221683  (4 CYL) FUSO CANTER  Mats,1,17694,Matsuyama,ME221683,Хабаровск
2025-09-18 15:00:06,Гильза  MMC 4M50T Size=2A ME221682  (4 CYL) FUSO CANTER  Mats !,1,16290,Matsuyama,ME221682,Хабаровск
2025-09-18 15:00:06,Гильза  MMC 4M50T Size=2B ME221684  (4 CYL) FUSO CANTER  Mats,1,17657,Matsuyama,ME221684,Хабаровск
2025-09-18 15:00:06,Гильза D4AL 21131-41300  Mats,2,8083,Matsuyama,21131-41300,Хабаровск
2025-09-18 15:00:06,"Главный тормозной цилиндр  1-1/4""  8-97224-372-0/8-98032-603-0  ELF  6T~8.5T  1994~ SKV",29,5423,SKV,8-97224-372-0,Хабаровск
2025-09-18 15:00:06,"Главный тормозной цилиндр  1-3/16""  47207-37012/LP-5613/47207-37041 (с датч) DYNA/TOYOACE  01~ Y !",2,25339,Yamasida,47207-37012,Хабаровск
2025-09-18 15:00:06,"Главный тормозной цилиндр  MB295340 1-1/8""   CANTER FE3#,4#,FC3#,4#,ROSA  Y",1,5670,Yamasida,MB295340,Хабаровск
2025-09-18 15:00:06,Главный тормозной цилиндр 58620-5K500 1-1/4 HYUNDAI COUNTY/HD45/HD65/HD72/HD78 SKV,18,2850,SKV,58620-5K500,Хабаровск
2025-09-18 15:00:06,Главный тормозной цилиндр 58620-5L000 HYUNDAI County/HD72/78 (Euro-3) SKV,11,4153,SKV,58620-5L000,Хабаровск
2025-09-18 15:00:06,"Главный тормозной цилиндр MK384489 1-1/4"" MITSUBISHI Y",5,6548,Yamasida,MK384489,Хабаровск
2025-09-18 15:00:06,"Главный тормозной цилиндр MK429254/MK384488 MMC FUSO CANTER FB83B, FE71A/B/73/83B 05~  Y",2,9544,Yamasida,MK429254,Хабаровск
2025-09-18 15:00:06,"Главный тормозной цилиндр MK429255 MMC CANTER FE84,FE85 07~  Y ",3,9675,Yamasida,MK429255,Хабаровск
2025-09-18 15:00:06,"Главный цилиндр сцепления  13/16"""" 8-97210-747-1/0  ISUZU N-series  Y",6,2890,Yamasida,8-97210-747-1,Хабаровск
2025-09-18 15:00:06,Главный цилиндр сцепления  3/4''  8-98117-642-0 ISUZU  Y,1,3878,Yamasida,8-98117-642-0,Хабаровск
2025-09-18 15:00:06,"Главный цилиндр сцепления  3/4""  31420-1512  FC 8.8T,MFD 10.4T  1990~ Y",2,4059,Yamasida,31420-1512,Хабаровск
2025-09-18 15:00:06,"Главный цилиндр сцепления  3/4""  31420-1810  FD,FG,GH 2003~ Y",2,5321,Yamasida,31420-1810,Хабаровск
2025-09-18 15:00:06,"Главный цилиндр сцепления  3/4""  8-97124-110-0 / 8-97162-963-0 ELF,NHR,NQR,NKR,NPR  1990~  Y",4,2681,Yamasida,8-97124-110-0,Хабаровск
2025-09-18 15:00:06,"Главный цилиндр сцепления  3/4"" 8-97300-211-0 NKR/NPR/NQR 99~ ISUZU LHD Y",8,4120,Yamasida,8-97300-211-0,Хабаровск
2025-09-18 15:00:06,"Главный цилиндр сцепления  5/8""  MB555145/MC413462  CANTER FB,FC,FE,L300,ROSA  1983~97 Y",4,1850,Yamasida,MB555145,Хабаровск
2025-09-18 15:00:06,"Главный цилиндр сцепления  7/8""  1-47500-232-2/1-47500-251-1 FRR,FSR,FSS,FTS,FTR 1996~ Y",7,4100,Yamasida,1-47500-232-2,Хабаровск
2025-09-18 15:00:06,"Главный цилиндр сцепления  7/8""  MC113030 / ME607345/ME113030  CANTER FB308/328 7.7T  1997~ Y",3,2149,Yamasida,MC113030,Хабаровск
2025-09-18 15:00:06,Главный цилиндр сцепления  8-98025-308-0 ISUZU S  Y,5,5058,Yamasida,8-98025-308-0,Хабаровск
2025-09-18 15:00:06,"Главный цилиндр сцепления  ME507173  7/8""  FF/FE83D/E MMC Canter NEW  Y",1,3524,Yamasida,ME507173,Хабаровск
2025-09-18 15:00:06,Главный цилиндр сцепления 41650-5H000 HYUNDAI HD45/HD65/HD72/HD78  98~ SKV,19,1934,SKV,41650-5H000,Хабаровск
2025-09-18 15:00:06,Датчик ABS  8-98002-215-0/1  NPR75/NPR71 Diesel,2,5482,Diesel,8-98002-215-0,Хабаровск
2025-09-18 15:00:06,Датчик ABS 8-98219-354-0/8-98002-215-0/1  NPR75/NPR71 ORIG,1,33911,Isuzu,8-98219-354-0,Хабаровск
2025-09-18 15:00:06,Датчик ABS задний левый 1-83227-027-0 CYZ51/EXZ51 ORIG,1,35746,Isuzu,1-83227-027-0,Хабаровск
2025-09-18 15:00:06,Датчик ABS задний правый 1-83227-026-0 CYZ51/EXZ51 ORIG,1,35746,Isuzu,1-83227-026-0,Хабаровск
2025-09-18 15:00:06,Датчик давления 1-82410-163-1 ORIG ,1,3133,Isuzu,1824101631,Хабаровск
2025-09-18 15:00:06,Датчик давления 1-83151-042-0 CXZ51KCYZ51KEXZ51KCYZ51LCXZ81K  6WF1 10PE1 Diesel,2,1874,Diesel,1831510420,Хабаровск
2025-09-18 15:00:06,Датчик давления воздуха (впуск) 89424-60010 HINO 300 E-3  Y,3,1982,Yamasida,89424-60010,Хабаровск
2025-09-18 15:00:06,Датчик давления воздуха (впуск) 89424-60010 HINO 300 E-3 (K),20,1965,Noname,89424-60010,Хабаровск
2025-09-18 15:00:06,Датчик давления воздуха в ресивере 1-48340-058-2 CYZ51/CYZ52 ORIG,1,4955,Isuzu,1-48340-058-2,Хабаровск
2025-09-18 15:00:06,Датчик давления впуск. колл. 8-98020-514-0 4JJ1/4HK/6HK1 NPR75/NMR/NLR85/NQR/FSR90/FVR34 ORIG,2,23270,Isuzu,8-98020-514-0,Хабаровск
2025-09-18 15:00:06,Датчик давления КПП ZF9S1110 1-33549-470-0 FVR34 ORIG,1,7997,Isuzu,1-33549-470-0,Хабаровск
2025-09-18 15:00:06,Датчик давления масла TGS-124 83530-E0220 HINO 300/500/700 E-3/4 (K),20,985,Noname,83530-E0220,Хабаровск
2025-09-18 15:00:06,Датчик давления топливной рампы 8-98119-790-0/1/8-97318-684-0   6WF1/6WG1/4HK1/4JJ1  Diesel,10,8783,Diesel,8-98119-790-2,Хабаровск
2025-09-18 15:00:06,Датчик давления топливной рампы 8-98119-790-0/1/8-97318-684-0   6WF1/6WG1/4HK1/4JJ1 Diesel,5,8947,Diesel,8-98119-790-2,Хабаровск
2025-09-18 15:00:06,Датчик даления масла MC859062 Fuso Canter (K),12,550,Noname,MC859062,Хабаровск
2025-09-18 15:00:06,Датчик заднего хода  HINO TH-B316 / 6501-3594-03 (K),18,637,Noname,65013-59403,Хабаровск
2025-09-18 15:00:06,Датчик заднего хода  HINO TH-B316 / 6501-3594-03 Y,15,1135,Yamasida,6501-3594-03,Хабаровск
2025-09-18 15:00:06,Датчик заднего хода  ISUZU NPR/NKR/KS  TH-B546/8-94411-366-1/9-8275-0466-0 ON-OFF (K),15,555,Noname,8-94411-366-1,Хабаровск
2025-09-18 15:00:06,Датчик заднего хода  ISUZU NPR/NKR/KS  TH-B546/8-94411-366-1/9-8275-0466-0 ON-OFF Y,9,1358,Yamasida,8-94411-366-1,Хабаровск
2025-09-18 15:00:06,Датчик заднего хода  MMC CANTER  FB308/511 TH-B323/MC134277 Y,13,1697,Yamasida,MC134277,Хабаровск
2025-09-18 15:00:06,Датчик заднего хода  MMC CANTER  FE3#/4#/FK4#/5  TH-B315/MC840590 (K),15,423,Noname,MC840590,Хабаровск
2025-09-18 15:00:06,Датчик заднего хода  MMC CANTER  FE3#/4#/FK4#/5  TH-B315/MC840590 Y,1,1037,Yamasida,MC840590,Хабаровск
2025-09-18 15:00:06,Датчик заднего хода  MMC FUSO FV355  TH-B318S MC854709 (K),15,596,Noname,MC854709,Хабаровск
2025-09-18 15:00:06,Датчик заднего хода  MMC FUSO FV355  TH-B318S MC854709 Y,12,1488,Yamasida,MC854709,Хабаровск
2025-09-18 15:00:06,Датчик заднего хода 8-94156-821-0 NKR ORIG,4,1268,Isuzu,8-94156-821-0,Хабаровск
2025-09-18 15:00:06,Датчик заднего хода 8-98292-810-0 ORIG,2,7066,Isuzu,8-98292-810-0,Хабаровск
2025-09-18 15:00:06,Датчик масляный 8-97176-230-0 NQR71/75/90/NPR75/FSR90/NLR85 Diesel,10,360,Diesel,8971762300,Хабаровск
2025-09-18 15:00:06,Датчик массового расхода воздуха 8-97601-967-0/1 U09005-AFS/AFH70M-40 6WG1/6HK1/4HK1/JJ1/HL Diesel,25,7745,Diesel,8-97601-967-1,Хабаровск
2025-09-18 15:00:06,Датчик нейтрали КПП ZF9S1110 1-33119-627-0/-587-0/1-82440-127-0/1-33549-469-0/-338-0 ORIG,1,8063,Isuzu,1-33119-627-0,Хабаровск
2025-09-18 15:00:06,Датчик полож. педали газа 8-98131-263-0/8-97602-416-0 4HK1/6HK1/6WG1 NPR/NQR/FSR/FVR/CYZ ORIG,1,15245,Isuzu,8-98131-263-0,Хабаровск
2025-09-18 15:00:06,Датчик положения коленвала 4JJ1 NLR85 ISUZU  8-97312-108-1 Diesel,1,2784,Diesel,8-97312-108-1,Хабаровск
2025-09-18 15:00:06,Датчик положения коленвала 8-94390-279-0 ISUZU/HITACHI 6WF1/6HK1 CYZ51 C/F-series HINO/MMC Diesel,10,3078,Diesel,8-94390-279-0,Хабаровск
2025-09-18 15:00:06,Датчик положения коленвала 8-97306-113-1 NQR75 TW E010A Diesel,20,1913,Diesel,8-97306-113-1,Хабаровск
2025-09-18 15:00:06,Датчик положения педали газа 1-80250-030-0 CXZ51KCYZ51KEXZ51KCYZ51LCXZ81K 6WF1 10PE1 ORIG,1,15348,Isuzu,1-80250-030-0,Хабаровск
2025-09-18 15:00:06,Датчик положения распредвала 8-97329-775-1/0 4HK1-T ISUZU NQR75 Diesel,7,2236,Diesel,8-97329-775-1,Хабаровск
2025-09-18 15:00:06,Датчик распредвала 4HK1-T/ 8-98019-024-0 / NQR90  Diesel,7,1886,Diesel,8-98019-024-0,Хабаровск
2025-09-18 15:00:06,Датчик распредвала 4HK1-T/8-98019-024-0 / NQR90 ISUZU (K),6,1103,Noname,8-98019-024-0,Хабаровск
2025-09-18 15:00:06,Датчик расхода воздуха 8-97601-967-0/1 U09005-AFS/AFH70M-40 6WG1/HK1/HH1/HL1/4HK1/JJ1 Diesel,15,7223,Diesel,8-97601-967-1,Хабаровск
2025-09-18 15:00:06,Датчик сенсорный 1-83127-115-0/1-83127-046-1 ISUZU CXG/CXH/CVS/CXW/CYW/FSR/FSD 86~ (K),7,1691,Noname,1-83127-115-0,Хабаровск
2025-09-18 15:00:06,Датчик скорости 1-80240-029-0  Diesel,2,1840,Diesel,1-80240-029-0,Хабаровск
2025-09-18 15:00:06,Датчик скорости 8-97328-058-1/0 CX#/CY#/FR#/NKR/NPR Diesel,4,1731,Diesel,8973280581,Хабаровск
2025-09-18 15:00:06,Датчик стоп сиглана MC134474 Fuso Canter (K),15,410,Noname,MC134474,Хабаровск
2025-09-18 15:00:06,"Датчик стоп сигнала 8-98000-028-0 ISUZU NPR75/NLR,NMR85/NQR90  Y",8,337,Yamasida,8-98000-028-0,Хабаровск
2025-09-18 15:00:06,"Датчик стоп сигнала 8-98000-028-0 ISUZU NPR75/NLR,NMR85/NQR90 (K)",15,410,Noname,8-98000-028-0,Хабаровск
2025-09-18 15:00:06,Датчик температуры ОЖ MC844972 Fuso Canter  Y,3,555,Yamasida,MC844972,Хабаровск
2025-09-18 15:00:06,Датчик температуры ОЖ MC844972 Fuso Canter (K),21,363,Noname,MC844972,Хабаровск
2025-09-18 15:00:06,Датчик температуры ОЖ ME202053 Fuso Canter (K),15,555,Noname,ME202053,Хабаровск
2025-09-18 15:00:06,Датчик температуры ОЖ S8342-01250 HINO 300/500/700 E-3/4  Y,2,1312,Yamasida,S8342-01250,Хабаровск
2025-09-18 15:00:06,Датчик температуры ОЖ S8342-01250 HINO 300/500/700 E-3/4 (K),11,556,Noname,S8342-01250,Хабаровск
2025-09-18 15:00:06,Датчик температуры топлива ТНВД 8-98023-581-0/8-97216-283-0/8-97238-596-0 NQ/NP75/90/NL/NM85 Diesel,2,663,Diesel,8-98023-581-0,Хабаровск
2025-09-18 15:00:06,Датчик температуры топлива ТНВД 8-98023-581-0/8-97216-283-0/8-97238-596-0 NQ/NP75/90/NL/NM85/FSR (K),29,347,Noname,8-98023-581-0,Хабаровск
2025-09-18 15:00:06,Датчик уровня масла в картере двигателя 8-97328-993-1 4HK1-T NQR90/NPR75 ORIG,1,5006,Isuzu,8-97328-993-1,Хабаровск
2025-09-18 15:00:06,"Диск колесный  22.5x9,00 10х335/281/175 (евро) усиленный 16мм., 50кг.  10 отв.",5,18896,Noname,22.5x9.00,Хабаровск
2025-09-18 15:00:06,Диск сцепления 1-31240-971-1 / 1-31260-040-2/1-87610-140-0 FSR90 4HK1 E-4 ORIG,5,44465,Isuzu,1-31260-040-2,Хабаровск
2025-09-18 15:00:06,"Диск сцепления 236*150*21*29,8  TYD112/U/31250-36220 STCO",5,2371,STCO,31250-36220,Хабаровск
2025-09-18 15:00:06,"Диск сцепления 236*150*21*29,8  TYD112U/31250-36220 SKV",10,1608,SKV,31250-36220,Хабаровск
2025-09-18 15:00:06,"Диск сцепления 240*160*24*25,6 5-87610-108-0/8-97070-657-0 ISD145 NKR/NHR 4JB1 ORIG CHINA",3,5968,Isuzu,5876101080,Хабаровск
2025-09-18 15:00:06,"Диск сцепления 260*150*24*25,6 / NSD014U / 30100-02T66 SKV",11,1956,SKV,30100-02T66,Хабаровск
2025-09-18 15:00:06,Диск сцепления 260*170*12*28 / MZD017U SKV,2,2094,SKV,VS02-16-460D,Хабаровск
2025-09-18 15:00:06,"Диск сцепления 260*170*14*29.4 / ME500917 / MFD084U Canter FB6, FE5, FE6 96-2001 SKV",5,2116,SKV,ME500917,Хабаровск
2025-09-18 15:00:06,"Диск сцепления 275*175*14*29,4  41100-5H100  HD45/65/72/78  With Active Hub (ан. VALEO) SKV",4,4749,SKV,41100-5H100,Хабаровск
2025-09-18 15:00:06,"Диск сцепления 275*175*14*29,4  41100-5H100  HD45/65/72/78  With Active Hub (ан. VALEO) STCO",6,3871,STCO,41100-5H100,Хабаровск
2025-09-18 15:00:06,"Диск сцепления 275*175*14*29,4 / MFD015 / ME500185 STCO",6,4635,STCO,ME500185,Хабаровск
2025-09-18 15:00:06,"Диск сцепления 275*175*14*35,2 MFD094U/ME516321 Canter STCO",31,5109,STCO,ME516321,Хабаровск
2025-09-18 15:00:06,"Диск сцепления 275*180*12*28,0 / MZD065U SKV",4,1703,SKV,MZD065U,Хабаровск
2025-09-18 15:00:06,"Диск сцепления 275*180*24*25,6 / ISD102 / 5-31240-043-0 SKV",2,2840,SKV,5-31240-043-0,Хабаровск
2025-09-18 15:00:06,"Диск сцепления 300*190*10*38,1 / ISD035/HND041U / 31250-3890 Керамика SKV !",2,6015,SKV,31250-3890,Хабаровск
2025-09-18 15:00:06,"Диск сцепления 300*190*10*38,1 / ISD035/HND041U/HND014Y / 31250-3890 / 1-31240-208-0 SKV",6,3809,SKV,31250-3890,Хабаровск
2025-09-18 15:00:06,"Диск сцепления 300*190*10*38,1 NW-2981/ ISD035/HND041U/HND014Y /31250-3890 / 1-31240-208-0 NKK Japan",2,12280,NKK,31250-3890,Хабаровск
2025-09-18 15:00:06,"Диск сцепления 300*190*14*32,4 / TYD119U / 31250-37041 STCO",1,4247,STCO,31250-37041,Хабаровск
2025-09-18 15:00:06,"Диск сцепления 300*190*14*35,2 /ISD086U/MFD067U/ME521813/8-97320-355-0 Active hub STCO",15,5804,STCO,ME521813,Хабаровск
2025-09-18 15:00:06,Диск сцепления 300*190*14*35.2  41100-5K100  HD65/72 (ан. VALEO) SKV,13,5793,SKV,41100-5K100,Хабаровск
2025-09-18 15:00:06,Диск сцепления 300*190*14*35.2  41100-5K100  HD65/72 (ан. VALEO) STCO,21,5102,STCO,41100-5K100,Хабаровск
2025-09-18 15:00:06,"Диск сцепления 300*190*16*30,0 NDD018U / 30100-Z5166 STCO",5,4433,STCO,NDD018U,Хабаровск
2025-09-18 15:00:06,"Диск сцепления 300*190*21*28,9 / ISD136Y/ISD136U / 8-97076-639-0 STCO",10,5845,STCO,8-97076-639-0,Хабаровск
2025-09-18 15:00:06,"Диск сцепления 300*190*24*25,6 / ISD114 SKV",3,3709,SKV,8-94339-800-0,Хабаровск
2025-09-18 15:00:06,"Диск сцепления 325*210*10*38,1 NW-3946/HND008/31250-2621/HND063U/ISD010U/ISD143 NKK Japan",3,16545,NKK,31250-2621,Хабаровск
2025-09-18 15:00:06,Диск сцепления 325*210*14*32.4 31250-E0760/31250-37320 HINO300/TOYOTA XZU4#/3# N04C damping type (BVP quality),25,10371,Noname,31250E0760,Хабаровск
2025-09-18 15:00:06,Диск сцепления 325*210*14*32.4 8S HND092/31250-E0760/31250-37320 HINO300  damping type STCO,10,6299,STCO,31250-E0760,Хабаровск
2025-09-18 15:00:06,"Диск сцепления 325*210*14*35,2 5-87610-092-0/8-98164-917-1/97367-795-0 (active hub) MZZ6U ORIG",2,27550,Isuzu,8-98164-917-1,Хабаровск
2025-09-18 15:00:06,"Диск сцепления 325*210*14*35,2 ISD092/MFD005/MFD068Y/ME520436 /8-97259-940-0 HINO300 Active hub STCO",17,6539,STCO,ME520436,Хабаровск
2025-09-18 15:00:06,"Диск сцепления 325*210*14*35.2 / MFD072U / ME517724,ME523396  Fuso CANTER 4M50 (8S) SKV",14,6693,SKV,ME517724,Хабаровск
2025-09-18 15:00:06,Диск сцепления 325*210*14*35.2 8-97362-235-1/8-98255-140-1/5-87610-080-0/1 (active hub) MYY6 ORIG,1,28011,Isuzu,8-98255-140-1,Хабаровск
2025-09-18 15:00:06,Диск сцепления 325*210*14*35.2 8-97362-235-1/8-98255-140-1/5-87610-080-0/1 (active hub) MYY6 ORIG CHINA,26,17281,Isuzu,5-87610-080-1,Хабаровск
2025-09-18 15:00:06,"Диск сцепления 350*212*14*44,0 CR-MFD037U / ME521057  Керамика SKV",5,7039,SKV,ME521057,Хабаровск
2025-09-18 15:00:06,"Диск сцепления 350*220*10*38,1 / ISD003Y/ISD036Y/NDD027U / 31250-2842 / 1-31240-381-0 SKV",4,5803,SKV,1-31240-381-0,Хабаровск
2025-09-18 15:00:06,"Диск сцепления 350*220*10*38,1 CR-ISD036Y /1-31240-381-0  Керамика SKV",7,7695,SKV,1-31240-381-0,Хабаровск
2025-09-18 15:00:06,"Диск сцепления 380*220*10*44,5/ HND029 / 31250-2920 STCO",10,9833,STCO,31250-2920,Хабаровск
2025-09-18 15:00:06,Диск сцепления 380*220*10*44.5 HND058Y  HINO500 31250-E0520  STCO,21,9558,STCO,31250-E0520,Хабаровск
2025-09-18 15:00:06,Диск сцепления 380*220*14*44 / MFD071Y / ME521606 SKV,2,5831,SKV,ME521606,Хабаровск
2025-09-18 15:00:06,Диск сцепления 380*240*10*44.7 1-31240-977-2/1 6HK FVR ORIG,1,31366,Isuzu,1-31240-977-2,Хабаровск
2025-09-18 15:00:06,"Диск сцепления 380*240*10*50,8 / ISD031 / 1-31240-539-1 SKV",10,7305,SKV,ISD031,Хабаровск
2025-09-18 15:00:06,Диск сцепления 410*260*16*45  ISD008/ISD007 1-31240-928-0 CVS/CXW/CYW 1987-1999 STCO,1,9899,STCO,1-31240-928-0,Хабаровск
2025-09-18 15:00:06,Диск сцепления 430*250*10*50.8 1-31240-865/980-0/1-87611-002-0/31250-E0071 CYZ52/HIN700 ORIG CHINA,1,37907,Isuzu,1876110020,Хабаровск
2025-09-18 15:00:06,"Диск сцепления 430*250*14*48,0 /MFD016 / ME550755 SKV",7,8693,SKV,ME550755,Хабаровск
2025-09-18 15:00:06,"Диск сцепления 430*250*14*48,0 ME521203/MFD058U STCO",18,11473,STCO,MFD058U,Хабаровск
2025-09-18 15:00:06,Диск сцепления 430*250*14*48.0/MFD 058U/ME550730 Керамика SKV,5,11550,SKV,ME550730,Хабаровск
2025-09-18 15:00:06,Диск сцепления 430*250*18*50.0 / NDD054U/NDD036Y/30100-90677 STCO,5,9351,STCO,30100-90677,Хабаровск
2025-09-18 15:00:06,Диск тормозной 8-98001-342-0 NLR85 ISUZU  Diesel !,5,11645,Diesel,8-98001-342-0,Хабаровск
2025-09-18 15:00:06,Заклёпки K2G27A / 58305-45A30 / 58144-45A60 85mm County/HD72 (Компл. 40 шт),50,132,,58144-45A60,Хабаровск
2025-09-18 15:00:06,Зеркало SL-1609  ,2,931,SL,SL-1609,Хабаровск
2025-09-18 15:00:06,Зеркало SL-1617  MITSUBISHI  CANTER 205*145mm  YD,5,528,SL,SL-1617,Хабаровск
2025-09-18 15:00:06,Зеркало SL-1618  MITSUBISHI  CANTER 270*182mm,5,400,SL,SL-1618,Хабаровск
2025-09-18 15:00:06,Зеркало SL-1620  ,5,1097,SL,SL-1620,Хабаровск
2025-09-18 15:00:06,Зеркало SL-1651 ELF NHR/NKR  ,10,671,SL,SL-1651,Хабаровск
2025-09-18 15:00:06,Зеркало SL-1663 FUSO FK\FV  ,6,744,SL,SL-1663,Хабаровск
2025-09-18 15:00:06,Зеркало SL-1678B (крепеж гайка),2,1036,SL,SL-1678B,Хабаровск
2025-09-18 15:00:06,Зеркало SL-1695 HINO  JMC  318*165mm YD,5,1524,SL,SL-1695,Хабаровск
2025-09-18 15:00:06,Зеркало SL-1696  ,10,1191,SL,SL-1696,Хабаровск
2025-09-18 15:00:06,Зеркало SL-1697  ,10,1230,SL,SL-1697,Хабаровск
2025-09-18 15:00:06,Зеркало SL-1698  NQR75,9,1269,SL,SL-1698,Хабаровск
2025-09-18 15:00:06,"Зеркало SL-1765 круглое, нижнего вида",11,969,SL,SL-1765,Хабаровск
2025-09-18 15:00:06,Зеркало SL-1776 ISUZU ELF NKR/NPR  ,5,592,SL,SL-1776,Хабаровск
2025-09-18 15:00:06,"Зеркало SL-728  круглое, нижнего вида крепление хомут  ",2,703,SL,SL-728,Хабаровск
2025-09-18 15:00:06,Зеркало SL-738 HYUNDAI; DAEWOO  ,10,856,SL,SL-738,Хабаровск
2025-09-18 15:00:06,Зеркало SL-738 В  ,10,856,SL,SL-738B,Хабаровск
2025-09-18 15:00:06,Зеркало SL-748 B UNIVERSAL HYUNDAI; DAEWOO  ,10,895,SL,748 B,Хабаровск
2025-09-18 15:00:06,Зеркало SL-758 B UNIVERSAL HYUNDAI; DAEWOO  ,5,1045,SL,SL-758B,Хабаровск
2025-09-18 15:00:06,Зеркало SL-769 ISUZU; HINO  ,5,1394,SL,SL-769,Хабаровск
2025-09-18 15:00:06,Зеркало SL-789  HINO  ,10,2049,SL,SL-789,Хабаровск
2025-09-18 15:00:06,Зеркало SL-968   MITSUBISHI  CANTER 248*133mm ,6,393,SL,SL-968,Хабаровск
2025-09-18 15:00:06,Клапан EGR (система рециркуляции отработавших газов) 25620-E0253/25620-E0254 HINO 300  ORIG,1,68781,Hino,25620-E0253,Хабаровск
2025-09-18 15:00:06,Клапан двигателя выпускной 4JJ1-T 8-98016-974-1 N-series ORIG,1,5544,Isuzu,8-98016-974-1,Хабаровск
2025-09-18 15:00:06,Клапан мультизащитный VF128 1-82563-871-2/0/1 CYZ51/EXZ52/FSR90/FVR34  Diesel,5,5010,Diesel,1-82563-871-0,Хабаровск
2025-09-18 15:00:06,Клапан мультизащитный VF128 1-82563-871-2/0/1 CYZ51/EXZ52/FSR90/FVR34 Diesel,4,7282,Diesel,1-82563-871-0,Хабаровск
2025-09-18 15:00:06,Клапан рециркуляции отработанных газов  8-97377-509-3/6/7 4HK1 NPR75  ORIG,1,19255,Isuzu,8-97377-509-7,Хабаровск
2025-09-18 15:00:06,Клапан рециркуляции отработанных газов  8-97379-625-6 4HK1 NQR75  ORIG,1,17569,Isuzu,8973796256,Хабаровск
2025-09-18 15:00:06,"Клапан рециркуляции отработанных газов  8-98029-595-7/8-98238-266-2 6WG1 C,E-series  ORIG",1,57170,Isuzu,8980295957,Хабаровск
2025-09-18 15:00:06,Клапан рециркуляции отработанных газов 8-97361-677-6/0/1/2/3/4/5 NKR ORIG,1,21061,Isuzu,8-97361-677-6,Хабаровск
2025-09-18 15:00:06,Клапан тормозной распределительный ABS 1-48240-115-0/1 FVR34/NQR90/CYZ51  Diesel,1,8223,Diesel,1482401150,Хабаровск
2025-09-18 15:00:06,Кнопка включения аварийной сигнализации 8-97386-922-1 NPR75/NMR85/NQR90 ISUZU  Diesel,4,1093,Diesel,8973869221,Хабаровск
2025-09-18 15:00:06,Кнопка включения аварийной сигнализации 8-97386-922-1 NPR75/NMR85/NQR90 ISUZU Diesel,9,1189,Diesel,8973869221,Хабаровск
2025-09-18 15:00:06,Коленвал 8-98029-270-0/8-97352-534-3 4HK1 4HE1 NQR90/NQR75/71 EURO-3 Diesel,2,45507,Diesel,8980292700,Хабаровск
2025-09-18 15:00:06,Коленвал ISU 4HF1/4HG1T  8-97033-171-2 (литой),1,29124,Noname,8-97033-171-2,Хабаровск
2025-09-18 15:00:06,Коленвал ISU 4JG2 8-97023-182-1 !,2,20274,Noname,8-97023-182-1,Хабаровск
2025-09-18 15:00:06,Коленвал ISU 8-98029-270-1 4HK1,3,30273,Noname,8-98029-270-5,Хабаровск
2025-09-18 15:00:06,Коленвал TOY 13401-58030/58021/58050 14B,1,24532,Noname,13401-58030,Хабаровск
2025-09-18 15:00:06,Колодка тормозная заднего моста левая задняя 1-47170-327-0 CYZ51/CXZ Diesel,3,9018,Diesel,1-47170-327-0,Хабаровск
2025-09-18 15:00:06,Колодка тормозная заднего моста правая задняя 1-47170-325-0 CYZ51/CXZ Diesel,6,9206,Diesel,1-47170-325-0,Хабаровск
2025-09-18 15:00:06,Колодка тормозная переднего моста левая задняя 1-47170-319-0 FVR34/CYZ52/CYZ51 ORIG,2,26205,Isuzu,1-47170-319-0,Хабаровск
2025-09-18 15:00:06,Колодка тормозная переднего моста прав передняя 1-47170-316-0 FVR34/CYZ52/CYZ51 ORIG,1,28198,Isuzu,1-47170-316-0,Хабаровск
2025-09-18 15:00:06,Колодка тормозная переднего моста правая задняя 1-47170-317-0 FVR34/CYZ52/CYZ51 ORIG,3,34950,Isuzu,1-47170-317-0,Хабаровск
2025-09-18 15:00:06,Колодки тормозные барабанные 5-87831-693-0/5-87831-644-0 NQR/NPR 71/75,7,6435,Noname,5878316930,Хабаровск
2025-09-18 15:00:06,Колодки тормозные барабанные FN-2296  77*2.3*4.5-282/75*6.5*285-295  04494-36080 / 04494-36160  GL,3,2192,Noname,0449436080/0449436160/F,Хабаровск
2025-09-18 15:00:06,Колодки тормозные барабанные FN-2297 04494-36150/04494-36090/0449525130 Hino/DYNA ,9,2533,Noname,FN-2297,Хабаровск
2025-09-18 15:00:06,Колодки тормозные барабанные FN-3408 / W558-33-310A / W5Y8-26-38Z KS,19,3684,Noname,FN-3408,Хабаровск
2025-09-18 15:00:06,"Колодки тормозные барабанные FN-4404 Isuzu NKR/NHR NLR,NMR55/85  93- 8-97042-933-1",14,688,Noname,FN-4404,Хабаровск
2025-09-18 15:00:06,Колодки тормозные барабанные FN-4443 NQR/NPR/NLR71/75/CANTER (РУЧНИК) 8-97020-250-2  комплект-2ш.,20,922,Noname,FN-4443,Хабаровск
2025-09-18 15:00:06,Колодки тормозные барабанные FN-4451,11,3829,Noname,FN4451,Хабаровск
2025-09-18 15:00:06,"Колодки тормозные барабанные FN-4458 Isuzu NKR/NHR NLR,NMR55/85 93- 8-97035-085-1",3,3096,Noname,FN-4458,Хабаровск
2025-09-18 15:00:06,Колодки тормозные барабанные FN-4459 Isuzu NKR/NPR/NPS/NKS  99~ 8-97201-061-0 / 8-97094-504-0,20,4352,Noname,FN-4459,Хабаровск
2025-09-18 15:00:06,"Колодки тормозные барабанные FN-4461/8-97331-932-0 / 8-97191-716-1 NKR/NLR,NMR55/85, NQR RHD KS",40,2367,Noname,FN-4461,Хабаровск
2025-09-18 15:00:06,Колодки тормозные барабанные FN-6655/MS6655  MC894596,48,1765,Noname,FN-6655,Хабаровск
2025-09-18 15:00:06,Колодки тормозные барабанные FN-6668 / MB295388 / MB295769 / MB326388 / MC112217 / MC837547 KS,14,2367,Noname,FN-6668,Хабаровск
2025-09-18 15:00:06,Колодки тормозные барабанные FN-6681 MITSUBISHI CANTER FE/FB/FD ME601284/MC869379 2шт,18,909,Noname,FN-6681,Хабаровск
2025-09-18 15:00:06,Колодки тормозные дисковые 8-97377-522-0 N-series Diesel,2,4932,Diesel,8973775220,Хабаровск
2025-09-18 15:00:06,Колодки тормозные дисковые 8-98244-794-0/D826/DA1607 N-series,6,4973,Noname,D826,Хабаровск
2025-09-18 15:00:06,Колодки тормозные дисковые PF-1329 /PF-1099 / PF-1388 / 104465-36010 /04465-37010/ 04465-37030,10,1175,Noname,PF-1329,Хабаровск
2025-09-18 15:00:06,Колодки тормозные дисковые PF-4489/D4049M 8-97203-209-0 isuzu NKR/NPR/NPS 99~,8,3210,Noname,D4049M,Хабаровск
2025-09-18 15:00:06,Колодки тормозные дисковые PN-3407/DJ6091/D6091  125.2*60*19.5  MITSUBISHI  GL,6,2088,Noname,PN-3407,Хабаровск
2025-09-18 15:00:06,Колодки тормозные дисковые PN-4384/DJ4041/D4041  191.2*62*21  ISUZU/MAZDA  ,3,3039,Noname,D4041,Хабаровск
2025-09-18 15:00:06,Колодки тормозные передние дисковые 58101-5HA30 HYUNDAI HD65/COUNTY,6,1353,Noname,58101-5HA30,Хабаровск
2025-09-18 15:00:06,Колпак декоративный колеса перед 8-97167-658-1 N-серия ORIG,4,5236,Isuzu,8-97167-658-1,Хабаровск
2025-09-18 15:00:06,Колпачок маслосъемный 8-97376-720-0 4HG1/4HЕ1/4НК1/6НЕ1/6HK1 NQR75/90/NPR75/FSR90/FVR34 ORIG,1,421,Isuzu,8973767200,Хабаровск
2025-09-18 15:00:06,Кольца поршневые  N04CT S1304-E0020/SDH20101ZY  (4 CYL)  NPR,3,8095,NPR,SDH20101ZY,Хабаровск
2025-09-18 15:00:06,Кольца поршневые 4HK1/6HK1 8-98040-125-0/8-98055-478-0 NPR75/NQR90/FSR90/FVR34 (на поршень) Diesel,4,1512,Diesel,8-98040-125-0,Хабаровск
2025-09-18 15:00:06,Кольца поршневые D4AL 23040-41400/SDG30002ZZ  NPR Japan,9,6809,NPR,SDG30002ZZ,Хабаровск
2025-09-18 15:00:06,Кольцо синхронизатора 2-3 передачи внутр распорное КПП 8-97241-312-1 MYY5T/MYY6S N-серия Diesel,1,1537,Diesel,8972413121,Хабаровск
2025-09-18 15:00:06,Кольцо уплотнительное форсунки (медное) 8-97216-082-0 ISUZU C-серии 6W#  Diesel,111,151,Diesel,8972160821,Хабаровск
2025-09-18 15:00:06,Корзина сцепления 250*160*278 ISC590 / 8-97090-843-0 DT NKR/NHR/NHS 93-98` SKV,5,4695,SKV,8-97090-843-0,Хабаровск
2025-09-18 15:00:06,Корзина сцепления 260*170*300 MZC 593/ SL02-16-410B SKV,2,5138,SKV,SL02-16-410B,Хабаровск
2025-09-18 15:00:06,Корзина сцепления 275*175*311 MFC 540/ ME500508 SKV,4,6845,SKV,ME500508,Хабаровск
2025-09-18 15:00:06,Корзина сцепления 275*180*320  ISC 567/NSC627  DS SKV,10,5168,SKV,ISC567,Хабаровск
2025-09-18 15:00:06,Корзина сцепления 275*180*320  ISC 567/NSC627  DS STCO,5,7173,STCO,ISC567,Хабаровск
2025-09-18 15:00:06,Корзина сцепления 300*190*350 ISC 572/ 8-97310-796-0 STCO,14,8204,STCO,ISC572,Хабаровск
2025-09-18 15:00:06,Корзина сцепления 325*210*368  HNC519/509/543/MFC507  / 31210-2420 STCO,10,15857,STCO,31210-2420,Хабаровск
2025-09-18 15:00:06,Корзина сцепления 325*210*368  ISC 592/ 8-97351-794-0 STCO,7,12948,STCO,8-97351-794-0,Хабаровск
2025-09-18 15:00:06,Корзина сцепления 325*210*368  MFC521 LS STCO,4,14353,STCO,MFC521,Хабаровск
2025-09-18 15:00:06,"Корзина сцепления 325*210*368 DT MFC590/NDC527, ME512211 Fuso CANTER 4M50 STCO",8,14294,STCO,ME512211,Хабаровск
2025-09-18 15:00:06,Корзина сцепления 350*220*379 1-31220-451-0/ISC654 FSR90 ORIG,3,55341,Isuzu,1-31220-451-0,Хабаровск
2025-09-18 15:00:06,Корзина сцепления 350*220*379 LS  HNC 522/HNC 540/ 31210-2270  STCO,22,16653,STCO,31210-2270,Хабаровск
2025-09-18 15:00:06,Корзина сцепления 350*220*379/ISC 607 / 1-31220-363-0 SKV,2,15520,SKV,1-31220-363-0,Хабаровск
2025-09-18 15:00:06,Корзина сцепления 350*220*379/ISC 607 / 1-31220-363-0 STCO,11,17060,STCO,1-31220-363-0,Хабаровск
2025-09-18 15:00:06,Корзина сцепления 380*220*405  HNC541 HINO500 31210-E0240  STCO,5,21496,STCO,31210-E0240,Хабаровск
2025-09-18 15:00:06,Корзина сцепления 380*240*405  ISC 556 / ISC540 / 1-31220-372-2 FVR LHD КПП MLD6Q/B/7Q кроме E4 SKV,41,21475,SKV,1-31220-372-2,Хабаровск
2025-09-18 15:00:06,Корзина сцепления 380*240*405  ISC 556 / ISC540 / 1-31220-372-2 FVR LHD КПП MLD6Q/B/7Q кроме E4 STCO,35,22303,STCO,1-31220-372-2,Хабаровск
2025-09-18 15:00:06,Корзина сцепления 430*260*456  HNC 532 / 31210-2790 / S3121-02790 STCO,7,29043,STCO,S3121-02790,Хабаровск
2025-09-18 15:00:06,Корзина сцепления 5-87610-104-0/5-87610-081-0/8-97038-831-0/1  NQR75/90/NPR75 ORIG CHINA,30,26276,Isuzu,5-87610-104-0,Хабаровск
2025-09-18 15:00:06,Корпус воздушного фильтра 8-98050-415-2 NQR90/NPR75/NMR/NLR85 ISUZU Diesel,3,8712,Diesel,8980504152,Хабаровск
2025-09-18 15:00:06,Крестовина 8-98048-925-0  FSR90 ORIG,2,16523,Isuzu,8-98048-925-1,Хабаровск
2025-09-18 15:00:06,"Крестовина GUH-67 49.2*148.38 мм HINO 37400-1010, 37400-1011 TOYO",4,6330,Toyo,GUH-67,Хабаровск
2025-09-18 15:00:06,Крестовина GUH-70 47.00-138.00 мм HINO FD/FT/SH/FD/FG/FF/FZ/FU HINO700 37401-1061 TOYO,1,3211,Toyo,GUH-70,Хабаровск
2025-09-18 15:00:06,"Крестовина GUH-72 47*144 мм HINO 10-15т FN#, FR#, FP#, FW#, FS# 37401-1081 TOYO",10,2970,Toyo,GUH-72,Хабаровск
2025-09-18 15:00:06,"Крестовина GUH-73  HINO 10-15т  FN#, FR#, FP#, FW#, FS#, FV#  50x165 мм TOYO ",3,6075,Toyo,GUH-73,Хабаровск
2025-09-18 15:00:06,"Крестовина GUH-74 36*115,60 мм HINO 10-15т FN#, FR#, FP#, FW#, FS# 04037-4010 TOYO",10,1269,Toyo,GUH-74,Хабаровск
2025-09-18 15:00:06,"Крестовина GUH-75 58x175 мм HINO 10-15т SS#,SH#,FN1V#,FR1K#,FR4F#,FS1K#,1V#,FS4F# 04037-4033 TOYO",6,5120,Toyo,GUH-75,Хабаровск
2025-09-18 15:00:06,"Крестовина GUH-79 /TH-179/04371-E1070/-E1071/04037-4101 --- 60-152(A) HINO700/10T(FS1E,FN) TOYO",2,6775,Toyo,TH-179,Хабаровск
2025-09-18 15:00:06,"Крестовина GUIS-57  ISUZU 10-15т  CXM,CXH,CXK,CXZ,CVS,CXW,CYW  48x145 мм TOYO ",1,4278,Toyo,GUIS-57,Хабаровск
2025-09-18 15:00:06,"Крестовина GUIS-60  ISUZU 10-15т CXZ, CXM, CXG, CXH, CVZ, CXL 49,22HP-148,38 мм 1-37300-064-0 TOYO",15,5134,Toyo,GUIS-60,Хабаровск
2025-09-18 15:00:06,"Крестовина GUIS-71 Isuzu Elf 1,5-2т NHR5, NHR6, NKR6, NKR7, NKR8, NKQ8 (29x49 мм)   8-97180-697-0 TOYO",7,843,Toyo,GUIS-71,Хабаровск
2025-09-18 15:00:06,Крестовина GUIS-72  42*115mm ISUZU GIGA 8т TOYO,12,2400,Toyo,GUIS-72,Хабаровск
2025-09-18 15:00:06,Крестовина GUM-82  MMC FUSO TRUCK 4-4.5T MC860286 38*104mm TOYO,10,1282,Toyo,GUM-82,Хабаровск
2025-09-18 15:00:06,"Крестовина GUMZ-6 28x59 мм MAZDA TITAN  1,5-2 т 8BW1-25-060, 8BS1-25-060 TOYO",1,846,Toyo,GUMZ-6,Хабаровск
2025-09-18 15:00:06,Крестовина GUT-17/GUT-21  TOYOTA DYNA/TOYOACE 29*49 мм TOYO,2,940,Toyo,GUT-17,Хабаровск
2025-09-18 15:00:06,Крестовина карданного вала (пластина) 49140-7F200 HYUNDAI HD270 D6CA TOYO,1,5050,Toyo,49140-7F200,Хабаровск
2025-09-18 15:00:06,Крестовина карданного вала 1-37300-110-0/1 CYZ51/FVR34/CXZ/EXZ51 Diesel,20,4569,Diesel,1-37300-110-0,Хабаровск
2025-09-18 15:00:06,Крестовина карданного вала 1-37300-110-0/1 CYZ51/FVR34/CXZ/EXZ51 ORIG,9,17073,Isuzu,1-37300-110-0,Хабаровск
2025-09-18 15:00:06,"Крестовина рулевого кардана ST-1639 16,06*39 mm  8-97085-264-1, 45209-14030  TOYO",11,537,Toyo,ST-1639,Хабаровск
2025-09-18 15:00:06,Кронштейн  FR рессоры RR 8-98014-125-0 NQR90 Diesel,6,1859,Diesel,8-98014-125-0,Хабаровск
2025-09-18 15:00:06,"Кронштейн RF рессоры 8-97042-245-1/0/ 8-98243-605-0 NQR71, 75 Diesel",6,2786,Diesel,8-97042-245-0,Хабаровск
2025-09-18 15:00:06,"Кронштейн RR рессоры L  8-98032-488-0 NLR/NMR55,85 Diesel",2,2611,Diesel,8-98032-488-0,Хабаровск
2025-09-18 15:00:06,"Кронштейн RR рессоры R  8-98032-489-0 NLR/NMR55,85  Diesel",8,2444,Diesel,8-98032-489-0,Хабаровск
2025-09-18 15:00:06,Кронштейн крепления блок-фары левый (рамка)  8-97608-505-1/2 CYZ51/EXZ Diesel,1,12761,Diesel,8-97608-505-1,Хабаровск
2025-09-18 15:00:06,Кронштейн крепления блок-фары левый (рамка) 8-97608-505-1/2 CYZ51/EXZ Diesel,1,13918,Diesel,8976085051,Хабаровск
2025-09-18 15:00:06,Кронштейн отбойника рессоры S-067/HLB-067 48418-1381 HINO FD#ALL PM,2,2617,Paul Master,HLB-067,Хабаровск
2025-09-18 15:00:06,Кронштейн рессоры IS-037 1-53353-078-1  PM,2,11503,Paul Master,ISK-037,Хабаровск
2025-09-18 15:00:06,Кронштейн рессоры ISK-045 1-53353-081-2  PM ,5,20007,Paul Master,ISK-045,Хабаровск
2025-09-18 15:00:06,Кронштейн рессоры S-001/ FSK-001  MB133333 MMC FE# 85-99`  PM,8,7439,Paul Master,FSK-001,Хабаровск
2025-09-18 15:00:06,Крышка клапанов 8-97331-361-2/0/1 700P 4HK1‐T NKR/NPR/NPS/FRS/FSS/FRR/FTR 99~ Diesel,1,10968,Diesel,8-97331-361-0,Хабаровск
2025-09-18 15:00:06,Крышка радиатора  MC413956 / FRC-010 / F-010  PM,6,627,Paul Master,FRC-010,Хабаровск
2025-09-18 15:00:06,Крышка радиатора  R-125  PM,7,387,Paul Master,R-125,Хабаровск
2025-09-18 15:00:06,Крышка топливного бака  F-035 / FFC-035 / MB-022737 36mm  PM,2,303,Paul Master,FFC-035,Хабаровск
2025-09-18 15:00:06,Крышка топливного бака 400 л.8-98108-595-0 FVR34/CYZ52/EXZ51 Diesel,7,2455,Diesel,8-98108-595-0,Хабаровск
2025-09-18 15:00:06,Крышка топливного бака 8-98201-369-0/8-98146-010-0 NPR75/NMR85/NLR85/NQR/FSR90/FVR34 Diesel,85,1620,Diesel,8-98201-369-0,Хабаровск
2025-09-18 15:00:06,Крышка топливного бака с ключом F-013-B/IFC-013KB  8-94258-609-1 NKR/NHR      PM,2,859,Paul Master,IFC-013KB,Хабаровск
2025-09-18 15:00:06,Кулак поворотный правый 8-97349-683-1 NQR71/75 ORIG,1,42467,Isuzu,8-97349-683-1,Хабаровск
2025-09-18 15:00:06,Лист рессор 1-51132-962-0 14*80 Isuzu 10t CYZ51 LHD подкоренной front  SKV,2,5980,SKV,1-51132-962-0,Хабаровск
2025-09-18 15:00:06,Лист рессор 1-51412-118-0 10*70 Isuzu 5T FRR/FSR/FRD/FRD-S/FRR-S 97~ подкоренной rear SKV,5,2750,SKV,1-51412-118-0,Хабаровск
2025-09-18 15:00:06,Лист рессор 10-60-1500  (без ЦО) SKV !,10,2832,SKV,10-60-1500,Хабаровск
2025-09-18 15:00:06,Лист рессор 11-60-700H SKV,44,1142,SKV,11-60-700H,Хабаровск
2025-09-18 15:00:06,Лист рессор 11-70-1100H BELTON,20,2678,BELTON,11-70-1100H,Хабаровск
2025-09-18 15:00:06,Лист рессор 11-70-1300H BELTON,20,3163,BELTON,11-70-1300H,Хабаровск
2025-09-18 15:00:06,Лист рессор 11-70-1700H Ychen,20,3138,Ychen,11-70-1700H,Хабаровск
2025-09-18 15:00:06,Лист рессор 11-70-700H BELTON,20,1715,BELTON,11-70-700H,Хабаровск
2025-09-18 15:00:06,Лист рессор 11-70-900H BELTON,20,2183,BELTON,11-70-900H,Хабаровск
2025-09-18 15:00:06,Лист рессор 13-60-1300H SKV,19,2685,SKV,13-60-1300H,Хабаровск
2025-09-18 15:00:06,Лист рессор 13-60-1500H SKV !,10,2890,SKV,13-60-1500H,Хабаровск
2025-09-18 15:00:06,Лист рессор 13-60-700H SKV,10,1446,SKV,13-60-700H,Хабаровск
2025-09-18 15:00:06,Лист рессор 13-70-1500H SKV !,26,3268,SKV,13-70-1500H,Хабаровск
2025-09-18 15:00:06,Лист рессор 13-70-700H BELTON,10,2037,BELTON,13-70-700H,Хабаровск
2025-09-18 15:00:06,Лист рессор 14-70-1300H SKV,11,3875,SKV,14-70-1300H,Хабаровск
2025-09-18 15:00:06,Лист рессор 14-80-1100H SKV,5,3806,SKV,14-80-1100H,Хабаровск
2025-09-18 15:00:06,Лист рессор 14-80-1300H SKV,5,4497,SKV,14-80-1300H,Хабаровск
2025-09-18 15:00:06,Лист рессор 14-80-1500H SKV ,5,5190,SKV,14-80-1500H,Хабаровск
2025-09-18 15:00:06,Лист рессор 14-90-1500H Ychen,23,6113,Ychen,14-90-1500H,Хабаровск
2025-09-18 15:00:06,Лист рессор 16-70-1300H SKV ,16,4507,SKV,16-70-1300H,Хабаровск
2025-09-18 15:00:06,Лист рессор 16-80-1100H SKV,20,3725,SKV,16-80-1100H,Хабаровск
2025-09-18 15:00:06,Лист рессор 16-80-1300H  SKV ,20,4491,SKV,16-80-1300H,Хабаровск
2025-09-18 15:00:06,Лист рессор 16-80-1500H SKV,20,5184,SKV,16-80-1500H,Хабаровск
2025-09-18 15:00:06,Лист рессор 16-90-1300H SKV,5,5252,SKV,16-90-1300H,Хабаровск
2025-09-18 15:00:06,Лист рессор 16-90-1500H SKV,5,6671,SKV,16-90-1500H,Хабаровск
2025-09-18 15:00:06,Лист рессор 16-90-88-1600H SKV,2,7284,SKV,16-90-88-1600H,Хабаровск
2025-09-18 15:00:06,Лист рессор 20-70-10-1100H SKV,34,4298,SKV,20-70-10-1100H,Хабаровск
2025-09-18 15:00:06,Лист рессор 20-90-1000H Ychen,1,3972,Ychen,20-90-1000H,Хабаровск
2025-09-18 15:00:06,Лист рессор 20-90-12-1500H HINO  (3 лист параболический) SKV,14,8551,SKV,20-90-12-1500H,Хабаровск
2025-09-18 15:00:06,Лист рессор 20-90-1300H SKV,18,5745,SKV,20-90-1300H,Хабаровск
2025-09-18 15:00:06,Лист рессор 48201-E0120 18x70  HINO 500 коренной rear (2 втулки 30-36-68) SKV,3,6435,SKV,48201-E0120,Хабаровск
2025-09-18 15:00:06,Лист рессор 48202-3B060 12*70 DYNA/TOYOACE   84-99 подкоренной rear SKV,3,2910,SKV,48202-3B060,Хабаровск
2025-09-18 15:00:06,Лист рессор 48212-E0110 18x70  HINO 500 подкоренной rear SKV,4,6111,SKV,48212-E0110,Хабаровск
2025-09-18 15:00:06,Лист рессор 54111-5K500  11*70  HD45/65/72/78/75 04~ коренной front (2 сайлент. + 2 обич) SKV,4,5215,SKV,54111-5K500,Хабаровск
2025-09-18 15:00:06,Лист рессор 55100-4B700-1  8х60  HYUNDAI H100 Porter 96~ коренной  rear (1 втулка 28*34*58) SKV,20,2856,SKV,55100-4B700-1,Хабаровск
2025-09-18 15:00:06,Лист рессор 8-97084-638-0 / 8-97084-639-0 70*12 Isuzu ELF NPR подкоренной rear L=1254mm Ychen,1,3641,Ychen,8-97084-638-0,Хабаровск
2025-09-18 15:00:06,Лист рессор 8-97130-493-0  Isuzu ELF NPR/NQR 93 коренной rear  70*12 (сайлент D=18/D=16)L=1352 Ychen,3,3374,Ychen,8-97130-493-0,Хабаровск
2025-09-18 15:00:06,Лист рессор 8-98073-686-0  Isuzu  FVR34 коренной front (втулки 32*38*78) 21*80 SKV,5,10875,SKV,8-98073-686-0,Хабаровск
2025-09-18 15:00:06,Лист рессор 8-98073-687-0  Isuzu  FVR34 подкоренной front  24*80 SKV,10,10625,SKV,8-98073-687-0,Хабаровск
2025-09-18 15:00:06,Лист рессор 9-70-900H SKV,12,1179,SKV,9-70-900H,Хабаровск
2025-09-18 15:00:06,Лист рессор HSF112 / 48101-4270 14*90  Hino 10t коренной front  (2 втулки 30*42) SKV,8,5349,SKV,48101-4270,Хабаровск
2025-09-18 15:00:06,Лист рессор HSF118 / 48101-4271 Hino 10t 90*14  коренной front  (2 втулки 30*38) SKV,5,13610,SKV,48101-4271,Хабаровск
2025-09-18 15:00:06,Лист рессор HSF12 / 48112-3251  14*90 Hino 10t подкоренной front SKV,14,8698,SKV,48112-3251,Хабаровск
2025-09-18 15:00:06,Лист рессор HSF32 / 48112-3V640 10*70 Hino 300 подкоренной front SKV,18,3365,SKV,48112-3V640,Хабаровск
2025-09-18 15:00:06,Лист рессор HSF51 / 48101-4080 11*70 Hino 5t коренной front (2 втулки 25-31-68) Ychen,7,3104,Ychen,48101-4080,Хабаровск
2025-09-18 15:00:06,Лист рессор ISF01 8-97084-827-0 Isuzu Elf NPR коренной front (сайлетблоки) Ychen,2,4294,Ychen,8-97084-827-0,Хабаровск
2025-09-18 15:00:06,Лист рессор ISF11A / 1-51111-504-1A Isuzu 10t кор. 25*80 перемен.толщ. front (2 втулки 32-42-78) SKV,3,11164,SKV,1-51111-504-1A,Хабаровск
2025-09-18 15:00:06,Лист рессор MK470961 11*70 FUSO CANTER коренной front (втулки 43-40-36) Ychen,1,3828,Ychen,MK470961,Хабаровск
2025-09-18 15:00:06,Лист рессор MSR5260  / MK315007 13*60 Fuso 5T подкоренной rear SKV,2,3294,SKV,MK315007,Хабаровск
2025-09-18 15:00:06,Лист рессор S481-016330 18*70  HINO 500 коренной front (втулки 25-31-68) SKV,11,6253,SKV,S481-016330,Хабаровск
2025-09-18 15:00:06,Лист рессор S481-016330 18*70  HINO 500 коренной front (втулки 25-31-68) Ychen,10,6253,Ychen,S481-016330,Хабаровск
2025-09-18 15:00:06,Масловлагоотделитель HDS-026 DU-4 / 44830-2880 HINO HD,1,12960,HD,HDS-026,Хабаровск
2025-09-18 15:00:06,Маслосъемный колпачок ISUZU 8-97376-720-0 12.5-7.3-16.2 16PCS/SET 4НК1/6HK1 Y,4,1358,Yamasida,8-97376-720-0,Хабаровск
2025-09-18 15:00:06,"Маховик HIN EH700/H07C 325mm*129t*8h*14.5mm 13""",2,10596,Noname,EH700/H07C,Хабаровск
2025-09-18 15:00:06,"Маховик HIN P11C 13450-2761 430mm*137t*9H*17mm17"" ",2,14225,Noname,13450-2761,Хабаровск
2025-09-18 15:00:06,Мотор отопителя 8-98196-563-0 FVR34/FSR90 ORIG,3,18535,Isuzu,8-98196-563-0,Хабаровск
2025-09-18 15:00:06,Мотор отопителя ME733724  DF073  MITSUBISHI FUSO CANTER 24V,24,4962,Noname,ME733724,Хабаровск
2025-09-18 15:00:06,Мотор стеклоподъемника правой двери 1-74418-161-0  Diesel,3,3285,Diesel,1-74418-161-0,Хабаровск
2025-09-18 15:00:06,Муфта вентилятора 4HF1/4HG1  8-97139-299-0 SHIMAHIDE,2,7355,Shimahide,8-97139-299-0,Хабаровск
2025-09-18 15:00:06,Муфта вентилятора 4HK1 NP/NQR/NPS/NPR75/NQR90/FSR90 04~ 8-98019-743-0 SHIMAHIDE,3,11794,Shimahide,8-98019-743-0,Хабаровск
2025-09-18 15:00:06,Муфта вентилятора 4HL1/4HJ1/4M51  8-97330-208-0/ME402050 SHIMAHIDE,1,12445,Shimahide,8-97330-208-0,Хабаровск
2025-09-18 15:00:06,Муфта вентилятора 6WF1/10PE1/6WF1-T/6WG1 1-21650-200-0/1-21650-204-0/1-21650-208-0/8-98071-040-0/8-98071-041-0,1,15838,Noname,1-21650-200-0,Хабаровск
2025-09-18 15:00:06,Муфта вентилятора B/3B/11B/14B/15B  16210-58030 ,1,2946,Noname,16210-58030,Хабаровск
2025-09-18 15:00:06,Муфта вентилятора J08E/C S1625-01880 / 16250-1880,1,16063,Noname,16250-1880,Хабаровск
2025-09-18 15:00:06,Муфта выжимного подшипника C-013/ICB-013  1-31321-052-2/0  NPR/FT/FV/FS/GS/GT 84-98`  PM,5,2134,Paul Master,ICB-013,Хабаровск
2025-09-18 15:00:06,Муфта синхронизатора 4-5 передачи 8-97366-526-0/8-97300-195-0 КПП MYY5T/MYY6S N-серия (K),10,4953,Noname,8-97366-526-0,Хабаровск
2025-09-18 15:00:06,Муфта синхронизатора КПП 8-98258-279-0 / 8-97241-296-0 MYY/MZZ ISUZU Diesel,1,5410,Diesel,8982582790,Хабаровск
2025-09-18 15:00:06,Накладка бампера угловая металлическая левая 8-98138-789-3 CYZ52/EXZ52 Diesel,1,5106,Diesel,8981387893,Хабаровск
2025-09-18 15:00:06,Накладка бампера угловая металлическая правая 8-98138-788-3 CYZ52/EXZ52 Diesel,1,5102,Diesel,8981387883,Хабаровск
2025-09-18 15:00:06,Накладка тормозная K2G27A / 58305-45A30 / 58144-45A60 85mm HD72 (компл. 4шт. с заклепками(40шт),28,1638,Noname,58144-45A60,Хабаровск
2025-09-18 15:00:06,Накладка тормозная T320-1003 / 5-87870-028-0  100*11.0-312  Isuzu NPR66/70/71,18,2105,IBK,T320-1003,Хабаровск
2025-09-18 15:00:06,Накладка тормозная T320-1100 / 1-47125-035-0  110*11.8-310 Isuzu FSR113,20,2782,CBK,T320-1100,Хабаровск
2025-09-18 15:00:06,"Накладка тормозная T320-1104  CANTER/TITAN 320 - 120 X 11,0 - 307",3,2365,IBK,T320-1104,Хабаровск
2025-09-18 15:00:06,Накладка тормозная T320-1201 / 1-47125-339-0  120*12.8-308  Isuzu FSR113,12,3343,CBK,T320-1201,Хабаровск
2025-09-18 15:00:06,Накладка тормозная T320-1207/5-87831-692-0 120*11*331/308  4A320-120F3 Богдан/NPR/NQR75/71 перед/зад,31,3627,CBK,T320-1350,Хабаровск
2025-09-18 15:00:06,Накладка тормозная T320-1300 / 44066-Z5626  130*11.5-143  6*12  AF325  MITSUBISHI FK 102,3,2891,CBK,T320-1300,Хабаровск
2025-09-18 15:00:06,Накладка тормозная T320-1450 / 1-47125-296-0  6*12  Isuzu FR#,38,3844,CBK,T320-1450,Хабаровск
2025-09-18 15:00:06,Накладка тормозная T320-758A / Z3206-758 / 205K Mitsubishi Canter,4,1772,IBK,T320-758A,Хабаровск
2025-09-18 15:00:06,Накладка тормозная T406-2030 / 47441-1670  203*15.3-195  6*16/AF248  HINO ZM440 ,18,6989,CBK,T406-2030,Хабаровск
2025-09-18 15:00:06,Накладка тормозная T410-1400 / 1-88302-855-0  140*15.8-191  4401  Isuzu  51K,16,5533,CBK,T410-1400,Хабаровск
2025-09-18 15:00:06,"Накладка тормозная T410-1790/91/80/81/Z4104-1790/178*14,5*210/194 прицеп !",10,7070,IBK,T410-1790,Хабаровск
2025-09-18 15:00:06,Накладка тормозная T410-1801 / 1-88302-879-0  180*15.8-191  4401  Isuzu  51K,4,6042,CBK,T410-1801,Хабаровск
2025-09-18 15:00:06,Накладка тормозная T410-2204 / 1-88302-951-0  220*15.8-191  4204  Isuzu  51L,10,8656,CBK,T410-2204,Хабаровск
2025-09-18 15:00:06,Накладка тормозная T410-2205 / MC832472 / MC895872 220*15.5-192 6205R   MITSUBISHI FV515,4,8783,CBK,T410-2205,Хабаровск
2025-09-18 15:00:06,Накладка тормозная T410-2208 /Z4104-2208 1-88310-775-0 (заклепки в комплекте) HINO NEW,20,8988,CBK,410-2208,Хабаровск
2025-09-18 15:00:06,Накладка тормозная T410-2228/Z4104-2228 /1-47126-669-0/-670-0 220*16.0-191 CX#/CY#/EX#,1,9720,CBK,410-2228,Хабаровск
2025-09-18 15:00:06,"Накладка тормозная Хино 500 перед T370-1201/T370-1202/Z3706-1201/Z3706-1202/ 120*15,0/14,0*185",2,3512,CBK,T370-1201,Хабаровск
2025-09-18 15:00:06,Накладка тормозная Хино 700 задние T406-2160 / 47441-5350  216*15.3-195 6*16/ML/27/1,10,9418,CBK,406-2160,Хабаровск
2025-09-18 15:00:06,Накладка тормозная Хино 700 перед T406-1521 / 47441-6330  152*15.3-195 8521F,10,6415,CBK,T406-1521,Хабаровск
2025-09-18 15:00:06,Накладки тормозные 1-88310-839-0  FR/RR  FSR90 ORIG,3,24087,Isuzu,1-88310-839-0,Хабаровск
2025-09-18 15:00:06,Наконечник кулисы 1-09760-125-0 12mm x 10mm  Diesel,2,581,Diesel,1-09760-125-0,Хабаровск
2025-09-18 15:00:06,Наконечник рулевой 8-98096-753-0 /8-98228-106-0 ORIG,2,31247,Isuzu,8980967530,Хабаровск
2025-09-18 15:00:06,Наконечник рулевой Hino 45420-1600 / 23-478-5  L  SW,4,5439,Samwoo,SW234785,Хабаровск
2025-09-18 15:00:06,Наконечник рулевой R  1-43150-801-0  Diesel,4,3943,Diesel,1431508010,Хабаровск
2025-09-18 15:00:06,Наконечник рулевой тяги HIN 45046-37133 RH Hino 300 E4  CH !,2,5924,Chase,45046-37133,Хабаровск
2025-09-18 15:00:06,"Наконечник рулевой тяги HIN 45046-39795 HINO 300 E3/DYNA WU410, BZU410, XZU400 '06~  Y",8,2242,Yamasida,45046-39795,Хабаровск
2025-09-18 15:00:06,Наконечник рулевой тяги HIN 45047-37103 LH Hino 300 E4  CH !,2,4491,Chase,45047-37103,Хабаровск
2025-09-18 15:00:06,Наконечник рулевой тяги HIN 45047-39475 HINO 300 E3/ DYNA BU410 '04~  CH !,2,3614,Chase,45047-39475,Хабаровск
2025-09-18 15:00:06,"Наконечник рулевой тяги HIN 45047-39515 HINO 300 E3/ DYNA WU410, BZU410, XZU400 '06~ Y",1,2242,Yamasida,45047-39515,Хабаровск
2025-09-18 15:00:06,Наконечник рулевой тяги HIN S4540-E0170/E0150 HINO 500 FD8/GD8/GH8  RH  CH,2,9036,Chase,S4540-E0170,Хабаровск
2025-09-18 15:00:06,Наконечник рулевой тяги HIN S4550-E0170/E0150 HINO 500 FD8/GD8/GH8  LH  Y,5,6916,Yamasida,S4550-E0170,Хабаровск
2025-09-18 15:00:06,Наконечник рулевой тяги HIN S4550-E0170/E0150/45430-1740 HINO 500 FD8/GD8/GH8  LH Diesel,1,4292,Diesel,S4550-E0170,Хабаровск
2025-09-18 15:00:06,Наконечник рулевой тяги HYUNDAI 56880-45000  MIGHTY D6 3Ton  HD 65/72  98~  CH !,2,1356,Chase,56880-45000,Хабаровск
2025-09-18 15:00:06,Наконечник рулевой тяги HYUNDAI 56880-5H000  HD65/72/MIGHTY 98~ RH  CH,2,3014,Chase,56880-5H000,Хабаровск
2025-09-18 15:00:06,"Наконечник рулевой тяги HYUNDAI 56880-5K000  HD65,72,78,120 LH  CH",1,3948,Chase,56880-5K000,Хабаровск
2025-09-18 15:00:06,Наконечник рулевой тяги HYUNDAI 56890-45000  MIGHTY D6 3Ton  HD 65/73  98~  CH !,2,1292,Chase,56890-45000,Хабаровск
2025-09-18 15:00:06,Наконечник рулевой тяги HYUNDAI 56890-5H000  HD65/72/MIGHTY Ⅱ '98~ LH  CH,4,2446,Chase,56890-5H000,Хабаровск
2025-09-18 15:00:06,"Наконечник рулевой тяги ISU 1-43150-678-2/1-43150-348-0  FTR, FVR '96~ , FSR33, FRR  CH !",2,7770,Chase,1-43150-678-2,Хабаровск
2025-09-18 15:00:06,Наконечник рулевой тяги ISU 1-43150-875-0 FORWARD/FRS.GSR.FSD.FRR.FTR.FSR-S/'04~  R      CH,2,3667,Chase,1-43150-875-0,Хабаровск
2025-09-18 15:00:06,Наконечник рулевой тяги ISU 1-43150-875-0 FORWARD/FRS.GSR.FSD.FRR.FTR.FSR-S/'04~  R     (K),8,1633,Noname,1-43150-875-0,Хабаровск
2025-09-18 15:00:06,Наконечник рулевой тяги MMC MK363168 FB50#/FD50#  (тавотница справа) Y,3,1501,Yamasida,MK363168,Хабаровск
2025-09-18 15:00:06,"Наконечник рулевой тяги MMC MK363170 L  CANTER, ROSA 4D32 98~  Y",5,2332,Yamasida,MK363170,Хабаровск
2025-09-18 15:00:06,"Наконечник рулевой тяги MMC MK363171 R  CANTER, ROSA 4D32 98~   Y",6,1750,Yamasida,MK363171,Хабаровск
2025-09-18 15:00:06,Наконечник рулевой тяги NIS 48570-Z5008 UD MK210/250 `93~`97  CH,1,5206,Chase,48570-Z5008,Хабаровск
2025-09-18 15:00:06,Наконечник тяги  45430-2060 /S4543-02060/45430-1590 HINO FD1#/FD2#/FD3# LH HINO 500  Y,5,3229,Yamasida,45430-2060,Хабаровск
2025-09-18 15:00:06,Наконечник тяги  8-97039-463-0 L  ISUZU NKR 93~   Y,3,1440,Yamasida,8-97039-463-0,Хабаровск
2025-09-18 15:00:06,Наконечник тяги  MB563774/MK997629  Fuso Canter FE6#/83  Y,1,1432,Yamasida,MB563774,Хабаровск
2025-09-18 15:00:06,Наконечник тяги 45046-37133 HINO 300 E4  Y !,2,4146,Yamasida,45046-37133,Хабаровск
2025-09-18 15:00:06,Наконечник тяги 48571-Z5008 NISSAN UD MK210/250 `93~`97  Y,1,4176,Yamasida,48571-Z5008,Хабаровск
2025-09-18 15:00:06,Наконечник тяги L 8-98228-101-0/1-43150-857-0 C/E series (K),1,3978,Noname,8-98228-101-0,Хабаровск
2025-09-18 15:00:06,Наконечник тяги L 8-98228-101-0/1-43150-857-0 C/E series Diesel,16,5961,Diesel,8-98228-101-0,Хабаровск
2025-09-18 15:00:06,Наконечник тяги MK309710/MK997509/MC891911/MK996333/MC837948/MC891396 MMC FE53E/71B  Y,5,1687,Yamasida,MK309710,Хабаровск
2025-09-18 15:00:06,Наконечник тяги R 8-98228-100-0/1-43150-856-0 C/E series Diesel,8,5961,Diesel,8-98228-100-0,Хабаровск
2025-09-18 15:00:06,Наконечник тяги S4542-02060/45420-2060/45420-1590  HINO FD1#/FD2#/FD3# RH HINO 500 Y,5,3236,Yamasida,S4542-02060,Хабаровск
2025-09-18 15:00:06,Насос водяной (помпа) 4HK1 5-87610-089-0 / 8-97363-478-0 NQR90/FSR90/NPR75/NQR75,10,3462,Noname,5876100890,Хабаровск
2025-09-18 15:00:06,Насос водяной (помпа) 6M60/6M61/6D17 ME995446/ME993767/ME995586/ME995293/ME075132 FUSO,1,12043,Noname,ME075132,Хабаровск
2025-09-18 15:00:06,Насос водяной (помпа) EF750 16100-2393 HINO,2,25561,Noname,16100-2393,Хабаровск
2025-09-18 15:00:06,Насос водяной (помпа) N04C 16100-E0042 / 16100-78170 HINO300 E-3/4 Diesel,5,5526,Diesel,16100E0042,Хабаровск
2025-09-18 15:00:06,Насос масляный 8-94395-564-0/3 / L210-0005M 6HE1/6HH1/6HK1 ISUZU,23,5961,Noname,8-94395-564,Хабаровск
2025-09-18 15:00:06,Насос масляный двигателя 8-98017-585-1/8-97147-338-4 4HG1/4HK1 NPR/NQR71/75/90/FSR90 ISUZU Diesel,1,6200,Diesel,8-97147-338-3,Хабаровск
2025-09-18 15:00:06,"Насос топливный высокого давления ТНВД 8-97306-044-9/9729400-003  4HK1 N,F-series E-3 ORIG",1,167886,Isuzu,8973060449,Хабаровск
2025-09-18 15:00:06,Насос топливный высокого давления ТНВД 8-97381-555-3/6 / 9729400-120  4JJ1 NLR85/NMR85 ORIG,2,211264,Isuzu,8973815553,Хабаровск
2025-09-18 15:00:06,Насос топливный высокого давления ТНВД 8-97386-557-3/6 4HK1T NPR75/FSR90/NQR90 Е-3/4 ORIG,1,171125,Isuzu,8973865573,Хабаровск
2025-09-18 15:00:06,Ограничитель рессоры FK-015 /FLB-015/MC420092 / MC091466 FUSO/FUSO CANTER  PM,2,3505,Paul Master,FLB-015,Хабаровск
2025-09-18 15:00:06,Опора шаровая 8-97021-753-1 ORIG,4,6455,Isuzu,8-97021-753-1,Хабаровск
2025-09-18 15:00:06,Отбойник задней рессоры 8-94379-470-0 NQR71/75 Diesel,10,939,Diesel,8-94379-470-1,Хабаровск
2025-09-18 15:00:06,Отбойник задней рессоры MK312509 / MB161440 MMC FUSO CANTER FE7/FE8  TZG,4,1369,TZG,MK312509,Хабаровск
2025-09-18 15:00:06,Отбойник рессоры  SHN-5159 48331-1040-S Schmaco,2,602,Schmaco,SHN-5159,Хабаровск
2025-09-18 15:00:06,Отбойник рессоры 8-98335-039-0/8-94119-958-0/8-97254-387-0/IC-5190 ELF NKR/NPR ORIG,1,1813,Isuzu,8-98335-039-0,Хабаровск
2025-09-18 15:00:06,Палец FR рессоры передний 8-97360-110-0/1 / 8-97076-850-1 NPR75/NQR90/NQR75  Diesel,180,413,Diesel,8973601100,Хабаровск
2025-09-18 15:00:06,Палец FR рессоры передний 8-97360-110-0/1 / 8-97076-850-1 NPR75/NQR90/NQR75 Diesel,10,357,Diesel,8973601100,Хабаровск
2025-09-18 15:00:06,Палец полурессоры 0334105030SKV / 03.341.05.03.0 BPW М30х200/40 мм ,1,1025,SKV,0334105030SKV,Хабаровск
2025-09-18 15:00:06,Палец рессор FR FR конец HINO300/500 48423-1640/48423-2430 (25*105*129 )  SKV,186,395,SKV,48423-1640,Хабаровск
2025-09-18 15:00:06,Палец рессор FR RR конец HINO500 10T 48423-E0060 (30*157)   SKV,12,464,SKV,48423-E0060,Хабаровск
2025-09-18 15:00:06,Палец рессор FUSO 10T перед  MC031391 MK300384 (32*152)  SKV,29,512,SKV,MC031391,Хабаровск
2025-09-18 15:00:06,Палец рессор FUSO 5T зад со съемником  MC035277 (28*120)  SKV,128,421,SKV,MC035277,Хабаровск
2025-09-18 15:00:06,Палец рессор FUSO 5T перед со съемником  MC092193 (28*92*124)  SKV,50,395,SKV,MC092193,Хабаровск
2025-09-18 15:00:06,Палец рессор FUSO перед  MC092652/SP38 (28*112)  SKV,36,318,SKV,MC092652,Хабаровск
2025-09-18 15:00:06,Палец рессор HINO 7-8t перед  48423-1561 (30*120*145)  SKV,42,488,SKV,48423-1561,Хабаровск
2025-09-18 15:00:06,Палец рессор HINO500/HINO 5t зад  48423-1320 (30*123)  SKV,50,426,SKV,48423-1320,Хабаровск
2025-09-18 15:00:06,Палец рессор ISUZU FORWARD 5t перед  1-51161-004-1 (25*90*119)  SKV,6,337,SKV,1-51161-004-1,Хабаровск
2025-09-18 15:00:06,Палец рессор NISSAN 10T перед  54215-00Z00 / 55224-Z5001/SP35  (30*142)  SKV,30,360,SKV,54215-00Z00,Хабаровск
2025-09-18 15:00:06,Панель кабины угловая левая белая 8-97409-902-4 FVR34 ORIG,1,12823,Isuzu,8974099024,Хабаровск
2025-09-18 15:00:06,Патрубок радиатора верхний 8-97128-673-0 / 4HG1/ 4HF1  Diesel,7,784,Diesel,8-97128-673-0,Хабаровск
2025-09-18 15:00:06,ПГУ сцепления 8-97162-962-1 Y,1,9930,Yamasida,8-97162-962-1,Хабаровск
2025-09-18 15:00:06,ПГУ тормоза HDA-017 / 1-47800-454-2 короткий  ISUZU CXM/CXZ 90~ LHD CVR HD,2,13060,HD,HDA-017,Хабаровск
2025-09-18 15:00:06,Переключатель подрулевой  8-97383-517-0 / 8-97287-882-2/NQR71/75 Diesel,3,4619,Diesel,8-97383-517-0,Хабаровск
2025-09-18 15:00:06,Переключатель подрулевой 8-98073-850-0/8-98243-757-0 NPR75 NLR85 ORIG,1,22284,Isuzu,8-98243-757-0,Хабаровск
2025-09-18 15:00:06,"Повторитель в бампер правый, перед 1-82210-259-1/0 CXZ51KEXZ51KCYZ51KCYZ51L 6WF1 Diesel",15,1161,Diesel,1-82210-259-0,Хабаровск
2025-09-18 15:00:06,"Повторитель в бампер, перед 1-82210-203-0/1  CXZ81K 10PE1 LH Diesel",6,907,Diesel,1-82210-203-0,Хабаровск
2025-09-18 15:00:06,Повторитель на дверь LH 1-82213-021-0/228-1 CXZ51KEXZ51KCYZ51KCYZ51LCXZ81K 6WF1.10PE1 Diesel,1,811,Diesel,1822130210/2281,Хабаровск
2025-09-18 15:00:06,Повторитель на дверь LH 1-82213-021-0/228-1 CXZ51KEXZ51KCYZ51KCYZ51LCXZ81K 6WF1.10PE1. Diesel,2,843,Diesel,1-82213-021-0,Хабаровск
2025-09-18 15:00:06,Повторитель на дверь RH  1-82213-020-0/227-1 CXZ51KEXZ51KCYZ51KCYZ51LCXZ81K 6WF1.10PE1 Diesel,2,843,Diesel,1-82213-020-0,Хабаровск
2025-09-18 15:00:06,Повторитель на дверь RH 1-82213-020-0/227-1 CXZ51KEXZ51KCYZ51KCYZ51LCXZ81K 6WF1.10PE1 Diesel,1,811,Diesel,1822130200/2271,Хабаровск
2025-09-18 15:00:06,Повторитель поворотов (на двери) правый 8-97410-180-4/2/3 NPR75/NLR85/NMR85/NQR90/FSR90  Diesel,18,750,Diesel,8-97410-180-4,Хабаровск
2025-09-18 15:00:06,Повторитель поворотов (на двери) правый 8-97410-180-4/2/3 NPR75/NLR85/NMR85/NQR90/FSR90 Diesel,16,1001,Diesel,8-97410-180-4,Хабаровск
2025-09-18 15:00:06,Подвесной подшипник Isuzu Truck 5-37516-006-0 TZG !,7,2968,TZG,5-37516-006-0,Хабаровск
2025-09-18 15:00:06,Подножка пластиковая  IZNR05019/8-97853-583-7/8-97892-965-0 R ISUZU ELF NKR/NPR 2004~ Diesel,2,930,Diesel,8978535837,Хабаровск
2025-09-18 15:00:06,Подножка пластиковая IZNR05019/8-97853-583-7/8-97892-965-0 R ISUZU ELF NKR/NPR 2004~ Diesel,2,931,Diesel,8-97853-583-7,Хабаровск
2025-09-18 15:00:06,Подножка пластиковая IZNR05020/8-97853-584-7 L  ISUZU ELF NKR/NPR 2004~ Diesel,3,968,Diesel,8-97853-584-7,Хабаровск
2025-09-18 15:00:06,Подножка пластиковая IZNR05020/8-97853-584-7 L ISUZU ELF NKR/NPR 2004~ Diesel,1,927,Diesel,8978535847,Хабаровск
2025-09-18 15:00:06,Подушка двигателя   ME061703 / 31214-02502  8DC# перед  TZG !,3,1615,TZG,TM-013,Хабаровск
2025-09-18 15:00:06,Подушка двигателя  8-97122-890-1 4HF1/4HG1/4HJ1  TZG,2,2446,TZG,8-97122-890-1,Хабаровск
2025-09-18 15:00:06,Подушка двигателя  8-97161-494-0  4HF1/4HG1/4HJ1 перед    TZG ,2,1531,TZG,8-97161-494-0,Хабаровск
2025-09-18 15:00:06,Подушка двигателя 6HH1 1-53215-172-0/IZ-1555 Diesel,2,3550,Diesel,1532151720,Хабаровск
2025-09-18 15:00:06,Подушка двигателя 6HH1/6HE1/6HK1 1-53225-314-1/0 LH ISUZU FR#/FT#/FS# 94~   TZG,8,4384,TZG,1-53225-314-1/0,Хабаровск
2025-09-18 15:00:06,Подушка двигателя J05C/W04D  12361-78110 HINO/T- DYNA BU303/343/WU300  02~ TZG !,2,1502,TZG,TT-049,Хабаровск
2025-09-18 15:00:06,Подушка двигателя SHT-1565 8-97120-497-1-S Schmaco !,9,2562,Schmaco,SHT-1565,Хабаровск
2025-09-18 15:00:06,Подушка двигателя SHT-1566 8-97120-498-1-S Schmaco !,9,2562,Schmaco,SHT-1566,Хабаровск
2025-09-18 15:00:06,Подушка двигателя SIZ-1696 8-97187-416-0-S  Schmaco,2,2523,Schmaco,SIZ-1696,Хабаровск
2025-09-18 15:00:06,Подушка двигателя перед 8-98203-633-0/8-97387-250-2  ISUZU 4HK1-T FR L NQR90 Diesel,2,2671,Diesel,8-98203-633-0,Хабаровск
2025-09-18 15:00:06,Подшипник выжимной  68SCRN48P/F42023JC/BRG892 HINO 300(E-3) RICH !,4,1332,Rich,68SCRN48P,Хабаровск
2025-09-18 15:00:06,"Подшипник выжимной 1-31310-012-0 NPR,NQR75,FSS,FRR,FRD Diesel",11,3321,Diesel,1-31310-012-0,Хабаровск
2025-09-18 15:00:06,"Подшипник выжимной 1-31310-026-0 FSR34,FSR90, FRR/FSR/FTR/ 08~ Diesel",16,5406,Diesel,1-87610-109-0,Хабаровск
2025-09-18 15:00:06,Подшипник выжимной 1-31310-026-0/1-87610-109-0 ISUZU FRR/FSR/FTR/ 08~ SKV ,5,5507,SKV,1-31310-026-0,Хабаровск
2025-09-18 15:00:06,Подшипник выжимной CT5588ARSE/55TMK09-1/90363-63024/31242-1120/1030/1020 RICH !,3,515,Rich,CT5588ARSE,Хабаровск
2025-09-18 15:00:06,Подшипник выжимной в сборе 1-31310-023-0 / 1-87611-004-0 CYZ5 CYZ52 ORIG CHINA,1,18555,Isuzu,1-87611-004-0,Хабаровск
2025-09-18 15:00:06,Подшипник дифференциала 1-09812-225-0 CYZ51/CXZ/EXZ51 (Исузу C-E серия)  Diesel,1,5914,Diesel,1098122250,Хабаровск
2025-09-18 15:00:06,Подшипник КПП первичного вала 8-97253-098-1 MYY5/MYY6 NPR/NQR71/75 ORIG,3,22765,Isuzu,8-97253-098-1,Хабаровск
2025-09-18 15:00:06,Подшипник маховика (опорный коленвала) 8-94392-288-0 FVR34 ORIG,34,1129,Isuzu,8943922880,Хабаровск
2025-09-18 15:00:06,Подшипник подвесной 1-37510-115-0 60 мм CYZ51K/FVR34 Diesel,5,7855,Diesel,1-37510-115-1,Хабаровск
2025-09-18 15:00:06,Подшипник подвесной 49720-6A601  D6DA19 HD120  HYUNDAI GOLD D6GA HD120 SKV,9,2618,SKV,49720-6A601,Хабаровск
2025-09-18 15:00:06,Подшипник подвесной MB000079/MC - 8197-J/MIT.CANTER GUTS Schmaco,5,2181,Schmaco,SMC-8197,Хабаровск
2025-09-18 15:00:06,Подшипник подвесной SIZ-8202 5-37516-006-1-S Schmaco !,9,3255,Schmaco,SIZ-8202,Хабаровск
2025-09-18 15:00:06,Подшипник редуктора 1-09810-182-0 / 183-0 CYZ/EXZ (LHD) Diesel,4,3227,Diesel,1-09810-182-0,Хабаровск
2025-09-18 15:00:06,Подшипник ступицы заднего моста наруж. 9-00093-607-0 NQR90/NPR75/NQR75/NQR71 ORIG,18,4496,Isuzu,9-00093-607-0,Хабаровск
2025-09-18 15:00:06,Подшипник ступицы задней наружный 51703-62010/TR408030 HYUNDAI GOLD D6GA HD120 SKV,16,1109,SKV,TR408030,Хабаровск
2025-09-18 15:00:06,"Подшипник ступицы передней, внутренний  8-98317-461-0/1-09812-231-0 CYZ51/FVR34 ORIG",1,21986,Isuzu,8-98317-461-0,Хабаровск
2025-09-18 15:00:06,"Подшипник ступицы передней, внутренний 8-98171-254-0 NQR71/75/90/NPR75 Diesel",2,1479,Diesel,8-98171-254-0,Хабаровск
2025-09-18 15:00:06,"Подшипник ступицы передней, внутренний 8-98171-254-0 NQR71/75/90/NPR75 ORIG",9,4100,Isuzu,8-98171-254-0,Хабаровск
2025-09-18 15:00:06,"Подшипник ступицы передней, наружний 9-00093-172-0 NQR71/75/90/NPR75 ORIG",4,2627,Isuzu,9-00093-172-0,Хабаровск
2025-09-18 15:00:06,Подшипник ступичный 1-87610-136-0/32218/1-09812-080-0/MS556522/38440-49000/53610-74000 #700  ORIG CHINA,1,10555,Isuzu,1-87610-136-0,Хабаровск
2025-09-18 15:00:06,Подшипник ступичный 1-87610-138-0/32219/MH043014/9884-95102/MS556523 ORIG CHINA,1,11764,Isuzu,1-87610-138-0,Хабаровск
2025-09-18 15:00:06,Подшипник ступичный 32206 J/32206JR/32206/90043-68020/5-09812-025-0/32273-03E00/MH043101 SKV,10,462,SKV,32206,Хабаровск
2025-09-18 15:00:06,Подшипник ступичный 32208 J / 40210-76000 / 8-94248-077 / MS556512 NHR86~ SKV,10,619,SKV,32208,Хабаровск
2025-09-18 15:00:06,Подшипник ступичный 32211/Y7691-57291 SKV,5,1076,SKV,32211,Хабаровск
2025-09-18 15:00:06,Подшипник ступичный задний наружный  HD65/72/78/COUNTY 52703-45010/30211SKV,9,1144,SKV,30211,Хабаровск
2025-09-18 15:00:06,"Подшипник ступичный передний наружний, КПП HINO 300 30207/90366-35004/MB393957 County SKV",4,879,SKV,30207,Хабаровск
2025-09-18 15:00:06,Подшипник хвостовика редуктора 1-09812-073-1/ 1-09812-074-0 CYZ/EXZ (LHD) Diesel,1,7510,Diesel,1-09812-073-0,Хабаровск
2025-09-18 15:00:06,Полувтулка стабилизатора 1-51779-079-0/1 CX#/FR#/FS#FVR34  94~  TZG,1,485,TZG,1-51779-079-0/1,Хабаровск
2025-09-18 15:00:06,Полувтулка стабилизатора 1-51779-079-0/1 ISUZU CX#CY#EX#FVR34 89~ (K),120,463,Noname,1-51779-079-0,Хабаровск
2025-09-18 15:00:06,Помпа 8-94395-656-3/5 ISUZU FR/FS/FT 94~6HE1/6HH1 ,2,17993,Noname,8-94395-656-3,Хабаровск
2025-09-18 15:00:06,Помпа 8-97333-361-0 4HF1 NKR/NPR 99~ Diesel,2,3846,Diesel,8973333610,Хабаровск
2025-09-18 15:00:06,Помпа 8-97602-781-0 Isuzu 6HH1 Diesel,1,12939,Diesel,8-97602-781-0,Хабаровск
2025-09-18 15:00:06,Поршень  ISUZU 4HK1/4HJ1 NPR/NQR/NKR 99.0-  1-12111-454-0  4PCE/SET (без масляной камеры) Mats !,2,20768,Izumi,1-12111-454-0,Хабаровск
2025-09-18 15:00:06,Поршень  ISUZU 6HK1  FRD/FRR/FSD/FSR/FTR 99~  8-97602-801-0 (6 cyl) Mats ,1,66922,Matsuyama,8-97602-801-0,Хабаровск
2025-09-18 15:00:06,Поршень 8-98043-704-0 GRADE=B  4JJ1-TCC NLR/NMR 55/85  08~ Diesel,2,3851,Diesel,8-98043-704-0,Хабаровск
2025-09-18 15:00:06,"Поршневая группа 4HK1-T 5-87814-579-0/5-87814-579-3 OD GRADE=1X,ID GRADE=NON NPR/NQR ORIG",1,41496,Isuzu,5-87814-579-3,Хабаровск
2025-09-18 15:00:06,Пробка моста сливная 8-97307-060-0 NQR71/75 ORIG,20,321,Isuzu,8-97307-060-0,Хабаровск
2025-09-18 15:00:06,Прокладка блока цилиндров пневмокомпрессора верхняя (тип B) 1-19115-012-0 CYZ51  Diesel,1,795,Diesel,1-19115-012-0,Хабаровск
2025-09-18 15:00:06,Прокладка впускного коллектора 8-97312-067-1/8-98063-396-0 4JJ1-TCC NLR/NMR 55/85  08~ Diesel,6,738,Diesel,8-97312-067-1,Хабаровск
2025-09-18 15:00:06,Прокладка впускного коллектора 8-98063-396-0 4JJ1HL,3,415,Huang Lin,8-98063-396-0,Хабаровск
2025-09-18 15:00:06,Прокладка впускного коллектора HINO K13D (на авто- 4шт) 04002-SR  17171-1840  Matto !,7,292,Matto,17171-1840,Хабаровск
2025-09-18 15:00:06,Прокладка впускного коллектора HINO/TOY  J05C/S05C 040230-NA/TOY-S05C-IN Matto !,2,397,Matto,TOY-S05C-IN,Хабаровск
2025-09-18 15:00:06,Прокладка впускного коллектора ISUZU 6BG1 840380-NA/ISU-6BG1-IN Matto,1,416,Matto,ISU-6BG1-IN,Хабаровск
2025-09-18 15:00:06,Прокладка впускного коллектора MMC 6D22T 640730-NA ME150051 Matto !,2,97,Matto,ME150051,Хабаровск
2025-09-18 15:00:06,Прокладка выпускного коллектора 8-98215-752-0/8-97356-028-2 4JJ1-TCC NLR/NMR 55/85  08~ Diesel,2,598,Diesel,8-98215-752-0,Хабаровск
2025-09-18 15:00:06,Прокладка ГБЦ 4HK1-T 8-97375-434-0/8-98245-618-0/8-98244-824-0 T=1.525 1-HOLE FSR90 E4 Diesel,2,3178,Diesel,8-98245-618-0,Хабаровск
2025-09-18 15:00:06,Прокладка ГБЦ 8-97328-867-2 T=1.10  4JJ1-TCC NLR/NMR 55/85  08~ Diesel,3,2214,Diesel,8-97328-867-2,Хабаровск
2025-09-18 15:00:06,Прокладка ГБЦ 8-97601-819-0/5 6HK1-T FVR34 Diesel,3,6437,Diesel,8-97601-819-0,Хабаровск
2025-09-18 15:00:06,Прокладка ГБЦ 8-98291-683-0 4JJ1-T T=1.14 1 метка  NLR/NMR E3/4 ORIG,1,6030,Isuzu,8-98291-683-0,Хабаровск
2025-09-18 15:00:06,Прокладка ГБЦ HINO K13C 11115-2510A Matto,1,2445,Matto,11115-2510A,Хабаровск
2025-09-18 15:00:06,Прокладка ГБЦ HINO P11C 11115-2741  Matto,1,6762,Matto,11115-2741,Хабаровск
2025-09-18 15:00:06,Прокладка ГБЦ HYU D4AL 22311-41000 Matto,1,1511,Matto,22311-41000,Хабаровск
2025-09-18 15:00:06,Прокладка ГБЦ ISUZU 10PD1 1-11141-190-0 Matto,1,2591,Matto,1-11141-190-0,Хабаровск
2025-09-18 15:00:06,Прокладка ГБЦ ISUZU 10PЕ1 1-11141-261-0 Matto,1,5924,Matto,1-11141-261-0,Хабаровск
2025-09-18 15:00:06,"Прокладка ГБЦ ISUZU 4HF1 8-97048-348-0/8-97017-448-0/8-97044-061-0  (2,10mm)  Matto",1,2677,Matto,8-97048-348-0,Хабаровск
2025-09-18 15:00:06,"Прокладка ГБЦ ISUZU 4HF1 8-97105-871-0/8-97107-566-0  (1,7mm)  Matto",2,2943,Matto,5-87105-871-0,Хабаровск
2025-09-18 15:00:06,"Прокладка ГБЦ ISUZU 4HF1 8-97105-872-0/8-97107-567-0  (1,75mm)  Matto",5,2885,Matto,8-97105-872-0,Хабаровск
2025-09-18 15:00:06,"Прокладка ГБЦ ISUZU 4HF1 8-97105-873-0/8-97107-568-0  (1,8mm)  Matto",1,2151,Matto,8-97105-873-0,Хабаровск
2025-09-18 15:00:06,Прокладка ГБЦ ISUZU 4HF1 8-97262-940-1 (1.475mm)  Matto,2,2710,Matto,8-97262-940-1,Хабаровск
2025-09-18 15:00:06,"Прокладка ГБЦ ISUZU 4HG1/4HL1/4HJ1 8-97262-945-1/8-97349-491-0 1,575  Matto",2,1832,Matto,8-97349-491-0,Хабаровск
2025-09-18 15:00:06,"Прокладка ГБЦ ISUZU 4HK1 8-97262-946-0/8-97229-227-0 1,475  Matto",2,3587,Matto,8-97262-946-0,Хабаровск
2025-09-18 15:00:06,"Прокладка ГБЦ ISUZU 4HK1 8-97262-947-0/8-97229-228-0 1,525  Matto",7,3412,Matto,8-97229-228-0,Хабаровск
2025-09-18 15:00:06,Прокладка ГБЦ ISUZU 4HK1 8-97375-433-0  Matto,6,3582,Matto,8-97375-433-0,Хабаровск
2025-09-18 15:00:06,Прокладка ГБЦ ISUZU 4HK1 8-97375-435-0  Matto,3,3109,Matto,8-97375-435-0,Хабаровск
2025-09-18 15:00:06,Прокладка ГБЦ ISUZU 4HK1T 8-98055-541-0  W/KMF+MT T=1.525  HL ,1,4357,Huang Lin,8-98055-541-0,Хабаровск
2025-09-18 15:00:06,Прокладка ГБЦ ISUZU 4HK1T 8-98055-541-0 / 82082-S-V002 Matto,1,3599,Matto,8-98055-541-0,Хабаровск
2025-09-18 15:00:06,"Прокладка ГБЦ ISUZU 4JA1/4JC1 8-94332-327-0/328-0 1,65  Matto",1,1172,Matto,8-94332-327-0,Хабаровск
2025-09-18 15:00:06,Прокладка ГБЦ ISUZU 4JJ1  8-97328-868-2 Matto,3,3302,Matto,8-97328-868-2,Хабаровск
2025-09-18 15:00:06,Прокладка ГБЦ ISUZU 6HK1 8-94392-721-3  W/MT+ASSY  HL,1,5886,Huang Lin,8-94392-721-3,Хабаровск
2025-09-18 15:00:06,Прокладка ГБЦ ISUZU 6HK1/6HL1 8-97605-228-0/8-94390-787-2  Matto,1,6047,Matto,8-97605-228-0,Хабаровск
2025-09-18 15:00:06,Прокладка ГБЦ MMC 4M40  ME200751  Matto,7,1533,Matto,ME200751,Хабаровск
2025-09-18 15:00:06,Прокладка ГБЦ MMC 4M50 ME240778  Matto,1,5138,Matto,ME240778,Хабаровск
2025-09-18 15:00:06,Прокладка ГБЦ MMC 4M50T ME226784 MI   HL,3,4064,Huang Lin,ME226784,Хабаровск
2025-09-18 15:00:06,Прокладка ГБЦ MMC 4M51 ME240707 HGM6524P-1 HL,1,3270,Huang Lin,HGM6524P-2,Хабаровск
2025-09-18 15:00:06,Прокладка ГБЦ MMC 4M51 ME240708 HL,1,3855,Huang Lin,ME240708,Хабаровск
2025-09-18 15:00:06,Прокладка ГБЦ MMC 4M51 ME240708 Matto,1,4274,Matto,ME240708,Хабаровск
2025-09-18 15:00:06,Прокладка крышки клапанов 4JJ1-TCC 8-97945-338-0 NLR/NMR 55/85  08~ Diesel,2,734,Diesel,8-97945-338-0,Хабаровск
2025-09-18 15:00:06,Прокладка под выпускной коллектор HINO K13D/C  24109-1410/ 03002-S Matto  ,4,285,Matto,24109-1410,Хабаровск
2025-09-18 15:00:06,Прокладка под выпускной коллектор MMC 4M40  ME201356/ 63028-S Matto,3,212,Matto,ME201356,Хабаровск
2025-09-18 15:00:06,Пружина U-012 / HUS-012 22341-2310  FN/FP/FR28# FR/FS33 85-91`  PM,2,180,Paul Master,HUS-012,Хабаровск
2025-09-18 15:00:06,Пружина U-014 / FUS-014  ME800517  PM,2,180,Paul Master,FUS-014,Хабаровск
2025-09-18 15:00:06,Пружина Z-005 /HZS-005/47608-1080    PM,2,441,Paul Master,HZS-005,Хабаровск
2025-09-18 15:00:06,Пружина Z-008   / IZS-008 8-97184-358-0 NKR/NPR/NQR/NHR 93~  PM,2,257,Paul Master,IZS-008,Хабаровск
2025-09-18 15:00:06,Пружина кабины 1-09580-537-0 CYZ51K EURO3 6WF1 Diesel,10,2030,Diesel,1095805370,Хабаровск
2025-09-18 15:00:06,Пружина колодки FE-006 / FBS-006  MT324480 FE# BE# PM,2,644,Paul Master,FBS-006,Хабаровск
2025-09-18 15:00:06,Пружина колодки FK-012 / FBS-013F MC821605 FH2# 95-06` FK4#/5#6#/7#   PM,2,644,Paul Master,FBS-013F,Хабаровск
2025-09-18 15:00:06,Пружина колодки IS-014 / IBS-014  5-09583-118-0 NPR/NKR/NKS/NPS 86-05` PM,9,667,Paul Master,IBS-014,Хабаровск
2025-09-18 15:00:06,Пружина колодки IS-018 / IBS-018 1-09583-217-0 FRR/FRD/NRR 85-95`  PM,2,823,Paul Master,IBS-018,Хабаровск
2025-09-18 15:00:06,Пружина колодки IS-041 / IBS-041 / 1-09583-175-0 PM,2,1285,Paul Master,IBS-041,Хабаровск
2025-09-18 15:00:06,Пружина синхронизатора КПП 8-98032-197-0 F-series ORIG,1,179,Isuzu,8-98032-197-0,Хабаровск
2025-09-18 15:00:06,"Пружина стяжная тормозных колодок 8-97022-087-0 NQR71, NQR75, NPR75 ORIG",2,730,Isuzu,8-97022-087-0,Хабаровск
2025-09-18 15:00:06,Р/к насоса ГУР  9344-0330/1-87520-180-0/179-0/1-85574014-1/MC826334/MC813860 XLD,3,1128,XLD,9344-0330,Хабаровск
2025-09-18 15:00:06,"Р/к торм. вала 3604200441SKV / 06369590014S / 81503080006S MAN/MB Actros/Axor, 42x62x20/25 SKV",10,2010,SKV,3604200441SKV,Хабаровск
2025-09-18 15:00:06,"Р/к торм. вала на сторону 0980102130SKV / 09.801.02.13.0 BPW H/K/N Series (SN30/36/42..) 42x46x72,5",10,1410,SKV,0980102130SKV,Хабаровск
2025-09-18 15:00:06,Р/к торм. вала осей ROR  AXL122 SKV / 030204200240 / ASK1122 / 52261 LM/TA/TAC/TE/TM SKV,11,1562,SKV,AXL122SKV,Хабаровск
2025-09-18 15:00:06,Р\к тормозного крана HDE-039 / MC838466  MMC FUSO  HD,2,1023,HD,HDE-039,Хабаровск
2025-09-18 15:00:06,"Рабочий  тормозной цилиндр 8-97358-878-0/270  1-5/16"" ISUZU LHD Rear L  SKV",80,2457,SKV,8-97358-878-0,Хабаровск
2025-09-18 15:00:06,"Рабочий  тормозной цилиндр 8-97358-879-0/272  1-5/16"" ISUZU LHD Rear R  SKV",82,2462,SKV,8-97358-879-0,Хабаровск
2025-09-18 15:00:06,"Рабочий  тормозной цилиндр 8-97358-880-0/271  1-5/16"" ISUZU LHD Rear L  SKV",96,2457,SKV,8-97358-880-0,Хабаровск
2025-09-18 15:00:06,"Рабочий  тормозной цилиндр 8-97358-881-0/273  1-5/16"" ISUZU LHD Rear R  SKV",84,2459,SKV,8-97358-881-0,Хабаровск
2025-09-18 15:00:06,"Рабочий тормозной цилиндр  1-1/16""  8-94131-653-0 R.LH Isuzu NPR Y",1,1851,Yamasida,8941316530,Хабаровск
2025-09-18 15:00:06,"Рабочий тормозной цилиндр  1-1/2""  1-47600-585-0 / 1-47600-950-0 R.RH.F FRR,FSR  Y",1,6603,Yamasida,1-47600-585-0,Хабаровск
2025-09-18 15:00:06,"Рабочий тормозной цилиндр  1-1/2""  47510-1440 F.RH.F   FD11T  2003~Y",1,4542,Yamasida,47510-1440,Хабаровск
2025-09-18 15:00:06,"Рабочий тормозной цилиндр  1-1/2""  47520-1130 F.RH.A   FD11T 2003~",4,4596,Yamasida,47520-1130,Хабаровск
2025-09-18 15:00:06,"Рабочий тормозной цилиндр  1-1/2""  47530-1440  F.LH.F  FD11T  2003~ Y ",4,4828,Yamasida,47530-1440,Хабаровск
2025-09-18 15:00:06,"Рабочий тормозной цилиндр  1-1/2""  47570-1350B  F.LH.F  HINO Y",5,7636,Yamasida,47570-1350B,Хабаровск
2025-09-18 15:00:06,"Рабочий тормозной цилиндр  1-1/2""  47570-1360A R.LH.A FC 8.8T HINO S 1992~ Y",1,6870,Yamasida,47570-1360A,Хабаровск
2025-09-18 15:00:06,Рабочий тормозной цилиндр  1-1/4''  MK356639  R.LH  FE53/63/73C/E/D/FE82/83E/B  FUSO  CANTER NEW  Y,10,6169,Yamasida,MK356639,Хабаровск
2025-09-18 15:00:06,Рабочий тормозной цилиндр  1-1/4''  MK356639 R.LH  FE53/63/73C/E/D/FE82/83E/B  FUSO  CANTER NEW  SKV,20,2975,SKV,MK356639,Хабаровск
2025-09-18 15:00:06,Рабочий тормозной цилиндр  1-1/4''  MK356640  R.RH.F  FE53/63/73#/FE82/83E/B  FUSO CANTER NEW SKV,24,2975,SKV,MK356640,Хабаровск
2025-09-18 15:00:06,Рабочий тормозной цилиндр  1-1/4''  MK356640  R.RH.F  FE53/63/73#/FE82/83E/B  FUSO CANTER NEW Y,2,5983,Yamasida,MK356640,Хабаровск
2025-09-18 15:00:06,Рабочий тормозной цилиндр  1-1/4''  MK356641  R.LH.A  FE53/63/73C/E/D/FE82/83E/B FUSO  CANTER NEW  Y,2,5983,Yamasida,MK356641,Хабаровск
2025-09-18 15:00:06,Рабочий тормозной цилиндр  1-1/4''  MK356642  R.RH  FE53/63/73C/E/D/FE82/83E/B  FUSO  CANTER NEW  Y,10,5274,Yamasida,MK356642,Хабаровск
2025-09-18 15:00:06,Рабочий тормозной цилиндр  1-1/4''  MK356642  R.RH  FE53/63/73C/E/D/FE82/83E/B  FUSO  CANTER NEW SKV,21,2975,SKV,MK356642SKV,Хабаровск
2025-09-18 15:00:06,Рабочий тормозной цилиндр  1-1/4''  MK356643  F.LH.F  FUSO CANTER NEW   Y,10,5481,Yamasida,MK356643,Хабаровск
2025-09-18 15:00:06,Рабочий тормозной цилиндр  1-1/4''  MK356643  F.LH.F  FUSO CANTER NEW S  SKV,2,2820,SKV,MK356643,Хабаровск
2025-09-18 15:00:06,Рабочий тормозной цилиндр  1-1/4''  MK356644  F.RH.F  FUSO CANTER NEW  SKV,6,2829,SKV,MK356644,Хабаровск
2025-09-18 15:00:06,Рабочий тормозной цилиндр  1-1/4''  MK356644  F.RH.F  FUSO CANTER NEW  Y,2,4423,Yamasida,MK356644,Хабаровск
2025-09-18 15:00:06,"Рабочий тормозной цилиндр  1-1/8""  8-97078-616-0  F.RH.A  ELF,NKR,NQR,NPR  1992~97 Y",2,1469,Yamasida,8-97078-616-0,Хабаровск
2025-09-18 15:00:06,"Рабочий тормозной цилиндр  1-1/8""  8-97081-147-0/8-97179-358-0  F.LH Isuzu ELF, NKR, NQR, NPRTURBO Y",3,1824,Yamasida,8970811470,Хабаровск
2025-09-18 15:00:06,"Рабочий тормозной цилиндр  1-1/8""  8-97170-953-0  F.RH  NKR Isuzu  RHD  Y",1,1824,Yamasida,8-97170-953-0,Хабаровск
2025-09-18 15:00:06,"Рабочий тормозной цилиндр  1-1/8""  MC894285 / 112232 R.RH.F  CANTERFB308,409,511,FE635 1992~96 Y",4,3399,Yamasida,MC894285,Хабаровск
2025-09-18 15:00:06,"Рабочий тормозной цилиндр  1-3/16""  8-94414-691-0/ 2 /8-97139-812-0  F.LH  ELF,NKR,NPR Y",3,1507,Yamasida,8-94414-691-2,Хабаровск
2025-09-18 15:00:06,"Рабочий тормозной цилиндр  1-3/16""  8-94414-693-0 / 2 / 8-97139-814-0  R.RH.F  Isuzu ELF,NKR,NPR Y",8,1859,Yamasida,8-94414-693-2,Хабаровск
2025-09-18 15:00:06,"Рабочий тормозной цилиндр  1-3/16""  8-94414-694-0 / 2 / 8-97139-816-0  R.RH.A  Isuzu ELF  Y",2,1793,Yamasida,8-94414-694-2,Хабаровск
2025-09-18 15:00:06,"Рабочий тормозной цилиндр  1-3/16""  8-94414-695-0/ 2 / 8-97139-817-0  R.LH  Isuzu ELF,NKR,NPR Y",2,2163,Yamasida,8944146950,Хабаровск
2025-09-18 15:00:06,"Рабочий тормозной цилиндр  1-3/16""  8-94450-774-2/8-97139-810-0  F.RH  ELF,NKR,NPR Y",4,1454,Yamasida,8-94450-774-2,Хабаровск
2025-09-18 15:00:06,"Рабочий тормозной цилиндр  1-3/16""  8-94450-775-2/8-97139-811-0  F.LH  Isuzu ELF,NKR,NPR",2,1575,Yamasida,8-94450-775-2,Хабаровск
2025-09-18 15:00:06,"Рабочий тормозной цилиндр  1-3/16""  8-97139-825-0  R.LH  ELF,NKR,NQR,NPRTURBO  1992~ Y",1,2215,Yamasida,8971398250,Хабаровск
2025-09-18 15:00:06,"Рабочий тормозной цилиндр  1-3/8""  8-97353-575-0/8-97160-400-0  F.RH  ISUZU   96~  Y ",5,3182,Yamasida,8-97160-400-0,Хабаровск
2025-09-18 15:00:06,"Рабочий тормозной цилиндр  1-3/8""  MC832584 F.LH.F  FK417 1990~  SKV",14,2874,SKV,MC832584,Хабаровск
2025-09-18 15:00:06,"Рабочий тормозной цилиндр  1-3/8""  MC832585 F.LH.A  FK417 1990~  SKV",17,2874,SKV,MC832585,Хабаровск
2025-09-18 15:00:06,"Рабочий тормозной цилиндр  1-3/8""  MC832587/MC812783 F.RH.A  FK417 1990~  с прокачкой SKV",21,2925,SKV,MC832587,Хабаровск
2025-09-18 15:00:06,"Рабочий тормозной цилиндр  1-5/8 "" 47580-1690/S475-801690  HINO500  R. LH  FW1K#, GD8J# 01~ !",2,8495,Yamasida,47580-1690,Хабаровск
2025-09-18 15:00:06,"Рабочий тормозной цилиндр  1-5/8 "" 47580-1730/S475-801730  HINO500  R. LH  FW1K#, GD8J# 01~ Y !",2,8420,Yamasida,47580-1730,Хабаровск
2025-09-18 15:00:06,"Рабочий тормозной цилиндр  1-5/8""  47560-1740 R.RH.A  FD11T  2003~ Y",4,6935,Yamasida,47560-1740,Хабаровск
2025-09-18 15:00:06,"Рабочий тормозной цилиндр  1-7/16""  MC832588 R.L/R.A  FK417 1990~  SKV",10,2659,SKV,MC832588,Хабаровск
2025-09-18 15:00:06,"Рабочий тормозной цилиндр  1-7/16""  MC832589 R.LH.F  FK417 1990~  SKV",15,3028,SKV,MC832589,Хабаровск
2025-09-18 15:00:06,"Рабочий тормозной цилиндр  1-7/16""  MC832590 R.RH.F  FK417 1990~  SKV",15,3028,SKV,MC832590,Хабаровск
2025-09-18 15:00:06,"Рабочий тормозной цилиндр  1""  8-94128-148-3/8-97179-348-0  R.RH.A  ELF3.5T  1994~97 Y",2,1790,Yamasida,8-94128-148-3,Хабаровск
2025-09-18 15:00:06,"Рабочий тормозной цилиндр  1""  8-97078-683-0/8-97139-841-0 R.RH.A ISUZU ELF, NKR, NPR Y",3,1986,Yamasida,8-97078-683-0,Хабаровск
2025-09-18 15:00:06,"Рабочий тормозной цилиндр  1""  8-97078-684-0/8-97139-840-0 R.RH.F ISUZU ELF, NKR, NPR Y",4,1791,Yamasida,8-97078-684-0,Хабаровск
2025-09-18 15:00:06,"Рабочий тормозной цилиндр  1""  8-97349-689-0 R.LH NLR85/NMR85 ORIG",1,12725,Isuzu,8-97349-689-0,Хабаровск
2025-09-18 15:00:06,"Рабочий тормозной цилиндр  1""  8-97349-691-0 R. LH  NKR71/81, NMR85 ORIG",2,12725,Isuzu,8-97349-691-0,Хабаровск
2025-09-18 15:00:06,"Рабочий тормозной цилиндр  13/16""  8-97139-819-0  F.LH.A  ELF  1992~  Y",3,1626,Yamasida,8-97139-819-0,Хабаровск
2025-09-18 15:00:06,Рабочий тормозной цилиндр    58120-45201 LP-5438  HYUNDAI COUNTY/HD45/HD65/HD72/HD78  FRONT BWC Y,200,2580,Yamasida,58120-45201,Хабаровск
2025-09-18 15:00:06,Рабочий тормозной цилиндр  58220-45201 LP-5439  HYUNDAI COUNTY/HD45/HD65/HD72/HD78  FRONT R BWC Y,166,2580,Yamasida,58220-45201,Хабаровск
2025-09-18 15:00:06,Рабочий тормозной цилиндр  58320-45201 LP-5436  HYUNDAI COUNTY/HD45/HD65/HD72/HD78  REAR L BWC Y,248,3522,Yamasida,58320-45201,Хабаровск
2025-09-18 15:00:06,Рабочий тормозной цилиндр  58320-4B820  LH  HYUNDAI PORTER  Y,30,1773,Yamasida,58320-4B820,Хабаровск
2025-09-18 15:00:06,Рабочий тормозной цилиндр  58320-4B820  LH  HYUNDAI PORTER SKV,43,921,SKV,58320-4B820,Хабаровск
2025-09-18 15:00:06,Рабочий тормозной цилиндр  58420-45201 LP-5437  HYUNDAI COUNTY/HD45/HD65/HD72/HD78  REAR R BWC Y,283,3522,Yamasida,58420-45201,Хабаровск
2025-09-18 15:00:06,Рабочий тормозной цилиндр  58420-4B820  RH  HYUNDAI PORTER  Y,15,1689,Yamasida,58420-4B820,Хабаровск
2025-09-18 15:00:06,Рабочий тормозной цилиндр  58420-4B820  RH  HYUNDAI PORTER SKV,39,921,SKV,58420-4B820,Хабаровск
2025-09-18 15:00:06,"Рабочий тормозной цилиндр  7/8""  8-94128-145-1/3  R.RH.A  ISUZU ELF,NHR,NKR 4.8T  Y",3,1965,Yamasida,8-94128-145-1,Хабаровск
2025-09-18 15:00:06,"Рабочий тормозной цилиндр  7/8""  8-94128-146-1/3  R.LH  ISUZU ELF,NHR,NKR 4.8T Y",3,1662,Yamasida,8-94128-146-1,Хабаровск
2025-09-18 15:00:06,"Рабочий тормозной цилиндр  7/8""  8-97179-335-0  R.RH.F  ELF,NHR,NKR  1988~  Y",2,1764,Yamasida,8-97179-335-0,Хабаровск
2025-09-18 15:00:06,Рабочий тормозной цилиндр  8-97122-867-0  ISUZU Y,5,3177,Yamasida,8971228670,Хабаровск
2025-09-18 15:00:06,"Рабочий тормозной цилиндр  8-97147-968-0  R.RH.A  ISUZU ELF,NQR,NPR Y",5,3968,Yamasida,8-97147-968-0,Хабаровск
2025-09-18 15:00:06,"Рабочий тормозной цилиндр  8-97147-969-0  R.LH  ISUZU ELF,NQR,NPR  Y",5,3968,Yamasida,8-97147-969-0,Хабаровск
2025-09-18 15:00:06,Рабочий тормозной цилиндр  8-97358-874-0/276 LP-5325-1 1-3/16 ISUZU LHD Front L без прокачки Y,32,3268,Yamasida,8-97358-874-0,Хабаровск
2025-09-18 15:00:06,"Рабочий тормозной цилиндр  8-97358-875-0 1-3/16"" ISUZU LHD Front R без прокачки SKV",40,2475,SKV,8-97358-875-0,Хабаровск
2025-09-18 15:00:06,"Рабочий тормозной цилиндр  8-97358-875-0 LP-5325-3 1-3/16"" ISUZU LHD Front R Y без прокачки Y",30,3268,Yamasida,8-97358-875-0,Хабаровск
2025-09-18 15:00:06,"Рабочий тормозной цилиндр  8-97358-876-0 1-3/16"" ISUZU LHD front L с прокачкой SKV",45,2340,SKV,8-97358-876-0,Хабаровск
2025-09-18 15:00:06,"Рабочий тормозной цилиндр  8-97358-876-0 LP-5325-2 1-3/16"" ISUZU LHD front L с прокачкой Y",51,3264,Yamasida,8-97358-876-0,Хабаровск
2025-09-18 15:00:06,"Рабочий тормозной цилиндр  8-97358-877-0/277 1-3/16"" ISUZU LHD Front R с прокачкой SKV",42,2475,SKV,8-97358-877-0,Хабаровск
2025-09-18 15:00:06,"Рабочий тормозной цилиндр  8-97358-877-0/277 LP-5325-4 1-3/16"" ISUZU LHD Front R с прокачкой Y",37,3268,Yamasida,8-97358-877-0,Хабаровск
2025-09-18 15:00:06,"Рабочий тормозной цилиндр  8-97358-878-0/270 LP-5325-5 1-5/16"" ISUZU LHD Rear L  без прокачки  Y",70,3675,Yamasida,8-97358-878-0,Хабаровск
2025-09-18 15:00:06,"Рабочий тормозной цилиндр  8-97358-879-0/272  LP-5325-7 1-5/16"" ISUZU LHD Rear R без прокачки Y",80,3675,Yamasida,8-97358-879-0,Хабаровск
2025-09-18 15:00:06,"Рабочий тормозной цилиндр  8-97358-880-0/271 LP-5325-6 1-5/16"" ISUZU LHD Rear L с прокачкой Y",20,3675,Yamasida,8-97358-880-0,Хабаровск
2025-09-18 15:00:06,"Рабочий тормозной цилиндр  8-97358-881-0/273 LP-5325-8 1-5/16"" ISUZU LHD Rear R с прокачкой Y",80,3715,Yamasida,8-97358-881-0,Хабаровск
2025-09-18 15:00:06,Рабочий тормозной цилиндр  LP-5488  58320-5H601 HYUNDAI COUNTY/HD45/HD65/HD72/HD78  REAR L BWC Y,6,6322,Yamasida,58320-5H601,Хабаровск
2025-09-18 15:00:06,Рабочий тормозной цилиндр  LP-5489  58420-5H601 HYUNDAI COUNTY/HD45/HD65/HD72/HD78  REAR R BWC Y,6,6373,Yamasida,58420-5H601,Хабаровск
2025-09-18 15:00:06,Рабочий тормозной цилиндр  LP-5490  58350-5H601 HYUNDAI COUNTY/HD45/HD65/HD72/HD78  REAR L BWC Y,10,6322,Yamasida,58350-5H601,Хабаровск
2025-09-18 15:00:06,Рабочий тормозной цилиндр  LP-5491  58450-5H601 HYUNDAI COUNTY/HD45/HD65/HD72/HD78  REAR R BWC Y,10,6373,Yamasida,58450-5H601,Хабаровск
2025-09-18 15:00:06,Рабочий тормозной цилиндр  LP-5492  58130-5K000 HYUNDAI COUNTY/HD45/HD65/HD72/HD78  FRONT L BWC Y,12,5464,Yamasida,58130-5K000,Хабаровск
2025-09-18 15:00:06,Рабочий тормозной цилиндр  LP-5493  58230-5K000 HYUNDAI COUNTY/HD45/HD65/HD72/HD78  FRONT L BWC Y,8,5419,Yamasida,58230-5K000,Хабаровск
2025-09-18 15:00:06,Рабочий тормозной цилиндр  LP-5494  58220-5K000 HYUNDAI COUNTY/HD45/HD65/HD72/HD78  FRONT BWC Y,13,5464,Yamasida,58220-5K000,Хабаровск
2025-09-18 15:00:06,Рабочий тормозной цилиндр  LP-5495  58120-5K000 HYUNDAI COUNTY/HD45/HD65/HD72/HD78  FRONT BWC Y,8,5419,Yamasida,58120-5K000,Хабаровск
2025-09-18 15:00:06,Рабочий тормозной цилиндр 1-47601-010-1  FSR90 ORIG,1,21437,Isuzu,1-47601-010-1,Хабаровск
2025-09-18 15:00:06,Рабочий тормозной цилиндр 1-47601-011-1  FSR90 ORIG,2,21359,Isuzu,1-47601-011-1,Хабаровск
2025-09-18 15:00:06,Рабочий тормозной цилиндр 1-47601-134-0  FSR90 ORIG,1,18341,Isuzu,1-47601-134-0,Хабаровск
2025-09-18 15:00:06,Рабочий тормозной цилиндр 58220-45201 HYUNDAI COUNTY/HD45/HD65/HD72/HD78  FRONT R SKV,48,2244,SKV,58220-45201,Хабаровск
2025-09-18 15:00:06,Рабочий тормозной цилиндр 58330-62004 HYUNDAI HD120 RR LH SKV,1,2446,SKV,58330-62004,Хабаровск
2025-09-18 15:00:06,Рабочий тормозной цилиндр 8-98081-327-0  FR LH NMR85 ORIG,1,8725,Isuzu,8980813270,Хабаровск
2025-09-18 15:00:06,"Рабочий цилиндр сцепления  1-1/16""  8-97047-972-0/8-97212-011-0 ISUZU NHR 93- Y",1,1623,Yamasida,8-97047-972-0,Хабаровск
2025-09-18 15:00:06,"Рабочий цилиндр сцепления  1-1/16""  8-97160-881-0  ELF,NHR,NKR,NPR,NQR  1996~  Y",1,2657,Yamasida,8-97160-881-0,Хабаровск
2025-09-18 15:00:06,"Рабочий цилиндр сцепления  1""  8-97039-709-0  ELF,NPR,NQR8.7T  1998~   Y",5,1811,Yamasida,8-97039-709-0,Хабаровск
2025-09-18 15:00:06,Рабочий цилиндр сцепления  31470-1142 HINO  FD16#16T#  FD17#  84.06-90.04   Y,10,1469,Yamasida,31470-1142,Хабаровск
2025-09-18 15:00:06,"Рабочий цилиндр сцепления  7/8""  ME609070  MMC CANTER FE515/FE535/FE539   Y",2,1551,Yamasida,ME609070,Хабаровск
2025-09-18 15:00:06,Рабочий цилиндр сцепления 41700-5H000 LP-5599 HYUNDAI HD65/HD72/HD78 Y,65,1629,Yamasida,41700-5H000,Хабаровск
2025-09-18 15:00:06,Рабочий цилиндр сцепления 41700-5H100 LP-5600 HYUNDAI HD65/HD72/HD78 Y,10,1811,Yamasida,41700-5H100,Хабаровск
2025-09-18 15:00:06,Рабочий цилиндр сцепления 41700-5K500 LP-5601 HYUNDAI HD65/HD72/HD78  Y,37,1969,Yamasida,41700-5K500,Хабаровск
2025-09-18 15:00:06,Рабочий цилиндр сцепления 41700-5K500 LP-5601 HYUNDAI HD65/HD72/HD78 SKV,9,1570,SKV,41700-5K500,Хабаровск
2025-09-18 15:00:06,Радиатор интеркулера 8-98094-527-1 NMR85 ORIG,1,108148,Isuzu,8-98094-527-1,Хабаровск
2025-09-18 15:00:06,Радиатор основной 13019; 3Sx3213019 type BC 520x466x32/49 ISUZU 8-97166-519-0 / 8-97240-345-0,2,25992,Noname,8-97240-345-0,Хабаровск
2025-09-18 15:00:06,Распылитель MMC 4D56(T)  DN0PDN112/105007-1120 !,4,573,Dicscl Parcs,105007-1120,Хабаровск
2025-09-18 15:00:06,Реле поворота для светодиодов TH-S303L MB302374/066500-1800/MB302381/MB302270 CANTER 6/8T 24V 3P (K),9,336,Noname,MB302374,Хабаровск
2025-09-18 15:00:06,Реле света FUSO 24V 3P TH-R313V MC843786/MC854954 (K),5,305,Noname,MC843786,Хабаровск
2025-09-18 15:00:06,Реле света FUSO 24V 4P TH-R317A MC897148 Y,6,800,Yamasida,MC897148,Хабаровск
2025-09-18 15:00:06,Реле света HINO 24V 4P 20A TH-R706BV 85920-2660/156700-2310 Y,5,510,Yamasida,85920-2660,Хабаровск
2025-09-18 15:00:06,Реле света ISUZU 24V 5P TH-R520/MR82C422/8-97036-359-1 Y,2,1887,Yamasida,TH-R520,Хабаровск
2025-09-18 15:00:06,Реле указателей поворота  HINO  24/6P TH-S309/066500-5490/81980-1930 !,5,2866,Yamasida,066500-5490,Хабаровск
2025-09-18 15:00:06,Реле указателей поворота  HINO/FUSO  24/3P TH-S302/066500-1521/81980-1360/81980/1310/066500-0860 (K),7,369,Noname,066500-1521,Хабаровск
2025-09-18 15:00:06,Реле указателей поворота  MMC CANTER 6.3T 96`  TH-S312 / MC883166 Y,10,2115,Yamasida,MC883166,Хабаровск
2025-09-18 15:00:06,Ремень генератора HINO 300 SZ910-49326/45436/0520131275/0131275SX/541403/13A1275C 13X1275 300 Е- 4,30,260,Auto Belt,SZ91049326,Хабаровск
2025-09-18 15:00:06,Ремень генератора приводной 5-87610-056-0/8-98038-423-0 NPR75 ORIG CHINA,15,2190,Isuzu,5-87610-056-0,Хабаровск
2025-09-18 15:00:06,Ремень генератора приводной 8-98038-423-0  NPR75 ORIG,1,2600,Isuzu,8-98038-423-0,Хабаровск
2025-09-18 15:00:06,Ремень компрессора 0520131500/PR101017/BL13X1500/MPMF6590/VB0802 1500*13*10 HD78/NQR71/75/NPR75 ,2,248,Auto Belt,0520131500,Хабаровск
2025-09-18 15:00:06,Ремень компрессора кондиционера 5-87610-054-0/8-98010-841-1 NPR75/NQR90 ORIG CHINA,1,1570,Isuzu,5876100540,Хабаровск
2025-09-18 15:00:06,Ремень компрессора кондиционера 8-98010-841-1 NPR75/NQR90 ORIG,1,2085,Isuzu,8-98010-841-1,Хабаровск
2025-09-18 15:00:06,Ремень приводной 1-13671-465-1 / 8580 CYZ51K EURO3 6WF1 Diesel,2,1002,Diesel,1-13671-465-1,Хабаровск
2025-09-18 15:00:06,Ремкомплект влагоотделителя KIT 1-85576-161-0 ISUZU CX#/CY#  87~ Diesel,1,2445,Diesel,1855761610,Хабаровск
2025-09-18 15:00:06,"Ремкомплект ГТЦ 8-97129-692-0.K ISUZU  1-1/4""ELF NKR,NPR,NQR 6T~8.5T  1994  ""SY""",2,3757,Yamasida,8-97129-692-0.K,Хабаровск
2025-09-18 15:00:06,"Ремкомплект ГТЦ SK31171 / MB295340 Mitsubishi (CANTER FE3#,4#,FC3#,4#,ROSA SK31171) Y",1,1117,Yamasida,MB295340.K,Хабаровск
2025-09-18 15:00:06,"Ремкомплект ГЦС  3/4""  SK80831 / 31420-1512 Hino  Y",1,606,Yamasida,31420-1512.K,Хабаровск
2025-09-18 15:00:06,"Ремкомплект ГЦС  3/4""  SK83071 / 8-97162-963-0 Isuzu Y",9,677,Yamasida,8-97162-963-0.K,Хабаровск
2025-09-18 15:00:06,Ремкомплект ГЦС  8-97210-748-1 / SK82681  8-98097-694-0  Y,1,784,Yamasida,8-97210-748-1,Хабаровск
2025-09-18 15:00:06,Ремкомплект ГЦС  MC113050/ SK31861  Mitsubishi Y,2,481,Yamasida,MC113050.K,Хабаровск
2025-09-18 15:00:06,"Ремкомплект ГЦС 31420-1810.K 3/4"" HINO FD,FG,GH Y",1,1545,Yamasida,31420-1810.K,Хабаровск
2025-09-18 15:00:06,Ремкомплект ДВС 4HK1-T 5-87817-186-0/5-87817-966-1 T=1.475 NON HOLE NP/NQR E-4 ORIG,1,49490,Isuzu,5878171860,Хабаровск
2025-09-18 15:00:06,Ремкомплект ДВС HINO F20C 04010-0376  Matto,1,20495,Matto,04010-0376,Хабаровск
2025-09-18 15:00:06,Ремкомплект ДВС HINO W04D/E 04010-0341 Matto,1,4115,Matto,04010-0341,Хабаровск
2025-09-18 15:00:06,Ремкомплект ДВС HINO/T-DYNA N04C 04111-78780/04111-80312 W/KMF CH  HL,4,9314,Huang Lin,04111-78780,Хабаровск
2025-09-18 15:00:06,Ремкомплект ДВС HYUNDAI\MMC D4AF 20910-41B20  Matto !,1,2110,Matto,20910-41B20,Хабаровск
2025-09-18 15:00:06,Ремкомплект ДВС HYUNDAI\MMC D4BH 20910-42C00  Matto !,1,2500,Matto,20910-42C00,Хабаровск
2025-09-18 15:00:06,Ремкомплект ДВС ISUZU 4HK1 5-87814-881-0  Matto,1,18395,Matto,5-87814-881-0,Хабаровск
2025-09-18 15:00:06,Ремкомплект ДВС ISUZU 4HK1 5-87815-035-0  W/KMF+MT (1.65)  HL,1,16014,Huang Lin,5-87815-035-0,Хабаровск
2025-09-18 15:00:06,Ремкомплект наконечника поперечной тяги 1-85574-041-0 ISUZU CX#/CY#/CV#/EX#/LV 87~ Diesel,15,589,Diesel,1855740410,Хабаровск
2025-09-18 15:00:06,Ремкомплект осушителя воздуха тормозной системы 8-98226-328-0 FVR34/FSR34 6HK1 ORIG,11,30678,Isuzu,8-98226-328-0,Хабаровск
2025-09-18 15:00:06,Ремкомплект пневмоусилителя  9323-3501/ 1-87520-205-0 / ISU10PC1  XLD,1,1549,XLD,9323-3501,Хабаровск
2025-09-18 15:00:06,Ремкомплект пневмоусилителя  9323-3505/ MC807944 / MMC / ISU FU / FT XLD,7,1615,XLD,9323-3505,Хабаровск
2025-09-18 15:00:06,Ремкомплект РТЦ 8-97358-874-0/8-97358-877-0/8-97358-875-0/SK83111F  ISUZU 1-3/16'' NPR/NQR 02~ Y,8,222,Yamasida,8-97358-874-0.K,Хабаровск
2025-09-18 15:00:06,Ремкомплект РТЦ 8-97358-876-0 ISUZU 1-3/16'' NPR/NQR 02~ Y,10,208,Yamasida,8-97358-876-0.K,Хабаровск
2025-09-18 15:00:06,Ремкомплект РТЦ 8-97358-879-0/8-97358-878-0/8-97358-880-0/SK83611R  ISUZU 1-5/16'' NPR/NQR 02~ Y,10,618,Yamasida,8-97358-879-0.K,Хабаровск
2025-09-18 15:00:06,Ремкомплект РТЦ 8-97358-881-0 /  SK82941R  ISUZU 1-5/16'' NPR/NQR 02~ Y,5,618,Yamasida,8-97358-881-0.K,Хабаровск
2025-09-18 15:00:06,"Ремкомплект РТЦ MC832754.K / SK31751F  MITSUBISHI  1-1/4"" CANTERFE119,449,659  Y",3,336,Yamasida,MC832754.K,Хабаровск
2025-09-18 15:00:06,Ремкомплект тормозной камеры 8-98146-978-0 CYZ/EXZ (LHD) ORIG,1,8864,Isuzu,8-98146-978-0,Хабаровск
2025-09-18 15:00:06,"Ремкомплект тяги 1-85574-041-0 ISUZU GIGA FVZ, FTR  CH",1,853,Chase,1-85574-041-0,Хабаровск
2025-09-18 15:00:06,Ремкомплект шкворневой 5-87832-219-4/5-87832-399-0 (к-т на ось)  NQR90/NPR75 Diesel,11,2354,Diesel,5-87832-399-0,Хабаровск
2025-09-18 15:00:06,Рессора в сборе (с подрес-м) 48210-E0330 18/16/15/13x70  HINO 500 rear (втулки 30-36-68) SKV,2,43479,SKV,48210-E0330,Хабаровск
2025-09-18 15:00:06,Рессора в сборе (с подрес-м) 8-97122-382-0  10/11/8/7*70 Isuzu ELF NPR/NQR  rear (сайлент) SKV,25,30110,SKV,8-97122-382-0,Хабаровск
2025-09-18 15:00:06,Рессора в сборе (с подрес-м) 8-98017-566-1 11/12/13/14*100  Isuzu FVR34 rear (втулка 32*38)  SKV,41,59006,SKV,8980175661,Хабаровск
2025-09-18 15:00:06,Рессора в сборе (с подрес.) 55100-5K500/501 10/11х70 HD65/72/78/MIGHTY 04~ rear (2 вт. 28*34*68) Ychen,24,19531,Ychen,55100-5K500,Хабаровск
2025-09-18 15:00:06,Рессора в сборе (с подрес.) 55100-5K500U усиленная 10/11х70 HD65/72/78 04~ rear (2 вт. 28*34*68) SKV,16,30238,SKV,55100-5K500U,Хабаровск
2025-09-18 15:00:06,Рессора в сборе (с подрес.) 55100-5K500U усиленная 10/11х70 HD65/72/78 04~ rear (2 вт. 28*34*68) Ych,1,19272,Ychen,55100-5K500U,Хабаровск
2025-09-18 15:00:06,Рессора в сборе 48210-3V620  11/70  Hino 300  rear (2 втулки 25-31-68) с подрессорником SKV,4,29819,SKV,48210-3V620,Хабаровск
2025-09-18 15:00:06,Рессора в сборе 54100-5K500  11/10х70 HD45/65/72/78/MIGHTY/HD35/75 04~ front (2 обич + сайлент) SKV,22,14311,SKV,54100-5K500,Хабаровск
2025-09-18 15:00:06,Рессора в сборе 54100-5K500U усиленная  11/10х70 HD65/72/78/MIGHTY 04~ front (2 обич + сайлент) SKV,19,16980,SKV,54100-5K500U,Хабаровск
2025-09-18 15:00:06,Рессора в сборе 54100-5K500U усиленная  11/10х70 HD65/72/78/MIGHTY 04~ front (2 обич + сайлент) Ychen,2,15557,Ychen,541005K500U,Хабаровск
2025-09-18 15:00:06,Рессора в сборе 54110-6A011  11*70  HD120  04~  front  RH (2 втулки 28*34*68/кронштейн+палец) SKV !,4,16398,SKV,54110-6A011,Хабаровск
2025-09-18 15:00:06,Рессора в сборе 55100-4B700  8/7/12х60  HYUNDAI H100 Porter 96~ rear (1 втулка 28*34*58) SKV !,4,6443,SKV,55100-4B700,Хабаровск
2025-09-18 15:00:06,Рессора в сборе 55100-4B700 +  H100 Porter 96~ усиленная (6 листов) rear  (втулка 28*34*58) SKV ,10,9829,SKV,55100-4B700,Хабаровск
2025-09-18 15:00:06,Рессора в сборе 55100-5A300U усиленная (7лист) 11*70 HYUNDAI County 04~rear (2 обич +2 сайлент.) SKV,5,13449,SKV,55100-5A300U,Хабаровск
2025-09-18 15:00:06,Рессора в сборе 8-97033-429-3  11/14*70  Isuzu ELF NPR/NQR 99~  front 3 листа (сайлентблоки) SKV,1,10498,SKV,8-97033-429-3,Хабаровск
2025-09-18 15:00:06,"Рессора в сборе 8-98001-543-1 11/20*70 Isuzu NLR/NMR55/85 08~ rear (сайлент.42*16, обич.43*40) SKV",1,10405,SKV,8-98001-543-1,Хабаровск
2025-09-18 15:00:06,"Рессора в сборе 8-98001-543-1 11/20*70 Isuzu NLR/NMR55/85 08~ rear (сайлент.42*16, обич.43*40) Ychen",19,10131,Ychen,8-98001-543-1,Хабаровск
2025-09-18 15:00:06,Рессора в сборе 8-98159-622-0  35/18*90 Isuzu CYZ52 Rear SKV,12,66640,SKV,8-98159-622-0,Хабаровск
2025-09-18 15:00:06,Рессора в сборе MK470174 11*14*70 FUSO CANTER rear (2 вулки 28-34-68) с подрес-м SKV,5,30575,SKV,MK470174,Хабаровск
2025-09-18 15:00:06,Решетка радиатора 1-71117-252-6  ISUZU Diesel,2,8009,Diesel,1-71117-252-6,Хабаровск
2025-09-18 15:00:06,Решетка радиатора 8-98040-997-6 FVR34 ORIG,2,26677,Isuzu,8-98040-997-6,Хабаровск
2025-09-18 15:00:06,Ручка двери внутренняя левая 8-97852-615-0 NPR/NQR Diesel,1,140,Diesel,8978526150,Хабаровск
2025-09-18 15:00:06,Ручка двери внутренняя левая 8-97852-615-0/8-97866-600-0/1 NPR/NQR Diesel,25,184,Diesel,8978526150,Хабаровск
2025-09-18 15:00:06,Ручка двери внутренняя правая 8-97852-614-0 NPR/NQR Diesel,1,140,Diesel,8978526140,Хабаровск
2025-09-18 15:00:06,Ручка двери внутреняя передняя левая 8-97405-310-0/1 700P 4HK1 NLR85/NMR85/NPR75 Diesel,2,723,Diesel,8974053100/1,Хабаровск
2025-09-18 15:00:06,Ручка двери наружная левая 8-97852-108-5 NQR/NKR Diesel,5,383,Diesel,8-97852-108-5,Хабаровск
2025-09-18 15:00:06,Ручка двери наружная левая 8-97852-108-5/8-97867-722-0/1 NQR/NKR Diesel,20,420,Diesel,8-97852-108-5,Хабаровск
2025-09-18 15:00:06,Ручка двери наружная правая 8-97852-107-5 NQR/NKR Diesel,14,383,Diesel,8-97852-107-5,Хабаровск
2025-09-18 15:00:06,Ручка двери наружная правая 8-97852-107-5/8-97867-721-0/1 NQR/NKR Diesel,10,420,Diesel,8-97867-721-0,Хабаровск
2025-09-18 15:00:06,Ручка двери наружняя передняя левая 8-98037-100-0/2 700P 4HK1 NLR85/NMR85/NPR75  Diesel,10,1109,Diesel,8-98037-100-0,Хабаровск
2025-09-18 15:00:06,"РЦС прокачка с правой стороны F16-646-5/1-31800-160-0/1-31800-262-0/1-31800-322-1 F,N-series",8,7835,Noname,1-31800-262-0,Хабаровск
2025-09-18 15:00:06,Рычаг (поводок) стеклоочистителя правый 8-97226-887-0 NQR75/NQR71 ORIG,1,4090,Isuzu,8-97226-887-0,Хабаровск
2025-09-18 15:00:06,Сайлентблок реактивной тяги 1-51519-113-0/1 / 55542-Z2008 Diesel,2,2110,Diesel,1-51519-113-1,Хабаровск
2025-09-18 15:00:06,Сайлентблок реактивной тяги 1-51519-113-1/0/1-87411-074-2 ORIG CHINA,114,3538,Isuzu,1-87411-074-2,Хабаровск
2025-09-18 15:00:06,"Сайлентблок рессор 8-94118-588-1 / 8-97184-699-1/ IC-02008/SIZ-02008 ELF NKR, NPR",78,337,XLD,8-94118-588-1,Хабаровск
2025-09-18 15:00:06,"Сайлентблок рессор 8-97074-826-0 / IC-02030-M5,  ELF NKR",20,394,XLD,8-97074-826-0,Хабаровск
2025-09-18 15:00:06,Сайлентблок рессор 8-97074-826-0 ELF NKR Diesel,10,346,Diesel,8-97074-826-0,Хабаровск
2025-09-18 15:00:06,"Сайлентблок рессорный 0559-34-330-S / FTD-0297-M5 ,SFD-0297 TITAN (d=16 D=33 L=76) Schmaco",6,393,Schmaco,SFTD-0297,Хабаровск
2025-09-18 15:00:06,"Сайлентблок рессорный 8-94130-354-0/8-97227-996-0 IC-0299-M5, ELF NKR (d=16 D=42 L=81) Diesel",38,326,Diesel,8972279960,Хабаровск
2025-09-18 15:00:06,Сайлентблоки реактивных тяг  TRC 55542-Z2008 / 1-87411-074-2/1-51519-113- 10 т TZG,2,1684,TZG,55542-Z2008,Хабаровск
2025-09-18 15:00:06,Сайлентблоки реактивных тяг TRB-105SK-A 55542-Z2008 / 1-87411-074-2/1-51519-113- 10 т D.BEST JAPAN,19,3519,D.Best,TRB-105SK-A,Хабаровск
2025-09-18 15:00:06,Сальник балансира  165*195*19/21 12857-16700 NBR Y,6,1113,Yamasida,12857-16700,Хабаровск
2025-09-18 15:00:06,Сальник вторичного вала КПП MZZ6U /6-ступ  45*65*10 8-97253-551-1 / I3696 NBR ISUZU  Y !,6,347,Yamasida,8-97253-551-1,Хабаровск
2025-09-18 15:00:06,Сальник генератора 15*32*7.5*9  8-94156-589-0 Isuzu NPR/NQR  Y,6,230,Yamasida,8-94156-589-0,Хабаровск
2025-09-18 15:00:06,Сальник зад. ступицы 75*108*10*15*20  90311-75003 / T1170  DYNA/TOYOACE/HINO  Y,10,741,Yamasida,90311-75003,Хабаровск
2025-09-18 15:00:06,Сальник зад. ступицы внешн. 154*175*12.5/17.5  43090-00Z00 / 9828-01216 Y,14,1557,Yamasida,43090-00Z00,Хабаровск
2025-09-18 15:00:06,Сальник зад. ступицы внешн. 45*53*6.5*8  MH034110  Y,1,154,Yamasida,MH034110,Хабаровск
2025-09-18 15:00:06,Сальник зад. ступицы внешн. 46*94**8/10  8-94336-315-1/2/8-94367-961-1/8-98202-911-0/I3607  Y,22,381,Yamasida,8-94336-315-2,Хабаровск
2025-09-18 15:00:06,Сальник зад. ступицы внешн. 52*112*10.5/15.5  52820-5K300 HD45/65/72/78 04~  SNBR  Y,40,594,Yamasida,52820-5K300,Хабаровск
2025-09-18 15:00:06,Сальник зад. ступицы внешн. 65*77*12  MH034135/F4045 FP/FT/FV/FU4#/5#  Y,25,247,Yamasida,MH034135,Хабаровск
2025-09-18 15:00:06,Сальник зад. ступицы внешн. 66*134*16  9828-66106  Y,5,858,Yamasida,9828-66106,Хабаровск
2025-09-18 15:00:06,"Сальник зад. ступицы внешн. 68*82*7  09061-0001P/N2008 F22,F23  82~  Y",9,315,Yamasida,09061-0001P,Хабаровск
2025-09-18 15:00:06,Сальник зад. ступицы внешн. 76*164*14  9828-76101 / H3059 HINO TRUCK / #700  Y,2,854,Yamasida,9828-76101,Хабаровск
2025-09-18 15:00:06,Сальник зад. ступицы внутр. 154*172*14  MC807438 / F4134  Y,20,781,Yamasida,MC807438,Хабаровск
2025-09-18 15:00:06,"Сальник зад. ступицы внутр. 70*112*10/18.5  MB161152/52810-45000/F4028 Canter(1-1,5t)/County/HD65  Y",5,356,Yamasida,MB161152,Хабаровск
2025-09-18 15:00:06,Сальник зад. ступицы внутр. 78*115*10/20  90311-78001 / T1309 DYNA/TOYOACE/HINO300 Y ,28,625,Yamasida,90311-78001,Хабаровск
2025-09-18 15:00:06,Сальник зад. ступицы внутр. 80*101*10-11  43232-0T000 Y,15,328,Yamasida,43232-0T000,Хабаровск
2025-09-18 15:00:06,Сальник зад. ступицы внутр. 82*121*12/19 8-97122-937-0 NQR71/75 (K),1,194,Noname,8971229370,Хабаровск
2025-09-18 15:00:06,Сальник зад. ступицы внутр. 95*132*12/21.5  1-09625-569-0/I3575 SNBR Y,20,973,Yamasida,1096255690,Хабаровск
2025-09-18 15:00:06,"Сальник зад.ступицы внешн. 46*102*10/16 MB308933 FUSO CANTER FE#/62E,63D/C/EFE7#/FE82C,82D,82E,83C Y",36,372,Yamasida,MB308933,Хабаровск
2025-09-18 15:00:06,Сальник коленвала задний 100*124/13.3  ME240010/BZ4603 CANTER 4D3#/4M40/51 SNBR Y,10,897,Yamasida,ME240010,Хабаровск
2025-09-18 15:00:06,Сальник коленвала задний 100*135*13/17  SZ31101045/90033-19007 J05C/J05S/J06C/J07C/J08C SILICONE Y !,3,2399,Yamasida,SZ31101045,Хабаровск
2025-09-18 15:00:06,Сальник коленвала задний 118*148*20.5 1-09625-557-1/8-97617-309-0 ISUZU  Y ,15,1706,Yamasida,1-09625-557-1,Хабаровск
2025-09-18 15:00:06,Сальник коленвала задний 122*150*12/18  SZ313-01002/98280-1200/BH1566E HINO FN1PWA SILICONE Y !,7,395,Yamasida,SZ31301002,Хабаровск
2025-09-18 15:00:06,Сальник коленвала задний 21127-45001 COUNTY/HD45/65/72/78 Y !,20,964,Yamasida,21127-45001,Хабаровск
2025-09-18 15:00:06,Сальник коленвала коренной 101.57*125*13  SE08-11-399/M4573  SL/HA/VS  Y,3,513,Yamasida,SE08-11-399,Хабаровск
2025-09-18 15:00:06,"Сальник коленвала коренной 106*126*12  9828-01167/SZ311-01020/H3066 EH300,500,700,H06C/H07  Y",18,381,Yamasida,9828-01167,Хабаровск
2025-09-18 15:00:06,Сальник коленвала коренной 108*140*180*17 ME034976  Y,10,816,Yamasida,ME034976,Хабаровск
2025-09-18 15:00:06,Сальник коленвала передний 55*78*10*16.9  ME017208/21321-45001 COUNTY/HD45/65/72/78/CANTER SIL Y,2,532,Yamasida,21321-45001,Хабаровск
2025-09-18 15:00:06,Сальник коленвала передний 58*75*9*14.5 SZ313-58001/9828-58104/H3106 HINO300/DYNA XZU6#7# Y,5,289,Yamasida,SZ313-58001,Хабаровск
2025-09-18 15:00:06,Сальник коленвала передний 75*100*14.5*19.5 ME074755 /F4260 FUSO  Y ,15,710,Yamasida,ME074755,Хабаровск
2025-09-18 15:00:06,Сальник коленвала передний 95*125*13.5*21.5  ME060124  F4198/BZ1335-E0  Y,5,1135,Yamasida,ME060124,Хабаровск
2025-09-18 15:00:06,Сальник коленвала передний 96*131*17.5  SZ311-96004/9828-96109/BZ5221-EO  SILICONE Y,17,2019,Yamasida,SZ311-96004,Хабаровск
2025-09-18 15:00:06,Сальник коренной 111*153*13/15  1-09625-525-2 задний Y,44,1238,Yamasida,1-09625-525-2,Хабаровск
2025-09-18 15:00:06,"Сальник КПП  68*124*11,5/27  1-09625-017-0/I3504  Y !",1,567,Yamasida,1-09625-017-0,Хабаровск
2025-09-18 15:00:06,Сальник КПП 35*48*6.5  90311-35023/T1227 DYNA/TOYOACE/HINO 300 SNBR Y !,4,107,Yamasida,90311-35023,Хабаровск
2025-09-18 15:00:06,Сальник КПП передний  40*56*6.5 1-09625-498-0/I3669 LP-5875 NBR FTR/FVR/FRR/FSR 96~  Y !,8,158,Yamasida,1-09625-498-0,Хабаровск
2025-09-18 15:00:06,Сальник перед. ступицы 130*150*14  MH034092 /F4025 / NJ543  FK#  Y,1,558,Yamasida,MH034092,Хабаровск
2025-09-18 15:00:06,Сальник перед. ступицы 65*93*8.5/18  8-97211-082-0/I3639 Y,20,465,Yamasida,8-97211-082-0,Хабаровск
2025-09-18 15:00:06,Сальник перед. ступицы 72*94*10  51830-45200/MB025295/F4107  FUSO CANTER 2T~ HD72/65/78 SNBR  Y,30,321,Yamasida,MB025295,Хабаровск
2025-09-18 15:00:06,Сальник перед. ступицы 77*102*9.5/21.5  8-94367-959-0  NPR55/NKR66 Y,10,648,Yamasida,8-94367-959-0,Хабаровск
2025-09-18 15:00:06,Сальник перед. ступицы 85*128*11*21  1-09625-129-0/I3592  Y,7,708,Yamasida,1-09625-129-0,Хабаровск
2025-09-18 15:00:06,Сальник передней ступицы (128*144/152.3*11/25.5)  40102103 / 101567 #5443 VITON Iveco Y,1,1308,Yamasida,40102103,Хабаровск
2025-09-18 15:00:06,Сальник хвостовика 80*105*13 MH034228  Y,11,328,Yamasida,MH034228,Хабаровск
2025-09-18 15:00:06,"Сальник хвостовика редуктора 65*114*9*25 SZ310-65001/9828-65127 FQ1#,FW1#,GX7J,GD7J/8J,GK8J #500 Y",13,921,Yamasida,SZ310-65001,Хабаровск
2025-09-18 15:00:06,Сальник хвостовика редуктора SU002-00154 HINO 300/DYNA/TOYOACE BU3#4#/XZU3#4 N04C/W04D/S05C/J05D Y ,8,164,Yamasida,SU002-00154,Хабаровск
2025-09-18 15:00:06,Свеча накала 1-82513-044-3/0 4HF1 6BD1 NKR/NPR/NQR/NKS/CXZ/CYZ/CXY/CYY/FTR/FVZ/ETR/GTR 93~ Diesel,4,702,Diesel,1825130440,Хабаровск
2025-09-18 15:00:06,Свеча накала PI-49 8-94133-759-8/2 4JB1 NKR55 HKT,2,1234,HKT,PI-49,Хабаровск
2025-09-18 15:00:06,Седло впускного клапана 8-98028-874-0 4HK1/6HK1 Diesel,2,598,Diesel,8980288740,Хабаровск
2025-09-18 15:00:06,Сепаратор топливный в сборе  YYZC-F106  900FH-2 с подогревом ,1,11038,YNY,YYZC-F106,Хабаровск
2025-09-18 15:00:06,Сепаратор топливный в сборе  YYZC-F113  600FG,1,7961,YNY,600FG,Хабаровск
2025-09-18 15:00:06,Серьга задней  рессоры MC406261 / MC406262 MMC FUSO FH2# 95-06 FK4#/5#6#/7# Fuso Canter,29,2307,Noname,MC406261,Хабаровск
2025-09-18 15:00:06,Серьга рессоры 1-51162-029-5/4/8-97530-932-0/1-51162-071-0  ISUZU FTR/FTS/FVZ/FVR 05~ Diesel,10,2502,Diesel,1511620294,Хабаровск
2025-09-18 15:00:06,Серьга рессоры ELF NKR R/R 16*16*80 8-94118-511-3 Diesel,6,1395,Diesel,8-94118-511-3,Хабаровск
2025-09-18 15:00:06,Серьга рессоры S-042/ISS-042 8-94113-322-3 ISUZU ELF NKR 4.8t 22*22 R/R  PM,2,1989,Paul Master,ISS-042,Хабаровск
2025-09-18 15:00:06,Серьга рессоры S-055/ HSS-055/ 48038-1040 HINO FD1J# SD/FT17/19# 94~ PM,10,5806,Paul Master,HSS-055,Хабаровск
2025-09-18 15:00:06,Серьга рессоры S-064/FSS-064  MC406261 / MC406262 MMC FUSO FH2# 95-06 FK4#/5#6#/7# PM,2,6138,Paul Master,FSS-064,Хабаровск
2025-09-18 15:00:06,Серьга рессоры передней MB025157 Fuso Canter,51,1472,Noname,MB025157,Хабаровск
2025-09-18 15:00:06,"Сигнал звуковой (высокий тон)  8-98022-022-0 N,F-series ORIG",2,4467,Isuzu,8-98022-022-0,Хабаровск
2025-09-18 15:00:06,"Сигнал звуковой (низкий тон) 8-98022-023-0 N,F-series ORIG",2,4467,Isuzu,8-98022-023-0,Хабаровск
2025-09-18 15:00:06,Стартер HINO H07C/H07D//EH700  24V/11T/4.5KW QDJ2522R YD,4,16572,KPL,QDJ2522R,Хабаровск
2025-09-18 15:00:06,Стартер HINO J08C/J07C/S05C 24V/11T/4.5KW QDJ2539R  YD,2,19607,KPL,QDJ2539R,Хабаровск
2025-09-18 15:00:06,Стартер ISUZU 4HG/4HK/4JJ 8-97323-935-2/8-98222-018-2/QDJ2517 24V/5.0KW/11T NPR Diesel,1,20390,Diesel,8913239352,Хабаровск
2025-09-18 15:00:06,Стартер ISUZU 6HK1 8-98141-206-2/3 HITACHI FVR34 (FORWARD) Diesel,1,21179,Diesel,8-98141-206-2,Хабаровск
2025-09-18 15:00:06,Стартер MMC 4D32/33/35 24V/9T/3.2KW QDJ2432 YD,4,14851,KPL,QDJ2432,Хабаровск
2025-09-18 15:00:06,Стартер MMC 4D36/33 24V/9T/3.2KW  QDJ2450 YD,4,16040,KPL,ME014418,Хабаровск
2025-09-18 15:00:06,Стеклоподъемник с двигателем RH 8-98050-288-2 NPR/NQR71/75/90 Diesel,1,9380,Diesel,8-98050-288-2,Хабаровск
2025-09-18 15:00:06,Стояночный тормоз в сборе 8-97308-175-0 NPR/NKR/NQR 71/75 (MYY5T - MYY6S) Diesel,5,7187,Diesel,8973081750,Хабаровск
2025-09-18 15:00:06,Стремянка F4 14*72*120  LT,10,441,LT,14*72*120,Хабаровск
2025-09-18 15:00:06,Стремянка F4 18*62*360 LT ,5,754,LT,F4 18*62*360 LT,Хабаровск
2025-09-18 15:00:06,Стремянка F4 18*62*380 LT,10,836,LT,F4 18*62*380 LT,Хабаровск
2025-09-18 15:00:06,Стремянка F4 18*72*440  LT,10,991,LT,18*72*440,Хабаровск
2025-09-18 15:00:06,Стремянка F5 24*92*490  LT,22,1501,LT,24*92*490,Хабаровск
2025-09-18 15:00:06,Стремянка F7 16*118*225 LT  MB035256/57/55/MC110396/MB391284,3,589,Noname,16*118*225,Хабаровск
2025-09-18 15:00:06,"Ступица 8-97349-911-0 NQR71/75, NPR, Богдан A-092 ORIG",2,34035,Isuzu,8-97349-911-1,Хабаровск
2025-09-18 15:00:06,Ступица заднего моста 1-42311-085-0 / 1-42311-094-0 CXZ51 Diesel,3,20399,Diesel,1-42311-085-0,Хабаровск
2025-09-18 15:00:06,Ступица колеса заднего моста 1-42311-094-0 CYZ52/CYZ51/FVR34 ORIG,1,79039,Isuzu,1-42311-094-0,Хабаровск
2025-09-18 15:00:06,Ступица колеса переднего моста 1-42312-160-0 CYZ51/CYZ52/FVR34 ORIG,1,69224,Isuzu,1-42312-160-0,Хабаровск
2025-09-18 15:00:06,Ступица муфты КПП 8-98075-732-0 F-series ORIG,1,18358,Isuzu,8-98075-732-0,Хабаровск
2025-09-18 15:00:06,Термостат 8-94370-377-2/1/ 8-97300-790-1/2/8-97091-806-0 / 8-97300-790-3 Diesel,13,909,Diesel,8-97300-790-2,Хабаровск
2025-09-18 15:00:06,Термостат 8-94370-378-1/8-97300-787-0/8-97028-690 / 8-97300-787-3 ORIG,2,2861,Isuzu,8973007873,Хабаровск
2025-09-18 15:00:06,Термостат 8-94392-817-0/8-94397-311-0/8-97602-393-1 Diesel,25,1779,Diesel,8-94392-817-0,Хабаровск
2025-09-18 15:00:06,Термостат 8-97602-048-3/0/1/2 FVR34 6HK1 (82 градуса) Diesel,7,1622,Diesel,8-97602-048-0,Хабаровск
2025-09-18 15:00:06,Термостат ZB64HF-85P/8-98017-027-1/WV64IA85/8-98017-027-2 4JJ1 NLR85 JAPAN HKT,15,1850,HKT,ZB64HF-85,Хабаровск
2025-09-18 15:00:06,Тормозная колодка 1-47170-324-0 CYZ51K EURO3 6WF1 Diesel,4,9018,Diesel,1471703240,Хабаровск
2025-09-18 15:00:06,Тормозная колодка 1-47170-326-0 CYZ51K EURO3 6WF1 Diesel,2,9018,Diesel,1-47170-326-0,Хабаровск
2025-09-18 15:00:06,Тормозной диск 288*24*5H MB334308 Canter (K),20,3006,Noname,MB334308,Хабаровск
2025-09-18 15:00:06,Тормозной диск 43512-37080 LP-5540 TOYOTA DYNA/ HINO   BU3#WU30#/34/XZU3#  02~  Yamasida,10,6119,Yamasida,43512-37080,Хабаровск
2025-09-18 15:00:06,Тормозной диск 43512-37120 HINO XZU417 06~  FRONT Y,6,12663,Yamasida,43512-37120,Хабаровск
2025-09-18 15:00:06,Тормозной диск MK584503 front (K),2,6198,Noname,MK584503,Хабаровск
2025-09-18 15:00:06,Тормозной диск MK584504 rear (K),1,5158,Noname,MK584504,Хабаровск
2025-09-18 15:00:06,Тормозной клапан 1-48100-872-0 CXZ51KCYZ51KEXZ51KCYZ51L 6WF1 Diesel,1,9327,Diesel,1481008720,Хабаровск
2025-09-18 15:00:06,Тормозной клапан 1-48100-872-0/HDE-004 CXZ51KCYZ51KEXZ51KCYZ51L 6WF1 HD,2,6887,HD,HDE-004,Хабаровск
2025-09-18 15:00:06,"Тормозной цилиндр 1-47601-087-0 / MC889050 FVR34, CYZ51K EURO3 6WF1  (ISUZU) SKV",26,17502,SKV,1-47601-087-0,Хабаровск
2025-09-18 15:00:06,"Тормозной цилиндр 1-47601-087-0 FVR34, CYZ51K EURO3 6WF1 ORIG",1,49937,Isuzu,1-47601-087-0,Хабаровск
2025-09-18 15:00:06,Тормозной цилиндр S4751-01960/47510-EV030/1-47601-087-0 CYZ/FVR34/Hino700/500/MMC Y,5,22626,Yamasida,1476010870,Хабаровск
2025-09-18 15:00:06,Трещетка тормозного цилиндра RH 8-97349-739-0/8-97550-984-0 N-series ORIG,1,1725,Isuzu,8973497390,Хабаровск
2025-09-18 15:00:06,Трос акселератора ISUZU 1-23210-977-0/2  FSR/FTR/FVR RHD 92~  FSR BUS LHD 96~ L=2551,5,1308,Noname,1-23210-977-0,Хабаровск
2025-09-18 15:00:06,Трос акселератора ISUZU 1-73998-940-6  FSR/FTR/FVR/FRD RHD 96~  L=2939,5,1123,Noname,1739989406,Хабаровск
2025-09-18 15:00:06,Трос акселератора MMC  MB390915/MC116516  FE444 LHD/FE425/35/37/45/47 RHD  L=1730,5,747,Noname,MB390915,Хабаровск
2025-09-18 15:00:06,Трос акселератора MMC  MC025797/2  FP/FT/FS/FU/FV411-19 RHD  L=2040,5,862,Noname,MC025797,Хабаровск
2025-09-18 15:00:06,Трос акселератора MMC  MC064205/025790  FP415 LHD FW419/29/44/45/49 RHD  L=2040,5,961,Noname,MC064205,Хабаровск
2025-09-18 15:00:06,"Трос газа ACC M01 FIGHTER, CXM  3500mm",9,1183,Noname,ACCM01,Хабаровск
2025-09-18 15:00:06,Трос газа HINO 4PA1218/78015-5302A/ACCH03  TSK,2,4995,TSK,4PA1218,Хабаровск
2025-09-18 15:00:06,"Трос газа MMC 4GA0227/MB390916 FE43#,FE449 TSK",2,2204,TSK,4GA0227,Хабаровск
2025-09-18 15:00:06,Трос газа MMC 4GA1063/MC064402 FUSO TSK,2,2552,TSK,4GA1063,Хабаровск
2025-09-18 15:00:06,Трос газа MMC 4GA1064 / MC064403 FUSO  TSK,2,2501,TSK,4GA1064,Хабаровск
2025-09-18 15:00:06,Трос газа MMC(CANTER) 4GA1044 / MC064417 TSK,2,2327,TSK,4GA1044,Хабаровск
2025-09-18 15:00:06,Трос капота 2612 мм 1-79347-008-1  CYZ51/CXZ/EXZ Diesel,1,976,Noname,1793470081,Хабаровск
2025-09-18 15:00:06,Трос КПП 4CT3476/8-98248-332-0 FVR34 LHD TSK,3,6603,TSK,4CT3476,Хабаровск
2025-09-18 15:00:06,Трос КПП GC IS03 8-97088-190-0 NPR,5,3462,Noname,GCIS03,Хабаровск
2025-09-18 15:00:06,Трос КПП GC IS05 8-97035-756-4/8-97065-166-4 NKR/NPR,7,3510,Noname,8-97035-756-4,Хабаровск
2025-09-18 15:00:06,Трос КПП GC IS06 8-97176-473-0 NKR/NPR/NKS,5,3846,Noname,GCIS06,Хабаровск
2025-09-18 15:00:06,Трос КПП GC M02 ME693369 FUSO 5T 3150mm,5,3599,Noname,GCM02,Хабаровск
2025-09-18 15:00:06,Трос КПП HINO 4RT1822/33830-37300 HINO 300 E-3 LHD TSK,5,6428,TSK,4RT1822,Хабаровск
2025-09-18 15:00:06,Трос КПП HINO 4RT2055/33820-37M70 HINO 300 TSK,2,9015,TSK,4RT2055,Хабаровск
2025-09-18 15:00:06,Трос КПП HINO 4RT2058/33830-37590 HINO 300 E-4 TSK,4,6459,TSK,4RT2058,Хабаровск
2025-09-18 15:00:06,"Трос КПП ISUZU 4CT1396/1-33670-681-0/1-33670-448-3 FRR,FSR TSK",3,8206,TSK,4CT1396,Хабаровск
2025-09-18 15:00:06,Трос КПП ISUZU 8-97030-585-1  NKR/NPR,20,2540,Noname,8-97030-585-0,Хабаровск
2025-09-18 15:00:06,"Трос КПП TOYOTA 4RT1793/33820-37G70 XZU433,XZU423  TSK",1,6792,TSK,4RT1793,Хабаровск
2025-09-18 15:00:06,Трос остановки двигателя HINO  78018-1220  FH22#/FN/GN/FR/FS/FW/SH27# 85~,10,1416,Noname,780181220,Хабаровск
2025-09-18 15:00:06,Трос отбора мощности L-1000,2,1348,Noname,L-1000,Хабаровск
2025-09-18 15:00:06,Трос отбора мощности L-5800 ,1,2494,Noname,L-5800,Хабаровск
2025-09-18 15:00:06,Трос переключения передач 33820-E0670/ 33702-7631 /4RT1601 TSK,2,28012,TSK,4RT1601,Хабаровск
2025-09-18 15:00:06,Трос переключения передач 4RT1769/33820-E0450/33820-E1270 HINO500 TSK,3,8801,TSK,4RT1769,Хабаровск
2025-09-18 15:00:06,Трос переключения передач 4RT2056/33830-37640 HINO300 E-4LHD TSK,1,6354,TSK,4RT2056,Хабаровск
2025-09-18 15:00:06,Трос переключения передач 8-97176-475-0 4CT1593 TSK,3,4307,TSK,4CT1593,Хабаровск
2025-09-18 15:00:06,Трос переключения передач 8-97350-436-0/4CT2023 TSK ,10,4911,TSK,4CT2023,Хабаровск
2025-09-18 15:00:06,Трос переключения передач 8-97357-181-2/8-98146-850-0/4CT2111 TSK ,2,6354,TSK,4CT2111,Хабаровск
2025-09-18 15:00:06,Трос переключения передач 8-98021-700-2 / 4CT2532 ISUZU NLR85/NMR85  TSK ,3,6002,TSK,4CT2532,Хабаровск
2025-09-18 15:00:06,Трос переключения передач 8-98146-825-1 / 4CT2525/8-98021-698-1 ISUZU NLR85/NMR85  TSK,2,6262,TSK,4CT2525,Хабаровск
2025-09-18 15:00:06,Трос переключения передач MC081807 4GB1361 TSK,1,6286,TSK,4GB1361,Хабаровск
2025-09-18 15:00:06,Трос переключения передач MK526207/ 4GT1642 L=2871 Fuso Canter  TSK,2,8224,TSK,4GT1642,Хабаровск
2025-09-18 15:00:06,Трос переключения передач КПП 8-98146-878-0 MYY5T/MYY6S NPR75 L=3115 ORIG ,2,11770,Isuzu,8-98146-878-0,Хабаровск
2025-09-18 15:00:06,Трос ручного тормоза 1-46151-378-4 4CB1179  TSK,3,7686,TSK,4CB1179,Хабаровск
2025-09-18 15:00:06,Трос ручного тормоза 1-46151-379-4 4CB1180  TSK,3,7789,TSK,4CB1180,Хабаровск
2025-09-18 15:00:06,Трос ручного тормоза 46420-E0J50/4RB2246 №2 HINO 500 FD/GD8J  TSK,2,6776,TSK,4RB2246,Хабаровск
2025-09-18 15:00:06,Трос ручного тормоза 8-98051-572-3 N-series ORIG,1,8099,Isuzu,8980515723,Хабаровск
2025-09-18 15:00:06,Трос ручного тормоза HINO  78405-2570A  FH/FN/FR/FS/FW/27#/SS63# 85~ ,5,1435,Noname,78405-2570A,Хабаровск
2025-09-18 15:00:06,Трос ручного тормоза ISUZU 8-97045-841-0  NPR 90`-95,5,2243,Noname,8-97045-841-0,Хабаровск
2025-09-18 15:00:06,Трос ручного тормоза ISUZU 9CB8016/8-97063-113-6/2/3/4/5 NPR/NQR 94-98 TSK,8,4611,TSK,9CB8016,Хабаровск
2025-09-18 15:00:06,Трос ручного тормоза ISUZU 9CB8078/8-97063-114-6/2/3/4/5 NPR/NQR 94-98 TSK,1,3417,TSK,9CB8078,Хабаровск
2025-09-18 15:00:06,Трос ручного тормоза MMC  MC029681  FW445/FP/FS/FT/FU413/415/18/19/45 RHD  L=4980,2,2513,Noname,MC029681,Хабаровск
2025-09-18 15:00:06,Трос ручного тормоза MMC 4GB1085/MK399484/52-81904-04603-10  TSK,3,3302,TSK,4GB1085,Хабаровск
2025-09-18 15:00:06,Трос ручного тормоза MMC MK599174/ 4GB1859 Fuso Canter  TSK,2,6069,TSK,4GB1859,Хабаровск
2025-09-18 15:00:06,Трос спидометра SC50 5000mm 3.8mm,2,1320,Noname,SC50,Хабаровск
2025-09-18 15:00:06,"Трубка топливная к форсунке №3 8-97601-771-3  ZX270, ZX330 6HK1 ORIG ",1,6121,Isuzu,8-97601-771-3,Хабаровск
2025-09-18 15:00:06,Трубка форсунки 8-97209-493-1  ISUZU Diesel,6,1189,Diesel,8972094931,Хабаровск
2025-09-18 15:00:06,Трубка форсунки 8-97209-494-1  ISUZU Diesel,3,1299,Diesel,8972094941,Хабаровск
2025-09-18 15:00:06,Турбокомпрессор 1-14400-438-0 6HK1-T IHI JAPAN !,1,78477,Yamasida,1-14400-438-0,Хабаровск
2025-09-18 15:00:06,Турбокомпрессор 1-14400-438-0/1 6HK1-TC,1,33738,Noname,1-14400-438-0,Хабаровск
2025-09-18 15:00:06,Турбокомпрессор 1-14400-443-0/1 6HK1-T,1,28601,Noname,1-14400-443-0,Хабаровск
2025-09-18 15:00:06,Турбокомпрессор 17201-E0441/732409-0041/732409-0022/732409-5024/732409-5040S HINO300 евро3 (K),10,23088,Noname,17201-E0441,Хабаровск
2025-09-18 15:00:06,Турбокомпрессор 17201-E0A40 J08E-T 24100-3251/479016-0002/S2410-03251,1,32392,Noname,17201-E0A40,Хабаровск
2025-09-18 15:00:06,"Турбокомпрессор 8-98027-772-5  без актуатора E4/5 NN/NP/NQR,NQR75/90 4HK1-T Diesel",3,68991,Diesel,8-98027-772-1,Хабаровск
2025-09-18 15:00:06,Турбокомпрессор D4BF 28200-4B151/28200-4B160/700273-0001/700273-5002S,1,25137,Noname,28200-4B151,Хабаровск
2025-09-18 15:00:06,Турбокомпрессор D4DL  28230-41720  County HD6572/78 !,1,108621,Garlett,708337-5001S,Хабаровск
2025-09-18 15:00:06,Тяга продольная  8-98137-616-0  NP/NQR  LHD ORIG,1,13107,Isuzu,8-98137-616-1,Хабаровск
2025-09-18 15:00:06,Тяга продольная  8-98170-603-1  NQR90 ORIG,2,15020,Isuzu,8-98170-603-1,Хабаровск
2025-09-18 15:00:06,Тяга продольная HINO  45440-E0A40 LHD HINO 500 FM8  CH !,3,22429,Chase,45440-E0A40,Хабаровск
2025-09-18 15:00:06,Тяга продольная ISUZU  8-97222-506-0  NPR#/NQR левый руль  CH !,3,10651,Chase,8-97222-506-0,Хабаровск
2025-09-18 15:00:06,Тяга продольная MAZDA  WA01-32-970A  T3000-T4500 84~  CH !,1,5408,Chase,WA01-32-970A,Хабаровск
2025-09-18 15:00:06,Тяга продольная MMC  MC121718 FE6#  CH,2,10235,Chase,MC121718,Хабаровск
2025-09-18 15:00:06,Тяга продольная MMC  MC121903/MH-CR17-LHD-RK Canter FB511 96~  CH !,4,10153,Chase,MC121903,Хабаровск
2025-09-18 15:00:06,Тяга реактивная 1-51511-659-0 L=550 C/F series Diesel,1,10143,Noname,1515116590,Хабаровск
2025-09-18 15:00:06,Тяга реактивная 1-51511-660-0 L=555 C/F series  Diesel,1,10608,Diesel,1-51511-660-0,Хабаровск
2025-09-18 15:00:06,Тяга реактивная 1-51511-661-0 L=585 C/F series  Diesel,1,10085,Diesel,1-51511-661-0,Хабаровск
2025-09-18 15:00:06,Тяга рулевая MMC  ME725235 MMC FE82# (рейка)  CH,1,1580,Chase,ME725235,Хабаровск
2025-09-18 15:00:06,Тяга рулевая продольная  LHD 1-44380-287-0  ISUZU CXZ/CYZ/CYL 05~ Diesel,2,9602,Diesel,1443802870,Хабаровск
2025-09-18 15:00:06,Указатель поворота (на двери) левый 8-97410-181-3/2 NPR75/NLR85/NMR85/NQR90/FSR90/FVR34 Diesel,1,1001,Diesel,8-97410-181-3,Хабаровск
2025-09-18 15:00:06,Фара MMC FUSO CANTER F#(6...8)# '05 214-1178-RD-EM (R) MK486500/MK486502 (K),2,4301,Noname,214-1178L-RD-EM,Хабаровск
2025-09-18 15:00:06,Фара R  в бампер с туманкой  1-82110-399-2 / 8-97609-417-0 (K),4,5789,Noname,1821103992,Хабаровск
2025-09-18 15:00:06,Фара левая 92101-7C000 HYUNDAI HD270 D6CA (K),1,18832,Noname,921017C000,Хабаровск
2025-09-18 15:00:06,Фара передняя левая FVR34/CYZ52 8-98241-315-0 ORIG,1,27961,Isuzu,8-98241-315-0,Хабаровск
2025-09-18 15:00:06,Фара правая 92102-7C000 HYUNDAI HD270 D6CA (K),1,18832,Noname,921027C000,Хабаровск
2025-09-18 15:00:06,Фара противотуманная 92201-4B000  H100 Porter. !,2,2202,Noname,92201-4B000,Хабаровск
2025-09-18 15:00:06,"Фара противотуманная LH 1-82110-454-0/150-0, 8-98232-065-0 6WF1 Diesel",2,2611,Diesel,1-82110-454-0,Хабаровск
2025-09-18 15:00:06,Фара противотуманная RH 1-82110-453-0/149-0  8-98232-064-0 CXZ/EXZ/CYZ/KCYZ51L 6WF1 Diesel,2,3072,Diesel,1-82110-453-0,Хабаровск
2025-09-18 15:00:06,Фара противотуманная RH 1-82110-453-0/149-0 CXZ51KEXZ51KCYZ51KCYZ51L 6WF1 (K),2,2309,Noname,1-82110-453-0,Хабаровск
2025-09-18 15:00:06,Фара противотуманная левая с указателем поворота 8-98238-626-0/8-98159-979-0/1/2  FVR34/CYZ52 Diesel,5,5003,Diesel,8-98238-626-0,Хабаровск
2025-09-18 15:00:06,Фара противотуманная правая с указателем поворота 8-98238-625-0/8-98159-978-0/1/2 FVR34/CYZ52 Diesel,8,4998,Diesel,8982386250,Хабаровск
2025-09-18 15:00:06,Фара с электрокорректором LH 1-82110-456-2/481-0 CXZ51KEXZ51KCYZ51KCYZ51L 6WF1 (K),3,7500,Noname,1821104562/4810 LH,Хабаровск
2025-09-18 15:00:06,Фильтр воздушный 28130-44000 / PAA-013 / YUMI-021 SKV ,30,953,SKV,28130-44000SKV,Хабаровск
2025-09-18 15:00:06,Фильтр воздушный 28130-5A500 / PAA-069 / YUMI-111 / A-28650 / D4DD/ GA / County/HD78 SKV ,31,2030,SKV,28130-5A500SKV,Хабаровск
2025-09-18 15:00:06,Фильтр воздушный 28130-5H002 / 28130-5H001 / MAF023 / PAA-032 / YUMI-042 County/HD72 SKV ,10,1066,SKV,28130-5H002SKV,Хабаровск
2025-09-18 15:00:06,"Фильтр воздушный 8-97062-294-0/5-87610-020-0 4HK1/4JJ1 NQR71/75/NPR75/NLR/NMR55,85 ORIG CHINA",10,7497,Isuzu,5-87610-020-1,Хабаровск
2025-09-18 15:00:06,Фильтр воздушный 81084050017SKV/RS5361 внутренний MAN SKV ,5,1259,SKV,81084050017SKV,Хабаровск
2025-09-18 15:00:06,Фильтр воздушный 81084050021SKV/RS4971 наружный MAN SKV ,5,4503,SKV,81084050021SKV,Хабаровск
2025-09-18 15:00:06,Фильтр воздушный A0040943504 / RS5358 / 1485592 SKV Mercedes !,10,4523,SKV,A0040943504SKV,Хабаровск
2025-09-18 15:00:06,Фильтр воздушный A2709SET 8-98071-421-0 (A-5539)+ 8-98071-422-0 (A-5538) Isuzu F-series SKV,22,4204,SKV,A-2709SET,Хабаровск
2025-09-18 15:00:06,Фильтр воздушный A274 / 1-14215-108-0 / 1-14215-197-0 / 1-14215-067-0 SKV ,16,2524,SKV,A274SKV,Хабаровск
2025-09-18 15:00:06,Фильтр воздушный A276 / 8-98071-421-0/1-87610-113-1 Isuzu FSR90/FORWARD 4HK1 SKV,15,3088,SKV,A276SKV,Хабаровск
2025-09-18 15:00:06,Фильтр воздушный A282 / A-1335M / 17801-3450 / S1780-13450 / 1-14215-102-0 E13CTL HINO700 SKV ,16,3171,SKV,A282SKV,Хабаровск
2025-09-18 15:00:06,Фильтр воздушный A3002 / ME294400/ME292262/ME017242  SKV,9,1172,SKV,A3002SKV,Хабаровск
2025-09-18 15:00:06,"Фильтр воздушный A3015 / MD620563 / 8-94135-886-0 ELF150/250, MMC L200/Pajero SKV",20,1078,SKV,A3015SKV,Хабаровск
2025-09-18 15:00:06,Фильтр воздушный A364 / A-1019 / 8-94430-250-0 NPR75/NQR71/NLR85/NQR90  E-4  SKV ,20,2524,SKV,A364SKV,Хабаровск
2025-09-18 15:00:06,Фильтр воздушный A370 / ME073160/ME073821 SKV,13,3324,SKV,A370SKV,Хабаровск
2025-09-18 15:00:06,"Фильтр воздушный A579 /A-6020M/8-97062-294-0/5-87610-020-0 4HK1/4JJ1 NQR71/75/NPR75/NLR/NMR55,85 SKV",48,1765,SKV,A579SKV,Хабаровск
2025-09-18 15:00:06,Фильтр воздушный A581 / 8-98071-423-0 / A24581 ISUZU 6HK1/FVR34  SKV,97,4069,SKV,A581SKV,Хабаровск
2025-09-18 15:00:06,Фильтр воздушный A581IN / 8-98071-424-0 / A-6037 ISUZU 6HK1/FVR34 SKV,89,1698,SKV,A581INSKV,Хабаровск
2025-09-18 15:00:06,Фильтр воздушный A581SET / 8-98071-423-0+8-98071-424-0/А-6038S ISUZU 6HK1/FVR34  SKV,104,5266,SKV,A581SET,Хабаровск
2025-09-18 15:00:06,"Фильтр воздушный A6024SET 1-14215-213-0 (A-6018) + 1-14215-220-0 (A-6023) Isuzu C,E-series 6WG1 SKV",1,6382,SKV,A-6024SET,Хабаровск
2025-09-18 15:00:06,"Фильтр воздушный A617 / 620 / 17801-2830 HINO, HINO 500, 700  SKV",28,3933,SKV,A617SKV,Хабаровск
2025-09-18 15:00:06,Фильтр воздушный A622 / A-1324 / S1780-13360 / 17801-E0010 HINO 500 (19.5) SKV ,5,2138,SKV,A622SKV,Хабаровск
2025-09-18 15:00:06,Фильтр воздушный RS5358 / A0040943504 / 1485592 Baldwin !,5,9710,Baldwin Filters,RS5358,Хабаровск
2025-09-18 15:00:06,Фильтр воздушный внешний 17801-E0130SKV HINO 700 E-5 SKV,1,4005,SKV,17801-E0130SKV,Хабаровск
2025-09-18 15:00:06,Фильтр воздушный внутренний 17801-3390SKV / A-1330 HINO 500 (22.5) E4 SKV,20,815,SKV,17801-3390SKV,Хабаровск
2025-09-18 15:00:06,Фильтр воздушный внутренний 17801-E0140SKV HINO 700 E-5 SKV,8,1578,SKV,17801-E0140SKV,Хабаровск
2025-09-18 15:00:06,"Фильтр воздушный внутренний A6026SKV / A6023 / 1-14215-220-0 ISUZU C,E-series  SKV",52,2334,SKV,A6026SKV,Хабаровск
2025-09-18 15:00:06,"Фильтр воздушный наружний A6018SKV / A281 / 1-87610-166-0 / 1-87617-007-0/1  ISUZU C,E-series  SKV",53,5683,SKV,A6018SKV,Хабаровск
2025-09-18 15:00:06,Фильтр масляный 2625884SKV/2022275 Scania,30,879,SKV,2022275SKV,Хабаровск
2025-09-18 15:00:06,Фильтр масляный 26325-83900  HD160/HD170/HD250/HD260/HD270 10~ !,17,1859,SP Motors,2632583900,Хабаровск
2025-09-18 15:00:06,Фильтр масляный C110 / 90915-10001 / 15601-33021 SKV,20,179,SKV,C110SKV,Хабаровск
2025-09-18 15:00:06,Фильтр масляный C115 / 90915-30002 / 90915-03006 SKV,16,474,SKV,C115SKV,Хабаровск
2025-09-18 15:00:06,Фильтр масляный C24518 / C518 /8-97148-270-0  AZUMI !,12,1516,Azumi,C-24518,Хабаровск
2025-09-18 15:00:06,Фильтр масляный C313 / C-1012 / C-5816 / 26311-45001 / 26311-45010 / ME013307 SKV,104,885,SKV,C313SKV,Хабаровск
2025-09-18 15:00:06,Фильтр масляный C503 / 5-13211-018-0 / 8-94167-399-0 / ME997803 SKV,20,417,SKV,C503SKV,Хабаровск
2025-09-18 15:00:06,"Фильтр масляный C513 / 8-94463-713-1 ISUZU ELF250/350/450 4BE1/2,BC2,BD1,BG1 SKV",1,426,SKV,C513SKV,Хабаровск
2025-09-18 15:00:06,Фильтр масляный C525 / C-1513 / 1-87610-064-0 / 8-94391-049-0 / 8-94396-375-4 SKV,316,1377,SKV,C525SKV,Хабаровск
2025-09-18 15:00:06,Фильтр масляный C526/518 /C-1515 / C-1534 / 5-87610-031-0 / C-1562 / 5-876101-17-0/8-97148-270-0 / 8-98328-207-0 /15209-89TA1 SKV,435,1170,SKV,C526SKV,Хабаровск
2025-09-18 15:00:06,Фильтр масляный C602 /C-1303/S1560-71733 / 5-86506-949-0  SKV,108,1188,SKV,C602SKV,Хабаровск
2025-09-18 15:00:06,"Фильтр масляный C608 /C-1318/C-1328/15613-89106/15613-E0080 HINO300  E-3, 4 /T-DYNA N04C/W04D  SKV",301,704,SKV,C608,Хабаровск
2025-09-18 15:00:06,Фильтр масляный C805 / 8-97112-263-0 Isuzu CYZ51/52  SKV,4,414,SKV,C805SKV,Хабаровск
2025-09-18 15:00:06,"Фильтр масляный O-584 /EO-1501 /8-98018-858-0/1K04-23-802/15208-89T0A NLR/NMR 55,85  4JJ1 E-4/5  SKV",17,437,SKV,O584SKV,Хабаровск
2025-09-18 15:00:06,Фильтр масляный O258 / OE258J / O-1805 / 15274-90226  SKV,10,888,SKV,O258SKV,Хабаровск
2025-09-18 15:00:06,Фильтр масляный O579 / O568 / O-1308 / O609 / 15607-2261 / 15607-1100/1-13240-233/MB-J302 SKV,49,542,SKV,O579SKV,Хабаровск
2025-09-18 15:00:06,Фильтр масляный O581 / O-1522 / O1530 / 1-13240-207-0 /1-13240-241-0 CX#/CY#/CV#/EX#  E-2/3/4/5  SKV,2,1068,SKV,O581SKV,Хабаровск
2025-09-18 15:00:06,Фильтр масляный O621 / OE621 /S1560-71531 / 15607-1950 / O-1310 SKV,5,1113,SKV,O621SKV,Хабаровск
2025-09-18 15:00:06,Фильтр масляный O625 / O-1321 / 15607-2150 / S1560-72281 HINO 700 E13C-T  SKV !,216,1381,SKV,O625,Хабаровск
2025-09-18 15:00:06,Фильтр масляный O630 / S1560-72281 / 15607-2280  SKV,5,1101,SKV,O630SKV,Хабаровск
2025-09-18 15:00:06,Фильтр масляный O631 / S1560-72370 HINO / HINO700 E13C-Т SKV,20,905,SKV,O631SKV,Хабаровск
2025-09-18 15:00:06,Фильтр масляный QC000001 Fuso Canter E-5  SKV,23,755,SKV,QC000001SKV,Хабаровск
2025-09-18 15:00:06,Фильтр сепаратора  YYH-F-038  500FG (2010PM),80,389,YNY,500FG,Хабаровск
2025-09-18 15:00:06,"Фильтр топливный (элемент) F336SKV/ME306305 MITSUBISHI FK# 4M50-Т, 6M60-Т SKV",7,582,SKV,F336SKV,Хабаровск
2025-09-18 15:00:06,Фильтр топливный 1-87810-976-0 / 8-98174-903-0 / 1-13240-244-0  CX#/CY#/CV#/EX# ORIG CHINA,1,1629,Isuzu,1-13240-244-0,Хабаровск
2025-09-18 15:00:06,Фильтр топливный 31945-45001 Hyundai HD45/65/72/78/COUNTY/E-COUNTY OTX  04~ !,20,575,OTX,31945-45001,Хабаровск
2025-09-18 15:00:06,Фильтр топливный A5410900151SKV / FF5405SKV / A5410920805 / EF2634 / PF7761 / PU999/1X SKV,40,602,SKV,FF5405SKV,Хабаровск
2025-09-18 15:00:06,Фильтр топливный BF7813 !,4,1310,Baldwin Filters,BF7813,Хабаровск
2025-09-18 15:00:06,"Фильтр топливный EF13070 / 23304-78090 HINO300/DYNA WU/,XZU710,720,730 N04CT SKV ",262,698,SKV,EF13070,Хабаровск
2025-09-18 15:00:06,Фильтр топливный EF15130/8-98092-481-1/1-87610-094-0 FVR34/FSR90/CYZ52  SKV,310,815,SKV,EF15130SKV,Хабаровск
2025-09-18 15:00:06,"Фильтр топливный F1306 / ME300647/23355-78020 HINO-300/DYNA BU3##, WU30#, 34#, XZU3# N04CT E-3 SKV",7,352,SKV,F1306SKV,Хабаровск
2025-09-18 15:00:06,Фильтр топливный F606 / F-1304 / S2340-11090 / 23401-1390 SKV,5,433,SKV,F606SKV,Хабаровск
2025-09-18 15:00:06,Фильтр топливный FC158 / 23303-64010 / 23390-30150 / R2N5-13-ZA5  SKV,50,448,SKV,FC158SKV,Хабаровск
2025-09-18 15:00:06,Фильтр топливный FC208A / 16403-Z7000 / 16403-89TA1 / 16403-09W00  SKV,84,282,SKV,FC208ASKV,Хабаровск
2025-09-18 15:00:06,Фильтр топливный FC226 / 5-86102-498-0 / 16400-58N00 SKV,5,546,SKV,FC226SKV,Хабаровск
2025-09-18 15:00:06,Фильтр топливный FC318 / ME016823 / ME016872  SKV,20,477,SKV,FC318SKV,Хабаровск
2025-09-18 15:00:06,Фильтр топливный FC319 /  ME015254 / ME229355  SKV,60,530,SKV,FC319SKV,Хабаровск
2025-09-18 15:00:06,Фильтр топливный FC321 / FC-1203 / 1456-23-570A / MB230900 / 16403-89TA3 / 8-94369-299-3 / MB-CX551 SKV,172,599,SKV,FC321,Хабаровск
2025-09-18 15:00:06,Фильтр топливный FC332 / FC-1009 / ME132525 / MB-CX513 FUSO Canter 4M50/51  SKV !,2,793,SKV,FC332,Хабаровск
2025-09-18 15:00:06,Фильтр топливный FC607 / 8-94394-079-0 / 23401-1332 / S2340-11510  SKV,94,353,SKV,FC607SKV,Хабаровск
2025-09-18 15:00:06,Фильтр топливный FC609 / 23401-1372 / S23401-1650  SKV,70,635,SKV,FC609SKV,Хабаровск
2025-09-18 15:00:06,Фильтр топливный FE24023 / F513 / EF-1509  AZUMI,4,1125,Azumi,FE-24023,Хабаровск
2025-09-18 15:00:06,"Фильтр топливный R90T /S234011840  NPR/NMR/NLR, HINO500/700, NPR75/NQR90 08~  E-4 SKV",726,1243,SKV,R90TSKV,Хабаровск
2025-09-18 15:00:06,Фильтр топливный SF-1307 / S2340-11730 / 16403-Z900J HINO 500 GD8/FD8 J08E  E-3  SKV !,8,559,SKV,SF-1307,Хабаровск
2025-09-18 15:00:06,Фильтр топливный SFC-5304-10/ 31945-52161/31945-45900/ 31945-7L002/ A0004771602/ 504272431 SKV,649,1245,SKV,SFC-5304-10SKV,Хабаровск
2025-09-18 15:00:06,Фильтр топливный SFC-5504-30 / 8-98081-862-0 / MB-R120P SKV,5,1511,SKV,SFC-5504-30,Хабаровск
2025-09-18 15:00:06,Фланец караданного вала 1-37245-317-0 ISUZU FVZ/FXZ/FYHCYZ51/CXZ/EXZ Diesel,1,10077,Diesel,1-37245-317-0,Хабаровск
2025-09-18 15:00:06,Фонарь габаритный на крышу правый 8-98097-466-3/0/1/2 FVR34 ORIG,2,2578,Isuzu,8-98097-466-3,Хабаровск
2025-09-18 15:00:06,Фонарь задний левый 8-97213-352-0/8-98002-165-0 700P 4HK1  Diesel,10,1253,Diesel,8-97213-352-0,Хабаровск
2025-09-18 15:00:06,Фонарь задний левый 8-97213-352-0/8-98002-165-0 700P 4HK1 Diesel,7,900,Diesel,8-97213-352-0,Хабаровск
2025-09-18 15:00:06,Форсунка 8-97609-788-6 / 8-97609-788-7 4HK1-T ORIG !,6,55166,Isuzu,8-97609-788-6,Хабаровск
2025-09-18 15:00:06,Форсунка охлаждения поршневой группы двигателя 8-98020-649-0/8-98173-342-0 4HK1/6НK1/6НЕ1 D.BEST JAPAN,2,562,D.Best,8981733420,Хабаровск
2025-09-18 15:00:06,Форсунка охлаждения порш группы двигателя 8-98370-779-0 / 8-94399-187-1 D.BEST JAPAN,1,562,D.Best,8-94399-187-1,Хабаровск
2025-09-18 15:00:06,Форсунка топливная 23670-E9260/E9263 N04C Евро-4 WC HINO 300 ORIG,4,60614,Hino / Toyota,23670-E9260,Хабаровск
2025-09-18 15:00:06,Шайба балансира  1-51382-010-4  CX#/CY#/CV#/EX#  Diesel,4,1548,Diesel,1513820104,Хабаровск
2025-09-18 15:00:06,Шаровая опора верхняя MK332301/MC120301/MK471888-01/MK471889-01 MMC FB50#/FE50#   Y,2,2017,Yamasida,MK332301,Хабаровск
2025-09-18 15:00:06,Шатун поршня 4JJ1-TC NLR85 8-97388-921-2/0 Diesel,2,4289,Diesel,8-97388-921-0,Хабаровск
2025-09-18 15:00:06,Шестерня 6-й передачи (Z=21) КПП MYY6S 8-97386-582-0  ISUZU  Diesel,3,3405,Diesel,8973865820,Хабаровск
2025-09-18 15:00:06,Шестерня 6-й передачи Z=50 КПП MYY6S 8-97386-580-0 N-серия  ISUZU Diesel,1,10328,Diesel,8973865800,Хабаровск
2025-09-18 15:00:06,Шестерня заднего хода КПП 8-98005-229-0 F-series ORIG,1,32337,Isuzu,8-98005-229-0,Хабаровск
2025-09-18 15:00:06,Шестерня привода ГУРа 8-97120-005-1 4HK1/4HG1 NQR75/71 ISUZU Diesel,3,3194,Diesel,8-97120-005-1,Хабаровск
2025-09-18 15:00:06,Шкворневой ремкомплект  HD2.5T County/Canter 28*180 mm  NY-524/K5677 145000,3,2435,JLB,HD2.5T,Хабаровск
2025-09-18 15:00:06,Шкворневой ремкомплект  HD3T HD72/78 30*180 mm  K5677 145600,28,2409,JLB,HD3T,Хабаровск
2025-09-18 15:00:06,Шкворневой ремкомплект (на сторону) КР-222 / MI-56  1-87831-111-4 8-11t  50*252 mm,6,5781,KP,1-87830-039-0,Хабаровск
2025-09-18 15:00:06,"Шкворневой ремкомплект KP/NY-154/40025-NA429  UD CD48 MN-70 =50mm L=240.5mm, 40025NA229 /40025-NA229",1,6237,Guanwei,40025-NA429,Хабаровск
2025-09-18 15:00:06,Шкворневой ремкомплект KP-233 / MI-10  5-87831-608-0  30*186 mm,20,2190,Guanwei,5-87831-608-0,Хабаровск
2025-09-18 15:00:06,Шкворневой ремкомплект КР-322/323 / MH-53/58H  04043-2024/2025 50*252mm,2,6063,Guanwei,KP-322,Хабаровск
2025-09-18 15:00:06,Шкворневой ремкомплект КР-132 / MN-05  25*172 mm ,4,1955,Guanwei,KP-132,Хабаровск
2025-09-18 15:00:06,Шкворневой ремкомплект КР-146 / MN-66  40025-91325,2,5449,Guanwei,KP-146,Хабаровск
2025-09-18 15:00:06,"Шкворневой ремкомплект КР-151 / MN- 07, MN-06  40022-0T000 ATLAS 30*193mm",10,2184,Guanwei,KP-151,Хабаровск
2025-09-18 15:00:06,"Шкворневой ремкомплект КР-232 / MI-09  5-87830-537-0   25*167,5 mm ",9,1706,Guanwei,KP-232,Хабаровск
2025-09-18 15:00:06,Шкворневой ремкомплект КР-321 / MH-57  04043-2010/2035/2057 FD#/HINO300  35*206 mm,4,4054,Guanwei,KP-321,Хабаровск
2025-09-18 15:00:06,Шкворневой ремкомплект КР-425 / MT-05  04431-36030   28*160 mm,3,1992,Guanwei,KP-425,Хабаровск
2025-09-18 15:00:06,Шкворневой ремкомплект КР-426 / MT-06  04431-25010   25*153 mm,8,1795,Guanwei,KP-426,Хабаровск
2025-09-18 15:00:06,Шкворневой ремкомплект КР-427 / MT-07   MR427  28*160 mm,5,1992,Guanwei,KP-427,Хабаровск
2025-09-18 15:00:06,Шкворневой ремкомплект КР-433 / MT-09  28*160 mm 04431-36041,1,2273,Guanwei,KP-433,Хабаровск
2025-09-18 15:00:06,Шкворневой ремкомплект КР-536 / MM-11   MC995304  25*165 mm,2,2129,Guanwei,KP-536,Хабаровск
2025-09-18 15:00:06,Шланг радиатора 8-98006-452-0 700P  4HK1 RAD INL Diesel,5,1108,Diesel,8-98006-452-0,Хабаровск
2025-09-18 15:00:06,Шланг тормозной  8-97039-543-1 ISUZU NPR/NQR/NHS/NPS 71/75 94~ RHD/LHD передний Y,10,917,Yamasida,8-97039-543-1,Хабаровск
2025-09-18 15:00:06,Шланг тормозной  8-97042-976-0 ISUZU NLR/NMR 08~ RHD/LHD FR Y,2,679,Yamasida,8-97042-976-0,Хабаровск
2025-09-18 15:00:06,Шланг тормозной  8-97230-284-1 ISUZU NKR/NLR/NMR 99~ RHD/LHD RR Y,11,691,Yamasida,8-97230-284-1,Хабаровск
2025-09-18 15:00:06,Шланг тормозной  90947-02D85 LP-5781-2 Хино 300 Е-3/4 задний LH ORIG,2,1959,Hino / Toyota,9094702D85,Хабаровск
2025-09-18 15:00:06,Шланг тормозной  90947-02D87 LP-5781-4 Хино 300 Е-3/4 передний LH Y,4,1696,Yamasida,90947-02D87,Хабаровск
2025-09-18 15:00:06,Шланг тормозной  SH30097S/BH-004460 MB004461 CANTER/FUSO CANTER Y,3,897,Yamasida,SH-30097S,Хабаровск
2025-09-18 15:00:06,Шланг тормозной  SH30437/BH-7014 MB060470 CANTER Y,5,946,Yamasida,SH-30437,Хабаровск
2025-09-18 15:00:06,Шланг тормозной  SH30577S/BH-7026 MB162206 CANTER/FUSO CANTER Y,3,1001,Yamasida,SH-30577S,Хабаровск
2025-09-18 15:00:06,Шланг тормозной  SH30737/BH-G337 MH031865 FUSO Y,3,1001,Yamasida,SH-30737,Хабаровск
2025-09-18 15:00:06,Шланг тормозной  SH30957/BH-7060 MB295682 Y,5,968,Yamasida,SH-30957,Хабаровск
2025-09-18 15:00:06,Шланг тормозной  SH31047/BH-7075 / MB334309/MC862668/MH033223 LP-5871 Y,3,881,Yamasida,SH-31047,Хабаровск
2025-09-18 15:00:06,Шланг тормозной  SH31307/MH031885/033775 FUSO Y,3,1096,Yamasida,SH-31307,Хабаровск
2025-09-18 15:00:06,Шланг тормозной  SH31337/BH-G317 MH031327  FUSO Y,3,1070,Yamasida,SH-31337,Хабаровск
2025-09-18 15:00:06,Шланг тормозной  SH42657/BH-02477/90947-02477 Y,3,918,Yamasida,90947-02477,Хабаровск
2025-09-18 15:00:06,Шланг тормозной  SH80247S/BH-6927 1-09364-129-0/0-05313-500-0/1-09364-090-0/1 ISUZU FORWARD Y,3,1214,Yamasida,SH-80247S,Хабаровск
2025-09-18 15:00:06,Шланг тормозной  SH80447/BH-6925 1-09364-351-0 ISUZU FORWARD Y,3,1090,Yamasida,SH-80447,Хабаровск
2025-09-18 15:00:06,Шланг тормозной  SH80907/BH-0564 1-09364-197-0  ISUZU GIGA Y,2,1192,Yamasida,SH-80907,Хабаровск
2025-09-18 15:00:06,Шланг тормозной  SH80927/BH-0562 1-09364-190-0  ISUZU GIGA Y,2,1382,Yamasida,SH-80927,Хабаровск
2025-09-18 15:00:06,Шланг тормозной  SH80957/BH-09090 1-09364-206-0/9-0991-134-0/9-09919-134-0/1 Y,3,1122,Yamasida,SH-80957,Хабаровск
2025-09-18 15:00:06,Шланг тормозной  SH81077S/BH-R200 9004-72199 HINO RANGER Y,3,1128,Yamasida,SH-81077S,Хабаровск
2025-09-18 15:00:06,Шланг тормозной  SH81317/BH-6974 8-94468-727-1 ISUZU ELF Y,3,888,Yamasida,SH-81317,Хабаровск
2025-09-18 15:00:06,Шланг тормозной  SH81347/BH-6970 8-94159-294-0 ISUZU ELF Y,8,888,Yamasida,SH-81347,Хабаровск
2025-09-18 15:00:06,Шланг тормозной  SH81577/BH-E321 8-97035-064-0 ISUZU ELF Y,2,1344,Yamasida,8-97035-064-0,Хабаровск
2025-09-18 15:00:06,Шланг тормозной 0-57847-430-1 ORIG,1,11913,Isuzu,0-57847-430-1,Хабаровск
2025-09-18 15:00:06,Шпилька (левая резьба) 1-42337-066-1 / 1-42337-066-2 / CYZ51 / RR BW71L ISUZU  SKV,251,354,SKV,BW71L,Хабаровск
2025-09-18 15:00:06,Шпилька 0443A-E0110 HINO 500 front R  M22*1.5*83  SKV,266,381,SKV,0443A-E0110R,Хабаровск
2025-09-18 15:00:06,Шпилька 1-42337-066-1 / 1-42337-066-2 / CYZ51 / RR BW71R ISUZU  SKV,28,403,SKV,BW71R,Хабаровск
2025-09-18 15:00:06,Шпилька 1-42337-066-1 CYZ51 / RR BW71R ISUZU Diesel,20,510,Diesel,1-42337-066-1,Хабаровск
2025-09-18 15:00:06,Шпилька 1-42337-067-1 /  CYZ51 / FR BW70L ISUZU  SKV !,50,401,SKV,BW70L,Хабаровск
2025-09-18 15:00:06,Шпилька 1-42337-067-1 / 1-42337-044-0 CYZ51 / FR BW70R ISUZU  SKV,5,403,SKV,BW70R,Хабаровск
2025-09-18 15:00:06,"Шпилька 8-94383-436-2 NLR55, NMR85, NPR, NQR  front RH  SKV",301,357,SKV,8-94383-436-2,Хабаровск
2025-09-18 15:00:06,"Шпилька 8-94383-437-2 NLR55, NMR85, NPR, NQR  front LH  SKV",286,357,SKV,8-94383-437-2,Хабаровск
2025-09-18 15:00:06,Шпилька 8-97131-284-1 NQR 71/75 Передняя L 85.5 белая  SKV,1,423,SKV,8-97131-284-1,Хабаровск
2025-09-18 15:00:06,Шпилька BN02L  FUSO/ISUZU 5т. Задняя  L  SKV,23,423,SKV,BN02L,Хабаровск
2025-09-18 15:00:06,Шпилька BN02R  FUSO/ISUZU 5т. Задняя  R  SKV,27,462,SKV,BN02R,Хабаровск
2025-09-18 15:00:06,Шпилька BN03L  ISUZU 5т. Передняя L  SKV !,132,340,SKV,BN03L,Хабаровск
2025-09-18 15:00:06,Шпилька BN03R  ISUZU 5т. Передняя R  SKV !,119,346,SKV,BN03R,Хабаровск
2025-09-18 15:00:06,Шпилька BN04L  ISUZU/FUSO/UD 10т. Задняя  L  SKV,465,442,SKV,BN04L,Хабаровск
2025-09-18 15:00:06,Шпилька BN04R  ISUZU/FUSO/UD 10т. Задняя  R  SKV,167,443,SKV,BN04R,Хабаровск
2025-09-18 15:00:06,Шпилька BN05R2  ISUZU 10т. Передняя R  M24x1.5  SKV,196,394,SKV,BN05R2,Хабаровск
2025-09-18 15:00:06,Шпилька BN09L  HINO 5т. Передняя L  SKV,135,373,SKV,BN09L,Хабаровск
2025-09-18 15:00:06,Шпилька BN10L HINO500 0442A-E0060 HINO 5т. Задняя  L  SKV,232,375,SKV,BN10L,Хабаровск
2025-09-18 15:00:06,Шпилька BN10R HINO500 0442A-E0060 HINO 5т. Задняя  R  SKV,221,375,SKV,BN10R,Хабаровск
2025-09-18 15:00:06,Шпилька BN12L  HINO 10т. Задняя  L  SKV,80,397,SKV,BN12L,Хабаровск
2025-09-18 15:00:06,Шпилька BN12R  HINO 10т. Задняя  R  SKV !,70,397,SKV,BN12R,Хабаровск
2025-09-18 15:00:06,Шпилька BN13L  HINO 10т. Передняя L  SKV !,146,337,SKV,BN13L,Хабаровск
2025-09-18 15:00:06,Шпилька BN13R  HINO 10т. Передняя R  SKV,145,337,SKV,BN13R,Хабаровск
2025-09-18 15:00:06,Шпилька BN20L  HINO/FUSO ЕВРО 10т. унив. L  SKV,306,540,SKV,BN20L,Хабаровск
2025-09-18 15:00:06,Шпилька BN20R  HINO/FUSO ЕВРО 10т. унив. R  SKV,179,538,SKV,BN20R,Хабаровск
2025-09-18 15:00:06,Шпилька BW19L  NPR NEW RR LH SKV,75,443,SKV,BW19L,Хабаровск
2025-09-18 15:00:06,Шпилька BW30L  MMC CANTER Задняя L гайка 38  SKV,75,381,SKV,BW30L,Хабаровск
2025-09-18 15:00:06,Шпилька BW30R  MMC CANTER Задняя R гайка 38  SKV,35,381,SKV,BW30R,Хабаровск
2025-09-18 15:00:06,Шпилька BW31L  MMC CANTER Передняя L гайка 38  SKV,294,357,SKV,BW31L,Хабаровск
2025-09-18 15:00:06,Шпилька BW31R  MMC CANTER Передняя R гайка 38  SKV,234,357,SKV,BW31R,Хабаровск
2025-09-18 15:00:06,"Шпилька BW33L  ISUZU ELF 1,5т Передняя L гайка 35 (диск)  SKV !",100,280,SKV,BW33L,Хабаровск
2025-09-18 15:00:06,"Шпилька BW33R  ISUZU ELF 1,5т Передняя R гайка 35 (диск)  SKV !",93,177,SKV,BW33R,Хабаровск
2025-09-18 15:00:06,Шпилька BW44L  CANTER  Передняя  L гайка 38 (диск)  SKV !,82,238,SKV,BW44L,Хабаровск
2025-09-18 15:00:06,Шпилька BW44R  CANTER  Передняя  R гайка 38 (диск)  SKV !,94,238,SKV,BW44R,Хабаровск
2025-09-18 15:00:06,Шпилька BW62L Rear LH MC891568/MK501079/MB308673  MMC CANTER M20*1.5*83  SKV,100,432,SKV,BW62L,Хабаровск
2025-09-18 15:00:06,Шпилька BW62R Rear RH MC891569/MK501080/MB308672  MMC CANTER M20*1.5*83  SKV,77,355,SKV,BW62R,Хабаровск
2025-09-18 15:00:06,Шпилька BW63L  Front LH MC891568/MK501079/MB308673  MMC CANTER M20*1.5*83  SKV,174,336,SKV,BW63L,Хабаровск
2025-09-18 15:00:06,Шпилька BW63R Front RH MC891569/MK501080/MB308672  MMC CANTER M20*1.5*83  SKV,142,336,SKV,BW63R,Хабаровск
2025-09-18 15:00:06,Шпилька BW68L  Front LH 90942-02071  HINO 300  SKV,222,281,SKV,BW68L,Хабаровск
2025-09-18 15:00:06,Шпилька BW68R Front RH 90942-02072  HINO 300  SKV,235,281,SKV,BW68R,Хабаровск
2025-09-18 15:00:06,Шпилька колеса (в сборе) 51755-45000  HD45/HD65/HD72/HD78 передняя L (гайка 38)  SKV,57,367,SKV,51755-45000L,Хабаровск
2025-09-18 15:00:06,Шпилька колеса (в сборе) 52755-45000 (L) HD45/HD65/HD72/HD78 задняя L (гайка 38)  SKV !,286,346,SKV,52755-45000L,Хабаровск
2025-09-18 15:00:06,Шпилька колеса (в сборе) 52755-45000 (R) HD45/HD65/HD72/HD78 задняя R (гайка 38)  SKV,277,346,SKV,52755-45000R,Хабаровск
2025-09-18 15:00:06,Шпилька колеса L 8-97081-585-4/0/1/2/3 NQR90 ORIG,1,676,Isuzu,8-97081-585-4,Хабаровск
2025-09-18 15:00:06,Шпилька колеса MC862634 Fuso Canter (дисковые тормоза) передняя левая SKV,50,243,SKV,MC862634,Хабаровск
2025-09-18 15:00:06,Шпилька колеса MC862635 Fuso Canter (дисковые тормоза) передняя правая SKV,61,243,SKV,MC862635,Хабаровск
2025-09-18 15:00:06,Шпилька колеса ML236270 Fuso Canter (дисковые тормоза) задняя левая  SKV,30,461,SKV,ML236270,Хабаровск
2025-09-18 15:00:06,Шпилька колеса ML236271 Fuso Canter (дисковые тормоза) задняя правая SKV,24,461,SKV,ML236271,Хабаровск
2025-09-18 15:00:06,"Шпилька колесная 20515515SKV / 20515515 / 265090  M 22x1, 5x98/ 88-10, 9    Volvo ",1,222,SKV,20515515SKV,Хабаровск
2025-09-18 15:00:06,Энергоаккумулятор 47850-1871/SDC-70307 HINO 700 E13C Diesel,3,15845,Diesel,47850-1871,Хабаровск
2025-09-18 15:00:06,Энергоаккумулятор 47850-1881/SDC-70308 HINO 700 E13C Diesel,9,15857,Diesel,478501881,Хабаровск
2025-09-18 15:00:06,Энергоаккумулятор тормозной 1-48250-868-0 L Diesel,2,16491,Diesel,1482508680,Хабаровск
2025-09-18 15:00:06,Энергоаккумулятор тормозной 1-48250-869-1 RH Diesel,2,16478,Diesel,1-48250-869-1,Хабаровск
2025-09-18 15:00:06,Энергоаккумулятор тормозной задний левый 1-48250-878-4/0/1/2/3 FVR34 ORIG,1,80387,Isuzu,1-48250-878-4,Хабаровск
2025-09-18 15:00:06,Энергоаккумулятор тормозной задний правый 1-48250-877-4/0/1/2/3 FVR34 ORIG,1,73680,Isuzu,1482508774,Хабаровск
