Дата,Номенклатура,Остаток,Цена,Производитель,Артикул,Склад
2026-03-25 09:00:03,Адаптер датчика детонации 8-98126-430-0 N-series 4HV1 (CNG) ГАЗ ORIG,1,309,Isuzu,8-98126-430-0,Москва
2026-03-25 09:00:03,Актуатор регулятор давления ТНВД D-129090 / 0928400617 / 612600081583 FAW SHACMAN ISF 3.8 Дизель,1,4100,Дизель,D-129090,Москва
2026-03-25 09:00:03,Амортизатор (демпфер кабины) 215*245*12 (180*245 по центрам сайлентблоков) возможно 133012 Automatic,4,1021,Automatic,133012,Москва
2026-03-25 09:00:03,Амортизатор 1-51630-417-0 / 1-51630-726-0 / 1-51630-512-0 Isuzu 95~ Automatic,10,2592,Automatic,1-51630-417-0,Москва
2026-03-25 09:00:03,Амортизатор 1-87610-154-0/1-51630-417-0/1-51630-726-0 CYZ/EXZ/FXZ ORIG CHINA,18,4324,Isuzu,1876101540,Москва
2026-03-25 09:00:03,Амортизатор 1201R W208-36-700A MAZDA TITAN 89~ Automatic,6,1020,Automatic,1201R,Москва
2026-03-25 09:00:03,Амортизатор 1547113 Scania Automatic,4,2951,Automatic,1547113,Москва
2026-03-25 09:00:03,Амортизатор 1861117 Scania Automatic,2,3190,Automatic,1861117,Москва
2026-03-25 09:00:03,"Амортизатор 2048/48531-80705 /MB515566 /56210-32C25 M.-Titan, WG# WE#, MMC Delica Truck, L300-T Automatic",10,1316,Automatic,2048,Москва
2026-03-25 09:00:03,Амортизатор 2504 / 48531-80554 T-DYNA/TOYOACE NK !,2,1383,Nikoyo,2504,Москва
2026-03-25 09:00:03,"Амортизатор 2663 / 48511-29736 / 48511-80092 DYNA DYNA 150/TOYOACE G15 LY1##,2##,YY1##,2## Automatic",1,1291,Automatic,2663,Москва
2026-03-25 09:00:03,"Амортизатор 2814/S46E-28-700 / E6200-35G26 / 8-94126-840-0 Mazda Bongo, Atlas F23, Nissan Dats Automatic",4,1067,Automatic,2814,Москва
2026-03-25 09:00:03,Амортизатор 2869R / 133012 Демпфер кабины ISUZU CXZ/CXM 89~1-51630-151-1/-105-3 (УУ) Automatic,2,1111,Automatic,2869R,Москва
2026-03-25 09:00:03,"Амортизатор 2894R / 1-51630-132-0 Isuzu 10t FT, FR Automatic",2,1107,Automatic,2894R,Москва
2026-03-25 09:00:03,Амортизатор 3068 / 444040 / 56210-T6227 / MB161655 (УУ) Automatic,4,1111,Automatic,3068,Москва
2026-03-25 09:00:03,Амортизатор 3150 / 444197 DYNA/TOYOACE BU1#/2# (УШ) Automatic,41,897,Automatic,444197,Москва
2026-03-25 09:00:03,"Амортизатор 3269 /444025 /48531-80442/-39757/ 56210-T6125 DYNA BU1##,2##,RZU100,140,XZU130 Automatic",1,1270,Automatic,3269,Москва
2026-03-25 09:00:03,Амортизатор 3271 NK !,4,1225,Nikoyo,3271,Москва
2026-03-25 09:00:03,Амортизатор 3391 / 9-51630-666-0 / 8-94249-402-1 Isuzu ELF150/NHR/ELF250/NKR NKR55 Automatic,10,1194,Automatic,9-51630-666-0,Москва
2026-03-25 09:00:03,Амортизатор 3407 / 3470 / 444211 / MC304889 CANTER FE4# 85 (УШ) Automatic,1,1194,Automatic,3407,Москва
2026-03-25 09:00:03,Амортизатор 3409 / MB161556 CANTER F Automatic,11,1240,Automatic,3409,Москва
2026-03-25 09:00:03,Амортизатор 3576 / 444269 / 8-97253-651-0 ISUZU ELF 250 задний NQR (УУ) Automatic,32,1109,Automatic,444269,Москва
2026-03-25 09:00:03,"Амортизатор 3577 / 8-97253-599-0 ELF250, NKR 55 Automatic",2,1270,Automatic,3577,Москва
2026-03-25 09:00:03,Амортизатор 4046/N3603/445061/MK302296 задний MMC FUSO FM618 Rear (УШ) Automatic,11,1902,Automatic,4046,Москва
2026-03-25 09:00:03,Амортизатор 48500-E0220 HINO 700 Automatic,1,2751,Automatic,48500-E0220,Москва
2026-03-25 09:00:03,Амортизатор 48511-80121/80122 передний TOYOTA DYNA/HINO DUTRO 02~ XZU3# 3822 (УШ) Automatic,2,1312,Automatic,48511-80121,Москва
2026-03-25 09:00:03,Амортизатор 48531-80671 DYNA/TOYOACE 99-04 Automatic,2,1079,Automatic,48531-80671,Москва
2026-03-25 09:00:03,Амортизатор 5016 L440-680 низ втулка 20-32-40 (УШ) Automatic,6,2340,Automatic,5016,Москва
2026-03-25 09:00:03,"Амортизатор 5024/N4604/56101-Z1030/56110-Z2000 передний NISSAN UD CK60,KW30,CZ50 (УШ) Automatic",4,2034,Automatic,5024,Москва
2026-03-25 09:00:03,Амортизатор 5032 / 446005 / 48500-1120/1340 (УУ) Automatic,10,3107,Automatic,5032,Москва
2026-03-25 09:00:03,Амортизатор 5044 / 446032 UD TRUCK/BUS 84~ (УШ) Automatic,1,3154,Automatic,5044,Москва
2026-03-25 09:00:03,Амортизатор 54300-4B700 H100 Porter FR Automatic,14,1090,Automatic,54300-4B700,Москва
2026-03-25 09:00:03,Амортизатор 54300-5K000 / PJAF070 HD78 FR (УШ) Automatic,110,1074,Automatic,54300-5K000,Москва
2026-03-25 09:00:03,Амортизатор 54300-8A810 HYUNDAI ORIG,1,7454,Hyundai-Kia,54300-8A810,Москва
2026-03-25 09:00:03,Амортизатор 55300-4B700 H100 Porter RR Automatic,5,1383,Automatic,55300-4B700,Москва
2026-03-25 09:00:03,Амортизатор 55300-5A120 Hyundai County RR Automatic,1,1270,Automatic,55300-5A120,Москва
2026-03-25 09:00:03,Амортизатор 8-97611-892-1/1-51630-544-3 CXZ/CYL ORIG,2,25041,Isuzu,8-97611-892-1,Москва
2026-03-25 09:00:03,Амортизатор 8-98202-796-0 rear NQR Automatic,2,1257,Automatic,8-98202-796-0,Москва
2026-03-25 09:00:03,Амортизатор 8-98232-673-0/1 / 8-98202-858-0 передний NQR90 (УШ) Automatic,17,1270,Automatic,8-98232-673-0,Москва
2026-03-25 09:00:03,Амортизатор A0063233900 / A0063237400 / 124639 / 9200124639 Mercedes Automatic,4,2307,Automatic,A0063233900,Москва
2026-03-25 09:00:03,Амортизатор A0063266800 / A0053266000 / 462858 Mercedes Automatic,5,2937,Automatic,A0063266800,Москва
2026-03-25 09:00:03,Амортизатор D-125077 / 8-98232-673-0/1 / 8-98202-858-0 передний NQR90 Дизель,1,1566,Дизель,D-125077,Москва
2026-03-25 09:00:03,Амортизатор D-125615 / 9-51630-665-0 (УШ) N-series Дизель,4,1585,Дизель,D-125615,Москва
2026-03-25 09:00:03,Амортизатор D-125616 / 8-97231-573-0 / 8-98320-085-0 задний NKR Дизель,2,1476,Дизель,D-125616,Москва
2026-03-25 09:00:03,Амортизатор D-125761 / 2905010Y30B0 / 54300-7H050 передний JAC N350 Дизель,2,3047,Дизель,D-125761,Москва
2026-03-25 09:00:03,Амортизатор D-126377 / WG9925680031 / WG9731680031 передний Sitrak C7H Дизель,2,1850,Дизель,D-126377,Москва
2026-03-25 09:00:03,Амортизатор D-126378 / 2905010-71A/D передний FAW Дизель,1,1560,Дизель,D-126378,Москва
2026-03-25 09:00:03,Амортизатор D-126666 / 2905010-DR010 передний FAW Дизель,28,1236,Дизель,D-126666,Москва
2026-03-25 09:00:03,Амортизатор D-126714 / WG9925680028 передний HOWO Дизель,11,1346,Дизель,D-126714,Москва
2026-03-25 09:00:03,Амортизатор D-127293 / СК8097 / WG9114680004 / DZ199112680014 передний HOWO/SHAANXI Дизель,6,1583,Дизель,D-127293,Москва
2026-03-25 09:00:03,Амортизатор D-127437 / 48531-37250 / 48531-37200 задний HINO300 Дизель,18,1222,Дизель,D-127437,Москва
2026-03-25 09:00:03,Амортизатор D-127439 / 54300-5A300 правый передний Hyundai County Дизель,37,1194,Дизель,D-127439,Москва
2026-03-25 09:00:03,Амортизатор D-127460 / 3166 / 8-97253-658-0 ELF250 NKR Дизель,35,1372,Дизель,D-127460,Москва
2026-03-25 09:00:03,Амортизатор D-127461 / 3169 / 444028 / 8-97160-081-0 передний (УШ) IS ELF NHR/HINO500 Дизель,6,1259,Дизель,D-127461,Москва
2026-03-25 09:00:03,Амортизатор D-127462 / 3178 / 8-97253-633-0 / MC096225 Дизель,9,1205,Дизель,D-127462,Москва
2026-03-25 09:00:03,Амортизатор D-127467 / 3575 / 444268 / 8-97253-617-0 / 48511-89215 передний (УШ) NQR71/75 NQR Дизель,29,1201,Дизель,D-127467,Москва
2026-03-25 09:00:03,Амортизатор D-127469 / 3769 / 48511-89215 HINO 300 / TOYOTA DYNA XZU (УШ) Дизель,20,1222,Дизель,D-127469,Москва
2026-03-25 09:00:03,Амортизатор D-127470 / 3794 / 444261 / 8-97106-605-0 ISUZU ELF 250 F I/O (УШ) Дизель,7,1372,Дизель,D-127470,Москва
2026-03-25 09:00:03,Амортизатор D-127478 / 55300-5K001 задний HD78 Дизель,98,1194,Дизель,D-127478,Москва
2026-03-25 09:00:03,Амортизатор D-127487 / 48500-E0410 / SA013 передний HINO700 Дизель,1,2681,Дизель,D-127487,Москва
2026-03-25 09:00:03,Амортизатор D-127613 / 2915010LE010 задний JAC N90 Дизель,2,1797,Дизель,D-127613,Москва
2026-03-25 09:00:03,Амортизатор D-128415 / WG9925688101 Sitrak Дизель,2,2344,Дизель,D-128415,Москва
2026-03-25 09:00:03,Амортизатор D-129118 / 8-94167-460-1 задний N-series Дизель,2,1397,Дизель,D-129118,Москва
2026-03-25 09:00:03,Амортизатор E3275 / 3275 / 56110-R8028 /-T3027 ATLAS/CONDOR/ CABSTAR/CARAVAN/HOMY URVAN Automatic,56,1248,Automatic,E3275,Москва
2026-03-25 09:00:03,Амортизатор задний 2031227 Scania Automatic,8,3079,Automatic,2031227,Москва
2026-03-25 09:00:03,Амортизатор задний 48530-E0410 HINO 700 Automatic,4,2588,Automatic,48530-E0410,Москва
2026-03-25 09:00:03,Амортизатор задний 5011290500630/1802905005330/П50.11.2905006-30/180-2915006-31 Automatic,4,2988,Automatic,5011290500630,Москва
2026-03-25 09:00:03,Амортизатор задний 55300-5Н500 / 5Н000 PARTSMALL HD-72,2,1310,Noname,55300-5Н500,Москва
2026-03-25 09:00:03,Амортизатор кабины 1-51630-603-0 / 4720 / 5460 / 133022 ISUZU FORWARD CX (УШ) Automatic,17,1221,Automatic,1-51630-603-0,Москва
2026-03-25 09:00:03,Амортизатор кабины 313956 / A9438904419 Mercedes SACHS !,4,12144,Sachs,313 956,Москва
2026-03-25 09:00:03,Амортизатор кабины 52270-1030 / S50A0-E0130 / S50A0-E0180 HINO500 (УУ) Automatic,55,1164,Automatic,52270-1030,Москва
2026-03-25 09:00:03,Амортизатор кабины 56100-00Z08/133005 NISSAN UD CK6 (ШШ) Automatic,35,1255,Automatic,56100-00Z08,Москва
2026-03-25 09:00:03,Амортизатор кабины 811W41722-6032 HOWO T5G ORIG,8,4033,Howo,811W41722-6032,Москва
2026-03-25 09:00:03,Амортизатор кабины D-125089 / 1-51630-607-0 (ШШ) ISUZU CX/CY/CV Дизель,4,1441,Дизель,D-125089,Москва
2026-03-25 09:00:03,Амортизатор кабины D-125329 / 1-51630-603-0/472-0/546-0 / 133022 (УШ) ISUZU FORWARD CXZ Дизель,4,964,Дизель,D-125329,Москва
2026-03-25 09:00:03,Амортизатор кабины D-125758 / 64337-Y3B00 задний JAC N350 Дизель,1,2344,Дизель,D-125758,Москва
2026-03-25 09:00:03,Амортизатор кабины D-126713 / WG1642440021 задний поперечный HOWO/SHACMAN X3000 Дизель,6,1303,Дизель,D-126713,Москва
2026-03-25 09:00:03,Амортизатор кабины D-126912-D / 5001020-А01 передний FAW J6 4180 4250 Дизель,2,645,Дизель,D-126912-D,Москва
2026-03-25 09:00:03,Амортизатор кабины D-127292 / 811W41722-6032 HOWO T5G Дизель,3,2614,Дизель,D-127292,Москва
2026-03-25 09:00:03,Амортизатор кабины D-127446 / N133019 / 133019 / MK996353 (УШ) MMC FUSO EP/FU/FV/FY Дизель,14,1027,Дизель,D-127446,Москва
2026-03-25 09:00:03,Амортизатор кабины D-127484 / S50B0-E0190 / S50B0-E0200 / 101004 / 52270-1410 HINO700 Дизель,10,1248,Дизель,D-127484,Москва
2026-03-25 09:00:03,Амортизатор кабины зад 895273 Iveco/SABO,2,9031,Iveco,895273,Москва
2026-03-25 09:00:03,Амортизатор кабины задний 20050 / A9438903919 / 311189 Auger !,4,4966,Auger,20050,Москва
2026-03-25 09:00:03,Амортизатор кабины задний 313957 /A9438904919 / A9438904619 Mercedes SACHS,1,9795,Sachs,313 957,Москва
2026-03-25 09:00:03,Амортизатор кабины задний A9428904719 / 131275,1,2631,Sachs,131 275,Москва
2026-03-25 09:00:03,Амортизатор кабины задний S5227-01040 / 52270-1040 HINO500 Automatic,3,1192,Automatic,S5227-01040,Москва
2026-03-25 09:00:03,Амортизатор кабины задний внутренний 312649 / A9438905019 Mercedes / Sachs !,4,7007,Sachs,312 649,Москва
2026-03-25 09:00:03,Амортизатор кабины перед 811W41722-6022 HOWO T5G ORIG,2,4238,Howo,811W41722-6022,Москва
2026-03-25 09:00:03,Амортизатор кабины перед 81417226060/383020 DieselTechnic !,1,4934,Diesel Technic,3.83020,Москва
2026-03-25 09:00:03,Амортизатор кабины передний 1-51630-604-0 ISUZU CXH/CYH/CXZ/CYZ 95~ Automatic,4,1220,Automatic,1-51630-604-0,Москва
2026-03-25 09:00:03,Амортизатор кабины передний 315153/ BK9500232/464467/A9408904919/463121 Sachs,2,18542,Sachs,315 153,Москва
2026-03-25 09:00:03,Амортизатор кабины передний 464467/A9408904919 / BK9500232/463121/315153 DieselTechnic !,1,7239,Diesel Technic,4.63121,Москва
2026-03-25 09:00:03,"Амортизатор кабины передний Aктрос A9438903819 / 311663 / 20095 14*25*44,5",2,5277,Auger,20095,Москва
2026-03-25 09:00:03,Амортизатор кабины поперечный DZ15221443020 / CK3017 SHACMAN M3000 Дизель,2,975,JMC,DZ15221443020,Москва
2026-03-25 09:00:03,Амортизатор перед 5-87610-128-1/0 NPR/NQR ORIG,1,2162,Isuzu,5-87610-128-1,Москва
2026-03-25 09:00:03,Амортизатор перед 8-97253-618-0 NQR71/75 (с кронштейном для АБС) Automatic,99,1347,Automatic,8-97253-618-0,Москва
2026-03-25 09:00:03,Амортизатор передний 41226700 / 41296210 / 41272902 (ухо-ухо) Iveco Orig !,1,10731,Iveco,41296210,Москва
2026-03-25 09:00:03,Амортизатор передний 54300-5H500 HD72 FR (УШ) Automatic,58,1109,Automatic,54300-5H500,Москва
2026-03-25 09:00:03,Амортизатор передний 8-98320-455-0/8-98033-271-0/8-98197-652-0 NLR/NMR 85(LHD)E4 ORIG,4,4468,Isuzu,8983204550,Москва
2026-03-25 09:00:03,Амортизатор подвески 310781/A0053263600 Mercedes / SACHS !,8,4779,Sachs,310 781,Москва
2026-03-25 09:00:03,Амортизатор подвески задний Actros 462858 /A0053266000 / A0063266800 Mercedes /DieselTechnic !,4,6427,Diesel Technic,4.62858,Москва
2026-03-25 09:00:03,Амортизатор подкабинный MK996374-S,2,1032,JMC,MK996374-S,Москва
2026-03-25 09:00:03,Амортизатор сидения 463565 / A0019191245 / 122737 Mercedes / DieselTechnic !,1,3942,Diesel Technic,463565,Москва
2026-03-25 09:00:03,Амортизатор сидения D-125762 / P780010103020000 JAC N350 Дизель,1,1540,Дизель,D-125762,Москва
2026-03-25 09:00:03,Амортизатор сиденья 42538424 / 122737SP / 463565 Iveco Orig !,1,8891,Iveco,42538424,Москва
2026-03-25 09:00:03,Амортизатор сиденья 93161639 Iveco Orig !,2,11299,Iveco,93161639,Москва
2026-03-25 09:00:03,Бак топливный D-128442 / WG9925550011 HOWO T5G Дизель,3,22084,Дизель,D-128442,Москва
2026-03-25 09:00:03,Бак топливный D-130796 / 1101010-DR100 FAW Дизель,1,14046,Дизель,D-130796,Москва
2026-03-25 09:00:03,"Балансир задней рессоры 8-97614-049-2 / 1-51385-091-2 (2 стремянки) C,E-series ORIG",6,92585,Isuzu,8-97614-049-2,Москва
2026-03-25 09:00:03,Балансир подвески 2239965SKV / 1404352 / 311.01.009 / 56640 / 302504 SCANIA 4/P/G/R/T M145x2/110x140,3,15551,SKV,2239965SKV,Москва
2026-03-25 09:00:03,Балансир рессоры задней D-126989 / 49330-1351 Hino 700 Дизель,2,11827,Дизель,D-126989,Москва
2026-03-25 09:00:03,Балансир рессоры задней D-126990 / 34-669 / 1-57385-014-0 / 1-51385-039-1 Isuzu 10т 4WD Дизель,2,9425,Дизель,D-126990,Москва
2026-03-25 09:00:03,Балансир рессоры задней D-129121 / MC032144 / 34-668 RH 3 стремянки 10т Fuso XLD Дизель,2,10065,Дизель,D-129121,Москва
2026-03-25 09:00:03,Балансир рессоры задней D-129122 / MC032145 / 34-668 LH 3 стремянки 10т Fuso XLD Дизель,2,9625,Дизель,D-129122,Москва
2026-03-25 09:00:03,Балансир рессоры задней в сборе D-129123 / 34-669 / 1-57385-014-0 / 1513850391 10т Isuzu 4WD Дизель,1,10903,Дизель,D-129123,Москва
2026-03-25 09:00:03,Балка переднего моста 8-97145-406-5/8-97145-406-3 NQR75/NQR71 ORIG,8,64495,Isuzu,8-97145-406-5,Москва
2026-03-25 09:00:03,"Балка передняя 1-43111-178-3 C,F-series ORIG",2,208409,Isuzu,1-43111-178-3,Москва
2026-03-25 09:00:03,Балка передняя 8-97137-588-5 NQR71/75 ORIG,13,74290,Isuzu,8-97137-588-5,Москва
2026-03-25 09:00:03,Балка передняя 8-97262-000-4 NLR/NMR85 ORIG,2,92048,Isuzu,8-97262-000-4,Москва
2026-03-25 09:00:03,Балка передняя 8-98038-384-3 NPR75 ORIG,3,66676,Isuzu,8-98038-384-3,Москва
2026-03-25 09:00:03,Балка передняя 8-98199-271-1 NQR90 ORIG,6,71795,Isuzu,8-98199-271-1,Москва
2026-03-25 09:00:03,Балка передняя D-125376 / 8-98038-384-0 NPR75 Дизель,5,38119,Дизель,D-125376,Москва
2026-03-25 09:00:03,Балка передняя D-126441 / AZ4071415001 Sitrak C7H Дизель,1,38222,Дизель,D-126441,Москва
2026-03-25 09:00:03,Балка поперечная 199100590000 HOWO,1,2359,Howo,199100590000,Москва
2026-03-25 09:00:03,Баллон воздушный (ресивер) 59210-5K001 Hyundai HD65/72/78 ORIG,6,2883,Hyundai-Kia,59210-5K001,Москва
2026-03-25 09:00:03,Бампер (средняя часть) WG1664245001 HOWO ORIG,2,7055,CNHTC,WG1664245001,Москва
2026-03-25 09:00:03,Бампер 004-001-HNU/HNPR03012/52101-9351 широкий HINO SH1E/2P/FH2P 03~ GA дефект,3,10462,JMC,004-001-HNU,Москва
2026-03-25 09:00:03,Бампер накладка верх 004-001-MBQ-T1/MBGR97061/MC962016 FP/FS/FT/FU/FV/FY5# 97-06` GA дефект,4,2953,JMC,004-001-MBQ-T1,Москва
2026-03-25 09:00:03,Бампер накладка левая низ HNPR03016/004-001-HNU-D-L широкий HINO SH1E/2P/FH2P 03~ GA !,1,995,JMC,HNPR03016,Москва
2026-03-25 09:00:03,Бампер накладка низ 004-001-NSI-D/NSBT-92061 N-DIESEL CW520/CD45/CG45 89-97 GA дефект,2,3905,JMC,004-001-NSI-D,Москва
2026-03-25 09:00:03,Бампер накладка правая низ HNPR03015/004-001-HNU-D-R широкий HINO SH1E/2P/FH2P 03~ GA !,1,995,JMC,HNPR03015,Москва
2026-03-25 09:00:03,Бампер передний (в сборе) MC974577 Fuso Canter FE85 ORIG,1,34166,Mitsubishi,MC974577,Москва
2026-03-25 09:00:03,Бампер передний 1-71211-427-2 CXH/CYH/EXZ/CXZ ORIG,2,46015,Isuzu,1-71211-427-2,Москва
2026-03-25 09:00:03,Бампер передний 86510-5K000 Hyundai HD65/72 ORIG дефект,2,6485,Hyundai-Kia,86510-5K000,Москва
2026-03-25 09:00:03,Бампер передний 86510-5M000 HYUNDAI Mighty ORIG дефект,1,6485,Hyundai-Kia,86510-5M000,Москва
2026-03-25 09:00:03,Бампер передний MC978517 Fuso Canter TF ORIG,2,46848,Mitsubishi,MC978517,Москва
2026-03-25 09:00:03,Бампер хром 004-001-HNU-1/HNPR03012/52101-9351 широкий HINO SH1E/2P/FH2P 03~ GA !,1,14046,JMC,004-001-HNU-1,Москва
2026-03-25 09:00:03,"Барабан тормозной 1-42315-336-1 C,F-series SKV",10,9150,SKV,1-42315-336-1,Москва
2026-03-25 09:00:03,"Барабан тормозной BPW 300х200х260 (о.н.0310946060), (Sonder), (16.005.0117)",2,11095,JMC,16.005.0117,Москва
2026-03-25 09:00:03,Барабан тормозной D-128043 / 51761 / 52761-5A101 / 52761-5A102 / XZH-32-016 5шп 85мм COUNTY Дизель,72,5332,Дизель,D-128043,Москва
2026-03-25 09:00:03,Барабан тормозной F/R D-126712 / 52761-5K501 / 52761-5K500 / 51761-5K500 6шп 110мм HD65/72/78 Дизель,44,4939,Дизель,D-126712,Москва
2026-03-25 09:00:03,Барабан тормозной F/R D-128973 / 51761-5H200 / 52761-5H200 / XZH-32-018 6шп 85мм HD65/72 Дизель,63,5562,Дизель,D-128973,Москва
2026-03-25 09:00:03,Барабан тормозной задний 1-42315-377-2/0/1 C/E-series SKV,17,15833,SKV,1-42315-377-2,Москва
2026-03-25 09:00:03,Барабан тормозной задний 8-98171-473-0 NQR ORIG,4,18332,Isuzu,8-98171-473-0,Москва
2026-03-25 09:00:03,Барабан тормозной задний D-125766 / AK35021282BZ3 / HFF3502128CK2BZ JAC N350 Дизель,10,17261,Дизель,D-125766,Москва
2026-03-25 09:00:03,Барабан тормозной задний D-127295 / A3054230401 / A3054230701 Mercedes Дизель,16,9331,Дизель,D-127295,Москва
2026-03-25 09:00:03,Барабан тормозной задний D-128618 / 81.50110.0144 H=300 d=410 SHAANXI F3000 Дизель,1,8587,Дизель,D-128618,Москва
2026-03-25 09:00:03,Барабан тормозной задний S4351-24100 / 43512-4100 HINO700 (ТЯГАЧ) BELTON,4,13564,Belton,43512-4100,Москва
2026-03-25 09:00:03,Барабан тормозной пер 42102142 / 7183049 / 2066410004 Iveco !,1,8402,Iveco,42102142,Москва
2026-03-25 09:00:03,Барабан тормозной перед. 51761-7H000 HYUNDAI HD270 D6CA SKV,7,10812,SKV,51761-7H000,Москва
2026-03-25 09:00:03,"Барабан тормозной передний 1-42315-365-0/BD3650 (10 отв.) C,F-series SKV",1,9721,SKV,1-42315-365-0,Москва
2026-03-25 09:00:03,Барабан тормозной передний 3103015M10 N120 JAC ORIG,2,11899,JAC,3103015M10,Москва
2026-03-25 09:00:03,Барабан тормозной передний 8-97188-115-0 ISUZU SKV,35,6376,SKV,8-97188-115-0,Москва
2026-03-25 09:00:03,Барабан тормозной передний 8-98171-472-0 NQR ORIG,4,24893,Isuzu,8-98171-472-0,Москва
2026-03-25 09:00:03,Барабан тормозной передний 8-98171-472-0 NQR SKV,39,6339,SKV,8-98171-472-0,Москва
2026-03-25 09:00:03,Барабан тормозной передний D-128416 / 3501571-4Е 10 отв. Faw J5/J6 Дизель,6,6975,Дизель,D-128416,Москва
2026-03-25 09:00:03,Барабан тормозной передний D-129126 / 3501571-4E FAW 4250 Дизель,2,6533,Дизель,D-129126,Москва
2026-03-25 09:00:03,Бачок омывателя D-127986 / 8-98039-663-2 FVR34 FSR90 FSR34 Дизель,3,4176,Дизель,D-127986,Москва
2026-03-25 09:00:03,Бачок омывателя в сборе D-129083 / DZ15221743020 SHACMAN X3000 Дизель,1,1574,Дизель,D-129083,Москва
2026-03-25 09:00:03,Бачок омывателя с мотором D-129127 / 5207010A109 FAW 3252 3312 Дизель,1,986,Дизель,D-129127,Москва
2026-03-25 09:00:03,Бачок омывателя с моторчиком AZ1642860002/1 Howo/,2,817,Howo,AZ1642860002/1,Москва
2026-03-25 09:00:03,Бачок расширительный 1607100LE030 JAC N75/N80/N120 ORIG,1,927,JAC,1607100LE030,Москва
2026-03-25 09:00:03,Бачок расширительный 25360-5L201 Hyundai HD65/78 D4GA ORIG,4,8569,Hyundai-Kia,25360-5L201,Москва
2026-03-25 09:00:03,Бачок расширительный D-126443 / 1311020-76A/G FAW Дизель,1,1463,Дизель,D-126443,Москва
2026-03-25 09:00:03,Бачок стеклоомывателя 8-98039-663-2 FVR34/FSR90/FSR34 ORIG,1,7882,Isuzu,8-98039-663-2,Москва
2026-03-25 09:00:03,Блок клапанов управления блокировкой дифференциала D-125770 / 2410100H3A10 JAC N350 Дизель,1,6112,Дизель,D-125770,Москва
2026-03-25 09:00:03,Блок переключения АКПП WG2209210001 HOWO ORIG,1,62103,Howo,WG2209210001,Москва
2026-03-25 09:00:03,Блок подготовки воздуха ZB4730 Knorr-Bremse !,1,36130,Knorr Bremse,K042283N00,Москва
2026-03-25 09:00:03,"Блок управления датчика скорости 1-80190-157-0 КПП MAL/MJX C,E,F series ORIG",1,27259,Isuzu,1801901570,Москва
2026-03-25 09:00:03,Блок управления двигателем 39100-48010 HYUNDAI D4GA ORIG,1,109956,Hyundai-Kia,39100-48010,Москва
2026-03-25 09:00:03,Блок управления доп. отоп A0004469529 Mercedes ориг,1,78016,Mercedes-Benz,A0004469529,Москва
2026-03-25 09:00:03,Блок управления климат-контролем D-126449 / 712W61942-0630 Howo/Sitrak C7H/MAN Дизель,1,6167,Дизель,D-126449,Москва
2026-03-25 09:00:03,Блок управления отопителем 8-98034-326-0/1-83543-058-0 C-series ORIG,2,57013,Isuzu,8-98034-326-0,Москва
2026-03-25 09:00:03,Блок управления стеклоподъемником двери L D-126450 / 812W28230-6010 Sitrak C7H Дизель,1,2082,Дизель,D-126450,Москва
2026-03-25 09:00:03,Блок цилиндров (в сборе) QC000566 Fuso Canter TF ORIG,2,365585,Mitsubishi,QC000566,Москва
2026-03-25 09:00:03,Блокиратор вилки WTB10*21*8-6G120 JAC ORIG,1,333,JAC,WTB10*21*8-6G120,Москва
2026-03-25 09:00:03,"Болт (пробка) слива масла с поддона 9-09662-012-0 M20X16.5 C,E,F series ORIG",5,771,Isuzu,9-09662-012-0,Москва
2026-03-25 09:00:03,"Болт 0-10861-670-0 M16*70 C,F-series ORIG",1,504,Isuzu,0-10861-670-0,Москва
2026-03-25 09:00:03,"Болт 0-20951-440-0 M14*40 C,F-series ORIG",1,305,Isuzu,0-20951-440-0,Москва
2026-03-25 09:00:03,"Болт 1-09044-072-1 M8*65 F,N-series ORIG",1,222,Isuzu,1-09044-072-1,Москва
2026-03-25 09:00:03,Болт 55-9456 Thermo King,4,1807,Thermo King,55-9456,Москва
2026-03-25 09:00:03,Болт 60530733 / A9452680474 Mercedes / Euroricambi !,2,440,Euroricambi,60.53.0733,Москва
2026-03-25 09:00:03,Болт 60531671 /A3892651674 / A9452652774 Mercedes /Euroricambi,2,635,Euroricambi,60531671,Москва
2026-03-25 09:00:03,Болт A0099908601 Mercedes ориг !,1,499,Mercedes-Benz,A 009 990 86 01,Москва
2026-03-25 09:00:03,Болт A3892651674 / A9452652774 / 60531671 Mercedes ориг !,10,2072,Mercedes,A 389 265 16 74,Москва
2026-03-25 09:00:03,Болт D-125334 / 9-09801-290-1 M22*155 ISUZU Дизель,3,320,Дизель,D-125334,Москва
2026-03-25 09:00:03,Болт FE-018 /MB-308935/FKT-018A12*38 p1.0 PM,7,170,Paul Master,FKT-018A,Москва
2026-03-25 09:00:03,Болт FHB-1340/ MC802645 / FUSO MK117 / 12X40 PM,9,143,Paul Master,FHB-1340,Москва
2026-03-25 09:00:03,"Болт FTB-1035 / MH001714 10,5*35 PM",1,129,Paul Master,FTB-1035,Москва
2026-03-25 09:00:03,Болт G-001-1 / fhb-1345 FUSO FV415 12*45mm p1.25 PM,2,137,Paul Master,FHB-1345,Москва
2026-03-25 09:00:03,Болт G-003-1 / FTB-1350 FUSO FV419 12X50mm PM,3,204,Paul Master,FTB-1350,Москва
2026-03-25 09:00:03,"Болт G-004 16X50 p1,5 / HHB-1650 PM",9,223,Paul Master,G-004,Москва
2026-03-25 09:00:03,"Болт G-005 / ikt-1460e / 1-09000-582-0 ISUZU CXZ 14X60 p2,0 PM",2,204,Paul Master,IKT-1460E,Москва
2026-03-25 09:00:03,"Болт G-006-1/UKT-1460C 14X60mm p1,5 38166-90007 PM",10,189,Paul Master,G-006-1,Москва
2026-03-25 09:00:03,"Болт G-006/HKT-1468C 14X68 p1,5 / 9019-14219 PM",4,204,Paul Master,9019-14219,Москва
2026-03-25 09:00:03,"Болт G-007 / HHB-1650 16X50 p1,5 PM",2,227,Paul Master,G-007,Москва
2026-03-25 09:00:03,"Болт G-008 / HTB-1250 / 9019-12397 12X50 p1,25 PM",10,205,Paul Master,G-008,Москва
2026-03-25 09:00:03,"Болт G-010-2A / G-1045BS 10X10X45mm p1,25 (нерж.) PM",10,207,Paul Master,G-1045BS,Москва
2026-03-25 09:00:03,"Болт G-010-6 / G-10100B 10X10X100mm p1,25 PM",10,170,Paul Master,G-010-6,Москва
2026-03-25 09:00:03,"Болт G-010-6B/G-10100 10X10X100mm p1,5 PM",10,213,Paul Master,G-010-6B,Москва
2026-03-25 09:00:03,"Болт G-010-7B/G-10120 10X10X120mm p1,5 PM",1,241,Paul Master,G-10120,Москва
2026-03-25 09:00:03,"Болт G-010-8B /G-10150 10X10X150mm p1,5 PM",7,167,Paul Master,G-10150,Москва
2026-03-25 09:00:03,"Болт G-010-9B/G-10180 (S45c) 10X10X180mm p1,5 PM",2,316,Paul Master,G-010-9B,Москва
2026-03-25 09:00:03,"Болт G-010A / SZ116-10129 / G-1060S 10X10X60 p1,5 (нерж.) PM",8,241,Paul Master,G-010A,Москва
2026-03-25 09:00:03,"Болт G-016 14X46 p1,5 LH PM",7,140,Paul Master,G-016,Москва
2026-03-25 09:00:03,"Болт G-018-1 /9029-12204/HKT-1260D 12X60 p1,75 PM",4,129,Paul Master,G-018-1,Москва
2026-03-25 09:00:03,Болт G-019-3/G-0865 8*8*65mm p1.25 PM,2,137,Paul Master,G-0865,Москва
2026-03-25 09:00:03,Болт G-019-4 /G-0875 8*8*75mm p1.25 PM,2,178,Paul Master,G-0875,Москва
2026-03-25 09:00:03,Болт G-021 /FHB-1030/MB-000137 10*30mm PM,1,118,Paul Master,G-021,Москва
2026-03-25 09:00:03,Болт G-022 /9059-14109/HHB-1445 14*45mm PM,11,230,Paul Master,G-022,Москва
2026-03-25 09:00:03,Болт M22*155 9-09801-290-1 ORIG,1,1207,Isuzu,9-09801-290-1,Москва
2026-03-25 09:00:03,"Болт M8*23 8-97378-077-0 C,E,F,N,Q series ORIG",2,187,Isuzu,8-97378-077-0,Москва
2026-03-25 09:00:03,"Болт M8*35 0-28050-835-0 F,C,N-series ORIG",2,182,Isuzu,0-28050-835-0,Москва
2026-03-25 09:00:03,Болт MA-006 /MKT-006/ W728-26-117 10*40mm p1.25 PM,4,238,Paul Master,MKT-006,Москва
2026-03-25 09:00:03,Болт MB301509,1,87,JMC,MB301509,Москва
2026-03-25 09:00:03,Болт MK667352 Fuso Canter TF ORIG,1,92,Mitsubishi,MK667352,Москва
2026-03-25 09:00:03,Болт OTB-1037 M10*10.2*35 PM,2,129,Paul Master,OTB-1037,Москва
2026-03-25 09:00:03,Болт TO-007 / TTB-007 / 90114-11124 PM,2,296,Paul Master,TTB-007,Москва
2026-03-25 09:00:03,"Болт амортизатора 0334014120SKV / 03.340.14.12.0 BPW М24х3,0х275 DIN 931",3,309,SKV,0334014120,Москва
2026-03-25 09:00:03,"Болт амортизатора 180500245520SKV / 02.5023.20.80 BPW М20х2,5х200",2,146,SKV,180500245520,Москва
2026-03-25 09:00:03,"Болт амортизатора полуприцепа Schmitz 1086695SKV M16x1,5х122-10.9 SKV",196,125,SKV,1086695SKV,Москва
2026-03-25 09:00:03,Болт балансира с отверстием M16 L=55 HOWO Q171C1655TF2,2,59,JMC,Q171C1655TF2,Москва
2026-03-25 09:00:03,Болт блокировки шкворня D-125771 / HFF3001042CK3GFTP JAC N350 Дизель,4,268,Дизель,D-125771,Москва
2026-03-25 09:00:03,Болт буксы балансира D-128744 / 9-09801-290-1 M22х155 ISUZU Дизель,14,253,Дизель,D-128744,Москва
2026-03-25 09:00:03,Болт ГБЦ 22321-42001 / 22321-42000 D4BF Hyundai Porter TYB,2,144,TYB,22321-42001,Москва
2026-03-25 09:00:03,Болт ГБЦ 22321-4A000 D4CB Hyundai Porter2/Kia Bongo3 TYB,2,270,TYB,22321-4A000,Москва
2026-03-25 09:00:03,Болт ГБЦ 8-94399-555-0 4HK1 4HF1 4HG1 ORIG,16,414,Isuzu,8-94399-555-0,Москва
2026-03-25 09:00:03,Болт ГБЦ D-125333 / 8-97133-416-0 М11х114 4JJ1 N-series Дизель,8,141,Дизель,D-125333,Москва
2026-03-25 09:00:03,Болт ГБЦ D-125379 / 8-94399-555-0 4HK1 4HF1 4HG1 Дизель,12,253,Дизель,D-125379,Москва
2026-03-25 09:00:03,Болт ГБЦ D-125502 / 8-97087-660-0 NPR 4HE1 Дизель,5,535,Дизель,D-125502,Москва
2026-03-25 09:00:03,Болт ГБЦ D-125560 / 8-97077-638-0 4HF1 4HG1 4HK1 Дизель,1,234,Дизель,D-125560,Москва
2026-03-25 09:00:03,Болт ГБЦ D-125773 / 612630040269 JAC N350 WP10 E-5 Дизель,2,151,Дизель,D-125773,Москва
2026-03-25 09:00:03,Болт ГБЦ D-126719 / 612600040452 JAC N350 WP10 E-5 Дизель,16,209,Дизель,D-126719,Москва
2026-03-25 09:00:03,Болт ГБЦ D-127297 / 8-97077-638-0 4HF1 4HG1 4HK1 Дизель,8,285,Дизель,D-127297,Москва
2026-03-25 09:00:03,Болт ГБЦ D-128454 / 1003046-36D FAW CA6DL1/2 Дизель,12,362,Дизель,D-128454,Москва
2026-03-25 09:00:03,Болт ГБЦ D-128746 / 8-94399-555-0 4HK1 4HF1 4HG1 Дизель,14,118,Дизель,D-128746,Москва
2026-03-25 09:00:03,Болт ГБЦ D-128747 / 8-97133-416-0 М11х114 4JJ1 N-series Дизель,20,137,Дизель,D-128747,Москва
2026-03-25 09:00:03,Болт ГБЦ D-130797 / 61500010185S JAC N350 WP10 E-5 Дизель,8,238,Дизель,D-130797,Москва
2026-03-25 09:00:03,Болт ГБЦ M12*120 0-28156-212-0/0-28186-212-0/1-09044-070-0 C-series 6WG1 ORIG,15,302,Isuzu,0-28156-212-0,Москва
2026-03-25 09:00:03,Болт ГБЦ M18*115 8-98245-540-0/1-09070-141-0/1-09070-114-2 C-series 6WG1 ORIG,4,884,Isuzu,8-98245-540-0,Москва
2026-03-25 09:00:03,Болт головки блока цилидров 8-98201-019-0/8-97144-583-2 NJR/NKR/NLR/NMR 011- ORIG,21,476,Isuzu,8-98201-019-0,Москва
2026-03-25 09:00:03,Болт головки блока цилидров D-128124 / 8-98201-019-0 / 8-97144-583-2 NJR NKR NLR NMR 011- Дизель,2,295,Дизель,D-128124,Москва
2026-03-25 09:00:03,Болт для слива воды ФГОТ D-129132 / 1105080E50A/A E-5 FAW Дизель,13,48,Дизель,D-129132,Москва
2026-03-25 09:00:03,Болт карданный M16*1.5*50 020058/06027925213 MAN SKV,16,70,SKV,06027925213SKV,Москва
2026-03-25 09:00:03,Болт клапанной крышки 0-28050-880-0 6WF1-T CYZ ORIG,2,314,Isuzu,0-28050-880-0,Москва
2026-03-25 09:00:03,Болт колесный D-126778 / WG9100410212 Sitrak C7H Дизель,20,216,Дизель,D-126778,Москва
2026-03-25 09:00:03,Болт коллектора выпускного D-129130 / 1008046-29D FAW CA6DL1/2 CA6DN1 Дизель,16,232,Дизель,D-129130,Москва
2026-03-25 09:00:03,Болт крепления 0-28051-045-0 M10x45 ORIG,1,181,Isuzu,0-28051-045-0,Москва
2026-03-25 09:00:03,Болт крепления M10*16 0-28051-016-0 ORIG,2,183,Isuzu,0280510160,Москва
2026-03-25 09:00:03,Болт крепления V-образной тяги D-129883 / WG9725520114 М22*110 HOWO Дизель,3,265,Дизель,D-129883,Москва
2026-03-25 09:00:03,Болт крепления заднего амортизатора (нижний) 8-97316-972-0 N-series ORIG,1,618,Isuzu,8973169720,Москва
2026-03-25 09:00:03,Болт крепления задней рессоры D-125327 / 1-51356-140-0 Дизель,5,329,Дизель,D-125327,Москва
2026-03-25 09:00:03,"Болт крепления колеса A3814010571 M22x1,5x108,5/98 10,9 SKV",40,133,SKV,A3814010571,Москва
2026-03-25 09:00:03,Болт крепления крышки клапанной D-129133 / 1003061C81D FAW Дизель,6,232,Дизель,D-129133,Москва
2026-03-25 09:00:03,"Болт крепления маховика двигателя 1-09070-017-1 6WF1-T E-3 CYZ51, C/E-Series ORIG",8,741,Isuzu,1-09070-017-1,Москва
2026-03-25 09:00:03,Болт крепления маховика двигателя D-128518 / 8-97178-013-0 M16х42 N-Serie Дизель,7,244,Дизель,D-128518,Москва
2026-03-25 09:00:03,"Болт крепления пневморессоры 0250709500SKV / 02.5070.95.00 М16х2,0х65 10,9",53,69,SKV,0250709500,Москва
2026-03-25 09:00:03,"Болт крепления пневморессоры М16х2,0х75 10,9 0250709600SKV / 02.5070.96.00/18988005203/18988005200",4,55,SKV,0250709600,Москва
2026-03-25 09:00:03,Болт крепления рессоры задней D-126383 / 1-51356-140-0 Дизель,6,283,Дизель,D-126383,Москва
2026-03-25 09:00:03,"Болт крепления топливной трубки 8-98037-826-0 M12*27 C,E,F-Series 00'- ORIG",1,607,Isuzu,8-98037-826-0,Москва
2026-03-25 09:00:03,Болт крепления тяги реактивной D-126452 / ZQ18518155TF6 18*155 Sitrak C7H Дизель,2,150,Дизель,D-126452,Москва
2026-03-25 09:00:03,Болт кронштейна балансира D-128748 / 9-92061-855-0 / 0-20951-855-0 M18х55 C/E/F series Дизель,3,248,Дизель,D-128748,Москва
2026-03-25 09:00:03,Болт кронштейна балансира M18*55 9-92061-855-0/0-20951-855-0 C/E/F series ORIG,7,850,Isuzu,9-92061-855-0,Москва
2026-03-25 09:00:03,"Болт кронштейна кабины 0-28661-435-0 M14x35 F,N-series ORIG",3,231,Isuzu,0-28661-435-0,Москва
2026-03-25 09:00:03,Болт крышки балансира (M18X48.5) 1-09044-038-2 CYZ51/CXZ/EXZ/F ORIG,2,940,Isuzu,1-09044-038-2,Москва
2026-03-25 09:00:03,Болт крышки балансира D-125062 / 1-09044-038-2 M18X48.5 ISUZU CYZ51/CXZ/EXZ Дизель,5,125,Дизель,D-125062,Москва
2026-03-25 09:00:03,Болт маховика D-130466 / 200V90020-0419 HOWO T5G Дизель,5,310,Дизель,D-130466,Москва
2026-03-25 09:00:03,Болт оси рокеров 0-58330-825-0 М8*25 4JJ ORIG,16,203,Isuzu,0-58330-825-0,Москва
2026-03-25 09:00:03,Болт оси рокеров 0-58330-840-0 М8*40 4JJ ORIG,16,230,Isuzu,0583308400,Москва
2026-03-25 09:00:03,Болт переднего рычага 54563-3K000 HYUNDAI H-1/Grand Starex G4KC/G4KE ORIG,1,253,Hyundai-Kia,54563-3K000,Москва
2026-03-25 09:00:03,Болт поддона D-125774 / 90011430019 JAC N350 WP10 E-5 Дизель,5,30,Дизель,D-125774,Москва
2026-03-25 09:00:03,Болт полуоси 9-09804-239-1 FSR90 ORIG,2,282,Isuzu,9-09804-239-1,Москва
2026-03-25 09:00:03,Болт реактивной тяги D-125776 / 55565-Y30R0 короткий JAC N350 Дизель,1,42,Дизель,D-125776,Москва
2026-03-25 09:00:03,"Болт реактивной тяги D-127877 / ZQ151B20180TF6 M20*1,5 HOWO Дизель",22,238,Дизель,D-127877,Москва
2026-03-25 09:00:03,Болт реактивной штанги М20х240мм 16618924 / 6602020240 Europart,4,343,Europart,6602 020 240,Москва
2026-03-25 09:00:03,Болт регулировки усил.сцепл. IS-039 / ICR-039 125 mm PM,2,592,Paul Master,ICR-039,Москва
2026-03-25 09:00:03,Болт регулировочный торм цилиндров S4747-51490 HINO 500 E-3/4 ORIG,1,2384,Hino,S4747-51490,Москва
2026-03-25 09:00:03,Болт регулировочный тормозного цилиндра 1-47623-035-2 FVR34/CYZ52/CYZ51 ORIG,57,952,Isuzu,1-47623-035-2,Москва
2026-03-25 09:00:03,Болт регулировочный цилиндра тормозного D-128749 / 1-47623-035-2 FVR34 CYZ52 CYZ51 Дизель,10,248,Дизель,D-128749,Москва
2026-03-25 09:00:03,Болт рессоры 06014944935SKV MAN TGA/TGX/TGS/TGM M20x2/260 K10 DIN 931/8.8 SKV,8,191,SKV,06014944935,Москва
2026-03-25 09:00:03,Болт рессоры D-126734 / ZQ151B24205TF6 Sitrak C7H Дизель,2,494,Дизель,D-126734,Москва
2026-03-25 09:00:03,Болт рессоры RR передний D-126382 / 8-98011-488-0 / 8-97033-967-0 NPR75 NPR85 NQR90 NLR85 Дизель,4,201,Дизель,D-126382,Москва
2026-03-25 09:00:03,"Болт рессоры М30x3,5х197 9746-2912478 SKV",42,340,SKV,97462912478,Москва
2026-03-25 09:00:03,Болт рулевого управления 16682734 / 16682735 SBE !,1,69,JMC,16682735,Москва
2026-03-25 09:00:03,Болт стабилизатора D-129899 / ZQ151B12100 заднего HOWO Дизель,5,71,Дизель,D-129899,Москва
2026-03-25 09:00:03,Болт стакана маслянного фильтра (ниж.) 8-98018-846-0 N series ORIG,5,433,Isuzu,8-98018-846-0,Москва
2026-03-25 09:00:03,"Болт стяжной 0-10856-480-0 M14*80 RR F,C-series ORIG",3,457,Isuzu,0-10856-480-0,Москва
2026-03-25 09:00:03,Болт топливной системы CU-001/CU-2237С p1.5*37mm DIA 22mm PM,3,214,Paul Master,CU-2237C,Москва
2026-03-25 09:00:03,Болт топливной системы CU-002 / CU-2037 p1.5*37mm DIA 20mm PM,3,307,Paul Master,CU-2037,Москва
2026-03-25 09:00:03,Болт топливной системы CU-003 p1.5*35mm DIA 18mm PM !,2,238,Paul Master,CU-003,Москва
2026-03-25 09:00:03,Болт топливной системы CU-007B / CU-1230D p1.75*30mm DIA 12mm PM,2,238,Paul Master,CU-007B,Москва
2026-03-25 09:00:03,Болт топливной системы CU-010 / CU-1224B p1.25*24mm DIA 12mm PM,3,224,Paul Master,CU-1224B,Москва
2026-03-25 09:00:03,Болт топливной системы CU-012B / CU-1026C p1.5*26mm DIA 10mm PM,10,185,Paul Master,CU-1026C,Москва
2026-03-25 09:00:03,Болт топливной системы CU-015A / CU-0828A p1.0*28mm DIA 8mm PM,2,161,Paul Master,CU-0828A,Москва
2026-03-25 09:00:03,Болт топливной системы CU-0828B/ CU-015B p1.25*28mm DIA 8mm PM,9,246,Paul Master,CU-015B,Москва
2026-03-25 09:00:03,Болт топливной системы CU-1020A / CU-014A p1.0*20mm DIA PM,2,158,Paul Master,CU-1020A,Москва
2026-03-25 09:00:03,Болт топливной системы CU-1020B / CU-013A p1.25*20mm DIA 10mm PM,2,121,Paul Master,CU-1020B,Москва
2026-03-25 09:00:03,Болт топливной системы CU-1020C / CU-012C p1.5*20mm DIA 10mm PM,5,158,Paul Master,CU-1020C,Москва
2026-03-25 09:00:03,Болт топливной системы CU-1223A / CU-011 p1.0*23mm DIA 12mm PM,3,166,Paul Master,CU-1223A,Москва
2026-03-25 09:00:03,Болт топливной системы CU-1230B p1.75*30mm PM,3,67,JMC,CU-1230B,Москва
2026-03-25 09:00:03,Болт топливной системы CU-1230C / CU-009B p1.5*30mm DIA 12mm PM,1,238,Paul Master,CU-1230C,Москва
2026-03-25 09:00:03,Болт топливной системы CU-1655C 1.5*55 mm PM,3,592,Paul Master,CU-1655C,Москва
2026-03-25 09:00:03,Болт форсунки охлаждения поршня 8-98285-334-0 ORIG,3,1554,Isuzu,8-98285-334-0,Москва
2026-03-25 09:00:03,Болт центральный 0334014250 M24X2 /260 SKV,50,268,SKV,0334014250,Москва
2026-03-25 09:00:03,"Болт центральный D-127055 / CB02 М10*1,5 with head 14*8*12 150mm Дизель",7,92,Дизель,D-127055,Москва
2026-03-25 09:00:03,"Болт центральный D-127059 / CB06 М16*1,5 with head 24*12 ISUZU 350mm Дизель",50,269,Дизель,D-127059,Москва
2026-03-25 09:00:03,"Болт центральный D-127063 / CB10 М14*1,5 with head 20*25*16.5 300mm Дизель",50,147,Дизель,D-127063,Москва
2026-03-25 09:00:03,"Болт центральный D-129043 / М16х1,5х300 Дизель",79,183,Дизель,D-129043,Москва
2026-03-25 09:00:03,Болт центральный D-129097 / 2912161-260 M16х320 задняя рессора FAW Дизель,4,202,Дизель,D-129097,Москва
2026-03-25 09:00:03,"Болт центральный D-129903 М18*1,5*300 Дизель",70,129,Дизель,D-129903,Москва
2026-03-25 09:00:03,Болт центральный M16*1.5 721282 Errevi Iveco,5,453,Errevi,721282,Москва
2026-03-25 09:00:03,Болт центральный стакана маслянного фильтра 8-98018-847-0 N series ORIG,2,2439,Isuzu,8-98018-847-0,Москва
2026-03-25 09:00:03,"Болт шестерни распредвала 8-94396-439-0 F,N-series M14*40 ORIG",4,210,Isuzu,8-94396-439-0,Москва
2026-03-25 09:00:03,Болт шкива коленчатого вала M16*43 5-09000-273-2 4JJ1/4JB1 ORIG,2,384,Isuzu,5-09000-273-2,Москва
2026-03-25 09:00:03,Брызговик (подкрылок) D-129099 40х40см ISUZU Дизель,1,347,Дизель,D-129099,Москва
2026-03-25 09:00:03,Брызговик (подкрылок) D-129100 / 55-8764 50х50см ISUZU Дизель,1,395,Дизель,D-129100,Москва
2026-03-25 09:00:03,Брызговик (подкрылок) D-129103 / 97203 60х50см ISUZU Дизель,1,495,Дизель,D-129103,Москва
2026-03-25 09:00:03,Брызговик (подкрылок) задний правый D-129046 / 8511200W5000 JAC N35 Дизель,1,2036,Дизель,D-129046,Москва
2026-03-25 09:00:03,Брызговик (подкрылок) кабины L D-128722 / DZ13241230413 SHAANXI F3000/X3000 Дизель,1,1229,Дизель,D-128722,Москва
2026-03-25 09:00:03,Брызговик (подкрылок) левый 1-79931-067-7 / 8-98123-038-1 ORIG,1,5812,Isuzu,1-79931-067-7,Москва
2026-03-25 09:00:03,Брызговик (подкрылок) левый 8-98196-109-0 FVR34 ORIG,2,10626,Isuzu,8-98196-109-0,Москва
2026-03-25 09:00:03,Брызговик (подкрылок) левый D-125778 / 8403110LE094 N120 JAC Дизель,1,6504,Дизель,D-125778,Москва
2026-03-25 09:00:03,Брызговик (подкрылок) правый D-128308 / 812W61230-0206 SITRAK C7H Дизель,1,2046,Дизель,D-128308,Москва
2026-03-25 09:00:03,Брызговик 8-97218-080-0 NPR/NQR ORIG,1,1340,Isuzu,8-97218-080-0,Москва
2026-03-25 09:00:03,Брызговик задний левый 5512700U1510 S5 JAC ORIG,3,285,JAC,5512700U1510,Москва
2026-03-25 09:00:03,Брызговик задний правый 5512800U1510 S5 JAC ORIG,1,285,JAC,5512800U1510,Москва
2026-03-25 09:00:03,Брызговик левый 8403100LE010 JAC ORIG,1,1683,JAC,8403100LE010,Москва
2026-03-25 09:00:03,Брызговик передний L 8-98134-826-2 C-series ORIG,1,2357,Isuzu,8-98134-826-2,Москва
2026-03-25 09:00:03,Брызговик передний R 8-98134-825-2 C-series ORIG,1,2406,Isuzu,8-98134-825-2,Москва
2026-03-25 09:00:03,"Букса балансира HINO / две стремянки, втулка 100х110х90 / SAB010 / S4950E0011; S4950-E0011 /",1,16114,JMC,S4950-E0011,Москва
2026-03-25 09:00:03,Вакуумный усилитель сцепления D-125331 / 8-97166-854-1 4HK1 NPR/NQR 93~ Дизель,1,2935,Дизель,D-125331,Москва
2026-03-25 09:00:03,Вакуумный усилитель сцепления D-127134 / 8-98033-837-0 NPR75/NQR90 4РHK1 Дизель,1,2497,Дизель,D-127134,Москва
2026-03-25 09:00:03,Вакуумный усилитель сцепления MC113122 810-03101 Y,3,9801,Yamasida,MC113122,Москва
2026-03-25 09:00:03,Вакуумный усилитель тормоза D-127763 / HDA-024 / 203-07150 короткий Дизель,1,12001,Дизель,D-127763,Москва
2026-03-25 09:00:03,Вакуумный усилитель тормоза D-128026 / MK585075 Дизель,9,6683,Дизель,D-128026,Москва
2026-03-25 09:00:03,Вакуумный усилитель тормоза D-128221 / HDA-023 / 203-07040 длинный Дизель,1,9987,Дизель,D-128221,Москва
2026-03-25 09:00:03,Вал (ось) вилки сцепления 1-31342-336-0 F-series ORIG,1,7238,Isuzu,1-31342-336-0,Москва
2026-03-25 09:00:03,Вал 60171268 / A9423530435 Mercedes / Euroricambi !,1,43953,Euroricambi,60171268,Москва
2026-03-25 09:00:03,Вал балансира 23311-4A700 HYUNDAI Porter II D4CB ORIG,2,3046,Hyundai-Kia,23311-4A700,Москва
2026-03-25 09:00:03,Вал балансира 23321-4A700 HYUNDAI Porter II D4CB ORIG,2,3046,Hyundai-Kia,23311-4A700,Москва
2026-03-25 09:00:03,Вал балансира D-126992 / MC010800 / MC054800 / 11-206 (ф125) Дизель,2,11332,Дизель,D-126992,Москва
2026-03-25 09:00:03,"Вал балансира D-127085 / 1-51381-010-0 115*105*346mm, ремонтный Дизель",2,8723,Дизель,D-127085,Москва
2026-03-25 09:00:03,"Вал балансира D-127086 / 1-51381-010-0 115*100*346 mm, ремонтный Дизель",5,8723,Дизель,D-127086,Москва
2026-03-25 09:00:03,Вал вилки диференциала A9483530035 Mercedes ориг !,2,3102,Mercedes,A 948 353 00 35,Москва
2026-03-25 09:00:03,Вал вилки синхронизатора КПП D-129861 / WG2214100054 HOWO T5G Дизель,2,1030,Дизель,D-129861,Москва
2026-03-25 09:00:03,Вал карданный (задняя часть) 2201100LE010 N75 JAC ORIG,1,13490,JAC,2201100LE010,Москва
2026-03-25 09:00:03,Вал карданный (раздатка-средний мост) 41218075/41218072/120014411 Wichmann,1,73098,Wichmann,120014411,Москва
2026-03-25 09:00:03,Вал карданный 1443мм S003843 / A6544105307 / A654410530780 Mercedes / Sass !,1,90054,Sass,S.003.843,Москва
2026-03-25 09:00:03,Вал карданный 41201807 / S003559 / BK9900660 / S004410 L=1525 мм (крестовина 48) BERG KRAFT !,1,72747,Bergkraft,BK9900660,Москва
2026-03-25 09:00:03,Вал карданный 41201807 / S003559 / BK9900660 / S004410 L=1525 мм (крестовина 48) Sass,1,60600,Sass,S.004.410,Москва
2026-03-25 09:00:03,Вал карданный 56360-5K300 HYUNDAI HD78 ORIG,1,10950,Hyundai-Kia,56360-5K300,Москва
2026-03-25 09:00:03,Вал карданный D-125782 / 49400-Y307004 JAC N350 Дизель,1,21021,Дизель,D-125782,Москва
2026-03-25 09:00:03,Вал карданный D-126453 / AZ9370312010 L=2010 Sitrak C7H Дизель,1,33356,Дизель,D-126453,Москва
2026-03-25 09:00:03,Вал карданный D-128382 / AZ9270311667 SITRAK Дизель,1,30052,Дизель,D-128382,Москва
2026-03-25 09:00:03,Вал карданный D-129236 / 2201010-X074 FAW Дизель,1,11120,Дизель,D-129236,Москва
2026-03-25 09:00:03,Вал карданный межосевой (шлицевая часть) L=417 крестовины GUIS-67 Diesel,1,13533,Дизель,GUIS-67-D,Москва
2026-03-25 09:00:03,Вал карданный межосевой D-129137 / 37041-90062 / XLD-C201-5 / GUN41 без фланца 485x600mm Дизель,2,23741,Дизель,D-129137,Москва
2026-03-25 09:00:03,Вал карданный рулевой D-130883 / 8-97094-625-1 / ST-ASIS-005 L=282mm ISUZU N-series Дизель,1,1406,Дизель,D-130883,Москва
2026-03-25 09:00:03,Вал карданный среднего моста D-129096 / 2205010-56V/B L=1506 FAW Дизель,1,36936,Дизель,D-129096,Москва
2026-03-25 09:00:03,Вал КПП 8-98223-607-0/8-98160-120-0/8-98133-783-0/8-98005-608-2/1 F-series ORIG,1,29345,Isuzu,8-98223-607-0,Москва
2026-03-25 09:00:03,Вал КПП вилки D-125780 / JS180-1601023-7 JAC N350 Дизель,1,1917,Дизель,D-125780,Москва
2026-03-25 09:00:03,Вал КПП вторичный J-1701201-00-06 JAC ORIG,1,9938,JAC,J-1701201-00-06,Москва
2026-03-25 09:00:03,Вал КПП вторичный Z-1701201-00-02 JAC N35 ORIG,1,9104,JAC,Z-1701201-00-02,Москва
2026-03-25 09:00:03,Вал КПП первичный B-1701111-10-02 N75 JAC ORIG,1,5977,JAC,B-1701111-10-02,Москва
2026-03-25 09:00:03,Вал КПП первичный D-125087 / 8-97350-006-0 MYY6S Z=26 N-series Дизель,5,5152,Дизель,D-125087,Москва
2026-03-25 09:00:03,Вал КПП первичный QD43220T-05970 Hyundai HD65/72/County D4GA ORIG,5,12665,Hyundai-Kia,QD43220T05970,Москва
2026-03-25 09:00:03,Вал КПП промежуточный D-128092 / 8-97380-627-0/1 NPR75/NQR90 Дизель,2,22059,Дизель,D-128092,Москва
2026-03-25 09:00:03,"Вал КПП промежуточный D-128494 / 43410-5H020 HYUNDAI HD78, County D4DB/DD Дизель",5,13807,Дизель,D-128494,Москва
2026-03-25 09:00:03,Вал КПП промежуточный Z-1701301-00-00 JAC N35 ORIG,2,10168,JAC,Z-1701301-00-00,Москва
2026-03-25 09:00:03,Вал масляного насоса 200V38516-5020 SITRAK C7H ORIG,1,3355,CNHTC,200V38516-5020,Москва
2026-03-25 09:00:03,Вал планетарной шестерни 3200190010 JAC N35 ORIG,2,607,JAC,3200190010-B,Москва
2026-03-25 09:00:03,Вал редуктора среднего моста D-128350 / 712-35611-0019 SITRAK Дизель,1,4558,Дизель,D-128350,Москва
2026-03-25 09:00:03,Вал рокеров 24511-42500 HYUNDAI Porter ORIG,2,2380,Hyundai-Kia,24511-42500,Москва
2026-03-25 09:00:03,Вал рулевой D-126660 / 711-46113-62316260LXLH / AZ962547390129 Sitrak C7H Дизель,2,3689,Дизель,D-126660,Москва
2026-03-25 09:00:03,Вал тормозной задний 2-й мост левый 362501/A6234230136/01350280/1593102100/460405 Mercedes/DieselTechnic,1,3559,Diesel Technic,4.60405,Москва
2026-03-25 09:00:03,Вал тормозной задний 2-й мост правый 03.010.1905.870/A6234230236/362500/460406 Mercedes/Templin !,1,3123,Templin,03.010.1905.870,Москва
2026-03-25 09:00:03,Вал тормозной левый 531мм 464844/A9424230136/1591618600/WS7567 L Mercedes /DieselTechnic !,2,3942,Diesel Technic,4.64844,Москва
2026-03-25 09:00:03,Вал тормозной передний левый D-128593 / 3502151C242/A Faw J6 3250 Дизель,2,1778,Дизель,D-128593,Москва
2026-03-25 09:00:03,Вал тормозной передний правый D-128590 / 3501152C242/A Faw J6 3250 Дизель,1,1849,Дизель,D-128590,Москва
2026-03-25 09:00:03,Вал тормозной правый 531мм 464845 / A9424230036 / 1591618500 Mercedes /DieselTechnic !,2,3327,Diesel Technic,4.64845,Москва
2026-03-25 09:00:03,Венец маховика 612600020208 JAC N350 WP10 E-5 ORIG,1,3586,JAC,612600020208,Москва
2026-03-25 09:00:03,Венец маховика D-126668 / ME012548 114t 4D35/33 Дизель,2,1691,Дизель,D-126668,Москва
2026-03-25 09:00:03,Венец маховика D-126670 / 8-97046-366-0 138t 4HF1 4HG1 4HK1 Дизель,1,1738,Дизель,D-126670,Москва
2026-03-25 09:00:03,"Венец маховика D-127025 / ME032645 / ME072527 129t 6D16, 6D17, 6M60, 4M50 Дизель",1,2320,Дизель,D-127025,Москва
2026-03-25 09:00:03,Вентилятор охлаждения двигателя D-126456 / 1308010-263 FAW Дизель,1,2621,Дизель,D-126456,Москва
2026-03-25 09:00:03,Вентилятор охлаждения двигателя D-128808 / MZ-006 / SL01-23-906 / SE01-23-906 MAZDA SL Дизель,2,994,Дизель,D-128808,Москва
2026-03-25 09:00:03,Вентилятор охлаждения двигателя D-128809 / NS-1581 / 21060-2T700 NISSAN TD25/TD27/QD32 Дизель,1,1053,Дизель,D-128809,Москва
2026-03-25 09:00:03,Вентилятор охлаждения двигателя D-129140 / ME013493 / MB-5181 MITSUBISHI 4M40 4D33 Дизель,4,1220,Дизель,D-129140,Москва
2026-03-25 09:00:03,Вентилятор охлаждения двигателя D-129826 / MZ-005 / MZ-14 / MZ2781 MAZDA SL Дизель,2,1188,Дизель,D-129826,Москва
2026-03-25 09:00:03,Вентилятор охлаждения радиатора D-125023 / 5-13662-012-1/0 N-series 2004/NPR71 4HF1/6BG1/6BF1 Дизель,2,1443,Дизель,D-125023,Москва
2026-03-25 09:00:03,Вентилятор охлаждения радиатора D-126386 / 8-98190-058-0 / 8-97367-381-0 510x174x160mm 4HK1 Дизель,1,1529,Дизель,D-126386,Москва
2026-03-25 09:00:03,Вентилятор охлаждения с муфтой 1308010LE359 JAC N120 ORIG,1,18511,JAC,1308010LE359,Москва
2026-03-25 09:00:03,Вилка выжимного подшипника C-007-2 / HCF-007 31233-1180 PM,1,4153,Paul Master,HCF-007,Москва
2026-03-25 09:00:03,Вилка выжимного подшипника сцепления 55512 / A6552501513 / 9448/22752 Mercedes / Auger !,2,2739,Auger,55512,Москва
2026-03-25 09:00:03,Вилка демультипликатора D-129860 / WG2214100001 HOWO T5G Дизель,2,2089,Дизель,D-129860,Москва
2026-03-25 09:00:03,Вилка КПП 1-ой и зад передачи ME507181 Fuso Canter TF ORIG,15,11096,Mitsubishi,ME507181,Москва
2026-03-25 09:00:03,Вилка КПП 3-4 ой передачи ME534839 Fuso Canter ORIG,7,7164,Mitsubishi,ME534839,Москва
2026-03-25 09:00:03,Вилка КПП 3-4 передач QW43665-6A340 D6DA HD120 ORIG,1,3843,Hyundai-Kia,QW43665-6A340,Москва
2026-03-25 09:00:03,Вилка КПП 4-й и 5-й передачи 8-97362-732-1 MYY6S N-series ORIG,1,5747,Isuzu,8-97362-732-1,Москва
2026-03-25 09:00:03,"Вилка сцепления 8-97255-303-0 4HG1/4HK1/4JJ1 NQR-71/75, NLR/NMR85 ORIG",2,3670,Isuzu,8972553030,Москва
2026-03-25 09:00:03,Вилка сцепления D-128656 / JS180-1601021-12 SHACMAN X3000 Дизель,1,1412,Дизель,D-128656,Москва
2026-03-25 09:00:03,Вилка сцепления QW41433-6A340/GK87V-165200 Hyundai HD120 D6DA ORIG,5,2904,Hyundai-Kia,QW41433-6A340,Москва
2026-03-25 09:00:03,Винт регулировочный рокеров D-126457 / 200V04205-5009 Sitrak C7H Дизель,2,285,Дизель,D-126457,Москва
2026-03-25 09:00:03,Винт фиксации двери 51-1928 Thermo King,4,1478,Thermo King,51-1928,Москва
2026-03-25 09:00:03,Вискомуфта вентилятора A5412001622 / A5412001322 / 7033401/LK086 Mercedes ориг !,1,49710,Mercedes,A 541 200 16 22,Москва
2026-03-25 09:00:03,Вискомуфта вентилятора без крыльчатки 41213991/060496 SAMPA !,1,14213,Sampa,060.496-01,Москва
2026-03-25 09:00:03,Вкладыш распредвала 21181-84000 HYUNDAI HD250/260/270/370/500 ORIG,1,433,Hyundai-Kia,21181-84000,Москва
2026-03-25 09:00:03,Вкладыш упорный 8-97386-548-0 4HF1/4HG1/6HE1/6HH1/6HK1 ORIG,3,1410,Isuzu,8-97386-548-0,Москва
2026-03-25 09:00:03,Вкладыш шатунный верх 1004027FB040 JAC N35 ORIG,5,1199,JAC,1004027FB040,Москва
2026-03-25 09:00:03,Вкладыш шатунный ниж 1004021FB040 JAC N35 ORIG,1,111,JAC,1004021FB040,Москва
2026-03-25 09:00:03,"Вкладыши коленвала D-125599 / 11703-2000 / S1170-32000 0,25 7пар/к-т HINO500 Дизель",1,3349,Дизель,D-125599,Москва
2026-03-25 09:00:03,Вкладыши коренные 4HG1/4HF/4HK M4547K 0.25 DAIDO,1,3714,Daido Metal,M4547K-0.25,Москва
2026-03-25 09:00:03,Вкладыши коренные 4HG1/4HF/4HK M4547K 0.25 L.L.E,2,2291,L.L.E.,M4547K-0.25,Москва
2026-03-25 09:00:03,"Вкладыши коренные 4JJ1/4JG1 D-125022 / 8-97387-965-0 GRADE=2 (10шт/кт) N,Q-series Дизель",2,1373,Дизель,D-125022,Москва
2026-03-25 09:00:03,"Вкладыши коренные 4JJ1/4JG1 D-127068 / 8-97387-966-0 GRADE=3 (10шт/кт) N,Q-series Дизель",1,890,Дизель,D-127068,Москва
2026-03-25 09:00:03,Вкладыши коренные 612600012208 JAC N350 WP10 E-5 ORIG,1,6449,JAC,612600012208,Москва
2026-03-25 09:00:03,Вкладыши коренные 6D16T/6D17T/6M60/6M60-T M6325K-0.25/M146H-025/ME995345 /993943 DAIDO,1,5401,Daido Metal,M6325K-0.25,Москва
2026-03-25 09:00:03,Вкладыши коренные 8-97372-077-1 STD BLACK (ком-т на шейку=2шт) 4HK1/6HK1/4HG1/4HЕ1 ORIG,1,2149,Isuzu,8-97372-077-1,Москва
2026-03-25 09:00:03,Вкладыши коренные 8PD1/10PD1/12PD1 MP4040K-0.25/MP198H-025/1-11510-077-0/068-0/078-0 ПАРА DAIDO,1,1114,Daido Metal,MP4040K-0.25,Москва
2026-03-25 09:00:03,"Вкладыши коренные D-125105 / 8-97387-965-0, grade=2, 10шт/кт, N,Q-series 4JJ1/4JG1 Дизель",4,952,Дизель,D-125105,Москва
2026-03-25 09:00:03,Вкладыши коренные D-125322 / 8-97387-964-0 (комплект на шейку из 2 шт) 4JJ1 Дизель,1,734,Дизель,D-125322,Москва
2026-03-25 09:00:03,"Вкладыши коренные D-125377 / 8-97387-966-0, grade=3, 10шт/кт, N/Q-series 4JJ1/4JG1 Дизель",2,1276,Дизель,D-125377,Москва
2026-03-25 09:00:03,Вкладыши коренные D-125598 / 11701-2140 / S1170-12140 1к-т 7 пар HINO 500 Дизель,1,4616,Дизель,D-125598,Москва
2026-03-25 09:00:03,Вкладыши коренные D-125788 / 612600012208 JAC N350 WP10 E-5 Дизель,1,7681,Дизель,D-125788,Москва
2026-03-25 09:00:03,"Вкладыши коренные D-126387 / 8-98053-578-0, grade=0, N-series 4JJ1 Дизель",1,932,Дизель,D-126387,Москва
2026-03-25 09:00:03,"Вкладыши коренные D-126388 / 8-98053-576-0, grade=0, crank 3, N-series 4JJ1 Дизель",2,888,Дизель,D-126388,Москва
2026-03-25 09:00:03,"Вкладыши коренные D-126389 / 8-97387-968-0 / 8-97288-121-0, grade=5, N-series 4JJ1 Дизель",2,755,Дизель,D-126389,Москва
2026-03-25 09:00:03,Вкладыши коренные D-130309 / MP1104K-0.25 / 11701-2160A / -2170A / -2180A пара Дизель,2,521,Дизель,D-130309,Москва
2026-03-25 09:00:03,Вкладыши коренные D-130896 / 8-97372-076-/077-/078-1/0 STD BROWN 4HK1/6HK1 ISUZU/HITACHI Дизель,6,653,Дизель,D-130896,Москва
2026-03-25 09:00:03,Вкладыши коренные H06C/C-T/H07C/C-T/07D M1108K-0.25/M218H1-025/11703-1552/1591/1680 DAIDO,1,5820,Daido Metal,M1108K-0.25,Москва
2026-03-25 09:00:03,Вкладыши коренные J08C-TI/J08ETM M1106K-STD/M224H-STD/11701-2110A/2140 DAIDO,1,5382,Daido Metal,M1106K-STD,Москва
2026-03-25 09:00:03,Вкладыши коренные J08C/J08E MP1107K-0.25 на шейку к/вала DAIDO METAL,2,537,Daido Metal,MP1107K-0.25,Москва
2026-03-25 09:00:03,Вкладыши коренные J08C/J08E MP1107K-STD / 11701-2110A на шейку к/вала DAIDO METAL,2,1110,Daido Metal,MP1107K-STD,Москва
2026-03-25 09:00:03,Вкладыши коренные MP4040K-0.25 / MP198H-025 / 1-11510-077-0/680/780/981 ПАРА L.L.E,2,580,L.L.E.,MP4040K-0.25,Москва
2026-03-25 09:00:03,Вкладыши коренные STD 21020-45020 HYUNDAI HD72/78 D4AL/DB/DD ORIG,1,3628,Hyundai-Kia,21020-45020,Москва
2026-03-25 09:00:03,Вкладыши коренные STD D-129141 / L6100000-PJZW FAW J6 Дизель,3,3168,Дизель,D-129141,Москва
2026-03-25 09:00:03,Вкладыши распредвала C176L-STD 4FB1,2,682,JMC,C176L-STD,Москва
2026-03-25 09:00:03,Вкладыши распредвала D-128095 / 8-97386-189-0 10шт/к-т ISUZU 4HG1 4HK1 4HF1 Дизель,1,2296,Дизель,D-128095,Москва
2026-03-25 09:00:03,Вкладыши упорные 4JB1/4JG2/4JH1-T T4651A-0.25/8-94453-520-0/8-97383-740-0 /8-98040-704-0 DAIDO METAL,1,361,Daido Metal,T4651A-0.25,Москва
2026-03-25 09:00:03,Вкладыши упорные 8-97383-740-0 / 8-98040-704-0 4JJ1/4JH1-T/4JG2/4JB1 ORIG,1,758,Isuzu,8-97383-740-0,Москва
2026-03-25 09:00:03,Вкладыши упорные F17C/F17C-T/F17D/F17D-T/F17E/F20C/EF550/EF750 T1123K-STD/11011-1210 DAIDO,2,2195,Daido Metal,T1123K-STD,Москва
2026-03-25 09:00:03,Вкладыши шатунные 0.25 4HF1/4HG1 R801H (8 шт/компл),1,1752,Дизель,R801H,Москва
2026-03-25 09:00:03,Вкладыши шатунные 8-97358-234-0 STD 4JJ1/4JB1 NLR85 ORIG,7,1220,Isuzu,8-97358-234-0,Москва
2026-03-25 09:00:03,Вкладыши шатунные 8-97616-358-0 STD 4HK1-T NQR90/NQR/NPR75 (пара) ORIG,1,2783,Isuzu,8-97616-358-0,Москва
2026-03-25 09:00:03,Вкладыши шатунные 8-97616-359-0/8-98055-479-0 STD YELLOW 4HK1/6HK1 (на шейку) ORIG,7,1880,Isuzu,8-97616-359-0,Москва
2026-03-25 09:00:03,"Вкладыши шатунные 8-98064-282-0 STD GREEN 4HE1-T N,F series (пара) ORIG",2,2695,Isuzu,8-98064-282-0,Москва
2026-03-25 09:00:03,Вкладыши шатунные 8PD1/10PD1/12PD1 RP4040K-STD/RP198H-STD/1-12271-076-0/ 1-12271-043-0 ПАРА DAIDO,6,922,Daido Metal,RP4040K-STD,Москва
2026-03-25 09:00:03,"Вкладыши шатунные D-125625 / 8-97175-128-0 0,50 пара N-series 4HV1 (CNG) ГАЗ Дизель",2,500,Дизель,D-125625,Москва
2026-03-25 09:00:03,"Вкладыши шатунные D-128196 / 8-97175-127-0 0,25 пара N-series 4HV1 (CNG) ГАЗ Дизель",2,518,Дизель,D-128196,Москва
2026-03-25 09:00:03,Вкладыши шатунные D-130319 / R3329K-025 / R092H-025 / 12117-Z5561 FE6 Дизель,2,2085,Дизель,D-130319,Москва
2026-03-25 09:00:03,Вкладыши шатунные D-130324 / RP3320K-0.25 пара RD8 RE8 RF8 RD10 RE10 RF10 Дизель,2,425,Дизель,D-130324,Москва
2026-03-25 09:00:03,Вкладыши шатунные FE6 R3329K-0.25/R092H-STD/12117-Z5561 DAIDO,2,4640,Daido Metal,R3329K-025,Москва
2026-03-25 09:00:03,Вкладыши шатунные HE1-T/6HK1-T 8-98064-281-0 STD YELLOW (на 1 шатун) ORIG,2,1162,Isuzu,8-98064-281-0,Москва
2026-03-25 09:00:03,Вкладыши шатунные RD10 / RE10 / RF10 / 12117-97069 / RP3322K-025 (пара) DAIDO,2,576,Daido Metal,RP3322K-0.25,Москва
2026-03-25 09:00:03,Вкладыши шатунные TF/TM R8350A-STD/R326A-STD/TF01-11-SE0A DAIDO,1,1971,Daido Metal,R8350A-STD,Москва
2026-03-25 09:00:03,Включатель стоп-сигнала WG9100710006 Howo,2,224,Howo,WG9100710006,Москва
2026-03-25 09:00:03,Внутрикабинный фонарь ML250099 Fuso Canter ORIG,2,5171,Mitsubishi,ML250099,Москва
2026-03-25 09:00:03,Вставка в топливный фильтр для Separ 2000/5 062774 Iveco,1,931,Noname,00530,Москва
2026-03-25 09:00:03,Втулка (30-42-88) с сальником 9867-30124 HINO 10t FN# передней,2,385,Hino,00-00000672,Москва
2026-03-25 09:00:03,Втулка (35-42-88) 55045-90001 N-DIESEL 10t задней рессоры,9,167,Дизель,55045-90001,Москва
2026-03-25 09:00:03,Втулка / 071-02-0008 / ?26.4mm x ?37.6mm x 27mm / / BCP0Z00 / 5326400Z00; 53264-00Z00 / ZEVS,2,362,JMC,53264-00Z00,Москва
2026-03-25 09:00:03,Втулка 115-125-86,17,1236,JMC,115-125-86,Москва
2026-03-25 09:00:03,Втулка 54015 / 116.015 Auger !,1,126,Auger,54015,Москва
2026-03-25 09:00:03,Втулка 54449-43000 /43001 Grace !,2,56,JMC,54449-43000,Москва
2026-03-25 09:00:03,Втулка 54449-43001/43000 Grace !,27,139,Hyundai-Kia,54449-43001F,Москва
2026-03-25 09:00:03,Втулка 55232-45000 HYUNDAI HD72/78/120 ORIG,48,661,Hyundai-Kia,55232-45000,Москва
2026-03-25 09:00:03,Втулка FE-015A / FSR-015A MB025153 (полиуретан) PM,11,335,Paul Master,FSR-015A,Москва
2026-03-25 09:00:03,Втулка амортизатора 1-51631-013-0 ORIG,2,762,Isuzu,1-51631-013-0,Москва
2026-03-25 09:00:03,Втулка амортизатора 9-51631-014-0 NQR71/75 ORIG,2,328,Isuzu,9-51631-014-0,Москва
2026-03-25 09:00:03,"Втулка амортизатора D-128751 / 8-94132-727-1 rear top N,Q-series Дизель",3,44,Дизель,D-128751,Москва
2026-03-25 09:00:03,Втулка балансира D-125492 / 1513860040 / 8980818320 / 20070111A 10шт 115x125x78 ISUZU 10t CXZ Дизель,2,776,Дизель,D-125492,Москва
2026-03-25 09:00:03,Втулка балансира D-125789 / AK99014520191 JAC N350 Дизель,2,1436,Дизель,D-125789,Москва
2026-03-25 09:00:03,"Втулка балансира D-126994 / 9867-00108/5 / 55523-Z2001 100-110-90 HINO, UD 10t Дизель",87,860,Дизель,D-126994,Москва
2026-03-25 09:00:03,Втулка балансира D-127071 / 1-51386-004-0 / 20070111A 115-125-78 ISUZU CXZ 10t Дизель,20,763,Дизель,D-127071,Москва
2026-03-25 09:00:03,Втулка балансира металлическая 116244 / 113*118*80 мм Mercedes / DieselTechnic !,2,1089,Diesel Technic,1.16244,Москва
2026-03-25 09:00:03,Втулка блокировки A9423530050 Mercedes ориг !,1,796,Mercedes-Benz,A 942 353 00 50,Москва
2026-03-25 09:00:03,Втулка верх амортизатора зад. 54328-67100 HYUNDAI GOLD D6GA HD120 ORIG,14,94,Hyundai-Kia,54328-67100,Москва
2026-03-25 09:00:03,Втулка верхнего рычага 54453-4E000 BONGO III 2.9 !,5,193,Дизель,54453-4E000,Москва
2026-03-25 09:00:03,Втулка верхнего рычага D-130181 / 54449-4E000 BONGO III 2.9 Дизель,2,458,Дизель,D-130181,Москва
2026-03-25 09:00:03,Втулка вилки сцепления 450307 /A0029921501 Mercedes /DieselTechnic !,4,259,Diesel Technic,4.50307,Москва
2026-03-25 09:00:03,Втулка вилки сцепления 461009 / A0002540335 Mercedes /DieselTechnic !,4,224,Diesel Technic,4.61009,Москва
2026-03-25 09:00:03,Втулка вилки сцепления QD41700T-01120 COUNTY/HD65/78/120 D6CA/CB/CC ORIG,17,1082,Hyundai-Kia,QD41700-T01120,Москва
2026-03-25 09:00:03,Втулка заднего амортизатора верхняя XJA84 N56/N75/N80 JAC ORIG,20,50,JAC,XJA84,Москва
2026-03-25 09:00:03,Втулка заднего стабилизатора 2916040U1510 S5/S7 JAC ORIG,78,361,JAC,2916040U1510,Москва
2026-03-25 09:00:03,Втулка заднего стабилизатора 8-97610-673-1 C-series ORIG,7,3758,Isuzu,8-97610-673-1,Москва
2026-03-25 09:00:03,Втулка заднего стабилизатора FRD/FRR 98~ 1-51779-111-2 ORIG,1,2974,Isuzu,1-51779-111-2,Москва
2026-03-25 09:00:03,Втулка заднего стабилизатора MZSB-TIT,2,164,JMC,MZSB-TIT,Москва
2026-03-25 09:00:03,Втулка задней рессоры биметаллическая 2911232G5QZ N120 JAC ORIG,44,277,JAC,2911232G5QZ,Москва
2026-03-25 09:00:03,Втулка замка кабины 81962100462/51503/1503 AUGER !,6,193,Auger,1503,Москва
2026-03-25 09:00:03,Втулка карданного вала промежуточная 1-09600-049-0 CYZ ORIG,2,813,Isuzu,1-09600-049-0,Москва
2026-03-25 09:00:03,Втулка колодки тормозной передней D-129868 / WG880440006 HOWO T5G Дизель,6,92,Дизель,D-129868,Москва
2026-03-25 09:00:03,"Втулка КПП 1-33659-118-0/1-33659-053-0 C,F-series ORIG",2,709,Isuzu,1-33659-118-0,Москва
2026-03-25 09:00:03,Втулка крепления V-образной тяги D-129884 / WG9725520367 HOWO Дизель,4,180,Дизель,D-129884,Москва
2026-03-25 09:00:03,Втулка кулака поворотного D-127623 / 30D5-01020A JAC N120 LE35S Дизель,2,244,Дизель,D-127623,Москва
2026-03-25 09:00:03,Втулка направляющая клапана 8-94239-423-0 L=42 4JJ1 N-series ORIG,27,348,Isuzu,8-94239-423-0,Москва
2026-03-25 09:00:03,Втулка направляющая клапана 8-94396-598-0 4HF1/ 4HG1/ 6HE1 ORIG,1,788,Isuzu,8-94396-598-0,Москва
2026-03-25 09:00:03,Втулка направляющая клапана 8-97376-719-1/2 4HK1-T ORIG,2,610,Isuzu,8-97376-719-1,Москва
2026-03-25 09:00:03,Втулка направляющая клапана D-125586 / 8-94239-423-0 L=42 4JJ1 N-series Дизель,2,134,Дизель,D-125586,Москва
2026-03-25 09:00:03,Втулка направляющая клапана D-128549 / 8-94239-423-0 L=42 4JJ1 N-series Дизель,7,291,Дизель,D-128549,Москва
2026-03-25 09:00:03,"Втулка направляющая рессоры 0311323010 / 03.113.23.01.0 42,5х30,5/73,5/16,5х24 мм BPW SKV",40,241,SKV,0311323010,Москва
2026-03-25 09:00:03,Втулка опоры зад стабилизатора 2916040LE058 JAC N75/80 КАМАЗ Компас-9 ORIG,6,56,JAC,2916040LE058,Москва
2026-03-25 09:00:03,Втулка оси балансира 1-87610-177-0/8-98081-832-0/ 1-51386-004-0/9-51386-026-0 CYZ/EXZ/FVZ ORIG,6,4870,Isuzu,8-98081-832-0,Москва
2026-03-25 09:00:03,Втулка оси балансира 1-87610-177-0/8-98081-832-0/ 1-51386-004-0/9-51386-026-0 CYZ/EXZ/FVZ ORIG CHINA,90,1429,Isuzu,1-87610-177-0,Москва
2026-03-25 09:00:03,Втулка перед рессоры WG9000520078 HOWO ORIG,10,293,Howo,WG9000520078,Москва
2026-03-25 09:00:03,Втулка передачи задн.хода A3892622550 / 60531187 Mercedes ориг !,1,6511,Mercedes-Benz,A 389 262 25 50,Москва
2026-03-25 09:00:03,Втулка переднего амортизатора (нижняя) 54333-6A500 Hyundai HD120 ORIG,5,99,Hyundai-Kia,54333-6A500,Москва
2026-03-25 09:00:03,Втулка переднего амортизатора нижняя 2905014D800 N-56 JAC ORIG,16,35,JAC,2905014D800,Москва
2026-03-25 09:00:03,Втулка переднего стабилизатора 1-51689-015-1/0 CXZ/CYZ/CYL 95-04r ORIG,1,1419,Isuzu,1-51689-015-1,Москва
2026-03-25 09:00:03,Втулка переднего стабилизатора 1-51779-087-0/1 CX#CY#EX# 95~ ORIG,3,1012,Isuzu,1-51779-087-1,Москва
2026-03-25 09:00:03,Втулка переднего стабилизатора 8-94342-187-0 NPR/NQR 03~ ORIG,2,647,Isuzu,8943421870,Москва
2026-03-25 09:00:03,Втулка подвески кабины 1894408 Scania / 122455 DieselTechnic !,4,151,Diesel Technic,1.22455,Москва
2026-03-25 09:00:03,Втулка прижимная ГБЦ D-125790 / 61200040023 JAC N350 WP10/12 Дизель,2,261,Дизель,D-125790,Москва
2026-03-25 09:00:03,Втулка распорная делителя КПП D-129864 / WG2229100032 HOWO T5G Дизель,2,869,Дизель,D-129864,Москва
2026-03-25 09:00:03,Втулка распредвала 21181-83000 HYUNDAI ORIG,1,1005,Hyundai-Kia,21181-83000,Москва
2026-03-25 09:00:03,Втулка распредвала 21183-83000 HYUNDAI ORIG,1,1183,Hyundai-Kia,21183-83000,Москва
2026-03-25 09:00:03,Втулка распредвала 21184-83000 HYUNDAI ORIG,1,1183,Hyundai-Kia,21184-83000,Москва
2026-03-25 09:00:03,Втулка реактивной тяги NSB-005,2,259,JMC,NSB-005,Москва
2026-03-25 09:00:03,Втулка резиновая рессоры 24*62*96 мм 1800003223285 /A0003223285 / 51218D / 611056 Mercedes/ROSTAR !,2,904,Rostar,180.0003223285,Москва
2026-03-25 09:00:03,"Втулка резьбовая верхнего рычага MC120565 MITSUBISHI CANTER, ROSA 4D36 FA/FB/FE CH",2,400,Chase,MC120565,Москва
2026-03-25 09:00:03,Втулка рессор (обич.) FE-014 / МВ035207 / FSC-014 PM,4,172,Paul Master,FSC-014,Москва
2026-03-25 09:00:03,Втулка рессор MB161668 Schmaco,1,670,Schmaco,MB161668,Москва
2026-03-25 09:00:03,Втулка рессоры 128680 / 040.061 Scania SKV,2,356,SKV,128680,Москва
2026-03-25 09:00:03,Втулка рессоры 3076601SKV Volvo FH/FM/12 SKV,20,716,SKV,3076601SKV,Москва
2026-03-25 09:00:03,Втулка рессоры 727058 ERREVI,2,370,Errevi,727058,Москва
2026-03-25 09:00:03,Втулка рессоры 8-98082-176-0 F-series ORIG,6,907,Isuzu,8-98082-176-0,Москва
2026-03-25 09:00:03,Втулка рессоры D-130317 / 55256-4B000 Porter Дизель,88,45,Дизель,D-130317,Москва
2026-03-25 09:00:03,Втулка рессоры F D-127037 / 54147-45000 обеч-ка County HD72/78 Дизель,73,99,Дизель,D-127037,Москва
2026-03-25 09:00:03,"Втулка рессоры F D-127073 / 9867-25121 25-31-68 HINO 5t FD1# FD2# FD3, HINO 300/500 Дизель",6,144,Дизель,D-127073,Москва
2026-03-25 09:00:03,Втулка рессоры F D-127077 / 54040-9006 30-36-88 CW620 CD450 Дизель,25,244,Дизель,D-127077,Москва
2026-03-25 09:00:03,Втулка рессоры F D-127079 / 9867-30124 / 9867-30119 30-42-88 HINO 10t FN# Дизель,80,270,Дизель,D-127079,Москва
2026-03-25 09:00:03,Втулка рессоры F D-127080 / 1-51351-009-0 32-38-78 ISUZU FORWARD 10t Дизель,21,220,Дизель,D-127080,Москва
2026-03-25 09:00:03,Втулка рессоры F D-127082 / 1-51351-044-0 /-046-0 32-42-78 ISUZU FRR GIGA 10t Дизель,19,310,Дизель,D-127082,Москва
2026-03-25 09:00:03,Втулка рессоры F D-128158 / WG9000520078 30-40-88 HOWO Дизель,54,88,Дизель,D-128158,Москва
2026-03-25 09:00:03,Втулка рессоры F D-129048 / 54146-Y3B00 JAC N350 Дизель,2,420,Дизель,D-129048,Москва
2026-03-25 09:00:03,Втулка рессоры F D-129144 32-42-88 HINO FN# 10t Дизель,106,295,Дизель,D-129144,Москва
2026-03-25 09:00:03,Втулка рессоры F/R D-126722 / MB025153 / MC-0271-M5 / RB-4005 22х39х47 полиуретан Fuso Canter Дизель,50,155,Дизель,D-126722,Москва
2026-03-25 09:00:03,Втулка рессоры F/R D-126996 / 9-51351-019-0 28-34-78 FUSO 8t Дизель,100,161,Дизель,D-126996,Москва
2026-03-25 09:00:03,"Втулка рессоры F/R D-126997 / MH024002 32-38-88 FUSO, UD 10t Дизель",51,220,Дизель,D-126997,Москва
2026-03-25 09:00:03,Втулка рессоры F/R D-127074 / MH024000 / MC150003 / 54040-Z5001 28-34-68 HD45-72 5t Дизель,24,128,Дизель,D-127074,Москва
2026-03-25 09:00:03,"Втулка рессоры F/R D-127076 / MH024001 30-36-78 FUSO CANTER, HINO 8t Дизель",33,216,Дизель,D-127076,Москва
2026-03-25 09:00:03,Втулка рессоры F/R D-127084 / 54149-5A100 металл County HD72/78 Дизель,290,74,Дизель,D-127084,Москва
2026-03-25 09:00:03,Втулка рессоры F/R D-128129 / MK316011 32-44-88 MMC FUSO 10t Дизель,20,408,Дизель,D-128129,Москва
2026-03-25 09:00:03,Втулка рессоры F/R D-128684 / 2902122-X159 подставка FAW Дизель,88,97,Дизель,D-128684,Москва
2026-03-25 09:00:03,Втулка рессоры F/R D-129143 / 9867-25138 / 9867-25137 25-35-78 HINO 8-9t Дизель,20,253,Дизель,D-129143,Москва
2026-03-25 09:00:03,Втулка рессоры F/R D-129148 38-46-77 Дизель,168,201,Дизель,D-129148,Москва
2026-03-25 09:00:03,Втулка рессоры R D-127053 / MB035207 / МC120891 обечайка N01 57/43.1*39.5*34 ST14 Fuso Canter Дизель,198,57,Дизель,D-127053,Москва
2026-03-25 09:00:03,Втулка рессоры R D-127081 / 9-51351-028-0 / 1-51351-010-0 32-38-98 ISUZU FTR FVR GVR FVR34 Дизель,9,250,Дизель,D-127081,Москва
2026-03-25 09:00:03,Втулка рессоры R D-127083 / 9993-12105 38-46-88 HINO 10t Дизель,10,260,Дизель,D-127083,Москва
2026-03-25 09:00:03,Втулка рессоры R D-127624 / CT-3630-76 30-36-76 JAC N120 Дизель,2,194,Дизель,D-127624,Москва
2026-03-25 09:00:03,Втулка рессоры R D-129145 / 9867-38117 38-50-88 HINO FN# 10t Дизель,16,271,Дизель,D-129145,Москва
2026-03-25 09:00:03,Втулка рессоры биметаллическая CT-3025-70S2 N56 JAC ORIG,9,171,JAC,CT-3025-70S2,Москва
2026-03-25 09:00:03,Втулка рессоры биметаллическая CT-3025-76 JAC ORIG,99,216,JAC,CT-3025-76,Москва
2026-03-25 09:00:03,Втулка рычага вилки сцепления QW41436-6A340 Hyundai HD120/Aerotown D6DA/D6GA ORIG,2,649,Hyundai-Kia,QW41436-6A340,Москва
2026-03-25 09:00:03,Втулка сайлентблока торсиона кабины 8-97061-514-0 TZG !,4,134,Дизель,TI-045,Москва
2026-03-25 09:00:03,Втулка стабилизатора (к рессоре) 2916031G15A0 JAC ORIG,11,51,JAC,2916031G15A0,Москва
2026-03-25 09:00:03,Втулка стабилизатора (перед) 480287 / A0003262481 / 0003262981 DieselTechnic,6,251,Diesel Technic,4.80287,Москва
2026-03-25 09:00:03,Втулка стабилизатора (перед) A0003262481 / 480287 / 51044 / 8408087SX/0003262981 Mercedes /DieselTechnic,2,280,Diesel Technic,480287,Москва
2026-03-25 09:00:03,Втулка стабилизатора (перед) A0003262481 / 480287 / 51044 / 8408087SX/0003262981 Mercedes /Auger,12,315,Auger,51044,Москва
2026-03-25 09:00:03,Втулка стабилизатора / 118-03-0025 / ?50mm x ?60mm x 50mm / / BCP1360 / S488611360; S4886-11360 / Z,2,1324,JMC,S4886-11360,Москва
2026-03-25 09:00:03,Втулка стабилизатора 011.259 /A0003265681 Mercedes /SAMPA !,4,494,Sampa,011.259,Москва
2026-03-25 09:00:03,Втулка стабилизатора 2916013LE176 N75 JAC ORIG,17,137,JAC,2916013LE176,Москва
2026-03-25 09:00:03,Втулка стабилизатора 480387 / A0003264781 Mercedes /DieselTechnic,2,490,Diesel Technic,4.80387,Москва
2026-03-25 09:00:03,Втулка стабилизатора 48817-36011,2,109,JMC,48817-36011,Москва
2026-03-25 09:00:03,Втулка стабилизатора 54062 Mercedes /Auger,2,484,Auger,54062,Москва
2026-03-25 09:00:03,Втулка стабилизатора 8-97044-736-0 ORIG,1,738,Isuzu,8-97044-736-0,Москва
2026-03-25 09:00:03,Втулка стабилизатора 8-97089-556-0 ORIG,3,402,Isuzu,8-97089-556-0,Москва
2026-03-25 09:00:03,Втулка стабилизатора D-127941 / WG9925688210 Sitrak C7H Дизель,2,444,Дизель,D-127941,Москва
2026-03-25 09:00:03,Втулка стабилизатора D-130306 / 48861-1240 Дизель,38,191,Дизель,D-130306,Москва
2026-03-25 09:00:03,Втулка стабилизатора HINO PROFIA 2002- / 48861-1900,4,442,JMC,48861-1900,Москва
2026-03-25 09:00:03,Втулка стабилизатора MC035336 42 * 54 FUSO FP/FU/FV41# TZG !,2,190,Дизель,MC035336,Москва
2026-03-25 09:00:03,Втулка стабилизатора ST48815-25040,2,143,JMC,ST48815-25040,Москва
2026-03-25 09:00:03,Втулка стабилизатора ST48815-25050,2,114,JMC,ST48815-25050,Москва
2026-03-25 09:00:03,Втулка стабилизатора заднего D-126818 / WG9100680067 резиновая HOWO Дизель,5,177,Дизель,D-126818,Москва
2026-03-25 09:00:03,"Втулка стабилизатора заднего D-126819 / 199100680066 HOWO, FOTON, SHACMAN X3000 Дизель",12,98,Дизель,D-126819,Москва
2026-03-25 09:00:03,Втулка стабилизатора переднего D-125103 / 1-51689-015-1/0 CXZ/CYZ/CYL 95-04r Дизель,45,453,Дизель,D-125103,Москва
2026-03-25 09:00:03,Втулка стабилизатора переднего D-127263 / 2280638 / 043.318 Scania Дизель,2,510,Дизель,D-127263,Москва
2026-03-25 09:00:03,Втулка стабилизатора переднего D-127264 / 2392177 Scania Дизель,2,774,Дизель,D-127264,Москва
2026-03-25 09:00:03,Втулка стабилизатора переднего D-128378 / 199100680052 / 99110680052 SITRAK Дизель,8,116,Дизель,D-128378,Москва
2026-03-25 09:00:03,Втулка стабилизатора переднего D-128379 / 199100680054 / 99100680054 SITRAK Дизель,8,153,Дизель,D-128379,Москва
2026-03-25 09:00:03,Втулка стабилизатора переднего D-128752 / 1-51689-015-1 /-0 CXZ CYZ CYL 95-04r Дизель,20,279,Дизель,D-128752,Москва
2026-03-25 09:00:03,Втулка стабилизатора переднего D-130129 / 199100680068 Howo Дизель,2,55,Дизель,D-130129,Москва
2026-03-25 09:00:03,Втулка стабилизатора переднего D-130540 / 81.43704.0074 SHACMAN X3000 F3000 Дизель,2,494,Дизель,D-130540,Москва
2026-03-25 09:00:03,Втулка стабилизатора поперечной устойчвости 2906013P3010 JAC ORIG,39,209,JAC,2906013P3010,Москва
2026-03-25 09:00:03,"Втулка стабилизатора, задняя 8-94331-581-0/8-97239-911-0/1-09265-534-0 NQR71/75 4HG1 ORIG",1,819,Isuzu,8-94331-581-0,Москва
2026-03-25 09:00:03,Втулка стойки переднего стабилизатора D-125306 / 9-51631-050-0 FVR34/FSR90 Дизель,14,144,Дизель,D-125306,Москва
2026-03-25 09:00:03,Втулка стойки стабилизатора 2916024LE176 JAC ORIG,30,87,JAC,2916024LE176,Москва
2026-03-25 09:00:03,Втулка стойки стабилизатора 54716-43160 Hyundai Porter/Porter2/Kia Bongo3,4,53,Дизель,54716-43160,Москва
2026-03-25 09:00:03,Втулка стойки стабилизатора перед 54783-5A300 Hyundai County ORIG,1,439,Hyundai-Kia,54783-5A300,Москва
2026-03-25 09:00:03,Втулка тормозного механизма 3501252Z440 JAC ORIG,2,150,JAC,3501252Z440,Москва
2026-03-25 09:00:03,Втулка торсиона кабины D-127401 / 52211-37010 TZG Дизель,1,252,Дизель,D-127401,Москва
2026-03-25 09:00:03,Втулка тяги стабилизатора D-130318 / 54751-4B003 Porter Дизель,2,88,Дизель,D-130318,Москва
2026-03-25 09:00:03,Втулка усилителя КПП 1-09330-119-0 FRR ORIG,4,291,Isuzu,1-09330-119-0,Москва
2026-03-25 09:00:03,"Втулка шарового наконечника рычага КПП 8-97011-900-0 MAL6U C,F,N series ORIG",6,537,Isuzu,8-97011-900-0,Москва
2026-03-25 09:00:03,Втулка шатуна D-125021 / 8-94391-794-0/-1 700P 4HK1 6HE1 FRD FRR FSD FSR FTSFTR 99~ Дизель,1,327,Дизель,D-125021,Москва
2026-03-25 09:00:03,Втулка шатуна D-125414 / 1-12251-036-0 / 8-98121-309-0 4HF1 4HG1 4HG1-T 4HL1 NQR71 NQR75 87~ Дизель,2,276,Дизель,D-125414,Москва
2026-03-25 09:00:03,"Втулка шатуна D-130709 / 8-94393-364-0/8-94394-613-0 4HK1, 6HK1 Дизель",2,319,Дизель,D-130709,Москва
2026-03-25 09:00:03,Втулка шестерни ГРМ 1-12528-006-0 N-series ORIG,1,804,Isuzu,1-12528-006-0,Москва
2026-03-25 09:00:03,Втулка шестерни ГРМ 1-12528-028-0 4HK1 NQR75 ORIG,1,804,Isuzu,1-12528-028-0,Москва
2026-03-25 09:00:03,Втулка шестерни ГРМ 4HK1 8-97606-768-0/8-94369-340-0 ORIG,7,867,Isuzu,8-97606-768-0,Москва
2026-03-25 09:00:03,Втулка шкворня D-125792 / HFF3001035CK5G-650 / AK30010365G-6507 JAC N350 Дизель,10,132,Дизель,D-125792,Москва
2026-03-25 09:00:03,Втулка шкворня D-128044 / WG4071415021 Sitrak C7H Дизель,1,381,Дизель,D-128044,Москва
2026-03-25 09:00:03,Втулка шкворня D-128045 / WG4071415022 / WG4005416540 Sitrak C7H Дизель,2,458,Дизель,D-128045,Москва
2026-03-25 09:00:03,Втулка шкворня D-128689 / 300104216 FAW Дизель,2,234,Дизель,D-128689,Москва
2026-03-25 09:00:03,Втулка шкворня D-129153 / AK30010365G-6507 / HFF3001035CK5G-650 JAC N350 Дизель,6,147,Дизель,D-129153,Москва
2026-03-25 09:00:03,Втулка шкворня распорная 8-98086-725-0 NPR/NKR 86-89 ORIG,10,791,Isuzu,8-98086-725-0,Москва
2026-03-25 09:00:03,Втягивающее реле (к-т) ME753662 Fuso Canter ORIG,2,11471,Mitsubishi,ME753662,Москва
2026-03-25 09:00:03,Втягивающее реле D-129154 ISUZU 6HK1 YD Дизель,2,1368,Дизель,D-129154,Москва
2026-03-25 09:00:03,Втягивающее реле HINO J07C/6HE1/6HH1 8981522740 / QDJ2520-600R YD !,3,2776,Дизель,8981522740,Москва
2026-03-25 09:00:03,Втягивающее реле ISUZU 6HE1/6НН1/HINO J07C QDJ2520-600R YD !,9,1778,JMC,QDJ2520-600R,Москва
2026-03-25 09:00:03,Втягивающее реле ME753549 Fuso Canter ORIG,2,10519,Mitsubishi,ME753549,Москва
2026-03-25 09:00:03,Выключатель (датчик) стоп-сигнала 8-97855-187-0 NQR75/71 ORIG,8,900,Isuzu,8-97855-187-0,Москва
2026-03-25 09:00:03,Выключатель (датчик) стоп-сигнала AZ9X2558030001 HOWO ORIG,9,1495,Howo,AZ9X2558030001,Москва
2026-03-25 09:00:03,Выключатель аварийной сигнализации D-129889 / WG9918586001 HOWO Дизель,2,495,Дизель,D-129889,Москва
2026-03-25 09:00:03,Выключатель блокировки межколесного дифференциала D-130509 / 812W25503-6020 HOWO T5G Дизель,2,714,Дизель,D-130509,Москва
2026-03-25 09:00:03,Выключатель концевой педали сцепления D-127626 / 3750720LE010 JAC N90 Дизель,1,317,Дизель,D-127626,Москва
2026-03-25 09:00:03,Выключатель концевой педали сцепления D-129156 / 88280-E0061 HINO700 Дизель,9,590,Дизель,D-129156,Москва
2026-03-25 09:00:03,Выключатель массы D-128224 / HD-E201 UNIVERSAL Дизель,1,2315,Дизель,D-128224,Москва
2026-03-25 09:00:03,Выключатель стоп-сигнала D-125794 / 3750710LE010XZ02 лягушка JAC N120 Дизель,1,864,Дизель,D-125794,Москва
2026-03-25 09:00:03,Выключатель стоп-сигнала D-127095 / MC134474 лягушка Fuso Canter Дизель,2,372,Дизель,D-127095,Москва
2026-03-25 09:00:03,Выключатель стоп-сигнала D-127096 / 8-98000-028-0 лягушка ISUZU NPR75 NLR NMR85 NQR90 Дизель,1,1008,Дизель,D-128928,Москва
2026-03-25 09:00:03,Выключатель стоп-сигнала D-128294 / 1635050U1050 лягушка JAC N90/120 Дизель,2,642,Дизель,D-128294,Москва
2026-03-25 09:00:03,Выключатель стоп-сигнала D-128550 / 8-97855-187-0 лягушка NQR75/71 Дизель,2,141,Дизель,D-128550,Москва
2026-03-25 09:00:03,Выключатель стоп-сигнала D-129157 / 3720010-240 лягушка FAW 3252 Дизель,1,363,Дизель,D-129157,Москва
2026-03-25 09:00:03,Выпускной коллектор зад часть 8-97608-514-2 C-series 6WG1 ORIG,1,26125,Isuzu,8-97608-514-2,Москва
2026-03-25 09:00:03,Выпускной коллектор перед часть 8-97608-512-3 C-series 6WG1 ORIG,1,22121,Isuzu,8-97608-512-3,Москва
2026-03-25 09:00:03,Выпускной коллектор центр часть 8-97605-972-1 C-series 6WG1 ORIG,2,23815,Isuzu,8-97605-972-1,Москва
2026-03-25 09:00:03,Гaйкa стремянки MAN M18x2/H-24 AUGER 77271,6,160,Auger,03531500A,Москва
2026-03-25 09:00:03,Габарит 100-1410N-Y универсальный !,3,105,Lucid,100-1410N-Y,Москва
2026-03-25 09:00:03,Габарит MMC FUSO '97 214-1552L-A !,2,1212,Lucid,214-1552L-A,Москва
2026-03-25 09:00:03,Габарит NISSAN DIESEL / UD TRUCK '95- AD-215-D062R,1,1573,Дизель,AD-215-D062R,Москва
2026-03-25 09:00:03,Габарит кабины 92660-7A901/92660-7A900 HYUNDAI HD35-1000 ORIG,1,1793,Hyundai-Kia,92660-7A901,Москва
2026-03-25 09:00:03,Гайка 2902053LE010 N56/N75/N80 JAC ORIG,5,107,JAC,2902053LE010,Москва
2026-03-25 09:00:03,Гайка 3103102M1 JAC ORIG,3,71,JAC,3103102M1,Москва
2026-03-25 09:00:03,Гайка 440121SKV / 99474402 / 05.260.54.10.0 M22X1.5 SW32 Iveco/BPW SKV,404,72,SKV,440121SKV,Москва
2026-03-25 09:00:03,"Гайка BW46 L для шпильки универсальная перед.м18*1,5 балонник 35 левая",50,51,UDPD,BW46L,Москва
2026-03-25 09:00:03,"Гайка BW46 R для шпильки универсальная перед.м18*1,5 балонник 35 правая",50,47,UDPD,BW46R,Москва
2026-03-25 09:00:03,"Гайка D-129814 / M8х1,25 Дизель",2,390,Дизель,D-129814,Москва
2026-03-25 09:00:03,"Гайка D-129900 / ZQ361B12 M12х1,25 tip2 Sitrak, Howo T5G Дизель",5,24,Дизель,D-129900,Москва
2026-03-25 09:00:03,"Гайка D-129902 / М12х1,75 Дизель",2,390,Дизель,D-129902,Москва
2026-03-25 09:00:03,Гайка M14 (крепление рамы) 0-91110-514-0 ORIG,1,174,Isuzu,0-91110-514-0,Москва
2026-03-25 09:00:03,Гайка M14 8-98149-153-0/8-98095-882-0 ORIG,2,244,Isuzu,8-98149-153-0,Москва
2026-03-25 09:00:03,Гайка M16*1.5 020150/06112512008 MAN SKV,329,26,SKV,06112512008,Москва
2026-03-25 09:00:03,Гайка M36x1.5 uhn-003 / 38216-90005 PM,1,1461,JMC,38216-90005,Москва
2026-03-25 09:00:03,Гайка M88 стопорная подшипника задней ступицы 9-09843-062-2/0/8-97551-183-0 CYZ51/EXZ52/FVR34 ORIG,3,4793,Isuzu,9-09843-062-2,Москва
2026-03-25 09:00:03,"Гайка болта крепления реактивной тяги M18x1,5 0-91110-518-0 Isuzu",4,168,Isuzu,0911105180,Москва
2026-03-25 09:00:03,Гайка болта полурессоры с нейлоновой вставкой 5010571079SKV /6604024200/5010571079 RVI М24х2мм H24мм,156,41,SKV,5010571079,Москва
2026-03-25 09:00:03,"Гайка болта реактивной тяги 1-09464-011-0/8-97606-210-0 C,E-series ORIG",2,380,Isuzu,1-09464-011-0,Москва
2026-03-25 09:00:03,Гайка выходного вала КПП D-130601 / 1701620-A7G FAW J6 Дизель,6,367,Дизель,D-130601,Москва
2026-03-25 09:00:03,Гайка карданного болта D-127628 / Q341B14F61 JAC N120 Дизель,3,500,Дизель,D-127628,Москва
2026-03-25 09:00:03,Гайка клина шкворня D-125805 / Q33214 JAC N350 Дизель,28,82,Дизель,D-125805,Москва
2026-03-25 09:00:03,"Гайка колеса 440121 / 031725/41036367/1303221551/520020/07663/04029 (M22*1,5) DieselTechnic !",22,161,Diesel Technic,4.40121,Москва
2026-03-25 09:00:03,"Гайка колеса D-125009 / 1-42333-055-0 M22*1.5 C,F series Дизель",10,162,Дизель,D-125009,Москва
2026-03-25 09:00:03,"Гайка колеса D-125313 / 1-42333-055-0 M22*1.5 C,F series Дизель",38,111,Дизель,D-125313,Москва
2026-03-25 09:00:03,Гайка колеса D-126822 / Q341B20 FAW TIGER-V Дизель,5,118,Дизель,D-126822,Москва
2026-03-25 09:00:03,Гайка колеса D-127305 / 3103070-A0E FAW CA3311 Дизель,8,209,Дизель,D-127305,Москва
2026-03-25 09:00:03,"Гайка колеса D-130439 / 5801712015 IVECO, HONGYAN Дизель",1,129,Дизель,D-130439,Москва
2026-03-25 09:00:03,"Гайка колеса M22x1,5 DIN 1303221581/N074361022205 P.E. !",16,55,Pe Automotive,017.113-00A,Москва
2026-03-25 09:00:03,Гайка колеса задняя D-130740 / 52986-4B000 Hyundai Porter2 PHB Дизель,1,63,Дизель,D-130740,Москва
2026-03-25 09:00:03,Гайка колеса задняя левая 8-97359-810-0/42634-37020/SZ940-22014 NQR/FSR90/NPR/HINO300/500/CANTER SKV,391,84,SKV,42634-37020,Москва
2026-03-25 09:00:03,Гайка колеса задняя правая 52986-5H500 HYUNDAI HD72 ORIG,1,227,Hyundai-Kia,52986-5H500,Москва
2026-03-25 09:00:03,Гайка колеса задняя правая 8-97359-809-0/SZ940-21016/42633-37020 NQR/FSR90/NPR/HINO300/500/CANTER SKV,325,74,SKV,42633-37020,Москва
2026-03-25 09:00:03,"Гайка колеса (Volvo) М22x1,5 (с буртиком) 20551045SKV /20551045/11.020.4000.910/265080/109210/0333016/65703",170,96,SKV,20551045,Москва
2026-03-25 09:00:03,Гайка колеса переднего левого 51985-5H201 HYUNDAI HD72/78 ORIG,4,284,Hyundai-Kia,51985-5H201,Москва
2026-03-25 09:00:03,Гайка колеса передняя правая 51986-5H201 HYUNDAI HD72 ORIG,4,284,Hyundai-Kia,51986-5H201,Москва
2026-03-25 09:00:03,Гайка колеса передняя правая 8-97359-807-0 NPR/NQR75/90/71 ORIG,2,271,Isuzu,8-97359-807-0,Москва
2026-03-25 09:00:03,Гайка колесная 1083894SKV / 265120 7/8'' H=34 SW33 FL7/10/12/F10/12/16/FH Volvo,104,75,SKV,1083894,Москва
2026-03-25 09:00:03,Гайка колесная с юбкой с правой резьбой 1749034SKV / 2285273 7/8'' H=30.8 SW33 Scania SKV,10,72,SKV,1749034SKV,Москва
2026-03-25 09:00:03,Гайка коромысла регулировочная 24533-45000 Hyundai HD65/72/78/County ORIG,1,62,Hyundai-Kia,24533-45000,Москва
2026-03-25 09:00:03,Гайка КПП вторичного вала 8-98189-932-0 NPR ORIG,3,922,Isuzu,8-98189-932-0,Москва
2026-03-25 09:00:03,Гайка КПП вторичного вала SZ177-36002 HINO500 E-4 ORIG,4,4316,Hino,SZ177-36002,Москва
2026-03-25 09:00:03,Гайка КПП фланца 8-98014-140-0 RR MZW6P FSR90 ORIG,1,3113,Isuzu,8-98014-140-0,Москва
2026-03-25 09:00:03,"Гайка крепления полуоси D-128551 / 0-91180-210-0 М10 с фланцем NQR71/75,NPR75,NLR85 Дизель",14,41,Дизель,D-128551,Москва
2026-03-25 09:00:03,Гайка крепления реактивной тяги D-129901 / ZQ361B20T13F6 M20*1.5 задний мост HOWO Дизель,6,45,Дизель,D-129901,Москва
2026-03-25 09:00:03,Гайка М20 17158221 / 17158225 Iveco Orig !,12,142,Iveco,17158225,Москва
2026-03-25 09:00:03,Гайка М36 с фланцем вторичного вала проходного моста 1-09449-067-0 ORIG,2,2175,Isuzu,1-09449-067-0,Москва
2026-03-25 09:00:03,Гайка оцинкованная с нейлоновой вставкой M20*1..5 K25 DIN 985/8 6604020150,4,24,JMC,6604020150,Москва
2026-03-25 09:00:03,"Гайка пальца полурессоры 0326015010SKV (BPW) M30x3,5 H=24 SKV",178,84,SKV,0326015010,Москва
2026-03-25 09:00:03,Гайка подшипника ступицы D-125721 / 9-09843-062-2/0 / 8-97551-183-0 M88 CYZ51 EXZ52 FVR34 Дизель,1,834,Дизель,D-125721,Москва
2026-03-25 09:00:03,Гайка проходного вала D-127883 / CQ39160 средний мост FAW J6 Дизель,5,173,Дизель,D-127883,Москва
2026-03-25 09:00:03,"Гайка рессорного болта 14865 Schmitz М27x2,0 SKV",8,107,SKV,14865,Москва
2026-03-25 09:00:03,Гайка рулевой тяги MR319728 / 319729,7,135,Mitsubishi,MR319729,Москва
2026-03-25 09:00:03,Гайка с фланцем входного вала редуктора D-128197 / 1-09449-071-0 M46 CYZ52 FVR34 CYZ51 Дизель,2,767,Дизель,D-128197,Москва
2026-03-25 09:00:03,Гайка с фланцем входного вала редуктора заднего моста 1-09449-071-0 M46 CYZ52/FVR34/CYZ51 ORIG,1,3133,Isuzu,1-09449-071-0,Москва
2026-03-25 09:00:03,Гайка стопорная (M48) передней ступицы 1-09840-012-5/1/2/3/4 CYZ51/EXZ52/FSR90/FVR34 ORIG,3,1772,Isuzu,1-09840-012-5,Москва
2026-03-25 09:00:03,"Гайка стремянки 0326004190SKV / 03.260.04.19.0 BPW М22х2,5 Н=22 SW32",4,41,SKV,0326004190,Москва
2026-03-25 09:00:03,Гайка стремянки задней 55229-62003 HYUNDAI HD120 ORIG,2,126,Hyundai-Kia,55229-62003,Москва
2026-03-25 09:00:03,Гайка ступицы 6-096 FUSO hub nut outside F SW !,2,650,Samwoo,6-096,Москва
2026-03-25 09:00:03,Гайка ступицы 6-097 FUSO hub nut inside R SW,2,721,Samwoo,6-097,Москва
2026-03-25 09:00:03,Гайка ступицы 6-098 FUSO hub nut outside R SW !,2,880,Samwoo,6-098,Москва
2026-03-25 09:00:03,Гайка ступицы 6-103 / 52851-8A100 HD23t hub nut R SW !,4,830,Samwoo,6-103,Москва
2026-03-25 09:00:03,Гайка ступицы 6-118 HD5t hub nut F SW !,4,694,Samwoo,6-118,Москва
2026-03-25 09:00:03,Гайка ступицы 6-124 MIGHTY hub nut R SW !,10,735,Samwoo,6-124,Москва
2026-03-25 09:00:03,Гайка ступицы 6-125 HD CHASSIS hub nut SW !,2,621,Samwoo,6-125,Москва
2026-03-25 09:00:03,Гайка ступицы 8-94247-357-1 ORIG,7,567,Isuzu,8-94247-357-1,Москва
2026-03-25 09:00:03,Гайка ступицы DA-003/DKN-003 42427-87301 PM,2,554,Paul Master,DA-003,Москва
2026-03-25 09:00:03,Гайка ступицы FV-025 PM !,2,861,Paul Master,FV-025,Москва
2026-03-25 09:00:03,Гайка ступицы FV-026 MC816768 PM !,3,860,Paul Master,FV-026,Москва
2026-03-25 09:00:03,Гайка ступицы FV-028 MC826997 PM,1,1009,Paul Master,FV-028,Москва
2026-03-25 09:00:03,Гайка ступицы UD-046 38443-90068 PM !,2,731,Paul Master,UD-046,Москва
2026-03-25 09:00:03,Гайка ступицы задней D-126462 / 712W90620-0092 Sitrak C7H Дизель,2,350,Дизель,D-126462,Москва
2026-03-25 09:00:03,Гайка ступицы задней D-127627 / 9930680010-B упорная JAC N80/90 LE80B LE801 Дизель,3,1104,Дизель,D-127627,Москва
2026-03-25 09:00:03,Гайка ступицы задней контрящая 9930220110 N120 JAC ORIG,9,45,JAC,9930220110,Москва
2026-03-25 09:00:03,"Гайка ступичная H-004 / THN-024 24 p1,5 PM",2,429,Paul Master,THN-024,Москва
2026-03-25 09:00:03,"Гайка ступичная H-006 / FHN-033 / ME-652938 33 p1,5 PM",1,987,Paul Master,H-006,Москва
2026-03-25 09:00:03,"Гайка фланца карданного вала 1-09440-046-0 F,C-series ORIG",1,2081,Isuzu,1-09440-046-0,Москва
2026-03-25 09:00:03,Гайка фланца кпп 530-816B N120 JAC ORIG,1,131,JAC,530-816B,Москва
2026-03-25 09:00:03,Гайка хвостовика 9930200380 JAC N35 ORIG,5,153,JAC,9930200380,Москва
2026-03-25 09:00:03,Гайка хвостовика HHN-039 39mm P1.5mm PM,1,1428,Paul Master,HHN-039,Москва
2026-03-25 09:00:03,Гайка хвостовика КПП D-127630 / 6J55T-1701170 JAC N120 LE35S Дизель,1,500,Дизель,D-127630,Москва
2026-03-25 09:00:03,Гайка хвостовика редуктора D-126461 / 810W90685-0303 Sitrak C7H Дизель,1,196,Дизель,D-126461,Москва
2026-03-25 09:00:03,"Гайка хвостовика редуктора D-128755 / 1-09449-061-0 M42 C,F-series Дизель",2,325,Дизель,D-128755,Москва
2026-03-25 09:00:03,Гайка хвостовика редуктора среднего моста F2000/F3000,2,124,JMC,F2000/F3000,Москва
2026-03-25 09:00:03,Гайка шпильки 1-09400-071-0 ORIG,7,221,Isuzu,1-09400-071-0,Москва
2026-03-25 09:00:03,Гайка шпильки внутр 51756-45000 HYUNDAI HD72/County ORIG,21,113,Hyundai-Kia,51756-45000,Москва
2026-03-25 09:00:03,Гайка шпильки колеса D-128522 / 0-91110-522-0 F/R внутренняя М22 NPR NQR75/71/90 Дизель,12,104,Дизель,D-128522,Москва
2026-03-25 09:00:03,Гайка шпильки колеса внутренняя М22 F/R D-125308 / 0-91110-522-0 NPR/NQR75/71/90 Дизель,4,155,Дизель,D-125308,Москва
2026-03-25 09:00:03,Гайка шпильки стопорная 31Q99G11-03057 JAC ORIG,1,74,JAC,31Q99G11-03057,Москва
2026-03-25 09:00:03,"Генератор 12.1.19.0097 /JFZ1738G1-VPP 14v, 105A KSD1000/1100 SuperSnow/Prestolite electric",1,26404,Prestolite electric,12.1.19.0097,Москва
2026-03-25 09:00:03,Генератор D-125025 / 8-98029-892-2 / 8-98029-892-1 24V 80A ISUZU 4HK1 NPR75 Дизель,1,18636,Дизель,D-125025,Москва
2026-03-25 09:00:03,Генератор D-126823 / 202V26101-7271 / JFZ2980ZH1 28V 80A HOWO T5G Дизель,1,11711,Дизель,D-126823,Москва
2026-03-25 09:00:03,Генератор D-127313 / JFZW2528-3/4 MMC 4M50 4M51 24V 45AMP Дизель,1,16375,Дизель,D-127313,Москва
2026-03-25 09:00:03,Генератор D-128059 / ME077790 / JFZ2523 MMC 6D16/17 24V 35AMP Дизель,2,11004,Дизель,D-128059,Москва
2026-03-25 09:00:03,Генератор D-128728 / 37300-4A202 Hyundai Porter 2 Дизель,1,12547,Дизель,D-128728,Москва
2026-03-25 09:00:03,Генератор D-128729 / 8-98127-495-0 CYZ52 Дизель,1,12504,Дизель,D-128729,Москва
2026-03-25 09:00:03,Генератор D-128814 / 27040-1410 / HX027 24V 50AMP HINO W06E Дизель,1,10717,Дизель,D-128814,Москва
2026-03-25 09:00:03,Генератор D-128816 / LR225-408C / HX069 с помпой 24V 35AMP ISUZU 4BE1 4ВС2 Дизель,1,9644,Дизель,D-128816,Москва
2026-03-25 09:00:03,Генератор D-128817 / SEA2-18-300C / HX050-2 / A1T33676 с помпой 24V 35AMP MAZDA НА/SL/XA Дизель,1,9985,Дизель,D-128817,Москва
2026-03-25 09:00:03,Генератор D-128819 / 0201-102-2921 / HX032 24V 50AMP NISSAN RF8 Дизель,1,10181,Дизель,D-128819,Москва
2026-03-25 09:00:03,Генератор D-128987 / EAAH200095 / AViH1742C 12V/105A SC90D SONGZ Дизель,1,47335,Дизель,D-128987,Москва
2026-03-25 09:00:03,Генератор D-129112 / 1-81200-469-4 / 10TD1 круглая фишка ISUZU HY0169 24V 50AMP Дизель,1,13959,Дизель,D-129112,Москва
2026-03-25 09:00:03,Генератор D-129172 / HX050 с помпой MAZDA HA/SL/XA 12V 65AMP Дизель,1,9313,Дизель,D-129172,Москва
2026-03-25 09:00:03,Генератор D-129173 / HX105 / A2T74976 с помпой MAZDA НА/FD46 24V 40AMP Дизель,1,12038,Дизель,D-129173,Москва
2026-03-25 09:00:03,Генератор D-129177 / A4T40386 / HX063 MMC 6D22 24V 45AMP Дизель,1,10360,Дизель,D-129177,Москва
2026-03-25 09:00:03,Генератор D-129178 / ME093245 / HX064 MMC 8DС8-9-10 24V 45AMP Дизель,1,10639,Дизель,D-129178,Москва
2026-03-25 09:00:03,Генератор HINO Н07С/W06E HY0122IR / D-127308 / 27050-1150 с помпой 24V 50AMP Дизель,2,17259,Дизель,D-127308,Москва
2026-03-25 09:00:03,Гидравлический блок торм модулятора ML253491 Fuso Canter TF ORIG,1,206642,Mitsubishi,ML253491,Москва
2026-03-25 09:00:03,Гидрокомпенсатор 22230-52000 HYUNDAI ORIG,2,410,Hyundai-Kia,22230-52000,Москва
2026-03-25 09:00:03,Гидрокомпенсатор 22231-4A001/22231-4A000 Hyundai Porter2/Starex D4CB ORIG,29,554,Hyundai-Kia,22231-4A001,Москва
2026-03-25 09:00:03,Гидромуфта 082V06601-7090 HOWO ORIG,2,57339,Howo,082V06601-7090,Москва
2026-03-25 09:00:03,Гидроусилитель тормозов 8-98031-414-0/8-97532-751-0 4HK1 NQR71/NQR75/NPR75 ORIG,7,182922,Isuzu,8980314140,Москва
2026-03-25 09:00:03,Гильза 14-027210-00 (1шт) Istana,1,1797,JMC,14-027210-00,Москва
2026-03-25 09:00:03,Гильза 20040360101/6010110210 (1шт) BF MERS !,1,940,JMC,20040360101,Москва
2026-03-25 09:00:03,Гильза 21131-83012 (1шт) D6ABDD/AC/AV HYUNDAI HD160/170/260/270/450 ORIG,2,10632,Hyundai-Kia,21131-83012,Москва
2026-03-25 09:00:03,"Гильза 21131-84700 (1шт) D6CD, D6CE HYUNDAI ORIG",16,23825,Hyundai-Kia,21131-84700,Москва
2026-03-25 09:00:03,"Гильза 6BG1 1-11261-384-1 (1шт) O.D.GRADE=2, I.D.GRADE=AX ORIG",2,7557,Isuzu,1-11261-384-1,Москва
2026-03-25 09:00:03,Гильза D-127139 / 8-94391-603-0 (1шт) OD GRADE 3x ISUZU 4HK1/6HK1 Дизель,12,1673,Дизель,D-127139,Москва
2026-03-25 09:00:03,Гильза D-129182 / 1002016-81DY FAW J6 CA6DM2 Дизель,1,2535,Дизель,D-129182,Москва
2026-03-25 09:00:03,Гильза HINO K13CT 24VALVE FN/FR/FS/FW/FQ/SH1K#/2P# 00.01~ 11467-2380 (6 CYL) Mats,1,33093,Matsuyama,11467-2380,Москва
2026-03-25 09:00:03,Гильза HINO N04CT STD 11467-1762/S114671762 (4 CYL) 300# Mats,1,9718,Matsuyama,11467-1762,Москва
2026-03-25 09:00:03,Гильза HINO W06D 83.09- ALL 11467-1761/62/71/72/8191/92/ 2220/2230/2240/2250 (6 CYL) Mats,1,14882,Matsuyama,11467-1761,Москва
2026-03-25 09:00:03,Гильза ISUZU 4HG1-T GRADE=3X NPS/NPR/NKR 03~ 8-98014-049-0 (4 CYL) Mats,1,12694,Matsuyama,8-98014-049-0,Москва
2026-03-25 09:00:03,Гильза ISUZU 6BG1 1-11261-119-0 (6шт/к-т) FUSA MAGURO,1,12370,MAGURO,1-11261-119-0,Москва
2026-03-25 09:00:03,Гильза ISUZU 6WF/6WG1 CXM/CYM/CYL/CXH/CXZ/EXD/EXR/EXZ 99~ 1-11261-379-2 6cyl Mats,1,41635,Matsuyama,1-11261-379-2,Москва
2026-03-25 09:00:03,Гильза MAZDA HA T3000 1363-23-051/SE01-23-051 ( 4cyl) FF Mats,1,7029,Matsuyama,1363-23-051,Москва
2026-03-25 09:00:03,Гильза MMC 4D31 ME011523/ME011604/43168 LFX (4 CYL) Mats,1,4360,Matsuyama,ME011604,Москва
2026-03-25 09:00:03,Гильза MMC 4D35 ME013678/43608 (4шт) LFX Teikin !,1,6521,Teikin,LFX-43608,Москва
2026-03-25 09:00:03,Гильза MMC 4M40 ME200685/MD168963/43232 4cyl LSF Mats,1,5115,Matsuyama,ME200685,Москва
2026-03-25 09:00:03,Гильза MMC 4M50T Size=1B ME221683 (4 CYL) FUSO CANTER Mats,2,15217,Matsuyama,ME221683,Москва
2026-03-25 09:00:03,Гильза MMC 6D16 ME071224/ ME071225/ ME071226/ ME071230/43105 LFF (6 CYL) Mats,1,19610,Matsuyama,ME071224,Москва
2026-03-25 09:00:03,Гильза NISSAN PE6T 11012-96500/96501 (6 CYL) Mats,1,20049,Matsuyama,11012-96501,Москва
2026-03-25 09:00:03,Гильза NISSAN TD25 11012-44G05/11012-44G10/11012-87G00/44255 (4шт) LFF Teikin !,1,6589,Teikin,LFF-44255,Москва
2026-03-25 09:00:03,Гильза TOYOTA 11B 11461-56030/11462-56060/46287 (4шт) LFF Teikin !,2,3591,Teikin,LFF-46287,Москва
2026-03-25 09:00:03,"Гильза ДВС / 010-01-0008 / FULL/готовые / 93mm, L=181mm / LZ-09 / 8942478610; 8-94247-861-0; 894247",1,1888,Zevs,8-94247-861-0,Москва
2026-03-25 09:00:03,"Гильза ДВС HINO F21C/HINO V26C / FULL/готовые/фосфатированные / ?150mm, L=244mm / LZ-63 / 114672650;",7,4341,Zevs,114672650,Москва
2026-03-25 09:00:03,Главная пара BE19320020 JAC N35 ORIG,4,9430,JAC,BE19320020,Москва
2026-03-25 09:00:03,Главная пара D-128339 / 712-35199-6760 SITRAK Дизель,1,23796,Дизель,D-128339,Москва
2026-03-25 09:00:03,Главная пара MC892178 Fuso Canter FE85 ORIG,4,135883,Mitsubishi,MC892178,Москва
2026-03-25 09:00:03,Главный тормозной кран D-128478 / WG9000360550 Sitrak C7H Дизель,1,39972,Дизель,D-128478,Москва
2026-03-25 09:00:03,Главный тормозной кран D-129183 / 3514010-50A/E FAW J6 Дизель,1,3449,Дизель,D-129183,Москва
2026-03-25 09:00:03,"Главный тормозной цилиндр 1-1/16"" 47207-37020 DYNA XZU320,330,340 2001~ Y",1,9052,Yamasida,47207-37020,Москва
2026-03-25 09:00:03,"Главный тормозной цилиндр 1-1/4"" 8-97224-372-0/8-98032-603-0 ELF 6T~8.5T 1994~ SKV",14,3558,SKV,8-97224-372-0,Москва
2026-03-25 09:00:03,"Главный тормозной цилиндр 1-3/16"" 47207-37012/LP-5613/47207-37041 (с датч) DYNA/TOYOACE 01~ Y",7,15093,Yamasida,47207-37012,Москва
2026-03-25 09:00:03,"Главный тормозной цилиндр 1-3/16"" 47207-37170/47201-37290 HINO300 SKV",4,3782,SKV,47207-37170,Москва
2026-03-25 09:00:03,"Главный тормозной цилиндр 1-3/16"" 47207-37170/47201-37290 HINO300 Y",4,9933,Yamasida,47207-37170,Москва
2026-03-25 09:00:03,"Главный тормозной цилиндр 1-3/8"" 8-97254-771-0 Isuzu NPR/NQR LHD 99~ SKV",32,3248,SKV,8-97254-771-0,Москва
2026-03-25 09:00:03,Главный тормозной цилиндр 58620-5K500 1-1/4 HYUNDAI COUNTY/HD45/HD65/HD72/HD78 SKV,26,2234,SKV,58620-5K500,Москва
2026-03-25 09:00:03,Главный тормозной цилиндр 58620-5L000 HYUNDAI County/HD72/78 (Euro-3) SKV,19,2924,SKV,58620-5L000,Москва
2026-03-25 09:00:03,Главный тормозной цилиндр 8-98191-787-2 NPR75 E-5 ORIG,1,30492,Isuzu,8-98191-787-2,Москва
2026-03-25 09:00:03,"Главный тормозной цилиндр MK384489 1-1/4"" MITSUBISHI Y",1,5150,Yamasida,MK384489,Москва
2026-03-25 09:00:03,"Главный цилиндр сцепления 1"" 31420-1840/31420-E0040/MC-R109 SH 700# 2004~ Y",1,4528,Yamasida,31420-1840,Москва
2026-03-25 09:00:03,"Главный цилиндр сцепления 13/16"" 8-97210-748-1 4JJ1 4HK1 ISUZU LHD Y",8,2292,Yamasida,8-97210-748-1,Москва
2026-03-25 09:00:03,Главный цилиндр сцепления 3/4'' 8-98117-642-0 ISUZU Y,5,3688,Yamasida,8-98117-642-0,Москва
2026-03-25 09:00:03,"Главный цилиндр сцепления 3/4"" 31420-1512 FC 8.8T,MFD 10.4T 1990~ Y",2,4356,Yamasida,31420-1512,Москва
2026-03-25 09:00:03,"Главный цилиндр сцепления 3/4"" 8-97300-211-0 NKR/NPR/NQR 99~ ISUZU LHD Y",4,2466,Yamasida,8-97300-211-0,Москва
2026-03-25 09:00:03,Главный цилиндр сцепления 41650-5H000 HYUNDAI HD45/HD65/HD72/HD78 98~ SKV,25,884,SKV,41650-5H000,Москва
2026-03-25 09:00:03,Главный цилиндр сцепления 41650-5H000 LP-5597 HYUNDAI HD45/HD65/HD72/HD78 98~ Y,13,2383,Yamasida,41650-5H000,Москва
2026-03-25 09:00:03,"Главный цилиндр сцепления 5/8"" 31401-36050/60 BU 60,61,70,83,84,87..V66,67,68,72-74 WU75,85 DYNA SKV",5,1198,SKV,31401-36050,Москва
2026-03-25 09:00:03,"Главный цилиндр сцепления 5/8"" 31401-36061 Toyota Dyna BU102,107,112,122,13*,142,147,162,172 SKV",18,878,SKV,31401-36061,Москва
2026-03-25 09:00:03,"Главный цилиндр сцепления 5/8"" 31410-36062 DYNA XZU300# 2003~ Y",2,2322,Yamasida,31410-36062,Москва
2026-03-25 09:00:03,"Главный цилиндр сцепления 5/8"" 31420-26170 DYNA BU 102 3.5T 1999~ Y",3,1573,Yamasida,31420-26170,Москва
2026-03-25 09:00:03,"Главный цилиндр сцепления 5/8"" 31420-28110 DYNA BU 102 3.5T 1999~ Y",4,3181,Yamasida,31420-28110,Москва
2026-03-25 09:00:03,"Главный цилиндр сцепления 5/8"" 31420-36130 Toyota Dyna BU60,61,70,83,84,87 YU6*,70 Y",1,1646,Yamasida,31420-36130,Москва
2026-03-25 09:00:03,"Главный цилиндр сцепления 5/8"" 31420-37040 BU100,105,140,145 TOYOTA DYNA SKV",30,1043,SKV,31420-37040,Москва
2026-03-25 09:00:03,"Главный цилиндр сцепления 5/8"" 31420-37050 DYNA BU102 3.5T 1999~ Y",2,2071,Yamasida,31420-37050,Москва
2026-03-25 09:00:03,"Главный цилиндр сцепления 5/8"" 31420-37141 HINO300/DYNA BU3##,WU30#/34#/XZU3# 02~ SKV",2,1181,SKV,31420-37141,Москва
2026-03-25 09:00:03,"Главный цилиндр сцепления 5/8"" 31420-37141 HINO300/DYNA BU3##,WU30#/34#/XZU3# 02~ Y",6,1965,Yamasida,31420-37141,Москва
2026-03-25 09:00:03,"Главный цилиндр сцепления 7/8"" MC113050/113124 MMC Canter FB510/FE637/BE439 SKV",6,1158,SKV,MC113050,Москва
2026-03-25 09:00:03,Главный цилиндр сцепления 8-98025-308-0 ISUZU SKV,4,1224,SKV,8-98025-308-0,Москва
2026-03-25 09:00:03,"Главный цилиндр сцепления D-128756 / 1-47500-239-2 7/8"" LHD EXR 7 speed FRR/FSR/FTR/FSS 1996~ Дизель",1,1753,Дизель,D-128756,Москва
2026-03-25 09:00:03,Главный цилиндр сцепления ME507832 MMC FUSO CANTER SKV,6,1100,SKV,ME507832,Москва
2026-03-25 09:00:03,Головка блока цилиндров 1-11110-939-6 C-series 6WG1 ORIG,1,291762,Isuzu,1-11110-939-6,Москва
2026-03-25 09:00:03,Головка блока цилиндров 22100-83402 HYUNDAI D6AC ORIG,2,120356,Hyundai-Kia,22100-83402,Москва
2026-03-25 09:00:03,Головка блока цилиндров 4HK1 8-97383-041-0/8-98170-617-1 ORIG,2,267036,Isuzu,8-97383-041-0,Москва
2026-03-25 09:00:03,Головка блока цилиндров D-125196 / 8-98018-454-0 N-series 4HK1 Дизель,2,64109,Дизель,D-125196,Москва
2026-03-25 09:00:03,"Головка блока цилиндров D-126393 / 8-98170-620-0 N,F-series Дизель",1,50524,Дизель,D-126393,Москва
2026-03-25 09:00:03,Головка блока цилиндров D-127992 / 8-98018-454-0 4HK1 N-series Дизель,2,75680,Дизель,D-127992,Москва
2026-03-25 09:00:03,Горный тормоз 59610-5H211 Hyundai County/HD72/78 ORIG,9,10446,Hyundai-Kia,59610-5H211,Москва
2026-03-25 09:00:03,Гофра 025371 SAMPA,1,3731,JMC,025371,Москва
2026-03-25 09:00:03,Гофра глушителя 128-355 NF50010N-IB 10.0'x5.0' с припуском (двойное армирование),1,6208,JMC,NF50010N-IB,Москва
2026-03-25 09:00:03,Гофра глушителя 28630-5K000 HYUNDAI HD65/78/County/Bogdan D4GA ORIG,1,11042,Hyundai-Kia,28630-5K000,Москва
2026-03-25 09:00:03,"Гофра глушителя 67-300 мм с припуском, двойное армирование",1,1023,Дизель,67-300 mm,Москва
2026-03-25 09:00:03,"Гофра глушителя 67-340 мм с припуском, двойное армирование",1,944,Дизель,67-340 mm,Москва
2026-03-25 09:00:03,Гофра глушителя D-127101 / 1753639 Scania Дизель,2,1788,Дизель,D-127101,Москва
2026-03-25 09:00:03,Гофра глушителя D-128313 / 712W15204-0025 SITRAK C7H Дизель,1,6118,Дизель,D-128313,Москва
2026-03-25 09:00:03,Гофра глушителя D-129074 / DZ95259540008 SHACMAN E4 Дизель,1,1231,Дизель,D-129074,Москва
2026-03-25 09:00:03,Гофра глушителя D-129186 / 1203040A263 D=120 L=320 FAW Дизель,1,1640,Дизель,D-129186,Москва
2026-03-25 09:00:03,"Гофра глушителя D-129806 / 90-250-350 мм с припуском, двойное армирование Дизель",1,2334,Дизель,D-129806,Москва
2026-03-25 09:00:03,Гофра глушителя D-130108 64-210-310мм Дизель,2,706,Дизель,D-130108,Москва
2026-03-25 09:00:03,Гофра глушителя D-130110 57-252-352мм Дизель,2,733,Дизель,D-130110,Москва
2026-03-25 09:00:03,Гофра глушителя D-130111 64-152-252мм Дизель,1,604,Дизель,D-130111,Москва
2026-03-25 09:00:03,"Гофра глушителя D-130112 89-300мм с припуском, двойное армирование Дизель",6,2256,Дизель,D-130112,Москва
2026-03-25 09:00:03,"Гофра глушителя D-130113 80-245мм с припуском, двойное армирование Дизель",2,1297,Дизель,D-130113,Москва
2026-03-25 09:00:03,"Гофра глушителя D-130114 73-250-350мм с припуском, двойное армирование Дизель",2,969,Дизель,D-130114,Москва
2026-03-25 09:00:03,"Гофра глушителя D-130220 60-250мм с припуском, двойное армирование Дизель",45,730,Дизель,D-130220,Москва
2026-03-25 09:00:03,"Гофра глушителя D-130222 60-360 мм с припуском, двойное армирование Дизель",42,1060,Дизель,D-130222,Москва
2026-03-25 09:00:03,"Гофра глушителя D-130223 63,5-102 мм с припуском, двойное армирование Дизель",1,708,Дизель,D-130223,Москва
2026-03-25 09:00:03,"Гофра глушителя D-130225 76,2-102 мм с припуском, двойное армирование Дизель",1,768,Дизель,D-130225,Москва
2026-03-25 09:00:03,"Гофра глушителя D-130226 80-300 мм с припуском, двойное армирование Дизель",44,1301,Дизель,D-130226,Москва
2026-03-25 09:00:03,"Гофра глушителя D-130227 80-345 мм с припуском, двойное армирование Дизель",1,1834,Дизель,D-130227,Москва
2026-03-25 09:00:03,"Гофра глушителя D-130228 89-102 мм с припуском, двойное армирование Дизель",1,473,Дизель,D-130228,Москва
2026-03-25 09:00:03,"Гофра глушителя D-130229 89-350 мм с припуском, двойное армирование Дизель",2,2343,Дизель,D-130229,Москва
2026-03-25 09:00:03,"Гофра глушителя D-130230 102-102 мм с припуском, двойное армирование Дизель",3,413,Дизель,D-130230,Москва
2026-03-25 09:00:03,"Гофра глушителя D-130232 102-203 мм с припуском, двойное армирование Дизель",2,2696,Дизель,D-130232,Москва
2026-03-25 09:00:03,"Гофра глушителя D-130233 102-356 мм с припуском, двойное армирование Дизель",27,3151,Дизель,D-130233,Москва
2026-03-25 09:00:03,"Гофра глушителя D-130234 128-355 мм с припуском, двойное армирование Дизель",1,1749,Дизель,D-130234,Москва
2026-03-25 09:00:03,"Гофра глушителя D-130235 128-255 мм с припуском, двойное армирование Дизель",1,1428,Дизель,D-130235,Москва
2026-03-25 09:00:03,Гофра глушителя D-130337 57-152-252 мм Дизель,19,687,Дизель,D-130337,Москва
2026-03-25 09:00:03,Гофра глушителя D-130338 45-152-252 мм Дизель,31,606,Дизель,D-130338,Москва
2026-03-25 09:00:03,Гофра глушителя D-130339 51-152-252 мм Дизель,1,622,Дизель,D-130339,Москва
2026-03-25 09:00:03,Гофра глушителя D-130340 57-202-302 мм Дизель,1,867,Дизель,D-130340,Москва
2026-03-25 09:00:03,"Гофра глушителя D-130408 / 45-150-250 мм с припуском, двойное армирование Дизель",1,590,Дизель,D-130408,Москва
2026-03-25 09:00:03,"Гофра глушителя D-130409 / 45-200-300 мм с припуском, двойное армирование Дизель",1,517,Дизель,D-130409,Москва
2026-03-25 09:00:03,"Гофра глушителя D-130411 / 67-250-350 мм с припуском, двойное армирование Дизель",1,1009,Дизель,D-130411,Москва
2026-03-25 09:00:03,"Гофра глушителя D-130412 / 67-300-400 мм с припуском, двойное армирование Дизель",1,1123,Дизель,D-130412,Москва
2026-03-25 09:00:03,"Гофра глушителя D-130413 / 70-152 мм с припуском, двойное армирование Дизель",1,576,Дизель,D-130413,Москва
2026-03-25 09:00:03,"Гофра глушителя D-130414 / 70-203 мм с припуском, двойное армирование Дизель",1,649,Дизель,D-130414,Москва
2026-03-25 09:00:03,"Гофра глушителя D-130415 / 70-254 мм с припуском, двойное армирование Дизель",3,782,Дизель,D-130415,Москва
2026-03-25 09:00:03,"Гофра глушителя D-130416 / 73-300-400 мм с припуском, двойное армирование Дизель",1,1105,Дизель,D-130416,Москва
2026-03-25 09:00:03,"Гофра глушителя D-130417 / 77-300-390 мм с припуском, двойное армирование Дизель",1,1557,Дизель,D-130417,Москва
2026-03-25 09:00:03,Датчик (концевик) стояночного тормоза 8-98238-611-0/8-97995-828-1 N-series ORIG,2,950,Isuzu,8979958281,Москва
2026-03-25 09:00:03,Датчик ABS 1-83227-024-1 RR LH/RH FVR34 ORIG,2,22914,Isuzu,1-83227-024-1,Москва
2026-03-25 09:00:03,Датчик ABS 8-98219-354-0/8-98002-215-0/1 NPR75/NPR71 ORIG,1,19404,Isuzu,8-98219-354-0,Москва
2026-03-25 09:00:03,Датчик ABS 94600-5K921 HYUNDAI HD65/72/78 ORIG,2,9540,Hyundai-Kia,94600-5K921,Москва
2026-03-25 09:00:03,Датчик ABS D-125808 / 4410328140 JAC N350 Дизель,1,3802,Дизель,D-125808,Москва
2026-03-25 09:00:03,Датчик ABS D-125809 / HFF3104118CK1G1 JAC N350 Дизель,1,3883,Дизель,D-125809,Москва
2026-03-25 09:00:03,Датчик ABS D-126467 / 810W27120-6182 RL Sitrak C7H Дизель,1,1491,Дизель,D-126467,Москва
2026-03-25 09:00:03,Датчик ABS D-126468 / 810W27120-6183 RR Sitrak C7H Дизель,1,1491,Дизель,D-126468,Москва
2026-03-25 09:00:03,Датчик ABS D-127089 / 1892048 Scania Дизель,2,885,Дизель,D-127089,Москва
2026-03-25 09:00:03,Датчик ABS D-127090 / 1892053 Scania Дизель,7,944,Дизель,D-127090,Москва
2026-03-25 09:00:03,Датчик ABS D-127091 / 1892054 Scania Дизель,14,767,Дизель,D-127091,Москва
2026-03-25 09:00:03,Датчик ABS D-127632 / 1000020110 R JAC N90/120 18~ Дизель,1,2376,Дизель,D-127632,Москва
2026-03-25 09:00:03,Датчик ABS D-127634 / 4410328090A F JAC N120 LE35S Дизель,1,3120,Дизель,D-127634,Москва
2026-03-25 09:00:03,Датчик ABS D-127885 / QT295D324-4415730 R FAW Дизель,1,1352,Дизель,D-127885,Москва
2026-03-25 09:00:03,Датчик ABS FR LH MK584727 Fuso Canter TF ORIG,6,28366,Mitsubishi,MK584727,Москва
2026-03-25 09:00:03,Датчик ABS зад 1000020110 JAC N90/120 18~ ORIG,1,5992,JAC,1000020110,Москва
2026-03-25 09:00:03,Датчик ABS задний левый 1-83227-027-0 CYZ51/EXZ51 ORIG,1,18058,Isuzu,1-83227-027-0,Москва
2026-03-25 09:00:03,Датчик ABS задний левый 8-98148-101-0/8-98153-037-0 CYZ52 ORIG,3,38501,Isuzu,8-98148-101-0,Москва
2026-03-25 09:00:03,Датчик ABS задний правый 1-83227-026-0 CYZ51/EXZ51 ORIG,1,29573,Isuzu,1-83227-026-0,Москва
2026-03-25 09:00:03,Датчик ABS задний правый 3565600U0010 JAC ORIG,2,1335,JAC,3565600U0010,Москва
2026-03-25 09:00:03,Датчик ABS перед правый 3550120LD041 / 3550120D5060XZ N56 JAC ORIG,6,1652,JAC,3550120LD041,Москва
2026-03-25 09:00:03,Датчик ABS передний 1-83127-961-1 CYZ52 ORIG,1,39259,Isuzu,1-83127-961-1,Москва
2026-03-25 09:00:03,Датчик ABS передний 94600-5K901 Hyundai HD72/78 ORIG,7,10718,Hyundai-Kia,94600-5K901,Москва
2026-03-25 09:00:03,Датчик ABS передний левый 3565500U0010 JAC ORIG,7,1176,JAC,3565500U0010,Москва
2026-03-25 09:00:03,Датчик ABS угловой 4410329662 1700 мм. Mercedes /Wabco,4,4939,Wabco,4410329662,Москва
2026-03-25 09:00:03,Датчик t топлива ТНВД 8-98023-581-0/8-97216-283-0/8-97238-596-0 NQ/NP75/90/NL/NM85/FSR ORIG,1,3105,Isuzu,8-98023-581-0,Москва
2026-03-25 09:00:03,Датчик АБС со втулкой и смазкой 4410329672 WABCO !,7,3390,Wabco,4410329672,Москва
2026-03-25 09:00:03,Датчик АБС угл.с трубками и разъемом) левый 463782 / A6555400817 / A6505400217 / 4410325170 Mercedes /DieselTechnic,2,4042,Diesel Technic,4.63782,Москва
2026-03-25 09:00:03,"Датчик АБС угловой 0,4м правый 463783/ A6505400117 / A6555400717 Mercedes/DieselTechnic",2,3186,Diesel Technic,4.63783,Москва
2026-03-25 09:00:03,Датчик АВS передний правый 8-98219-391-0 N-series E5 ORIG,1,28803,Isuzu,8-98219-391-0,Москва
2026-03-25 09:00:03,Датчик АВS правый 8-98219-393-0 NPR75/NPR71 ORIG,1,32354,Isuzu,8-98219-393-0,Москва
2026-03-25 09:00:03,Датчик АВС передний левый 3550110W5090 N35 JAC ORIG,6,1124,JAC,3550110W5090,Москва
2026-03-25 09:00:03,Датчик блокировки РК / дифференциала СМ 2997386 IVECO Orig,2,4673,Iveco,2997386,Москва
2026-03-25 09:00:03,Датчик включения блокировки дифференциала D-126826 / 811W25503-0244 HOWO Дизель,1,714,Дизель,D-126826,Москва
2026-03-25 09:00:03,Датчик включения блокировки дифференциала D-129187 / 3834050-A0E FAW J6 Дизель,1,539,Дизель,D-129187,Москва
2026-03-25 09:00:03,Датчик воды WG9925550967 HOWO ORIG,3,2017,Howo,WG9925550967,Москва
2026-03-25 09:00:03,Датчик воды топливного фильтра D-127587 / 31974-43000 Hyundai Porter Дизель,2,282,Дизель,D-127587,Москва
2026-03-25 09:00:03,Датчик давления 1-82410-163-1 ORIG,3,3214,Isuzu,1-82410-163-1,Москва
2026-03-25 09:00:03,"Датчик давления 8-98346-869-0 C,F-series ORIG",2,4861,Isuzu,8-98346-869-0,Москва
2026-03-25 09:00:03,"Датчик давления D-125061 / 8-97615-622-0 C,F-series Дизель",1,1609,Дизель,D-125061,Москва
2026-03-25 09:00:03,Датчик давления D-125811 / 3506630Y8020 JAC N350 Дизель,1,14579,Дизель,D-125811,Москва
2026-03-25 09:00:03,Датчик давления D-127636 / 3814910LG010 JAC N90 Дизель,1,1458,Дизель,D-127636,Москва
2026-03-25 09:00:03,Датчик давления D-127886 / VG1099090112 HOWO Дизель,1,1194,Дизель,D-127886,Москва
2026-03-25 09:00:03,Датчик давления воздуха (впуск) 89424-60010 HINO 300 E-3 Y,5,1252,Yamasida,89424-60010,Москва
2026-03-25 09:00:03,"Датчик давления воздуха 8-98108-286-0/8-97370-964-0 N,F-series (CNG) ГАЗ ORIG",1,24913,Isuzu,8-98108-286-0,Москва
2026-03-25 09:00:03,Датчик давления воздуха D-128820 / S8939-01080 E13C HINO 700 Дизель,1,1052,Дизель,D-128820,Москва
2026-03-25 09:00:03,Датчик давления воздуха в ресивере 1-48340-058-2 CYZ51/CYZ52 ORIG,2,4223,Isuzu,1-48340-058-2,Москва
2026-03-25 09:00:03,Датчик давления воздуха пневмосистемы D-127888 / 811W25503-0275 HOWO Дизель,1,524,Дизель,D-127888,Москва
2026-03-25 09:00:03,Датчик давления воздуха стояночного тормоза D-125807 / 3757920LG010 JAC N90/350 Дизель,1,686,Дизель,D-125807,Москва
2026-03-25 09:00:03,Датчик давления воздуха стояночного тормоза D-129051 / 3757920G1H5203 JAC N350 Дизель,1,1228,Дизель,D-129051,Москва
2026-03-25 09:00:03,Датчик давления и температуры наддува D-126471 / 3602035-630-0000S FAW Дизель,1,1243,Дизель,D-126471,Москва
2026-03-25 09:00:03,Датчик давления масла 1026170FB JAC N35 ORIG,1,253,JAC,1026170FB,Москва
2026-03-25 09:00:03,Датчик давления масла 15161-96003 TGO-NS02 CF/CD PE6T 24V,1,1558,GEN,15161-96003,Москва
2026-03-25 09:00:03,Датчик давления масла 202V274210313 HOWO ORIG,4,3201,Howo,202V274210313,Москва
2026-03-25 09:00:03,Датчик давления масла 4076930F/5677803 ISF 3.8 JAC Cummins ORIG,1,906,JAC,4076930F,Москва
2026-03-25 09:00:03,"Датчик давления масла D-126830 / 4076930 JAC N120, Камаз Cummins ISF3.8 Е-5 Дизель",2,419,Дизель,D-126830,Москва
2026-03-25 09:00:03,Датчик давления масла D-127105 / 83530-E0220 / TGS-124 HINO 300/500/700 E-3/4 Дизель,4,894,Дизель,D-127105,Москва
2026-03-25 09:00:03,Датчик давления масла D-127140 / 8-97176-230-0 NQR71/75/90 NPR75 FSR90 NLR85 Дизель,2,253,Дизель,D-127140,Москва
2026-03-25 09:00:03,Датчик давления масла D-127887 / 202V274210313 HOWO Дизель,4,1074,Дизель,D-127887,Москва
2026-03-25 09:00:03,Датчик давления масла D-128321 / 202V27421-0313 SITRAK C7H Дизель,2,1112,Дизель,D-128321,Москва
2026-03-25 09:00:03,Датчик давления масла D-128700 / 3602185-48D FAW J6 E-4 Дизель,1,676,Дизель,D-128700,Москва
2026-03-25 09:00:03,"Датчик давления масла D-128823 / PS131 / 83530-28030 / MC840219 / MD001481 папа DYNA, MMC Дизель",1,209,Дизель,D-128823,Москва
2026-03-25 09:00:03,"Датчик давления на коллекторе 8-98112-831-0 N,F-series (CNG) ГАЗ ORIG",1,6934,Isuzu,8-98112-831-0,Москва
2026-03-25 09:00:03,Датчик давления топлива в рампе D-128319 / 200V27421-0229 SITRAK C7H Дизель,2,3311,Дизель,D-128319,Москва
2026-03-25 09:00:03,Датчик давления топлива в рампе D-128323 / 202V27421-0263 SITRAK C7H Дизель,1,1067,Дизель,D-128323,Москва
2026-03-25 09:00:03,Датчик давления топлива в рампе D-128824 / 89548-E0040 E13C HINO 700 Дизель,2,5536,Дизель,D-128824,Москва
2026-03-25 09:00:03,Датчик давления шин 52940-E2100 HYUNDAI ORIG,2,2255,Hyundai-Kia,52940-E2100,Москва
2026-03-25 09:00:03,"Датчик детонации 8-97315-414-0 C,N-series ORIG",5,2697,Isuzu,8-97315-414-0,Москва
2026-03-25 09:00:03,Датчик детонации D-128299 / 1026603GAA JAC JS4 J7 T6 Дизель,7,882,Дизель,D-128299,Москва
2026-03-25 09:00:03,Датчик заднего хода 79100710068-1 JAC ORIG,1,1301,JAC,79100710068-1,Москва
2026-03-25 09:00:03,Датчик заднего хода 8-94156-821-0 NKR ORIG,1,2673,Isuzu,8-94156-821-0,Москва
2026-03-25 09:00:03,Датчик заднего хода 8-98180-973-0 / 8-97165-947-1 ORIG,22,1989,Isuzu,8-98180-973-0,Москва
2026-03-25 09:00:03,Датчик заднего хода 8-98292-810-0 ORIG,1,7040,Isuzu,8-98292-810-0,Москва
2026-03-25 09:00:03,Датчик заднего хода D-127106 / 6501-3594-03 / TH-B316 HINO Дизель,11,577,Дизель,D-127106,Москва
2026-03-25 09:00:03,Датчик заднего хода D-127110 / TH-B515 / 25310-00Z16 NISSAN UD MK210 14.5t `96~ Дизель,1,595,Дизель,D-127110,Москва
2026-03-25 09:00:03,Датчик заднего хода D-128130 / 8-98180-973-0 / 8-97165-947-1 Дизель,2,366,Дизель,D-128130,Москва
2026-03-25 09:00:03,Датчик заднего хода HINO TH-B316 / 6501-3594-03 Y,14,892,Yamasida,6501-3594-03,Москва
2026-03-25 09:00:03,Датчик заднего хода MMC CANTER FE3#/4#/FK4#/5 TH-B315/MC840590 Y,3,841,Yamasida,MC840590,Москва
2026-03-25 09:00:03,Датчик заднего хода MMC FUSO FV320 TH-B318/MC842729,1,855,Yamasida,MC842729,Москва
2026-03-25 09:00:03,Датчик заднего хода NISSAN UD-8/10 TH-B514/25310-Z2014 Y,2,1016,Yamasida,25310-Z2014,Москва
2026-03-25 09:00:03,"Датчик износа тормозных колодок D-129004 / WG4007443054 / AZ400744403054 платина Sitrak, Howo Дизель",1,715,Дизель,D-129004,Москва
2026-03-25 09:00:03,Датчик кислородный D-126469 / WG1034121032 Sitrak C7H Дизель,1,10991,Дизель,D-126469,Москва
2026-03-25 09:00:03,Датчик кислородный D-128303 / 1026605GD190 JAC T6 Дизель,2,3199,Дизель,D-128303,Москва
2026-03-25 09:00:03,Датчик коленвала 200V27120-7038 HOWO ORIG,2,800,Howo,200V27120-7038,Москва
2026-03-25 09:00:03,Датчик контроля оксида азота ME230283 Fuso Canter FECX1 ORIG,3,58905,Mitsubishi,ME230283,Москва
2026-03-25 09:00:03,Датчик массового расхода воздуха 1026190FD020 JAC N35 ORIG,3,6209,JAC,1026190FD020,Москва
2026-03-25 09:00:03,Датчик массового расхода воздуха 39320-52000/DMA-0111 HYUNDAI D4GA ORIG,2,5869,Hyundai-Kia,39320-52000,Москва
2026-03-25 09:00:03,Датчик массового расхода воздуха 8-97601-967-0/U09005-AFS/AFH70M-40 6WG1/HL/4HK1/JJ1/HL ORIG,8,17695,Isuzu,8-97601-967-0,Москва
2026-03-25 09:00:03,Датчик педали акселератора D-127111 / S8944-16950 HINO 700 E13C Дизель,2,1293,Дизель,D-127111,Москва
2026-03-25 09:00:03,Датчик поворота руля MK645976/ML235219 Fuso Canter TF E-5 ORIG,1,45863,Mitsubishi,MK645976,Москва
2026-03-25 09:00:03,Датчик подъема кабины D-125814 / 3750730LE020 JAC N120 Дизель,1,812,Дизель,D-125814,Москва
2026-03-25 09:00:03,Датчик положения к/вала 39340-45700 Hyundai HD65/78 D4DD ORIG,7,2311,Hyundai-Kia,39340-45700,Москва
2026-03-25 09:00:03,Датчик положения коленвала 8-97312-108-1 4JJ1 NLR85 ORIG,1,3793,Isuzu,8-97312-108-1,Москва
2026-03-25 09:00:03,"Датчик положения коленвала D-126825 / 6310674 JAC N120, Камаз Cummins ISF3.8 Е-5 Дизель",1,1979,Дизель,D-126825,Москва
2026-03-25 09:00:03,"Датчик положения коленвала D-126834 / 3602060A630-0000 FAW, FOTON Дизель",1,2414,Дизель,D-126834,Москва
2026-03-25 09:00:03,Датчик положения коленвала D-127637 / 5491326F JAC ISF3.8 Дизель,1,1312,Дизель,D-127637,Москва
2026-03-25 09:00:03,Датчик положения коленвала/распредвала D-130775 / 5491326 JAC N120/Камаз Cummins ISF3.8 Е-5 Дизель,13,938,Дизель,D-130775,Москва
2026-03-25 09:00:03,Датчик положения педали газа 1-80250-030-0 CXZ51KCYZ51KEXZ51KCYZ51LCXZ81K 6WF1 10PE1 ORIG,2,9215,Isuzu,1-80250-030-0,Москва
2026-03-25 09:00:03,Датчик положения р/в 1026120FE010 JAC N35 Cummins ORIG,8,1014,JAC,1026120FE010,Москва
2026-03-25 09:00:03,Датчик положения распредвала 39350-52000 HYUNDAI HD65/78/120 D4GA ORIG,1,2184,Hyundai-Kia,39350-52000,Москва
2026-03-25 09:00:03,"Датчик распредвала D-126832 / 612630030007 / 0281002315 / 621630030007 JAC, FOTON, FAW Дизель",1,1083,Дизель,D-126832,Москва
2026-03-25 09:00:03,Датчик сенсорный CY-33 8-97129-704-0 ISUZU NKR/NPR/NHR/NHS 93~ Y,1,1988,Yamasida,8-97129-704-0,Москва
2026-03-25 09:00:03,Датчик скорости D-125816 / 94600-8A500 JAC Дизель,2,659,Дизель,D-125816,Москва
2026-03-25 09:00:03,Датчик скорости D-126676 / 8-97377-920-0 / 8-97129-704-0 / 8-97118-810-0 ISUZU NPR66 Дизель,2,330,Дизель,D-126676,Москва
2026-03-25 09:00:03,Датчик скорости D-126835 / WG2209280010-S HOWO T5G Дизель,11,576,Дизель,D-126835,Москва
2026-03-25 09:00:03,Датчик скорости D-126915 / WK-38-5T92 FAW Дизель,1,2377,Дизель,D-126915,Москва
2026-03-25 09:00:03,Датчик скорости D-127113 / 1-83127-115-0 / 1-83127-046-1 CXG CXH CVS CXW CYW FSR FSD 86~ Дизель,3,1125,Дизель,D-127113,Москва
2026-03-25 09:00:03,"Датчик скорости D-127115 / 83181-37050 / CY-39 DYNA, TOYOACE BU3## WU30# 34# XZU3## 99~ Дизель",1,964,Дизель,D-127115,Москва
2026-03-25 09:00:03,Датчик скорости D-128757 / 8-97328-058-1/0 ISUZU Дизель,1,2040,Дизель,D-128757,Москва
2026-03-25 09:00:03,Датчик скорости D-129192 / DZ9100580142 3 контактный SHAANXI F3000 Дизель,2,511,Дизель,D-129192,Москва
2026-03-25 09:00:03,Датчик скорости QD43536-T00030 HYUNDAI HD45-1000 ORIG,1,8506,Hyundai-Kia,QD43536-T00030,Москва
2026-03-25 09:00:03,Датчик спидометра 4854770 Iveco Orig !,1,7674,Iveco,4854770,Москва
2026-03-25 09:00:03,Датчик спидометра WK-48-6G120 JAC ORIG,1,3981,JAC,WK-48-6G120,Москва
2026-03-25 09:00:03,"Датчик стоп сигнала 8-98000-028-0 ISUZU NPR75/NLR,NMR85/NQR90 Y",11,282,Yamasida,8-98000-028-0,Москва
2026-03-25 09:00:03,Датчик стоп сигнала MC134474 Fuso Canter Y,1,381,Yamasida,MC134474,Москва
2026-03-25 09:00:03,Датчик стоп-сигнала D-127096 / 8-98000-028-0 ISUZU NPR75 NLR NMR85 NQR90 Дизель,18,291,Дизель,D-127096,Москва
2026-03-25 09:00:03,Датчик тахометра 8-97214-325-0 4HE1 N-series ORIG,1,1346,Isuzu,8-97214-325-0,Москва
2026-03-25 09:00:03,Датчик температуры 1-83161-031-1 ORIG,5,1659,Isuzu,1-83161-031-1,Москва
2026-03-25 09:00:03,Датчик температуры 12.1.08.0060 KSD1000/1100 SuperSnow,2,831,SuperSnow,12.1.08.0060,Москва
2026-03-25 09:00:03,Датчик температуры 8-98023-717-0 / 8-97170-327-0 NQR71/75/NLR85 E063A Y,1,1089,Yamasida,8-98023-717-0,Москва
2026-03-25 09:00:03,Датчик температуры D-127399 / 1026240LE790 JAC N90 Дизель,1,15774,Дизель,D-127399,Москва
2026-03-25 09:00:03,Датчик температуры всасываемого воздуха D-127002 / 89424-60010 HINO 300 E-3 Дизель,18,1217,Дизель,D-127002,Москва
2026-03-25 09:00:03,Датчик температуры входящего воздуха 8-12146-830-0 4HK1/4JJ1 E-3 NQR/NLR/NMR ORIG,2,2842,Isuzu,8-12146-830-0,Москва
2026-03-25 09:00:03,Датчик температуры выхлопных газов 1026321FD020 JAC N35 ORIG,1,5070,JAC,1026321FD020,Москва
2026-03-25 09:00:03,Датчик температуры выхлопных газов D-127097 / 89424-E0030 HINO 700 Дизель,2,1702,Дизель,D-127097,Москва
2026-03-25 09:00:03,"Датчик температуры наддува воздуха 8-98065-377-0 FVR34, NPR75 ORIG",6,575,Isuzu,8-98065-377-0,Москва
2026-03-25 09:00:03,Датчик температуры ОЖ D-126477 / 3602160-59D / 3602015-6300000 FAW Дизель,2,1333,Дизель,D-126477,Москва
2026-03-25 09:00:03,Датчик температуры ОЖ D-126838 / 61230060035 Weichai WP10/12 FAW Дизель,1,1525,Дизель,D-126838,Москва
2026-03-25 09:00:03,Датчик температуры ОЖ D-126842 / 3602015B630-0000 FAW Дизель,1,1076,Дизель,D-126842,Москва
2026-03-25 09:00:03,Датчик температуры ОЖ D-127472 / 1026220LE17M JAC N90 Дизель,1,3891,Дизель,D-127472,Москва
2026-03-25 09:00:03,Датчик температуры охл жидкости 1026604GAA J5 JAC ORIG,1,733,JAC,1026604GAA,Москва
2026-03-25 09:00:03,Датчик температуры топлива ТНВД D-127116 / 8-98023-581-0 / 8972162830 NQ/NP75/90 NL/NM85 FSR Дизель,4,314,Дизель,D-127116,Москва
2026-03-25 09:00:03,Датчик топливного сепаратора D-125192 / 8-97605-127-3 ISUZU CYZ51/CXZ/EXZ51 Дизель,1,2545,Дизель,D-125192,Москва
2026-03-25 09:00:03,Датчик угла поворота руля 712W25441-6006 HOWO ORIG,2,16496,Howo,712W25441-6006,Москва
2026-03-25 09:00:03,Датчик уровня масла в картере двигателя 8-97328-993-1 4HK1-T NQR90/NPR75 ORIG,2,3507,Isuzu,8-97328-993-1,Москва
2026-03-25 09:00:03,Датчик уровня моч-ны D-125819 / 1205270Y3J53 JAC N350 WP10 E-5 Дизель,1,10143,Дизель,D-125819,Москва
2026-03-25 09:00:03,Датчик уровня моч-ны D-126726 / 1205270Y3J5301 JAC N350 WP10 E-5 Дизель,1,7810,Дизель,D-126726,Москва
2026-03-25 09:00:03,"Датчик уровня оксида азота D-126833 / 4326863 JAC N120, Камаз Cummins ISF3.8 Е-5 Дизель",1,10549,Дизель,D-126833,Москва
2026-03-25 09:00:03,"Датчик уровня пневмоподвески левый 8-98101-548-0 C,E-series ORIG",6,14276,Isuzu,8-98101-548-0,Москва
2026-03-25 09:00:03,Датчик уровня пола 4410500110 / TT6116005 / A0005424018 / 98472878 WABCO,1,7855,Wabco,4410500110,Москва
2026-03-25 09:00:03,"Датчик уровня пола MAN,DAF,DC 4410500110-D WABCO !",1,9083,Wabco,4410500110-D,Москва
2026-03-25 09:00:03,"Датчик уровня пола резьба М 27x1 MAZ, RVI 4410500100 WABCO",1,7102,Wabco,4410500100,Москва
2026-03-25 09:00:03,Датчик уровня топлива (бак 200 л.) 1-83141-131-0/8-98217-750-0 CYZ51/CXZ ORIG,1,8894,Isuzu,8-98217-750-0,Москва
2026-03-25 09:00:03,Датчик уровня топлива (бак 200 л.) D-125318 / 1-83141-131-0 / 8-98217-750-0 CYZ51/CXZ Дизель,1,6306,Дизель,D-125318,Москва
2026-03-25 09:00:03,"Датчик уровня топлива (бак 400 л.) 8-98217-749-0 C,E series ORIG",1,13075,Isuzu,8-98217-749-0,Москва
2026-03-25 09:00:03,Датчик уровня топлива 8-98113-177-0 ORIG,1,4397,Isuzu,8981131770,Москва
2026-03-25 09:00:03,Датчик уровня топлива 94410-5L001 HD35-78 D4GA ORIG,2,10364,Hyundai-Kia,94410-5L001,Москва
2026-03-25 09:00:03,Датчик уровня топлива D-126482 / AZ932555200008 Sitrak C7H Дизель,1,2508,Дизель,D-126482,Москва
2026-03-25 09:00:03,Датчик уровня топлива D-127640 / 1106010LG150 JAC N90 Дизель,1,3691,Дизель,D-127640,Москва
2026-03-25 09:00:03,Датчик уровня топлива D-129894 / WG9925550002 HOWO T5G Дизель,2,2095,Дизель,D-129894,Москва
2026-03-25 09:00:03,Датчик уровня топлива в баке (200 л.) 8-98099-321-0 FVR34 ORIG,2,4892,Isuzu,8-98099-321-0,Москва
2026-03-25 09:00:03,Датчик уровня топлива в баке 100л. 8-98113-179-0 NPR75/NQR90 ORIG,1,3590,Isuzu,8-98113-179-0,Москва
2026-03-25 09:00:03,Датчик уровня топлива в баке 8-98099-319-0 FSR90 ORIG,1,4561,Isuzu,8-98099-319-0,Москва
2026-03-25 09:00:03,Датчик ускорения D-125822 / 3565030LE35P JAC N120 Дизель,1,20691,Дизель,D-125822,Москва
2026-03-25 09:00:03,Дверь кабины левая 8-98260-598-0 FSR34/FVR34 ЕВРО5 ORIG,4,70224,Isuzu,8-98260-598-0,Москва
2026-03-25 09:00:03,Дверь левая (в сборе) MK714074 Fuso Canter TF ORIG,3,85100,Mitsubishi,MK714074,Москва
2026-03-25 09:00:03,Дверь левая 8-98260-602-0 NLR85/NMR85/NPR75/NQR90 ORIG,4,39871,Isuzu,8-98260-602-0,Москва
2026-03-25 09:00:03,Дверь левая D-125823 / 75001-Y4010XH корпус JAC N350 Дизель,1,15988,Дизель,D-125823,Москва
2026-03-25 09:00:03,Дверь левая D-127995 / 8-98171-234-0 / 8-98075-729-0 N-series Дизель,2,23484,Дизель,D-127995,Москва
2026-03-25 09:00:03,Дверь правая D-127315 / 8-98171-226-0 / 8-98075-728-0 N-series Дизель,1,21136,Дизель,D-127315,Москва
2026-03-25 09:00:03,Дверь правая D-129195 / 75002-Y4010XH корпус JAC N350 Дизель,1,16919,Дизель,D-129195,Москва
2026-03-25 09:00:03,Демпфер стеклоподъемника 1-74417-074-0 ORIG,2,274,Isuzu,1-74417-074-0,Москва
2026-03-25 09:00:03,Держатель глушителя (резин) 1203071W5000 JAC N35 ORIG,2,213,JAC,1203071W5000,Москва
2026-03-25 09:00:03,Держатель глушителя (резин) 1203072W5000 JAC N35 ORIG,1,149,JAC,1203072W5000,Москва
2026-03-25 09:00:03,Держатель переднего бампера 2803520U1570 JAC S5 ORIG,2,572,JAC,2803520U1570,Москва
2026-03-25 09:00:03,Держатель сонара в переднем бампере 2803216U2220 JAC S3 ORIG,2,263,JAC,2803216U2220,Москва
2026-03-25 09:00:03,Держатель усилителя заднего бампера 2804202U2210 JAC S3 ORIG,3,69,JAC,2804202U2210,Москва
2026-03-25 09:00:03,Дефлектор внешний правый 943/162 / A9438841722 Covind !,1,4385,Covind,943/162,Москва
2026-03-25 09:00:03,Диафрагма тормозной камеры МАЗ 500351915001,3,224,JMC,500351915001,Москва
2026-03-25 09:00:03,Диодный мост D-056/FDS-4178/L160-4320 8-94167-411-0/8-94408-396-0/8-94408-376-0 WFS62 4FG1 FD,2,1837,New-Era,8-94167-411-0,Москва
2026-03-25 09:00:03,Диск индексный 1005012FD020 JAC N35 ORIG,1,400,JAC,1005012FD020,Москва
2026-03-25 09:00:03,Диск колесный D-125825 / 3101010Y4P00 JAC Дизель,2,11852,Дизель,D-125825,Москва
2026-03-25 09:00:03,"Диск колесный D-127790 / MK527232 17,5x6 6 отв. ISUZU NPR NQR, FUSO CANTER, HINO 300 Дизель",42,7003,Дизель,D-127790,Москва
2026-03-25 09:00:03,Диск колесный D-129196 16x5.5 1/2 (6 отверстий) Дизель,4,6452,Дизель,D-129196,Москва
2026-03-25 09:00:03,"Диск колесный D-129197 22,5x7.5 (8 отверстий) Дизель",1,10094,Дизель,D-129197,Москва
2026-03-25 09:00:03,Диск колесный D-129198 / 3101015-DR010 FAW Дизель,1,8896,Дизель,D-129198,Москва
2026-03-25 09:00:03,"Диск колесный D-130294 / 22,5x9,00 10х335/281/175 усиленный 16мм Дизель",5,8613,Дизель,D-130294,Москва
2026-03-25 09:00:03,Диск колесный D-130784 / 19.5x6.75 (8 отверстий*26мм) Дизель,4,6442,Дизель,D-130784,Москва
2026-03-25 09:00:03,"Диск сцепления 1-31240-976-0/1-31240-907-0/8-97822-495-0 C,E- series ORIG",1,46710,Isuzu,8-97822-495-0,Москва
2026-03-25 09:00:03,Диск сцепления 1600200LE070 JAC ORIG,2,12090,JAC,1600200LE070,Москва
2026-03-25 09:00:03,Диск сцепления 1600200LE070 JAC STCO,6,4700,STCO,16002-00LE070,Москва
2026-03-25 09:00:03,Диск сцепления 1600200LE070-AM001 N75 JAC ORIG,7,8939,JAC,1600200LE070-AM001,Москва
2026-03-25 09:00:03,Диск сцепления 1601200LE17G N80 LE795 с 2020 г. JAC ORIG,4,16355,JAC,1601200LE17G,Москва
2026-03-25 09:00:03,"Диск сцепления 2085863/1878 003 839 430мм Scania P,G,R,T - series STCO",7,8364,STCO,2085863,Москва
2026-03-25 09:00:03,"Диск сцепления 236*150*21*29,8 TYD112/U/31250-36220 STCO",1,1819,STCO,31250-28082,Москва
2026-03-25 09:00:03,Диск сцепления 240*150*23*26.14 HD-62 / 32497 / 30644 / 41100-4B077 Hyundai Porter/Starex H-1 PHC,7,5373,PHC,HD-90,Москва
2026-03-25 09:00:03,"Диск сцепления 240*160*24*25,6 / ISD101 / 8-94159-975-0 STCO",1,1888,STCO,8-94159-975-0,Москва
2026-03-25 09:00:03,"Диск сцепления 260*150*24*25,6 / NSD014U / 30100-02T66 STCO",3,2154,STCO,30100-02T66,Москва
2026-03-25 09:00:03,Диск сцепления 260*170*12*28 / MZD063U / SE03-16-460B STCO,1,2167,STCO,SE03-16-460B,Москва
2026-03-25 09:00:03,"Диск сцепления 260*170*14*29.4 / ME500917 / MFD084U Canter FB6, FE5, FE6 96-2001 STCO",1,2551,STCO,ME500917,Москва
2026-03-25 09:00:03,"Диск сцепления 260*170*21*29,8 / TYD080/TYD015 STCO",2,2069,STCO,31250-36113,Москва
2026-03-25 09:00:03,"Диск сцепления 260*170*24*25,6 5-87610-107-0/8-97310-275-0 ISD109 NKR/NPR 4BC2/4BE1 ORIG CHINA",1,5661,Isuzu,5-87610-107-0,Москва
2026-03-25 09:00:03,"Диск сцепления 275*175*14*29,4 / MFD015 / ME500185 STCO",4,3201,STCO,ME500185,Москва
2026-03-25 09:00:03,"Диск сцепления 275*175*14*29,4 41100-5H100 / HD-69 HD45/65/72/78 With Active Hub (ан. VALEO) STCO",15,2592,STCO,41100-5H100,Москва
2026-03-25 09:00:03,"Диск сцепления 275*175*21*29,8 / TYD078Y / 31250-36410 STCO",1,2367,STCO,31250-36410,Москва
2026-03-25 09:00:03,"Диск сцепления 275*180*24*25,6 / ISD102 / 5-31240-043-0 STCO",8,2695,STCO,5-31240-043-0,Москва
2026-03-25 09:00:03,"Диск сцепления 300*190*10*38,1 / ISD035/HND041U/HND014Y / 31250-3890 / 1-31240-208-0 STCO",1,3289,STCO,31250-3890,Москва
2026-03-25 09:00:03,Диск сцепления 300*190*14*35.2 /5-87610-077-1 / 8-98255-139-1 N-series SKV Premium (BVP),7,5125,SKV,8-98255-139-1,Москва
2026-03-25 09:00:03,Диск сцепления 300*190*14*35.2 41100-5K100 / 25932 HD65/72 VALEO,2,14507,Valeo,41100-5K100,Москва
2026-03-25 09:00:03,"Диск сцепления 300*190*16*30,0 NDD018U / 30100-Z5166 STCO",2,3661,STCO,30100-Z5166,Москва
2026-03-25 09:00:03,"Диск сцепления 300*190*24*25,6 / ISD114 / 8-94339-800-0/ NSD112 STCO",4,2919,STCO,8-94339-800-0,Москва
2026-03-25 09:00:03,"Диск сцепления 325*210*10*38,1 / HND008 / 31250-2621/HND063U/ISD010U/ISD143 STCO",2,3914,STCO,31250-2621,Москва
2026-03-25 09:00:03,"Диск сцепления 325*210*14*35.2 / MFD072U / ME517724,ME523396 Fuso CANTER 4M50 (8S) STCO",6,4030,STCO,ME517724,Москва
2026-03-25 09:00:03,Диск сцепления 325*210*14*35.2 8-97362-235-1/8-98255-140-1/5-87610-080-0 (act hub) SKV Premium (BVP),11,5878,SKV,8-98255-140-1,Москва
2026-03-25 09:00:03,Диск сцепления 325*210*14*35.2 8-97362-235-1/8-98255-140-1/5-87610-080-0/1 ISD098U (active hub) MYY6 STCO,7,4055,STCO,8-97362-235-1,Москва
2026-03-25 09:00:03,Диск сцепления 325*210*14*35.2 8-97362-235-1/8-98255-140-1/5-87610-080-0/1 (active hub) ORIG CHINA,374,5955,Isuzu,5-87610-080-1,Москва
2026-03-25 09:00:03,"Диск сцепления 325*210*16*30,0 CR-NDD022Y / 30100-Z5008 STCO",2,5555,STCO,30100-Z5008,Москва
2026-03-25 09:00:03,"Диск сцепления 325*210*16*30,0 CR-NDD022Y / 30100-Z5008 Керамика SKV",1,4448,SKV,30100-Z5008,Москва
2026-03-25 09:00:03,Диск сцепления 350*212*14*44 / MFD037U / ME521057 STCO,4,5346,STCO,ME521057,Москва
2026-03-25 09:00:03,"Диск сцепления 350*220*10*38,1 / ISD003Y/ISD036Y/NDD027U / 31250-2842 / 1-31240-381-0 STCO",6,4822,STCO,1-31240-381-0,Москва
2026-03-25 09:00:03,"Диск сцепления 350*220*10*38,1 CR-ISD036Y /1-31240-381-0 Керамика STCO",1,6570,STCO,CR-ISD036Y,Москва
2026-03-25 09:00:03,Диск сцепления 350*220*10*45 ISD193U / 1-87610-140-0 Activ Hub 8S SKV,3,6632,SKV,1-87610-140-0,Москва
2026-03-25 09:00:03,Диск сцепления 354*225*14*38.71 22581 / HD-52 / 41100-6A100 Hyundai HD120/AeroTown D6BR PHC,6,17926,PHC,HD-52,Москва
2026-03-25 09:00:03,"Диск сцепления 380*220*10*44,5/ HND029 / 31250-2920 STCO",3,6173,STCO,31250-2920,Москва
2026-03-25 09:00:03,Диск сцепления 380*220*10*44.5 HND058Y HINO500 31250-E0520 STCO,9,5914,STCO,31250-E0520,Москва
2026-03-25 09:00:03,Диск сцепления 380*220*14*44 / MFD071Y / ME521606 STCO,1,6136,STCO,ME521606,Москва
2026-03-25 09:00:03,Диск сцепления 380*240*10*44.7 1-31240-972-1 6HK FVR SKV Premium (BVP),6,11059,SKV,1-31240-972-1,Москва
2026-03-25 09:00:03,"Диск сцепления 380*240*10*50,8 / ISD031 / 1-31240-539-1 SKV",9,2697,SKV,1-31240-539-1,Москва
2026-03-25 09:00:03,"Диск сцепления 380*240*10*50,8 / ISD031 / 1-31240-539-1 STCO",4,4961,STCO,1-31240-539-1,Москва
2026-03-25 09:00:03,Диск сцепления 380*240*12*42.0 / NDD017 / 30100-90612 SKV,2,3751,SKV,30100-90612,Москва
2026-03-25 09:00:03,Диск сцепления 380*240*14*38.71 HD-14 / 30811 / 41100-6A700 Hyundai HD120/AeroTown D6DA22/D6GA PHC,1,13512,PHC,HD-14,Москва
2026-03-25 09:00:03,Диск сцепления 395*240*18.40 HD-173 / 40013 / 41100-6C900 Hyundai HD120 D6GA PHC,1,27220,PHC,HD-173,Москва
2026-03-25 09:00:03,"Диск сцепления 400*250*10*50,8 / HND018Y / 31250-2900 STCO",2,5394,STCO,31250-2900,Москва
2026-03-25 09:00:03,Диск сцепления 400*250*14*48 / MFD018 / ME550251 SKV,2,4594,SKV,ME550251,Москва
2026-03-25 09:00:03,Диск сцепления 410*260*16*45 ISD008/ISD007 1-31240-928-0 CVS/CXW/CYW 1987-1999 STCO,1,5196,STCO,1-31240-286-0,Москва
2026-03-25 09:00:03,Диск сцепления 41100-V7150 JAC ORIG,11,4158,JAC,41100-V7150,Москва
2026-03-25 09:00:03,"Диск сцепления 430*250*10*50,8 / HND045Y/009N/065Y/ISD078Y / 31250-3924 Керамика STCO",6,10130,STCO,31250-3924,Москва
2026-03-25 09:00:03,Диск сцепления 430*250*10*50.8 1-31240-865-0/980-/1-87611-002-0 CYZ52/HIN700 SKV Premium (BVP),1,18128,SKV,1-31240-865-1,Москва
2026-03-25 09:00:03,Диск сцепления 430*250*10*50.8 1-31240-865-0/980-0/1-87611-002-0/31250-E0071 CYZ52/HIN700 ORIG CHINA,11,19832,Isuzu,1-87611-002-0,Москва
2026-03-25 09:00:03,"Диск сцепления 430*250*14*48,0 ME521203/MFD058U STCO",6,6376,STCO,ME521203,Москва
2026-03-25 09:00:03,Диск сцепления 430*250*14*48.0/MFD 058U/ME550730 Керамика STCO,5,8671,STCO,ME550730,Москва
2026-03-25 09:00:03,"Диск сцепления 430*250*18*50,0 /NDD036Y/NDD054U Керамика SKV",2,6962,SKV,NDD036Y,Москва
2026-03-25 09:00:03,Диск сцепления 430*260/10*50.8*41*7.9 WG9925160822 SITRAK T7H STCO,1,9288,STCO,WG9925160822,Москва
2026-03-25 09:00:03,Диск сцепления D-126484 / 1601210-76А/В А000 FAW Дизель,3,3637,Дизель,D-126484,Москва
2026-03-25 09:00:03,Диск сцепления D-127389 / 5-87610-077-1 / 8-98255-139-1 300х190х14х35.2 N-series BVP quality Дизель,9,4902,Дизель,D-127389,Москва
2026-03-25 09:00:03,Диск сцепления D-127390 / 1-31240-977-2/1 380х240х10х44.7 6HK FVR Керамика Дизель,22,16396,Дизель,D-127390,Москва
2026-03-25 09:00:03,Диск сцепления D-127391 / 1-31240-865-0 / 1-87611-002-0 430х250х10х50.8 CYZ52 BVP quality Дизель,2,19232,Дизель,D-127391,Москва
2026-03-25 09:00:03,Диск сцепления D-127641 / 1600200LE35F JAC N90 Дизель,7,6122,Дизель,D-127641,Москва
2026-03-25 09:00:03,Диск сцепления D-127642 / 31250-E0760 325х210х14х32.4 HINO300/TOYOTA XZU4/3# N04C BVP quality Дизель,12,7583,Дизель,D-127642,Москва
2026-03-25 09:00:03,Диск сцепления D-127889 / WG9114160020 HOWO Дизель,1,4160,Дизель,D-127889,Москва
2026-03-25 09:00:03,Диск сцепления D-129201 / 1-31240-972-1 380*240*10*44.7 6HK FVR BVP quality Дизель,1,9684,Дизель,D-129201,Москва
2026-03-25 09:00:03,Диск сцепления D-129202 / SCBJ-1600200LE070-6001 JAC BVP quality Дизель,3,8679,Дизель,D-129202,Москва
2026-03-25 09:00:03,Диск сцепления HYD107U/41100-43300 JAPAN H100/150/200 (упаковка НЕСТАНДРТ) EXEDY,1,2974,Exedy,HYD107U,Москва
2026-03-25 09:00:03,Диск сцепления WG9114160020 HOWO ORIG,18,26957,Howo,WG9114160020,Москва
2026-03-25 09:00:03,Диск сцепления WG9921161502 HOWO ORIG,8,37413,Howo,WG9921161502,Москва
2026-03-25 09:00:03,Диск сцепления WG9925160822 SITRAK T7H ORIG,8,39641,SITRAK,WG9925160822,Москва
2026-03-25 09:00:03,Диск тормозной AZ711744430002 HOWO ORIG,18,12882,Howo,AZ711744430002,Москва
2026-03-25 09:00:03,Дифференциал 56170283 / A9443500523 / ZX11.4110 Mercedes / Euroricambi !,1,30337,Euroricambi,56.17.0283,Москва
2026-03-25 09:00:03,Дифференциал межколесный среднего моста D-128355 / 712-35110-0052 SITRAK Дизель,2,2742,Дизель,D-128355,Москва
2026-03-25 09:00:03,Диффузор радиатора 8-98006-477-0 4HK1 NPR75/NQR90 ORIG,1,6489,Isuzu,8-98006-477-0,Москва
2026-03-25 09:00:03,Дроссельная заслонка 1026160FD020 JAC N35 Cummins ORIG,1,14208,JAC,1026160FD020,Москва
2026-03-25 09:00:03,Дроссельная заслонка 8-98061-061-3 6HK1 FVR34/FSR34 ORIG,1,24634,Isuzu,8-98061-061-3,Москва
2026-03-25 09:00:03,Жгут проводов ABS заднего левого колеса 8-97253-968-1 NPR75/NQR75 ORIG,32,1615,Isuzu,8-97253-968-1,Москва
2026-03-25 09:00:03,Жгут проводов AZ961577000106 HOWO ORIG,1,1566,Howo,AZ961577000106,Москва
2026-03-25 09:00:03,Жгут проводов задних фонарей 8-98203-884-0 FVR34/FSR90 ORIG,3,9499,Isuzu,8-98203-884-0,Москва
2026-03-25 09:00:03,Жгут проводов кабины включая все блоки 8-98089-713-4 NРR75 ORIG,1,73726,Isuzu,8-98089-713-4,Москва
2026-03-25 09:00:03,Жгут проводов фонарей стоп-сигнала 8-97364-153-0 NQR75/NQR71 ORIG,2,5055,Isuzu,8-97364-153-0,Москва
2026-03-25 09:00:03,Заглушка 5260603 JAC N120/Камаз Cummins ISF3.8 Е-5 ORIG,4,336,JAC,5260603,Москва
2026-03-25 09:00:03,"Заглушка ГБЦ 5-11129-006-0 OD=16 C,F,N series ORIG",7,165,Isuzu,5-11129-006-0,Москва
2026-03-25 09:00:03,"Заглушка ГБЦ 8-97096-821-0 OD=32 F,N series ORIG",1,213,Isuzu,8-97096-821-0,Москва
2026-03-25 09:00:03,Заглушка тормозной колодки D-127727 / 2S35J-01134 JAC N80/90 LE80B/LE801 Дизель,3,790,Дизель,D-127727,Москва
2026-03-25 09:00:03,Заглушка шкворня винтовая D-127646 / 30D5-01039 JAC N120 LE35S Дизель,2,167,Дизель,D-127646,Москва
2026-03-25 09:00:03,Заклепка металл 3501.80G-082 JAC ORIG,10,18,JAC,3501.80G-082,Москва
2026-03-25 09:00:03,Заклёпка тормозной накладки D-125830 / HFF3502106CK9G2 10х21 JAC N350 Дизель,14,18,Дизель,D-125830,Москва
2026-03-25 09:00:03,Заклепка тормозной накладки D-128290 / 3501.80G-082 металл JAC Дизель,30,22,Дизель,D-128290,Москва
2026-03-25 09:00:03,Заклёпка тормозной накладки Q4640819F3 JAC ORIG,122,25,JAC,Q4640819F3,Москва
2026-03-25 09:00:03,Замок двери 81320-5H010 RH HD72 ORIG,3,1039,Hyundai-Kia,81320-5H010,Москва
2026-03-25 09:00:03,Замок двери R (механизм) 6105210W5000 JAC N35 ORIG,1,2819,JAC,6105210W5000,Москва
2026-03-25 09:00:03,Замок двери левой D-125093-D / 8-98029-053-2 NPR75 NMR NQR90 Дизель,1,1752,Дизель,D-125093-D,Москва
2026-03-25 09:00:03,Замок двери левый 81310-5H010 HYUNDAI HD65/72/78 ORIG,9,1255,Hyundai-Kia,81310-5H010,Москва
2026-03-25 09:00:03,Замок двери левый D-129005 / DZ14251340013 SHACMAN X3000 Дизель,1,1228,Дизель,D-129005,Москва
2026-03-25 09:00:03,"Замок двери правой D-129109 / 8-98029-052-2 / 8-98029-052-3 N,F series Дизель",1,1752,Дизель,D-129109,Москва
2026-03-25 09:00:03,Замок двери правый D-129006 / DZ14251340024 SHACMAN X3000 Дизель,1,1297,Дизель,D-129006,Москва
2026-03-25 09:00:03,Замок задн.двери в сборе R 81420-4E000 BONGO III !,1,315,Hyundai-Kia,81420-4E000,Москва
2026-03-25 09:00:03,Замок зажигания (с ключами) MK714662 Fuso Canter TF ORIG,1,31901,Mitsubishi,MK714662,Москва
2026-03-25 09:00:03,Замок зажигания 93110-5HA00 HYUNDAI HD45-78 ORIG,1,6723,Hyundai-Kia,93110-5HA00,Москва
2026-03-25 09:00:03,Замок кабины гидравлический D-128421 / 81618516023 FAW J6 Дизель,1,1116,Дизель,D-128421,Москва
2026-03-25 09:00:03,Замок кабины гидравлический D-128980 / 81.61851.6020 SHACMAN Дизель,1,1282,Дизель,D-128980,Москва
2026-03-25 09:00:03,Замок кабины центральный левый 463392 / A9437200635 Mercedes /DieselTechnic !,1,8092,Diesel Technic,4.63392,Москва
2026-03-25 09:00:03,Замок капота 8-98036-568-2 FVR34 ORIG,3,1419,Isuzu,8-98036-568-2,Москва
2026-03-25 09:00:03,Замок капота S7918-01331 HINO 500 E-3/4 ORIG,1,6103,Hino,S7918-01331,Москва
2026-03-25 09:00:03,Замок капота в сборе WG 1642110027/28 Howo,1,276,Howo,1642110027,Москва
2026-03-25 09:00:03,"Замок правой двери 8-98017-421-1 F,N-series ORIG",1,7596,Isuzu,8-98017-421-1,Москва
2026-03-25 09:00:03,"Заслонка отопителя 8-98047-386-0 F,N series ORIG",1,520,Isuzu,8-98047-386-0,Москва
2026-03-25 09:00:03,"Заслонка отопителя 8-98047-387-0 N,F-series ORIG",1,591,Isuzu,8-98047-387-0,Москва
2026-03-25 09:00:03,"Заслонка отопителя 8-98047-761-0 N,F-series ORIG",3,894,Isuzu,8-98047-761-0,Москва
2026-03-25 09:00:03,Защелка фильтра воздушного D-127661 / 1109102LD080 JAC N90 Дизель,1,100,Дизель,D-127661,Москва
2026-03-25 09:00:03,Защита пластиковая правой ступеньки 1-71907-186-2/1 CYZ51 ORIG,1,2267,Isuzu,1-71907-186-2,Москва
2026-03-25 09:00:03,Защита фары правой A9438800785 Mercedes ориг !,1,8415,Mercedes-Benz,A 943 880 07 85,Москва
2026-03-25 09:00:03,Звездочка цепи ГРМ 8-98193-179-0 N-series 4JJ1 ORIG,1,3828,Isuzu,8-98193-179-0,Москва
2026-03-25 09:00:03,"Зеркало D-128893 / SL-1675 ISUZU FTR, HINO, NISSAN UD Дизель",1,769,Дизель,D-128893,Москва
2026-03-25 09:00:03,Зеркало D-128895 / SL-1677 Дизель,1,533,Дизель,D-128895,Москва
2026-03-25 09:00:03,Зеркало D-128897 / SL-1690 ISUZU ELF NKR/NHR Дизель,1,477,Дизель,D-128897,Москва
2026-03-25 09:00:03,"Зеркало D-128899 / SL-1765 круглое, нижнего вида Дизель",7,354,Дизель,D-128899,Москва
2026-03-25 09:00:03,Зеркало D-128900 / SL-738В Дизель,1,685,Дизель,D-128900,Москва
2026-03-25 09:00:03,"Зеркало D-128901 / SL-748B UNIVERSAL HYUNDAI, DAEWOO Дизель",3,715,Дизель,D-128901,Москва
2026-03-25 09:00:03,"Зеркало D-128902 / SL-748 UNIVERSAL HYUNDAI, DAEWOO Дизель",2,625,Дизель,D-128902,Москва
2026-03-25 09:00:03,"Зеркало D-128903 / SL-749H с подогревом, ручное управление Дизель",4,2051,Дизель,D-128903,Москва
2026-03-25 09:00:03,"Зеркало D-128907 / SL-998 215х165mm HINO, MITSUBISHI, NISSAN UD, MERCEDES MAN, DAF Дизель",2,677,Дизель,D-128907,Москва
2026-03-25 09:00:03,Зеркало D-129204 / SL-1610 Дизель,8,586,Дизель,D-129204,Москва
2026-03-25 09:00:03,Зеркало D-129205 / SL-1611 Дизель,1,459,Дизель,D-129205,Москва
2026-03-25 09:00:03,Зеркало D-129208 / SL-1620 Дизель,6,690,Дизель,D-129208,Москва
2026-03-25 09:00:03,Зеркало D-129211 / SL-1662 FUSO FK\FV Дизель,1,659,Дизель,D-129211,Москва
2026-03-25 09:00:03,Зеркало D-129212 / SL-1671 NISSAN UD/BUS 325*190mm Дизель,1,697,Дизель,D-129212,Москва
2026-03-25 09:00:03,Зеркало D-129219 / SL-1696м Дизель,2,928,Дизель,D-129219,Москва
2026-03-25 09:00:03,Зеркало D-129220 / SL-1697 Дизель,4,957,Дизель,D-129220,Москва
2026-03-25 09:00:03,Зеркало D-129226 / SL-758 B UNIVERSAL HYUNDAI; DAEWOO Дизель,1,786,Дизель,D-129226,Москва
2026-03-25 09:00:03,Зеркало D-129227 / SL-758 UNIVERSAL HYUNDAI; DAEWOO Дизель,2,864,Дизель,D-129227,Москва
2026-03-25 09:00:03,Зеркало боковое 8-98073-893-2 CYZ(L)EU2/3/4W/3STEP 2010 - ORIG,1,6797,Isuzu,8-98073-893-2,Москва
2026-03-25 09:00:03,Зеркало боковое 8-98073-894-2 CYZ(L)EU2/3/4W/3STEP 2010- ORIG,1,5500,Isuzu,8-98073-894-2,Москва
2026-03-25 09:00:03,Зеркало заднего вида D-128885 / SL-1617 205х145mm MITSUBISHI CANTER Дизель,4,407,Дизель,D-128885,Москва
2026-03-25 09:00:03,Зеркало заднего вида L в сборе D-125834 / 87640-Y43G6 JAC N350 Дизель,1,5361,Дизель,D-125834,Москва
2026-03-25 09:00:03,Зеркало заднего вида R в сборе D-126847 / 712W63730-0025 HOWO T5G Дизель,1,8231,Дизель,D-126847,Москва
2026-03-25 09:00:03,"Зеркало заднего вида SL- 728 круглое/, нижнего вида, крепление хомут",2,472,JMC,SL-728,Москва
2026-03-25 09:00:03,Зеркало заднего вида боковое D-128840 / SL-628 445x210mm HINO VOLVO Дизель,4,1500,Дизель,D-128840,Москва
2026-03-25 09:00:03,"Зеркало заднего вида боковое D-128887 / SL-1653 310x175mm ISUZU, HINO Дизель",4,470,Дизель,D-128887,Москва
2026-03-25 09:00:03,Зеркало заднего вида боковое D-128889 / SL-1663 FUSO FK/FV Дизель,3,566,Дизель,D-128889,Москва
2026-03-25 09:00:03,Зеркало заднего вида боковое D-129232 / SL-968 248*133mm universal MITSUBISHI CANTER Дизель,3,183,Дизель,D-129232,Москва
2026-03-25 09:00:03,Зеркало заднего вида боковое нижнее D-128909 / SL-739 полусфера HINO 500/700 Дизель,1,1131,Дизель,D-128909,Москва
2026-03-25 09:00:03,Зеркало заднего вида лев 8202100W5031 JAC N35 ORIG,1,5210,JAC,8202100W5031,Москва
2026-03-25 09:00:03,Зеркало заднего вида прав 8202200W5031 JAC N35 ORIG,1,7357,JAC,8202200W5031,Москва
2026-03-25 09:00:03,"Зеркало заднего вида, бордюрное D-128908 / SL-665 сфера D260mm Hino 500/700 Дизель",10,832,Дизель,D-128908,Москва
2026-03-25 09:00:03,Зеркало нижнего обзора (круглое) 8-98309-725-0 FVR34 ORIG,1,4634,Isuzu,8-98309-725-0,Москва
2026-03-25 09:00:03,Зеркало основное левое 8202110LE359 N120/LE359 JAC ORIG,4,2790,JAC,8202110LE359,Москва
2026-03-25 09:00:03,Зеркало парковочное нижнего обзора (бордюрное) 8-98043-065-0 FVR34/FSR90/CYZ52 ORIG,1,4788,Isuzu,8-98043-065-0,Москва
2026-03-25 09:00:03,Зеркало передней обзорности D-127890 / 8219020BA01/A FAW J6 Дизель дефект,1,484,Дизель,D-127890,Москва
2026-03-25 09:00:03,Зеркало широкоугольное левое 8202120LE359 N120 JAC ORIG,1,1749,JAC,8202120LE359,Москва
2026-03-25 09:00:03,Зеркало широкоугольное правое 8202220LE359 N80/N120 JAC ORIG,5,1764,JAC,8202220LE359,Москва
2026-03-25 09:00:03,Зубчатое колесо бортового редуктора D-128342 / 712W35111-0043 SITRAK Дизель,1,4022,Дизель,D-128342,Москва
2026-03-25 09:00:03,Зубчатое кольцо 2033800020-B JAC ORIG,2,1856,JAC,2033800020-B,Москва
2026-03-25 09:00:03,Зуммер D-125837 / 96810-8C100 JAC N350 Дизель,1,401,Дизель,D-125837,Москва
2026-03-25 09:00:03,Изолятор (экран) турбокомпрессора 28220-52001 ORIG,1,1082,Hyundai-Kia,28220-52001,Москва
2026-03-25 09:00:03,Изолятор контакта втягивающего реле 5-81129-069-0 N-series 4JJ1 ORIG,1,488,Isuzu,5-81129-069-0,Москва
2026-03-25 09:00:03,Интеркулер 1109020LE170 JAC N90 ORIG,1,11259,JAC,1109020LE170,Москва
2026-03-25 09:00:03,Интеркулер D-127647 / 1109020LE170 JAC N90 Дизель,1,12868,Дизель,D-127647,Москва
2026-03-25 09:00:03,Интеркулер D-129056 / 1119010-92R/B FAW J6 Дизель,1,14470,Дизель,D-129056,Москва
2026-03-25 09:00:03,Кабель питания 4491731200 Wabco,1,18818,Wabco,4491731200,Москва
2026-03-25 09:00:03,Камера тормозная 8-98205-504-0/8-97532-918-0 NQR90 ORIG,1,84687,Isuzu,8-97532-918-0,Москва
2026-03-25 09:00:03,Камера тормозная 812W50410-6885 Sitrak C7H ORIG,6,10293,SITRAK,812W50410-6885,Москва
2026-03-25 09:00:03,Камера тормозная 812W50410-6886 Sitrak C7H ORIG,6,10293,SITRAK,812W50410-6886,Москва
2026-03-25 09:00:03,Камера тормозная задняя / передняя D-128329 / WG9918788088 SITRAK C7H Дизель,3,2792,Дизель,D-128329,Москва
2026-03-25 09:00:03,Камера тормозная задняя / передняя L/R D-127318 / 2557803 Scania Дизель,2,4780,Дизель,D-127318,Москва
2026-03-25 09:00:03,Камера тормозная задняя L D-127946 / 812W50410-6886 Sitrak C7H Дизель,5,3194,Дизель,D-127946,Москва
2026-03-25 09:00:03,Камера тормозная задняя L/R D-127996 / 8-98205-503-0 / 8-98205-504-0 NQR90 Дизель,13,3142,Дизель,D-127996,Москва
2026-03-25 09:00:03,"Камера тормозная задняя R D-127945 / 812W50410-6885 Sitrak C7H, Howo T5G Дизель",3,3194,Дизель,D-127945,Москва
2026-03-25 09:00:03,Камера тормозная передняя D-126678 / S49U0-E0380 HINO 700 E-5 Дизель,1,6271,Дизель,D-126678,Москва
2026-03-25 09:00:03,"Камера тормозная передняя D-126853 / 3530010-362 FAW J6, 6x4 Дизель",1,2790,Дизель,D-126853,Москва
2026-03-25 09:00:03,"Камера тормозная передняя D-127947 / WG9100364122 тип 22 Sitrak C7H, HOWO Дизель",1,2543,Дизель,D-127947,Москва
2026-03-25 09:00:03,Камера тормозная передняя D-128218 / 2530931 тип 30/24 Scania 6-series Дизель,4,4186,Дизель,D-128218,Москва
2026-03-25 09:00:03,Камера тормозная передняя L D-126961 / JY3519STR-010-003 JAC N350 Дизель,1,2372,Дизель,D-126961,Москва
2026-03-25 09:00:03,"Камера тормозная передняя L D-128392 / WG4075360003 тип 24 SITRAK C7H, HOWO T5G Дизель",4,1241,Дизель,D-128392,Москва
2026-03-25 09:00:03,Камера тормозная передняя L D-129054 / AK35090501GFT2-C JAC N350 Дизель,1,1924,Дизель,D-129054,Москва
2026-03-25 09:00:03,Камера тормозная передняя L D-129234 / 3519010-X141J FAW Дизель,3,1554,Дизель,D-129234,Москва
2026-03-25 09:00:03,Камера тормозная передняя L/R D-128762 / 1-48250-837-0 / 8-98145-680-1 /-0 CYZ51 EXZ52 FVR34 Дизель,1,4299,Дизель,D-128762,Москва
2026-03-25 09:00:03,Камера тормозная передняя R D-126962 / JY3519STR-015-003 JAC N350 Дизель,1,2372,Дизель,D-126962,Москва
2026-03-25 09:00:03,"Камера тормозная передняя R D-128393 / WG4075360004 тип 24 SITRAK C7H, HOWO T5G Дизель",4,1241,Дизель,D-128393,Москва
2026-03-25 09:00:03,Камера тормозная передняя R D-129053 / AK35090601GFT2-C тип 16 JAC N350 Дизель,1,2075,Дизель,D-129053,Москва
2026-03-25 09:00:03,Камера тормозная передняя R D-129235 / 3519020-X141J FAW Дизель,2,1554,Дизель,D-129235,Москва
2026-03-25 09:00:03,Картер масляный (поддон) 21510-45501 HYUNDAI HD78 D4DD ORIG,1,9046,Hyundai-Kia,21510-45501,Москва
2026-03-25 09:00:03,Катушка 41-8558 24V 4-х ходового клапана Thermo King,1,9246,Thermo King,41-8558,Москва
2026-03-25 09:00:03,Катушка зажигания 1026102GAA S5 JAC ORIG,1,1997,JAC,1026102GAA,Москва
2026-03-25 09:00:03,Катушка зажигания 8-98488-570-0 N-series 4HV1 (CNG) ГАЗ ORIG,1,16407,Isuzu,8-98488-570-0,Москва
2026-03-25 09:00:03,Клавиша (блок) стеклоподъемника левая 93691-7A001 JAC ORIG,3,3296,JAC,93691-7A001,Москва
2026-03-25 09:00:03,Клапан (дозатор) ТНВД D-126486 / 200V11103-0002 / 0928400746 MC11 Sitrak C7H Дизель,1,7096,Дизель,D-126486,Москва
2026-03-25 09:00:03,Клапан 1026180FB JAC N35 ORIG,7,7254,JAC,1026180FB,Москва
2026-03-25 09:00:03,Клапан EGR (система рециркуляции отработавших газов) 8-98219-180-0 FSR90 4HK1 Евро-4 ORIG,3,19774,Isuzu,8-98219-180-0,Москва
2026-03-25 09:00:03,Клапан EGR (система рециркуляции отработавших газов) 8-98238-247-3 4HK1 ORIG,1,24440,Isuzu,8-98238-247-3,Москва
2026-03-25 09:00:03,Клапан IIS-0234 1-12551-162-4/2 IN 6WG1 FUJI,1,1199,FUJI,1-12551-162-4,Москва
2026-03-25 09:00:03,"Клапан вентиляции 8-97289-271-1 N,C-series ORIG",1,612,Isuzu,8-97289-271-1,Москва
2026-03-25 09:00:03,Клапан воздушный 8-98237-419-0 N-series 4HV1 (CNG) ГАЗ ORIG,1,58098,Isuzu,8-98237-419-0,Москва
2026-03-25 09:00:03,Клапан впускной 1003014FD020 JAC N35 ORIG,2,314,JAC,1003014FD020,Москва
2026-03-25 09:00:03,Клапан впускной 22211-83003 Hyundai HD170 D6AB ORIG,2,1837,Hyundai-Kia,22211-83003,Москва
2026-03-25 09:00:03,Клапан впускной 612630050146 JAC N350 WP10 E-5 ORIG,4,663,JAC,612630050146,Москва
2026-03-25 09:00:03,Клапан впускной D-125839 / 612630050146 JAC N350 WP10 E-5 Дизель,1,456,Дизель,D-125839,Москва
2026-03-25 09:00:03,Клапан впускной D-126488 / 200V04101-0574 MC11 Sitrak C7H Дизель,3,679,Дизель,D-126488,Москва
2026-03-25 09:00:03,Клапан впускной D-130598 / 330-1007011D Yuchai YC6B125/YC6108 Дизель,6,553,Дизель,D-130598,Москва
2026-03-25 09:00:03,Клапан впускной D=38 D-129237 / 1007011-36D / 1007011A36DC FAW E-2/3 Дизель,5,209,Дизель,D-129237,Москва
2026-03-25 09:00:03,Клапан выпуск 612630050002 JAC N350 WP10 E-5 ORIG,4,1438,JAC,612630050002,Москва
2026-03-25 09:00:03,Клапан выпускной D-125840 / 612630050002 JAC N350 WP10 E-5 Дизель,1,566,Дизель,D-125840,Москва
2026-03-25 09:00:03,Клапан выпускной D-126489 / 1007016A81D FAW J6 CA6DM2 Дизель,8,413,Дизель,D-126489,Москва
2026-03-25 09:00:03,Клапан выпускной D-126490 / 200V04101-0546 MC11 Sitrak C7H Дизель,3,731,Дизель,D-126490,Москва
2026-03-25 09:00:03,Клапан выпускной D-129238 / 1007016B36DC / 1007016A36DC FAW J5 Дизель,12,460,Дизель,D-129238,Москва
2026-03-25 09:00:03,Клапан выпускной S1371-51733/13715-1733 J05E HINO 500 FUJI,5,826,FUJI,S1371-51733,Москва
2026-03-25 09:00:03,Клапан головки блока выпускной 61560050041 Howo/,6,1295,Howo,61560050041,Москва
2026-03-25 09:00:03,Клапан горного тормоза 59430-7F100 Hyundai HD120/160/170/450/500/600 ORIG,11,7106,Hyundai-Kia,59430-7F100,Москва
2026-03-25 09:00:03,Клапан горного тормоза 8-97374-152-2 ORIG,1,11358,Isuzu,8-97374-152-2,Москва
2026-03-25 09:00:03,Клапан двигателя 15B ETY-5613/13715-58070 FUJI,4,575,FUJI,13715-58070,Москва
2026-03-25 09:00:03,Клапан двигателя 4D30/4D32/4D34 EMB-5307/ME021039 FUJI,4,678,FUJI,ME021039,Москва
2026-03-25 09:00:03,Клапан двигателя 4D35 EMB-5377/ME012557 FUJI,3,678,FUJI,ME012557,Москва
2026-03-25 09:00:03,Клапан двигателя 4HE1/6HE/HH1 8-94395-462-0/1/2 FUJI,3,779,FUJI,8-94395-462-0,Москва
2026-03-25 09:00:03,Клапан двигателя 4HE1/6HE1 IIS-0223/8-94395-113-1/0 FUJI,10,494,FUJI,8-94395-113-1,Москва
2026-03-25 09:00:03,Клапан двигателя 4HF/HK/HE1 IIS-0209/8-97033-864-0/1/2 FUJI,2,676,FUJI,8-97033-864-2,Москва
2026-03-25 09:00:03,Клапан двигателя 4HF1/4HG1 EIS-5226/8-97171-399-0 FUJI,1,676,FUJI,8-97171-399-0,Москва
2026-03-25 09:00:03,Клапан двигателя 4HF1/4HG1 IIS-0226/8-97171-398-0 FUJI,2,676,FUJI,8-97171-398-0,Москва
2026-03-25 09:00:03,Клапан двигателя 4JG2 IIS-0221/8-94363-134-0 FUJI,10,473,FUJI,8-94363-134-0,Москва
2026-03-25 09:00:03,Клапан двигателя 6D15/6D16 EMB-5315/ME031939 FUJI,1,676,FUJI,ME031939,Москва
2026-03-25 09:00:03,Клапан двигателя 6WA1 EIS-5228/1-12552-095-0/-084-0/1/2 DOKURO,2,478,Dokuro,EIS-5228,Москва
2026-03-25 09:00:03,Клапан двигателя 6WA1 IIS-0228/1-12551-145-0/1/2/3/4/5 FUJI,4,663,FUJI,1-12551-145-0,Москва
2026-03-25 09:00:03,Клапан двигателя D-127142 / 8-94395-882-2/0/1 6HK1 Дизель,9,202,Дизель,D-127142,Москва
2026-03-25 09:00:03,Клапан двигателя D-128250 / 13711-1631 / 13711-1632 J05-08C/S05# Дизель,63,264,Дизель,D-128250,Москва
2026-03-25 09:00:03,Клапан двигателя D-128251 / 13715-1731 / 13715-1732 / 13715-1730 J05-08C/S05# Дизель,69,351,Дизель,D-128251,Москва
2026-03-25 09:00:03,Клапан двигателя FE6 INS-0476/13202-Z5509 FUJI,4,676,FUJI,INS-0476,Москва
2026-03-25 09:00:03,Клапан двигателя HA EMZ-5263/SE01-12-121 FUJI,7,678,FUJI,SE01-12-121,Москва
2026-03-25 09:00:03,Клапан двигателя HA IMZ-0263/SE01-12-111 FUJI,6,494,FUJI,SE01-12-111,Москва
2026-03-25 09:00:03,Клапан двигателя J05-08C/S05# EHN-5078/13715-1731/ 13715-1732 FUJI,1,577,FUJI,13715-1731,Москва
2026-03-25 09:00:03,Клапан двигателя MD92 ENS-5530/13202-Z600B FUJI,4,884,FUJI,13202-Z600B,Москва
2026-03-25 09:00:03,Клапан двигателя MD92 INS-0530/13201-Z6003 FUJI,16,678,FUJI,13201-Z6003,Москва
2026-03-25 09:00:03,Клапан двигателя SL IMZ-0280/SL01-12-111A FUJI,4,473,FUJI,SL01-12-111,Москва
2026-03-25 09:00:03,Клапан двигателя TF EMZ-5303/TF20-12-121 FUJI,2,519,FUJI,TF20-12-121,Москва
2026-03-25 09:00:03,Клапан двигателя TF IMZ-0303/TF20-12-111 FUJI,4,494,FUJI,TF20-12-111,Москва
2026-03-25 09:00:03,Клапан двигателя XA EMZ-5281/S501-12-121 FUJI,7,594,FUJI,S501-12-121,Москва
2026-03-25 09:00:03,Клапан двигателя выпускной W04D/06D/E 13715-1570 HINO E-3/4 ORIG,6,1794,Hino,S1371-51570,Москва
2026-03-25 09:00:03,Клапан ЕГР MK667800 Fuso Canter TF ORIG,12,41298,Mitsubishi,MK667800,Москва
2026-03-25 09:00:03,Клапан масляный редукционный D-125841 / AZ1500070097 JAC N350 WP10 E-5 Дизель,1,429,Дизель,D-125841,Москва
2026-03-25 09:00:03,Клапан мультизащитный D-125053 / VF128 / 1-82563-871-2/0/1 CYZ51/EXZ52/FSR90/FVR34 Дизель,3,3424,Дизель,D-125053,Москва
2026-03-25 09:00:03,Клапан мультизащитный VF128 1-82563-871-2/0/1 CYZ51/EXZ52/FSR90/FVR34 ORIG,2,14624,Isuzu,1-82563-871-2,Москва
2026-03-25 09:00:03,Клапан насос-дозатора моч-ны 5307621 JAC N120/Камаз Cummins ISF3.8 Е-5,1,7154,Дизель,D-126854,Москва
2026-03-25 09:00:03,Клапан отопителя D-128422 / 810W61967-0018 HOWO T5G Дизель,1,1038,Дизель,D-128422,Москва
2026-03-25 09:00:03,Клапан отсечки топлива 294009-1221 / 33130-48700 DENSO KOREA,1,13286,Denso,294009-1221,Москва
2026-03-25 09:00:03,Клапан предохранительный 3513057M2 JAC N350 ORIG,1,539,JAC,3513057M2,Москва
2026-03-25 09:00:03,Клапан пропорционального давления для EBS 10bar 4802020040 WABCO !,3,29519,Wabco,4802020040,Москва
2026-03-25 09:00:03,"Клапан рессивера D-128763 / 1-48312-017-0 / 8-98332-880-0 C,E,F series Дизель",1,732,Дизель,D-128763,Москва
2026-03-25 09:00:03,Клапан рециркуляции отработанных газов 8-97115-533-3 4HG1-T N-series ORIG,1,7792,Isuzu,8-97115-533-3,Москва
2026-03-25 09:00:03,Клапан рециркуляции отработанных газов 8-97361-677-6/0/1/2/3/4/5 NKR ORIG,3,18221,Isuzu,8-97361-677-6,Москва
2026-03-25 09:00:03,Клапан рециркуляции отработанных газов 8-97362-934-6 N-series 4HL1T ORIG,1,10246,Isuzu,8-97362-934-6,Москва
2026-03-25 09:00:03,Клапан рециркуляции отработанных газов 8-97383-005-9/0/1/2/3/4/5/6/7/8 FVR34 6HK1 ORIG,3,27905,Isuzu,8-97383-005-9,Москва
2026-03-25 09:00:03,Клапан рециркуляции отработанных газов 8-98018-264-5 4HK1 NPR75 ORIG,1,14955,Isuzu,8-98018-264-5,Москва
2026-03-25 09:00:03,"Клапан рециркуляции отработанных газов 8-98029-595-7/8-98238-266-2 6WG1 C,E-series ORIG",1,36582,Isuzu,8-98238-266-2,Москва
2026-03-25 09:00:03,Клапан рециркуляции отработанных газов 8-98098-257-5 NPR75/NQR90 4HK1 Евро-4 ORIG,4,14480,Isuzu,8-98098-257-5,Москва
2026-03-25 09:00:03,"Клапан рециркуляции отработанных газов 8-98238-259-0/1/8-97381-560-7 4JJ1 NLR85,NMR85 ORIG",1,17900,Isuzu,8-98238-259-1,Москва
2026-03-25 09:00:03,Клапан сброса давления с ресивера D-129604 / HDI-022 / MC817017 D26mm MMC Дизель,1,407,Дизель,D-129604,Москва
2026-03-25 09:00:03,Клапан стояночного тормоза D-128219 / 1-48460-334-1 / 1-48460-340-1 C-series Дизель,5,3016,Дизель,D-128219,Москва
2026-03-25 09:00:03,Клапан сцепления 1607600W5020 JAC N35 ORIG,3,1542,JAC,1607600W5020,Москва
2026-03-25 09:00:03,Клапан ТНВД 04226-E0110 N04C HINO300 E4/HINO500 E3 HINO ORIG,5,15308,Hino,04226-E0110,Москва
2026-03-25 09:00:03,Клапан ТНВД 1418502217 Istana Bosch !,1,5620,Bosch,1418502217,Москва
2026-03-25 09:00:03,Клапан тормоза прицепа ручного D-126492 / WG9000360596 Sitrak C7H Дизель,1,1683,Дизель,D-126492,Москва
2026-03-25 09:00:03,Клапан тормозной WG9000360549 HOWO ORIG,2,2922,Howo,WG9000360549,Москва
2026-03-25 09:00:03,Клапан тормозной распределительный ABS 1-48240-115-0/8-97673-353-0 FVR34/NQR90/CYZ51 ORIG,1,57988,Isuzu,1-48240-115-0,Москва
2026-03-25 09:00:03,Клапан уровня пола задний 55850-87501 Hyundai Aerotown/Universe ORIG,2,13184,Hyundai-Kia,55850-87501,Москва
2026-03-25 09:00:03,Клапан ускорительный D-129938 / DZ9112360047 SHACMAN F3000 Дизель,1,2631,Дизель,D-129938,Москва
2026-03-25 09:00:03,Клапан электромагнитный D-126856 / 612630190017 JAC N350 WP10 E-5 Дизель,1,3463,Дизель,D-126856,Москва
2026-03-25 09:00:03,Клапан электромагнитный D-128328 / 811W52160-6117 SITRAK C7H Дизель,2,2177,Дизель,D-128328,Москва
2026-03-25 09:00:03,Клапан электромагнитный ECAS D-126496 / WG9000360531 Sitrak C7H Дизель,1,11073,Дизель,D-126496,Москва
2026-03-25 09:00:03,Клапан/вентиль электромагнитный A0025405097 Mercedes ориг !,1,12531,Mercedes,A 002 540 50 97,Москва
2026-03-25 09:00:03,Клемма 1-47619-138-0 ORIG,6,146,Isuzu,1-47619-138-0,Москва
2026-03-25 09:00:03,Клемма 1-47619-139-0 ORIG,5,899,Isuzu,1-47619-139-0,Москва
2026-03-25 09:00:03,Клемма АКБ (+) 37270-7A000 HYUNDAI HD65/72/78/120/170/County ORIG,5,1383,Hyundai-Kia,37270-7A000,Москва
2026-03-25 09:00:03,Клин шкворня D-127651 / 3001106N JAC N90 Дизель,1,99,Дизель,D-127651,Москва
2026-03-25 09:00:03,Клин шкворня D-127652 / 30D-01031 JAC N120 LE35S Дизель,2,202,Дизель,D-127652,Москва
2026-03-25 09:00:03,Клипса 14910-05000 JAC ORIG,2,15,JAC,14910-05000,Москва
2026-03-25 09:00:03,Клипса боковых панелей 8-97410-739-1/0 NPR75/NLR85/NQR90 ORIG,3,94,Isuzu,8-97410-739-1,Москва
2026-03-25 09:00:03,Клипса крепёжная WW-11343,1,20,LEX,WW-11343,Москва
2026-03-25 09:00:03,"Клипса крепления боковых панелей 8-98021-300-1 N,F-series ORIG",1,165,Isuzu,8-98021-300-1,Москва
2026-03-25 09:00:03,Клипса крепления обшивки дверей 1-09987-257-0 CYZ51/CXZ ORIG,10,77,Isuzu,1-09987-257-0,Москва
2026-03-25 09:00:03,"Клипса пластиковая 1-09987-248-1 C,F,N series ORIG",3,141,Isuzu,1-09987-248-1,Москва
2026-03-25 09:00:03,Клык бампера левый 004-002-IZI-L-T CXZ/CXM/EXR 86-94 GA !,2,304,JMC,004-002-IZI-L-T,Москва
2026-03-25 09:00:03,Клык бампера левый 004-002-MBQ-L-T/MBGR97007/MC937492 FUSO FU5/FT5 10T 97-03 21T/35Т GA !,1,259,Дизель,MC937492,Москва
2026-03-25 09:00:03,Клык бампера правый 004-002-IZI-R-T CXZ/CXM/EXR 86-94 GA !,2,274,JMC,004-002-IZI-R-T,Москва
2026-03-25 09:00:03,Клык бампера правый 004-002-MBQ-R-T/MBGR97008 /MC937493 FUSO FU5/FT5 10T 97-03 21T/35Т GA !,2,274,Дизель,MC937493,Москва
2026-03-25 09:00:03,Ключ балонный D-128910 35х17мм L=350mm с воротком Дизель,3,1459,Дизель,D-128910,Москва
2026-03-25 09:00:03,Ключ балонный D-128911 38х20мм L=350mm с воротком Дизель,19,1486,Дизель,D-128911,Москва
2026-03-25 09:00:03,Ключ балонный D-130115 19*41мм L=350mm с воротком Дизель,7,1341,Дизель,D-130115,Москва
2026-03-25 09:00:03,Ключ балонный D-130116 41*21мм L=350mm с воротком Дизель,9,1366,Дизель,D-130116,Москва
2026-03-25 09:00:03,Ключ балонный D-130425 33*32мм L=350mm с воротком Дизель,10,1521,Дизель,D-130425,Москва
2026-03-25 09:00:03,"Кнопка (выключатель) ASR 8-97140-601-0 NKR55,NQR71/75/90,NPR75,NLR85,NMR85 ORIG",1,2444,Isuzu,8-97140-601-0,Москва
2026-03-25 09:00:03,"Кнопка (выключатель) холостого хода 1-82350-213-1 C,F-series ORIG",1,3136,Isuzu,1-82350-213-1,Москва
2026-03-25 09:00:03,Кнопка включения противотуманных фар 93735-5K000 HYUNDAI HD72 ORIG,4,784,Hyundai-Kia,93735-5K000,Москва
2026-03-25 09:00:03,Кожух рулевой колонки 93071-7A000LF HYUNDAI ORIG,1,466,Hyundai-Kia,93071-7A000LF,Москва
2026-03-25 09:00:03,Кожух рулевой колонки 93072-7A003LF HYUNDAI ORIG,1,466,Hyundai-Kia,93072-7A003LF,Москва
2026-03-25 09:00:03,Кожух рычага КПП 8-97417-050-0 FSR90 ORIG,1,1280,Isuzu,8-97417-050-0,Москва
2026-03-25 09:00:03,Колба фильтра грубой очистки D-24821 / 8-98092-482-1 FVR34/CYZ52 Дизель,1,2147,Дизель,D-24821,Москва
2026-03-25 09:00:03,Колба фильтра грубой очистки D-24821-D / 8-98092-482-1 FVR34 CYZ52 Дизель,13,1603,Дизель,D-24821-D,Москва
2026-03-25 09:00:03,Колба фильтра масляного 8-98018-862-0 ORIG,4,3022,Isuzu,8-98018-862-0,Москва
2026-03-25 09:00:03,Колба фильтра сепаратора D-80373 / 612630080373 ФГОТ JAC N350 WP10 E-5 Дизель,1,1663,Дизель,D-80373,Москва
2026-03-25 09:00:03,Колба фильтра топливного D-60040 / 8-98096-004-0 N-series Дизель,1,744,Дизель,D-60040,Москва
2026-03-25 09:00:03,Коленвал 1003386900 WEICHAI/FAW,4,52403,JMC,1003386900,Москва
2026-03-25 09:00:03,Коленвал 612600020373/1006466586 JAC N350 WP10 E-5 ORIG,1,93454,JAC,612600020373,Москва
2026-03-25 09:00:03,Коленвал D-125142 / 8-97603-004-0 / 8-94396-737-1 6HK1-T FVR34/HITACHI Дизель,1,70709,Дизель,D-125142,Москва
2026-03-25 09:00:03,Коленвал D-125844 / 612600020373 JAC N350 WP10 E-5 Дизель,1,39440,Дизель,D-125844,Москва
2026-03-25 09:00:03,Коленвал D-127819 / 13401-54100 TOY 5L Дизель,1,12696,Дизель,D-127819,Москва
2026-03-25 09:00:03,Коленвал D-128423 / 612600020373 SHACMAN WP10 E-3/4 / JAC N350 Дизель,1,37187,Дизель,D-128423,Москва
2026-03-25 09:00:03,Коленвал D-129816 / ME072197 MMC 6D16 Дизель,1,37886,Дизель,D-129816,Москва
2026-03-25 09:00:03,Коленвал D-129818 / ME013668 MMC 4D34 Дизель,1,12903,Дизель,D-129818,Москва
2026-03-25 09:00:03,Коленвал D-130147 / 12200-Z5500 литой NIS FE6 Дизель,1,15117,Дизель,D-130147,Москва
2026-03-25 09:00:03,Коленвал D-130178 / 13400-1583 H07C(T) HINO Дизель,1,12518,Дизель,D-130178,Москва
2026-03-25 09:00:03,Коленвал D-130179 / 12200-Z5568 FE6T Дизель,1,11494,Дизель,D-130179,Москва
2026-03-25 09:00:03,Коленвал D-130759 / 5261375 JAC N120/Камаз Cummins ISF3.8 Е-5 Дизель,1,25245,Дизель,D-130759,Москва
2026-03-25 09:00:03,Колесо зубчатое 60531930 / A9452625617 / 145.970 Euroricambi !,2,19365,Euroricambi,60.53.1930,Москва
2026-03-25 09:00:03,Коллектор впускной 8-98024-411-1 N-series 4JJ1 ORIG,1,26362,Isuzu,8-98024-411-1,Москва
2026-03-25 09:00:03,Коллектор выпукскной правый 20 мм 54231/ A5411403003 / 53173 Dinex !,1,8704,Dinex,53173,Москва
2026-03-25 09:00:03,Коллектор выпускной (крайняя часть) D-129240 / 1008041-81D FAW J6 CA6DM2 Дизель,1,3506,Дизель,D-129240,Москва
2026-03-25 09:00:03,Коллектор выпускной (крайняя часть) D-129241 / 1008041D600-0263 FAW J6 Дизель,2,2078,Дизель,D-129241,Москва
2026-03-25 09:00:03,Коллектор выпускной (средняя часть) D-129242 / 1008042-81D FAW J6 CA6DM2 Дизель,1,4327,Дизель,D-129242,Москва
2026-03-25 09:00:03,Коллектор выпускной 8-98033-941-1 N-series 4JJ1 ORIG,1,15089,Isuzu,8-98033-941-1,Москва
2026-03-25 09:00:03,Коллектор выпускной D-126501 / 202V08102-0639 средняя часть Sitrak C7H Дизель,1,6345,Дизель,D-126501,Москва
2026-03-25 09:00:03,Коллектор выпускной D-128976 / 612600111712 задняя часть SHACMAN WP10 Дизель,1,4066,Дизель,D-128976,Москва
2026-03-25 09:00:03,Коллектор выпускной D-129158 / 1008041F600-0263 боковая часть FAW CA3250 Дизель,1,1908,Дизель,D-129158,Москва
2026-03-25 09:00:03,Коллектор выпускной D-129159 / 1008042C36D средняя часть FAW CA3250 Дизель,1,2673,Дизель,D-129159,Москва
2026-03-25 09:00:03,Коллектор выпускной часть D-125795 / 1000855964 / 612640110390 JAC N350 WP10 E-5 Дизель,1,6542,Дизель,D-125795,Москва
2026-03-25 09:00:03,Коллектор выпускной часть D-125796 / 612640110380 JAC N350 WP10 E-5 Дизель,1,4265,Дизель,D-125796,Москва
2026-03-25 09:00:03,"Колодка ручного тормоза D-128767 / 1-46220-022-0/1 ISUZU FSR90 10"" B1T к-т 2шт Дизель",2,1272,Дизель,D-128767,Москва
2026-03-25 09:00:03,Колодка тормозная (шт) D-125001 / 1-47170-324-0 CYZ51K EURO3 6WF1 Дизель,3,6032,Дизель,D-125001,Москва
2026-03-25 09:00:03,Колодка тормозная (шт) D-125457 / 1-47170-317-0 передний мост RR FVR34/CYZ52/CYZ51 Дизель,1,7080,Дизель,D-125457,Москва
2026-03-25 09:00:03,Колодка тормозная (шт) D-125749 / 1-47170-317-0 передний мост RR FVR34/CYZ52/CYZ51 Дизель,5,6055,Дизель,D-125749,Москва
2026-03-25 09:00:03,Колодка тормозная (шт) D-127005 / 1-47170-325-0 задний мост RR CYZ51/CXZ Дизель,1,6227,Дизель,D-127005,Москва
2026-03-25 09:00:03,Колодка тормозная (шт) D-127145 / 1-47170-319-0 передний мост LR FVR34/CYZ52/CYZ51 Дизель,4,6056,Дизель,D-127145,Москва
2026-03-25 09:00:03,Колодка тормозная (шт) D-128077 / 1-47170-326-0 CYZ51K 6WF1 EURO3 Дизель,5,5636,Дизель,D-128077,Москва
2026-03-25 09:00:03,Колодка тормозная D-128397 / AZ7117451221 SITRAK Дизель,5,3197,Дизель,D-128397,Москва
2026-03-25 09:00:03,"Колодка тормозная D-130440 / 5801520852 передняя IVECO, HONGYAN Дизель",2,4937,Дизель,D-130440,Москва
2026-03-25 09:00:03,Колодка тормозная барабанная FN-6681 MITSUBISHI CANTER FE/FB/FD ME601284 1шт Дизель,1,392,JMC,FN-6681,Москва
2026-03-25 09:00:03,Колодка тормозная без накладок (шт) 410x180 1593104300 /A6594200619 / 963751 Mercedes /Europart !,8,3660,Emmerre,1593104300,Москва
2026-03-25 09:00:03,Колодка тормозная без накладок (шт) 410x180 963751/1593104300 /A6594200619 Mercedes /EMMERRE,8,5584,Emmerre,963751,Москва
2026-03-25 09:00:03,Колодка тормозная без накладок с роликом (шт) A6594200319 Mercedes ориг !,1,6887,Mercedes-Benz,A 659 420 03 19,Москва
2026-03-25 09:00:03,Колодка тормозная в сборе верхняя (шт) 3502.36G-090 LE35S JAC ORIG,33,5591,JAC,3502.36G-090,Москва
2026-03-25 09:00:03,Колодка тормозная в сборе нижняя (шт) 3502.36G-091 LE35S JAC ORIG,5,6435,JAC,3502.36G-091,Москва
2026-03-25 09:00:03,Колодка тормозная в сборе нижняя (шт) N900-3501070B N75 JAC ORIG,3,5404,JAC,N900-3501070B,Москва
2026-03-25 09:00:03,Колодка тормозная задняя (диск тормоза) (штучно) WG9100444150 HOWO Sitrak ORIG,8,3232,SITRAK,WG9100444150,Москва
2026-03-25 09:00:03,Колодка тормозная задняя (шт) BP04000050-MCP N120 JAC ORIG,4,6528,JAC,BP04000050-MCP,Москва
2026-03-25 09:00:03,Колодка тормозная задняя (шт) D-129084 / DZ9112340061 / DZ9112340060 220мм SHACMAN F3000 Дизель,2,2897,Дизель,D-129084,Москва
2026-03-25 09:00:03,Колодка тормозная задняя (шт) JX1060-3501050 / L1300061102B1-3420 N56 JAC ORIG,16,2776,JAC,JX1060-3501050,Москва
2026-03-25 09:00:03,Колодка тормозная задняя в сборе (шт) D-129042 / QT310×100Z2-3503570/80 FAW Дизель,1,5130,Дизель,D-129042,Москва
2026-03-25 09:00:03,Колодка тормозная переднего моста правая задняя (шт) 1-47170-317-0 FVR34/CYZ52/CYZ51 ORIG,1,15360,Isuzu,1-47170-317-0,Москва
2026-03-25 09:00:03,Колодка тормозная передняя (шт) 3501030C10QZ-TBK N120 JAC ORIG,17,7069,JAC,3501030C10QZ-TBK,Москва
2026-03-25 09:00:03,Колодка тормозная передняя (шт) D-128334 / AZ9761451160 SITRAK Дизель,6,2347,Дизель,D-128334,Москва
2026-03-25 09:00:03,Колодка тормозная передняя D-128335 / 711-50200-6880 SITRAK Дизель,6,2761,Дизель,D-128335,Москва
2026-03-25 09:00:03,Колодка тормозная передняя в сборе (шт) D-129246 / 110533-TF3501121 FAW Дизель,6,3264,Дизель,D-129246,Москва
2026-03-25 09:00:03,Колодка тормозная передняя в сборе (шт) D-129247 / 110533-TF3501130 FAW Дизель,4,5441,Дизель,D-129247,Москва
2026-03-25 09:00:03,Колодка тормозная передняя верхняя (шт) 3501B247-085WBS LE35S JAC ORIG,49,6697,JAC,3501B247-085WBS,Москва
2026-03-25 09:00:03,Колодка тормозная передняя нижняя (шт) 3501B247-185WBS LE35S JAC ORIG,45,6697,JAC,3501B247-185WBS,Москва
2026-03-25 09:00:03,Колодки ручного тормоза (к-т 2шт) D-126504 / FN-8804 / 46530-1040 / S4653-01360 / 36110-Z5005 Hino 5t Дизель,5,786,Дизель,D-126504,Москва
2026-03-25 09:00:03,Колодки тормозные (к-т на ось) 42537727 Iveco Orig !,1,48000,Iveco,42537727,Москва
2026-03-25 09:00:03,Колодки тормозные (к-т на ось) 963591/41211166 EMMERRE !,2,26341,Emmerre,963591,Москва
2026-03-25 09:00:03,Колодки тормозные (к-т на ось) D-125540 / 8-98079-104-0 Дизель,2,1325,Дизель,D-125540,Москва
2026-03-25 09:00:03,Колодки тормозные (к-т на ось) D-127004 / K2G27A 58305-45A30 85mm HD45/65/72/78 Дизель,29,4665,Дизель,D-127004,Москва
2026-03-25 09:00:03,"Колодки тормозные 58305-45A61 / K1L07A 110mm (4шт/к-т) FR/RR HD78, Fuso CANTER SKV",59,3478,SKV,58305-45A61,Москва
2026-03-25 09:00:03,Колодки тормозные D-126502 / K1L07A / 58305-45A61 110mm к-т 4шт Fuso CANTER FR/RR HD78 Дизель,8,3346,Дизель,D-126502,Москва
2026-03-25 09:00:03,Колодки тормозные D-127133 / QY002040 / ML225279 / D1682 к-т 4шт Fuso Canter E-5 Дизель,24,2027,Дизель,D-127133,Москва
2026-03-25 09:00:03,"Колодки тормозные барабанные (к-т 2шт) D-126506 / FN-4466 / 8-97042-934-1 F, N-series 98-99~ Дизель",20,878,Дизель,D-126506,Москва
2026-03-25 09:00:03,Колодки тормозные барабанные (к-т 2шт) D-127589 / FN-2298 / 46550-25010 / 46540-36030 HINO Дизель,7,649,Дизель,D-127589,Москва
2026-03-25 09:00:03,Колодки тормозные барабанные (к-т 2шт) D-128452 / FN-6680 / MC837658 / ME626337 FUSO 5t FK# Дизель,2,1016,Дизель,D-128452,Москва
2026-03-25 09:00:03,Колодки тормозные барабанные (к-т на ось) D-127006 / FN-3408 / W558-33-310A / W5Y8-26-38Z Дизель,4,2856,Дизель,D-127006,Москва
2026-03-25 09:00:03,Колодки тормозные барабанные (к-т на ось) D-127007 / FN-4459 / 8972010610 NKR NPR NPS NKS 99~ Дизель,18,3846,Дизель,D-127007,Москва
2026-03-25 09:00:03,Колодки тормозные барабанные (к-т на ось) D-127009 / FN-6668 / MB295388 / MB295769 / MB326388 / MC112217 Дизель,23,1902,Дизель,D-127009,Москва
2026-03-25 09:00:03,Колодки тормозные барабанные (к-т на ось) D-127118 / FN-1201 / K1201 / 41060-0T925 /-06D25 Дизель,5,4576,Дизель,D-127118,Москва
2026-03-25 09:00:03,Колодки тормозные барабанные (к-т на ось) D-127119 / FN-1202 Дизель,2,1566,Дизель,D-127119,Москва
2026-03-25 09:00:03,Колодки тормозные барабанные (к-т на ось) D-127122 / FN-2296 / 04494-36160 77х2.3х4.5-282 75х6.5х285-295 Дизель,2,3217,Дизель,D-127122,Москва
2026-03-25 09:00:03,Колодки тормозные барабанные (к-т на ось) D-127124 / FN-2329 / 04494-36250 85х2.3х6-299.6 83х10.2х307-320 Дизель,5,3270,Дизель,D-127124,Москва
2026-03-25 09:00:03,Колодки тормозные барабанные (к-т на ось) D-127125 / FN-2330 / 04495-25100 /-26180 /-26190 /-26210 /-35240 TOYOTA Дизель,3,1026,Дизель,D-127125,Москва
2026-03-25 09:00:03,"Колодки тормозные барабанные (к-т на ось) D-127226 / FN-2339 / 04495-28160 / 44010 / 87402 TOYOTA LITE ACE, TOWNAC Дизель",1,590,Дизель,D-127226,Москва
2026-03-25 09:00:03,Колодки тормозные барабанные (к-т на ось) D-127228 / FN-3334 / W023-26-310 Титан Дизель,10,2830,Дизель,D-127228,Москва
2026-03-25 09:00:03,Колодки тормозные барабанные (к-т на ось) D-127229 / FN-3361 / W358-33-37ZA / WD37-33-310 Дизель,9,2681,Дизель,D-127229,Москва
2026-03-25 09:00:03,Колодки тормозные барабанные (к-т на ось) D-127237 / FN-6655 / MS6655 / MC894596 Дизель,5,1337,Дизель,D-127237,Москва
2026-03-25 09:00:03,Колодки тормозные барабанные (к-т на ось) D-127241 / MS2289 / FN-2289 MINTYE Дизель,4,446,Дизель,D-127241,Москва
2026-03-25 09:00:03,Колодки тормозные барабанные (к-т на ось) D-127488 / FN-4425 / 5-87100-081-0 76.5*3*6-288 75*7*294-300 NKR69 Дизель,4,2822,Дизель,D-127488,Москва
2026-03-25 09:00:03,Колодки тормозные барабанные (к-т на ось) D-127491 / FN3336 / W023-33-310 / 310A W326-33-37ZC Mazda Titan Дизель,2,2700,Дизель,D-127491,Москва
2026-03-25 09:00:03,Колодки тормозные барабанные (к-т на ось) D-129248 / FN-2335 / 04495-0K010 /-0K030 /-0K040 /-0K100 /-28090 Дизель,9,1075,Дизель,D-129248,Москва
2026-03-25 09:00:03,"Колодки тормозные барабанные D-126505 / FN-4451 / 8-97287-778-0 / 41060-0T925 4шт ISU,NIS,MAZ Дизель",12,3245,Дизель,D-126505,Москва
2026-03-25 09:00:03,Колодки тормозные барабанные D-127227 / FN-3333 / W001-33-310 Дизель,10,2577,Дизель,D-127227,Москва
2026-03-25 09:00:03,Колодки тормозные барабанные D-127230 / FN-3384 Mazda T2600/3000/3500 T4000 (2шт) W3Y3-44-39Z Дизель,2,739,Дизель,D-127230,Москва
2026-03-25 09:00:03,Колодки тормозные барабанные D-127234 / FN-4443 / 8-97020-250-2 ручник 2шт/к-т Canter New Дизель,76,863,Дизель,D-127234,Москва
2026-03-25 09:00:03,Колодки тормозные барабанные D-127236 / FN-6600 / 5982245А20 / MC837950 / MC112501 ручник 2шт Дизель,10,651,Дизель,D-127236,Москва
2026-03-25 09:00:03,Колодки тормозные барабанные (к-т на ось) D-127239 / FN-6722R / MC889515 / MK321243 320*110 Fuso Canter Дизель,4,3543,Дизель,D-127239,Москва
2026-03-25 09:00:03,Колодки тормозные барабанные (к-т на ось) D-127489 / FN-6602 / MC837547 Mitsubishi Canter New FE5/6/7/8 Дизель,11,2159,Дизель,D-127489,Москва
2026-03-25 09:00:03,Колодки тормозные барабанные (к-т на ось) D-127591 / FN-1210 / DD060-05N25 / 44060-VE425 / 44060-2T025 Дизель,10,1340,Дизель,D-127591,Москва
2026-03-25 09:00:03,Колодки тормозные барабанные D-130711 / FN-0679 / 58305-45A62 110мм (1шт) Hyundai HD78 SB Дизель,14,3015,Дизель,D-130711,Москва
2026-03-25 09:00:03,Колодки тормозные барабанные (к-т на ось) D-127233 / FN-4428 / K4428 / 8-97035-083-1 / D4060-T8225 Дизель,1,1564,Дизель,D-127233,Москва
2026-03-25 09:00:03,"Колодки тормозные дисковые (к-т на ось) D-127126 / PN-4464 / DJ4052 206.2х74.8х19.9 ISUZU, NISSAN, HINO Дизель",15,2921,Дизель,D-127126,Москва
2026-03-25 09:00:03,Колодки тормозные дисковые (к-т на ось) D-127246 / PN-2105 / DJ1031 / D1031M 130х49.2х16.5 NISSAN ISUZU Дизель,6,1405,Дизель,D-127246,Москва
2026-03-25 09:00:03,Колодки тормозные дисковые (к-т на ось) D-127252 / PN-5376 / LCY2-33-38ZA / L0Z1-33-23ZB / LDY2-33-28Z Дизель,4,468,Дизель,D-127252,Москва
2026-03-25 09:00:03,Колодки тормозные дисковые (к-т на ось) D-129250 / D1121 / PF-2204 /-2446 / 41060-21T90 /-6T390 / AY040-NS925 / 5-86116-486-0 Дизель,4,1518,Дизель,D-129250,Москва
2026-03-25 09:00:03,Колодки тормозные дисковые D-127011 / PN-3407 / MC894601 / D6091 125.2х60х19.5 8шт MITSUBISHI Дизель,15,1813,Дизель,D-127011,Москва
2026-03-25 09:00:03,Колодки тормозные дисковые D-127012 / 58101-5HA30 передние 4шт HYUNDAI HD65/COUNTY Дизель,5,1248,Дизель,D-127012,Москва
2026-03-25 09:00:03,Колодки тормозные дисковые D-127243 / PF-4489 / D4049M / 8-97203-209-0 4шт NKR/NPR/NPS 99~ Дизель,1,2540,Дизель,D-127243,Москва
2026-03-25 09:00:03,Колодки тормозные дисковые D-127245 / PN-1441 / DJ2207 / D2207M 4шт 165.8х64.2х20 TOYOTA Дизель,6,2285,Дизель,D-127245,Москва
2026-03-25 09:00:03,Колодки тормозные дисковые (на ось) D-127248 / PN-2475 / 41060-VW085 / AY040-NS105 / 5-86129-072 Дизель,10,675,Дизель,D-127248,Москва
2026-03-25 09:00:03,Колодки тормозные дисковые (к-т на ось) D-127250 / PN-4257 / DJ4025 / D4025 / 8-94365-981-1 110х46х14.5 Дизель,10,1375,Дизель,D-127250,Москва
2026-03-25 09:00:03,Колодки тормозные дисковые D-127251 / PN-4384 / DJ4041 / D4041 4шт 191.2х62х21 ISUZU/MAZDA Дизель,3,2400,Дизель,D-127251,Москва
2026-03-25 09:00:03,Колодки тормозные дисковые (к-т на ось) D-128190 / PN-1212 / 04465-25080 / 04465-25010 / 04465-36040 Дизель,6,765,Дизель,D-128190,Москва
2026-03-25 09:00:03,Колодки тормозные дисковые D-129249 / 8971686340 / 8982447940 / D4053 / DA1607 / PF-4491 (к-т на ось) Дизель,3,3155,Дизель,D-129249,Москва
2026-03-25 09:00:03,Колодки тормозные дисковые (к-т на ось) D-127247 / PN-2344 / DJ1063 / D1063M 160.7х49.5х16 NISSAN Дизель,6,819,Дизель,D-127247,Москва
2026-03-25 09:00:03,Колодки тормозные задние (к-т на ось) D-130148 / 58305-44A40 spk1530 Grace Дизель,4,1466,Дизель,D-130148,Москва
2026-03-25 09:00:03,Колодки тормозные передние (к-т на ось) 3500310U2230-F01 S5 JAC ORIG,21,3464,JAC,3500310U2230-F01,Москва
2026-03-25 09:00:03,Колодки тормозные передние (штучно) WG9100443050 Sitrak C7H ORIG,2,2851,SITRAK,WG9100443050,Москва
2026-03-25 09:00:03,Колодки тормозные передние YF3501A104-030/130/230 (4 шт/к-т) N56 JAC ORIG,4,8781,JAC,YF3501A104-030/130/230,Москва
2026-03-25 09:00:03,Колодки тормозные передние дисковые (к-т на ось) 3503100U7300-F011 JAC ORIG,1,5864,JAC,3503100U7300-F011,Москва
2026-03-25 09:00:03,Колпак декоративный колеса перед 8-97167-658-1 N-серия ORIG,10,7047,Isuzu,8-97167-658-1,Москва
2026-03-25 09:00:03,Колпак колеса декоративный 3102010P3010 JAC T6 ORIG,12,481,JAC,3102010P3010,Москва
2026-03-25 09:00:03,Колпак колеса переднего D-126507 / WG9925610060 Sitrak C7H Дизель,5,1404,Дизель,D-126507,Москва
2026-03-25 09:00:03,Колпак колеса переднего D-129954 / DZ93259615001 пластик SHACMAN Дизель,1,547,Дизель,D-129954,Москва
2026-03-25 09:00:03,Колпачки маслосъемные 12003500 Ajusa,10,41,JMC,12003500,Москва
2026-03-25 09:00:03,Колпачок маслосъемный 0K551-10155 BONGO III ORIG,4,53,Hyundai-Kia,0K551-10155,Москва
2026-03-25 09:00:03,Колпачок маслосъемный 22224-35000 Hyundai Porter D4BF ORIG,7,77,Hyundai-Kia,22224-35000,Москва
2026-03-25 09:00:03,"Колпачок маслосъемный 8-98231-534-0 F,N-series (CNG) ГАЗ ORIG",2,400,Isuzu,8-98231-534-0,Москва
2026-03-25 09:00:03,Колпачок маслосъемный D-125848 / 1000549569 JAC N350 WP10 E-5 Дизель,1,160,Дизель,D-125848,Москва
2026-03-25 09:00:03,Колпачок маслосъемный D-126398 / 1-12569-020-0 6WG1 C-series Дизель,4,77,Дизель,D-126398,Москва
2026-03-25 09:00:03,"Колпачок маслосъемный D-128133 / 8-97376-720-0 4HG1 4HЕ1 4НК1 6НЕ1 6HK1 N,F-series Дизель",3,121,Дизель,D-128133,Москва
2026-03-25 09:00:03,Колпачок маслосъемный D-128252 / 8-94396-609-2 ISUZU 4HF1 4HJ1 4HG1 4HL1 4HK1 6HH1 Дизель,16,62,Дизель,D-128252,Москва
2026-03-25 09:00:03,Колпачок маслосъемный D-128253 / 8-97328-647-0 4JJ1 NLR85 NMR85 Дизель,5,55,Дизель,D-128253,Москва
2026-03-25 09:00:03,"Колпачок маслосъемный D-128458 / 1001245916 WEICHAI, FAW Дизель",1,63,Дизель,D-128458,Москва
2026-03-25 09:00:03,Колпачок маслосъемный D-129252 / 3955393 JAC N120 ISF3.8S5169 Дизель,12,55,Дизель,D-129252,Москва
2026-03-25 09:00:03,Колпачок маслосъемный MV126,2,14,JMC,MV126,Москва
2026-03-25 09:00:03,Колпачок толкателя клапана 8-98147-945-0 /-8-98029-870-1 4JJ1 ORIG,20,443,Isuzu,8-98147-945-0,Москва
2026-03-25 09:00:03,Кольца под гильзу 10PC1 ISU 8D005-RU Matto,2,1152,Matto,8D005RU,Москва
2026-03-25 09:00:03,Кольца под гильзу 6D22 MIT 6D009-RU / MIT-6D22-LO Matto,8,2657,Matto,MIT-6D22-LO,Москва
2026-03-25 09:00:03,Кольца под гильзу 8DC83A MIT-8DC83-LO / MIT 6D003-RU Matto,2,2167,Matto,MIT-8DC83-LO,Москва
2026-03-25 09:00:03,Кольца под гильзу 8M20/21 MIT 6D012-RU Matto !,2,1677,Matto,6D012-RU,Москва
2026-03-25 09:00:03,Кольца под гильзу EK100 HIN 0D016-RU Matto !,2,346,Matto,HIN-EK100-LO,Москва
2026-03-25 09:00:03,Кольца под гильзу K13C HIN 0D004-RU/HIN-K13C-LO Matto,2,1083,Matto,HIN-K13C-LO,Москва
2026-03-25 09:00:03,Кольца под гильзу K13D HIN 0D011-RU HIN-K13D-LO Matto,2,1268,Matto,HIN-K13D-LO,Москва
2026-03-25 09:00:03,Кольца под гильзу RE10 NIS 7D001-RU Matto !,2,745,Matto,NIS-RE10-LO,Москва
2026-03-25 09:00:03,Кольца под гильзу RE8 /RD8 NIS 7D003-RU/NIS-RE8-LO Matto,2,2104,Matto,NIS-RE8-LO,Москва
2026-03-25 09:00:03,Кольца под гильзу RF10 NIS 7D002-RU Matto !,3,876,Matto,NIS-RF10-LO,Москва
2026-03-25 09:00:03,Кольца под гильзу RF8 NIS 7D004-RU Matto,3,1920,Matto,NIS-RF8-LO,Москва
2026-03-25 09:00:03,Кольца под гильзу V22C HIN 0D005-RU Matto !,2,915,Matto,0D005-RU-PB,Москва
2026-03-25 09:00:03,Кольца поршневые (к-т на двc) D-129253 / L6100000-PJHZ36D FAW 3252/3312 E-2/3 Дизель,2,7304,Дизель,D-129253,Москва
2026-03-25 09:00:03,Кольца поршневые (на 1 поршень) 8-98017-166-0 4HK1/6HK1 ORIG,3,4567,Isuzu,8980171660,Москва
2026-03-25 09:00:03,Кольца поршневые 1-12121-139-0/1-12121-141-0 (к-т на поршень) C-series ORIG,1,9564,Isuzu,1-12121-139-0,Москва
2026-03-25 09:00:03,Кольца поршневые 1-19163-064-0 (на 1 поршень) ORIG,5,5108,Isuzu,1191630640,Москва
2026-03-25 09:00:03,Кольца поршневые 1004030FB040A JAC N35 ORIG,1,1969,JAC,1004030FB040A,Москва
2026-03-25 09:00:03,Кольца поршневые 3LD1 8-97141-205-0 O/S=0.25 (на поршень) ORIG,3,2759,Isuzu,8-97141-205-0,Москва
2026-03-25 09:00:03,Кольца поршневые 4HF1 NKR/NPR/NKS/NPS 90-98` 8-97028-691-0/8-97109-462-0/SJI10127ZZ (на двс) NPR Japan,2,4926,NPR,SJI10127ZZ,Москва
2026-03-25 09:00:03,Кольца поршневые 4HL 8-97331-641-0 (на поршень) ORIG,5,4205,Isuzu,8-97331-641-0,Москва
2026-03-25 09:00:03,Кольца поршневые 4JB1/4JA1 NHR/NKR/NHS 86-97` 8-94247-867-1/5-87310-757-0/5-87311-082-0 (на поршень) ORIG,1,1868,Isuzu,8-94247-867-1,Москва
2026-03-25 09:00:03,Кольца поршневые 4JG2 8-97147-984-0 (на поршень) ORIG,4,2540,Isuzu,8-97147-984-0,Москва
2026-03-25 09:00:03,Кольца поршневые 4M50T ME993913 (4 CYL) RIK Japan,3,9105,Riken,20100,Москва
2026-03-25 09:00:03,Кольца поршневые 61560030047(45/78) Howo,1,3145,Дизель,61560030047,Москва
2026-03-25 09:00:03,Кольца поршневые 6M61 FK61#64#71#74# 02.02.2003 ME995562/SDM31106ZZ (на двс) NPR Japan,1,10720,NPR,SDM31106ZZ,Москва
2026-03-25 09:00:03,Кольца поршневые 6WG1T 1-12121-143-0 (к-т на поршень) ORI,1,4065,Isuzu,1-12121-143-0,Москва
2026-03-25 09:00:03,Кольца поршневые 8-94396-840-0 (на поршень) 6HE1 FRD/FRR/FSD/FSR/NRR 87-98` ORIG,1,8020,Isuzu,8-94396-840-0,Москва
2026-03-25 09:00:03,Кольца поршневые 8-98240-483-0 4BG1/6BG1 к-т. на 1 поршень ORIG,2,2577,Isuzu,8-98240-483-0,Москва
2026-03-25 09:00:03,Кольца поршневые 8PE1 1-12121-145-0 (на поршень) ORIG Japan !,1,4749,Isuzu,1-12121-145-0,Москва
2026-03-25 09:00:03,Кольца поршневые D-125541 / 8-98054-995-0 / 8-97219-054-0 / 8-97105-867-0 (на поршень) 4HG1-T Дизель,2,1218,Дизель,D-125541,Москва
2026-03-25 09:00:03,"Кольца поршневые D-126859 / 4089258 к-т на поршень STD JAC N120, Камаз Cummins ISF3.8 Е-5 Дизель",1,593,Дизель,D-126859,Москва
2026-03-25 09:00:03,Кольца поршневые D-128768 / 8-98040-125-0 / 8-98055-478-0 (на поршень) 4HK1 6HK1 NPR75 NQR90 FSR90 FVR34 Дизель,1,1103,Дизель,D-128768,Москва
2026-03-25 09:00:03,"Кольца поршневые D-130761 / 4089181 (к-т на поршень) 0,5 JAC N120/Камаз Cummins ISF3.8 Е-5 Дизель",6,1075,Дизель,D-130761,Москва
2026-03-25 09:00:03,"Кольца поршневые D-130762 / 4089182 (к-т на поршень)1,0 JAC N120/Камаз Cummins ISF3.8 Е-5 Дизель",6,1075,Дизель,D-130762,Москва
2026-03-25 09:00:03,Кольца поршневые J07C-T 13011-3660/3900/13019-1010B (на поршень) ORIG Japan !,4,4476,hino,13019-1010,Москва
2026-03-25 09:00:03,Кольца поршневые N04CT S1304-E0020/SDH20101ZY (4 CYL) NPR,4,7299,NPR,SDH20101ZY,Москва
2026-03-25 09:00:03,Кольца поршневые RH8/10 YDN31055ZZ / 12040-97106/97108 на поршень NPR,6,4612,NPR,YDN31055ZZ,Москва
2026-03-25 09:00:03,Кольца поршневые компрессора 1-19163-058-0/8-97522-052-0 FVR34/NQR90/FSR90/EXZ51 ORIG,1,4001,Isuzu,8-97522-052-0,Москва
2026-03-25 09:00:03,"Кольцо ABS RR 1-42319-169-1 C,E,F series ORIG",14,8102,Isuzu,1-42319-169-1,Москва
2026-03-25 09:00:03,Кольцо ABS колеса заднего D-125849 / HFF3104113CK1BZ JAC N350 Дизель,1,2270,Дизель,D-125849,Москва
2026-03-25 09:00:03,Кольцо ABS колеса переднего D-125850 / HFF3103112CK5G JAC N350 Дизель,1,1481,Дизель,D-125850,Москва
2026-03-25 09:00:03,Кольцо ABS переднее D-129877 / WG9112410019 HOWO T5G Дизель,2,921,Дизель,D-129877,Москва
2026-03-25 09:00:03,"Кольцо балансира D-126860 / AK99114520223 160х185х10,5 JAC N350 Дизель",2,437,Дизель,D-126860,Москва
2026-03-25 09:00:03,Кольцо беговое 115*120*22 A4030320309 Mercedes ориг !,1,4722,Mercedes-Benz,A 403 032 03 09,Москва
2026-03-25 09:00:03,Кольцо воздушного патрубка D-126861/3090126 JAC N120/Камаз Cummins ISF3.8 Е-5 Дизель,1,55,Дизель,D-126861,Москва
2026-03-25 09:00:03,Кольцо воздушного патрубка D-126862 / 3867646 JAC N120/Камаз Cummins ISF3.8 Е-5 Дизель,1,71,Дизель,D-126862,Москва
2026-03-25 09:00:03,"Кольцо выпускного коллектора 1-14149-151-0/1-14149-156-0/1-14149-132-1 F,С-series ORIG",2,780,Isuzu,1-14149-151-0,Москва
2026-03-25 09:00:03,Кольцо выпускного коллектора 1-14149-201-0 C-series 6WG1 ORIG,2,618,Isuzu,1-14149-201-0,Москва
2026-03-25 09:00:03,Кольцо выпускного коллектора 9-14149-026-1 C-series 6WG1 ORIG,2,618,Isuzu,9-14149-026-1,Москва
2026-03-25 09:00:03,Кольцо дифференциала 1946057 Scania / 116641 DieselTechnic !,1,2002,Diesel Technic,1.16641,Москва
2026-03-25 09:00:03,Кольцо защитной 116372 Mercedes/ DieselTechnic !,1,1742,Diesel Technic,1.16372,Москва
2026-03-25 09:00:03,Кольцо коллектора выпускного D-128672 / 1008043-29DJ FAW CA6DL1/2/CA6DM2 Дизель,9,149,Дизель,D-128672,Москва
2026-03-25 09:00:03,Кольцо коренного сальника E-001 / FEC-001 / MC431120/ME021120 100*105*20 PM,7,612,Paul Master,FEC-001,Москва
2026-03-25 09:00:03,Кольцо корзины сцепления 430 D=88 D-126863/СК8535/СК9725/ AZ9725160065 FAW/SHAANXI/DONG FENG Дизель,2,567,Дизель,D-126863,Москва
2026-03-25 09:00:03,Кольцо КПП шпонки синхронизатора 43386P-04010 / QD43386T-00050 ORIG,1,79,Hyundai-Kia,43386P-04010,Москва
2026-03-25 09:00:03,Кольцо кулака поворотного D-129254 / 3001063-A0S FAW CA3311 Дизель,2,264,Дизель,D-129254,Москва
2026-03-25 09:00:03,"Кольцо медное K100 DIN 7603A 18*22*1,5 6651182215",3,4,JMC,6651182215,Москва
2026-03-25 09:00:03,Кольцо резьбовое переднее 56170237 / A9423530925 Euroricambi !,2,2265,Euroricambi,56.17.0237,Москва
2026-03-25 09:00:03,Кольцо синхронизатора 119271/A9472600545/A9472602845/464726/60532242 Mercedes/CEI !,1,6238,CEI,119.271,Москва
2026-03-25 09:00:03,Кольцо синхронизатора 154.135/1310304202 CEI,1,8692,CEI,154135,Москва
2026-03-25 09:00:03,"Кольцо синхронизатора 3-4 передачи 8-98212-814-1 С,Е-series ORIG",2,23313,Isuzu,8-98212-814-1,Москва
2026-03-25 09:00:03,Кольцо синхронизатора 3/4 передач J-1701258-00-00 N56 JAC ORIG,1,4331,JAC,J-1701258-00-00,Москва
2026-03-25 09:00:03,Кольцо синхронизатора 37T 60530776/A3892621823 Mercedes/Euroricambi !,1,4530,Euroricambi,60.53.0776,Москва
2026-03-25 09:00:03,Кольцо синхронизатора 4/5 передач N-1701226-00 JAC ORIG,1,546,JAC,N-1701226-00,Москва
2026-03-25 09:00:03,Кольцо синхронизатора 5-6 передачи Z-1708266-00-00 JAC N35 ORIG,1,3851,JAC,Z-1708266-00-00,Москва
2026-03-25 09:00:03,Кольцо синхронизатора 5/6 передач M-1701112 JAC ORIG,1,1616,JAC,M-1701112,Москва
2026-03-25 09:00:03,Кольцо синхронизатора 60532241/A9472603045 / 60531765 Mercedes /Euroricambi !,2,9312,Euroricambi,60.53.2241,Москва
2026-03-25 09:00:03,Кольцо синхронизатора 66Т 60530521 /A9452625534 / 60531889 / 109415 / Mercedes/ Euroricambi !,1,8365,Euroricambi,60.53.1889,Москва
2026-03-25 09:00:03,Кольцо синхронизатора 73T 60531820/A9452626923 Mercedes/Euroricambi !,1,12512,Euroricambi,60.53.1820,Москва
2026-03-25 09:00:03,"Кольцо синхронизатора КПП D-125305 / 8-97241-312-1 2/3 передачи, внутреннее MYY5T/MYY6S Дизель",7,920,Дизель,D-125305,Москва
2026-03-25 09:00:03,Кольцо синхронизатора D-127204 / 33368-35030 / SXCJ1169 / DCIF-1077 DYNA/TOYOACE Дизель,1,400,Дизель,D-127204,Москва
2026-03-25 09:00:03,Кольцо синхронизатора D-127206 / 33369-37020 / SXCJ1230B / SXCJ1230B36 Z=36 DYNA/TOYOACE/HINO Дизель,1,1201,Дизель,D-127206,Москва
2026-03-25 09:00:03,Кольцо синхронизатора EU95570224/1313304009 Euroricambi,1,6545,Euroricambi,95.57.0224,Москва
2026-03-25 09:00:03,Кольцо синхронизатора QD43360T00240 Hyundai HD35-78/MIGHTY ORIG,2,3567,Hyundai-Kia,QD43360T00240,Москва
2026-03-25 09:00:03,Кольцо синхронизатора QW43360-6A340 Hyundai HD120 ORIG,4,25502,Hyundai-Kia,QW43360-6A340,Москва
2026-03-25 09:00:03,Кольцо синхронизатора КПП 60531902/A9472601945/119237 Mercedes/ Euroricambi !,2,7171,Euroricambi,60.53.1902,Москва
2026-03-25 09:00:03,Кольцо синхронизатора КПП 8-94316-749-0 ORIG,1,7029,Isuzu,8-94316-749-0,Москва
2026-03-25 09:00:03,Кольцо стакана форсунки ID=30.9 8-97233-126-0 C-series 6WG1 ORIG,3,136,Isuzu,8-97233-126-0,Москва
2026-03-25 09:00:03,Кольцо стакана форсунки ID=30.9 8-98041-585-0/8-97233-127-0 C-series 6WG1 ORIG,1,546,Isuzu,8-98041-585-0,Москва
2026-03-25 09:00:03,Кольцо стоп. синхронизатора 0124272/60531059/A3892620293/461431/T14493 /200061 Mercedes Europart,1,441,Europart,0124272,Москва
2026-03-25 09:00:03,Кольцо стоп. синхронизатора 60531059/A3892620293/461431/0124272/T14493/200061Mercedes Euroricambi !,4,491,Euroricambi,60.53.1059,Москва
2026-03-25 09:00:03,Кольцо стопорное 2443705 Iveco Orig !,2,40,Iveco,2443705,Москва
2026-03-25 09:00:03,Кольцо стопорное 450443/A3463320151 Mercedes /DieselTechnic,2,2391,Diesel Technic,450443,Москва
2026-03-25 09:00:03,Кольцо стопорное A3079940035 Mercedes ориг !,4,109,Mercedes,A3079940035,Москва
2026-03-25 09:00:03,Кольцо стопорное D-129898 / Z-1708530-00-03 JAC N35 Дизель,1,76,Дизель,D-129898,Москва
2026-03-25 09:00:03,"Кольцо стопорное КПП 1-09587-023-0 C,E-series ORIG",2,421,Isuzu,1-09587-023-0,Москва
2026-03-25 09:00:03,Кольцо стопорное КПП 43284-45000/43284-T00010 Hyundai HD35-78/MIGHTY ORIG,1,98,Hyundai-Kia,43284-45000,Москва
2026-03-25 09:00:03,Кольцо стопорное КПП 8-97252-668-0 ID=62.7 T=2.41 MYY6S N-series ORIG,1,171,Isuzu,8972526680,Москва
2026-03-25 09:00:03,Кольцо стопорное КПП 8-97288-620-0 ID=33.2 T=1.9 ORIG,1,225,Isuzu,8-97288-620-0,Москва
2026-03-25 09:00:03,Кольцо стопорное крестовины 49171-62600 HYUNDAI HD120 ORIG,2,94,Hyundai-Kia,49171-62600,Москва
2026-03-25 09:00:03,Кольцо стопорное крестовины к/вала 49171-45220 Hyundai HD45-78/MIGHTY ORIG,240,32,Hyundai-Kia,49171-45220,Москва
2026-03-25 09:00:03,Кольцо стопорное поршневого пальца D-125995 / 81560030012 JAC N350 WP10 E-5 Дизель,2,18,Дизель,D-125995,Москва
2026-03-25 09:00:03,Кольцо стопорное поршневого пальца D-128015 / 1-09587-082-0 C-series 6WG1 Дизель,8,48,Дизель,D-128015,Москва
2026-03-25 09:00:03,Кольцо стопорное поршневого пальца D-130748 / 3920691 JAC N120/Камаз Cummins ISF3.8 Е-5 Дизель,2,26,Дизель,D-130748,Москва
2026-03-25 09:00:03,Кольцо стопорное пружинное коробки передач 461558 /A3872621093 Mercedes DieselTechnic !,2,200,Diesel Technic,4.61558,Москва
2026-03-25 09:00:03,Кольцо стопорное синхронизатора 461559 / A3872620893 /60531030 Mercedes/DieselTechnic !,2,244,Diesel Technic,461559,Москва
2026-03-25 09:00:03,Кольцо стопорное синхронизатора A3872620893 / 461559 / 60531030 Mercedes Euroricambi,2,372,Euroricambi,60531030,Москва
2026-03-25 09:00:03,Кольцо стопорное синхронизатора D-129870 / WG9003991130 HOWO T5G Дизель,1,292,Дизель,D-129870,Москва
2026-03-25 09:00:03,Кольцо стопорное шкворня D-125851 / Q43062 JAC N350 Дизель,10,86,Дизель,D-125851,Москва
2026-03-25 09:00:03,Кольцо стопорное шкворня D-126509 / Q43058 Sitrak C7H Дизель,8,29,Дизель,D-126509,Москва
2026-03-25 09:00:03,Кольцо теплообменника 8-94399-716-0/1 ORIG,4,820,Isuzu,8-94399-716-0,Москва
2026-03-25 09:00:03,Кольцо турбокомпрессора ID=80 OD=84 8-97618-761-1 C-series 6WG1 HL,1,531,Huang Lin,8-97618-761-1,Москва
2026-03-25 09:00:03,Кольцо уплотнительное 175480/ A0249978347 / 420395 Mercedes/ Elring !,9,680,Elring,175.480,Москва
2026-03-25 09:00:03,Кольцо уплотнительное 26262-52000 Hyundai ORIG,12,86,Hyundai-Kia,26262-52000,Москва
2026-03-25 09:00:03,Кольцо уплотнительное 54x8 249220 /A0249971648 Mercedes/Elring !,1,370,Elring,249.220,Москва
2026-03-25 09:00:03,Кольцо уплотнительное A0149975148 / 60531373 Mercedes ориг !,2,303,Mercedes-Benz,A 014 997 51 48,Москва
2026-03-25 09:00:03,Кольцо уплотнительное AZ9003070034 HOWO ORIG,20,45,Howo,AZ9003070034,Москва
2026-03-25 09:00:03,Кольцо уплотнительное D-130768 / 3679139 JAC N120/Камаз Cummins ISF3.8 Е-5 Дизель,8,66,Дизель,D-130768,Москва
2026-03-25 09:00:03,Кольцо уплотнительное D-130769 / 5259924 JAC N120/Камаз Cummins ISF3.8 Е-5 Дизель,8,66,Дизель,D-130769,Москва
2026-03-25 09:00:03,Кольцо уплотнительное D-130772 / 4978357 JAC N120/Камаз Cummins ISF3.8 Е-5 Дизель,8,94,Дизель,D-130772,Москва
2026-03-25 09:00:03,Кольцо уплотнительное D-130773 / 3678603 JAC N120/Камаз Cummins ISF3.8 Е-5 Дизель,8,94,Дизель,D-130773,Москва
2026-03-25 09:00:03,Кольцо уплотнительное F00HN35728,2,288,JMC,F00HN35728,Москва
2026-03-25 09:00:03,Кольцо уплотнительное балансира Scania 4ser 1386105 / 116373 DieselTechnic !,1,899,Diesel Technic,1.16373,Москва
2026-03-25 09:00:03,Кольцо уплотнительное болта клапанной крышки 22433-42903 Hyundai Porter D4BF ORIG,3,182,Hyundai-Kia,22433-42903,Москва
2026-03-25 09:00:03,Кольцо уплотнительное воздушного компрессора D-130770 / 4994574 JAC N120/Камаз Cummins ISF3.8 Дизель,2,94,Дизель,D-130770,Москва
2026-03-25 09:00:03,Кольцо уплотнительное воздушного компрессора D-130771 / 5253501 JAC N120/Камаз Cummins ISF3.8 Дизель,2,94,Дизель,D-130771,Москва
2026-03-25 09:00:03,Кольцо уплотнительное гильзы 21138-83000 Hyundai HD160/170/450/500/600 ORIG,15,124,Hyundai-Kia,21138-83000,Москва
2026-03-25 09:00:03,Кольцо уплотнительное гильзы цилиндра 21193-83000/21193-83002 HYUNDAI D6AC/D6AB ORIG,4,118,Hyundai-Kia,21193-83000,Москва
2026-03-25 09:00:03,Кольцо уплотнительное КПП N-1701013-20-01 N75/120 JAC ORIG,1,33,JAC,N-1701013-20-01,Москва
2026-03-25 09:00:03,Кольцо уплотнительное маслоохладителя D-130783 / 5261587 JAC N120/Камаз Cummins ISF3.8 Е-5 Дизель,6,94,Дизель,D-130783,Москва
2026-03-25 09:00:03,"Кольцо уплотнительное маслянного фильтра 132,5х3,5 1769799 Scania / 110217 DieselTechnic",2,153,Diesel Technic,1.10217,Москва
2026-03-25 09:00:03,Кольцо уплотнительное редуктора 42118229/103640 EMMERRE,1,426,Emmerre,103640,Москва
2026-03-25 09:00:03,Кольцо уплотнительное сливной пробки 473.500,2,82,JMC,473.500,Москва
2026-03-25 09:00:03,Кольцо уплотнительное топливной трубки (обратки) D-125582 / 8-98065-992-0 6WF1/WG1/6HK1/4HK1 Дизель,100,99,Дизель,D-125582,Москва
2026-03-25 09:00:03,Кольцо уплотнительное форсунки (медное) D-125186 / 8-97216-082-0 ISUZU C-серии 6W# Дизель,34,126,Дизель,D-125186,Москва
2026-03-25 09:00:03,Кольцо уплотнительное форсунки D-127820 / 33830-52000 Hyundai HD35-600/MIGHTY Дизель,24,73,Дизель,D-127820,Москва
2026-03-25 09:00:03,Кольцо уплотнительное форсунки D-128827 / 33813-45600 Hyundai HD35/75/MIGHTY Дизель,20,114,Дизель,D-128827,Москва
2026-03-25 09:00:03,"Кольцо уплотнительное форсунки D-128828 / 8-98181-540-0 4JJ1 NLR/NMR 55,85 Е3 Дизель",9,92,Дизель,D-128828,Москва
2026-03-25 09:00:03,Кольцо уплотнительное форсунки D-130756 / 5288373 JAC N120/Камаз Cummins ISF3.8 Дизель,10,66,Дизель,D-130756,Москва
2026-03-25 09:00:03,"Кольцо упорное сальника D-125339 / 8-97234-513-0, передней ступицы, ISUZU NPR/NQR 2003 Дизель",9,296,Дизель,D-125339,Москва
2026-03-25 09:00:03,Кольцо упорное сальника передней ступицы 8-97234-513-0 NPR/NQR 2003 ORIG,1,381,Isuzu,8-97234-513-0,Москва
2026-03-25 09:00:03,Кольцо форсунки 8-98065-990-0 C-series 6WG1 ORIG,2,116,Isuzu,8-98065-990-0,Москва
2026-03-25 09:00:03,Кольцо шестерни распредвала (пружинное) 8-97190-118-1 4HK1-T ORIG,1,573,Isuzu,8-97190-118-1,Москва
2026-03-25 09:00:03,Кольцо/ A6599970382 Mercedes ориг !,2,73,Mercedes,A6599970382,Москва
2026-03-25 09:00:03,Комбинация приборов D-125852 / 3820100Y30B001 JAC N350 Дизель,1,13694,Дизель,D-125852,Москва
2026-03-25 09:00:03,Комплект замков и ручек D-128306 / 812W97100-6192 SITRAK C7H Дизель,1,9658,Дизель,D-128306,Москва
2026-03-25 09:00:03,"Комплект направляющих тормозного суппорта переднего (D=10mm, суппорт Aisin/Hosei/Sumitomo) BC-2035",1,814,JMC,BC-2035,Москва
2026-03-25 09:00:03,Комплект сцепления (диск+корзина+выжим) HDK-136/41100-4B077/ 41300-4A000/ 41412-49670 Hyundai Porter PHC,5,10839,PHC,HDK-136,Москва
2026-03-25 09:00:03,Комплект сцепления (диск+корзина+выжим) HDK-211/41100-4D030/ 41300-4D010/ 41412-49600 Hyundai Porter II /KIA bongo III PHC,15,14880,PHC,HDK-211,Москва
2026-03-25 09:00:03,КОМПЛЕКТ ТОРМОЗНЫХ КОЛОДОК AKEBONO NR2049,1,1792,JMC,NR2049,Москва
2026-03-25 09:00:03,Комплект уплотнений водяного насоса MB Actros/Axor OM501LA 490922 /A5422000701Mercedes /DieselTechnic,1,3286,Diesel Technic,4.90922,Москва
2026-03-25 09:00:03,Компрессор 1-83532-328-0 ORIG,1,110880,Isuzu,1-83532-328-0,Москва
2026-03-25 09:00:03,Компрессор воздушный 082V54100-7080 HOWO ORIG,1,37159,Howo,082V54100-7080,Москва
2026-03-25 09:00:03,Компрессор воздушный 8-98187-308-0/8-98270-233-0 NQR90/FSR90 4HK1 ORIG,5,100716,Isuzu,8-98187-308-0,Москва
2026-03-25 09:00:03,"Компрессор воздушный 8-98277-237-0 C,E-series 6WF1 ORIG",1,281164,Isuzu,8-98277-237-0,Москва
2026-03-25 09:00:03,Компрессор кондиционера D-126731 / 200V77970-7028 HOWO T5G MC11 Дизель,1,10075,Дизель,D-126731,Москва
2026-03-25 09:00:03,Коннектор форсунки D-125854 / 612630090004 JAC N350 WP10 E-5 Дизель,1,1234,Дизель,D-125854,Москва
2026-03-25 09:00:03,Контактная группа замка зажигания 8-98045-349-0/8-97556-731-0 NPR75/NQR90/NLR/NNR85/FVR34/FSR90 ORIG,1,5872,Isuzu,8-98045-349-0,Москва
2026-03-25 09:00:03,Контрольный выход 4637031200 WABCO,1,421,Wabco,4637031200,Москва
2026-03-25 09:00:03,Конус синхронизатора 1-передачи 6G120-3863A1 JAC ORIG,1,3183,JAC,6G120-3863A1,Москва
2026-03-25 09:00:03,Конус синхронизатора 3/4 передач 6G120-3361 JAC ORIG,1,1271,JAC,6G120-3361,Москва
2026-03-25 09:00:03,Конус синхронизатора 6G120-3461 JAC ORIG,2,230,JAC,6G120-3461,Москва
2026-03-25 09:00:03,Корзина сцепления 1-31220-380-2/1-87610-145-0/1-31220-374-2/ISC610/599 FVR34 STCO,15,14692,STCO,1-31220-374-2,Москва
2026-03-25 09:00:03,Корзина сцепления 1-31220-445-0/1-87611-003-0 (с выж/подшипником) CXZ/CYZ51/52 6WG1 ORIG CHINA,13,43993,Isuzu,1-87611-003-0,Москва
2026-03-25 09:00:03,Корзина сцепления 1-87610-120-0/1-31220-380-2/1-87610-145-0/1-31220-374-2 FVR34 ORIG CHINA,5,20074,Isuzu,1-87610-120-0,Москва
2026-03-25 09:00:03,Корзина сцепления 1-87610-120-0/1-31220-380-2/1-87610-145-0/1-31220-374-2 FVR34 SKV Premium (BVP),5,17111,SKV,1-31220-374-2,Москва
2026-03-25 09:00:03,"Корзина сцепления 1479574 430мм Scania P,G,R,T - series STCO",3,17231,STCO,1479574,Москва
2026-03-25 09:00:03,Корзина сцепления 1600010GB01 S5 JAC ORIG,5,5659,JAC,1600010GB01,Москва
2026-03-25 09:00:03,Корзина сцепления 1600100LD300 JAC ORIG,2,12293,JAC,1600100LD300,Москва
2026-03-25 09:00:03,Корзина сцепления 1600100LE070 JAC ORIG,1,12626,JAC,1600100LE070,Москва
2026-03-25 09:00:03,Корзина сцепления 1600100LE190 N56 JAC ORIG,1,9080,JAC,BS1610036,Москва
2026-03-25 09:00:03,Корзина сцепления 1600100LE190 N56 JAC ORIG (EXEDY),1,10195,JAC,1600100LE190,Москва
2026-03-25 09:00:03,Корзина сцепления 1601100LE17G01 N80 LE795 с 2020 г. JAC ORIG,3,14802,JAC,1601100LE17G01,Москва
2026-03-25 09:00:03,Корзина сцепления 1601100LE17G01-1217 JAC N90 ORIG,2,15389,JAC,1601100LE17G01-1217,Москва
2026-03-25 09:00:03,Корзина сцепления 1601100LE352XZ N120 JAC (BVP quality) ORIG,8,11349,JAC,1601100LE352XZ,Москва
2026-03-25 09:00:03,Корзина сцепления 1601100LE352XZ N120 JAC ORIG,2,20295,JAC,1601100LE352XZ,Москва
2026-03-25 09:00:03,Корзина сцепления 240*148*276 24102 / HDC-51 41300-4A000 Hyundai HD35 D4BB/ Starex H-1 2.4 PHC,2,5572,PHC,24102,Москва
2026-03-25 09:00:03,Корзина сцепления 240*150*280 NSC 612/ 30210-3T710 STCO,1,3569,STCO,30210-3T710,Москва
2026-03-25 09:00:03,Корзина сцепления 260*160*298 NSC 554/ 30210-02T00 STCO,2,3844,STCO,30210-02T00,Москва
2026-03-25 09:00:03,Корзина сцепления 260*170*298 ISC 568/ 8-94481-918-0 STCO,4,3967,STCO,8-94481-918-0,Москва
2026-03-25 09:00:03,Корзина сцепления 300*190*350/ISC549 LS 1-31220-147-1 ISUZU FORWARD FRR12/NRR32/FRR32/FRD12 85 STCO,4,7902,STCO,1-31220-147-1,Москва
2026-03-25 09:00:03,Корзина сцепления 325*210*368 ISC 592/ 8-97351-794-0 STCO,3,7086,STCO,8-97351-794-0,Москва
2026-03-25 09:00:03,Корзина сцепления 325*210*368 MFC521 LS STCO,1,9992,STCO,ME521104,Москва
2026-03-25 09:00:03,Корзина сцепления 350*220*379 ISC654/1-31220-451-0 FSR90 ISUZU STCO,1,10711,STCO,1-31220-451-0,Москва
2026-03-25 09:00:03,Корзина сцепления 350*220*379 LS ISC534 / 1-31220-182-0/1 STCO,1,10720,STCO,1-31220-182-0,Москва
2026-03-25 09:00:03,Корзина сцепления 356*217*379 HDC-82 / 41200-6A600 / 27374 Hyundai HD120/AeroTown D6DA19 PHC,3,21169,PHC,HDC-82,Москва
2026-03-25 09:00:03,Корзина сцепления 380*220*405 HNC541 HINO500 31210-E0240 SKV Premium (BVP),20,17934,SKV,31210-E0240,Москва
2026-03-25 09:00:03,Корзина сцепления 380*240*405 ISC 556 / ISC540 /1-31220-372-2 FVR LHD КПП MLD6Q/B/7Q кроме E4/5 STCO,27,13952,STCO,1-31220-372-2,Москва
2026-03-25 09:00:03,Корзина сцепления 41200-Y44Q0 N350 JAC ORIG,3,32764,JAC,41200-Y44Q0,Москва
2026-03-25 09:00:03,Корзина сцепления 41200-Y44Q0-D / 41200-Y44Q0 N350 JAC ORIG (PHC),1,49870,JAC,41200-Y44Q0-D,Москва
2026-03-25 09:00:03,Корзина сцепления 41300-47200 Hyundai HD35/Porter/Bongo ORIG,2,7640,Hyundai-Kia,41300-47200,Москва
2026-03-25 09:00:03,Корзина сцепления 430*238*450*475 WG9921161201 HOWO T5G/SITRAK T7h/MAN TGA STCO,1,10322,STCO,WG9921161201,Москва
2026-03-25 09:00:03,Корзина сцепления 430*250*456 ISC 518-1 LS 1-31220-234-1/1-31220-198-1 STCO,1,16202,STCO,1-31220-234-1,Москва
2026-03-25 09:00:03,Корзина сцепления 430*257.4*450*475 WG9925160611 HOWO T5/ SITRAK STCO,1,13710,STCO,WG9925160611,Москва
2026-03-25 09:00:03,Корзина сцепления 430*257*450*475 WG9921161501 SITRAK T7H STCO,6,18248,STCO,WG9921161501,Москва
2026-03-25 09:00:03,Корзина сцепления 5-87610-091-0 / 8-98040-093-1 N-series SKV Premium (BVP),7,7652,SKV,8-98040-093-1,Москва
2026-03-25 09:00:03,Корзина сцепления 5-87610-104-0/5-87610-081-0/8-97038-831-0/1 NQR75/90/NPR75 ORIG CHINA,506,9055,Isuzu,5-87610-104-0,Москва
2026-03-25 09:00:03,Корзина сцепления 5-87610-104-0/5-87610-081-0/8-97038-831-0/1 NQR75/90/NPR75 SKV Premium (BVP),21,8677,SKV,8-97038-831-3,Москва
2026-03-25 09:00:03,Корзина сцепления D-127392 / 5-87610-091-0 / 8-98040-093-1 300х190х350 N-series BVP quality Дизель,8,6685,Дизель,D-127392,Москва
2026-03-25 09:00:03,Корзина сцепления D-128037 / 31210-37091 325х210х368 HINO300 Euro 4/3 BVP quality Дизель,5,7836,Дизель,D-128037,Москва
2026-03-25 09:00:03,Корзина сцепления D-128160 / WG9114160011 HOWO Дизель,8,9481,Дизель,D-128160,Москва
2026-03-25 09:00:03,Корзина сцепления D-128481 / WG9921161501/1 Sitrak C7H Дизель,1,10908,Дизель,D-128481,Москва
2026-03-25 09:00:03,Корзина сцепления D-129256 / TYC537 / 31210-30191 236*150*276 MENCH Дизель,1,1336,Дизель,D-129256,Москва
2026-03-25 09:00:03,Корзина сцепления HYC501 / 41300-43300 JAPAN H100/150/200 (упаковка НЕСТАНДАРТ) EXEDY,4,3397,Exedy,HYC501,Москва
2026-03-25 09:00:03,Корзина сцепления WG9114160011 HOWO ORIG,1,24706,Howo,WG9114160011,Москва
2026-03-25 09:00:03,Корзина сцепления WG9921161501 SITRAK T7H ORIG,9,38310,SITRAK,WG9921161501,Москва
2026-03-25 09:00:03,Коробка отбора мощности SDQ50-65PS-B N56 E5 ld308 JAC ORIG,2,35715,JAC,SDQ50-65PS-B,Москва
2026-03-25 09:00:03,Коробка передач в сборе 8-98181-496-0 MYY6S(RST) NQR90 ORIG,1,335135,Isuzu,8-98181-496-0,Москва
2026-03-25 09:00:03,Коробка реле и предохранителей 1-82510-648-0 ORIG,3,17054,Isuzu,1-82510-648-0,Москва
2026-03-25 09:00:03,Коромысло клапана в сборе D-125857 / 1000881645 JAC N350 WP10 E-5 Дизель,1,543,Дизель,D-125857,Москва
2026-03-25 09:00:03,Корпус (верх. левая часть) мотора отопителя 8-98047-446-0 NQR90/NPR75/MLR/NMR ORIG,1,2397,Isuzu,8-98047-446-0,Москва
2026-03-25 09:00:03,Корпус (верх. правая часть) мотора отопителя 8-98047-447-0 NQR90/NPR75/MLR/NMR ORIG,1,3142,Isuzu,8-98047-447-0,Москва
2026-03-25 09:00:03,Корпус (нижн.) мотора отопителя 8-98047-445-0 FVR34/FSR/NQR90/NPR75/MLR/NMR ORIG,1,2388,Isuzu,8-98047-445-0,Москва
2026-03-25 09:00:03,"Корпус (стакан) топливного фильтра 8-98039-987-1 F,N-series ORIG",1,4170,Isuzu,8-98039-987-1,Москва
2026-03-25 09:00:03,Корпус (чулок) заднего моста 8-98174-397-3 NQR ORIG,5,235607,Isuzu,8981743973,Москва
2026-03-25 09:00:03,Корпус балансира D-128371 / WG9925520235 4 стремянки SITRAK Дизель,1,7831,Дизель,D-128371,Москва
2026-03-25 09:00:03,"Корпус выключателя подъема кабины 1-82389-007-1/1-82389-007-0 C,F-series ORIG",1,721,Isuzu,1-82389-007-1,Москва
2026-03-25 09:00:03,Корпус дифференциала заднего моста D-125858 / HFF2403010CK2BZ JAC N350 Дизель,1,16406,Дизель,D-125858,Москва
2026-03-25 09:00:03,Корпус замка зажигания 811W46433-6018 HOWO ORIG,14,2412,Howo,811W46433-6018,Москва
2026-03-25 09:00:03,Корпус КПП (задняя часть) QD43158T-00230 HYUNDAI HD65/78 D4GA ORIG,1,12056,Hyundai-Kia,QD43158T-00230,Москва
2026-03-25 09:00:03,Корпус КПП (основной) ME530592 Fuso Canter ORIG,3,56456,Mitsubishi,ME530592,Москва
2026-03-25 09:00:03,Корпус КПП 8-97379-374-1 MYY6S N-series ORIG,8,45276,Isuzu,8973793741,Москва
2026-03-25 09:00:03,Корпус отопителя (прав часть) 8-98047-479-0 NPR75 ORIG,1,2275,Isuzu,8-98047-479-0,Москва
2026-03-25 09:00:03,Корпус отопителя салона верхний 97151-5H000 Hyundai HD65/72/78 ORIG,1,473,Hyundai-Kia,97151-5H000,Москва
2026-03-25 09:00:03,Корпус редуктора D-128341 / 712-35114-6140 SITRAK Дизель,2,12740,Дизель,D-128341,Москва
2026-03-25 09:00:03,Корпус синхронизатора 60531185 / A3892622535 / 463599 Mercedes/ Euroricambi !,1,7229,Euroricambi,60.53.1185,Москва
2026-03-25 09:00:03,Корпус синхронизатора A3892622535 / 60531185 / 463599 Mercedes,1,25476,Mercedes-Benz,A3892622535,Москва
2026-03-25 09:00:03,Корпус сцепления МКПП D-126066 / 8-97238-930-5 колокол MZZ6F N-series Дизель,1,23651,Дизель,D-126066,Москва
2026-03-25 09:00:03,Корпус фильтра воздушного в сборе D-1077C/B / 1109010-77C/B FAW J6 Дизель,4,12300,Дизель,D-1077C/B,Москва
2026-03-25 09:00:03,Корпус фильтра воздушного в сборе D-84971 / 8-97378-497-1 N-series Дизель,1,6136,Дизель,D-84971,Москва
2026-03-25 09:00:03,Корпус фильтра воздушного в сборе без датчика A0190941102 Mercedes ориг !,1,34175,Mercedes-Benz,A 019 094 11 02,Москва
2026-03-25 09:00:03,Корпус шестерни спидометра 646-5012 JAC ORIG,5,693,JAC,646-5012,Москва
2026-03-25 09:00:03,"Кран регулятор тормозных сил. 13 bar, пневматический 4757200080 WABCO",1,41229,Wabco,4757200080,Москва
2026-03-25 09:00:03,Кран ручного тормоза 811W52315-6156 HOWO ORIG,2,4181,Howo,811W52315-6156,Москва
2026-03-25 09:00:03,Кран ручного тормоза D-127893 / 811W52315-6156 HOWO Дизель,1,1868,Дизель,D-127893,Москва
2026-03-25 09:00:03,"Кран тормозной главный D-126867 / 3514010LE031XZ JAC N90/120, КАМАЗ Компас-12 Дизель",1,4442,Дизель,D-126867,Москва
2026-03-25 09:00:03,"Крепеж 1-09987-262-0 C,F series ORIG",1,170,Isuzu,1-09987-262-0,Москва
2026-03-25 09:00:03,Крепеж поддона D-125860 / 612600150390 JAC N350 WP10 E-5 Дизель,2,58,Дизель,D-125860,Москва
2026-03-25 09:00:03,Крепеж топл форсунки 8-98092-539-0/8-98011-528-2 N-series 4JJ1 ORIG,2,2063,Isuzu,8-98092-539-0,Москва
2026-03-25 09:00:03,Крепление кабины 95126-0T802 RH TN-088 TZG !,7,4158,Дизель,TN-088,Москва
2026-03-25 09:00:03,Крепление кабины 95127-0T802 LH TN-089 TZG !,2,4158,Дизель,TN-089,Москва
2026-03-25 09:00:03,Крепление кабины с сайленблоком 95165-30Z65 TN-086 TZG !,4,3660,Дизель,TN-086,Москва
2026-03-25 09:00:03,Крепление подвески глушителя SMS-9198 MC116317-S Sсhmaco !,4,275,Schmaco,SMS-9198,Москва
2026-03-25 09:00:03,Крепление подвески глушителя SMS-9199 MC116318-S Sсhmaco,1,315,Schmaco,SMS-9199,Москва
2026-03-25 09:00:03,Крепление подвески глушителя STY-9210 MC116316-S Sсhmaco !,2,288,Schmaco,SMS-9210,Москва
2026-03-25 09:00:03,Крестовина 49150-45220 / KIA-01 / KUJ-014/ SAU-100 D4AL/DB/DD County/HD72/78 ORIG,11,3550,Hyundai-Kia,49150-45220,Москва
2026-03-25 09:00:03,Крестовина D-126517 / 2205030B377 62х160 FAW Дизель,1,2413,Дизель,D-126517,Москва
2026-03-25 09:00:03,Крестовина D-126737 / WG9370310010 70х178 Sitrak C7H Дизель,9,2971,Дизель,D-126737,Москва
2026-03-25 09:00:03,Крестовина D-128161 / WG9319313250 HOWO Дизель,17,2037,Дизель,D-128161,Москва
2026-03-25 09:00:03,Крестовина GU-7560/TU-756/ 3354100031/81392006021 52.045*133 KOMATSU(спецтехника) TOYO,1,2572,Toyo,TU-756,Москва
2026-03-25 09:00:03,Крестовина GU-7630/TU-763/ 49140-7F110 57*152 HYUNDAI/HD250/HD260/HD1000 TOYO,2,2613,Toyo,GU-7630,Москва
2026-03-25 09:00:03,Крестовина GUA-21/TA-121 41*118 агротехника/Европа TOYO,4,1547,Toyo,TA-121,Москва
2026-03-25 09:00:03,"Крестовина GUH-63 35.01*99.00 мм HINO 3,5/4,5/ ton TRACK,micro bus 37400-1130, 33313-40301 GMB",1,2338,GMB,GUH-63,Москва
2026-03-25 09:00:03,"Крестовина GUH-66 Hino (23,82х66,00 мм)",2,363,JMC,GUH-66,Москва
2026-03-25 09:00:03,"Крестовина GUH-67 49.2*148.38 мм HINO 37400-1010, 37400-1011 TOYO",3,3941,Toyo,GUH-67,Москва
2026-03-25 09:00:03,"Крестовина GUH-72 47*144 мм HINO 10-15т FN#, FR#, FP#, FW#, FS# 37401-1081 TOYO",1,2128,Toyo,GUH-72,Москва
2026-03-25 09:00:03,"Крестовина GUH-73 HINO 10-15т FN#, FR#, FP#, FW#, FS#, FV# 50x165 мм TOYO",1,3188,Toyo,GUH-73,Москва
2026-03-25 09:00:03,"Крестовина GUH-75 58x175 мм HINO 10-15т SS#,SH#,FN1V#,FR1K#,FR4F#,FS1K#,1V#,FS4F# 04037-4033 TOYO",2,3911,Toyo,GUH-75,Москва
2026-03-25 09:00:03,Крестовина GUH-77/TH-177/ 37401-1350 44*125.50 Hino500/Ranger TOYO,2,1694,Toyo,GUH-77,Москва
2026-03-25 09:00:03,"Крестовина GUH-79 /TH-179/04371-E1070/-E1071/04037-4101 --- 60-152(A) HINO700/10T(FS1E,FN) TOYO",1,4521,Toyo,TH-179,Москва
2026-03-25 09:00:03,Крестовина GUIS-61,2,276,JMC,GUIS-61,Москва
2026-03-25 09:00:03,Крестовина GUIS-64/TIS-164/UJ-343/ 1-37300-047-0 40*115 Isuzu FRR 85-89 TOYO,2,1254,Toyo,TIS-164,Москва
2026-03-25 09:00:03,Крестовина GUKO-2/TKO-102/101-10-00080/101-10-17200 33.32*79.22/4LWD KOMATSU TOYO,2,1941,Toyo,GUKO-2,Москва
2026-03-25 09:00:03,Крестовина GUKO-22/TKO-122/ 381-976908-1 42.88*140.45 KOMATSU TOYO,1,2648,Toyo,TKO-122,Москва
2026-03-25 09:00:03,Крестовина GUM-72/TM-172/UJ-613/13518-22000/MC860190 36*104 HYUNDAI HD120-170/MMC Fuso TOYO,10,1218,Toyo,TM-172,Москва
2026-03-25 09:00:03,"Крестовина GUM-80 HD120/MMC Fuso 10т FV4#, FN4#, FP4#, FS4#, FU4# (46x142 мм) TOYO",9,2699,Toyo,GUM-80,Москва
2026-03-25 09:00:03,Крестовина GUM-82 MMC FUSO TRUCK 4-4.5T MC860286 38*104mm TOYO,5,1054,Toyo,GUM-82,Москва
2026-03-25 09:00:03,Крестовина GUM-88 25*76.8mm TOYO,4,659,Toyo,GUM-88,Москва
2026-03-25 09:00:03,Крестовина GUM-91 25*76.5mm TOYO,12,497,Toyo,GUM-91,Москва
2026-03-25 09:00:03,Крестовина GUM-93 / MB000267 NEW CANTER/HD65/35 TOYO,9,663,Toyo,GUM-93,Москва
2026-03-25 09:00:03,Крестовина GUM-97/TM-197/UJ-643/MC998680 44*129 FUSO FK516 TOYO,1,1916,Toyo,GUM-97,Москва
2026-03-25 09:00:03,"Крестовина GUMZ-6 28x59 мм MAZDA TITAN 1,5-2 т 8BW1-25-060, 8BS1-25-060 TOYO",7,612,Toyo,GUMZ-6,Москва
2026-03-25 09:00:03,"Крестовина GUMZ-8 37x71 мм MAZDA TITAN WGEAT REAR от 3 т Y001-89-251, 0727-25-060 GMB",2,2462,GMB,GUMZ-8,Москва
2026-03-25 09:00:03,Крестовина GUMZ-9/TMZ-109/UJ-417/1757-89-251 26.5*72 Mazda Titan/BONGO/MPV TOYO,7,656,Toyo,GUMZ-9,Москва
2026-03-25 09:00:03,Крестовина GUN-28/TN-128/UJ-112/37125-18000 20.01*59 Nissan Atlas TOYO,12,345,Toyo,GUN-28,Москва
2026-03-25 09:00:03,Крестовина GUN-29 NISSAN 28*56 мм TOYO,7,554,Toyo,GUN-29,Москва
2026-03-25 09:00:03,"Крестовина GUN-31/TN-131/UJ-116 32x107 (Я) (шт), шт, АвДт",1,1230,GMB,GUN-31,Москва
2026-03-25 09:00:03,Крестовина GUN-31/TN-131/UJ-116/37125-50001 32*107 NISSAN UD TOYO,2,885,Toyo,TN-131,Москва
2026-03-25 09:00:03,Крестовина GUN-34/TN-134/UJ-113/ 37125-J2025 25.01*80 ATLAS/Cabstar/Civilian GMB,2,1200,GMB,GUN-34,Москва
2026-03-25 09:00:03,Крестовина GUN-34/TN-134/UJ-113/ 37125-J2025 25.01*80 ATLAS/Cabstar/Civilian TOYO,1,626,Toyo,TN-134,Москва
2026-03-25 09:00:03,Крестовина GUN-35 NISSAN ATLAS/CONDOR (H41) 32.01*68 мм TOYO,1,788,Toyo,GUN-35,Москва
2026-03-25 09:00:03,Крестовина GUN-36/TN-136/37125-84500 25*77.6 Nissan Atlas TOYO,1,601,Toyo,TN-136,Москва
2026-03-25 09:00:03,"Крестовина GUN-46 27x49,10 мм NISSAN ATLAS/CONDOR F22/23 TD23, SD23 37125-01G25, 37126-01G25 GMB",2,935,GMB,GUN-46,Москва
2026-03-25 09:00:03,Крестовина GUT-28/TT-128/UJ-240 GMB,2,1572,JMC,GUT-28,Москва
2026-03-25 09:00:03,Крестовина GUTC-5/TCM-105/93984-41300 42.88*115.054 Komatsu/Kato/Kobelko/LW100 TOYO,1,2827,Toyo,TCM-105,Москва
2026-03-25 09:00:03,Крестовина GUTC-6/TCM-106/ 29003-3722 42.88*140.45 TADANO TR250 TOYO,3,3282,Toyo,TCM-106,Москва
2026-03-25 09:00:03,Крестовина KIA-01 / KUJ-014/ SAU-100 / 49150-45220 D4AL/DB/DD County/HD72/78 TOYO,86,1074,Toyo,KIA-01,Москва
2026-03-25 09:00:03,Крестовина MC-6090 33.33*140.45(RD109.70)*42.88 Komatsu WA200 WA300 TOYO,2,3074,Toyo,MC-6090,Москва
2026-03-25 09:00:03,"Крестовина Renault Major / DAF F75,85,95 / MAN F,M,L 2000 CC707 (52*133)",1,2050,JMC,CC707,Москва
2026-03-25 09:00:03,Крестовина S-1810/T5-281X/1-37300-098-0/1-37300-062-0/MC061757/MC825216 49.2*191.76 Isuzu C-series/MMC TOYO,2,3079,Toyo,S-1810,Москва
2026-03-25 09:00:03,Крестовина T5-674X 47.7*135-84 DAEWOO BM090/ASIA GRANTO 10T/BH117-120/BS106 turbo TOYO,5,2490,Toyo,T5-674X,Москва
2026-03-25 09:00:03,Крестовина TK42-120/TK42X120/49140-6B000 42*120 Hyundai MEGATRUCK/HD78/HD72/HD65 TOYO,31,1991,Toyo,TK42-120,Москва
2026-03-25 09:00:03,Крестовина TM-187/UJ-627/GUM-87 MB000199/MB000119 30-78.1(C) TOYO / 1649,1,1028,Toyo,GUM-87,Москва
2026-03-25 09:00:03,Крестовина UJ-0131/T5-188X/42532793/2R0960/8V7336 34.9*106.3 FIAT/IVECO/CAT TOYO,3,854,Toyo,T5-188X,Москва
2026-03-25 09:00:03,Крестовина WG9319313250 HOWO ORIG,3,3427,Howo,WG9319313250,Москва
2026-03-25 09:00:03,Крестовина вала карданного D-129259 / 2205030B761/A FAW Дизель,1,2900,Дизель,D-129259,Москва
2026-03-25 09:00:03,Крестовина вала карданного D-129260 / 2205030B761/B J6/4180/4250 FAW Дизель,1,2918,Дизель,D-129260,Москва
2026-03-25 09:00:03,"Крестовина вала карданного D-129858 / W400006394 IVECO, HONGYAN Дизель",1,3619,Дизель,D-129858,Москва
2026-03-25 09:00:03,Крестовина вала карданного D-130566 / AZ9115311060 62*150 SHACMAN Дизель,3,1952,Дизель,D-130566,Москва
2026-03-25 09:00:03,Крестовина дифференциала D-125862 / HFF2403019CK1BZ2 задний JAC N350 Дизель,1,2669,Дизель,D-125862,Москва
2026-03-25 09:00:03,Крестовина карданного вала (кольцо) 49140-75730 HYUNDAI HD270 D6CA TOYO,1,3799,Toyo,49140-75730,Москва
2026-03-25 09:00:03,Крестовина карданного вала (пластина) 49140-7F200 HYUNDAI HD270 D6CA TOYO,2,3157,Toyo,49140-7F200,Москва
2026-03-25 09:00:03,Крестовина карданного вала 1-37300-110-0/1 CYZ51/FVR34/CXZ/EXZ51 ORIG,1,14131,Isuzu,1-37300-110-0,Москва
2026-03-25 09:00:03,Крестовина карданного вала D-125427 / 1-37300-111-0/1 CYZ51/FVR34 Дизель,22,3406,Дизель,D-125427,Москва
2026-03-25 09:00:03,Крестовина карданного вала ZW0028 JAC N350 TOYO,2,5196,Toyo,ZW0028,Москва
2026-03-25 09:00:03,Крестовина карданного вала межосевого 1-37300-100-1 CYZ51/CYZ52 ORIG,5,21520,Isuzu,1-37300-100-1,Москва
2026-03-25 09:00:03,"Крестовина карданного шарнира DAF F65-75CF , 48x134 65087 AUGER",1,17422,JMC,F65-75CF,Москва
2026-03-25 09:00:03,"Крестовина полуоси передней 38,0x104,5 mm 86734 / 42536857 AUGER",2,4292,JMC,42536857,Москва
2026-03-25 09:00:03,"Крестовина рулевого кардана ST-1639 16,06*39 mm 8-97085-264-1, 45209-14030 GMB",10,905,GMB,ST-1639,Москва
2026-03-25 09:00:03,"Крестовина рулевого кардана ST-1639 16,06*39 mm 8-97085-264-1, 45209-14030 TOYO",6,326,Toyo,ST-1639,Москва
2026-03-25 09:00:03,Крестовина рулевого кардана ST-1640 16.06*40mm GMB,1,814,GMB,ST-1640,Москва
2026-03-25 09:00:03,Кронштейн (корпус) торсиона 8-97328-486-1 NQR75/NQR71 ORIG,2,11532,Isuzu,8-97328-486-1,Москва
2026-03-25 09:00:03,Кронштейн (стойка) зеркала левого 8-98166-211-0 FVR34 ORIG,1,8254,Isuzu,8-98166-211-0,Москва
2026-03-25 09:00:03,Кронштейн FF рессоры D-125869 / 54221-Y4M10 JAC N350 Дизель,1,5012,Дизель,D-125869,Москва
2026-03-25 09:00:03,Кронштейн FF рессоры R D-128028 / MB133333 MMC FE# 85-99` Дизель,25,1989,Дизель,D-128028,Москва
2026-03-25 09:00:03,Кронштейн FR рессоры D-125530 / 8-98015-274-0 NQR90 Дизель,3,848,Дизель,D-125530,Москва
2026-03-25 09:00:03,Кронштейн FR рессоры D-128685 / 2902408-D539 FAW Дизель,1,553,Дизель,D-128685,Москва
2026-03-25 09:00:03,Кронштейн FR рессоры FL D-125048 / 1-53351-238-1 CYZ51/52 Дизель,1,5589,Дизель,D-125048,Москва
2026-03-25 09:00:03,Кронштейн FR рессоры FL D-125518 / 1-53351-238-1 CYZ51/52 Дизель,1,4705,Дизель,D-125518,Москва
2026-03-25 09:00:03,Кронштейн FR рессоры RR 1-53352-179-0 CXZ/CYZ51/52 Дизель,1,4749,Дизель,D-125689,Москва
2026-03-25 09:00:03,Кронштейн FR рессоры RR D-125054 / 1-53352-179-0 CXZ/CYZ51/52 Дизель,2,5254,Дизель,D-125054,Москва
2026-03-25 09:00:03,Кронштейн FR рессоры задний L 1-53352-180-0 CXZ/CYZ51/52 ORIG,1,11088,Isuzu,1-53352-180-0,Москва
2026-03-25 09:00:03,Кронштейн FR рессоры задний R 1-53352-179-0 CXZ/CYZ51/52 ORIG,1,11088,Isuzu,1-53352-179-0,Москва
2026-03-25 09:00:03,"Кронштейн RF рессоры D-125183 / 8-97042-245-1/0/ 8-98243-605-0 NQR71, 75 Дизель",2,2477,Дизель,D-125183,Москва
2026-03-25 09:00:03,Кронштейн RR рессоры LH/RH D-128238 / 55221-6A000 / MC405381 HD120 Дизель,19,1998,Дизель,D-128238,Москва
2026-03-25 09:00:03,"Кронштейн RR рессоры R D-125512 / 8-98032-489-0 NLR/NMR55,85 Дизель",1,1334,Дизель,D-125512,Москва
2026-03-25 09:00:03,Кронштейн амортизатора A94832549097390 / A9483250409/30336 Mercedes ориг !,1,9786,Mercedes,A94832549097390,Москва
2026-03-25 09:00:03,Кронштейн амортизатора S-050 / HIA-050 48512-1120 PM !,4,1612,Paul Master,HIA-050,Москва
2026-03-25 09:00:03,Кронштейн амортизатора задней оси A9483260040 Mercedes ориг !,1,961,Mercedes-Benz,A 948 326 00 40,Москва
2026-03-25 09:00:03,Кронштейн балансира 1-53361-079-0 ISUZU CX#/CY#/EX# 95~ (K) дефект,1,21894,Дизель,1-53361-079-0,Москва
2026-03-25 09:00:03,Кронштейн бампера 8-98034-435-2 RH FVR34 ORIG,1,18632,Isuzu,8-98034-435-2,Москва
2026-03-25 09:00:03,Кронштейн бампера 8-98053-546-1 FR LH FVR34 ORIG,1,3962,Isuzu,8-98053-546-1,Москва
2026-03-25 09:00:03,Кронштейн бампера 8-98053-547-1 FR RH ISUZU FVR34 ORIG,1,3962,Isuzu,8-98053-547-1,Москва
2026-03-25 09:00:03,Кронштейн бампера левый 8-98034-434-2 FVR34 ORIG,3,16445,Isuzu,8-98034-434-2,Москва
2026-03-25 09:00:03,Кронштейн бампера переднего RH 86516-4F000 HYUNDAI PORTER II ORIG,4,352,Hyundai-Kia,86516-4F000,Москва
2026-03-25 09:00:03,Кронштейн возвратной пружины ПГУ 1-31426-041-0 ORIG,30,338,Isuzu,1-31426-041-0,Москва
2026-03-25 09:00:03,Кронштейн задней рессоры верхний 1426438SKV / YC010V000110/ Scania SKV,5,5931,SKV,1426438,Москва
2026-03-25 09:00:03,Кронштейн зеркала 8-97856-622-2 N-series ORIG,5,4622,Isuzu,8-97856-622-2,Москва
2026-03-25 09:00:03,Кронштейн зеркала LH 8-98234-650-0 CYZ52 ORIG,1,12206,Isuzu,8-98234-650-0,Москва
2026-03-25 09:00:03,Кронштейн зеркала RH 8-98188-201-0 N-series ORIG,1,17296,Isuzu,8-98188-201-0,Москва
2026-03-25 09:00:03,Кронштейн кабины 8-97613-307-2/0/1 CYZ LHD Евро-4 ORIG,1,53716,Isuzu,8-97613-307-2,Москва
2026-03-25 09:00:03,Кронштейн крепления ДВС 1-11771-220-0 6WF1/6WG1 C-series ORIG,1,5172,Isuzu,1-11771-220-0,Москва
2026-03-25 09:00:03,Кронштейн крепления зеркала правый 285*983 943/506 Mercede/ Covind !,1,6149,Covind,943/506,Москва
2026-03-25 09:00:03,Кронштейн крепления подножки L 8-97583-883-2 N-series ORIG,5,5388,Isuzu,8-97583-883-2,Москва
2026-03-25 09:00:03,Кронштейн крепления подножки RH 8-97583-882-2/8-98344-508-0 NPR75/NQR90/NLR/NMR85 ORIG,1,5416,Isuzu,8-97583-882-2,Москва
2026-03-25 09:00:03,Кронштейн крепления рессоры правый 1528326 / 1335902 / YC010V000107 Scania SKV,3,4389,SKV,1528326,Москва
2026-03-25 09:00:03,Кронштейн крепления рычага нижнего 70257 /A94832549097390 Mercedes/Auger !,4,9013,Auger,70257,Москва
2026-03-25 09:00:03,Кронштейн крепления стеклоподъемника 1-74998-062-4 ORIG,1,817,Isuzu,1-74998-062-4,Москва
2026-03-25 09:00:03,"Кронштейн крепления ТНВД 8-97601-699-0 F,N-series ORIG",1,9710,Isuzu,8-97601-699-0,Москва
2026-03-25 09:00:03,Кронштейн крепления фары внутренний левый 8-97589-385-3 NPR-75 ORIG,1,2533,Isuzu,8-97589-385-3,Москва
2026-03-25 09:00:03,Кронштейн крепления фары левый D-129155 / AZ9925720001 HOWO Дизель,2,2595,Дизель,D-129155,Москва
2026-03-25 09:00:03,Кронштейн крепления фары правый D-129263 / AZ9925720002 HOWO Дизель,2,2358,Дизель,D-129263,Москва
2026-03-25 09:00:03,Кронштейн левый D-125866 / 87719-Y3CF003 JAC N350 Дизель,1,334,Дизель,D-125866,Москва
2026-03-25 09:00:03,Кронштейн отбойника D-129264 / 54382-Y4M10 JAC N350 Дизель,1,1740,Дизель,D-129264,Москва
2026-03-25 09:00:03,Кронштейн отбойника FE-021 LH MC122993 PM !,2,2463,Paul Master,MC122993,Москва
2026-03-25 09:00:03,Кронштейн отбойника FE-021 RH MC122994 PM !,2,2463,Paul Master,MC122994,Москва
2026-03-25 09:00:03,Кронштейн отбойника рессоры FE-022 / FIB-002 LH MC122995 PM,2,6120,Paul Master,MC122995,Москва
2026-03-25 09:00:03,Кронштейн отбойника рессоры FE-022 / FIB-002 RH MC122996 PM !,2,3114,Paul Master,MC122996,Москва
2026-03-25 09:00:03,Кронштейн отбойника рессоры UD-029 55210-Z1002 PM !,2,2047,Paul Master,ULB-029,Москва
2026-03-25 09:00:03,Кронштейн переднего бампера L MK618540 Fuso Canter ORIG,2,4952,Mitsubishi,MK618540,Москва
2026-03-25 09:00:03,Кронштейн переднего бампера L MK618546 Fuso Canter ORIG,2,7711,Mitsubishi,MK618546,Москва
2026-03-25 09:00:03,"Кронштейн передней рессоры 8-98029-126-0 NLR/NMR55,85/77,71 08~ ORIG",2,10695,Isuzu,8-98029-126-0,Москва
2026-03-25 09:00:03,Кронштейн передней рессоры 8х4 Faw J6 2932441-80B/C,1,4439,JMC,2932441-80B,Москва
2026-03-25 09:00:03,Кронштейн передней рессоры FR 1325808 / 1325808 Scania 4/P/G/R/T-Series SKV,59,1963,SKV,1325808,Москва
2026-03-25 09:00:03,Кронштейн передней рессоры передний левый 1528325SKV/ 1335901 / YC010V000106/ Scania SKV,20,3950,SKV,1528325,Москва
2026-03-25 09:00:03,Кронштейн пневморессоры правый 8-98257-385-0 FVR34 ORIG,1,54322,Isuzu,8-98257-385-0,Москва
2026-03-25 09:00:03,Кронштейн подножки D-125546 / 1-53414-256-2 Дизель,1,8700,Дизель,D-125546,Москва
2026-03-25 09:00:03,Кронштейн подножки D-128769 / 1-53414-256-2 Дизель,1,10026,Дизель,D-128769,Москва
2026-03-25 09:00:03,Кронштейн подушки ДВС D-130472 / 200V41501-0119 левый HOWO T5G Дизель,2,3111,Дизель,D-130472,Москва
2026-03-25 09:00:03,Кронштейн подушки ДВС D-130473 / 200V41501-0118 правый HOWO T5G Дизель,2,3111,Дизель,D-130473,Москва
2026-03-25 09:00:03,Кронштейн рессоры / 107-01-0001 / передний / ?28mm / BRT25 / MC114411; MC122991 / ZEVS,2,2458,JMC,MC114411,Москва
2026-03-25 09:00:03,Кронштейн рессоры 8-97223-748-0/8-97223-749-0 NQR71/75 ORIG,1,1921,Isuzu,8-97223-749-0,Москва
2026-03-25 09:00:03,Кронштейн рессоры 8-98018-840-0 FVR34 ORIG,1,10472,Isuzu,8-98018-840-0,Москва
2026-03-25 09:00:03,Кронштейн рессоры D-130401 / 1-53351-2371 передний R FR CYZ51/CYZ52 Дизель,1,6175,Дизель,D-130401,Москва
2026-03-25 09:00:03,Кронштейн рессоры FLB-005/ FP-005 MC306211 PM,2,2930,Paul Master,FLB-005,Москва
2026-03-25 09:00:03,Кронштейн рессоры FP-003 MK302760 PM !,2,4230,Paul Master,FSK-003,Москва
2026-03-25 09:00:03,Кронштейн рессоры IS-020 1-53354-074-0 ISUZU NRR/FR/FS 94~ PM,8,4224,Paul Master,ISK-020,Москва
2026-03-25 09:00:03,"Кронштейн рессоры RR, задний L/R D-129266 / BRT63/48416-E0090 HINO 500 Дизель",3,6577,Дизель,D-129266,Москва
2026-03-25 09:00:03,Кронштейн рессоры S-001/ FSK-001 MB133333 MMC FE# 85-99` PM,3,6858,Paul Master,FSK-001,Москва
2026-03-25 09:00:03,Кронштейн рессоры S-014/HSK-014 48403-1531 HINO FG/FX/FE/GK/GX1J#FD16/17 PM,1,3632,Paul Master,HSK-014,Москва
2026-03-25 09:00:03,Кронштейн рессоры S4840-33390 / HSK-390 PM,2,9978,Paul Master,HSK-390,Москва
2026-03-25 09:00:03,Кронштейн рессоры S4840-33400 / HSK-400 PM,2,9485,Paul Master,HSK-400,Москва
2026-03-25 09:00:03,Кронштейн рессоры UD-005 54231-00Z07/00Z00 N.-DIESEL CFZ00A CFA590 CFA690 97~ PM,1,9559,Paul Master,USK-005,Москва
2026-03-25 09:00:03,Кронштейн рессоры UD-006 54234-00Z01 RH N.-DIESEL CWA69B CWA59B CWT470 CZA690 PM,2,6859,Paul Master,USK-006,Москва
2026-03-25 09:00:03,Кронштейн рессоры UD-008 55201-00Z11 N.-DIESEL CK690 CV690 CV69B CK03A 97~PM,2,7540,Paul Master,USK-008,Москва
2026-03-25 09:00:03,Кронштейн рессоры задней D-129261 / 2912441-6K9 FAW Дизель,1,1667,Дизель,D-129261,Москва
2026-03-25 09:00:03,Кронштейн рессоры перед лев перед D-129267 / 48412-E0260 E13C HINO 700 Дизель,2,2541,Дизель,D-129267,Москва
2026-03-25 09:00:03,Кронштейн рессоры перед прав перед D-129268 / 48411-E0380 E13C HINO 700 Дизель,6,1657,Дизель,D-129268,Москва
2026-03-25 09:00:03,Кронштейн рессоры правый 165x248x305 1395048SKV / YC010V000118 Scania SKV,5,6473,SKV,1395048,Москва
2026-03-25 09:00:03,Кронштейн рессоры правый 1785815SKV / YC010V000125/ Scania SKV,16,6364,SKV,1785815,Москва
2026-03-25 09:00:03,Кронштейн топливного фильтра 8-98111-479-1 N-series 4HV1 (CNG) ГАЗ ORIG,1,24951,Isuzu,8-98111-479-1,Москва
2026-03-25 09:00:03,Кронштейн топливного фильтра YLZ-F-0165-B-01 / PL420 YNY,2,1302,YNY,PL420,Москва
2026-03-25 09:00:03,Кронштейн тормозного вала 711-50310-6164 SITRAK ORIG,3,1196,CNHTC,711-50310-6164,Москва
2026-03-25 09:00:03,Кронштейн трапеции стеклоочистителя 8-98053-762-0 ORIG,1,2690,Isuzu,8-98053-762-0,Москва
2026-03-25 09:00:03,Кронштейн уплотнения A9454230058 Mercedes ориг !,1,232,Mercedes-Benz,A 945 423 00 58,Москва
2026-03-25 09:00:03,Кронштейн фильтра масляного DB-66774 / 8-97096-677-4 / 8-97027-942-0 / 8-98328-486-0 N-series Дизель,1,4556,Дизель,DB-66774,Москва
2026-03-25 09:00:03,Крыло LH D-128310 / 810W61510-0411 передняя накладка SITRAK C7H Дизель,1,1860,Дизель,D-128310,Москва
2026-03-25 09:00:03,Крыло RH D-128311 / 810W61510-0410 передняя накладка SITRAK C7H Дизель,2,2002,Дизель,D-128311,Москва
2026-03-25 09:00:03,Крыло переднее левое 8403102P3010 JAC ORIG дефект,3,4256,JAC,8403102P3010,Москва
2026-03-25 09:00:03,Крышка 60531976 /A9452611033 Mercedes/Euroricambi !,2,15049,Euroricambi,60.53.1976,Москва
2026-03-25 09:00:03,"Крышка АКБ D-129015 / 811W41860-6094 Sitrak, Howo Дизель",1,1670,Дизель,D-129015,Москва
2026-03-25 09:00:03,Крышка аккумулятора D-129270 / AZ9100760102 HOWO T5G Дизель,2,1175,Дизель,D-129270,Москва
2026-03-25 09:00:03,Крышка бака 463260 / 465580/A0004700405 / 212152 Mercedes/DieselTechnic !,2,8122,Diesel Technic,4.63260,Москва
2026-03-25 09:00:03,"Крышка бака моч-ны D-125873 / 1203170LE460 JAC N80/N120, КАМАЗ Компас-9/12 Дизель",2,1657,Дизель,D-125873,Москва
2026-03-25 09:00:03,Крышка бака моч-ны D-125874 / 1205262Y4T80 JAC N350 WP10 E-5 Дизель,1,1024,Дизель,D-125874,Москва
2026-03-25 09:00:03,"Крышка бачка сцепления 8-94136-483-1 C,F,N-series ORIG",1,726,Isuzu,8-94136-483-1,Москва
2026-03-25 09:00:03,Крышка бачка сцепления D-127664 / 3506104LE010 JAC N90 Дизель,1,235,Дизель,D-127664,Москва
2026-03-25 09:00:03,Крышка блока предохранителей 8-97063-152-1 N-series ORIG,1,2382,Isuzu,8-97063-152-1,Москва
2026-03-25 09:00:03,"Крышка блока предохранителей 8-97377-741-0 N,Q -series ORIG",3,1683,Isuzu,8-97377-741-0,Москва
2026-03-25 09:00:03,Крышка буксы балансира 2997054 Europart !,1,275,Europart,2997054,Москва
2026-03-25 09:00:03,Крышка буксы балансира D-019 / FDC-019 / MC095476 PM,2,2301,Paul Master,D-019,Москва
2026-03-25 09:00:03,Крышка буксы балансира D-021/fdp-024 MC037224 PM,1,4307,Paul Master,MC037224,Москва
2026-03-25 09:00:03,Крышка буксы балансира D-127266 / S4930-31130 / 49303-1130 Дизель,2,665,Дизель,D-127266,Москва
2026-03-25 09:00:03,Крышка вала первичного D-126739 / JS180-1701040-1 JAC N350 Дизель,1,1553,Дизель,D-126739,Москва
2026-03-25 09:00:03,Крышка воздушного фильтра 28147-5A500 Hyundai HD35/45/46/65/72/78 COUNTY ORIG,1,2125,Hyundai-Kia,28147-5A500,Москва
2026-03-25 09:00:03,Крышка ГБЦ 8-98243-226-0 ORIG,2,4289,Isuzu,8-98243-226-0,Москва
2026-03-25 09:00:03,Крышка ГБЦ D-129271 / 1003030B29D FAW CA6DL2 Дизель,2,9755,Дизель,D-129271,Москва
2026-03-25 09:00:03,Крышка заднего фонаря 1-82239-007-0 CYZ/EXZ (LHD) ORIG,4,402,Isuzu,1-82239-007-0,Москва
2026-03-25 09:00:03,Крышка клапанов 1-11180-476-5 C-series 6WG1 ORIG,1,35850,Isuzu,1-11180-476-5,Москва
2026-03-25 09:00:03,Крышка клапанов 8-97380-042-1 N-series 4HV1 (CNG) ГАЗ ORIG,1,15217,Isuzu,8-97380-042-1,Москва
2026-03-25 09:00:03,Крышка клапанов 8-97846-569-0/8-98208-874-0/8-97602-825-2 F-series 6HK1 E-4 ORIG,1,19461,Isuzu,8-97846-569-0,Москва
2026-03-25 09:00:03,Крышка коробки реле и предохранителей 1-82510-654-1 ORIG,4,7096,Isuzu,1-82510-654-1,Москва
2026-03-25 09:00:03,Крышка коробки реле и предохранителей D-128770 / 1-82510-654-1 Дизель,1,3355,Дизель,D-128770,Москва
2026-03-25 09:00:03,"Крышка корпуса воздушного фильтра 8-98050-434-1/8-97379-849-0 N,Q-series ORIG",7,6934,Isuzu,8-98050-434-1,Москва
2026-03-25 09:00:03,"Крышка корпуса топливного фильтра 8-98116-653-0 C,F-series ORIG",1,3463,Isuzu,8-98116-653-0,Москва
2026-03-25 09:00:03,Крышка кронштейна бокового зеркала (верх) 8-98080-173-0 NPR75/71/NQR90/NMR85/NLR85/FSR90/FVR34 ORIG,1,290,Isuzu,8-98080-173-0,Москва
2026-03-25 09:00:03,Крышка кронштейна зеркала заднего вида нижняя 8-98031-803-2 LH NLR85/NPR75 ORIG,1,1067,Isuzu,8-98031-803-2,Москва
2026-03-25 09:00:03,Крышка кронштейна зеркала заднего вида нижняя D-125378 / 8-98031-803-2 LH NLR85/NPR75 ISUZU Дизель,17,361,Дизель,D-125378,Москва
2026-03-25 09:00:03,Крышка кронштейна зеркала заднего вида нижняя D-127153/8-98031-803-2 LH NLR85/NPR75 ISUZU Дизель,1,279,Дизель,D-127153,Москва
2026-03-25 09:00:03,"Крышка кронштейна левого зеркала нижняя (тип B) 8-98031-806-0 N,F-series ORIG",4,982,Isuzu,8-98031-806-0,Москва
2026-03-25 09:00:03,Крышка кронштейна правого зеркала нижняя 8-98031-802-2 NPR75/NPR71/NQR90/NMR85/NLR85 ORIG,18,841,Isuzu,8-98031-802-2,Москва
2026-03-25 09:00:03,Крышка кронштейна правого зеркала нижняя 8-98031-805-0 N-series FVR34 ORIG,15,841,Isuzu,8-98031-805-0,Москва
2026-03-25 09:00:03,Крышка кронштейна правого зеркала нижняя D-125740 / 8-98031-805-0 N-series FVR34 ISUZU Дизель,1,140,Дизель,D-125740,Москва
2026-03-25 09:00:03,Крышка масл фильтра 1-33119-222-0 C/E series ORIG,2,4857,Isuzu,1-33119-222-0,Москва
2026-03-25 09:00:03,Крышка маслозаливной горловины D-128771 / 8-94133-207-5 Дизель,5,88,Дизель,D-128771,Москва
2026-03-25 09:00:03,Крышка маслозаливной горловины F-004 15253-97002 PM !,2,488,Paul Master,UOC-78,Москва
2026-03-25 09:00:03,Крышка масляного канала КПП 8-98018-864-1 F-series ORIG,1,638,Isuzu,8-98018-864-1,Москва
2026-03-25 09:00:03,Крышка переднего бампера левая 8-97616-297-1 FVR34 ORIG,1,407,Isuzu,8-97616-297-1,Москва
2026-03-25 09:00:03,Крышка подшипника первичного вала 1-33121-166-0 ORIG,1,79086,Isuzu,1-33121-166-0,Москва
2026-03-25 09:00:03,Крышка радиатора 25340-6A000 Hyundai HD120 ORIG,1,403,Hyundai-Kia,25340-6A000,Москва
2026-03-25 09:00:03,Крышка радиатора 8-97239-187-0 NQR71/75/90/NPR75/NLR85/NMR85 ORIG,7,1478,Isuzu,8-97239-187-0,Москва
2026-03-25 09:00:03,Крышка радиатора R-125 PM,2,440,Paul Master,R-125,Москва
2026-03-25 09:00:03,Крышка сальника балансира D-125875 / HFF2918118CKFT JAC N350 Дизель,1,1243,Дизель,D-125875,Москва
2026-03-25 09:00:03,Крышка сальника балансира HFF2918118CKFT JAC N350 ORIG,2,1152,JAC,HFF2918118CKFT,Москва
2026-03-25 09:00:03,Крышка ступицы FV-006/MC826960/FIC-006 FP410-418/440-449 FU/FV4# PM,4,736,Paul Master,FV-006,Москва
2026-03-25 09:00:03,Крышка ступицы HI-005 43514-1142 FN1/2K/F# FR1# FN# PM,4,866,Paul Master,HIC-005,Москва
2026-03-25 09:00:03,Крышка ступицы UD-013/UIC-013 40234-90008 CD/CK/CW870 KG520 86-91` PM,1,866,Paul Master,UD-013,Москва
2026-03-25 09:00:03,Крышка ступицы UD-014/UIC-014/40234-90069 CDA591/92/95/690 CGA591 CGA59B CKA690 96~ PM,1,866,Paul Master,UD-014,Москва
2026-03-25 09:00:03,Крышка ступицы переднего моста 9-42313-123-2/0/1 CYZ51/CYZ52/FVR34/FSR90 ORIG,1,2140,Isuzu,9-42313-123-2,Москва
2026-03-25 09:00:03,Крышка термостата 8-98028-252-1 N-series 4JJ1 ORIG,1,2733,Isuzu,8-98028-252-1,Москва
2026-03-25 09:00:03,Крышка термостата D-125876 / 612600040320 JAC N350 WP10 E-5 Дизель,1,1550,Дизель,D-125876,Москва
2026-03-25 09:00:03,Крышка термостата D-128773 / 8-97329-914-0 F/N series Дизель,1,964,Дизель,D-128773,Москва
2026-03-25 09:00:03,Крышка термостата D-130884 / ME015017 / ME229784 / 16331-71010 MMC Canter FE85D 4M50T 4M51 Дизель,2,1381,Дизель,D-130884,Москва
2026-03-25 09:00:03,Крышка топливного бака D-124995 / 8-98108-595-0 400л. FVR34 CYZ52 EXZ51 Дизель,1,1288,Дизель,D-124995,Москва
2026-03-25 09:00:03,Крышка топливного бака D-125398 / 8-98201-369-0 NPR75/NMR85/NLR85/NQR/FSR90/FVR34 Дизель,2,1233,Дизель,D-125398,Москва
2026-03-25 09:00:03,Крышка топливного бака D-126401 / 8-94160-028-0 N-series Дизель,11,429,Дизель,D-126401,Москва
2026-03-25 09:00:03,Крышка топливного бака D-126740 / 3704930LE010 с ключом JAC N75/90/120 Дизель,10,1285,Дизель,D-126740,Москва
2026-03-25 09:00:03,Крышка топливного бака D-127154 / 1-22440-057-2 C-series Дизель,2,523,Дизель,D-127154,Москва
2026-03-25 09:00:03,Крышка топливного бака D-127954 / 812W12210-0100 HOWO T5G Дизель,5,665,Дизель,D-127954,Москва
2026-03-25 09:00:03,Крышка топливного фильтра тонкой очистки 1-13212-049-1 C/E/F series ORIG,2,2365,Isuzu,1-13212-049-1,Москва
2026-03-25 09:00:03,Крышка фонаря RR LH 8-94129-274-4 NQR71/75 ORIG,1,449,Isuzu,8941292744,Москва
2026-03-25 09:00:03,Крышка шкворня D-125877 / HFF3001100CK5G JAC N350 Дизель,1,247,Дизель,D-125877,Москва
2026-03-25 09:00:03,Крышка шкворня D-127666 / 3001400N JAC N90 Дизель,4,48,Дизель,D-127666,Москва
2026-03-25 09:00:03,Крышка шкворня D-127751 / 3001107N JAC N90 Дизель,1,34,Дизель,D-127751,Москва
2026-03-25 09:00:03,Крышка ящика АКБ D-126529 / WG9525760314 Sitrak C7H Дизель,1,2075,Дизель,D-126529,Москва
2026-03-25 09:00:03,Крюк буксировочный 8-98126-930-0 ORIG,7,2712,Isuzu,8-98126-930-0,Москва
2026-03-25 09:00:03,Кулак поворотный D-129272 / 199112410057 HOWO Дизель,1,11599,Дизель,D-129272,Москва
2026-03-25 09:00:03,Кулак поворотный RH 56734-5K300 HYUNDAI HD78 D4DD ORIG,6,15343,Hyundai-Kia,56734-5K300,Москва
2026-03-25 09:00:03,Кулак поворотный левый 1-43132-120-1 CYZ51/EXZ52/FVR34 ORIG,1,58739,Isuzu,1-43132-120-1,Москва
2026-03-25 09:00:03,Кулак поворотный правый 8-97349-683-1 NQR71/75 ORIG,1,39376,Isuzu,8-97349-683-1,Москва
2026-03-25 09:00:03,Кулиса КПП 43700-4F020 HYUNDAI Porter II ORIG,2,5470,Hyundai-Kia,43700-4F020,Москва
2026-03-25 09:00:03,Лампа 12V 21/4W 12594HN BAZ15d (2х-конт) Limastar,82,33,Limastar,12594HN,Москва
2026-03-25 09:00:03,Лампа 12V/21W 12496HNA BAU15S (оранж) Limastar,72,26,Limastar,12496HNA,Москва
2026-03-25 09:00:03,Лампа D-129830 / Nr-17326 / BA15s 24V 10W Дизель,100,18,Дизель,D-129830,Москва
2026-03-25 09:00:03,Лампа D-129831 / Nr-17643 / BA15s 24V 21W Дизель,69,25,Дизель,D-129831,Москва
2026-03-25 09:00:03,Лампа D-129832 / Nr-17925 / BAY15d 24V 21/5W Дизель,52,32,Дизель,D-129832,Москва
2026-03-25 09:00:03,Лампа D-130795 / BA15S 24V 5W Дизель,14,18,Дизель,D-130795,Москва
2026-03-25 09:00:03,Лампа б/ц 12V 12067 T15 W2.1x9.5d Limastar,70,13,Limastar,12067,Москва
2026-03-25 09:00:03,Лампа б/ц 12V 12071a T20 W3x16d (оранж) Limastar,70,62,Limastar,12071a,Москва
2026-03-25 09:00:03,Лампа галогенная H1 12V/55W (к-т 2шт) Powervision Limastar,10,307,Limastar,H1,Москва
2026-03-25 09:00:03,Лампа галогенная H11 12V/55W (к-т 2шт) Powervision Limastar,7,595,Limastar,H11,Москва
2026-03-25 09:00:03,Лампа галогенная H11 24V/70W Limastar,1,224,Limastar,H11,Москва
2026-03-25 09:00:03,Лампа галогенная H16 12V/19W Limastar,28,180,Limastar,H16,Москва
2026-03-25 09:00:03,Лампа галогенная H3 24V/100W Limastar,2,68,Limastar,H3,Москва
2026-03-25 09:00:03,Лампа галогенная H3C 12V/55W (к-т 2шт) Powervision Limastar,7,459,Limastar,H3C,Москва
2026-03-25 09:00:03,Лампа галогенная H4 12V/60W/55W P43t (к-т 2шт) Powervision Limastar,4,492,Limastar,P43t,Москва
2026-03-25 09:00:03,Лампа галогенная H7 12V/55W (к-т 2шт) Powervision Limastar,8,441,Limastar,H7,Москва
2026-03-25 09:00:03,"Лампа приборной панели (коричневый цоколь) 1-82194-062-0 24V1.8W F,C,E seriesORIG",1,319,Isuzu,1-82194-062-0,Москва
2026-03-25 09:00:03,Лампа светодиодная 12V 10W WD12854 39mm Limastar,82,116,Limastar,WD12854,Москва
2026-03-25 09:00:03,Лампа светодиодная 12V 10W WD12864 41mm Limastar,82,116,Limastar,WD12864,Москва
2026-03-25 09:00:03,Лента крепления бака 31260-5K000 HYUNDAI HD65/HD72/HD78 ORIG,6,1802,Hyundai-Kia,31260-5K000,Москва
2026-03-25 09:00:03,Лист рессор 13-60-1500H SKV,20,2139,SKV,13-60-1500H,Москва
2026-03-25 09:00:03,Лист рессор 16-80-1300H SKV,3,3688,SKV,16-80-1300H,Москва
2026-03-25 09:00:03,Лист рессор 8-70-900H SKV,50,996,SKV,8-70-900H,Москва
2026-03-25 09:00:03,Лист рессор 09635001SKV / 1635305 №1 830x830mm 1/26x90mm VOLVO тягач FM/FH Series Rear,3,8752,SKV,09635001,Москва
2026-03-25 09:00:03,Лист рессор 09635003SKV / 1635242 №3 790x790mm 1x26x90 мм VOLVO тягач FM/FH Series Rear,1,5668,SKV,09635003,Москва
2026-03-25 09:00:03,Лист рессор 09722001SKV / 257907-1 30*100/990*900мм VOLVO TRUCK FH/FM коренной Front,1,17264,SKV,09722001,Москва
2026-03-25 09:00:03,Лист рессор 1-51131-962-0 14*80 Isuzu CYZ51 LHD коренной front (2 втулки 32*42*78 + сальники) SKV,37,5387,SKV,1-51131-962-0,Москва
2026-03-25 09:00:03,Лист рессор 1-51132-962-0 14*80 Isuzu 10t CYZ51 LHD подкоренной front SKV,1,4072,SKV,1-51132-962-0,Москва
2026-03-25 09:00:03,Лист рессор 1-51412-118-0 10*70 Isuzu 5T FRR/FSR/FRD/FRD-S/FRR-S 97~ подкоренной rear SKV,1,2189,SKV,1-51412-118-0,Москва
2026-03-25 09:00:03,Лист рессор 10-60-1500 (без ЦО) SKV,2,1802,SKV,10-60-1500,Москва
2026-03-25 09:00:03,Лист рессор 11-60-1300H SKV,100,1716,SKV,11-60-1300H,Москва
2026-03-25 09:00:03,Лист рессор 11-60-700H SKV,1,840,SKV,11-60-700H,Москва
2026-03-25 09:00:03,Лист рессор 11-60-900HSKV,50,1172,SKV,11-60-900HSKV,Москва
2026-03-25 09:00:03,Лист рессор 11-70-1100H SKV,358,1640,SKV,11-70-1100H,Москва
2026-03-25 09:00:03,Лист рессор 11-70-1300H BELTON,19,2623,Belton,11-70-1300H,Москва
2026-03-25 09:00:03,Лист рессор 11-70-1300H SKV,29,1998,SKV,11-70-1300H,Москва
2026-03-25 09:00:03,Лист рессор 11-70-1500H SKV,10,2331,SKV,11-70-1500H,Москва
2026-03-25 09:00:03,Лист рессор 11-70-700H SKV,83,1101,SKV,11-70-700H,Москва
2026-03-25 09:00:03,Лист рессор 11-70-900H BELTON,40,1526,Belton,11-70-900H,Москва
2026-03-25 09:00:03,Лист рессор 11-70-900H SKV,104,1385,SKV,11-70-900H,Москва
2026-03-25 09:00:03,Лист рессор 13-60-1300H SKV,2,1954,SKV,13-60-1300H,Москва
2026-03-25 09:00:03,Лист рессор 13-60-1500H Ychen,1,1802,Ychen,13-60-1500H,Москва
2026-03-25 09:00:03,Лист рессор 13-60-700H SKV,27,1103,SKV,13-60-700H,Москва
2026-03-25 09:00:03,Лист рессор 13-60-900H SKV,6,1466,SKV,13-60-900H,Москва
2026-03-25 09:00:03,Лист рессор 13-70-1100H SKV,32,2001,SKV,13-70-1100H,Москва
2026-03-25 09:00:03,Лист рессор 13-70-1300H SKV,11,2328,SKV,13-70-1300H,Москва
2026-03-25 09:00:03,Лист рессор 13-70-1500H SKV,61,3084,SKV,13-70-1500H,Москва
2026-03-25 09:00:03,Лист рессор 13-70-700H SKV,33,1221,SKV,13-70-700H,Москва
2026-03-25 09:00:03,Лист рессор 13-70-900H SKV,9,1736,SKV,13-70-900H,Москва
2026-03-25 09:00:03,Лист рессор 13-80-1300H SKV,20,2893,SKV,13-80-1300H,Москва
2026-03-25 09:00:03,Лист рессор 13-80-1500H SKV,12,3157,SKV,13-80-1500H,Москва
2026-03-25 09:00:03,Лист рессор 13-80-900H SKV,2,1756,SKV,13-80-900H,Москва
2026-03-25 09:00:03,Лист рессор 14-70-1100H SKV,1,2199,SKV,14-70-1100H,Москва
2026-03-25 09:00:03,Лист рессор 14-70-1300H SKV,58,2435,SKV,14-70-1300H,Москва
2026-03-25 09:00:03,Лист рессор 14-70-9-1300H SKV,1,3056,SKV,14-70-9-1300H,Москва
2026-03-25 09:00:03,Лист рессор 14-80-1300H SKV,11,2637,SKV,14-80-1300H,Москва
2026-03-25 09:00:03,Лист рессор 14-80-1500H SKV,30,4257,SKV,14-80-1500H,Москва
2026-03-25 09:00:03,Лист рессор 14-80-900H SKV,20,1976,SKV,14-80-900H,Москва
2026-03-25 09:00:03,Лист рессор 14-90-1500H SKV,38,4009,SKV,14-90-1500H,Москва
2026-03-25 09:00:03,Лист рессор 14-90-1500H Ychen,1,4268,Ychen,14-90-1500H,Москва
2026-03-25 09:00:03,Лист рессор 1479518-2SKV 28*90 Scania P-Series 04~ подкоренной Front SKV,9,11320,SKV,1479518-2,Москва
2026-03-25 09:00:03,Лист рессор 16-70-1300H SKV,38,2489,SKV,16-70-1300H,Москва
2026-03-25 09:00:03,Лист рессор 16-80-1100H SKV,3,2722,SKV,16-80-1100H,Москва
2026-03-25 09:00:03,Лист рессор 16-80-1500H SKV,1,3622,SKV,16-80-1500H,Москва
2026-03-25 09:00:03,Лист рессор 16-80-550H SKV,2,1185,SKV,16-80-550H,Москва
2026-03-25 09:00:03,Лист рессор 16-80-550H Ychen,1,928,Ychen,16-80-550H,Москва
2026-03-25 09:00:03,Лист рессор 16-90-1100H ЦО Ø17 mm SKV,3,3047,SKV,16-90-1100H,Москва
2026-03-25 09:00:03,Лист рессор 16-90-1300H SKV,62,3622,SKV,16-90-1300H,Москва
2026-03-25 09:00:03,Лист рессор 16-90-1500H SKV,10,4265,SKV,16-90-1500H,Москва
2026-03-25 09:00:03,Лист рессор 1635244SKV / 09635005 26*90/950мм (с хомутами) VOLVO TRUCK FM# (самосвал) Rear,3,5584,SKV,09635005,Москва
2026-03-25 09:00:03,Лист рессор 18-90-88-1500H SKV,18,5535,SKV,18-90-88-1500H,Москва
2026-03-25 09:00:03,Лист рессор 20-70-10-1100H SKV,3,2677,SKV,20-70-10-1100H,Москва
2026-03-25 09:00:03,Лист рессор 20-90-1300H BELTON,1,5824,Belton,20-90-1300H,Москва
2026-03-25 09:00:03,Лист рессор 20-90-88-1600H SKV,15,5653,SKV,20-90-88-1600H,Москва
2026-03-25 09:00:03,Лист рессор 48101-3B550 9*70 DYNA/TOYOACE 84-99 коренной front 1146мм (сайлетблоки) SKV,28,3039,SKV,48101-3B550,Москва
2026-03-25 09:00:03,Лист рессор 48112-37690 15*70 DYNA/TOYOACE BU4##/XZU4## 99- подкоренной front SKV,4,2466,SKV,48112-37690,Москва
2026-03-25 09:00:03,Лист рессор 48112-3B550 DYNA/TOYOACE BU7#/8#/9# 87-95 подкоренной front SKV,30,1435,SKV,48112-3B550,Москва
2026-03-25 09:00:03,Лист рессор 48201-3V140A DYNA/TOYOACE BU4##/XZU4## 99- корен rear (2 вт 25-31-68) SKV,2,3246,SKV,48201-3V140-A,Москва
2026-03-25 09:00:03,Лист рессор 48212-E0110 18x70 HINO 500 подкоренной rear SKV,8,3804,SKV,48212-E0110,Москва
2026-03-25 09:00:03,Лист рессор 48213-3V630 /MSF53/ MC090645 FUSO/HINO 300 /UD 5Т третий лист с хом. RR SKV,8,2372,SKV,MC090645,Москва
2026-03-25 09:00:03,Лист рессор 54112-5K500 10*70 HD45/HD65/HD72/HD78/MIGHTY/HD35/75 04~ подкоренной front SKV,144,2287,SKV,54112-5K500,Москва
2026-03-25 09:00:03,Лист рессор 54113-5K500 10*70 HD45/HD65/HD72/HD78/MIGHTY/HD35/75 04~ 3-й лист front SKV,42,1773,SKV,54113-5K500,Москва
2026-03-25 09:00:03,Лист рессор 55111-5A300 11*70 HYUNDAI County 04~ корен rear (2 обич + 2 сайл) SKV,16,5213,SKV,55111-5A300,Москва
2026-03-25 09:00:03,Лист рессор 55112-5K500 11*70 HD45/65/72/78/MIGHTY 04~ подкоренной rear SKV,291,2346,SKV,55112-5K500,Москва
2026-03-25 09:00:03,Лист рессор 55113-5K500 11*70 HD45/65/72/78/MIGHTY 04~ 3-й лист rear SKV,31,1691,SKV,55113-5K500,Москва
2026-03-25 09:00:03,Лист рессор 8-70-1200H SKV,14,1403,SKV,8-70-1200H,Москва
2026-03-25 09:00:03,Лист рессор 8-70-1500 (без ЦО) SKV,4,1679,SKV,8-70-1500,Москва
2026-03-25 09:00:03,Лист рессор 8-97084-637-2 / 8-97084-639-0 70*13 Isuzu NQR 1375мм подкоренной rear SKV,17,2783,SKV,8-97084-637-2,Москва
2026-03-25 09:00:03,Лист рессор 8-97084-639-0 70*12 Isuzu ELF NPR подкоренной rear L=1254mm SKV,62,3304,SKV,8-97084-639-0,Москва
2026-03-25 09:00:03,Лист рессор 8-97130-493-0 Isuzu ELF NPR/NQR 93 кор rear 70*12 (сайл D=18/D=16)L=1352 SKV,4,4098,SKV,8-97130-493-0,Москва
2026-03-25 09:00:03,Лист рессор 8-97130-494-0 Isuzu ELF NPR/NQR 93~ подкоренной rear 70*13 L=1362mm SKV,40,2357,SKV,8-97130-494-0,Москва
2026-03-25 09:00:03,Лист рессор 8-97133-074-0 Isuzu ELF NPR/NQR 93~ коренной front 70*10 (сайлентблоки) SKV,1,4342,SKV,8-97133-074-0,Москва
2026-03-25 09:00:03,Лист рессор 8-97133-075-0 Isuzu ELF NPR/NQR 93~ подкоренной front 70*10 L=1300mm SKV,145,2236,SKV,8-97133-075-0,Москва
2026-03-25 09:00:03,"Лист рессор 8-98044-390-0 11*70 Isuzu NLR/NMR55/85 08~ корeн. rear (сайл.42*16, обич.43*40) SKV",1,3430,SKV,8-98044-390-0,Москва
2026-03-25 09:00:03,Лист рессор 8-98044-391-0 11*70 Isuzu NLR/NMR55/85 08~ подкоренной rear (с хомутами) SKV,44,2266,SKV,8-98044-391-0,Москва
2026-03-25 09:00:03,Лист рессор 8-98051-978-0 Isuzu FVR34 коренной Rear (втулка 32*38*98) 13*100 SKV,46,5247,SKV,8-98051-978-0,Москва
2026-03-25 09:00:03,Лист рессор 8-98051-979-0 Isuzu FVR34 подкоренной Rear 13*100 SKV,4,4805,SKV,8-98051-979-0,Москва
2026-03-25 09:00:03,Лист рессор 8-98073-686-0 Isuzu FVR34 коренной front (втулки 32*38*78) 21*80 SKV,1,7661,SKV,8-98073-686-0,Москва
2026-03-25 09:00:03,Лист рессор 8-98073-687-0 Isuzu FVR34 подкоренной front 24*80 SKV,4,7895,SKV,8-98073-687-0,Москва
2026-03-25 09:00:03,Лист рессор 8-98073-688-0 Isuzu FVR34 3-й лист c хомутом front 24*80 SKV,88,8161,SKV,8-98073-688-0,Москва
2026-03-25 09:00:03,Лист рессор 8-98161-622-0 35/18*90 Isuzu CYZ52 2-й лист (подкоренной) rear SKV,15,11555,SKV,8981616220,Москва
2026-03-25 09:00:03,Лист рессор 8-98241-220-0 70*11 Isuzu ELF NPR75 коренной rear (сайлетблоки D=18 D=16) SKV,6,4724,SKV,8-98241-220-0,Москва
2026-03-25 09:00:03,Лист рессор 80-18-10-1100H SKV,2,2913,SKV,80-18-10-1100H,Москва
2026-03-25 09:00:03,Лист рессор 9-70-900H SKV,2,1131,SKV,9-70-900H,Москва
2026-03-25 09:00:03,"Лист рессор 9483201405-1SKV / 33839001 №1 41*100 MB Actros, Actros MP2/MP3, Axor 2 коренной Rear",2,16540,SKV,9483201405-1,Москва
2026-03-25 09:00:03,"Лист рессор 9483201405-2 / 33839002 №2 41*100 MB Actros, Actros MP2/MP3, Axor 2 подкоренной Rea SKV",3,11482,SKV,9483201405-2,Москва
2026-03-25 09:00:03,Лист рессор D-125878 / 55100-Y3A10-2 подкоренной rear JAC N350 Дизель,2,9827,Дизель,D-125878,Москва
2026-03-25 09:00:03,Лист рессор D-129273 / 2902201-371 L=1635 18*90 коренной front FAW Дизель,1,5635,Дизель,D-129273,Москва
2026-03-25 09:00:03,Лист рессор D-129274 / 2902202-453 L=1590 16*90 подкоренной front FAW Дизель,1,4346,Дизель,D-129274,Москва
2026-03-25 09:00:03,Лист рессор HSF112 / 48101-4270 14*90 Hino 10t коренной front (2 втулки 30*42) SKV,2,6219,SKV,48101-4270,Москва
2026-03-25 09:00:03,Лист рессор HSF118 / 48101-4271 Hino 10t 90*14 коренной front (2 втулки 30*38) SKV,3,5895,SKV,48101-4271,Москва
2026-03-25 09:00:03,Лист рессор HSF12 / 48112-3251 14*90 Hino 10t подкоренной front SKV,9,4896,SKV,48112-3251,Москва
2026-03-25 09:00:03,Лист рессор HSF31 / 48101-3V420 10*70 Hino 300 коренной front (2 втулки 25-31-68) SKV,1,2741,SKV,48101-3V420,Москва
2026-03-25 09:00:03,"Лист рессор HSF51 / 48101-4080SKV 11х60х70 Hino 5t коренной front, 2 втулки 25-31-68 SKV",3,3708,SKV,48101-4080SKV,Москва
2026-03-25 09:00:03,Лист рессор HSF52 / 48112-4741 11*70 Hino 5t подкоренной front Ychen,1,2686,Ychen,48112-4741,Москва
2026-03-25 09:00:03,Лист рессор HSF52 /48112-4741 Hino 5t подкоренной front 11*70*1350 SKV,48,2864,SKV,48112-4741,Москва
2026-03-25 09:00:03,Лист рессор HSR11 / 48201-4490 Hino 10t коренной rear (втулка 38-50-88) SKV,8,5008,SKV,48201-4490,Москва
2026-03-25 09:00:03,Лист рессор HSR31 / 48201-3V630 11х70 Hino 300 коренной rear (2 втулки 25-31-68) SKV,5,2783,SKV,48201-3V630,Москва
2026-03-25 09:00:03,Лист рессор HSR32 / 48212-3V630 11х70 Hino 300 подкоренной rear SKV,15,1765,SKV,48212-3V630,Москва
2026-03-25 09:00:03,Лист рессор HSR51 / 48201-3060 11х70 Hino 5t коренной rear (втулка 30-36-68) SKV,16,3340,SKV,48201-3060,Москва
2026-03-25 09:00:03,Лист рессор HSR51 / 48201-3060-13 13х70 Hino 5t коренной rear (втулка 30-36-68) SKV,42,3591,SKV,48201-3060-13,Москва
2026-03-25 09:00:03,Лист рессор HSR52 / 48212-4810 13х70 Hino 5t подкоренной rear SKV,1,3142,SKV,48212-4810,Москва
2026-03-25 09:00:03,Лист рессор ISF01 8-97084-827-0 Isuzu Elf NPR коренной front (сайлетблоки) SKV,2,2864,SKV,8-97084-827-0,Москва
2026-03-25 09:00:03,Лист рессор MB391277 Canter 2t подкор. 15*70 с пер. толщ. rear SKV,2,2995,SKV,MB391277,Москва
2026-03-25 09:00:03,Лист рессор MB391393 Canter 2t корен. 15*70 с перем. тощ. rear (2 втулки 28-34-68) SKV,2,4215,SKV,MB391393,Москва
2026-03-25 09:00:03,Лист рессор MC091214-V 15х70 Canter третий лист с пер. толщ. SKV,36,2727,SKV,MC091214-V,Москва
2026-03-25 09:00:03,Лист рессор MC114662 Canter 2t коренной 11*70*1250 rear (обич.) SKV,46,3162,SKV,MC114662,Москва
2026-03-25 09:00:03,Лист рессор MC114663 Canter 2t подкоренной 11*70*1260 rear SKV,72,2763,SKV,MC114663,Москва
2026-03-25 09:00:03,Лист рессор MC120891 Canter коренной front (обич.) SKV,66,2828,SKV,MC120891,Москва
2026-03-25 09:00:03,Лист рессор MC120892 MPF2 №02 10*70 Canter подкоренной rear SKV,38,2763,SKV,MC120892,Москва
2026-03-25 09:00:03,Лист рессор MK305772 14*70 FUSO CANTER подкоренной rear SKV,39,3286,SKV,MK305772,Москва
2026-03-25 09:00:03,Лист рессор MK470962 11*70 FUSO CANTER подкоренной front SKV,17,2328,SKV,MK470962,Москва
2026-03-25 09:00:03,Лист рессор MSF118 / MK311007 14*90 Fuso 10t коренной front (2 вт 32-38-88) SKV,8,6309,SKV,MK311007,Москва
2026-03-25 09:00:03,Лист рессор MSF51 / MC091087 Fuso 5t/HD120 коренной 11*70 front (2 втулки 28-34-68) SKV,25,2784,SKV,MC091087,Москва
2026-03-25 09:00:03,Лист рессор MSF51V / МC091087-V Fuso 5t коренной с перем. толщ. front (2 втулки 28-34-68) SKV,2,4250,SKV,MC091087-V,Москва
2026-03-25 09:00:03,Лист рессор MSF52 / MC091088 Fuso 5t/HD120 подкоренной 13*70 front SKV,12,3247,SKV,MC091088,Москва
2026-03-25 09:00:03,Лист рессор MSF52V / MC091088-V Fuso 5t подкоренной с перем. толщ. front SKV,30,3788,SKV,MC091088-V,Москва
2026-03-25 09:00:03,Лист рессор MSR51 / MK315117 / MC412186 Fuso 5t/HD120 коренной 13*70 rear (2 втулки 28-34-68) SKV,41,3794,SKV,MC412186,Москва
2026-03-25 09:00:03,Лист рессор MSR51V/MK315117-V/MC412186-V Fuso 5t кор.с перем. толщ. rear 2 вт. 28-34-68 SKV,6,3619,SKV,MC412186-V,Москва
2026-03-25 09:00:03,Лист рессор MSR52 / MK315620 Fuso 5t/HD120 подкоренной 13*70 rear SKV,67,2606,SKV,MK315620,Москва
2026-03-25 09:00:03,Лист рессор №1 1547824-1SKV / 90199001 30*90 Scania R-Series 04~ Rear SKV,3,9141,SKV,1547824-1,Москва
2026-03-25 09:00:03,Лист рессор NSF2V №2 / 55022-06D10 14*8*70 N-Atlas H41 подкоренной rear SKV,4,2634,SKV,55022-06D10,Москва
2026-03-25 09:00:03,Лист рессор S481-016330 18*70 HINO 500 коренной front (втулки 25-31-68) SKV,64,5250,SKV,S481-016330,Москва
2026-03-25 09:00:03,Лист рессор S481-127090 20*70 HINO 500 подкоренной front SKV,23,4901,SKV,S481-127090,Москва
2026-03-25 09:00:03,Лист рессор S4810-13800 12x90 HINO 700 коренной Front (втулки 30*38*88) SKV,2,4712,SKV,S4810-13800,Москва
2026-03-25 09:00:03,Лист рессор USF11/ 54010-Z3007F 12*90 N.-Diesel 10t корен. front (2 вт 30-36-88) SKV,1,4389,SKV,54010-Z3007F N1,Москва
2026-03-25 09:00:03,Лист рессор USF12 / 54010-Z3007F2 12*90 N.-Diesel 10t подкоренной front SKV !,2,4389,SKV,54010-Z3007F N2,Москва
2026-03-25 09:00:03,Лист рессор W023-28-011 Mazda коренной rear (сайлетблоки) SKV,1,2988,SKV,W023-28-011,Москва
2026-03-25 09:00:03,Лист рессор А091-2902101-01 Богдан коренной front (сайлетблоки) SKV,4,4257,SKV,A091-2902101-01,Москва
2026-03-25 09:00:03,Лист рессор А091-2902102-01 Богдан подкоренной front SKV,1,2122,SKV,A091-2902102-01,Москва
2026-03-25 09:00:03,Лист рессоры D-127670 / 2902012E5310XZ передней подкоренной JAC N90 Дизель,1,5748,Дизель,D-127670,Москва
2026-03-25 09:00:03,Лист рессоры D-127672 / 2912012LE058 подкоренной JAC N90 Дизель,1,6992,Дизель,D-127672,Москва
2026-03-25 09:00:03,Лист рессоры D-128372 / WG9725522281+001/1 коренной SITRAK Дизель,5,6008,Дизель,D-128372,Москва
2026-03-25 09:00:03,Лист рессоры D-128373 / WG9725522281+002/1 подкоренной SITRAK Дизель,1,6008,Дизель,D-128373,Москва
2026-03-25 09:00:03,Лист рессоры D-128688 / 2912201-260 задней коренной L=1585 22х90 FAW Дизель,1,4371,Дизель,D-128688,Москва
2026-03-25 09:00:03,Лист рессоры D-128774 / 8-98161-612-0 / ISF10VF Front №3 C-series Дизель,2,9981,Дизель,D-128774,Москва
2026-03-25 09:00:03,Личинка замка двери с ключом лев 8-98201-344-0/8-98055-150-0 NPR75/NQR90/NLR/NNR85/FSR90 ORIG,3,2391,Isuzu,8982013440,Москва
2026-03-25 09:00:03,Личинка замка левой двери 8-97095-685-2 ORIG,1,2334,Isuzu,8-97095-685-2,Москва
2026-03-25 09:00:03,Личинка замка правой двери 8-97095-684-2 ORIG,1,2717,Isuzu,8-97095-684-2,Москва
2026-03-25 09:00:03,Лопатки вакуумного насоса 8-98051-275-0 4JJ1 N-series ORIG,1,1710,Isuzu,8-98051-275-0,Москва
2026-03-25 09:00:03,Манжет 44124-17С10 Nissan,2,135,JMC,44124-17С10,Москва
2026-03-25 09:00:03,Манжет WC-41002 SC50283R FC-... --- (X)+ 47.5mm MIYACO,2,92,MIYACO,41124-90004,Москва
2026-03-25 09:00:03,Манжет Т.Ц. 1-47819-030-0 / 1-31829-003-0 / 1310-0017,2,55,JMC,1-47819-030-0,Москва
2026-03-25 09:00:03,Манжет Т.Ц. SC20133R/SC20103R/SC1144/SC1499 WC-41010 FC-... 1416-26-671 (X)~ 1'' (,2,127,Seiken,SC20133R,Москва
2026-03-25 09:00:03,Манжет Т.Ц. SC20183R,2,53,JMC,SC20183R,Москва
2026-03-25 09:00:03,Манжет Т.Ц. SC40553R/SC41483R/SC80623R 90947-01195,2,47,JMC,SC40553R,Москва
2026-03-25 09:00:03,Манжет Т.Ц. SC41533R,2,42,JMC,SC41533R,Москва
2026-03-25 09:00:03,Манжет Т.Ц. SC81313R,2,42,JMC,SC81313R,Москва
2026-03-25 09:00:03,Манжет Т.Ц. SD30663R,2,50,JMC,SD30663R,Москва
2026-03-25 09:00:03,Манжет Т.Ц. SD40202R,2,67,JMC,SD40202R,Москва
2026-03-25 09:00:03,Манжета шкворня 2476014 Iveco / Europart !,4,1197,Europart,2476014,Москва
2026-03-25 09:00:03,Масленка 1-43159-133-0 ORIG,92,180,Isuzu,1-43159-133-0,Москва
2026-03-25 09:00:03,Масленка 1/8 прямая универсальная 0-90301-410-0 FVR34/CYZ51 ORIG,1,144,Isuzu,0903014100,Москва
2026-03-25 09:00:03,Масленка D-128829 / ST45DEGM12X15 45 DEG M12х1.5 Дизель,21,34,Дизель,D-128829,Москва
2026-03-25 09:00:03,Масленка D-128830 / ST90DEG18 90 DEG 1/8 DEG 9.5mm Дизель,1,28,Дизель,D-128830,Москва
2026-03-25 09:00:03,Масленка D-128919 / MY-007 M10x1 180 Дизель,31,18,Дизель,D-128919,Москва
2026-03-25 09:00:03,Масленка D-128920 / MY-009 M10х1 90 Дизель,50,28,Дизель,D-128920,Москва
2026-03-25 09:00:03,Масленка крестовины вала карданного 49155-45220 HYUNDAI ORIG,3,60,Hyundai-Kia,49155-45220,Москва
2026-03-25 09:00:03,Масленка пальца рессоры 15705-10203 M10*1 Hyundai HD72/78/120 ORIG,42,114,Hyundai-Kia,15705-10203,Москва
2026-03-25 09:00:03,Масленка прямая SK-125 14mm M12*1.5,1,21,JMC,SK-125,Москва
2026-03-25 09:00:03,Масленка рычажная для смазки D-130383 350мл Дизель,1,199,Дизель,D-130383,Москва
2026-03-25 09:00:03,Масленка шкворня 0-90301-510-0 ORIG,8,165,Isuzu,0-90301-510-0,Москва
2026-03-25 09:00:03,Масловлагоотделитель D-127765 / HDS-051 / 44086-1160 DU-5 FUSO Дизель,2,14448,Дизель,D-127765,Москва
2026-03-25 09:00:03,Масловлагоотделитель в сборе D-127874 / HDS-025 / 44830-2990 HINO 01~ FC FD GC GD FG FX GX Дизель,1,9113,Дизель,D-127874,Москва
2026-03-25 09:00:03,Маслоохладитель (теплообменник) 080V05000-7100/-7200 HOWO ORIG,1,22251,Howo,080V05000-7100,Москва
2026-03-25 09:00:03,Маслоохладитель (теплообменник) в сборе 8-98003-790-5 6WG1TQA ORIG,1,109792,Isuzu,8-98003-790-5,Москва
2026-03-25 09:00:03,Маслоохладитель 1010310FD020 JAC N35 ORIG,1,3790,JAC,1010310FD020,Москва
2026-03-25 09:00:03,Маслоохладитель 26420-45007 D4DB/DD HD78/County ORIG,1,27983,Hyundai-Kia,26420-45007,Москва
2026-03-25 09:00:03,Маслосъемные колпачки 01423/22224-35000 Grace,2,127,Hyundai-Kia,22224-35000,Москва
2026-03-25 09:00:03,Маслосъемный колпачок 8-94396-609-2 13.9-8.4-18.5 4HF1/4HJ1/4HG1/4HL1/4HK1/6HH1 ORIG,12,346,Isuzu,8-94396-609-2,Москва
2026-03-25 09:00:03,Маслосъемный колпачок HINO 13719-1020 12.7-8.8-14.5 8PCS/SET W04D/H06C/H07D/K13C Y,1,423,Yamasida,13719-1020,Москва
2026-03-25 09:00:03,Маслосъемный колпачок HINO 13719-1030 15.7-9.4-14.5 8PCS/SET F20C/F21C Y,2,432,Yamasida,13719-1030,Москва
2026-03-25 09:00:03,Маслосъемный колпачок HINO 13719-1200 15.8-9.5-15 8PCS/SET F20C/F21C Y,5,399,Yamasida,13719-1200,Москва
2026-03-25 09:00:03,Маслосъемный колпачок HINO 13719-1340 12.7-8.8-14.5 8PCS/SET K13C Y,2,363,Yamasida,13719-1340,Москва
2026-03-25 09:00:03,Маслосъемный колпачок HINO 13719-1410 15.8-9.5-15 8PCS/SET F20C/EP100 Y,5,413,Yamasida,13719-1410,Москва
2026-03-25 09:00:03,Маслосъемный колпачок ISUZU 1-12569-017-0 13.6-9.8-15 12PCS/SET Y,2,579,Yamasida,1-12569-017-0,Москва
2026-03-25 09:00:03,Маслосъемный колпачок ISUZU 5-12569-001-0 8PCS/SET 4BA1/4BC1/4BC2/4BE1/4BE2/4BD1/4BG1/6BB1 Y,1,532,Yamasida,5-12569-001-0,Москва
2026-03-25 09:00:03,Маслосъемный колпачок ISUZU 5-12569-006-0 8PCS/SET 4JB1/4JG2 Y,1,304,Yamasida,5-12569-006-0,Москва
2026-03-25 09:00:03,Маслосъемный колпачок ISUZU 8-97328-647-0 11.5-6.3-14.3 16PCS/SET 4JJ1 Y,16,894,Yamasida,8-97328-647-0,Москва
2026-03-25 09:00:03,Маслосъемный колпачок MAZDA SE01-10-155A 8PCS/SET VS/TF Y,1,392,Yamasida,SE01-10-155A,Москва
2026-03-25 09:00:03,Маслосъемный колпачок MAZDA SE70-10-155A 8PCS/SET VS/XA/HA/SL/TF Y,2,373,Yamasida,SE70-10-155A,Москва
2026-03-25 09:00:03,Маслосъемный колпачок MMC ME024108 14.9-8.3-13.5 8PCS/SET 6D16/6D17 Y,1,388,Yamasida,ME024108,Москва
2026-03-25 09:00:03,Маслосъемный колпачок MMC ME120154 14.9-9.5-13.5 8PCS/SET 8M20/8M81/8M22/6M70 Y,2,311,Yamasida,ME120154,Москва
2026-03-25 09:00:03,Маслосъемный колпачок MMC ME215092 14.9-8.4-13.5 8PCS/SET 6D16/6D17 Y,2,234,Yamasida,ME215092,Москва
2026-03-25 09:00:03,Маслосъемный колпачок NISSAN 13207-Z5001 13.4-8.5-14.5 8PCS/SET FD35/FD42/ED33/MD92TB Y,2,363,Yamasida,13207-Z5001,Москва
2026-03-25 09:00:03,Маслосъемный колпачок NISSAN 13207-Z5501 13.8-8.3-14.6 8PCS/SET FD35/FD42/ED33/MD92TB Y,2,363,Yamasida,13207-Z5501,Москва
2026-03-25 09:00:03,Маслосъемный колпачок TOYOTA 90913-02079 8PCS/SET 3RZ/2JZ/5A/7A/2TZ Y,2,275,Yamasida,90913-02079,Москва
2026-03-25 09:00:03,Маслосъемный колпачок TOYOTA 90913-02094 8PCS/SET 1HZ/1HDT/1Y/2Y/3Y/5K/7KE/2C/3C Y,9,275,Yamasida,90913-02094,Москва
2026-03-25 09:00:03,Маслосъемный колпачок TOYOTA 90913-02096 11.5-6.6-9.6 12PCS/SET 15B/1HD/1FZ/1BZ Y,10,414,Yamasida,90913-02096,Москва
2026-03-25 09:00:03,Маслосъемный колпачок TOYOTA 90913-02129 8PCS/SET 1GDFTV/2GDFTV Y,3,236,Yamasida,90913-02129,Москва
2026-03-25 09:00:03,Масляная форсунка охлаждения поршня 1002200FD020 JAC N35 ORIG,10,509,JAC,1002200FD020,Москва
2026-03-25 09:00:03,Масляная форсунка охлаждения поршня D-128775 / 8-97213-294-1 / 8-98370-781-0 Дизель,2,339,Дизель,D-128775,Москва
2026-03-25 09:00:03,Масляная форсунка охлаждения поршня D-130353 / 8-98370-779-0 / 8-94399-187-1 Дизель,4,460,Дизель,D-130353,Москва
2026-03-25 09:00:03,Масляная форсунка охлаждения поршня D-130370 / 8-94370-579-1 / 8-98370-780-0 Дизель,11,661,Дизель,D-130370,Москва
2026-03-25 09:00:03,"Масляная форсунка охлаждения поршня D-130371 / 8-98067-162-0 4HK1-T F,N-series Дизель",6,414,Дизель,D-130371,Москва
2026-03-25 09:00:03,Масляная форсунка охлаждения поршня D-130374 / 11418-E0040 Hino E13C Дизель,12,788,Дизель,D-130374,Москва
2026-03-25 09:00:03,Масляная форсунка охлаждения поршня D-130375 / 11418-E0080 Hino J05D/S05C Дизель,7,727,Дизель,D-130375,Москва
2026-03-25 09:00:03,Масляная форсунка охлаждения поршня D-130377 / 11418-E0100 Hino A05C Дизель,4,1296,Дизель,D-130377,Москва
2026-03-25 09:00:03,Масляная форсунка охлаждения поршня D-130378 / S110B-E0010 Hino 300 E-3/4 Дизель,10,690,Дизель,D-130378,Москва
2026-03-25 09:00:03,Масляная форсунка пром. вала КПП 8-98202-402-0 / 8-98007-741-0 / 8-98309-860-0 4HK1 MZW6P F-series ISUZU ORIG,2,351,Isuzu,8-98309-860-0,Москва
2026-03-25 09:00:03,Масляный картер A5410102013 Mercedes ориг !,1,88039,Mercedes-Benz,A 541 010 20 13,Москва
2026-03-25 09:00:03,Маховик 612650020010 JAC N350 WP10 E-5 ORIG,1,11456,JAC,612650020010,Москва
2026-03-25 09:00:03,Маховик D-125110 / 8-97602-463-2 6HK1-T Евро-4 ISUZU FVR34 Дизель,5,13790,Дизель,D-125110,Москва
2026-03-25 09:00:03,Маховик D-126534 / 201-02301-6104 Sitrak C7H Дизель,2,8825,Дизель,D-126534,Москва
2026-03-25 09:00:03,"Маховик D-126682 / FW-802 /13450-1320 HIN H06CT 350mm*129t*8H*14.5mm14"" Дизель",1,8205,Дизель,D-126682,Москва
2026-03-25 09:00:03,Маховик D-126684 / 8-97366-601-1 / 8-97366-601-0 300mm*8H*138T ISUZU 4HV1/4HL1 Дизель,14,8292,Дизель,D-126684,Москва
2026-03-25 09:00:03,"Маховик D-126685 / FW-601 / ME032692 325mm*129t*6H*15mm13"" MMC 6D14 Дизель",1,8109,Дизель,D-126685,Москва
2026-03-25 09:00:03,"Маховик D-126686 / ME062829 430mm*143t*10H*17mm17"" MMC FW-606 8DC91A 121mm Дизель",2,14267,Дизель,D-126686,Москва
2026-03-25 09:00:03,Маховик D-126743 / 3252549 / 4974333 / 4974334 SHACMAN X3000 M11 Дизель,2,12839,Дизель,D-126743,Москва
2026-03-25 09:00:03,Маховик D-127015 / 8-98148-063-2/0/1 4JJ1 NLR85 NMR85 E4 Дизель,2,9537,Дизель,D-127015,Москва
2026-03-25 09:00:03,Маховик D-127046 / 8-98012-825-2 / 0320989 ISU 4JJ1-T NLR85/NMR85 (E4) Дизель,2,8022,Дизель,D-127046,Москва
2026-03-25 09:00:03,"Маховик D-127321 / FW-804 / 13450-2761 HIN P11C 430mm*137t*9H*17mm17"" Дизель",1,7960,Дизель,D-127321,Москва
2026-03-25 09:00:03,"Маховик D-128136 / FW-605 / ME052658 MMC 6D22 430mm*143t*10H*17mm17"" Дизель",1,12025,Дизель,D-128136,Москва
2026-03-25 09:00:03,"Маховик D-128459 / FW-607 / ME062830 / 062698 MMC 8DC91 430mm*143t*10H*17mm17"" 107mm Дизель",1,11434,Дизель,D-128459,Москва
2026-03-25 09:00:03,"Маховик D-128460 / FW-101 / 12310-97619 / 13450-97773 NIS RF8 430mm*140t*10H*16.5mm17"" Дизель",1,15508,Дизель,D-128460,Москва
2026-03-25 09:00:03,"Маховик D-128831 325mm*129t*6H*13mm*13"" MMC 6D14/6D16 Дизель",1,7726,Дизель,D-128831,Москва
2026-03-25 09:00:03,Маховик D-129803 / 13450-E0L50 N04C 300*129T*8H*Ø70 HINO 300 Дизель,12,7608,Дизель,D-129803,Москва
2026-03-25 09:00:03,"Маховик HIN EM100 / D-129280 380mm*137t*9H*17mm15"" ! Дизель",1,8132,Дизель,D-129280,Москва
2026-03-25 09:00:03,"Маховик ISU 4HF1 central hole 52mm D-129281 / 8-97166-516-0 325mm*138t*8H*16.5mm13"" ! Дизель",1,7384,Дизель,D-129281,Москва
2026-03-25 09:00:03,Маховик ISU 4HK1 FW-433 /8-98056-355-2 350*143*8*16*52 MZW6P FSR90 SKV,1,9407,SKV,8-98056-355-2,Москва
2026-03-25 09:00:03,Маховик 8-97602-463-2 6HK1-T Евро-4 ISUZU FVR34 ISUZU SKV,37,9677,SKV,8-97602-463-2,Москва
2026-03-25 09:00:03,Маховик ДВС 5259641F N80/N120 JAC ORIG,1,26587,JAC,5259641F,Москва
2026-03-25 09:00:03,Механизм запасного колеса 62810-45052 HYUNDAI HD65/72/78 ORIG,1,4103,Hyundai-Kia,62810-45052,Москва
2026-03-25 09:00:03,"Механизм подъема запасного колеса 1-53630-188-3 F,N series ORIG",1,6598,Isuzu,1-53630-188-3,Москва
2026-03-25 09:00:03,Механизм регулировки тормоза 80177C Haldex !,1,7718,Haldex,80177C,Москва
2026-03-25 09:00:03,Механизм стеклоподъемника D-128776 / 1-74418-134-0 Дизель,1,965,Дизель,D-128776,Москва
2026-03-25 09:00:03,Механизм стояночного тормоза 59810-45060 HYUNDAI ORIG,1,8548,Hyundai-Kia,59810-45060,Москва
2026-03-25 09:00:03,Механизм стояночного тормоза D-125881 / C-1701716-00-00 ld308 JAC N56 Дизель,1,5746,Дизель,D-125881,Москва
2026-03-25 09:00:03,Молдинг ветрового стекла верхний 8-98041-651-3/8-98041-651-1 FVR34 ORIG,1,5012,Isuzu,8-98041-651-3,Москва
2026-03-25 09:00:03,Молдинг ветрового стекла верхний D-125724 / 8-98041-651-3 / 8-98041-651-1 FVR34 Дизель,3,2409,Дизель,D-125724,Москва
2026-03-25 09:00:03,Молдинг ветрового стекла верхний D-127156 / 8-98041-651-3 / 8-98041-651-1 FVR34 Дизель,3,894,Дизель,D-127156,Москва
2026-03-25 09:00:03,Молдинг ветрового стекла нижний 8-98222-159-0/8-97519-456-0 FVR34 ORIG,1,5136,Isuzu,8-97519-456-0,Москва
2026-03-25 09:00:03,Молдинг ветрового стекла нижний D-125578 / 8-98222-159-0 / 8-97519-456-0 FVR34 Дизель,2,1585,Дизель,D-125578,Москва
2026-03-25 09:00:03,Молдинг ветрового стекла нижний D-127157 / 8-98222-159-0 / 8-97519-456-0 FVR34 Дизель,2,1465,Дизель,D-127157,Москва
2026-03-25 09:00:03,Молдинг лобового стекла (внешний) 8-97581-624-3 NQR75/NQR71 ORIG,2,4042,Isuzu,8-97581-624-3,Москва
2026-03-25 09:00:03,Молдинг лобового стекла (низ) 8-98083-541-1 NLR85 ORIG,9,4084,Isuzu,8980835411,Москва
2026-03-25 09:00:03,Молдинг лобового стекла нижний D-125340 / 8-98083-542-1 ISUZU NPR75/NQR90 Дизель,7,841,Дизель,D-125340,Москва
2026-03-25 09:00:03,Молдинг лобового стекла нижний D-128079 / 8-98083-542-1 ISUZU NPR75/NQR90 Дизель,3,894,Дизель,D-128079,Москва
2026-03-25 09:00:03,Молдинг лобового стекла(верх) NPR75/NQR90 8-98029-079-1/7-55212-931-0 ORIG,12,4759,Isuzu,8980290791,Москва
2026-03-25 09:00:03,Молдинг лобового стекла(низ) 8-98083-542-1 NPR75/NQR90 ORIG,8,4638,Isuzu,8980835421,Москва
2026-03-25 09:00:03,Монтажный набор для энергоаккумулятора II37099 Knorr-Bremse,1,433,Knorr Bremse,II37099,Москва
2026-03-25 09:00:03,Мотор омывателя 98370-7A000 HYUNDAI HD160/170/260/270/450 ORIG,1,946,Hyundai-Kia,98370-7A000,Москва
2026-03-25 09:00:03,Мотор отопителя салона NISSAN YU 41 8T 90 24V AD-NS03,1,3910,Ootoko,AD-NS03,Москва
2026-03-25 09:00:03,Мотор отопителя/печки 8-98196-563-0 FVR34/FSR90 ORIG,1,18669,Isuzu,8-98196-563-0,Москва
2026-03-25 09:00:03,Мотор отопителя/печки D-126690 / HY-20330 / 5-02725-038-0 24V ISUZU с крыльчаткой FRR/CXZ Дизель,1,2662,Дизель,D-126690,Москва
2026-03-25 09:00:03,Мотор отопителя/печки D-126692 / HY-20328 / MC140940 / 282500-0212 24V MMC CANTER NEW без крыльчатки Дизель,4,2377,Дизель,D-126692,Москва
2026-03-25 09:00:03,Мотор отопителя/печки D-126705 / HY-20332 / 5-02725-058-6 NKR66 24V ISUZU LHD левый руль Дизель,1,3147,Дизель,D-126705,Москва
2026-03-25 09:00:03,Мотор отопителя/печки D-127016 / ME733724 DF073 MITSUBISHI FUSO CANTER 24V Дизель,3,2583,Дизель,D-127016,Москва
2026-03-25 09:00:03,Мотор отопителя/печки D-127217 / AD-IS05 / 8-97085-614-3 / 8-97211-952-0 NKR NHR NHS 12V Дизель,1,2405,Дизель,D-127217,Москва
2026-03-25 09:00:03,Мотор отопителя/печки D-127219 / HY-20331 / 27220-0T100 / MHT102K с крыльчаткой 24V ISUZU Дизель,1,2664,Дизель,D-127219,Москва
2026-03-25 09:00:03,Мотор отопителя/печки D-127220 / AD-MC11 24V MMC FUSO FK330 90~ Дизель !,3,811,Дизель,D-127220,Москва
2026-03-25 09:00:03,Мотор отопителя/печки D-127222 / 27220-0T400 / AD-NS07 60-030 F23 92-12v NISSAN ATLAS Дизель,5,2472,Дизель,D-127222,Москва
2026-03-25 09:00:03,Мотор отопителя/печки D-127223 / AD-NS02 / 27117-30Z00 / CW520 24V NISSAN Дизель,1,2644,Дизель,D-127223,Москва
2026-03-25 09:00:03,Мотор отопителя/печки D-129292 / AD-MC04 / MHT621K 60-101 MMC CANTER 96~ 24V Дизель,3,2510,Дизель,D-129292,Москва
2026-03-25 09:00:03,Мотор отопителя/печки D-129295 / HY-20358 с крыльчаткой MMC CANTER NEW 24V Дизель,8,2345,Дизель,D-129295,Москва
2026-03-25 09:00:03,Мотор отопителя/печки D-129296 / AD-TY04 TOYOTA DYNA 92~ 24V Дизель,5,2186,Дизель,D-129296,Москва
2026-03-25 09:00:03,Мотор отопителя/печки D-129297 / HY-20338 282500-0050 с крыльчаткой 24V Мazda Titan Дизель,3,2377,Дизель,D-129297,Москва
2026-03-25 09:00:03,"Мотор отопителя/печки D-130236 / AD-TY03 без крыльчатки TOYOTA DYNA, HINO300 94~ 24V Дизель",2,2196,Дизель,D-130236,Москва
2026-03-25 09:00:03,Мотор стеклоомывателя D-125884 / 98300-Y5010B-1 JAC N350 Дизель,1,645,Дизель,D-125884,Москва
2026-03-25 09:00:03,Мотор стеклоомывателя D-126538 / 810W26485-6033/2 Sitrak C7H Дизель,1,356,Дизель,D-126538,Москва
2026-03-25 09:00:03,Мотор стеклоочистителя 810W26401-6143 HOWO ORIG,2,2660,Howo,810W26401-6143,Москва
2026-03-25 09:00:03,Мотор стеклоподъемника 98900-5H000 HD72/78 ORIG,3,4853,Hyundai-Kia,98900-5H000,Москва
2026-03-25 09:00:03,Мотор стеклоподъемника D-128138 / 1-74418-176-0 RH ISUZU CYZ52/EXZ51 Дизель,1,2341,Дизель,D-128138,Москва
2026-03-25 09:00:03,Мотор стеклоподъемника левой двери 98800-5H000 HYUNDAI HD65/72/78 ORIG,1,5039,Hyundai-Kia,98800-5H000,Москва
2026-03-25 09:00:03,Мотор стеклоподъемника правой двери D-127159 / 1-74418-161-0 Дизель,1,1940,Дизель,D-127159,Москва
2026-03-25 09:00:03,Мотор стеклоподъемника правый A0008205008 / A0008205208 Mercedes ориг !,1,11971,Mercedes,A 000 820 50 08,Москва
2026-03-25 09:00:03,Муфта вентилятора 25239-48010 HYUNDAI HD78 ORIG,3,9262,Hyundai-Kia,25239-48010,Москва
2026-03-25 09:00:03,Муфта вентилятора 25239-48700 Hyundai HD65/78 ORIG,1,7872,Hyundai-Kia,25239-48700,Москва
2026-03-25 09:00:03,Муфта вентилятора 25239-52022 HYUNDAI HD120 ORIG,1,35192,Hyundai-Kia,25239-52022,Москва
2026-03-25 09:00:03,Муфта вентилятора D-126213 / 16250-1750 / S1625-01750 / 16250-78110/11 E0250 E0251 N04C Дизель,2,5274,Дизель,D-126213,Москва
2026-03-25 09:00:03,Муфта вентилятора D-127127 / 8-97139-299-0 4HF1 4HG1 Дизель,1,3450,Дизель,D-127127,Москва
2026-03-25 09:00:03,Муфта вентилятора D-127128 / 8-94392-262-1 / 8-94394-009-0 6HE1 Дизель,1,5174,Дизель,D-127128,Москва
2026-03-25 09:00:03,Муфта вентилятора D-127160 / 8-98019-743-0 / 8-98158-388-0 4HK1 NPS NPR75 QR90 FSR90 04~ Дизель,1,3947,Дизель,D-127160,Москва
2026-03-25 09:00:03,Муфта вентилятора D-127323 / 8-98024-684-0 / 8-97382-603-0 4JJ1-T NLR85 NMR85 Дизель,1,5568,Дизель,D-127323,Москва
2026-03-25 09:00:03,Муфта вентилятора D-128832 / ME013574 4D33/34/35 Дизель,2,3848,Дизель,D-128832,Москва
2026-03-25 09:00:03,Муфта вентилятора D-128834 / ME035321 / ME075005 / ME075013 6D16/17 Дизель,1,4286,Дизель,D-128834,Москва
2026-03-25 09:00:03,Муфта вентилятора электрическая D-128600 / 612600062253 WP12/WP13 SHACMAN X6000 Дизель,1,20486,Дизель,D-128600,Москва
2026-03-25 09:00:03,Муфта выжимного подшипника C-002 /UCB-002 30501-90020 PM !,1,1535,Paul Master,C-002,Москва
2026-03-25 09:00:03,Муфта выжимного подшипника C-004 / HCB-004 31231-1111 PM,1,1918,Paul Master,HCB-004,Москва
2026-03-25 09:00:03,"Муфта выжимного подшипника C-005 ME675576 FP/FT/FS/FY/FU5# 00,01`~ PM !",2,762,Paul Master,C-005,Москва
2026-03-25 09:00:03,Муфта выжимного подшипника C-006 ME655779 FP415/418 FV415 83-96` PM !,2,762,Paul Master,C-006,Москва
2026-03-25 09:00:03,Муфта выжимного подшипника C-011 ME625365 FK315/16/25 86-90` FK415/16/25/35/515 84-91` PM !,1,1215,Paul Master,C-011,Москва
2026-03-25 09:00:03,Муфта выжимного подшипника M-1605124-A9-01 N75 JAC ORIG,2,1794,JAC,M-1605124-A9-01,Москва
2026-03-25 09:00:03,Муфта выжимного подшипника MK-001 / FCB-001 ME629194 PM,1,2376,Paul Master,FCB-001,Москва
2026-03-25 09:00:03,Муфта выжимного подшипника RP-001 / FCB-002 ME670582 PM,1,2138,Paul Master,FCB-002,Москва
2026-03-25 09:00:03,Муфта КПП 8-98005-296-0 ORIG,1,17453,Isuzu,8980052960,Москва
2026-03-25 09:00:03,"Муфта синхронизатора 1-33262-216-1 КПП C,E series ORIG",2,28966,Isuzu,1-33262-216-1,Москва
2026-03-25 09:00:03,Муфта синхронизатора 2-3 передачи 43361-5H001 HYUNDAI HD65/72 ORIG,1,4512,Hyundai-Kia,43361-5H001,Москва
2026-03-25 09:00:03,Муфта синхронизатора 60531897/154399/A9452626823 Euroricambi !,1,9414,Euroricambi,60.53.1897,Москва
2026-03-25 09:00:03,Муфта синхронизатора Z-1708270-90-00 JAC ORIG,3,9749,JAC,Z-1708270-90-00,Москва
2026-03-25 09:00:03,Муфта синхронизатора КПП 0K850-17235/QW43382-6A340 HYUNDAI HD120 D6DA ORIG,2,4960,Hyundai-Kia,0K850-17235,Москва
2026-03-25 09:00:03,Муфта синхронизатора КПП 3-4 передачи 60530693 /A9452622823 / T15317 Mercedes/Euroricambi !,1,8562,Euroricambi,60.53.0693,Москва
2026-03-25 09:00:03,Муфта синхронизатора КПП 6 передачи в сборе D-125577 / 8-97367-022-0 NPR75/NQR90 Дизель,8,3560,Дизель,D-125577,Москва
2026-03-25 09:00:03,Муфта синхронизатора КПП 6 передачи в сборе D-128554 / 8-97367-022-0 NPR75/NQR90 Дизель,18,2877,Дизель,D-128554,Москва
2026-03-25 09:00:03,Муфта синхронизатора КПП 60531891/A9452626523 / 154388 Mercedes/Euroricambi !,1,9195,Euroricambi,60.53.1891,Москва
2026-03-25 09:00:03,"Муфта сихронизатора КПП 1-33262-229-0/1-33262-231-0 C,E-series ORIG",1,41590,Isuzu,1-33262-229-0,Москва
2026-03-25 09:00:03,Нагревательный элемент осушителя A0005481670 / 4324109322 / 294386/2261107Mercedes !,2,4615,Дизель,A0005481670,Москва
2026-03-25 09:00:03,Накладка (рамка) левой фары 8-97611-531-2/0/1 FVR34 ORIG,8,1515,Isuzu,8976115312,Москва
2026-03-25 09:00:03,Накладка (щиток) левой двери кабины белая наружная 8-97415-345-1 FVR90/FSR34 ORIG,1,8086,Isuzu,8-97415-345-1,Москва
2026-03-25 09:00:03,Накладка бампера 1-71211-284-2 / 1-71211-284-1 ORIG,1,7161,Isuzu,1-71211-284-2,Москва
2026-03-25 09:00:03,Накладка бампера LH D-128162 / WG1664245003 HOWO Дизель,3,710,Дизель,D-128162,Москва
2026-03-25 09:00:03,Накладка бампера верхняя D-126548 / 812W41610-2871 противоскользящая Sitrak C7H Дизель,1,229,Дизель,D-126548,Москва
2026-03-25 09:00:03,Накладка бампера левая D-126541 / 812W41610-0021 Sitrak C7H Дизель,1,911,Дизель,D-126541,Москва
2026-03-25 09:00:03,Накладка бампера левая угловая D-126540 / 812W41610-0227 Sitrak C7H Дизель,1,841,Дизель,D-126540,Москва
2026-03-25 09:00:03,Накладка бампера нижняя D-126549 / 812W41610-2873 противоскользящая Sitrak C7H Дизель,2,416,Дизель,D-126549,Москва
2026-03-25 09:00:03,Накладка бампера переднего верхняя D-126564 / 712W41685-0062 Sitrak C7H Дизель,1,2138,Дизель,D-126564,Москва
2026-03-25 09:00:03,Накладка бампера передняя D-125888 / 86400-Y3B00 JAC N350 Дизель,1,19633,Дизель,D-125888,Москва
2026-03-25 09:00:03,Накладка бампера правая D-126543 / 812W41610-0022 Sitrak C7H Дизель,1,911,Дизель,D-126543,Москва
2026-03-25 09:00:03,Накладка бампера угловая LH D-128778 / 8-98138-789-3 металлическая CYZ52/EXZ52 Дизель,1,4179,Дизель,D-128778,Москва
2026-03-25 09:00:03,Накладка бампера угловая RH D-128779 / 8-98138-788-3 металлическая CYZ52/EXZ52 Дизель,1,4179,Дизель,D-128779,Москва
2026-03-25 09:00:03,Накладка бампера угловая металлическая левая 8-98138-789-3 CYZ52/EXZ52 ORIG,1,4901,Isuzu,8-98138-789-3,Москва
2026-03-25 09:00:03,Накладка бампера центр левая D-126544 / 812W41685-0035 Sitrak C7H Дизель,2,719,Дизель,D-126544,Москва
2026-03-25 09:00:03,Накладка бампера центр правая D-126545 / 812W41685-0036 Sitrak C7H Дизель,2,725,Дизель,D-126545,Москва
2026-03-25 09:00:03,Накладка двери LH D-128780 / 8-98234-067-0 C-series Дизель,2,5745,Дизель,D-128780,Москва
2026-03-25 09:00:03,Накладка двери RH D-128777 / 8-97415-393-1 ISUZU FVR34 Дизель,2,2847,Дизель,D-128777,Москва
2026-03-25 09:00:03,Накладка двери RH D-128781 / 8-98234-066-0 C-series Дизель,2,5745,Дизель,D-128781,Москва
2026-03-25 09:00:03,Накладка двери кабины левая 8-98234-067-0 C-series ORIG,1,11104,Isuzu,8-98234-067-0,Москва
2026-03-25 09:00:03,Накладка двери кабины правая 8-98234-066-0 C-series ORIG,4,10197,Isuzu,8-98234-066-0,Москва
2026-03-25 09:00:03,Накладка двери левая D-126403 / 8-97415-394-1 F-series Дизель,1,4212,Дизель,D-126403,Москва
2026-03-25 09:00:03,Накладка задней двери 5522500U221G-A011 JAC S3 ORIG,2,2043,JAC,5522500U221G-A011,Москва
2026-03-25 09:00:03,Накладка задней тормозной колодки BN04000050-MCPSZ N120 JAC ORIG,115,647,JAC,BN04000050-MCPSZ,Москва
2026-03-25 09:00:03,Накладка зеркала с камерой L D-128330 / 712W63730-0042 SITRAK C7H Дизель,2,2757,Дизель,D-128330,Москва
2026-03-25 09:00:03,Накладка зеркала с камерой R D-128331 / 712W63730-0043 SITRAK C7H Дизель,1,2757,Дизель,D-128331,Москва
2026-03-25 09:00:03,Накладка кабины L MC978787 Fuso Canter TF Е-5 ORIG,4,18850,Mitsubishi,MC978787,Москва
2026-03-25 09:00:03,Накладка кабины боковая L 8-97407-507-2/8-97468-749-0 F-series ORIG,1,5579,Isuzu,8-97468-749-0,Москва
2026-03-25 09:00:03,Накладка кабины боковая L D-128782 / 8-97407-507-2 F-series Дизель,2,1391,Дизель,D-128782,Москва
2026-03-25 09:00:03,Накладка кабины боковая R 8-97407-506-2/8-97468-689-0 F-series ORIG,2,6196,Isuzu,8-97468-689-0,Москва
2026-03-25 09:00:03,Накладка кабины боковая R D-125042 / 8-97407-506-2 F-series Дизель,2,1386,Дизель,D-125042,Москва
2026-03-25 09:00:03,Накладка колодки тормозной D-127675 / 3501B247-105 JAC N120 LE35S Дизель,1,20728,Дизель,D-127675,Москва
2026-03-25 09:00:03,Накладка левой двери (ниж) 6102142LE010 JAC N56/75/80/120 ORIG,1,643,JAC,6102142LE010,Москва
2026-03-25 09:00:03,Накладка на бампер верхняя левая 8-97611-543-0 FVR34 ORIG,1,835,Isuzu,8-97611-543-0,Москва
2026-03-25 09:00:03,Накладка облицовки противотуманной фары правая 2803214U1510 JAC S5 ORIG,1,234,JAC,2803214U1510,Москва
2026-03-25 09:00:03,Накладка переднего бампера 2803114U221G S3 JAC ORIG,3,821,JAC,2803114U221G,Москва
2026-03-25 09:00:03,Накладка переднего бампера L MK618522 Fuso Canter TF E-5 ORIG,2,11534,Mitsubishi,MK618522,Москва
2026-03-25 09:00:03,Накладка переднего бампера левая (низ) 8-98139-107-2 CYZ/CYH/EXR/EXZ ORIG,1,378,Isuzu,8-98139-107-2,Москва
2026-03-25 09:00:03,Накладка переднего бампера правая (верх) 8-98139-102-1 CYZ/CYH/EXR/EXZ ORIG,1,378,Isuzu,8-98139-102-1,Москва
2026-03-25 09:00:03,Накладка переднего бампера правая (низ) 8-98139-106-2 CYZ/CYH/EXR/EXZ ORIG,1,378,Isuzu,8-98139-106-2,Москва
2026-03-25 09:00:03,Накладка передней тормозной колодки 3501105C10QZ-TBK (1шт) J120 JAC ORIG,188,710,JAC,3501105C10QZ-TBK,Москва
2026-03-25 09:00:03,"Накладка подножки L D-129016 / WG1664245011 Sitrak, Howo Дизель",1,749,Дизель,D-129016,Москва
2026-03-25 09:00:03,"Накладка подножки R D-129017 / WG1664245012 Sitrak, Howo Дизель",1,749,Дизель,D-129017,Москва
2026-03-25 09:00:03,Накладка подножки кузова LH 86910-5K000 HD65/72/78 ORIG,2,4585,Hyundai-Kia,86910-5K000,Москва
2026-03-25 09:00:03,Накладка подножки правая D-125911 / 8405020G12A0 JAC N350 Дизель,1,3491,Дизель,D-125911,Москва
2026-03-25 09:00:03,Накладка порога правая 83185-5H001-AQ HYUNDAI HD65/72/78 ORIG,28,795,Hyundai-Kia,83185-5H001,Москва
2026-03-25 09:00:03,Накладка порога правой двери D-124998 / 8-97405-389-1 N-series Дизель,2,1150,Дизель,D-124998,Москва
2026-03-25 09:00:03,"Накладка солнцезащиного козырька L 8-97408-029-0 F,N-series ORIG",1,401,Isuzu,8-97408-029-0,Москва
2026-03-25 09:00:03,Накладка торм колодки (на колесо) AK35013245GJH+AK35013235GJH JAC N350 (NON-GENUINE)дефект,1,3037,Дизель,AK35013245GJH,Москва
2026-03-25 09:00:03,"Накладка тормозная (к-т на ось) D-126034 / T320-1104 Canter / Titan 320-120 x 11,0-307 Дизель",9,1787,Дизель,D-126034,Москва
2026-03-25 09:00:03,Накладка тормозная (к-т на ось) D-126178 / T420-1900 / Z4206-1900 190х15.8х184 MMC/Fuso Дизель,6,4786,Дизель,D-126178,Москва
2026-03-25 09:00:03,Накладка тормозная (к-т на ось) D-126179 / T410-2205 / MC832472 / MC895872 / 6205R 220х15.5-192 FV515 Дизель,2,6016,Дизель,D-126179,Москва
2026-03-25 09:00:03,Накладка тормозная (к-т на ось) D-126181 / T410-2202 / 44066-90600 220*15.5-192 6*20 AF320 NISSAN CB46 Дизель,1,5533,Дизель,D-126181,Москва
2026-03-25 09:00:03,Накладка тормозная (к-т на ось) D-126182 / T410-1801 / 1-88302-879-0 180*15.8-191 4401 Isuzu 51K Дизель,2,5247,Дизель,D-126182,Москва
2026-03-25 09:00:03,Накладка тормозная (к-т на ось) D-126183 / T410-1501 / MC832450 / MC895585 / 6501F 150х15.5-192 Дизель,2,5066,Дизель,D-126183,Москва
2026-03-25 09:00:03,Накладка тормозная (к-т на ось) D-126185 / T410-1400 / 1-88302-855-0 140*15.8-191 4401 Isuzu 51K Дизель,4,4490,Дизель,D-126185,Москва
2026-03-25 09:00:03,Накладка тормозная (к-т на ось) D-126188 / T400-1200 / Z4006-1200 / AL-6200F Дизель,7,3475,Дизель,D-126188,Москва
2026-03-25 09:00:03,Накладка тормозная (к-т на ось) D-126192 / T320-758A / Z3206-758 205K Mitsubishi Canter Дизель,1,1397,Дизель,D-126192,Москва
2026-03-25 09:00:03,Накладка тормозная (к-т на ось) D-126193 / T320-1451 / 47443-2791 6*12 8451R HINO Дизель,2,3042,Дизель,D-126193,Москва
2026-03-25 09:00:03,Накладка тормозная (к-т на ось) D-126195 / T320-1400 / MC869158 140*11.5-143 6*12 AF4062 MITSUBISHI FK 415 Дизель,7,2548,Дизель,D-126195,Москва
2026-03-25 09:00:03,Накладка тормозная (к-т на ось) D-126201 / T3201201 / 1-47125-339-0 120х12.8-308 Isuzu FSR113 Дизель,8,2438,Дизель,D-126201,Москва
2026-03-25 09:00:03,Накладка тормозная (к-т на ось) D-126202 / T320-1151 / 44066-Z5828 1151х11.5-143 6х12 MITSUBISHI FK 102 Дизель,3,1896,Дизель,D-126202,Москва
2026-03-25 09:00:03,Накладка тормозная (к-т на ось) D-126204 / T320-1101 / MC895080 6*12 MITSUBISHI FK 102 Дизель,1,1987,Дизель,D-126204,Москва
2026-03-25 09:00:03,Накладка тормозная (к-т на ось) D-127019 / T410-2208 / Z4104-2208 / 1-88310-775-0 с заклепками HINO Дизель,1,7313,Дизель,D-127019,Москва
2026-03-25 09:00:03,Накладка тормозная (к-т на ось) D-127163 / T410-1800 / 44066-90315 180*17.8-197 NISSAN Дизель,2,5494,Дизель,D-127163,Москва
2026-03-25 09:00:03,Накладка тормозная (к-т на ось) D-127515 / T300-751A / 5-87870-017-0 75*7.7-281 Isuzu Дизель,3,1001,Дизель,D-127515,Москва
2026-03-25 09:00:03,Накладка тормозная (к-т на ось) D-127518 / T410-1785 / Z4108-1785 полуприцепы Корея Дизель,4,5966,Дизель,D-127518,Москва
2026-03-25 09:00:03,Накладка тормозная (к-т на ось) D-127519 / Z4068-2295 HINO 500 зад. E-5 Дизель,6,5712,Дизель,D-127519,Москва
2026-03-25 09:00:03,Накладка тормозная (к-т на ось) D-127530 / T370-1200 / Z3708-1200 / AL-4200 Дизель,6,3080,Дизель,D-127530,Москва
2026-03-25 09:00:03,Накладка тормозная (к-т на ось) D-129301 / T410-1600 Z4104-1600 160*16.0*207/191 ISUZU Дизель,6,5314,Дизель,D-129301,Москва
2026-03-25 09:00:03,Накладка тормозная (к-т на ось) D-126205 / T320-1100 / 1-47125-035-0 110*11.8-310 Isuzu FSR113 Дизель,1,2335,Дизель,D-126205,Москва
2026-03-25 09:00:03,Накладка тормозная (штучно) 3502.36G-105JAC ORIG,2,950,JAC,3502.36G-105,Москва
2026-03-25 09:00:03,Накладка тормозная (к-т на ось) D-126186 / T406-2030 / 47441-1670 203*15.3-195 6*16/AF248 HINO ZM440 Дизель,8,5951,Дизель,D-126186,Москва
2026-03-25 09:00:03,Накладка тормозная D-126187 / T406-1270 / 47441-5670 127*15.3-195 8270F (к-т на ось) HINO ZM440 Дизель,1,4081,Дизель,D-126187,Москва
2026-03-25 09:00:03,Накладка тормозная (к-т на ось) D-126191 / T320-950 / Z3201- 950 NISSAN DIESEL CONDOR CL80/CM87/CP88/MK120 Дизель,4,1674,Дизель,D-126191,Москва
2026-03-25 09:00:03,Накладка тормозная D-126196 / T320-1350 / 44066-Z5273 135*11.5-143 6*12 AF327 (к-т на ось) NISSAN Дизель,3,2465,Дизель,D-126196,Москва
2026-03-25 09:00:03,Накладка тормозная D-126197 / T320-1300 / 44066Z5626 к-т на ось 130*11.5-143 6*12 AF325 MMC Дизель,6,2082,Дизель,D-126197,Москва
2026-03-25 09:00:03,Накладка тормозная D-126199 / T320-1207 / 5878316920 F/R 120*11*331/308 Богдан NPR/NQR75/71 Дизель,7,2221,Дизель,D-126199,Москва
2026-03-25 09:00:03,Накладка тормозная D-126208 / 58342-7J500 Hyundai с104pcs заклепками (8шт в к-те) HD160-450 Дизель,1,2323,Дизель,D-126208,Москва
2026-03-25 09:00:03,"Накладка тормозная D-127017 / K1L07A / 58305-45A61 110mm 4шт, без заклепок FR/RR HD78 Fuso Дизель",6,2851,Дизель,D-127017,Москва
2026-03-25 09:00:03,Накладка тормозная D-127021 / Т410-1601 / 1-88311-314-0 (8 шт в компл) CYZ51/CYZ52/FVR Дизель,8,4808,Дизель,D-127021,Москва
2026-03-25 09:00:03,Накладка тормозная (к-т на ось) D-127388 / T410-2004 / Z4104-2004 / 1-88310-513-2/1/0 200х16.0х207/191 Дизель,2,4276,Дизель,D-127388,Москва
2026-03-25 09:00:03,Накладка тормозная D-127514 / K1L07A / 58305-45A61 110mm к-т 4шт с заклепками (56 шт) Fuso Дизель,2,1802,Дизель,D-127514,Москва
2026-03-25 09:00:03,Накладка тормозная (к-т на ось) D-127529 / T320-755A / 5-88300-002-0 / AL-4755A 75*9.6-291 NKR66/NPR66 Дизель,5,1580,Дизель,D-127529,Москва
2026-03-25 09:00:03,Накладка тормозная (к-т на ось) D-127531 / T410-1804 / Z4101-1804 / 41039-00Z03 NISSAN DIESEL/CONDOR Дизель,4,4850,Дизель,D-127531,Москва
2026-03-25 09:00:03,Накладка тормозная D-129302 / T410-2000 / MC809770 / MC895697 к-т на ось 200*15.5-191 6200R MMC T850 Дизель,6,7104,Дизель,D-129302,Москва
2026-03-25 09:00:03,Накладка тормозная D-129303 / HR400 220 48 / 44066-90166 8шт Uza Дизель !,5,2921,Дизель,D-129303,Москва
2026-03-25 09:00:03,"Накладка тормозная D-130716 / 1535249 / BL2102 (4шт) STD 203*8"" Scania Дизель",8,1760,Дизель,D-130716,Москва
2026-03-25 09:00:03,"Накладка тормозная D-130717 / 1535250 / BL2103 (4шт) STD 254*10"" Scania Дизель",4,1932,Дизель,D-130717,Москва
2026-03-25 09:00:03,"Накладка тормозная (к-т на ось) T320-1250 / Z3208-1250 HINO PROFIA FW/KK/SD, HINO RANGER FC/FD/FT/GD/KD 89-90",8,2195,Дизель,D-126198,Москва
2026-03-25 09:00:03,Накладка тормозная задние D-127520 / T3701501/2 / Z37061501/2 150*15.0/14.0*185/171 Hino500 Дизель,2,3914,Дизель,D-127520,Москва
2026-03-25 09:00:03,Накладка тормозная задняя D-128426 / DZ9112340063 175х220 8отв. SHACMAN Дизель,16,243,Дизель,D-128426,Москва
2026-03-25 09:00:03,Накладка тормозная задняя D-128427 / DZ9112340062 217х220 10отв. SHACMAN Дизель,8,243,Дизель,D-128427,Москва
2026-03-25 09:00:03,"Накладка тормозная (к-т на ось) D-127525 / T410-1790/91/80/81 / Z4104-1790 178х14,5х210/194 прицеп Дизель",10,4396,Дизель,D-127525,Москва
2026-03-25 09:00:03,Накладка тормозная передняя 3501407C242/A FAW J6 дефект,1,185,Дизель,3501407C242/A,Москва
2026-03-25 09:00:03,Накладка тормозная передняя D-126874 / 3501407C242/A FAW J6 Дизель,5,312,Дизель,D-126874,Москва
2026-03-25 09:00:03,"Накладка тормозная передняя-задняя (2) H=220 mm, L=181, 13отв - HI-Q / 583427J500 / L01118-04C(HI-Q), SB606(HI-Q) / HI-Q",2,701,JMC,583427J500,Москва
2026-03-25 09:00:03,"Накладка тормозной колодки передней, верхняя D-125889 / AK35013235GJH JAC N350 Дизель",31,331,Дизель,D-125889,Москва
2026-03-25 09:00:03,"Накладка тормозной колодки передней, нижняя D-125890 / AK35013225GJH JAC N350 Дизель",29,331,Дизель,D-125890,Москва
2026-03-25 09:00:03,Накладка угловая D-125891 / 5302020LE090 JAC N56 Дизель,4,889,Дизель,D-125891,Москва
2026-03-25 09:00:03,Накладка угловая D-125892 / 5302100LE090 JAC N56/75/80/120 Дизель,1,2421,Дизель,D-125892,Москва
2026-03-25 09:00:03,Накладка угловая D-126875 / 5302030LE090 JAC N56 Дизель,3,889,Дизель,D-126875,Москва
2026-03-25 09:00:03,Накладка угловая левая в сборе 5302100LE090-WV JAC N56/75/80/90/120 ORIG,1,1940,JAC,5302100LE090-WV,Москва
2026-03-25 09:00:03,Накладки торм. (к-т на ось) T410-1790/91/80/81/Z4104-1790/178*14.5*210/194 прицеп,1,2159,JMC,T410-1790,Москва
2026-03-25 09:00:03,Накладки торм. (штучно) WG9100440027 Howo,8,117,Howo,WG9100440027,Москва
2026-03-25 09:00:03,Накладки тормозные (к-т на ось) 195530010110/65212900N00A8R Iveco,1,13035,JMC,19553,Москва
2026-03-25 09:00:03,Накладки тормозные (к-т на ось) 2992113 / 65212500N00A8R / 19555 LUMAG,3,9613,JMC,2992113,Москва
2026-03-25 09:00:03,Накладки тормозные (к-т на ось) 2992123 / 65212800N00A8R / 19556 FOMAR !,3,3107,Lumag,19555,Москва
2026-03-25 09:00:03,Накладки тормозные (к-т на ось) AC2126-STD/A6594234010 Mercedes/Techno Brake !,6,3326,Technobrake,AC2126 STD,Москва
2026-03-25 09:00:03,Накладки тормозные (к-т на ось) D-127517 / T406-1650/1600 / Z4068-1650/1600 Hino FR#/FS# 226 Дизель,1,5023,Дизель,D-127517,Москва
2026-03-25 09:00:03,"Накладки тормозные (к-т на ось) D-127527 / A6594233810 / 81502216103 18.8 mm rear, Mercedes ! Дизель",6,3245,Дизель,D-127527,Москва
2026-03-25 09:00:03,"Накладки тормозные (к-т на ось) D-128061 / T410-1750 / Z4106-1750 175*15,5-192(410) Дизель",4,6213,Дизель,D-128061,Москва
2026-03-25 09:00:03,Накладки тормозные (на ось) 19177 / 16006016498 Beral !,2,9446,Beral,19177,Москва
2026-03-25 09:00:03,Накладки тормозные (на ось) 19496/A6594233910/19100015608 Mercedes/Techno Brake !,2,5825,Technobrake,19496,Москва
2026-03-25 09:00:03,Накладки тормозные (штучно) AZ9761340103/,3,239,JMC,AZ9761340103,Москва
2026-03-25 09:00:03,"Накладки тормозные 19933. Номинал. Комплект из 4 накладок с заклёпками., (Sonder)(18.002.0049)",5,2933,JMC,18.002.0049,Москва
2026-03-25 09:00:03,Накладки тормозные D-125491 / 1-87610-173-0 / 1-88311-314-0 8шт на ось CYZ51 CYZ52 FVR34 Дизель,18,4158,Дизель,D-125491,Москва
2026-03-25 09:00:03,Накладки тормозные (к-т на ось) D-126176 / T406-2160 / 47441-5350 задние 216х15.3-195 6х16 ML/27/1 HINO700 Дизель,8,6273,Дизель,D-126176,Москва
2026-03-25 09:00:03,Накладки тормозные (к-т на ось) MP32 19495 A6594234010/ 6174231430/A6594232410 AC2126-STD front Mercedes Wva !,6,2672,IBK,WVA19495,Москва
2026-03-25 09:00:03,Накладки тормозные задние (к-т на ось) D-129305 / 11854/2992123 (410*200) Iveco Дизель !,8,1970,Дизель,D-129305,Москва
2026-03-25 09:00:03,Накладки тормозные задние D-126177 / 1-88310-773-1 / 1-88310-773-0 на колесо 4 шт FVR34 Дизель,10,2935,Дизель,D-126177,Москва
2026-03-25 09:00:03,"Накладки тормозные (к-т на ось) A6594233810/A6174230730/A6594233010/19496(18.8mm repair, rear) Mercedes !",8,4227,IBK,WVA19496,Москва
2026-03-25 09:00:03,Накладки тормозные перед/зад (к-т на ось) с заклепками 58144-5MA30 Hyundai HD78 E-5 120мм ORIG,1,16753,Hyundai-Kia,58144-5MA30,Москва
2026-03-25 09:00:03,Накладки тормозные передние (к-т на ось) D-129306 / 11856/2992113 (410*180) Дизель !,4,1660,Дизель,D-129306,Москва
2026-03-25 09:00:03,Накладки тормозные передние D-128591 / 3501407+406C242 2шт/к-т 8+6отв Faw J6 Дизель,11,402,Дизель,D-128591,Москва
2026-03-25 09:00:03,"Накладки тормозные передние (к-т на ось) D-127521 / T3701201 / Z37061201 / Z37061202 120*15,0/14,0*185 Hino500 Дизель",7,3232,Дизель,D-127521,Москва
2026-03-25 09:00:03,"Наклейка ""BLUETEC"" MK676473 Fuso Canter ORIG",4,1566,Mitsubishi,MK676473,Москва
2026-03-25 09:00:03,Наконечник вентиля подкачки 45 град. (металлич) D-129853 Дизель,2,106,Дизель,D-129853,Москва
2026-03-25 09:00:03,Наконечник вентиля подкачки прямой L=150мм (металлич) D-129307 Дизель,10,152,Дизель,D-129307,Москва
2026-03-25 09:00:03,Наконечник кулисы КПП 1-09760-108-0 8*8 R ORIG,18,1349,Isuzu,1097601080,Москва
2026-03-25 09:00:03,Наконечник кулисы КПП 1-09760-109-0 8*10 ORIG,2,1256,Isuzu,1-09760-109-0,Москва
2026-03-25 09:00:03,Наконечник кулисы КПП 1-09760-125-0 12*10 ORIG,1,1364,Isuzu,1-09760-125-0,Москва
2026-03-25 09:00:03,Наконечник рулевой 91A 8-141/MC812879 L SW,1,3955,Samwoo,8-141,Москва
2026-03-25 09:00:03,Наконечник рулевой D-129308 / 3003025-1H FAW Дизель,5,1229,Дизель,D-129308,Москва
2026-03-25 09:00:03,Наконечник рулевой Nissan 48570-90065 / 30-612-9 R SW !,1,3238,Samwoo,30-612-9,Москва
2026-03-25 09:00:03,Наконечник рулевой R D-126405 / 1-43150-801-0 Дизель,1,2643,Дизель,D-126405,Москва
2026-03-25 09:00:03,Наконечник рулевой RH D-126551 / 3003055-1Н FAW Дизель,2,950,Дизель,D-126551,Москва
2026-03-25 09:00:03,Наконечник рулевой левый 3401110U2212-F011 JAC ORIG,7,1240,JAC,3401110U2212-F011,Москва
2026-03-25 09:00:03,Наконечник рулевой левый D-126876 / 199100430701 Howo/SHAANXI/JAC Дизель,8,788,Дизель,D-126876,Москва
2026-03-25 09:00:03,Наконечник рулевой правый 3401110U2212-F021 JAC ORIG,7,1388,JAC,3401110U2212-F021,Москва
2026-03-25 09:00:03,Наконечник рулевой правый D-126877 / 199100430704 Howo/SHAANXI/JAC Дизель,1,788,Дизель,D-126877,Москва
2026-03-25 09:00:03,Наконечник рулевой тяги 1-43150-439-0 ISUZU CXZ71 86~ 10PC1 SE-5181R CH,1,5157,Chase,1-43150-349-0,Москва
2026-03-25 09:00:03,Наконечник рулевой тяги 56890-5H000 HYUNDAI HD65/72/MIGHTY Ⅱ '98~ LH ORIG,3,2738,Hyundai-Kia,56890-5H000,Москва
2026-03-25 09:00:03,Наконечник рулевой тяги 56890-5K000 HYUNDAI HD65/72/78/120 RH ORIG,4,4653,Hyundai-Kia,56890-5K000,Москва
2026-03-25 09:00:03,Наконечник рулевой тяги D-127164 / 8-97142-100-1 / 8-97222-509-0 / SE-5321R NKR `97~ Дизель,1,621,Дизель,D-127164,Москва
2026-03-25 09:00:03,Наконечник рулевой тяги D-127165 / 8-97222-510-0 / 8-97142-101-1 NKR `97~ Дизель,3,621,Дизель,D-127165,Москва
2026-03-25 09:00:03,Наконечник рулевой тяги HIN 45046-37133 RH Hino 300 E4 CH !,2,3326,Chase,45046-37133,Москва
2026-03-25 09:00:03,Наконечник рулевой тяги HIN 45046-39745 HINO 300 E3/DYNA BU410 '04~ CH,2,3030,Chase,45046-39745,Москва
2026-03-25 09:00:03,Наконечник рулевой тяги HIN 45420-1940/S4542-01940RH HINO FB4#/FB5# 5T Y,3,1379,Yamasida,45420-1940,Москва
2026-03-25 09:00:03,Наконечник рулевой тяги HIN 45420-2631 HINO FC\FD1J-3J`01~`04 Y,4,1527,Yamasida,45420-2631,Москва
2026-03-25 09:00:03,Наконечник рулевой тяги HIN 45430-1940/S4543-01940 LH HINO FB4#/FB5# 5T Y,2,969,Yamasida,45430-1940,Москва
2026-03-25 09:00:03,Наконечник рулевой тяги HIN S4540-E0390 RH HINO FD/500# 10.4Ton 2003~ CH,1,3213,Chase,S4540-E0390,Москва
2026-03-25 09:00:03,Наконечник рулевой тяги HIN S4550-E0170/E0150 HINO 500 FD8/GD8/GH8 LH Y,5,7099,Yamasida,S4550-E0170,Москва
2026-03-25 09:00:03,"Наконечник рулевой тяги HYUNDAI 56880-5K000 HD65,72,78,120 LH ORIG",6,4653,Hyundai-Kia,56880-5K000,Москва
2026-03-25 09:00:03,Наконечник рулевой тяги ISU 1-43150-349-0 SRM 83- EXR `94~ #340 SE-5261R Y,2,7775,Yamasida,1-43150-349-0,Москва
2026-03-25 09:00:03,Наконечник рулевой тяги ISU 1-43150-350-0/1-43150-631-0 SRM 83- EXR `94~ #340 SE-5261L Y,2,7775,Yamasida,1-43150-350-0,Москва
2026-03-25 09:00:03,Наконечник рулевой тяги ISU 1-43150-439-1 CXZ71 `86~ 10PC1 SE-5181R CH !,1,4709,Chase,1-43150-439-1,Москва
2026-03-25 09:00:03,Наконечник рулевой тяги ISU 1-43150-671-0 FRR32 `90~`93 LH CH,2,4330,Chase,1-43150-671-0,Москва
2026-03-25 09:00:03,"Наконечник рулевой тяги ISU 1-43150-678-2/1-43150-348-0 FTR, FVR '96~ , FSR33, FRR CH !",2,3545,Chase,1-43150-678-2,Москва
2026-03-25 09:00:03,Наконечник рулевой тяги ISU 6WA1-HEAD ISUZU CH !,4,957,Chase,ISUZU-6WA1-HEAD,Москва
2026-03-25 09:00:03,"Наконечник рулевой тяги ISU 8-94103-223-2/8-94419-609-0 L NPR,NKR-84~ 4HF1 NPS/NPR/NQR Y",2,1386,Yamasida,8-94103-223-2,Москва
2026-03-25 09:00:03,Наконечник рулевой тяги ISU 8-98096-754-0 /8-98228-107-0 L C#/E#/FVR34 10~ SKV,18,2606,SKV,8-98096-754-0,Москва
2026-03-25 09:00:03,Наконечник рулевой тяги ISUZU-NKR-HEAD ISUZU (2 шт в компл.) CH !,10,1041,Chase,ISUZU-NKR-HEAD,Москва
2026-03-25 09:00:03,Наконечник рулевой тяги L 10002 L=120 мм M30x1. Auger,1,1302,Auger,10002,Москва
2026-03-25 09:00:03,Наконечник рулевой тяги L 3003510LE010 N75/90 JAC ORIG,4,1412,JAC,3003510LE010,Москва
2026-03-25 09:00:03,Наконечник рулевой тяги L 3003510M1 N120 JAC ORIG,6,2497,JAC,3003510M1,Москва
2026-03-25 09:00:03,Наконечник рулевой тяги L 3003520N N56 JAC ORIG,4,881,JAC,3003520N,Москва
2026-03-25 09:00:03,Наконечник рулевой тяги L D-126879 / WG9925430100 Sitrak C7H Дизель,4,1181,Дизель,D-126879,Москва
2026-03-25 09:00:03,Наконечник рулевой тяги L D-127678 / 3003510LE010 N75/90 JAC Дизель,8,548,Дизель,D-127678,Москва
2026-03-25 09:00:03,Наконечник рулевой тяги L D-128391 / AZ400743950006 SITRAK Дизель,4,1366,Дизель,D-128391,Москва
2026-03-25 09:00:03,Наконечник рулевой тяги L D-130342 / 1-43150-875-0 ISUZU FORWARD FRS GSR FSD FRR FTR FSR-S 04 Дизель,1,1411,Дизель,D-130342,Москва
2026-03-25 09:00:03,Наконечник рулевой тяги MMC FUSO-6D16-HEAD CH !,1,564,Chase,FUSO-6D16-HEAD,Москва
2026-03-25 09:00:03,Наконечник рулевой тяги MMC FUSO-8DC9-HEAD CH !,2,809,Chase,FUSO-8DC9-HEAD,Москва
2026-03-25 09:00:03,Наконечник рулевой тяги MMC FUSO-T850/6D22 HEAD CH !,1,957,Chase,FUSO-T850/6D22 HEAD,Москва
2026-03-25 09:00:03,Наконечник рулевой тяги MMC MK363169 FB50#/FD50# (тавотница слева) Y,1,1189,Yamasida,MK363169,Москва
2026-03-25 09:00:03,"Наконечник рулевой тяги MMC MK363170 L CANTER, ROSA 4D32 98~ Y",8,1377,Yamasida,MK363170,Москва
2026-03-25 09:00:03,Наконечник рулевой тяги NIS 48570-0T300 ATLAS/CONDOR H41 91~ CH !,2,1220,Chase,48570-0T300,Москва
2026-03-25 09:00:03,Наконечник рулевой тяги NIS 48570-0T300 ATLAS/CONDOR H41 91~4WD CH !,2,1103,Chase,48570-0T300,Москва
2026-03-25 09:00:03,Наконечник рулевой тяги NIS 48570-90203/48570-90212 UD CD53C CW54S RH CH !,2,4309,Chase,48570-90203,Москва
2026-03-25 09:00:03,Наконечник рулевой тяги NIS 48571-90203/48571-90212 UD CD53C CW54S LH CH !,2,2338,Chase,48571-90203,Москва
2026-03-25 09:00:03,Наконечник рулевой тяги NIS 48580-J5100 L SE-4381L ATLAS/CONDOR H40 Y,2,747,Yamasida,48580-J5100,Москва
2026-03-25 09:00:03,Наконечник рулевой тяги R D-125894 / 3003520LE010 / 441130-527620 N75/90 JAC Дизель,7,1485,Дизель,D-125894,Москва
2026-03-25 09:00:03,Наконечник рулевой тяги R D-126880 / WG9925430200 Sitrak C7H Дизель,3,1181,Дизель,D-126880,Москва
2026-03-25 09:00:03,Наконечник рулевой тяги R D-128336 / AZ400743950005 SITRAK Дизель,4,1366,Дизель,D-128336,Москва
2026-03-25 09:00:03,Наконечник рулевой тяги TOY 45046-29325 DYNA/TOYOACE '96-'01 RH/LH CH !,2,499,Chase,45046-29325,Москва
2026-03-25 09:00:03,Наконечник рулевой тяги TOY 45046-39325 R DYNA BU1#2#/XZU130/140 96~ Y,2,1695,Yamasida,45046-39325,Москва
2026-03-25 09:00:03,Наконечник рулевой тяги TOY 45046-39426 R SE-T241R DYNA/TOYACE/HINO XZU3#4#/BU3#4# 99~ Y,1,1712,Yamasida,45046-39426,Москва
2026-03-25 09:00:03,Наконечник рулевой тяги TOY 45046-39785 R DYNA/TOYOACE/HINO XZU3#4#/BU/BZU3# 04~ Y,1,1348,Yamasida,45046-39785,Москва
2026-03-25 09:00:03,Наконечник рулевой тяги TOY 45047-39185 L DYNA/TOYOACE BU1#2#XZU130/140 95~ Y,1,1303,Yamasida,45047-39185,Москва
2026-03-25 09:00:03,Наконечник рулевой тяги TOYOTA CELICA/COROLLA лев/прав DC17092,1,287,JMC,DC17092,Москва
2026-03-25 09:00:03,Наконечник рулевой тяги W782-32-450 / 8AW1-32-450 CH,2,1595,Chase,W782-32-450,Москва
2026-03-25 09:00:03,Наконечник рулевой тяги W782-32-510 / 8AW1-32-510 CH,2,1595,Chase,W782-32-510,Москва
2026-03-25 09:00:03,Наконечник рулевой тяги левый WG9925430100 Sitrak C7H ORIG,17,2720,SITRAK,WG9925430100,Москва
2026-03-25 09:00:03,Наконечник рулевой тяги правый WG9925430200 Sitrak C7H ORIG,17,2720,SITRAK,WG9925430200,Москва
2026-03-25 09:00:03,"Наконечник рулевой Фусо 5 т после92 г, 9-172-7 / 56880-6A001 L SW",1,2686,Samwoo,SW91727,Москва
2026-03-25 09:00:03,"Наконечник троса КПП / 12x12L / M12x1,25 / CE12X12L / /",1,485,Zevs,12*12L,Москва
2026-03-25 09:00:03,Наконечник тяги 1-43150-679-2 R ISUZU FRR Y,1,1390,Yamasida,1-43150-679-2,Москва
2026-03-25 09:00:03,Наконечник тяги 1-43150-680-2 ISUZU FRR `94~ TOYO,4,958,Toyo,1-43150-680-2,Москва
2026-03-25 09:00:03,Наконечник тяги 1-44517-021-0 R ISUZU CXG50 Y !,1,2578,Yamasida,1-44517-021-0,Москва
2026-03-25 09:00:03,Наконечник тяги 1-44517-022-0 L ISUZU CXG50 CXZ81 Y !,1,2578,Yamasida,1-44517-022-0,Москва
2026-03-25 09:00:03,Наконечник тяги 45046-29325 TOYOTA Y,8,1221,Yamasida,45046-29325,Москва
2026-03-25 09:00:03,Наконечник тяги 45430-2060 /S4543-02060/45430-1590 HINO FD1#/FD2#/FD3# LH HINO 500 Y,1,2339,Yamasida,45430-2060,Москва
2026-03-25 09:00:03,Наконечник тяги 48520-0T825 NISSAN ATLAS H41 91- Y,7,2696,Yamasida,48520-0T825,Москва
2026-03-25 09:00:03,Наконечник тяги 48570-Z5007 NISSAN Y,1,2661,Yamasida,48570-Z5007,Москва
2026-03-25 09:00:03,"Наконечник тяги 48571-Z5005 NISSAN UD CM87,88 `88~`96 Y",1,2657,Yamasida,48571-Z5005,Москва
2026-03-25 09:00:03,Наконечник тяги 56880-5H000 HYUNDAI HD65/72/MIGHTY 98~ Y,1,2297,Yamasida,56880-5H000,Москва
2026-03-25 09:00:03,Наконечник тяги 8-97039-462-0 R ISUZU NKR 93~ TOYO,4,665,Toyo,8-97039-462-0,Москва
2026-03-25 09:00:03,Наконечник тяги 8-97039-462-0 R ISUZU NKR 93~ Y,1,1052,Yamasida,8-97039-462-0,Москва
2026-03-25 09:00:03,Наконечник тяги 8-97039-463-0 L ISUZU NKR 93~ Y,1,1036,Yamasida,8-97039-463-0,Москва
2026-03-25 09:00:03,Наконечник тяги 8-97142-100-1 R ISUZU NKR 97~ Y,6,1052,Yamasida,8-97142-100-1,Москва
2026-03-25 09:00:03,Наконечник тяги D-128503 / 8-97039-463-0 L ISUZU NKR 93~ Дизель,5,599,Дизель,D-128503,Москва
2026-03-25 09:00:03,"Наконечник тяги D-128507 / 8-97107-319-1 ISU NPR, NKR-'96~ LH Дизель",10,626,Дизель,D-128507,Москва
2026-03-25 09:00:03,Наконечник тяги ISU 1-43150-737-1/1-43150-802-0 CYZ/CXZ/CXH 95~ LH Y,3,6603,Yamasida,1-43150-737-1,Москва
2026-03-25 09:00:03,"Наконечник тяги ISU 8-97107-319-1 NPR , NKR-'96~ LH Y",2,1559,Yamasida,8-97107-319-1,Москва
2026-03-25 09:00:03,Наконечник тяги ISU/MAZ 8-97107-346-0 NPR81/NKR81/LR85 1K01-32-276 Y,5,1688,Yamasida,8-97107-346-0,Москва
2026-03-25 09:00:03,Наконечник тяги L 8-98228-101-0/1-43150-857-0/-902-0 C/E series SKV,7,3082,SKV,8-98228-101-0,Москва
2026-03-25 09:00:03,Наконечник тяги MB563774/MK997629 Fuso Canter FE6#/83 TOYO,10,792,Toyo,MB563774,Москва
2026-03-25 09:00:03,Наконечник тяги MB563775/MK997628 Fuso Canter FE6#/83 TOYO,10,792,Toyo,MK997628,Москва
2026-03-25 09:00:03,Наконечник тяги MB563775/MK997628 Fuso Canter FE6#/83 Y,5,1352,Yamasida,MK997628,Москва
2026-03-25 09:00:03,Наконечник тяги MC805517/MK428157 L FUSO FK516 84~ Y,2,1617,Yamasida,MC805517,Москва
2026-03-25 09:00:03,Наконечник тяги MC891647//MW033300 MMC FE3## Y,1,1153,Yamasida,MC891647,Москва
2026-03-25 09:00:03,Наконечник тяги MK309710/MK997509/MC891911/MK996333/MC837948/MC891396 MMC FE53E/71B Y,1,1290,Yamasida,MK309710,Москва
2026-03-25 09:00:03,Наконечник тяги R 8-98228-100-0/1-43150-856-0/-901-0 C/E series SKV,8,3093,SKV,8-98228-100-0,Москва
2026-03-25 09:00:03,Наконечник тяги TOY 45046-39305 R DYNA/HINO BU1#2#/XZU130/140 96~ Y,2,726,Yamasida,45046-39305,Москва
2026-03-25 09:00:03,Наконечник рулевой тяги 45047-39256 SE-T231L TOYOTA,2,1187,Yamasida,45047-39256,Москва
2026-03-25 09:00:03,Наконечник тяги TOY 45047-39265 HINO DYNA XZU410 '00~ Y,2,1193,Yamasida,45047-39265,Москва
2026-03-25 09:00:03,Наконечник тяги W023-99-323 MAZDA Titan WGFAT LH 1984- Y,1,1043,Yamasida,W023-99-323,Москва
2026-03-25 09:00:03,Наконечник тяги КПП D-128429 / 189000240031 Дизель,2,395,Дизель,D-128429,Москва
2026-03-25 09:00:03,Наконечник тяги рулевой L D-128693 / 300303004 FAW Дизель,3,907,Дизель,D-128693,Москва
2026-03-25 09:00:03,Наконечник тяги рулевой R D-128694 / 300304004 FAW Дизель,3,907,Дизель,D-128694,Москва
2026-03-25 09:00:03,Наконечник тяги рулевой поперечной 56880-7E000 HYUNDAI HD270 D6CA ORIG,1,15382,Hyundai-Kia,56880-7E000,Москва
2026-03-25 09:00:03,"Направляющая втулка клапана 5-11721-016-0 4JG2/4JA1/4JB1 NLR/NMR 55,85(LHD) 08 - 10 ORIG",1,425,Isuzu,5-11721-016-0,Москва
2026-03-25 09:00:03,Направляющая выжимного подшипника D-127679 / JS85T-1701040 JAC N120 LE35S Дизель,1,2919,Дизель,D-127679,Москва
2026-03-25 09:00:03,Направляющая клапана S1112-21260 HINO700 ORIG,2,1695,Hino,S1112-21260,Москва
2026-03-25 09:00:03,Направляющая сдвижной двери 83220-43001 Grace !,7,332,Hyundai-Kia,83220-43001,Москва
2026-03-25 09:00:03,"Направляющая стекла двери 8-98031-742-2 N,F-series ORIG",2,401,Isuzu,8-98031-742-2,Москва
2026-03-25 09:00:03,Направляющая суппорта 8-97029-998-0 ORIG,6,1843,Isuzu,8-97029-998-0,Москва
2026-03-25 09:00:03,Направляющая суппорта 8-98047-530-0 N-series ORIG,11,942,Isuzu,8-98047-530-0,Москва
2026-03-25 09:00:03,Направляющая суппорта FR 47715-60020 TOYOTA MARK/CHASER/CROWN 95-01 LAND CRUISER #100,67,256,JMC,47715-60020,Москва
2026-03-25 09:00:03,Направляющая суппорта MK448206 FR/RR FUSO CANTER SKV,32,209,SKV,MK448206,Москва
2026-03-25 09:00:03,Направляющая суппорта MK449110 FR/RR с манжетой FUSO CANTER SKV,122,190,SKV,MK449110,Москва
2026-03-25 09:00:03,Насадка для шприца 97211 SATA,6,311,sata,97211,Москва
2026-03-25 09:00:03,Насос 64391-Y30S0XZ02 JAC N350 ORIG,1,10311,JAC,64391-Y30S0XZ02,Москва
2026-03-25 09:00:03,Насос вакуумный 38617-45020 Hyundai HD65/78/County D4DB/DD ORIG,1,14850,Hyundai-Kia,38617-45020,Москва
2026-03-25 09:00:03,Насос вакуумный D-125072 / 8-97148-114-1 NQR71/75 Дизель,1,2389,Дизель,D-125072,Москва
2026-03-25 09:00:03,Насос вакуумный D-125619 / 8-97351-707-0 N-series 4HV1 (CNG) ГАЗ Дизель,1,3289,Дизель,D-125619,Москва
2026-03-25 09:00:03,Насос водяной (помпа) 25110-48011 Hyundai HD65/78 ORIG,4,18779,Hyundai-Kia,25110-48011,Москва
2026-03-25 09:00:03,Насос водяной (помпа) D-126220 / 16100-2393 HINO EF750 Дизель,2,18838,Дизель,D-126220,Москва
2026-03-25 09:00:03,Насос водяной (помпа) D-128835 / ME078669 / ME995307 FUSO 6D16 Дизель,1,9973,Дизель,D-128835,Москва
2026-03-25 09:00:03,Насос водяной (помпа) D-129113 / ME995645 / ME091358 / ME092267 / ME996899 FUSO 8DC91 Дизель,1,19591,Дизель,D-129113,Москва
2026-03-25 09:00:03,Насос водяной (помпа) D-129311 / WP3330 / 16110-3781 / 16100-3250 23 зуба HINO 700/500 92-95 Дизель,7,15700,Дизель,D-129311,Москва
2026-03-25 09:00:03,Насос водяной 5-87610-088-1/8-97105-012-5 N-series 4JG2/4JB1/4JH1T ORIG CHINA,1,3795,Isuzu,5-87610-088-1,Москва
2026-03-25 09:00:03,Насос водяной 5-87610-093-0/8-97314-118-0 N-series 4HE1 ORIG CHINA,3,5679,Isuzu,5-87610-093-0,Москва
2026-03-25 09:00:03,Насос водяной 8-97069-390-0 3KR1/3KR2 ORIG,2,21814,Isuzu,8-97069-390-0,Москва
2026-03-25 09:00:03,Насос водяной 8-97321-508-3 3LB1/4LB1/4LE1 ORIG,1,15769,Isuzu,8-97321-508-3,Москва
2026-03-25 09:00:03,Насос водяной D-125006 / 1-87310-974-0 /1-87310-902-0 / 8-98042-848-0/1/2 6HK1 FVR34 Дизель,1,9495,Дизель,D-125006,Москва
2026-03-25 09:00:03,Насос водяной D-125070 / 1-87310-996-0 / 1-87310-957-0 / 8-98146-073-0 6WF1-TC CYZ51 EXZ51 Дизель,1,10902,Дизель,D-125070,Москва
2026-03-25 09:00:03,Насос водяной D-125113 / 1-87310-974-0 /-902-0 / 1-87310-835-0 / 8-98042-848-0/1/2 6HK1 FVR34 Дизель,16,10798,Дизель,D-125113,Москва
2026-03-25 09:00:03,Насос водяной D-125447/1-87310-996-0/1-87310-957-0/8-98146-073-0 6WF1-TC CYZ51/EXZ51 Дизель,1,11766,Дизель,D-125447,Москва
2026-03-25 09:00:03,Насос водяной D-125739 / 1-87310-995-0 6WG1 C-series Дизель,1,9495,Дизель,D-125739,Москва
2026-03-25 09:00:03,Насос водяной D-126215 / 5-87610-089-0 / 8-97363-478-0 4HK1/NQR90/FSR90/NPR75/NQR75 Дизель,16,2628,Дизель,D-126215,Москва
2026-03-25 09:00:03,Насос водяной D-127815 / A3100 / SM125 / WPM-040 / GWM-65A / ME015217 MMC 4D33/35/36/56 Дизель,48,2014,Дизель,D-127815,Москва
2026-03-25 09:00:03,Насос водяной с уплотнениями MB 010.599-00A/0119094/OM501LA/OM502LA/A5422001901/462591/Mercedes/ PE,1,8652,Pe Automotive,010.599-00A,Москва
2026-03-25 09:00:03,Насос водяной с уплотнениями MB 0119094/OM501LA/OM502LA/A5422001901/462591/010.599-00A Mercedes/TruckTec,1,9478,Trucktec,01.19.094,Москва
2026-03-25 09:00:03,Насос ГУР 8-97481-552-0 C-series ORIG,3,94500,Isuzu,8-97481-552-0,Москва
2026-03-25 09:00:03,Насос ГУР D-125610 / 8-97258-461-3 2-х конт. 4HE/4HG1/4HK1 NQR71/75 Дизель,1,24047,Дизель,D-125610,Москва
2026-03-25 09:00:03,Насос ГУР D-125895 / 57100-Y3A2EXZ JAC N350 Дизель,1,7528,Дизель,D-125895,Москва
2026-03-25 09:00:03,Насос ГУР D-126884 / 3407100LE352 JAC N120 Дизель,1,8950,Дизель,D-126884,Москва
2026-03-25 09:00:03,Насос ГУР D-128484 / 3407020A604-0655 FAW J5 CA3312 Дизель,1,7687,Дизель,D-128484,Москва
2026-03-25 09:00:03,Насос ГУР D-129041 / 3407020-М50-0000 FAW Дизель,3,8237,Дизель,D-129041,Москва
2026-03-25 09:00:03,Насос дозирующий моч-ны 5303018 JAC N120/Камаз Cummins ISF3.8 Е-5 ORIG,1,41362,Cummins,5303018,Москва
2026-03-25 09:00:03,Насос комбинированный ГУР+топливный 464431/542045310/A0024608980/464430SP/28270 Mercedes/DieselTechnic,1,18454,Diesel Technic,4.64430,Москва
2026-03-25 09:00:03,Насос масляный 8-98232-624-1/8-97381-553-3 4JJ1 N-series ORIG,1,17316,Isuzu,8982326241,Москва
2026-03-25 09:00:03,Насос масляный D-125288 / 8-97381-553-3 4JJ1 NMR85/NLR85 Дизель,1,10072,Дизель,D-125288,Москва
2026-03-25 09:00:03,Насос масляный D-125394 / 8-98017-585-1 / 8-97147-338-4 4HG1/4HK1 NPR/NQR71/75/90/FSR90 ISUZU Дизель,2,4323,Дизель,D-125394,Москва
2026-03-25 09:00:03,Насос масляный D-125879 / 612600070465 JAC N350 WP10 E-5 Дизель,1,9607,Дизель,D-125879,Москва
2026-03-25 09:00:03,Насос масляный D-126228 / 8-94395-564-0/3 / L210-0005M ISUZU 6HE1/6HH1/6HK1 Дизель,4,5061,Дизель,D-126228,Москва
2026-03-25 09:00:03,Насос масляный D-126230 / 8-98017-585-1 / 8-97147-338-4 ISUZU 4HG1 4HK1 NPR NQR71/75/90 FSR90 Дизель,5,3597,Дизель,D-126230,Москва
2026-03-25 09:00:03,Насос масляный D-126871 / 5588790 JAC N120 Камаз Cummins ISF3.8 Е-5 Дизель,2,8372,Дизель,D-126871,Москва
2026-03-25 09:00:03,Насос масляный двигателя D-128783 / 8-97641-835-0 6HK1 FVR34 Дизель,1,3894,Дизель,D-128783,Москва
2026-03-25 09:00:03,Насос моч-ны D-125896 / 612640130088 JAC N350 WP10 E-5 Дизель,1,26271,Дизель,D-125896,Москва
2026-03-25 09:00:03,Насос ОЖ 080V065006700 HOWO ORIG,2,12179,Howo,080V065006700,Москва
2026-03-25 09:00:03,Насос ОЖ D-128164 / 080V065006700 HOWO Дизель,1,7117,Дизель,D-128164,Москва
2026-03-25 09:00:03,Насос подкачки топлива 31925-4F800 HYUNDAI Porter II ORIG,4,3823,Hyundai-Kia,31925-4F800,Москва
2026-03-25 09:00:03,Насос подъема кабины D-126881 / 64391-Y30S0XZ02 JAC N350 Дизель,1,11649,Дизель,D-126881,Москва
2026-03-25 09:00:03,Насос подъема кабины D-128650 / DZ9X189822040 SHACMAN X6000 Дизель,1,7298,Дизель,D-128650,Москва
2026-03-25 09:00:03,Насос ручной подкачки D-128227 / HDI-007 / 152200-1120T Дизель,2,425,Дизель,D-128227,Москва
2026-03-25 09:00:03,Насос ручной подкачки YYRZ-005 MB220900 под фильтр FC321,2,769,YNY,MB220900,Москва
2026-03-25 09:00:03,Насос топливный (ТНВД) 1000570877 JAC N350 WP10 E-5 ORIG,1,73553,JAC,1000570877,Москва
2026-03-25 09:00:03,Насос топливный 080V11103-7763 HOWO ORIG,2,74716,Howo,080V11103-7763,Москва
2026-03-25 09:00:03,Насос топливный 101-373 Thermo King,2,91311,Thermo King,101-373,Москва
2026-03-25 09:00:03,Насос топливный 12.1.19.0049 / 40223 KSD1000/1100 SuperSnow/Facet,5,26280,SuperSnow,12.1.19.0049,Москва
2026-03-25 09:00:03,Насос топливный 31800-84000 HYUNDAI HD170/370/450/600 ORIG,1,8847,Hyundai-Kia,31800-84000,Москва
2026-03-25 09:00:03,Насос топливный высокого давления 101-362 Thermo King,2,135734,Thermo King,101-362,Москва
2026-03-25 09:00:03,Насос топливный высокого давления D-126622 / 200V11103-7792 MC11 Sitrak C7H Дизель,1,68885,Дизель,D-126622,Москва
2026-03-25 09:00:03,Насос топливный высокого давления ТНВД 22100-E0530/22100-E0531/9729405-094 HINO 500 E-4 DENSO,9,114550,Denso,22100E0530,Москва
2026-03-25 09:00:03,Насос топливный высокого давления ТНВД 33100-45700/9729400-029 D4DD HD78/County E-3 Denso,18,82430,Denso,33100-45700,Москва
2026-03-25 09:00:03,Насос топливный высокого давления ТНВД 33100-45700/9729400-029 D4DD HD78/County E-3 ORIG,1,84084,Hyundai-Kia,33100-45700,Москва
2026-03-25 09:00:03,Насос топливный высокого давления ТНВД 33100-48000/9729400-073 D4GA HD78 Denso,3,64680,Denso,9729400-073,Москва
2026-03-25 09:00:03,"Насос топливный высокого давления ТНВД 8-97306-044-9/9729400-003 4HK1 N,F-series E-3 Denso",1,70224,Denso,8-97306-044-9,Москва
2026-03-25 09:00:03,Насос топливный высокого давления ТНВД 8-97381-555-3/6 / 9729400-120 4JJ1 NLR85/NMR85 DENSO,4,112728,Denso,8-97381-555-3,Москва
2026-03-25 09:00:03,Насос топливный высокого давления ТНВД 8-97386-557-3/6 4HK1T NPR75/FSR90/NQR90 Е-3/4 ORIG,6,91476,Isuzu,8-97386-557-3,Москва
2026-03-25 09:00:03,Насос топливный высокого давления ТНВД 8-97605-946-7/1/2/3/4/5/6/8/294050-0423 6HK1 FVR34 E-4 Denso,2,122146,Denso,8-97605-946-8,Москва
2026-03-25 09:00:03,Насос топливный высокого давления ТНВД 8-98167-763-0 6WG1 CYZ52 Е-5 ORIG,2,209081,Isuzu,8-98167-763-0,Москва
2026-03-25 09:00:03,Насос топливный высокого давления ТНВД 8-98168-006-1/9729400-184 4HK1T N-series E-5 Denso,11,103488,Denso,8-98168-006-1,Москва
2026-03-25 09:00:03,Насос топливный высокого давления ТНВД 8-98239-521-2/294050-0642/9729405-064 F-series 6HK1 E-5 Denso,52,116990,Denso,8-98239-521-2,Москва
2026-03-25 09:00:03,Насос топливный низкого давления в сборе D-128229 / HDI-012 MMC FUSO Дизель,1,1734,Дизель,D-128229,Москва
2026-03-25 09:00:03,Насос топливный низкого давления в сборе D-128514 / HDI-011 / ME717123 MMC FUSO Дизель,1,1677,Дизель,D-128514,Москва
2026-03-25 09:00:03,Насос топливный подкачивающий D-130102 / F019D04029 JAC N350 Дизель,1,9434,Дизель,D-130102,Москва
2026-03-25 09:00:03,Насос форсунка 0414799005/A0280745902 / 986445002090 Bosch !,2,27342,Bosch,0 414 799 005,Москва
2026-03-25 09:00:03,Натяжитель ремня 1025300FD020 / 1025300FD02003 JAC N35 ORIG,5,4015,JAC,1025300FD020,Москва
2026-03-25 09:00:03,Натяжитель ремня 334066 DieselTechnic !,1,6508,Diesel Technic,3.34066,Москва
2026-03-25 09:00:03,Натяжитель ремня 462702/ A5412002570 / VKMCV51019/67772/ 67759 / 0119086 Mercedes/DieselTechnic !,3,6450,Diesel Technic,4.62702,Москва
2026-03-25 09:00:03,Натяжитель ремня SCANIA 1779757 (М6411009),1,5302,JMC,1779757,Москва
2026-03-25 09:00:03,Натяжитель ремня W958007499/082V958007499 HOWO ORIG,1,4100,CNHTC,W958007499,Москва
2026-03-25 09:00:03,Натяжитель ремня в сборе VKMCV51001 / A5412002670 OM501LA/OM502LA Mercedes/SKF !,1,11778,SKF,VKMCV 51001,Москва
2026-03-25 09:00:03,Облицовка стойки кабины L D-126557 / 812W62410-0139 Sitrak C7H Дизель,1,1903,Дизель,D-126557,Москва
2026-03-25 09:00:03,Обойма МОД D-128351 / 810W35606-0011 SITRAK Дизель,2,2223,Дизель,D-128351,Москва
2026-03-25 09:00:03,Обойма сальника ступицы D-129315 / 3104044AA0E/B FAW CA3311 Дизель,2,1731,Дизель,D-129315,Москва
2026-03-25 09:00:03,Обтекатель кабины L D-129019 / DZ14251110060+DZ14251110058 SHACMAN X3000 Дизель,1,3138,Дизель,D-129019,Москва
2026-03-25 09:00:03,Обтекатель кабины L наружный D-129018 / DZ14251110060 SHACMAN X3000 Дизель,1,1587,Дизель,D-129018,Москва
2026-03-25 09:00:03,Обтекатель кабины R D-129317 / 5302620-A01/C-T FAW J6 Дизель,2,1943,Дизель,D-129317,Москва
2026-03-25 09:00:03,Обтекатель кабины R наружный D-129021 / DZ14251110064 SHACMAN X3000 Дизель,1,957,Дизель,D-129021,Москва
2026-03-25 09:00:03,Обтекатель капота L D-129023 / DZ15221114021 SHACMAN X3000 Дизель,1,1710,Дизель,D-129023,Москва
2026-03-25 09:00:03,Обтекатель стойки лобового стекла L наружный D-129025 / DZ14251970019 SHACMAN X3000 Дизель,1,1130,Дизель,D-129025,Москва
2026-03-25 09:00:03,Обтекатель стойки лобового стекла R наружный D-129026 / DZ14251970020 SHACMAN X3000 Дизель,1,1130,Дизель,D-129026,Москва
2026-03-25 09:00:03,Ограничитель двери 6109100W5000 JAC N35 ORIG,1,447,JAC,6109100W5000,Москва
2026-03-25 09:00:03,Ограничитель рессоры 1-53356-057-0/IS-036 ORIG,2,7017,Isuzu,1-53356-057-0,Москва
2026-03-25 09:00:03,Ограничитель рессоры D-128784 / 1-53356-038-1/037-1 Дизель,1,1518,Дизель,D-128784,Москва
2026-03-25 09:00:03,Ограничитель рессоры FP-008 / FLS-008 MC-013217 PM,2,784,Paul Master,FLS-008,Москва
2026-03-25 09:00:03,Ограничитель рессоры FV-030 / FLS-030 MC620927 PM,1,839,Paul Master,FLS-030,Москва
2026-03-25 09:00:03,Ограничитель рессоры HI-022 / HLB-022 48418-1411 PM,1,2081,Paul Master,HLB-022,Москва
2026-03-25 09:00:03,Ограничитель рессоры HLB-028 48418-1401 PM,2,3252,Paul Master,HLB-028,Москва
2026-03-25 09:00:03,Ограничитель рессоры IS-036 / ILB-036 / 1-53356-057-0 PM,2,3251,Paul Master,ILB-036,Москва
2026-03-25 09:00:03,Ограничитель рессоры UD-022 / ULB-022 55210-Z5006 PM,1,2743,Paul Master,55210-Z5006,Москва
2026-03-25 09:00:03,Ограничительный клапан обработки HPV005 M12*1.5,1,390,JMC,HPV005,Москва
2026-03-25 09:00:03,Опора V-обр. штанги D-126559 / WG9925522214 Sitrak C7H Дизель,1,1998,Дизель,D-126559,Москва
2026-03-25 09:00:03,Опора вилки сцепления 8-97255-384-1 MYY5A/MYY6S N-series ORIG,6,648,Isuzu,8972553841,Москва
2026-03-25 09:00:03,опора двигателя задняя MR 353470 Mitsubishi,2,737,JMC,MR353470,Москва
2026-03-25 09:00:03,Опора ДВС задняя 1001600U2210 S3 JAC ORIG,2,1032,JAC,1001600U2210,Москва
2026-03-25 09:00:03,Опора рессоры (мост) D-126232 / 42151-E0291 HINO700 Дизель,1,1507,Дизель,D-126232,Москва
2026-03-25 09:00:03,Опора стремянки задней рессоры 8-98050-059-1 NQR90 ORIG,2,2673,Isuzu,8-98050-059-1,Москва
2026-03-25 09:00:03,Опора шаровая 2904340U8510 S3 JAC ORIG,3,1667,JAC,2904340U8510,Москва
2026-03-25 09:00:03,Опора шаровая верхняя К-2500 0К710-34-540 KIA BONGO III,2,663,Paul Master,0К710-34-540,Москва
2026-03-25 09:00:03,Опорная пластина Z-1701874-00-00 JAC N35 ORIG,1,320,JAC,Z-1701874-00-00,Москва
2026-03-25 09:00:03,Опорная шайба D-125901 / 2402B-346 JAC N120 Дизель,1,146,Дизель,D-125901,Москва
2026-03-25 09:00:03,Ось балансира D-126234 / S4943-E0120 Ø100mm L=1204mm HINO 700 Дизель,1,45111,Дизель,D-126234,Москва
2026-03-25 09:00:03,Ось балансира с буксами в сборе D-127022 / SZ384-00010 / SZ384-00008 L=1204mm HINO 700 Дизель,1,147260,Дизель,D-127022,Москва
2026-03-25 09:00:03,"Ось коромысел (рокеров) 8-97389-918-0 6HK1-T, FVR34 ORIG",4,8620,Isuzu,8-97389-918-0,Москва
2026-03-25 09:00:03,Ось рычага верхнего с втулкой D-128220 / 8-94340-084-1 IZ NKR 93-98 Дизель,10,3062,Дизель,D-128220,Москва
2026-03-25 09:00:03,Ось сателлитов (крестовина) редуктора 1-41521-049-2 C-series ORIG,1,15603,Isuzu,1-41521-049-2,Москва
2026-03-25 09:00:03,Ось шестерни промежуточной D-125903 / 61560050044 JAC N350 WP10 E-5 Дизель,1,818,Дизель,D-125903,Москва
2026-03-25 09:00:03,Отбойник (демпфер) двери кабины 1-09983-169-0 CYZ52/CYZ51 ORIG,2,238,Isuzu,1-09983-169-0,Москва
2026-03-25 09:00:03,Отбойник верхнего рычага 8-97189-393-0 N-series ORIG,1,1360,Isuzu,8-97189-393-0,Москва
2026-03-25 09:00:03,Отбойник передней рессоры 1-51172-125-1 FVR34 ORIG,1,1814,Isuzu,1-51172-125-1,Москва
2026-03-25 09:00:03,Отбойник передней рессоры 2901070LE010 JAC N75/80 КАМАЗ Компас-9 ORIG,2,1083,JAC,2901070LE010,Москва
2026-03-25 09:00:03,Отбойник рессоры 1-51172-096-2 FVR34 ORIG,1,2299,Isuzu,1-51172-096-2,Москва
2026-03-25 09:00:03,Отбойник рессоры D-127404 / 54056-90005 U.D. TRUCK RD8 RF8 front TZG Дизель,2,229,Дизель,D-127404,Москва
2026-03-25 09:00:03,Отбойник рессоры FR ELF 2-3т NPR/NKR 8-94101-347-0/2/4 ORIG,1,2021,Isuzu,8-94101-347-4,Москва
2026-03-25 09:00:03,Отбойник рессоры MC 031101 SMF-5201-M5 I/COM MIT FUSO FV415 Schmaco !,2,554,Schmaco,SMF-5201,Москва
2026-03-25 09:00:03,Отбойник рессоры MC031102-S / SMF-5209 MIT FUSO FV415 Schmaco !,2,649,Schmaco,SMF-5209,Москва
2026-03-25 09:00:03,Отбойник рессоры MC408556/MC - 5240NA/MIT CANTER FH215 Schmaco,2,1256,Schmaco,SMS-5240,Москва
2026-03-25 09:00:03,Отбойник рессоры RR RH 55275-7F301 HYUNDAI HD250 ORIG,1,2492,Hyundai-Kia,55275-7F301,Москва
2026-03-25 09:00:03,Отбойник рессоры SHN-5159 48331-1040-S Schmaco,2,421,Schmaco,SHN-5159,Москва
2026-03-25 09:00:03,Отбойник рессоры SMS-5233 MC013646-S Schmaco,2,1314,Schmaco,SMF-5233,Москва
2026-03-25 09:00:03,Отбойник рессоры задней D-125067 / 1-42124-101-0 CYZ51 CXZ EXZ51 Дизель,4,1745,Дизель,D-125067,Москва
2026-03-25 09:00:03,Отбойник рессоры задней D-125068 / 1-53366-073-2 /-1 CX# CY# CV# EX# Дизель,1,1060,Дизель,D-125068,Москва
2026-03-25 09:00:03,"Отбойник рессоры задней D-125737 / 1-53366-143-1 C,F-series Дизель",1,1045,Дизель,D-125737,Москва
2026-03-25 09:00:03,Отбойник рессоры задней D-125904 / 55270-Y3070 JAC N350 Дизель,3,609,Дизель,D-125904,Москва
2026-03-25 09:00:03,Отбойник рессоры задней D-128062 / 55260-45001 Hyundai HD-65/72 Дизель,2,154,Дизель,D-128062,Москва
2026-03-25 09:00:03,"Отбойник рессоры задней D-128555 / 48306-E0280 / 48306-1560 HINO 300, DYNA, TOYOACE 2011- Дизель",8,259,Дизель,D-128555,Москва
2026-03-25 09:00:03,Отбойник рессоры передней D-125905 / 54285-Y5AH0 JAC N350 Дизель,2,802,Дизель,D-125905,Москва
2026-03-25 09:00:03,Отбойник рессоры передней D-127167 / 8-94150-265-2 N-series Дизель,6,407,Дизель,D-127167,Москва
2026-03-25 09:00:03,Отбойник рессоры передней D-128785 / 8-94101-347-2 Isuzu Elf NPR NKR Дизель,4,833,Дизель,D-128785,Москва
2026-03-25 09:00:03,Отвод охлаждающей жидкости D-130492 / 200V06302-0657 HOWO T5G Дизель,2,843,Дизель,D-130492,Москва
2026-03-25 09:00:03,Отделка правой двери 1-76778-035-6 CYZ ORIG,1,3260,Isuzu,1-76778-035-4,Москва
2026-03-25 09:00:03,Отопитель в сборе D-128485 / DZ14251841027 SHACMAN Х3000 Дизель,1,26949,Дизель,D-128485,Москва
2026-03-25 09:00:03,Охладитель масл (теплообменник) 61500010334 JAC N350 WP10 E-5 ORIG,1,5277,JAC,61500010334,Москва
2026-03-25 09:00:03,Охладитель системы EGR 8-97310-496-1 4HK1T NQR75 ORIG,2,44566,Isuzu,8-97310-496-1,Москва
2026-03-25 09:00:03,Охладитель системы EGR 8-97628-169-0 CYZ ORIG,1,29845,Isuzu,8976281690,Москва
2026-03-25 09:00:03,Охладитель системы EGR 8-98030-582-3 F-series ORIG,1,37106,Isuzu,8-98030-582-3,Москва
2026-03-25 09:00:03,Охладитель системы EGR 8-98030-583-1 F-series ORIG,1,30107,Isuzu,8-98030-583-1,Москва
2026-03-25 09:00:03,Охладитель системы EGR 8-98212-718-0 4HK1 Евро4 FSR90/NQR90/NPR75 ORIG,1,44474,Isuzu,8-98212-718-1,Москва
2026-03-25 09:00:03,Палец (болт) крепления рессоры FR/RR 9-51361-602-2 M16x122 NQR/NKR/NPR ORIG,1,610,Isuzu,9-51361-602-2,Москва
2026-03-25 09:00:03,Палец (штифт) стопорный V-001-0625 6*25mm PM,2,99,Paul Master,V-001-0625,Москва
2026-03-25 09:00:03,Палец (штифт) стопорный V-001-0820/MF473469 8*20mm PM,2,84,Paul Master,V-001-0820,Москва
2026-03-25 09:00:03,Палец (штифт) стопорный V-001-0822 8*22mm PM,2,84,Paul Master,V-001-0822,Москва
2026-03-25 09:00:03,Палец (штифт) стопорный V-001-0828 8*28mm PM,1,84,Paul Master,V-001-0828,Москва
2026-03-25 09:00:03,"Палец (штифт) стопорный V-001-1340 1/2""*40mm PM",2,159,Paul Master,V-001-1340,Москва
2026-03-25 09:00:03,Палец (штифт) стопорный V-001-14B/30648-90004 PM,2,290,Paul Master,V-001-14B,Москва
2026-03-25 09:00:03,Палец FR рессоры передний D-125049 / 8-97360-110-0/1 / 8-97076-850-1 / 9-51361-602-2 N-series Дизель,2,193,Дизель,D-125049,Москва
2026-03-25 09:00:03,Палец FR рессоры передний D-126407 / 8-98011-487-0 NPR75/NQR90/NQR75 Дизель,18,143,Дизель,D-126407,Москва
2026-03-25 09:00:03,Палец RR рессоры передний D-125444 / 1-51361-026-0 / 9-51361-066-1 FVR34 Дизель,17,266,Дизель,D-125444,Москва
2026-03-25 09:00:03,Палец втулки кронштейна крепления кабины 41022094 / 53482 Auger !,1,647,Auger,53482,Москва
2026-03-25 09:00:03,Палец задней рессоры D-127681 / 2912033LE010 JAC N90 Дизель,2,412,Дизель,D-127681,Москва
2026-03-25 09:00:03,Палец задней рессоры D-128283 / 2912471-6K9 FAW Дизель,4,231,Дизель,D-128283,Москва
2026-03-25 09:00:03,Палец задней тормозной колодки D-127897 / 3502086-A6E/A FAW J6 Дизель,1,377,Дизель,D-127897,Москва
2026-03-25 09:00:03,Палец колодки тормозной D-127168 / 1-47131-044-0 L=115.5 Дизель,7,506,Дизель,D-127168,Москва
2026-03-25 09:00:03,Палец опорной колодки 362241 / 81502120036 DieselTechnic !,6,363,Diesel Technic,3.62241,Москва
2026-03-25 09:00:03,Палец переднего амортизатора D-126562 / WG9925688120 Sitrak C7H Дизель,11,265,Дизель,D-126562,Москва
2026-03-25 09:00:03,Палец передней рессоры (универсальный) D-126888 / WG9100520065 HOWO Дизель,4,261,Дизель,D-126888,Москва
2026-03-25 09:00:03,Палец передней рессоры D-126889 / 2902471-1H FAW 3252 Дизель,2,215,Дизель,D-126889,Москва
2026-03-25 09:00:03,Палец передней рессоры WG9100520065 HOWO ORIG,8,382,Howo,WG9100520065,Москва
2026-03-25 09:00:03,Палец передней/задней рессоры 2902052LE010 JAC N90 ORIG,1,143,JAC,2902052LE010,Москва
2026-03-25 09:00:03,Палец передней/задней рессоры D-127682 / 2902052LE010 JAC N90 Дизель,2,190,Дизель,D-127682,Москва
2026-03-25 09:00:03,"Палец полурессоры 0334015270SKV М30х3,5х190 DIN 6914/8,8 SKV",5,388,SKV,0334015270SKV,Москва
2026-03-25 09:00:03,"Палец полурессоры 0334015310 SKV / 03.340.15.31.0 BPW M30x3,5x260 SKV",1,386,SKV,0334015310,Москва
2026-03-25 09:00:03,Палец полурессоры 0334105030SKV / 03.341.05.03.0 BPW М30х200/40мм SKV,4,550,SKV,0334105030SKV,Москва
2026-03-25 09:00:03,Палец поршневой L=81 d=44 23412-52000 Hyundai HD65/72/78/Богдан D4GA/D6GA ORIG,4,1146,Hyundai-Kia,23412-52000,Москва
2026-03-25 09:00:03,Палец поршня 23421-45500 HYUNDAI HD65/78 D4DD ORIG,2,1023,Hyundai-Kia,23421-45500,Москва
2026-03-25 09:00:03,Палец поршня 8-94396-731-1 4HK1 NPR/NQR ORIG,22,1552,Isuzu,8-94396-731-1,Москва
2026-03-25 09:00:03,Палец поршня 8-98015-193-1 4JJ1 NMR/NLR-85 ORIG,1,1002,Isuzu,8-98015-193-1,Москва
2026-03-25 09:00:03,Палец поршня D-125908 / 61560030013 JAC N350 WP10 E-5 Дизель,1,462,Дизель,D-125908,Москва
2026-03-25 09:00:03,Палец поршня D-126563 / 200V02502-0133 Sitrak C7H Дизель,2,1312,Дизель,D-126563,Москва
2026-03-25 09:00:03,Палец продольной тяги D-125432 / 1-44361-105-1/0 CX#/CY#/CV#/FRR/FTR 87~ Дизель,2,412,Дизель,D-125432,Москва
2026-03-25 09:00:03,Палец рессор FR FR конец HINO300/500 48423-1640/48423-2430 (25*105*129 ) SKV,11,210,SKV,48423-1640,Москва
2026-03-25 09:00:03,Палец рессор FR RR конец HINO500 10T 48423-E0060 (30*157) SKV,1,313,SKV,48423-E0060,Москва
2026-03-25 09:00:03,Палец рессор FR RR конец HINO500 10T 48423-E0060 (M30X158) BELTON,4,400,Belton,48423-E0060,Москва
2026-03-25 09:00:03,Палец рессор FUSO 10T перед MC031390/MC009257/MK300383/SP13 (32*152) SKV,4,280,SKV,MC031390,Москва
2026-03-25 09:00:03,Палец рессор FUSO 10T перед MC031391 MK300384 54223-69001 (32*152) SKV,2,317,SKV,MC031391,Москва
2026-03-25 09:00:03,Палец рессор FUSO 5T зад со съемником MC035277 (28*120) SKV,94,232,SKV,MC035277,Москва
2026-03-25 09:00:03,Палец рессор FUSO 5T зад/перед MC420078/SP34/SP10 (28*116) SKV,2,232,SKV,MC420078,Москва
2026-03-25 09:00:03,Палец рессор FUSO CANTER 3t зад со съемником MB035277/160870 (28*139) SKV,9,278,SKV,MB035277,Москва
2026-03-25 09:00:03,Палец рессор HD120 54224-62000 (28*129) передн.рессоры SKV,171,253,SKV,54224-62000,Москва
2026-03-25 09:00:03,Палец рессор HD65/72/78 55224-5H000 (28*120.5) задней рессоры SKV,154,210,SKV,55224-5H000,Москва
2026-03-25 09:00:03,Палец рессор HD65/72/78/120 54223-62000 (28*117) перед/зад SKV,31,251,SKV,54223-62000,Москва
2026-03-25 09:00:03,Палец рессор HINO 10T зад 48423-2150 (38*158) SKV,2,389,SKV,48423-2150,Москва
2026-03-25 09:00:03,"Палец рессор HINO 10t перед 2 ось ""сороконожка"" SP29 /48423-2230 25*121*14",2,190,JMC,48423-2230,Москва
2026-03-25 09:00:03,Палец рессор HINO 3T FR LF 48423-2171 SP07 (25*105*129 ) SKV,4,254,SKV,48423-2171,Москва
2026-03-25 09:00:03,Палец рессор HINO 7-8t перед 48423-1561 (30*120*145) SKV,8,332,SKV,48423-1561,Москва
2026-03-25 09:00:03,Палец рессор HINO500/HINO 5t зад 48423-1320 (30*123) SKV,1,234,SKV,48423-1320,Москва
2026-03-25 09:00:03,Палец рессор ISUZU FORWARD 5t перед 8-98374-282-0/1-51161-004-1 (25*90*119) ORIG,2,1393,Isuzu,1-51161-004-1,Москва
2026-03-25 09:00:03,Палец рессор ISUZU 9-51361-014-0/1-51361-015-0/SP39 (28*131) SKV,3,225,SKV,9-51361-014-0,Москва
2026-03-25 09:00:03,Палец рессор NISSAN 10T зад 55224-Z1000/SP46 (35*160) SKV,4,281,SKV,55224-Z1000,Москва
2026-03-25 09:00:03,Палец рессор NISSAN 10t зад/перед 54215-Z0002 (30*145) SKV,4,275,SKV,54215-Z0002,Москва
2026-03-25 09:00:03,Палец рессор передний Scania 355145SKV / 2097427 M28x4x166 SKV,21,467,SKV,355145SKV,Москва
2026-03-25 09:00:03,Палец рессоры 8-94117-900-1 / S-040 / ISP-040 22mm ISUZU NKR PM,2,1066,Paul Master,ISP-040,Москва
2026-03-25 09:00:03,Палец рессоры D-128387 / 199100520065 SITRAK Дизель,10,246,Дизель,D-128387,Москва
2026-03-25 09:00:03,Палец рессоры FR D-128165 / WG9100520665 HOWO Дизель,3,207,Дизель,D-128165,Москва
2026-03-25 09:00:03,"Палец рессоры S-020/TSP-020 04484-36070 T.-DYN/TOYOACE BU10#,11#,14#,21#,22#,YU210,RZU100 95-02 PM",4,991,Paul Master,TSP-020,Москва
2026-03-25 09:00:03,Палец рессоры задней (передний / задний) TONN 19730200 / 19730200 / 48423E0200/48423-E0200/S48423132,6,244,JMC,/S48423132,Москва
2026-03-25 09:00:03,Палец рессоры задней 2911015G1010 JAC N120 LE35S ORIG,5,577,JAC,2911015G1010,Москва
2026-03-25 09:00:03,Палец рессоры задней 2911016G1010 JAC N120 LE35S ORIG,8,577,JAC,2911016G1010,Москва
2026-03-25 09:00:03,"Палец рессоры перед (передний, задний верхний) 2911011Z2 N120 JAC ORIG",2,378,JAC,2911011Z2,Москва
2026-03-25 09:00:03,Палец рессоры передней 2901016G1510 JAC N120 LE35S ORIG,12,567,JAC,2901016G1510,Москва
2026-03-25 09:00:03,Палец рессоры передней 2901017G1510 JAC N120 LE35S ORIG,12,589,JAC,2901017G1510,Москва
2026-03-25 09:00:03,Палец рессоры передней D-126561 / WG9925520696 Sitrak C7H Дизель,20,485,Дизель,D-126561,Москва
2026-03-25 09:00:03,Палец рессоры передней D-126891 / 2902471-DA01 FAW Дизель,11,240,Дизель,D-126891,Москва
2026-03-25 09:00:03,Палец рессоры передней D-126892 / 2902481-1Н 30*160 FAW Дизель,5,218,Дизель,D-126892,Москва
2026-03-25 09:00:03,Палец сайлентблока стабилизатора RR 1-51789-020-2 FVR34 ORIG,1,4618,Isuzu,1-51789-020-2,Москва
2026-03-25 09:00:03,Палец серьги рессоры передний D-127267 / MB025177 / 54224-45001 / MB391639 CANTER Fuso Дизель,22,566,Дизель,D-127267,Москва
2026-03-25 09:00:03,Палец тормозной колодки 016.036-10A/450221/1593001800/A4974210074/54793/30*102 Mercedes/PE,5,473,Pe Automotive,016.036-10A,Москва
2026-03-25 09:00:03,Палец тормозной колодки 450221/1593001800/A4974210074/54793/ 30*102 Mercedes/DieselTechnic,6,463,Diesel Technic,4.50221,Москва
2026-03-25 09:00:03,Палец тормозной колодки 54793/450221/1593001800/A4974210074/ 30*102 Mercedes/Auger,4,512,Auger,54793,Москва
2026-03-25 09:00:03,Палец тормозной колодки D-125909 / AK35020302BZ3-B JAC N350 Дизель,5,207,Дизель,D-125909,Москва
2026-03-25 09:00:03,Палец тормозной колодки переднего моста L=102 D=30 F2000/F3000,2,164,JMC,30*102,Москва
2026-03-25 09:00:03,Панель боковая левая 8-97406-040-8 N-series ORIG,3,10893,Isuzu,8-97406-040-9,Москва
2026-03-25 09:00:03,Панель боковая левая 8-97466-419-0 FVR ORIG,2,11496,Isuzu,8-97466-419-0,Москва
2026-03-25 09:00:03,"Панель боковая передняя R 8-97406-039-9 N,Q-series ORIG",1,7507,Isuzu,8-97406-039-9,Москва
2026-03-25 09:00:03,Панель боковая правая 8-97466-403-0 FVR ORIG,1,10483,Isuzu,8-97466-403-0,Москва
2026-03-25 09:00:03,Панель боковины 8-97585-301-4 ORIG,1,8866,Isuzu,8-97585-301-4,Москва
2026-03-25 09:00:03,Панель боковины задняя RH 8-98055-463-1 N-series ORIG,1,9763,Isuzu,8-98055-463-1,Москва
2026-03-25 09:00:03,Панель боковины передняя 8-98072-802-0 LH NPR75 ORIG,1,12209,Isuzu,8-98072-802-0,Москва
2026-03-25 09:00:03,"Панель боковины передняя LH 8-98093-581-0 F,N-series ORIG",2,12694,Isuzu,8980935810,Москва
2026-03-25 09:00:03,"Панель боковины передняя RH 8-98072-787-0 F,N-series ORIG",3,11247,Isuzu,8-98072-787-0,Москва
2026-03-25 09:00:03,Панель боковины передняя внутренняя 8-98058-237-1 LH NPR75 ORIG,2,11008,Isuzu,8-98058-237-1,Москва
2026-03-25 09:00:03,Панель двери внутренняя 81111-5H001TH Hyundai HD35-78/MIGHTY ORIG,2,2297,Hyundai-Kia,81111-5H001,Москва
2026-03-25 09:00:03,Панель двери внутренняя 81121-5H001TH HD78 ORIG дефект,2,1366,Hyundai-Kia,81121-5H001TH,Москва
2026-03-25 09:00:03,Панель инструментов (в сб) ML231698 Fuso Canter TF ORIG,1,80454,Mitsubishi,ML231698,Москва
2026-03-25 09:00:03,Панель кабины (капот) MK707621 Fuso Canter TF ORIG,1,46768,Mitsubishi,MK707621,Москва
2026-03-25 09:00:03,Панель кабины MC978996 Fuso Canter TF Е-5 ORIG,1,15112,Mitsubishi,MC978996,Москва
2026-03-25 09:00:03,Панель передняя угловая правая 82720-5K003 Hyundai HD65/78 ORIG,2,1724,Hyundai-Kia,82720-5K003,Москва
2026-03-25 09:00:03,Панель под фару LH D-127329 / 86315-5K000 HD78/65 Дизель,6,781,Дизель,D-127329,Москва
2026-03-25 09:00:03,Панель под фару LH/RH 8-98034-056-1 N-series ORIG,2,787,Isuzu,8-98034-056-1,Москва
2026-03-25 09:00:03,Панель под фару RH D-127332 / 86325-5K000 HD78/65 Дизель,4,781,Дизель,D-127332,Москва
2026-03-25 09:00:03,Панель подножки LH D-126237 / 86920-5H000 HD45/72 Дизель,2,547,Дизель,D-126237,Москва
2026-03-25 09:00:03,Панель торпеды нижняя 8-97857-188-3 N-series ORIG,1,3561,Isuzu,8-97857-188-3,Москва
2026-03-25 09:00:03,Панель угла кузова RH D-126239 / 82720-5H002 Дизель,2,1251,Дизель,D-126239,Москва
2026-03-25 09:00:03,Панель угловая кабины 82720-5M000 RH HYUNDAI Mighty ORIG,1,3211,Hyundai-Kia,82720-5M000,Москва
2026-03-25 09:00:03,Панель угловая правая D-125912 / 82720-Y4010XH JAC N350 Дизель дефект,1,2871,Дизель,D-125912,Москва
2026-03-25 09:00:03,Пара главная среднего моста D-128354 / 710-35199-6615 SITRAK Дизель,1,17607,Дизель,D-128354,Москва
2026-03-25 09:00:03,Патрубок D-129325 / 712W61960-0024 HOWO T5G Дизель,1,612,Дизель,D-129325,Москва
2026-03-25 09:00:03,Патрубок D-129326 / 712W61960-0025 HOWO T5G Дизель,1,935,Дизель,D-129326,Москва
2026-03-25 09:00:03,Патрубок D-129327 / 712W96301-0007 HOWO T5G Дизель,1,1499,Дизель,D-129327,Москва
2026-03-25 09:00:03,Патрубок D-129328 / 712W96305-0048 HOWO T5G Дизель,1,451,Дизель,D-129328,Москва
2026-03-25 09:00:03,Патрубок D-129329 / YG9625530023 HOWO T5G Дизель,1,201,Дизель,D-129329,Москва
2026-03-25 09:00:03,Патрубок водяного насоса (помпы) D-126749 / 612640060117 JAC N350 WP10 E-5 Дизель,1,4319,Дизель,D-126749,Москва
2026-03-25 09:00:03,Патрубок водяной 1041011GG010 S3 JAC ORIG,1,292,JAC,1041011GG010,Москва
2026-03-25 09:00:03,Патрубок воздушного фильтра (от фильтра к турбине) 8-98281-176-0 NQR90/NPR75 4HK1 ЕВРО4/5 ORIG,23,8852,Isuzu,8-98281-176-0,Москва
2026-03-25 09:00:03,Патрубок воздушного фильтра от корпуса до турбины 8-98272-695-0 NQR90 4HK1-T E-3 ORIG,1,10050,Isuzu,8-98272-695-0,Москва
2026-03-25 09:00:03,Патрубок забора воздуха 4933777 JAC N120/Камаз Cummins ISF3.8 Е-5 Foton ORIG,1,758,Foton,4933777,Москва
2026-03-25 09:00:03,Патрубок интеркулера 1109406W5030 JAC N35 ORIG,1,1397,JAC,1109406W5030,Москва
2026-03-25 09:00:03,Патрубок интеркулера 27851-5E100 Hyundai HD78 D4DD ORIG,1,3084,Hyundai-Kia,27851-5E100,Москва
2026-03-25 09:00:03,Патрубок отопителя D-129335 / 810W96305-0200 HOWO T5G Дизель,2,224,Дизель,D-129335,Москва
2026-03-25 09:00:03,Патрубок радиатора 1-21437-450-0 ORIG,1,4199,Isuzu,1-21437-450-0,Москва
2026-03-25 09:00:03,Патрубок радиатора 8-97124-743-0 ORIG,1,1681,Isuzu,8-97124-743-0,Москва
2026-03-25 09:00:03,Патрубок радиатора 8-97210-676-0 ORIG,1,1520,Isuzu,8-97210-676-0,Москва
2026-03-25 09:00:03,Патрубок радиатора 8-97503-282-0 CYZ52 ORIG,2,3751,Isuzu,8-97503-282-0,Москва
2026-03-25 09:00:03,Патрубок радиатора D-129336 / 1303011-14B/A FAW J6 CA6DL E-5 Дизель,2,1575,Дизель,D-129336,Москва
2026-03-25 09:00:03,Патрубок радиатора D-129337 / 1303021-14B/B FAW J6 CA6DL E-5 Дизель,1,1463,Дизель,D-129337,Москва
2026-03-25 09:00:03,Патрубок радиатора верхний D-126565 / YG9625530001 Sitrak C7H Дизель,2,897,Дизель,D-126565,Москва
2026-03-25 09:00:03,Патрубок радиатора нижний 8-98079-430-1/0/8-98079-429-0/1/ RH-IZ028B FVR 6HK1 ORIG,1,4694,Isuzu,8-98079-430-1,Москва
2026-03-25 09:00:03,Патрубок радиатора нижний D-125081 / 8-97383-814-1 4JJ1 N-series Дизель,1,709,Дизель,D-125081,Москва
2026-03-25 09:00:03,Патрубок радиатора нижний D-126566 / 712W96301-0016 Sitrak C7H Дизель,2,1484,Дизель,D-126566,Москва
2026-03-25 09:00:03,Патрубок радиатора нижний D-127683 / 1303102Y5CH401 JAC N350 Дизель,1,1054,Дизель,D-127683,Москва
2026-03-25 09:00:03,Патрубок радиатора нижний D-128790 / 1-21437-979-2 6WF1 6WG1 C/E series Дизель,1,1286,Дизель,D-128790,Москва
2026-03-25 09:00:03,Патрубок радиатора охлаждения RH-MB005T,1,696,JMC,RH-MB005T,Москва
2026-03-25 09:00:03,"Патрубок радиатора, верхний 4HF1,4HG1 8-97162-163-0 ORIG",2,1605,Isuzu,8-97162-163-0,Москва
2026-03-25 09:00:03,"Патрубок системы охлаждения 4HE1,4HF1,4HG1 NQR71/75 8-97209-948-0 ORIG",1,807,Isuzu,8-97209-948-0,Москва
2026-03-25 09:00:03,Патрубок турбокомпрессора металл 8-98030-079-4 4HK1 NQR90/FSR ORIG,2,9299,Isuzu,8-98030-079-4,Москва
2026-03-25 09:00:03,ПГУ сцепления D-126243 / 642-03080 / 1-31800-140-0 / ME656040 70mm p=19.8mm Дизель,13,2083,Дизель,D-126243,Москва
2026-03-25 09:00:03,ПГУ сцепления D-126244 / 642-03502 / 1-31800-142-0 / ME657650 90mm p=22.2mm Дизель,10,2231,Дизель,D-126244,Москва
2026-03-25 09:00:03,ПГУ сцепления D-126695/1927825/1523399/1784480/2555088 Scania Дизель,5,6040,Дизель,D-126695,Москва
2026-03-25 09:00:03,ПГУ сцепления D-126753 / 1607300Y1P30 JAC N350 Дизель,1,4371,Дизель,D-126753,Москва
2026-03-25 09:00:03,ПГУ сцепления D-128096 / 1-31800-516-1/0/2 / 1-87610-089-0 FVR34 6HK1 Дизель,1,3654,Дизель,D-128096,Москва
2026-03-25 09:00:03,ПГУ сцепления QW417006A201 HYUNDAI HD120/170/250 D6DA ORIG,1,25015,Hyundai-Kia,QW417006A201,Москва
2026-03-25 09:00:03,ПГУ тормоза D-126245 / MK384470 FUSO-CANTER Дизель,15,5896,Дизель,D-126245,Москва
2026-03-25 09:00:03,ПГУ тормоза D-127769 / HDA-009 / MC828265 / FK415 длинный Дизель,1,5210,Дизель,D-127769,Москва
2026-03-25 09:00:03,ПГУ тормоза D-127771 / HDA-011 / 1-47800-759-0/1 короткий ISUZU CXM/CXZ 96~ LHD Дизель,1,9351,Дизель,D-127771,Москва
2026-03-25 09:00:03,ПГУ тормоза D-127775 / HDA-017 / 1-47800-454-2 короткий ISUZU CXM/CXZ 90~ LHD CVR Дизель,1,9599,Дизель,D-127775,Москва
2026-03-25 09:00:03,ПГУ тормоза D-127776 / HDA-018 / 1-47800-351-0/1 длинный ISUZU FRD/FRR/FTR/FSR 89~ Дизель,1,12566,Дизель,D-127776,Москва
2026-03-25 09:00:03,ПГУ тормоза D-127865 / HDA-021 / 47250-Z2066 длинный NISSAN Дизель,2,9351,Дизель,D-127865,Москва
2026-03-25 09:00:03,"ПГУ тормоза D-127866 / 44640-3591 / XQ8015 / PBB3591 / HDA-055A длинный HINO RANGER, PROFIA 500/700 Дизель",1,12626,Дизель,D-127866,Москва
2026-03-25 09:00:03,ПГУ тормоза D-129576 / HDA-054 / 44640-2460 короткий HINO FN# GN# FW# Дизель,2,12386,Дизель,D-129576,Москва
2026-03-25 09:00:03,Педаль акселератора электронная 811W25970-6103 Sitrak C7H ORIG,1,7226,SITRAK,811W25970-6103,Москва
2026-03-25 09:00:03,Пепельница обшивки двери правой 1-76458-085-1 ORIG,1,3184,Isuzu,1-76458-085-1,Москва
2026-03-25 09:00:03,Переключатель данных блока управления D-129893 / WG9918586037 HOWO T5G Дизель,1,1064,Дизель,D-129893,Москва
2026-03-25 09:00:03,Переключатель диагностики ДВС D-129891 / WG9918586014 HOWO Дизель,2,521,Дизель,D-129891,Москва
2026-03-25 09:00:03,Переключатель для включения габаритов и фар D-129008 / DZ97189584714 SHACMAN X3000 Дизель,1,539,Дизель,D-129008,Москва
2026-03-25 09:00:03,Переключатель для включения коробки отбора мощности D-129892 / WG9918586022 HOWO T5G Дизель,2,521,Дизель,D-129892,Москва
2026-03-25 09:00:03,Переключатель клавишный звукового сигнала D-129890 / WG9918586002 HOWO Дизель,2,604,Дизель,D-129890,Москва
2026-03-25 09:00:03,Переключатель подрулевой 8-97383-521-0/8-97383-517-0/8-97287-882-2/8-97287-882-2/ NQR71/75 ORIG,1,17280,Isuzu,8-97383-521-0,Москва
2026-03-25 09:00:03,Переходник угловой 500316062 Iveco Orig !,1,561,Iveco,500316062,Москва
2026-03-25 09:00:03,Петля двери 1-64780-089-4 CYZ51 ORIG,1,7014,Isuzu,1-64780-089-4,Москва
2026-03-25 09:00:03,Петля двери 6206100U8510 JAC S5 ORIG,2,484,JAC,6206100U8510,Москва
2026-03-25 09:00:03,Петля двери 79110-7A001 HYUNDAI HD120/160/170/450/500 ORIG,1,700,Hyundai-Kia,79110-7A001,Москва
2026-03-25 09:00:03,Петля двери D-127686 / 6106100LE010 N56/N75/N80/N120 JAC Дизель,2,746,Дизель,D-127686,Москва
2026-03-25 09:00:03,Петля двери L=R 8-98191-302-0/8-98038-293-0 ORIG,2,5142,Isuzu,8-98191-302-0,Москва
2026-03-25 09:00:03,Петля двери L=R D-125294/8-98191-302-0/8-98038-293-0 ISUZU Дизель,5,1421,Дизель,D-125294,Москва
2026-03-25 09:00:03,Петля двери левая верхняя 79110-5H001 Hyundai HD35-78/MIGHTY ORIG,12,638,Hyundai-Kia,79110-5H001,Москва
2026-03-25 09:00:03,Петля двери левая нижняя 79120-5H002 Hyundai HD35-78/MIGHTY ORIG,2,652,Hyundai-Kia,79120-5H002,Москва
2026-03-25 09:00:03,Петля двери передней левой нижняя 79315-4F000 HYUNDAI Porter II ORIG,1,534,Hyundai-Kia,79315-4F000,Москва
2026-03-25 09:00:03,Петля двери правой верхняя 79115-5H000 Hyundai HD72/HD78 ORIG,13,572,Hyundai-Kia,79115-5H000,Москва
2026-03-25 09:00:03,Петля двери правой нижняя 79125-5H000 Hyundai HD72/HD78 ORIG,18,628,Hyundai-Kia,79125-5H000,Москва
2026-03-25 09:00:03,Петля замка двери 8-97221-702-1 ORIG,1,770,Isuzu,8-97221-702-1,Москва
2026-03-25 09:00:03,Петля капота левая 79110-4F001 HYUNDAI PORTER II ORIG,2,501,Hyundai-Kia,79110-4F001,Москва
2026-03-25 09:00:03,Петля капота правая 79120-4F001 HYUNDAI PORTER II ORIG,4,494,Hyundai-Kia,79120-4F001,Москва
2026-03-25 09:00:03,Пистон крепежный 86590-28000 JAC ORIG,20,23,JAC,86590-28000,Москва
2026-03-25 09:00:03,Планшетная шайба ТНВД Q-002 / 1-56605-2420 6BG1T РМ,1,672,Paul Master,Q-002,Москва
2026-03-25 09:00:03,Пластина антивибрационная промежуточного вала КПП 8-97257-300-1 ORIG,2,1656,Isuzu,8-97257-300-1,Москва
2026-03-25 09:00:03,"Пластина износа 0316435030 / 03.164.35.03.0 5/125/120 O24,2 BPW SKV",16,207,SKV,0316435030,Москва
2026-03-25 09:00:03,Пластина крепления передней рессоры D-126568 / WG9925522108 Sitrak C7H Дизель,2,1495,Дизель,D-126568,Москва
2026-03-25 09:00:03,Пластина переднего моста A9333310026 Mercedes ориг !,1,2550,Mercedes,A 933 331 00 26,Москва
2026-03-25 09:00:03,Пластина подрессорная 0528136150 235х98х5 BPW SKV,20,353,SKV,0528136150,Москва
2026-03-25 09:00:03,Пластина рессоры 463196 Mercedes/DieselTechnic,1,1340,Diesel Technic,4.63196,Москва
2026-03-25 09:00:03,Пластина рессоры левая 0514522830 / 05.145.22.83.0 / 401213/4 SKV,6,3135,SKV,0514522830,Москва
2026-03-25 09:00:03,"Пластина рессоры правая 0514522800SKV / 05.145.22.80.0 / 401204/5 150x77,5x42 BPW SKV",14,3234,SKV,0514522800SKV,Москва
2026-03-25 09:00:03,Пластина серьги рессоры F/R D-125050 / 8-94110-399-3/5 16*16*65 ELF NKR Дизель,2,395,Дизель,D-125050,Москва
2026-03-25 09:00:03,"Пластина стопорная рессорного пальца 0328154180SKV / 03.281.54.18.0 103,5х57,5х8 BPW",3,118,SKV,0328154180SKV,Москва
2026-03-25 09:00:03,Пластина стопорная тормоза D-129339 / 3501087-4E FAW Дизель,1,20,Дизель,D-129339,Москва
2026-03-25 09:00:03,Пластина теплообменника 1-21729-086-1 C-series 6WG1 ORIG,1,9285,Isuzu,1-21729-086-1,Москва
2026-03-25 09:00:03,"Пластина тормозного цилиндра лев. 8-97349-743-0/8-97550-979-0 N,F series ORIG",3,824,Isuzu,8-97550-979-0,Москва
2026-03-25 09:00:03,"Пластина тормозного цилиндра правого D-128076 / 8-97349-744-0 N,F series Дизель",11,133,Дизель,D-128076,Москва
2026-03-25 09:00:03,Плунжер D-128545 / 090150-4840-D HIN F17D/F17E Дизель,2,735,Дизель,D-128545,Москва
2026-03-25 09:00:03,Плунжер D-128546 / 090150-2610 HIN HO6BT/HO6C/HO7C/EH500/700 Дизель,2,555,Дизель,D-128546,Москва
2026-03-25 09:00:03,Плунжер D-128547 / 134153-2820 / P309 IS 6HE1TC Дизель,2,735,Дизель,D-128547,Москва
2026-03-25 09:00:03,Плунжер D-128548 / 131153-4320 / A722 / ME727544 MMC 6D16 Дизель,2,604,Дизель,D-128548,Москва
2026-03-25 09:00:03,Плунжер D-128931 / 131153-9320 / A772 / 8-97121-619-0 IS 4HG1 Дизель,1,599,Дизель,D-128931,Москва
2026-03-25 09:00:03,Плунжер D-128934 / 131152-5220 / ME704337 / A182 MMC 6D16 Дизель,1,552,Дизель,D-128934,Москва
2026-03-25 09:00:03,Плунжер D-129341 / 131153-9620 / A775 Дизель !,6,290,Дизель,D-129341,Москва
2026-03-25 09:00:03,Плунжер D-129342 / 131154-3920 / 9 443 610 373 4D102T-1A Дизель !,4,313,Дизель,D-129342,Москва
2026-03-25 09:00:03,Плунжер D-129343 / 134101-4420 / P30 HINO EF500/750 EV700 Дизель,8,599,Дизель,D-129343,Москва
2026-03-25 09:00:03,Плунжер D-129344 / 134151-1120 / P93 HINO EF550/750 F17C V21C V22C Дизель,2,735,Дизель,D-129344,Москва
2026-03-25 09:00:03,Плунжер D-129346 / 134101-3820 / P25 HINO EK100 Дизель,6,568,Дизель,D-129346,Москва
2026-03-25 09:00:03,Плунжер D-129349 / 134101-5820 / P44 HINO EK100/200 K13D Дизель,6,701,Дизель,D-129349,Москва
2026-03-25 09:00:03,Плунжер D-129352 / 134152-3520 / P215 HINO F20C Дизель,2,735,Дизель,D-129352,Москва
2026-03-25 09:00:03,Плунжер D-129355 / 131153-5020 / А729 HIN H07D Дизель,6,630,Дизель,D-129355,Москва
2026-03-25 09:00:03,Плунжер D-129356 / 131153-2020 / A228 HINO HO6CT Дизель,6,441,Дизель,D-129356,Москва
2026-03-25 09:00:03,Плунжер D-129357 / 131151-4620 / A62 HIN HO6CT ISUZU 6SA1T Дизель,6,441,Дизель,D-129357,Москва
2026-03-25 09:00:03,Плунжер D-129358 / 134151-6720 / P146 HINO K13C Дизель !,6,447,Дизель,D-129358,Москва
2026-03-25 09:00:03,Плунжер D-129359 / 131152-6920 / 22104-2940 / A205 HINO 300/500 W06E Дизель,2,604,Дизель,D-129359,Москва
2026-03-25 09:00:03,Плунжер D-129361 / 131152-5320 / A183 HINO WO4CT W04TI WO6D Дизель,4,428,Дизель,D-129361,Москва
2026-03-25 09:00:03,Плунжер D-129362 / 131152-2320 / A149 HINO WO6E Дизель,6,321,Дизель,D-129362,Москва
2026-03-25 09:00:03,Плунжер D-129363 / 134151-2420 / P105 ISUZU 10PC1 Дизель,10,506,Дизель,D-129363,Москва
2026-03-25 09:00:03,Плунжер D-129365 / 134101-9120 / Р74 ISUZU 12PC1 Дизель,8,706,Дизель,D-129365,Москва
2026-03-25 09:00:03,Плунжер D-129369 / 131151-6320 / A79 ISUZU 4BD1 6BD1 BD1T 6BG1 Дизель,4,437,Дизель,D-129369,Москва
2026-03-25 09:00:03,Плунжер D-129372 / 131152-3520 / A162 ISUZU 6BG1 Дизель,6,511,Дизель,D-129372,Москва
2026-03-25 09:00:03,Плунжер D-129374 / 131153-6120 / A740 / 8-97041-664-0 ISUZU 6BG1T Дизель,6,374,Дизель,D-129374,Москва
2026-03-25 09:00:03,Плунжер D-129375 / 131153-1020 / A185 ISUZU 6HE1 Дизель,4,653,Дизель,D-129375,Москва
2026-03-25 09:00:03,"Плунжер D-129380 / 134151-3420 / P114 ISUZU 6RB1 6RB1-TC, NISSAN RE8 Дизель !",4,525,Дизель,D-129380,Москва
2026-03-25 09:00:03,Плунжер D-129382 / 131153-1120 / A187 ISUZU 6SA1 6SA1T Дизель,4,439,Дизель,D-129382,Москва
2026-03-25 09:00:03,Плунжер D-129384 / 134101-9120 / P74 ISUZU 8/10/12PC1 Дизель,2,735,Дизель,D-129384,Москва
2026-03-25 09:00:03,Плунжер D-129385 / 131151-1420 / A30 IS 8PB1/10PA1/10PB1/12PA1 Дизель !,6,462,Дизель,D-129385,Москва
2026-03-25 09:00:03,Плунжер D-129389 / 131151-2220 / A38 MMC 6D14 6D14T 6D15 Дизель,4,366,Дизель,D-129389,Москва
2026-03-25 09:00:03,Плунжер D-129390 / 090150-1820 MMC 6D14C Дизель !,4,270,Дизель,D-129390,Москва
2026-03-25 09:00:03,Плунжер D-129391 / 131152-0020 / A122 MMC 6D14T 6D14CT 6D15T 6D15CT Дизель !,4,383,Дизель,D-129391,Москва
2026-03-25 09:00:03,Плунжер D-129399 / 134151-2920 / P109 MMC 6D22T 6D22CT 6D22PT Дизель,4,732,Дизель,D-129399,Москва
2026-03-25 09:00:03,Плунжер D-129400 / 131151-3720 / A52 MMC 8DC4 8DC40 8DC8 Дизель,6,321,Дизель,D-129400,Москва
2026-03-25 09:00:03,Плунжер D-129402 / 134101-6420 / P49 MMC 8DC8/9/10 Дизель,6,797,Дизель,D-129402,Москва
2026-03-25 09:00:03,Плунжер D-129409 / 134101-1420 / P2 NISSAN PD6 PE6 PE6H Дизель,2,525,Дизель,D-129409,Москва
2026-03-25 09:00:03,Плунжер D-129410 / 134101-1520 / P3 NISSAN PD6T PE6T RD10 Дизель,2,525,Дизель,D-129410,Москва
2026-03-25 09:00:03,Плунжер D-129411 / 134151-1220 / P94 NISSAN PE6 Дизель,2,536,Дизель,D-129411,Москва
2026-03-25 09:00:03,Плунжер D-129412 / 134101-1620 P4 NIS PE6/RD8 Дизель !,2,536,Дизель,D-129412,Москва
2026-03-25 09:00:03,Плунжер D-129413 / 134151-3220 / P112 NISSAN PE6T Дизель,2,632,Дизель,D-129413,Москва
2026-03-25 09:00:03,Плунжер D-129414 / 134151-9120 / P171 NISSAN PE6T PE6TA PF6T Дизель,2,536,Дизель,D-129414,Москва
2026-03-25 09:00:03,Плунжер D-129416 / 134101-4520 / P31 NISSAN RD10 PX S4B56A S6B S8A Дизель,2,525,Дизель,D-129416,Москва
2026-03-25 09:00:03,Плунжер D-129417 / 134101-4120 / P27 NISSAN RD8 RD8T RD10 Дизель,6,546,Дизель,D-129417,Москва
2026-03-25 09:00:03,Плунжер D-129418 / 134151-6620 / P145 NISSAN RE8 RD8 Дизель,6,539,Дизель,D-129418,Москва
2026-03-25 09:00:03,Плунжер D-129419 / 134151-0420 / P86 NISSAN RE8 RE10 Дизель,6,477,Дизель,D-129419,Москва
2026-03-25 09:00:03,Плунжер D-129420 / 134152-1220 / P192 NISSAN RE8 RE10 RF8 RF10 Дизель,6,797,Дизель,D-129420,Москва
2026-03-25 09:00:03,Плунжер D-129421 / 134151-4120 / P121 NISSAN RE8T/RE8T04 Дизель,6,525,Дизель,D-129421,Москва
2026-03-25 09:00:03,"Плунжер D-129422 / 131151-7620 NISSAN SD23/25 SD33T TD23, ISUZU 4FB1 Дизель",2,479,Дизель,D-129422,Москва
2026-03-25 09:00:03,Плунжер D-129425 / 090150-2140 / 2140R TOYOTA B/2B Дизель,2,383,Дизель,D-129425,Москва
2026-03-25 09:00:03,"Плунжер D-130136 / 131151-7320 / A89 ISUZU 6BF1, MMC 6D16 Дизель",6,187,Дизель,D-130136,Москва
2026-03-25 09:00:03,Плунжер D-130170 / 131151-5820 ISUZU 6D105 Дизель,4,646,Дизель,D-130170,Москва
2026-03-25 09:00:03,Плунжер D-130171 / 131152-4520 4D95L Дизель,4,266,Дизель,D-130171,Москва
2026-03-25 09:00:03,Плунжер HIN EK100 D-129347 / 134151-4820 / P128 Дизель !,6,335,Дизель,D-129347,Москва
2026-03-25 09:00:03,Плунжер HIN EP100/EP100T D-129350 / 134101-9620 / P78 Дизель !,6,335,Дизель,D-129350,Москва
2026-03-25 09:00:03,Плунжер HIN W06E 131152-7520 / А214,6,374,Zexel,131152-7520,Москва
2026-03-25 09:00:03,Плунжер IS 4BB1/BD1/6BB1/BD1/BD1T/6BG1/BG1T D-129367 / 131151-3220 / A44 Дизель,2,604,Дизель,D-129367,Москва
2026-03-25 09:00:03,Плунжер IS 4BC2/4BE1 D-129368 / 131152-4320 / A172 Дизель,4,381,Дизель,D-129368,Москва
2026-03-25 09:00:03,Плунжер IS 6BG1/6BG1TC D-129373 / 131153-0520 / A147 Дизель,4,366,Дизель,D-129373,Москва
2026-03-25 09:00:03,Плунжер IS 6HE1 D-129377 / 131153-7220 / A751 Дизель,4,653,Дизель,D-129377,Москва
2026-03-25 09:00:03,Плунжер IS 6HE1 D-129378 / 131154-1320 / 1-15631-102-0 / A255 Дизель,4,610,Дизель,D-129378,Москва
2026-03-25 09:00:03,Плунжер IS 6RB1-T D-129381 / 134151-9720 / P177 Дизель !,4,518,Дизель,D-129381,Москва
2026-03-25 09:00:03,Плунжер IS 6SD1TPD/6SD1-T D-129383 / 134152-7220 / P252 Дизель,4,797,Дизель,D-129383,Москва
2026-03-25 09:00:03,Плунжер MAZ SL-T; MMC 4D31T/6D31/6D31T D-129386 / 131152-1420 / A138 Дизель,1,504,Дизель,D-129386,Москва
2026-03-25 09:00:03,Плунжер MMC 4D33/4D34 D-129387 / 090150-4810 / ME016820 / ME728568 Дизель,1,555,Дизель,D-129387,Москва
2026-03-25 09:00:03,Плунжер MMC 6D15/6D15C D-129392 / 090150-2850 Дизель !,2,290,Дизель,D-129392,Москва
2026-03-25 09:00:03,Плунжер MMC 6D15/6D16CT/6D16T/6D16WT D-129393 / 131151-6220 /A78 Дизель,4,490,Дизель,D-129393,Москва
2026-03-25 09:00:03,Плунжер MMC 6D15T/6D16T D-129394 / 131153-2220 / A701 Дизель,4,490,Дизель,D-129394,Москва
2026-03-25 09:00:03,Плунжер MMC 6D16/15 D-129395 / 131152-3320 / ME704351 / A160 Дизель,4,450,Дизель,D-129395,Москва
2026-03-25 09:00:03,Плунжер MMC 6D17 D-129396 / 131153-6220 / ME730418 / A741 Дизель,2,604,Дизель,D-129396,Москва
2026-03-25 09:00:03,Плунжер MMC 6D20/6D22/8DC8/8DC9 D-129397 / 131151-2720 / A43 Дизель !,4,478,Дизель,D-129397,Москва
2026-03-25 09:00:03,Плунжер MMC 8DC9T/6D22T D-129403 / 134101-7120 / P55 Дизель,6,598,Дизель,D-129403,Москва
2026-03-25 09:00:03,Плунжер NIS FD6 131151-4520 / A61 !,4,341,JMC,131151-4520,Москва
2026-03-25 09:00:03,Плунжер NIS FD6T FE6A NE6 D-129404 / 131152-2120/A146 Дизель,2,604,Дизель,D-129404,Москва
2026-03-25 09:00:03,Плунжер NIS FE6E D-129407 / 131153-8620 / 16760-Z9116 / A765 Дизель,2,604,Дизель,D-129407,Москва
2026-03-25 09:00:03,Плунжер NIS NF6TA/RH10A; MMC 8DC9/8M20 D-129408 / 134153-1320 P295 Дизель,3,565,Дизель,D-129408,Москва
2026-03-25 09:00:03,Плунжер NIS PE6TA D-129415 / 134101-8720 / P70 Дизель,2,524,Дизель,D-129415,Москва
2026-03-25 09:00:03,Плунжер TOY 13B D-129424 / 090150-3330 Дизель,2,556,Дизель,D-129424,Москва
2026-03-25 09:00:03,Плунжерная пара 93191555/2418455333/057510333/DTP55333MIG Bosch !,1,2731,Bosch,2418455333,Москва
2026-03-25 09:00:03,Пневмогидроусилитель КПП D-127777 / HDC-023 / 33510-1055 HINO Дизель,1,7873,Дизель,D-127777,Москва
2026-03-25 09:00:03,Пневмоподушка 95246-00Z12 AS02-0019/A-175 Nissan CW 520 Rear Y,2,6281,Yamasida,95246-00Z12,Москва
2026-03-25 09:00:03,Пневмоподушка D-126246 / 1-52110-142-1 / A2107 ISUZU CX#/CY#/CV#/EX# 87~ Дизель,2,3764,Дизель,D-126246,Москва
2026-03-25 09:00:03,Пневмоподушка D-126248 / A151-160 / 52270-1350 / A2013 HINO Дизель,1,4896,Дизель,D-126248,Москва
2026-03-25 09:00:03,Пневмоподушка D-126250 / A175 / 95246-00Z12 Nissan CW 520 Rear Дизель,2,4327,Дизель,D-126250,Москва
2026-03-25 09:00:03,Пневмоподушка D-128463 / WG9925528010 Sitrak C7H Дизель,1,8943,Дизель,D-128463,Москва
2026-03-25 09:00:03,Пневмоподушка D-128715 / A138 / ME056299 / A2011 MMC Дизель,3,3440,Дизель,D-128715,Москва
2026-03-25 09:00:03,Пневмоподушка D-129044 / A135 / 7032701 / 7032704 HINO Дизель,7,3309,Дизель,D-129044,Москва
2026-03-25 09:00:03,Пневмоподушка MC056299 AS02-0005 Fuso Y,1,8783,Yamasida,MC056299,Москва
2026-03-25 09:00:03,Пневмоподушка MC096799 AS02-0006 Fuso,2,3864,Дизель,MC096799,Москва
2026-03-25 09:00:03,Пневмоподушка MK493369 Fuso Y,2,5327,Yamasida,MK493369,Москва
2026-03-25 09:00:03,Пневмоподушка сидения D-129072 / P780010103050000 JAC N350 Дизель,1,3641,Дизель,D-129072,Москва
2026-03-25 09:00:03,Пневморессора 1-52111-017-0/8-98355-075-0 FR# 98~ ORIG,1,13782,Isuzu,1-52111-017-0,Москва
2026-03-25 09:00:03,Пневморессора 1-52111-033-0 CX#/CY#/EX# 03~ ORIG,1,14515,Isuzu,1-52111-033-0,Москва
2026-03-25 09:00:03,"Пневморессора без стакана штуц. M16*1.5/шп. M12*1.5 MAN TGA, (Sonder), (09.003.0009)",2,3101,JMC,09.003.0009,Москва
2026-03-25 09:00:03,Поводок стеклоочистителя 98141-6A001 HYUNDAI HD120 ORIG,1,1203,Hyundai-Kia,98141-6A001,Москва
2026-03-25 09:00:03,Поворотник D-126251 / 213-1531R-AQ ISUZU NPR `07~ NLR85/NMR85 Дизель,7,1129,Дизель,D-126251,Москва
2026-03-25 09:00:03,Поворотник D-127129 / 213-1531L-AQ NLR85 NMR85 ISUZU NPR `07~ Дизель,1,1078,Дизель,D-127129,Москва
2026-03-25 09:00:03,Поворотник двери LH 92303-5L001 HYUNDAI HD72/78 ORIG,8,1083,Hyundai-Kia,92303-5L001,Москва
2026-03-25 09:00:03,Повторитель D-126252 / 213-1616L ISUZU FORWARD '90-95' Дизель,2,736,Дизель,D-126252,Москва
2026-03-25 09:00:03,Повторитель D-126253 / 213-1616R ISUZU FORWARD '90-'95 Дизель,2,736,Дизель,D-126253,Москва
2026-03-25 09:00:03,Повторитель D-126254 / 213-1616R-Y ISUZU FORWARD '90-'95 Дизель,2,736,Дизель,D-126254,Москва
2026-03-25 09:00:03,Повторитель R 92304-5H001 Hyundai HD ORIG,3,1131,Hyundai-Kia,92304-5H001,Москва
2026-03-25 09:00:03,Повторитель в бампер LH D-126409 / 1-82210-260-1/0 CXZ51KEXZ51KCYZ51KCYZ51L 6WF1 Дизель,3,774,Дизель,D-126409,Москва
2026-03-25 09:00:03,Повторитель в бампер LH D-126410 / 1-82210-203-0/1 CXZ81K 10PE1 Дизель,1,701,Дизель,D-126410,Москва
2026-03-25 09:00:03,Повторитель в бампер MMC FUSO 06' 214-1650L-U !,2,2956,Depo,214-1650L-U,Москва
2026-03-25 09:00:03,Повторитель в бампер MMC FUSO 06' 214-1650R-U !,2,2956,Depo,214-1650R-U,Москва
2026-03-25 09:00:03,Повторитель в бампер RH D-128000 / 1-82210-259-1/0 CXZ51KEXZ51KCYZ51KCYZ51L 6WF1 Дизель,1,774,Дизель,D-128000,Москва
2026-03-25 09:00:03,Повторитель на дверь ISUZU ELF NLR85 '07 -L D-127170 / 213-1413L-A Дизель,3,385,Дизель,D-127170,Москва
2026-03-25 09:00:03,Повторитель на дверь ISUZU ELF NLR85 '07 -R D-127171 / 213-1413R-A Дизель,4,385,Дизель,D-127171,Москва
2026-03-25 09:00:03,Повторитель на дверь ISUZU FORWARD / GIGA '93-'98 D-129426 / 213-1405L-A Дизель,1,458,Дизель,D-129426,Москва
2026-03-25 09:00:03,Повторитель на дверь LH 1-82213-021-0/228-1 CXZ51KEXZ51KCYZ51KCYZ51LCXZ81K 6WF1.10PE1. Diesel дефект,1,339,Дизель,1-82213-021-0,Москва
2026-03-25 09:00:03,Повторитель на дверь LH D-126257 / 92303-5H000 HD72 Дизель,9,446,Дизель,D-126257,Москва
2026-03-25 09:00:03,Повторитель на дверь MMC FUSO '07 214-1430L-WE !,2,943,Depo,214-1430L-WE,Москва
2026-03-25 09:00:03,Повторитель на дверь MMC FUSO '07 214-1430R-WE !,2,847,Depo,214-1430R-WE,Москва
2026-03-25 09:00:03,Повторитель на дверь RH 1-82213-020-0/227-1 CXZ51KEXZ51KCYZ51KCYZ51LCXZ81K 6WF1.10PE1 Diesel дефект,1,270,Дизель,1-82213-020-0,Москва
2026-03-25 09:00:03,Повторитель на дверь RH D-126258 / 92304-5H000 HD72 Дизель,1,446,Дизель,D-126258,Москва
2026-03-25 09:00:03,Повторитель на дверь БЕЗ КОРПУСА желтый L=R K-219-5368 ж HINO D-129427 / 81730-E0080/E0081 Дизель,1,401,Дизель,D-129427,Москва
2026-03-25 09:00:03,"Повторитель на дверь В КОРПУСЕ желтый L=R D-127172 / K-219-5368 HINO300,500,700 Дизель",1,528,Дизель,D-127172,Москва
2026-03-25 09:00:03,Повторитель поворота D-129428 / 214-1648R-AE FUSO CANTER FE85 LHD / MK427118 / MK580844 Дизель,2,1364,Дизель,D-129428,Москва
2026-03-25 09:00:03,Повторитель поворотов на прав.дверь D-125000/8-97410-180-4/2/3 NPR75/NLR85/NMR85/NQR90/FSR90 Дизель,2,438,Дизель,D-125000,Москва
2026-03-25 09:00:03,Повторитель поворотов на правую дверь D-125151 / 8-97410-180-4 NPR75/NLR85/NMR85/NQR90/FSR90 Дизель,1,569,Дизель,D-125151,Москва
2026-03-25 09:00:03,Поддерживающая скоба тормозной накладки 0980107680 BPW !,3,867,BPW,09.801.07.68.0,Москва
2026-03-25 09:00:03,Поддон (картер) масляный двигателя 8-97385-243-1 4НК1/4НЕ1 NQR75 ORIG,1,29063,Isuzu,8-97385-243-1,Москва
2026-03-25 09:00:03,Поддон 1-11360-912-0/1-11360-862-0/1-11360-860-0 C-series 6WG1 ORIG,2,48353,Isuzu,1-11360-912-0,Москва
2026-03-25 09:00:03,Поддон 8-97385-242-0/8-97333-990-0/8-97230-130-2/8-97092-478-2 N-series 4HV1 (CNG) ГАЗ ORIG,3,32496,Isuzu,8-97385-242-0,Москва
2026-03-25 09:00:03,Поддон D-125914 / 612600150505 JAC N350 WP10 E-5 Дизель,1,5822,Дизель,D-125914,Москва
2026-03-25 09:00:03,Поддон масляный D-126569 / 201V05800-6370 Sitrak C7H Дизель,1,8804,Дизель,D-126569,Москва
2026-03-25 09:00:03,Поддон масляный двигателя 8-97386-772-0 4HK1-T NQR90 ORIG,1,28034,Isuzu,8-97386-772-0,Москва
2026-03-25 09:00:03,Подкладка D-129430 / 2902409-DC30 FAW Дизель,3,333,Дизель,D-129430,Москва
2026-03-25 09:00:03,Подкрылок D-125915 / 86895-7A000 JAC N350 Дизель,1,1283,Дизель,D-125915,Москва
2026-03-25 09:00:03,Подкрылок D-125916 / 86896-7A000 JAC N350 Дизель,1,1283,Дизель,D-125916,Москва
2026-03-25 09:00:03,Подкрылок H1843021002A0 FOTON,2,2200,Дизель,H1843021002A0,Москва
2026-03-25 09:00:03,"Подкрылок L 1-79937-895-6 C,E-series ORIG",4,10814,Isuzu,1-79937-895-5,Москва
2026-03-25 09:00:03,"Подкрылок R 1-79937-894-6 C,E-series ORIG",3,12781,Isuzu,1-79937-894-6,Москва
2026-03-25 09:00:03,"Подкрылок R 8-98134-759-0 C,E-series ORIG",2,10724,Isuzu,8-98134-759-0,Москва
2026-03-25 09:00:03,"Подкрылок R 8-98134-760-0 C,E-series ORIG",1,10704,Isuzu,8-98134-760-0,Москва
2026-03-25 09:00:03,"Подкрылок R D-124999 / 1-79931-064-7 C,E-series Дизель",10,2331,Дизель,D-124999,Москва
2026-03-25 09:00:03,Подкрылок R D-127175 / 8-97048-728-3 NKR/NPR/NQR 94-08 Дизель,5,379,Дизель,D-127175,Москва
2026-03-25 09:00:03,Подкрылок передний левый 86895-5K001 / 86895-5K000 / 86895-5K002 HD65/78 ORIG,3,3071,Hyundai-Kia,86895-5K001,Москва
2026-03-25 09:00:03,Подкрылок передний правый 86896-5K001 / 86896-5K002 / 86896-5K000 HD65/78 ORIG,3,3071,Hyundai-Kia,86896-5K001,Москва
2026-03-25 09:00:03,Подножка L в сборе D-127687 / 8405100LE010 основа металл JAC N75/90 Дизель,1,957,Дизель,D-127687,Москва
2026-03-25 09:00:03,Подножка L ступень средняя D-128985 / DZ13241240673 алюминий SHACMAN F3000 Дизель,1,1143,Дизель,D-128985,Москва
2026-03-25 09:00:03,Подножка L/R ступень нижняя D-126616 / 810W61510-5187 металл Sitrak C7H Дизель,1,1850,Дизель,D-126616,Москва
2026-03-25 09:00:03,Подножка LH 72182-5K001 HYUNDAI HD78 ORIG,5,2438,Hyundai-Kia,72182-5K001,Москва
2026-03-25 09:00:03,Подножка R (пластик) 86930-5H000 HYUNDAI HD72 ORIG,2,560,Hyundai-Kia,86930-5H000,Москва
2026-03-25 09:00:03,Подножка R корпус D-125744 / IZNR05019 / 8978535837 / 8978929650 пластик ISUZU ELF NKR NPR 04 Дизель,2,578,Дизель,D-125744,Москва
2026-03-25 09:00:03,Подножка R ступень верхняя D-129082 / DZ13241240672 алюминий SHACMAN F3000 Дизель,1,967,Дизель,D-129082,Москва
2026-03-25 09:00:03,Подножка RH 72192-5K001 HYUNDAI HD78 ORIG,13,2565,Hyundai-Kia,72192-5K001,Москва
2026-03-25 09:00:03,Подножка верхняя левая D-125016 / 1-71907-249-1 CYZ51/CYZ52 Дизель,1,833,Дизель,D-125016,Москва
2026-03-25 09:00:03,Подножка кабины RH D-125516 / MK486009 MMC FUSO CANTER RUS Дизель,2,1726,Дизель,D-125516,Москва
2026-03-25 09:00:03,Подножка нижняя левая D-126261 / 1-53414-181-0 CYZ51/CYZ52/FVR34 Дизель,2,1265,Дизель,D-126261,Москва
2026-03-25 09:00:03,Подножка передняя WG1664245007 HOWO ORIG,1,1308,Howo,WG1664245007,Москва
2026-03-25 09:00:03,Подножка пластиковая IZNR05019/ D-125280 / 8-97853-583-7/8-97892-965-0 R ISUZU ELF NKR/NPR 2004~ Дизель,3,920,Дизель,D-125280,Москва
2026-03-25 09:00:03,Подогреватель осушителя воздуха пневмосистемы 1-85576-363-0 CYZ51 ORIG,6,9308,Isuzu,1-85576-363-0,Москва
2026-03-25 09:00:03,Подушка двигателя 10PC1 1-53225-105-4/0/ IZ-2271 TZG,2,5105,Дизель,TI-015,Москва
2026-03-25 09:00:03,Подушка двигателя 127361/1778530 Scania DieselTechnic !,2,1793,Diesel Technic,1.27361,Москва
2026-03-25 09:00:03,"Подушка двигателя 4HK1/4HJ1 LH NPR,NQR 98-06 задняя 8-97201-671-0 TZG",2,1567,Дизель,D-127407,Москва
2026-03-25 09:00:03,Подушка двигателя 6WA1/6WG1-T 1-53225-273-1/327-0 ISUZU CYZ/CXZ/EXD/EXR 97~ TZG,2,5008,Дизель,TI-054,Москва
2026-03-25 09:00:03,Подушка двигателя 6WG1 1-53215-222-0 CYZ51 ORIG,3,11341,Isuzu,1-53215-222-0,Москва
2026-03-25 09:00:03,Подушка двигателя 8-98303-823-0/8-98053-832-0/8-97383-795-1 N-series 4JJ1 ORIG,1,5449,Isuzu,8-98303-823-0,Москва
2026-03-25 09:00:03,"Подушка двигателя D-125920 / 1001070LG01B / 1001130G1P10 / S6110-1001015-0 JAC N120, КАМАЗ Компас-12 Дизель",1,1992,Дизель,D-125920,Москва
2026-03-25 09:00:03,Подушка двигателя D-127411 / 1-53225-314-1/0 6HH1/6HE1/6HK1 LH ISUZU FR#/FT#/FS# 94~ TZG Дизель,3,3995,Дизель,D-127411,Москва
2026-03-25 09:00:03,Подушка двигателя D-127415 / ME011807 TZG Дизель,1,894,Дизель,D-127415,Москва
2026-03-25 09:00:03,Подушка двигателя D-127804 / 1-53215-132-0/1 FR EXR17 10PD Дизель,4,1196,Дизель,D-127804,Москва
2026-03-25 09:00:03,Подушка двигателя D-127807 / ME031965 задняя 6D17 Дизель,2,1441,Дизель,D-127807,Москва
2026-03-25 09:00:03,Подушка двигателя D-127808 / ME052272 6D20/22 Дизель,10,1423,Дизель,D-127808,Москва
2026-03-25 09:00:03,"Подушка двигателя D-127810 / 12031-1990 передняя H06C, HO7D Дизель",3,1500,Дизель,D-127810,Москва
2026-03-25 09:00:03,Подушка двигателя D-128239 / 8-97161-494-0 передняя 4HF1 4HG1 4HJ1 Дизель,1,1310,Дизель,D-128239,Москва
2026-03-25 09:00:03,Подушка двигателя D-128240 / EF750 / F20C / 12031-2360 / 1720 FR HINO Дизель,2,3146,Дизель,D-128240,Москва
2026-03-25 09:00:03,Подушка двигателя D-128242 / ME001197 Дизель,1,771,Дизель,D-128242,Москва
2026-03-25 09:00:03,Подушка двигателя D-128324 / WG9925590380 SITRAK C7H Дизель,4,4196,Дизель,D-128324,Москва
2026-03-25 09:00:03,Подушка двигателя D-130237 / 12035-2571 F17E Hino SH1/2/3/4F# 92~ Дизель,3,3454,Дизель,D-130237,Москва
2026-03-25 09:00:03,Подушка двигателя D-130239 / 11328-Z2008 PE6T U.D. TRUCK CK87 CW87 CWA45 86~ Дизель,2,1356,Дизель,D-130239,Москва
2026-03-25 09:00:03,Подушка двигателя D-130269 / 11328-00Z18 MD92T LH N-DIESEL CD/CK/CV/CW 04~ Дизель,2,1864,Дизель,D-130269,Москва
2026-03-25 09:00:03,Подушка двигателя D-130285 / 11328-00Z07 задняя RE8/RH CW5# Дизель,2,1866,Дизель,D-130285,Москва
2026-03-25 09:00:03,"Подушка двигателя LH D-127811 / 12032-1140/1120 H06C, HO7D HINO FD1J#, FD3H#, FC3# Дизель",6,1500,Дизель,D-127811,Москва
2026-03-25 09:00:03,Подушка двигателя MD92T 11328-00Z17 RH N-DIESEL CD/CK/CV/CW 04~ TZG !,2,1864,Дизель,TN-097,Москва
2026-03-25 09:00:03,Подушка двигателя ME061703 / 31214-02502 8DC# перед TZG !,3,860,Дизель,D-127416,Москва
2026-03-25 09:00:03,Подушка двигателя ME061709 / 31214-03104 TZG !,1,634,Дизель,TM-032,Москва
2026-03-25 09:00:03,Подушка двигателя R D-127812 / 12035-1660 / HN-2295 H07C Дизель,10,2211,Дизель,D-127812,Москва
2026-03-25 09:00:03,Подушка двигателя RE8/RF8/RG8 11328-Z2009 U.D. TRUCK CWA53 CW52 CW54 86~ TZG,4,2327,Дизель,TN-031,Москва
2026-03-25 09:00:03,Подушка двигателя SHN-2308 12035-1850-S Schmaco !,2,4511,Schmaco,SHN-2308,Москва
2026-03-25 09:00:03,Подушка двигателя SNS-1210 11223-Z2011-S FR N.-TRUCK CWA52 PF6T Schmaco,2,3327,Schmaco,SNS-1210,Москва
2026-03-25 09:00:03,Подушка двигателя задняя 21813-5H000 Hyundai HD65/72/78/County ORIG,28,658,Hyundai-Kia,21813-5H000,Москва
2026-03-25 09:00:03,Подушка двигателя задняя D-125921 / 21812-Y3J10 JAC N350 Дизель,1,5511,Дизель,D-125921,Москва
2026-03-25 09:00:03,Подушка двигателя задняя RF8/RF10 11328-00Z08 LH N-DIESEL CD450/CW45 89~ TZG,2,1959,Дизель,TN-035,Москва
2026-03-25 09:00:03,Подушка двигателя задняя RF8/RF10 11328-00Z09 RH N-DIESEL CD450/CW45 89~ TZG !,1,1447,Дизель,TN-036,Москва
2026-03-25 09:00:03,Подушка двигателя левая D-125528 / 1-53225-402-1/0 6WF/WG1-T CYZ51 Дизель,1,4732,Дизель,D-125528,Москва
2026-03-25 09:00:03,Подушка двигателя перед D-126263/8-98203-634-0/8-98061-232-0 ISUZU 4HK1-T FR R NQR90 Дизель,2,1767,Дизель,D-126263,Москва
2026-03-25 09:00:03,Подушка двигателя передняя 480409 /A9412417213 / 139631 DieselTechnic !,2,4543,Diesel Technic,4.80409,Москва
2026-03-25 09:00:03,Подушка двигателя передняя 480885 / A9412418713 DieselTechnic,2,8173,Diesel Technic,4.80885,Москва
2026-03-25 09:00:03,Подушка двигателя передняя D-128431 / DZ9114593001 SHACMAN Дизель,1,496,Дизель,D-128431,Москва
2026-03-25 09:00:03,Подушка двигателя передняя D-128464 / 1001025-76A FAW Дизель,1,1074,Дизель,D-128464,Москва
2026-03-25 09:00:03,Подушка ДВС 11328-00Z08 RH UD,1,2086,JMC,11328-00Z08,Москва
2026-03-25 09:00:03,Подушка ДВС 11328-00Z09 LH UD,1,2086,JMC,11328-00Z09,Москва
2026-03-25 09:00:03,Подушка ДВС D-130238 / 11223-Z2010 / 2011 CW520/RE8/10 RF8/10 RH8/10 RG8 92~ Дизель,1,2327,Дизель,D-130238,Москва
2026-03-25 09:00:03,Подушка ДВС MMC CANTER 4M51 / EM-06-4011; EM4011 / MK314011 /,1,2928,JMC,MK314011,Москва
2026-03-25 09:00:03,Подушка ДВС задняя 21813-43110/21823-43001 Grace !,1,437,Hyundai-Kia,21813-43110,Москва
2026-03-25 09:00:03,Подушка ДВС передняя D-125923 / 1001020W5030 JAC N35 Дизель,1,1045,Дизель,D-125923,Москва
2026-03-25 09:00:03,Подушка кабины 1-52110-142-1 CX#/CY#/CV#/EX# 87~ ORIG,1,13127,Isuzu,1-52110-142-4,Москва
2026-03-25 09:00:03,Подушка КПП верх D-127936 / WG9770590320 HOWO Дизель,1,558,Дизель,D-127936,Москва
2026-03-25 09:00:03,Подушка КПП нижняя D-127899 / WG9770590324 HOWO Дизель,2,227,Дизель,D-127899,Москва
2026-03-25 09:00:03,Подушка подвесного подшипника SHN-8228 37235-1090-S H/N FS270 Schmaco !,1,653,Schmaco,SHN-8228,Москва
2026-03-25 09:00:03,Подушка подвесного подшипника SMS-8214 MC881040-S FP418 Schmaco !,2,796,Schmaco,SMS-8214,Москва
2026-03-25 09:00:03,Подушка подвесного подшипника SNS-8133 37518-90009-S Schmaco !,2,705,Schmaco,SNS-8133,Москва
2026-03-25 09:00:03,"Подушка радиатора 1-21467-004-0 F,C,E-Series ORIG",1,499,Isuzu,1-21467-004-0,Москва
2026-03-25 09:00:03,Подушка резиновая 54074 Auger !,4,855,Auger,54074,Москва
2026-03-25 09:00:03,Подушка рессоры 230х210х152 480445/51245/A0003250596/A0003250796/9560066359 Mercedes/Diesel Technic,2,5713,Diesel Technic,4.80445,Москва
2026-03-25 09:00:03,Подушка рессоры 230х210х152 51245/ A0003250596 / A0003250796 / 480445 / 9560066359 Mercedes/Auger !,2,4498,Auger,51245,Москва
2026-03-25 09:00:03,Подушка рессоры 230х210х152 A0003250596SKV/51245/ A0003250796 / 480445 / 9560066359 Mercedes SKV,19,3902,SKV,A0003250596,Москва
2026-03-25 09:00:03,Подушка рессоры 2556301 VOLVO TRUCK F12/F16/FH12/FH16 SKV,18,3590,SKV,2556301,Москва
2026-03-25 09:00:03,Подшипник 1103360 Iveco Orig,1,8134,Iveco,1103360,Москва
2026-03-25 09:00:03,Подшипник 17*47*14 6303-2RS Universal SKV,3,202,SKV,6303-2RS,Москва
2026-03-25 09:00:03,Подшипник 32024 CRAFT,1,3616,Craft,32024XA,Москва
2026-03-25 09:00:03,Подшипник 33206J/33206JR/4T-33206/--- Y7691-57206 (NTN),1,1409,NTN,33206,Москва
2026-03-25 09:00:03,Подшипник 463173 / A0119819905 / A0159811605 / 98530204 Mercedes/DieselTechnic !,1,1926,Diesel Technic,4.63173,Москва
2026-03-25 09:00:03,Подшипник 463177/A0159816205 / 98530277 Mercedes/DieselTechnic !,1,2813,Diesel Technic,4.63177,Москва
2026-03-25 09:00:03,Подшипник 60TNK20 NSK,6,1420,NSK,60TNK20,Москва
2026-03-25 09:00:03,Подшипник 6205ZZ/MS556035/9-00090-163-0 25*52*15 Universal NSK,1,585,NSK,6205ZZCM,Москва
2026-03-25 09:00:03,Подшипник 6206DDU/6206-2NSE 30*62*16 Universal NSK,2,488,NSK,6206DDUCM,Москва
2026-03-25 09:00:03,Подшипник 6306-2RS / 111032 30*72*19 Universal NSK,7,566,NSK,6306-2RS,Москва
2026-03-25 09:00:03,Подшипник 646507/A0019808402 /0735372156 / VKT8897 Mercedes/DieselTechnic !,2,3318,Diesel Technic,6.46507,Москва
2026-03-25 09:00:03,Подшипник 7220655100/32020 /A0019817205 / VKHB2306 Mercedes/INA,1,4566,INA,7220655100,Москва
2026-03-25 09:00:03,Подшипник 8001320212/32021/VKHB2160/1104922 Europart !,2,3549,Europart,8001320212,Москва
2026-03-25 09:00:03,Подшипник ступичный 90366-40059 / ST4090 SKV,1,1456,SKV,ST4090,Москва
2026-03-25 09:00:03,Подшипник 98530107/A0139810605/0159819005 Mercedes/NTN !,1,3227,NTN,98530107,Москва
2026-03-25 09:00:03,Подшипник A0089811325 / A0089815325 / 98530108 / 90*130*14 Mercedes ориг !,2,4700,Mercedes,A 008 981 13 25,Москва
2026-03-25 09:00:03,Подшипник A0139811810 / 98530126 Mercedes ориг !,1,15528,Mercedes-Benz,A 013 981 18 10,Москва
2026-03-25 09:00:03,Подшипник HK2518 25*32*18 NSK,2,832,NSK,HK2518,Москва
2026-03-25 09:00:03,Подшипник HR30310DJ NSK,7,2755,NSK,HR30310DJ,Москва
2026-03-25 09:00:03,Подшипник балансира AK99114520042 JAC N350 ORIG,2,6452,JAC,AK99114520042,Москва
2026-03-25 09:00:03,Подшипник балансира внутренний 8138307 Iveco !,1,8904,Errevi,728561,Москва
2026-03-25 09:00:03,Подшипник балансира цилиндрический WAYTEKO PREMIUM F2000/F3000,2,2541,JMC,F2000,Москва
2026-03-25 09:00:03,Подшипник вала вторичного 8-97035-048-0 ORIG,2,3194,Isuzu,8-97035-048-0,Москва
2026-03-25 09:00:03,"Подшипник воздушного компрессора 1-09800-268-0 F,C-series ORIG",1,3437,Isuzu,1-09800-268-0,Москва
2026-03-25 09:00:03,"Подшипник воздушного компрессора D-126416 / 1-09800-232-0 F,C-series Дизель",3,699,Дизель,D-126416,Москва
2026-03-25 09:00:03,"Подшипник выжимной 1-31310-006-0/1-31310-028-0 C,E-series ORIG",3,23141,Isuzu,1-31310-006-0,Москва
2026-03-25 09:00:03,Подшипник выжимной 1-31310-012-0 Isuzu SKV,16,1849,SKV,1-31310-012-0,Москва
2026-03-25 09:00:03,Подшипник выжимной 1-31310-012-0 Isuzu Y,9,3301,Yamasida,1-31310-012-0,Москва
2026-03-25 09:00:03,Подшипник выжимной 1-31310-026-0/1-87610-109-0 FRR/FSR/FTR 08~ ORIG CHINA,10,3830,Isuzu,1-87610-109-0,Москва
2026-03-25 09:00:03,Подшипник выжимной 31230-35070 HINO/DYNA RICH !,2,222,Дизель,31230-35070,Москва
2026-03-25 09:00:03,Подшипник выжимной 31230-36210 /F42023JC/BRG892/68SCRN62P HINO 300(E-3) SKV,326,901,SKV,31230-36210,Москва
2026-03-25 09:00:03,Подшипник выжимной 31230-37050 68TKL4002 HINO300 E4 / T-DYNA N04C SKV,14,1375,SKV,68TKL4002,Москва
2026-03-25 09:00:03,Подшипник выжимной 31230-37050 HINO300 E4 / T-DYNA N04C (BVP quality) SKV Premium,4,2132,SKV,31230-37050,Москва
2026-03-25 09:00:03,Подшипник выжимной 31230-37050 HINO300 E4 / T-DYNA N04C Y,5,3818,Yamasida,31230-37050,Москва
2026-03-25 09:00:03,Подшипник выжимной 40TRK-1/RCT4075-1S/30502-21000/TK40-4AK NSK,1,1435,NSK,40TRK-1,Москва
2026-03-25 09:00:03,Подшипник выжимной 41411-55800 HYUNDAI HD120 ORIG,1,11294,Hyundai-Kia,41411-55800,Москва
2026-03-25 09:00:03,Подшипник выжимной 41412-4Z000 BONGO III RICH !,6,473,Дизель,41412-4Z000,Москва
2026-03-25 09:00:03,Подшипник выжимной 5-87610-110-0/8-97255-313-0 NQR71/75 NLR85 ORIG,1,6860,Isuzu,8-97255-313-0,Москва
2026-03-25 09:00:03,Подшипник выжимной 5-87610-110-0/8-97255-313-0 NQR71/75 NLR85 SKV Premium (BVP),19,1624,SKV,5-87610-110-0,Москва
2026-03-25 09:00:03,Подшипник выжимной 58TKA3703B SKV,9,741,SKV,58TKA3703B,Москва
2026-03-25 09:00:03,Подшипник выжимной 62TNK20 RICH !,1,344,Дизель,62TNK20,Москва
2026-03-25 09:00:03,Подшипник выжимной 6G120L-0040 N120 LE359 JAC ORIG,5,5592,JAC,6G120L-0040,Москва
2026-03-25 09:00:03,Подшипник выжимной 70TNK-1/9-00095-044-1/30502-Z9007/31242-1060 Isuzu C-series/HINO Ranger/Profia/Nissan UD NSK,6,1850,NSK,70TNK-1,Москва
2026-03-25 09:00:03,Подшипник выжимной 78TKL4001AR NSK,1,3178,NSK,78TKL4001AR,Москва
2026-03-25 09:00:03,Подшипник выжимной 78TKL4801AR / 8-97255-313-0 Isuzu SKV,7,1567,SKV,78TKL4801AR,Москва
2026-03-25 09:00:03,Подшипник выжимной BRG713 / 41421-43020 JAPAN H100/150/200 (упаковка НЕСТАНДРТ) EXEDY,11,853,Exedy,BRG713,Москва
2026-03-25 09:00:03,Подшипник выжимной CT5586ARSE/SF1135 31230-1030A/1050/31242-1110 SKV,4,601,SKV,CT5586ARSE,Москва
2026-03-25 09:00:03,Подшипник выжимной CT5588ARSE/55TMK09-1/90363-63024/31242-1120/1030/1020 RICH !,2,444,Rich,CT5588ARSE,Москва
2026-03-25 09:00:03,"Подшипник выжимной D-125282 / 1-31310-026-0 FSR34,FSR90, FRR/FSR/FTR 08~ Дизель",9,4280,Дизель,D-125282,Москва
2026-03-25 09:00:03,Подшипник выжимной D-126574 / 86CL6089F0 FAW Дизель,8,1972,Дизель,D-126574,Москва
2026-03-25 09:00:03,Подшипник выжимной D-126898 / 6G120L-0040 N120 LE359 JAC Дизель,7,5378,Дизель,D-126898,Москва
2026-03-25 09:00:03,Подшипник выжимной D-126899 / WG2209260005/2 / 996714KA-TX HOWO A7 Дизель,1,1337,Дизель,D-126899,Москва
2026-03-25 09:00:03,"Подшипник выжимной D-127352 / 2164195 Scania P,G,R,T - series Дизель",6,2514,Дизель,D-127352,Москва
2026-03-25 09:00:03,Подшипник выжимной D-127393 / 1-31310-026-0 / 1-87610-109-0 FRR FSR FTR 08~ BVP quality Дизель,2,3579,Дизель,D-127393,Москва
2026-03-25 09:00:03,Подшипник выжимной D-127394 / 1-87610-108-0 / 1-09820-117-0 FVR34 6HK1 BVP quality Дизель,3,1963,Дизель,D-127394,Москва
2026-03-25 09:00:03,Подшипник выжимной D-127397 / 5-87610-110-0 / 8-97255-313-0 NQR71/75 NLR85 BVP quality Дизель,15,2310,Дизель,D-127397,Москва
2026-03-25 09:00:03,Подшипник выжимной D-127690 / 81CT4862F2 N75/80/90 JAC Дизель,1,1675,Дизель,D-127690,Москва
2026-03-25 09:00:03,Подшипник выжимной D-127901 / WG9114160030 HOWO Дизель,1,1675,Дизель,D-127901,Москва
2026-03-25 09:00:03,Подшипник выжимной D-129433 / 68SCRN48P / F42023JC / BRG892 HINO 300(E-3) RICH Дизель !,2,1036,Дизель,D-129433,Москва
2026-03-25 09:00:03,Подшипник выжимной HD65/72/COUNTY 41420-45001 PRB-50/ SKV,3,854,SKV,41420-45001,Москва
2026-03-25 09:00:03,Подшипник выжимной HINO500 FVR34 65TNK20 / S312421240 / 31242-1240 SKV,8,1106,SKV,65TNK20,Москва
2026-03-25 09:00:03,Подшипник выжимной M-1605623 N75 JAC ORIG,1,1932,JAC,M-1605623,Москва
2026-03-25 09:00:03,Подшипник выжимной RCT422SA1/60TKC4202 8-94379-499-0/8-94453-348-0/8-94453-349-0 SKV,1,840,SKV,RCT422SA1,Москва
2026-03-25 09:00:03,Подшипник выжимной S1700L21069-40800 JAC ORIG,7,3539,JAC,S1700L21069-40800,Москва
2026-03-25 09:00:03,Подшипник выжимной TK55-1A1 / 55TMK804/2E / CT55BL1 / 1-09820-008-0 SKV,4,865,SKV,TK55-1A1,Москва
2026-03-25 09:00:03,Подшипник выжимной TK70-1A/CT70B ТК70-9/U3 ME632049/31242-1260A/1-09820-118-0/9-00 SKV,1,1448,SKV,TK70-1A,Москва
2026-03-25 09:00:03,Подшипник выжимной TKS54-19K MRK SKV,5,734,SKV,TKS54-19K,Москва
2026-03-25 09:00:03,Подшипник выжимной WG9114160030 HOWO ORIG,6,9569,Howo,WG9114160030,Москва
2026-03-25 09:00:03,Подшипник выжимной без муфты 45*73,5,634,Дизель,45*73,Москва
2026-03-25 09:00:03,Подшипник выжимной в сборе 1-31310-023-0 / 1-31310-014-0 CYZ5 CYZ52 SKV,2,4787,SKV,1-31310-023-0,Москва
2026-03-25 09:00:03,Подшипник выжимной с муфтой 1602050Z1A N56 JAC ORIG,1,2243,JAC,1602050Z1A,Москва
2026-03-25 09:00:03,Подшипник выжимной с муфтой D-126897 / 996914+11203 FAW Дизель,1,1128,Дизель,D-126897,Москва
2026-03-25 09:00:03,"Подшипник генератора 1-81229-815-0 F,C,N-series ORIG",1,5499,Isuzu,1-81229-815-0,Москва
2026-03-25 09:00:03,"Подшипник генератора 1-81229-816-0 F,C,N-series ORIG",1,9714,Isuzu,1-81229-816-0,Москва
2026-03-25 09:00:03,Подшипник гидравлический ME538976 / ME539937 / ME523205 / ME523208 / CSC2524 4M50/4M51 SKV,4,5375,SKV,ME538976,Москва
2026-03-25 09:00:03,Подшипник дифференциала 53610-45010 HYUNDAI HD72 ORIG,1,2532,Hyundai-Kia,53610-45010,Москва
2026-03-25 09:00:03,Подшипник дифференциала задний D-125927 / 2402B-033 (NUP307) роликовый JAC N120 Дизель,1,2211,Дизель,D-125927,Москва
2026-03-25 09:00:03,Подшипник зад ступицы HTPHW934206097/WG934206097/812W93420-6097 HOWO ORIG,4,26877,Howo,HTPHW934206097,Москва
2026-03-25 09:00:03,Подшипник зад ступицы внутр D-127691 / 33216X2 JAC N120 LE35S Дизель,1,2623,Дизель,D-127691,Москва
2026-03-25 09:00:03,Подшипник зад ступицы внутренний (105*190*39) 1102864 / VKHB2215 / 30221J2 / CRF-30221A CRAFT !,1,2480,Craft,CRF-30221A,Москва
2026-03-25 09:00:03,Подшипник зад ступицы наруж D-127692 / 30615 JAC N120 LE35S Дизель,1,2623,Дизель,D-127692,Москва
2026-03-25 09:00:03,Подшипник зад. ступицы наруж 041270/9469812305 / A0099814305 / A0119812305 / VKHB2329/463167 /SAMPA,1,2038,Sampa,041.270,Москва
2026-03-25 09:00:03,Подшипник задней ступицы 52701-4FA40 HYUNDAI PORTER II ORIG,1,1528,Hyundai-Kia,52701-4FA40,Москва
2026-03-25 09:00:03,Подшипник задней ступицы внутр (30222)190003326067 Н,2,1624,Howo,30222,Москва
2026-03-25 09:00:03,Подшипник задней ступицы внутр 1-09812-257-0/1-09812-233-0 CYZ51/CYZ52/FVR34 ORIG,1,13441,Isuzu,1-09812-257-0,Москва
2026-03-25 09:00:03,Подшипник задней ступицы наруж 9704510410 JAC N35 ORIG,1,1126,JAC,9704510410,Москва
2026-03-25 09:00:03,Подшипник игольчатый 463066 /A0129818910 / 137181 Mercedes/ DieselTechnic !,1,950,Diesel Technic,4.63066,Москва
2026-03-25 09:00:03,Подшипник игольчатый J90-1601028-2 JAC ORIG,1,1107,JAC,J90-1601028-2,Москва
2026-03-25 09:00:03,Подшипник игольчатый K283518-6G120 JAC ORIG,4,118,JAC,K283518-6G120,Москва
2026-03-25 09:00:03,Подшипник игольчатый шестерни 2 передачи K758335-6G120 JAC ORIG,4,605,JAC,K758335-6G120,Москва
2026-03-25 09:00:03,Подшипник игольчатый шестерни 3 передачи K758340ZW-6G120 JAC ORIG,4,960,JAC,K758340ZW-6G120,Москва
2026-03-25 09:00:03,Подшипник игольчатый шестерни 4 передачи D-125929 / K606830-6G120 JAC Дизель,1,553,Дизель,D-125929,Москва
2026-03-25 09:00:03,Подшипник игольчатый шестерни 4 передачи K606830-6G120 JAC ORIG,1,404,JAC,K606830-6G120,Москва
2026-03-25 09:00:03,Подшипник игольчатый шестерни 6 передачи D-125930 / K445045ZW-6G120 JAC Дизель,1,469,Дизель,D-125930,Москва
2026-03-25 09:00:03,Подшипник игольчатый шестерни 6 передачи K445045ZW-6G120 JAC ORIG,1,485,JAC,K445045ZW-6G120,Москва
2026-03-25 09:00:03,Подшипник КПП (игольчатый) D-129869 / WG9003324824 HOWO T5G Дизель,1,3110,Дизель,D-129869,Москва
2026-03-25 09:00:03,Подшипник КПП (игольчатый) ME533957 Fuso Canter TF ORIG,14,1131,Mitsubishi,ME533957,Москва
2026-03-25 09:00:03,Подшипник КПП (игольчатый) ME533957 Fuso Canter TF SKV,37,771,SKV,ME533957,Москва
2026-03-25 09:00:03,Подшипник КПП 2-ой передачи ME533955 Fuso Canter E-5 SKV,10,924,SKV,ME533955,Москва
2026-03-25 09:00:03,Подшипник КПП 43225-5H000 HYUNDAI HD72/78/County ORIG,25,4057,Hyundai-Kia,43225-5H000,Москва
2026-03-25 09:00:03,Подшипник КПП 43426-5H050 HYUNDAI HD65/72/78/County D4DD/DB ORIG,9,4911,Hyundai-Kia,43426-5H050,Москва
2026-03-25 09:00:03,Подшипник КПП 6-й передачи SU002-00342 HINO300 E4 / T-DYNA N04C SKV,2,1165,SKV,SU002-00342,Москва
2026-03-25 09:00:03,Подшипник КПП 6307DU/DDUNR/43425-P03510 Hyundai HD78 NSK,25,1160,NSK,6307DDUNR,Москва
2026-03-25 09:00:03,Подшипник КПП 8-97377-968-0 F-series ORIG,4,14625,Isuzu,8973779680,Москва
2026-03-25 09:00:03,Подшипник КПП ME502927 Fuso Canter TF ORIG,2,4676,Mitsubishi,ME502927,Москва
2026-03-25 09:00:03,Подшипник КПП ME502927 Fuso Canter TF SKV,34,961,SKV,ME502927,Москва
2026-03-25 09:00:03,Подшипник КПП ME533953 Fuso Canter TF ORIG,31,5313,Mitsubishi,ME533953,Москва
2026-03-25 09:00:03,Подшипник КПП ME536991 Fuso Canter TF SKV,38,839,SKV,ME536991,Москва
2026-03-25 09:00:03,Подшипник КПП MH040101 Fuso Canter SKV,33,797,SKV,MH040101,Москва
2026-03-25 09:00:03,Подшипник КПП NUPK308/43426-6A340 Hyundai HD72 NSK,1,3350,NSK,NUPK308,Москва
2026-03-25 09:00:03,Подшипник КПП NUPK309A1NRC3 / QW43425-6A340 HYUNDAI HD120 NSK,10,6193,NSK,QW434256A340,Москва
2026-03-25 09:00:03,Подшипник КПП QD43242T-00160 HYUNDAI HD65/72/78/County ORIG,2,555,Hyundai-Kia,QD43242T00160,Москва
2026-03-25 09:00:03,Подшипник КПП Z-1701302-00-00 JAC N35 ORIG,4,1416,JAC,Z-1701302-00-00,Москва
2026-03-25 09:00:03,Подшипник КПП втор вала Z-1701209-00-00 JAC N35 ORIG,1,1245,JAC,Z-1701209-00-00,Москва
2026-03-25 09:00:03,Подшипник КПП вторичного вала 43227-45200 HYUNDAI HD72 ORIG,6,1622,Hyundai-Kia,43227-45200,Москва
2026-03-25 09:00:03,Подшипник КПП вторичного вала 8-94178-731-0 ORIG,2,6245,Isuzu,8-94178-731-0,Москва
2026-03-25 09:00:03,"Подшипник КПП вторичного вала 8-98316-126-0 C,E-series ORIG",1,27009,Isuzu,8-98316-126-0,Москва
2026-03-25 09:00:03,Подшипник КПП вторичного вала передний ME502938 Fuso Canter FE85/TF SKV,15,1198,SKV,ME502938,Москва
2026-03-25 09:00:03,Подшипник КПП игольчатый 137162/0750115324 CEI,1,2182,CEI,137162,Москва
2026-03-25 09:00:03,Подшипник КПП игольчатый 43265-5H000 D4DD Hyundai HD78 ORIG,3,1033,Hyundai-Kia,43265-5H000,Москва
2026-03-25 09:00:03,Подшипник КПП игольчатый 722031010 INA,1,1222,INA,722031010,Москва
2026-03-25 09:00:03,Подшипник КПП перв/втор вала QW43225-6A340 Hyundai HD120 ORIG,6,7163,Hyundai-Kia,QW43225-6A340,Москва
2026-03-25 09:00:03,Подшипник КПП первичного вала 8-97035-047-0 ORIG,2,9150,Isuzu,8-97035-047-0,Москва
2026-03-25 09:00:03,Подшипник КПП первичного вала 8-97253-098-1 MYY5/MYY6 NPR/NQR71/75 ORIG,24,14738,Isuzu,8-97253-098-1,Москва
2026-03-25 09:00:03,Подшипник КПП первичного вала D-125352 / 8-97253-098-1 MYY5/MYY6 NPR/NQR71/75 Дизель,4,1816,Дизель,D-125352,Москва
2026-03-25 09:00:03,Подшипник КПП первичного вала D-128794 / 8-97253-098-1 MYY5/MYY6 NPR/NQR71/75 Дизель,2,1273,Дизель,D-128794,Москва
2026-03-25 09:00:03,Подшипник маховика 23221-52000 HYUNDAI D6DA/DB/DD ORIG,1,1294,Hyundai-Kia,23221-52000,Москва
2026-03-25 09:00:03,Подшипник маховика 5-87610-166-1 / 8-97325-153-0 N-series 4JJ1 ORIG CHINA,1,620,Isuzu,5-87610-166-1,Москва
2026-03-25 09:00:03,Подшипник маховика 62042NSE/RS/21023-Z5000/90033-63032/MH040027 20*47*14 HINO/MMC/NISSAN SKV,43,134,SKV,6204-2RS,Москва
2026-03-25 09:00:03,Подшипник маховика D-125932 / 6305-2RS / 180305 / 90003311416 / CK8325 62x25x17 JAC N350 Дизель,3,335,Дизель,D-125932,Москва
2026-03-25 09:00:03,Подшипник маховика D-128678 / 200V93410-0143 / 6305-2RS HOWO T5G Дизель,1,414,Дизель,D-128678,Москва
2026-03-25 09:00:03,Подшипник маховика D-128795 / 8-97258-239-0 NQR71/75 Дизель,3,228,Дизель,D-128795,Москва
2026-03-25 09:00:03,Подшипник маховика SZ371-17009/98811-7112/6203 HINO 300 E-3/4 SKV,4,90,SKV,SZ371-17009,Москва
2026-03-25 09:00:03,Подшипник оси вилки сцепления 1-09811-396-0 F-series ORIG,1,1678,Isuzu,1-09811-396-0,Москва
2026-03-25 09:00:03,Подшипник оси вилки сцепления D-127693 / M-1605622 JAC N80/90 LE80B/LE801 Дизель,2,845,Дизель,D-127693,Москва
2026-03-25 09:00:03,Подшипник первичного вала 43227-5H010/QD43227T00060/43227T00060 HD78 ORIG,14,3272,Hyundai-Kia,43227-5H010,Москва
2026-03-25 09:00:03,Подшипник первичного вала NUP2212EX1MC3YA6G120 N120 JAC ORIG,4,10089,JAC,NUP2212E1MC3YA6G120,Москва
2026-03-25 09:00:03,Подшипник первичного вала NUP2212EX1MC3YA6G120 N120 JAC ТМВ,1,7406,Дизель,NUP2212E1MC3YA6G120,Москва
2026-03-25 09:00:03,Подшипник первичного вала шариковый S1700L21069-40023 JAC ORIG,2,1241,JAC,S1700L21069-40023,Москва
2026-03-25 09:00:03,Подшипник первичного/вторичного вала кпп M-1701601 N75 JAC ORIG,1,2446,JAC,M-1701601,Москва
2026-03-25 09:00:03,Подшипник передней ступицы 22479742 VOLVO SKV,15,9555,SKV,22479742,Москва
2026-03-25 09:00:03,Подшипник передней ступицы наружный 1104922 / VKHB2160 SKF !,3,3980,SKF,VKHB2160,Москва
2026-03-25 09:00:03,Подшипник поворотного кулака 3001500M1 N120 JAC ORIG,4,832,JAC,3001500M1,Москва
2026-03-25 09:00:03,Подшипник подвесной 1-37516-048-0/2 (Р85) TZG 60mm,1,5986,Дизель,D-127423,Москва
2026-03-25 09:00:03,Подшипник подвесной 1-87610-172-0 F-series ORIG,1,15927,Isuzu,1-87610-172-0,Москва
2026-03-25 09:00:03,Подшипник подвесной 49710-5A010 Hyundai ORIG,3,4667,Hyundai-Kia,49710-5A010,Москва
2026-03-25 09:00:03,Подшипник подвесной 49710-5A020 Hyundai HD35-78 ORIG,76,3689,Hyundai-Kia,49710-5A020,Москва
2026-03-25 09:00:03,Подшипник подвесной 49710-5H500 / MB563234 HD65 HD65/72 98 SKV d=40mm,55,1663,SKV,49710-5H500,Москва
2026-03-25 09:00:03,Подшипник подвесной 49710-5K700 Hyundai ORIG,82,3843,Hyundai-Kia,49710-5K700,Москва
2026-03-25 09:00:03,Подшипник подвесной 5-87610-200-0 / 8-98020-880-0 / 5-37510-007-0 NPR/NQR71/75/90 40mm ORIG CHINA,2,4870,Isuzu,5-87610-200-0,Москва
2026-03-25 09:00:03,Подшипник подвесной 5-87610-203-0/8-97131-143-1/0 Ф45мм NQR/NPR 93-06` ORIG China,4,5960,Isuzu,5-87610-203-0,Москва
2026-03-25 09:00:03,Подшипник подвесной D-125372 / 8-97131-143-1/0 Ф45мм ISUZU NQR/NPR 93-06` Дизель,1,2355,Дизель,D-125372,Москва
2026-03-25 09:00:03,Подшипник подвесной D-125426 / 1-37510-115-0 60 мм CYZ51K/FVR34 Дизель,1,5087,Дизель,D-125426,Москва
2026-03-25 09:00:03,Подшипник подвесной D-127405 / 5-37516-006-0 Isuzu Truck Дизель,3,1552,Дизель,D-127405,Москва
2026-03-25 09:00:03,Подшипник подвесной D-127421 / 1-37516-047-2 (Р110) Isuzu Ф55 Дизель,2,3447,Дизель,D-127421,Москва
2026-03-25 09:00:03,Подшипник подвесной D-127428 / 37510-Z2002 Дизель,6,2321,Дизель,D-127428,Москва
2026-03-25 09:00:03,Подшипник подвесной D-127695 / 2202050LE010 JAC N56/90 Е5 Дизель,1,2273,Дизель,D-127695,Москва
2026-03-25 09:00:03,"Подшипник подвесной D-127814 / 1-37510-105-0 / 8-98020-881-0 Isuzu F-series, FSR90 Дизель",2,1354,Дизель,D-127814,Москва
2026-03-25 09:00:03,Подшипник подвесной D-128244 / 37510-90060 Ф60мм CW520 RF8 01~ Дизель,2,2198,Дизель,D-128244,Москва
2026-03-25 09:00:03,Подшипник подвесной D-128384 / AZ9370314190 SITRAK Дизель,2,3106,Дизель,D-128384,Москва
2026-03-25 09:00:03,Подшипник подвесной D-129087 / MC802640 / COB2640 Ø66mm MMC FUSO FV FU FY FT FS Дизель,2,2954,Дизель,D-129087,Москва
2026-03-25 09:00:03,Подшипник подвесной D-130268 / 37235-1060 SET 100*55*21 HINO 89~ FG/FN/FH/FR/FP/FT Дизель,2,3981,Дизель,D-130268,Москва
2026-03-25 09:00:03,Подшипник подвесной SIZ-8202 5-37516-006-1-S Schmaco !,3,2249,Schmaco,SIZ-8202,Москва
2026-03-25 09:00:03,Подшипник полуоси Iveco Trakker роликовый 55x100x60 BC1B320330CRF0330P CRAFT,2,6682,Craft,BC1B320330CRF0330P,Москва
2026-03-25 09:00:03,Подшипник промежуточного вала 344/332-6G120 JAC ORIG,3,2745,JAC,344/332-6G120,Москва
2026-03-25 09:00:03,Подшипник промежуточного вала NCL306ENV-C3YA JAC ORIG,1,3340,JAC,NCL306ENV-C3YA,Москва
2026-03-25 09:00:03,Подшипник промежуточный первичного и вторичного вала КПП 8-97035-050-0 / 8-97228-274-0 ORIG,4,5342,Isuzu,8-97228-274-0,Москва
2026-03-25 09:00:03,Подшипник редуктора 07NU1026-6VHSH2/SZ365-35011 35*96*26 HINO 700 SKV,1,2033,SKV,SZ365-35011,Москва
2026-03-25 09:00:03,Подшипник редуктора 53610-5H000 HYUNDAI D4DD HD65/72/County ORIG,4,6560,Hyundai-Kia,53610-5H000,Москва
2026-03-25 09:00:03,Подшипник редуктора D-125936 / 32314B JAC N350 Дизель,1,5131,Дизель,D-125936,Москва
2026-03-25 09:00:03,Подшипник редуктора D-125937 / 33115JR JAC N350 Дизель,1,3157,Дизель,D-125937,Москва
2026-03-25 09:00:03,Подшипник редуктора D-128326 / 810W32499-0192 SITRAK C7H Дизель,1,5191,Дизель,D-128326,Москва
2026-03-25 09:00:03,Подшипник редуктора SZ366-70011/H913849/810 HINO 700 SKV,3,1438,SKV,SZ366-70011,Москва
2026-03-25 09:00:03,Подшипник редуктора зад моста 60*130*35 D-126575/190003326236/30312/7312 HOWO Дизель,1,1103,Дизель,D-126575,Москва
2026-03-25 09:00:03,Подшипник редуктора сред моста 60*110*22 D-126759/190003311036/6212 HOWO Дизель,2,683,Дизель,D-126759,Москва
2026-03-25 09:00:03,Подшипник редуктора сред моста D-126760/6212/212/190003300036/AZ190003300036 HOWO Дизель,1,656,Дизель,D-126760,Москва
2026-03-25 09:00:03,Подшипник редутора среднего моста 42115171 Iveco,2,3765,Iveco,42115171,Москва
2026-03-25 09:00:03,Подшипник роликовый RN2204X2MB JAC ORIG,3,4196,JAC,RN2204X2MB,Москва
2026-03-25 09:00:03,Подшипник стартера 8-97025-676-0 N-series 4HV1 (CNG) ГАЗ ORIG,1,5245,Isuzu,8-97025-676-0,Москва
2026-03-25 09:00:03,Подшипник ступицы 2300143299/NU2211E.TVP2 FAG !,12,6387,JMC,2300143299,Москва
2026-03-25 09:00:03,Подшипник ступицы 2300143299/NU2211ECP SKF,6,7163,SKF,NU2211ECP,Москва
2026-03-25 09:00:03,Подшипник ступицы CRF-33207 A Craft !,2,982,Craft,CRF-33207A,Москва
2026-03-25 09:00:03,Подшипник ступицы D-125928 / 33220JR задней JAC N350 Дизель,1,5178,Дизель,D-125928,Москва
2026-03-25 09:00:03,Подшипник ступицы D-125934 / 32315 перед JAC N350 Дизель,1,3983,Дизель,D-125934,Москва
2026-03-25 09:00:03,"Подшипник ступицы D-125935 / TR5510032 передней, внутренний JAC N120 Дизель",3,1224,Дизель,D-125935,Москва
2026-03-25 09:00:03,Подшипник ступицы D-126896 / 32315 FAW / JAC N350 Дизель,4,2584,Дизель,D-126896,Москва
2026-03-25 09:00:03,"Подшипник ступицы D-126904 / 33209 передней, внутренний 1066 FAW Дизель",2,969,Дизель,D-126904,Москва
2026-03-25 09:00:03,"Подшипник ступицы D-126920 / 33022 / 06.32499.0155 / 2406090 задней, наружный X3000/F3000 Дизель",1,2067,Дизель,D-126920,Москва
2026-03-25 09:00:03,Подшипник ступицы D-128004-D / 8-94248-088-2 передней внутренний N-series Дизель,2,1470,Дизель,D-128004-D,Москва
2026-03-25 09:00:03,Подшипник ступицы D-128344 / 710W93420-0104 /33220 SITRAK Дизель,1,2930,Дизель,D-128344,Москва
2026-03-25 09:00:03,Подшипник ступицы D-128352 / 710W93420-0082 / 32314BJ2 SITRAK Дизель,3,2009,Дизель,D-128352,Москва
2026-03-25 09:00:03,Подшипник ступицы D-130436 / 81.93420.0074 / 06.32499.0081 передней внутренний 130*70*35/56 Дизель,2,1959,Дизель,D-130436,Москва
2026-03-25 09:00:03,Подшипник ступицы RR IN HN300/500(E4) HR32215J/32215/MS556519/9884-75101/43210-L0700/01014-10584 NSK,1,4366,NSK,HR32215J,Москва
2026-03-25 09:00:03,Подшипник ступицы зад D-126901 / 3104030-A6E-C00/A FAW CA3311 Дизель,2,4085,Дизель,D-126901,Москва
2026-03-25 09:00:03,Подшипник ступицы заднего моста наруж. 9-00093-607-0 NQR90/NPR75/NQR75/NQR71 ORIG,6,3327,Isuzu,9-00093-607-0,Москва
2026-03-25 09:00:03,Подшипник ступицы задней D-126902 / 33120X2 FAW CA3311 Дизель,1,2540,Дизель,D-126902,Москва
2026-03-25 09:00:03,Подшипник ступицы задней внутренний D-126761 / 30222 / 7222 / 190003326067 FAW Дизель,2,1945,Дизель,D-126761,Москва
2026-03-25 09:00:03,Подшипник ступицы задней внутренний TR5510032 / 51701-62010 HYUNDAI GOLD D6GA HD120 NSK,5,2364,NSK,TR5510032,Москва
2026-03-25 09:00:03,Подшипник ступицы задней наружный 51703-62010 HYUNDAI GOLD D6GA HD120 ORIG,6,3005,Hyundai-Kia,51703-62010,Москва
2026-03-25 09:00:03,Подшипник ступицы задней наружный 52703-5K300 HYUNDAI HD65/County ORIG,1,4706,Hyundai-Kia,52703-5K300,Москва
2026-03-25 09:00:03,"Подшипник ступицы задней, внутренний HR32220J /9-00093-116-0/38325-90001 C-series 100*180*40 NSK",1,9723,NSK,HR32220J,Москва
2026-03-25 09:00:03,"Подшипник ступицы задней, внутренний TR5510032 /51701-62010 HYUNDAI D6GA HD120 55*100*32.5 SKV",5,1478,SKV,TR5510032,Москва
2026-03-25 09:00:03,"Подшипник ступицы задней, наружный 32217/SZ366-85008/98848-5105/MH043078/VKHB2080 #700 85*150*40 SKV",2,1614,SKV,32217,Москва
2026-03-25 09:00:03,"Подшипник ступицы задней, наружный 52703-73520 / 32213 HYUNDAI D6GA HD120 65*120*27 SKV",10,1069,SKV,52703-73520,Москва
2026-03-25 09:00:03,Подшипник ступицы наружный 65х140х51 VKT8864/42114559/32313 SKF !,2,9735,SKF,VKT8864,Москва
2026-03-25 09:00:03,Подшипник ступицы передней внутрений D-128004 / 8-94248-088-2 N-series Дизель,4,781,Дизель,D-128004,Москва
2026-03-25 09:00:03,Подшипник ступицы передней внутренний D-126763 / 30314B / 7314 / 30314 / YB2 FAW Дизель,1,1676,Дизель,D-126763,Москва
2026-03-25 09:00:03,Подшипник ступицы передней внутренний D-130512 / 190003326543 70*150*54 HOWO T5G Дизель,1,1808,Дизель,D-130512,Москва
2026-03-25 09:00:03,Подшипник ступицы передней наружный D-125933 / 32312 JAC N350 Дизель,1,2735,Дизель,D-125933,Москва
2026-03-25 09:00:03,"Подшипник ступицы передней, внутренний 3103410N /7510E/ JAC N56/75/80 ORIG",6,1419,JAC,7510E,Москва
2026-03-25 09:00:03,"Подшипник ступицы передней, внутренний 8-98171-254-0 NQR71/75/90/NPR75 ORIG",2,4571,Isuzu,8-98171-254-0,Москва
2026-03-25 09:00:03,"Подшипник ступицы передней, внутренний 8-98317-461-0/1-09812-231-0 CYZ51/FVR34 ORIG",4,15838,Isuzu,8-98317-461-0,Москва
2026-03-25 09:00:03,"Подшипник ступицы передней, внутренний D-128796 / 8-98171-254-0 NQR71/75/90 NPR75 Дизель",1,827,Дизель,D-128796,Москва
2026-03-25 09:00:03,"Подшипник ступицы передней, наружный 5-87610-134-0/9-00093-172-0 NQR71/75/90/NPR75 ORIG CHINA",1,1673,Isuzu,5-87610-134-0,Москва
2026-03-25 09:00:03,"Подшипник ступицы передней, наружный D-127698 / 3103510N /7507E/ JAC N56/75/80/90 Дизель",3,578,Дизель,D-127698,Москва
2026-03-25 09:00:03,Подшипник ступицы роликовый 55*100*60(25) 42062903 / BC1B320330-CRF0330P FAG !,1,3516,FAG,NU2211E.TVP2,Москва
2026-03-25 09:00:03,Подшипник ступицы роликовый 55*100*60(25) BC1B320330-CRF0330 CRAFT,2,7397,Craft,CRF0330,Москва
2026-03-25 09:00:03,Подшипник ступичный 1280/20 / 90366-22002 / 90368-22007 DYNA/TOYOACE 85~ SKV,63,432,SKV,90366-22002,Москва
2026-03-25 09:00:03,Подшипник ступичный 30313 /1-09812-094 / 9-00093-184 / MH043012 / 9884-65103 SKV,26,1147,SKV,30313,Москва
2026-03-25 09:00:03,"Подшипник ступичный 32011 Atlas H40/Hino,Toy BU162/162A/162D/172/182/Titan E,T Series/Canter SKV",6,566,SKV,32011X,Москва
2026-03-25 09:00:03,Подшипник ступичный 32012JR / 43215-T9310/90366-60005/MH043114 SKV,9,742,SKV,32012,Москва
2026-03-25 09:00:03,Подшипник ступичный 32206 J/32206JR/32206/90043-68020/5-09812-025-0/32273-03E00/MH043101 SKV,18,327,SKV,32206,Москва
2026-03-25 09:00:03,Подшипник ступичный 32208 J / 40210-76000 / 8-94248-077-0 / MS556512 NHR86~ SKV,35,487,SKV,32208,Москва
2026-03-25 09:00:03,Подшипник ступичный 32209/0559-33-074/90043-66016 SKV,38,539,SKV,32209,Москва
2026-03-25 09:00:03,Подшипник ступичный 32210 / 8-94368-553-0 / 01014-10534 SKV,90,527,SKV,32210,Москва
2026-03-25 09:00:03,Подшипник ступичный 32218 /1-09812-080-0/MS556522/38440-49000/53610-74000/1-87610-136-0 #700 SKV,13,1933,SKV,32218,Москва
2026-03-25 09:00:03,Подшипник ступичный 33013J / 0727-27-350 / 43210-50T00 / 43210-82100 / 43210-T8100 SKV,17,890,SKV,33013,Москва
2026-03-25 09:00:03,Подшипник ступичный 33210JR/33210 90366-50069 COASTER/DYNA/TOYOACE/HINO 99~ SKV,13,973,SKV,33210,Москва
2026-03-25 09:00:03,Подшипник ступичный 45KW01 8-97034-255-0/40210-89TA4 NNR/NPR/NKR/NLR/NMR 93~ SKV,34,1112,SKV,45KW01,Москва
2026-03-25 09:00:03,Подшипник ступичный 51701-44030/ 48548/10 H100 PORTER SKV !,20,250,SKV,LM48548/10,Москва
2026-03-25 09:00:03,Подшипник ступичный 812W93420-6097 Sitrak C7H,1,10658,Дизель,D-126906,Москва
2026-03-25 09:00:03,Подшипник ступичный 90368-28001 / 02474/20 COASTER/DYNA/TOYOACE/HINO SKV,52,498,SKV,90368-28001,Москва
2026-03-25 09:00:03,Подшипник ступичный D-128050 / WG4071418068 Sitrak C7H Дизель,7,13841,Дизель,D-128050,Москва
2026-03-25 09:00:03,"Подшипник ступичный FR MH043141/MH043063 55KW02 FUSO 55*105*28,5*36 SKV",27,1236,SKV,55KW02,Москва
2026-03-25 09:00:03,Подшипник ступичный FR наруж HINO300 32307 / 90366-35023/35031/8-94452-448 SKV,126,557,SKV,32307,Москва
2026-03-25 09:00:03,Подшипник ступичный HR30313J/9884-65117/SZ366-65008 HINO500 NSK,1,4536,NSK,HR30313J,Москва
2026-03-25 09:00:03,Подшипник ступичный HR32011XJ 90366-55003/43215-T800/MB161154/MR196898 Atlas H40/Hino/Toyota/Titan/Canter NSK,1,1626,NSK,HR32011XJ,Москва
2026-03-25 09:00:03,Подшипник ступичный LM102949/10/10294910/90368-45087/90080-36067/0K672-33047A SKV,8,699,SKV,LM102949/10,Москва
2026-03-25 09:00:03,Подшипник ступичный RR 9-00093-081-0 28985/20 NLR85/NMR85/NKR55 SKV,19,891,SKV,28985/20,Москва
2026-03-25 09:00:03,Подшипник ступичный RR 9-00093-082-0 28584/21 NLR85/NMR85/NKR55 SKV,10,767,SKV,28584/21,Москва
2026-03-25 09:00:03,Подшипник ступичный RR MB308964 30214JRYA/HR30214JA1 FUSO CANTER SKV,5,813,SKV,MB308964,Москва
2026-03-25 09:00:03,Подшипник ступичный TR080803R9/1-09812-064-0 40*80*30 F-series SKV,18,725,SKV,TR080803R9,Москва
2026-03-25 09:00:03,Подшипник ступичный 32211/Y7691-57291 SKV,19,744,SKV,32211,Москва
2026-03-25 09:00:03,Подшипник ступичный внутрений 50KW01/CR1084/MB025294/51701-45210 HD72/65/78/CANTER SKV,2,1595,SKV,50KW01,Москва
2026-03-25 09:00:03,Подшипник ступичный 30213JR зад внутр/ 43215-22H00 / 9884-65107 / 9960-30-213 (FBJ) NQR71/75 SKV,3,786,SKV,30213,Москва
2026-03-25 09:00:03,Подшипник ступичный задний внутренний HD65/72/78/COUNTY Fuso 4M50 52701-45010/30212/MX923884 SKV,71,590,SKV,30212,Москва
2026-03-25 09:00:03,Подшипник ступичный задний наружный HD65/72/78/COUNTY 52703-45010/30211SKV,6,562,SKV,30211,Москва
2026-03-25 09:00:03,Подшипник ступичный 40KW01/ST4080C/MH043064/MH043142/MH043092 SKV,1,890,SKV,40KW01,Москва
2026-03-25 09:00:03,Подшипник ступичный наружный JL69349/10 / 0S231-33075/69310 BONGO III 1T H/LONG STD 5MT4WD NSK,1,852,NSK,JL69349/10,Москва
2026-03-25 09:00:03,Подшипник ступичный передней внутренний 30210/MB025006/8-94452-449-0 County SKV,69,476,SKV,30210,Москва
2026-03-25 09:00:03,Подшипник ступичный передний наружный 32207/MB025345/9-00093-172-0/0559-33-075 HD65/72/35/75 Fuso 4M50 SKV,169,370,SKV,32207,Москва
2026-03-25 09:00:03,"Подшипник сцепления выжимной 1-87610-110-0/1-31310-012-0 NPR,NQR75, FSS, FRR, FRD ORIG CHINA",141,2827,Isuzu,1-87610-110-0,Москва
2026-03-25 09:00:03,"Подшипник сцепления выжимной 1-87610-110-0/1-31310-012-0 NPR,NQR75, FSS, FRR, FRD SKV Premium (BVP)",22,2279,SKV,1-87610-110-0,Москва
2026-03-25 09:00:03,Подшипник тормозного вала D-129437 / 3502135-A0E FAW J6 Дизель,7,602,Дизель,D-129437,Москва
2026-03-25 09:00:03,Подшипник хвостовика D-128797 / 1-09812-069-0 / 1-09812-068-0 C-series Дизель,2,1372,Дизель,D-128797,Москва
2026-03-25 09:00:03,Подшипник хвостовика R52Z-4/TR100902/1-09812-069-0 52.38*85*20*14.4 C-series SKV,4,806,SKV,R52Z-4,Москва
2026-03-25 09:00:03,Подшипник хвостовика заднего моста наружный A0029814505 Mercedes ориг !,1,9915,Mercedes-Benz,A 002 981 45 05,Москва
2026-03-25 09:00:03,Подшипник хвостовика редуктора D-125939 / 31313J JAC N350 Дизель,2,2433,Дизель,D-125939,Москва
2026-03-25 09:00:03,Подшипник хвостовика среднего/заднего моста (HDZ 300) D-130016 / 31313/06.32499.0088/WG9981031313 SHACMAN Дизель,2,1519,Дизель,D-130016,Москва
2026-03-25 09:00:03,Подшипник шестерни Кпп (4-ой передачи) 463836 /A0099811510 / 137187 Mercedes/ DieselTechnic !,1,642,Diesel Technic,4.63836,Москва
2026-03-25 09:00:03,"Подшипник шкворня D-125523 / 47TAG001 NISSAN UD, KP-146 Дизель",2,479,Дизель,D-125523,Москва
2026-03-25 09:00:03,Подшипник шкворня D-125940 / AK30010435G1 JAC N350 Дизель,1,1742,Дизель,D-125940,Москва
2026-03-25 09:00:03,Подшипник шкворня D-127699 / 3001500LE070 JAC N90 Дизель,1,834,Дизель,D-127699,Москва
2026-03-25 09:00:03,Подшипник шкворня D-127700 / 517/38ZSV/YA-ZN/429908-ZN JAC N120 LE35S Дизель,1,834,Дизель,D-127700,Москва
2026-03-25 09:00:03,Подшипник шкворня D-127902 / 198906K FAW Дизель,4,308,Дизель,D-127902,Москва
2026-03-25 09:00:03,Подшипник шкворня D-128103 / 8-97141-943-0 Дизель,17,480,Дизель,D-128103,Москва
2026-03-25 09:00:03,Подшипник шкворня D-129440 / AZ400741710005 / WG4007410049 Sitrak C7H Дизель,4,1243,Дизель,D-129440,Москва
2026-03-25 09:00:03,Подшипник шкворня D-130445 / 5802277645/329910KD3 IVECO/HONGYAN Дизель,2,1014,Дизель,D-130445,Москва
2026-03-25 09:00:03,Подшипник шкворня опорный 56750-45600/8-97141-943-0 D=30 H=16 HYUNDAI HD72 ORIG,10,1256,Hyundai-Kia,56750-45600,Москва
2026-03-25 09:00:03,Подшипник якоря стартера ME753544 Fuso Canter TF ORIG,1,1768,Mitsubishi,ME753544,Москва
2026-03-25 09:00:03,Подшипники передней ступицы наружные D-130642 / 32022 / 190003326445 HOWO Дизель,1,1902,Дизель,D-130642,Москва
2026-03-25 09:00:03,Ползун 141160 /A9472650249 Mercedes /CEI !,1,464,CEI,141160,Москва
2026-03-25 09:00:03,Полувтулка заднего стабилизатора 1-51779-100-0 56*79*45 CXM/CYM/CYL 95-02 ORIG,1,996,Isuzu,1-51779-100-0,Москва
2026-03-25 09:00:03,Полувтулка заднего стабилизатора 41270883 / 8169892 / 51960 Auger !,2,290,Auger,51960,Москва
2026-03-25 09:00:03,Полувтулка стабилизатора 1-51779-079-0/1 CX#CY#EX#FVR34 89~ ORIG,1,935,Isuzu,1-51779-079-0,Москва
2026-03-25 09:00:03,Полувтулка стабилизатора D-125121 / 1-51779-079-0 ISUZU CX#CY#EX#FVR34 89~ Дизель,246,466,Дизель,D-125121,Москва
2026-03-25 09:00:03,Полувтулка стабилизатора D-126268 / 1-51779-079-0 /-1 ISUZU CX# CY# EX# FVR34 89~ Дизель,84,319,Дизель,D-126268,Москва
2026-03-25 09:00:03,Полувтулка стабилизатора S4886-11170 HINO500 ORIG,3,3629,Hino,S4886-11170,Москва
2026-03-25 09:00:03,Полукольца коленвала упорные D-125129 / 8-98151-850-0 к-т/4шт CYZ LHD 6WG1 Дизель,2,1923,Дизель,D-125129,Москва
2026-03-25 09:00:03,Полукольца коленвала упорные D-125609 / 8-94399-277-0 / 8-97386-549-0 к-т/4шт STD 6HE Дизель,2,708,Дизель,D-125609,Москва
2026-03-25 09:00:03,Полукольца коленвала упорные D-126661 / 200V01114-0230 низ Sitrak C7H Дизель,2,501,Дизель,D-126661,Москва
2026-03-25 09:00:03,Полукольца коленвала упорные D-126662 / 200v01114-0231 верх Sitrak C7H Дизель,2,501,Дизель,D-126662,Москва
2026-03-25 09:00:03,Полукольца коленвала упорные D-126765 / 612600013917 верх JAC N350 WP10 E-5 Дизель,1,296,Дизель,D-126765,Москва
2026-03-25 09:00:03,Полукольца коленвала упорные D-126766 / 612600013918 низ JAC N350 WP10 E-5 Дизель,1,296,Дизель,D-126766,Москва
2026-03-25 09:00:03,Полукольцо верх 612600013917 JAC N350 WP10 E-5 ORIG,6,439,JAC,612600013917,Москва
2026-03-25 09:00:03,Полукольцо низ+верх 612600013918+612600013917 JAC N350 WP10 E-5 (NON-GENUINE),1,819,Дизель,612600013918,Москва
2026-03-25 09:00:03,Полукольцо упорное коленвала (к-т 4шт) D-129441 / 1002036-36D FAW J6 CA6DL2 Дизель,4,565,Дизель,D-129441,Москва
2026-03-25 09:00:03,Полукольцо упорное коленвала (к-т 4шт) D-129442 / 1002036-53D. FAW J6 CA6DM2 Дизель,3,715,Дизель,D-129442,Москва
2026-03-25 09:00:03,Полукольцо упорное коленвала 1002017FB JAC N35 ORIG,1,108,JAC,1002017FB,Москва
2026-03-25 09:00:03,Полукольцо хомута D-129089 / WG9725540009 D=120 HOWO Дизель,2,94,Дизель,D-129089,Москва
2026-03-25 09:00:03,Полуось 2-х шлицевая D-127903 / DZ9112340776 под блокировку Z=40 L=1135 SHACMAN X3000/F3000 Дизель,1,3487,Дизель,D-127903,Москва
2026-03-25 09:00:03,Полуось 24.B90ZB1-03065 JAC ORIG,2,9322,JAC,B90ZB1-03065,Москва
2026-03-25 09:00:03,Полуось 52611-5K000 HYUNDAI ORIG,1,9107,Hyundai-Kia,52611-5K000,Москва
2026-03-25 09:00:03,"Полуось заднего моста левая 42102368 / S000979 (1011,5мм) Sass !",1,70108,Sass,S.000.979,Москва
2026-03-25 09:00:03,Полуось левая D-128338 / 712W35502-0192 SITRAK Дизель,2,3610,Дизель,D-128338,Москва
2026-03-25 09:00:03,Полуось правая D-128337 / 712W35502-0191 SITRAK Дизель,1,3436,Дизель,D-128337,Москва
2026-03-25 09:00:03,Полуось среднего моста D-128348 / 712W35502-0189 SITRAK Дизель,1,3610,Дизель,D-128348,Москва
2026-03-25 09:00:03,Полуось среднего моста D-128349 / 712W35502-0190 SITRAK Дизель,1,3610,Дизель,D-128349,Москва
2026-03-25 09:00:03,Поперечина кабины передняя 64320-5K001 HYUNDAI HD65/78 ORIG,1,8358,Hyundai-Kia,64320-5K001,Москва
2026-03-25 09:00:03,Поршeнь 6HH1 ISUZU (STD) 8-94391-950-0/39651A ALFIN (6шт с кольцами) 02.95~ Teikin,1,40456,Isuzu,8-94391-950-0,Москва
2026-03-25 09:00:03,Поршень 23410-42862 (1шт) HYUNDAI D4BF PORTER ORIG,1,3360,Hyundai-Kia,23410-42862,Москва
2026-03-25 09:00:03,Поршень 4HK1-T 8-98041-141-2 (1шт) FVR34 ORIG,2,15487,Isuzu,8-98041-141-2,Москва
2026-03-25 09:00:03,Поршень 8-97087-106-0 (1шт) O/S=0.25 3LD1 ORIG,1,5671,Isuzu,8-97087-106-0,Москва
2026-03-25 09:00:03,Поршень 8-97358-574-0 GRADE=AX (1шт) 4BG1/6BG1 ORIG,1,9381,Isuzu,8-97358-574-0,Москва
2026-03-25 09:00:03,Поршень 8-98043-703-0 GRADE=A 4JJ1-TCC (4 шт/кт) NLR/NMR 55/85 08~ Mats,1,19957,Matsuyama,8-98043-703-0,Москва
2026-03-25 09:00:03,Поршень 8-98043-704-0 GRADE=B (1шт) 4JJ1-TCC NLR/NMR 55/85 08~ ORIG,16,8381,Isuzu,8-98043-704-0,Москва
2026-03-25 09:00:03,Поршень 8-98192-926-0 GRADE=A (1шт) 4JJ1 ORIG,3,5181,Isuzu,8-98192-926-0,Москва
2026-03-25 09:00:03,Поршень 8-98192-926-0 GRADE=A 4JJ1 (4 шт/кт) Mats,1,16793,Matsuyama,8-98192-926-0,Москва
2026-03-25 09:00:03,Поршень 8-98192-927-0 GRADE=B (1шт) 4JJ1 ORIG,1,7882,Isuzu,8-98192-927-0,Москва
2026-03-25 09:00:03,Поршень 8-98192-928-0 GRADE=C (1шт) 4JJ1 ORIG,3,8201,Isuzu,8-98192-928-0,Москва
2026-03-25 09:00:03,Поршень D-125941 / 612640020034 (1шт) JAC N350 WP10 E-5 Дизель,1,2568,Дизель,D-125941,Москва
2026-03-25 09:00:03,Поршень D-126579 / 1004011C81DM (1шт) FAW CA6DM2 Дизель,3,2459,Дизель,D-126579,Москва
2026-03-25 09:00:03,Поршень D-127611 / 8-98043-703-0 GRADE=A (1шт) 4JJ1-TCC NLR NMR 55/85 08~ Дизель,4,3491,Дизель,D-127611,Москва
2026-03-25 09:00:03,Поршень HINO EK100 (STD) 13216-1220A/1222/13211-1900/36650A (6шт с кольцами) ALFIN 06.95~05.99 Teikin !,1,32516,Teikin,36650A,Москва
2026-03-25 09:00:03,Поршень HINO F21C 99.09~ ALL L/13216-3020 R/13226-1360 (к-т 4+4) ALFIN Mats,1,89736,Matsuyama,13226-1360,Москва
2026-03-25 09:00:03,Поршень HINO J08E 500# S130B-E0390 (6 CYL) FUSA MAGURO,1,31816,MAGURO,S130B-E0390,Москва
2026-03-25 09:00:03,Поршень HINO J08E 500# S130B-E0390/S130A-E0100/1 (6 CYL) IZUMI ORIG JAPAN,1,45704,Izumi,S130B-E0390,Москва
2026-03-25 09:00:03,Поршень HINO K13C FN/FR/FS/FW1K# 13216-2330 24V (6PCE/SET) FUSA MAGURO,1,51534,MAGURO,13216-2330,Москва
2026-03-25 09:00:03,Поршень HINO N04C/T 300# 13211-E0010 (4 CYL) FUSA MAGURO,1,18034,MAGURO,13211-E0010,Москва
2026-03-25 09:00:03,Поршень HINO W06E FB/FC/FD# 84.06- 13216-1470 / 13216-1470D / 13216-1470E (6 PCE) FUSA MAGURO,1,21640,MAGURO,13216-1470,Москва
2026-03-25 09:00:03,Поршень ISUZU 4BE1-II (STD) ALEIN 8-94438-989-1/39612A Teikin !,1,8183,Teikin,39612A,Москва
2026-03-25 09:00:03,Поршень ISUZU 4HK1/4HJ1 NPR/NQR/NKR 99.0- 1-12111-454-0 4PCE/SET (без масляной камеры) Mats !,2,10473,Matsuyama,1-12111-454-0,Москва
2026-03-25 09:00:03,Поршень ISUZU 4JA1 (0.5mm) 8-94152-712-1/8-94369-281-0/39162 (4шт) 05.88~07.93Teikin !,2,3843,Teikin,39162,Москва
2026-03-25 09:00:03,Поршень ISUZU 4JG2 (0.5mm) 8-97073-647-1/39600 EARLY (4шт) Teikin !,1,4589,Teikin,39600,Москва
2026-03-25 09:00:03,Поршень KIA SH (STD) K3600 GALLERY OK4Y1-11-102/52653G (4шт) Teikin !,1,10662,Teikin,52653G,Москва
2026-03-25 09:00:03,"Поршень MAZDA HA (0,5mm) 0933-23-200/1363-23-200/42149 (4шт) 01.83~05.95 Teikin !",1,4080,Teikin,0933-23-200,Москва
2026-03-25 09:00:03,Поршень MAZDA HA (0.75mm) 0933-23-200/1363-23-200/42149 (4шт) 01.83~05.95 Teikin !,1,3680,Teikin,42149,Москва
2026-03-25 09:00:03,Поршень MAZDA HA (1.0mm) 0933-23-200/1363-23-200/42149 (4шт) 01.83~05.95 Teikin !,1,3680,Teikin,1363-23-200,Москва
2026-03-25 09:00:03,Поршень MAZDA HA (STD) 0933-23-200/1363-23-200/42149 (4шт) 01.83~05.95 Teikin !,1,6302,Teikin,SE01-23-200A,Москва
2026-03-25 09:00:03,Поршень MAZDA S2 (STD) 8259-23-200/42174A /1456-23-200A (4шт) ALFIN Teikin !,1,5888,Teikin,42174A,Москва
2026-03-25 09:00:03,Поршень MAZDA SL (0.5mm) T2000/2500/2600/3000/3500/4100 (4шт) 84~89 SL07-23-200/42107 Teikin !,1,4062,Teikin,42107,Москва
2026-03-25 09:00:03,Поршень MAZDA TF (0.5mm) TF01-11-SA0/42183A (4шт) ALFIN 05.95~Teikin !,1,6723,Teikin,42183A,Москва
2026-03-25 09:00:03,Поршень MAZDA TF (0.75mm) TF01-11-SA0/42183A (4шт) ALFIN 05.95~Teikin !,1,8445,Teikin,TF0111SA0,Москва
2026-03-25 09:00:03,Поршень MAZDA XA (0.5mm) 0559-99-111/0559-23-200/0636-23-200/42605 (4шт) 03.83~01.91 Teikin !,1,3434,Teikin,42605,Москва
2026-03-25 09:00:03,Поршень MAZDA XA (STD) 0559-99-111/0559-23-200/0636-23-200/42605 (4шт) 03.83~01.91 Teikin !,1,5383,Teikin,0559-99-111,Москва
2026-03-25 09:00:03,Поршень MAZDA XA (STD) 0559-99-111/23-200/0636-23-200/42605(4шт с кольцами) 03.83~01.91 Teikin !,1,7047,Teikin,0559-23-200,Москва
2026-03-25 09:00:03,Поршень MMC 4D31-T (STD) ME012906/43617A (4шт с кольцами) 10.85~09.89 Mats,1,15948,Matsuyama,ME012906,Москва
2026-03-25 09:00:03,Поршень MMC 4D33 (0.75mm) FE317/337/437/47/67 ME012897/013312/016895/014287/43244 (4шт) 10.89~ Teikin !,2,5992,Teikin,43244,Москва
2026-03-25 09:00:03,Поршень MMC 4D35 (0.75mm) ME018825/018828/012941/014693/43608 (4шт) 11.93~05.99 Teikin !,1,7195,Teikin,43608,Москва
2026-03-25 09:00:03,Поршень MMC 4D35 (0.75mm) ME018825/018828/012941/014693/43608A (4шт) 11.93~05.99 Teikin !,1,6838,Teikin,43608A,Москва
2026-03-25 09:00:03,Поршень MMC 4D35 (0.75mm) ME018825/018828/012941/014693/43608AG (4шт) 11.93~05.99 Teikin !,1,12486,Teikin,43608AG,Москва
2026-03-25 09:00:03,Поршень MMC 4M40 ME200689 (4 PCE) Mats,1,11829,Matsuyama,ME200689,Москва
2026-03-25 09:00:03,Поршень MMC 4M50T ME227615 B (4 PCE) Mats,1,33821,Matsuyama,ME227615,Москва
2026-03-25 09:00:03,Поршень MMC 4M50T ME227616 B (4 PCE) Mats,1,30389,Matsuyama,ME227616,Москва
2026-03-25 09:00:03,Поршень MMC 4M51 (0.5mm) ME240047/43674A (4шт) ALFIN 10.97~ Teikin !,3,11686,Teikin,43674A,Москва
2026-03-25 09:00:03,Поршень MMC 6D15-III (STD) ALFIN ME032480/032593/TMI40/43686A (4шт) Teikin !,1,13489,Teikin,43686A,Москва
2026-03-25 09:00:03,Поршень MMC 6D15T-3AT ME072321 / 072055 (6 PCE) FUSA MAGURO,1,25697,MAGURO,ME072321,Москва
2026-03-25 09:00:03,Поршень MMC 6D15T-3AT ME072321/072055 (6 PCE) Mats,1,28892,Matsuyama,ME072321,Москва
2026-03-25 09:00:03,Поршень NISSAN FD35 (0.5mm) 12010-01T04/44620 (4шт) 11.86~09.91 Teikin !,1,4870,Teikin,44620,Москва
2026-03-25 09:00:03,Поршень NISSAN FD46 (STD) 12010-0T302/12010-0T312/44618 (с кольцами) (4 CYL) Mats,1,21281,Matsuyama,12010-0T312,Москва
2026-03-25 09:00:03,Поршень NISSAN PE6T CV50 12011-96564 IZUMI !,1,13213,Izumi,12011-96564,Москва
2026-03-25 09:00:03,Поршень NISSAN PF6T 24V CD/CV/CW590/91/92/95/690 94~ 12013-96567 (6шт к-т) IZUMI,1,42610,Matsuyama,12013-96567,Москва
2026-03-25 09:00:03,Поршень NISSAN TD25 (0.5mm) 12010-44G02/44G12/44G01/44255(4шт с кольцами) 06.95~06.99 Teikin !,1,6760,Teikin,44255,Москва
2026-03-25 09:00:03,Поршень STD 23411-52700 (1шт) Hyundai D4GA/D6GA HD78/120 ORIG,1,13403,Hyundai-Kia,23411-52700,Москва
2026-03-25 09:00:03,Поршень TOYOTA 11B (0.75mm) 13101-56042/13101-56041/46287 (4шт) 08.88~05.95 Teikin !,1,4139,Teikin,13101-56042,Москва
2026-03-25 09:00:03,Поршень TOYOTA B NEW (0.5mm) 13101-56020/46124 (4шт) Teikin !,1,8254,Teikin,46124,Москва
2026-03-25 09:00:03,Поршень ДВС 1004011GD (1шт) JAC S5 ORIG,3,1341,JAC,1004011GD,Москва
2026-03-25 09:00:03,Поршень компрессора 1-19161-026-0 CYZ52/EXZ51 ORIG,1,15204,Isuzu,1-19161-026-0,Москва
2026-03-25 09:00:03,Поршень с кольцами S130B-E0141 (1шт) HINO 300 N04C E-4 Mats,1,7924,Matsuyama,S130B-E0141,Москва
2026-03-25 09:00:03,Поршень суппорта 47731-37120 FR/RR DISC HINO 300/TOYOTA-DYNA SKV,124,465,SKV,47731-37120,Москва
2026-03-25 09:00:03,Поршень суппорта переднего 8-97365-269-0 N-series ORIG,1,2314,Isuzu,8-97365-269-0,Москва
2026-03-25 09:00:03,Поршень тормозного суппорта 8-97365-279-0 ORIG,16,2246,Isuzu,8-97365-279-0,Москва
2026-03-25 09:00:03,Поршень тормозного суппорта 8-97365-279-0 SKV,8,556,SKV,8-97365-279-0,Москва
2026-03-25 09:00:03,Поршень тормозного суппорта MK328470 FUSO CANTER FE83D E-4 SKV,83,494,SKV,MK328470,Москва
2026-03-25 09:00:03,Поршневая группа (поршень + гильза + кольца) 4JG1 5-87814-613-0 /1 (1 цилиндр) ORIG,7,20686,Isuzu,5-87814-613-1,Москва
2026-03-25 09:00:03,Поршневая группа (поршень + гильза + кольца) 5-87814-403-0 (1 цилиндр) GRADE=3 ORIG,2,22241,Isuzu,5-87814-403-0,Москва
2026-03-25 09:00:03,"Поршневая группа (поршень и гильза) D-125649 / 1-87814-728-0 (1 цилиндр) 4HK1-T GRADE=1 N,F-series Дизель",1,8051,Дизель,D-125649,Москва
2026-03-25 09:00:03,"Поршневая группа (поршень с гильзой, 6шт) 6HK1-T-9861 5-87814-862-0/1-87812-986-1 1X ZX240-3 Mats",1,47456,Matsuyama,5-87814-862-0,Москва
2026-03-25 09:00:03,"Поршневая группа (поршень с гильзой) 4HK1/6HK1 1-87814-726-0 ( на 1 цилиндр) 1x N,F-series ORIG",4,26247,Isuzu,1-87814-726-0,Москва
2026-03-25 09:00:03,"Поршневая группа 4HK1-T 5-87814-579-0/5-87814-579-3 (на 1 цилиндр) OD GRADE=1X,ID GRADE=NON NPR/NQR ORIG",2,32624,Isuzu,5-87814-579-3,Москва
2026-03-25 09:00:03,Поршневая группа D-125085 / 1-87813-120-6 1шт 3x Е3/4 4HK1 6HK1 NQR90 NPR75 FSR90 FVR34 Дизель,13,9982,Дизель,D-125085,Москва
2026-03-25 09:00:03,"Поршневая группа D-126272 / 1-87813-119-6 (на 1 цилиндр) поршень+гильза 1x Е3/4 4HK1/6HK1 N,F-series Дизель",11,8224,Дизель,D-126272,Москва
2026-03-25 09:00:03,"Поршневая группа D-126418 / 1-87814-729-0 / 1-87814-898-0 поршень+гильза (на 1 цилиндр) GRADE=3x F,N-series Дизель",6,9982,Дизель,D-126418,Москва
2026-03-25 09:00:03,Поршневая группа D-130434 / 612630020024 WP12 Дизель,1,33111,Дизель,D-130434,Москва
2026-03-25 09:00:03,"Поршневая группа GRADE=1X 5-87816-892-0/5-87815-503-2/5-87814-842-0 (гильза, поршень, палец, кольца) на 1 цилиндр N-series 4HV1 (CNG) ГАЗ ORIG",2,51960,Isuzu,5-87816-892-0,Москва
2026-03-25 09:00:03,Предохранитель 50А 8-98079-193-0 ORIG,2,484,Isuzu,8-98079-193-0,Москва
2026-03-25 09:00:03,Предохранитель желтый 60А 8-97219-407-0/8-98079-194-0 универсальный ORIG,5,518,Isuzu,8-97219-407-0,Москва
2026-03-25 09:00:03,Предохранитель флажковый 30А 3237000008 зеленый Iveco !,10,17,Iveco,3237000008,Москва
2026-03-25 09:00:03,Предохранительный клапан 094.127 SAMPA,1,2545,Sampa,81521516067,Москва
2026-03-25 09:00:03,Предпусковой подогреватель с насосом D-129446 3.0 kW (20*10*8см) Десептикон LongFei Bros Дизель,1,3267,Дизель,D-129446,Москва
2026-03-25 09:00:03,Пресс-масленка 9810100325 Mercedes Europart !,1,25,Europart,9810100325,Москва
2026-03-25 09:00:03,Пробка заливная КПП D-127701 / 6JS160T-1709587-1 JAC N120 LE35S Дизель,3,222,Дизель,D-127701,Москва
2026-03-25 09:00:03,Пробка КПП / моста заливная 8-97365-373-0 NPR/NQR ORIG,7,352,Isuzu,8-97365-373-0,Москва
2026-03-25 09:00:03,Пробка поддона 1009018FD020 JAC N35 ORIG,7,199,JAC,1009018FD020,Москва
2026-03-25 09:00:03,Пробка поддона D-126907 / 4994692 JAC N120/Камаз Cummins ISF3.8 Е-5 Дизель,1,277,Дизель,D-126907,Москва
2026-03-25 09:00:03,Пробка редуктора (нижняя) сливная SZ341-30008 HINO 500 ORIG,4,1558,Hino,SZ341-30008,Москва
2026-03-25 09:00:03,"Пробка слива масла с поддона D-128743 / 9-09662-012-0 M20X16.5 C,E,F series Дизель",3,233,Дизель,D-128743,Москва
2026-03-25 09:00:03,Пробка сливная D-125942 / Q62104 JAC N120/КАМАЗ Дизель,1,139,Дизель,D-125942,Москва
2026-03-25 09:00:03,Пробка сливная D-127702 / M-1705103 JAC N90 Дизель,7,154,Дизель,D-127702,Москва
2026-03-25 09:00:03,Пробка сливная D-127703 / Q62404 JAC N120 LE35S Дизель,1,269,Дизель,D-127703,Москва
2026-03-25 09:00:03,Пробка сливная M-1705103 JAC N90 ORIG,4,134,JAC,M-1705103,Москва
2026-03-25 09:00:03,Пробка сливная ZU-010 10mm P1.25mm PM,1,106,Paul Master,ZU-010,Москва
2026-03-25 09:00:03,Пробка сливная ZU-013 13mm P1.5mm PM,2,111,Paul Master,ZU-013,Москва
2026-03-25 09:00:03,Пробка сливная ZU-016 16mm P1.5mm PM,2,197,Paul Master,ZU-016,Москва
2026-03-25 09:00:03,Пробка сливная з/моста 9900040030 JAC N35 ORIG,2,121,JAC,9900040030,Москва
2026-03-25 09:00:03,Пробка сливная коробки передач 43171-34002 JAC ORIG,2,78,JAC,43171-34002,Москва
2026-03-25 09:00:03,Пробка сливная КПП D-127704 / 5DS50T-1701085 JAC N120 LE35S Дизель,4,473,Дизель,D-127704,Москва
2026-03-25 09:00:03,Прокладка (кольцо резиновое) 1-09623-423-0 D=105.6 4HK1-t/4JJ1-T/4HG ORIG,3,860,Isuzu,1-09623-423-0,Москва
2026-03-25 09:00:03,Прокладка (кольцо стакана) форсунки верхняя (ID=26.2) 8-98004-187-0 4HK1/6HK1 ORIG,7,236,Isuzu,8-98004-187-0,Москва
2026-03-25 09:00:03,Прокладка (кольцо) 1-09623-570-0 F-series ORIG,4,1115,Isuzu,1-09623-570-0,Москва
2026-03-25 09:00:03,Прокладка (кольцо) маслоохлодителя 8-97606-640-0 С-series ORIG,1,746,Isuzu,8-97606-640-0,Москва
2026-03-25 09:00:03,"Прокладка (кольцо) сливной пробки 1-09623-057-0 ID=24.4 C,E,F series ORIG",6,259,Isuzu,1-09623-057-0,Москва
2026-03-25 09:00:03,Прокладка (уплотнение) болта крышки клапанов 1-09639-032-0 F-series ORIG,2,180,Isuzu,1-09639-032-0,Москва
2026-03-25 09:00:03,Прокладка (шайба медная) 17512-10000 Hyundai D4GA Matto,12,32,Matto,17512-10000,Москва
2026-03-25 09:00:03,Прокладка (шайба медная) 17512-10000 Hyundai D4GA ORIG,4,93,Hyundai-Kia,17512-10000,Москва
2026-03-25 09:00:03,Прокладка 1-09623-409-0 Isuzu,2,2735,Isuzu,1-09623-409-0,Москва
2026-03-25 09:00:03,Прокладка 1044014FD020 JAC N35 ORIG,8,190,JAC,1044014FD020,Москва
2026-03-25 09:00:03,Прокладка 61319045 Iveco Orig,1,100,Iveco,61319045,Москва
2026-03-25 09:00:03,Прокладка D-130480 / 201V06903-0061 HOWO T5G Дизель,1,449,Дизель,D-130480,Москва
2026-03-25 09:00:03,Прокладка Hino F17C S1121-31071,2,3553,hino,S1121-31071,Москва
2026-03-25 09:00:03,"Прокладка ID=48,5 OD=53,3 8-94396-680-2 Fseries ORIG",4,331,Isuzu,8-94396-680-2,Москва
2026-03-25 09:00:03,Прокладка LM2627107 Man,4,363,Lema,LM26271.07,Москва
2026-03-25 09:00:03,Прокладка адаптера клапана EGR 8-97605-995-0 ID=52 6HK1 F-series ORIG,3,825,Isuzu,8-97605-995-0,Москва
2026-03-25 09:00:03,Прокладка блока двигателя 0K87T-10337 Hyundai HD120 D6DA19/22 ORIG,1,847,Hyundai-Kia,0K87T-10337,Москва
2026-03-25 09:00:03,Прокладка блока нагрева впускного воздуха D-128488 / 202V08901-0199 MC11 Sitrak C7H Дизель,2,95,Дизель,D-128488,Москва
2026-03-25 09:00:03,Прокладка блока цилиндра пневмокомпрессора 8-98242-649-0 CYZ51/CXZ ORIG,10,1266,Isuzu,8-98242-649-0,Москва
2026-03-25 09:00:03,Прокладка блока цилиндров пневмокомпрессора верхняя (тип B) 1-19115-012-0 CYZ51 ORIG,4,1602,Isuzu,1-19115-012-0,Москва
2026-03-25 09:00:03,Прокладка водяного насоса D-130479 / 201V06901-0192 HOWO T5G Дизель,1,255,Дизель,D-130479,Москва
2026-03-25 09:00:03,"Прокладка воздушного компрессора 8-98192-463-0/1-09623-613-0 F,C-series ORIG",1,894,Isuzu,8-98192-463-0,Москва
2026-03-25 09:00:03,Прокладка впуск. коллектора 4829433/2112400 LEMA,2,87,Lema,2112400,Москва
2026-03-25 09:00:03,Прокладка впуск/выпуск коллектора 8-97146-499-0 NQR71/75 выпуск NQR90/NPR75/FSR90 ORIG,1,1705,Isuzu,8971464990,Москва
2026-03-25 09:00:03,Прокладка впускного коллектора 1-14115-094-1 C-series 6WG1 ORIG,2,1082,Isuzu,1-14115-094-1,Москва
2026-03-25 09:00:03,Прокладка впускного коллектора 1008011FD020 JAC N35 ORIG,4,550,JAC,1008011FD020,Москва
2026-03-25 09:00:03,Прокладка впускного коллектора D-125945 / 612600116551 JAC N350 WP10 E-5 Дизель,1,79,Дизель,D-125945,Москва
2026-03-25 09:00:03,Прокладка впускного коллектора HINO EK100 040150-NA/HIN-EK100-IN (в компл 6шт) Matto,1,697,Matto,HIN-EK100-IN,Москва
2026-03-25 09:00:03,Прокладка впускного коллектора HINO EP100 17171-1491/ (2шт к-т) 040180-NA Matto !,4,191,Matto,17171-1491,Москва
2026-03-25 09:00:03,Прокладка впускного коллектора HINO F20C 04004-SR 17171-1700A (1шт) Matto !,3,1365,Matto,17171-1700A,Москва
2026-03-25 09:00:03,Прокладка впускного коллектора HINO HO7C 17104-1302 DF,4,115,DRAGONFLYS,17104-1302,Москва
2026-03-25 09:00:03,Прокладка впускного коллектора HINO K13D 04002-SR 17171-1840 Matto,6,213,Matto,17171-1840,Москва
2026-03-25 09:00:03,Прокладка впускного коллектора HINO/TOY J05C/S05C 040230-NA/TOY-S05C-IN Matto,2,366,Matto,TOY-S05C-IN,Москва
2026-03-25 09:00:03,Прокладка впускного коллектора ISUZU 12PD1/8PD1 1-14115-048-0 HL,6,159,Huang Lin,1141150480,Москва
2026-03-25 09:00:03,Прокладка впускного коллектора ISUZU 12PD1/8PD1 1-14115-048-0/ 84004-SR Matto,8,165,Matto,1-14115-048-0,Москва
2026-03-25 09:00:03,Прокладка впускного коллектора ISUZU 4BE1 64002-SR ME093977 Matto !,29,39,Matto,ME093977,Москва
2026-03-25 09:00:03,Прокладка впускного коллектора ISUZU 4JB1 8-94139-738-0/ 840320-NA Matto,1,116,Matto,8-94139-738-0,Москва
2026-03-25 09:00:03,Прокладка впускного коллектора ISUZU 6BG1 840380-NA/ISU-6BG1-IN Matto,1,263,Matto,ISU-6BG1-IN,Москва
2026-03-25 09:00:03,Прокладка впускного коллектора ISUZU 6WA1 84009-SR Matto !,10,106,Matto,84009-SR,Москва
2026-03-25 09:00:03,Прокладка впускного коллектора MAZDA HA 0636-13-111/ 540280-NA Matto !,17,63,Matto,0636-13-111,Москва
2026-03-25 09:00:03,Прокладка впускного коллектора MAZDA SL SL01-13-111/ 540370-NA Matto,2,320,Matto,SL01-13-111,Москва
2026-03-25 09:00:03,Прокладка впускного коллектора MAZDA TF TF20-13-111/ 540390-NA Matto,2,358,Matto,TF20-13-111,Москва
2026-03-25 09:00:03,Прокладка впускного коллектора MMC 10DC11 640871-NA / MIT-10DC11-IN Matto,2,55,Matto,640871-NA-PB,Москва
2026-03-25 09:00:03,Прокладка впускного коллектора MMC 4D32 640440-NA / MIT-4D32-IN (на двс требуется 4шт) Matto,2,111,Matto,MIT-4D32-IN,Москва
2026-03-25 09:00:03,Прокладка впускного коллектора MMC 4D33 ME013751/ 640450-NA Matto,2,99,Matto,ME013751,Москва
2026-03-25 09:00:03,Прокладка впускного коллектора MMC 4D35 640461-NA/MIT-4D35-IN Matto,1,289,Matto,MIT-4D35-IN,Москва
2026-03-25 09:00:03,Прокладка впускного коллектора MMC 4D36 ME012491 DF,6,84,DRAGONFLYS,ME012491,Москва
2026-03-25 09:00:03,Прокладка впускного коллектора MMC 4D36 ME012491/ 641100-NA Matto,6,111,Matto,ME012491,Москва
2026-03-25 09:00:03,Прокладка впускного коллектора MMC 4M51 4M51-IN/641480-LNA-PB Matto !,4,260,Matto,MIT-4M51-IN,Москва
2026-03-25 09:00:03,Прокладка впускного коллектора MMC 4M51 HIM6524P HL,2,255,Huang Lin,HIM6524P,Москва
2026-03-25 09:00:03,Прокладка впускного коллектора MMC 6D14 640620-NA Matto,2,384,Matto,640620-NA,Москва
2026-03-25 09:00:03,Прокладка впускного коллектора MMC 6D15 ME073712 HL,4,451,Huang Lin,ME073712,Москва
2026-03-25 09:00:03,Прокладка впускного коллектора MMC 6D31 640750-NA Matto !,6,124,Matto,MIT-6D31-IN,Москва
2026-03-25 09:00:03,Прокладка впускного коллектора MMC 6D40 64011-SR/MIT-6D40-IN Matto,6,167,Matto,MIT-6D40-IN,Москва
2026-03-25 09:00:03,Прокладка впускного коллектора NISSAN BD30 741060-NA/14035-43G00 Matto,1,304,Matto,14035-43G00,Москва
2026-03-25 09:00:03,Прокладка впускного коллектора NISSAN FD46 740561-NA / NIS-FD46-IN Matto,1,176,Matto,NIS-FD46-IN,Москва
2026-03-25 09:00:03,Прокладка впускного коллектора NISSAN PE6T 740680-NA 14035-96008 Matto,2,75,Matto,740680-NA,Москва
2026-03-25 09:00:03,Прокладка впускного коллектора NISSAN RE10 740870-NA Matto !,3,159,Matto,740870,Москва
2026-03-25 09:00:03,Прокладка впускного коллектора NISSAN RE8 740860-NA Matto !,2,155,Matto,740860-NA,Москва
2026-03-25 09:00:03,Прокладка впускного коллектора NISSAN RF10 74003-SR/14035-97004 Matto,2,150,Matto,14035-97004,Москва
2026-03-25 09:00:03,Прокладка впускного коллектора NISSAN RF10 74004-SR/14035-97003 Matto,1,201,Matto,14035-97003,Москва
2026-03-25 09:00:03,Прокладка впускного коллектора NISSAN RF10 74005-SR/14035-97002 Matto,3,136,Matto,14035-97002,Москва
2026-03-25 09:00:03,Прокладка впускного коллектора NISSAN RF10/RE10 740870-NA Matto !,26,112,Matto,740870-NA,Москва
2026-03-25 09:00:03,Прокладка впускного коллектора NISSAN RF8 740880-NA 14035-97002K Matto !,2,255,Matto,14035-97002K,Москва
2026-03-25 09:00:03,Прокладка впускного коллектора NISSAN RH10 74011-SR Matto !,4,151,Matto,NIS-RH10-IN,Москва
2026-03-25 09:00:03,Прокладка впускного коллектора TOYOTA 13B 17172-56022 941341-NA Matto,3,273,Matto,17172-56022,Москва
2026-03-25 09:00:03,Прокладка впускного коллектора TOYOTA 13B 17172-56022 HL,2,134,Huang Lin,17172-56022,Москва
2026-03-25 09:00:03,Прокладка впускного коллектора TOYOTA 14B 17171-56010 940780-KS Matto,1,246,Matto,1717256022,Москва
2026-03-25 09:00:03,Прокладка впускного коллектора TOYOTA 14B 17171-56010 DF,1,371,DRAGONFLYS,17171-56010,Москва
2026-03-25 09:00:03,Прокладка впускного коллектора TOYOTA 14B 17171-56010 HL,1,134,Huang Lin,17171-56010,Москва
2026-03-25 09:00:03,Прокладка выпускного коллектора 1044011FD020 JAC N35 ORIG,2,374,JAC,1044011FD020,Москва
2026-03-25 09:00:03,Прокладка выпускного коллектора 28548-84000 Hyundai HD160/250 ORIG,2,350,Hyundai-Kia,28548-84000,Москва
2026-03-25 09:00:03,Прокладка выпускного коллектора 420408 / A4601420080/ A5411420180 / 432040 Mercedes/Elring,2,140,Diesel Technic,4.20408,Москва
2026-03-25 09:00:03,Прокладка выпускного коллектора 8-97350-317-0/2 ORIG,1,1874,Isuzu,8-97350-317-2,Москва
2026-03-25 09:00:03,Прокладка выпускного коллектора D-126581 / 201V08901-0315 MC11 Sitrak C7H Дизель,2,105,Дизель,D-126581,Москва
2026-03-25 09:00:03,Прокладка выпускного коллектора D-129449 / 1008044-29DX FAW CA3250 Дизель,10,90,Дизель,D-129449,Москва
2026-03-25 09:00:03,Прокладка выпускного коллектора D-130777 / 5711399 JAC N120/Камаз Cummins ISF3.8 Е-5 Дизель,2,157,Дизель,D-130777,Москва
2026-03-25 09:00:03,Прокладка выпускного коллектора ISUZU 4HF1 8-97105-866-1 HL,7,1043,Huang Lin,8-97105-866-1,Москва
2026-03-25 09:00:03,Прокладка выпускного коллектора S1710-42000 HINO500 ORIG,1,2335,Hino,S1710-42000,Москва
2026-03-25 09:00:03,Прокладка выпускного коллектора W06D 17104-1210 W/MT HL,3,240,Huang Lin,17104-1210,Москва
2026-03-25 09:00:03,Прокладка выпуского коллектора 4HE1 8-97039-777-0 ORIG,6,841,Isuzu,8-97039-777-1,Москва
2026-03-25 09:00:03,Прокладка выпуского коллектора ISUZU 4HE1 8-97039-777-0 / 85005-S-PB Matto,1,379,Matto,8-97039-777-0,Москва
2026-03-25 09:00:03,Прокладка выпуского коллектора ISUZU 4HE1 8-97039-777-0 HL,8,506,Huang Lin,8-97039-777-0,Москва
2026-03-25 09:00:03,Прокладка выпуского коллектора NISS TD25 14036-43G00 W/MT HL,2,89,Huang Lin,14036-43G00,Москва
2026-03-25 09:00:03,Прокладка выхлопной трубы 28627-82901 HD120 ORIG,3,539,Hyundai-Kia,28627-82901,Москва
2026-03-25 09:00:03,Прокладка выхлопной трубы ME560121 / 65034-S-PB Fuso Canter Matto,1,931,Matto,ME560121,Москва
2026-03-25 09:00:03,"Прокладка ГБЦ 1,15 1002050FD020-A JAC N35 ORIG",1,1730,JAC,1002050FD020-A,Москва
2026-03-25 09:00:03,"Прокладка ГБЦ 1,25 1002050FD020-B JAC N35 ORIG",1,1402,JAC,1002050FD020-B,Москва
2026-03-25 09:00:03,"Прокладка ГБЦ 1,25 D-127705 / 1002050FD020-B JAC N35 Дизель",1,922,Дизель,D-127705,Москва
2026-03-25 09:00:03,Прокладка ГБЦ 4HF1 8-97105-871-0 / 8-97107-566-0 DF,2,1523,DRAGONFLYS,5-87105-871-0,Москва
2026-03-25 09:00:03,Прокладка ГБЦ 4HF1 8-97105-871-0/8-97107-566-0 ORIG,1,5990,Isuzu,5-87105-871-0,Москва
2026-03-25 09:00:03,Прокладка ГБЦ 4HG1 8-97134-955-0 1.750 ORIG,2,7757,Isuzu,8-97134-955-0,Москва
2026-03-25 09:00:03,Прокладка ГБЦ 4HG1/4HL1/4HJ1 8-97349-490-0/8-97262-944-1 DF,1,1523,DRAGONFLYS,8-97349-490-0,Москва
2026-03-25 09:00:03,"Прокладка ГБЦ 4HG1/4HL1/4HJ1 8-97349-490-0/8-97262-944-1/944-0 1,525 ORIG",9,4140,Isuzu,8-97349-490-0,Москва
2026-03-25 09:00:03,Прокладка ГБЦ 4HK1-T D-125383/8-97375-434-0/8-98245-618-0/8-98244-824-0 T=1.525 1-HOLE FSR E4 Дизель,1,2006,Дизель,D-125383,Москва
2026-03-25 09:00:03,Прокладка ГБЦ 4HK1-T NQR75/90/NPR75 E-3 8-98288-503-0 / 8-98244-825-0 DF,2,2163,DRAGONFLYS,8982885030,Москва
2026-03-25 09:00:03,Прокладка ГБЦ 65039010015 BS106,2,1154,Дизель,65039010015,Москва
2026-03-25 09:00:03,Прокладка ГБЦ 6HE1 8-94396-334-0 DF,2,2198,DRAGONFLYS,8-94396-334-0,Москва
2026-03-25 09:00:03,Прокладка ГБЦ 8-97134-956-0 ORIG,1,8549,Isuzu,8971349560,Москва
2026-03-25 09:00:03,Прокладка ГБЦ 8-97262-946-0/8-97229-227-0 4HK1 ORIG,1,7652,Isuzu,8-97262-946-2,Москва
2026-03-25 09:00:03,Прокладка ГБЦ 8-97328-828-2 4JJ1-T T=1.40 NLR/NMR E3/4 HL,1,1038,Huang Lin,8-97328-828-2,Москва
2026-03-25 09:00:03,Прокладка ГБЦ 8-97384-037-0 ORIG,1,7096,Isuzu,8-97384-037-0,Москва
2026-03-25 09:00:03,Прокладка ГБЦ 8-97601-819-5 6HK1-T FVR34 ORIG,38,13722,Isuzu,8-97601-819-5,Москва
2026-03-25 09:00:03,Прокладка ГБЦ 8-98291-683-0 4JJ1-T T=1.14 1 метка NLR/NMR E3/4 ORIG,3,3604,Isuzu,8-98291-683-0,Москва
2026-03-25 09:00:03,Прокладка ГБЦ CUMMINS 4ВТ 3283333 Matto,3,1714,Matto,3283333,Москва
2026-03-25 09:00:03,Прокладка ГБЦ D-125948 / 1002050FD020-A JAC N35 Дизель,2,1079,Дизель,D-125948,Москва
2026-03-25 09:00:03,Прокладка ГБЦ D-126582 / 201V03901-0402 MC11 Sitrak C7H Дизель,1,1650,Дизель,D-126582,Москва
2026-03-25 09:00:03,Прокладка ГБЦ D-127904 / 612600040646 Weichai WP10 E-5 Дизель,1,496,Дизель,D-127904,Москва
2026-03-25 09:00:03,Прокладка ГБЦ D-128141 / 8-97375-435-0 4HK1-T Дизель,3,2338,Дизель,D-128141,Москва
2026-03-25 09:00:03,Прокладка ГБЦ D-128209 / 8-97328-866-2 T=1.05 4JJ1-TCC NLR/NMR 55/85 08~ Дизель,1,1096,Дизель,D-128209,Москва
2026-03-25 09:00:03,Прокладка ГБЦ D-128300 / 1002210GD190 JAC T6 Дизель,1,1392,Дизель,D-128300,Москва
2026-03-25 09:00:03,Прокладка ГБЦ D-128682 / 2105040147 WEICHAI/FAW Дизель,1,1045,Дизель,D-128682,Москва
2026-03-25 09:00:03,Прокладка ГБЦ D-128811 / 8-97375-433-1 T=1.475 4HK1-T Дизель,1,1979,Дизель,D-128811,Москва
2026-03-25 09:00:03,Прокладка ГБЦ D-128812 / 8-97328-866-2 T=1.05 4JJ1-TCC NLR/NMR 55/85 Дизель,1,1155,Дизель,D-128812,Москва
2026-03-25 09:00:03,Прокладка ГБЦ D-129452 / 1003020-81D FAW J6 CA6DM2 Дизель,2,2000,Дизель,D-129452,Москва
2026-03-25 09:00:03,Прокладка ГБЦ D-130644 / 61500040049 / 612600040355 (прорезиненная) HOWO WP10/WD615 Дизель,2,724,Дизель,D-130644,Москва
2026-03-25 09:00:03,Прокладка ГБЦ HINO 11115-E0202/11115-E0200 HINO 500 E-3/4 ORIG,1,30569,Hino,11115-E0202,Москва
2026-03-25 09:00:03,Прокладка ГБЦ HINO EF750 11115-2030 HL,2,3355,Huang Lin,11115-2030,Москва
2026-03-25 09:00:03,Прокладка ГБЦ HINO EF750 11115-2030 Matto,4,3296,Matto,11115-2030,Москва
2026-03-25 09:00:03,Прокладка ГБЦ HINO EP100 11115-2190 Matto,2,3922,Matto,11115-2190,Москва
2026-03-25 09:00:03,Прокладка ГБЦ HINO F17C/D 11115-2180 / 11115-2160 DF,4,2198,DRAGONFLYS,11115-2180,Москва
2026-03-25 09:00:03,Прокладка ГБЦ HINO F17C/F17E 11115-2160 W/KMF HL,3,5031,Huang Lin,11115-2160,Москва
2026-03-25 09:00:03,Прокладка ГБЦ HINO F17D 11115-2730A W/KMF HL,2,6330,Huang Lin,11115-2730A,Москва
2026-03-25 09:00:03,Прокладка ГБЦ HINO F21C 11115-2492B HL,1,5210,Huang Lin,11115-2492B,Москва
2026-03-25 09:00:03,"Прокладка ГБЦ HINO H06C, H07C 11115-1802 DF",1,1389,DRAGONFLYS,11115-1802,Москва
2026-03-25 09:00:03,"Прокладка ГБЦ HINO H06C, H07C 11115-1802 Matto",2,2678,Matto,11115-1802,Москва
2026-03-25 09:00:03,Прокладка ГБЦ HINO H07D 11115-2420B DF,1,1409,DRAGONFLYS,11115-2420B,Москва
2026-03-25 09:00:03,Прокладка ГБЦ HINO H07D 11115-2420B HL,2,3189,Huang Lin,11115-2420B,Москва
2026-03-25 09:00:03,Прокладка ГБЦ HINO J05C 11115-2611 Matto,1,4422,Matto,11115-2611,Москва
2026-03-25 09:00:03,Прокладка ГБЦ HINO J07C 11115-2780 DF,2,2035,DRAGONFLYS,11115-2780,Москва
2026-03-25 09:00:03,Прокладка ГБЦ HINO J07C 11115-2780 HL,2,5175,Huang Lin,11115-2780,Москва
2026-03-25 09:00:03,Прокладка ГБЦ HINO J07C 11115-2780 Matto,1,5421,Matto,11115-2780,Москва
2026-03-25 09:00:03,Прокладка ГБЦ HINO J08C-TG 11115-2451/2590 DF,4,2198,DRAGONFLYS,11115-2451,Москва
2026-03-25 09:00:03,Прокладка ГБЦ HINO J08C-TG 11115-2451/2590 Matto,4,4922,Matto,11115-2451,Москва
2026-03-25 09:00:03,Прокладка ГБЦ HINO J08C/E HINO500 11115-2870А/11115-2650A DF,2,3193,DRAGONFLYS,11115-2870A,Москва
2026-03-25 09:00:03,Прокладка ГБЦ HINO J08C/E HINO500 11115-2870А/11115-2650A Matto,1,5403,Matto,11115-2870A,Москва
2026-03-25 09:00:03,Прокладка ГБЦ HINO J08C/E HINO500 11115-2870А/11115-2650A W/KMF+ASSY HL,1,4767,Huang Lin,11115-2650A,Москва
2026-03-25 09:00:03,Прокладка ГБЦ HINO K13C 24V 11115-2570 Matto,1,4280,Matto,11115-2570,Москва
2026-03-25 09:00:03,Прокладка ГБЦ HINO K13C 24V NEW 11115-2701 Matto,2,5964,Matto,11115-2701,Москва
2026-03-25 09:00:03,Прокладка ГБЦ HINO P11C 11115-2741 Matto,2,6802,Matto,11115-2741,Москва
2026-03-25 09:00:03,Прокладка ГБЦ HINO S05C 11115-2900A DF,2,2716,DRAGONFLYS,111152900A,Москва
2026-03-25 09:00:03,Прокладка ГБЦ HINO S05C 11115-2900A Matto,2,5726,Matto,11115-2900A,Москва
2026-03-25 09:00:03,Прокладка ГБЦ HINO V22C 11115-2070 Matto,2,4170,Matto,11115-2070,Москва
2026-03-25 09:00:03,Прокладка ГБЦ HINO V26C 11115-2521 HL,2,4291,Huang Lin,11115-2521,Москва
2026-03-25 09:00:03,Прокладка ГБЦ HINO W04CT 11115-2271 Matto,2,1867,Matto,11115-2271,Москва
2026-03-25 09:00:03,Прокладка ГБЦ HINO/T-DYNA N04C 11115-E0030 W/KMF HL,1,3992,Huang Lin,11115-E0030,Москва
2026-03-25 09:00:03,Прокладка ГБЦ HYU D4AF 22311-41200 Matto,1,882,Matto,22311-41200,Москва
2026-03-25 09:00:03,Прокладка ГБЦ HYU D4AL 22311-41000 Matto,1,875,Matto,22311-41000,Москва
2026-03-25 09:00:03,Прокладка ГБЦ ISUZU 10PC1 1-11141-140-0 Matto,1,1226,Matto,1-11141-140-0,Москва
2026-03-25 09:00:03,Прокладка ГБЦ ISUZU 10PВ1 1-11141-074-0 Matto !,1,717,Matto,1-11141-074-0,Москва
2026-03-25 09:00:03,Прокладка ГБЦ ISUZU 12PD1 1-11141-101-1 Matto,2,1649,Matto,1-11141-101-1,Москва
2026-03-25 09:00:03,Прокладка ГБЦ ISUZU 12PD1 1-11141-191-0 W/MT HL,2,3272,Huang Lin,1-11141-191-0,Москва
2026-03-25 09:00:03,Прокладка ГБЦ ISUZU 12PЕ1 1-11141-249-0 Matto,1,8207,Matto,1-11141-249-0,Москва
2026-03-25 09:00:03,Прокладка ГБЦ ISUZU 4BD1 8-94145-839-0 HL,1,1768,Huang Lin,8-94145-839-0,Москва
2026-03-25 09:00:03,Прокладка ГБЦ ISUZU 4BD1 8-94145-839-0 Matto,4,1713,Matto,8-94145-839-0,Москва
2026-03-25 09:00:03,Прокладка ГБЦ ISUZU 4BE1 86 8-94418-920-0 / 82023-S-0142 Matto,2,1605,Matto,8-94418-920-0,Москва
2026-03-25 09:00:03,Прокладка ГБЦ ISUZU 4BE1 86 8-94418-920-0 W/MT HL,4,1903,Huang Lin,8-94418-920-0,Москва
2026-03-25 09:00:03,"Прокладка ГБЦ ISUZU 4HF1 8-97048-347-0/8-97017-443-0/8-97044-060-0 (2,05mm) Matto",1,2520,Matto,8-97048-347-0,Москва
2026-03-25 09:00:03,"Прокладка ГБЦ ISUZU 4HF1 8-97048-348-0/8-97017-448-0/8-97044-061-0 (2,10mm) Matto",1,2523,Matto,8-97048-348-0,Москва
2026-03-25 09:00:03,"Прокладка ГБЦ ISUZU 4HF1 8-97105-871-0/8-97107-566-0 (1,7mm) Matto",1,2718,Matto,8-97105-871-0,Москва
2026-03-25 09:00:03,"Прокладка ГБЦ ISUZU 4HF1 8-97105-872-0/8-97107-567-0 (1,75mm) Matto",3,2783,Matto,8-97105-872-0,Москва
2026-03-25 09:00:03,Прокладка ГБЦ ISUZU 4HF1 8-97105-872-0/8-97107-567-0 DF,2,2035,DRAGONFLYS,8-97105-872-0,Москва
2026-03-25 09:00:03,"Прокладка ГБЦ ISUZU 4HF1 8-97105-873-0/8-97107-568-0 (1,8mm) Matto",4,2739,Matto,8-97105-873-0,Москва
2026-03-25 09:00:03,Прокладка ГБЦ ISUZU 4HF1 8-97262-940-1 (1.475mm) Matto,4,2551,Matto,8-97262-940-1,Москва
2026-03-25 09:00:03,Прокладка ГБЦ ISUZU 4HF1 8-97262-941-1/897233-757-0/8-97223-763-1/8-97349-484-0 1.525 Matto,1,2505,Matto,8-97262-941-1,Москва
2026-03-25 09:00:03,Прокладка ГБЦ ISUZU 4HG1 8-97134-954-0/8-97062-612-2 DF,1,1523,DRAGONFLYS,8-97134-954-0,Москва
2026-03-25 09:00:03,Прокладка ГБЦ ISUZU 4HG1 8-97349-489-0 Matto,2,3226,Matto,8-97349-489-0,Москва
2026-03-25 09:00:03,Прокладка ГБЦ ISUZU 4HG1/4HL1 8-97262-943-1 DF,2,3693,DRAGONFLYS,8-97262-943-1,Москва
2026-03-25 09:00:03,Прокладка ГБЦ ISUZU 4HG1/4HL1/4HJ1 8-97262-945-1/8-97349-491-0 DF,6,2035,DRAGONFLYS,8-97349-491-0,Москва
2026-03-25 09:00:03,"Прокладка ГБЦ ISUZU 4HK1 8-97262-946-0/8-97229-227-0 1,475 Matto",1,2952,Matto,8-97262-946-0,Москва
2026-03-25 09:00:03,Прокладка ГБЦ ISUZU 4HK1 8-97375-433-0 Matto,1,2900,Matto,8-97375-433-0,Москва
2026-03-25 09:00:03,Прокладка ГБЦ ISUZU 4HK1 8-97375-435-0 HL,1,3677,Huang Lin,8-97375-435-0,Москва
2026-03-25 09:00:03,Прокладка ГБЦ ISUZU 4HK1T 8-98055-541-0 / 82082-S-V002 Matto,3,3190,Matto,8-98055-541-0,Москва
2026-03-25 09:00:03,Прокладка ГБЦ ISUZU 4HK1T 8-98055-541-0 W/KMF+MT T=1.525 HL,1,3895,Huang Lin,8-98055-541-0,Москва
2026-03-25 09:00:03,"Прокладка ГБЦ ISUZU 4HL1/4HJ1 8-97349-495-0/8-97384-036-0 1,475 Matto",1,3747,Matto,8-97349-495-0,Москва
2026-03-25 09:00:03,Прокладка ГБЦ ISUZU 4HL1/4HJ1 8-97349-496-0/8-97384-037-0 HL,1,3764,Huang Lin,8-97384-037-0,Москва
2026-03-25 09:00:03,Прокладка ГБЦ ISUZU 4JA1/4JB1 8-94433-733-0 W/MT HL,1,1198,Huang Lin,8-94433-733-0,Москва
2026-03-25 09:00:03,"Прокладка ГБЦ ISUZU 4JA1/4JC1 8-94332-327-0/328-0 1,65 Matto",1,1085,Matto,8-94332-327-0,Москва
2026-03-25 09:00:03,Прокладка ГБЦ ISUZU 4JA1/4JC1 8-94332-328-0 W/MT 1.7T HL,1,1587,Huang Lin,8-94332-328-0,Москва
2026-03-25 09:00:03,Прокладка ГБЦ ISUZU 4JB1 8-94109-553-1 HL,1,1574,Huang Lin,8-94109-553-1,Москва
2026-03-25 09:00:03,Прокладка ГБЦ ISUZU 4JB1 8-97350-318-0 / 82032-S-0142 Matto,1,1431,Matto,8-97350-318-0,Москва
2026-03-25 09:00:03,Прокладка ГБЦ ISUZU 4JB1 8-97350-320-0 / 82032-S-0142 Matto,1,1412,Matto,8-97350-320-0,Москва
2026-03-25 09:00:03,Прокладка ГБЦ ISUZU 4JB1 8-97350-320-0 DF,4,1016,DRAGONFLYS,8-97350-320-0,Москва
2026-03-25 09:00:03,Прокладка ГБЦ ISUZU 4JB1 8-97350-320-0 W/MT HL,5,1596,Huang Lin,8-97350-320-0,Москва
2026-03-25 09:00:03,Прокладка ГБЦ ISUZU 4JG2 8-97066-196-0 HL,4,1903,Huang Lin,8-97066-196-0,Москва
2026-03-25 09:00:03,Прокладка ГБЦ ISUZU 4JG2 8-97066-196-0 Matto,2,1972,Matto,8-97066-196-0,Москва
2026-03-25 09:00:03,"Прокладка ГБЦ ISUZU 4JG2 8-97066-197-0 1,65 Matto",1,2287,Matto,8-97066-197-0,Москва
2026-03-25 09:00:03,Прокладка ГБЦ ISUZU 4JG2 8-97066-198-0 DF,1,944,DRAGONFLYS,8-97066-198-0,Москва
2026-03-25 09:00:03,Прокладка ГБЦ ISUZU 4НE1 8-97138-066-0 Matto,2,1415,Matto,8-97138-066-0,Москва
2026-03-25 09:00:03,Прокладка ГБЦ ISUZU 4НF1 8-97105-873-0 DF,3,1876,DRAGONFLYS,8-97105-873-0,Москва
2026-03-25 09:00:03,Прокладка ГБЦ ISUZU 4НF1 New Type 8-97233-757-0 HL,3,2857,Huang Lin,8-97233-757-0,Москва
2026-03-25 09:00:03,Прокладка ГБЦ ISUZU 4НF1 Old Type 8-97105-872-0 HL,2,2792,Huang Lin,8-97105-872-0,Москва
2026-03-25 09:00:03,Прокладка ГБЦ ISUZU 4НF1 Old Type 8-97105-873-0 W/MT 1.8T HL,2,2625,Huang Lin,8-97105-873-0,Москва
2026-03-25 09:00:03,Прокладка ГБЦ ISUZU 4НG1 8-97144-986-0 / 82067-S-0152 Matto,4,2504,Matto,8-97144-986-0,Москва
2026-03-25 09:00:03,Прокладка ГБЦ ISUZU 6BG1 1-11141-196-0 / 82038-S-0142 Matto,2,1997,Matto,1-11141-196-0,Москва
2026-03-25 09:00:03,Прокладка ГБЦ ISUZU 6BG1 5-11141-196-0 DF,3,1731,DRAGONFLYS,5-11141-196-0,Москва
2026-03-25 09:00:03,Прокладка ГБЦ ISUZU 6BG1 5-11141-196-0 Matto,1,1997,Matto,5-11141-196-0,Москва
2026-03-25 09:00:03,Прокладка ГБЦ ISUZU 6HE1 8-94396-334-0 HL,3,4826,Huang Lin,8-94396-334-0,Москва
2026-03-25 09:00:03,Прокладка ГБЦ ISUZU 6HH1 8-94393-346-1 DF,1,2534,DRAGONFLYS,8-94393-346-1,Москва
2026-03-25 09:00:03,Прокладка ГБЦ ISUZU 6HH1 8-94393-346-1 Matto,3,5394,Matto,8-94393-346-1,Москва
2026-03-25 09:00:03,Прокладка ГБЦ ISUZU 6HH1 8-94393-346-1 W/MT+ASSY HL,1,5278,Huang Lin,8-94393-346-1,Москва
2026-03-25 09:00:03,Прокладка ГБЦ ISUZU 6HK1 8-94390-787-2 HL,3,4779,Huang Lin,8-94390-787-2,Москва
2026-03-25 09:00:03,Прокладка ГБЦ ISUZU 6HK1 8-97601-819-4 / 82079-S-0152 Matto,1,6127,Matto,8-97601-819-4,Москва
2026-03-25 09:00:03,Прокладка ГБЦ ISUZU 6HK1/6HH1 8-97605-228-0 HL,1,5310,Huang Lin,8-97605-228-0,Москва
2026-03-25 09:00:03,Прокладка ГБЦ ISUZU 6HK1/6HL1 8-97605-228-0/8-94390-787-2 Matto,1,6192,Matto,8-97605-228-0,Москва
2026-03-25 09:00:03,Прокладка ГБЦ ISUZU 6RA1/B1 1-11141-142-0 HL,1,2736,Huang Lin,1-11141-142-0,Москва
2026-03-25 09:00:03,Прокладка ГБЦ ISUZU 6SD1 1-11141-216-2 Matto,1,2863,Matto,1-11141-216-2,Москва
2026-03-25 09:00:03,Прокладка ГБЦ ISUZU 6WG1/6WF1 1-11141-265-0/1 HL,1,11413,Huang Lin,1-11141-265-1,Москва
2026-03-25 09:00:03,Прокладка ГБЦ ISUZU 6WG1/6WF1 1-11141-265-0/1 Matto,2,13129,Matto,1-11141-265-1,Москва
2026-03-25 09:00:03,Прокладка ГБЦ ISUZU 8PC1 1-11141-141-1 Matto,1,1214,Matto,1-11141-141-1,Москва
2026-03-25 09:00:03,Прокладка ГБЦ ISUZU 8PC1(N)/D1 1-11141-189-1 / 82073-S-0152 Matto,2,2071,Matto,1-11141-189-0,Москва
2026-03-25 09:00:03,Прокладка ГБЦ ISUZU 8PC1(N)/D1 1-11141-189-1 HL,2,2517,Huang Lin,1-11141-189-1,Москва
2026-03-25 09:00:03,Прокладка ГБЦ ISUZU 8PD1 1-11141-099-0 Matto,1,928,Matto,1-11141-099-0,Москва
2026-03-25 09:00:03,Прокладка ГБЦ ISUZU 8PE1 1-11141-262-1 HL,2,3111,Huang Lin,1-11141-262-1,Москва
2026-03-25 09:00:03,Прокладка ГБЦ KOMATSU 4D105-5 6134-11-1810 Matto,2,1352,Matto,6134-11-1810,Москва
2026-03-25 09:00:03,Прокладка ГБЦ KOMATSU 4D130 6114-11-1811 Matto,1,1337,Matto,6114-11-1811,Москва
2026-03-25 09:00:03,Прокладка ГБЦ KOMATSU 4D95 6204-11-1812 Matto,1,1533,Matto,6204-11-1812,Москва
2026-03-25 09:00:03,Прокладка ГБЦ KOMATSU 6D102 6735-11-1812 Matto,2,1705,Matto,6735-11-1812,Москва
2026-03-25 09:00:03,Прокладка ГБЦ KOMATSU 6D105 6137-11-1810 Matto,1,1844,Matto,6137-11-1810,Москва
2026-03-25 09:00:03,Прокладка ГБЦ KOMATSU 6D108 6221-17-1811 Matto,1,6449,Matto,6221-17-1811,Москва
2026-03-25 09:00:03,Прокладка ГБЦ KOMATSU 6D110 6138-19-1811 Matto,2,4866,Matto,6138-19-1811,Москва
2026-03-25 09:00:03,Прокладка ГБЦ KOMATSU 6D125 6150-17-1812 Matto,9,883,Matto,6150-17-1812,Москва
2026-03-25 09:00:03,Прокладка ГБЦ KOMATSU 6D125 6151-17-1853 Matto,1,812,Matto,6151-17-1853,Москва
2026-03-25 09:00:03,Прокладка ГБЦ KOMATSU 6D140 6210-17-1813 Matto,1,1143,Matto,6210-17-1813,Москва
2026-03-25 09:00:03,Прокладка ГБЦ KOMATSU 6D155 6127-11-1817 Matto,1,2487,Matto,6127-11-1817,Москва
2026-03-25 09:00:03,Прокладка ГБЦ KOMATSU 6D170 6162-13-1812 HL,1,1657,Huang Lin,6162131812,Москва
2026-03-25 09:00:03,Прокладка ГБЦ KOMATSU 6D170 6162-13-1812 Matto,1,1936,Matto,6162-13-1812,Москва
2026-03-25 09:00:03,Прокладка ГБЦ KOMATSU 6D95 6206-11-1830 Matto,1,1127,Matto,6206-11-1830,Москва
2026-03-25 09:00:03,Прокладка ГБЦ MAN D2866/D2876 51.03901.0382 Matto !,1,189,Matto,51.03901.0382,Москва
2026-03-25 09:00:03,Прокладка ГБЦ MAZDA HA 1363-10-271 E3000 Matto,1,341,Matto,1363-10-271,Москва
2026-03-25 09:00:03,Прокладка ГБЦ MAZDA HA SE01-10-271 DF,2,690,DRAGONFLYS,SE01-10-271,Москва
2026-03-25 09:00:03,Прокладка ГБЦ MAZDA HA SE01-10-271 Matto,2,551,Matto,SE01-10-271,Москва
2026-03-25 09:00:03,Прокладка ГБЦ MAZDA HA SE01-10-271 W/KFS HL,1,643,Huang Lin,SE01-10-271,Москва
2026-03-25 09:00:03,Прокладка ГБЦ MAZDA SL /T3500 SL50-10-271 HL,3,2027,Huang Lin,SL50-10-271,Москва
2026-03-25 09:00:03,Прокладка ГБЦ MAZDA SL SL01-10-271K HL,4,604,Huang Lin,SL0110271K,Москва
2026-03-25 09:00:03,Прокладка ГБЦ MAZDA SL SL01-10-271K Matto,3,642,Matto,SL01-10-271K,Москва
2026-03-25 09:00:03,Прокладка ГБЦ MAZDA SL SL50-10-271B Matto,2,2346,Matto,SL50-10-271B,Москва
2026-03-25 09:00:03,Прокладка ГБЦ MAZDA T4000 TF 20-10-271 W/MT HL,1,1825,Huang Lin,TF20-10-271,Москва
2026-03-25 09:00:03,Прокладка ГБЦ MAZDA T4000 TF 20-10-271G / 52039-G-2002 W/GP Matto,1,1033,Matto,JA-21097,Москва
2026-03-25 09:00:03,Прокладка ГБЦ MAZDA T4000 TF 20-10-271HL W/GP HL,1,1063,Huang Lin,TF20-10-271HL,Москва
2026-03-25 09:00:03,Прокладка ГБЦ MAZDA T4000 TF20-10-271G DF,2,1272,DRAGONFLYS,TF2010271,Москва
2026-03-25 09:00:03,Прокладка ГБЦ MAZDA T4500 TM 01-10-271 W/MT HL,2,931,Huang Lin,TM01-10-271,Москва
2026-03-25 09:00:03,Прокладка ГБЦ MAZDA TF 8AWD-10-271 DF,3,1184,DRAGONFLYS,8AWD-10-271,Москва
2026-03-25 09:00:03,Прокладка ГБЦ MAZDA TF 8AWD-10-271 Matto,1,1772,Matto,8AWD-10-271,Москва
2026-03-25 09:00:03,Прокладка ГБЦ MAZDA TМ TM01-10-271 Matto,1,1772,Matto,TM01-10-271,Москва
2026-03-25 09:00:03,Прокладка ГБЦ MAZDA VN OVN01-10-271 Matto,1,1392,Matto,OVN01-10-271,Москва
2026-03-25 09:00:03,Прокладка ГБЦ MAZDA VS VS01-10-271E Matto,1,2503,Matto,VS01-10-271E,Москва
2026-03-25 09:00:03,Прокладка ГБЦ MERCEDES MB401/MB40 422 016 00 20 Matto !,1,114,Matto,422 016 00 20,Москва
2026-03-25 09:00:03,Прокладка ГБЦ MMC 10DC11 ME093242 Matto,2,1405,Matto,ME093242,Москва
2026-03-25 09:00:03,Прокладка ГБЦ MMC 4D30 ME011009 Matto,1,537,Matto,ME011009,Москва
2026-03-25 09:00:03,"Прокладка ГБЦ MMC 4D32, 4D31 ME013326 Matto",2,1341,Matto,ME013326,Москва
2026-03-25 09:00:03,"Прокладка ГБЦ MMC 4D32, 4D31 ME013330 HL",1,1757,Huang Lin,ME013330,Москва
2026-03-25 09:00:03,"Прокладка ГБЦ MMC 4D32, 4D31 ME013330 Matto",3,1863,Matto,ME013330,Москва
2026-03-25 09:00:03,Прокладка ГБЦ MMC 4D33 ME013334 DF,1,836,DRAGONFLYS,ME013334,Москва
2026-03-25 09:00:03,"Прокладка ГБЦ MMC 4D34, 4D34T 4D35 ME013300 HL",1,1870,Huang Lin,ME013300,Москва
2026-03-25 09:00:03,"Прокладка ГБЦ MMC 4D34, 4D34T 4D35 ME013300 Matto",2,1888,Matto,ME013300,Москва
2026-03-25 09:00:03,Прокладка ГБЦ MMC 4D35 ME011110B DF,3,939,DRAGONFLYS,ME011110B,Москва
2026-03-25 09:00:03,Прокладка ГБЦ MMC 4D35 ME011110B HL,4,1739,Huang Lin,ME011110B,Москва
2026-03-25 09:00:03,Прокладка ГБЦ MMC 4D35 ME011110B Matto,1,1473,Matto,ME011110B,Москва
2026-03-25 09:00:03,Прокладка ГБЦ MMC 4D36 ME011111B DF,1,845,DRAGONFLYS,ME011111B,Москва
2026-03-25 09:00:03,Прокладка ГБЦ MMC 4DR7 ME001642 Matto,1,2233,Matto,ME001642,Москва
2026-03-25 09:00:03,Прокладка ГБЦ MMC 4M40 ME200751 DF,1,909,DRAGONFLYS,ME200751,Москва
2026-03-25 09:00:03,Прокладка ГБЦ MMC 4M40 ME200751 HL,1,1139,Huang Lin,ME200751,Москва
2026-03-25 09:00:03,Прокладка ГБЦ MMC 4M40 ME200751 Matto,3,1412,Matto,ME200751,Москва
2026-03-25 09:00:03,Прокладка ГБЦ MMC 4M40 ME200753 / 62053-G-51C2 Matto,2,1473,Matto,ME200753,Москва
2026-03-25 09:00:03,Прокладка ГБЦ MMC 4M40 ME200754 HL,2,923,Huang Lin,ME200754,Москва
2026-03-25 09:00:03,Прокладка ГБЦ MMC 4M50/4M51 ME226786 MMC DF,1,2874,DRAGONFLYS,ME226786,Москва
2026-03-25 09:00:03,Прокладка ГБЦ MMC 4M51 ME240707 HGM6524P-1 HL,1,2879,Huang Lin,HGM6524P-2,Москва
2026-03-25 09:00:03,Прокладка ГБЦ MMC 4M51 ME240708 Matto,1,3416,Matto,ME240708,Москва
2026-03-25 09:00:03,Прокладка ГБЦ MMC 4M51 ME240709 HL,1,3223,Huang Lin,ME240709,Москва
2026-03-25 09:00:03,Прокладка ГБЦ MMC 4M51 ME240709 Matto,2,3450,Matto,ME240709,Москва
2026-03-25 09:00:03,Прокладка ГБЦ MMC 6D14 ME031489 / ME071919 Matto,1,2267,Matto,ME031489,Москва
2026-03-25 09:00:03,Прокладка ГБЦ MMC 6D14 ME071919 / ME031489 HL,1,2024,Huang Lin,ME071919,Москва
2026-03-25 09:00:03,Прокладка ГБЦ MMC 6D14T-2AT ME071731 / 62063-NA-0162 Matto,1,3745,Matto,ME071731,Москва
2026-03-25 09:00:03,Прокладка ГБЦ MMC 6D15-2A ME071867 DF,1,1278,DRAGONFLYS,ME071867,Москва
2026-03-25 09:00:03,Прокладка ГБЦ MMC 6D15-2AT ME071867 W/CGPL HL,1,3038,Huang Lin,ME071867,Москва
2026-03-25 09:00:03,"Прокладка ГБЦ MMC 6D15, 6D15-T ME030913 HL",2,2107,Huang Lin,ME030913,Москва
2026-03-25 09:00:03,Прокладка ГБЦ MMC 6D16-2AT/6D17 24 valve ME071958/ME078707 Matto,1,2103,Matto,ME071958,Москва
2026-03-25 09:00:03,"Прокладка ГБЦ MMC 6D16, 6D16-T ME071182 DF",1,1214,DRAGONFLYS,ME071182,Москва
2026-03-25 09:00:03,"Прокладка ГБЦ MMC 6D16, 6D16-T ME071182 Matto",1,2364,Matto,ME071182,Москва
2026-03-25 09:00:03,Прокладка ГБЦ MMC 6D17 ME071955 DF,4,1184,DRAGONFLYS,ME071955,Москва
2026-03-25 09:00:03,Прокладка ГБЦ MMC 6D17 ME071955 HL,4,2783,Huang Lin,ME071955,Москва
2026-03-25 09:00:03,Прокладка ГБЦ MMC 6D22/22/24/24 ME051714 DF,2,715,DRAGONFLYS,ME051714,Москва
2026-03-25 09:00:03,Прокладка ГБЦ MMC 6D22/22/24/24 ME051714 Matto,1,1350,Matto,ME051714,Москва
2026-03-25 09:00:03,Прокладка ГБЦ MMC 6D22Т/6D24 ME051132 DF,1,1984,DRAGONFLYS,ME051132,Москва
2026-03-25 09:00:03,Прокладка ГБЦ MMC 6M60 ME304851 HL,2,7834,Huang Lin,ME304851,Москва
2026-03-25 09:00:03,Прокладка ГБЦ MMC 6M60 ME304851 Matto,1,3942,Matto,ME304851,Москва
2026-03-25 09:00:03,Прокладка ГБЦ MMC 6M60/61 ME132520 DF,4,2534,DRAGONFLYS,ME132520,Москва
2026-03-25 09:00:03,Прокладка ГБЦ MMC 6M61 ME993759 Matto,2,3942,Matto,ME993759,Москва
2026-03-25 09:00:03,Прокладка ГБЦ MMC 8DC10 ME091538 / ME092200 Matto,3,2326,Matto,ME091538,Москва
2026-03-25 09:00:03,Прокладка ГБЦ MMC 8DC10 ME091538/ME092200 DF,1,1016,DRAGONFLYS,ME092200,Москва
2026-03-25 09:00:03,Прокладка ГБЦ MMC 8DC11 ME084081 Matto,1,2856,Matto,ME084081,Москва
2026-03-25 09:00:03,Прокладка ГБЦ MMC 8DC110 ME092855 W/CGP+SL HL,1,2515,Huang Lin,ME092855,Москва
2026-03-25 09:00:03,Прокладка ГБЦ MMC 8DC9 31201-32100 DF,2,1016,DRAGONFLYS,31201-32100,Москва
2026-03-25 09:00:03,Прокладка ГБЦ MMC 8DC9 31201-32100 HL,4,2494,Huang Lin,31201-32100,Москва
2026-03-25 09:00:03,Прокладка ГБЦ MMC 8DC9 31201-32100 Matto,1,2291,Matto,31201-32100,Москва
2026-03-25 09:00:03,Прокладка ГБЦ MMC 8DС6 31201-12800 Matto,4,2232,Matto,31201-12800,Москва
2026-03-25 09:00:03,Прокладка ГБЦ MMC 8M20 ME160330 Matto,1,4021,Matto,ME160330,Москва
2026-03-25 09:00:03,Прокладка ГБЦ MMC 8M20 ME350011 Matto,1,5143,Matto,ME350011,Москва
2026-03-25 09:00:03,Прокладка ГБЦ MMC 8M20/21/60 ME161011/ME163925 Matto,1,5759,Matto,ME163925,Москва
2026-03-25 09:00:03,Прокладка ГБЦ MMC S6KT 34301-10200 HL,1,1695,Huang Lin,34301-10200,Москва
2026-03-25 09:00:03,Прокладка ГБЦ NISSAN BD30 11044-54T05 Matto,1,2061,Matto,11044-54T05,Москва
2026-03-25 09:00:03,Прокладка ГБЦ NISSAN BD30 11044-54T07 W/MT 1.52T HL,2,1704,Huang Lin,11044-54T07,Москва
2026-03-25 09:00:03,Прокладка ГБЦ NISSAN ED33 11044-T9000 Matto,2,1322,Matto,11044-T9000,Москва
2026-03-25 09:00:03,Прокладка ГБЦ NISSAN FD33/35 11044-01D00 (1.20) HL,2,2256,Huang Lin,11044-01D00,Москва
2026-03-25 09:00:03,Прокладка ГБЦ NISSAN FD33/35 11044-01D01 (1.15) HL,1,2256,Huang Lin,11044-01D01,Москва
2026-03-25 09:00:03,Прокладка ГБЦ NISSAN FD46 11044-0T001 DF,1,1589,DRAGONFLYS,110440T001,Москва
2026-03-25 09:00:03,Прокладка ГБЦ NISSAN FD46 11044-0T001 Matto,2,1932,Matto,11044-0T001,Москва
2026-03-25 09:00:03,Прокладка ГБЦ NISSAN FE6 11044-Z5509 DF,2,2035,DRAGONFLYS,11044-Z5509,Москва
2026-03-25 09:00:03,Прокладка ГБЦ NISSAN FE6 11044-Z5509 Matto,1,3274,Matto,11044-Z5509,Москва
2026-03-25 09:00:03,Прокладка ГБЦ NISSAN FE6 11044-Z5509 W/MT+ASSY HL,4,3336,Huang Lin,11044-Z5509,Москва
2026-03-25 09:00:03,Прокладка ГБЦ NISSAN FE6T 11044-Z5515 DF,4,2035,DRAGONFLYS,11044-Z5515,Москва
2026-03-25 09:00:03,Прокладка ГБЦ NISSAN FE6T 11044-Z5515 HL,1,3336,Huang Lin,11044-Z5515,Москва
2026-03-25 09:00:03,Прокладка ГБЦ NISSAN FE6T 11044-Z5515 Matto,7,3016,Matto,11044-Z5515,Москва
2026-03-25 09:00:03,Прокладка ГБЦ NISSAN FE6T 11044-Z5565 DF,2,2035,DRAGONFLYS,11044-Z5565,Москва
2026-03-25 09:00:03,Прокладка ГБЦ NISSAN FE6T 11044-Z5565 Matto,2,3114,Matto,11044-Z5565,Москва
2026-03-25 09:00:03,Прокладка ГБЦ NISSAN GE13TD 11044-00Z03/00Z05 Matto,3,9172,Matto,11044-00Z03,Москва
2026-03-25 09:00:03,Прокладка ГБЦ NISSAN NF6 11044-95506 HL !,2,2108,Huang Lin,11044-95506,Москва
2026-03-25 09:00:03,Прокладка ГБЦ NISSAN PE6T 11044-96510 Matto,1,1480,Matto,11044-96510,Москва
2026-03-25 09:00:03,Прокладка ГБЦ NISSAN PF6 11044-96561 Matto,3,3534,Matto,11044-96561,Москва
2026-03-25 09:00:03,Прокладка ГБЦ NISSAN PF6T 11044-96573 HL,2,4058,Huang Lin,11044-96573,Москва
2026-03-25 09:00:03,Прокладка ГБЦ NISSAN QD32 11044-1W402 W/MT 1.5T HL,2,1988,Huang Lin,11044-1W402,Москва
2026-03-25 09:00:03,Прокладка ГБЦ NISSAN RE10 11044-97009 Matto !,1,2687,Matto,11044-97009,Москва
2026-03-25 09:00:03,Прокладка ГБЦ NISSAN RE8 11044-97504 HL,2,3356,Huang Lin,11044-97504,Москва
2026-03-25 09:00:03,Прокладка ГБЦ NISSAN RE8 11044-97504 Matto,2,3347,Matto,11044-97504,Москва
2026-03-25 09:00:03,Прокладка ГБЦ NISSAN RF10 11044-97010 Matto,1,2643,Matto,11044-97010,Москва
2026-03-25 09:00:03,Прокладка ГБЦ NISSAN RF8 11044-97505 Matto,2,3351,Matto,11044-97505,Москва
2026-03-25 09:00:03,Прокладка ГБЦ NISSAN RG8 11044-97514 Matto,1,4121,Matto,11044-97514,Москва
2026-03-25 09:00:03,Прокладка ГБЦ NISSAN RG8 11044-97561 Matto,1,3567,Matto,11044-97561,Москва
2026-03-25 09:00:03,Прокладка ГБЦ NISSAN RH10 11044-97011 Matto,2,4731,Matto,11044-97011,Москва
2026-03-25 09:00:03,Прокладка ГБЦ NISSAN RH10 11044-97014/11044-ND000 HL,1,4968,Huang Lin,11044-97014,Москва
2026-03-25 09:00:03,Прокладка ГБЦ NISSAN RH8 11044-97513 Matto,1,2513,Matto,11044-97513,Москва
2026-03-25 09:00:03,Прокладка ГБЦ NISSAN TD25 11044-87G01 Matto,2,1474,Matto,11044-87G01,Москва
2026-03-25 09:00:03,Прокладка ГБЦ NISSAN TD27 11044-43G01 DF,1,679,DRAGONFLYS,11044-43G01,Москва
2026-03-25 09:00:03,Прокладка ГБЦ NISSAN TD27 11044-43G01 HL,2,1520,Huang Lin,11044-43G01,Москва
2026-03-25 09:00:03,Прокладка ГБЦ NISSAN TD27 11044-43G01 Matto,1,1775,Matto,11044-43G01,Москва
2026-03-25 09:00:03,Прокладка ГБЦ TOYOTA 13B 11115-58050 DF,1,736,DRAGONFLYS,1111558050,Москва
2026-03-25 09:00:03,"Прокладка ГБЦ TOYOTA 3B / 13B 11115-58050/58110 (1,6mm) Matto",2,649,Matto,11115-58050,Москва
2026-03-25 09:00:03,"Прокладка ГБЦ TOYOTA 14B 11115-58070 (1,5mm) Matto",2,1375,Matto,11115-58070,Москва
2026-03-25 09:00:03,Прокладка ГБЦ TOYOTA 14B 11115-58100 / 92078-S-81K2 Matto,2,1387,Matto,11115-58100,Москва
2026-03-25 09:00:03,Прокладка ГБЦ TOYOTA 14B 11115-58100 DF,1,752,DRAGONFLYS,11115-58100,Москва
2026-03-25 09:00:03,Прокладка ГБЦ TOYOTA 14B 11115-58100 HL,1,2016,Huang Lin,11115-58100,Москва
2026-03-25 09:00:03,"Прокладка ГБЦ TOYOTA 15B 11115-58140/58141 (1,3mm) Matto",2,1815,Matto,11115-58140,Москва
2026-03-25 09:00:03,Прокладка ГБЦ TOYOTA 15BF 95 11115-58131 HL,1,1742,Huang Lin,11115-58131,Москва
2026-03-25 09:00:03,Прокладка ГБЦ TOYOTA 15BF 95 11115-58141 HL,1,2094,Huang Lin,11115-58141,Москва
2026-03-25 09:00:03,Прокладка ГБЦ TOYOTA 1W 83 11115-78011 HL,1,1133,Huang Lin,11115-78011,Москва
2026-03-25 09:00:03,Прокладка ГБЦ TOYOTA 2KD 11115-30040-AO W/MT 1.2T HL !,1,1415,Huang Lin,11115-30040-AO,Москва
2026-03-25 09:00:03,"Прокладка ГБЦ TOYOTA 2L 11115-54084 (1,5mm) Matto",2,1444,Matto,11115-54084,Москва
2026-03-25 09:00:03,"Прокладка ГБЦ TOYOTA 3B/4B 11115-58081 (1,5mm) Matto",2,1874,Matto,11115-58081,Москва
2026-03-25 09:00:03,"Прокладка ГБЦ TOYOTA 3L 11115-54073-B0 (1,45mm) Matto",3,1377,Matto,11115-54073-BO,Москва
2026-03-25 09:00:03,Прокладка ГБЦ TOYOTA 3LT(N) 11115-54073-D0 / 92101-S-81K2 Matto,3,1582,Matto,11115-54073-D0,Москва
2026-03-25 09:00:03,Прокладка ГБЦ TOYOTA 3LT(N) 11115-54073-D0 HL,2,1706,Huang Lin,11115-54073-DO,Москва
2026-03-25 09:00:03,"Прокладка ГБЦ TOYOTA 4B 11115-58180 (1,6mm) Matto",3,1752,Matto,11115-58180,Москва
2026-03-25 09:00:03,"Прокладка ГБЦ TOYOTA B 11115-56010 (1,5mm) Matto",2,692,Matto,11115-56010,Москва
2026-03-25 09:00:03,Прокладка ГБЦ TOYOTA B/11B 84-88 11115-56090 / 92071-S-81K2 Matto,1,1397,Matto,11115-56090,Москва
2026-03-25 09:00:03,Прокладка ГБЦ TOYOTA B/11B 84-88 11115-56090 HL,2,2086,Huang Lin,11115-56090,Москва
2026-03-25 09:00:03,Прокладка ГБЦ TOYOTA B/11B 84-88 11115-56100 / 92071-S-81K2 Matto,3,1431,Matto,11115-56100,Москва
2026-03-25 09:00:03,Прокладка ГБЦ TOYOTA B/11B 84-88 11115-56110 / 92071-S-81K2 Matto,2,1582,Matto,11115-56110,Москва
2026-03-25 09:00:03,Прокладка ГБЦ TOYOTA J05C/S05 11115-78021 Matto,4,6323,Matto,11115-78021,Москва
2026-03-25 09:00:03,Прокладка ГБЦ VOLVO D12A 3099100 Matto !,1,2515,Matto,3099100,Москва
2026-03-25 09:00:03,Прокладка ГБЦ VOLVO TD120 275 548-6 Matto !,1,132,Matto,275 548-6,Москва
2026-03-25 09:00:03,Прокладка ГБЦ VOLVO TD122 270 949-1 Matto !,1,117,Matto,2709491,Москва
2026-03-25 09:00:03,"Прокладка глушителя (горного тормоза) 8-94328-354-0/1 4JJ1-TCC,4JB1-TC NLR/NMR 55,85 ORIG",1,927,Isuzu,8-94328-354-1,Москва
2026-03-25 09:00:03,Прокладка глушителя (приёмной трубы) 8-97384-590-0 NLR85/NMR85 ORIG,16,416,Isuzu,8-97384-590-0,Москва
2026-03-25 09:00:03,Прокладка глушителя 1-22119-374-0/1 ORIG,2,1296,Isuzu,1-22119-374-0,Москва
2026-03-25 09:00:03,Прокладка глушителя 6HH1 1-22119-277-0 / 1-22119-277-1 ORIG,15,1193,Isuzu,1-22119-277-0,Москва
2026-03-25 09:00:03,Прокладка глушителя GEM-86-390 / S1710-41390 / 17104-1390,3,410,JMC,S1710-41390,Москва
2026-03-25 09:00:03,Прокладка головки цилиндра пневмокомпрессора 1-19119-045-0 FVR ORIG,2,3215,Isuzu,1-19119-045-0,Москва
2026-03-25 09:00:03,Прокладка горного тормоза D-125949 / 28628-Y4050 JAC N350 WP10 E-5 Дизель,1,292,Дизель,D-125949,Москва
2026-03-25 09:00:03,Прокладка датчика уровня масла Fuso Canter TF QC000410 DF,4,251,DRAGONFLYS,QC000410,Москва
2026-03-25 09:00:03,Прокладка дросс заслонки 8-97353-072-0 N-series 4HV1 (CNG) ГАЗ ORIG,1,869,Isuzu,8-97353-072-0,Москва
2026-03-25 09:00:03,Прокладка заливной пробки зад моста 9940200010 JAC ORIG,8,67,JAC,9940200010,Москва
2026-03-25 09:00:03,Прокладка клапана EGR 8-97600-167-0 FVR ORIG,4,704,Isuzu,8976001670,Москва
2026-03-25 09:00:03,Прокладка клапана EGR 8-97601-144-0 FVR ORIG,1,304,Isuzu,8-97601-144-0,Москва
2026-03-25 09:00:03,Прокладка клапана EGR 8-98001-024-0 4HK1/6HK1 ORIG,1,523,Isuzu,8-98001-024-0,Москва
2026-03-25 09:00:03,"Прокладка клапана EGR 8-98094-528-0 NKR55, NQR71/75/90, NPR75, NLR/NMR85 ORIG",4,409,Isuzu,8-98094-528-0,Москва
2026-03-25 09:00:03,Прокладка клапана EGR MK667796 Fuso Canter ORIG,5,5020,Mitsubishi,MK667796,Москва
2026-03-25 09:00:03,Прокладка клапана радиатора 8-97129-600-0 ORIG,5,451,Isuzu,8971296000,Москва
2026-03-25 09:00:03,Прокладка клапанной крышки D-129454 / 1003041A29D FAW CA6DL2 Дизель,6,238,Дизель,D-129454,Москва
2026-03-25 09:00:03,Прокладка клапанной крышки NISSAN TD25 13270-43G01 86-87 W/RU HL,1,197,Huang Lin,13270-43G01,Москва
2026-03-25 09:00:03,Прокладка коллектора водяного D-125944 / 1000544065 JAC N350 WP10 E-5 Дизель,1,66,Дизель,D-125944,Москва
2026-03-25 09:00:03,Прокладка коллектора впускного HINO J08C 17171-1911 DF,3,421,DRAGONFLYS,171711911,Москва
2026-03-25 09:00:03,Прокладка коллектора впускного ISUZU 12PD1/8PD1 1-14115-048-0 DF,2,119,DRAGONFLYS,1141150480,Москва
2026-03-25 09:00:03,Прокладка коллектора выпускного D-125946 / 61260110162 кольцо JAC N350 WP10 E-5 Дизель,1,62,Дизель,D-125946,Москва
2026-03-25 09:00:03,Прокладка коллектора выпускного D-125947 / 612650110003 JAC N350 WP10 E-5 Дизель,1,164,Дизель,D-125947,Москва
2026-03-25 09:00:03,Прокладка коллектора выпускного D-128803 / 8-98215-752-0 / 8-97356-028-2 4JJ1-TCC NLR/NMR Дизель,1,412,Дизель,D-128803,Москва
2026-03-25 09:00:03,Прокладка коллектора выпускного ISUZU 4BE1 1-14145-138-0 DF,2,195,DRAGONFLYS,1141451380,Москва
2026-03-25 09:00:03,Прокладка коллектора выпускного MMC 4M40 ME201356 DF,2,125,DRAGONFLYS,ME201356,Москва
2026-03-25 09:00:03,Прокладка коллектора выпускного MMC 6M61/6D14 ME073957 DF,4,106,DRAGONFLYS,ME073957,Москва
2026-03-25 09:00:03,Прокладка коллектора выпускного NISSAN FE6 14005-Z5503 DF,4,119,DRAGONFLYS,14005Z5503,Москва
2026-03-25 09:00:03,Прокладка коллектора выпускного NISSAN RF8/RF10 14008-97002 DF,4,125,DRAGONFLYS,1400897002,Москва
2026-03-25 09:00:03,Прокладка кольцо под гофру D-128492 / 1-22119-297-0 124-100 H=17mm Дизель,21,145,Дизель,D-128492,Москва
2026-03-25 09:00:03,Прокладка кольцо под гофру D-129455 / 105-83 H=16mm Дизель,2,133,Дизель,D-129455,Москва
2026-03-25 09:00:03,Прокладка кольцо под гофру D-129456 / 113-89 H=19mm Дизель,1,153,Дизель,D-129456,Москва
2026-03-25 09:00:03,Прокладка кольцо под гофру D-130418 / 95-75 H=16mm Дизель,2,131,Дизель,D-130418,Москва
2026-03-25 09:00:03,Прокладка компрессора 420331/A5411310780 / A5411310880 / 0115063 Mercedes/DieselTechnic !,1,267,Diesel Technic,4.20331,Москва
2026-03-25 09:00:03,Прокладка корпуса масляного фильтра (теплообменника) 8-94399-279-0 ORIG,4,348,Isuzu,8943992790,Москва
2026-03-25 09:00:03,Прокладка корпуса масляного фильтра 8-94338-878-1/0 ORIG,10,513,Isuzu,8943388781,Москва
2026-03-25 09:00:03,Прокладка корпуса масляного фильтра DFG-70375 / 612600070375 JAC N350 WP10 E-5 Дизель,1,104,Дизель,DFG-70375,Москва
2026-03-25 09:00:03,"Прокладка корпуса редуктора T=0,2 MC819273 Fuso Canter FE85 ORIG",8,1380,Mitsubishi,MC819273,Москва
2026-03-25 09:00:03,Прокладка корпуса теплообменника D-126767 / 612600013956 JAC N350 WP10 E-5 Дизель,1,131,Дизель,D-126767,Москва
2026-03-25 09:00:03,Прокладка корпуса термостата 1041023FD020 JAC N35 ORIG,1,133,JAC,1041023FD020,Москва
2026-03-25 09:00:03,Прокладка корпуса термостата 8-98205-844-0 C-series ORIG,7,919,Isuzu,8-98205-844-0,Москва
2026-03-25 09:00:03,Прокладка корпуса термостата D-126909 / 201V06904-0042 HOWO T5G Дизель,1,152,Дизель,D-126909,Москва
2026-03-25 09:00:03,Прокладка КПП D-129865 / WG2229100062 HOWO T5G Дизель,1,299,Дизель,D-129865,Москва
2026-03-25 09:00:03,Прокладка крышки блока цилиндров перед D-130481 / 200V01905-0092 HOWO T5G MC11/13 Дизель,1,1255,Дизель,D-130481,Москва
2026-03-25 09:00:03,Прокладка крышки боковой левой 21724-83071 Hyundai HD160/170/260/450 D6AC/AV/ABDD ORIG,1,577,Hyundai-Kia,21724-83071,Москва
2026-03-25 09:00:03,Прокладка крышки клапанов 22441-42902 D4BH Hyundai Porter ORIG,2,829,Hyundai-Kia,22441-42902,Москва
2026-03-25 09:00:03,Прокладка крышки клапанов 22441-42910 HYUNDAI Porter (10-)/KIA Bongo 3 ORIG,2,856,Hyundai-Kia,22441-42910,Москва
2026-03-25 09:00:03,Прокладка крышки клапанов 22445-41001 Hyundai HD45-78/COUNTY D4AL/DB/DD HL,8,163,Huang Lin,22445-41001,Москва
2026-03-25 09:00:03,Прокладка крышки клапанов 22445-48010 Hyundai HD-78/MIGHTY ORIG,5,2561,Hyundai-Kia,22445-48010,Москва
2026-03-25 09:00:03,Прокладка крышки клапанов 4JJ1-TCC D-126419 / 8-97945-338-0 NLR/NMR 55/85 08~ Дизель,2,367,Дизель,D-126419,Москва
2026-03-25 09:00:03,Прокладка крышки клапанов 8-94462-559-0/8-94310-912-0/8-94101-767-1 DF,4,164,DRAGONFLYS,8-94462-559-0,Москва
2026-03-25 09:00:03,Прокладка крышки клапанов 8-94462-559-0/8-94310-912-0/8-94101-767-1 HL,2,186,Huang Lin,8-94462-559-0,Москва
2026-03-25 09:00:03,Прокладка крышки клапанов 8-97331-360-1 / 86050-NBR-PB Isuzu 4HK1 Matto,5,322,Matto,8-97331-360-1,Москва
2026-03-25 09:00:03,Прокладка крышки клапанов 8-97331-360-1 ORIG,21,1830,Isuzu,8-97331-360-1,Москва
2026-03-25 09:00:03,Прокладка крышки клапанов 8-97349-416-1 / 8-97872-983-0 4JG2/4JA1/4JB1 ORIG,2,1364,Isuzu,8-97349-416-1,Москва
2026-03-25 09:00:03,Прокладка крышки клапанов 8-98181-200-0 4JJ1T N-series ORIG,5,1641,Isuzu,8-98181-200-0,Москва
2026-03-25 09:00:03,Прокладка крышки клапанов D-125157 / 8-97945-338-0 / 4JJ1-TCC NLR NMR 55/85 08~ Дизель,1,534,Дизель,D-125157,Москва
2026-03-25 09:00:03,Прокладка крышки клапанов D-125212 / 1-11173-119-1 6WF1/6WG1 CYZ51/EXZ51/GIGA ISUZU/HITACHI Дизель,1,1810,Дизель,D-125212,Москва
2026-03-25 09:00:03,Прокладка крышки клапанов D-125726 / 8-97105-690-2 Дизель,2,407,Дизель,D-125726,Москва
2026-03-25 09:00:03,Прокладка крышки клапанов D-128006 / 8-97331-379-1 Дизель,1,718,Дизель,D-128006,Москва
2026-03-25 09:00:03,Прокладка крышки клапанов D-128142 / 8-97331-359-1 / 8-97845-483-0 Дизель,9,367,Дизель,D-128142,Москва
2026-03-25 09:00:03,Прокладка крышки клапанов D-128821 / 8-97105-690-2 Дизель,1,290,Дизель,D-128821,Москва
2026-03-25 09:00:03,Прокладка крышки клапанов D-128837 / 8-94391-380-0 6HK1 F-series Дизель,2,577,Дизель,D-128837,Москва
2026-03-25 09:00:03,Прокладка крышки клапанов D-129457 / 1003041A600-000ZH FAW CA6DL Дизель,4,202,Дизель,D-129457,Москва
2026-03-25 09:00:03,Прокладка крышки клапанов HINO EP100 11213-1640 06004-SIL Matto !,2,387,Matto,11213-1640,Москва
2026-03-25 09:00:03,Прокладка крышки клапанов HINO F17C 11213-1070 006006-SIL Matto,3,408,Matto,11213-1070,Москва
2026-03-25 09:00:03,Прокладка крышки клапанов HINO F17C 11213-1070 DF,1,197,DRAGONFLYS,11213-1070,Москва
2026-03-25 09:00:03,Прокладка крышки клапанов HINO F17C 11213-1070 HL,2,512,Huang Lin,11213-1070,Москва
2026-03-25 09:00:03,Прокладка крышки клапанов HINO HO7C/H07D 11213-1690 DF,3,234,DRAGONFLYS,11213-1690,Москва
2026-03-25 09:00:03,Прокладка крышки клапанов HINO J05C 06020-NBR VC(2) 11213-1920 Matto,2,368,Matto,11213-1920,Москва
2026-03-25 09:00:03,Прокладка крышки клапанов HINO J05C 11118-1030 06019-SIL Matto,2,490,Matto,11118-1030,Москва
2026-03-25 09:00:03,Прокладка крышки клапанов HINO J08C 06021-SIL/11118-1011 Matto,6,532,Matto,11118-1011,Москва
2026-03-25 09:00:03,Прокладка крышки клапанов HINO J08C 11118-1011 DF,7,556,DRAGONFLYS,11118-1011,Москва
2026-03-25 09:00:03,Прокладка крышки клапанов HINO J08C 11213-1880 06022-NBR Matto,17,553,Matto,06022-NBR,Москва
2026-03-25 09:00:03,Прокладка крышки клапанов HINO K13C 11213-1060 06008-SIL Matto,1,235,Matto,11213-1060,Москва
2026-03-25 09:00:03,Прокладка крышки клапанов HINO K13D 11213-1860 06017-NBR Matto,1,605,Matto,11213-1860,Москва
2026-03-25 09:00:03,Прокладка крышки клапанов HINO W06D 11213-1560 06010-NBR Matto,1,368,Matto,11213-1560,Москва
2026-03-25 09:00:03,Прокладка крышки клапанов HINO W06D 11213-1560 DF,4,311,DRAGONFLYS,11213-1560,Москва
2026-03-25 09:00:03,Прокладка крышки клапанов ISUZU 10PE1 1-11173-065-0 86025-NBR Matto,2,430,Matto,1-11173-065-0,Москва
2026-03-25 09:00:03,Прокладка крышки клапанов ISUZU 10PE1 1-11173-065-0 DF,1,292,DRAGONFLYS,1-11173-065-0,Москва
2026-03-25 09:00:03,Прокладка крышки клапанов ISUZU 12PD1 1-11173-067-0 86026-CR Matto,1,597,Matto,1-11173-067-0,Москва
2026-03-25 09:00:03,Прокладка крышки клапанов ISUZU 4BE1 8-94101-767-1/8-94462-559-0/8-94310-912-0 86010-CR-PB Matto,2,226,Matto,8-98012-877-0,Москва
2026-03-25 09:00:03,Прокладка крышки клапанов ISUZU 4HK1 8-97331-359-1 Matto,25,447,Matto,8-97331-359-1,Москва
2026-03-25 09:00:03,Прокладка крышки клапанов ISUZU 4HK1 8-97331-359-1 NBR HL,16,416,Huang Lin,8-97331-359-1,Москва
2026-03-25 09:00:03,Прокладка крышки клапанов ISUZU 4JB1/4JG2 8-94101-767-0 /86001-NBR Matto,2,226,Matto,8-94101-767-0,Москва
2026-03-25 09:00:03,Прокладка крышки клапанов ISUZU 6BG1 1-11173-055-0 86009-CR-PB Matto,3,290,Matto,1-11173-055-0,Москва
2026-03-25 09:00:03,Прокладка крышки клапанов ISUZU 6BG1 1-11173-055-0 DF,1,197,DRAGONFLYS,1-11173-055-0,Москва
2026-03-25 09:00:03,Прокладка крышки клапанов ISUZU 6HE1/6HH1 8-94396-383-0/ 86008-NBR Matto,3,463,Matto,8-94396-383-0,Москва
2026-03-25 09:00:03,Прокладка крышки клапанов ISUZU 6SD1 1-11173-078-0 86005-CR Matto,1,532,Matto,1-11173-078-0,Москва
2026-03-25 09:00:03,Прокладка крышки клапанов ISUZU 6WA1/6WG1 1-11173-080-0 DF,1,1125,DRAGONFLYS,1-11173-080-0,Москва
2026-03-25 09:00:03,Прокладка крышки клапанов ISUZU 8PD1 86024-CR/ISU-8PD1-VC Matto,2,290,Matto,ISU-8PD1-VC,Москва
2026-03-25 09:00:03,Прокладка крышки клапанов MAZDA SL OK410-10-235 56015-NBR Matto,1,226,Matto,OK410-10-235,Москва
2026-03-25 09:00:03,Прокладка крышки клапанов MAZDA TM/TF TF01-10-235 / TF01-10-235A W/RU HL,1,180,Huang Lin,TF01-10-235A,Москва
2026-03-25 09:00:03,Прокладка крышки клапанов MAZDA TM/TF TF01-10-235 56013-NBR Matto,1,222,Matto,TF01-10-235,Москва
2026-03-25 09:00:03,Прокладка крышки клапанов MAZDA TM/TF TF01-10-235 DF,1,142,DRAGONFLYS,TF0110235,Москва
2026-03-25 09:00:03,Прокладка крышки клапанов MMC 10DC11 66002-SIL-10/ME062606 (комплект 10шт) Matto,1,1119,Matto,ME062606,Москва
2026-03-25 09:00:03,Прокладка крышки клапанов MMC 4D31 66029-NBR ME011417 Matto,2,226,Matto,ME011417,Москва
2026-03-25 09:00:03,Прокладка крышки клапанов MMC 4D31/32/33/34/35 /36 ME011279 DF,5,178,DRAGONFLYS,ME011279,Москва
2026-03-25 09:00:03,Прокладка крышки клапанов MMC 4D31/32/33/34/35 /36 ME011279 HL,1,159,Huang Lin,ME011279,Москва
2026-03-25 09:00:03,Прокладка крышки клапанов MMC 4DR5-VC 66017-NBR / MIT-4DR5-VC Matto,2,168,Matto,MIT-4DR5-VC,Москва
2026-03-25 09:00:03,Прокладка крышки клапанов MMC 4M40 ME200403 66009-NBR Matto,1,226,Matto,ME200403,Москва
2026-03-25 09:00:03,Прокладка крышки клапанов MMC 4M40 ME200403 W/NBR HL,6,225,Huang Lin,ME200403,Москва
2026-03-25 09:00:03,Прокладка крышки клапанов MMC 4M51 ME240798 / 66100-NBR-PB Matto,1,403,Matto,ME240798,Москва
2026-03-25 09:00:03,Прокладка крышки клапанов MMC 4M51 ME240798 DF,2,519,DRAGONFLYS,ME240798,Москва
2026-03-25 09:00:03,Прокладка крышки клапанов MMC 4M51 ME240798 HL,2,353,Huang Lin,ME240798,Москва
2026-03-25 09:00:03,Прокладка крышки клапанов MMC 6D14/15/16/17 ME030893 DF,3,234,DRAGONFLYS,ME030893,Москва
2026-03-25 09:00:03,Прокладка крышки клапанов MMC 6D14/15/16/17 ME030893 HL,1,328,Huang Lin,ME030893,Москва
2026-03-25 09:00:03,Прокладка крышки клапанов MMC 6D14/15/16/17 ME030893/ 66020-NBR Matto,1,285,Matto,ME030893,Москва
2026-03-25 09:00:03,Прокладка крышки клапанов MMC 6D22/22T/24 ME051373/ 66004-SIL Matto !,4,84,Matto,ME051373,Москва
2026-03-25 09:00:03,Прокладка крышки клапанов MMC 6D31 ME081522 66010-NBR Matto,2,284,Matto,ME081522,Москва
2026-03-25 09:00:03,Прокладка крышки клапанов MMC 6M61 ME130671 DF,1,547,DRAGONFLYS,ME130671,Москва
2026-03-25 09:00:03,Прокладка крышки клапанов MMC 6M61 ME132161 DF,1,547,DRAGONFLYS,ME132161,Москва
2026-03-25 09:00:03,Прокладка крышки клапанов MMC 8DC11 ME091520 DF,2,280,DRAGONFLYS,ME091520,Москва
2026-03-25 09:00:03,Прокладка крышки клапанов MMC MIT-4DR7-VC 66018-NBR Matto,2,226,Matto,4DR7-VC,Москва
2026-03-25 09:00:03,Прокладка крышки клапанов MMC/HYUNDAI D4BH 22441-42000 66057-NBR Matto !,2,128,Matto,22441-42000,Москва
2026-03-25 09:00:03,Прокладка крышки клапанов NISSAN BD30 13270-54T01 DF,2,271,DRAGONFLYS,13270-54T01,Москва
2026-03-25 09:00:03,Прокладка крышки клапанов NISSAN ED33 13270-J6500 76019-NBR Matto,1,186,Matto,13270-J6500,Москва
2026-03-25 09:00:03,Прокладка крышки клапанов NISSAN FD42/46 13270-0T000 DF,1,311,DRAGONFLYS,13270-0T000,Москва
2026-03-25 09:00:03,Прокладка крышки клапанов NISSAN FD42/46 13270-0T000 W/RU HL,1,318,Huang Lin,13270-0T000,Москва
2026-03-25 09:00:03,Прокладка крышки клапанов NISSAN FD42/46 13270-0T000/ 76021-NBR Matto,2,265,Matto,13270-0T000,Москва
2026-03-25 09:00:03,Прокладка крышки клапанов NISSAN FE6 13270-Z5001 DF,2,234,DRAGONFLYS,13270-Z5001,Москва
2026-03-25 09:00:03,Прокладка крышки клапанов NISSAN FE6 13270-Z5001/ 76015-NBR Matto,3,262,Matto,13270-Z5001,Москва
2026-03-25 09:00:03,Прокладка крышки клапанов NISSAN FE6TA 13270-Z5509 DF,1,580,DRAGONFLYS,13270-Z5509,Москва
2026-03-25 09:00:03,Прокладка крышки клапанов NISSAN FE6TA 13270-Z5509/ 76073-SIL-PB Matto,2,490,Matto,13270-Z5509,Москва
2026-03-25 09:00:03,Прокладка крышки клапанов NISSAN PE6T 760680-NA/12278-90006 (2шт/комп) Matto !,6,108,Matto,12278-90006,Москва
2026-03-25 09:00:03,Прокладка крышки клапанов NISSAN PF6 13270-96007 76038-SIL Matto !,2,396,Matto,13270-96007,Москва
2026-03-25 09:00:03,Прокладка крышки клапанов NISSAN RE10 (1) 13279-97000 76012-NBR (комплект 2шт) Matto !,5,110,Matto,13279-97000,Москва
2026-03-25 09:00:03,Прокладка крышки клапанов NISSAN RE10 (2) 13270-97000/ 76013-NBR (комплект 10шт) Matto !,2,579,Matto,76013NBR,Москва
2026-03-25 09:00:03,Прокладка крышки клапанов NISSAN RE8 (1) 76008-NBR Matto,1,217,Matto,NIS-RE8-VC,Москва
2026-03-25 09:00:03,Прокладка крышки клапанов NISSAN RF10 (1) 76012-NBR 13279-97000 Matto,2,282,Matto,76012-NBR,Москва
2026-03-25 09:00:03,Прокладка крышки клапанов NISSAN RF10 (2) NIS-RF10-VC/13270-97004/ 76014-NBR (коплект 10шт) Matto,1,940,Matto,NIS-RF10-VC,Москва
2026-03-25 09:00:03,Прокладка крышки клапанов NISSAN RH10 76063-NBR Matto !,2,269,Matto,NIS-RH10-VC1,Москва
2026-03-25 09:00:03,Прокладка крышки клапанов NISSAN RH10-VC 76064-NBR Matto !,6,194,Matto,NIS-RH10-VC,Москва
2026-03-25 09:00:03,Прокладка крышки клапанов TOYOTA 13B 11213-56011 96021-NBR Matto,2,209,Matto,11213-56011,Москва
2026-03-25 09:00:03,Прокладка крышки клапанов TOYOTA 3B/11B/14B 11213-56030 DF,4,209,DRAGONFLYS,1121356030,Москва
2026-03-25 09:00:03,Прокладка крышки клапанов TOYOTA 3B/11B/14B 11213-56030 HL,6,206,Huang Lin,11213-56030,Москва
2026-03-25 09:00:03,Прокладка крышки клапанов TOYOTA 3B/11B/14B 11213-56030/ 96010-NBR Matto,5,246,Matto,11213-56030,Москва
2026-03-25 09:00:03,"Прокладка крышки КПП 1-34142-034-0/1-34142-033-0 C,E,-series ORIG",1,1674,Isuzu,1-34142-034-0,Москва
2026-03-25 09:00:03,Прокладка крышки КПП D-125951 / N-1701512-01 JAC Дизель,2,39,Дизель,D-125951,Москва
2026-03-25 09:00:03,Прокладка крышки кпп N-1702111-23-01 JAC ORIG,1,70,JAC,N-1702111-23-01,Москва
2026-03-25 09:00:03,Прокладка крышки теплообменника D-128254 / 614010084B JAC N350 WP10 E-5 Дизель,1,161,Дизель,D-128254,Москва
2026-03-25 09:00:03,Прокладка крышки термостатов D-125952 / 612600160099 JAC N350 WP10 E-5 Дизель,1,127,Дизель,D-125952,Москва
2026-03-25 09:00:03,Прокладка маслоотводящей трубки турбокомпрессора (к турбине) 8-94390-641-0/1 FVR34 ORIG,4,147,Isuzu,8-94390-641-1,Москва
2026-03-25 09:00:03,Прокладка масляного модуля D-130467 / 202V05901-0145 HOWO T5G Дизель,1,777,Дизель,D-130467,Москва
2026-03-25 09:00:03,Прокладка масляного насоса 1-09623-685-0 6HK1/4HK1/4HG1 ORIG,4,445,Isuzu,1-09623-685-0,Москва
2026-03-25 09:00:03,Прокладка масляного радиатора D-126583 / 200V05901-0135 Sitrak C7H Дизель,6,167,Дизель,D-126583,Москва
2026-03-25 09:00:03,Прокладка масляного фильтра DFG-2281D / 1017022-81D FAW J6 3310 4250 Дизель,20,80,Дизель,DFG-2281D,Москва
2026-03-25 09:00:03,Прокладка насоса водяного (помпы) Fuso Canter TF MK667394 DF,2,487,DRAGONFLYS,MK667394,Москва
2026-03-25 09:00:03,Прокладка насоса масляного D-125953 / 612600070477 JAC N350 WP10 E-5 Дизель,1,91,Дизель,D-125953,Москва
2026-03-25 09:00:03,Прокладка насоса масляного Fuso Canter TF E-5 MK667022 DF,2,549,DRAGONFLYS,MK667022,Москва
2026-03-25 09:00:03,Прокладка натяжителя цепи 8-97312-336-0 4JJ1 NLR85 HL,2,136,Huang Lin,8-97312-336-0,Москва
2026-03-25 09:00:03,Прокладка натяжителя цепи 8-97312-336-0 4JJ1 NLR85 ORIG,4,700,Isuzu,8-97312-336-0,Москва
2026-03-25 09:00:03,Прокладка нижней плиты блока цилиндров 8-97352-403-0/8-94370-666-0 4BE1/4BG1 ORIG,3,3084,Isuzu,8-97352-403-0,Москва
2026-03-25 09:00:03,Прокладка охладителя EGR 8-97367-918-0 4HK1 NPR/NQR ORIG,23,346,Isuzu,8-97367-918-0,Москва
2026-03-25 09:00:03,Прокладка охладителя EGR 8-97367-918-0/HPI4090-2 4HK1 NPR/NQR HL,1,326,Huang Lin,8-97367-918-0,Москва
2026-03-25 09:00:03,Прокладка охладителя EGR 8-97603-889-0 4HK1/6HK1/6WG1 ORIG,3,2864,Isuzu,8-97603-889-0,Москва
2026-03-25 09:00:03,Прокладка охладителя EGR 8-98017-551-0 N-series 4JJ1 ORIG,4,680,Isuzu,8-98017-551-0,Москва
2026-03-25 09:00:03,Прокладка передней крышки D-129460 / 5521022 JAC N120/Камаз Cummins ISF3.8 Е-5 Дизель,2,293,Дизель,D-129460,Москва
2026-03-25 09:00:03,Прокладка пластинчатого клапана EGR 8-97647-880-0 6WG1 ORIG,1,912,Isuzu,8-97647-880-0,Москва
2026-03-25 09:00:03,Прокладка под впускной/выпускной коллектор ISUZU 4HF1/4HG1/HG1T 8-97146-499-0/ 83002-S Matto,15,671,Matto,8-97146-499-0,Москва
2026-03-25 09:00:03,Прокладка под выпускной коллектор 6HE1/6HH1 8-94393-672-1/2/3/4/83023-S-PB ORIG,7,488,Isuzu,8-94393-672-4,Москва
2026-03-25 09:00:03,Прокладка под выпускной коллектор HINO EP100 03006-S-1/HIN-EP100-EX Matto,6,178,Matto,HIN-EP100-EX,Москва
2026-03-25 09:00:03,Прокладка под выпускной коллектор HINO F20C 17173-1620/ 03004-S Matto,2,151,Matto,17173-1620,Москва
2026-03-25 09:00:03,Прокладка под выпускной коллектор HINO H07C/CT/H07D 17104-1303 HL,4,222,Huang Lin,17104-1303,Москва
2026-03-25 09:00:03,Прокладка под выпускной коллектор HINO H07C/CT/H07D 17104-1303/ 03001-S Matto,2,239,Matto,17104-1303,Москва
2026-03-25 09:00:03,Прокладка под выпускной коллектор HINO K13C/EK100 17173-1031/ 03010-S Matto,4,244,Matto,17173-1031,Москва
2026-03-25 09:00:03,Прокладка под выпускной коллектор HINO K13D/C 24109-1410 W/MT HL,2,189,Huang Lin,24109-1410,Москва
2026-03-25 09:00:03,Прокладка под выпускной коллектор HINO K13D/C 24109-1410/ 03002-S Matto,4,242,Matto,24109-1410,Москва
2026-03-25 09:00:03,Прокладка под выпускной коллектор HINO P11C 17104-1860/03006-1-S Matto,3,195,Matto,17104-1860,Москва
2026-03-25 09:00:03,Прокладка под выпускной коллектор HINO P11C 24109-1150/ 03006-2-S Matto,1,192,Matto,24109-1150,Москва
2026-03-25 09:00:03,Прокладка под выпускной коллектор HINO W06D 17104-1220 DF,4,100,DRAGONFLYS,17104-1220,Москва
2026-03-25 09:00:03,Прокладка под выпускной коллектор HINO W06D 17104-1220/ 03009-S Matto,4,186,Matto,17104-1220,Москва
2026-03-25 09:00:03,Прокладка под выпускной коллектор ISUZU 10PE1/10PC1/10PD1/12PD1 1-14145-185-0 / 83021-S Matto !,10,98,Matto,1-14145-185-0,Москва
2026-03-25 09:00:03,Прокладка под выпускной коллектор ISUZU 6BG1 1-14145-114-0 DF,4,93,DRAGONFLYS,1-14145-114-0,Москва
2026-03-25 09:00:03,Прокладка под выпускной коллектор ISUZU 6BG1 1-14145-114-0/ 83004-S Matto,2,180,Matto,1-14145-114-0,Москва
2026-03-25 09:00:03,Прокладка под выпускной коллектор ISUZU 6HE1/6HH1 8-94393-672-1/83023-S-PB Matto,40,242,Matto,8-94393-672-1,Москва
2026-03-25 09:00:03,Прокладка под выпускной коллектор ISUZU 6WG1 1-14145-182-1 HL,2,379,Huang Lin,1-14145-182-1,Москва
2026-03-25 09:00:03,Прокладка под выпускной коллектор ISUZU 6WG1 1-14145-182-1/ 83005-S Matto,6,382,Matto,1-14145-182-1,Москва
2026-03-25 09:00:03,Прокладка под выпускной коллектор ISUZU 8PD1 1-11145-084-0 83021-S Matto,1,207,Matto,1-14145-084-0,Москва
2026-03-25 09:00:03,Прокладка под выпускной коллектор MMC 10DC11 31132-00903 / 63011-S Matto !,10,91,Matto,63011-S,Москва
2026-03-25 09:00:03,Прокладка под выпускной коллектор MMC 4D30/31/35 ME013811 DF,3,93,DRAGONFLYS,ME013811,Москва
2026-03-25 09:00:03,Прокладка под выпускной коллектор MMC 4D30/31/35 ME013811 W/MT HL,4,529,Huang Lin,ME013811,Москва
2026-03-25 09:00:03,Прокладка под выпускной коллектор MMC 4D31/35 4D31/35 6D/31 63006-S ME013811 Matto,16,145,Matto,ME013811,Москва
2026-03-25 09:00:03,Прокладка под выпускной коллектор MMC 4M40 ME201356 HL,6,202,Huang Lin,ME201356,Москва
2026-03-25 09:00:03,Прокладка под выпускной коллектор MMC 4M40 ME201356/ 63028-S Matto,3,273,Matto,ME201356,Москва
2026-03-25 09:00:03,Прокладка под выпускной коллектор MMC 6D14 ME033401/ 63016-S Matto,6,261,Matto,ME033401,Москва
2026-03-25 09:00:03,Прокладка под выпускной коллектор MMC 6D15/16/17 ME033496 DF,4,62,DRAGONFLYS,ME033496,Москва
2026-03-25 09:00:03,Прокладка под выпускной коллектор MMC 6D15/16/17 ME033496/ 63015-S-PB Matto,4,202,Matto,ME033496,Москва
2026-03-25 09:00:03,Прокладка под выпускной коллектор MMC 6D22/22T/6D24 ME053112/ 63023-S Matto !,1,126,Matto,ME053112,Москва
2026-03-25 09:00:03,Прокладка под выпускной коллектор MMC 6D40 ME120352 / 63043-S Matto !,6,142,Matto,ME120352,Москва
2026-03-25 09:00:03,Прокладка под выпускной коллектор MMC 8DC11 63011-S 31132-00903 Matto,1,188,Matto,31132-00903,Москва
2026-03-25 09:00:03,Прокладка под выпускной коллектор NISSAN BD30 14036-43G00/ 73002-S Matto,6,136,Matto,14036-43G00,Москва
2026-03-25 09:00:03,Прокладка под выпускной коллектор NISSAN ED33/FD35/FD42/FD46 14036-T9300 W/SA HL,2,49,Huang Lin,14036-T9300,Москва
2026-03-25 09:00:03,Прокладка под выпускной коллектор NISSAN ED33/FD35/FD42/FD46 14036-T9300/ 73003-S Matto,4,201,Matto,14036-T9300,Москва
2026-03-25 09:00:03,Прокладка под выпускной коллектор NISSAN FE6 73009-S/14005-Z5503 Matto,2,222,Matto,14005-Z5503,Москва
2026-03-25 09:00:03,Прокладка под выпускной коллектор NISSAN PE6T 14005-96003/ 73021-S Matto,2,174,Matto,14005-96003,Москва
2026-03-25 09:00:03,Прокладка под выпускной коллектор NISSAN RE10 73007-S/14008-97000 Matto !,2,26,Matto,14008-97000,Москва
2026-03-25 09:00:03,Прокладка под выпускной коллектор NISSAN RE8 14008-97001 / 73019-S Matto !,2,86,Matto,14008-97001,Москва
2026-03-25 09:00:03,Прокладка под выпускной коллектор NISSAN RF8/RF10 14008-97002 73020-S Matto !,12,91,Matto,14008-97002,Москва
2026-03-25 09:00:03,Прокладка под выпускной коллектор TOYOTA B/3B/11B/14B 17173-56040 DF,2,325,DRAGONFLYS,17173-56040,Москва
2026-03-25 09:00:03,Прокладка под выпускной коллектор TOYOTA B/3B/11B/14B 17173-56040/ 93002-S Matto,2,560,Matto,17173-56040,Москва
2026-03-25 09:00:03,Прокладка под переходник системы EGR 8-97374-517-0 4HK1 ORIG,2,994,Isuzu,8-97374-517-0,Москва
2026-03-25 09:00:03,Прокладка поддона (3) MAZDA SL 57017-NA / MAZ-SL-OP Matto,3,92,Matto,MAZ-SL-OP-3,Москва
2026-03-25 09:00:03,Прокладка поддона 1-11367-130-0/1-11367-111-0/870750-NA-PB 6WF1-T/6WG1-T C/E-Serie Matto,1,1268,Matto,1-11367-130-0,Москва
2026-03-25 09:00:03,Прокладка поддона D-126910 / 1009031-29D FAW CA6DL1/2 Дизель,1,267,Дизель,D-126910,Москва
2026-03-25 09:00:03,Прокладка поддона D-126922 / 4995750 JAC N120/Камаз Cummins ISF3.8 Е-5 Дизель,3,438,Дизель,D-126922,Москва
2026-03-25 09:00:03,Прокладка поддона Fuso Canter TF QC000230 DF,22,1781,DRAGONFLYS,QC000230,Москва
2026-03-25 09:00:03,Прокладка поддона HINO EK100 12151-1013/ 12151-2671 / 070150-NA Matto,2,425,Matto,12151-1013,Москва
2026-03-25 09:00:03,Прокладка поддона HINO F17C 070190-NA/HIN-F17C-OP Matto,4,962,Matto,12151-2140,Москва
2026-03-25 09:00:03,Прокладка поддона HINO F20C 12151-2140A HL,1,950,Huang Lin,12151-2140A,Москва
2026-03-25 09:00:03,Прокладка поддона HINO F20C 12151-2140A/ 070200-NA Matto,1,828,Matto,12151-2140A,Москва
2026-03-25 09:00:03,Прокладка поддона HINO HO7D/C 12151-2251 DF,1,486,DRAGONFLYS,12151-2251,Москва
2026-03-25 09:00:03,Прокладка поддона HINO J05C 070230-NA 12151-2622 Matto,1,816,Matto,070230-NA,Москва
2026-03-25 09:00:03,Прокладка поддона HINO J08C 12151-2611 DF,1,605,DRAGONFLYS,12151-2611,Москва
2026-03-25 09:00:03,Прокладка поддона HINO J08C 12151-2611 HL,1,716,Huang Lin,12151-2611,Москва
2026-03-25 09:00:03,Прокладка поддона HINO K13C 12151-2280 HL,2,881,Huang Lin,12151-2280,Москва
2026-03-25 09:00:03,Прокладка поддона HINO K13D/EK100 12151-2671 / 070280-LNA Matto,1,816,Matto,12151-2671,Москва
2026-03-25 09:00:03,Прокладка поддона HINO P11C 12151-2660 070380-G Matto,2,814,Matto,12151-2660,Москва
2026-03-25 09:00:03,Прокладка поддона ISUZU 10PC1 1-11367-020-0 870500-NA Matto,1,1076,Matto,1-11367-020-0,Москва
2026-03-25 09:00:03,Прокладка поддона ISUZU 10PC1 1-11367-020-0 HL,1,817,Huang Lin,1-11367-020-0,Москва
2026-03-25 09:00:03,Прокладка поддона ISUZU 10PE1 870480-NA / ISU-10PE1-OP Matto,5,980,Matto,ISU-10PE1-OP,Москва
2026-03-25 09:00:03,Прокладка поддона ISUZU 4BE1 8-94170-387-0 87007-NBR Matto,9,328,Matto,8-94170-387-0,Москва
2026-03-25 09:00:03,Прокладка поддона ISUZU 4BE1 8-94170-387-0 DF,6,225,DRAGONFLYS,8-94170-387-0,Москва
2026-03-25 09:00:03,Прокладка поддона ISUZU 4BE1 8-94170-387-0 HL,9,328,Huang Lin,8-94170-387-0,Москва
2026-03-25 09:00:03,Прокладка поддона ISUZU 4HF1/4HG1 8-97146-148-0/ 87016-NBR Matto,6,480,Matto,8-97146-148-0,Москва
2026-03-25 09:00:03,Прокладка поддона ISUZU 4HK1 870820-LNA-PB / ISU-4HK1-OP Matto,2,906,Matto,ISU-4HK1-OP,Москва
2026-03-25 09:00:03,Прокладка поддона ISUZU 4JB1 87011-NBR/ISU-4JB1-OP (к-т 2шт) Matto,5,246,Matto,ISU-4JB1-OP,Москва
2026-03-25 09:00:03,Прокладка поддона ISUZU 4JG1/4JG2 8-97045-324-0 87003-NBR Matto,1,368,Matto,8-97045-324-0,Москва
2026-03-25 09:00:03,Прокладка поддона ISUZU 4JG1/4JG2 8-97045-324-0 W/AF HL,1,180,Huang Lin,8-97045-324-0,Москва
2026-03-25 09:00:03,Прокладка поддона ISUZU 6BG1 870380-NA / ISU-6BG1-OP Matto,1,744,Matto,ISU-6BG1-OP,Москва
2026-03-25 09:00:03,Прокладка поддона ISUZU 6HE1 870390-NA Matto,4,1393,Matto,870390-NA,Москва
2026-03-25 09:00:03,Прокладка поддона MAZDA HA 570290-NA-PB / MAZ-HA-OP 2pcs/SET Matto,2,295,Matto,MAZ-HA-OP,Москва
2026-03-25 09:00:03,Прокладка поддона MAZDA HA 57038-COR 1363-89-104 (коплект 4 шт) Matto,2,278,Matto,1363-89-104,Москва
2026-03-25 09:00:03,Прокладка поддона MAZDA SL SL01-10-442/3 (комплект 2шт) HL,4,281,Huang Lin,SL01-10-442,Москва
2026-03-25 09:00:03,Прокладка поддона MAZDA TM TF01-10-427 57014-NBR Matto,1,544,Matto,TF01-10-427,Москва
2026-03-25 09:00:03,Прокладка поддона MAZDA TM TF01-10-427 HL,5,527,Huang Lin,TF01-10-427,Москва
2026-03-25 09:00:03,Прокладка поддона MB OM501LA 420438 /076180/ A5410140722 Mercedes/ DieselTechnic,1,1654,Diesel Technic,4.20438,Москва
2026-03-25 09:00:03,Прокладка поддона MMC 10DC11 670871-NA Matto,2,507,Matto,ISU-10DC11-OP,Москва
2026-03-25 09:00:03,Прокладка поддона MMC 6D14 ME034003 / 670620-NA / MIT-6D14-OP Matto,2,1055,Matto,ME034003,Москва
2026-03-25 09:00:03,Прокладка поддона MMC 6D15 670640-NA / MIT-6D15-OP Matto,1,1055,Matto,MIT-6D15-OP,Москва
2026-03-25 09:00:03,Прокладка поддона MMC 6D22T/6D24 ME152344 670740-NA Matto,2,473,Matto,ME152344,Москва
2026-03-25 09:00:03,Прокладка поддона MMC 6D40-OP 670770-NA Matto,2,425,Matto,MIT-6D40-OP,Москва
2026-03-25 09:00:03,Прокладка поддона MMC 8DC9/11 ME061741 HL,1,665,Huang Lin,ME061741,Москва
2026-03-25 09:00:03,Прокладка поддона MMC/HYUNDAI D4BH E70030-NA Matto,1,252,Matto,HYU-D4BH-OP,Москва
2026-03-25 09:00:03,Прокладка поддона NISSAN FD46 770561-NA/NIS-FD46-OP Matto,2,736,Matto,NIS-FD46-OP,Москва
2026-03-25 09:00:03,Прокладка поддона NISSAN FE6 770581-NA/11121-Z5000 Matto,1,886,Matto,11121-Z5000,Москва
2026-03-25 09:00:03,Прокладка поддона NISSAN PE6T 770680-NA Matto,2,668,Matto,NIS-PE6T-OP,Москва
2026-03-25 09:00:03,Прокладка поддона NISSAN PF6 11121-96013 770701-NA Matto,1,870,Matto,11121-96013,Москва
2026-03-25 09:00:03,Прокладка поддона NISSAN QD32 11121-63G02 / 77011-COR-PB Matto,7,273,Matto,11121-63G02,Москва
2026-03-25 09:00:03,Прокладка поддона NISSAN RE8 770860-NA Matto,1,445,Matto,NIS-RE8-OP,Москва
2026-03-25 09:00:03,Прокладка поддона NISSAN RF8 11121-97505 770880-NA Matto,2,828,Matto,11121-97505,Москва
2026-03-25 09:00:03,Прокладка поддона NISSAN RH10 770930-NA Matto,1,432,Matto,NIS-RH10-OP,Москва
2026-03-25 09:00:03,Прокладка поддона NISSAN TD23/27/27T/BD30 11121-43G00/ 77011-COR Matto,1,285,Matto,11121-43G00,Москва
2026-03-25 09:00:03,Прокладка поддона TOYOTA 11B/14B 12151-58030 DF,2,246,DRAGONFLYS,1215158030,Москва
2026-03-25 09:00:03,Прокладка поддона TOYOTA 11B/14B 12151-58030 W/CORK HL,1,169,Huang Lin,12151-58030,Москва
2026-03-25 09:00:03,Прокладка поддона TOYOTA 11B/14B 12151-58030/ 97014-COR Matto,2,265,Matto,12151-58030,Москва
2026-03-25 09:00:03,Прокладка помпы D-125954 / 1001134455 JAC N350 WP10 E-5 Дизель,1,248,Дизель,D-125954,Москва
2026-03-25 09:00:03,Прокладка пробки поддона 1009017FD020 JAC N35 ORIG,3,52,JAC,1009017FD020,Москва
2026-03-25 09:00:03,"Прокладка регулировочная 8-97047-299-0 ID=142 T=0,15 N,F-series ORIG",3,216,Isuzu,8-97047-299-0,Москва
2026-03-25 09:00:03,Прокладка регулятора моме A5410150980 Mercedes/Europart !,1,495,Europart,A5410150980,Москва
2026-03-25 09:00:03,Прокладка системы EGR Fuso Canter TF MK667154 / QC000584 DF,5,115,DRAGONFLYS,MK667154,Москва
2026-03-25 09:00:03,Прокладка сливной пробки M-1705105 JAC ORIG,11,24,JAC,M-1705105,Москва
2026-03-25 09:00:03,Прокладка стакана форсунки ID=18.8 8-97169-020-0 4JX1 ORIG,5,370,Isuzu,8-97169-020-0,Москва
2026-03-25 09:00:03,Прокладка теплобменника 4HF1/4HG1/4HK1 резиновое кольцо 8-98045-447-0 DF,3,106,DRAGONFLYS,8980454470,Москва
2026-03-25 09:00:03,Прокладка теплообменника 1-21729-117-0 (тип А) 6HK1 ORIG,3,190,Isuzu,1-21729-117-0,Москва
2026-03-25 09:00:03,Прокладка теплообменника 8-94394-930-0 (тип B) 6HK1 ORIG,62,263,Isuzu,8943949300,Москва
2026-03-25 09:00:03,Прокладка термостата 1-13743-036-1 6WF1 C-series ORIG,3,1353,Isuzu,1-13743-036-1,Москва
2026-03-25 09:00:03,Прокладка термостата 6140-11-6331 KOMATSU HL,3,58,Huang Lin,6140-11-6331,Москва
2026-03-25 09:00:03,Прокладка термостата 6162-13-6440 KOMATSU HL,5,782,Huang Lin,6162-13-6440,Москва
2026-03-25 09:00:03,Прокладка термостата 8-98114-587-0 N-series 4JJ1-TC HL,4,84,Huang Lin,8-98114-587-0,Москва
2026-03-25 09:00:03,Прокладка термостата MK667447 Fuso Canter TF ORIG,1,1861,Mitsubishi,MK667447,Москва
2026-03-25 09:00:03,Прокладка термостата P101/16325-76010 56мм Toyota Dyna/ToyoAce HL,2,56,Huang Lin,16325-76010,Москва
2026-03-25 09:00:03,Прокладка термостата P105/16341-35010 52мм Toyota Dyna/ToyoAce HL,1,39,Huang Lin,16341-35010,Москва
2026-03-25 09:00:03,Прокладка термостата P108/16346-17010/16325-1390 64мм Toyota/Hino HL,3,78,Huang Lin,16346-17010,Москва
2026-03-25 09:00:03,Прокладка термостата P115/16346-67010 60мм Toyota Dyna/Toyoace HL,1,55,Huang Lin,16346-67010,Москва
2026-03-25 09:00:03,Прокладка термостата P212/11062-41B01 54мм NISSAN UD HL,1,60,Huang Lin,11062-41B01,Москва
2026-03-25 09:00:03,Прокладка термостата P252/11064-97008 54мм NISSAN UD HL,2,112,Huang Lin,11064-97008,Москва
2026-03-25 09:00:03,Прокладка термостата P802/8-94365-674-2 54мм Isuzu N-series HL,4,25,Huang Lin,8-94365-674-2,Москва
2026-03-25 09:00:03,Прокладка термостата P804/1-13743-016-0/8-13743-013-0 82мм Isuzu F-series HL,1,100,Huang Lin,1-13743-016-0,Москва
2026-03-25 09:00:03,Прокладка ТНВД 8-97039-200-1 4HK1 NQR75 ORIG,20,559,Isuzu,8-97039-200-1,Москва
2026-03-25 09:00:03,Прокладка топливной трубки (обратки) 8-98065-993-0 6WG1/6WF1 ORIG,2,297,Isuzu,8-98065-993-0,Москва
2026-03-25 09:00:03,Прокладка топливной трубки (соединение обратки ID=10.6) 8-98079-755-0/8-97240-975-0/8-98231-393-1 4HK1/6HK1/4HG1 ORIG,123,165,Isuzu,8-98079-755-0,Москва
2026-03-25 09:00:03,Прокладка топливной трубки D-128144 / 8-98079-755-0 соединение обратки ID=10.6 4HK1 6HK1 4HG1 Дизель,85,123,Дизель,D-128144,Москва
2026-03-25 09:00:03,Прокладка топливной форсунки 8-97171-333-0 ORIG,14,515,Isuzu,8-97171-333-0,Москва
2026-03-25 09:00:03,Прокладка топливных трубок S2307-41070/23681-78030 HINO300 DF,4,172,DRAGONFLYS,S2307-41070,Москва
2026-03-25 09:00:03,Прокладка трубки глушителя Fuso Canter TF MK667171 DF,2,594,DRAGONFLYS,MK667171,Москва
2026-03-25 09:00:03,Прокладка трубки масляного насоса 8-94399-398-0 ID=24.5 ORIG,14,238,Isuzu,8-94399-398-0,Москва
2026-03-25 09:00:03,Прокладка трубки подачи масла D-130504 / 202V08901-0183 HOWO T5G MC11 Дизель,2,211,Дизель,D-130504,Москва
2026-03-25 09:00:03,Прокладка турбины (к адаптеру выпускного коллектора) 8-94392-553-2/0/1 6HK1 FVR34 ORIG,40,1299,Isuzu,8-94392-553-2,Москва
2026-03-25 09:00:03,"Прокладка турбины 8-97315-266-0 4JB1/4JJ1 N,Q-series ORIG",1,238,Isuzu,8-97315-266-0,Москва
2026-03-25 09:00:03,Прокладка турбины 8-97376-758-0 4HK1-T NQR90 ORIG,10,1046,Isuzu,8-97376-758-0,Москва
2026-03-25 09:00:03,Прокладка турбины D-129462 / 1118013-81D FAW CA6DM2 Дизель,1,180,Дизель,D-129462,Москва
2026-03-25 09:00:03,Прокладка турбины ISUZU 4HE1/4HK1 8-97063-602-0 DF,1,211,DRAGONFLYS,8970636020,Москва
2026-03-25 09:00:03,Прокладка турбины выпускная 8-97374-412-0 4HK1-T NQR75 ORIG,2,1097,Isuzu,8-97374-412-0,Москва
2026-03-25 09:00:03,Прокладка турбокомпрессора 24109-1860/S2410-91860/05024-S-PB J05C/N04C HINO300 E-3/4 Matto,2,435,Matto,24109-1860,Москва
2026-03-25 09:00:03,Прокладка турбокомпрессора 8-98015-116-3 N-series ORIG,2,1112,Isuzu,8-98015-116-3,Москва
2026-03-25 09:00:03,Прокладка турбокомпрессора D-126772 / 61560110210 JAC N350 WP10 E-5 Дизель,1,162,Дизель,D-126772,Москва
2026-03-25 09:00:03,Прокладка турбокомпрессора Fuso Canter TF MK667936 DF,9,133,DRAGONFLYS,MK667936,Москва
2026-03-25 09:00:03,Прокладка уплотнительная 8-94396-720-1 F-series ORIG,2,225,Isuzu,8-94396-720-1,Москва
2026-03-25 09:00:03,Прокладка фланца КПП D-127707 / GB3452.1-2005-41.2X5.3 JAC N120 LE35S Дизель,8,612,Дизель,D-127707,Москва
2026-03-25 09:00:03,Прокладка форсунки D-128799 / 8-97604-916-0 нижнее кольцо ID=26.4 4HK1/6HK1/6WG1 Дизель,94,36,Дизель,D-128799,Москва
2026-03-25 09:00:03,Прокладка форсунки MMC Fuso Canter QC000156 DF,1,165,DRAGONFLYS,QC000156,Москва
2026-03-25 09:00:03,Прокладка шкворня D-125958 / HFF3001042-62CK5G JAC N350 Дизель,4,239,Дизель,D-125958,Москва
2026-03-25 09:00:03,Прокладки картера (к-т 4шт) D-127906 / 200V05840-6008 HOWO T5G Дизель,2,3994,Дизель,D-127906,Москва
2026-03-25 09:00:03,Проставка задней крышки КПП 8-97241-315-1 MYY5A/MYY6S N-series ORIG,2,1496,Isuzu,8972413151,Москва
2026-03-25 09:00:03,Проставка опоры верхняя 54073/0.700031398 Mercedes/ Auger !,1,2809,Auger,54073,Москва
2026-03-25 09:00:03,Пружина 41006003 Iveco Orig,1,735,Iveco,41006003,Москва
2026-03-25 09:00:03,Пружина FE-010 / FBS-011 / MC832759 3.5*18/*188mm PM,1,359,Paul Master,FBS-011,Москва
2026-03-25 09:00:03,"Пружина FE-012-1/FBS-012FK комплект, передняя PM",1,944,Paul Master,FBS-012FK,Москва
2026-03-25 09:00:03,"Пружина FE-012-2 / FBS-012RK комплект, задняя PM",2,943,Paul Master,FBS-012RK,Москва
2026-03-25 09:00:03,Пружина HI-008 / HBS-011 / 47660-1650 PM,2,1468,Paul Master,HBS-011,Москва
2026-03-25 09:00:03,Пружина HI-009 / HBS-009 47660-1640 PM,1,1088,Paul Master,HBS-009,Москва
2026-03-25 09:00:03,"Пружина IS-015-1 / IBS-015K комплект, rear PM",1,848,Paul Master,IBS-015K,Москва
2026-03-25 09:00:03,Пружина TO-005 / TBS-005 3*15*192mm PM,1,430,Paul Master,TBS-005,Москва
2026-03-25 09:00:03,Пружина U-006 / FUS-006 PM,2,168,Paul Master,FUS-006,Москва
2026-03-25 09:00:03,Пружина U-011 / HUS-011 9873-01163 SH1/3/4F# SH3V# 98~ PM,1,168,Paul Master,HUS-011,Москва
2026-03-25 09:00:03,Пружина U-012 / HUS-012 22341-2310 FN/FP/FR28# FR/FS33 85-91` PM,2,187,Paul Master,HUS-012,Москва
2026-03-25 09:00:03,Пружина U-014 / FUS-014 ME800517 PM,2,128,Paul Master,FUS-014,Москва
2026-03-25 09:00:03,Пружина Y-001 / MYS-001 / W023-43-081A PM,2,491,Paul Master,MYS-001,Москва
2026-03-25 09:00:03,Пружина Y-004 / TYS-004 PM,2,488,Paul Master,TYS-004,Москва
2026-03-25 09:00:03,Пружина Y-005 / MYS-005 PM,2,288,Paul Master,MYS-005,Москва
2026-03-25 09:00:03,Пружина Z-003 / FZS-003 ME670265 FP/FU/FS/FV5# PM,2,250,Paul Master,FZS-003,Москва
2026-03-25 09:00:03,Пружина Z-005 /HZS-005/47608-1080 PM,2,320,Paul Master,HZS-005,Москва
2026-03-25 09:00:03,Пружина Z-012 / FZS-012/ ME658484 PM,2,277,Paul Master,FZS-012,Москва
2026-03-25 09:00:03,Пружина вала рокеров 24541-41000 HYUNDAI HD72/78 ORIG,1,75,Hyundai-Kia,24541-41000,Москва
2026-03-25 09:00:03,Пружина возвратная 1-09583-298-0 C/E/F-series ORIG,3,879,Isuzu,1-09583-298-0,Москва
2026-03-25 09:00:03,Пружина возвратная сцепления D-125155 / 1-09583-305-0 FVR34/FSR90/CYZ52/CYZ51 Дизель,13,421,Дизель,D-125155,Москва
2026-03-25 09:00:03,Пружина возвратная сцепления D-129464 / 1-09583-305-0 FVR34/FSR90/CYZ52/CYZ51 Дизель,5,404,Дизель,D-129464,Москва
2026-03-25 09:00:03,Пружина глушителя 8-94141-851-0/8-97021-428-0 C/E/F-series ORIG,2,601,Isuzu,8-97021-428-0,Москва
2026-03-25 09:00:03,Пружина кабины 1-09580-515-0 C-series ORIG,2,3297,Isuzu,1-09580-515-0,Москва
2026-03-25 09:00:03,Пружина кабины D-125030 / 1-09580-537-0 CYZ51K EURO3 6WF1 Дизель,1,1162,Дизель,D-125030,Москва
2026-03-25 09:00:03,Пружина кабины D-125349 / 1-09580-515-0 C-series Дизель,2,1224,Дизель,D-125349,Москва
2026-03-25 09:00:03,"Пружина клапана выпускного 8-94395-884-0 F,N-series 4HK1T/6HK1 синяя ORIG",5,719,Isuzu,8-94395-884-0,Москва
2026-03-25 09:00:03,Пружина колодки тормозной передней D-128433 / 3501436-4E 195мм J5/J6 FAW Дизель,7,125,Дизель,D-128433,Москва
2026-03-25 09:00:03,Пружина переднего суппорта D-129875 / WG9100440061 HOWO T5G Дизель,1,84,Дизель,D-129875,Москва
2026-03-25 09:00:03,Пружина передней подвески 8-97357-109-1 NLR85 ORIG,1,18084,Isuzu,8-97357-109-1,Москва
2026-03-25 09:00:03,Пружина подвески 48131-6B080 Toyota,1,2287,hino,48131-6B080,Москва
2026-03-25 09:00:03,Пружина синхронизатора КПП 8-98032-197-0 F-series ORIG,6,158,Isuzu,8-98032-197-0,Москва
2026-03-25 09:00:03,Пружина сухаря синхронизатора WBYI3.8*1*22.7-6G120 JAC ORIG,2,23,JAC,WBYI3.8*1*22.7-6G120,Москва
2026-03-25 09:00:03,Пружина тормозная короткая AZ199112340049 L=170 Howo,6,70,Дизель,AZ199112340049,Москва
2026-03-25 09:00:03,Пружина тормозной колодки B-008 / HBS-008/ SZ5060-6003 / 9873-06105 FN#/FS#/FR# PM,2,1049,Paul Master,HBS-008,Москва
2026-03-25 09:00:03,Пружина тормозной колодки B-010 /HBS-010/ 47660-1290 ALL PM,2,921,Paul Master,HBS-010,Москва
2026-03-25 09:00:03,Пружина тормозной колодки B-036 PM,2,643,Paul Master,B-036,Москва
2026-03-25 09:00:03,Пружина тормозной колодки B-037 / HBS-037 47660-1300 ALL PM,2,902,Paul Master,HBS-037,Москва
2026-03-25 09:00:03,Пружина тормозной колодки B-038 / HBS-038 47450-1140 FW27/28/60# FF17/19#2H#3H# PM,2,839,Paul Master,HBS-038,Москва
2026-03-25 09:00:03,Пружина тормозной колодки B-042 / HBS-042 47450-1170 PM,2,734,Paul Master,HBS-042,Москва
2026-03-25 09:00:03,Пружина тормозной колодки B-042-1 / HBS-042R 47450-1160 PM,1,755,Paul Master,HBS-042R,Москва
2026-03-25 09:00:03,Пружина тормозной колодки IS-059 /IBS-059/ 5-09583-136-0 PM,2,356,Paul Master,IBS-059,Москва
2026-03-25 09:00:03,Пружина тормозной колодки MA/MBS-005 3*18*147mm PM,2,491,Paul Master,MBS-005,Москва
2026-03-25 09:00:03,Пружина тормозной колодки UD-043 / UBS-043 41020-Z5003 PM,1,879,Paul Master,UBS-043,Москва
2026-03-25 09:00:03,Пружина тормозных колодок D-130647 / AZ9100340012 / WG9100440061 (конус) L=240 HOWO Дизель,2,99,Дизель,D-130647,Москва
2026-03-25 09:00:03,Пружина торсиона кабины D-126773 / 5001074BA03/A FAW J6 Дизель,1,967,Дизель,D-126773,Москва
2026-03-25 09:00:03,Пыльник ''555'' 76-51711-360 40 арм.,2,45,JMC,76-51711-360,Москва
2026-03-25 09:00:03,Пыльник 0K63B-2253XA BONGO III 5MT4WD !,2,1810,Дизель,0K63B-2253XA,Москва
2026-03-25 09:00:03,Пыльник 44124-T6001 Nissan,1,107,JMC,44124-T6001,Москва
2026-03-25 09:00:03,Пыльник D-130193 / DR403017LW (для наконечника 48570-0T025 / 48520-0T025) 27*39*30 Дизель,8,107,Дизель,D-130193,Москва
2026-03-25 09:00:03,Пыльник D-130195 / DR413326LW+UP (шаровая опора 8-97142-452-1) Дизель,36,192,Дизель,D-130195,Москва
2026-03-25 09:00:03,Пыльник DR322817 (для наконечника 8-97107-348-2/349-2) !,8,42,Chase,DR322817,Москва
2026-03-25 09:00:03,Пыльник DR403516LW (наконечника тяги 8-97107-318-1/321-0) !,4,93,Chase,DR403516LW,Москва
2026-03-25 09:00:03,Пыльник DR422721LW+UP (наконечника тяги 8-97222-505-0/506-0) !,1,171,Chase,DR422721LW+UP,Москва
2026-03-25 09:00:03,Пыльник DR503818LW (шаровой опоры MK469290/наконечника 48570-Z5005/5008 !,1,127,Chase,DR503818LW,Москва
2026-03-25 09:00:03,Пыльник DR513725LW+UP (шаровой опоры 8-97031-370-0/8-98025-499-0/наконечника MC812879/80) !,10,160,Chase,DR513725UP+LW,Москва
2026-03-25 09:00:03,Пыльник буксы балансира D-129466 / BM1040/49354-1040 HINO 500/700 Дизель,10,263,Дизель,D-129466,Москва
2026-03-25 09:00:03,Пыльник кулисы КПП верх D-126774 / 1703041-61B/D FAW J6 Дизель,2,753,Дизель,D-126774,Москва
2026-03-25 09:00:03,Пыльник наконечника рулевой тяги 45447-1331/45447-1221 Y,36,253,Yamasida,S4544-71221,Москва
2026-03-25 09:00:03,Пыльник направл тормозного суппорта 6490-011 JAC ORIG,1,226,JAC,6490-011,Москва
2026-03-25 09:00:03,Пыльник привода внутренний 6613305201 Istana !,1,1126,JMC,6613305201,Москва
2026-03-25 09:00:03,"Пыльник рулевого вала 1-44139-155-0 C,E,F series ORIG",1,2869,Isuzu,1-44139-155-0,Москва
2026-03-25 09:00:03,Пыльник рулевого маятника D-130192 / DR362224UP / 8-97189-457-0/455-0 24*36*22 Дизель,10,150,Дизель,D-130192,Москва
2026-03-25 09:00:03,Пыльник рулевой тяги 1-43159-099-0 ORIG,13,1529,Isuzu,1-43159-099-0,Москва
2026-03-25 09:00:03,Пыльник рулевой тяги 3401110U8510-F04 S5 JAC ORIG,20,176,JAC,3401110U8510-F04,Москва
2026-03-25 09:00:03,Пыльник рулевой тяги 3401110U8510-F05 S5 JAC (NON-GENUINE),19,209,JAC,3401110U8510-F05,Москва
2026-03-25 09:00:03,Пыльник рычага КПП 1-33619-573-0 C-series ORIG,1,1332,Isuzu,1-33619-573-0,Москва
2026-03-25 09:00:03,Пыльник рычага КПП D-127181 / SIZ-05G297 / 1-79996-299-0 / 1-79996-365-0 C-series Дизель,7,837,Дизель,D-127181,Москва
2026-03-25 09:00:03,Пыльник рычага перекл.передач SMS-05G298 MC024414-S FUSO Sсhmaco !,2,1396,Schmaco,SMS-05G298,Москва
2026-03-25 09:00:03,Пыльник сальника КПП D-127708 / J80-1701160 JAC N120 LE35S Дизель,1,307,Дизель,D-127708,Москва
2026-03-25 09:00:03,Пыльник сервоусилителя КПП 1-33739-571-0 ORIG,1,1520,Isuzu,1-33739-571-0,Москва
2026-03-25 09:00:03,Пыльник ступицы D-125964 / HFF3104112CK2BZ задней JAC N350 Дизель,1,1360,Дизель,D-125964,Москва
2026-03-25 09:00:03,Пыльник суппорта MB295604,1,253,JMC,MB295604,Москва
2026-03-25 09:00:03,Пыльник Т.Ц. SC50094 WC-2608 FB-2030 44124-M4910/17C10 ***,5,24,Seiken,SC50094,Москва
2026-03-25 09:00:03,Пыльник Т.Ц. SC50354 WB-01156 FB-... 44124-T6001,2,19,Seiken,SC50354,Москва
2026-03-25 09:00:03,Пыльник Т.Ц. SC80684 WB-01191 47536-1360,2,207,JMC,SC80684,Москва
2026-03-25 09:00:03,Пыльник тормозного механизма 93161625 Iveco Orig !,4,2468,Iveco,93161625,Москва
2026-03-25 09:00:03,Пыльник тяги 1-43159-107-0 ORIG,3,937,Isuzu,1-43159-107-0,Москва
2026-03-25 09:00:03,Пыльники тяги D-130303 / 6614613096 Дизель,2,503,Дизель,D-130303,Москва
2026-03-25 09:00:03,Пятак упорный форсунки D-126584 / 200V90720-0214 MC11 Sitrak C7H Дизель,2,167,Дизель,D-126584,Москва
2026-03-25 09:00:03,Р/к редуктора гидроусилителя руля 8-97264-442-0 NQR71/75 ORIG,5,14625,Isuzu,8-97264-442-0,Москва
2026-03-25 09:00:03,Р/к торм механиз без регул и сальн EM963534 Techno Brake !,2,3222,Technobrake,ЕМ963534,Москва
2026-03-25 09:00:03,"Р/к торм. вала на сторону 0980102130SKV / 09.801.02.13.0 BPW H/K/N Series (SN30/36/42.) 42x46x72,5",5,643,SKV,0980102130,Москва
2026-03-25 09:00:03,Р/к торм. вала осей ROR AXL122 SKV / 030204200240 / ASK1122 / 52261 LM/TA/TAC/TE/TM SKV,20,855,SKV,AXL122,Москва
2026-03-25 09:00:03,"Рабочий тормозной цилиндр 1-1/2 "" 47530-1860/S475-301860 HINO500 F. LH FW1K#, GD8J# 01~ Y",2,12528,Yamasida,47530-1860,Москва
2026-03-25 09:00:03,"Рабочий тормозной цилиндр 1-1/2 "" 47540-1091/S475-401091 HINO500 F. LH FW1K#, GD8J# 01~ Y",1,6715,Yamasida,47540-1091,Москва
2026-03-25 09:00:03,"Рабочий тормозной цилиндр 1-1/2"" 1-47600-585-0 / 1-47600-950-0 R.RH.F FRR,FSR SKV",16,2018,SKV,1-47600-585-0,Москва
2026-03-25 09:00:03,"Рабочий тормозной цилиндр 1-1/2"" 47560-1450B F.RH.A Y MFD10.4T,FC8.6T,8.7T 1992~ Y",3,6761,Yamasida,47560-1450B,Москва
2026-03-25 09:00:03,"Рабочий тормозной цилиндр 1-1/2"" 47570-1350B F.LH.F HINO Y",1,7333,Yamasida,47570-1350B,Москва
2026-03-25 09:00:03,Рабочий тормозной цилиндр 1-1/4'' MK356639 R.LH FE53/63/73C/E/D/FE82/83E/B FUSO CANTER NEW SKV,10,2146,SKV,MK356639,Москва
2026-03-25 09:00:03,Рабочий тормозной цилиндр 1-1/4'' MK356640 R.RH.F FE53/63/73#/FE82/83E/B FUSO CANTER NEW SKV,29,2308,SKV,MK356640,Москва
2026-03-25 09:00:03,Рабочий тормозной цилиндр 1-1/4'' MK356644 F.RH.F FUSO CANTER NEW SKV,17,2033,SKV,MK356644,Москва
2026-03-25 09:00:03,Рабочий тормозной цилиндр 1-1/4'' MK356644 F.RH.F FUSO CANTER NEW Y,2,3204,Yamasida,MK356644,Москва
2026-03-25 09:00:03,"Рабочий тормозной цилиндр 1-1/4"" MC886169 R.RH.F CANTERFE6597.7T 1995~96 !",1,1639,Yamasida,MC886169,Москва
2026-03-25 09:00:03,"Рабочий тормозной цилиндр 1-1/4"" MC886171 R.RH.A CANTERFE6597.7T 1995~96 !",1,1788,Yamasida,MC886171,Москва
2026-03-25 09:00:03,"Рабочий тормозной цилиндр 1-1/8"" 47540-37030 F.LH.A DYNA Toyota Y",2,3311,Yamasida,47540-37030,Москва
2026-03-25 09:00:03,"Рабочий тормозной цилиндр 1-1/8"" 47580-36200 R.LH.A DYNAXZU300L,320L 2001~ Y",1,3312,Yamasida,47580-36200,Москва
2026-03-25 09:00:03,"Рабочий тормозной цилиндр 1-1/8"" 8-97078-613-0 8-97170-950-0 F.LH.F ELF,NKR,NQR,NPR 1992~97 Y",5,1781,Yamasida,8-97078-613-0,Москва
2026-03-25 09:00:03,"Рабочий тормозной цилиндр 1-1/8"" 8-97078-615-0/8-97170-952-0 F.LH.A ELF,NKR,NQR,NPR 1992~97 SKV",19,893,SKV,8-97078-615-0,Москва
2026-03-25 09:00:03,"Рабочий тормозной цилиндр 1-1/8"" 8-97078-616-0/8-97170-953-0 F.RH.A ELF,NKR,NQR,NPR 1992~97 SKV",19,893,SKV,8-97078-616-0,Москва
2026-03-25 09:00:03,"Рабочий тормозной цилиндр 1-1/8"" W001-33-510/510F F.LH.A T3500,2500,3000(4W) 1985~98 Y",1,1326,Yamasida,W001-33-510,Москва
2026-03-25 09:00:03,"Рабочий тормозной цилиндр 1-1/8"" W023-33-410/410A/C/E/F F.RH.A T3000,3500,4000(6W),4WD 1985~98 Y",5,1470,Yamasida,W023-33-410,Москва
2026-03-25 09:00:03,"Рабочий тормозной цилиндр 1-1/8"" W023-33-710/710A/C/D/E F.LH.F T3000,3500,4000(6W),4WD 85~98 Y",1,1470,Yamasida,W023-33-710,Москва
2026-03-25 09:00:03,"Рабочий тормозной цилиндр 1-1/8"" W211-33-410 F.RH.A T2600,3000,3500,4000 1989~98 Y",1,1470,Yamasida,W211-33-410,Москва
2026-03-25 09:00:03,"Рабочий тормозной цилиндр 1-1/8"" W211-33-610/W023-33-610... F.RH.F T2600,3000,3500,4000 1989~98 Y",12,1470,Yamasida,W211-33-610,Москва
2026-03-25 09:00:03,"Рабочий тормозной цилиндр 1-1/8"" WA97-33-510 F.LH.A T3500TURBO,T4000,T4600 1990~98 Y",1,2682,Yamasida,WA97-33-510,Москва
2026-03-25 09:00:03,"Рабочий тормозной цилиндр 1-1/8"" WA97-33-710 F.LH.F T3500TURBO,T4000,T4600 1990~98 Y",1,2482,Yamasida,WA97-33-710,Москва
2026-03-25 09:00:03,"Рабочий тормозной цилиндр 1-3/16'' 47510-37110/11 F.RH UP LP-5650 HINO/DYNA BU3/4#,XZU3#4# 300# Y",9,4151,Yamasida,47510-37111,Москва
2026-03-25 09:00:03,"Рабочий тормозной цилиндр 1-3/16'' 47520-37130/31 F.RH LOW LP-5651 HINO/DYNA BU3/4#,XZU3#4#300# Y",8,4151,Yamasida,47520-37131,Москва
2026-03-25 09:00:03,"Рабочий тормозной цилиндр 1-3/16'' 47530-37110/11 F.LH UP LP-5652 HINO/DYNA BU3/4#,XZU3#4# 300# Y",10,4151,Yamasida,47530-37111,Москва
2026-03-25 09:00:03,"Рабочий тормозной цилиндр 1-3/16'' 47540-37130/31 F.LH. LOW LP-5653 HINO/DYNA BU3/4#,XZU3#4# 300# Y",9,4152,Yamasida,47540-37131,Москва
2026-03-25 09:00:03,"Рабочий тормозной цилиндр 1-3/16'' 47550-37130 R.RH F.LP-5654 HINO/DYNA BU3/4#,XZU3#4# 300# 99~ Y !",7,5198,Yamasida,47550-37130,Москва
2026-03-25 09:00:03,"Рабочий тормозной цилиндр 1-3/16'' 47550-37150/51 R.RH F. LP-5658 HINO/DYNA BU3/4#,XZU3#4# 300# Y",10,5060,Yamasida,47550-37151,Москва
2026-03-25 09:00:03,"Рабочий тормозной цилиндр 1-3/16'' 47560-37180/81 R.RH. R LP-5660 HINO/DYNA BU3/4#,XZU3#4# 300# Y",8,5060,Yamasida,47560-37181,Москва
2026-03-25 09:00:03,"Рабочий тормозной цилиндр 1-3/16'' 47570-37090 R.LH. F LP-5655 HINO/DYNA BU3/4#,XZU3#4# 300# 99~ Y",6,5198,Yamasida,47570-37090,Москва
2026-03-25 09:00:03,"Рабочий тормозной цилиндр 1-3/16'' 47570-37110/11 R.LH. F LP-5659 HINO/DYNA BU3/4#,XZU3#4# 300# Y",3,5060,Yamasida,47570-37111,Москва
2026-03-25 09:00:03,"Рабочий тормозной цилиндр 1-3/16'' 47580-37170/71 R.LH. R LP-5656 HINO/DYNA BU3/4#,XZU3#4# 300# Y",7,5060,Yamasida,47580-37171,Москва
2026-03-25 09:00:03,"Рабочий тормозной цилиндр 1-3/16"" 47550-37070 R.RH.F DUNABU211, 221 Toyota Y",1,6682,Yamasida,47550-37070,Москва
2026-03-25 09:00:03,"Рабочий тормозной цилиндр 1-3/16"" 8-97139-852-0 R.RH ISUZU NPR 01~ Y",2,2545,Yamasida,8-97139-852-0,Москва
2026-03-25 09:00:03,"Рабочий тормозной цилиндр 1-3/8"" 8-97160-398-0/8-97353-573-0 F.RH.F ELF,NQR,NPR 1996~ !",4,1551,Yamasida,8-97160-398-0,Москва
2026-03-25 09:00:03,"Рабочий тормозной цилиндр 1-3/8"" 8-97353-575-0/8-97160-400-0 F.RH ISUZU 96~ Y",3,1668,Yamasida,8-97160-400-0,Москва
2026-03-25 09:00:03,"Рабочий тормозной цилиндр 1-3/8"" 8-97353-576-0/8-97160-401-0 F.LH ISUZU NQR/NPR NQR70/71 96~ Y",11,2952,Yamasida,8-97353-576-0,Москва
2026-03-25 09:00:03,"Рабочий тормозной цилиндр 1-3/8"" MC832584 (без прокачки) F.LH.F FK417 1990~ SKV",13,2073,SKV,MC832584,Москва
2026-03-25 09:00:03,"Рабочий тормозной цилиндр 1-3/8"" MC832586 F.RH.F FK417 1990~ без прокачки Y",9,3139,Yamasida,MC832586,Москва
2026-03-25 09:00:03,"Рабочий тормозной цилиндр 1-3/8"" MC832586 F.RH.F FK417 1990~ без прокачки SKV",19,1981,SKV,MC832586,Москва
2026-03-25 09:00:03,Рабочий тормозной цилиндр 1-47601-135-0 FSR90 ORIG,2,17292,Isuzu,1-47601-135-0,Москва
2026-03-25 09:00:03,"Рабочий тормозной цилиндр 1-5/8 "" 47580-1690/S475-801690 HINO500 R. LH FW1K#, GD8J# 01~ !",2,5108,Yamasida,47580-1690,Москва
2026-03-25 09:00:03,"Рабочий тормозной цилиндр 1-5/8 "" 47580-1730/S475-801730 HINO500 R. LH FW1K#, GD8J# 01~ Y !",2,4103,Yamasida,47580-1730,Москва
2026-03-25 09:00:03,"Рабочий тормозной цилиндр 1-7/16 "" 1-47600-938-0/1-47600-829-0 F. RH ISUZU FSR, FRR 9.2T, 10.5T SKV",17,1447,SKV,1-47600-938-0,Москва
2026-03-25 09:00:03,"Рабочий тормозной цилиндр 1-7/16 "" 1-47600-939-0/1-47600-830-0 F. LH ISUZU FSR, FRR 9.2T, 10.5T SKV",19,1447,SKV,1-47600-939-0,Москва
2026-03-25 09:00:03,"Рабочий тормозной цилиндр 1-7/16"" 47520-1110 F.RH.A FD10.5T 2003~ Y",3,4113,Yamasida,47520-1110,Москва
2026-03-25 09:00:03,"Рабочий тормозной цилиндр 1-7/16"" 47530-1420/47530-1520/47530-1620 F.LH MFD10.4T,FC8.6T,8.7T 1992~ Y",8,2715,Yamasida,47530-1420,Москва
2026-03-25 09:00:03,"Рабочий тормозной цилиндр 1-7/16"" 47530-1620 F.LH.F FD10.5T 2003~ Y",4,5005,Yamasida,47530-1620,Москва
2026-03-25 09:00:03,"Рабочий тормозной цилиндр 1-7/16"" MC832588 R.L/R.A FK417 1990~ SKV",44,1940,SKV,MC832588,Москва
2026-03-25 09:00:03,"Рабочий тормозной цилиндр 1-7/16"" MC832589 R.LH.F FK417 1990~ SKV",57,2013,SKV,MC832589,Москва
2026-03-25 09:00:03,"Рабочий тормозной цилиндр 1-7/16"" MC832589 R.LH.F FK417 1990~ Y",1,4123,Yamasida,MC832589,Москва
2026-03-25 09:00:03,"Рабочий тормозной цилиндр 1-7/16"" MC832590SKV R.RH.F FK417 1990~ SKV",18,1940,SKV,MC832590,Москва
2026-03-25 09:00:03,"Рабочий тормозной цилиндр 1"" 47560-36110 Toyota BU67 5.2T R.RH.A Y",4,1788,Yamasida,47560-36110,Москва
2026-03-25 09:00:03,"Рабочий тормозной цилиндр 1"" 47570-25070 Toyota Y",1,1843,Yamasida,47570-25070,Москва
2026-03-25 09:00:03,"Рабочий тормозной цилиндр 1"" 47580-36110 Toyota BU67 5.2T R.LH.A Y",1,1562,Yamasida,47580-36110,Москва
2026-03-25 09:00:03,"Рабочий тормозной цилиндр 1"" 8-97078-617-0/8-97179-352-0 R.LH ELF,NKR,NQR,NPR 1992~97 SKV",43,1483,SKV,8-97078-617-0,Москва
2026-03-25 09:00:03,"Рабочий тормозной цилиндр 1"" 8-97078-619-0/8-97179-350-0 R.RH.A ELF,NKR,NQR,NPR 1992~97 SKV",19,919,SKV,8-97078-619-0,Москва
2026-03-25 09:00:03,"Рабочий тормозной цилиндр 1"" 8-97349-689-0 R.LH Isuzu NLR85/NMR85 Y",22,2342,Yamasida,8-97349-689-0,Москва
2026-03-25 09:00:03,"Рабочий тормозной цилиндр 1"" 8-97349-689-0 R.LH NLR85/NMR85 SKV",23,1778,SKV,8-97349-689-0,Москва
2026-03-25 09:00:03,"Рабочий тормозной цилиндр 1"" MB162134 R.LH.F CANTER Y",4,1825,Yamasida,MB162134,Москва
2026-03-25 09:00:03,"Рабочий тормозной цилиндр 1"" MC895048 R.LH.F FA/FB500/501/510/51A/FB70A/FD50A/501 SKV",22,1552,SKV,MC895048,Москва
2026-03-25 09:00:03,"Рабочий тормозной цилиндр 1"" MC895048 R.LH.F FA/FB500/501/510/51A/FB70A/FD50A/501 Y",9,2554,Yamasida,MC895048,Москва
2026-03-25 09:00:03,"Рабочий тормозной цилиндр 1"" MC895049 R.RH.F FA/FB500/501/510/51A/FB70A/FD50A/501 SKV",21,1552,SKV,MC895049,Москва
2026-03-25 09:00:03,"Рабочий тормозной цилиндр 1"" MC895050 R.LH.A FA/FB500/501/510/51A/FB70A/FD50A/501 SKV",22,1552,SKV,MC895050,Москва
2026-03-25 09:00:03,"Рабочий тормозной цилиндр 1"" MC895051 R.RH.A FA/FB500/501/510/51A/FB70A/FD50A/501 SKV",18,1552,SKV,MC895051,Москва
2026-03-25 09:00:03,"Рабочий тормозной цилиндр 1"" MC895051 R.RH.A FA/FB500/501/510/51A/FB70A/FD50A/501 Y",6,2554,Yamasida,MC895051,Москва
2026-03-25 09:00:03,"Рабочий тормозной цилиндр 1"" W023-26-510/510A/C/D R.LH.A 1985~98 SKV",16,1389,SKV,W02326510,Москва
2026-03-25 09:00:03,"Рабочий тормозной цилиндр 11/8"" 47540-36180 F.LH.A DYNAXZU300L,320L 2001~ Y",1,1602,Yamasida,47540-36180,Москва
2026-03-25 09:00:03,"Рабочий тормозной цилиндр 13/16"" 44100-05N13/05N23 Rear Nissan Atlas F23 ""Y""",1,1008,Yamasida,44100-05N13,Москва
2026-03-25 09:00:03,Рабочий тормозной цилиндр 58120-5K000 HYUNDAI COUNTY/HD45/HD65/HD72/HD78 FRONT SKV,5,3004,SKV,58120-5K000,Москва
2026-03-25 09:00:03,Рабочий тормозной цилиндр 58130-5K000 HYUNDAI COUNTY/HD45/HD65/HD72/HD78 FRONT R SKV,12,2710,SKV,58130-5K000,Москва
2026-03-25 09:00:03,Рабочий тормозной цилиндр 58130-5M150 FR Hyundai HD35/65 ORIG,3,7637,Hyundai-Kia,58130-5M150,Москва
2026-03-25 09:00:03,Рабочий тормозной цилиндр 58150-62003 HYUNDAI HD120 FR LH SKV,7,2328,SKV,58150-62003,Москва
2026-03-25 09:00:03,Рабочий тормозной цилиндр 58220-45201 HYUNDAI COUNTY/HD45/HD65/HD72/HD78 FRONT R SKV,47,1219,SKV,58220-45201,Москва
2026-03-25 09:00:03,Рабочий тормозной цилиндр 58220-5K000 HYUNDAI COUNTY/HD45/HD65/HD72/HD78 FRONT SKV,30,2993,SKV,58220-5K000,Москва
2026-03-25 09:00:03,Рабочий тормозной цилиндр 58230-5K000 HYUNDAI COUNTY/HD45/HD65/HD72/HD78 FRONT R SKV,8,2900,SKV,58230-5K000,Москва
2026-03-25 09:00:03,Рабочий тормозной цилиндр 58230-62003/ 62004 HYUNDAI HD120 FR RH SKV,16,2019,SKV,58230-62004,Москва
2026-03-25 09:00:03,Рабочий тормозной цилиндр 58250-62003 HYUNDAI HD120 FR RH SKV,38,2218,SKV,58250-62003,Москва
2026-03-25 09:00:03,Рабочий тормозной цилиндр 58320-45201 HYUNDAI COUNTY/HD45/HD65/HD72/HD78 REAR L SKV,6,1383,SKV,58320-45201,Москва
2026-03-25 09:00:03,Рабочий тормозной цилиндр 58320-4B820 LH HYUNDAI PORTER SKV,10,650,SKV,58320-4B820,Москва
2026-03-25 09:00:03,Рабочий тормозной цилиндр 58320-5H601 HYUNDAI COUNTY/HD45/HD65/HD72/HD78 REAR L SKV,7,2673,SKV,58320-5H601,Москва
2026-03-25 09:00:03,Рабочий тормозной цилиндр 58330-62004 HYUNDAI HD120 RR LH SKV,16,2249,SKV,58330-62004,Москва
2026-03-25 09:00:03,Рабочий тормозной цилиндр 58350-5H601 HYUNDAI COUNTY/HD45/HD65/HD72/HD78 REAR L SKV,8,2673,SKV,58350-5H601,Москва
2026-03-25 09:00:03,Рабочий тормозной цилиндр 58350-62004 HYUNDAI HD120 RR LH SKV,5,2227,SKV,58350-62004,Москва
2026-03-25 09:00:03,Рабочий тормозной цилиндр 58420-45201 HYUNDAI COUNTY/HD45/HD65/HD72/HD78 REAR R BWC Y,9,1999,Yamasida,58420-45201,Москва
2026-03-25 09:00:03,Рабочий тормозной цилиндр 58420-45201 HYUNDAI COUNTY/HD45/HD65/HD72/HD78 REAR R SKV,22,1353,SKV,58420-45201,Москва
2026-03-25 09:00:03,Рабочий тормозной цилиндр 58420-4B820 RH HYUNDAI PORTER SKV,1,714,SKV,58420-4B820,Москва
2026-03-25 09:00:03,Рабочий тормозной цилиндр 58420-5H601 HYUNDAI COUNTY/HD45/HD65/HD72/HD78 REAR R SKV,9,3227,SKV,58420-5H601,Москва
2026-03-25 09:00:03,Рабочий тормозной цилиндр 58430-62004 HYUNDAI HD120 RR RH SKV,22,2643,SKV,58430-62004,Москва
2026-03-25 09:00:03,Рабочий тормозной цилиндр 58450-62004/52450-62010 HYUNDAI HD120 RR RH SKV,29,2320,SKV,58450-62004,Москва
2026-03-25 09:00:03,Рабочий тормозной цилиндр 8-97122-867-0 ISUZU Y,2,1888,Yamasida,8-97122-867-0,Москва
2026-03-25 09:00:03,"Рабочий тормозной цилиндр 8-97147-968-0 R.RH.A ISUZU ELF,NQR,NPR Y",3,2549,Yamasida,8-97147-968-0,Москва
2026-03-25 09:00:03,Рабочий тормозной цилиндр 8-97358-874-0/276 / LP-5325-1 1-3/16 ISUZU LHD Front L без прокачки Y,49,1945,Yamasida,8-97358-874-0,Москва
2026-03-25 09:00:03,"Рабочий тормозной цилиндр 8-97358-874-0/276 1-3/16"" ISUZU LHD Front L без прокачки SKV",76,1536,SKV,8-97358-874-0,Москва
2026-03-25 09:00:03,"Рабочий тормозной цилиндр 8-97358-875-0 LP-5325-3 1-3/16"" ISUZU LHD Front R Y без прокачки Y",80,1945,Yamasida,8-97358-875-0,Москва
2026-03-25 09:00:03,"Рабочий тормозной цилиндр 8-97358-876-0 1-3/16"" ISUZU LHD front L с прокачкой SKV",56,1554,SKV,8-97358-876-0,Москва
2026-03-25 09:00:03,"Рабочий тормозной цилиндр 8-97358-876-0 LP-5325-2 1-3/16"" ISUZU LHD front L с прокачкой Y",51,1981,Yamasida,8-97358-876-0,Москва
2026-03-25 09:00:03,"Рабочий тормозной цилиндр 8-97358-878-0/270 / LP-5325-5 1-5/16"" ISUZU LHD Rear L без прокачки Y",45,2299,Yamasida,8-97358-878-0,Москва
2026-03-25 09:00:03,"Рабочий тормозной цилиндр 8-97358-878-0/270 1-5/16"" ISUZU LHD Rear L SKV",150,1525,SKV,8-97358-878-0,Москва
2026-03-25 09:00:03,"Рабочий тормозной цилиндр 8-97358-879-0/272 1-5/16"" ISUZU LHD Rear R SKV",51,1544,SKV,8-97358-879-0,Москва
2026-03-25 09:00:03,"Рабочий тормозной цилиндр 8-97358-880-0/271 / LP-5325-6 1-5/16"" ISUZU LHD Rear L с прокачкой Y",39,2299,Yamasida,8-97358-880-0,Москва
2026-03-25 09:00:03,"Рабочий тормозной цилиндр 8-97358-880-0/271 1-5/16"" ISUZU LHD Rear L SKV",21,1544,SKV,8-97358-880-0,Москва
2026-03-25 09:00:03,"Рабочий тормозной цилиндр 8-97358-881-0/273 / LP-5325-8 1-5/16"" ISUZU LHD Rear R с прокачкой Y",11,2299,Yamasida,8-97358-881-0,Москва
2026-03-25 09:00:03,"Рабочий тормозной цилиндр 8-97358-881-0/273 1-5/16"" ISUZU LHD Rear R SKV",50,1525,SKV,8-97358-881-0,Москва
2026-03-25 09:00:03,Рабочий тормозной цилиндр 8-98081-324-0 FR RH NMR85 SKV,9,1370,SKV,8-98081-324-0,Москва
2026-03-25 09:00:03,Рабочий тормозной цилиндр 8-98081-325-0 FR LH NMR85 Y,3,2496,Yamasida,8-98081-325-0,Москва
2026-03-25 09:00:03,Рабочий тормозной цилиндр 8-98081-326-0 FR RH NMR85 ORIG,2,10495,Isuzu,8980813260,Москва
2026-03-25 09:00:03,Рабочий тормозной цилиндр 8-98081-326-0 FR RH NMR85 SKV,17,1559,SKV,8-98081-326-0,Москва
2026-03-25 09:00:03,Рабочий тормозной цилиндр 8-98081-326-0 FR RH NMR85 Y,4,2497,Yamasida,8-98081-326-0,Москва
2026-03-25 09:00:03,Рабочий тормозной цилиндр 8-98289-368-0 FSR90 ORIG,1,44627,Isuzu,8-98289-368-0,Москва
2026-03-25 09:00:03,Рабочий тормозной цилиндр D-127859 / HDE-050 / MC889050 FP FT FV FS FU FY5# Дизель,3,8963,Дизель,D-127859,Москва
2026-03-25 09:00:03,Рабочий тормозной цилиндр D-128850 / 8-97179-357-0 / 8-97081-148-0 F.RH ELF NKR NQR NPRTURBO Дизель,2,909,Дизель,D-128850,Москва
2026-03-25 09:00:03,Рабочий тормозной цилиндр D-128851 / 8-97179-358-0 / 8-97081-147-0 F.LH ELF NKR NQR NPRTURBO Дизель,2,905,Дизель,D-128851,Москва
2026-03-25 09:00:03,Рабочий тормозной цилиндр D-129595 / HDE-049 / 47510-1950 / 209-6F66-7-1/2 HINO700 Дизель,12,6264,Дизель,D-129595,Москва
2026-03-25 09:00:03,Рабочий тормозной цилиндр LP-5489 58420-5H601 HYUNDAI COUNTY/HD45/HD65/HD72/HD78 REAR R BWC Y,14,4300,Yamasida,58420-5H601,Москва
2026-03-25 09:00:03,Рабочий тормозной цилиндр LP-5490 58350-5H601 HYUNDAI COUNTY/HD45/HD65/HD72/HD78 REAR L BWC Y,13,4484,Yamasida,58350-5H601,Москва
2026-03-25 09:00:03,Рабочий тормозной цилиндр LP-5491 58450-5H601 HYUNDAI COUNTY/HD45/HD65/HD72/HD78 REAR R BWC Y,5,5138,Yamasida,58450-5H601,Москва
2026-03-25 09:00:03,Рабочий тормозной цилиндр LP-5493 58230-5K000 HYUNDAI COUNTY/HD45/HD65/HD72/HD78 FRONT R BWC Y,6,4560,Yamasida,58230-5K000,Москва
2026-03-25 09:00:03,Рабочий тормозной цилиндр LP-5494 58220-5K000 HYUNDAI COUNTY/HD45/HD65/HD72/HD78 FRONT BWC Y,24,3714,Yamasida,58220-5K000,Москва
2026-03-25 09:00:03,Рабочий тормозной цилиндр LP-5495 58120-5K000 HYUNDAI COUNTY/HD45/HD65/HD72/HD78 FRONT BWC Y,4,3714,Yamasida,58120-5K000,Москва
2026-03-25 09:00:03,Рабочий тормозной цилиндр RR L 58330-5M150 Hyundai HD35/MIGHTY ORIG,1,11641,Hyundai-Kia,58330-5M150,Москва
2026-03-25 09:00:03,"Рабочий цилиндр сцепления 1"" 8-97024-297-0/8-97032-846-1/851-1 ELF,NKR,NQR,NPR 1988~98 SKV",4,956,SKV,8-97024-297-0,Москва
2026-03-25 09:00:03,"Рабочий цилиндр сцепления 1"" 8-97032-847-1 NQR,NPR,NKR,ELF6.5T,7.9T 1994~ SKV",26,869,SKV,8-97032-847-1,Москва
2026-03-25 09:00:03,"Рабочий цилиндр сцепления 1"" 8-98004-780-1/8-98004-780-0/8-97349-423-0 N-series SKV",5,913,SKV,8-98004-780-1,Москва
2026-03-25 09:00:03,"Рабочий цилиндр сцепления 11/16"" 30620-V6370 NISSAN F23 92~ Y",1,1078,Yamasida,30620-V6370,Москва
2026-03-25 09:00:03,"Рабочий цилиндр сцепления 3/4"" 30620-0T003 ATLAS,CABSTARF23,H41 1993~96 Y",1,1452,Yamasida,30620-0T003,Москва
2026-03-25 09:00:03,"Рабочий цилиндр сцепления 3/4"" 30620-0T021 ATLAS,CABSTARF23,H41 1995~98 SKV",5,835,SKV,30620-0T021,Москва
2026-03-25 09:00:03,"Рабочий цилиндр сцепления 3/4"" 31470-37040 DYNABU212,222,COASTERBB50,58 1996~ SKV",1,961,SKV,31470-37040,Москва
2026-03-25 09:00:03,"Рабочий цилиндр сцепления 3/4"" 31470-37080 HINO300/DYNA/TOYOACE XZU411,382,40#,41#,42#,430 02~ SKV",2,993,SKV,31470-37080,Москва
2026-03-25 09:00:03,"Рабочий цилиндр сцепления 3/4"" S093-41-920 MAZDA RF/R2 Y",3,768,Yamasida,S093-41-920,Москва
2026-03-25 09:00:03,Рабочий цилиндр сцепления 41700-5H000 HYUNDAI HD65/HD72/HD78 SKV,6,1223,SKV,41700-5H000,Москва
2026-03-25 09:00:03,Рабочий цилиндр сцепления 41700-5K500 LP-5601 HYUNDAI HD65/HD72/HD78 Y,40,1399,Yamasida,41700-5K500,Москва
2026-03-25 09:00:03,Рабочий цилиндр сцепления 8-98040-043-1 NPR75/NLR85/NQR90 SKV,24,923,SKV,8-98040-043-1,Москва
2026-03-25 09:00:03,Рабочий цилиндр сцепления D-128081 / 504303304 Iveco Дизель,3,5009,Дизель,D-128081,Москва
2026-03-25 09:00:03,"Рабочий цилиндр сцепления ME609069 7/8"" CANTER FE435 SKV",6,1197,SKV,ME609069,Москва
2026-03-25 09:00:03,Радиатор 752W06100-0002 HOWO ORIG,1,23995,Howo,752W06100-0002,Москва
2026-03-25 09:00:03,Радиатор D-128166 / 752W06100-0002 HOWO Дизель,1,19008,Дизель,D-128166,Москва
2026-03-25 09:00:03,Радиатор QY012370/ME418713 Fuso Canter TF ORIG,1,71733,Mitsubishi,QY012370,Москва
2026-03-25 09:00:03,Радиатор интеркулера 752W06100-0003 HOWO ORIG,1,19307,Howo,752W06100-0003,Москва
2026-03-25 09:00:03,Радиатор интеркулера D-128167 / 752W06100-0003 HOWO Дизель,1,16052,Дизель,D-128167,Москва
2026-03-25 09:00:03,Радиатор кондиционера 8107120LE010 JAC N80/90/120 Камаз Компас-9 ORIG,1,5561,JAC,8107120LE010,Москва
2026-03-25 09:00:03,Радиатор кондиционера D-125965 / 8105100Y5CH4 JAC N350 Дизель,3,6206,Дизель,D-125965,Москва
2026-03-25 09:00:03,Радиатор кондиционера D-126585 / 712W61942-0642 Howo/Sitrak C7H Дизель,1,4538,Дизель,D-126585,Москва
2026-03-25 09:00:03,Радиатор кондиционера D-127709 / 8105300LE09003 JAC N120 LE35S Дизель,1,14324,Дизель,D-127709,Москва
2026-03-25 09:00:03,Радиатор кондиционера D-127907 / DZ13241824370 SHACMAN X3000/F3000 2017- Дизель,1,3755,Дизель,D-127907,Москва
2026-03-25 09:00:03,Радиатор основной D-126273/1-21410-932-3/IS-0110-53 867*718*56 C-series RHD 2010-2018 6WG1 Дизель,1,30679,Дизель,D-126273,Москва
2026-03-25 09:00:03,Радиатор основной D-126280/ME406849/MI-0138-48-К FUSO 6D17/6D16/6M61 92-99 Дизель,2,14842,Дизель,D-126280,Москва
2026-03-25 09:00:03,Радиатор основной D-128030 / RZ-8250 / 8982168250 / 1214109320 870x718 RHD ISUZU C-ser 07-08 Дизель,1,25494,Дизель,D-128030,Москва
2026-03-25 09:00:03,Радиатор основной D-128064/12779/PL041332A; 575x638x40; HINO RANGER; 16090-6450/16090-6060 Дизель,1,14975,Дизель,D-128064,Москва
2026-03-25 09:00:03,Радиатор отопителя 812W61942-0096 HOWO ORIG,1,7024,Howo,812W61942-0096,Москва
2026-03-25 09:00:03,Радиатор охлаждения 1301011W5030/1301010W5030 JAC N35 ORIG,1,15938,JAC,1301011W5030,Москва
2026-03-25 09:00:03,Радиатор охлаждения двигателя D-125277 / 8-97371-010-0 4HF1 NQR71 Дизель,1,17434,Дизель,D-125277,Москва
2026-03-25 09:00:03,Радиатор охлаждения двигателя D-125969 / 16400-78612 / 16400-78613 600х558 DYNA/DUTRO 2010- Дизель,1,9813,Дизель,D-126285,Москва
2026-03-25 09:00:03,"Радиатор охлаждения двигателя D-127354 / 1769999 / 1784615 Scania P,G,R,T- series Дизель",3,17735,Дизель,D-127354,Москва
2026-03-25 09:00:03,Радиатор охлаждения двигателя с интеркулером D-126586 / 712W06100-0065 / wg9925530136+wg9925530137 Sitrak C7H Дизель,1,40390,Дизель,D-126586,Москва
2026-03-25 09:00:03,Радиатор теплообменника (маслоохладителя) 8-97334-100-2 4HK1 Евро3 ORIG,1,27237,Isuzu,8-97334-100-2,Москва
2026-03-25 09:00:03,Радиатор теплообменника 8-98062-207-0/8-98063-861-0 6HK1 Евро3/4 FVR34 ORIG,4,32802,Isuzu,8980622070,Москва
2026-03-25 09:00:03,Рама инструментальной панели MK569093 Fuso Canter ORIG,2,6133,Mitsubishi,MK569093,Москва
2026-03-25 09:00:03,Рамка фары противотуманной правая 2803211U1510 S5 JAC ORIG,1,99,JAC,2803211U1510,Москва
2026-03-25 09:00:03,Рампа топливная 31400-4A900 HD78 D4CC/D4CB ORIG,1,57473,Hyundai-Kia,31400-4A900,Москва
2026-03-25 09:00:03,Рампа топливная 612630080038 JAC N350 WP10 E-5 ORIG,1,20146,JAC,612630080038,Москва
2026-03-25 09:00:03,Рампа топливная 8-98239-520-0/1 FVR34 E-5 ORIG,4,100414,Isuzu,8-98239-520-0,Москва
2026-03-25 09:00:03,Рампа топливная D-126924 / 5335558 JAC N120/Камаз Cummins ISF3.8 Е-5 Дизель,1,14781,Дизель,D-126924,Москва
2026-03-25 09:00:03,Распредвал 1000053886 JAC N350 WP10 E-5 ORIG,2,13139,JAC,1000053886,Москва
2026-03-25 09:00:03,Распредвал 24110-42501 HYUNDAI PORTER ORIG,3,6579,Hyundai-Kia,24110-42501,Москва
2026-03-25 09:00:03,Распредвал 8-98233-214-1/8-98233-214-0 F-series 6HK1 ORIG,2,69988,Isuzu,8-98233-214-1,Москва
2026-03-25 09:00:03,Распредвал D-125154 / 13501-1620/S1350-11620 HINO 500 J08E Дизель,1,17271,Дизель,D-125154,Москва
2026-03-25 09:00:03,Распредвал D-125275 / 13501-E0270 J08E HINO 500 Euro 4 Дизель,1,19249,Дизель,D-125275,Москва
2026-03-25 09:00:03,Распредвал D-125971 / 1000053886 JAC N350 WP10 E-5 Дизель,1,11131,Дизель,D-125971,Москва
2026-03-25 09:00:03,Распредвал D-126289 / 8-97077-829-0 L=555mm N series 4HF1 4HE1 4HH1 Дизель,1,8332,Дизель,D-126289,Москва
2026-03-25 09:00:03,Распредвал D-126588 / 200-04400-6050 MC11 Sitrak C7H Дизель,1,15317,Дизель,D-126588,Москва
2026-03-25 09:00:03,Распредвал D-128853 / 13501-E0270 HINO500 Euro 4 J08E Дизель,3,13252,Дизель,D-128853,Москва
2026-03-25 09:00:03,Распредвал D-129475 / 1006016A81D FAW CA6DM2 Дизель,1,10602,Дизель,D-129475,Москва
2026-03-25 09:00:03,Распредвал D-130752 / 4988630 JAC N120/Камаз Cummins ISF3.8 Е-5 Дизель,2,7389,Дизель,D-130752,Москва
2026-03-25 09:00:03,Распылитель D-128528 / DLLA150SND238 / 093400-2380 HIN F17D Дизель,2,649,Дизель,D-128528,Москва
2026-03-25 09:00:03,Распылитель D-128529 / DLLA142SN582 / 105015-5820 HIN H07C Дизель,2,649,Дизель,D-128529,Москва
2026-03-25 09:00:03,Распылитель D-128530 / DLLA154PN147 / 105017-1470 IS 4HF1 4HG1 4HJ1 Дизель,2,790,Дизель,D-128530,Москва
2026-03-25 09:00:03,Распылитель D-128531 / DLLA160P50 / 093400-5500 MMC 4D31 4D32 4D33 Дизель,2,767,Дизель,D-128531,Москва
2026-03-25 09:00:03,Распылитель D-128559 / DLLA160SM021 / ME738606 / 105025-0210 MMC Дизель,2,649,Дизель,D-128559,Москва
2026-03-25 09:00:03,Распылитель D-128561 / DLLA150SN917 / 105015-9170 NIS FE6 Дизель,2,649,Дизель,D-128561,Москва
2026-03-25 09:00:03,Распылитель D-128945 / DLLA161PN109 / 105017-1090 ISUZU 6HE1 Дизель,2,767,Дизель,D-128945,Москва
2026-03-25 09:00:03,Распылитель D-128949 / DN0SD2110 / 105000-1650 / 0434250009 MMC 4D30 Дизель,2,546,Дизель,D-128949,Москва
2026-03-25 09:00:03,Распылитель D-128950 / DLLA157P641 / 093400-6410 MMC 4D33 4D35 Дизель,2,767,Дизель,D-128950,Москва
2026-03-25 09:00:03,Распылитель D-130019 / DLLA150SND154 / 093400-1540 HIN EF550/750 Дизель,6,649,Дизель,D-130019,Москва
2026-03-25 09:00:03,Распылитель D-130020 / DLLA150SND229 / 093400-2292 HIN H07C-T Дизель,2,649,Дизель,D-130020,Москва
2026-03-25 09:00:03,Распылитель D-130021 / DLLA155SND234 / 093400-2340 HINO W04D Дизель,2,441,Дизель,D-130021,Москва
2026-03-25 09:00:03,Распылитель D-130043 / DLLA150S424N470 / 105015-4700 HINO EF750/550 Дизель,2,790,Дизель,D-130043,Москва
2026-03-25 09:00:03,Распылитель D-130045 / DLLA158SN638 / 105015-6380 NISSAN FE6B Дизель,1,649,Дизель,D-130045,Москва
2026-03-25 09:00:03,"Распылитель D-130047 / DLLA150SN702 / 105015-7020 HINO K13C, K13D Дизель",4,462,Дизель,D-130047,Москва
2026-03-25 09:00:03,Распылитель D-130049 / DLLA160SN731 / 105015-7310 MMC 8DC8 Дизель,2,649,Дизель,D-130049,Москва
2026-03-25 09:00:03,Распылитель D-130050 / DLLA150SN739 / 105015-7390 HIN V22C Дизель,8,462,Дизель,D-130050,Москва
2026-03-25 09:00:03,Распылитель D-130052 / 105015-7550 / DLLA155SN755 MMC 6D14 Дизель,2,649,Дизель,D-130052,Москва
2026-03-25 09:00:03,Распылитель D-130054 / 105015-7890 / DLLA155SN789 NIS FE6 Дизель,2,649,Дизель,D-130054,Москва
2026-03-25 09:00:03,Распылитель D-130056 / DLLA160SN822 / 105015-8221 / 9 432 612 357 MMC 6D40 Дизель,4,373,Дизель,D-130056,Москва
2026-03-25 09:00:03,Распылитель D-130058 / DLLA160SN827 / 105015-8270 HIN Дизель,2,649,Дизель,D-130058,Москва
2026-03-25 09:00:03,Распылитель D-130059 / DLLA148SN841 / 105015-8410 NIS PF6 Дизель,4,609,Дизель,D-130059,Москва
2026-03-25 09:00:03,Распылитель D-130060 / DLLA160SN844 / 105015-8440 MMC 8DC10 Дизель,5,675,Дизель,D-130060,Москва
2026-03-25 09:00:03,Распылитель D-130061 / DLLA154SN847 / ME26981 / 105015-8470 MMC 6D15T Дизель,4,717,Дизель,D-130061,Москва
2026-03-25 09:00:03,Распылитель D-130064 / DLLA150SN867 / 105015-8670 HIN K13D Дизель,2,649,Дизель,D-130064,Москва
2026-03-25 09:00:03,Распылитель D-130065 / DLLA150SN868 / 105015-8680 HIN Дизель,2,649,Дизель,D-130065,Москва
2026-03-25 09:00:03,Распылитель D-130066 / DLLA150SN871 / 105015-8710 HIN F20C Дизель,2,642,Дизель,D-130066,Москва
2026-03-25 09:00:03,Распылитель D-130069 / DLLA150SN902 / 105015-9020 HIN F17E Дизель,2,649,Дизель,D-130069,Москва
2026-03-25 09:00:03,Распылитель D-130070 / DLLA156SN921 / 105015-9210 HIN V25C Дизель,2,790,Дизель,D-130070,Москва
2026-03-25 09:00:03,Распылитель D-130072 / DLLA154PN007 / 105017-0070 Дизель,2,790,Дизель,D-130072,Москва
2026-03-25 09:00:03,"Распылитель D-130074 / DLLA154PN049 / 105017-0490 IS 6BD1,6BG1 Дизель",2,824,Дизель,D-130074,Москва
2026-03-25 09:00:03,Распылитель D-130075 / DLLA154PN061 / 105017-0610 IS 4BE1 Дизель,2,790,Дизель,D-130075,Москва
2026-03-25 09:00:03,Распылитель D-130077 / DLLA157PN090 / 105017-0900 NIS BD30 Дизель,2,790,Дизель,D-130077,Москва
2026-03-25 09:00:03,"Распылитель D-130078 / DLLA156PN121 / 105017-1210 IS 4HF1 ELF NPR66, NKR66 90-92 Дизель",2,790,Дизель,D-130078,Москва
2026-03-25 09:00:03,Распылитель D-130080 / DLLA155PN198 / 105017-1980 NIS FE6 Дизель,2,791,Дизель,D-130080,Москва
2026-03-25 09:00:03,Распылитель D-130082 / DLLA157SM051 / 105019-0371 MMC 6D17 Дизель,3,649,Дизель,D-130082,Москва
2026-03-25 09:00:03,Распылитель D-130085 / NP-DLLA158SM073 / 105025-0730 / 105015-0730 / 16620-97077 NIS RH10E Дизель,2,671,Дизель,D-130085,Москва
2026-03-25 09:00:03,Распылитель HIN EP100-T D-130048 / DLLA150SN722 / 105015-7220 Дизель,2,649,Дизель,D-130048,Москва
2026-03-25 09:00:03,Распылитель IS D-130041 / 9432610021 / 105000-1770 / 093400-1630 / DN0SD177 Дизель,2,564,Дизель,D-130041,Москва
2026-03-25 09:00:03,Распылитель NIS RE8 DLLA155SN858/105015-8580 ZEXEL,8,4131,Zexel,105015-8580,Москва
2026-03-25 09:00:03,"Распылитель NP-DLLA150SM105 105025-1050/105019-2220/-0670 23640-2440/23660-1580 F17D,P11C MIRAI",4,852,JMC,NP-DLLA150SM105,Москва
2026-03-25 09:00:03,Распылитель NP-DLLA152PN112 Zexel,6,2513,Zexel,105015-7580,Москва
2026-03-25 09:00:03,"Распылитель NP-DLLA156SM200 105025-2000 1-51311-286-0 10PE1,12PE1 MIRAI /=DLLA154SM009/ / 6032",2,747,Mirai,DLLA156SM200,Москва
2026-03-25 09:00:03,Распылитель NP-DLLA157SM051 105019-0371/105025-0510/9661 ME738924/ME738459 6D17 MIRAI / 6148,2,791,JMC,NP-DLLA157SM051,Москва
2026-03-25 09:00:03,Распылитель TOY 14B D-130024 / DLLA150P59 / 093400-5590/0 433 171 059 Дизель,1,790,Дизель,D-130024,Москва
2026-03-25 09:00:03,Распылитель ZEXEL/FUSO 6D16/1050158480; 105015-8480; ME726982,6,944,Zevs,064-01-0092,Москва
2026-03-25 09:00:03,Распылитель ZEXEL/HINO F20C / NP-DLLA150SM018; 105019-0550; 105025-0180 / 1050190550; 105019-0550; 1,8,718,Zevs,9 432 610 809,Москва
2026-03-25 09:00:03,Распылитель ZEXEL/ISUZU 4BD1/ISUZU 6BG1/ISUZU 6BD1/ISUZU 4BG1 / / дубликат / NP-DLLA158SN869; 10501,4,808,Zevs,NP-DLLA158SN869,Москва
2026-03-25 09:00:03,Распылитель ZEXEL/UD PF6T / 1050159630; 105015-9630; 1050159632; 105015-9632; 1050190471; 105019-0471; 1662096575; 16620-96575 / NP-DLLA161SN963; 105015-9630; 105015-9632; 105019-0471 /,1,614,Zevs,105015-9630,Москва
2026-03-25 09:00:03,"Распылитель маслянной системы КПП 8-97487-643-0/1-33219-272-0 C,E-series ORIG",2,788,Isuzu,8-97487-643-0,Москва
2026-03-25 09:00:03,Распылитель форсунки D-127509 / L203PBA HOWO E-2 Дизель,4,1187,Дизель,D-127509,Москва
2026-03-25 09:00:03,Распылитель форсунки D-127510 / DLLA155P179 HOWO E-2 Дизель,4,1040,Дизель,D-127510,Москва
2026-03-25 09:00:03,Распылитель форсунки D-130604 / DLLA150P193 FAW CA6DL2-35 Дизель,6,596,Дизель,D-130604,Москва
2026-03-25 09:00:03,Регулятор давления воздуха D-129476 / A-4740-1 JAC N350 Дизель,1,4045,Дизель,D-129476,Москва
2026-03-25 09:00:03,"Регулятор давления пневмосистемы тормозов D-127837 / HDE-022 / 44530-1301 HINO 6,0-7,0kg Дизель",1,1318,Дизель,D-127837,Москва
2026-03-25 09:00:03,"Регулятор давления пневмосистемы тормозов D-127838 / HDE-024 /47540-90061 NISSAN UD 7,0-8,5kg Дизель",4,1243,Дизель,D-127838,Москва
2026-03-25 09:00:03,"Регулятор давления пневмосистемы тормозов D-127840 / HDE-026 /MC808718 FUSO 6,8-8,0/7.0-8.2kg Дизель",1,1145,Дизель,D-127840,Москва
2026-03-25 09:00:03,"Регулятор давления пневмосистемы тормозов D-128232 / HDE-020 /44530-1160 HINO D20mm 7,0-8,5kg Дизель",1,1445,Дизель,D-128232,Москва
2026-03-25 09:00:03,"Регулятор давления пневмосистемы тормозов D-129563 / HDE-023 / 44530-1360 D13mm 7,5-8,5kg Дизель",1,1512,Дизель,D-129563,Москва
2026-03-25 09:00:03,Регулятор давления топлива D-126927 / 5298424 JAC N120/Камаз Cummins ISF3.8 Е-5 Дизель,1,4873,Дизель,D-126927,Москва
2026-03-25 09:00:03,Регулятор давления топлива D-127792 / 23280-E0090 HINO700 Дизель,1,2613,Дизель,D-127792,Москва
2026-03-25 09:00:03,Регулятор давления топлива ТНВД D-126395 / 8-98145-449-1 FVR34 Дизель,3,7642,Дизель,D-126395,Москва
2026-03-25 09:00:03,Регулятор света D-128466 / WG9918580039 HOWO T5G Дизель,1,1485,Дизель,D-128466,Москва
2026-03-25 09:00:03,Регулятор тормозных сил 59410-4F000 HYUNDAI PORTER II ORIG,1,8501,Hyundai-Kia,59410-4F000,Москва
2026-03-25 09:00:03,Регулятор тормозных сил с воздухораспределением 4757120007 WABCO,1,20691,Wabco,4757120007,Москва
2026-03-25 09:00:03,Редуктор в сборе BB19320040 JAC N35 ORIG,1,35995,JAC,BB19320040,Москва
2026-03-25 09:00:03,Редуктор в сборе MK611243 Fuso Canter TF E-5 ORIG,1,567435,Mitsubishi,MK611243,Москва
2026-03-25 09:00:03,Редуктор заднего моста BB32410030-B N75 JAC ORIG,2,63134,JAC,BB32410030-B,Москва
2026-03-25 09:00:03,Редуктор моста заднего в сборе D-125973 / HFF2402100CK2BZ4(D) JAC N350 Дизель,1,137720,Дизель,D-125973,Москва
2026-03-25 09:00:03,Редуктор рулевой D-126291 / 8-97305-047-6 N-series Дизель,1,33141,Дизель,D-126291,Москва
2026-03-25 09:00:03,"Резистор блока управления двигателя D-128145 / 8-97357-613-0 C,F,N- series Дизель",1,1245,Дизель,D-128145,Москва
2026-03-25 09:00:03,Резистор отопителя (4 контакта) D-124993 / 1-83519-092-0 / 1-83519-073-0 Дизель,1,1154,Дизель,D-124993,Москва
2026-03-25 09:00:03,Резистор отопителя D-126928 / 8114030LE010 JAC N75/N80/N120 Камаз Компас-9/12 Дизель,1,774,Дизель,D-126928,Москва
2026-03-25 09:00:03,"Резистор противотуманной фары L 8-98225-337-1 F,N-series ORIG",2,4884,Isuzu,8-98225-337-1,Москва
2026-03-25 09:00:03,Реле D-125974 / 3735990LE010 JAC N350 Дизель,1,662,Дизель,D-125974,Москва
2026-03-25 09:00:03,Реле D-125975 / 95241-8C000 5-ти контактное JAC N350 Дизель,1,297,Дизель,D-125975,Москва
2026-03-25 09:00:03,Реле D-125977 / 95242-Y3B00 JAC N350 Дизель,1,298,Дизель,D-125977,Москва
2026-03-25 09:00:03,Реле блока управления ДВС 24V 5-ти конт. 3735910D8CU0 JAC N120 Камаз Компас-12 ORIG,1,330,JAC,3735910D8CU0,Москва
2026-03-25 09:00:03,Реле втягивающее 8-98285-039-0 (для стартера 8982616690) F-series ORIG,1,9392,Isuzu,8-98285-039-0,Москва
2026-03-25 09:00:03,Реле нагрузки (5 конт.) D-130584 / 81.25902.0459 SHACMAN F3000 Дизель,1,275,Дизель,D-130584,Москва
2026-03-25 09:00:03,Реле отопителя D-130682 / 81.25935.6706 SHACMAN Дизель,1,881,Дизель,D-130682,Москва
2026-03-25 09:00:03,Реле поворота D-128493 / 1-83470-060-0 / 066500-3720 / TH-S516 FSR/FTR 96~ Дизель,3,647,Дизель,D-128493,Москва
2026-03-25 09:00:03,Реле поворота для светодиод TH-S508L 25390-00Z09/25390-00890/25390-00Z01/1-81988007-8 ISUZU 24V 6P,2,1392,Yamasida,25390-00Z09,Москва
2026-03-25 09:00:03,Реле поворота для светодиодов D-127596 / THS303L / MB302374 /0665001800 /MB302381 CANTER 6/8T Дизель,3,306,Дизель,D-127596,Москва
2026-03-25 09:00:03,Реле поворота для светодиодов TH-S516L 1-83470060-0/066500-3720 ISUZU FSR/FTR 96~ 24V 5P,2,1651,Yamasida,066500-3720,Москва
2026-03-25 09:00:03,Реле подогрева 36860-82000 HD120 ORIG,2,6251,Hyundai-Kia,36860-82000,Москва
2026-03-25 09:00:03,Реле света D-127511 / MC843786 / MC854954 / TH-R313V FUSO 24V 3P Дизель,1,276,Дизель,D-127511,Москва
2026-03-25 09:00:03,Реле света D-128504 / 8-97063-440-2 / TH-R518V ISUZU 24V 5P Дизель,3,258,Дизель,D-128504,Москва
2026-03-25 09:00:03,Реле света D-129110 / TH-R724V / 90987-02007 / 056700-0730 WU30 DYNA 24V 4P BU3#6#7#8#9# 84~ Дизель,1,326,Дизель,D-129110,Москва
2026-03-25 09:00:03,Реле света DYNA 24V 4P TH-R711V BU3#6#7#8#9# 90987-02005/056700-6630/90987-02003 84 Y,2,459,Yamasida,90987-02005,Москва
2026-03-25 09:00:03,Реле света DYNA/TOYOACE 24V 4P TH-R708V/90987-03002 BU6#7#8#9#XZU130/140 84~99 Y,2,549,Yamasida,90987-03002,Москва
2026-03-25 09:00:03,Реле света FUSO 24V 4P TH-R315(V) 8972649470/2738102-A Y,5,1175,Yamasida,8-97264-947-0,Москва
2026-03-25 09:00:03,Реле света FUSO 24V 4P TH-R317 MC897148 Y,1,913,Yamasida,MC897148,Москва
2026-03-25 09:00:03,Реле света FUSO 24V 4P TH-R507 85920-1610/85920-1810 !,2,544,Yamasida,85920-1610,Москва
2026-03-25 09:00:03,Реле света FUSO 24V 5P TH-R323 MC898884 Y,2,661,Yamasida,MC898884,Москва
2026-03-25 09:00:03,Реле света HINO 24V 4P 20A TH-R706BV 85920-2660/156700-2310 Y,1,405,Yamasida,85920-2660,Москва
2026-03-25 09:00:03,Реле света HINO 24V 4P TH-R508 85920-2370/056800-1930 Y,2,1084,Yamasida,85920-2370,Москва
2026-03-25 09:00:03,Реле света HINO 24V 4P TH-R510 85920-1620 Y,2,703,Yamasida,85920-1620,Москва
2026-03-25 09:00:03,Реле света HINO 24V 4P TH-R512 056700-8170,1,920,Yamasida,056700-8170,Москва
2026-03-25 09:00:03,Реле света HINO 24V 4P TH-R527 85920-1200A/056700-5370 !,2,679,Yamasida,85920-1200A,Москва
2026-03-25 09:00:03,Реле света HINO 24V 4P TH-R528 88630-E0060/156700-3850 Y,2,449,Yamasida,156700-3850,Москва
2026-03-25 09:00:03,Реле света HINO 24V 5P TH-R505 85920-1510/056700-7341 Y,6,733,Yamasida,85920-1510,Москва
2026-03-25 09:00:03,Реле света HINO 24V 5P TH-R509 85920-1470/056700-6922,1,842,Yamasida,85920-1470,Москва
2026-03-25 09:00:03,Реле света ISUZU 24V 4P TH-R516 1-82550146-0/25550-Z5001/1-82250176-0 Y,1,593,Yamasida,1-82550-146-0,Москва
2026-03-25 09:00:03,Реле света ISUZU CXz 24V 4P TH-R530 1-82550176-0/MR5L223A2K Y,2,524,Yamasida,1-82550-176-0,Москва
2026-03-25 09:00:03,Реле света ISUZU/NISSAN/KOMATSU 24V 5P TH-R514 8-94118912-0/25550-Z5002 22W-0613450 Y,13,657,Yamasida,8-94118-912-0,Москва
2026-03-25 09:00:03,Реле света MITSIBISHI 24V 4P TH-R314V MC867657 Y,2,590,Yamasida,MC867657,Москва
2026-03-25 09:00:03,Реле света NISSAN UD 24V 4P TH-R504 25230-01500/25230-01J00 Y,2,1084,Yamasida,25230-01500,Москва
2026-03-25 09:00:03,Реле света TH-R317A / MC897148 / MC856360 24V 4P Yamasida,3,604,Yamasida,TH-R317A,Москва
2026-03-25 09:00:03,Реле сигнализац. разрыва провода 1В24937500005 Fot,3,71,Foton,1В24937500005,Москва
2026-03-25 09:00:03,Реле стеклоочистителей 8-98233-976-0/8-98233-976-0 NPR/NLR/NMR/NQR/FVR34/FSR90 ORIG,1,1713,Isuzu,8-98233-976-0,Москва
2026-03-25 09:00:03,Реле стеклоочистителя D-125980 / 95240-88000 JAC N350 Дизель,1,203,Дизель,D-125980,Москва
2026-03-25 09:00:03,Реле стеклоочистителя D-129815 / MC843788 / 056700-6561 / MC846765 / TH-D311 FUSO 24V 5P Дизель,1,302,Дизель,D-129815,Москва
2026-03-25 09:00:03,Реле указателей поворота 81980-1680 ISUZU EXR/HINO 21T-35T TH-S308 Y,1,906,Yamasida,81980-1680,Москва
2026-03-25 09:00:03,Реле указателей поворота HINO 24/6P TH-S309/066500-5490/81980-1930 !,1,1998,Yamasida,066500-5490,Москва
2026-03-25 09:00:03,Реле указателей поворота HINO 24V 5P TH-S306 81980-1650/066500-3570,2,1014,Yamasida,066500-3040,Москва
2026-03-25 09:00:03,Реле указателей поворота TH-S305 MMC FUSO 24V 5P MC848790/066500-2080/MC849878 Y,1,1331,Yamasida,MC848790,Москва
2026-03-25 09:00:03,Реле указателей поворота TH-S508/1-81988-007-8 ISUZU/UD CW-520 Y,2,1721,Yamasida,1-81988-007-8,Москва
2026-03-25 09:00:03,Реле указателей поворота TOYOTA 24/5P TH-S712/066500-5280/81980-37140,1,1492,Yamasida,81980-37140,Москва
2026-03-25 09:00:03,Реле указателей поворота TOYOTA 24/5P TH-S713/066500-4610/81980-37080 Y,2,1689,Yamasida,066500-4610,Москва
2026-03-25 09:00:03,"Реле универсальное 24V 30A 8-98259-779-0/8-97833-987-0 F,N-series ORIG",1,2258,Isuzu,8-98259-779-0,Москва
2026-03-25 09:00:03,Реле универсальное 24V 5P 90987-04002B/056700-6780,1,237,Дизель,90987-04002B,Москва
2026-03-25 09:00:03,Реле универсальное TH-R904V/142016021 24V 4P 40A,1,302,Yamasida,142016021,Москва
2026-03-25 09:00:03,Ремень 0K88R-12205 (аналог) BONGO III 2.9 !,1,1572,JMC,0K88R-12205,Москва
2026-03-25 09:00:03,Ремень генератора 28341 Iveco Lemfoerder,1,1242,Lemforder,283 4101,Москва
2026-03-25 09:00:03,Ремень генератора 4PK1075 1867489397/28341/500352673/4PK1070 Iveco Lemfoerder,1,298,Lemforder,283 4101,Москва
2026-03-25 09:00:03,Ремень 500301260/17A1220HD Iveco,1,806,Iveco,17A1220HD,Москва
2026-03-25 09:00:03,Ремень 8PK2745/1025018FE010 / 1025018FE130 JAC N56 ORIG,2,2853,JAC,1025018FE010,Москва
2026-03-25 09:00:03,Ремень генератора 8PK952Iveco,1,596,JMC,8PK952,Москва
2026-03-25 09:00:03,Ремень L=1150 HOWO,2,181,Howo,L=1150,Москва
2026-03-25 09:00:03,Ремень вентилятора 1-13671-463-1 / 1-87610-236-0 (2шт) CYZ51K EURO3 6WF1 ORIG,3,7229,Isuzu,1-13671-463-1,Москва
2026-03-25 09:00:03,Ремень вентилятора 1-87610-072-0 / 1-87610-236-0 / 1-13671-463-1 (2шт) CYZ51K EURO3 6WF1 ORIG CHINA,2,3854,Isuzu,1-87610-236-0,Москва
2026-03-25 09:00:03,Ремень вентилятора 5-87610-098-0/8-97180-199-1/5-87610-261-0 (2шт) N-series ORIG,5,1452,Isuzu,5-87610-261-0,Москва
2026-03-25 09:00:03,Ремень вентилятора D-126424 / 1-13671-463-1 2 шт CYZ51K (8570) EURO3 6WF1 Дизель,1,1164,Дизель,D-126424,Москва
2026-03-25 09:00:03,Ремень вентилятора D-126776 / VG1500060228 13*1125 HOWO Дизель,4,416,Дизель,D-126776,Москва
2026-03-25 09:00:03,Ремень вентилятора D-129481 / 1308032-630-114BA AV13*1233 FAW Дизель,6,505,Дизель,D-129481,Москва
2026-03-25 09:00:03,Ремень вентилятора D-129482 / 1308032-M10-01085 17*1029 FAW Дизель,5,680,Дизель,D-129482,Москва
2026-03-25 09:00:03,Ремень вентилятора D-130585 / 10PK1045 / 612600061360 SHACMAN WP10 WP12 Дизель,2,754,Дизель,D-130585,Москва
2026-03-25 09:00:03,"Ремень генератора 12.1.33.0428 / V13x830La SuperSnow, Optibelt",4,1519,Optibelt,12.1.33.0428,Москва
2026-03-25 09:00:03,Ремень генератора D-126777 / 3701013-600-0263 13*1150 FAW J6 E-5 Дизель,2,356,Дизель,D-126777,Москва
2026-03-25 09:00:03,Ремень генератора D-129484 / 8PK795 / 6612600090600 SHACMAN WP10 Дизель,3,646,Дизель,D-129484,Москва
2026-03-25 09:00:03,Ремень генератора HINO300 SZ910-49326 / 0520131275 / 0131275SX / 541403 13х1275 Е-4 Abby Belt,3,354,Abby Belt,SZ910-49326,Москва
2026-03-25 09:00:03,Ремень генератора приводной 5-87610-056-0/8-98038-423-0/5-87610-264-0 NPR75 ORIG CHINA,14,1325,Isuzu,5-87610-056-0,Москва
2026-03-25 09:00:03,Ремень генератора приводной 8-98038-423-0/5-87610-056-0/5-87610-264-0 NPR75 ORIG,2,1758,Isuzu,8-98038-423-0,Москва
2026-03-25 09:00:03,Ремень генератора приводной D-127600 / 8-98038-423-0/7PK1121/5-87610-056-0 ISUZU NPR75 Дизель,4,307,Дизель,D-127600,Москва
2026-03-25 09:00:03,Ремень генератора/помы приводной 5-87610-100-0/5-87610-262-0 NLR85 4JJ1 L=1006мм ORIG,4,1353,Isuzu,5-87610-100-0,Москва
2026-03-25 09:00:03,Ремень ГРМ 94484/174SP+280H,5,973,Dayco,94484,Москва
2026-03-25 09:00:03,Ремень клиновой 500301260 Iveco Orig !,1,1656,Iveco,5 0030 1260,Москва
2026-03-25 09:00:03,Ремень компрессора 0520131500/PR101017/BL13X1500/MPMF6590/VB0802 1500*13*10 HD78/NQR71/75/NPR75,5,216,Abby Belt,0520131500,Москва
2026-03-25 09:00:03,"Ремень компрессора 12.1.33.0412 / V13x1415La SuperSnow, Optibelt",84,1319,Optibelt,12.1.33.0412,Москва
2026-03-25 09:00:03,"Ремень компрессора кондиционера 1-87610-185-0 L=1594 6WF1 C,E-series ORIG",12,932,Isuzu,1-87610-185-0,Москва
2026-03-25 09:00:03,Ремень компрессора кондиционера 5-87610-054-0/8-98010-841-1 NPR75/NQR90 ORIG CHINA,17,917,Isuzu,5876100540,Москва
2026-03-25 09:00:03,Ремень компрессора кондиционера 8-97605-102-0 L=1114 FVR34 ORIG,11,1174,Isuzu,8-97605-102-0,Москва
2026-03-25 09:00:03,Ремень компрессора кондиционера 8-98010-841-1 NPR75/NQR90 ORIG,15,1389,Isuzu,8-98010-841-1,Москва
2026-03-25 09:00:03,"Ремень кондиционера D-130442 / 5801395970 IVECO, HONGYAN Дизель",1,847,Дизель,D-130442,Москва
2026-03-25 09:00:03,Ремень крепления топливного бака 8-98202-448-0 L=1210 ORIG,1,6483,Isuzu,8-98202-448-0,Москва
2026-03-25 09:00:03,Ремень поликлиновой D-126706 / 10PK2470 / 1529222 / 1920231 L=2470mm SCANIA P/G/R/T-ser Дизель,14,990,Дизель,D-126706,Москва
2026-03-25 09:00:03,Ремень поликлиновой D-129050 / 4PK829 / 1307003-М10-01085 L=829mm FAW Дизель,6,359,Дизель,D-129050,Москва
2026-03-25 09:00:03,Ремень поликлиновой D-130488 / 8PK1920 / 200V96820-0345 L=1920mm HOWO T5G Дизель,2,1200,Дизель,D-130488,Москва
2026-03-25 09:00:03,Ремень поликлиновой ручейковый D-126932 / 8PK2256 / 1023021-36D L=2256mm FAW J6 Дизель,3,1012,Дизель,D-126932,Москва
2026-03-25 09:00:03,Ремень поликлиновой ручейковый D-126933 / 8PK2358 / 1023021-81D L=2358mm FAW J6 Дизель,4,1064,Дизель,D-126933,Москва
2026-03-25 09:00:03,Ремень приводной 080V96820-0243 HOWO ORIG,3,1186,Howo,080V96820-0243,Москва
2026-03-25 09:00:03,Ремень приводной 13*1250 Abby Belt,3,348,Abby Belt,13*1250,Москва
2026-03-25 09:00:03,Ремень приводной 13*1275 Abby Belt,2,354,Abby Belt,13*1275,Москва
2026-03-25 09:00:03,Ремень приводной 13*1425 Abby Belt,2,412,Abby Belt,13*1425,Москва
2026-03-25 09:00:03,Ремень приводной 13*1500 Abby Belt,2,428,Abby Belt,13*1500,Москва
2026-03-25 09:00:03,Ремень приводной 13*1650 Abby Belt,2,474,Abby Belt,13*1650,Москва
2026-03-25 09:00:03,Ремень приводной 2385 9.5*977.9 Abby Belt,4,158,Abby Belt,9.5*977.9,Москва
2026-03-25 09:00:03,Ремень приводной 2460 9.5*1168.4 Abby Belt,2,187,Abby Belt,9.5*1168.4,Москва
2026-03-25 09:00:03,Ремень приводной 25212-37111 (6РК2000) AFA HD3D-25-072 Istana !,2,551,JMC,25212-37111,Москва
2026-03-25 09:00:03,Ремень приводной 25215-42041/13*750 la Hyundai Porter/Starex D4BF Abby Belt,2,188,Abby Belt,25215-42041,Москва
2026-03-25 09:00:03,Ремень приводной 25231-45002/13*1196 la Hyundai HD65/72/78/COUNTY D4DD Abby Belt,1,522,Abby Belt,25231-45002,Москва
2026-03-25 09:00:03,Ремень приводной 3325/6325 13*825.5 Abby Belt,2,194,Abby Belt,13*825.5,Москва
2026-03-25 09:00:03,Ремень приводной 3330/6330 13*838.2 Abby Belt,2,195,Abby Belt,13*838.2,Москва
2026-03-25 09:00:03,Ремень приводной 3380/6380 13*965.2 Abby Belt,1,184,Abby Belt,13*965.2,Москва
2026-03-25 09:00:03,Ремень приводной 3390/6390 13*990.6 Abby Belt,4,229,Abby Belt,13*990.6,Москва
2026-03-25 09:00:03,Ремень приводной 3400/6400 13*1016 Abby Belt,1,209,Abby Belt,3400/6400,Москва
2026-03-25 09:00:03,Ремень приводной 3405/6405 13*1028.7 Abby Belt,4,232,Abby Belt,13*1028.7,Москва
2026-03-25 09:00:03,Ремень приводной 3415 13*1054.1 Abby Belt,2,252,Abby Belt,13*1054.1,Москва
2026-03-25 09:00:03,Ремень приводной 3420/6420 13*1066.8 Abby Belt,1,233,Abby Belt,3420/6420,Москва
2026-03-25 09:00:03,Ремень приводной 3430/6430 13*1092.2 Abby Belt,4,252,Abby Belt,13*1092.2,Москва
2026-03-25 09:00:03,Ремень приводной 3440/6440 13*1117.6 Abby Belt,4,257,Abby Belt,13*1117.6,Москва
2026-03-25 09:00:03,Ремень приводной 3445/6445 13*1130.3 Abby Belt,2,231,Abby Belt,13*1130.3,Москва
2026-03-25 09:00:03,Ремень приводной 3455/6455 13*1155.7 Abby Belt,1,177,Abby Belt,3455/6455,Москва
2026-03-25 09:00:03,Ремень приводной 3460/6460 13*1168.4 Abby Belt,2,201,Abby Belt,3460/6460,Москва
2026-03-25 09:00:03,Ремень приводной 3470/6470 13*1193.8 Abby Belt,3,266,Abby Belt,13*1193.8,Москва
2026-03-25 09:00:03,Ремень приводной 3485/6485 13*1231.9 Abby Belt,4,250,Abby Belt,13*1231.9,Москва
2026-03-25 09:00:03,Ремень приводной 3490/6490 13*1244.6 Abby Belt,6,277,Abby Belt,13*1244.6,Москва
2026-03-25 09:00:03,Ремень приводной 3495/6495 13*1257.3 Abby Belt,2,277,Abby Belt,13*1257.3,Москва
2026-03-25 09:00:03,Ремень приводной 3500/6500 13*1270 Abby Belt,2,288,Abby Belt,13*1270,Москва
2026-03-25 09:00:03,Ремень приводной 3550/6550 13*1397 Abby Belt,2,307,Abby Belt,13*1397,Москва
2026-03-25 09:00:03,Ремень приводной 3560/6560 13*1422.4 Abby Belt,4,317,Abby Belt,13*1422.4,Москва
2026-03-25 09:00:03,Ремень приводной 3605/6605 13*1536.7 Abby Belt,4,337,Abby Belt,13*1536.7,Москва
2026-03-25 09:00:03,Ремень приводной 3610/6610 13*1549.4 Abby Belt,2,341,Abby Belt,13*1549.4,Москва
2026-03-25 09:00:03,Ремень приводной 5395/8395 17*1003.3 Abby Belt,2,318,Abby Belt,17*1003.3,Москва
2026-03-25 09:00:03,Ремень приводной 5405/8405 17*1028.7 Abby Belt,1,325,Abby Belt,17*1028.7,Москва
2026-03-25 09:00:03,Ремень приводной 5410/8410 17*1041.4 Abby Belt,4,288,Abby Belt,5410/8410,Москва
2026-03-25 09:00:03,Ремень приводной 5415/8415 17*1054.1 Abby Belt,2,329,Abby Belt,17*1054.1,Москва
2026-03-25 09:00:03,Ремень приводной 5450/8450 17*1143 Abby Belt,6,343,Abby Belt,17*1143,Москва
2026-03-25 09:00:03,Ремень приводной 5455/8455 17*1155.7 Abby Belt,7,309,Abby Belt,17*1155.7,Москва
2026-03-25 09:00:03,Ремень приводной 5460/8460 17*1168.4 Abby Belt,2,370,Abby Belt,17*1168.4,Москва
2026-03-25 09:00:03,Ремень приводной 5465/8465 17*1181.1 Abby Belt,2,429,Abby Belt,17*1181.1,Москва
2026-03-25 09:00:03,Ремень приводной 5470/8470 17*1193.8 Abby Belt,4,320,Abby Belt,17*1193.8,Москва
2026-03-25 09:00:03,Ремень приводной 5475/8475 17*1206.5 Abby Belt,2,374,Abby Belt,17*1206.5,Москва
2026-03-25 09:00:03,Ремень приводной 5480/8480 17*1219.2 Abby Belt,2,375,Abby Belt,17*1219.2,Москва
2026-03-25 09:00:03,Ремень приводной 5510/8510 17*1295.4 Abby Belt,5,395,Abby Belt,17*1295.4,Москва
2026-03-25 09:00:03,Ремень приводной 5535/8535 17*1358.9 Abby Belt,1,361,Abby Belt,17*1358.9,Москва
2026-03-25 09:00:03,Ремень приводной 5580/8580 17*1473.2 Abby Belt,1,293,Abby Belt,5580/8580,Москва
2026-03-25 09:00:03,Ремень приводной 5620/8620 17*1574.8 Abby Belt,2,430,Abby Belt,17*1574.8,Москва
2026-03-25 09:00:03,Ремень приводной 6РК1245 4М51 Abby Belt,1,537,Abby Belt,6РК1245,Москва
2026-03-25 09:00:03,Ремень приводной 7PK1035 Abby Belt,2,607,Abby Belt,7PK1035,Москва
2026-03-25 09:00:03,Ремень приводной 7PK1104 Abby Belt,1,643,Abby Belt,7PK1104,Москва
2026-03-25 09:00:03,Ремень приводной 7PK1140 Abby Belt,2,602,Abby Belt,7PK1140,Москва
2026-03-25 09:00:03,Ремень приводной 9PK1155 Abby Belt,1,769,Abby Belt,9PK1155,Москва
2026-03-25 09:00:03,Ремень приводной D-126930 / 8PK1375 / 1023021-1085 / 1023021-M10-01085 FAW Дизель,1,903,Дизель,D-126930,Москва
2026-03-25 09:00:03,Ремень приводной D-127909 / 080V96820-0243 HOWO Дизель,2,787,Дизель,D-127909,Москва
2026-03-25 09:00:03,Ремень приводной D-127910 / 082V96820-1248 HOWO Дизель,2,473,Дизель,D-127910,Москва
2026-03-25 09:00:03,Ремень приводной D-129485 / 2420 9.5*1066.8 Дизель,2,186,Дизель,D-129485,Москва
2026-03-25 09:00:03,Ремень приводной D-129486 / 2430 9.5*1092.2 Дизель,8,194,Дизель,D-129486,Москва
2026-03-25 09:00:03,Ремень приводной D-129488 / 2470 9.5*1193.8 Дизель,2,167,Дизель,D-129488,Москва
2026-03-25 09:00:03,Ремень приводной D-129489 / 3240 /6240 13*609.6 Дизель,8,124,Дизель,D-129489,Москва
2026-03-25 09:00:03,Ремень приводной D-129490 / 3290 / 6290 13*736.6 Дизель,16,141,Дизель,D-129490,Москва
2026-03-25 09:00:03,Ремень приводной D-129491 / 3300 / 6300 13*762 Дизель,20,147,Дизель,D-129491,Москва
2026-03-25 09:00:03,Ремень приводной D-129493 / 3340 / 6340 13*863.6 Дизель,2,208,Дизель,D-129493,Москва
2026-03-25 09:00:03,Ремень приводной D-129494 / 3345 / 6345 13*876.3 Дизель,2,208,Дизель,D-129494,Москва
2026-03-25 09:00:03,Ремень приводной D-129495 / 3350 / 6350 13*889 Дизель,2,211,Дизель,D-129495,Москва
2026-03-25 09:00:03,Ремень приводной D-129496 / 3355 / 6355 13*901.7 Дизель,2,211,Дизель,D-129496,Москва
2026-03-25 09:00:03,Ремень приводной D-129497 / 3360 / 6360 13*914.4 Дизель,2,190,Дизель,D-129497,Москва
2026-03-25 09:00:03,Ремень приводной D-129498 / 3425 / 6425 13*1079.5 Дизель,1,243,Дизель,D-129498,Москва
2026-03-25 09:00:03,Ремень приводной D-129499 / 3435 / 6435 13*1104.9 Дизель,2,252,Дизель,D-129499,Москва
2026-03-25 09:00:03,Ремень приводной D-129501 / 3477 / 6477 13*1211.58 Дизель,16,209,Дизель,D-129501,Москва
2026-03-25 09:00:03,Ремень приводной D-129502 / 3480 / 6480 13*1219.2 Дизель,1,275,Дизель,D-129502,Москва
2026-03-25 09:00:03,Ремень приводной D-129503 / 3510 / 6510 13*1295.4 Дизель,2,231,Дизель,D-129503,Москва
2026-03-25 09:00:03,Ремень приводной D-129504 / 3525 / 6525 13*1333.5 Дизель,2,298,Дизель,D-129504,Москва
2026-03-25 09:00:03,Ремень приводной D-129505 / 3530 / 6530 13*1346.2 Дизель,1,241,Дизель,D-129505,Москва
2026-03-25 09:00:03,Ремень приводной D-129506 / 3540 / 6540 13*1371.6 Дизель,8,241,Дизель,D-129506,Москва
2026-03-25 09:00:03,Ремень приводной D-129507 / 3580 / 6580 13*1473.2 Дизель,4,260,Дизель,D-129507,Москва
2026-03-25 09:00:03,Ремень приводной D-129508 / 3590 / 6590 13*1498.6 Дизель,2,329,Дизель,D-129508,Москва
2026-03-25 09:00:03,Ремень приводной D-129510 / 3640 / 6640 13*1625.6 Дизель,2,282,Дизель,D-129510,Москва
2026-03-25 09:00:03,Ремень приводной D-129511 / 5380 / 8380 17*965.2 Дизель,2,307,Дизель,D-129511,Москва
2026-03-25 09:00:03,Ремень приводной D-129512 / 5425 / 8425 17*1079.5 Дизель,2,337,Дизель,D-129512,Москва
2026-03-25 09:00:03,Ремень приводной D-129513 / 5530 / 8530 17*1346.2 Дизель,2,331,Дизель,D-129513,Москва
2026-03-25 09:00:03,Ремень приводной D-129514 / 5560 / 8560 17*1422.4 Дизель,6,439,Дизель,D-129514,Москва
2026-03-25 09:00:03,Ремень приводной D-129515 / 5570 / 8570 17*1447.8 Дизель,4,442,Дизель,D-129515,Москва
2026-03-25 09:00:03,Ремень приводной D-129516 / 5600 / 8600 17*1524 Дизель,2,468,Дизель,D-129516,Москва
2026-03-25 09:00:03,Ремень приводной D-129517 / 5610 / 8610 17*1549.4 Дизель,2,474,Дизель,D-129517,Москва
2026-03-25 09:00:03,Ремень приводной D-129518 / 5615 / 8615 17*1562.1 Дизель,2,479,Дизель,D-129518,Москва
2026-03-25 09:00:03,Ремень приводной D-129519 / 5630 / 8630 17*1600.2 Дизель,4,485,Дизель,D-129519,Москва
2026-03-25 09:00:03,Ремень приводной D-129520 / 5635 / 8635 17*1612.9 Дизель,2,488,Дизель,D-129520,Москва
2026-03-25 09:00:03,Ремень приводной D-129521 / 5650 / 8650 17*1651 Дизель,2,501,Дизель,D-129521,Москва
2026-03-25 09:00:03,Ремень приводной D-129523 / 5670 / 8670 17*1701.8 Дизель,2,517,Дизель,D-129523,Москва
2026-03-25 09:00:03,Ремень приводной D-129524 / 5680 / 8680 17*1727.2 Дизель,2,473,Дизель,D-129524,Москва
2026-03-25 09:00:03,Ремень приводной D-130362 / 3310 / 6310 13*787.4 Дизель,2,167,Дизель,D-130362,Москва
2026-03-25 09:00:03,Ремень приводной D-130363 / 3320 / 6320 13*812.8 Дизель,2,194,Дизель,D-130363,Москва
2026-03-25 09:00:03,Ремень приводной D-130364 / 3520 / 6520 13*1320.8 Дизель,2,298,Дизель,D-130364,Москва
2026-03-25 09:00:03,Ремень приводной D-130366 / 3620 / 6620 13*1574.8 Дизель,2,279,Дизель,D-130366,Москва
2026-03-25 09:00:03,Ремень приводной D-130367 / 5390 / 8390 17*990.6 Дизель,8,317,Дизель,D-130367,Москва
2026-03-25 09:00:03,Ремень приводной HDPF5585 Abby Belt,2,607,Abby Belt,HDPF5585,Москва
2026-03-25 09:00:03,Ремень приводной RECMF 8570 AV17*1420Li KKK-12K,8,731,JMC,RECMF 8570,Москва
2026-03-25 09:00:03,Ремень приводной RPF5465 Abby Belt,2,429,Abby Belt,RPF5465,Москва
2026-03-25 09:00:03,Ремень ручейковый 03523301 SAMPA,1,1637,JMC,3523301,Москва
2026-03-25 09:00:03,Ремень ручейковый 9РК1810 TOYOGUARD,1,663,JMC,9РК1810,Москва
2026-03-25 09:00:03,"Ремкомплект ""A"" энергоаккумулятора 8-98205-509-0 NQR90 заднего ORIG",1,5135,Isuzu,8-98205-509-0,Москва
2026-03-25 09:00:03,Ремкомплект 4770019212 КПП Volvo Wabco,4,44425,Wabco,4770019212,Москва
2026-03-25 09:00:03,Ремкомплект BPW / ?30mm x 57mm x 102mm / палец со втулками в качелю полуприцепа BPW (1болт+1с/б+1шайба+1гайка+4пластины+2втулки) / SP54 / 070.570; 070570; 09.801.06.28.0; 0980106280; 10.16290; 1016290; 53526; 9160 /,1,3291,JMC,980106280,Москва
2026-03-25 09:00:03,"Ремкомплект PТЦ 1-87830-398-0/1-87830-679-0 1-7/16"" ORIG",1,368,Isuzu,1-87830-398-0,Москва
2026-03-25 09:00:03,Ремкомплект SP54/30-57-102 / 09.801.06.28.0 в качелю полуприцепа BPW,1,3555,JMC,SP54,Москва
2026-03-25 09:00:03,Ремкомплект балансира 2262363SKV / 512713 / 312718 SCANIA SKV,3,3179,SKV,2262363SKV,Москва
2026-03-25 09:00:03,Ремкомплект балансира D-127512 / KSC081 / 49342-1310 HINO 500FM/HINO 700 Дизель,1,6753,Дизель,D-127512,Москва
2026-03-25 09:00:03,Ремкомплект балансира D-127513 / KSC082 (к-т на две стороны) ISUZU Дизель,1,7685,Дизель,D-127513,Москва
2026-03-25 09:00:03,Ремкомплект верхнего шкворня 010677 /A6253300119 / 53183 Mercedes/SAMPA !,2,1681,Sampa,010.677,Москва
2026-03-25 09:00:03,Ремкомплект водяного насоса D-129575 / HDA-050 / ME995184 / ME997646 FV415 Дизель,7,3890,Дизель,D-129575,Москва
2026-03-25 09:00:03,Ремкомплект глав. цилиндра сцепления 5830143А00 Toyota,4,1117,Hyundai-Kia,58301-43A00,Москва
2026-03-25 09:00:03,"Ремкомплект ГТЦ 47207-37020.K 1-1/16"" Toyota !",2,1324,Yamasida,47207-37020.K,Москва
2026-03-25 09:00:03,"Ремкомплект ГТЦ 8-97224-372-0 Isuzu 1-1/4"" ELF NKR,NPR,NQR 6T~8.5T Y",3,611,Yamasida,8-97224-372-0.K,Москва
2026-03-25 09:00:03,Ремкомплект ГТЦ SK32221 / MC869166 Canter Y,2,1197,Yamasida,MC869166.K,Москва
2026-03-25 09:00:03,Ремкомплект ГТЦ SK45671 / 47201-37030 Toyota,1,810,Yamasida,47201-37030.K,Москва
2026-03-25 09:00:03,Ремкомплект ГТЦ SK52801 / 46010-2T000 Nissan Y !,1,384,Yamasida,46010-2T000.K,Москва
2026-03-25 09:00:03,Ремкомплект ГТЦ W201-43-400A /SK21511 Mazda Y,2,1260,Yamasida,W201-43-400A.K,Москва
2026-03-25 09:00:03,"Ремкомплект ГЦС 13/16"" ME670290 Mitsubishi Y",1,783,Yamasida,ME670290.K,Москва
2026-03-25 09:00:03,Ремкомплект ГЦС 30610-2T002 / SK52821 Nissan Y,2,380,Yamasida,30610-2T002.K,Москва
2026-03-25 09:00:03,Ремкомплект ГЦС 31410-36062/31410-36060/SK44881 Toyota,3,393,Yamasida,31410-36062.K,Москва
2026-03-25 09:00:03,"Ремкомплект ГЦС 31420-1820.K 3/4"" HINO FD1J,FG1J,GH1J Y",5,1260,Yamasida,31420-1820.K,Москва
2026-03-25 09:00:03,"Ремкомплект ГЦС 31420-1840.K 1"" HINO SH 700# Y",1,1043,Yamasida,31420-1840.K,Москва
2026-03-25 09:00:03,Ремкомплект ГЦС 31420-26170/ SK44191 Toyota Y,1,390,Yamasida,31420-26170.K,Москва
2026-03-25 09:00:03,"Ремкомплект ГЦС 5/8"" 31420-28110/ SK46551 Toyota",1,327,Yamasida,31420-28110.K,Москва
2026-03-25 09:00:03,"Ремкомплект ГЦС 5/8"" MC413462 Mitsubishi Y",1,542,Yamasida,MC413462.K,Москва
2026-03-25 09:00:03,Ремкомплект ГЦС MB555145/ SK31151-2 Mitsubishi Y,1,131,Yamasida,MB555145.K,Москва
2026-03-25 09:00:03,Ремкомплект двигателя D-125567 / 5-87813-353-0 T=1.75 1-отв 4HG1 NPR NQR 55/85 Дизель,2,5703,Дизель,D-125567,Москва
2026-03-25 09:00:03,Ремкомплект двигателя D-128847 / 5-87816-352-0 T=1.05 4JJ1-TCC NLR/NMR 55/85 08~ Дизель,3,5854,Дизель,D-128847,Москва
2026-03-25 09:00:03,Ремкомплект ДВС 1000FA130P N56 JAC ORIG,1,7146,JAC,1000FA130P,Москва
2026-03-25 09:00:03,Ремкомплект ДВС 20910-4AE00 HYUNDAI PORTER II ORIG,1,9819,Hyundai-Kia,20910-4AE00,Москва
2026-03-25 09:00:03,Ремкомплект ДВС 4HK1 E-5 T=1.525 5-87818-559-2/5-87817-937-3 N-series ORIG,1,45737,Isuzu,5-87818-559-2,Москва
2026-03-25 09:00:03,Ремкомплект ДВС 4HK1 E-5 T=1.575 5-87817-938-3/5-87818-560-2/5-87819-056-0 N-series ORIG,5,50059,Isuzu,5-87817-938-3,Москва
2026-03-25 09:00:03,Ремкомплект ДВС 4HK1-T 5-87817-186-0/5-87817-966-1/5-87818-730-2/5-87819-117-0 T=1.475 NON HOLE NP/NQR E-4 ORIG,3,55416,Isuzu,5878171860,Москва
2026-03-25 09:00:03,Ремкомплект ДВС 4HK1-T 5-87817-922-0 / 5-87819-193-0 N-series T=1.525 1 HOLE ORIG,8,35604,Isuzu,5-87817-922-0,Москва
2026-03-25 09:00:03,Ремкомплект ДВС 4HK1-T 5-87817-944-1 / 5-87819-110-0 N-series T=1.575 2 HOLE ORIG,1,49959,Isuzu,5-87817-944-1,Москва
2026-03-25 09:00:03,Ремкомплект ДВС 4HV1 5-87818-679-0/5-87817-027-2/5-87814-783-3 N-series (CNG) ГАЗ ORIG,1,27116,Isuzu,5-87818-679-0,Москва
2026-03-25 09:00:03,Ремкомплект ДВС 4JJ1 T=1.15 5-87816-354-0/5-87817-676-1 N-series ORIG,4,40045,Isuzu,5-87816-354-0,Москва
2026-03-25 09:00:03,Ремкомплект ДВС 5-87816-352-0 / 5-87817-674-1 4JJ1T NLR/NMR85 Е-3 T=1.05 ORIG,4,45649,Isuzu,5-87816-352-0,Москва
2026-03-25 09:00:03,Ремкомплект ДВС 6BG1 1-87812-311-6/1-87814-344-0 ORIG,1,30723,Isuzu,1-87814-344-0,Москва
2026-03-25 09:00:03,Ремкомплект ДВС 6HK1T 1-87812-038-3 / 1-87815-450-0 F-series ORIG,1,66353,Isuzu,1-87812-038-3,Москва
2026-03-25 09:00:03,Ремкомплект ДВС 6WG1 D-126425/1-87815-572-2/1-87814-667-0/1-87813-930-1 C-series Дизель,1,26345,Дизель,D-126425,Москва
2026-03-25 09:00:03,Ремкомплект ДВС CUMMINS 4BT 3804896+3802375 Matto,1,10930,Matto,3804896+3802375,Москва
2026-03-25 09:00:03,Ремкомплект ДВС D-125052 / 1-87814-661-0 / 1-87814-662-1 6WG1 C-series Дизель,1,26579,Дизель,D-125052,Москва
2026-03-25 09:00:03,Ремкомплект ДВС D-126934 / 5290107 JAC N120/Камаз Cummins ISF3.8 Е-5 Дизель,4,5670,Дизель,D-126934,Москва
2026-03-25 09:00:03,Ремкомплект ДВС D-128714 / 61560010701 HOWO WD615 Дизель,3,1179,Дизель,D-128714,Москва
2026-03-25 09:00:03,Ремкомплект ДВС HINO H06CT/H07CT 04010-0362 Matto,1,8631,Matto,04010-0362,Москва
2026-03-25 09:00:03,Ремкомплект ДВС HINO H07D 04010-0566 HL,1,11436,Huang Lin,04010-0566,Москва
2026-03-25 09:00:03,Ремкомплект ДВС HINO J08C/ J08CT/C-TG 04010-0706 DF,1,6613,DRAGONFLYS,04010-0706,Москва
2026-03-25 09:00:03,Ремкомплект ДВС HINO J08C/ J08CT/C-TG 04010-0706 Matto,1,12872,Matto,04010-0706,Москва
2026-03-25 09:00:03,Ремкомплект ДВС HINO K13D 04010-0526 MATTO#000270 Matto,1,17141,Matto,04010-0526,Москва
2026-03-25 09:00:03,Ремкомплект ДВС HINO W06D 04010-0315 Matto,1,5826,Matto,04010-0315,Москва
2026-03-25 09:00:03,Ремкомплект ДВС HINO/T-DYNA N04C 04111-78780/04111-80312 W/KMF CH HL,1,7003,Huang Lin,04111-78780,Москва
2026-03-25 09:00:03,Ремкомплект ДВС HYUNDAI\MMC D4AF 20910-41B20 Matto !,2,1484,Matto,20910-41B20,Москва
2026-03-25 09:00:03,Ремкомплект ДВС HYUNDAI\MMC D4BF 20910-42B11 Matto !,1,2841,Matto,20910-42B11,Москва
2026-03-25 09:00:03,"Ремкомплект ДВС HYUNDAI\MMC D4BF 20910-42B11 Matto дефект (нет сал.2132142041,прокл.2144442060,2141142000,2141242000",1,1989,Matto,20910-42B11,Москва
2026-03-25 09:00:03,Ремкомплект ДВС ISUZU 10PВ1 1-87810-270-0 Matto !,1,7848,Matto,1-87810-270-0,Москва
2026-03-25 09:00:03,Ремкомплект ДВС ISUZU 4BE1 5-87810-487-2 DF,1,4609,DRAGONFLYS,5-87810-487-2,Москва
2026-03-25 09:00:03,Ремкомплект ДВС ISUZU 4HF1 5-87811-869-2 DF,2,4609,DRAGONFLYS,5-87811-869-2,Москва
2026-03-25 09:00:03,Ремкомплект ДВС ISUZU 4HF1 5-87811-869-2 Matto,3,6110,Matto,5-87811-869-2,Москва
2026-03-25 09:00:03,Ремкомплект ДВС ISUZU 4HF1 5-87813-948-1 / 800660-S-V002 Matto,1,6558,Matto,5-87813-948-1,Москва
2026-03-25 09:00:03,Ремкомплект ДВС ISUZU 4HG1 5-87813-952-1 Matto,1,6677,Matto,5-87813-952-1,Москва
2026-03-25 09:00:03,Ремкомплект ДВС ISUZU 4HK1 5-87814-879-0 HL,2,13526,Huang Lin,5-87814-879-0,Москва
2026-03-25 09:00:03,Ремкомплект ДВС ISUZU 4HK1 5-87814-879-0 Matto,1,17886,Matto,5-87814-879-0,Москва
2026-03-25 09:00:03,Ремкомплект ДВС ISUZU 4HK1 5-87814-881-0 Matto,2,18051,Matto,5-87814-881-0,Москва
2026-03-25 09:00:03,Ремкомплект ДВС ISUZU 4HK1 5-87815-035-0 W/KMF+MT (1.65) HL,1,14271,Huang Lin,5-87815-035-0,Москва
2026-03-25 09:00:03,Ремкомплект ДВС ISUZU 4HK1 E-4 1-87815-733-0/1-87814-349-0 FSR90/NQR90/NPR75 SKV,1,21091,SKV,1-87815-733-0,Москва
2026-03-25 09:00:03,Ремкомплект ДВС ISUZU 4JA1/4JC1 5-87812-957-0 Matto,2,3899,Matto,5-87812-957-0,Москва
2026-03-25 09:00:03,Ремкомплект ДВС ISUZU 4JB1 5-87810-289-1 / HFI4068 W/MT HL,1,4565,Huang Lin,HFI4068,Москва
2026-03-25 09:00:03,Ремкомплект ДВС ISUZU 4JB1 5-87810-289-1 Matto,1,4189,Matto,5-87810-289-1,Москва
2026-03-25 09:00:03,Ремкомплект ДВС ISUZU 4JG2 5-87811-554-0 DF,3,2612,DRAGONFLYS,5-87811-554-0,Москва
2026-03-25 09:00:03,Ремкомплект ДВС ISUZU 4JG2 5-87811-554-0 HL,1,6061,Huang Lin,5-87811-554-0,Москва
2026-03-25 09:00:03,Ремкомплект ДВС ISUZU 6HE1 1-87811-045-0 DF,1,8754,DRAGONFLYS,1-87811-045-0,Москва
2026-03-25 09:00:03,Ремкомплект ДВС ISUZU 6HH1 1-87811-078-2 HL,1,14531,Huang Lin,1-87811-078-2,Москва
2026-03-25 09:00:03,Ремкомплект ДВС ISUZU 6HH1 1-87811-078-2 Matto,1,12426,Matto,1-87811-078-2,Москва
2026-03-25 09:00:03,Ремкомплект ДВС ISUZU 6HK1 1-87812-316-0 HL,1,16404,Huang Lin,1-87812-316-0,Москва
2026-03-25 09:00:03,Ремкомплект ДВС ISUZU 6HK1 Евро-4 1-87815-788-0 Matto,2,23483,Matto,1-87815-788-0,Москва
2026-03-25 09:00:03,Ремкомплект ДВС ISUZU 6WG1 1-87812-014-0 / 1-87812-144-0 Matto,1,32481,Matto,1-87812-144-0,Москва
2026-03-25 09:00:03,Ремкомплект ДВС MAZDA HA 1363-99-100 HL,1,2671,Huang Lin,1363-99-100,Москва
2026-03-25 09:00:03,Ремкомплект ДВС MAZDA SL 8AW5-10-271/271A HL,1,3405,Huang Lin,8AW5-10-271,Москва
2026-03-25 09:00:03,Ремкомплект ДВС MAZDA SL 8AW5-10-271/271A Matto,2,3313,Matto,8AW5-10-271,Москва
2026-03-25 09:00:03,Ремкомплект ДВС MAZDA SL 8AW6-10-271 HL,1,5438,Huang Lin,8AW6-10-271,Москва
2026-03-25 09:00:03,Ремкомплект ДВС MAZDA SL 8AWF-10-271 DF,1,2928,DRAGONFLYS,8AWF10271,Москва
2026-03-25 09:00:03,Ремкомплект ДВС MAZDA SL 8AWF-10-271 Matto,1,3327,Matto,8AWF-10-271,Москва
2026-03-25 09:00:03,Ремкомплект ДВС MAZDA SL 8DWF-10-271 Matto,1,3487,Matto,8DWF-10-271,Москва
2026-03-25 09:00:03,Ремкомплект ДВС MAZDA SL SL01-99-100K Matto,1,2993,Matto,SL01-99-100K,Москва
2026-03-25 09:00:03,Ремкомплект ДВС MAZDA TF 8AWR-10-271 Matto,2,7689,Matto,8AWR-10-271,Москва
2026-03-25 09:00:03,Ремкомплект ДВС MAZDA TM 8DWM-10-271 Matto,1,7221,Matto,8DWM-10-271,Москва
2026-03-25 09:00:03,Ремкомплект ДВС MAZDA VS 8DSB-10-271 Matto,1,7709,Matto,8DSB-10-271,Москва
2026-03-25 09:00:03,Ремкомплект ДВС MMC 4D32 ME997273 DF,2,3685,DRAGONFLYS,ME997273,Москва
2026-03-25 09:00:03,Ремкомплект ДВС MMC 4D32 ME997273 Matto,1,4074,Matto,ME997273,Москва
2026-03-25 09:00:03,Ремкомплект ДВС MMC 4D33 ME997274 DF,1,3685,DRAGONFLYS,ME997274,Москва
2026-03-25 09:00:03,Ремкомплект ДВС MMC 4D33 ME997274 Matto,1,4074,Matto,ME997274,Москва
2026-03-25 09:00:03,Ремкомплект ДВС MMC 4D35 ME996360 DF,4,3685,DRAGONFLYS,ME996360,Москва
2026-03-25 09:00:03,Ремкомплект ДВС MMC 4D35 ME996360 Matto,1,3952,Matto,ME996360,Москва
2026-03-25 09:00:03,Ремкомплект ДВС MMC 4D36 ME996361 Matto,1,5715,Matto,ME996361,Москва
2026-03-25 09:00:03,Ремкомплект ДВС MMC 4DR5 31694-00070 Matto,1,2465,Matto,31694-00070,Москва
2026-03-25 09:00:03,Ремкомплект ДВС MMC 4DR7 ME997276 HL,1,4062,Huang Lin,ME997276,Москва
2026-03-25 09:00:03,Ремкомплект ДВС MMC 4M50 ME993304 Matto,1,18660,Matto,ME993304,Москва
2026-03-25 09:00:03,Ремкомплект ДВС MMC 4М40 ME996019 HL,2,5288,Huang Lin,ME996019,Москва
2026-03-25 09:00:03,Ремкомплект ДВС MMC 4М51 ME993296 HL,1,13854,Huang Lin,ME993296,Москва
2026-03-25 09:00:03,Ремкомплект ДВС MMC 6D14 ME038219 Matto,1,5500,Matto,ME038219,Москва
2026-03-25 09:00:03,Ремкомплект ДВС MMC 6D15 ME999219 Matto,1,6133,Matto,ME999219,Москва
2026-03-25 09:00:03,Ремкомплект ДВС MMC 6D16 ME999904 DF,1,4915,DRAGONFLYS,ME999904,Москва
2026-03-25 09:00:03,Ремкомплект ДВС MMC 6D16-T ME997356 HL,1,8880,Huang Lin,ME997356,Москва
2026-03-25 09:00:03,Ремкомплект ДВС MMC 6D17 ME996291 Matto,1,7597,Matto,ME996291,Москва
2026-03-25 09:00:03,Ремкомплект ДВС MMC 8DC11 ME999669 Matto,1,13211,Matto,ME999669,Москва
2026-03-25 09:00:03,Ремкомплект ДВС MMC 8M20 ME996772 HL,1,17308,Huang Lin,ME996772,Москва
2026-03-25 09:00:03,Ремкомплект ДВС MMC 8M20/21/60 ME996182 Matto,2,36160,Matto,ME996182,Москва
2026-03-25 09:00:03,Ремкомплект ДВС NISSAN BD30 10101-54T25 Matto,1,3861,Matto,10101-54T25,Москва
2026-03-25 09:00:03,Ремкомплект ДВС NISSAN FD35T 10101-01T26 Matto,1,5386,Matto,10101-01T26,Москва
2026-03-25 09:00:03,Ремкомплект ДВС NISSAN FD42/FD46 10101-0T025 Matto,1,5826,Matto,10101-0T025,Москва
2026-03-25 09:00:03,Ремкомплект ДВС NISSAN FE6T 10101-Z5728 Matto,1,9295,Matto,10101-Z5728,Москва
2026-03-25 09:00:03,Ремкомплект ДВС NISSAN PE6T 10101-96728 Matto,1,13231,Matto,10101-96728,Москва
2026-03-25 09:00:03,Ремкомплект ДВС NISSAN QD32 10101-65N29 / 700710-S-81K0 Matto,1,4223,Matto,10101-65N29,Москва
2026-03-25 09:00:03,Ремкомплект ДВС NISSAN RF8 10101-97827 HL,1,23026,Huang Lin,10101-97827,Москва
2026-03-25 09:00:03,Ремкомплект ДВС NISSAN RF8 10101-97827 Matto,1,21449,Matto,10101-97827,Москва
2026-03-25 09:00:03,Ремкомплект ДВС NISSAN RG8 10101-Z1327 Matto !,1,20359,Matto,10101-Z1327,Москва
2026-03-25 09:00:03,Ремкомплект ДВС NISSAN TD25 10101-43G25 Matto,1,3836,Matto,10101-43G25,Москва
2026-03-25 09:00:03,Ремкомплект ДВС NISSAN TD27 10101-43G27 Matto,1,3296,Matto,10101-43G27,Москва
2026-03-25 09:00:03,Ремкомплект ДВС TOYOTA 14B 04111-58070 DF,3,3685,DRAGONFLYS,04111-58070,Москва
2026-03-25 09:00:03,Ремкомплект ДВС TOYOTA 14B 04111-58070 Matto,2,4266,Matto,04111-58070,Москва
2026-03-25 09:00:03,Ремкомплект ДВС TOYOTA 15B 04111-58100 HL,1,6729,Huang Lin,04111-58100,Москва
2026-03-25 09:00:03,Ремкомплект ДВС TOYOTA 15BFT 04111-58112 / 900791-S-9000 Matto,1,6795,Matto,04111-58112,Москва
2026-03-25 09:00:03,Ремкомплект ДВС TOYOTA 2L 04111-54084 HL,1,5288,Huang Lin,04111-54084,Москва
2026-03-25 09:00:03,Ремкомплект ДВС TOYOTA 2L 04111-54084 Matto,1,5066,Matto,04111-54084,Москва
2026-03-25 09:00:03,Ремкомплект ДВС TOYOTA 3L 04111-54094 HL,2,5319,Huang Lin,04111-54094,Москва
2026-03-25 09:00:03,Ремкомплект ДВС TOYOTA 3L 04111-54094 Matto,1,4460,Matto,04111-54094,Москва
2026-03-25 09:00:03,Ремкомплект ДВС TOYOTA S05C 04111-78360 Matto,1,12343,Matto,04111-78360,Москва
2026-03-25 09:00:03,Ремкомплект ДВС верх D-129525 / 4309118 JAC N120/Камаз Cummins ISF3.8 Е-5 Дизель,3,6856,Дизель,D-129525,Москва
2026-03-25 09:00:03,Ремкомплект ДВС ниж D-129526 / 4309119 JAC N120/Камаз Cummins ISF3.8 Е-5 Дизель,3,6856,Дизель,D-129526,Москва
2026-03-25 09:00:03,Ремкомплект ДВС ниж D-129527 / 5290108 JAC N120/Камаз Cummins ISF3.8 Е-5 Дизель,3,6856,Дизель,D-129527,Москва
2026-03-25 09:00:03,Ремкомплект дифференциала 56170326 /A9423502123 / 298068 Mercedes/Euroricambi,1,42231,Euroricambi,56.17.0326,Москва
2026-03-25 09:00:03,Ремкомплект дифференциала A9423502123 / 56170326 / 298068 Mercedes ориг !,1,86205,Mercedes-Benz,A 942 350 21 23,Москва
2026-03-25 09:00:03,Ремкомплект для корзины D-130429 / 1-31220-380-2/1-87610-145-0/1-31220-374-2/ISC610 Дизель,45,1220,Дизель,D-130429,Москва
2026-03-25 09:00:03,Ремкомплект заслонки моторного тормоза A5411404353 Mercedes ориг !,1,40467,Mercedes,A 541 140 43 53,Москва
2026-03-25 09:00:03,Ремкомплект компрессора / Клапан компрессора 461658 /A5411300620 Mercedes/DieselTechnic !,1,5597,Diesel Technic,4.61658,Москва
2026-03-25 09:00:03,Ремкомплект коробки передач A0003508123 / A0003508623 Mercedes ориг !,1,108281,Mercedes,A0003508123,Москва
2026-03-25 09:00:03,Ремкомплект КПП (прокладки) 6DS60T JAC/Камаз/Маз (NON-GENUIN),1,2355,Дизель,6DS60T,Москва
2026-03-25 09:00:03,Ремкомплект КПП 1-87830-786-0 ORIG,1,4532,Isuzu,1-87830-786-2,Москва
2026-03-25 09:00:03,Ремкомплект масловлагоотделителя D-127778 / HDS-013 / DR-5 / MC825023 Дизель,1,1624,Дизель,D-127778,Москва
2026-03-25 09:00:03,Ремкомплект масловлагоотделителя D-127780 / HDS-015 / DR-31 / MC812914 / D6322 / D6339 Дизель,1,1537,Дизель,D-127780,Москва
2026-03-25 09:00:03,Ремкомплект масловлагоотделителя D-129606 / HDS-019 / MK355939 / DU-3 Дизель,2,2837,Дизель,D-129606,Москва
2026-03-25 09:00:03,"Ремкомплект масловлагоотделителя D-129608 / HDS-053 / DU-3,4,5 Дизель",2,1328,Дизель,D-129608,Москва
2026-03-25 09:00:03,"Ремкомплект масловлагоотделителя D-129609 / HDS-056 / ME709265 / DR-5,6,31 Дизель",1,895,Дизель,D-129609,Москва
2026-03-25 09:00:03,"Ремкомплект масловлагоотделителя D-129610 / HDS-057 / DU-3,4,5 Дизель",2,1195,Дизель,D-129610,Москва
2026-03-25 09:00:03,Ремкомплект наконечника тяги 45430-1280-RK HINO 2Y#240 CH !,4,1936,Chase,45430-1280,Москва
2026-03-25 09:00:03,Ремкомплект наконечника тяги 45430-1280B-RK-O / M HINO 2Y#240 CH !,6,2298,Chase,45430-1280,Москва
2026-03-25 09:00:03,"Ремкомплект насоса ГУР D-127268 / 9344-0327 / MC814148 / 1-85574-004-1 MMC, ISUZU Дизель",1,851,Дизель,D-127268,Москва
2026-03-25 09:00:03,Ремкомплект насоса ГУР D-127270 / 9344-0330 /1875201800 / 1855740141 / MC826334 / MC813860 Дизель,1,876,Дизель,D-127270,Москва
2026-03-25 09:00:03,Ремкомплект осушителя 1-85576-457-0/8-98226-323-0 F-series ORIG,1,19798,Isuzu,1-85576-457-0,Москва
2026-03-25 09:00:03,Ремкомплект осушителя воздуха тормозной системы 8-98226-328-0 FVR34/FSR34 6HK1 ORIG,2,16965,Isuzu,8-98226-328-0,Москва
2026-03-25 09:00:03,Ремкомплект ПГУ 394152 Mercedes/DieselTechnic !,1,5114,Diesel Technic,3.94152,Москва
2026-03-25 09:00:03,Ремкомплект ПГУ сцепления ?90 mm / 048-14-0026 / ?90mm / Китай / RL1609BH-9 / 1608 003 020 0-9; 160,1,852,Zevs,RL1609BH-9,Москва
2026-03-25 09:00:03,"Ремкомплект ПГУ сцепления 1-31829-501-0 C,E-series ORIG",18,8138,Isuzu,1-31829-501-0,Москва
2026-03-25 09:00:03,Ремкомплект ПГУ сцепления 1-31829-523-0 C-series ORIG,3,5751,Isuzu,1-31829-523-0,Москва
2026-03-25 09:00:03,"Ремкомплект ПГУ сцепления 1-31829-560-0 C,E-series ORIG",1,14615,Isuzu,1-31829-560-0,Москва
2026-03-25 09:00:03,Ремкомплект ПГУ сцепления D-127785 / HDA-038 / 1-31829-354-0 / 9364-0455 ф105 Дизель,1,928,Дизель,D-127785,Москва
2026-03-25 09:00:03,Ремкомплект ПГУ сцепления D-129569 / HDA-037 / ME656602 D70 Дизель,2,880,Дизель,D-129569,Москва
2026-03-25 09:00:03,"Ремкомплект передней тормозной камеры 8-98146-980-0 C,E-series ORIG",1,5308,Isuzu,8-98146-980-0,Москва
2026-03-25 09:00:03,Ремкомплект пневмотормоза D-129577 / HDA-097 HINO Дизель,1,1324,Дизель,D-129577,Москва
2026-03-25 09:00:03,Ремкомплект пневмоусилителя D-127253 / 9323-3505/ MC807944 / MMC / ISU FU / FT Дизель,1,1161,Дизель,D-127253,Москва
2026-03-25 09:00:03,Ремкомплект пневмоусилителя D-127271 / 9323-3501 / 1-87520-205-0 / ISU10PC1 Дизель,1,1360,Дизель,D-127271,Москва
2026-03-25 09:00:03,Ремкомплект подшипника подвесного карданного вала 490873 /A6593300651 Diesel Technic,2,5210,Diesel Technic,4.90873,Москва
2026-03-25 09:00:03,Ремкомплект помпы 1-87814-620-0/1-87813-815-0 C-series 6WG1 ORIG,1,24352,Isuzu,1-87814-620-0,Москва
2026-03-25 09:00:03,Ремкомплект помпы 10PC1 1-13610-636-2 B4285 ASAHI !,1,4146,Asahi,B4285,Москва
2026-03-25 09:00:03,Ремкомплект помпы 12PC1 1-13610-740-0 B4290 ASAHI !,1,4690,Asahi,B4290,Москва
2026-03-25 09:00:03,Ремкомплект помпы 6D22 ME055222 B3658 ASAHI !,1,4125,Asahi,B3658,Москва
2026-03-25 09:00:03,Ремкомплект привода коробки передач 4213559472 Wabco,1,10411,Wabco,4213559472,Москва
2026-03-25 09:00:03,"Ремкомплект редуктора D-127500 / KD088 крестовина, сателлиты, шестерни, шайбы ISUZU Дизель",1,9952,Дизель,D-127500,Москва
2026-03-25 09:00:03,"Ремкомплект редуктора D-127501 / KD090 крестовина, сателлиты, шестерни, шайбы MMC Fuso Дизель",1,8349,Дизель,D-127501,Москва
2026-03-25 09:00:03,"Ремкомплект редуктора D-127506 / KD165 крестовина, сателлиты, шестерни, шайбы HINO Дизель",1,40954,Дизель,D-127506,Москва
2026-03-25 09:00:03,"Ремкомплект редуктора D-129528 / KD109 крестовина, сателлиты, шестерни, шайбы MMC Fuso Дизель",4,8061,Дизель,D-129528,Москва
2026-03-25 09:00:03,"Ремкомплект РТЦ 1-47600-682-0 / SK31671R Isuzu 55.56mm CXZ20TV10,CJM,CPM,FTR Y",2,1419,Yamasida,1-47600-682-0.K,Москва
2026-03-25 09:00:03,"Ремкомплект РТЦ 41100-90160.K / SK52231F Nissan 1-1/2"" UD14.5T,CP87 Y",1,638,Yamasida,41100-90160.K,Москва
2026-03-25 09:00:03,"Ремкомплект РТЦ 44100-3T010.K 7/8"" NISSAN ATLAS/CABSTARF23 Y",2,446,Yamasida,44100-3T010.K,Москва
2026-03-25 09:00:03,"Ремкомплект РТЦ 44100-90205.K / SK51271R2 1-11/16"" NISSAN UD14.5T,CP87 ""SY"" !",2,750,Yamasida,44100-90205.K,Москва
2026-03-25 09:00:03,"Ремкомплект РТЦ 44100-90216.K / SK81331R 44mm NISSAN CK45021T ""SY"" !",2,384,Yamasida,44100-90216.K,Москва
2026-03-25 09:00:03,"Ремкомплект РТЦ 44101-90017.K / SK51271R2 1-11/16"" NISSAN UD14.5T,CP87 ""SY"" !",2,345,Yamasida,44101-90017.K,Москва
2026-03-25 09:00:03,"Ремкомплект РТЦ 47510-1440.K 1-1/2"" HINO FD11T Y",2,404,Yamasida,47510-1440.K,Москва
2026-03-25 09:00:03,"Ремкомплект РТЦ 47510-36091.K / SK45071F 1-1/8"" TOYOTA DYNABU1023.5T ""SY"" !",2,123,Yamasida,47510-36091.K,Москва
2026-03-25 09:00:03,"Ремкомплект РТЦ 47520-1130.K 1-1/2"" HINO FD11T ""SY""",2,599,Yamasida,47520-1130.K,Москва
2026-03-25 09:00:03,"Ремкомплект РТЦ 47520-36101.K / SK45081F TOYOTA 1-1/8"" DYNABU6#,8#6W ""SY"" !",4,342,Yamasida,47520-36101.K,Москва
2026-03-25 09:00:03,"Ремкомплект РТЦ 47520-36162.K 1-1/8"" TOYOTA DYNABU1023.5T ""SY"" !",2,111,Yamasida,47520-36162.K,Москва
2026-03-25 09:00:03,"Ремкомплект РТЦ 47520-36180.K / 47540-36180.K / SK45061F2 11/8"" TOYOTA DYNAXZU300L,320L ""SY""",2,221,Yamasida,47520-36180.K,Москва
2026-03-25 09:00:03,"Ремкомплект РТЦ 47520-37030.K TOYOTA 1-1/8"" DYNABU1026.1T,BU112,2126.5T Y",2,152,Yamasida,47520-37030.K,Москва
2026-03-25 09:00:03,"Ремкомплект РТЦ 47520-37070.K 1-1/8"" TOYOTA DYNABU211,221 ""SY"" !",8,143,Yamasida,47520-37070.K,Москва
2026-03-25 09:00:03,"Ремкомплект РТЦ 47520-37100.K / SK82851F 1-3/16"" TOYOTA DYNAXZU330L,340L ""SY"" !",2,457,Yamasida,47520-37100.K,Москва
2026-03-25 09:00:03,"Ремкомплект РТЦ 47530-36091.K / SK45071F 1-1/8"" TOYOTA DYNABU1023.5T ""SY"" Y !",1,123,Yamasida,47530-36091.K,Москва
2026-03-25 09:00:03,"Ремкомплект РТЦ 47540-36101.K / SK45081F TOYOTA 1-1/8"" DYNABU6#,8#6W ""SY"" !",2,154,Yamasida,47540-36101.K,Москва
2026-03-25 09:00:03,"Ремкомплект РТЦ 47540-37070.K 1-1/8"" TOYOTA DYNABU211,221 ""SY""",1,341,Yamasida,47540-37070.K,Москва
2026-03-25 09:00:03,"Ремкомплект РТЦ 47540-37100.K / SK82851F 1-3/16"" TOYOTA DYNAXZU330L,340L ""SY"" !",2,224,Yamasida,47540-37100.K,Москва
2026-03-25 09:00:03,"Ремкомплект РТЦ 47550-2690.K 2-5/16"" HINO FG15T,GH17T ""SY"" (58,7 см) Yamasida",1,1602,Yamasida,47550-2690.K,Москва
2026-03-25 09:00:03,"Ремкомплект РТЦ 47550-37050.K / SK41241R 1"" TOYOTA DYNABU101,11# ""SY"" !",2,216,Yamasida,47550-37050.K,Москва
2026-03-25 09:00:03,"Ремкомплект РТЦ 47550-37070.K 1-3/16"" TOYOTA DYNABU211,221 ""SY""",1,573,Yamasida,47550-37070.K,Москва
2026-03-25 09:00:03,"Ремкомплект РТЦ 47550-37120.K / SK45051R TOYOTA 1-1/8"" DYNAXZU300L,320L 2001~ ""SY"" !",2,211,Yamasida,47550-37120.K,Москва
2026-03-25 09:00:03,"Ремкомплект РТЦ 47550-37140.K / SK82851R 1-3/16"" TOYOTA DYNAXZU330L,340L ""SY"" !",2,480,Yamasida,47550-37140.K,Москва
2026-03-25 09:00:03,"Ремкомплект РТЦ 47560-1450B.K HINO 1-1/2"" MFD10.4T,FC8.6T,8.7T 1992~ Y",1,1104,Yamasida,47560-1450B.K,Москва
2026-03-25 09:00:03,"Ремкомплект РТЦ 47560-37020.K/47570-37010.K/47550-37050.K/SK41241R 1"" TOYOTA DYNABU101,11# Y",2,142,Yamasida,47560-37020.K,Москва
2026-03-25 09:00:03,"Ремкомплект РТЦ 47560-37040.K 1-3/16"" TOYOTA DYNABU211,221 ""SY"" !",2,308,Yamasida,47560-37040.K,Москва
2026-03-25 09:00:03,"Ремкомплект РТЦ 47560-37081.K 1-1/8"" HINO DUTRO ""SY"" !",2,160,Yamasida,47560-37081.K,Москва
2026-03-25 09:00:03,"Ремкомплект РТЦ 47570-37030.K 1-3/16"" TOYOTA DYNABU211,221 Y",2,277,Yamasida,47570-37030.K,Москва
2026-03-25 09:00:03,"Ремкомплект РТЦ 47570-37071.K 1-1/8"" HINO DUTRO Y",2,145,Yamasida,47570-37071.K,Москва
2026-03-25 09:00:03,"Ремкомплект РТЦ 47570-37080.K / SK45051R TOYOTA 1-1/8"" DYNAXZU300L,320L ""SY"" !",2,197,Yamasida,47570-37080.K,Москва
2026-03-25 09:00:03,"Ремкомплект РТЦ 47570-37100.K 13/16"" TOYOTA DYNAXZU330L,340L ""SY"" !",2,422,Yamasida,47570-37100.K,Москва
2026-03-25 09:00:03,"Ремкомплект РТЦ 47580-36070.K / SK41231R TOYOTA 1-1/4"" DYNABU91,96,WU90,95 1988~95 ""SY"" !",8,170,Yamasida,47580-36070.K,Москва
2026-03-25 09:00:03,"Ремкомплект РТЦ 47580-37010.K / SK45341R 1"" TOYOTA DYNABU101,11# ""SY"" !",2,170,Yamasida,47580-37010.K,Москва
2026-03-25 09:00:03,"Ремкомплект РТЦ 47580-37030.K / SK45061R2 1-3/16"" TOYOTA DYNABU211,221 ""SY"" !",3,235,Yamasida,47580-37030.K,Москва
2026-03-25 09:00:03,"Ремкомплект РТЦ 47580-37071.K 1-1/8"" HINO DUTRO ""SY"" !",2,153,Yamasida,47580-37071.K,Москва
2026-03-25 09:00:03,Ремкомплект РТЦ 5-87831-598-0.K / SK81651F2 ISUZU 1-3/16'' NKR/NPR/NKS 94~ Y,1,605,Yamasida,5-87831-598-0.K,Москва
2026-03-25 09:00:03,Ремкомплект РТЦ 5-87832-051-0/5-87832-185-0 NPR/NQR ORIG,1,1224,Isuzu,5-87832-051-0,Москва
2026-03-25 09:00:03,Ремкомплект РТЦ 8-97358-881-0 ISUZU 1-5/16'' NPR/NQR 02~ Y,17,472,Yamasida,8-97358-881-0.K,Москва
2026-03-25 09:00:03,Ремкомплект РТЦ D-127182 / 1-85576-403-0 CYZ51K EURO3 6WF1 Дизель,1,2271,Дизель,D-127182,Москва
2026-03-25 09:00:03,"Ремкомплект РТЦ WA97-26-410.K / SK21131R 1"" MAZDA T3500TURBO,T4000,T4600 Y",1,370,Yamasida,WA97-26-410.K,Москва
2026-03-25 09:00:03,Ремкомплект ручного тормоза DHBR5850 MYY5T D-128110/8-53485-585-0 ISUZU N-series Дизель,2,499,Дизель,D-128110,Москва
2026-03-25 09:00:03,"Ремкомплект РЦС 1"" SK81851-3/8-97024-297-0/8-97032-846/8-97032-847/8-97032-851/8-97039-709-0 Isuzu Y",1,385,Yamasida,8-97024-297-0.K,Москва
2026-03-25 09:00:03,"Ремкомплект РЦС 3/4"" 31470-37050 Toyota Y",1,436,Yamasida,31470-37050.K,Москва
2026-03-25 09:00:03,"Ремкомплект РЦС 3/4"" SK43371-2 / 31470-36212 / 31470-36213 Toyota Y",2,307,Yamasida,31470-36213.K,Москва
2026-03-25 09:00:03,"Ремкомплект РЦС 3/4"" SK52971 / 30620-0T003 Nissan Y",1,228,Yamasida,30620-0T003.K,Москва
2026-03-25 09:00:03,"Ремкомплект РЦС 3/4"" SK53171 / 30620-0T011 Nissan Y",2,240,Yamasida,30620-0T011.K,Москва
2026-03-25 09:00:03,"Ремкомплект РЦС 7/8"" SK21301 / W201-41-920B Mazda Y",1,315,Yamasida,W201-41-920B.K,Москва
2026-03-25 09:00:03,Ремкомплект РЦС SK82691/8-97160-881-0/8-97212-015-0 Isuzu,1,326,Yamasida,8-97160-881-0.K,Москва
2026-03-25 09:00:03,Ремкомплект седельно-сцепного устройства D-129846 / SK2421-78 Дизель,1,11848,Дизель,D-129846,Москва
2026-03-25 09:00:03,Ремкомплект суппорта (пятаки) для TSB3709/4309/4312 0980107631 BPW Orig !,2,5813,BPW,09.801.07.63.1,Москва
2026-03-25 09:00:03,"Ремкомплект суппорта 8-97078-410-2/8-98308-558-0 NKR 55,66,69,71,77 LHD 03- ORIG",3,4328,Isuzu,8-98308-558-0,Москва
2026-03-25 09:00:03,Ремкомплект суппорта 8-97203-208-0 NPR/NQR/NKR ORIG,1,7297,Isuzu,8-97203-208-0,Москва
2026-03-25 09:00:03,Ремкомплект суппорта 8-98120-383-0/8-98302-529-0 N-series ORIG,1,3332,Isuzu,8-98120-383-0,Москва
2026-03-25 09:00:03,Ремкомплект суппорта большой 53890 = 3890 Auger !,2,3018,Auger,53890,Москва
2026-03-25 09:00:03,Ремкомплект суппорта переднего D-129529 / 260-40248 / SP-248 MB334337 CANTER FE439EV Дизель,2,1070,Дизель,D-129529,Москва
2026-03-25 09:00:03,Ремкомплект суппорта переднего D-129530 / MC894618 / 277-40201 / SP-201 51.1 FE537 FE568 Дизель,1,1233,Дизель,D-129530,Москва
2026-03-25 09:00:03,Ремкомплект суппорта тормозного 8-98302-529-0/8-98120-383-0 N-series ORIG,4,3254,Isuzu,8-98302-529-0,Москва
2026-03-25 09:00:03,Ремкомплект суппорта тормозного 8-98302-530-0 ORIG,1,2555,Isuzu,8983025300,Москва
2026-03-25 09:00:03,Ремкомплект тормозного вала 010592/51375 /A3604200341 / 07477/ 016.102-00A Mercedes/Sampa,2,2489,Sampa,010.592,Москва
2026-03-25 09:00:03,Ремкомплект тормозного вала 51375 /A3604200341 / 07477 / 010592/016.102-00A Mercedes/Auger,2,2583,Auger,51375,Москва
2026-03-25 09:00:03,Ремкомплект тормозного вала D42 1593104100/51376 /A3604200441 / P.E.,1,3714,Pe Automotive,016.100-00A,Москва
2026-03-25 09:00:03,Ремкомплект тормозного вала D42 51376 /A3604200441 /1593104100 Auger,1,2010,Auger,51376,Москва
2026-03-25 09:00:03,"Ремкомплект тормозного вала на сторону 0980102131SKV/09.801.02.13.1 42*46*72,5 BPW",1,908,SKV,0980102131,Москва
2026-03-25 09:00:03,Ремкомплект тормозного клапана 1-85576-409-0 ORIG,1,1355,Isuzu,1-85576-409-0,Москва
2026-03-25 09:00:03,Ремкомплект тормозного крана 1-85576-451-2/1 ORIG,2,7189,Isuzu,1-85576-451-2,Москва
2026-03-25 09:00:03,Ремкомплект тормозного крана D-127783 / HDE-039 / MC838466 MMC FUSO Дизель,1,829,Дизель,D-127783,Москва
2026-03-25 09:00:03,Ремкомплект тормозного крана D-129589 / HDE-040 / 44069-1420 HINO Дизель,1,882,Дизель,D-129589,Москва
2026-03-25 09:00:03,"Ремкомплект тормозного крана, педали D-129531 / 47069-1030 / HNTC1030 SH1E/FS1E 2004- Дизель",2,1664,Дизель,D-129531,Москва
2026-03-25 09:00:03,Ремкомплект тормозного механизма (tipo RBSK 1408) 42559512 / 963594 / 54271 / 963035 AUGER !,1,7647,Auger,54271,Москва
2026-03-25 09:00:03,Ремкомплект тормозного цилиндра S450T-EV010 HINO 500 E-3/4 ORIG,3,5174,hino,S450T-EV010,Москва
2026-03-25 09:00:03,Ремкомплект тормозной камеры 1-85576-407-1/0 F-series ORIG,1,7740,Isuzu,1-85576-407-1,Москва
2026-03-25 09:00:03,Ремкомплект тормозов (пружины) 93162113/93161627/963539 Techno Brake,1,847,Technobrake,963539,Москва
2026-03-25 09:00:03,Ремкомплект турбокомпрессора 1-14453-075-0 6HK1 F-series ORIG,1,17872,Isuzu,1-14453-075-0,Москва
2026-03-25 09:00:03,Ремкомплект тяги продольной 45412-0601-2 HINO SH# CH,1,2066,Chase,45412-0601-2,Москва
2026-03-25 09:00:03,Ремкомплект тяги продольной 45412-0601N HINO SH# CH,2,2451,Chase,45412-0601N,Москва
2026-03-25 09:00:03,Ремкомплект тяги продольной 5-44261-048-0/IS-R01-019-RK ISUZU SBR 6BB1 CH,2,854,Chase,5-44261-048-0,Москва
2026-03-25 09:00:03,Ремкомплект тяги рулевой 48574-Z2004 NISSAN UD CZ53BN RD8 PD6 repaire kit CH,2,2167,Chase,48574-Z2004,Москва
2026-03-25 09:00:03,Ремкомплект цилиндра сцепления 5-87831-204-0 ORIG,2,1587,Isuzu,5-87831-204-0,Москва
2026-03-25 09:00:03,Ремкомплект шворневой D-127545 / КР-147 / MN-04 / 40022-30T25 28х172mm Дизель,1,1008,Дизель,D-127545,Москва
2026-03-25 09:00:03,Ремкомплект шворневой D-128055 / KP-322 / NY322 / MH53 / 04431-E0020 50*252 HINO700/500 Дизель,1,3565,Дизель,D-128055,Москва
2026-03-25 09:00:03,Ремкомплект шкворневой 550284 (на сторону) Scania,2,2986,Nam Yang,550284,Москва
2026-03-25 09:00:03,Ремкомплект шкворневой D-125754 / 1-87831-349-1 / 1-87831-111-7 (к-т на ось) CYZ51/FVR34 Дизель,1,4781,Дизель,D-125754,Москва
2026-03-25 09:00:03,"Ремкомплект шкворневой D-127535 / КР-324 / MH-60 / 43231-1320 35х186,5mm Дизель",1,2441,Дизель,D-127535,Москва
2026-03-25 09:00:03,Ремкомплект шкворневой D-127536 / КР-425 / MT-05 / 04431-36030 28х160mm Дизель,1,1518,Дизель,D-127536,Москва
2026-03-25 09:00:03,Ремкомплект шкворневой D-127537 / КР-426 / MT-06 / 04431-25010 25х153mm Дизель,4,1162,Дизель,D-127537,Москва
2026-03-25 09:00:03,Ремкомплект шкворневой D-127538 / КР-427 / MT-07 / MR427 28*160mm Дизель,1,1359,Дизель,D-127538,Москва
2026-03-25 09:00:03,Ремкомплект шкворневой D-127539 / КР-433 / MT-09 / 04431-36041 28х160mm Дизель,3,1733,Дизель,D-127539,Москва
2026-03-25 09:00:03,Ремкомплект шкворневой D-127541 / КР-132 / MN-05 25*172mm Дизель,1,1254,Дизель,D-127541,Москва
2026-03-25 09:00:03,Ремкомплект шкворневой D-127547 / КР-224 / MI-52 / 1-87830064-0 4-6t 35*199mm Дизель,9,2246,Дизель,D-127547,Москва
2026-03-25 09:00:03,Ремкомплект шкворневой D-127549 / КР-222 / MI-56 / 1-87831-111-4 8-11t 50х252mm Дизель,4,4908,Дизель,D-127549,Москва
2026-03-25 09:00:03,Ремкомплект шкворневой D-127552 / КР-137 / MN-57 / 40025-90725 47х239mm Дизель,1,3513,Дизель,D-127552,Москва
2026-03-25 09:00:03,Ремкомплект шкворневой D-128038 / 04043-2109 / S0404-32109 / MH-72 Ø=40mm L=239mm HINO Дизель,1,2772,Дизель,D-128038,Москва
2026-03-25 09:00:03,Ремкомплект шкворневой D-128041 / КР-536 / MM-11 / MC995304 25х165mm Дизель,1,1323,Дизель,D-128041,Москва
2026-03-25 09:00:03,Ремкомплект шкворневой D-128069 / KP-233 / 5-87831-608-0 30x188mm Дизель,91,1238,Дизель,D-128069,Москва
2026-03-25 09:00:03,Ремкомплект шкворневой D-128617 / 81.44205.0055 на ось 54х232 SHACMAN Дизель,2,4080,Дизель,D-128617,Москва
2026-03-25 09:00:03,Ремкомплект шкворневой D-129086 / K56771-45600 / HD3T 30х180mm HD72/78 Дизель,60,1574,Дизель,D-129086,Москва
2026-03-25 09:00:03,Ремкомплект шкворневой K5677-145000 HYUNDAI ORIG,4,8908,Hyundai-Kia,K5677-145000,Москва
2026-03-25 09:00:03,Ремни клиновые BANDO 5840,1,1048,Bando,5840,Москва
2026-03-25 09:00:03,Ремни клиновые BANDO 7420,2,476,Bando,7420,Москва
2026-03-25 09:00:03,Ремни клиновые BANDO 7860,1,574,Bando,7860,Москва
2026-03-25 09:00:03,Ресивер воздушный D-126592 / WG9000360773 / WG9100360786 Sitrak C7H Дизель,1,4440,Дизель,D-126592,Москва
2026-03-25 09:00:03,Рессивер воздушный A-001 44802-3490 BU XZU PM,2,6533,Paul Master,A-001,Москва
2026-03-25 09:00:03,"Рессора (унив) без 1,2 листов UNI-734 70-13-1040/780/520/260 к HPF5/MPF5/MPR5 70/13/1040/780/520/260",4,5478,SKV,UNI-734,Москва
2026-03-25 09:00:03,Рессора в сборе (с подрес-м) 48210-E0330 18/16/15/13x70 HINO 500 rear (втулки 30-36-68) SKV,83,24209,SKV,48210-E0330,Москва
2026-03-25 09:00:03,Рессора в сборе (с подрес-м) 8-97122-382-0 10/11/8/7*70 Isuzu ELF NPR/NQR rear (сайлент) SKV,72,15061,SKV,8-97122-382-0,Москва
2026-03-25 09:00:03,Рессора в сборе (с подрес-м) 8-98017-566-1 11/12/13/14*100 Isuzu FVR34 rear (втулка 32*38) SKV,8,33246,SKV,8-98017-566-1,Москва
2026-03-25 09:00:03,Рессора в сборе (с подрес-м) 8-98064-447-0 11/17*70 Isuzu FSR90 rear (2втулки 25*30*68) SKV,9,26021,SKV,8-98064-447-0,Москва
2026-03-25 09:00:03,Рессора в сборе (с подрес-м) 8980799040SKV Isuzu NQR90 rear (сайлент) SKV,11,17459,SKV,8980799040SKV,Москва
2026-03-25 09:00:03,Рессора в сборе (с подрес-м) ML291242SKV MMC Canter TF E-5 (2втулки 28*34*68) SKV,24,19149,SKV,ML291242SKV,Москва
2026-03-25 09:00:03,Рессора в сборе (с подрес.) 55100-62002 11*70 HYUNDAI HD120 04~ rear (2 втулки 28*34*68) SKV,5,28624,SKV,55100-62002,Москва
2026-03-25 09:00:03,Рессора в сборе 09712000SKV / 257927 32*100/900*990мм VOLVO FH/FM Front 2 листа,4,25481,SKV,09712000,Москва
2026-03-25 09:00:03,Рессора в сборе 09714000SKV / 257928 22/25*100 VOLVO FH12/FM 93~ Front,3,26025,SKV,09714000,Москва
2026-03-25 09:00:03,Рессора в сборе 09720000SKV / 257932 32/26*100 VOLVO FH12 FH/FM 6x4 93~ Front SKV,4,35389,SKV,09720000SKV,Москва
2026-03-25 09:00:03,Рессора в сборе 1-51130-962-0 13/14/16*80 Isuzu 10t CYZ51 LHD front (2 втулки 32*42*78) SKV,1,25687,SKV,1-51130-962-0,Москва
2026-03-25 09:00:03,Рессора в сборе 1-51410-118-1 10/13*70 Isuzu 5T FRR/FSR/FRD 97~ rear (втулка 25*30*68) L=1380 SKV,9,11251,SKV,1-51410-118-1,Москва
2026-03-25 09:00:03,Рессора в сборе 257933SKV / 09746000 VOLVO FM7/12/13/16 28x100x1090х950 Front 3листа SKV,6,29882,SKV,257933,Москва
2026-03-25 09:00:03,Рессора в сборе 3-х листовая 09774000SKV / 257952 front VOLVO,6,37005,SKV,09774000,Москва
2026-03-25 09:00:03,"Рессора в сборе 48110-37453 10/70 XZU300,34#, Hino 300, Евро 3-4 узкая кабина front (сайлент.) SKV",48,10395,SKV,48110-37453,Москва
2026-03-25 09:00:03,Рессора в сборе 48110-E0F30 10/12x90 HINO 700 Front (втулки 30*38*88) SKV,58,38151,SKV,48110-E0F30,Москва
2026-03-25 09:00:03,Рессора в сборе 48110-E0G00 HINO 500 (22.5) front SKV,36,21373,SKV,48110-E0G00,Москва
2026-03-25 09:00:03,Рессора в сборе 48210-37540 13/12/10/9/8/6*70 rear Hino 300 Евро 3-4 узкая кабина SKV,4,21905,SKV,48210-37540,Москва
2026-03-25 09:00:03,Рессора в сборе 48210-3V620 11/70 Hino 300 rear (2 втулки 25-31-68) с подрессорником SKV,6,14969,SKV,48210-3V620,Москва
2026-03-25 09:00:03,Рессора в сборе 48210-E0D50 HINO 500 (22.5) rear SKV,29,44241,SKV,48210-E0D50,Москва
2026-03-25 09:00:03,Рессора в сборе 48210-E0E10 / S4822-05091 18*90 HINO 700 Rear BELTON,2,39574,Belton,48220-5091,Москва
2026-03-25 09:00:03,Рессора в сборе 48210-E0E10 / S4822-05091 18*90 HINO 700 Rear SKV,1,36702,SKV,48210-E0E10,Москва
2026-03-25 09:00:03,Рессора в сборе 54100-5A301 11*70 HYUNDAI County 04~ front (2 обич. + 2 сайлентблока) SKV,10,10917,SKV,54100-5A301,Москва
2026-03-25 09:00:03,Рессора в сборе 54100-5A301U усиленная 11*70 HYUNDAI County 04~ front (2 обич + 2 сайлент) SKV,7,11458,SKV,54100-5A301U,Москва
2026-03-25 09:00:03,Рессора в сборе 54100-5K500U усиленная 11/10х70 HD65/72/78/MIGHTY 04~ front (2 обич + сайлент) SKV,80,12151,SKV,54100-5K500U,Москва
2026-03-25 09:00:03,Рессора в сборе 54100-6A010 11*70 HD120 04~ front LH (2 втулки 28*34*68/кронштейн+палец) SKV,5,14944,SKV,54100-6A010,Москва
2026-03-25 09:00:03,Рессора в сборе 54110-4E602 3/13*70 BONGO III 2.9 `06~ front (сайлетблок + втулка 38*44*68) SKV,6,10134,SKV,54110-4E602,Москва
2026-03-25 09:00:03,Рессора в сборе 54110-6A011 11*70 HD120 04~ front RH (2 втулки 28*34*68/кронштейн+палец) SKV,48,12566,SKV,54110-6A011,Москва
2026-03-25 09:00:03,Рессора в сборе 55100-4B700 + H100 Porter 96~ усиленная (6 листов) rear (втулка 28*34*58) SKV,45,7568,SKV,55100-4B700,Москва
2026-03-25 09:00:03,"Рессора в сборе 55100-4B700SKV 8/7/12х60 HYUNDAI H100 Porter 96~ rear, 1 втулка 28*34*58 SKV",16,6376,SKV,55100-4B700,Москва
2026-03-25 09:00:03,Рессора в сборе 55100-5A300U усиленная (7лист) 11*70*1360 HYUNDAI County 04~rear (2 обич +2 сайлент.) SKV,5,14313,SKV,55100-5A300U,Москва
2026-03-25 09:00:03,Рессора в сборе 55110-4E700 9/8/7/18*70 BONGO III 2.9 `04~ rear (0) (сайлет + втулка 38*44*68) SKV,57,10534,SKV,55110-4E700,Москва
2026-03-25 09:00:03,Рессора в сборе 8-97033-427-1/428-1 13*70 Isuzu ELF NPR 93~ front (сайлентблоки) SKV,5,10996,SKV,8-97033-427-1,Москва
2026-03-25 09:00:03,Рессора в сборе 8-97033-429-3 11/14*70 Isuzu ELF NPR/NQR 99~ front 3 листа (сайлентблоки) SKV,85,13003,SKV,8-97033-429-3,Москва
2026-03-25 09:00:03,Рессора в сборе 8-97096-544-2 Isuzu ELF NPR/NQR 93~ front 10/11/8/7х70 (сайлентблоки) SKV,57,9933,SKV,8-97096-544-2,Москва
2026-03-25 09:00:03,Рессора в сборе 8-98001-533-0/8-98079-881-0 9*60 Isuzu NLR/NMR55/85 08~ front (обич. 40*43*30) SKV,165,6064,SKV,8-98001-533-0,Москва
2026-03-25 09:00:03,Рессора в сборе 8-98022-373-0 12/11/10/9/6*70 Isuzu NPR85/NMR85 rear SKV,19,15338,SKV,8-98022-373-0,Москва
2026-03-25 09:00:03,Рессора в сборе 8-98069-483-0 21/24*80 Isuzu FVR34 front (втулки 32*38*78) SKV,18,19455,SKV,8-98069-483-0,Москва
2026-03-25 09:00:03,Рессора в сборе 8-98157-779-0 Isuzu SKV,5,26182,SKV,8-98157-779-0,Москва
2026-03-25 09:00:03,Рессора в сборе 8-98159-622-0 35/18*90 Isuzu CYZ52 Rear SKV,1,47678,SKV,8-98159-622-0,Москва
2026-03-25 09:00:03,Рессора в сборе 8-98181-939-0/IZNQR90F-FL/IPF9330 Isuzu NQR90 front SKV,4,12052,SKV,8-98181-939-0,Москва
2026-03-25 09:00:03,Рессора в сборе 81434026258 / 72988000 30*90х925/925 MAN TGA/TGS/TGX Front 2листа SKV,4,22711,SKV,81434026258,Москва
2026-03-25 09:00:03,Рессора в сборе 9443200702SKV / 33872000 29*90x970/830мм MERCEDES ACTROS 3341 (самосвал) Front 4 листа,4,40812,SKV,9443200702,Москва
2026-03-25 09:00:03,"Рессора в сборе 9483201405 / 33839000 41/47*100x835/835мм MB Actros, MP2/MP3, Axor 2 Rear 5л. SKV",2,72781,SKV,9483201405,Москва
2026-03-25 09:00:03,Рессора в сборе A091-2912013-01 Богдан rear (сайлентблоки) SKV,2,10226,SKV,A091-2912013-01,Москва
2026-03-25 09:00:03,Рессора в сборе D-125982 / 54150-Y3B00 JAC N350 front Дизель,2,52056,Дизель,D-125982,Москва
2026-03-25 09:00:03,Рессора в сборе D-126596 / WG9925522132 FL Sitrak C7H Дизель,6,21292,Дизель,D-126596,Москва
2026-03-25 09:00:03,Рессора в сборе D-126597 / WG9925522102 FR Sitrak C7H Дизель,8,21292,Дизель,D-126597,Москва
2026-03-25 09:00:03,Рессора в сборе D-128365 / WG9725522281 задняя SITRAK Дизель,4,43960,Дизель,D-128365,Москва
2026-03-25 09:00:03,Рессора в сборе HPF5 / 48120-3152 11/13*70 Hino FD1/2/3H#/J# 89~ 5t front (2 втулки 25-31-68) SKV,2,11386,SKV,48120-3152,Москва
2026-03-25 09:00:03,Рессора в сборе HPR5 / 48230-5320 11/13*70 Hino FD1/2/3H#/J# 89~ 5t rear (1 втулка 30-36-68) SKV,18,17375,SKV,48230-5320,Москва
2026-03-25 09:00:03,Рессора в сборе IPF5 / 1-51130-088-0 Isuzu FRR/FRD/FSR 93~ 5t front 7 листов 2 втулки 25-30-68 SKV,6,14092,SKV,1-51130-088-0,Москва
2026-03-25 09:00:03,Рессора в сборе IPR2940 / 1-51410-294-0 20*90 Isuzu 10t CYZ51 (левый руль) rear SKV,2,29660,SKV,1-51410-294-0,Москва
2026-03-25 09:00:03,Рессора в сборе MB391393V 15*70 Canter FE335/37/435/37/39 rear с перем. толщ. 2 втулки 28-34-68 SKV,2,6527,SKV,MB391393V,Москва
2026-03-25 09:00:03,Рессора в сборе MK470171 11*70 FUSO CANTER front (втулки 43-40-36) SKV,48,8813,SKV,MK470171,Москва
2026-03-25 09:00:03,Рессора в сборе ML291240 MMC Canter TF E-5 front (обич.) SKV,13,8307,SKV,ML291240,Москва
2026-03-25 09:00:03,Рессора в сборе MPF5 d-10.5mm / MC090304 11/13*70 Fuso 5t FK6# front (2 втулки 28-34-68) SKV,72,13496,SKV,MC090304,Москва
2026-03-25 09:00:03,Рессора в сборе WG9425523010/1 FR HOWO ORIG,9,29768,Howo,WG9425523010,Москва
2026-03-25 09:00:03,Рессора лист 1-51412-118-0 (спецтехн) ISUZU 5t FRR/FSR/FRD 97 подкоренной rear,2,2402,JMC,1-51412-118-0,Москва
2026-03-25 09:00:03,Рессора перед в сборе D-126779 / 2902010LG010 JAC N120/КАМАЗ Компас Дизель,2,29568,Дизель,D-126779,Москва
2026-03-25 09:00:03,Рессора подрессорник 8-97135-078-0 10*70 Isuzu ELF NPR/NQR rear SKV,78,4435,SKV,8-97135-078-0,Москва
2026-03-25 09:00:03,Рессора поперечная в сборе MK382259 14*110 Canter FE70/72/74 (2 листа + 2 проставки) SKV !,1,7254,SKV,MK382259,Москва
2026-03-25 09:00:03,"Рессора универсальная без 1,2 листов UNI-735 70-13-1100/900/700/500/300 к HPR5 SKV",4,7322,SKV,UNI-735,Москва
2026-03-25 09:00:03,Решетка бампера правая HNPR03018/004-012-HNU-R SH-2004 RH GA !,3,972,JMC,004-012-HNU-R,Москва
2026-03-25 09:00:03,Решетка бампера центр HNPR03017/004-012-HNU-C SH-2004 GA !,2,972,JMC,004-012-HNU-C,Москва
2026-03-25 09:00:03,Решетка радиатора 102см IZNR94013/8-87076-580-2 ISUZU ELF NKR 2004 2008,2,1697,JMC,8-87076-580-2,Москва
2026-03-25 09:00:03,Решетка радиатора 8-97583-047-0/2/3/4 N-series Diesel дефект,1,581,Дизель,8-97583-047-0,Москва
2026-03-25 09:00:03,Решетка радиатора 8401100LE010 N75/N120 JAC (NON-GENUINE) дефект,1,1734,Дизель,8401100LE010,Москва
2026-03-25 09:00:03,Решетка радиатора D-126294 / 86310-5H000 Hyundai HD72 Дизель,1,2100,Дизель,D-126294,Москва
2026-03-25 09:00:03,Решетка радиатора D-128113 / 8-97583-047-0/2/3/4 N-series Дизель,2,1898,Дизель,D-128113,Москва
2026-03-25 09:00:03,Решетка радиатора D-128859 / 1-71117-252-6 ISUZU Дизель,1,5995,Дизель,D-128859,Москва
2026-03-25 09:00:03,Решетка радиатора MC974693 Fuso Canter TF ORIG,2,24695,Mitsubishi,MC974693,Москва
2026-03-25 09:00:03,Рокер 8-98025-059-4 N-series 4JJ1 ORIG,3,2047,Isuzu,8-98025-059-4,Москва
2026-03-25 09:00:03,Рокер D-128009 / 8-98025-059-4 N-series 4JJ1 Дизель,2,1309,Дизель,D-128009,Москва
2026-03-25 09:00:03,Рокер D-128010 / 8-98029-537-6 / 8-97364-808-3 N-series 4JJ1 Дизель,2,1309,Дизель,D-128010,Москва
2026-03-25 09:00:03,Рокер впускного клапана 24531-42501 HYUNDAI PORTER ORIG,4,1527,Hyundai-Kia,24531-42501,Москва
2026-03-25 09:00:03,Рокер впускного клапана 8-97306-421-3 4HK1/6HK1 F/N-series ORIG,1,2227,Isuzu,8973064213,Москва
2026-03-25 09:00:03,Рокер впускного клапана D-128084/8-97306-421-3 4HK1/6HK1 F/N-series Дизель,15,1148,Дизель,D-128084,Москва
2026-03-25 09:00:03,Рокер выпускного клапана 24529-42501 HYUNDAI PORTER ORIG,4,1527,Hyundai-Kia,24529-42501,Москва
2026-03-25 09:00:03,Рокер выпускного клапана D-128085 / 8-97306-424-3 4HK1 6HK1 F/N-series Дизель,1,1492,Дизель,D-128085,Москва
2026-03-25 09:00:03,Рокер клапана 1-12611-249-0 ORIG,2,2549,Isuzu,1-12611-249-0,Москва
2026-03-25 09:00:03,"Рокер клапана 8-94152-344-0 4JB1/4JH1 N,Q-series ORIG",2,2130,Isuzu,8-94152-344-0,Москва
2026-03-25 09:00:03,Ролик D-125983 / 612600061256 JAC N350 WP10 E-5 Дизель,1,3962,Дизель,D-125983,Москва
2026-03-25 09:00:03,Ролик задней тормозной колодки D-129533 / 3502394-A0E/B FAW J6 Дизель,10,722,Дизель,D-129533,Москва
2026-03-25 09:00:03,Ролик натяжитель приводного ремня D-129946 / 092V95800-7478 HOWO T5G Дизель,1,3307,Дизель,D-129946,Москва
2026-03-25 09:00:03,Ролик натяжительный ремня ГРМ Grace E45006JC/TR-32000,1,406,JMC,E45006JC,Москва
2026-03-25 09:00:03,"Ролик натяжителя приводного ремня 8-98073-261-0 4HK1-TCC F,N-series ORIG",1,9406,Isuzu,8-98073-261-0,Москва
2026-03-25 09:00:03,Ролик натяжителя ремня 504006261 / 901310 / 2739901 EMMERRE !,1,2683,Emmerre,901310,Москва
2026-03-25 09:00:03,Ролик натяжителя ремня грм 1023608GD150 JAC S5 ORIG,2,1020,JAC,1023608GD150,Москва
2026-03-25 09:00:03,Ролик натяжной автоматический D-126936 / 1023010C36D / 1023010A36D FAW J5/J6 Дизель,1,1712,Дизель,D-126936,Москва
2026-03-25 09:00:03,Ролик натяжной в сборе D-128320 / 202V95800-7476 SITRAK C7H Дизель,1,2113,Дизель,D-128320,Москва
2026-03-25 09:00:03,Ролик обводной D-129535 / 611600060031 Weichai WP10 Дизель,4,11560,Дизель,D-129535,Москва
2026-03-25 09:00:03,Ролик передней тормозной колодки D-129874 / WG9100440021 HOWO T5G Дизель,4,304,Дизель,D-129874,Москва
2026-03-25 09:00:03,Ролик приводного ремня D-130487 / 201V95800-6099 HOWO T5G Дизель,1,1092,Дизель,D-130487,Москва
2026-03-25 09:00:03,"Ролик ручейковый D-126935 / 5265369 JAC N120, Камаз Cummins ISF3.8 Е-5 Дизель",1,1778,Дизель,D-126935,Москва
2026-03-25 09:00:03,Ролик тормозной колодки HBR-018 47890-1100 Front Hino ALL PM,4,966,Paul Master,HBR-018,Москва
2026-03-25 09:00:03,Ротор стартера ME753540 Fuso Canter Euro 5 ORIG,7,30770,Mitsubishi,ME753540,Москва
2026-03-25 09:00:03,Рукав (шланг) маслобензостойкий D-129537 / TUC20 ф 12 мм Рраб=20 Дизель,6,550,Дизель,D-129537,Москва
2026-03-25 09:00:03,"Рулевой кардан D-125735 / 8-97378-632-0 NPR 4JH1 NQR71, NQR75 Дизель",6,1406,Дизель,D-125735,Москва
2026-03-25 09:00:03,Рулевой механизм в сборе 3401100U1510-B JAC ORIG,1,13810,JAC,3401100U1510-B,Москва
2026-03-25 09:00:03,Рулевой механизм ГУР D-126600 / AZ962547006417 Sitrak C7H Дизель,1,49181,Дизель,D-126600,Москва
2026-03-25 09:00:03,Ручка внутр L 6105140W5000 JAC N35 ORIG,1,589,JAC,6105140W5000,Москва
2026-03-25 09:00:03,Ручка внутренняя левой двери 82310-5H001 Hyundai HD35-72 ORIG,13,1332,Hyundai-Kia,82310-5H001,Москва
2026-03-25 09:00:03,Ручка внутренняя правой двери 82320-5H001 Hyundai HD35-72 ORIG,2,1545,Hyundai-Kia,82320-5H001,Москва
2026-03-25 09:00:03,Ручка двери MC142095 LH CANTER LIGHT TRUCK 96` Y,1,790,Yamasida,MC142095,Москва
2026-03-25 09:00:03,Ручка двери внутр. 6617663743 Istana !,2,89,Дизель,6617663743,Москва
2026-03-25 09:00:03,Ручка двери внутренняя левая D-129106 / 82310-5H001 Hyundai HD35/72 Дизель,10,365,Дизель,D-129106,Москва
2026-03-25 09:00:03,Ручка двери внутренняя правая 82320-7A002 Hyundai HD120 ORIG,1,776,Hyundai-Kia,82320-7A002,Москва
2026-03-25 09:00:03,Ручка двери кабины внутренняя правая 8-97405-309-1 NPR75/NMR/NLR85/NQR/FSR90 ORIG,1,662,Isuzu,8-97405-309-1,Москва
2026-03-25 09:00:03,Ручка двери кабины левая/правая 504254457 / 560/195 Covind !,1,3436,Covind,560/195,Москва
2026-03-25 09:00:03,Ручка двери наруж лев D-125984 / 82330-Y4010XG JAC N350 Дизель,1,729,Дизель,D-125984,Москва
2026-03-25 09:00:03,Ручка двери наруж прав D-125985 / 82340-Y4010XG JAC N350 Дизель,1,766,Дизель,D-125985,Москва
2026-03-25 09:00:03,Ручка двери наружная LH D-126297 / 82330-7C000 HYUNDAI HD120/250 Дизель,10,1329,Дизель,D-126297,Москва
2026-03-25 09:00:03,Ручка двери наружная LH D-128732 / MC142095 CANTER LIGHT TRUCK 96` Дизель,6,648,Дизель,D-128732,Москва
2026-03-25 09:00:03,Ручка двери наружная передняя левая D-125057/8-98037-100-0/2 700P 4HK1 NLR85/NMR85/NPR75 Дизель,2,771,Дизель,D-125057,Москва
2026-03-25 09:00:03,Ручка двери наружная правая D-126426 / 8-97852-107-5 NQR/NKR Дизель,2,315,Дизель,D-126426,Москва
2026-03-25 09:00:03,Ручка капота D-126780 / 86480-Y5010B JAC N350 Дизель,1,274,Дизель,D-126780,Москва
2026-03-25 09:00:03,Ручка капота D-128860 / 1-71998-939-3 ISUZU Дизель,4,1096,Дизель,D-128860,Москва
2026-03-25 09:00:03,Ручка капота D-128861 / 1-71998-940-3 ISUZU Дизель,4,1096,Дизель,D-128861,Москва
2026-03-25 09:00:03,Ручка капота левая 8-98036-565-1 FVR34 ORIG,3,2837,Isuzu,8-98036-565-1,Москва
2026-03-25 09:00:03,Ручка левой двери внутр 6105500LE010 N75/120 JAC ORIG,3,407,JAC,6105500LE010,Москва
2026-03-25 09:00:03,Ручка наруж R 6105230W5000 JAC N35 ORIG,1,816,JAC,6105230W5000,Москва
2026-03-25 09:00:03,Ручка открытия капота 8401300W5000 JAC N35 ORIG,1,218,JAC,8401300W5000,Москва
2026-03-25 09:00:03,Рычаг (поводок) стеклоочистителя левый 8-97226-888-0 NQR75/NQR71 ORIG,2,3342,Isuzu,8-97226-888-0,Москва
2026-03-25 09:00:03,Рычаг (поводок) стеклоочистителя левый D-125010 / 8-98053-780-0 N-series Дизель,1,660,Дизель,D-125010,Москва
2026-03-25 09:00:03,Рычаг (поводок) стеклоочистителя правый 8-97226-887-0 NQR75/NQR71 ORIG,1,3495,Isuzu,8-97226-887-0,Москва
2026-03-25 09:00:03,Рычаг (поводок) стеклоочистителя центральный 8-98078-975-1 FVR34 ORIG,3,3794,Isuzu,8-98078-975-1,Москва
2026-03-25 09:00:03,Рычаг КПП 43700-4E020 KIA BONGO-3 ORIG,1,6416,Hyundai-Kia,43700-4E020,Москва
2026-03-25 09:00:03,Рычаг маятниковый D-127716 / 56631-Y3BH0 JAC N350 Дизель,1,4091,Дизель,D-127716,Москва
2026-03-25 09:00:03,Рычаг нижний левый в сборе 8-98025-505-0 ISUZU оригинал,1,34492,Isuzu,8-98025-505-0,Москва
2026-03-25 09:00:03,Рычаг нижний правый в сборе 8-98025-504-0 ISUZU ORIG,1,34492,Isuzu,8-98025-504-0,Москва
2026-03-25 09:00:03,Рычаг регулировочный (трещетка) D-130510 / AZ4008457001 HOWO T5G Дизель,1,3531,Дизель,D-130510,Москва
2026-03-25 09:00:03,Рычаг регулировочный заднего тормоза 35D02050-A / MAN20250516 FAW Дизель,3,1032,Дизель,35D02050-A,Москва
2026-03-25 09:00:03,Рычаг регулировочный перед лев Z=10 D-129539 / 3501205242 FAW J6 Дизель,4,1350,Дизель,D-129539,Москва
2026-03-25 09:00:03,Рычаг регулировочный перед прав Z=10 D-129540 / 3501210242 FAW J6 Дизель,4,1350,Дизель,D-129540,Москва
2026-03-25 09:00:03,Рычаг регулировочный передний левый D-129541 / QT026AQ16-3551010 1066 FAW Дизель,1,4368,Дизель,D-129541,Москва
2026-03-25 09:00:03,Рычаг регулировочный передний правый D-129542 / QT026AQ16-3551020 1066 FAW Дизель,1,4368,Дизель,D-129542,Москва
2026-03-25 09:00:03,Рычаг рулевой D-128437 / 3001034A1H FAW Дизель,1,1434,Дизель,D-128437,Москва
2026-03-25 09:00:03,Рычаг стабилизатора D-125987 / 54650-Y5CH0 JAC N350 Дизель,1,3715,Дизель,D-125987,Москва
2026-03-25 09:00:03,Рычаг тормозной D-128698 / 3502205-A0E / СК9333 FAW J6 Дизель,1,3350,Дизель,D-128698,Москва
2026-03-25 09:00:03,Сайленблок кабины 95167-Z2000 Nissan /,2,386,Rich,95167-Z2000,Москва
2026-03-25 09:00:03,Сайленблок нижнего переднего рычага SNS-7841 54560-22T10-S Schmaco !,8,899,Schmaco,SNS-7841,Москва
2026-03-25 09:00:03,Сайленблок подвески кабины 500351393 / 53472 Auger !,4,937,Auger,53472,Москва
2026-03-25 09:00:03,Сайленблок подвески кабины 500357265 / 53480 Auger !,6,1055,Auger,53480,Москва
2026-03-25 09:00:03,Сайленблок подвески кабины 52000 Auger !,2,862,Auger,52000,Москва
2026-03-25 09:00:03,Сайленблок стабилизатора 52954 AUGER,12,437,Auger,52954,Москва
2026-03-25 09:00:03,Сайлентблок 49305-1580/S4930-51720 FR1KZH (8) HINO (ORIGINAL),1,2692,hino,S4930-51720,Москва
2026-03-25 09:00:03,Сайлентблок AAMIS1006 8-97357-492-0/8-94234-319-0/55046-HC300 MD-2081 17x30x35 (TENAC,4,58,JMC,8-97357-492-0,Москва
2026-03-25 09:00:03,Сайлентблок BH21159,2,370,JMC,BH21159,Москва
2026-03-25 09:00:03,Сайлентблок MZAB-070 0191-28-330/3874-28-330 17x32x35 (YAC),1,132,JMC,3874-28-330,Москва
2026-03-25 09:00:03,Сайлентблок V-образной тяги 54185/A0003503705 / 0003504205 Mercedes/Auger !,3,1353,Auger,54185,Москва
2026-03-25 09:00:03,Сайлентблок амортизатора кабины 500398364 Iveco Orig,4,960,Iveco,500398364,Москва
2026-03-25 09:00:03,Сайлентблок заднего стабилизатора 1-51779-055-0 28*62*64(55) CX#CY#EX# 86~ ORIG,2,3793,Isuzu,1-51779-055-0,Москва
2026-03-25 09:00:03,Сайлентблок задней реактивной тяги D-126047 / 55540-Y3070-1 JAC N350 N410 Дизель,1,2323,Дизель,D-126047,Москва
2026-03-25 09:00:03,Сайлентблок кабины 1-53458-714-0/8-97798-840-0 ORIG,17,4907,Isuzu,1-53458-714-0,Москва
2026-03-25 09:00:03,Сайлентблок кабины 3036201SKV 40*73*47 MB ACTROS SKV,12,828,SKV,3036201SKV,Москва
2026-03-25 09:00:03,Сайлентблок кабины 52406-1080 / SHN-4175 HINO FH/FS/SH/SS Schmaco !,4,1365,Schmaco,SHN-4175,Москва
2026-03-25 09:00:03,Сайлентблок кабины 52406-1190 / SHN-4176 HINO FH/FS/SH/SS Schmaco !,4,811,Schmaco,SHN-4176,Москва
2026-03-25 09:00:03,Сайлентблок кабины 64265-7B000 HYUNDAI HD500 ORIG,1,689,Hyundai-Kia,64265-7B000,Москва
2026-03-25 09:00:03,Сайлентблок кабины 8-94380-614-0 ORIG,3,2318,Isuzu,8-94380-614-0,Москва
2026-03-25 09:00:03,Сайлентблок кабины 8-97096-893-0 N-series ORIG,4,1676,Isuzu,8-97096-893-0,Москва
2026-03-25 09:00:03,Сайлентблок кабины 95167-Z5000 / Z5002 / Z2005 Nissan TZG !,4,503,Дизель,TN-014,Москва
2026-03-25 09:00:03,Сайлентблок кабины D-128012 / 1-53458-714-0 ISUZU CX#/CY#/CV#/EX# 87~ Дизель,2,1027,Дизель,D-128012,Москва
2026-03-25 09:00:03,Сайлентблок кабины D-128862 / 8-97095-148-1 Дизель,2,443,Дизель,D-128862,Москва
2026-03-25 09:00:03,Сайлентблок кабины D-128923 / MC317539 / MC441200 / MC444170 / ME876757 / 444170001 FUSO Дизель,24,1091,Дизель,D-128923,Москва
2026-03-25 09:00:03,Сайлентблок кабины D-130149 / 52406-1190 / HN-4B176 Дизель,2,723,Дизель,D-130149,Москва
2026-03-25 09:00:03,Сайлентблок кабины D-130242 / 52406-1070 (16mm) Hino Дизель,2,594,Дизель,D-130242,Москва
2026-03-25 09:00:03,Сайлентблок кабины D-130862 / 95167-Z2000 Nissan TZG Дизель,2,370,Дизель,D-130862,Москва
2026-03-25 09:00:03,Сайлентблок кабины перед D-126606 / 810-96210-0609 Sitrak C7H Дизель,1,732,Дизель,D-126606,Москва
2026-03-25 09:00:03,"Сайлентблок кабины передний 25х100х123,5 мм A9423172012 / A9423172112/ 480403 DieselTechnic !",2,3971,Diesel Technic,4.80403,Москва
2026-03-25 09:00:03,"Сайлентблок кабины передний 53234/ A9423172012 / A9423172112/53236 /3234 / 011225 25х100х123,5 мм Auger",4,1914,Auger,53234,Москва
2026-03-25 09:00:03,Сайлентблок переднего стабилизатора SMS-009T8 Schmaco,2,1383,JMC,SMS-009T8,Москва
2026-03-25 09:00:03,Сайлентблок передней рессоры 2912020E0 JAC N75/80 КАМАЗ Компас-9 ORIG,4,179,JAC,2912020E0,Москва
2026-03-25 09:00:03,Сайлентблок реактивной тяги 1-51519-113-1/0 ORIG,18,4070,Isuzu,1-51519-113-0,Москва
2026-03-25 09:00:03,Сайлентблок реактивной тяги 1-51519-113-1/0/1-87411-074-2 ORIG CHINA,671,1802,Isuzu,1-87411-074-2,Москва
2026-03-25 09:00:03,Сайлентблок реактивной тяги 55554-7C000 HYUNDAI HD250/HD260 ORIG,2,3712,Hyundai-Kia,55554-7C000,Москва
2026-03-25 09:00:03,Сайлентблок реактивной тяги D-127431 / 55542-Z2008 / 1-87411-074-2 / 1-51519-113-1 10т TRC Дизель,185,1199,Дизель,D-127431,Москва
2026-03-25 09:00:03,Сайлентблок реактивной тяги D-127431-D / 55542-Z2008 / 1-87411-074-2 / 1-51519-113-1 10т TZG Дизель,48,1639,Дизель,D-127431-D,Москва
2026-03-25 09:00:03,Сайлентблок реактивной штанги 53963 / A0003503605 / 28705 Mercedes/Auger !,2,3590,Auger,53963,Москва
2026-03-25 09:00:03,Сайлентблок реактивных тяг D-130341 / TRB-105SK-A / 55542-Z2008 / 1-87411-074-2 / 1-51519-113 Дизель,1,1568,Дизель,D-130341,Москва
2026-03-25 09:00:03,Сайлентблок рессорный 0680-34-330-S / FTD-02007-M5 KS RB-3005 (d=17 D=36 L=48) Schmaco !,20,155,Schmaco,SFD-02007,Москва
2026-03-25 09:00:03,Сайлентблок рессорный 2912020Z2 N120 JAC ORIG,2,287,JAC,2912020Z2,Москва
2026-03-25 09:00:03,Сайлентблок рессорный 9-51151-023-0-S / SIZ-7200 Schmaco,2,328,Schmaco,SIZ-7200,Москва
2026-03-25 09:00:03,Сайлентблок рессорный 9-51151-023-0/IZ-7S200,4,224,JMC,9-51151-023-0,Москва
2026-03-25 09:00:03,Сайлентблок рессорный D-129547 / 2912020Z2 N120 JAC Дизель,2,269,Дизель,D-129547,Москва
2026-03-25 09:00:03,Сайлентблок рессоры 2658301 SKV,29,314,SKV,2658301,Москва
2026-03-25 09:00:03,Сайлентблок рессоры D-127052 / 54148-5H050 HD45 HD46 HD65 HD72 HD78 Дизель,93,211,Дизель,D-127052,Москва
2026-03-25 09:00:03,"Сайлентблок рессоры передней D-126943 / 2902120-371/E 60,5*24*95 FAW Дизель",2,594,Дизель,D-126943,Москва
2026-03-25 09:00:03,Сайлентблок рычага 54522-4E000 (аналог) BONGO III 2.9 !,4,237,Shinhwa,54522-4E000,Москва
2026-03-25 09:00:03,Сайлентблок рычага D-128538 / MK335060 MMC CANTER Дизель,70,319,Дизель,D-128538,Москва
2026-03-25 09:00:03,"Сайлентблок рычага верхний NISSAN TERRANO I-II 86-06, VANETTE 86-94 BH22029 JIKIU",2,271,JMC,BH22029,Москва
2026-03-25 09:00:03,Сайлентблок стабилизатора 1-51779-067-0 / 1-51779-019-0 RR FVR34 ORIG,2,2169,Isuzu,1-51779-067-0,Москва
2026-03-25 09:00:03,Сайлентблок стабилизатора 1966501SKV,19,327,SKV,1966501SKV,Москва
2026-03-25 09:00:03,Сайлентблок стабилизатора 51112 /A0003237985 / A0003237585 / 480386 / Mercedes/Auger,1,384,Auger,51112,Москва
2026-03-25 09:00:03,Сайлентблок стабилизатора A0003237985 / A0003237585 / 480386 / 51112 Mercedes/Daubert !,1,460,Дизель,A0003237985,Москва
2026-03-25 09:00:03,Сайлентблок стабилизатора D-126604 / AZ9925688204 R Sitrak C7H Дизель,14,832,Дизель,D-126604,Москва
2026-03-25 09:00:03,Сайлентблок стабилизатора зад 1780680035 HOWO/SHACMAN X3000,2,215,JMC,1780680035,Москва
2026-03-25 09:00:03,Сайлентблок торсиона кабины D-130652 / AZ1642430061 HOWO Дизель,1,231,Дизель,D-130652,Москва
2026-03-25 09:00:03,Сайлентблок торсиона кабины D-130691 / 81.96210.0437 SHACMAN Дизель,2,599,Дизель,D-130691,Москва
2026-03-25 09:00:03,Сальник / 114-17-0029 / 77-102-10-16.3 / КИТАЙ / I3585 / 8943363141; 8-94336-314-1; 8943679590; 8-94,2,375,Zevs,8-94336-314-1,Москва
2026-03-25 09:00:03,Сальник 11*22*7 90311-11128 / T1259,2,270,JMC,90311-11128,Москва
2026-03-25 09:00:03,"Сальник 126*150*14 12279-96006 N2021/AH4414 Payen NJ230 NI (КВ з. PE6, RD8,",2,1424,JMC,12279-96006,Москва
2026-03-25 09:00:03,Сальник 21321-42041 Grace,1,164,HOS,21321-42041,Москва
2026-03-25 09:00:03,Сальник 33216-01J00/33216-33G00/33216-33G01 40 X 75 X 12 X 17.5 SNBR Y,15,258,Yamasida,33216-01J00,Москва
2026-03-25 09:00:03,Сальник 41*56*7 43252-H1000/N2125 / NJ036 NIS NOK/Nissan,2,105,Дизель,43252-H1000,Москва
2026-03-25 09:00:03,Сальник 42*76*12*21 N2007 / NJ684,1,337,Musashi,38189C7000,Москва
2026-03-25 09:00:03,Сальник 48x109x13 9828-48112 H3080/BE2582-F0 KOYO,2,326,KOYO,9828-48112,Москва
2026-03-25 09:00:03,"Сальник 54*66*7,5*10 90311-54003 T1197/BD3236-F0/NJ996",1,144,JMC,90311-54003,Москва
2026-03-25 09:00:03,"Сальник 55*78*12 37526-50Z00/1314 0020 01 F4022 Payen NJ258 (КВ п. 4D30, 6D31 +",2,257,JMC,3752650Z00,Москва
2026-03-25 09:00:03,Сальник 61500010047 Howo,2,282,JMC,61500010047,Москва
2026-03-25 09:00:03,Сальник 61500010047 Howo/,5,239,Howo,61500010047,Москва
2026-03-25 09:00:03,Сальник 63*100*12 H3013 / 9828-63104 / 1-828-6301-00 Payen NJ462 HI,2,484,Musashi,9828-63104,Москва
2026-03-25 09:00:03,Сальник 65*95*14*20.5 9828-65000,1,523,NOK,9828-65000,Москва
2026-03-25 09:00:03,"Сальник 66x134x16 Payen NJ774 HI (ступичный R-out FF, FG, KG) NJ774",2,239,JMC,NJ774,Москва
2026-03-25 09:00:03,"Сальник 68*124*11,5/27 1-09625-017-0/I3504 Y",8,590,Yamasida,1-09625-017-0,Москва
2026-03-25 09:00:03,"Сальник 74,5*99,5*7,7 F4031/NJ398 MUS",2,221,JMC,F4031,Москва
2026-03-25 09:00:03,Сальник 74.4*93.5*6.8 F4101/MB161139/MB005399 NK058 Musashi,2,113,JMC,F4101,Москва
2026-03-25 09:00:03,"Сальник 78,5*95,1*7,5 43213-76000 MUS №2116 NISSAN NDK",2,241,JMC,43213-76000,Москва
2026-03-25 09:00:03,Сальник 80*100*8.5 90311-80003/80004/80007/80009/ 12279-5L300/90043-11230 N2351/NJ360,1,275,JMC,90311-80003,Москва
2026-03-25 09:00:03,Сальник 80*162*12*41.5 F4216 / MH034131,2,1276,NOK,MH034131,Москва
2026-03-25 09:00:03,Сальник A0149972947 Mercedes ориг !,2,774,Mercedes,A 014 997 29 47,Москва
2026-03-25 09:00:03,Сальник AE7637E --- 35-56-7 --- --- NOK / 17987,2,191,JMC,AE7637E,Москва
2026-03-25 09:00:03,Сальник AZ9761322430 Howo 77*110.5*17 Tora,2,154,JMC,AZ9761322430,Москва
2026-03-25 09:00:03,Сальник AZ9761322430 Howo/ 77*110.5*17 Tora,1,298,Howo,AZ9761322430,Москва
2026-03-25 09:00:03,Сальник cтупицы R int D-128865 / 8-94336-316-1 / 8-94367-958-0 / I3513 NPR/NQR-LHD99 Дизель,20,189,Дизель,D-128865,Москва
2026-03-25 09:00:03,"Сальник cтупицы передней D-127976 / 90311-68003 / T1345 68*92*10/13 DYNA, HINO Дизель",5,170,Дизель,D-127976,Москва
2026-03-25 09:00:03,Сальник F500A-1802191 Howo/ 52*72*10 CNHTC,1,205,Howo,F500A-1802191,Москва
2026-03-25 09:00:03,Сальник F91410 47.63*65.07*6.35 Foton/,1,150,Foton,F91410,Москва
2026-03-25 09:00:03,Сальник ISUZU / 68-124-11.5-27 / / 04-3504 / 1096250170; 1-09625-017-0; 1096253830; 1-09625-383-0 /,2,714,TOKKO,04-3504,Москва
2026-03-25 09:00:03,Сальник M4535 W029-33-065 65*100*12 ступицаПеред MUSASHI,2,458,Musashi,W029-33-065,Москва
2026-03-25 09:00:03,Сальник QD431-13T00180 40*58*8 Y,64,165,Yamasida,QD431-13T00180,Москва
2026-03-25 09:00:03,Сальник R ступицы внешний D-127960 / 8943363151 /-2 / 8943679611 / 8982029110 46*94**8/10 Дизель,49,139,Дизель,D-127960,Москва
2026-03-25 09:00:03,Сальник R ступицы внешний D-127971 / MB308966 56*114*10 FUSO CANTER (2T~) SNBR Дизель,63,261,Дизель,D-127971,Москва
2026-03-25 09:00:03,Сальник R ступицы внешняя D-127963 / 8-94336-317-2 / 9-09724-019-0 / 8-94367-960-1 / I3608 Дизель,173,136,Дизель,D-127963,Москва
2026-03-25 09:00:03,Сальник R ступицы внутренний D-127966 / 982801193 / H3058 / N2221 154*175*13 NBR HINO #700 Дизель,7,231,Дизель,D-127966,Москва
2026-03-25 09:00:03,"Сальник R ступицы внутренний D-127967 / 9031178001 / T1309 78*115*10/20 DYNA,TOYOACE, HINO300 Дизель",2,227,Дизель,D-127967,Москва
2026-03-25 09:00:03,Сальник R ступицы внутренний D-127968 / 8-97122-937-0 82*121*12/19 NQR71/75 Дизель,177,228,Дизель,D-127968,Москва
2026-03-25 09:00:03,Сальник R ступицы наружный D-127969 / 9828-57103 / SZ319-57001 / H3078 57*124*13 Дизель,2,191,Дизель,D-127969,Москва
2026-03-25 09:00:03,Сальник TJ-828 Howo Tora 47.5*65*6.5,1,114,Howo,828 TJ,Москва
2026-03-25 09:00:03,Сальник TOYOTA / 22-32-8 / На кулису МКПП / AC7746-E0 / 9031122009; 90311-22009 / NOK,1,132,Zevs,90311-22009,Москва
2026-03-25 09:00:03,Сальник вакуумного усилителя тормозов 8-94152-349-0 ORIG,1,447,Isuzu,8-94152-349-0,Москва
2026-03-25 09:00:03,Сальник вала балансира 1-09625-146-0 CXH/CXG ORIG,8,1475,Isuzu,1-09625-146-0,Москва
2026-03-25 09:00:03,"Сальник вала балансира 145*175*15,3 55515-00Z00 NBR Y",5,693,Yamasida,55515-00Z00,Москва
2026-03-25 09:00:03,Сальник вала балансира 154*185*19 MC095475/BZ5618-E0 FUSO FU/FV Y,10,1605,Yamasida,MC095475,Москва
2026-03-25 09:00:03,Сальник вала балансира 155*185*13/16 1-51389-005-0 CXZ Y,16,1008,Yamasida,1-51389-005-0,Москва
2026-03-25 09:00:03,Сальник вала балансира 165*195*19/21 12857-16700 Fuso NBR Y,2,855,Yamasida,12857-16700,Москва
2026-03-25 09:00:03,Сальник вала балансира 2638990/17298081/740066 Iveco !,4,321,Iveco,2638990,Москва
2026-03-25 09:00:03,Сальник вала балансира D-125059 / 1-51389-005-0 155*185*13/16 Дизель,25,333,Дизель,D-125059,Москва
2026-03-25 09:00:03,Сальник вала балансира D-128255 / 1-09625-146-0 130*160*13/16 CXH CXG Дизель,6,510,Дизель,D-128255,Москва
2026-03-25 09:00:03,"Сальник вала балансира D-128623 / AZ9114520223 160х185х10,5 HOWO Дизель",2,187,Дизель,D-128623,Москва
2026-03-25 09:00:03,"Сальник вала балансира D-128635 / DZ91259520512 160х194х10,5 SCHACMAN X3000 Дизель",10,248,Дизель,D-128635,Москва
2026-03-25 09:00:03,Сальник вала выбора передач 1-33549-462-0 КПП ZF9S1110 FVR34 ORIG,1,1636,Isuzu,1-33549-462-0,Москва
2026-03-25 09:00:03,Сальник вала КПП 48*60*9 SZ319-48007/H3098 HINO300/500 GD8JLSA/FC3JLE/FC6JGF/FD7 Y,6,204,Yamasida,SZ319-48007,Москва
2026-03-25 09:00:03,Сальник вала КПП 60531122/A3892610865 / A3892610665 Euroricambi !,2,1950,Euroricambi,60.53.1122,Москва
2026-03-25 09:00:03,"Сальник вала переключения передач КПП 8-97363-225-0 N,F-series ORIG",4,393,Isuzu,8-97363-225-0,Москва
2026-03-25 09:00:03,Сальник вторичного вала 50*65*9 43155-5H000 Hyundai HD35-75/MIGHTY ORIG,27,229,Hyundai-Kia,43155-5H000,Москва
2026-03-25 09:00:03,Сальник вторичного вала D-125166 / 8-97253-552-1 MYY5T/MZZ6F Дизель,2,140,Дизель,D-125166,Москва
2026-03-25 09:00:03,"Сальник вторичного вала КПП 40*58*8 43113-P06020 HD65,72,78 Y",4,188,Yamasida,43113-P06020,Москва
2026-03-25 09:00:03,"Сальник КПП MSB5M, MSB5S 45*65*10 8-94178-728-0 / I3512 NBR ISUZU Y",6,170,Yamasida,8-94178-728-0,Москва
2026-03-25 09:00:03,Сальник вторичного вала КПП 45*65*10 8-97257-296-0/8-98189-443-0 Y,7,150,Yamasida,8-97257-296-0,Москва
2026-03-25 09:00:03,Сальник вторичного вала КПП MYY5T /5-ступ 50*63.5*8.5 8-97253-552-1 ISUZU Y,52,150,Yamasida,8-97253-552-1,Москва
2026-03-25 09:00:03,Сальник вторичного вала КПП MZZ6U /6-ступ 58*75*8.5 8-97253-551-1 / I3696 NBR ISUZU Y,14,193,Yamasida,8-97253-551-1,Москва
2026-03-25 09:00:03,Сальник втулки рессоры 30*40*5.8 / MK303902 / LP-5904 Y !,6,180,Yamasida,MK303902,Москва
2026-03-25 09:00:03,Сальник генератора 15*32*7.5*9 8-94156-589-0 Isuzu NPR/NQR Y,1,179,Yamasida,8-94156-589-0,Москва
2026-03-25 09:00:03,Сальник генератора D-128256 / 8-94156-589-0 15*32*7.5/9 Isuzu NPR NQR Дизель,4,87,Дизель,D-128256,Москва
2026-03-25 09:00:03,Сальник гидроусилителя S4439-31050 / LP-5959 / 17*32*8.5 Y,6,139,Yamasida,S4439-31050,Москва
2026-03-25 09:00:03,Сальник главной передачи 85х120х20 12019701B/ A9423530059 / 420478 Mercedes/CORTECO !,6,4169,Corteco,12019701B,Москва
2026-03-25 09:00:03,Сальник ГУР D-128013 / 8-97081-746-0 / 8-94240-929-0 / 8-97264-442-0 / 22.22*35*7 Дизель,1,196,Дизель,D-128013,Москва
2026-03-25 09:00:03,Сальник дифференциала заднего моста 37*58*11X 90311-37003/BH3009 LP-5890 DYNA/TOYOACE Y !,5,128,Yamasida,90311-37003,Москва
2026-03-25 09:00:03,Сальник зад. ступицы 35*41*5.5/9 / 90310-36003 / LP-5887 Y !,8,141,Yamasida,90310-36003,Москва
2026-03-25 09:00:03,Сальник зад. ступицы 75*108*10*15*20 90311-75003 / T1170 DYNA/TOYOACE/HINO Y,10,667,Yamasida,90311-75003,Москва
2026-03-25 09:00:03,Сальник зад. ступицы 8-94367-959-0 NPR55/NKR66 ORIG,1,532,Isuzu,8-94367-959-0,Москва
2026-03-25 09:00:03,"Сальник зад. ступицы внешн. 33*44*7 43252-T6200/N2191 F22,F23 82~ Y",4,158,Yamasida,43252-T6200,Москва
2026-03-25 09:00:03,Сальник зад. ступицы внешн. 38*44*17.5 90310-38033/T1068 Y,4,215,Yamasida,90310-38033,Москва
2026-03-25 09:00:03,"Сальник зад. ступицы внешн. 38*45*8 1416-26-157/M4537 LP-5878 NBR TITAN WE, WG, Bongo SR/SD Y",1,118,Yamasida,1416-26-157,Москва
2026-03-25 09:00:03,Сальник зад. ступицы внешн. 45*53*6.5*8 MH034110 Y,5,169,Yamasida,MH034110,Москва
2026-03-25 09:00:03,Сальник зад. ступицы внешн. 47*56*7 38212-Z5000 / N2074 LP-5839 Nissan DIESEL CL/CM/CG/CW Y,13,148,Yamasida,38212-Z5000,Москва
2026-03-25 09:00:03,Сальник зад. ступицы внешн. 50*70*12*17 43232-01G00 Y !,6,297,Yamasida,43232-01G00,Москва
2026-03-25 09:00:03,Сальник зад. ступицы внешн. 51*94*9.5 43254-0T000/N2278 H41 91~ F24 07~ Y,19,233,Yamasida,43254-0T000,Москва
2026-03-25 09:00:03,Сальник зад. ступицы внешн. 52*112*10.5/15.5 52820-5K300 HD45/65/72/78 04~ SNBR Y,5,529,Yamasida,52820-5K300,Москва
2026-03-25 09:00:03,Сальник зад. ступицы внешн. 56*114*10 MB308966 FUSO CANTER (2T~) SNBR Y,3,659,Yamasida,MB308966,Москва
2026-03-25 09:00:03,"Сальник зад. ступицы внешн. 56*122*10.5 1-09625-331-0 FRR,FRD,NRR 84~ SNBR Y",5,341,Yamasida,1-09625-331-0,Москва
2026-03-25 09:00:03,Сальник зад. ступицы внешн. 57*123*11*21 38212-Z5007/ N2280 Y,1,641,Yamasida,38212-Z5007,Москва
2026-03-25 09:00:03,Сальник зад. ступицы внешн. 57*124*14.5*27 MH034193/ F4176 Y,1,640,Yamasida,MH034193,Москва
2026-03-25 09:00:03,Сальник зад. ступицы внешн. 60*72*12 MH034134/F4044 FP/FT/FS/FU/FV/FW5#/50#/41# Y,1,202,Yamasida,MH034134,Москва
2026-03-25 09:00:03,Сальник зад. ступицы внешн. 65*77*12 MH034135/F4045 FP/FT/FV/FU4#/5# Y,2,187,Yamasida,MH034135,Москва
2026-03-25 09:00:03,"Сальник зад. ступицы внешн. 68*82*7 09061-0001P/N2008 F22,F23 82~ Y",1,292,Yamasida,09061-0001P,Москва
2026-03-25 09:00:03,"Сальник зад. ступицы внешн. 70*82*12,5 MH034133/F4168 Y",6,278,Yamasida,MH034133,Москва
2026-03-25 09:00:03,Сальник зад. ступицы внешн. 74*156*14*22 38212-00Z01/N2287 Y,4,1056,Yamasida,38212-00Z01,Москва
2026-03-25 09:00:03,Сальник зад. ступицы внешн. 76*157*8*19 9828-76101 / 9828-76102 / H3059 HINO TRUCK / #700 Y,1,829,Yamasida,9828-76101,Москва
2026-03-25 09:00:03,Сальник зад. ступицы внутр. 127*146*10 43090-Z5002/Z5001 Nissan UD Y,2,511,Yamasida,43090-Z5002,Москва
2026-03-25 09:00:03,Сальник зад. ступицы внутр. 145*164*14 9828-01204 Y,6,705,Yamasida,9828-01204,Москва
2026-03-25 09:00:03,Сальник зад. ступицы внутр. 154*172*14 MC807438 / F4134 Y,1,653,Yamasida,MC807438,Москва
2026-03-25 09:00:03,Сальник зад. ступицы внутр. 35*55*11 43252-VW000/ N2222 Y,6,136,Yamasida,43252-VW000,Москва
2026-03-25 09:00:03,Сальник зад. ступицы внутр. 38*62*11 43252-T3200/N2167 F22/23TD27/TD25(ALL) 82~ Y,6,180,Yamasida,43252-T3200,Москва
2026-03-25 09:00:03,Сальник зад. ступицы внутр. 40*65*11 43252-VH300/N2364 F23 QD32(ABS) F24 07~ Y !,3,124,Yamasida,43252-VH300,Москва
2026-03-25 09:00:03,"Сальник зад. ступицы внутр. 45*55*7.5 9828-45104/H3004 FD,GD,GX 97~ Y !",6,159,Yamasida,9828-45104,Москва
2026-03-25 09:00:03,Сальник зад. ступицы внутр. 60*72*7.5 38212-90006 Y,2,193,Yamasida,38212-90006,Москва
2026-03-25 09:00:03,Сальник зад. ступицы внутр. 65*90*11.4 43232-11G00/ N2275 Y,1,717,Yamasida,43232-11G00,Москва
2026-03-25 09:00:03,Сальник зад. ступицы внутр. 74*100*10 MB161153 Y,2,414,Yamasida,MB161153,Москва
2026-03-25 09:00:03,"Сальник зад. ступицы внутр. 77*102*18/21,5 8-94336-314-1/8-94367-959-0/l3585 NPR/NKR/NLR85/NMR85/NKR55 Y",14,507,Yamasida,8-94336-314-1,Москва
2026-03-25 09:00:03,Сальник зад. ступицы внутр. 80*113*12/20 8-94336-316-1/8-94367-958-0/I3513 NPR/NQR-LHD99 Y,2,614,Yamasida,8-94336-316-1,Москва
2026-03-25 09:00:03,Сальник зад. ступицы внутр. 82*121*12/19 8-97122-937-0/I3675 NQR71/75 Y,8,546,Yamasida,8-97122-937-0,Москва
2026-03-25 09:00:03,Сальник зад. ступицы внутр. 95*132*12/21.5 1-09625-569-0/I3575 SNBR Y,1,734,Yamasida,1-09625-569-0,Москва
2026-03-25 09:00:03,Сальник зад. ступицы внутр. MH034084 160*182*17 Y,2,501,Yamasida,MH034084,Москва
2026-03-25 09:00:03,Сальник зад. ступицы наруж. 57*124*13 9828-57103/SZ319-57001/H3078 Y,1,850,Yamasida,9828-57103,Москва
2026-03-25 09:00:03,Сальник заднего суппорта D-129548 / 3502153-A0E FAW J6 Дизель,10,171,Дизель,D-129548,Москва
2026-03-25 09:00:03,Сальник задней крышки кпп N-1701522-02 N56 JAC ORIG,5,213,JAC,N-1701522-02,Москва
2026-03-25 09:00:03,Сальник задней оси 80*136*9*25 9828-80114/10/BH5898-E0 SNBR Y,6,903,Yamasida,9828-80114,Москва
2026-03-25 09:00:03,Сальник задней ступицы 180*200*12 40100673 #5445 Iveco Y !,1,361,Yamasida,40100673,Москва
2026-03-25 09:00:03,Сальник задней ступицы 190*220 WG9112340113 Howo,2,1872,Noname,WG9112340113,Москва
2026-03-25 09:00:03,Сальник задней ступицы внеш 46*95*10*14 MB308934/F4152 FD#/FB500/501/51/70A/B 92~ Y,3,385,Yamasida,MB308934,Москва
2026-03-25 09:00:03,Сальник задней ступицы внешн. D-127719 / 4205740430 шасси LE795 с 2020 JAC N80/90 Дизель,1,229,Дизель,D-127719,Москва
2026-03-25 09:00:03,Сальник задней ступицы внутр 110*166*16 52810-87100 Hyundai Universe/AeroCity/AeroQueen ORIG,10,1743,Hyundai-Kia,52810-87100,Москва
2026-03-25 09:00:03,Сальник задней ступицы внутр 4206540580 JAC N35 ORIG,1,90,JAC,4206540580,Москва
2026-03-25 09:00:03,Сальник задней ступицы внутр 75*121*13 W025-26-154A/M4536 Mazda Titan Y,2,528,Yamasida,W025-26-154A,Москва
2026-03-25 09:00:03,Сальник задней ступицы внутр. 8-98037-080-0 N-series ORIG,16,327,Isuzu,8-98037-080-0,Москва
2026-03-25 09:00:03,Сальник задней ступицы внутренний 154*175*12.5/17.5 43090-00Z00 / 9828-01216 Y,1,1186,Yamasida,43090-00Z00,Москва
2026-03-25 09:00:03,Сальник задней ступицы внутренний 4212740940 N80/90 LE795 с 2020г JAC ORIG,2,799,JAC,4212740940,Москва
2026-03-25 09:00:03,Сальник задней ступицы внутренний 4214040960/3104104-g107 N120 JAC ORIG,18,456,JAC,4214040960,Москва
2026-03-25 09:00:03,Сальник задней ступицы внутренний 82*121*12/19 8-97122-937-0/I3675 NQR71/75 ORIG,3,598,Isuzu,8-97122-937-0,Москва
2026-03-25 09:00:03,Сальник задней ступицы внутренний D-127258 / MB308965 85*127*13 Дизель,5,331,Дизель,D-127258,Москва
2026-03-25 09:00:03,Сальник задней ступицы внутренний D-127720 / 4212740940 N80/90 LE795 с 2020г JAC Дизель,6,250,Дизель,D-127720,Москва
2026-03-25 09:00:03,Сальник задней ступицы внутренний K9958555782 BONGO III 2.9 (аналог),2,143,JMC,K9958555782,Москва
2026-03-25 09:00:03,Сальник задней ступицы наружный 66*134*16 9828-66106 Y,2,576,Yamasida,9828-66106,Москва
2026-03-25 09:00:03,Сальник к/в задний 61500010100 JAC N350 WP10 E-5 ORIG,1,1111,JAC,61500010100,Москва
2026-03-25 09:00:03,Сальник к/в перед 61500010037 JAC N350 WP10 E-5 ORIG,1,744,JAC,61500010037,Москва
2026-03-25 09:00:03,Сальник к/вала перед D-126945 / 4890832 JAC N120/Камаз Cummins ISF3.8 Е-5 Дизель,1,627,Дизель,D-126945,Москва
2026-03-25 09:00:03,Сальник коленвала 120*153*13/15 1-09625-524-3 ORIG,3,4256,Isuzu,1-09625-524-3,Москва
2026-03-25 09:00:03,Сальник коленвала 5-09625-079-0 / 8-97049-145-0 ORIG,2,753,Isuzu,8-97049-145-0,Москва
2026-03-25 09:00:03,Сальник коленвала 79*114*15 SZ31179002/90033-19008/19004/9828-79102/79103 J05/S05 SILICONE Y,2,1551,Yamasida,SZ311-79002,Москва
2026-03-25 09:00:03,Сальник коленвала D-128298 / 1002016GD190 JAC T6 Дизель,7,696,Дизель,D-128298,Москва
2026-03-25 09:00:03,Сальник коленвала задний 1-09625-507-1 ORIG,1,4550,Isuzu,1096255071,Москва
2026-03-25 09:00:03,Сальник коленвала задний 100*135*13/17 SZ31101045/90033-19007 J05C/J05S/J06C/J07C/J08C SILICONE Y,1,2053,Yamasida,SZ311-01045,Москва
2026-03-25 09:00:03,Сальник коленвала задний 101*124/13.3 ME240010/BZ4603 CANTER 4D3#/4M40/51 SNBR Y,5,756,Yamasida,ME240010,Москва
2026-03-25 09:00:03,Сальник коленвала задний 112*147*13/15 12279-Z6000 Y,14,1372,Yamasida,12279-Z6000,Москва
2026-03-25 09:00:03,Сальник коленвала задний 114x150x19.5 1-09625-541-2 Isuzu Y !,6,1054,Yamasida,1-09625-541-2,Москва
2026-03-25 09:00:03,Сальник коленвала задний 114x153x19.5 1-09625-540-3 Isuzu Y !,6,948,Yamasida,1-09625-540-3,Москва
2026-03-25 09:00:03,Сальник коленвала 116*151*15 SZ31101041/9828-01223/BZ5377-F0 вн.обойма SILICONE Y,4,1434,Yamasida,SZ311-01041,Москва
2026-03-25 09:00:03,"Сальник коленвала задний 125*155*14*23 9828-01201 K13C,D/EK100 Y",5,602,Yamasida,9828-01201,Москва
2026-03-25 09:00:03,Сальник коленвала задний 132*171.5*13.5*22 ME093335 Y !,6,2506,Yamasida,ME093335,Москва
2026-03-25 09:00:03,Сальник коленвала задний 132*179.5*12.5*22 ME152584 Y !,1,2679,Yamasida,ME152584,Москва
2026-03-25 09:00:03,Сальник коленвала задний 21127-45001 COUNTY/HD45/65/72/78 Y,5,595,Yamasida,21127-45001,Москва
2026-03-25 09:00:03,Сальник коленвала задний 21321-42042 HYUNDAI PORTER ORIG,4,524,Hyundai-Kia,21321-42042,Москва
2026-03-25 09:00:03,Сальник коленвала задний 29122-52002 HYUNDAI D4GA/D6GA HD65/78/120/BOGDAN ORIG,6,1161,Hyundai-Kia,29122-52002,Москва
2026-03-25 09:00:03,Сальник коленвала задний 85*105*10 LP-5894 / 90311-85007 SNBR Y,3,230,Yamasida,90311-85007,Москва
2026-03-25 09:00:03,Сальник коленвала задний 90.5*114*12 ME203250 / F4245 CANTER 4M4# FB/FE70#/71#/72/73/74/83/84 Y,1,341,Yamasida,ME203250,Москва
2026-03-25 09:00:03,Сальник коленвала задний 95*115*9.5*12 90311-95008/95010/95005 T1278/JF-16272/BH4375-G0/AH3982EO Y,2,287,Yamasida,90311-95008,Москва
2026-03-25 09:00:03,Сальник коленвала задний 99x120x13x18 90311-99002 N04C/W04D/1W LP-5895 Y !,4,318,Yamasida,90311-99002,Москва
2026-03-25 09:00:03,Сальник коленвала задний D-126946 / 1005060-53D 150*172*13 FAW CA6DM2 Дизель,1,578,Дизель,D-126946,Москва
2026-03-25 09:00:03,Сальник коленвала задний D-128263 / 1-09625-525-2 111*153*13/15 Дизель,6,633,Дизель,D-128263,Москва
2026-03-25 09:00:03,Сальник коленвала задний D-130497 / 201V01510-0283 HOWO T5G MC11/07/13 Дизель,1,946,Дизель,D-130497,Москва
2026-03-25 09:00:03,Сальник коленвала задний NJ058 80х96х9 Grace,2,778,Payen,NJ058,Москва
2026-03-25 09:00:03,Сальник коленвала коренной 101.57*125*13 SE08-11-399/M4573 SL/HA/VS Y,2,437,Yamasida,SE08-11-399,Москва
2026-03-25 09:00:03,Сальник коленвала коренной 105*125*13 TF20-11-399/M4640 LP-5837 Y,6,380,Yamasida,TF20-11-399,Москва
2026-03-25 09:00:03,Сальник коленвала коренной 110*135*9 12270-Z5502 N. DIESEL / UD CONDOR TRUCK Y,3,224,Yamasida,12270-Z5502,Москва
2026-03-25 09:00:03,"Сальник коленвала коренной 135*165*14/20 SZ311-01021/9828-01168/H3085 EF3#,5#,7#/F17/20 SILIC Y",4,1015,Yamasida,SZ311-01021,Москва
2026-03-25 09:00:03,Сальник коленвала коренной 138*173*13/15 12270-96005 NISSAN PF6# Y,6,1499,Yamasida,12270-96005,Москва
2026-03-25 09:00:03,Сальник коленвала коренной 95*118*10/13 8-97071-561-1 Y,6,794,Yamasida,8-97071-561-1,Москва
2026-03-25 09:00:03,Сальник коленвала перед D-130483 / 200V01510-6008 HOWO T5G MC11 Дизель,1,758,Дизель,D-130483,Москва
2026-03-25 09:00:03,"Сальник коленвала передний 109.5*150*15 12278-97002 NISSAN RE10,RF8,RF10,RG8,RH8,RH10 Y",6,1104,Yamasida,12278-97002,Москва
2026-03-25 09:00:03,Сальник коленвала передний 109*137*13 8-97329-780-0/I3692 NKR/NPR/71/75/FRR 99-09г Y,19,964,Yamasida,8-97329-780-0,Москва
2026-03-25 09:00:03,"Сальник коленвала передний 118*148*20.5 1-09625-556-2/8-97617-308-0 ISUZU 6WA1,6WF1,6WG1 Y",7,1822,Yamasida,1-09625-556-2,Москва
2026-03-25 09:00:03,"Сальник коленвала передний 42x66x11.5x18.5 ME240328/F4256 LP-5899 FUSO CANTER 4M50,4M51 Y",6,640,Yamasida,ME240328,Москва
2026-03-25 09:00:03,Сальник коленвала передний 50.8*69.85*11 SE08-10-602 / M4572 MAZDA Y,4,240,Yamasida,SE08-11-602,Москва
2026-03-25 09:00:03,"Сальник коленвала передний 50*68*7/11 8-97382-606-0 NLR/NMR55,85 4JJ1-T Y",4,524,Yamasida,8-97382-606-0,Москва
2026-03-25 09:00:03,Сальник коленвала передний 55*78*10*16.9 ME017208/21321-45001 COUNTY/HD45/65/72/78/CANTER SIL Y,4,476,Yamasida,21321-45001,Москва
2026-03-25 09:00:03,Сальник коленвала передний 55*78*12 24717-41011 D4AE/D4AL COUNTY/HD65/72 SNBR ORIG,7,257,Hyundai-Kia,24717-41011,Москва
2026-03-25 09:00:03,Сальник коленвала передний 58*75*9*14.5 SZ313-58001/9828-58104/H3106 HINO300/DYNA XZU6#7# Y,2,284,Yamasida,SZ313-58001,Москва
2026-03-25 09:00:03,Сальник коленвала передний 58*80*10 13510-43G00/01 TD23/TD27#/TD42 Y,3,227,Yamasida,13510-43G00,Москва
2026-03-25 09:00:03,Сальник коленвала передний 65*88*12*19 9828-65116 / H3077 NBR HINO Y,6,379,Yamasida,9828-65116,Москва
2026-03-25 09:00:03,"Сальник коленвала передний 65*88*12/19 OK850-10602 SILICON HD120,AeroTown D6DA19/22 Y",2,227,Yamasida,OK850-10602,Москва
2026-03-25 09:00:03,Сальник коленвала передний 70*95*13*20 9828-70110 / H3089 NBR HINO Y !,6,294,Yamasida,9828-70110,Москва
2026-03-25 09:00:03,Сальник коленвала передний 75*100*13*20 SZ313-75002/9828-75140 Y,6,316,Yamasida,SZ313-75002,Москва
2026-03-25 09:00:03,Сальник коленвала 75*114*15 SZ319-75002/9828-75145 FS1E/FQ1E/FE7J/FJ7J 10~ Y,6,1476,Yamasida,SZ319-75002,Москва
2026-03-25 09:00:03,Сальник коленвала передний 76*94*12 ME071269 / F4194 MMC FUSO 6D1# Y,6,290,Yamasida,ME071269,Москва
2026-03-25 09:00:03,"Сальник коленвала передний 8-97071-560-1 4JG2 50*68*7/10,5 ORIG",2,890,Isuzu,8-97071-560-1,Москва
2026-03-25 09:00:03,Сальник коленвала передний 88*123*16 12278-Z6000 Y,6,1009,Yamasida,12278-Z6000,Москва
2026-03-25 09:00:03,Сальник коленвала передний 95*115*12 WG61500010037 Howo,2,491,Howo,WG61500010037,Москва
2026-03-25 09:00:03,Сальник коленвала передний 95*120*13 ME061853 / F4127 MMC FUSO 8DC# /6D2# Y,2,378,Yamasida,ME061853,Москва
2026-03-25 09:00:03,Сальник коленвала передний 95*125*13.5*21.5 ME060124 F4198/BZ1335-E0 Y,33,924,Yamasida,ME060124,Москва
2026-03-25 09:00:03,Сальник коленвала передний 95*135.5*15 12278-00Z00 NISSAN GE13# Y,6,905,Yamasida,12278-00Z00,Москва
2026-03-25 09:00:03,Сальник коленвала передний 96*124*14/21 SZ311-96002/9828-96103 SILICONE Y !,4,297,Yamasida,SZ311-96002,Москва
2026-03-25 09:00:03,Сальник коленвала передний 96*131*17.5 SZ311-96004/9828-96109/BZ5221-EO SILICONE Y,7,1851,Yamasida,SZ311-96004,Москва
2026-03-25 09:00:03,Сальник коленвала передний D-125989 / 61500010037 JAC N350 WP10 E-5 Дизель,1,404,Дизель,D-125989,Москва
2026-03-25 09:00:03,Сальник коленвала передний D-126947 / 1005050-53D 105*140*12 FAW CA6DM2 Дизель,1,500,Дизель,D-126947,Москва
2026-03-25 09:00:03,Сальник коленвала передний D-127973 / 8-97329-780-0 / I3692 109*137*13 NKR NPR FRR Дизель,42,269,Дизель,D-127973,Москва
2026-03-25 09:00:03,Сальник коленвала передний D-128264 / ME071269 76*94*12 MMC FUSO 6D1# Дизель,3,128,Дизель,D-128264,Москва
2026-03-25 09:00:03,Сальник коленвала передний D-129549 / 1005050-29D 90*105*10 FAW Дизель,5,599,Дизель,D-129549,Москва
2026-03-25 09:00:03,Сальник коленвала передний QC000659 Fuso Canter TF E-5 ORIG,2,4044,Mitsubishi,QC000659,Москва
2026-03-25 09:00:03,Сальник коленвала передний T1262,2,154,JMC,T1262,Москва
2026-03-25 09:00:03,Сальник компрессора и насоса подъема кузова D-128438 / 601835 32х52х7 HOWO Дизель,3,105,Дизель,D-128438,Москва
2026-03-25 09:00:03,Сальник коренной 104*137*13 8-97602-378-0 Y,5,879,Yamasida,8-97602-378-0,Москва
2026-03-25 09:00:03,Сальник коренной 120*153*13/15 1-09625-524-3 передний Y,4,1090,Yamasida,1-09625-524-3,Москва
2026-03-25 09:00:03,Сальник коренной 125*177*17.5 SZ311-01044 / 9828-01222 Y,3,2514,Yamasida,SZ311-01044,Москва
2026-03-25 09:00:03,Сальник коренной D-127974 / 8-97602-378-0 104*137*13 Дизель,8,348,Дизель,D-127974,Москва
2026-03-25 09:00:03,Сальник КПП 19-00-044-009 JAC ORIG,1,685,JAC,19-00-044-009,Москва
2026-03-25 09:00:03,Сальник КПП 32*45*8 / 32219-Z5004 / LP-5880 Y !,10,103,Yamasida,32219-Z5004,Москва
2026-03-25 09:00:03,Сальник КПП 35*48*6.5 90311-35023/T1227 DYNA/TOYOACE/HINO300 SNBR Y,1,122,Yamasida,90311-35023,Москва
2026-03-25 09:00:03,Сальник КПП 57.5*70*8.5 / MH034121 / LP-5900 Y,4,163,Yamasida,MH034121,Москва
2026-03-25 09:00:03,Сальник КПП 58*102*11*19.5 90311-58010/BH6215E DYNA/TOYOACE/HINO 300 SNBR Y,6,363,Yamasida,90311-58010,Москва
2026-03-25 09:00:03,Сальник КПП 8-97255-187-0 ORIG,2,705,Isuzu,8-97255-187-0,Москва
2026-03-25 09:00:03,Сальник КПП 44*62*10 / 32136-01J00 / LP-5879 Y !,1,99,Yamasida,32136-01J00,Москва
2026-03-25 09:00:03,Сальник КПП вторичного вала 48*65*9 43155-45000 Y,15,218,Yamasida,43155-45000,Москва
2026-03-25 09:00:03,Сальник КПП задний 55*72*9*15 9828-55110/55112/SZ311-55004/H3060 HINO 5т Y,2,282,Yamasida,9828-55110,Москва
2026-03-25 09:00:03,Сальник КПП зад 60*77*12 1-09625-505-0/453-0 NPR/NQR ELF 3-4t 93~ Y,4,172,Yamasida,1-09625-505-0,Москва
2026-03-25 09:00:03,Сальник КПП задний 104*126*13 1-09625-625-0 LP-5876 NBR ISUZU C#/EX 00~ Y,5,448,Yamasida,1-09625-625-0,Москва
2026-03-25 09:00:03,Сальник КПП задний 38*65*9 90311-38093/T1062 /AD2257-E0 LP-5891 DYNA/TOYOACE 95~ Y !,4,136,Yamasida,90311-38093,Москва
2026-03-25 09:00:03,Сальник КПП задний D-128265 / 1-09625-505-0 /-453-0 60*77*12 NPR NQR ELF 3-4t 93~ Дизель,5,128,Дизель,D-128265,Москва
2026-03-25 09:00:03,Сальник КПП 55*72*6 / SZ311-55013 / LP-5955 Y !,6,136,Yamasida,SZ311-55013,Москва
2026-03-25 09:00:03,Сальник КПП первичного вала 750111002 Howo/ 55*75*8,2,99,Howo,750111002,Москва
2026-03-25 09:00:03,Сальник КПП перед 40*58*8 ME624211/F4132 FUSO CANTER FG/FE5#6#7#8#/FF6#8#/FM315/16/515/FK4 SNBR Y,4,139,Yamasida,ME624211,Москва
2026-03-25 09:00:03,Сальник КПП передний 40*56*6.5 1-09625-498-0/I3669 LP-5875 NBR FTR/FVR/FRR/FSR 96~ Y !,8,129,Yamasida,1-09625-498-0,Москва
2026-03-25 09:00:03,Сальник КПП передний 54*69*9 1-09625-496-0/I3668 CYZ51/CXZ Y,1,386,Yamasida,1-09625-496-0,Москва
2026-03-25 09:00:03,Сальник КПП передний WG734310108 Howo,6,26,Howo,WG734310108,Москва
2026-03-25 09:00:03,Сальник крышки коробки отбора мощности 1-38119-035-0 C/E series ORIG,1,1582,Isuzu,1-38119-035-0,Москва
2026-03-25 09:00:03,Сальник крышки КПП D-127723 / X-1601310-13-07 JAC N90 Дизель,6,165,Дизель,D-127723,Москва
2026-03-25 09:00:03,Сальник крышки КПП D-127724 / Y-1702251-00-00 JAC N90 Дизель,3,153,Дизель,D-127724,Москва
2026-03-25 09:00:03,Сальник кулисы КПП 8-94462-019-0 / 5-87411-862-0 ORIG,2,409,Isuzu,5874118620,Москва
2026-03-25 09:00:03,Сальник масляного насоса 4938765 JAC N120/Камаз Cummins ISF3.8 Е-5,1,136,Дизель,D-126948,Москва
2026-03-25 09:00:03,Сальник насоса отбора мощности 1-38159-007-0 24*45*8 NBR F#/N# 93~ ORIG,2,417,Isuzu,1-38159-007-0,Москва
2026-03-25 09:00:03,Сальник первичного вала 43143-33000 Grace,3,40,Дизель,43143-33000,Москва
2026-03-25 09:00:03,"Сальник первичного вала КПП 32*53*7 90311-32022 / T1391 DYNA/TOYOACE KDH20#/KDY,RZY,TRY 07~ Y !",6,91,Yamasida,90311-32022,Москва
2026-03-25 09:00:03,Сальник первичного вала КПП MYY5T /5-ступ 40*54*7 8-97253-550-0 / I3698 NBR ISUZU Y,24,170,Yamasida,8-97253-550-0,Москва
2026-03-25 09:00:03,Сальник передний перед. вала КПП 40*54*7 SU002-00148 HINO 300 Y,35,143,Yamasida,SU002-00148,Москва
2026-03-25 09:00:03,Сальник первичного вала КПП 734310108 Howo/ 48*69*10 CNHTC,1,108,Howo,734310108,Москва
2026-03-25 09:00:03,Сальник первичного вала КПП 734310110 Howo/ 48*75*8,2,127,Howo,734310110,Москва
2026-03-25 09:00:03,Сальник первичного вала КПП TC48*65*12 N120 JAC ORIG,1,369,JAC,TC48*65*12,Москва
2026-03-25 09:00:03,Сальник перед. ступицы 102*116*14 MH034012/MH034085/MH034091 F4021/AD4124E Y,9,339,Yamasida,MH034012,Москва
2026-03-25 09:00:03,Сальник перед. ступицы 130*150*10 43090-Z5000 Y,1,602,Yamasida,43090-Z5000,Москва
2026-03-25 09:00:03,Сальник перед. ступицы 130*150*14 MH034092 /F4025 / NJ543 FK# Y,5,579,Yamasida,MH034092,Москва
2026-03-25 09:00:03,Сальник перед. ступицы 138*152*12 SZ311-01046 /9828-01112/01125/H3030 HINO500 #5442 Y,2,426,Yamasida,SZ311-01046,Москва
2026-03-25 09:00:03,Сальник перед. ступицы 140*160*12 LP-5905 / SZ311-01010 SNBR Y,6,495,Yamasida,SZ311-01010,Москва
2026-03-25 09:00:03,Сальник перед. ступицы 36*50*8 MB420112 Y,1,122,Yamasida,MB420112,Москва
2026-03-25 09:00:03,Сальник перед. ступицы 50*93/99*10/24 40227-20N00 Y,2,850,Yamasida,40227-20N00,Москва
2026-03-25 09:00:03,Сальник перед. ступицы 52*73*10 MB025291 Y,3,202,Yamasida,MB025291,Москва
2026-03-25 09:00:03,Сальник перед. ступицы 52*76*8.5*14 8-94459-416-0/I3631 NKS71/NPS 4WD Y,5,314,Yamasida,8-94459-416-0,Москва
2026-03-25 09:00:03,Сальник перед. ступицы 54*75.3*12*18 40232-01G00 Y,6,331,Yamasida,40232-01G00,Москва
2026-03-25 09:00:03,Сальник перед. ступицы 56*81*8 MT327029 Y,6,202,Yamasida,MT327029,Москва
2026-03-25 09:00:03,Сальник перед. ступицы 57*79*9*13.5 40232-31G00/ N2251 Y,6,441,Yamasida,40232-31G00,Москва
2026-03-25 09:00:03,"Сальник переднего редуктора левый 32*52*10.5*15.7 38342-01G00 LP-5884 ATLAS/CONDOR F23 92~, Y !",5,167,Yamasida,38342-01G00,Москва
2026-03-25 09:00:03,Сальник переднего редуктора левый 33*55*11*18 38342-N3100 LP-5885 ATLAS/CONDOR F22/23/24 Y !,1,129,Yamasida,38342-N3100,Москва
2026-03-25 09:00:03,Сальник передней полуоси 37*58*11 90311-37001/T1230 LP-5889 DYNA/TOYOACE Y !,4,145,Yamasida,90311-37001,Москва
2026-03-25 09:00:03,Сальник передней полуоси правый 50*72*10*14.5 40227-31G00 LP-5886 ATLAS/CONDOR F22/23/24 Y,3,222,Yamasida,40227-31G00,Москва
2026-03-25 09:00:03,Сальник передней ступицы 1-09625-041-0 ORIG,1,900,Isuzu,1-09625-041-0,Москва
2026-03-25 09:00:03,Сальник передней ступицы 100*114*12 40227-Z5001 / N2092 Y,1,358,Yamasida,40227-Z5001,Москва
2026-03-25 09:00:03,Сальник передней ступицы 100*114*12 D-128270 / 40227-Z5001 Дизель,8,172,Дизель,D-128270,Москва
2026-03-25 09:00:03,Сальник передней ступицы 140*158*10 51830-8A100 Hyundai HD ORIG,2,299,Hyundai-Kia,51830-8A100,Москва
2026-03-25 09:00:03,Сальник передней ступицы 54*65*10*15 40232-3S600/ N2347 Y,6,243,Yamasida,40232-3S600,Москва
2026-03-25 09:00:03,Сальник передней ступицы 68*90*10 90311-68001/T1098 DYNA/TOYOACE/HINO Y,4,335,Yamasida,90311-68001,Москва
2026-03-25 09:00:03,Сальник передней ступицы 68*92*10/13 90311-68003 / T1345 DYNA/HINO Y,16,304,Yamasida,90311-68003,Москва
2026-03-25 09:00:03,Сальник передней ступицы 72*94*10 51830-45200/MB025295/F4107 FUSO CANTER 2T~ HD72/65/78 SNBR Y,3,245,Yamasida,MB025295,Москва
2026-03-25 09:00:03,Сальник передней ступицы 73*90*8 D-126302 / 8-94248-117-1 NQR71/75 Дизель,196,103,Дизель,D-126302,Москва
2026-03-25 09:00:03,Сальник передней ступицы 77*91*6/10 40227-0T000/N2276 ATLAS/CONDOR H41 Y,6,490,Yamasida,40227-0T000,Москва
2026-03-25 09:00:03,Сальник передней ступицы 85*128*11*21 1-09625-129-0/I3592 Y,2,729,Yamasida,1-09625-129-0,Москва
2026-03-25 09:00:03,Сальник передней ступицы YF35FT-00113 JAC N56/75/80 ORIG,6,180,JAC,YF35FT-00113,Москва
2026-03-25 09:00:03,Сальник полуоси D-126949 / 240305303 FAW Дизель,11,196,Дизель,D-126949,Москва
2026-03-25 09:00:03,Сальник полуоси заднего моста 41*56*7 43252-H1000/H1010/N2125 NISSAN Y,6,147,Yamasida,43252-H1000,Москва
2026-03-25 09:00:03,Сальник полуоси заднего моста D-130127 / 190003074340 Howo Дизель,2,40,Дизель,D-130127,Москва
2026-03-25 09:00:03,Сальник приводного вала S1700L21069-40010 S5 JAC ORIG,5,290,JAC,S1700L21069-40010,Москва
2026-03-25 09:00:03,"Сальник раздаточной коробки /BONGO3 (40*53/72*12/30) (OEM) / 0K71E17336A,473634D000,47363-4D000,0K71",1,247,JMC,47363-4D000,Москва
2026-03-25 09:00:03,Сальник редуктора 4205830010 / 4206030470 N75 JAC ORIG,1,481,JAC,4205830010,Москва
2026-03-25 09:00:03,Сальник редуктора 42116349 Iveco Orig,1,283,Iveco,42116349,Москва
2026-03-25 09:00:03,Сальник редуктора D-127978 / MH034213 /5335245010 / F4090 задний мост 52*84*14 HD65-78 CANTER Дизель,4,137,Дизель,D-127978,Москва
2026-03-25 09:00:03,Сальник редуктора F/C мост D-129049 / 06.56289.0361+06.56289.0357 85х105х13 к-т SHACMAN F3000 Дизель,1,466,Дизель,D-129049,Москва
2026-03-25 09:00:03,Сальник редуктора заднего моста 1-09625-030-0 / I3505 80*143*10*37 ISUZU GIGA Y !,3,716,Yamasida,1-09625-030-0,Москва
2026-03-25 09:00:03,Сальник редуктора заднего моста 1-09625-322-0 86*143*10*38 I3642 CXZ Y,40,736,Yamasida,1-09625-322-0,Москва
2026-03-25 09:00:03,"Сальник редуктора заднего моста 45*78*11/18,5 8-94408-084-0/8-94408-085-0/1/I3511 Y",4,316,Yamasida,8-94408-084-0,Москва
2026-03-25 09:00:03,Сальник редуктора заднего моста 52*84*14 MH034213/53352-45010/F4090 HD65/HD72/HD78/CANTER 93~ Y,15,203,Yamasida,53352-45010,Москва
2026-03-25 09:00:03,"Сальник редуктора заднего моста 58*103*12*19,5 8-94408-083-0/I3593 NKR66#/NLR85/NMR85 ORIG",3,863,Isuzu,8-94408-083-0,Москва
2026-03-25 09:00:03,"Сальник редуктора заднего моста 58*103*12*19,5 8-94408-083-0/I3593 NKR66#/NLR85/NMR85 Y",28,410,Yamasida,8-94408-083-0,Москва
2026-03-25 09:00:03,Сальник редуктора заднего моста 60*103*12/20 1-09625-484-0/109625-205-0/I3507 Y,5,292,Yamasida,1-09625-484-0,Москва
2026-03-25 09:00:03,Сальник редуктора заднего моста 60*114*12.5*29 38189-Z5002/5005/N2064 Y,6,566,Yamasida,38189-Z5002,Москва
2026-03-25 09:00:03,Сальник редуктора заднего моста 86*143*10*38 1-09625-322-0/I3642 CXZ ORIG,17,1417,Isuzu,1096253220,Москва
2026-03-25 09:00:03,Сальник редуктора заднего моста 90*115*13*19 9828-90104 NBR HINO Y !,1,457,Yamasida,9828-90104,Москва
2026-03-25 09:00:03,Сальник редуктора заднего моста D-128272 / MC827472 60*103*10/34 Дизель,12,191,Дизель,D-128272,Москва
2026-03-25 09:00:03,Сальник редуктора ср. моста 90*125*10/17 9828-90110/90115/SZ311-90005 FS/FQ/FW/SS1#/GK8 HIN500/70 Y,1,538,Yamasida,9828-90110,Москва
2026-03-25 09:00:03,Сальник редуктора среднего моста D-126950 / 06.56279.0331+06.56279.0335 комплект 75*95*10 Дизель,1,253,Дизель,D-126950,Москва
2026-03-25 09:00:03,"Сальник редуктора среднего моста D-126951 / 2502185-A0E 95*70*14/24,8 FAW Дизель",12,222,Дизель,D-126951,Москва
2026-03-25 09:00:03,Сальник рейки рулевой 19*32*7*7.8 90311-19013/02/06/016/5-09625-070-0 T1154/I3645 NBR TOY Y,6,114,Yamasida,90311-19013,Москва
2026-03-25 09:00:03,Сальник рейки рулевой 25*38*7*8 90310-25004 / T1244 NBR TOY Y,4,168,Yamasida,90310-25004,Москва
2026-03-25 09:00:03,Сальник рулевого редуктора (боковой) Isuzu 9-09924-502-0 / LP-5957 / 35*48*8 NQR75/NQR71 Y,4,121,Yamasida,9-09924-502-0,Москва
2026-03-25 09:00:03,Сальник рулевого редуктора 1-44259-057-0 23*36.5*6.5/8 ISUZU 92~ LP-5840 Y,3,253,Yamasida,1-44259-057-0,Москва
2026-03-25 09:00:03,Сальник рулевого редуктора 17*42*8*10 MC121805 LP-5898 NBR MMC CANTER Y,1,75,Yamasida,MC121805,Москва
2026-03-25 09:00:03,Сальник рычага сервоусилителя КПП 28*41*7 1-09625-334-0/647-0 LP-5874 SNBR80` Isuzu Y !,5,139,Yamasida,1-09625-334-0,Москва
2026-03-25 09:00:03,Сальник ступицы 1-09625-568-0 ORIG,16,418,Isuzu,1-09625-568-0,Москва
2026-03-25 09:00:03,Сальник ступицы 101519 (180*200*17)/42127526/42127773 EMMERRE !,4,699,Emmerre,101519,Москва
2026-03-25 09:00:03,Сальник ступицы 180*200*12 42127526 #5444 Iveco Y !,14,334,Yamasida,42127526,Москва
2026-03-25 09:00:03,Сальник ступицы 8-98202-911-0/8-94336-315-2 ORIG,13,513,Isuzu,8-98202-911-0,Москва
2026-03-25 09:00:03,Сальник ступицы D-128273 / 8-98036-594-0 / 8-94407-711-0 / 8-97044-739-0 59*75*10.8 BIG HORN Дизель,4,128,Дизель,D-128273,Москва
2026-03-25 09:00:03,Сальник ступицы F внутренний D-126301 / 1-09625-041-0 / I3574 120х140х10.5 Дизель,105,129,Дизель,D-126301,Москва
2026-03-25 09:00:03,Сальник ступицы R ext D-126298 / 1-09625-444-0 / 1-09625-226-1 78x163x16 CXZ Дизель,30,318,Дизель,D-126298,Москва
2026-03-25 09:00:03,"Сальник ступицы R int D-125040 / 8-94336-314-1 77х102х18/21,5 NPR/NKR/NLR85/NMR85/NKR55 Дизель",26,127,Дизель,D-125040,Москва
2026-03-25 09:00:03,Сальник ступицы R int D-126299 / 1-09625-350-0 / 1-09625-265-0 117x174x16 Дизель,44,276,Дизель,D-126299,Москва
2026-03-25 09:00:03,Сальник ступицы R внутренний D-128261 / MB161152 / 5281045000 70*112*10/18 Canter County HD65 Дизель,3,107,Дизель,D-128261,Москва
2026-03-25 09:00:03,Сальник ступицы зад внутр 77*102*9.5/21.5 8-94367-959-0/8-94336-314-1 NPR55/NKR66 Y,6,541,Yamasida,8-94367-959-0,Москва
2026-03-25 09:00:03,Сальник ступицы заднего моста (с кольцом ABS) A9423560515 !,5,1847,Mercedes-Benz,A 942 356 05 15,Москва
2026-03-25 09:00:03,"Сальник ступицы задней 190х220 WG 9112340113 (2шт к-т) (F,H,S)",1,458,JMC,9112340113,Москва
2026-03-25 09:00:03,Сальник ступицы задней 95EAY-54640924X,2,258,JMC,90313-54001,Москва
2026-03-25 09:00:03,Сальник ступицы задней 95GAY-47710909X,2,134,JMC,9031147001,Москва
2026-03-25 09:00:03,Сальник ступицы задней D-126944 / WG9112340113 / WG9112340114 к-т 190х220 FAW Дизель,2,625,Дизель,D-126944,Москва
2026-03-25 09:00:03,Сальник ступицы задней D-127259 / 1907845 Scania Дизель,7,855,Дизель,D-127259,Москва
2026-03-25 09:00:03,"Сальник ступицы задней D-127959 / 90311-75003 / T1170 75*108*10*15*20 DYNA, TOYOACE, HINO Дизель",21,207,Дизель,D-127959,Москва
2026-03-25 09:00:03,Сальник ступицы задней D-128262 / 40100673 180*200*12 Iveco Дизель,34,318,Дизель,D-128262,Москва
2026-03-25 09:00:03,Сальник ступицы задней D-129098 / 3104055AA0E/C 190x220x22 FAW J6 Дизель,1,708,Дизель,D-129098,Москва
2026-03-25 09:00:03,Сальник ступицы задней внутр. 127*147*11 SZ311-01049/9828-01203/H3079 SNBR Y,1,627,Yamasida,SZ311-01049,Москва
2026-03-25 09:00:03,"Сальник ступицы задней внутр. 77*102*18/21,5 8-94336-314-1/l3585 NPR/NKR/NLR85/NMR85/NKR55 ORIG",14,510,Isuzu,8-94336-314-1,Москва
2026-03-25 09:00:03,Сальник ступицы задней внутренний 52810-4F450 HYUNDAI Porter ORIG,2,214,Hyundai-Kia,52810-4F450,Москва
2026-03-25 09:00:03,"Сальник ступицы задней внутренний D-125682 / 8943363141 77*102*18/21,5 NPR NKR NLR NMR NKR Дизель",1,198,Дизель,D-125682,Москва
2026-03-25 09:00:03,Сальник ступицы задней наружный 52820-8A100 HYUNDAI HD270 D6CA ORIG,29,562,Hyundai-Kia,52820-8A100,Москва
2026-03-25 09:00:03,Сальник ступицы задней наружный 57*121*17 52820-62200 Hyundai HD120 ORIG,19,464,Hyundai-Kia,52820-62200,Москва
2026-03-25 09:00:03,"Сальник ступицы задней, внешний 51*94*9.5 D-128259 / 43254-0T000 H41 91~ F24 07~ Дизель",2,191,Дизель,D-128259,Москва
2026-03-25 09:00:03,"Сальник ступицы задней, внешний D-128257 / MH034110 45*53*6.5/8 Дизель",6,147,Дизель,D-128257,Москва
2026-03-25 09:00:03,"Сальник ступицы задней, внешний D-128258 / MH034135 65*77*12 Дизель",10,128,Дизель,D-128258,Москва
2026-03-25 09:00:03,"Сальник ступицы задней, внешний D-128260 / 9828-76101 / 9828-76102 76*157*8/19 HINO 700 Дизель",2,510,Дизель,D-128260,Москва
2026-03-25 09:00:03,Сальник ступицы перед D-125990 / 31D5-03080 JAC N120/КАМАЗ Компас-12 Дизель,1,544,Дизель,D-125990,Москва
2026-03-25 09:00:03,Сальник ступицы переднего колеса WG9981340213 HOWO ORIG,1,1162,Howo,WG9981340213,Москва
2026-03-25 09:00:03,Сальник ступицы передней 100*130*12 D-126953 / 06.56289.0267/81.96502.6045 SHACMAN F3000 Дизель,1,227,Дизель,D-126953,Москва
2026-03-25 09:00:03,Сальник ступицы передней 120*140*10.5 1-09625-041-0/I3574 Y,2,484,Yamasida,1-09625-041-0,Москва
2026-03-25 09:00:03,"Сальник ступицы передней 140*160*12/13 D-130446 / 6000040243 IVECO, HONGYAN Дизель",4,244,Дизель,D-130446,Москва
2026-03-25 09:00:03,Сальник ступицы передней 65*93*8.5/18 8-97211-082-0/I3639 Y,2,446,Yamasida,8-97211-082-0,Москва
2026-03-25 09:00:03,Сальник ступицы передней 75*112*10/17.5 1-09625-568-0/I3573 Y,1,650,Yamasida,1-09625-568-0,Москва
2026-03-25 09:00:03,Сальник ступицы передней 77*100*10*14 90311-77001/T1350 LP-5893 SNBR DYNA/TOYOACE Y !,6,288,Yamasida,90311-77001,Москва
2026-03-25 09:00:03,Сальник ступицы передней D-125591 / 1-09625-041-0 / I3574 120*140*10.5 Дизель,6,227,Дизель,D-125591,Москва
2026-03-25 09:00:03,Сальник ступицы передней D-126300 / MH034012 / MH034085 /-34091 / F4021 / AD4124E 102*116*14 Дизель,17,185,Дизель,D-126300,Москва
2026-03-25 09:00:03,Сальник ступицы передней D-126782 / 06.56279.0340 112*140*12 SHACMAN F3000 Дизель,2,593,Дизель,D-126782,Москва
2026-03-25 09:00:03,Сальник ступицы передней D-127915 / WG9003074387 / AZ9100410061 140*160*12 HOWO T5G Дизель,10,164,Дизель,D-127915,Москва
2026-03-25 09:00:03,Сальник ступицы передней D-128266 / 8-94440-904-0 102*120/130*20 NKS NPS NPR 88~ Дизель,4,318,Дизель,D-128266,Москва
2026-03-25 09:00:03,Сальник ступицы передней D-128267 / MH034086 125*150*14 Дизель,4,210,Дизель,D-128267,Москва
2026-03-25 09:00:03,Сальник ступицы передней D-128269 / SZ311-01046 / 9828-01112 / 9828-01125 138*152*12 HINO500 Дизель,14,191,Дизель,D-128269,Москва
2026-03-25 09:00:03,Сальник ступицы передней D-128271 / 51830-45000 68*90*12 Дизель,19,128,Дизель,D-128271,Москва
2026-03-25 09:00:03,Сальник фильтра сапуна Fuso Canter TF MK667058 DF,10,519,DRAGONFLYS,MK667058,Москва
2026-03-25 09:00:03,Сальник фильтра сапуна MK667058 Fuso Canter TF ORIG,17,869,Mitsubishi,MK667058,Москва
2026-03-25 09:00:03,Сальник фланца КПП (85x105x1218) SCANIA HD-parts 85*105*12*18,1,734,HD-Parts,305502,Москва
2026-03-25 09:00:03,Сальник форсунки D-127189 / 1-09639-034-0/5 / 17х30х6.9 ISUZU Дизель,9,126,Дизель,D-127189,Москва
2026-03-25 09:00:03,Сальник хвостовика 40*56*7 LP-5888 / 90310-40003 SNBR Y,4,123,Yamasida,90310-40003,Москва
2026-03-25 09:00:03,Сальник хвостовика 50*75*13/18.5 W026-27-165/M4629 M-TITAN WE/WG/WW Y,5,451,Yamasida,W026-27-165,Москва
2026-03-25 09:00:03,Сальник хвостовика 70*135*14*18.5 MH034229 FUSO Y,1,772,Yamasida,MH034229,Москва
2026-03-25 09:00:03,Сальник хвостовика 80*105*13 MH034228 Y,1,293,Yamasida,MH034228,Москва
2026-03-25 09:00:03,"Сальник хвостовика D-125360 / 1-09625-323-0 86*127*16/25 C,E,F-series Дизель",3,460,Дизель,D-125360,Москва
2026-03-25 09:00:03,Сальник хвостовика D-126954 / QT305D153-2402040 FAW Дизель,1,358,Дизель,D-126954,Москва
2026-03-25 09:00:03,Сальник хвостовика D-127261 / 1502385 85*105*13 Scania Дизель,4,325,Дизель,D-127261,Москва
2026-03-25 09:00:03,Сальник хвостовика D-128621 / 90003078772 / WG9231320026 85*105*16 SHACMAN Дизель,5,238,Дизель,D-128621,Москва
2026-03-25 09:00:03,Сальник хвостовика WG7117329017 HOWO ORIG,10,945,Howo,WG7117329017,Москва
2026-03-25 09:00:03,Сальник хвостовика зад.редуктора 85*146*9/25 SZ311-85003/9828-85110/85112 HINO FS/FN/FR #500 Y,8,938,Yamasida,SZ311-85003,Москва
2026-03-25 09:00:03,"Сальник хвостовика заднего моста 48*82*10/18 90311-48019 Dyna XZU/BZU#, 96~ Y",6,295,Yamasida,90311-48019,Москва
2026-03-25 09:00:03,Сальник хвостовика заднего моста D-129550 / 2402055-A0E 95*152*12/24.3 FAW Дизель,7,514,Дизель,D-129550,Москва
2026-03-25 09:00:03,Сальник хвостовика заднего моста HFF2402060CK1BZ JAC N350 ORIG,2,1638,JAC,HFF2402060CK1BZ,Москва
2026-03-25 09:00:03,Сальник хвостовика заднего моста А1205Q2591 Howo,1,594,Дизель,А1205Q2591,Москва
2026-03-25 09:00:03,Сальник хвостовика заднего редуктора 70*142*12*39 MC827475/ F4197 NBR FUSO Y,1,640,Yamasida,MC827475,Москва
2026-03-25 09:00:03,Сальник хвостовика КПП 75*100*13*19 SZ311-75006/9828-75119/H3075 Y,6,306,Yamasida,SZ311-75006,Москва
2026-03-25 09:00:03,Сальник хвостовика КПП задний 45*68*9 Z501-17-335A Y,10,143,Yamasida,Z501-17-335A,Москва
2026-03-25 09:00:03,"Сальник хвостовика КПП, задний MH034177/F4086 48*65*9 LP-5903 NBR MMC CANTER Y",4,159,Yamasida,MH034177,Москва
2026-03-25 09:00:03,Сальник хвостовика перед. моста 40101023 / 101410 / 40101021 EMMERRE !,2,761,Emmerre,101410,Москва
2026-03-25 09:00:03,Сальник хвостовика раздатки 42*66*10 33142-33G10/N2317 LP-5882 ATLAS/CONDOR F23 92~TERRANO/DATSUN Y!,9,123,Yamasida,33142-33G10,Москва
2026-03-25 09:00:03,Сальник хвостовика редуктора 35*67*13.7*19.5 38189-01G15 LP-5883 ATLAS/CONDOR F23 92 TERRANO/DATS Y!,47,228,Yamasida,38189-01G15,Москва
2026-03-25 09:00:03,Сальник хвостовика редуктора 42*72.5*12*20 38189-J2011/J2012/N2304 H40/H41/W40/Y60 Y,6,341,Yamasida,38189-J2011,Москва
2026-03-25 09:00:03,"Сальник хвостовика редуктора 65*114*9*25 SZ310-65001/9828-65127 FQ1#,FW1#,GX7J,GD7J/8J,GK8J #500 Y",4,699,Yamasida,SZ310-65001,Москва
2026-03-25 09:00:03,"Сальник хвостовика редуктора 65*94/105*9/25 SZ312-65002 FC/GC1J/3J/5J/6J/7J,FD/GD7J/8J #300/#500 Y",44,466,Yamasida,SZ312-65002,Москва
2026-03-25 09:00:03,Сальник хвостовика редуктора 80*127*16*24 1-09625-119-0/1-33119-217-0/AH8776-E1 Y,6,776,Yamasida,1-09625-119-0,Москва
2026-03-25 09:00:03,Сальник хвостовика редуктора D-127981 / MH034205 56*99*10/34 Дизель,5,202,Дизель,D-127981,Москва
2026-03-25 09:00:03,Сальник хвостовика редуктора D-127982 / 1-09625-217-0 / BH1831-E0 68*90*10*18 CYZ51 CXZ/EXZ51 Дизель,1,170,Дизель,D-127982,Москва
2026-03-25 09:00:03,Сальник хвостовика редуктора Int+Ext D-129117 / AZ9112320030+AZ9112320184 85х105х8/8 HOWO Дизель,1,335,Дизель,D-129117,Москва
2026-03-25 09:00:03,Сальник хвостовика редуктора заднего моста 70*122*12*30 MH034178 / F4133 MMC FUSO Y,4,616,Yamasida,MH034178,Москва
2026-03-25 09:00:03,Сальник хвостовика редуктора переднего 45*78*11*18.5 8-94318-915-0 /BH3037F0 ISUZU NKS/NPS 94~ Y,6,316,Yamasida,8-94318-915-0,Москва
2026-03-25 09:00:03,Сальник хвостовика среднего редуктора 90*115*13/19 98289-0113/SZ319-90002/SZ311-90002 FS/FN/F Y,6,601,Yamasida,SZ319-90002,Москва
2026-03-25 09:00:03,Сальник шкворня 2476049 50x62x5 #5440 Iveco Y,10,151,Yamasida,2476049,Москва
2026-03-25 09:00:03,"Сапун заднего моста 8-98006-960-0 L=29 F,N,Q-series ORIG",46,261,Isuzu,8-98006-960-0,Москва
2026-03-25 09:00:03,Сапун маслоотделителя 5259161 JAC N120/Камаз Cummins ISF3.8 Е-5 ORIG,1,301,Cummins,5259161,Москва
2026-03-25 09:00:03,Сателлит дифференциала редуктора D-126303 / 1-41551-053-0 задний мост Z=10 VR34 Дизель,4,1824,Дизель,D-126303,Москва
2026-03-25 09:00:03,"Сателлит дифференциала редуктора заднего моста Z=10 1-41551-053-0 VR34, CYZ(LHD)W/2STEPS 2006 ORIG",1,6579,Isuzu,1-41551-053-0,Москва
2026-03-25 09:00:03,Свеча Denso 90919 K20TR11,1,279,JMC,90919,Москва
2026-03-25 09:00:03,Свеча зажигания K16HPRU11 CITROEN/NISSAN/PEUGEOT/RENAULT/SUZUKI/HYUNDAI/KIA/JEEP DENSO,10,275,Denso,K16HPR-U11,Москва
2026-03-25 09:00:03,Свеча зажигания K20HRU11 CITROEN/FIAT/MITSUBISHI/NISSAN/PEUGEOT/TOYOTA/VOLVO/SMART DENSO,10,275,Denso,K20HR-U11,Москва
2026-03-25 09:00:03,Свеча зажигания K20PBR-S10 AUDI/FIAT/MB/RENAULT/VW DENSO,4,460,Denso,K20PBR-S10,Москва
2026-03-25 09:00:03,Свеча зажигания KJ20CRL11 DODGE/HONDA/OPEL/ROVER/CHEVROLET/JEEP DENSO,10,260,Denso,KJ20CRL11,Москва
2026-03-25 09:00:03,Свеча накала CP-01 11065-G5501 Nissan LD20/CD17 Y,6,319,Yamasida,CP-01,Москва
2026-03-25 09:00:03,Свеча накала CP-03 11065-0W801 Nissan TD27 Y,4,317,Yamasida,CP-03,Москва
2026-03-25 09:00:03,Свеча накала CP-07/MR577131/MD197511,2,882,JMC,MD197511,Москва
2026-03-25 09:00:03,Свеча накала D-128101 / 8943907776 / PI-173 4HK1 NNR NPR NJR NKR FRR FTR FRS FSS CX# CY# 99~ Дизель,8,556,Дизель,D-128101,Москва
2026-03-25 09:00:03,Свеча накала D-129088 / PI-50 / 8-97033-761-0 4HF1 4HE1 4HG1 Дизель,12,492,Дизель,D-129088,Москва
2026-03-25 09:00:03,Свеча накала D-130104 / PT-151 / 19850-54090 TOYOTA 1N/2L/3L Дизель,8,246,Дизель,D-130104,Москва
2026-03-25 09:00:03,Свеча накала D-130105 / PZ-31 / GM-503 SE01-18-140A MAZDA ZB/XA Дизель,4,246,Дизель,D-130105,Москва
2026-03-25 09:00:03,Свеча накала D-130106 / PZ-33 / S501-18-140A MAZDA RF/XA Дизель,8,246,Дизель,D-130106,Москва
2026-03-25 09:00:03,Свеча накала D-130107 / PN-135 11065-43G01 NISSAN TD27 Дизель,8,246,Дизель,D-130107,Москва
2026-03-25 09:00:03,Свеча накала D-130899 / 8-94390-777-6 / PI-173 4HK1 NNR NPR NJR NKR NHR NHS FRR FTR FRS 99 Дизель,2,851,Дизель,D-130899,Москва
2026-03-25 09:00:03,Свеча накала PI-49 8-94133-759-8/8-94175-158-1 4JB1 NKR55 Y,3,436,Yamasida,PI-49,Москва
2026-03-25 09:00:03,Свеча накала PM-163 ME007649 MMC 4D32/33/6D16 Y,2,532,Yamasida,PM-163,Москва
2026-03-25 09:00:03,Свеча накала PM-165 36710-42021/ME201632 D4BF/D4BH MMC 4M40 Y,1,291,Yamasida,PM-165,Москва
2026-03-25 09:00:03,Свеча накала PM-167 MD344469 MMC 4D56T Y,3,265,Yamasida,PM-167,Москва
2026-03-25 09:00:03,Свеча накала PM-404 ME077476/ME077414/407803-5050 MMC 6D16/17 Y,9,740,Yamasida,PM-404,Москва
2026-03-25 09:00:03,Свеча накала PM-407 ME240253 4M50 FUSO CANTER RUS HKT,4,1815,HKT,PM-407,Москва
2026-03-25 09:00:03,Свеча накала PM-65 ME007545 MITSUBISHI FUSO 4DR5/7 Y,7,294,Yamasida,PM-65,Москва
2026-03-25 09:00:03,Свеча накала PM-78 ME017057 MMC 4D30 Y,2,250,Yamasida,PM-78,Москва
2026-03-25 09:00:03,Свеча накала PN-135 11065-43G01 NISSAN TD27 Y,6,232,Yamasida,PN-135,Москва
2026-03-25 09:00:03,Свеча накала PN-136 11065-10T01 NISSAN TD23 Y,4,300,Yamasida,PN-136,Москва
2026-03-25 09:00:03,Свеча накала PN-137 11065-02T00 NISSAN ED33 Y,6,238,Yamasida,PN-137,Москва
2026-03-25 09:00:03,Свеча накала PN-138 11065-31N00 NISSAN TD23/27/42 Y,6,319,Yamasida,PN-138,Москва
2026-03-25 09:00:03,Свеча накала PT-141 19850-68060 TOYOTA 3B/2H Y,6,228,Yamasida,PT-141,Москва
2026-03-25 09:00:03,Свеча накала PT-151 19850-54090 TOYOTA 1N/2L/3L Y,3,233,Yamasida,PT-151,Москва
2026-03-25 09:00:03,Свеча накала PT-152 19850-64031 TOYOTA 1HZ/1HDT Y,6,208,Yamasida,PT-152,Москва
2026-03-25 09:00:03,Свеча накала PT-153 19850-58010 TOYOTA 1HZ/1HDT HKT,1,495,HKT,PT-153,Москва
2026-03-25 09:00:03,Свеча накала PT-155 19850-54120 TOYOTA 1NT/5L Y,4,300,Yamasida,PT-155,Москва
2026-03-25 09:00:03,Свеча накала PZ-37 RFJ5-18-601 MAZDA R2 Y,22,308,Yamasida,PZ-37,Москва
2026-03-25 09:00:03,Свеча накала PZ-701 SEM1-18-601 MAZDA VS Y,2,308,Yamasida,PZ-701,Москва
2026-03-25 09:00:03,СВЕЧА НАКАЛИВАНИЯ DG143 DENSO,1,443,JMC,DG-143,Москва
2026-03-25 09:00:03,Свеча накаливания ME072718,6,1221,JMC,ME072718,Москва
2026-03-25 09:00:03,Свеча накаливания PH-22/19110-1140A/GH-405,4,312,JMC,PH-22,Москва
2026-03-25 09:00:03,Свеча накаливания PI-175/8-97326-046-0,2,531,JMC,8-97326-046-0,Москва
2026-03-25 09:00:03,Свеча накаливания PM-401 ME191813/4M42,4,433,JMC,ME191813,Москва
2026-03-25 09:00:03,Свеча накаливания PN-137/11065-02T00,4,206,JMC,11065-02T00,Москва
2026-03-25 09:00:03,Свеча накаливания PZ-702/GM-510,4,294,JMC,PZ-702,Москва
2026-03-25 09:00:03,Сегмент (полумесяц) прокладки клапанной крышки 8-98163-813-0 / 8-97848-757-0 ORIG,48,266,Isuzu,8-98163-813-0,Москва
2026-03-25 09:00:03,Сегмент (полумесяц) прокладки клапанной крышки D-128148 / 8-98163-813-0 / 8-97848-757-0 Дизель,2,132,Дизель,D-128148,Москва
2026-03-25 09:00:03,Сегмент 51541246003 Man Orig !,1,17529,MAN,51.54124.6003,Москва
2026-03-25 09:00:03,Сегмент стремянки п/рессоры 0334521010 / 03.345.21.01.0 L=95 H=34 Шир=45 BPW SKV,20,378,SKV,0334521010,Москва
2026-03-25 09:00:03,Седельно-сцепное устройство D-126608/WG9725930108/1 (JOST 36DV) Sitrak C7H Дизель,3,39130,Дизель,D-126608,Москва
2026-03-25 09:00:03,"Седельно-сцепное устройство D-129808 / PM-38C-190 / JSK38C1 3.5"" 810х200х914х10mm D=89mm 38т Дизель",2,125002,Дизель,D-129808,Москва
2026-03-25 09:00:03,"Седельно-сцепное устройство тип SK-HD 38.36/190 мм 2,5"" 662111066 Man !",1,124374,Europart,662111066,Москва
2026-03-25 09:00:03,Седло впускного клапана 8-98028-874-0 4HK1/6HK1 ORIG,11,1287,Isuzu,8-98028-874-0,Москва
2026-03-25 09:00:03,Седло выпускного клапана 8-98028-875-0 4HK1/6HK1 ORIG,9,1585,Isuzu,8-98028-875-0,Москва
2026-03-25 09:00:03,Седло клапана 8-97311-378-0 ID=29 OD=35 N-series ORIG,2,568,Isuzu,8-97311-378-0,Москва
2026-03-25 09:00:03,Седло клапана 8-97311-379-0 ID=26 OD=32 N-series ORIG,4,693,Isuzu,8-97311-379-0,Москва
2026-03-25 09:00:03,Седло клапана впускного D-128539 / 8-98028-874-0 4HK1 6HK1 Дизель,4,275,Дизель,D-128539,Москва
2026-03-25 09:00:03,"Седло клапана впускного D-129552 / 3943449 JAC N120, Камаз Cummins ISF3.8 Е-5 Дизель",1,129,Дизель,D-129552,Москва
2026-03-25 09:00:03,"Седло клапана выпускного D-129553 / 3943450 JAC N120, Камаз Cummins ISF3.8 Е-5 Дизель",1,129,Дизель,D-129553,Москва
2026-03-25 09:00:03,Седло шарового наконечника 3-го блока пром рычагов 1-33659-165-0 КПП MAL6U C-series ORIG,2,737,Isuzu,1-33659-165-0,Москва
2026-03-25 09:00:03,Сепаратор топливный в сборе R90TSEP / YLX-F-0200 с подогревом SKV,5,8320,SKV,R90TSEP,Москва
2026-03-25 09:00:03,Сепаратор топливный в сборе YYZC-F076-03 600FG с подогревом,1,6186,YNY,600FG,Москва
2026-03-25 09:00:03,Сепаратор топливный в сборе YYZC-F106 900FH-2 с подогревом,2,5558,YNY,YYZC-F106,Москва
2026-03-25 09:00:03,Сепаратор топливный в сборе YYZC-F107 900FG,6,3318,YNY,YZC-F-0071-01,Москва
2026-03-25 09:00:03,Сепаратор топливный в сборе YYZC-F110 500FH-2/fg с подогревом,3,8358,YNY,500FH-2,Москва
2026-03-25 09:00:03,Сервоусилитель КПП D-127786 / HDC-003 / 1-33730-127-0/6HE1/FVR*96 d=28 ISUZU Дизель,2,5900,Дизель,D-127786,Москва
2026-03-25 09:00:03,Сервоусилитель КПП D-127789 / HDC-013 / 33510-1160 HINO SH1VDB/SS2VJB/SHF Дизель,1,7476,Дизель,D-127789,Москва
2026-03-25 09:00:03,Сервоусилитель КПП D-127845 / HDC-012 / ME670046 / 654-01045 FUSO Дизель,1,6766,Дизель,D-127845,Москва
2026-03-25 09:00:03,Сервоусилитель КПП D-128235 / HDC-001/ 43431-76000 HYUNDAI Дизель,1,6766,Дизель,D-128235,Москва
2026-03-25 09:00:03,Сервоусилитель КПП D-129579 / HDC-004 / 1-33730-033-1 /-103-1 вал 30mm ISUZU SXZ CYZ CXM CYL Дизель,2,6472,Дизель,D-129579,Москва
2026-03-25 09:00:03,Сервоусилитель КПП D-129582 / HDC-022 / 32172-90202 UD CWA451 CD461 Дизель,2,5432,Дизель,D-129582,Москва
2026-03-25 09:00:03,"Серьга передней рессоры 1377739SKV SCANIA P/G/R/T/4/3/2 AM/AMD, 67x154x153 SKV",10,1485,SKV,1377739SKV,Москва
2026-03-25 09:00:03,Серьга рессоры (пластина) D-128870 8-94118-511-3 RR ELF NKR 16х16х80 Дизель,2,399,Дизель,D-128870,Москва
2026-03-25 09:00:03,Серьга рессоры 54230-46050 Hyundai COUNTY SKV,18,561,SKV,54230-46050,Москва
2026-03-25 09:00:03,Серьга рессоры 55220-Z1001 / USS-005 PM !,2,5878,Paul Master,USS-005,Москва
2026-03-25 09:00:03,Серьга рессоры D-127368 / 1-51162-029-5/4 / 8-97530-932-0 / 1-51162-071-0 FTR/FTS/FVZ/FVR 05~ Дизель,2,1412,Дизель,D-127368,Москва
2026-03-25 09:00:03,Серьга рессоры D-128086/8-97360-011-0/8-94118-512-0 ISUZU ELF Дизель,2,355,Дизель,D-128086,Москва
2026-03-25 09:00:03,Серьга рессоры D-128377 / WG9725529034 SITRAK Дизель,2,1218,Дизель,D-128377,Москва
2026-03-25 09:00:03,Серьга рессоры D-128868 8-94113-322-3 RR ELF NKR 4.8t 22х22 Дизель,1,332,Дизель,D-128868,Москва
2026-03-25 09:00:03,Серьга рессоры FR RH 54232-62002 HD120 ORIG,7,1514,Hyundai-Kia,54232-62002,Москва
2026-03-25 09:00:03,Серьга рессоры FV-029 / FSS-029 RH MC421505 PM,2,3079,Paul Master,MC421505,Москва
2026-03-25 09:00:03,Серьга рессоры FV-029/FSS-029 LH MC421504 PM,3,3079,Paul Master,MC421504,Москва
2026-03-25 09:00:03,Серьга рессоры HI-002 48441-1120 HINO TRUCK SH PM !,2,1952,Paul Master,HI-002,Москва
2026-03-25 09:00:03,Серьга рессоры HI-021 / HSS-021 48408-E0120 PM !,2,4103,Paul Master,HSS-021,Москва
2026-03-25 09:00:03,Серьга рессоры HI-036/HSS-240 48441-1240 PM,2,3854,Paul Master,HSS-240,Москва
2026-03-25 09:00:03,Серьга рессоры ISS-032 1-51362-038-0 PM,2,4591,Paul Master,ISS-032,Москва
2026-03-25 09:00:03,Серьга рессоры S-002/FSS-002 MB035279/55230-45003 CANTER FE3#/4# / HD PM,1,3252,Paul Master,FSS-002,Москва
2026-03-25 09:00:03,Серьга рессоры S-012 48038-1180 HINO GH# PM,2,6984,Paul Master,48038-1180,Москва
2026-03-25 09:00:03,Серьга рессоры S-053/ S-054/HSS-053 LH 48041-1281/1390 PM !,4,3183,Paul Master,48041-1281,Москва
2026-03-25 09:00:03,Серьга рессоры S-053/S-054/HSS-053 RH 48041-1271/48041-1380 PM !,2,3183,Paul Master,HSS-053,Москва
2026-03-25 09:00:03,Серьга рессоры S-054 48041-1380/48041-1271 HINO RK# RH PM !,2,2635,Paul Master,48041-1380,Москва
2026-03-25 09:00:03,Серьга рессоры S-054 48041-1390/48041-1281 HINO RK# LH PM !,2,2635,Paul Master,S-054,Москва
2026-03-25 09:00:03,Серьга рессоры S-055/ HSS-055/ 48038-1040 HINO FD1J# SD/FT17/19# 94~ PM,2,4796,Paul Master,HSS-055,Москва
2026-03-25 09:00:03,Серьга рессоры UD-001 54211-00Z00 N.-DIESEL CDA00A/CDA595/CDA69B/CFZ03A/CWT470 PM,1,3289,Paul Master,54211-00Z00,Москва
2026-03-25 09:00:03,Серьга рессоры USS-002/ UD-002 54210-Z2003 N.-DIESEL CW54 PM !,2,3717,Paul Master,USS-002,Москва
2026-03-25 09:00:03,Серьга рессоры передней D-126306 / MB025157 Fuso Canter Дизель,8,1220,Дизель,D-126306,Москва
2026-03-25 09:00:03,Сигнал звуковой (высокий тон) 8-98353-521-0 ORIG,1,3394,Isuzu,8983535210,Москва
2026-03-25 09:00:03,Сигнал звуковой (низкий тон) 8-98353-520-0 ORIG,1,3676,Isuzu,8-98353-520-0,Москва
2026-03-25 09:00:03,Сигнал звуковой пневматический D-130724 / 96640-Y1A1H JAC N350 Дизель,1,3467,Дизель,D-130724,Москва
2026-03-25 09:00:03,Силикагель в гранулах (0.5kg) D-128245 / DR-31 Дизель,14,857,Дизель,D-128245,Москва
2026-03-25 09:00:03,Синхронизатор 1/2 передач 6DS50T-1701130-4 JAC ORIG,1,24675,JAC,6DS50T-1701130-4,Москва
2026-03-25 09:00:03,"Синхронизатор 2 и 3 передачи 1-33265-612-1 C,F-series ORIG",2,49275,Isuzu,1-33265-612-1,Москва
2026-03-25 09:00:03,Синхронизатор 3-4 передач M-1701149 JAC ORIG,1,2085,JAC,M-1701149,Москва
2026-03-25 09:00:03,Синхронизатор 3-4 передач M-1701152-00 JAC ORIG,1,8620,JAC,M-1701152-00,Москва
2026-03-25 09:00:03,Синхронизатор 5-передачи J-1701330-00-00 JAC ORIG,1,4870,JAC,J-1701330-00-00,Москва
2026-03-25 09:00:03,"Синхронизатор переключения диапазонов КПП 8-98239-908-2 C,E-series ORIG",1,44489,Isuzu,8-98239-908-2,Москва
2026-03-25 09:00:03,Скоба крепления заднего стаб D-127917 / WG780680032 HOWO Дизель,1,216,Дизель,D-127917,Москва
2026-03-25 09:00:03,Скоба стабилизатора D-125993 / 2906040Y4P00 JAC N350 Дизель,1,257,Дизель,D-125993,Москва
2026-03-25 09:00:03,Скоба суппорта RR 8-98240-313-0 NPR75 ORIG,1,18406,Isuzu,8-98240-313-0,Москва
2026-03-25 09:00:03,Скоба фиксации личинки замка двери 81975-36000 JAC ORIG,2,91,JAC,81975-36000,Москва
2026-03-25 09:00:03,Соединение 8935011974 WABCO !,2,419,Wabco,8935011974,Москва
2026-03-25 09:00:03,Соединитель трубки ТНВД 8-97315-230-2 4JJ1 NMR85/NLR85 ORIG,2,544,Isuzu,8-97315-230-2,Москва
2026-03-25 09:00:03,Соленоид 8-98002-761-0 ORIG,26,13001,Isuzu,8-98002-761-0,Москва
2026-03-25 09:00:03,Соленоид 8-98048-497-1 F-series ORIG,17,19478,Isuzu,8-98048-497-1,Москва
2026-03-25 09:00:03,Соленоид 8-98048-498-1 F-series ORIG,28,19451,Isuzu,8-98048-498-1,Москва
2026-03-25 09:00:03,Сошка (рычаг) поворотного кулака R D-129111 / 8-97147-636-0 NQR 71\75 Дизель,2,1930,Дизель,D-129111,Москва
2026-03-25 09:00:03,Спидометр 94190-7A301 HYUNDAI HD120/170 ORIG,1,12441,Hyundai-Kia,94190-7A301,Москва
2026-03-25 09:00:03,Стабилизатор задней подвески 1-51770-030-2 ORIG,1,68636,Isuzu,1-51770-030-2,Москва
2026-03-25 09:00:03,Стакан пневморессоры металлический для 881MB / 6142404054 Mercedes !,1,2526,Mercedes,6142404054,Москва
2026-03-25 09:00:03,"Стакан форсунки D-125013 / 8-97602-301-1 Forward 4HF1, 4HK1, 6HH1, 6HK1, 6HE1 FVR34 Дизель",5,1015,Дизель,D-125013,Москва
2026-03-25 09:00:03,Стакан форсунки D-127370 / 1003016А29D CA6DL2 Дизель,1,341,Дизель,D-127370,Москва
2026-03-25 09:00:03,Стакан форсунки D-127918 / 612600040235 SHACMAN WP10 Дизель,5,479,Дизель,D-127918,Москва
2026-03-25 09:00:03,"Стакан форсунки D-128149 / 8-97606-661-0 / 8-98018-462-0 700P 4HK1 N,F-series 96~ Дизель",2,881,Дизель,D-128149,Москва
2026-03-25 09:00:03,Стакан форсунки D-128540 / S1117-61190 / 11176-1190 / 11176-89101 HINO J08C S05C J07E J07C Дизель,20,611,Дизель,D-128540,Москва
2026-03-25 09:00:03,Стакан форсунки HINO 11176-1150 EM100 Y,12,1161,Yamasida,11176-1150,Москва
2026-03-25 09:00:03,Стакан форсунки HINO 700 S1117-61180/11176-1180 E13C Y,9,834,Yamasida,S1117-61180,Москва
2026-03-25 09:00:03,Стакан форсунки HINO S1117-61120/11176-1120 H06CT/H07D/H07C/H06C Y,5,1177,Yamasida,S1117-61120,Москва
2026-03-25 09:00:03,Стакан форсунки HINO S1117-61160/S1117-61110 H06CT Y,12,1246,Yamasida,S1117-61160,Москва
2026-03-25 09:00:03,Стакан форсунки MMC FUSO 30901-13709 6D22 Y,3,1211,Yamasida,30901-13709,Москва
2026-03-25 09:00:03,Стакан форсунки NISSAN 11070-Z5504/11070-Z5502 FE6 Y,1,1244,Yamasida,11070-Z5504,Москва
2026-03-25 09:00:03,Стартер 080V26201-7277 HOWO ORIG,2,18177,CNHTC,080V26201-7277,Москва
2026-03-25 09:00:03,"Стартер 12.1.27.1446 / T430507 KSD1000/1100 SuperSnow, Perkins",2,60573,Perkins,12.1.27.1446,Москва
2026-03-25 09:00:03,"Стартер D-126785 / 612600091076 SHACMAN WP10 Е4/E5, JAC Дизель",1,15176,Дизель,D-126785,Москва
2026-03-25 09:00:03,Стартер D-127275 / QDJ2539R 24V 11T 4.5KW HINO J08C J07C S05C YD Дизель,1,13960,Дизель,D-127275,Москва
2026-03-25 09:00:03,Стартер ISUZU D-MAX QDJ13005 12V/2.8KW 9T YD,1,7532,Дизель,D-127281,Москва
2026-03-25 09:00:03,Стартер D-127286 / QDJ275D / ME087589 24V/11T/5.0-5.5KW MMC 6D31 Дизель,1,5948,Дизель,D-127286,Москва
2026-03-25 09:00:03,Стартер D-127349 / 8-94387-653-0 12v 2.8kW 4JG2 Дизель,2,15350,Дизель,D-127349,Москва
2026-03-25 09:00:03,Стартер D-127350 / 1-81100-246-1 ISUZU 6SD-1 24V/11T/5.5KW Дизель,4,7035,Дизель,D-127350,Москва
2026-03-25 09:00:03,Стартер D-127351 / S5A1-18-400 / QDJ1351 MAZDA HA/SL/XA 12V/12T/2.7KW YD Дизель,11,6051,Дизель,D-127351,Москва
2026-03-25 09:00:03,Стартер D-127598 / QDJ2535R / 8-97602-169-1 24V 11T 4.5-5.0KW ISUZU 6HK1 6HH1 Дизель,1,13422,Дизель,D-127598,Москва
2026-03-25 09:00:03,Стартер D-127599 / QDJ2544 24V/11T/4.5KW ISUZU 6HE1/6НН1 Дизель,1,14636,Дизель,D-127599,Москва
2026-03-25 09:00:03,Стартер D-128169 / 080V26201-7277 HOWO Дизель,1,12690,Дизель,D-128169,Москва
2026-03-25 09:00:03,Стартер D-128246 / 36100-48100 HYUNDAI GOLD D6GA Дизель,3,13695,Дизель,D-128246,Москва
2026-03-25 09:00:03,Стартер D-128403 / QDJ2435 / M2T78681 24V 11T 4.0KW NISSAN FD46 Дизель,1,12645,Дизель,D-128403,Москва
2026-03-25 09:00:03,Стартер D-128439 / 3708010-29D / 3708010-29DJ 12 зубов FAW J6 Дизель,1,10455,Дизель,D-128439,Москва
2026-03-25 09:00:03,Стартер D-128597 / 4985441 Z=11 Cummins M11 SCHACMAN X3000 Дизель,1,16374,Дизель,D-128597,Москва
2026-03-25 09:00:03,"Стартер D-129107 / 8-97216-186-1 24V 4,5KW 4HE1 N-series Дизель",1,13584,Дизель,D-129107,Москва
2026-03-25 09:00:03,Стартер D-129114 / QDJ2522R 24V 11T 4.5KW HINO H07C H07D EH700 YD Дизель,1,12691,Дизель,D-129114,Москва
2026-03-25 09:00:03,Стартер D-129115 / QDJ275C 24V 11T 5.5KW MMC 6D14/15 6D16 YD Дизель,1,13960,Дизель,D-129115,Москва
2026-03-25 09:00:03,Стартер D-129116 / QDJ2612 24V 11T 5.0KW MMC 6D17 YD Дизель,1,14851,Дизель,D-129116,Москва
2026-03-25 09:00:03,Стартер D-129562 / QDJ13001 ISUZU 4JA1/4JB1 12V/9T/2.0KW Дизель,1,8320,Дизель,D-129562,Москва
2026-03-25 09:00:03,"Стартер MMC 4D30/32,FE300/331 D4AL/DA/B/C 24V/9T/3.2KW D-129556 /ME017085/36100-41012/QDJ2430 Дизель",1,12802,Дизель,D-129556,Москва
2026-03-25 09:00:03,Статор D-129835 / QDZ1351 HA/XA Дизель,1,1236,Дизель,D-129835,Москва
2026-03-25 09:00:03,Статор D-129836 / QDZ2435 FD42-46 Дизель,1,1292,Дизель,D-129836,Москва
2026-03-25 09:00:03,Статор D-129838 / QDZ2501 4HF1/4HG1 Дизель,1,1135,Дизель,D-129838,Москва
2026-03-25 09:00:03,Статор D-129839 / QDZ2520 6HE1/6HH1 Дизель,1,1283,Дизель,D-129839,Москва
2026-03-25 09:00:03,Статор D-129994 / EF750 / F17C / EF100-300 Дизель,1,1762,Дизель,D-129994,Москва
2026-03-25 09:00:03,Стекло багажной двери 5603100U1510 S5 JAC ORIG,2,8369,JAC,5603100U1510,Москва
2026-03-25 09:00:03,Стекло ветровое 5206100U1510 JAC ORIG,3,15122,JAC,5206100U1510,Москва
2026-03-25 09:00:03,Стекло ветровое 5206100U2210Z2 S3 JAC ORIG,4,14742,JAC,5206100U2210Z2,Москва
2026-03-25 09:00:03,Стекло заднего фонаря D-128123 / 2191903 / 04-4209 / 81550-1651/1-1020 017 ORANGE HINO700/500 Дизель,1,202,Дизель,D-128123,Москва
2026-03-25 09:00:03,Стекло зеркала A0028113733 Mercedes ориг !,1,4954,Mercedes-Benz,A 002 811 37 33,Москва
2026-03-25 09:00:03,Стекло лобовое D-125994 / 86111-7A000 JAC N350 Дизель,1,7968,Дизель,D-125994,Москва
2026-03-25 09:00:03,Стекло лобовое D-128707 / 5206015-A95 FAW Дизель,5,5152,Дизель,D-128707,Москва
2026-03-25 09:00:03,"Стеклоподъёмник L D-126613 / 711-62600-7311 / 711W62645-6051 электрический Howo, Sitrak C7H Дизель",1,9936,Дизель,D-126613,Москва
2026-03-25 09:00:03,"Стеклоподъёмник R D-126614 / 711-62600-7312 / 711W62645-6050 электрический Howo, Sitrak C7H Дизель",1,9936,Дизель,D-126614,Москва
2026-03-25 09:00:03,Стеклоподъемник R D-126956 / 6104200LE010XZ03 электрический 24V JAC N120 Дизель,1,2917,Дизель,D-126956,Москва
2026-03-25 09:00:03,Стеклоподъемник двери левой (электрический) 81503-5H013 Hyundai HD65/72 /78 ORIG,8,2284,Hyundai-Kia,81503-5H013,Москва
2026-03-25 09:00:03,Стеклоподъемник зад.двери L 83401-4E000 BONGO III !,10,632,Hyundai-Kia,83401-4E000,Москва
2026-03-25 09:00:03,Стеклоподъемник зад.двери R 83402-4E000 BONGO III !,2,686,Hyundai-Kia,83402-4E000,Москва
2026-03-25 09:00:03,Стеклоподъемник перед.двери L 82401-4E000 BONGO III !,5,586,Hyundai-Kia,82401-4E000,Москва
2026-03-25 09:00:03,Стеклоподъемник перед.двери R 82402-4E000 BONGO III !,5,522,Hyundai-Kia,82402-4E000,Москва
2026-03-25 09:00:03,"Стеклоподъемник передний R D-125702 / 1-74418-178-3 F,C series Дизель",2,2124,Дизель,D-125702,Москва
2026-03-25 09:00:03,Стойка переднего стабилизатора 48802-60050/TSL001/48820-AD010,2,818,JMC,48802-60050,Москва
2026-03-25 09:00:03,Стойка стабилизатора 464855/ A94332306167390 / A94332302117390 DieselTechnic !,5,7231,Diesel Technic,4.64855SP,Москва
2026-03-25 09:00:03,Стойка стабилизатора 54790-6C000 FR HYUNDAI HD120 ORIG,1,4982,Hyundai-Kia,54790-6C000,Москва
2026-03-25 09:00:03,Стойка стабилизатора A94832606477390 Mercedes ориг !,1,7707,Mercedes-Benz,A 948 326 06 47 7390,Москва
2026-03-25 09:00:03,Стоп-сигнал R 214-1957R-A (K) FUSO CANTER FE85 LHD / MK485641 дефект,1,527,Дизель,214-1957R-A,Москва
2026-03-25 09:00:03,Стопорное кольцо 1004024FB JAC N35 ORIG,1,22,JAC,1004024FB,Москва
2026-03-25 09:00:03,Стопорное кольцо поршневого пальца 8-94107-575-1 4BG1/6BG1 ORIG,8,196,Isuzu,8-94107-575-1,Москва
2026-03-25 09:00:03,Стопорное кольцо поршневого пальца 8-94460-687-0 D=37.5 4JJ1-T ORIG,6,155,Isuzu,8-94460-687-0,Москва
2026-03-25 09:00:03,Стопорное кольцо поршневого пальца D-129554 / 1001476626 FAW Дизель,2,67,Дизель,D-129554,Москва
2026-03-25 09:00:03,Стопорное кольцо шестерни ГРМ 9-09180-055-0 ORIG,7,207,Isuzu,9-09180-055-0,Москва
2026-03-25 09:00:03,Стремянка 17*94*240,2,602,JMC,17*94*240,Москва
2026-03-25 09:00:03,Стремянка 55225-5K500 HYUNDAI ORIG,1,2165,Hyundai-Kia,55225-5K500,Москва
2026-03-25 09:00:03,"Стремянка D-127356 / 54225-5A200 F4 13,05*73,6*163*85,4 Дизель",4,324,Дизель,D-127356,Москва
2026-03-25 09:00:03,Стремянка D-127358 / 55225-6A600 F4 18*74*400 Дизель,18,670,Дизель,D-127358,Москва
2026-03-25 09:00:03,Стремянка D-127833 / 54225-5H901 F4 14*73*125 LT Дизель,16,319,Дизель,D-127833,Москва
2026-03-25 09:00:03,Стремянка D-127834 / 55225-5K500-10 F4 16*72*325 LT Дизель,6,485,Дизель,D-127834,Москва
2026-03-25 09:00:03,Стремянка D-127835 / 55225-5K500 F4 16*72*350 LT Дизель,12,523,Дизель,D-127835,Москва
2026-03-25 09:00:03,Стремянка D-128066 / 54225-5K100 16х1.5х73х130 HD65/72/78 LT Дизель,2,370,Дизель,D-128066,Москва
2026-03-25 09:00:03,Стремянка D-128369 / AZ9925520268 SITRAK Дизель,3,1049,Дизель,D-128369,Москва
2026-03-25 09:00:03,Стремянка D-128370 / AZ9125520268 SITRAK Дизель,5,1049,Дизель,D-128370,Москва
2026-03-25 09:00:03,Стремянка D-128381 / WG9925520029 SITRAK Дизель,4,512,Дизель,D-128381,Москва
2026-03-25 09:00:03,Стремянка D-128914 F4 14х72х140 LT Дизель,1,290,Дизель,D-128914,Москва
2026-03-25 09:00:03,Стремянка D-128917 F4 18х72х440 LT Дизель,4,623,Дизель,D-128917,Москва
2026-03-25 09:00:03,Стремянка D-128918 F1/F2 20х82х200 LT Дизель,8,463,Дизель,D-128918,Москва
2026-03-25 09:00:03,Стремянка D-129612 14*1.5*75*240 LT Дизель,12,382,Дизель,D-129612,Москва
2026-03-25 09:00:03,Стремянка D-129613 F1/F2 20*92*205 LT Дизель,2,645,Дизель,D-129613,Москва
2026-03-25 09:00:03,Стремянка D-129616 F1/F2 22*82*250 LT Дизель,4,755,Дизель,D-129616,Москва
2026-03-25 09:00:03,Стремянка D-129617 F1/F2 22*92*240 LT Дизель,4,631,Дизель,D-129617,Москва
2026-03-25 09:00:03,Стремянка D-129618 F10 14*72*120 LT Дизель,1,314,Дизель,D-129618,Москва
2026-03-25 09:00:03,Стремянка D-129619 F10 14*72*140 LT Дизель,2,297,Дизель,D-129619,Москва
2026-03-25 09:00:03,Стремянка D-129620 F10 14*72*160 LT Дизель,4,331,Дизель,D-129620,Москва
2026-03-25 09:00:03,Стремянка D-129622 F10 16*72*280 LT Дизель,4,464,Дизель,D-129622,Москва
2026-03-25 09:00:03,Стремянка D-129623 F10 16*72*300 LT Дизель,10,451,Дизель,D-129623,Москва
2026-03-25 09:00:03,Стремянка D-129625 F10 M14*1.5*72*350 крепление кузова к раме LT Дизель,4,435,Дизель,D-129625,Москва
2026-03-25 09:00:03,Стремянка D-129626 F10 M14*1.5*82*360 крепление кузова к раме LT Дизель,4,407,Дизель,D-129626,Москва
2026-03-25 09:00:03,Стремянка D-129628 F3 27*93*410 LT Дизель,6,1536,Дизель,D-129628,Москва
2026-03-25 09:00:03,Стремянка D-129629 F4 13*73*125 LT Дизель,30,278,Дизель,D-129629,Москва
2026-03-25 09:00:03,Стремянка D-129630 F4 14*64*110 LT Дизель,6,270,Дизель,D-129630,Москва
2026-03-25 09:00:03,Стремянка D-129632 F4 14*72*160 LT Дизель,14,292,Дизель,D-129632,Москва
2026-03-25 09:00:03,Стремянка D-129636 F4 16*72*220 LT Дизель,4,407,Дизель,D-129636,Москва
2026-03-25 09:00:03,Стремянка D-129638 F4 16*72*260 LT Дизель,1,417,Дизель,D-129638,Москва
2026-03-25 09:00:03,Стремянка D-129641 F4 18*62*400 LT Дизель,1,694,Дизель,D-129641,Москва
2026-03-25 09:00:03,Стремянка D-129643 F4 18*72*400 LT Дизель,3,632,Дизель,D-129643,Москва
2026-03-25 09:00:03,Стремянка D-129644 F5 20*92*205 LT Дизель,1,633,Дизель,D-129644,Москва
2026-03-25 09:00:03,Стремянка D-129645 F5 24*92*490 LT Дизель,4,1230,Дизель,D-129645,Москва
2026-03-25 09:00:03,Стремянка D-129646 F5 24*93*300 LT Дизель,6,1140,Дизель,D-129646,Москва
2026-03-25 09:00:03,Стремянка D-129647 F5 24*93*330 LT Дизель,6,1119,Дизель,D-129647,Москва
2026-03-25 09:00:03,Стремянка D-129648 F5 24*93*350 LT Дизель,34,700,Дизель,D-129648,Москва
2026-03-25 09:00:03,Стремянка D-129649 F5 27*93*330 LT Дизель,6,1203,Дизель,D-129649,Москва
2026-03-25 09:00:03,Стремянка D-129652 F6 24*92*450 LT Дизель,2,1382,Дизель,D-129652,Москва
2026-03-25 09:00:03,Стремянка D-129653 F6 27*93*380 LT Дизель,12,1533,Дизель,D-129653,Москва
2026-03-25 09:00:03,Стремянка D-129654 F8 22*92*240 LT Дизель,8,655,Дизель,D-129654,Москва
2026-03-25 09:00:03,Стремянка D-129847 / SZ940-84451 F4 18*72*200 HINO500 Дизель,2,632,Дизель,D-129847,Москва
2026-03-25 09:00:03,Стремянка D-130090 F6 24*92*300 LT ! Дизель,10,668,Дизель,D-130090,Москва
2026-03-25 09:00:03,Стремянка D-130091 F6 24*92*330 LT ! Дизель,8,610,Дизель,D-130091,Москва
2026-03-25 09:00:03,Стремянка D-130092 F1/F2 20*82*220 LT Дизель,10,435,Дизель,D-130092,Москва
2026-03-25 09:00:03,Стремянка D-130093 F4 22*82*250 LT Дизель,5,886,Дизель,D-130093,Москва
2026-03-25 09:00:03,Стремянка D-130095 F6 27*93*330 LT Дизель,4,911,Дизель,D-130095,Москва
2026-03-25 09:00:03,Стремянка D-130096 F6 27*93*350 LT Дизель,6,887,Дизель,D-130096,Москва
2026-03-25 09:00:03,Стремянка D-130097 F6 27*93*410 LT Дизель,5,952,Дизель,D-130097,Москва
2026-03-25 09:00:03,Стремянка D-130098 F8 22*82*250 LT Дизель,6,253,Дизель,D-130098,Москва
2026-03-25 09:00:03,Стремянка D-130159 F4 16*72*160 Дизель,1,351,Дизель,D-130159,Москва
2026-03-25 09:00:03,Стремянка D-130249 F4 14*64*130 Дизель,2,305,Дизель,D-130249,Москва
2026-03-25 09:00:03,Стремянка D-130250 F4 14*64*150 Дизель,2,309,Дизель,D-130250,Москва
2026-03-25 09:00:03,Стремянка D-130335 F10 16*72*200 Дизель,4,418,Дизель,D-130335,Москва
2026-03-25 09:00:03,Стремянка D-130336 F10 18*73*400 LT Дизель,8,639,Дизель,D-130336,Москва
2026-03-25 09:00:03,"Стремянка D-130718 / 2096135 задняя M22*2,5*93*256 SCANIA L/P/G/R/S Дизель",5,794,Дизель,D-130718,Москва
2026-03-25 09:00:03,Стремянка D-130719 / 2064010 М30*95*405 Scania Дизель,2,1651,Дизель,D-130719,Москва
2026-03-25 09:00:03,Стремянка F1/F2 20*82*250 LT.,8,459,LT,20*82*250,Москва
2026-03-25 09:00:03,Стремянка F3 24*93*350 LT,6,919,LT,F3 24*93*350,Москва
2026-03-25 09:00:03,Стремянка F3 27*93*500,2,1791,JMC,F3 27*93*500,Москва
2026-03-25 09:00:03,Стремянка передней рессоры D-126957 / 2902411-70 J5 FAW Дизель,8,618,Дизель,D-126957,Москва
2026-03-25 09:00:03,Стремянка передней рессоры F2000/F300018*92*260 с гайками,2,635,JMC,18*92*260,Москва
2026-03-25 09:00:03,Стремянка рессоры A9473510525 Mercedes ориг !,2,4373,Mercedes,A 947 351 05 25,Москва
2026-03-25 09:00:03,Стремянка рессоры D-125996 / 54225-Y3410 JAC N350 Дизель,5,1011,Дизель,D-125996,Москва
2026-03-25 09:00:03,Стремянка рессоры D-125998 / 55225-Y3B00 R JAC N350 Дизель,2,2452,Дизель,D-125998,Москва
2026-03-25 09:00:03,Стремянка рессоры D-127357 / 54225-62073 / F4 16x72x170 Дизель,1,370,Дизель,D-127357,Москва
2026-03-25 09:00:03,Стремянка рессоры задней D-127728 / 2911033G1080 JAC N120 Дизель,1,1830,Дизель,D-127728,Москва
2026-03-25 09:00:03,Стремянка рессоры задней D-127729 / 2912021LE058 JAC N80/90 LE80B/LE801 Дизель,2,562,Дизель,D-127729,Москва
2026-03-25 09:00:03,Стремянка рессоры передней D-127730 / 2901021S3QZ-000Z JAC N120 LE35S Дизель,2,562,Дизель,D-127730,Москва
2026-03-25 09:00:03,Стремянка рессоры передней D-127731 / 2902021LE054 JAC N90 Дизель,2,340,Дизель,D-127731,Москва
2026-03-25 09:00:03,Ступень D-126000 / 8405400H3P10 JAC N350 Дизель,2,1074,Дизель,D-126000,Москва
2026-03-25 09:00:03,Ступица D-129658 / HFF3104100CK2BZ2 задняя (не в сборе) JAC N350 Дизель,1,8378,Дизель,D-129658,Москва
2026-03-25 09:00:03,Ступица заднего колеса D-129659 / 3104011-A6E/B FAW CA3311 Дизель,1,6741,Дизель,D-129659,Москва
2026-03-25 09:00:03,Ступица заднего моста D-126430 / 1-42311-085-0 / 1-42311-094-0 CXZ51 Дизель,5,10638,Дизель,D-126430,Москва
2026-03-25 09:00:03,Ступица задняя 2201020130 JAC N35 ORIG,2,2464,JAC,2201020130,Москва
2026-03-25 09:00:03,Ступица задняя 463348/A3463562801 / BK6100239 Mercedes/DieselTechnic !,2,32218,Diesel Technic,4.63348,Москва
2026-03-25 09:00:03,Ступица задняя 52752-5K311 HYUNDAI HD78 D4DB/D4DD ORIG,3,10589,Hyundai-Kia,52752-5K311,Москва
2026-03-25 09:00:03,Ступица задняя D-126001 / HFF3104111CK2BZ2 не в сборе JAC N350 Дизель,1,8363,Дизель,D-126001,Москва
2026-03-25 09:00:03,Ступица задняя D-128274 / 31.B90ZB15HS-04015 JAC N120 Дизель,1,12724,Дизель,D-128274,Москва
2026-03-25 09:00:03,Ступица задняя D-128325 / AZ711734009001 SITRAK C7H Дизель,3,6562,Дизель,D-128325,Москва
2026-03-25 09:00:03,Ступица задняя D-128343 / 712-35700-6106 SITRAK Дизель,2,15548,Дизель,D-128343,Москва
2026-03-25 09:00:03,Ступица колеса заднего моста 8-97081-323-2 N-series ORIG,1,24709,Isuzu,8-97081-323-2,Москва
2026-03-25 09:00:03,Ступица колеса заднего моста 8-97240-323-1/0 NLR85 ORIG,1,23485,Isuzu,8-97240-323-1,Москва
2026-03-25 09:00:03,Ступица колеса заднего моста 8-97379-877-1 FSR90 ORIG,1,63941,Isuzu,8-97379-877-1,Москва
2026-03-25 09:00:03,Ступица колеса заднего моста D-125265 / 8-97107-549-1 N-series Дизель,2,6878,Дизель,D-125265,Москва
2026-03-25 09:00:03,Ступица колеса переднего D-128296 / 3103011-4E / 3103011В1Н FAW CA3311 Дизель,2,5990,Дизель,D-128296,Москва
2026-03-25 09:00:03,Ступица колеса переднего моста 1-42312-160-0 CYZ51/CYZ52/FVR34 ORIG,5,58481,Isuzu,1-42312-160-0,Москва
2026-03-25 09:00:03,Ступица колеса переднего моста 1-42312-162-0 FSR90 ORIG,1,46099,Isuzu,1-42312-162-0,Москва
2026-03-25 09:00:03,Ступица передняя D-128333 / AZ4075410040 / AZ4075410045 SITRAK Дизель,6,8586,Дизель,D-128333,Москва
2026-03-25 09:00:03,Ступица передняя D-129876 / WG9112410009 HOWO T5G Дизель,1,6557,Дизель,D-129876,Москва
2026-03-25 09:00:03,Ступица синхронизатора КПП D-126784 / WG2203100254 HOWO T5G Дизель,2,4285,Дизель,D-126784,Москва
2026-03-25 09:00:03,Стяжка бака D-129660 / WG9925551063 HOWO T5G Дизель,2,1052,Дизель,D-129660,Москва
2026-03-25 09:00:03,Стяжка груза D-128871 / 5T*50MM*10M Дизель,5,1301,Дизель,D-128871,Москва
2026-03-25 09:00:03,Стяжка груза D-130384 4T*50MM*12M Дизель,6,1340,Дизель,D-130384,Москва
2026-03-25 09:00:03,Суппорт D-128389 / AZ4075450070 SITRAK Дизель,1,3603,Дизель,D-128389,Москва
2026-03-25 09:00:03,Суппорт левый AZ4007443002 SITRAK C7H ORIG,2,8634,CNHTC,AZ4007443002,Москва
2026-03-25 09:00:03,Суппорт левый в сборе D-126618 / AZ4007444210 Sitrak C7H Дизель,1,22285,Дизель,D-126618,Москва
2026-03-25 09:00:03,Суппорт передний левый 8-98484-689-0 N-series E-5 ORIG,1,26667,Isuzu,8-98484-689-0,Москва
2026-03-25 09:00:03,Суппорт передний правый 8-98484-688-0 N-series E-5 ORIG,1,26667,Isuzu,8-98484-688-0,Москва
2026-03-25 09:00:03,Суппорт правый 8-97367-533-0 / 8-98303-459-0 NJR/NKR/NLR/NMR/NHR 04~ ORIG,1,36365,Isuzu,8-98303-459-0,Москва
2026-03-25 09:00:03,Суппорт правый D-128388 / AZ4007443020 SITRAK C7H Дизель,2,19994,Дизель,D-128388,Москва
2026-03-25 09:00:03,Суппорт правый в сборе D-126619 / AZ4007444220 Sitrak C7H Дизель,1,22285,Дизель,D-126619,Москва
2026-03-25 09:00:03,Суппорт тормозной D-128346 / 711-50202-6127 SITRAK Дизель,3,4100,Дизель,D-128346,Москва
2026-03-25 09:00:03,Суппорт тормозной HR в сборе D-130210 / 58190-4EA10 BONGO III 2.9 Дизель,1,4879,Дизель,D-130210,Москва
2026-03-25 09:00:03,Суппорт тормозной задний левый (без колодки) MK585111 SKV Fuso Canter TF E-5,6,6773,SKV,MK585111 SKV,Москва
2026-03-25 09:00:03,Суппорт тормозной задний левый HINO300 евро3/4 47850-37010 / 47850-37011 / BS3-E5411-31D0 SKV,4,7254,SKV,47850-37010,Москва
2026-03-25 09:00:03,"Суппорт тормозной задний правый 47830-37031 HINO300/TOYOTA WU7##/XZU7##/BU4##/BZU410/XZU3##,4## SKV",10,10087,SKV,47830-37031,Москва
2026-03-25 09:00:03,Суппорт тормозной задний правый HINO300 евро3/4 47830-37010 / 47830-37011 / BS3-E5411-41D0 SKV,1,7346,SKV,47830-37010,Москва
2026-03-25 09:00:03,Суппорт тормозной передний левый 8-98303-466-0 SKV N-series SKV,4,7041,SKV,8-98303-466-0,Москва
2026-03-25 09:00:03,Суппорт тормозной передний левый D-126620 / AZ4007443010 Sitrak C7H Дизель,1,28044,Дизель,D-126620,Москва
2026-03-25 09:00:03,Суппорт тормозной передний левый HINO300 евро3/4 47750-37120 / 47750-37121 / BS3-E5411-11D0 SKV,4,7936,SKV,47750-37120,Москва
2026-03-25 09:00:03,Суппорт тормозной передний правый 58181-45A00 Hyundai HD65/35/County ORIG,8,13779,Hyundai-Kia,58181-45A00,Москва
2026-03-25 09:00:03,Суппорт тормозной передний правый 8-98303-465-0 N-series SKV,4,7041,SKV,8-98303-465-0,Москва
2026-03-25 09:00:03,Суппорт тормозной передний правый HINO300 евро3/4 47730-37120 / 47730-37121 / BS3-E5411-21D0 SKV,5,6690,SKV,47730-37120,Москва
2026-03-25 09:00:03,Сухарь (ползун) КПП D-129863 / WG2229100022 HOWO T5G Дизель,2,823,Дизель,D-129863,Москва
2026-03-25 09:00:03,Сухарь вилки кпп 463193 / A9472650249 / 60531852 Mercedes/DieselTechnic !,1,592,Diesel Technic,463193,Москва
2026-03-25 09:00:03,Сухарь вилки кпп 60531852/463193 / A9472650249 Mercedes/ Euroricambi,4,524,Euroricambi,60.53.1852,Москва
2026-03-25 09:00:03,Сухарь вилки переключения передач КПП 60530890 /A9472650349 / T18588 Mercedes/Euroricambi,12,850,Euroricambi,60.53.0890,Москва
2026-03-25 09:00:03,Сухарь клапана двигателя 8-94239-501-0 ORIG,10,169,Isuzu,8-94239-501-0,Москва
2026-03-25 09:00:03,"Сухарь синхронизатора 1-33263-025-2 C,E-series ORIG",10,1096,Isuzu,1-33263-025-2,Москва
2026-03-25 09:00:03,"Сухарь синхронизатора 1-33263-039-0 MJX16P C,E-series ORIG",3,883,Isuzu,1-33263-039-0,Москва
2026-03-25 09:00:03,"Сухарь синхронизатора 1-33263-041-0 C,E-series ORIG",1,908,Isuzu,1-33263-041-0,Москва
2026-03-25 09:00:03,Сухарь синхронизатора 43384-5H001 HYUNDAI HD78/72 ORIG,63,314,Hyundai-Kia,43384-5H001,Москва
2026-03-25 09:00:03,Сухарь синхронизатора 8-94448-202-2 N-series ORIG,9,274,Isuzu,8-94448-202-2,Москва
2026-03-25 09:00:03,Сцепление 12.1.01.0314 / 20.3.015.020.01 / 20.3.041.000.01 KSD1000/1100 SuperSnow/LANG,2,60127,SuperSnow,12.1.01.0314,Москва
2026-03-25 09:00:03,Тепловой экран D-130471 / 201V08120-0403 HOWO T5G Дизель,1,1094,Дизель,D-130471,Москва
2026-03-25 09:00:03,Теплоизолирующий кожух глушителя D-128450 / 1204038-71U/A FAW Дизель,1,1365,Дизель,D-128450,Москва
2026-03-25 09:00:03,Теплообменник D-126748 / 61500010334 JAC N350 WP10 E-5 Дизель,1,3143,Дизель,D-126748,Москва
2026-03-25 09:00:03,Термодатчик 25360-43800 Grace !,1,139,JMC,25360-43800,Москва
2026-03-25 09:00:03,Термостат 0К850-15171А,1,992,JMC,0К850-15171А,Москва
2026-03-25 09:00:03,Термостат 25510-45501 HYUNDAI HD65/72/County ORIG,4,2268,Hyundai-Kia,25510-45501,Москва
2026-03-25 09:00:03,Термостат 8-97116-057-0/8-97300-789-0/8-97300-789-1/2/3/8-97167-497-0 ORIG,1,2416,Isuzu,8-97300-789-3,Москва
2026-03-25 09:00:03,Термостат D-126002 / 612630060894 76°С JAC N350 WP10 E-5 Дизель,2,778,Дизель,D-126002,Москва
2026-03-25 09:00:03,Термостат D-126311 / ZB54HG-82P / 8-94370-377-2/1 / 8-97300-790-1/3 / 8-97091-806-0 Дизель,2,706,Дизель,D-126311,Москва
2026-03-25 09:00:03,Термостат D-126313 / WV48B-82 Toyota DYNATOYOACE 3Y/2Y/5L Дизель,9,428,Дизель,D-126313,Москва
2026-03-25 09:00:03,Термостат D-126314 / WV52MA-82 Mazda Дизель,2,458,Дизель,D-126314,Москва
2026-03-25 09:00:03,Термостат D-126315 / WV52TA-82 Toyota TOYOACE L Дизель,2,509,Дизель,D-126315,Москва
2026-03-25 09:00:03,Термостат D-126317 / WV54-82B / BZB54-82A Nissan TD27/42T Дизель,3,502,Дизель,D-126317,Москва
2026-03-25 09:00:03,Термостат D-126320 / WV56MC-76.5 MMC 4M40 Дизель,1,439,Дизель,D-126320,Москва
2026-03-25 09:00:03,Термостат D-126321 / WV64MC-82 MMC 4M51 Дизель,10,587,Дизель,D-126321,Москва
2026-03-25 09:00:03,Термостат D-126322 / WV73-82 DYNA/TOYOACE 2B/3B/4B/15B/1BZ Дизель,10,1009,Дизель,D-126322,Москва
2026-03-25 09:00:03,Термостат D-126323 / WV73-88 DYNA/TOYOACE B/3B/11B/13B/14B/15B/2H Дизель,2,908,Дизель,D-126323,Москва
2026-03-25 09:00:03,Термостат D-126324 / WV82MN-76.5B / ME035320 / ME995302 MMC 6D16 Дизель,2,1029,Дизель,D-126324,Москва
2026-03-25 09:00:03,Термостат D-126325 / ZB54I-82 / 8-97089-891-0 / WV54I-82 ISUZU 4JG2 Дизель,2,546,Дизель,D-126325,Москва
2026-03-25 09:00:03,Термостат D-126700 / WV75M-82A MITSUBISHI CANTER 4D30-36 Дизель,1,860,Дизель,D-126700,Москва
2026-03-25 09:00:03,Термостат D-126787 / 612630060031 / 612630060844 / 30502-83D 83°С SHACMAN WP12 Дизель,2,1080,Дизель,D-126787,Москва
2026-03-25 09:00:03,Термостат D-128839 / ZB78H-88 / ME999359 / ME994304 Дизель,1,1226,Дизель,D-128839,Москва
2026-03-25 09:00:03,Термостат WV78HB-76.5C / 9001-46203 / SZ910-46027 HINO J05C Y,1,3332,Yamasida,SZ910-46027,Москва
2026-03-25 09:00:03,Термостат ZB52MA-82P/21200-HA301 MAZDA R2/RF JAPAN HKT,2,972,HKT,ZB52MA-82P,Москва
2026-03-25 09:00:03,Термостат ZB73-82/90916-03077 TOYOTA/HINO B/3B/4B/15BF JAPAN HKT,2,1389,HKT,ZB73-82,Москва
2026-03-25 09:00:03,Термостат ZB73-88/90916-03103 TOYOTA/HINO 2B/3B/13B/14B JAPAN HKT,1,1389,HKT,ZB73-88,Москва
2026-03-25 09:00:03,Термостат ZB75MH-76.5/ME015495/ME999217 MMC 4D# JAPAN HKT,3,1786,HKT,ZB75MH-76.5,Москва
2026-03-25 09:00:03,Толкатель клапана 1006020FD020 / 1006020FD020ZC JAC N35 ORIG,4,656,JAC,1006020FD020,Москва
2026-03-25 09:00:03,Толкатель клапана 24135-45000 D4DB/DD HYUNDAI ORIG,6,683,Hyundai-Kia,24135-45000,Москва
2026-03-25 09:00:03,Толкатель клапана 61500050032 JAC N350 WP10 E-5 ORIG,12,928,JAC,61500050032,Москва
2026-03-25 09:00:03,Толкатель клапана 8-97034-630-1 3LA1/3LB1/4LB1/4LE1 ORIG,3,1861,Isuzu,8-97034-630-1,Москва
2026-03-25 09:00:03,Толкатель клапана D-126788 / 61500050032 JAC N350 WP10 E-5 Дизель,3,338,Дизель,D-126788,Москва
2026-03-25 09:00:03,"Топливная рампа 8-98077-001-1 F,N-series ORIG",3,70661,Isuzu,8-98077-001-1,Москва
2026-03-25 09:00:03,"Топливная рейка 8-97603-121-2 C,E-series 6WG1 ORIG",1,68041,Isuzu,8976031212,Москва
2026-03-25 09:00:03,Тормозная камера SDC-70106 / MC805571 !,1,5628,Дизель,MC805571,Москва
2026-03-25 09:00:03,Тормозная камера SDC-70107 / MC838567 !,2,5958,Дизель,MC838567,Москва
2026-03-25 09:00:03,Тормозная камера SDC-70324 / 47850-3921 !,1,20690,Дизель,47850-3921,Москва
2026-03-25 09:00:03,Тормозная камера SDC-70325 / 47850-3931 !,1,20690,Дизель,47850-3931,Москва
2026-03-25 09:00:03,Тормозной барабан задний 43512-3020/BD0209 (10 отв) HINO,4,9075,JMC,43512-3020,Москва
2026-03-25 09:00:03,Тормозной диск 273*20*6H MB295968 Canter Y,2,4113,Yamasida,MB295968,Москва
2026-03-25 09:00:03,Тормозной диск 288*24*5H MB334308 Canter SKV,18,2397,SKV,MB334308,Москва
2026-03-25 09:00:03,Тормозной диск 40206-0T301 LP-5544 Nissan Atlas F22/23 Y,2,7373,Yamasida,40206-0T301,Москва
2026-03-25 09:00:03,Тормозной диск 42431-37040 HINO300 XZU417 06~ REAR SKV,23,3774,SKV,42431-37040,Москва
2026-03-25 09:00:03,"Тормозной диск 43512-37090 DYNA/TOYOACE/HINO (BU3#/4#,BZU3#/4#,RZU3#,XZU3#/4# 99~ SKV",4,3663,SKV,43512-37090,Москва
2026-03-25 09:00:03,Тормозной диск D-125487 / 8-98001-342-0 NLR85 ISUZU Дизель,1,7601,Дизель,D-125487,Москва
2026-03-25 09:00:03,Тормозной диск MK584503 front SKV,3,4254,SKV,MK584503,Москва
2026-03-25 09:00:03,Тормозной диск MK584503 front Y,2,10064,Yamasida,MK584503,Москва
2026-03-25 09:00:03,Тормозной диск MK584504 rear CANTER FE85 E-4/5 SKV,5,3706,SKV,MK584504,Москва
2026-03-25 09:00:03,Тормозной диск MK584504 rear CANTER FE85 E-4/5 Y,2,11840,Yamasida,MK584504,Москва
2026-03-25 09:00:03,Тормозной диск перед WG4071443003 Sitrak C7H ORIG,16,10387,SITRAK,WG4071443003,Москва
2026-03-25 09:00:03,Тормозной клапан в сборе D-127855 / HDE-014 / MC821909 / 1-48460-173-0 FUSO/ISUZU TRUCK Дизель,1,1145,Дизель,D-127855,Москва
2026-03-25 09:00:03,"Тормозной цилиндр 1-47601-087-0 / MC889050 FVR34, CYZ51K EURO3 6WF1 (ISUZU) SKV",4,7471,SKV,1-47601-087-0,Москва
2026-03-25 09:00:03,Торсион кабины 1-53450-567-6 CVR/CX#/EX# 96~ ORIG,1,91782,Isuzu,1-53450-567-6,Москва
2026-03-25 09:00:03,Торсион кабины D-130524 / 81.41715.6010 SHACMAN X3000/F3000/2000 Дизель,1,7845,Дизель,D-130524,Москва
2026-03-25 09:00:03,Трапеция стеклоочистителя 5205020LD010_XZ N56 JAC ORIG,1,773,JAC,5205020LD010_XZ,Москва
2026-03-25 09:00:03,Трапеция стеклоочистителя 98121-5H100 Hyundai HD65-78 ORIG,1,2563,Hyundai-Kia,98121-5H100,Москва
2026-03-25 09:00:03,Трещетка B-006/HBA-006/47480-1590/S474802050 FU#84~ FZ1F#95~ FS/NS27#/63# SH#84-92' PM,3,5287,Paul Master,B-006,Москва
2026-03-25 09:00:03,Трещетка B-011 44341-90271 LH CWA595 CWT690 CWT98A RA531 91-00` PM,1,4293,Paul Master,4434190271,Москва
2026-03-25 09:00:03,Трещетка B-020 MC826062 LH FW4# FP4# 91-97` PM,2,4301,Paul Master,FBA-020,Москва
2026-03-25 09:00:03,Трещетка EXR-001/IBA-001 1-48270-046-0 LH 10PE1 6WF1/86~ EXR/EXZ/CVS/CXW/CYW PM,1,5279,Paul Master,IBA-001L,Москва
2026-03-25 09:00:03,Трещетка EXR-002/IBA-002 1-48270-043-0 RH 10PE1 6WF1/86~ EXR/EXZ/D/Y PM !,1,5100,Paul Master,IBA-002R,Москва
2026-03-25 09:00:03,Трещетка HBA-003L B-003 47490-1090 LH SH#92~ SS#83-92' FS27#63#84-89' PM,2,4972,Paul Master,HBA-003L,Москва
2026-03-25 09:00:03,Трещетка HBA-003R B-003 47480-1550 RH SH#92~ SS#83-92' FS27#63#84-89' PM,2,4972,Paul Master,HBA-003R,Москва
2026-03-25 09:00:03,Трещетка HBA-006/ B-006 47480-1600 LH FU# 84~ FZ1F# 95~ FS/NS27#/63# SH# 84-92` PM,1,4829,Paul Master,HBA-006,Москва
2026-03-25 09:00:03,Трещетка задняя D-128347 / WG7129450011 SITRAK Дизель,2,3355,Дизель,D-128347,Москва
2026-03-25 09:00:03,Трещетка торм перед D-126003 / AK35011301G1S-Z JAC N350 Дизель,1,6552,Дизель,D-126003,Москва
2026-03-25 09:00:03,"Трещетка тормоза перед лев 3519050N5QZ/3501050N5QZ N120 LE359,LE35N JAC ORIG",1,8881,JAC,3519050N5QZ,Москва
2026-03-25 09:00:03,Трещетка тормозная 03.030.8790.000 /A9454200238 Templin !,4,5372,Templin,03.030.8790.000,Москва
2026-03-25 09:00:03,Трещетка тормозная 03.030.8790.009 Templin,4,4391,Templin,03.030.8790.009,Москва
2026-03-25 09:00:03,Трещетка тормозная 03.030.8790.030/ 462248/ A9454200938 / 80030С Mercedes /Templin !,6,5768,Templin,03.030.8790.030,Москва
2026-03-25 09:00:03,Трещетка тормозная 462249 / A9454200438 /80014C / 57877 Mercedes / DieselTechnic !,1,5609,Diesel Technic,4.62249,Москва
2026-03-25 09:00:03,Трещетка тормозная 57877/ 462249 / A9454200438 /80014C Mercedes / Auger,2,4983,Auger,57877,Москва
2026-03-25 09:00:03,Трещетка тормозная 57881/ A9454200338 / 461589 / 464232 Mercedes / Auger !,2,4866,Auger,57881,Москва
2026-03-25 09:00:03,Трещетка тормозная A9454200938SKV/80030C/462248/A9454200938 / 03.030.8790.030 Mercedes/Haldex SKV,2,4127,SKV,A9454200938,Москва
2026-03-25 09:00:03,Трещетка тормозная CK8363 переднего моста SHACMAN Createk,1,2266,JMC,CK8363,Москва
2026-03-25 09:00:03,Трещетка тормозная D-127595 / A9454200438 / 80014C/ 462249 / 57877 Mercedes / Haldex к ! Дизель,3,2684,Дизель,D-127595,Москва
2026-03-25 09:00:03,Трещетка тормозная D-129666 / 58150-8C800 передняя Hyundai HD260 Дизель,2,4104,Дизель,D-129666,Москва
2026-03-25 09:00:03,Трещетка тормозная автоматическая левая 01631750A PE,2,6589,Pe Automotive,016.317-50A,Москва
2026-03-25 09:00:03,Трещетка тормозная автоматическая левая 462246/A9454200138 /80009C/01631750A Mercedes/DieselTechn !,2,4619,Diesel Technic,4.62246,Москва
2026-03-25 09:00:03,Трещетка тормозная автоматическая левая 462247 DieselTechnic,2,7210,Diesel Technic,4.62247,Москва
2026-03-25 09:00:03,Трещетка тормозная автоматическая левая 462247/57878/ 01631650A/ A9454200038/80008C Mercedes/TEMPLIN,2,5684,Templin,03.030.8790.008,Москва
2026-03-25 09:00:03,Трещетка тормозная автоматическая левая 57878/ 01631650A/ A9454200038/462247/80008C Mercedes / Auger,1,4250,Auger,57878,Москва
2026-03-25 09:00:03,Трещетка тормозная задняя левая D-129871 / WYT9100340056 / WG9100340056 / CK9100340056 Дизель,2,1441,Дизель,D-129871,Москва
2026-03-25 09:00:03,Трещетка тормозная задняя правая D-129872 / WYT9100340057 / WG9100340057 / CK9100340057 Дизель,1,1441,Дизель,D-129872,Москва
2026-03-25 09:00:03,Трещетка тормозная правая 03.030.8790.001/A9454200338 / 0135056 / 461589 / 57881 Templin !,4,9293,Templin,03.030.8790.001,Москва
2026-03-25 09:00:03,Трещетка тормозного цилиндра 8-97358-880-0/876-0 A M12x1.5 ISUZU Y,14,392,Yamasida,8-97358-880-0.A,Москва
2026-03-25 09:00:03,Трещетка тормозного цилиндра 8-97858-894-0 ISUZU SKV,20,152,SKV,8-97858-894-0,Москва
2026-03-25 09:00:03,Трещетка тормозного цилиндра 8-97858-895-0 ISUZU SKV,20,152,SKV,8-97858-895-0,Москва
2026-03-25 09:00:03,Трещетка тормозного цилиндра D-128736 / MK356639 / MC112604 M12x1.5 L FUSO CANTER Дизель,8,166,Дизель,D-128736,Москва
2026-03-25 09:00:03,Трещетка тормозного цилиндра D-128737 / MK356640 / MC112605 M12x1.5 R FUSO CANTER Дизель,8,166,Дизель,D-128737,Москва
2026-03-25 09:00:03,Трещетка тормозного цилиндра LH 8-97349-737-0/8-97550-983-0 N-series ORIG,3,1375,Isuzu,8-97349-737-0,Москва
2026-03-25 09:00:03,Трещеточный поршень тормозного цилиндра 8-97358-895-0/8-97550-988-0 R NPR/NQR75/71 ORIG,5,1480,Isuzu,8-97358-895-0,Москва
2026-03-25 09:00:03,"Трещеточный поршень тормозного цилиндра 8-98081-285-0 L NLR/NMR55,85 ORIG",1,1573,Isuzu,8-98081-285-0,Москва
2026-03-25 09:00:03,Трос 8-98036-574-2 FVR34 ORIG,1,1780,Isuzu,8980365742,Москва
2026-03-25 09:00:03,Трос акселератора D-126159 / 18190-Z1060 L=3250 NISSAN CV/LG/LV870 86~ Дизель,1,677,Дизель,D-126159,Москва
2026-03-25 09:00:03,Трос акселератора D-126160 / 18190-00Z01 L=2700 NISSAN CK/CW400/470/490 89~ Дизель,1,718,Дизель,D-126160,Москва
2026-03-25 09:00:03,Трос акселератора D-126161 / 18190-00Z00 NISSAN CW520 Дизель,2,876,Дизель,D-126161,Москва
2026-03-25 09:00:03,Трос акселератора D-126162 / MC064207 / MC025791 RHD L=3015 MMC FN428/FP/FT/FS418/FS/FU478 Дизель,2,662,Дизель,D-126162,Москва
2026-03-25 09:00:03,Трос акселератора D-126163 / MC064205 / MC025790 LHD RHD L=2040 MMC FP415 FW419/29/44/45/49 Дизель,3,818,Дизель,D-126163,Москва
2026-03-25 09:00:03,Трос акселератора D-126164 / MC025797 / MC025792 MMC FP/FT/FS/FU/FV411-19 RHD 2040mm Дизель,1,721,Дизель,D-126164,Москва
2026-03-25 09:00:03,Трос акселератора D-126165 / 78015-8251A HINO FH/FN/GN/FR/FS2K# 98~ Дизель,2,815,Дизель,D-126165,Москва
2026-03-25 09:00:03,Трос акселератора D-126166 / 1-23210-744-3 ISUZU FRD/FRR/FSR/FTR RHD 85~ Дизель,7,1302,Дизель,D-126166,Москва
2026-03-25 09:00:03,Трос акселератора D-126167 / MB390915 / MC116516 MMC FE444 LHD/FE425/35/37/45/47 RHD 1730mm Дизель,10,695,Дизель,D-126167,Москва
2026-03-25 09:00:03,Трос акселератора D-126168 / 1-73998-940-6 L=2939 ISUZU FSR FTR FVR FRD RHD 96~ Дизель,1,1133,Дизель,D-126168,Москва
2026-03-25 09:00:03,Трос акселератора D-126170 / 1-23210-527-0 ISUZU FSR11/12/FTR11/12 1984~ Дизель,2,884,Дизель,D-126170,Москва
2026-03-25 09:00:03,Трос газа (от педали газа до поворотного кронштейна) 8-97370-405-0 4HG1 NQR71 ORIG,1,6434,Isuzu,8-97370-405-0,Москва
2026-03-25 09:00:03,Трос газа D-126152 / MC443210 / MK573063 ACC M02 2900mm Дизель,1,841,Дизель,D-126152,Москва
2026-03-25 09:00:03,Трос газа D-126153 / 8-97167-702-1 / 9CZ8017 ELF NKR ACC IS04 2900mm Дизель,1,935,Дизель,D-126153,Москва
2026-03-25 09:00:03,Трос газа D-126154 / 1-23210-907-2 L=1730mm ACC IS02 ISUZU CXM/CXZ72 Дизель,1,935,Дизель,D-126154,Москва
2026-03-25 09:00:03,Трос газа D-126155 / 78025-4170 / 4RA1829 HINO ACC H06 FS/FR Дизель,2,832,Дизель,D-126155,Москва
2026-03-25 09:00:03,Трос газа D-126156 / S7801-56804B ACC H04 Дизель,1,893,Дизель,D-126156,Москва
2026-03-25 09:00:03,Трос газа D-126157 / S7802-51071 ACC H01 Дизель,2,658,Дизель,D-126157,Москва
2026-03-25 09:00:03,Трос газа D-127824 / 4GA1044 / MC064417 MMC CANTER Дизель,3,463,Дизель,D-127824,Москва
2026-03-25 09:00:03,Трос газа D-127848 / S7802-54180A / 78015-5301/5302 / 78025-4160 ACC H05 Дизель,1,1023,Дизель,D-127848,Москва
2026-03-25 09:00:03,Трос газа D-128171 / 4GA1045 / MC064418 MMC CANTER Дизель,2,423,Дизель,D-128171,Москва
2026-03-25 09:00:03,Трос газа D-128960 / 8-97115-730-0 / 9CZ8016 Дизель,2,176,Дизель,D-128960,Москва
2026-03-25 09:00:03,Трос газа D-128961 / 9CA8075 / 8-97071-711-4 2703mm ISUZU N-series Дизель,12,505,Дизель,D-128961,Москва
2026-03-25 09:00:03,Трос газа D-128962 / 9NA8225 / 18201-0T302 NISSAN H41 Дизель,2,404,Дизель,D-128962,Москва
2026-03-25 09:00:03,Трос газа D-129669 / ACC IS01 ISUZU CXM 2410mm Дизель,1,948,Дизель,D-129669,Москва
2026-03-25 09:00:03,"Трос газа D-129670 / ACC M01 FUSO FIGHTER, CXM 3500mm Дизель",1,1010,Дизель,D-129670,Москва
2026-03-25 09:00:03,Трос газа HINO 4PA1387/78015-5480 FN1PWA TSK,1,2009,TSK,4PA1387,Москва
2026-03-25 09:00:03,Трос капота 8401200W5000 JAC N35 ORIG,3,161,JAC,8401200W5000,Москва
2026-03-25 09:00:03,Трос капота D-126084 / 1-79347-008-1 L=2612 CYZ51/CXZ/EXZ Дизель,6,861,Дизель,D-126084,Москва
2026-03-25 09:00:03,Трос КПП 1703030LE740 N120 LE35N JAC ORIG,2,3062,JAC,1703030LE740,Москва
2026-03-25 09:00:03,Трос КПП 1703040LE359 N120 JAC ORIG,1,3784,JAC,1703040LE359,Москва
2026-03-25 09:00:03,Трос КПП 1703040LE740 N120 LE35N JAC ORIG,2,3595,JAC,1703040LE740,Москва
2026-03-25 09:00:03,Трос КПП 43740-6C300 HD120 ORIG,1,6149,Hyundai-Kia,43740-6C300,Москва
2026-03-25 09:00:03,Трос КПП 43750-5L751 Hyundai HD78 D4GA ORIG,2,8818,Hyundai-Kia,43750-5L751,Москва
2026-03-25 09:00:03,Трос КПП D-126092 / 4UT1192 / 34560-30Z70 / 34570-30Z71 NISSAN UD 2950mm Дизель,13,1208,Дизель,D-126092,Москва
2026-03-25 09:00:03,Трос КПП D-126093 / 8-97035-756-4 / 8-97065-166-4 GC IS05 NKR NPR Дизель,2,2991,Дизель,D-126093,Москва
2026-03-25 09:00:03,Трос КПП D-126094 / 34560-30Z63 NISSAN LK/MK/PK210/250 92~ Дизель,2,2529,Дизель,D-126094,Москва
2026-03-25 09:00:03,Трос КПП D-126095 / 34560-Z5017 NISSAN CP390 88~ L=3100 Дизель,1,2840,Дизель,D-126095,Москва
2026-03-25 09:00:03,Трос КПП D-126096 / 4UT1004 / 34560-Z5065 NISSAN CM87 UD Дизель,11,2237,Дизель,D-126096,Москва
2026-03-25 09:00:03,Трос КПП D-126102 / MC426921 / 4GT0708 RHD 3400mm MMC FK415/17/25 Дизель,9,2376,Дизель,D-126102,Москва
2026-03-25 09:00:03,Трос КПП D-126103 / MC426914 / 4GT0703 / 4GT1027 / CC19107 RHD 3108mm MMC FK415/17/25/27 Дизель,10,2645,Дизель,D-126103,Москва
2026-03-25 09:00:03,Трос КПП D-126104 / ME693371 / FK618 GC M03 L=3230mm Дизель,1,5104,Дизель,D-126104,Москва
2026-03-25 09:00:03,Трос КПП D-126108 / 8-98202-902-1 / 4CT3217 ISUZU ELF NQR90 3200mm Дизель,12,1178,Дизель,D-126108,Москва
2026-03-25 09:00:03,Трос КПП D-126110 / 8-98009-296-1 / 8-98146-853-0 / 4CT2298 Дизель,3,1056,Дизель,D-126110,Москва
2026-03-25 09:00:03,Трос КПП D-126112 / 8-98090-396-4 / 4CT2674 / 1709G63 FSR90 LHD 3150mm Дизель,2,1604,Дизель,D-126112,Москва
2026-03-25 09:00:03,Трос КПП D-126118 / 8-98248-332-0 / 4CT3476 / 1709G66 FVR34 LHD Дизель,3,1604,Дизель,D-126118,Москва
2026-03-25 09:00:03,Трос КПП D-126119 / 33820-37862 GC T01 L=3230mm Дизель,1,3681,Дизель,D-126119,Москва
2026-03-25 09:00:03,Трос КПП D-126125 / 8-97089-986-3/4 L=2540 ISUZU NKR NHR LHD 94~ Дизель,2,1933,Дизель,D-126125,Москва
2026-03-25 09:00:03,Трос КПП D-126127 / 8-97088-190-0 GC IS03 NPR Дизель,2,3425,Дизель,D-126127,Москва
2026-03-25 09:00:03,Трос КПП D-126128-D / 8-97176-473-0 GC IS06 NKR NPR NKS Дизель,3,2729,Дизель,D-126128-D,Москва
2026-03-25 09:00:03,Трос КПП D-126129 / ME693369 FUSO GC M02 5T 3150mm Дизель,1,3006,Дизель,D-126129,Москва
2026-03-25 09:00:03,Трос КПП D-126130 / 34560-30Z67 GC N03 Дизель,1,2636,Дизель,D-126130,Москва
2026-03-25 09:00:03,Трос КПП D-126131 / 34413-6T500 / QD32 GC N05 L=2470mm Дизель,1,7181,Дизель,D-126131,Москва
2026-03-25 09:00:03,Трос КПП D-126132 / 33820-37773 / 4RT1793 GC T02 L=2890mm Дизель,1,3382,Дизель,D-126132,Москва
2026-03-25 09:00:03,Трос КПП D-126133 / 1-33660-297-1 ISUZU FRD/FRR 85~ L=2968mm Дизель,2,2466,Дизель,D-126133,Москва
2026-03-25 09:00:03,Трос КПП D-126134 / 1-33660-298-1 L=2970mm ISUZU FRD/FRR 85~ Дизель,1,1559,Дизель,D-126134,Москва
2026-03-25 09:00:03,Трос КПП D-126135 / 8-97088-195-0 ISUZU ELF 4BD1/BD2/T L=3080mm Дизель,2,2956,Дизель,D-126135,Москва
2026-03-25 09:00:03,Трос КПП D-126136 / MC643535 FK616 MMC RHD 3287mm Дизель,2,2299,Дизель,D-126136,Москва
2026-03-25 09:00:03,Трос КПП D-126137 / 34560-Z5512 NISSAN CL/CMA/CMW390/410 88~ 3000mm Дизель,1,2441,Дизель,D-126137,Москва
2026-03-25 09:00:03,Трос КПП D-126138 / 33820-0W012 TOYOTA BU3# WU30# ZXU3# 02~ Дизель,2,2718,Дизель,D-126138,Москва
2026-03-25 09:00:03,Трос КПП D-127825 / 4AT0419 / W207-46-510C MAZDA TITAN 4WGLAT/WGFAT Дизель,1,1241,Дизель,D-127825,Москва
2026-03-25 09:00:03,Трос КПП D-127827 / 33820-37M70 / 4RT2055 / 4RT1797 / 1709G71 HINO 300 3100mm Дизель,2,1221,Дизель,D-127827,Москва
2026-03-25 09:00:03,Трос КПП D-127850 / MC433475 / 4GT1140 / 4GT1056 / ME693371 MMC FK6#/FL/FM/RHD 3234mm Дизель,1,2410,Дизель,D-127850,Москва
2026-03-25 09:00:03,Трос КПП D-128172 / 4CT1585 / 8-97176-467-0 / 8-97035-756-4 / 8-97035-756-3 / GCIS05 NKR NPR Дизель,1,1156,Дизель,D-128172,Москва
2026-03-25 09:00:03,Трос КПП D-128173 / 4TT1154 / 33820-37141 TOYOTA BU12# Дизель,1,1320,Дизель,D-128173,Москва
2026-03-25 09:00:03,Трос КПП D-128963 / 4CT1259 / 8-97065-168-1 2800mm ISUZU N-series Дизель,2,918,Дизель,D-128963,Москва
2026-03-25 09:00:03,Трос КПП D-128964 / 8-98146-825-1 / 4CT2525 / 8-98021-698-1 ISUZU NLR85 NMR85 Дизель,18,1024,Дизель,D-128964,Москва
2026-03-25 09:00:03,Трос КПП D-129672 / GC IS01 universal 2715mm Дизель,2,4158,Дизель,D-129672,Москва
2026-03-25 09:00:03,Трос КПП D-129673 / GC IS02 universal 2815mm Дизель,2,3055,Дизель,D-129673,Москва
2026-03-25 09:00:03,Трос КПП D-129675 / GC MZ01 universal 2460mm Дизель,1,2636,Дизель,D-129675,Москва
2026-03-25 09:00:03,Трос КПП D-129676 / GC MZ02 universal 2480mm Дизель,4,2614,Дизель,D-129676,Москва
2026-03-25 09:00:03,Трос КПП D-129678 / 8-97030-585-1 ISUZU ELF 2650mm Дизель,3,2059,Дизель,D-129678,Москва
2026-03-25 09:00:03,Трос КПП GC IS04 / D-126099 / 1-33670-288-0/4CT1180 3180mm Дизель,1,6214,Дизель,D-126099,Москва
2026-03-25 09:00:03,Трос КПП ISUZU 4CT3217/8-98202-902-1 L=3200 ELF NQR90 TSK,1,6796,TSK,4CT3217,Москва
2026-03-25 09:00:03,Трос КПП ML241249 L=2413 Fuso Canter TF ORIG,5,23677,Mitsubishi,ML241249,Москва
2026-03-25 09:00:03,Трос остановки двигателя D-127851 / 78403-1620A HINO FD/GD16#/16T#/17#/SD/FT17# 83~ Дизель,1,758,Дизель,D-127851,Москва
2026-03-25 09:00:03,Трос остановки двигателя D-128174 / 4RZ1133 / S7801-82772 / 780182772 L=2230mm HINO FD1j FD2j Дизель,1,821,Дизель,D-128174,Москва
2026-03-25 09:00:03,Трос остановки двигателя D-130794 / 78018-1220 HINO FH22#/FN/GN/FR/FS/FW/SH27# 85~ Дизель,2,1098,Дизель,D-130794,Москва
2026-03-25 09:00:03,Трос отбора мощности D-129680 / L-1000 Дизель,1,1052,Дизель,D-129680,Москва
2026-03-25 09:00:03,Трос отбора мощности D-129681 / L-1200 Дизель,2,1842,Дизель,D-129681,Москва
2026-03-25 09:00:03,Трос отбора мощности D-129683 / L-1800 Дизель,2,1216,Дизель,D-129683,Москва
2026-03-25 09:00:03,Трос отбора мощности D-129684 / L-2000 Дизель,1,1264,Дизель,D-129684,Москва
2026-03-25 09:00:03,Трос отбора мощности D-129685 / L-2200 Дизель,1,1285,Дизель,D-129685,Москва
2026-03-25 09:00:03,Трос отбора мощности D-129686 / L-2500 Дизель,2,1359,Дизель,D-129686,Москва
2026-03-25 09:00:03,Трос отбора мощности D-129687 / L-2800 Дизель,1,1486,Дизель,D-129687,Москва
2026-03-25 09:00:03,Трос отбора мощности D-129688 / L-3000 Дизель,1,1551,Дизель,D-129688,Москва
2026-03-25 09:00:03,Трос отбора мощности D-129689 L-3200 UU Дизель,1,1716,Дизель,D-129689,Москва
2026-03-25 09:00:03,Трос отбора мощности D-129690 / L-3500 Дизель,2,1643,Дизель,D-129690,Москва
2026-03-25 09:00:03,Трос отбора мощности D-129693 / L-4200 Дизель,2,1399,Дизель,D-129693,Москва
2026-03-25 09:00:03,Трос отбора мощности D-129696 / L-5000 Дизель,17,2006,Дизель,D-129696,Москва
2026-03-25 09:00:03,Трос отбора мощности D-129697 / L-5200 Дизель,2,1632,Дизель,D-129697,Москва
2026-03-25 09:00:03,Трос отбора мощности D-129698 / L-5300 Дизель,2,3526,Дизель,D-129698,Москва
2026-03-25 09:00:03,Трос отбора мощности D-129699 / L-5500 Дизель,2,2277,Дизель,D-129699,Москва
2026-03-25 09:00:03,Трос отбора мощности D-129700 / L-5800 Дизель,1,1446,Дизель,D-129700,Москва
2026-03-25 09:00:03,Трос отбора мощности D-129701 / L-6000 Дизель,1,2590,Дизель,D-129701,Москва
2026-03-25 09:00:03,Трос отбора мощности D-129702 / PTO1-A-40 L-4000 Дизель,1,2970,Дизель,D-129702,Москва
2026-03-25 09:00:03,Трос переключения передач 4RT1769/33820-E0450/33820-E1270 HINO500 TSK,1,8425,TSK,4RT1769,Москва
2026-03-25 09:00:03,Трос переключения передач 8-97350-436-0/4CT2023 TSK,2,3291,TSK,4CT2023,Москва
2026-03-25 09:00:03,Трос переключения передач 8-98009-296-1/8-98146-853-0/4CT2298 TSK,1,6085,TSK,4CT2298,Москва
2026-03-25 09:00:03,Трос переключения передач D-126109 / 8-97350-436-0 / 4CT2023 Дизель,17,1035,Дизель,D-126109,Москва
2026-03-25 09:00:03,Трос ручного тормоза 46420-E0J50/4RB2246 №2 HINO 500 FD/GD8J TSK,1,4745,TSK,4RB2246,Москва
2026-03-25 09:00:03,Трос ручного тормоза 8-98051-572-3 N-series ORIG,1,7196,Isuzu,8980515723,Москва
2026-03-25 09:00:03,Трос ручного тормоза D-126086 / BM711-60807 / W220-44-160 940mm MAZDA 4RB0853 Дизель,1,844,Дизель,D-126086,Москва
2026-03-25 09:00:03,Трос ручного тормоза D-126089 / 4NB1026 / 36531-3T101 Nissan F23 2040mm Дизель,3,1018,Дизель,D-126089,Москва
2026-03-25 09:00:03,Трос ручного тормоза D-126090 / MC125132 / MK399484 / 9VB9012 HBC M03 FE516/637/648 2900mm Дизель,2,2044,Дизель,D-126090,Москва
2026-03-25 09:00:03,Трос ручного тормоза D-126091 / 9CB8016 / 8-97063-113-6/2/3/4/5 ISUZU NPR/NQR 94-98 Дизель,3,969,Дизель,D-126091,Москва
2026-03-25 09:00:03,Трос ручного тормоза D-126098 / 1-46151-391-0 / 1-46151-391-5 ISUZU GIGA CVS/CVR 89-00 5360mm Дизель,2,3421,Дизель,D-126098,Москва
2026-03-25 09:00:03,Трос ручного тормоза D-126100 / MC419260 /419144 MMC FUSO FK415/16/45 RHD 4694mm Дизель,2,2501,Дизель,D-126100,Москва
2026-03-25 09:00:03,Трос ручного тормоза D-126101 / MC416954 / HBC102 / 4GB0405 L=2915mm Дизель,1,3795,Дизель,D-126101,Москва
2026-03-25 09:00:03,Трос ручного тормоза D-126121 / 1-79996-343-3 LHD шпил-ухо 5540mm ISUZU CXM CXZ 96~ Дизель,2,2306,Дизель,D-126121,Москва
2026-03-25 09:00:03,Трос ручного тормоза D-126122 / 1-46151-585-3 / 4CB1185 HBC IS04 4300mm Дизель,2,3802,Дизель,D-126122,Москва
2026-03-25 09:00:03,Трос ручного тормоза D-126141 / MC039833 / 4GB0573 HBC M02 MMC FU/FV 5100mm Дизель,1,3196,Дизель,D-126141,Москва
2026-03-25 09:00:03,Трос ручного тормоза D-126143 / MC117384 / HBC M05 / 4GB1787 3351mm FG# Дизель,2,1667,Дизель,D-126143,Москва
2026-03-25 09:00:03,Трос ручного тормоза D-126144 / 36150-01Z65 / HBC101 Дизель,2,3219,Дизель,D-126144,Москва
2026-03-25 09:00:03,Трос ручного тормоза D-126145 / 46401-6071A 4750mm HINO FS/NS27#/SD/GD/FT17# 83~ Дизель,6,2376,Дизель,D-126145,Москва
2026-03-25 09:00:03,Трос ручного тормоза D-126146 / 46401-7960A HINO FR/FP27#/2K#/FS/NS27#/FS/FR33# 85~ ! Дизель,2,2834,Дизель,D-126146,Москва
2026-03-25 09:00:03,Трос ручного тормоза D-126147 / 78405-2570A HINO FH/FN/FR/FS/FW 85~ 2800mm Дизель,2,1039,Дизель,D-126147,Москва
2026-03-25 09:00:03,Трос ручного тормоза D-126148 / 8-94110-318-6 3100mm ISUZU/ELF NKR LHD 84-95` Дизель,2,700,Дизель,D-126148,Москва
2026-03-25 09:00:03,Трос ручного тормоза D-126149 / 8-97045-841-0 L=2900mm ISUZU ELF NPR 90-95 Дизель,1,1807,Дизель,D-126149,Москва
2026-03-25 09:00:03,Трос ручного тормоза D-127829 / 4GB1174 / MC063245 MMC FK628 Дизель,2,1876,Дизель,D-127829,Москва
2026-03-25 09:00:03,Трос ручного тормоза D-127852 / MC039831 HBC M01 MMC FIGHTER Дизель,2,2769,Дизель,D-127852,Москва
2026-03-25 09:00:03,Трос ручного тормоза D-128175/4UB1033/36402-0T003 Nissan H41 Дизель,1,1133,Дизель,D-128175,Москва
2026-03-25 09:00:03,Трос ручного тормоза D-128177 / 4GB0490 / MC419265 MMC Дизель,2,2317,Дизель,D-128177,Москва
2026-03-25 09:00:03,Трос ручного тормоза D-129703 / HBC IS03 /1461513391/4CB1184 ISUZU GIGA CXM Дизель,1,3995,Дизель,D-129703,Москва
2026-03-25 09:00:03,Трос ручного тормоза D-129704 / MB390960 MMC FB431 FE331/431/441 2240mm LHD Дизель,1,836,Дизель,D-129704,Москва
2026-03-25 09:00:03,Трос ручного тормоза ISUZU 4CB1185/ 1-46151-585-3/IS04 F-series 90-93 TSK,1,9642,TSK,4CB1185,Москва
2026-03-25 09:00:03,Трос ручного тормоза ISUZU 9CB8016/8-97063-113-6/2/3/4/5 NPR/NQR 94-98 TSK,8,3193,TSK,9CB8016,Москва
2026-03-25 09:00:03,Трос ручного тормоза ISUZU D-128176/9CB8078/8-97063-114-6/2/3/4/5 NPR/NQR 94-98 Дизель,1,1044,Дизель,D-128176,Москва
2026-03-25 09:00:03,Трос ручного тормоза MMC D-129705 / MC022656-9F30 8DC9 FV413 Дизель,2,2112,Дизель,D-129705,Москва
2026-03-25 09:00:03,Трос спидометра D-126105 / 83710-0W010 / 0W030 TOYOTA BU3#/WU30#/34#/XZU3# 02~ Дизель,2,2052,Дизель,D-126105,Москва
2026-03-25 09:00:03,Трос спидометра D-126150 / 1-83124-133-0 L=400 ISUZU FRR/FSR/FTR RHD/LHD 96~ Дизель,2,390,Дизель,D-126150,Москва
2026-03-25 09:00:03,Трос спидометра D-126151 / MH011054 L=6950 MMC MS713/15/16/25/26 RHD Дизель,2,744,Дизель,D-126151,Москва
2026-03-25 09:00:03,"Трос спидометра D-127333 SC32 3200mm 3,8mm Дизель",1,917,Дизель,D-127333,Москва
2026-03-25 09:00:03,Трос спидометра D-127335 / SC40 4000mm 3.8mm Дизель,2,1042,Дизель,D-127335,Москва
2026-03-25 09:00:03,Трос спидометра D-127337 / SC45 4500mm 3.8mm Дизель,3,1069,Дизель,D-127337,Москва
2026-03-25 09:00:03,Трос спидометра D-129706 / SC50 5000mm 3.8mm Дизель,2,1196,Дизель,D-129706,Москва
2026-03-25 09:00:03,Трос спидометра D-129707 / SC55 5500mm 3.8mm Дизель,2,986,Дизель,D-129707,Москва
2026-03-25 09:00:03,Трос спидометра D-129708 / SC60 6000mm 3.8mm Дизель,1,1114,Дизель,D-129708,Москва
2026-03-25 09:00:03,Трос спидометра D-129845 / SC37 3700mm 3.8mm Дизель,2,1001,Дизель,D-129845,Москва
2026-03-25 09:00:03,Трос спидометра MMC 9VI0030/MH011212 Canter FK4# TSK,2,2593,TSK,9VI0030,Москва
2026-03-25 09:00:03,Трос спидометра MMC 9VI0039/MB302691 Canter FG538G/FE507(N1) L=750mm TSK,2,708,TSK,9VI0039,Москва
2026-03-25 09:00:03,"Трос спидометра SC55 5500мм 3,8мм",2,1897,JMC,SC55,Москва
2026-03-25 09:00:03,"Трос спидометра SC60 6000мм 3,8мм",2,191,JMC,SC60,Москва
2026-03-25 09:00:03,Трос управления D-126115 / 1-38319-005-0 CX#/CY#/CV#/EX# Дизель,1,1540,Дизель,D-126115,Москва
2026-03-25 09:00:03,Тросик КПП WG9725240008/2 Howo,1,462,Howo,WG9725240008/2,Москва
2026-03-25 09:00:03,Тросик КПП WG9725240113/2 Howo,2,314,Howo,WG9725240113/2,Москва
2026-03-25 09:00:03,Труба впускного коллектора 8-97041-721-1 ORIG,2,7155,Isuzu,8-97041-721-1,Москва
2026-03-25 09:00:03,Трубка (тройник) обратки ТНВД 8-97315-231-2 4JJ1 N-series ORIG,2,527,Isuzu,8-97315-231-2,Москва
2026-03-25 09:00:03,Трубка D-130478 / 200V06302-0642 HOWO T5G Дизель,1,1881,Дизель,D-130478,Москва
2026-03-25 09:00:03,Трубка D-130501 / 202V09411-0870 HOWO T5G Дизель,2,4852,Дизель,D-130501,Москва
2026-03-25 09:00:03,Трубка водяной помпы 8-94396-180-0 N-series,1,1160,Дизель,8-94396-180-0,Москва
2026-03-25 09:00:03,Трубка возвратная компрессора D-129709 / 3509020A614-0435 FAW Дизель,2,2561,Дизель,D-129709,Москва
2026-03-25 09:00:03,Трубка воздушная клапана (длинная) EGR 8-98032-795-1/8-98032-794-1 ORIG,1,10237,Isuzu,8-98032-794-2,Москва
2026-03-25 09:00:03,Трубка воздушного компрессора D-126514 / 3509050-M50-0000 FAW Дизель,1,1073,Дизель,D-126514,Москва
2026-03-25 09:00:03,Трубка впускная компрессора D-129710 / 3509030A671-0382 FAW Дизель,6,663,Дизель,D-129710,Москва
2026-03-25 09:00:03,Трубка впускная компрессора D-129711 / 3509050-29D FAW Дизель,9,1146,Дизель,D-129711,Москва
2026-03-25 09:00:03,Трубка вставная D-130490 / 200V98182-0026 HOWO T5G Дизель,2,1016,Дизель,D-130490,Москва
2026-03-25 09:00:03,Трубка гидравлическая 1042060FD020 JAC N35 ORIG,1,2786,JAC,1042060FD020,Москва
2026-03-25 09:00:03,Трубка компрессора 612640030025 JAC N350 WP10 E-5 (NON-GENUINE),1,1793,JMC,612640030025,Москва
2026-03-25 09:00:03,Трубка компрессора D-126008 / 612600130326 JAC N350 WP10 E-5 Дизель,1,1057,Дизель,D-126008,Москва
2026-03-25 09:00:03,Трубка компрессора D-126009 / 612600130759 JAC N350 WP10 E-5 Дизель,1,1187,Дизель,D-126009,Москва
2026-03-25 09:00:03,Трубка кондиционера ML254752 Fuso Canter ORIG,10,8522,Mitsubishi,ML254752,Москва
2026-03-25 09:00:03,Трубка масляная D-126011 / 612630040254 JAC N350 WP10 E-5 Дизель,1,634,Дизель,D-126011,Москва
2026-03-25 09:00:03,Трубка масляная D-130475 / 200V01802-5573 HOWO T5G Дизель,3,1881,Дизель,D-130475,Москва
2026-03-25 09:00:03,Трубка масляная D-130476 / 200V05701-0374 HOWO T5G Дизель,1,812,Дизель,D-130476,Москва
2026-03-25 09:00:03,Трубка масляная D-130500 / 200V98182-0092 HOWO T5G Дизель,1,464,Дизель,D-130500,Москва
2026-03-25 09:00:03,Трубка металлическая ТНВД возвратная 8-97372-231-0 NQR-75/Богдан А092 4HK1-T ORIG,5,4313,Isuzu,8-97372-231-0,Москва
2026-03-25 09:00:03,Трубка наддувочного воздуха D-130502 / 201V09411-5175 HOWO T5G Дизель,2,6542,Дизель,D-130502,Москва
2026-03-25 09:00:03,Трубка обратки турбины D-129712 / 1118080A263 FAW Дизель,1,1493,Дизель,D-129712,Москва
2026-03-25 09:00:03,Трубка ОЖ D-130485 / 202V06303-5846 HOWO T5G Дизель,1,638,Дизель,D-130485,Москва
2026-03-25 09:00:03,Трубка охлажд. жидкости металл D-130493 / 200V06303-5534 HOWO T5G Дизель,2,464,Дизель,D-130493,Москва
2026-03-25 09:00:03,Трубка охлаждения турбины 8-98096-928-0 4HK1 N-series ORIG,1,4578,Isuzu,8-98096-928-0,Москва
2026-03-25 09:00:03,Трубка охлаждения турбины входящая 8-97229-036-0 4HK1 N-series ORIG,2,3258,Isuzu,8-97229-036-0,Москва
2026-03-25 09:00:03,"Трубка пластиковая PA11 12x1,5мм A0009872827 / 0492519146/986012 Mercedes ориг !",4,79,JMC,A0009872827,Москва
2026-03-25 09:00:03,Трубка подачи масла 081V057035593 HOWO ORIG,9,1551,Howo,081V057035593,Москва
2026-03-25 09:00:03,Трубка подачи масла в турбину D-130503 / 201V05702-2913 HOWO T5G MC11 Дизель,2,762,Дизель,D-130503,Москва
2026-03-25 09:00:03,Трубка подачи масла на турбину VG1560070010 (H),2,274,Howo,VG1560070010,Москва
2026-03-25 09:00:03,Трубка подачи топлива ТНВД 8-97312-509-3 4HК1 ORIG,4,3460,Isuzu,8973125093,Москва
2026-03-25 09:00:03,Трубка промежуточная блока масляного фильтра DFP-0091 / 200V98182-0091 HOWO T5G Дизель,2,341,Дизель,DFP-0091,Москва
2026-03-25 09:00:03,Трубка топливная (обратка) 31510-48002 HYUNDAI HD65/78 ORIG,3,2287,Hyundai-Kia,31510-48002,Москва
2026-03-25 09:00:03,Трубка топливная (обратка) 8-97617-161-0/1-15416-851-0 C-series 6WG1 ORIG,1,9780,Isuzu,8-97617-161-0,Москва
2026-03-25 09:00:03,Трубка топливная (обратка) D-129714 / 61500080095 HOWO Дизель,1,909,Дизель,D-129714,Москва
2026-03-25 09:00:03,Трубка топливная (подача) D-130782 / 5568155 JAC N120/Камаз Cummins ISF3.8 Е-5 Дизель,2,2396,Дизель,D-130782,Москва
2026-03-25 09:00:03,Трубка топливная 1042120FD020 JAC N35 ORIG,1,2830,JAC,1042120FD020,Москва
2026-03-25 09:00:03,Трубка топливная 1042130FD020 JAC N35 ORIG,2,2902,JAC,1042130FD020,Москва
2026-03-25 09:00:03,Трубка топливная 1042150FD020 JAC N35 ORIG,1,973,JAC,1042150FD020,Москва
2026-03-25 09:00:03,Трубка топливная 1042180FD020 JAC N35 ORIG,1,5198,JAC,1042180FD020,Москва
2026-03-25 09:00:03,Трубка топливная 2 цилиндра 8-98203-720-0 4JJ ORIG,2,2618,Isuzu,8982037200,Москва
2026-03-25 09:00:03,Трубка топливная 3 цилиндра 8-98203-721-0 4JJ ORIG,3,2509,Isuzu,8-98203-721-0,Москва
2026-03-25 09:00:03,Трубка топливная 4 цилиндра 8-98203-722-0 4JJ ORIG,2,2538,Isuzu,8982037220,Москва
2026-03-25 09:00:03,Трубка топливная 4 цилиндра 8-98242-353-0 F-series 6HK1 ORIG,1,3526,Isuzu,8-98242-353-0,Москва
2026-03-25 09:00:03,Трубка топливная 5 цилиндра 8-98185-366-0/8-98038-939-0/8-98298-615-0 F-series 6HK1 E-4 ORIG,2,2556,Isuzu,8-98185-366-0,Москва
2026-03-25 09:00:03,Трубка топливная 5 цилиндра 8-98242-354-0 F-series 6HK1 ORIG,1,3448,Isuzu,8-98242-354-0,Москва
2026-03-25 09:00:03,Трубка топливная 6 цилиндра 8-98242-355-0 F-series 6HK1 ORIG,1,3496,Isuzu,8-98242-355-0,Москва
2026-03-25 09:00:03,"Трубка топливная 8-98298-606-0 F,N-series ORIG",2,2678,Isuzu,8-98298-606-0,Москва
2026-03-25 09:00:03,"Трубка топливная 8-98298-608-0 F,N-series ORIG",3,2031,Isuzu,8-98298-608-0,Москва
2026-03-25 09:00:03,"Трубка топливная D-129062 / 5333883 JAC N120, Камаз Cummins ISF3.8 Е-5 Дизель",1,839,Дизель,D-129062,Москва
2026-03-25 09:00:03,"Трубка топливная D-129063 / 5346112 JAC N120, Камаз Cummins ISF3.8 Е-5 Дизель",1,979,Дизель,D-129063,Москва
2026-03-25 09:00:03,Трубка топливная D-130468 / 200V12305-5298 HOWO T5G Дизель,1,468,Дизель,D-130468,Москва
2026-03-25 09:00:03,Трубка топливная D-130469 / 200V12305-5364 HOWO T5G Дизель,1,975,Дизель,D-130469,Москва
2026-03-25 09:00:03,Трубка топливная D-130470 / 202V12304-5837 HOWO T5G Дизель,1,2286,Дизель,D-130470,Москва
2026-03-25 09:00:03,Трубка топливная MK647145 Fuso Canter TF E-5 ORIG,11,11135,Mitsubishi,MK647145,Москва
2026-03-25 09:00:03,Трубка топливная к форсунке №1 8-97628-190-1 C-series 6WG1 ORIG,1,6125,Isuzu,8-97628-190-1,Москва
2026-03-25 09:00:03,Трубка топливная к форсунке №1 8-98185-362-0/8-98271-207-0/8-97648-573-0/8-98298-611-0 4HK/6HK1 F-Series ORIG,1,2777,Isuzu,8-98271-207-0,Москва
2026-03-25 09:00:03,Трубка топливная к форсунке №2 8-97373-417-1 4H#1 NPR/NQR ORIG,4,2162,Isuzu,8-97373-417-1,Москва
2026-03-25 09:00:03,Трубка топливная к форсунке №2 8-97628-191-1 C-series 6WG1 ORIG,1,6191,Isuzu,8-97628-191-1,Москва
2026-03-25 09:00:03,Трубка топливная к форсунке №2 8-98185-345-0/8-98271-203-0/8-98298-607-0/8-97648-569-0 4HK1 NPR75 ORIG,4,3084,Isuzu,8982712030,Москва
2026-03-25 09:00:03,Трубка топливная к форсунке №2 8-98185-363-0/8-98271-208-0/8-97648-574-0/8-98298-612-0 4HK/6HK1 F-Series ORIG,4,2685,Isuzu,8-98271-208-0,Москва
2026-03-25 09:00:03,"Трубка топливная к форсунке №3 8-97601-771-3 ZX270, ZX330 6HK1 ORIG",1,3439,Isuzu,8-97601-771-3,Москва
2026-03-25 09:00:03,Трубка топливная к форсунке №3 8-97628-192-1 C-series 6WG1 ORIG,1,6125,Isuzu,8-97628-192-1,Москва
2026-03-25 09:00:03,Трубка топливная к форсунке №4 8-97371-834-1 4H#1 NPR/NQR ORIG,2,2592,Isuzu,8973718341,Москва
2026-03-25 09:00:03,"Трубка топливная к форсунке №4 8-97600-996-4 ZX270, ZX330-3, 6HK1 ORIG",2,4977,Isuzu,8-97600-996-4,Москва
2026-03-25 09:00:03,Трубка топливная к форсунке №4 8-97628-193-1 C-series 6WG1 ORIG,1,6191,Isuzu,8-97628-193-1,Москва
2026-03-25 09:00:03,Трубка топливная к форсунке №4 8-98185-347-0/8-98271-205-0/8-98298-609-0/8-97648-571 4HK1 NPR75 ORIG,1,3112,Isuzu,8-98271-205-0,Москва
2026-03-25 09:00:03,Трубка топливная к форсунке №5 8-97628-194-1 C-series 6WG1 ORIG,1,6125,Isuzu,8-97628-194-1,Москва
2026-03-25 09:00:03,Трубка топливная к форсунке №5 8-98185-368-0/8-98272-050-0/8-98298-616-0 6HK1 F-Series ORIG,1,2592,Isuzu,8-98272-050-0,Москва
2026-03-25 09:00:03,Трубка топливная к форсунке №6 8-97628-195-1 C-series 6WG1 ORIG,1,6191,Isuzu,8-97628-195-1,Москва
2026-03-25 09:00:03,Трубка топливная ТНВД D-129065 / 61800080054 к-т 6шт SHACMAN E-2 Дизель,1,2660,Дизель,D-129065,Москва
2026-03-25 09:00:03,"Трубка тормозная заднего колеса 8-97191-702-0 NLR/NMR 55,85 ORIG",3,757,Isuzu,8-97191-702-0,Москва
2026-03-25 09:00:03,Трубка тормозной системы 58812-7HA00 / 58812-7MA00 HYUNDAI ORIG,2,19656,Hyundai-Kia,58812-7HA00,Москва
2026-03-25 09:00:03,Трубка турбины маслянная 8-98172-661-0 4HK FSR90 ORIG,7,13768,Isuzu,8-98172-661-0,Москва
2026-03-25 09:00:03,Трубка турбокомпрессора 26851-45002 Hyundai HD45-78/MIGHTY ORIG дефект,20,1016,Hyundai-Kia,26851-45002,Москва
2026-03-25 09:00:03,Трубка форсунки 8-97209-493-1 ORIG,1,1565,Isuzu,8-97209-493-1,Москва
2026-03-25 09:00:03,Трубка форсунки 8-97209-494-1 ORIG,1,1711,Isuzu,8-97209-494-1,Москва
2026-03-25 09:00:03,Трубка форсунки D-125249 / 8-97209-494-1 ISUZU Дизель,2,810,Дизель,D-125249,Москва
2026-03-25 09:00:03,Трубка форсунки D-125250 / 8-97209-493-1 ISUZU Дизель,5,826,Дизель,D-125250,Москва
2026-03-25 09:00:03,Трубопровод охлаждающей жидкости D-130499 / 201V06303-5831 HOWO T5G Дизель,2,928,Дизель,D-130499,Москва
2026-03-25 09:00:03,Трубопровод ПГУ D-129717 / 1602200-71B/AL01 J6 3250 FAW Дизель,1,1050,Дизель,D-129717,Москва
2026-03-25 09:00:03,Туманка MMC FUSO '08-10 214-2046L-AEN !,4,2932,Depo,214-2046L-AEN,Москва
2026-03-25 09:00:03,Туманка MMC FUSO '08-10 214-2046R-AEN !,2,2932,Depo,214-2046R-AEN,Москва
2026-03-25 09:00:03,Туманка MMC FUSO FIGHTER (желтая) '92-'96 214-2008L-U !,1,2234,Depo,214-2008L-U,Москва
2026-03-25 09:00:03,Туманка TOYOTA DYNA / TOYOACE / HIACE '99-'06 212-2021R-U-Y !,2,1655,Depo,212-2021R-U-Y,Москва
2026-03-25 09:00:03,Турбокомпрессор 082V09100-7586 HOWO ORIG,2,45532,CNHTC,082V09100-7586,Москва
2026-03-25 09:00:03,Турбокомпрессор 1-14400-374-2/1-14400-374-3 6WF1-T CYZ51/CXZ ORIG,2,223164,Isuzu,1-14400-374-3,Москва
2026-03-25 09:00:03,"Турбокомпрессор 1-14400-425-5 6WG1 C,E-series ORIG",1,379463,Isuzu,1-14400-425-5,Москва
2026-03-25 09:00:03,Турбокомпрессор 1-14400-438-0 6HK1-T IHI JAPAN !,1,39890,IHI,1-14400-438-0,Москва
2026-03-25 09:00:03,Турбокомпрессор 1-14400-457-7 6WG1 C-series ORIG,3,270963,Isuzu,1-14400-457-7,Москва
2026-03-25 09:00:03,Турбокомпрессор 1000859795 JAC N350 ORIG,1,50447,JAC,1000859795,Москва
2026-03-25 09:00:03,Турбокомпрессор 14201-96563 PE6T !,1,59382,Yamasida,14201-96563,Москва
2026-03-25 09:00:03,Турбокомпрессор 4JJ1 8-98097-686-0 ORIG,1,140831,Isuzu,8-98097-686-1,Москва
2026-03-25 09:00:03,Турбокомпрессор 8-98244-269-0 F-series 6HK1-T ORIG,1,217861,Isuzu,8-98244-269-0,Москва
2026-03-25 09:00:03,"Турбокомпрессор D-125409 / 8-98027-772-5 без актуатора E4/5 NN/NP/NQR,NQR75/90 4HK1-T Дизель",1,47042,Дизель,D-125409,Москва
2026-03-25 09:00:03,Турбокомпрессор D-126014 / 1000859795 JAC N350 Дизель,1,25172,Дизель,D-126014,Москва
2026-03-25 09:00:03,Турбокомпрессор D-127027 / 28230-45500/49178-03160 D4DB HD657278 Дизель,1,19119,Дизель,D-127027,Москва
2026-03-25 09:00:03,Турбокомпрессор D-127029 / S1760-E0M40 E13C HINO 700 Дизель,3,195449,Дизель,D-127029,Москва
2026-03-25 09:00:03,Турбокомпрессор D-127339/17201-E0441/732409-0041/732409-0022/732409-5024 HINO300 евро3 Дизель,1,18142,Дизель,D-127339,Москва
2026-03-25 09:00:03,Турбокомпрессор D-127340/17201-E0A40 J08E-T 24100-3251/479016-0002/S2410-03251 Дизель,1,26825,Дизель,D-127340,Москва
2026-03-25 09:00:03,Турбокомпрессор D-127793 / 28230-41720 / 28230-41730 / 7083370001 / 7083375002S / TCR1720 Дизель,3,15942,Дизель,D-127793,Москва
2026-03-25 09:00:03,Турбокомпрессор D-127794 / 28230-45100 / 4917803129 / 2823045500 / TC0931 D4DB HD657278 Turbo Дизель,4,17813,Дизель,D-127794,Москва
2026-03-25 09:00:03,Турбокомпрессор D-128315 / 202V09100-7830 SITRAK C7H Дизель,2,31822,Дизель,D-128315,Москва
2026-03-25 09:00:03,Турбокомпрессор D-129718 / 1118010-22E-C00 FAW CA6DL Дизель,1,23561,Дизель,D-129718,Москва
2026-03-25 09:00:03,Турбокомпрессор D-129719 / 1118010-36D FAW CA6DL2 Дизель,2,27665,Дизель,D-129719,Москва
2026-03-25 09:00:03,Турбокомпрессор D4AL 28230-41720 County HD6572/78 !,1,44171,Garrett,708337-5001S,Москва
2026-03-25 09:00:03,Турбокомпрессор HOL4032106 Holset !,1,40365,Holset,4032106,Москва
2026-03-25 09:00:03,Турбокомпрессор HX50W Iveco 4033106 Holset !,1,55996,Holset,4033106,Москва
2026-03-25 09:00:03,Тяга AZ9925522175 / AZ9925521175 Sitrak C7H ORIG,4,9799,SITRAK,AZ9925522175,Москва
2026-03-25 09:00:03,Тяга V-образная AZ9925522272 Sitrak C7H ORIG,5,25743,SITRAK,AZ9925522272,Москва
2026-03-25 09:00:03,Тяга кулака поворотного D-126016 / AK30031115GJH JAC N350 Дизель,1,5046,Дизель,D-126016,Москва
2026-03-25 09:00:03,Тяга поперечная 8-98105-064-0 CYZ52 (без наконечников) ORIG,3,21520,Isuzu,8-98105-064-0,Москва
2026-03-25 09:00:03,Тяга поперечная AZ9738430018 HOWO,4,3575,JMC,AZ9738430018,Москва
2026-03-25 09:00:03,Тяга поперечная D-126017 / HFF3003020CK5G JAC N350 Дизель,4,12959,Дизель,D-126017,Москва
2026-03-25 09:00:03,Тяга поперечная D-128506 / 8-97107-318-1 / 8-976-008-0 / 8-97022-226-0 ISUZU NKR `90~ Дизель,1,2299,Дизель,D-128506,Москва
2026-03-25 09:00:03,"Тяга поперечная D-128719 / AZ9112430003 L=1560, наконечники M20 HOWO Дизель",2,3572,Дизель,D-128719,Москва
2026-03-25 09:00:03,Тяга поперечная ISUZU 8-97107-318-1/8-976-008-0/8-97022-226-0 NKR `90~ Y,4,3096,Yamasida,8-97107-318-1,Москва
2026-03-25 09:00:03,Тяга продольная 8-97107-323-0 / 8-97107-323-1 NKR/NHR 93-03 ORIG,1,8040,Isuzu,8-97107-323-1,Москва
2026-03-25 09:00:03,Тяга продольная 8-97170-160-0/1/8-97222-508-0 NPR/NQR ORIG,2,10626,Isuzu,8-97170-160-1,Москва
2026-03-25 09:00:03,Тяга продольная 8-97170-160-0/1/8-97222-508-0 NPR/NQR SKV,6,3472,SKV,8-97170-160-0,Москва
2026-03-25 09:00:03,Тяга продольная D-126015 / 56810-Y3BH002 JAC N350 Дизель,1,10652,Дизель,D-126015,Москва
2026-03-25 09:00:03,Тяга продольная D-127816 / 1-44380-307-2/0/1 L=1035 LHD ISUZU FVM/FVR34 08~ Дизель,67,4851,Дизель,D-127816,Москва
2026-03-25 09:00:03,Тяга продольная D-128275 / HINO 45440-6370 FD# 5t `89-'92 Дизель,2,5211,Дизель,D-128275,Москва
2026-03-25 09:00:03,Тяга продольная D-128276 / MMC MC090944 MC064247 MMC FUSO FK617 Дизель,11,5211,Дизель,D-128276,Москва
2026-03-25 09:00:03,Тяга продольная D-128444 / 3003010-87A/B FAW J6 Дизель,2,3201,Дизель,D-128444,Москва
2026-03-25 09:00:03,Тяга продольная D-128468 / 3003040-80A/H FAW J6 Дизель,1,5452,Дизель,D-128468,Москва
2026-03-25 09:00:03,Тяга продольная D-128499 / 56810-5L000 HYUNDAI HD35/65/75/78 Дизель,7,4514,Дизель,D-128499,Москва
2026-03-25 09:00:03,Тяга продольная D-129723 / 1-44380-153-0 / -262-0 / IS-CR18-RHD L=795 ISUZU FRR32 FRR33 FSR NRR 94~ Дизель,6,6099,Дизель,D-129723,Москва
2026-03-25 09:00:03,Тяга продольная HINO 45440-E0A00 LHD HINO 500 GH8 CH,1,17019,Chase,45440-E0A00,Москва
2026-03-25 09:00:03,"Тяга продольная ISUZU 1-44380-133-0 FSR32,33 96~ CH !",1,6924,Chase,1-44380-133-0,Москва
2026-03-25 09:00:03,Тяга продольная ISUZU 1-44380-151-0 CXZ81 левый руль CH !,1,5335,Chase,1-44380-151-0,Москва
2026-03-25 09:00:03,Тяга продольная ISUZU 1-44380-307-2 LHD FVM/FVR34 08~ CH,1,20592,Chase,1-44380-307-2,Москва
2026-03-25 09:00:03,Тяга продольная MAZDA WA01-32-970A T3000-T4500 84~ CH !,1,3225,Chase,WA01-32-970A,Москва
2026-03-25 09:00:03,Тяга продольная MMC MC081462 MMC CANTER FS50J/KFS525 02~ RHD CH !,1,7935,Chase,MC081462,Москва
2026-03-25 09:00:03,Тяга продольная MMC MC121719 MITSUBISHI FE647/FE659 6.5T/7.7T CH !,1,6472,Chase,MC121719,Москва
2026-03-25 09:00:03,Тяга продольная MMC MC121903/MH-CR17-LHD-RK Canter FB511 96~ CH !,2,5974,Chase,MC121903,Москва
2026-03-25 09:00:03,"Тяга продольная MMC MC573888 FUSO FV418, FV419 '97~ FP4# CH",2,8611,Chase,MC573888,Москва
2026-03-25 09:00:03,"Тяга продольная MMC MK382603/MK472179/MHCR61LHD/MB02S001A LHD FUSO FE83P,FE85P,84D 8Ton '05~'08 SKV",73,3472,SKV,MK382603,Москва
2026-03-25 09:00:03,"Тяга продольная TOYOTA 45440-29235/TY-CR12-RHD DYNA 150,LY/YY1#2# 00~ Y",1,8268,Yamasida,45440-29235,Москва
2026-03-25 09:00:03,Тяга продольная передняя верхняя AZ9731430020 Howo/,1,2480,Howo,AZ9731430020,Москва
2026-03-25 09:00:03,Тяга реактивная 13592919010/462869 /A3753500106 / A9483502405 Mercedes/ROSTAR,3,9647,Rostar,13592919010,Москва
2026-03-25 09:00:03,Тяга реактивная D-128018 / 1-51511-659-0 L=550 C/F series Дизель,4,7126,Дизель,D-128018,Москва
2026-03-25 09:00:03,Тяга реактивная D-128019 / 1-51511-661-0 L=585 C/F series Дизель,3,9443,Дизель,D-128019,Москва
2026-03-25 09:00:03,Тяга реактивная D-128080 / 1-51511-660-0 L=555 C/F series Дизель,1,7286,Дизель,D-128080,Москва
2026-03-25 09:00:03,Тяга реактивная D-128368 / AZ9725521174 /01 SITRAK Дизель,1,4108,Дизель,D-128368,Москва
2026-03-25 09:00:03,Тяга реактивная D-128443 / AZ9925522175 / AZ9925521175 Sitrak C7H Дизель,2,4108,Дизель,D-128443,Москва
2026-03-25 09:00:03,Тяга реактивная D-128469 / DZ91259525274 L=610 SHAANXI Дизель,1,4198,Дизель,D-128469,Москва
2026-03-25 09:00:03,Тяга реактивная D-129724 / AZ9631523175 HOWO Дизель,7,5181,Дизель,D-129724,Москва
2026-03-25 09:00:03,Тяга реактивная D-130676 / AZ9631521175 / 1352-2919010 прямая верхняя L=587 HOWO Дизель,1,5376,Дизель,D-130676,Москва
2026-03-25 09:00:03,Тяга реактивная V-образная D-128472 / AZ9725521272 / AZ9925521272/1502-2919012-10 HOWO Дизель,2,8965,Дизель,D-128472,Москва
2026-03-25 09:00:03,Тяга реактивная V-образная D-129725 / 2919015-260-1 / 2919005-260 D=110 H=75 FAW Дизель,2,9737,Дизель,D-129725,Москва
2026-03-25 09:00:03,Тяга реактивная верхняя в сборе AZ9631521174 Howo/ дефект,2,2372,Howo,AZ9631521174,Москва
2026-03-25 09:00:03,Тяга реактивная верхняя передняя D-126629 / 2919005В71В/С FAW Дизель,3,15633,Дизель,D-126629,Москва
2026-03-25 09:00:03,Тяга реактивная нижняя задняя D-126793 / 2919020-260 / 1380-2919010-40 FAW Дизель,3,5823,Дизель,D-126793,Москва
2026-03-25 09:00:03,Тяга реактивная нижняя передняя D-126794/2919010-260/1380-2919010-30 FAW Дизель,2,5823,Дизель,D-126794,Москва
2026-03-25 09:00:03,Тяга реактивная нижняя прямая в сборе 199114520038 Howo,1,2519,Howo,199114520038,Москва
2026-03-25 09:00:03,Тяга рулевая 3401110U8510-F03 JAC ORIG,4,1414,JAC,3401110U8510-F03,Москва
2026-03-25 09:00:03,Тяга рулевая D-130172 / 56542-43010 / 57730-43000 Grace Дизель,1,155,Дизель,D-130172,Москва
2026-03-25 09:00:03,Тяга рулевая MMC MC092281/MC081152 SP7800-REA-092 MMC FB50#/FE50# (рейка) Y,1,1676,Yamasida,MC092281,Москва
2026-03-25 09:00:03,Тяга рулевая поперечная (без наконечников) 8-97142-024-0 NMR85 ORIG,1,6607,Isuzu,8-97142-024-0,Москва
2026-03-25 09:00:03,Тяга рулевая поперечная 9070900111/A9443301703 / 2399701 / MNDL7834 /10294/21310 Mercedes/Europart !,3,16137,Europart,9070900111,Москва
2026-03-25 09:00:03,Тяга рулевая поперечная A9493301603 / A9493300703 / 2399001 Europart !,1,17836,Lemforder,2399001,Москва
2026-03-25 09:00:03,Тяга рулевая поперечная D-126433 / 8-97061-869-0 ISUZU NQR71/75/90/NPR75 Дизель,10,3337,Дизель,D-126433,Москва
2026-03-25 09:00:03,Тяга рулевая поперечная D-128020 / 1-43151-154-0 L=158см RHD/LHD Дизель,1,4841,Дизель,D-128020,Москва
2026-03-25 09:00:03,Тяга рулевая поперечная NISSAN 48510-2T025 ATLAS F22# F23# Y,2,3131,Yamasida,48510-2T025,Москва
2026-03-25 09:00:03,Тяга рулевая продольная 3003600LE090 N120 JAC ORIG,3,5923,JAC,3003600LE090,Москва
2026-03-25 09:00:03,Тяга рулевая продольная 525 мм 9079991428 / A0004603605 Mercedes/Europart,2,37514,Europart,9079991428,Москва
2026-03-25 09:00:03,Тяга рулевая продольная 752W466110004/AZ963143000750 HOWO ORIG,8,7642,Howo,752W466110004,Москва
2026-03-25 09:00:03,Тяга рулевая продольная 8-98006-794-2 ISUZU NPR75 01~ SKV,48,3264,SKV,8-98006-794-1,Москва
2026-03-25 09:00:03,Тяга рулевая продольная 885 мм 9070001005/A0034604005 / A0024605205/2795401/462878/26883/ 05.020.1911.550 Mercedes/ Europart,3,4632,Europart,9070001005,Москва
2026-03-25 09:00:03,Тяга рулевая продольная D-126630 / AZ962543006298 Sitrak C7H Дизель,1,3610,Дизель,D-126630,Москва
2026-03-25 09:00:03,Тяга рулевая продольная D-128359 / WG9925430050 SITRAK Дизель,2,3696,Дизель,D-128359,Москва
2026-03-25 09:00:03,Тяга рулевая продольная D-128360 / WG9931437020 SITRAK Дизель,4,4044,Дизель,D-128360,Москва
2026-03-25 09:00:03,Тяга рулевая продольная D-128361 / WG9931437030 SITRAK Дизель,3,4639,Дизель,D-128361,Москва
2026-03-25 09:00:03,Тяга рулевая продольная D-128362 / WG9931437040 SITRAK Дизель,2,3598,Дизель,D-128362,Москва
2026-03-25 09:00:03,Тяга рулевая продольная L=895mm 462769/A0024604605 /A0034605005/9070025721/05.020.1911.690 Mercedes/Templin,2,3250,Templin,05.020.1911.690,Москва
2026-03-25 09:00:03,Тяга рулевая продольная L=895mm 462769/A0024604605 /A0034605005/05.020.1911.690 DieselTechnic,2,4880,Diesel Technic,4.62769,Москва
2026-03-25 09:00:03,Тяга рулевая продольная LHD 1-44380-151-1 ISUZU SKV,2,3662,SKV,1-44380-151-1,Москва
2026-03-25 09:00:03,Тяга рулевая продольная LHD 1-44380-287-0 ISUZU CXZ/CYZ/CYL 05~ SKV,13,5391,SKV,1-44380-287-0,Москва
2026-03-25 09:00:03,Тяга рулевая продольная W023-32-970 MAZDA-RHD WGL# Y,2,13155,Yamasida,W023-32-970,Москва
2026-03-25 09:00:03,Тяга стабилизатора 2916020LE357 JAC ORIG,9,561,JAC,2916020LE357,Москва
2026-03-25 09:00:03,Тяга трапеции стеклоочистителя 8-98053-771-0 ORIG,1,2664,Isuzu,8-98053-771-0,Москва
2026-03-25 09:00:03,Указатель поворота LH 92301-56001 HD78/65 ORIG,4,2480,Hyundai-Kia,92301-56001,Москва
2026-03-25 09:00:03,Указатель поворота LH 92301-6A100 HD120 (K) дефект,4,1033,Дизель,92301-6A100,Москва
2026-03-25 09:00:03,Указатель поворота LH D-126330 / 92301-5H000 HD72 Дизель,1,956,Дизель,D-126330,Москва
2026-03-25 09:00:03,Указатель поворота LH D-126332 / 92301-7A000 HD170 Дизель,1,1731,Дизель,D-126332,Москва
2026-03-25 09:00:03,Указатель поворота LH D-127136 / 214-1543L / 03-4303 / MC139766 MMC CANTER F#5# '93-'01 Дизель,1,548,Дизель,D-127136,Москва
2026-03-25 09:00:03,Указатель поворота LH D-128754 / 8-98010-892-0 / 8-97376-910-0 Isuzu Elf NPR NKR NQR 2004–11г Дизель,1,806,Дизель,D-128754,Москва
2026-03-25 09:00:03,Указатель поворота RH 92302-6A100 HD120 (K) дефект,2,1033,Дизель,92302-6A100,Москва
2026-03-25 09:00:03,Указатель поворота RH D-126333 / 92302-56001 HD78/65 Дизель,8,733,Дизель,D-126333,Москва
2026-03-25 09:00:03,Указатель поворота RH D-126334 / 92302-5H000 HD72 Дизель,7,956,Дизель,D-126334,Москва
2026-03-25 09:00:03,Указатель поворота RH D-126336 / 92302-7A000 HD170 Дизель,1,2036,Дизель,D-126336,Москва
2026-03-25 09:00:03,Указатель поворота RH D-127138 / 214-1543R-А / 03-4303 / MC139767 MMC CANTER94 Дизель,2,594,Дизель,D-127138,Москва
2026-03-25 09:00:03,"Указатель поворота RH D-127303 / 212-15G5R-UE / 81611-25010 / 81621-25031 HINO300 E3, DUTRO, TOYOTA DYNA Дизель",5,1312,Дизель,D-127303,Москва
2026-03-25 09:00:03,Указатель поворота RH D-127304 / 8-98010-891-0 / 8-97365-170-4 Дизель,1,802,Дизель,D-127304,Москва
2026-03-25 09:00:03,Указатель поворота RH D-129160 / 214-1566R / MK353664 / MK580854 FUSO CANTER FE85 Дизель,1,627,Дизель,D-129160,Москва
2026-03-25 09:00:03,Указатель поворота левый D-125551 / 8-98053-941-0 / 8-98010-884-0 N-series Дизель,2,701,Дизель,D-125551,Москва
2026-03-25 09:00:03,"Указатель поворота левый, дверь D-12523 / 8-97410-181-3/2 NPR75/NLR85/NMR85/NQR90/FSR90/FVR34 Дизель",8,466,Дизель,D-125223,Москва
2026-03-25 09:00:03,Указатель поворота передн. левый МК 92301-5А100,1,1557,Дизель,92301-5А100,Москва
2026-03-25 09:00:03,Указатель поворота передн. правый МК 92302-5А100,1,1888,Дизель,92302-5А100,Москва
2026-03-25 09:00:03,Указатель поворота правый D-125222 / 8-97585-172-1 / 8-98155-458-0 700P 4HK1 Дизель,9,1117,Дизель,D-125222,Москва
2026-03-25 09:00:03,"Указатель поворота, повторитель L D-125730 / 8-97410-181-3 /-2 на дверь NPR75 NLR85 NMR85 NQR90 FSR90 FVR34 Дизель",1,413,Дизель,D-125730,Москва
2026-03-25 09:00:03,"Указатель поворота, повторитель L D-127342 / 92303-7M001 на дверь HYUNDAI HD270 D6CA Дизель",3,429,Дизель,D-127342,Москва
2026-03-25 09:00:03,"Указатель поворота, повторитель LH D-126019 / 92303-7A700 JAC N200 N350/410 Дизель",1,370,Дизель,D-126019,Москва
2026-03-25 09:00:03,"Указатель поворота, повторитель RH D-126020 / 92304-7A700 на дверь JAC N200/350 Дизель",1,482,Дизель,D-126020,Москва
2026-03-25 09:00:03,Уплотнение (прокладка) резиновое 1-76798-019-0 OD=25 BLACK ORIG,2,121,Isuzu,1-76798-019-0,Москва
2026-03-25 09:00:03,Уплотнение 1301796 Iveco Orig !,9,62,Iveco,1301796,Москва
2026-03-25 09:00:03,Уплотнение A0179979448 Mercedes ориг !,1,158,Mercedes,A 017 997 94 48,Москва
2026-03-25 09:00:03,Уплотнение вала /Сальник 762830/A0159977547 / 8029336980 Mercedes/Elring !,3,1318,Elring,762.830,Москва
2026-03-25 09:00:03,Уплотнение термостата D-130464 / 201V06904-0049 HOWO T5G Дизель,2,107,Дизель,D-130464,Москва
2026-03-25 09:00:03,Уплотнение топл трубки 23681-E0040 HINO 500 DF,4,161,DRAGONFLYS,23681-E0040,Москва
2026-03-25 09:00:03,Уплотнит кольцо балансира (компл.2шт) 1614130062 (Н),2,89,JMC,1614130062,Москва
2026-03-25 09:00:03,Уплотнитель воздуховода 8-98047-430-0 N-series ORIG,1,228,Isuzu,8-98047-430-0,Москва
2026-03-25 09:00:03,Уплотнитель двери нижний 8-98022-739-1 ORIG,1,4028,Isuzu,8-98022-739-1,Москва
2026-03-25 09:00:03,Уплотнитель капота 86430-4F000 HYUNDAI PORTER II ORIG,4,1249,Hyundai-Kia,86430-4F000,Москва
2026-03-25 09:00:03,"Уплотнитель кронштейна дуги правого зеркала 8-98031-796-0 N,F-series ORIG",1,573,Isuzu,8-98031-796-0,Москва
2026-03-25 09:00:03,Уплотнитель левой двери 82150-5H003 Hyundai HD35-78/MIGHTY ORIG,4,334,Hyundai-Kia,82150-5H003,Москва
2026-03-25 09:00:03,Уплотнитель лобового стекла 8-98029-078-1/7-55212-930-0 ORIG,7,3645,Isuzu,8980290781,Москва
2026-03-25 09:00:03,Уплотнитель лобового стекла 86112-5H002 Hyundai HD72 ORIG,5,4409,Hyundai-Kia,86112-5H002,Москва
2026-03-25 09:00:03,Уплотнитель облицовки двери 8-98022-741-1 N-series ORIG,3,2622,Isuzu,8-98022-741-1,Москва
2026-03-25 09:00:03,Уплотнитель облицовки двери D-125253-D / 8-98022-741-1 N-series Дизель,4,539,Дизель,D-125253-D,Москва
2026-03-25 09:00:03,Уплотнитель панели кузова LH 8-98028-750-3 N-series ORIG,2,952,Isuzu,8-98028-750-3,Москва
2026-03-25 09:00:03,Уплотнитель стекла ветрового 86131-4F000 HYUNDAI PORTER II ORIG,2,1823,Hyundai-Kia,86131-4F000,Москва
2026-03-25 09:00:03,Уплотнитель стекла двери 82130-5H000 HYUNDAI HD72/78 ORIG,25,551,Hyundai-Kia,82130-5H000,Москва
2026-03-25 09:00:03,Уплотнитель стекла двери наруж LH 8-98029-193-1 NLR85/NPR75/NQR90/FVR34 ORIG,4,2787,Isuzu,8-98029-193-1,Москва
2026-03-25 09:00:03,Уплотнитель стекла заднего 87129-5H000 HYUNDAI HD65/72/78 ORIG,6,1144,Hyundai-Kia,87129-5H000,Москва
2026-03-25 09:00:03,Уплотнитель стекла левой двери 81513-5H002 Hyundai HD65/72/78 ORIG,1,2074,Hyundai-Kia,81513-5H002,Москва
2026-03-25 09:00:03,Уплотнительное кольцо 420682/A0129973647 / A0129973747 Mercedes/DieselTechnic !,2,176,JMC,420682,Москва
2026-03-25 09:00:03,Уплотнительное кольцо 420683/A0039970547 / 362301 Mercedes / DieselTechnic !,2,71,Diesel Technic,4.20683,Москва
2026-03-25 09:00:03,Уплотнительное кольцо D-129823 / MQ6-56631-0110 HOWO T5G Дизель,4,90,Дизель,D-129823,Москва
2026-03-25 09:00:03,Уплотнительное кольцо D-129824 / MQ6-56936-2423 HOWO T5G Дизель,2,230,Дизель,D-129824,Москва
2026-03-25 09:00:03,Уплотнительное кольцо D-129825 / MQ6-56939-0079 HOWO T5G Дизель,2,257,Дизель,D-129825,Москва
2026-03-25 09:00:03,Уплотнительное кольцо маслоприемника 8-97137-798-0 4JX1 ORIG,2,443,Isuzu,8-97137-798-0,Москва
2026-03-25 09:00:03,Уплотнительное кольцо фильтра сапуна MK667060 Fuso Canter TF ORIG,99,638,Mitsubishi,MK667060,Москва
2026-03-25 09:00:03,Упор зажимной ГБЦ D-126022 / 61200040027 JAC N350 WP10 E-5 Дизель,4,385,Дизель,D-126022,Москва
2026-03-25 09:00:03,Усилитель бампера LH 86515-56000 Hyundai HD78/65 ORIG,4,1422,Hyundai-Kia,86515-56000,Москва
2026-03-25 09:00:03,Усилитель бампера перед правый 86525-5K000/1 Hyundai HD78 ORIG,2,3301,Hyundai-Kia,86525-5K000,Москва
2026-03-25 09:00:03,Усилитель бампера передний R 86525-56001/0 HYUNDAI HD72 ORIG,3,1604,Hyundai-Kia,86525-56001,Москва
2026-03-25 09:00:03,Успокоитель цепи ГРМ 1021060FD020 JAC N35 ORIG,1,517,JAC,1021060FD020,Москва
2026-03-25 09:00:03,Фара D-126337 / 219-1107L-LD-EC / 88150-E0022 / 81150-E0023 HINO 500/700 RANGER PROFIA Дизель,4,4184,Дизель,D-126337,Москва
2026-03-25 09:00:03,Фара D-126344 / 214-1178LXRD-E MMC FUSO CANTER F#(6...8)# '05 Дизель,3,3516,Дизель,D-126344,Москва
2026-03-25 09:00:03,Фара D-129729 / 214-1178RXRD-E MMC FUSO CANTER Дизель,2,3907,Дизель,D-129729,Москва
2026-03-25 09:00:03,Фара ISUZU ELF NKR81 '04 213-1136L-LD-EB !,5,2835,Depo,213-1136L-LD-EB,Москва
2026-03-25 09:00:03,Фара ISUZU ELF NKR81 '04 213-1136R-LD-EB !,2,2835,Depo,213-1136R-LD-EB,Москва
2026-03-25 09:00:03,Фара L D-126338 / 21211A8LLDE / 81170-37170 HINO300 E3 DUTRO/TOYOTA/DYNA/TOYOACE Дизель,2,5672,Дизель,D-126338,Москва
2026-03-25 09:00:03,Фара L D-126339-D / 81110-37440 / 81170-37430 / 81170-37400 без корректора HINO300 Дизель,2,5624,Дизель,D-126339-D,Москва
2026-03-25 09:00:03,Фара L D-126348 / 92101-4B000 HYUNDAI Porter Дизель,14,786,Дизель,D-126348,Москва
2026-03-25 09:00:03,Фара L D-126352 / 92101-8D200 HYUNDAI UNIVERSE Дизель,2,17796,Дизель,D-126352,Москва
2026-03-25 09:00:03,Фара L D-127030 / 2655842 / 2379890 / HL-SC008L Scania Дизель,3,27300,Дизель,D-127030,Москва
2026-03-25 09:00:03,Фара L D-127347 / 92101-7A101 HYUNDAI HD170/250 Дизель,1,4336,Дизель,D-127347,Москва
2026-03-25 09:00:03,Фара L D-128116 / MK353635 / MK353647 / MK353627 / 214-1178L-LD-EM c корректором FUSO CANTER FE85 Дизель,1,3874,Дизель,D-128116,Москва
2026-03-25 09:00:03,Фара L D-128445 / 3711015-59A/C / 3711015-50A FAW J6 4180/4250 Дизель,1,4897,Дизель,D-128445,Москва
2026-03-25 09:00:03,Фара L D-128912 / 214-1178L-LD-EM без электрокорректора MMC FUSO CANTER F#(6...8)# '05 Дизель,2,3194,Дизель,D-128912,Москва
2026-03-25 09:00:03,Фара L D-129104 / 663-1106L-LD-ME / 5532663110 / 505731 IVECO ALFAR '03 Дизель,1,6452,Дизель,D-129104,Москва
2026-03-25 09:00:03,Фара L D-130346 / 219-1104L-LD желтая Е белая HINO '90-'94 Дизель,8,3696,Дизель,D-130346,Москва
2026-03-25 09:00:03,Фара MMC FUSO CANTER F#(6...8)# '05 214-11A6R-LD-EM !,1,7250,Depo,214-11A6R-LD-EM,Москва
2026-03-25 09:00:03,"Фара R D-126340 / K21211W5R / 81110-37440 / 81130-37430 / 81130-37400 HINO300, TOYOTA Euro-4 Дизель",4,6522,Дизель,D-126340,Москва
2026-03-25 09:00:03,"Фара R D-126340-D / 81110-37440 / 81130-37430 / 81130-37400 без корректора HINO300, TOYOTA Дизель",2,5624,Дизель,D-126340-D,Москва
2026-03-25 09:00:03,Фара R D-126341 / 219-1105R-LD HINO RANGER Y630 '94-'98 Дизель,1,3265,Дизель,D-126341,Москва
2026-03-25 09:00:03,Фара R D-126353 / 92102-4B000 HYUNDAI Porter Дизель,7,831,Дизель,D-126353,Москва
2026-03-25 09:00:03,Фара R D-126357 / 92102-8D200 HYUNDAI UNIVERSE Дизель,1,18725,Дизель,D-126357,Москва
2026-03-25 09:00:03,Фара R D-127031 / 2655843/2379894/HL-SC008R Scania Дизель,3,27300,Дизель,D-127031,Москва
2026-03-25 09:00:03,Фара R D-128117 / 214-1178R-LD-EM MMC FUSO CANTER F#(6...8)# '05 Дизель,2,3194,Дизель,D-128117,Москва
2026-03-25 09:00:03,Фара R D-128118 / 8-97372-528-5 / 8-97376-897-2 / 8-98053-917-0 / 8-97372-523-5 Дизель,1,2118,Дизель,D-128118,Москва
2026-03-25 09:00:03,Фара R D-128701 / 3711020A6K9 FAW Дизель,2,5472,Дизель,D-128701,Москва
2026-03-25 09:00:03,"Фара R D-128867 / 219-1107R-LD-EC / 81110-E0022 / 81110-E0023 HINO 500/700, RANGER, PROFIA Дизель",5,4184,Дизель,D-128867,Москва
2026-03-25 09:00:03,Фара R D-128875 / 8-98098-481-1 / 8-98098-477-1 / 8-98225-591-0 с электрокорректором Дизель,8,3502,Дизель,D-128875,Москва
2026-03-25 09:00:03,Фара R D-128876 / 1-82119-212-0 с электрокорректором ISUZU Дизель,1,5420,Дизель,D-128876,Москва
2026-03-25 09:00:03,Фара левая D-126349 / 92101-5H000 HD45/HD72 Дизель,2,2025,Дизель,D-126349,Москва
2026-03-25 09:00:03,Фара левая D-126350 / 92101-5K000 HD78/65 Дизель,30,3936,Дизель,D-126350,Москва
2026-03-25 09:00:03,Фара левая D-129730 / 3711015A6K9 FAW Дизель,1,4764,Дизель,D-129730,Москва
2026-03-25 09:00:03,Фара левая D-130404 / 1732509 Scania Дизель,1,3040,Дизель,D-130404,Москва
2026-03-25 09:00:03,Фара левая с механической регулировкой Actros ||| 08 505685 /A9438201461 AYFAR !,1,10725,Ayfar,505685,Москва
2026-03-25 09:00:03,Фара передняя R (не линза) D-127925 / WG9719720002 HOWO Дизель,1,2673,Дизель,D-127925,Москва
2026-03-25 09:00:03,Фара правая D-126354 / 92102-5H000 HD45/HD72 Дизель,2,1781,Дизель,D-126354,Москва
2026-03-25 09:00:03,Фара правая D-130403 / 1732510 Scania Дизель,3,3040,Дизель,D-130403,Москва
2026-03-25 09:00:03,Фара правая MB Actros 68361/A9438200261 / 505585 / SA5A0060 Mercedes/Auger !,1,3503,Auger,68361,Москва
2026-03-25 09:00:03,Фара правая с механической регулировкой Actros ||| 08 505684/A9438201561 AYFAR !,1,11249,Ayfar,505684,Москва
2026-03-25 09:00:03,"Фара прожектор D-130390 / 1749953 Scania P,G,R,T - series Дизель",1,1782,Дизель,D-130390,Москва
2026-03-25 09:00:03,Фара противотуманная (круглая) 92201-56001 Hyundai HD72/78 ORIG,4,3355,Hyundai-Kia,92201-56001,Москва
2026-03-25 09:00:03,Фара противотуманная D-126358 / 92201-4B000 12V H100 Porter Дизель,16,634,Дизель,D-126358,Москва
2026-03-25 09:00:03,Фара противотуманная D-130296 / 92201-4B000 H100 Дизель,3,1529,Дизель,D-130296,Москва
2026-03-25 09:00:03,"Фара противотуманная L 8-98218-599-1 N,F-series ORIG",1,11499,Isuzu,8-98218-599-1,Москва
2026-03-25 09:00:03,Фара противотуманная L D-126360 / 8-98149-144-0 / 8-97378-909-1 / 8-98232-059-0 Дизель,2,1909,Дизель,D-126360,Москва
2026-03-25 09:00:03,Фара противотуманная L D-126363 / 92201-7C000 HYUNDAI HD270 D6CA Дизель,2,3143,Дизель,D-126363,Москва
2026-03-25 09:00:03,Фара противотуманная L D-129733 / 213-2020L-AE IZUZU ELF NLR85 Дизель,2,1723,Дизель,D-129733,Москва
2026-03-25 09:00:03,Фара противотуманная LH 92201-6B000 Hyundai HD120 ORIG,1,3883,Hyundai-Kia,92201-6B000,Москва
2026-03-25 09:00:03,Фара противотуманная LH D-124992 / 1-82110-454-0 / 8-98149-150-0 CXZ51K EXZ51K CYZ51K 6WF1 Дизель,2,1605,Дизель,D-124992,Москва
2026-03-25 09:00:03,Фара противотуманная LH D-128119 / 214-2043L-AE / MK435071 FUSO CANTER FE85 Дизель,3,1793,Дизель,D-128119,Москва
2026-03-25 09:00:03,Фара противотуманная R / L D-126359 / 92201-56000 24V Hyundai HD65/78 Дизель,1,590,Дизель,D-126359,Москва
2026-03-25 09:00:03,"Фара противотуманная R 8-98218-598-1 N,F-series ORIG",2,13038,Isuzu,8-98218-598-1,Москва
2026-03-25 09:00:03,Фара противотуманная R D-125406 / 8-98047-052-1 / 8-98047-052-2 Дизель,3,3270,Дизель,D-125406,Москва
2026-03-25 09:00:03,Фара противотуманная R D-126365 / 92202-6A000 HYUNDAI HD120 Дизель,1,2419,Дизель,D-126365,Москва
2026-03-25 09:00:03,Фара противотуманная R D-126435 / 1-82110-453-0 CXZ51K EXZ51K CYZ51K CYZ51L 6WF1 Дизель,1,1772,Дизель,D-126435,Москва
2026-03-25 09:00:03,Фара противотуманная R D-129735 / 214-2043R-AE / MK435072 FUSO CANTER FE85 Дизель,1,1825,Дизель,D-129735,Москва
2026-03-25 09:00:03,Фара противотуманная R D-129736 / WG9719720006 Howo Дизель,1,1219,Дизель,D-129736,Москва
2026-03-25 09:00:03,Фара противотуманная R D-130349 / 8-98238-625-0 / 8-98159-978-0/1/2 FVR34 CYZ52 Дизель,1,3172,Дизель,D-130349,Москва
2026-03-25 09:00:03,Фара противотуманная R с указатепем поворота D-125254 / 8-98238-625-0 FVR34/CYZ52 Дизель,1,3232,Дизель,D-125254,Москва
2026-03-25 09:00:03,Фара противотуманная R с указатепем поворота D-125254 / 8-98238-625-0 FVR34/CYZ52 Дизель дефект,1,1786,Дизель,D-125254,Москва
2026-03-25 09:00:03,Фара противотуманная WG9925721009 HOWO ORIG,12,2856,Howo,WG9925721009,Москва
2026-03-25 09:00:03,"Фара противотуманная задняя 1-82110-477-0 C,F series ORIG",3,6135,Isuzu,1-82110-477-0,Москва
2026-03-25 09:00:03,Фара противотуманная левая D-126041 / 4118910LE094 JAC N120 Дизель,2,4585,Дизель,D-126041,Москва
2026-03-25 09:00:03,Фара противотуманная левая D-126362 / 92201-6A000 HYUNDAI HD120 Дизель,1,2419,Дизель,D-126362,Москва
2026-03-25 09:00:03,Фара противотуманная левая D-128120 / 8-98238-626-0/8-98159-979-0/1/2 FVR34/CYZ52 Дизель,5,2168,Дизель,D-128120,Москва
2026-03-25 09:00:03,Фара противотуманная правая 92302-6B100 HYUNDAI GOLD D6GA HD120 (ORIG),4,3113,Hyundai-Kia,92302-6B100,Москва
2026-03-25 09:00:03,Фара противотуманная правая D-128071/8-98149-143-0/1/8-97378-908-1 / 8-98232-058-0 Дизель,3,1430,Дизель,D-128071,Москва
2026-03-25 09:00:03,Фара противотуманная правая комбинированная D-126645 / 812W25320-6002/2 Sitrak C7H Дизель,1,3321,Дизель,D-126645,Москва
2026-03-25 09:00:03,Фара рабочего света D-126635 / 712W25103-6001 круглая Sitrak C7H Дизель,1,1770,Дизель,D-126635,Москва
2026-03-25 09:00:03,Фартук переднего бампера нижний 2803102U1510 S5 JAC ORIG,2,1897,JAC,2803102U1510,Москва
2026-03-25 09:00:03,Фартук переднего бампера нижний 2803112U221G JAC S3 ORIG,1,3458,JAC,2803112U221G,Москва
2026-03-25 09:00:03,Фиксатор A3872628173 Mercedes ориг !,1,502,Mercedes,A 387 262 81 73,Москва
2026-03-25 09:00:03,Фиксатор торсиона кабины RH 8-98006-455-1 N-series ORIG,1,2632,Isuzu,8-98006-455-1,Москва
2026-03-25 09:00:03,Фиксатор троса КПП D-128021 / 8-97011-448-0 Дизель,4,53,Дизель,D-128021,Москва
2026-03-25 09:00:03,Фильтр (картридж) масловлагоотделителя DH-DS011 / HDS-011 / ME709603 / DR6 FUSO Дизель,4,1312,Дизель,DH-DS011,Москва
2026-03-25 09:00:03,Фильтр антикоррозионный P550777 / B7577 Donaldson,20,1417,Donaldson,P550777,Москва
2026-03-25 09:00:03,Фильтр в сборе с помпой YYZC-R-006/YLX-F-0333 MB220900 / FC321,10,1479,YNY,MB220900,Москва
2026-03-25 09:00:03,Фильтр вентиляции картерных газов 8-97606-318-0/1/2 F-series SKV,13,688,SKV,8-97606-318-0,Москва
2026-03-25 09:00:03,"Фильтр вентиляции картерных газов EFG-15010SKV/8-98002-346-0/ME224207 Isuzu F,N-series/MMC SKV",94,522,SKV,EFG-15010,Москва
2026-03-25 09:00:03,Фильтр воздушный (внутр) CF1820SKV Камаз 5490/6520 дв.OM457LA SKV,3,731,SKV,CF1820,Москва
2026-03-25 09:00:03,Фильтр воздушный (наруж) C301330SKV Камаз 5490/6520 дв.OM457LA SKV,25,1606,SKV,C301330,Москва
2026-03-25 09:00:03,Фильтр воздушный (наруж+внутр) K3250/DZ9118190230-X set WP10 SKV,8,2427,SKV,DZ9118190230-X,Москва
2026-03-25 09:00:03,Фильтр воздушный (наружн) RS3870SKV CASE/Caterpillar,2,2644,SKV,RS3870,Москва
2026-03-25 09:00:03,"Фильтр воздушный 1-14215-213-0/1-87610-166-0 C,E-series ORIG",2,22438,Isuzu,1-14215-213-0,Москва
2026-03-25 09:00:03,Фильтр воздушный 1-87610-114-1/8-98071-422-0 F-series 6HK1 ORIG CHINA,65,1404,Isuzu,1-87610-114-1,Москва
2026-03-25 09:00:03,Фильтр воздушный 110907076AASKV / 1109070-76A/A FAW SKV,21,1497,SKV,110907076AASKV,Москва
2026-03-25 09:00:03,Фильтр воздушный 1109130B5051 N56 E-5 ld308 JAC ORIG,5,2292,JAC,1109130B5051,Москва
2026-03-25 09:00:03,Фильтр воздушный 1109130B5051 N56 E-5 ld308 JAC SKV,3,972,SKV,1109130B5051,Москва
2026-03-25 09:00:03,Фильтр воздушный 1109140W5000 JAC N35/25 SKV,3,403,SKV,1109140W5000,Москва
2026-03-25 09:00:03,Фильтр воздушный 28000-Y3A20-1 N350 JAC ORIG,8,4752,JAC,28000-Y3A20-1,Москва
2026-03-25 09:00:03,Фильтр воздушный 28130-44000 / PAA-013 / YUMI-021 SKV,1,509,SKV,28130-44000,Москва
2026-03-25 09:00:03,Фильтр воздушный 28130-5H002 / 28130-5H001 / MAF023 / PAA-032 / YUMI-042 County/HD72 SKV,15,931,SKV,28130-5H002SKV,Москва
2026-03-25 09:00:03,Фильтр воздушный 2829529SKV \ 2490805 Scania SKV,20,6191,SKV,2829529SKV,Москва
2026-03-25 09:00:03,Фильтр воздушный 2829531SKV \ 2490807 Scania,101,1571,SKV,2829531SKV,Москва
2026-03-25 09:00:03,Фильтр воздушный 2996155/MF800/A800 Iveco SKV,2,2483,SKV,A800,Москва
2026-03-25 09:00:03,Фильтр воздушный 50014092 Iveco !,2,1648,Kolbenschmidt,4092-AP,Москва
2026-03-25 09:00:03,Фильтр воздушный 8-98071-421-0/1-87610-113-1 Isuzu FSR90/FORWARD 4HK1 ORIG,9,6591,Isuzu,8-98071-421-0,Москва
2026-03-25 09:00:03,Фильтр воздушный 8-98071-422-0/1-87610-114-1 F-series 6HK1 ORIG,2,4775,Isuzu,8-98071-422-0,Москва
2026-03-25 09:00:03,Фильтр воздушный 81084050021SKV / RS4971 наружный MAN SKV,4,2713,SKV,81084050021SKV,Москва
2026-03-25 09:00:03,Фильтр воздушный 97164-5H000 HYUNDAI D4AL/D4DD HD72/78 ORIG,5,601,Hyundai-Kia,97164-5H000,Москва
2026-03-25 09:00:03,Фильтр воздушный A-1004 / A-1177 / 17801-78030/78020 HINO300 Е-3 ш/к N04C/J05D/S05 SKV,3,1073,SKV,A-1004,Москва
2026-03-25 09:00:03,Фильтр воздушный A-1009 / A-3370 / 17801-78040 HINO300 Е-3 у/к N04C/W04D SKV,30,542,SKV,A-1009,Москва
2026-03-25 09:00:03,Фильтр воздушный A-1016 17801-B1010,1,241,JMC,A-1016,Москва
2026-03-25 09:00:03,Фильтр воздушный A-1030 17801-38030,1,969,RB-exide,A-1030,Москва
2026-03-25 09:00:03,Фильтр воздушный A-181 17801-64060,2,303,JMC,A-181,Москва
2026-03-25 09:00:03,Фильтр воздушный A-348 MD620584,1,210,JMC,A-348,Москва
2026-03-25 09:00:03,Фильтр воздушный A581IN / 8-98071-424-0 / A-6037 ISUZU 6HK1/FVR34 SKV,42,921,SKV,A581IN,Москва
2026-03-25 09:00:03,Фильтр воздушный A-6014S / A578SET / 1-14215-203-0 + 1-14215-217-0 CX#/CY#/CV#/EX# SKV,28,1822,SKV,A-6014S,Москва
2026-03-25 09:00:03,Фильтр воздушный A-874 17220-PWC-000,1,205,JMC,A-874,Москва
2026-03-25 09:00:03,Фильтр воздушный A0040942404SKV Mercedes SKV,8,4228,SKV,A0040942404SKV,Москва
2026-03-25 09:00:03,Фильтр воздушный A0040943504 / RS5358 / 1485592 Mercedes SKV,14,2739,SKV,A0040943504,Москва
2026-03-25 09:00:03,Фильтр воздушный A0632SKV/8-98183-797-0/1K08-23-603/ 4JJ1T N-series/Mazda Titan/Nissan Atlas SKV,42,1446,SKV,A0632,Москва
2026-03-25 09:00:03,Фильтр воздушный A136/17801-44070/17801-56020 HINO DUTRO/RANGER TOYOTA DYNA/TOYOACE SKV,14,481,SKV,A136,Москва
2026-03-25 09:00:03,Фильтр воздушный A143/17801-54050 TOYOTA DYNA/TOYOACE SKV,4,343,SKV,A143,Москва
2026-03-25 09:00:03,Фильтр воздушный A147/A-1112/17801-61020 HINO DUTRO/RANGER TOYOTA DYNA/TOYOACE SKV,6,444,SKV,A147,Москва
2026-03-25 09:00:03,Фильтр воздушный A161/17801-64070 TOYOTA SKV,7,238,SKV,A161,Москва
2026-03-25 09:00:03,Фильтр воздушный A184/A-1176/17801-67040 TOYOTA HIACE SKV,4,370,SKV,17801-67040,Москва
2026-03-25 09:00:03,Фильтр воздушный A190/A-1143/17801-78011 HINO DUTRO/RANGER SKV,4,438,SKV,17801-78011,Москва
2026-03-25 09:00:03,Фильтр воздушный A22281 / A281 AZUMI,1,3821,Azumi,A22281,Москва
2026-03-25 09:00:03,Фильтр воздушный A22283/A283/A-283/A-6124/A6124M/16546-99602 AZUMI,1,3560,Azumi,A22283,Москва
2026-03-25 09:00:03,Фильтр воздушный A23371 / A371J / A-371J AZUMI,1,2295,Azumi,A371J,Москва
2026-03-25 09:00:03,Фильтр воздушный A2412/C22117/21120110908082/1257305 ВАЗ (инжек)/Audi/VW SKV,39,166,SKV,A2412,Москва
2026-03-25 09:00:03,Фильтр воздушный A24567 / A567 AZUMI,3,1760,Azumi,A24567,Москва
2026-03-25 09:00:03,Фильтр воздушный A26002IN/17801-3390 / A-1330 HINO 500 (22.5) E4 AZUMI,4,702,Azumi,A26002IN,Москва
2026-03-25 09:00:03,Фильтр воздушный A26004 / A1004 AZUMI,1,1661,Azumi,A1004,Москва
2026-03-25 09:00:03,Фильтр воздушный A274 / 1-14215-108-0 / 1-14215-197-0 / 1-14215-067-0 SKV,52,1008,SKV,A274,Москва
2026-03-25 09:00:03,Фильтр воздушный A275V/A-1821/5-86102-602-0/16546-0T006 ISUZU ELF/NISSAN ATLAS/CONDOR SKV,20,494,SKV,A275V,Москва
2026-03-25 09:00:03,Фильтр воздушный A276 / 8-98071-421-0/1-87610-113-1 Isuzu FSR90/FORWARD 4HK1 SKV,31,935,SKV,A276,Москва
2026-03-25 09:00:03,Фильтр воздушный A282 / A-1335M / 17801-3450 / S1780-13450 / 1-14215-102-0 E13CTL HINO700 SKV,19,1649,SKV,A282,Москва
2026-03-25 09:00:03,Фильтр воздушный A282IN / A-1336M / 17801-3460 SKV,11,1199,SKV,A282IN,Москва
2026-03-25 09:00:03,Фильтр воздушный A330/A-1008/MB120389/1372-13-Z40 MAZDA TITAN/MMC CANTER SKV,20,433,SKV,A1008,Москва
2026-03-25 09:00:03,Фильтр воздушный A364 / A-1019 / 8-94430-250-0 NPR75/NQR71/NLR85/NQR90 E-4 SKV,36,810,SKV,A364,Москва
2026-03-25 09:00:03,Фильтр воздушный A427/AS-1031/SLA1-13-Z40/MB120298 MAZDA TITAN/MMC CANTER SKV,51,592,SKV,A427,Москва
2026-03-25 09:00:03,Фильтр воздушный A444/A-1711/SL02-13-Z40 MAZDA TITAN SKV,6,556,SKV,A444,Москва
2026-03-25 09:00:03,Фильтр воздушный A5541S/A-0400/131-8902+131-8903 CATERPILLAR SKV,10,823,SKV,A5541S,Москва
2026-03-25 09:00:03,Фильтр воздушный A5562S / 6I2507 / A-5561 + A-5560 SKV !,1,2381,SKV,A-5562S,Москва
2026-03-25 09:00:03,Фильтр воздушный A581 / 8-98071-423-0 / A24581 ISUZU 6HK1/FVR34 SKV,62,1719,SKV,A581,Москва
2026-03-25 09:00:03,Фильтр воздушный A581SET / 8-98071-423-0+8-98071-424-0/А-6038S ISUZU 6HK1/FVR34 SKV,20,2260,SKV,A581SET,Москва
2026-03-25 09:00:03,"Фильтр воздушный A6024SET 1-14215-213-0 (A-6018) + 1-14215-220-0 (A-6023) Isuzu C,E-series 6WG1 SKV",36,3008,SKV,A-6024SET,Москва
2026-03-25 09:00:03,Фильтр воздушный A610/A-1306/17220-4090 HINO RANGER SKV,17,692,SKV,A610,Москва
2026-03-25 09:00:03,"Фильтр воздушный A617 / A620 / 17801-2830 HINO, HINO 500, 700 SKV",6,1945,SKV,A617,Москва
2026-03-25 09:00:03,Фильтр воздушный A7607/A271/16546-99203 Sakura,1,777,Sakura,A7607,Москва
2026-03-25 09:00:03,Фильтр воздушный AF25289M,1,1286,JMC,AF25289M,Москва
2026-03-25 09:00:03,Фильтр воздушный CA5788 / 0072655 BALDWIN,4,8327,Baldwin,CA5788,Москва
2026-03-25 09:00:03,Фильтр воздушный CP50001SKV/C500041/A0040946804/A0040949204 MB Actros II/Arocs/Antos SKV,38,3308,SKV,CP50001,Москва
2026-03-25 09:00:03,Фильтр воздушный DA-0917 / 5801317097 IVECO Daily Дизель,1,945,Дизель,DA-0917,Москва
2026-03-25 09:00:03,Фильтр воздушный DA-1019 / 8-94430-250-0 NPR75/NQR71/NLR85/NQR90 E-4 Дизель,1,751,Дизель,DA-1019,Москва
2026-03-25 09:00:03,Фильтр воздушный DA-1067 / A3002 / ME294400 / ME292262 / ME017242 Дизель,3,583,Дизель,DA-1067,Москва
2026-03-25 09:00:03,Фильтр воздушный DA-1324 / A622 / S1780-13360 / 17801-E0010 HINO500 19.5 Дизель,26,796,Дизель,DA-1324,Москва
2026-03-25 09:00:03,Фильтр воздушный DA-1335 / A-282 / A-1335M / 17801-3450 / S1780-13450 / 1-14215-102-0 HINO700 Дизель,6,1557,Дизель,DA-1335,Москва
2026-03-25 09:00:03,Фильтр воздушный DA-13570 / 17801-78110 / A26031 HINO 300 E4 Дизель,2,627,Дизель,DA-13570,Москва
2026-03-25 09:00:03,Фильтр воздушный DA-2709SET / 8-98071-421-0+8-98071-422-0 Isuzu F-series Дизель,13,1557,Дизель,DA-2709SET,Москва
2026-03-25 09:00:03,Фильтр воздушный DA-27398 / 1109100E898-2 JAC N56/75/90/120 КАМАЗ Компас-9/12 JAC Дизель,18,1831,Дизель,DA-27398,Москва
2026-03-25 09:00:03,Фильтр воздушный DA-274 / 1-14215-108-0 / 1-14215-197-0 / 1-14215-067-0 / A-274 Дизель,18,1128,Дизель,DA-274,Москва
2026-03-25 09:00:03,Фильтр воздушный DA-3030 / ML242294 / ME422880 / 16546-HJ00B Fuso Canter E-5 Дизель,33,1562,Дизель,DA-3030,Москва
2026-03-25 09:00:03,Фильтр воздушный DA-370 / ME073160 / ME073821 / A-370 MMC Fuso Дизель,28,942,Дизель,DA-370,Москва
2026-03-25 09:00:03,Фильтр воздушный DA-38670 / 1109130R1040 / S11090010-A7 JAC Дизель,27,395,Дизель,DA-38670,Москва
2026-03-25 09:00:03,Фильтр воздушный DA-581 / 1-87610-115-2 / 8-98071-423-0 / A24581 6HK1/FVR34 Дизель,14,1562,Дизель,DA-581,Москва
2026-03-25 09:00:03,Фильтр воздушный DA-581IN / 8-98071-424-0 / A-6037 6HK1/FVR34 Дизель,7,517,Дизель,DA-581IN,Москва
2026-03-25 09:00:03,Фильтр воздушный DA-581SET / 8-98071-423-0+8-98071-424-0 (DA-581+DA-581IN) Isuzu F-series Дизель,21,2107,Дизель,DA-581SET,Москва
2026-03-25 09:00:03,"Фильтр воздушный DA-6025SET / 1-87610-166-0+1-14215-220-0 (DA-6018+DA-6026) ISUZU C, E-series Дизель",30,3267,Дизель,DA-6025SET,Москва
2026-03-25 09:00:03,Фильтр воздушный DK-2652PU / WG9X25190061/1 + WG9X25190062/1 / K2652PU Sitrak C7H Дизель,40,1767,Дизель,DK-2652PU,Москва
2026-03-25 09:00:03,Фильтр воздушный DK-2841-D / WG9725190102 / K2841 HOWO E-3 Дизель,2,1903,Дизель,DA-K2841,Москва
2026-03-25 09:00:03,Фильтр воздушный DK-2845 / 1109060-55A+1109070-55A / K2845 FAW Дизель,21,1705,Дизель,DK-2845,Москва
2026-03-25 09:00:03,Фильтр воздушный DK-2845-D / 2845J6 / 1109070-76A/A SET 3250/3310 FAW Дизель,12,1878,Дизель,DK-2845-D,Москва
2026-03-25 09:00:03,Фильтр воздушный DK-3050 / K3050 SHACMAN X3000 Дизель,66,1535,Дизель,DK-3050,Москва
2026-03-25 09:00:03,Фильтр воздушный DK-3250-D / K3250 / DZ9118190230-1 SHACMAN Дизель,6,1889,Дизель,DK-3250-D,Москва
2026-03-25 09:00:03,Фильтр воздушный DK-3252 / W400000695 SET / K3252 IVECO Дизель,2,2333,Дизель,DK-3252,Москва
2026-03-25 09:00:03,Фильтр воздушный ELP3726,2,407,JMC,ELP3726,Москва
2026-03-25 09:00:03,Фильтр воздушный F059264,1,2159,JMC,F059264,Москва
2026-03-25 09:00:03,Фильтр воздушный LL1885 !,4,3307,Baldwin,LL1885,Москва
2026-03-25 09:00:03,Фильтр воздушный MD620508 / A347 Mitsubishi,2,107,JMC,МD620508,Москва
2026-03-25 09:00:03,Фильтр воздушный ML242294 Fuso Canter E-5 SKV,61,1634,SKV,ML242294,Москва
2026-03-25 09:00:03,Фильтр воздушный P182054/LL1681-FN/6424690 Donaldson,6,3230,Donaldson,P182054,Москва
2026-03-25 09:00:03,Фильтр воздушный P533882 / RS3700XP / RS3700 Donaldson,1,9755,Donaldson,P533882,Москва
2026-03-25 09:00:03,Фильтр воздушный P782109 / RS3999 Donaldson,5,5670,Donaldson,P782109,Москва
2026-03-25 09:00:03,"Фильтр воздушный P821575 / 12.1.27.0169 / KSD1100 SuperSnow, Donaldson",10,3524,Donaldson,P821575,Москва
2026-03-25 09:00:03,"Фильтр воздушный P822686 / 12.1.27.0159 SuperSnow, Donaldson",20,2421,Donaldson,P822686,Москва
2026-03-25 09:00:03,Фильтр воздушный P953330 Donaldson,6,4747,Donaldson,P953330,Москва
2026-03-25 09:00:03,Фильтр воздушный PA1704 !,7,556,Baldwin,PA1704,Москва
2026-03-25 09:00:03,Фильтр воздушный PA1893,2,2982,Baldwin,PA1893,Москва
2026-03-25 09:00:03,Фильтр воздушный PA1911,4,898,Baldwin,PA1911,Москва
2026-03-25 09:00:03,Фильтр воздушный PA2419,2,838,Baldwin,PA2419,Москва
2026-03-25 09:00:03,Фильтр воздушный PA2664 / 600-182-3510 / 600-181-2500 BW !,7,3248,Baldwin,PA2664,Москва
2026-03-25 09:00:03,Фильтр воздушный PA2665 / 600-181-2450 / 600-182-3530 !,5,1661,Baldwin,PA2665,Москва
2026-03-25 09:00:03,Фильтр воздушный PA2788,5,3492,Baldwin,PA2788,Москва
2026-03-25 09:00:03,Фильтр воздушный PA2805 / C085004 Donaldson,2,3472,Donaldson,PA2805,Москва
2026-03-25 09:00:03,Фильтр воздушный PA2977-FN !,2,2141,Baldwin,PA2977-FN,Москва
2026-03-25 09:00:03,Фильтр воздушный PA3781,1,2033,Baldwin,PA3781,Москва
2026-03-25 09:00:03,Фильтр воздушный PA3939 / 4I1278 !,6,2486,Baldwin,PA3939,Москва
2026-03-25 09:00:03,Фильтр воздушный PA4372 !,4,826,Baldwin,PA4372,Москва
2026-03-25 09:00:03,Фильтр воздушный PA4912 / A0008301218 !,11,3129,Baldwin,PA4912,Москва
2026-03-25 09:00:03,Фильтр воздушный PA4955 / 81619100018 !,2,1738,Baldwin,PA4955,Москва
2026-03-25 09:00:03,Фильтр воздушный PA5327 PC12/10 !,7,1276,Baldwin,PA5327,Москва
2026-03-25 09:00:03,Фильтр воздушный PA5336 / 504024890 / 2995964 (салон) !,3,1308,Baldwin,PA5336,Москва
2026-03-25 09:00:03,Фильтр воздушный PA5364 / 2996155 BW,2,5857,Baldwin,PA5364,Москва
2026-03-25 09:00:03,Фильтр воздушный PA5365 / 41214149 / 2996157 внутр IVECO BW !,14,5511,Baldwin,PA5365,Москва
2026-03-25 09:00:03,Фильтр воздушный PA5365 / 41214149 / 2996157 внутр IVECO BW дефект,1,1496,Baldwin,PA5365,Москва
2026-03-25 09:00:03,Фильтр воздушный PA5512 !,8,1627,Baldwin,PA5512,Москва
2026-03-25 09:00:03,Фильтр воздушный PA5515 BALDWIN,7,4154,Baldwin,PA5515,Москва
2026-03-25 09:00:03,Фильтр воздушный PA5634 BALDWIN,1,2991,Baldwin,PA5634,Москва
2026-03-25 09:00:03,Фильтр воздушный PA7176SKV (для насосов и цистерн для перевозки бетона) SKV,8,266,SKV,PA7176,Москва
2026-03-25 09:00:03,Фильтр воздушный RA6112/ A0040943504 Mercedes/Filter AG !,2,3608,Filter AG,RA6112,Москва
2026-03-25 09:00:03,Фильтр воздушный RS30065 KIT Bw,6,15071,Baldwin,RS30065KIT,Москва
2026-03-25 09:00:03,Фильтр воздушный RS3503,1,1463,Baldwin,RS3503,Москва
2026-03-25 09:00:03,Фильтр воздушный RS3509 / 6I0274 !,2,1720,Baldwin,RS3509,Москва
2026-03-25 09:00:03,Фильтр воздушный RS3511 !,3,2351,Baldwin,RS3511,Москва
2026-03-25 09:00:03,Фильтр воздушный RS3512 ! BW,7,4730,Baldwin,RS3512,Москва
2026-03-25 09:00:03,Фильтр воздушный RS3513 !,2,2117,Baldwin,6I2508,Москва
2026-03-25 09:00:03,Фильтр воздушный RS3513 !,2,2851,Baldwin,RS3513,Москва
2026-03-25 09:00:03,Фильтр воздушный RS3545 / 77007056 !,2,935,Baldwin,RS3545,Москва
2026-03-25 09:00:03,Фильтр воздушный RS3700 !,1,3091,Baldwin,RS3700,Москва
2026-03-25 09:00:03,Фильтр воздушный RS3701 !,1,2542,Baldwin,RS3701,Москва
2026-03-25 09:00:03,Фильтр воздушный RS3717,3,1837,Baldwin,RS3717,Москва
2026-03-25 09:00:03,Фильтр воздушный RS3734 / F434072 / 7412732,3,2183,Baldwin,RS3734,Москва
2026-03-25 09:00:03,Фильтр воздушный RS3736,2,2342,Baldwin,RS3736,Москва
2026-03-25 09:00:03,Фильтр воздушный RS3737 BW,2,3212,Baldwin,RS3737,Москва
2026-03-25 09:00:03,Фильтр воздушный RS3745 / 7414300 !,4,1689,Baldwin,RS3745,Москва
2026-03-25 09:00:03,Фильтр воздушный RS3745 / F434395 !,2,1105,Baldwin,RS3745,Москва
2026-03-25 09:00:03,Фильтр воздушный RS3870 !,2,9019,Baldwin,15270188,Москва
2026-03-25 09:00:03,Фильтр воздушный RS3870 / 7370955 Bw,1,4524,Baldwin,RS3870,Москва
2026-03-25 09:00:03,Фильтр воздушный RS3870 / 7370955 Bw дефект,2,1663,Baldwin,RS3870,Москва
2026-03-25 09:00:03,Фильтр воздушный RS3871 / 7370956 Bw !,3,2386,Baldwin,RS3871,Москва
2026-03-25 09:00:03,Фильтр воздушный RS3885 / АТ203470 / F052646 / 7412733 !,6,1311,Baldwin,RS3885,Москва
2026-03-25 09:00:03,Фильтр воздушный RS3921 !,2,1043,Baldwin,RS3921,Москва
2026-03-25 09:00:03,Фильтр воздушный RS3954 !,7,3172,Baldwin,RS3954,Москва
2026-03-25 09:00:03,Фильтр воздушный RS3996 / 2456375 / 0060161 Baldwin !,6,4816,Baldwin,RS3996,Москва
2026-03-25 09:00:03,Фильтр воздушный RS3997 / 2456376 / 0060251 Baldwin,6,2381,Baldwin,RS3997,Москва
2026-03-25 09:00:03,Фильтр воздушный RS5358 / A0040943504 / 1485592 Baldwin !,1,3998,Baldwin,RS5358,Москва
2026-03-25 09:00:03,Фильтр воздушный RS5358 / A0040943504 / 1485592 Baldwin дефект,1,2763,Baldwin,RS5358,Москва
2026-03-25 09:00:03,Фильтр воздушный RS5362 / A0040942404 Baldwin !,6,12091,Baldwin,RS5362,Москва
2026-03-25 09:00:03,Фильтр воздушный WG9725190102 / K2841 SHACMAN/FAW SKV,81,1648,SKV,WG9725190102,Москва
2026-03-25 09:00:03,Фильтр воздушный WG9X25190061 + WG9X25190062 / PU2752 Sitrak C7H (произв. Sinotruk) ORIG,19,3369,SITRAK,WG9X25190061,Москва
2026-03-25 09:00:03,Фильтр воздушный А5613-S,1,7915,JMC,А5613-S,Москва
2026-03-25 09:00:03,Фильтр воздушный А8577,1,1241,JMC,А8577-S,Москва
2026-03-25 09:00:03,Фильтр воздушный в сборе с корпусом DK-3052 / DZ9112190328-1 / K3052 SHACMAN WP12 Дизель,1,6582,Дизель,DK-3052,Москва
2026-03-25 09:00:03,Фильтр воздушный в сборе с корпусом DK-3250 / DZ9118190230-X WP10 Дизель,5,5506,Дизель,DK-3250,Москва
2026-03-25 09:00:03,Фильтр воздушный внешний 17801-3380SKV / A-1325 HINO 500 (22.5) E-4 SKV,10,1470,SKV,17801-3380,Москва
2026-03-25 09:00:03,Фильтр воздушный внешний 710W08405-0032 SKV,16,947,SKV,710W08405-0032SKV,Москва
2026-03-25 09:00:03,Фильтр воздушный внутр 710W08405-0017 Howo/Sitrak ORIG,405,1213,SITRAK,710W08405-0017,Москва
2026-03-25 09:00:03,Фильтр воздушный внутр 710W08405-0017 Howo/Sitrak SKV,8,568,SKV,710W08405-0017,Москва
2026-03-25 09:00:03,Фильтр воздушный внутр 710W08405-0017/0032 Howo/Sitrak SKV,77,1757,SKV,710W08405-0032,Москва
2026-03-25 09:00:03,Фильтр воздушный внутр AF880SKV / 4305m-01 CATERPILLAR/CUMMINS/KOMATSU/БЕЛАЗ SKV,2,1221,SKV,AF880,Москва
2026-03-25 09:00:03,Фильтр воздушный внутренний (огнеупорный) 2414659SKV Scania,20,1110,SKV,2414659SKV,Москва
2026-03-25 09:00:03,Фильтр воздушный внутренний 1109-03726IN YUTONG bus SKV,3,893,SKV,1109-03726IN,Москва
2026-03-25 09:00:03,Фильтр воздушный внутренний 17801-3390SKV / A-1330 HINO 500 (22.5) E4 SKV,11,642,SKV,17801-3390SKV,Москва
2026-03-25 09:00:03,Фильтр воздушный внутренний 17801-E0140SKV HINO 700 E-5 SKV,10,987,SKV,17801-E0140,Москва
2026-03-25 09:00:03,Фильтр воздушный внутренний 2996157 Iveco !,1,5613,Iveco,2996157,Москва
2026-03-25 09:00:03,Фильтр воздушный внутренний 87682999 / 1106331 NEW HOLLAND,2,1733,JMC,87682999,Москва
2026-03-25 09:00:03,"Фильтр воздушный внутренний A6026SKV / A6023 / 1-14215-220-0 ISUZU C,E-series SKV",2,1223,SKV,A6026,Москва
2026-03-25 09:00:03,"Фильтр воздушный внутренний DA-6026 / A6023 / 1-14215-220-0 ISUZU C,E-series Дизель",64,685,Дизель,DA-6026,Москва
2026-03-25 09:00:03,Фильтр воздушный внутренний P134354 / PA3689 / 600-181-1680 Donaldson,1,4276,Donaldson,P134354,Москва
2026-03-25 09:00:03,Фильтр воздушный внутренний SL5897,2,976,JMC,SL5897,Москва
2026-03-25 09:00:03,Фильтр воздушный компл 710W08405-0017+710W08405-0032 (WG9525195201/1) Howo/Sitrak ORIG,43,5665,SITRAK,WG9525195201/1,Москва
2026-03-25 09:00:03,Фильтр воздушный кондиционера PA3613/421-07-12312 !,1,1233,Baldwin,PA3613,Москва
2026-03-25 09:00:03,Фильтр воздушный наруж AF899MSKV / 4305M CATERPILLAR/CUMMINS/KOMATSU/БЕЛАЗ SKV,4,3921,SKV,AF899M,Москва
2026-03-25 09:00:03,Фильтр воздушный наруж WG9525195201/1 710W08405-0032 Howo/Sitrak ORIG,1197,3618,SITRAK,710W08405-0032,Москва
2026-03-25 09:00:03,Фильтр воздушный наружный (огнеупорный) 2414658 Scania SKV,94,3142,SKV,2414658SKV,Москва
2026-03-25 09:00:03,"Фильтр воздушный наружный 1-87610-166-0 / 1-87617-007-0/1 ISUZU C,E-series ORIG",2,11587,Isuzu,1-87610-166-0,Москва
2026-03-25 09:00:03,Фильтр воздушный наружный 1109-03726OUT YUTONG bus SKV,4,2968,SKV,1109-03726,Москва
2026-03-25 09:00:03,"Фильтр воздушный наружный DA-28027 / 1109100E8982 JAC N56/75/90/120, КАМАЗ Компас-9/12 Дизель",40,1016,Дизель,DA-28027,Москва
2026-03-25 09:00:03,"Фильтр воздушный наружный DA-6018 / A281 / 1-87610-166-0 / 1-87617-007-0/1 ISUZU C, E-series Дизель",3,2416,Дизель,DA-6018,Москва
2026-03-25 09:00:03,Фильтр воздушный наружный PA2478/600-181-4400 !,1,3663,Baldwin,PA2478,Москва
2026-03-25 09:00:03,Фильтр воздушный пикап 1109130P3040-AM001 T6 JAC ORIG,19,566,JAC,1109130P3040-AM001,Москва
2026-03-25 09:00:03,Фильтр воздушный салона 97163-7А001 D6GA HD120 ORIG,2,2429,Hyundai-Kia,97163-7А001,Москва
2026-03-25 09:00:03,Фильтр гидравлический 1G8878 / BT8851-MPG YNY,7,1466,YNY,1G8878,Москва
2026-03-25 09:00:03,Фильтр гидравлический 1R0722 / PT83 YNY,4,967,YNY,1R0722,Москва
2026-03-25 09:00:03,Фильтр гидравлический 3222309848 / HY10333 Atlas Copco Epiroc BALDWIN,2,15492,Baldwin,3222309848,Москва
2026-03-25 09:00:03,Фильтр гидравлический BT8333/4I-3948,2,1579,Baldwin,BT8333,Москва
2026-03-25 09:00:03,Фильтр гидравлический BT8497-MPG Bw,2,2971,Baldwin,BT8497-MPG,Москва
2026-03-25 09:00:03,Фильтр гидравлический BT8840-MPG / 0019541 / 11004917 Baldwin !,1,3216,Baldwin,BT8840-MPG,Москва
2026-03-25 09:00:03,Фильтр гидравлический BT8851-MPG / 1G8878 !,1,5243,Baldwin,BT8851-MPG,Москва
2026-03-25 09:00:03,Фильтр гидравлический BT8876-MPG / 04698884 BW,2,6997,Baldwin,BT8876-MPG,Москва
2026-03-25 09:00:03,Фильтр гидравлический BT8878-MPG !,2,6713,Baldwin,BT8878-MPG,Москва
2026-03-25 09:00:03,Фильтр гидравлический H-5504 SKV !,4,590,SKV,H-5504,Москва
2026-03-25 09:00:03,Фильтр гидравлический H-5510 SKV !,2,707,SKV,H-5510,Москва
2026-03-25 09:00:03,Фильтр гидравлический H-5639,2,1586,JMC,H-5639,Москва
2026-03-25 09:00:03,Фильтр гидравлический HF6162SKV/P550309/349619 DAF/IVECO/MAN/MERCEDES SKV,201,170,SKV,HF6162,Москва
2026-03-25 09:00:03,Фильтр гидравлический HY9790,2,1624,JMC,HY9790,Москва
2026-03-25 09:00:03,Фильтр гидравлический MB-PX654 / HF28894 Mn,2,1134,Monbow Filter,MB-PX654,Москва
2026-03-25 09:00:03,Фильтр гидравлический N9086 / AT112393 Caterpillar Ев,2,6508,JMC,N9086,Москва
2026-03-25 09:00:03,Фильтр гидравлический P164200 / PT189 DONALDSON,4,5546,Donaldson,P164200,Москва
2026-03-25 09:00:03,Фильтр гидравлический P557380 / PT539 Donaldson,2,3396,Donaldson,P557380,Москва
2026-03-25 09:00:03,Фильтр гидравлический P565243 (BT366-10) Donaldson,2,1555,Donaldson,P565243,Москва
2026-03-25 09:00:03,Фильтр гидравлический P7145 !,3,1758,Baldwin,P7145,Москва
2026-03-25 09:00:03,Фильтр гидравлический P7188 / 0059057 / 0072974 / 69042849 Baldwin !,1,1317,Baldwin,P7188,Москва
2026-03-25 09:00:03,Фильтр гидравлический PT189-MPG !,2,1537,Baldwin,PT189-MPG,Москва
2026-03-25 09:00:03,Фильтр гидравлический PT23528-MPG Baldwin,2,2200,Baldwin,PT23528-MPG,Москва
2026-03-25 09:00:03,Фильтр гидравлический PT397 !,2,2460,Baldwin,PT397,Москва
2026-03-25 09:00:03,Фильтр гидравлический PT483 / 2474-9404A !,2,3539,Baldwin,PT483,Москва
2026-03-25 09:00:03,Фильтр гидравлический PT670 BW,2,1781,Baldwin,PT670,Москва
2026-03-25 09:00:03,Фильтр гидравлический PT83 !,2,1814,Baldwin,PT83,Москва
2026-03-25 09:00:03,Фильтр гидравлический PT8392 / 4294135 !,3,1093,Baldwin,PT8392,Москва
2026-03-25 09:00:03,Фильтр гидравлический PT8403-MPG / 132-8875 !,3,1610,Baldwin,PT8403-MPG,Москва
2026-03-25 09:00:03,Фильтр гидравлический PT8436/126-2081 !,2,3499,Baldwin,PT8436,Москва
2026-03-25 09:00:03,Фильтр гидравлический PT8455-MPG / F045827 !,2,4945,Baldwin,PT8455-MPG,Москва
2026-03-25 09:00:03,Фильтр гидравлический PT8461 BALDWIN,2,1043,Baldwin,PT8461,Москва
2026-03-25 09:00:03,Фильтр гидравлический PT8478/4333469/7063-01-383/2086-06-1150 !,2,6230,Baldwin,PT8478,Москва
2026-03-25 09:00:03,Фильтр гидравлический PT8971-MPG / 0061012 / 5044078 Baldwin !,2,10995,Baldwin,PT8971-MPG,Москва
2026-03-25 09:00:03,Фильтр гидравлический PT91 / 4T0522 Baldwin !,2,884,Baldwin,PT91,Москва
2026-03-25 09:00:03,Фильтр гидравлический PT9245 !,2,8766,Baldwin,PT9245,Москва
2026-03-25 09:00:03,Фильтр гидравлический PT9337-MPG !,2,3030,Baldwin,PT9337-MPG,Москва
2026-03-25 09:00:03,Фильтр гидравлический PT9352 !,2,4646,Baldwin,PT9352,Москва
2026-03-25 09:00:03,Фильтр гидравлический PT9414-MPG / F058437 !,4,5851,Baldwin,PT9414-MPG,Москва
2026-03-25 09:00:03,Фильтр гидравлический PТ9162 !,2,1776,Baldwin,PT9162,Москва
2026-03-25 09:00:03,Фильтр гидравлический ВТ8333 !,1,1982,Baldwin,BT8333,Москва
2026-03-25 09:00:03,Фильтр гидравлический Н5610,2,414,JMC,Н5610,Москва
2026-03-25 09:00:03,Фильтр гидроусилителя руля 1-21235-011-0 FVR34/FSR90 ORIG,19,2192,Isuzu,1-21235-011-0,Москва
2026-03-25 09:00:03,Фильтр ГУР D-126028 / 3408511Y8010 JAC N350 Дизель,1,516,Дизель,D-126028,Москва
2026-03-25 09:00:03,Фильтр ГУР D-127559 / 712W47301-0133+001/1 без пружины Sitrak C7H Дизель,3,237,Дизель,D-127559,Москва
2026-03-25 09:00:03,Фильтр кабины 9020003855 / A0008301218 / AF55722 / AC9077T Mercedes/Europart !,2,1870,Europart,9020 003 855,Москва
2026-03-25 09:00:03,Фильтр кабины AC9077T/AF55722 /9020003855 / A0008301218 Mercedes/Filter AG,4,845,Filter AG,AC 9077 T,Москва
2026-03-25 09:00:03,Фильтр кабины AF55722 /9020003855 / A0008301218 / AC9077T Mercedes/Fleetguard,1,1649,Fleetguard,AF55722,Москва
2026-03-25 09:00:03,Фильтр кабины PA5636/PB7001 !,2,3019,Baldwin,PA5636,Москва
2026-03-25 09:00:03,Фильтр масляный (турбо) 1010210GD052 S5 (JAC) SKV,56,194,SKV,1010210GD052,Москва
2026-03-25 09:00:03,Фильтр масляный (турбо) 1010210GD052 S5 JAC ORIG,101,509,JAC,1010210GD052,Москва
2026-03-25 09:00:03,Фильтр масляный 080V05504-6096 HOWO ORIG,870,1712,Howo,080V05504-6096,Москва
2026-03-25 09:00:03,Фильтр масляный 1-13240-241-0/234-1/1-87610-059-0 ORIG CHINA,56,1451,Isuzu,1-87610-059-0,Москва
2026-03-25 09:00:03,Фильтр масляный 1000424655 JAC N350 ORIG,20,3308,JAC,1000424655,Москва
2026-03-25 09:00:03,"Фильтр масляный 1010208GD190 S5, T6 (бенз.) JAC ORIG",5,793,JAC,1010208GD190,Москва
2026-03-25 09:00:03,Фильтр масляный 1010210GA N35 JAC ORIG,17,364,JAC,1010210GA,Москва
2026-03-25 09:00:03,Фильтр масляный 1010301FA N56 E-4 (JAC) SKV,19,217,SKV,1010301FA,Москва
2026-03-25 09:00:03,Фильтр масляный 1010301FA N56 E-4 JAC ORIG,4,781,JAC,1010301FA,Москва
2026-03-25 09:00:03,Фильтр масляный 1010320FD060-AM001 N35 W5038 (JAC) SKV,38,202,SKV,1010320FD060-AM001,Москва
2026-03-25 09:00:03,Фильтр масляный 1010320FD060-AM001 N35 W5038 JAC ORIG,58,472,JAC,1010320FD060-AM001,Москва
2026-03-25 09:00:03,Фильтр масляный 1010320FE010 N56 E-5 (JAC) SKV,8,238,SKV,1010320FE010,Москва
2026-03-25 09:00:03,Фильтр масляный 1012010-36D DL2-E5 SKV,13,316,SKV,1012010-36D,Москва
2026-03-25 09:00:03,Фильтр масляный 1012010-81DF/1012010А53DM/SMJ-60300006/LF16175 FAW SKV,18,554,SKV,1012010-81DF,Москва
2026-03-25 09:00:03,Фильтр масляный 12.1.27.1234 /119660-35150 SuperSnow/Yanmar,52,1313,SuperSnow,119660-35150,Москва
2026-03-25 09:00:03,Фильтр масляный 1629393SKV / EO-68040 / HU12103X DAF CF85/XF105 SKV,6,345,SKV,1629393SKV,Москва
2026-03-25 09:00:03,Фильтр масляный 200V05504-0122 Sitrak C7H ORIG,187,1120,SITRAK,200V05504-0122,Москва
2026-03-25 09:00:03,Фильтр масляный 21707132SKV / P550425 VOLVO F/FH SKV,30,571,SKV,21707132SKV,Москва
2026-03-25 09:00:03,Фильтр масляный 21707133SKV / P550519 VOLVO F/FH SKV,30,640,SKV,21707133SKV,Москва
2026-03-25 09:00:03,Фильтр масляный 2625884SKV / 2022275 Scania SKV,18,444,SKV,2022275SKV,Москва
2026-03-25 09:00:03,Фильтр масляный 26325-52003 HYUNDAI GOLD D6GA SKV,50,203,SKV,26325-52003,Москва
2026-03-25 09:00:03,Фильтр масляный 26325-84001 HYUNDAI HD270 D6CA YSF,3,940,YSF,26325-84001,Москва
2026-03-25 09:00:03,Фильтр масляный 3313283 / LF777 / JXB1604 YNY,6,612,YNY,3313283,Москва
2026-03-25 09:00:03,Фильтр масляный 50 013 096 MANN,1,353,JMC,50013096,Москва
2026-03-25 09:00:03,Фильтр масляный 51055040096/P550451/LF3754 HOWO/MAN SKV,17,379,SKV,51055040096,Москва
2026-03-25 09:00:03,Фильтр масляный 600-211-1340/YLX-O-0064 KOMATSU MEX,4,1236,MEX,600-211-1340,Москва
2026-03-25 09:00:03,Фильтр масляный A0001801709 / LF3914 / EF1040 A.G.,1,570,JMC,A0001801709,Москва
2026-03-25 09:00:03,Фильтр масляный B336 BW !,2,442,Baldwin,B336,Москва
2026-03-25 09:00:03,Фильтр масляный B7174-MPG / 2992544 !,6,1994,Baldwin,B7174-MPG,Москва
2026-03-25 09:00:03,Фильтр масляный B7179 Bw,2,1718,Baldwin,B7179,Москва
2026-03-25 09:00:03,Фильтр масляный B7181 BW !,5,935,Baldwin,B7181,Москва
2026-03-25 09:00:03,Фильтр масляный B7274 BW !,2,642,Baldwin,B7274,Москва
2026-03-25 09:00:03,Фильтр масляный B7299 / 1R-1808 BW !,3,2541,Baldwin,B7299,Москва
2026-03-25 09:00:03,Фильтр масляный B7322 / RE504836 BW !,1,1715,Baldwin,B7322,Москва
2026-03-25 09:00:03,Фильтр масляный BD1403/C223/C309/C6105 BW !,1,3362,Baldwin,BD1403,Москва
2026-03-25 09:00:03,Фильтр масляный BD325 BW !,2,944,Baldwin,BD325,Москва
2026-03-25 09:00:03,Фильтр масляный BT216 !,1,1009,Baldwin,BT216,Москва
2026-03-25 09:00:03,Фильтр масляный BT9318 / 1301696 Bw !,1,1793,Baldwin,BT9318,Москва
2026-03-25 09:00:03,Фильтр масляный BT9402 !,2,2209,Baldwin,BT9402,Москва
2026-03-25 09:00:03,Фильтр масляный C101/C-1121/15600-41010 TOYOTA DYNA/TOYOACE SKV,416,222,SKV,C101,Москва
2026-03-25 09:00:03,Фильтр масляный C110 / 90915-10001 / 15601-33021 SKV,400,148,SKV,C110,Москва
2026-03-25 09:00:03,Фильтр масляный C205,2,149,JMC,C205,Москва
2026-03-25 09:00:03,Фильтр масляный C216/C-6103/15201-Z9000 NISSAN CONDOR/CAT/KOMATSU SKV,354,601,SKV,C216,Москва
2026-03-25 09:00:03,Фильтр масляный C217/C-6104/15201-Z9001 NISSAN CONDOR SKV,344,721,SKV,C217,Москва
2026-03-25 09:00:03,Фильтр масляный C219/C-6101/15209-T9008 NISSAN ATLAS/CONDOR SKV,300,305,SKV,C219,Москва
2026-03-25 09:00:03,Фильтр масляный C222/C-1819/15208-43G00 ISUZU ELF/NISSAN ATLAS/CONDOR SKV,351,250,SKV,C222,Москва
2026-03-25 09:00:03,Фильтр масляный C223 / 15201-Z9013 / ME074235 SKV,12,878,SKV,C223,Москва
2026-03-25 09:00:03,Фильтр масляный C226/15208-40L00 NISSAN/ISUZU SKV,408,238,SKV,C226,Москва
2026-03-25 09:00:03,Фильтр масляный C25011/C0065/21081012005 ВАЗ (инжек)/ГАЗ/RENAULT/VOLVO/CUMMINS SKV,20,153,SKV,C25011,Москва
2026-03-25 09:00:03,"Фильтр масляный C305 / ME014838 / 26320-41402 MMC Canter/HYUNDAI CHORUS/HD250,350 SKV",15,290,SKV,C305,Москва
2026-03-25 09:00:03,Фильтр масляный C306/MD069782 MMC/MAZDA/NISSAN SKV,368,238,SKV,C306,Москва
2026-03-25 09:00:03,Фильтр масляный C307 / MD001445 / S26300-35505 SKV,100,158,SKV,C307,Москва
2026-03-25 09:00:03,Фильтр масляный C313 / C-1012 / C-5816 / 26311-45001 / 26311-45010 / ME013307 SKV,18,492,SKV,C313,Москва
2026-03-25 09:00:03,Фильтр масляный C315 / ME088532 / ME228898 SKV,27,729,SKV,C315,Москва
2026-03-25 09:00:03,Фильтр масляный C409А / SL02-23-802 / TFY0-14-302 SKV,32,453,SKV,C409A,Москва
2026-03-25 09:00:03,Фильтр масляный C411 / SL50-14-V61 SKV,14,329,SKV,C411,Москва
2026-03-25 09:00:03,Фильтр масляный C503 / 5-13211-018-0 / 8-94167-399-0 / ME997803 SKV,6,364,SKV,C503,Москва
2026-03-25 09:00:03,"Фильтр масляный C506 / 8-94340-259-1 ELF250/350/450, MAZDA BONGO/FORD, N-Vanette SKV",19,282,SKV,C506,Москва
2026-03-25 09:00:03,Фильтр масляный C510 / C1506/ 1-13240-161-2 ISUZU F-series 6BD1-Т/6BG1 SKV,3,439,SKV,C510,Москва
2026-03-25 09:00:03,"Фильтр масляный C513 / 8-94463-713-1 ISUZU ELF250/350/450 4BE1/2,BC2,BD1,BG1 SKV",19,217,SKV,C513,Москва
2026-03-25 09:00:03,Фильтр масляный C519/C-1523/15208-89TA2 ISUZU ELF/NISSAN ATLAS/HINO RANGER/PROFIA SKV,333,335,SKV,C519,Москва
2026-03-25 09:00:03,Фильтр масляный C525 / C-1513 / 1-87610-064-0 / 8-94391-049-0 / 8-94396-375-4 SKV,200,693,SKV,C525,Москва
2026-03-25 09:00:03,Фильтр масляный C526 / 518 /C-1515 /C-1534 /5-87610-031-0 /C-1562 /8-97148-270-0 /15209-89TA1 SKV,170,496,SKV,C526,Москва
2026-03-25 09:00:03,Фильтр масляный C5701 / 600-211-1231 / 600-211-1291 SKV !,14,513,SKV,C5701,Москва
2026-03-25 09:00:03,Фильтр масляный C602 /C-1303/S1560-71733 / 5-86506-949-0 SKV,12,752,SKV,C602,Москва
2026-03-25 09:00:03,Фильтр масляный C605 /C-1316/S1560-72190/72330/15209-Z5001 HINO 500 FD8/GD8/GH8 J08 E-3/4 SKV,487,841,SKV,C605,Москва
2026-03-25 09:00:03,Фильтр масляный C606 /15607-2200 / 15607-1670 / 15209-Z5002 SKV,4,684,SKV,C606,Москва
2026-03-25 09:00:03,"Фильтр масляный C607SKV / 15607-2210 / 15613-89105 HINO Dutro/Ranger/T-Dyna/S05D/C,J05/07C,N04C",18,532,SKV,C607,Москва
2026-03-25 09:00:03,Фильтр масляный C805 / 8-97112-263-0 Isuzu CYZ51/52 SKV,2,228,SKV,C805,Москва
2026-03-25 09:00:03,Фильтр масляный D-126970 / LF9080 / P550949 / P559000 / 2882674 SHACMAN X3000/Cummins Дизель,2,890,Дизель,D-126970,Москва
2026-03-25 09:00:03,Фильтр масляный D-127560 / 61000070005 HOWO E-2 Дизель,1,321,Дизель,D-127560,Москва
2026-03-25 09:00:03,Фильтр масляный D-127561 / MK667378 / MK666096 / 2995655 / W940/69 MMC Canter E-5 4P10/Iveco Дизель,12,313,Дизель,D-127561,Москва
2026-03-25 09:00:03,Фильтр масляный D-127604 / 26311-45001 / 26311-45010 Hyundai HD45/65/72/78/COUNTY Дизель,49,385,Дизель,D-127604,Москва
2026-03-25 09:00:03,Фильтр масляный DC-1007 / C223 / 15201-Z9013 / ME074235 Дизель,46,765,Дизель,DC-1007,Москва
2026-03-25 09:00:03,Фильтр масляный DC-608 / 15613-E0080 N04C/W04D Дизель,170,461,Дизель,DC-608,Москва
2026-03-25 09:00:03,Фильтр масляный DEO-13070 / EO-13070 / 15601-78140 HINO 300 E-5 Дизель,342,284,Дизель,DEO-13070,Москва
2026-03-25 09:00:03,Фильтр масляный DGB-1251 / 1017011-29DM FAW Дизель,34,346,Дизель,DGB-1251,Москва
2026-03-25 09:00:03,Фильтр масляный DHF-7980 / 5802302817 / SO15010 IVECO Дизель,2,2207,Дизель,DHF-7980,Москва
2026-03-25 09:00:03,Фильтр масляный DJX-0818 / JX0818 / 1000424655 / 1000942192 / SMJ-60300003DM SHACMAN X3000 Дизель,2,348,Дизель,DJX-0818,Москва
2026-03-25 09:00:03,Фильтр масляный DLF-16175 / 1012010-81DF / 1012010А53DM / SMJ-60300006 / LF16175 FAW Дизель,10,635,Дизель,DLF-16175,Москва
2026-03-25 09:00:03,Фильтр масляный DLF-17056 / 200V05504-0108 / 200V05504-0107 / 51.05504-0108 HOWO T5G E-5 MC13 Дизель,20,587,Дизель,DLF-17056,Москва
2026-03-25 09:00:03,Фильтр масляный DLF-3000 / TO-0007 / YLX-O-0007 / H300W03 / 3318853 / LF3000 / P553000 Дизель,2,1177,Дизель,DLF-3000,Москва
2026-03-25 09:00:03,Фильтр масляный DLF-3754 / 080V05504-6096 HOWO Дизель,1,518,Дизель,DLF-3754,Москва
2026-03-25 09:00:03,Фильтр масляный DOE-31003 / 200V05504-0122 Sitrak C7H Дизель,37,573,Дизель,DOE-31003,Москва
2026-03-25 09:00:03,Фильтр масляный EO-10050SKV/A4731800809/P956059/MX001917 MB Actros/MMC Fuso SKV,10,507,SKV,EO-10050SKV,Москва
2026-03-25 09:00:03,Фильтр масляный EO-13070SKV/15601-78140 HINO 300 E-5 SKV,19,342,SKV,EO13070,Москва
2026-03-25 09:00:03,Фильтр масляный EO2621SKV / A5411240225 / HU12140X MERCEDES SKV,53,357,SKV,EO2621SKV,Москва
2026-03-25 09:00:03,Фильтр масляный EO26330SKV / HU12110X / MX901584 MERCEDES/MITSUBISHI SKV,139,429,SKV,EO26330SKV,Москва
2026-03-25 09:00:03,Фильтр масляный FO-019 FORTECH,2,297,JMC,FO019,Москва
2026-03-25 09:00:03,Фильтр масляный LF16285SKV/612630010239/1000428205 HOWO/SHACMAN SKV,30,565,SKV,LF16285,Москва
2026-03-25 09:00:03,Фильтр масляный LF16352/5262313F-L36059 JAC N120 ORIG,13,848,JAC,LF16352,Москва
2026-03-25 09:00:03,Фильтр масляный LF3325SKV / 3310169 CUMMINS SKV,4,555,SKV,LF3325SKV,Москва
2026-03-25 09:00:03,Фильтр масляный M-O-0007/YLX-O-0007/3318853/LF3000/P553000 MEX,4,1177,MEX,M-O-0007,Москва
2026-03-25 09:00:03,Фильтр масляный MANN O117 / TO1190,1,172,JMC,TO1190,Москва
2026-03-25 09:00:03,Фильтр масляный MANN W962,1,560,JMC,W962,Москва
2026-03-25 09:00:03,Фильтр масляный MB-5801649910 /JXB623 Mn,10,555,Monbow Filter,MB-JXB623,Москва
2026-03-25 09:00:03,Фильтр масляный MB-SX506 / WF2071 / BW5073 / WF2073 Mn !,9,357,Monbow Filter,MB-SX506,Москва
2026-03-25 09:00:03,Фильтр масляный MB-SX533 / WF2076 Mn !,10,492,Monbow Filter,MB-SX533,Москва
2026-03-25 09:00:03,Фильтр масляный MMF045033 MANDO,2,635,JMC,A3641800309,Москва
2026-03-25 09:00:03,"Фильтр масляный O-584 / EO-1501 / 8-98018-858-0/1K04-23-802/15208-89T0A NLR/NMR 55,85 4JJ1 E-4/5 SKV",161,220,SKV,O584,Москва
2026-03-25 09:00:03,Фильтр масляный O258 / OE258J / O-1805 / 15274-90226 SKV,4,457,SKV,O258,Москва
2026-03-25 09:00:03,Фильтр масляный O259SKV / OE259J / O-1808 / LF3384 / 15274-99029 SKV,5,560,SKV,O259SKV,Москва
2026-03-25 09:00:03,Фильтр масляный O269J JS,1,840,JMC,O269J JS,Москва
2026-03-25 09:00:03,Фильтр масляный O358 / ME034605 / ME034611 SKV,9,466,SKV,O358,Москва
2026-03-25 09:00:03,Фильтр масляный O359 / OE359SET / MC755406 / ME054238 / ME064355 / 31230-53015 / O-1012 SKV,19,850,SKV,O359,Москва
2026-03-25 09:00:03,Фильтр масляный O406 вставка,1,211,JMC,O406,Москва
2026-03-25 09:00:03,Фильтр масляный O579 / O568 / O-1308 / O609 / 15607-2261 / 15607-1100/1-13240-233/MB-J302 SKV,34,296,SKV,O579,Москва
2026-03-25 09:00:03,Фильтр масляный O581 / O-1522 / O1530 / 1-13240-207-0 /1-13240-241-0 CX#/CY#/CV#/EX# E-2/3/4/5 SKV,157,539,SKV,O581,Москва
2026-03-25 09:00:03,Фильтр масляный O620SKV / 15607-1580 / 15607-2160 SKV,11,556,SKV,O620SKV,Москва
2026-03-25 09:00:03,Фильтр масляный O621 / OE621 /S1560-71531 / 15607-1950 / O-1310 SKV,6,691,SKV,O621,Москва
2026-03-25 09:00:03,Фильтр масляный O625 / O-1321 / 15607-2150 / S1560-72281 HINO 700 E13C-T SKV !,192,871,SKV,O625,Москва
2026-03-25 09:00:03,Фильтр масляный O631SKV / S1560-72370 HINO / HINO700 E13C-Т SKV,26,399,SKV,O631SKV,Москва
2026-03-25 09:00:03,Фильтр масляный O632 / S1560-72380 HINO / HINO700 E13C-Т SKV,15,649,SKV,O632,Москва
2026-03-25 09:00:03,Фильтр масляный OE22258 / OE258J AZUMI,20,1169,Azumi,OE-22258,Москва
2026-03-25 09:00:03,Фильтр масляный OE26620 / OE620J AZUMI,1,639,Azumi,OE-26620,Москва
2026-03-25 09:00:03,Фильтр масляный OE31065 / EO2621/LF3829/ HU12140X AZUMI !,3,634,Azumi,OE-31065,Москва
2026-03-25 09:00:03,Фильтр масляный P550388 / BT287-10 Donaldson,1,1483,Donaldson,P550388,Москва
2026-03-25 09:00:03,Фильтр масляный P550519 / 21707133 VOLVO F/FH Donaldson,5,3534,Donaldson,P550519,Москва
2026-03-25 09:00:03,Фильтр масляный P550939 / B163 Donaldson,7,1267,Donaldson,P550939,Москва
2026-03-25 09:00:03,Фильтр масляный P551808 Donaldson,8,3445,Donaldson,P551808,Москва
2026-03-25 09:00:03,Фильтр масляный P552819 / BT292 Donaldson,4,886,Donaldson,P552819,Москва
2026-03-25 09:00:03,Фильтр масляный P554005 Donaldson,24,2207,Donaldson,P554005,Москва
2026-03-25 09:00:03,Фильтр масляный QC000001 Fuso Canter E-5 ORIG,60,2724,Mitsubishi,QC000001,Москва
2026-03-25 09:00:03,Фильтр масляный QC000001/O-362/O362/OE23010 Fuso Canter E-5 SKV,161,347,SKV,QC000001,Москва
2026-03-25 09:00:03,Фильтр масляный S2630035505 HYUNDAI/KIA ORIG,208,499,Hyundai-Kia,S2630035505,Москва
2026-03-25 09:00:03,Фильтр масляный SO8232/ WP1169 / 2997305 / 1903629 Filter AG !,2,759,Filter AG,SO8232,Москва
2026-03-25 09:00:03,Фильтр масляный TOP C205 / 15209-Y7502,1,135,JMC,15209-Y7502,Москва
2026-03-25 09:00:03,Фильтр масляный TOP C316 / MD136466,1,143,JMC,C316,Москва
2026-03-25 09:00:03,Фильтр масляный YLX-O-0009 / BD7154 / P559000 / LF9080 YNY,4,887,YNY,YLX-O-0009,Москва
2026-03-25 09:00:03,Фильтр масляный YLX-O-0014 / P551670 / LF670 YNY,6,561,YNY,YLX-O-0014,Москва
2026-03-25 09:00:03,Фильтр масляный гидравлики тормозной системы PT8425/23W-60-24140 !,2,1518,Baldwin,PT8425,Москва
2026-03-25 09:00:03,Фильтр масляный дифференциала S4109-E0010 HINO 700 SKV,10,234,SKV,S4109-E0010,Москва
2026-03-25 09:00:03,Фильтр моста DHC-020355 / WG7117337170 Sitrak C7H Дизель,2,1222,Дизель,DHC-020355,Москва
2026-03-25 09:00:03,"Фильтр моч-ны (AdBlue) DE-5293131 / 5293131 JAC N80 N90 N120, КАМАЗ Компас-9/12 ISF3.8 Е-5 Дизель",29,404,Дизель,DE-5293131,Москва
2026-03-25 09:00:03,Фильтр осушителя 12.1.18.0058 / 023Z0248 SuperSnow/Eliminator,2,2599,SuperSnow,121180058,Москва
2026-03-25 09:00:03,Фильтр осушителя 4324102227SKV,17,1010,SKV,4324102227SKV,Москва
2026-03-25 09:00:03,Фильтр осушителя D-127033 / WG9000360521/1+001 Sitrak C7H Дизель,17,4132,Дизель,D-127033,Москва
2026-03-25 09:00:03,Фильтр осушителя тормозной системы 2562323SKV / 2307617 / 4324109272 G1 1/4'' Scania SKV,25,1100,SKV,2562323SKV,Москва
2026-03-25 09:00:03,Фильтр осушителя тормозной системы 3555010LE170-3 JAC N75/80/90/120/КАМАЗ Компас-12 ORIG,123,2174,JAC,3555010LE170-3,Москва
2026-03-25 09:00:03,Фильтр осушителя тормозной системы A0004293795 / 4324100202 / 1-85576-365-0 Mercedes SKV,337,819,SKV,A0004293795,Москва
2026-03-25 09:00:03,Фильтр осушителя тормозной системы WG9000360521+001 Sitrak C7H ORIG,504,3068,SITRAK,WG9000360521+001,Москва
2026-03-25 09:00:03,Фильтр осушителя тормозной системы WG9000360521+001 Sitrak C7H SKV,20,767,SKV,WG9000360521+001,Москва
2026-03-25 09:00:03,Фильтр охлаждающей жидкости BW5076 !,1,2277,Baldwin,BW5076,Москва
2026-03-25 09:00:03,Фильтр сажевый VIC BB10,2,1495,JMC,BB-10,Москва
2026-03-25 09:00:03,Фильтр салона 711W61900-0050 HOWO T5G SKV,13,273,SKV,711W61900-0050,Москва
2026-03-25 09:00:03,Фильтр салона 716033 Valeo !,1,752,valeo,716033,Москва
2026-03-25 09:00:03,Фильтр салона 8104116LE010 JAC N56/75 ORIG,285,259,JAC,8104116LE010,Москва
2026-03-25 09:00:03,Фильтр салона A0008301118SKV / CA-26220 / CU3869 MERCEDES ACTROS SKV,19,297,SKV,A0008301118SKV,Москва
2026-03-25 09:00:03,Фильтр салона AC21106 / AC106E / 88508-50060,9,454,Azumi,AC21106,Москва
2026-03-25 09:00:03,Фильтр салона AC9077TSKV/CU3855 Mercedes SKV,5,407,SKV,AC9077T,Москва
2026-03-25 09:00:03,Фильтр салона AC9078SKV/CU37001 Scania SKV,2,440,SKV,AC9078,Москва
2026-03-25 09:00:03,Фильтр салона D-127564 / 711W61900-0050 HOWO T5G Дизель,2,443,Дизель,D-127564,Москва
2026-03-25 09:00:03,Фильтр салона D-127575 / 500086267 IVECO DAILY 06-11 Дизель,20,187,Дизель,D-127575,Москва
2026-03-25 09:00:03,Фильтр салона D-128186 / 8101570-B27/A / 8101574-A01 J6 E-5 FAW Дизель дефект,2,311,Дизель,D-128186,Москва
2026-03-25 09:00:03,Фильтр салона DCA-68170 / 711W61900-0051 HOWO T5G / SITRAK C7H Дизель,13,238,Дизель,DCA-68170,Москва
2026-03-25 09:00:03,Фильтр салона DCA-96080 / 8101574-A01 FAW J6 Дизель,1,176,Дизель,DCA-96080,Москва
2026-03-25 09:00:03,"Фильтр салона ERF ECM/ECT-Serie/ MAN TRUCK/ MAN BUS (Neoplan)/ NEOPLAN (FILTRON K1133, MANN CU4795) AFW1128",1,477,JMC,AFW1128,Москва
2026-03-25 09:00:03,Фильтр салона P-1159/M AIRFIL,2,632,Airfil,P1159/M,Москва
2026-03-25 09:00:03,Фильтр салонный 711W61900-0051 / YZ160082120110 HOWO T5G/ SITRAK C7H ORIG,79,394,SITRAK,711W61900-0051,Москва
2026-03-25 09:00:03,Фильтр салонный 711W61900-0051 HOWO T5G/ SITRAK C7H SKV,27,304,SKV,711W61900-0051,Москва
2026-03-25 09:00:03,Фильтр сапуна A5410100163 / C716X Mercedes ориг !,4,3810,Mercedes,A 541 010 01 63,Москва
2026-03-25 09:00:03,Фильтр сапуна гидравлический P766645 / L1080781 Kenwort C509/K200/T409/T609/659/909 Donaldson,1,4472,Donaldson,P766645,Москва
2026-03-25 09:00:03,Фильтр сепаратор для компрессора P783515 / 1615603800 / 2911001900 Atlas Copco Donaldson,2,36892,Donaldson,P783515,Москва
2026-03-25 09:00:03,Фильтр сепаратора 20879806SKV/P551838 VOLVO/RENAULT/NISSAN UD SKV,45,559,SKV,20879806SKV,Москва
2026-03-25 09:00:03,Фильтр сепаратора SF7901SKV/00530 SKV,20,217,SKV,SF7901,Москва
2026-03-25 09:00:03,Фильтр сепаратора YYH-F-037 500FG (2010PM) YNY,5,253,YNY,500FG,Москва
2026-03-25 09:00:03,Фильтр сепаратора YYH-F-038 500FG (2010PM),8,260,YNY,YLX-F-7036,Москва
2026-03-25 09:00:03,Фильтр сепаратора YYH-F-040 900FG (2040PM) 811999500,10,326,YNY,YLX-F-7038,Москва
2026-03-25 09:00:03,Фильтр сепаратора YYH-F-041/YLX-F-7038 900FG (2040PM),10,303,YNY,900FG,Москва
2026-03-25 09:00:03,Фильтр сепаратора YYH-F-044 1000FG (2020PM),1,400,YNY,YLX-F-7041,Москва
2026-03-25 09:00:03,Фильтр сжатого воздуха 4395022 JAC N120/Камаз Cummins ISF3.8 Е-5 ORIG,4,152,JAC,4395022,Москва
2026-03-25 09:00:03,Фильтр системы охлаждения BW5073 !,1,1760,Baldwin,BW5073,Москва
2026-03-25 09:00:03,Фильтр системы охлаждения DWF-2071 / 1307020-29D / WF2071 FAW Дизель,3,439,Дизель,DWF-2071,Москва
2026-03-25 09:00:03,Фильтр системы охлаждения DWF-2073 / 1307020B29D / WF2073 FAW J5 3250 Дизель,2,569,Дизель,DWF-2073,Москва
2026-03-25 09:00:03,Фильтр системы охлаждения WC-5711SKV / WF2073 CATERPILLAR/CUMMINS/DAEWOO/VOLVO SKV,24,297,SKV,WC-5711SKV,Москва
2026-03-25 09:00:03,Фильтр ТКР C77/7 MANN !,1,1916,Mann-Filter,C 77/7,Москва
2026-03-25 09:00:03,Фильтр тонкой очистки топлива 10044303 / 10429946 / WK1150/2 / BF1224 LIEBHERR,3,2742,JMC,10044303,Москва
2026-03-25 09:00:03,Фильтр топливный (к-т) MX003264SKV/FE0054SET/PU 11 005-3 z MMC Fuso/MB Actros II/Antos/Arocs SK,5,2678,SKV,MX003264,Москва
2026-03-25 09:00:03,Фильтр топливный (сепаратор) FS1003 / P551103 / FS19596 SHACMAN X3000/Cummins SKV,24,601,SKV,FS1003,Москва
2026-03-25 09:00:03,Фильтр топливный (сепаратора) FS20190/WG9925550966 HOWO T5G/Sitrak MC11 Fleetguard,86,3862,Fleetguard,FS20190,Москва
2026-03-25 09:00:03,Фильтр топливный (сепаратора) WG9925550966 / FS20190 HOWO T5G/Sitrak MC11 SKV,33,850,SKV,WG9925550966,Москва
2026-03-25 09:00:03,"Фильтр топливный (элемент) F336 / ME306305 MITSUBISHI FK# 4M50-Т, 6M60-Т SKV",2,449,SKV,F336,Москва
2026-03-25 09:00:03,Фильтр топливный 1-87610-093-3/0/1/2 ORIG CHINA,546,1113,Isuzu,1-87610-093-3,Москва
2026-03-25 09:00:03,Фильтр топливный 1-87610-094-2 / 1-87610-094-0 ORIG CHINA,65,1211,Isuzu,1-87610-094-2,Москва
2026-03-25 09:00:03,Фильтр топливный 1-87610-152-0 / 8-98174-903-0 ORIG CHINA,97,789,Isuzu,1-87610-152-0,Москва
2026-03-25 09:00:03,Фильтр топливный 1-87810-976-0 / 8-98174-903-0 / 1-13240-244-0 CX#/CY#/CV#/EX# ORIG,3,1751,Isuzu,8-98174-903-0,Москва
2026-03-25 09:00:03,Фильтр топливный 1-87810-976-0 / 8-98174-903-0 / 1-13240-244-0 CX#/CY#/CV#/EX# ORIG CHINA,100,1076,Isuzu,1-13240-244-0,Москва
2026-03-25 09:00:03,Фильтр топливный 10000-00339/1R1803/SK3140 Cat,3,1124,JMC,SK3140,Москва
2026-03-25 09:00:03,Фильтр топливный 1105030LE35N / 1105030E898 JAC N120 ORIG,2,2363,JAC,1105030LE35N,Москва
2026-03-25 09:00:03,Фильтр топливный 12.1.27.0897 / 4326658 / 26561117 KSD1100 SuperSnow Perkins,12,2117,Perkins,12.1.27.0897,Москва
2026-03-25 09:00:03,Фильтр топливный 12.1.27.1235 / 129004-55801 SuperSnow Yanmar,393,2218,SuperSnow,129004-55801,Москва
2026-03-25 09:00:03,Фильтр топливный 1616361SKV / EF-68040 / PU966/1x DAF CF75/CF85/XF95 SKV,10,427,SKV,1616361SKV,Москва
2026-03-25 09:00:03,Фильтр топливный 1873018SKV / EFF1059 Scania SKV,19,343,SKV,1873018SKV,Москва
2026-03-25 09:00:03,Фильтр топливный 1R0755 MEX,4,1419,MEX,1R0755,Москва
2026-03-25 09:00:03,Фильтр топливный 201V12503-0062 Sitrak C7H SKV,45,453,SKV,201V12503-0062,Москва
2026-03-25 09:00:03,Фильтр топливный 201V12503-0062/51.12503-0061 Sitrak C7H (произв. MANN FILTER) ORIG,934,1111,SITRAK,201V12503-0062,Москва
2026-03-25 09:00:03,Фильтр топливный 20972293SKV / P954970 VOLVO FM/FH SKV,34,571,SKV,20972293SKV,Москва
2026-03-25 09:00:03,Фильтр топливный 23304-78260 Hino 300 E-5 SKV,215,272,SKV,23304-78260,Москва
2026-03-25 09:00:03,Фильтр топливный 23304-EV023/22/21 HINO 300 XZU7## N04C 13~ E-4 SKV,103,485,SKV,23304-EV023,Москва
2026-03-25 09:00:03,Фильтр топливный 31945-45700 Hyundai COUNTY/MIGHTY 04~ ORIG,2,1496,Hyundai-Kia,31945-45700,Москва
2026-03-25 09:00:03,Фильтр топливный 31945-52161/31945-45900 Hyundai HD120/HD500 ORIG,5,5016,Hyundai-Kia,31945-52161,Москва
2026-03-25 09:00:03,Фильтр топливный 3261643 / BF1397-SP / FS20007 MEX,5,924,MEX,3261643,Москва
2026-03-25 09:00:03,Фильтр топливный 5-87610-011-0/8-94414-796-3 N-series ORIG CHINA,6,433,Isuzu,5-87610-011-0,Москва
2026-03-25 09:00:03,Фильтр топливный 50 013 020 MANN,5,144,JMC,50013020,Москва
2026-03-25 09:00:03,Фильтр топливный 51.125.030.062 Mann,1,949,Mann-Filter,51125030062,Москва
2026-03-25 09:00:03,Фильтр топливный 600-319-4540 KOMATSU MEX,9,1276,MEX,600-319-4540,Москва
2026-03-25 09:00:03,Фильтр топливный 612600081334 YNYФильтр топливный 612600081334/YLX-F-0383-02/CX0815E YNY,4,422,YNY,612600081334,Москва
2026-03-25 09:00:03,Фильтр топливный 8-98139-830-0 ORIG,49,5248,Isuzu,8-98139-830-0,Москва
2026-03-25 09:00:03,Фильтр топливный 8-98201-506-0/8-98111-481-0 N-series 4HV1 (CNG) ГАЗ ORIG,2,5929,Isuzu,8-98201-506-0,Москва
2026-03-25 09:00:03,Фильтр топливный BF1217 / WK950/6 !,9,876,Baldwin,BF1217,Москва
2026-03-25 09:00:03,Фильтр топливный BF1249 BW !,1,1860,Baldwin,BF1249,Москва
2026-03-25 09:00:03,Фильтр топливный BF1262/600-319-3111 BW !,2,2400,Baldwin,BF1262,Москва
2026-03-25 09:00:03,Фильтр топливный BF1363 !,9,2693,Baldwin,BF1363,Москва
2026-03-25 09:00:03,Фильтр топливный BF1391-O / A0004770103 / A0004771302 / 0063422 Baldwin !,1,2842,Baldwin,BF1391-O,Москва
2026-03-25 09:00:03,Фильтр топливный BF7546 !,3,1048,Baldwin,BF7546,Москва
2026-03-25 09:00:03,Фильтр топливный BF7631 BW !,10,2108,Baldwin,BF7631,Москва
2026-03-25 09:00:03,Фильтр топливный BF7677-D BW !,4,2130,Baldwin,BF7677-D,Москва
2026-03-25 09:00:03,Фильтр топливный BF7681-D BW !,8,1822,Baldwin,BF7681-D,Москва
2026-03-25 09:00:03,Фильтр топливный BF7892 BALDWIN !,2,1094,Baldwin,BF7892,Москва
2026-03-25 09:00:03,Фильтр топливный BF7912 / 10424071 / 2000/10 BALDWIN !,4,1243,Baldwin,BF7912,Москва
2026-03-25 09:00:03,Фильтр топливный BF7913 BALDWIN !,8,2215,Baldwin,BF7913,Москва
2026-03-25 09:00:03,Фильтр топливный BF7927/2994048 BALDWIN !,6,1607,Baldwin,BF7927,Москва
2026-03-25 09:00:03,Фильтр топливный BF9811-SP / BF1351-SP / 1R0769 !,2,1276,Baldwin,BF1351-SP,Москва
2026-03-25 09:00:03,Фильтр топливный BF9837-D BALDWIN !,6,1829,Baldwin,BF9837-D,Москва
2026-03-25 09:00:03,Фильтр топливный D-126803 / 1117050-73D / SMC-603000012 / WDK999/1 FAW Дизель,26,384,Дизель,D-126803,Москва
2026-03-25 09:00:03,Фильтр топливный D-127570 / VG14080740A / UC-220 HOWO Дизель,10,334,Дизель,D-127570,Москва
2026-03-25 09:00:03,Фильтр топливный D-127584 / 500086009 вставка для 5801403122 / MK667920 Iveco Daily/MMCCanter Дизель,378,346,Дизель,D-127584,Москва
2026-03-25 09:00:03,Фильтр топливный D-127608 / 31945-52161 / 31945-45900 Hyundai HD120 HD500 Дизель,695,581,Дизель,D-127608,Москва
2026-03-25 09:00:03,Фильтр топливный DEF-15130 / 8-98092-481-1 / 1-87610-094-0 FVR34/CYZ52 Дизель,70,398,Дизель,DEF-15130,Москва
2026-03-25 09:00:03,Фильтр топливный DEF-26070 / 201V12503-0062 / 51.12503-0061 Sitrak C7H Дизель,3,440,Дизель,DEF-26070,Москва
2026-03-25 09:00:03,Фильтр топливный DF-11141 / F-11141 / 23304-78260 Hino 300 E-5 Дизель,135,302,Дизель,DF-11141,Москва
2026-03-25 09:00:03,Фильтр топливный DFC-0077 / DSFC-7912-10 8-98139-830-0 4HK1T Дизель,494,522,Дизель,DFC-0077,Москва
2026-03-25 09:00:03,Фильтр топливный DFC-13190 / 23304-EV023 N04C Дизель,43,691,Дизель,DFC-13190,Москва
2026-03-25 09:00:03,Фильтр топливный DFC-3102 / VG14080739A / UC-220 HOWO Дизель,8,334,Дизель,DFC-3102,Москва
2026-03-25 09:00:03,Фильтр топливный DFS-20217 / FS20217 / 1105010LE6C0 d=30 JAC N56/75/120 КАМАЗ Компас-9/12 Дизель,279,847,Дизель,DFS-20217,Москва
2026-03-25 09:00:03,Фильтр топливный DFS-4001 / 5262311 JAC N120/Камаз Cummins ISF3.8 Е-5 Дизель,4,787,Дизель,DFS-4001,Москва
2026-03-25 09:00:03,Фильтр топливный DSFC-5304-10 / 31945-52161 / 31945-45900 / A0004771602 / 504272431 Дизель,422,537,Дизель,DSFC-5304-10,Москва
2026-03-25 09:00:03,"Фильтр топливный DV11, DL08 400508-00034 / 65.12503-5033A / 400508-00034 / 65.125035033A / YSF",3,2508,JMC,65.12503-5033A,Москва
2026-03-25 09:00:03,Фильтр топливный EF-18040SKV/52214-78337/FE22005 NISSAN UD GH5-T/ GH7-T SKV,2,289,SKV,EF-18040,Москва
2026-03-25 09:00:03,Фильтр топливный EF1056SKV/PU1059X MAN TGA/TGL/TGM/TGS/TGX SKV,44,400,SKV,PU1059X,Москва
2026-03-25 09:00:03,"Фильтр топливный EF13070 / 23304-78090 HINO300/DYNA WU/,XZU710,720,730 N04CT SKV",147,268,SKV,EF13070,Москва
2026-03-25 09:00:03,"Фильтр топливный EF15010 / 8-98147-525-0 4JJ1T F,N-series SKV",7,285,SKV,EF15010,Москва
2026-03-25 09:00:03,Фильтр топливный EF15130 / 8-98092-481-1 / 1-87610-094-0 FVR34/FSR90/CYZ52 SKV,150,425,SKV,EF15130,Москва
2026-03-25 09:00:03,Фильтр топливный EF1801/F336,2,938,JMC,EF1801,Москва
2026-03-25 09:00:03,"Фильтр топливный F1306 / ME300647 / 23355-78020 HINO-300/DYNA BU3##, WU30#, 34#, XZU3# N04CT E-3 SKV",15,279,SKV,F1306,Москва
2026-03-25 09:00:03,Фильтр топливный F195 / EF1112 / 23390-78221 / 23390-78220 SKV,301,224,SKV,F195,Москва
2026-03-25 09:00:03,Фильтр топливный F315,2,71,JMC,F315,Москва
2026-03-25 09:00:03,Фильтр топливный F333 EF1001SKV/ME165323 6M70T/8M21/8DC11 MMC FUSO SKV,3,349,SKV,ME165323,Москва
2026-03-25 09:00:03,Фильтр топливный F337SKV / EF-1003 / ME222135 MMC FUSO Canter E-3 SKV,362,236,SKV,F337SKV,Москва
2026-03-25 09:00:03,Фильтр топливный F507SKV / F-1503 / 1-87810-976-0 / 1-87810-207-1 CX#/CY#/CV#/EX# E-2/3/4/5 SKV,50,290,SKV,F507SKV,Москва
2026-03-25 09:00:03,Фильтр топливный F513 / EF-1509/8-98037-011-0 4JJ1/4HK1/6HK1 NQR90/NLR85/FSR90/NPR75/FVR34 E-4/5 SKV,819,258,SKV,F513,Москва
2026-03-25 09:00:03,Фильтр топливный F606 / F-1304 / S2340-11090 / 23401-1390 SKV,2,301,SKV,F606,Москва
2026-03-25 09:00:03,Фильтр топливный F610 / EF-1301 / 23401-1690 / S2340-11690 E13C HINO 700 SKV,93,275,SKV,F610,Москва
2026-03-25 09:00:03,Фильтр топливный F611 / EF-1802 / S2340-11682 / 23304-EV030 HINO 500 E3/4 SKV,25,282,SKV,F611,Москва
2026-03-25 09:00:03,Фильтр топливный FC-01 23300-21010,1,669,JMC,23300-21010,Москва
2026-03-25 09:00:03,Фильтр топливный FC-02 23300-23030,1,620,JMC,23300-23030,Москва
2026-03-25 09:00:03,Фильтр топливный FC-83 16010-SAA-000,1,1785,JMC,16010-SAA-000,Москва
2026-03-25 09:00:03,Фильтр топливный FC158 / 23303-64010 / 23390-30150 / R2N5-13-ZA5 SKV,28,399,SKV,FC158,Москва
2026-03-25 09:00:03,"Фильтр топливный FC174 /TF01-13-ZA5 /23401-1520/23304-78020 HINO Dutro/Ranger, Toyoace/Dyna, M-Titan SKV",59,245,SKV,FC174,Москва
2026-03-25 09:00:03,Фильтр топливный FC208A / 16403-Z7000 / 16403-89TA1 / 16403-09W00 SKV,18,222,SKV,FC208A,Москва
2026-03-25 09:00:03,Фильтр топливный FC232 / 16403-99003 / 16403-99007 SKV,2,594,SKV,FC232,Москва
2026-03-25 09:00:03,Фильтр топливный FC28190SKV / 31945-45700 D4CB/D4BH Startex/Porter SKV,16,560,SKV,FC-28190SKV,Москва
2026-03-25 09:00:03,Фильтр топливный FC317/ME006066 MMC CANTER/HYUNDAI HD45/65/72/County SKV,235,229,SKV,FC317,Москва
2026-03-25 09:00:03,Фильтр топливный FC318 / ME016823 / ME016872 SKV,27,340,SKV,FC318,Москва
2026-03-25 09:00:03,Фильтр топливный FC319 / ME015254 / ME229355 SKV,15,384,SKV,FC319,Москва
2026-03-25 09:00:03,Фильтр топливный FC322 / ME131989 / ME056670 / ME056280 SKV,922,342,SKV,FC322,Москва
2026-03-25 09:00:03,Фильтр топливный FC332 / FC-1009 / ME132525 / MB-CX513 FUSO Canter 4M50/51 SKV,19,453,SKV,FC332,Москва
2026-03-25 09:00:03,Фильтр топливный FC510/FC-1503/1-13240-009-0/23401-1341 ISUZU/HINONISSAN/MAZDA SKV,365,268,SKV,FC510,Москва
2026-03-25 09:00:03,Фильтр топливный FC5710/BF7813/FC0040 IVECO/KOMATSU SKV,425,317,SKV,FC5710,Москва
2026-03-25 09:00:03,Фильтр топливный FC607SKV / 8-94394-079-0 / 23401-1332 / S2340-11510 SKV,29,236,SKV,FC607SKV,Москва
2026-03-25 09:00:03,Фильтр топливный FC609 / 23401-1372 / S23401-1650 SKV,44,419,SKV,FC609,Москва
2026-03-25 09:00:03,Фильтр топливный FE0025 JS Asakashi,10,365,JS Asakashi,FE0025,Москва
2026-03-25 09:00:03,Фильтр топливный FF5405 / A5410900151 / A5410920805 / EF2634 / PF7761 / PU999/1X SKV,59,504,SKV,FF5405,Москва
2026-03-25 09:00:03,Фильтр топливный FF5488 / 3959612 JAC N120 Камаз Cummins ORIG,2,319,JAC,3959612,Москва
2026-03-25 09:00:03,Фильтр топливный FF5706 JAC N120 ORIG,243,3071,JAC,FF5706,Москва
2026-03-25 09:00:03,Фильтр топливный FQ F193,2,475,JMC,F193,Москва
2026-03-25 09:00:03,Фильтр топливный FS1000 YNY,5,532,YNY,FS1000,Москва
2026-03-25 09:00:03,Фильтр топливный FS19732 YNY,1,605,YNY,FS19732,Москва
2026-03-25 09:00:03,Фильтр топливный FS20217 JAC N56/75/90/120 КАМАЗ Компас-9/12 ORIG,275,4712,JAC,FS20217,Москва
2026-03-25 09:00:03,Фильтр топливный H6150008044 Howo,20,158,Howo,H6150008044,Москва
2026-03-25 09:00:03,Фильтр топливный JS Asakashi FE3502,2,341,JMC,FE3502,Москва
2026-03-25 09:00:03,Фильтр топливный KX 36 MANN Mahle,2,185,Mahle,KX 36,Москва
2026-03-25 09:00:03,Фильтр топливный M-F-0121 / 1R0770 / 3261644 / CX-6469 / P550626 MEX,20,1174,YNY,M-F-0121,Москва
2026-03-25 09:00:03,Фильтр топливный MB-CX521 / BF7587 / FF5319 / FF5264 / 1R-0749 Mn !,10,690,Monbow Filter,MB-CX521,Москва
2026-03-25 09:00:03,Фильтр топливный MB-CX523 / BF7753 / FF5624 / 1R-0762 Mn !,20,705,Monbow Filter,MB-CX523,Москва
2026-03-25 09:00:03,Фильтр топливный MB-CX543 / P550106 Mn !,2,208,Monbow Filter,MB-CX543,Москва
2026-03-25 09:00:03,Фильтр топливный MB-CX563 / BF1397-SP / FS20007 / 3261643 Mn !,20,971,Monbow Filter,MB-CX563,Москва
2026-03-25 09:00:03,Фильтр топливный ME309806 Fuso Canter TF ORIG,188,4884,Mitsubishi,ME309806,Москва
2026-03-25 09:00:03,Фильтр топливный P550202 / BF596 Donaldson,2,1939,Donaldson,P550202,Москва
2026-03-25 09:00:03,Фильтр топливный P550529 / 22480372 MAN/NISSAN/VOLVO Donaldson,1,2848,Donaldson,P550529,Москва
2026-03-25 09:00:03,Фильтр топливный P550587 / BF7591-D Donaldson,6,1338,Donaldson,P550587,Москва
2026-03-25 09:00:03,Фильтр топливный P550900 Donaldson,16,3385,Donaldson,P550900,Москва
2026-03-25 09:00:03,Фильтр топливный P550932 / BF720 Donaldson,3,836,Donaldson,P550932,Москва
2026-03-25 09:00:03,Фильтр топливный P551027 / BF7853 / RE522688 Donaldson,31,4231,Donaldson,P551027,Москва
2026-03-25 09:00:03,Фильтр топливный P551311 Donaldson,8,1885,Donaldson,P551311,Москва
2026-03-25 09:00:03,Фильтр топливный P551313 / BF7633 / 1R-0750 Donaldson,7,1112,Donaldson,P551313,Москва
2026-03-25 09:00:03,Фильтр топливный P551422 / BF7786-D / RE509032 Donaldson,6,2976,Donaldson,P551422,Москва
2026-03-25 09:00:03,Фильтр топливный P551430 / BF7679-D Donaldson,4,2103,Donaldson,P551430,Москва
2026-03-25 09:00:03,Фильтр топливный P551435 / BF7950-D / RE529643 Donaldson,18,2500,Donaldson,P551435,Москва
2026-03-25 09:00:03,Фильтр топливный P552014 / PF598-30 / 2010PM Donaldson,10,1112,Donaldson,P552014,Москва
2026-03-25 09:00:03,Фильтр топливный P559122 / BF1354-SPS / RE522687 Donaldson,2,8883,Donaldson,P559122,Москва
2026-03-25 09:00:03,Фильтр топливный PF7735 / 0059055 / 61507642 / A0000901551 BALDWIN !,10,1822,Baldwin,PF7735,Москва
2026-03-25 09:00:03,Фильтр топливный PF7761 / A5410920805 / A5410900151 BALDWIN !,1,957,Baldwin,PF7761,Москва
2026-03-25 09:00:03,Фильтр топливный PF7830 PC8-16-10 BALDWIN !,1,1523,Baldwin,PF7830,Москва
2026-03-25 09:00:03,Фильтр топливный PF7890-10 BALDWIN !,2,1282,Baldwin,PF7890-10,Москва
2026-03-25 09:00:03,Фильтр топливный PF7935 / 51125030061 MAN !,12,934,Baldwin,PF7935,Москва
2026-03-25 09:00:03,Фильтр топливный PF7936 / 1873016 Baldwin !,5,972,Baldwin,PF7936,Москва
2026-03-25 09:00:03,Фильтр топливный PF7939 BALDWIN !,10,572,Baldwin,PF7939,Москва
2026-03-25 09:00:03,Фильтр топливный PF935 BALDWIN !,10,209,Baldwin,PF935,Москва
2026-03-25 09:00:03,Фильтр топливный PU120022SKV (к-т PU12012 + PU6006) Mercedes SKV,14,2640,SKV,PU120022SKV,Москва
2026-03-25 09:00:03,"Фильтр топливный R90T / S234011840 NPR/NMR/NLR, HINO500/700, NPR75/NQR90 08~ E-4 SKV",184,618,SKV,R90T,Москва
2026-03-25 09:00:03,Фильтр топливный S 8501 NR MANN,2,157,Mann-Filter,S 8501,Москва
2026-03-25 09:00:03,Фильтр топливный SF8405SKV / WK10807X L=219 MB ACTROS/MAN/IVECO/VOLVO SKV,148,651,SKV,SF8405SKV,Москва
2026-03-25 09:00:03,Фильтр топливный SFC-5504-30 / 8-98081-862-0 / MB-R120P SKV,43,1000,SKV,SFC-5504-30,Москва
2026-03-25 09:00:03,Фильтр топливный SK3380 / 1R-0794 / 1R-1804 / 10000-00339 / 26560201,3,1304,JMC,SK3380,Москва
2026-03-25 09:00:03,Фильтр топливный WK940/33x MANN,1,1836,JMC,WK940/33x,Москва
2026-03-25 09:00:03,Фильтр топливный в сборе c кронштейном 614080295А/VG14080739A/VG14080740A/UC-220/UC220/WD615 Howo,2,817,Howo,614080295А,Москва
2026-03-25 09:00:03,Фильтр топливный вставка DEF-13070 / 23304-78090 N04CT Дизель,204,275,Дизель,DEF-13070,Москва
2026-03-25 09:00:03,Фильтр топливный вставка DF-195 / 23390-78221 Дизель,45,328,Дизель,DF-195,Москва
2026-03-25 09:00:03,Фильтр топливный вставка DF-513 / 8-98037-011-0 4JJ1/4HK1/6HK1 Дизель,67,268,Дизель,DF-513,Москва
2026-03-25 09:00:03,"Фильтр топливный гр. оч. (М14 D=85 L=158 железный) VG1614080740 (F,H,S)",8,158,JMC,VG1614080740,Москва
2026-03-25 09:00:03,Фильтр топливный грубой очистки 1105011Y4TC1-D JAC N350 ORIG,5,3222,JAC,1105011Y4TC1-D,Москва
2026-03-25 09:00:03,Фильтр топливный грубой очистки 1105011Y4ТС1 N350 JAC ORIG,1,2378,JAC,1105011Y4TC1,Москва
2026-03-25 09:00:03,Фильтр топливный грубой очистки 1105102LD300-AM001 N56 (JAC) SKV,200,532,SKV,1105102LD300-AM001,Москва
2026-03-25 09:00:03,Фильтр топливный грубой очистки 1105102LD300-AM001 N56 JAC ORIG,7,1870,JAC,1105102LD300-AM001,Москва
2026-03-25 09:00:03,Фильтр топливный грубой очистки D-126976 / 1105050C50A FAW 3250 3310 4250 Дизель,10,1022,Дизель,D-126976,Москва
2026-03-25 09:00:03,Фильтр топливный грубой очистки D-127572 / WG9925550105 / FS20019 / FS20021 HOWO T5G E-5 Дизель,8,678,Дизель,D-127572,Москва
2026-03-25 09:00:03,Фильтр топливный грубой очистки DES-96110 / 1105050-2007/A J6 FAW Дизель,20,1182,Дизель,DES-96110,Москва
2026-03-25 09:00:03,Фильтр топливный грубой очистки DFC-0005 / 1105013W5030 / 1105022W5030 / 1457434310 JAC N35 Дизель,20,1384,Дизель,DFC-0005,Москва
2026-03-25 09:00:03,Фильтр топливный грубой очистки DFS-36218 / 612630080205 SHACMAN Дизель,2,612,Дизель,DFS-36218,Москва
2026-03-25 09:00:03,"Фильтр топливный грубой очистки DFS-62360 / 500318246 прямоточный, под хомут IVECO DAILY Дизель",29,121,Дизель,DFS-62360,Москва
2026-03-25 09:00:03,Фильтр топливный грубой очистки DPL-420-D / 1105011Y4TC1 / 1000424916 / PL420 JAC N350 Дизель,40,2233,Дизель,DPL-420-D,Москва
2026-03-25 09:00:03,Фильтр топливный грубой очистки F612A/GB612 дизельный универсальный SKV,306,92,SKV,F612A,Москва
2026-03-25 09:00:03,Фильтр топливный грубой очистки F613A/GB613 дизельный универсальный SKV,16,145,SKV,F613A,Москва
2026-03-25 09:00:03,Фильтр топливный грубой очистки в сборе DSFC-57510-10 / WG9925550182/2 / FS36277 HOWO T5G E-5 Дизель,17,1140,Дизель,DSFC-57510-10,Москва
2026-03-25 09:00:03,Фильтр топливный Н6150008043 Howo,20,158,Howo,H6150008043,Москва
2026-03-25 09:00:03,Фильтр топливный низкого давления для дизельных двиг. d8mm MASUMA,4,75,JMC,OM616,Москва
2026-03-25 09:00:03,Фильтр топливный сепаратор DFS-1003 / FS1003 / P551103 / FS19596 / SMC603000025 X3000/Cummins Дизель,10,568,Дизель,DFS-1003,Москва
2026-03-25 09:00:03,Фильтр топливный сепаратор DFS-20190 / WG9925550966 / FS20190 HOWO T5G/Sitrak MC11 Дизель,2,952,Дизель,DFS-20190,Москва
2026-03-25 09:00:03,Фильтр топливный сепаратор DPL-420X / 1000053557 / 1000495963 / PL420X колба N350 WP10 E-5 Дизель,8,1503,Дизель,DPL-420X,Москва
2026-03-25 09:00:03,Фильтр топливный сепаратор DSF-7901 / SF-7901 / 00530 Дизель,417,235,Дизель,DSF-7901,Москва
2026-03-25 09:00:03,Фильтр топливный сепаратор P551855 / 23390-E0011 / 8-98095-983-0 HINO/ISUZU/VOLVO/SCANIA Donaldson,1,3476,Donaldson,P551855,Москва
2026-03-25 09:00:03,Фильтр топливный сепаратор в сборе DFS-20190 / WG9925550990 SITRAK C7H Дизель,3,12755,Дизель,DFS-20190,Москва
2026-03-25 09:00:03,Фильтр топливный сепаратора (ФГОТ) 1000053557 JAC N350 WP10 E-5 ORIG,1,2964,JAC,1000053557,Москва
2026-03-25 09:00:03,Фильтр топливный тонк. оч. евро 3 VG1540080110 Foton/Н,4,787,Foton,VG1540080110,Москва
2026-03-25 09:00:03,Фильтр топливный тонкой очистки 1000053555 JAC N350 ORIG,12,4030,JAC,1000053555,Москва
2026-03-25 09:00:03,Фильтр топливный тонкой очистки 8-98203-599-0/8-97542-540-0 4JJ1/4HK1/6HK1 ORIG,51,1954,Isuzu,8-97542-540-0,Москва
2026-03-25 09:00:03,Фильтр топливный тонкой очистки D-126977 / 1117001-630-0000 / 1117011-630-0000W FAW J5 3250 Дизель,5,368,Дизель,D-126977,Москва
2026-03-25 09:00:03,Фильтр топливный тонкой очистки D-126978 / 1117050B81DM FAW 3310 4250 4180 Дизель,10,1227,Дизель,D-126978,Москва
2026-03-25 09:00:03,Фильтр топливный тонкой очистки D-126979 / 612630081334 / 612600081334 / P550880 SHACMAN Дизель,3,379,Дизель,D-126979,Москва
2026-03-25 09:00:03,Фильтр топливный тонкой очистки DEF-13180 / EF-13180 / 23304-78500 / 23304-EV570 Hino 300 E5 Дизель,655,273,Дизель,DEF-13180,Москва
2026-03-25 09:00:03,Фильтр топливный тонкой очистки FF5770SKV/1117050А81DM/4297132 FAW/Cummins/Weichai SKV,20,672,SKV,FF5770,Москва
2026-03-25 09:00:03,"Фильтр топливный, высота 219 мм 42554067 / 2997378 Iveco Orig !",4,3344,Iveco,2997378,Москва
2026-03-25 09:00:03,Фильтр трансмиссионный PT9555 BALDWIN !,2,729,Baldwin,PT9555,Москва
2026-03-25 09:00:03,Фитинг 8938000082 WABCO,1,517,Wabco,8938000082,Москва
2026-03-25 09:00:03,Фитинг тормозных трубок (фитинг) DIN12 угол 90° 1-09660-959-0 ORIG,6,1617,Isuzu,1-09660-959-0,Москва
2026-03-25 09:00:03,Фитинг трубок пластиковый прямой D-129737 / SYE-1128 / РUС12 12мм Дизель,4,26,Дизель,D-129737,Москва
2026-03-25 09:00:03,Фитинг трубок прямой пластик 10мм D-129905 / SYE-1128 (РUС10) Дизель,4,20,Дизель,D-129905,Москва
2026-03-25 09:00:03,Фитинг трубок прямой пластик 4мм D-129904 / SYE-1128 (РUС04) Дизель,4,14,Дизель,D-129904,Москва
2026-03-25 09:00:03,Фитинг трубок тройник 6мм Europart,2,28,Europart,6mm,Москва
2026-03-25 09:00:03,Фитинг трубок угловой 10мм Europart !,1,38,Europart,10mm,Москва
2026-03-25 09:00:03,Фитинг трубок угловой 12мм Europart,1,48,Europart,12mm,Москва
2026-03-25 09:00:03,Фланец BK00190030 JAC N35 ORIG,1,1715,JAC,BK00190030,Москва
2026-03-25 09:00:03,Фланец D-126038 / HFF2402050CK2BZNF JAC N350 Дизель,1,5032,Дизель,D-126038,Москва
2026-03-25 09:00:03,Фланец вала XLD-Y203-5 / GUM71 FUSO XLD,6,2668,XLD,XLD-Y203-5,Москва
2026-03-25 09:00:03,Фланец вала карданного D-126637 / WG9370313010 Sitrak C7H Дизель,1,3846,Дизель,D-126637,Москва
2026-03-25 09:00:03,Фланец вала карданного D-128356 / 711W39115-5117 SITRAK Дизель,1,1736,Дизель,D-128356,Москва
2026-03-25 09:00:03,Фланец карданного вала 49131-45220 HYUNDAI HD65/72/78 ORIG,5,1612,Hyundai-Kia,49131-45220,Москва
2026-03-25 09:00:03,Фланец редуктора среднего моста 1-37245-343-0 CYZ51/CYZ52 ORIG,1,20229,Isuzu,1-37245-343-0,Москва
2026-03-25 09:00:03,Фланец редуктора среднего моста D-129740 / 2502066-AOE (d=180мм 4 отв.) FAW J6 Дизель,1,2108,Дизель,D-129740,Москва
2026-03-25 09:00:03,Фланец хвостовика 53360-45200 HYUNDAI D4AL HD72/County ORIG,1,3662,Hyundai-Kia,53360-45200,Москва
2026-03-25 09:00:03,Фланец хвостовика TUF-002 37304-05720 FU4F#FZ1F#SH/SS1F/3F# PM,2,2754,Paul Master,TUF-002,Москва
2026-03-25 09:00:03,Фонарь верхний спойлерный 3763060-A01 J6/4250/4180 FAW дефект,2,427,JMC,3763060-A01,Москва
2026-03-25 09:00:03,Фонарь габаритный на кабину D-125797 / 92601-Y41R101 / 92601-Y4010XH JAC N350 Дизель,1,226,Дизель,D-125797,Москва
2026-03-25 09:00:03,Фонарь габаритный на кабину D-126723 / 92601-Y41R1 JAC N350 Дизель,1,213,Дизель,D-126723,Москва
2026-03-25 09:00:03,Фонарь габаритный на кабину LH D-125800 / 92602-Y3A10 JAC N350 Дизель,1,835,Дизель,D-125800,Москва
2026-03-25 09:00:03,Фонарь габаритный на кабину RH D-125801 / 92603-Y3A10 JAC N350 Дизель,1,835,Дизель,D-125801,Москва
2026-03-25 09:00:03,"Фонарь габаритный на кабину задний L D-125798 / 4114930G11F0 JAC N75/80/120/200/350, КАМАЗ Компас-9/12 Дизель",1,486,Дизель,D-125798,Москва
2026-03-25 09:00:03,Фонарь габаритный на кабину задний R D-125799 / 4114940G11F0 JAC N75/80/120/200/350 КАМАЗ Компас-9/12 Дизель,1,486,Дизель,D-125799,Москва
2026-03-25 09:00:03,Фонарь габаритный на крышу 8-97307-626-0 NQR71/75 ORIG,1,2960,Isuzu,8-97307-626-0,Москва
2026-03-25 09:00:03,Фонарь габаритный на крышу D-125036 / 8-97587-597-2 /-0 NPR75 Дизель,1,693,Дизель,D-125036,Москва
2026-03-25 09:00:03,Фонарь габаритный на крышу D-129741 / 05-7504-4-Y / 213-2204 orange Isuzu C series 95-99 Дизель,4,602,Дизель,D-129741,Москва
2026-03-25 09:00:03,Фонарь габаритный на крышу левый 8-97587-597-3/4 NQR90/NPR75 ORIG,2,2229,Isuzu,8-97587-597-3,Москва
2026-03-25 09:00:03,Фонарь габаритный на крышу правый 8-98097-466-3/0/1/2 FVR34 ORIG,3,2122,Isuzu,8-98097-466-3,Москва
2026-03-25 09:00:03,Фонарь габаритный передний L D-125389 / 1-86830-273-0 CXZ51 KEXZ51 KCYZ51 LCXZ81K 6WF1 10PE1 Дизель,1,620,Дизель,D-125389,Москва
2026-03-25 09:00:03,Фонарь габаритный передний LH D-127989 / 1-86830-273-0 CXZ51 KEXZ51 KCYZ51 LCXZ81K 6WF1.10PE1 Дизель,1,458,Дизель,D-127989,Москва
2026-03-25 09:00:03,Фонарь габаритный передний R D-125466 / 1-86830-272-0 CXZ51 KEXZ51 KCYZ51 KCYZ51 LCXZ81K 6WF1 10PE1 Дизель,1,700,Дизель,D-125466,Москва
2026-03-25 09:00:03,Фонарь задний L D-125589 / 8-98223-616-0 FSR90/FVR34 Дизель,1,883,Дизель,D-125589,Москва
2026-03-25 09:00:03,Фонарь задний L D-126368 / 0K60A-51160D KIA Bongo K2500 K2700 K2700II K3000 1997-2004 Дизель,2,584,Дизель,D-126368,Москва
2026-03-25 09:00:03,Фонарь задний L D-126709 / 3716015-362-C00/A J6/3250 E-5 FAW Дизель дефект,2,613,Дизель,D-126709,Москва
2026-03-25 09:00:03,Фонарь задний L D-127192 / 214-1957L-A / MK485640 FUSO CANTER FE85 Дизель,3,916,Дизель,D-127192,Москва
2026-03-25 09:00:03,Фонарь задний L D-127371 / 449-1901L-WE-CR / 1756754 / 2129985 Scania P/R Дизель,1,1665,Дизель,D-127371,Москва
2026-03-25 09:00:03,Фонарь задний L D-127372 / 92401-4B100 HYUNDAI Porter Дизель,11,438,Дизель,D-127372,Москва
2026-03-25 09:00:03,Фонарь задний L D-127374 / 92401-7A100 HD72/120 с клипсами Дизель,12,1146,Дизель,D-127374,Москва
2026-03-25 09:00:03,Фонарь задний R D-126309 / 219-1903R / 81550-1730 / 81550-1651 45º Hino500/700 RANGER PROFIA Дизель,1,838,Дизель,D-126309,Москва
2026-03-25 09:00:03,Фонарь задний R D-126370 / 0K60A-51150C KIA K2500 K2700 K2700II K3000 K3000II 97-2004 Дизель,1,498,Дизель,D-126370,Москва
2026-03-25 09:00:03,Фонарь задний R D-126807 / DZ9200810020 / 81.25225.6464 SHACMAN F2000/F3000 Дизель,2,1443,Дизель,D-126807,Москва
2026-03-25 09:00:03,Фонарь задний R D-127378 / 92402-4B100 HYUNDAI Porter Дизель,4,444,Дизель,D-127378,Москва
2026-03-25 09:00:03,Фонарь задний R D-127379 / 92402-4F000 Porter II Дизель,3,1114,Дизель,D-127379,Москва
2026-03-25 09:00:03,Фонарь задний R D-127380 / 92402-7A100 HD72/120 с клипсами Дизель,1,1573,Дизель,D-127380,Москва
2026-03-25 09:00:03,Фонарь задний R D-127381 / WG9719810012 HOWO T5G Дизель,1,1232,Дизель,D-127381,Москва
2026-03-25 09:00:03,Фонарь задний RH/LH HTPHW9925810001 HOWO ORIG,15,2727,Howo,HTPHW9925810001,Москва
2026-03-25 09:00:03,Фонарь задний левый 8-98223-616-0 FSR90/FVR34 ORIG,1,6451,Isuzu,8-98223-616-0,Москва
2026-03-25 09:00:03,Фонарь задний левый 92401-7A100 HD72/120 без клипс дефект,1,414,JMC,92401-7A100,Москва
2026-03-25 09:00:03,Фонарь задний правый 4133200Y8010 N350 JAC (NON-GENUINE) дефект,1,2713,JMC,4133200Y8010,Москва
2026-03-25 09:00:03,Фонарь задний правый 92402-7A100 HD72/120 без клипс дефект,1,542,JMC,92402-7A100,Москва
2026-03-25 09:00:03,Фонарь освещения номерного знака 92560-5H000 Hyundai HD72 ORIG,4,947,Hyundai-Kia,92560-5H000,Москва
2026-03-25 09:00:03,Фонарь противотуманный задний левый 4133500U1510 S5 JAC ORIG,5,2058,JAC,4133500U1510,Москва
2026-03-25 09:00:03,Фонарь солнцезащитного козырька LH D-127881 / 3731015-A01/F FAW 3250 3310 Дизель,1,565,Дизель,D-127881,Москва
2026-03-25 09:00:03,Фонарь указателя поворотов правый (с патроном) 463559 Mercedes/DieselTechnic !,1,1190,Diesel Technic,4.63559,Москва
2026-03-25 09:00:03,"Форсунка 612600080324, KBEL132P31",1,1554,JMC,612600080324,Москва
2026-03-25 09:00:03,Форсунка 612630090055/0445120391 JAC N350 WP10 E-5 ORIG,1,21809,JAC,612630090055,Москва
2026-03-25 09:00:03,"Форсунка 8-98160-061-3 4HK1/6HK1 E-4 NPR,FVR ORIG",14,27539,Isuzu,8-98160-061-3,Москва
2026-03-25 09:00:03,Форсунка 8-98219-181-0 4HK1 E-4 FSR90 ORIG,12,32237,Isuzu,8-98219-181-0,Москва
2026-03-25 09:00:03,Форсунка D-126809 / 612630090055 / 0445120391 JAC N350 WP10 E-5 Дизель,3,8605,Дизель,D-126809,Москва
2026-03-25 09:00:03,Форсунка D-126982 / 61560080305 KBEL132P110 (распыл 204) SHACMAN Дизель,4,1826,Дизель,D-126982,Москва
2026-03-25 09:00:03,Форсунка D-128317 / 200V10100-6127 / 0445120415 SITRAK C7H Дизель,4,10946,Дизель,D-128317,Москва
2026-03-25 09:00:03,Форсунка в сборе 0432191266/A0020106851 / A0020109351 Mercedes/Bosch !,6,6256,Bosch,0 432 191 266,Москва
2026-03-25 09:00:03,Форсунка в сборе A0020106551/ A002010655180 Mercedes ориг !,2,22413,Mercedes,A 002 010 65 51,Москва
2026-03-25 09:00:03,Форсунка газовая 8-98393-038-1 N-series 4HV1 (CNG) ГАЗ ORIG,1,16705,Isuzu,8-98393-038-1,Москва
2026-03-25 09:00:03,Форсунка масляная 612600010659 JAC N350 WP10 E-5 ORIG,4,436,JAC,612600010659,Москва
2026-03-25 09:00:03,Форсунка масляная D-126043 / 612600010659 JAC N350 WP10 E-5 Дизель,1,203,Дизель,D-126043,Москва
2026-03-25 09:00:03,Форсунка масляная охлаждения поршня D-126436 / 8-98020-649-0 / 8-98173-342-0 4HK1/6НK1/6НЕ1 Дизель,1,361,Дизель,D-126436,Москва
2026-03-25 09:00:03,Форсунка омывателя лобового стекла 1-83315-086-0 FVR34/FSR90 ORIG,8,705,Isuzu,1-83315-086-0,Москва
2026-03-25 09:00:03,Форсунка стеклоомывателя правая 1-83315-085-0 ORIG,2,702,Isuzu,1-83315-085-0,Москва
2026-03-25 09:00:03,Форсунка топливная (R)9709500-555/33800-45700/DCRI105550 DENSO KOREA,11,30271,Denso,9709500-555,Москва
2026-03-25 09:00:03,Форсунка топливная 0445120212 Bosch,10,22964,Bosch,044 512 02 12,Москва
2026-03-25 09:00:03,Форсунка топливная 080V10100-6088 HOWO ORIG,14,22969,Howo,080V10100-6088,Москва
2026-03-25 09:00:03,Форсунка топливная 23670-E0250/095000-5274 J08E Евро 4 Hino 500 DENSO,8,27568,Hino,23670-E0250,Москва
2026-03-25 09:00:03,Форсунка топливная 23670-E0341/9709500-522 E13C Евро 3 Hino 700 Denso,8,36549,Denso,23670-E0341,Москва
2026-03-25 09:00:03,Форсунка топливная 23670-E0360 E13C Евро 4 Hino 700 Denso,15,34366,Denso,23670-E0360,Москва
2026-03-25 09:00:03,Форсунка топливная 2830957 / 0445120007 / 0445120212 Iveco Orig !,1,15671,Iveco,2830957,Москва
2026-03-25 09:00:03,Форсунка топливная 33800-45701 HYUNDAI D4DD HD78/65 ORIG,2,40630,Hyundai-Kia,33800-45701,Москва
2026-03-25 09:00:03,Форсунка топливная 33800-4C940 Hyundai HD35/MIGHTY ORIG,1,29757,Hyundai-Kia,33800-4C940,Москва
2026-03-25 09:00:03,Форсунка топливная 5283275 JAC N120/Камаз Cummins ISF3.8,3,11572,JAC,5283275,Москва
2026-03-25 09:00:03,"Форсунка топливная 8-98207-435-0 6HK1-T/4HK1-T F,N series E5 ORIG",1,35056,Isuzu,8-98207-435-0,Москва
2026-03-25 09:00:03,Форсунка топливная 8-98238-318-0/1/8-98076-995-1//8-98331-847-1 4JJ1-T E-4 NMR85 ORIG,1,35851,Isuzu,8-98238-318-0,Москва
2026-03-25 09:00:03,"Форсунка топливная 8-98306-475-0 6HK1-T/4HK1-T F,N series ORIG",28,25003,Isuzu,8-98306-475-0,Москва
2026-03-25 09:00:03,Форсунка топливная 9709500-714/33800-52000/095000-7140 DENSO KOREA,18,34346,Denso,9709500-714,Москва
2026-03-25 09:00:03,Форсунка топливная D-126649 / 095000-8633 / 8-98139-816-3 CYZ52 6WG1 Е-5 Дизель,1,19056,Дизель,D-126649,Москва
2026-03-25 09:00:03,Форсунка топливная D-128181 / 080V10100-6088 / 0445120578 HOWO Дизель,12,9186,Дизель,D-128181,Москва
2026-03-25 09:00:03,Форсунка топливная D-130715 / 33800-42500 Hyundai Porter DELPHI Дизель,1,4014,Дизель,D-130715,Москва
2026-03-25 09:00:03,Футорка заднего колеса левая 8-97359-806-0/SZ940-24007/42632-37020 HINO300/500/NQR71/NPR75/CANTER/IS FORWARD SKV,300,88,SKV,8-97359-806-0,Москва
2026-03-25 09:00:03,Футорка заднего колеса прав. 8-97359-805-0/42631-37020 HINO300/500/NQR71/NPR75/CANTER/IS FORWARD SKV,373,88,SKV,8-97359-805-0,Москва
2026-03-25 09:00:03,Хомут выхлопной трубы 25735-75010 Hyundai HD160/250/170/450/500/600 ORIG,1,289,Hyundai-Kia,25735-75010,Москва
2026-03-25 09:00:03,Хомут гофры глушителя широкий D-129743 / LC200SS d51мм Дизель,10,540,Дизель,D-129743,Москва
2026-03-25 09:00:03,Хомут гофры глушителя широкий D-129744 / LC225SS d57мм Дизель,10,544,Дизель,D-129744,Москва
2026-03-25 09:00:03,Хомут гофры глушителя широкий D-129745 / LC250SS d64мм Дизель,10,558,Дизель,D-129745,Москва
2026-03-25 09:00:03,Хомут гофры глушителя широкий D-129746 / LC275SS d70мм Дизель,10,568,Дизель,D-129746,Москва
2026-03-25 09:00:03,Хомут гофры глушителя широкий D-129747 / LC300SS d76мм Дизель,10,574,Дизель,D-129747,Москва
2026-03-25 09:00:03,Хомут гофры глушителя широкий D-129748 / LC350SS d89мм Дизель,10,584,Дизель,D-129748,Москва
2026-03-25 09:00:03,Хомут гофры глушителя широкий D-129749 / LC400SS d102мм Дизель,10,598,Дизель,D-129749,Москва
2026-03-25 09:00:03,Хомут гофры глушителя широкий D-129750 / LC450SS d114мм Дизель,10,645,Дизель,D-129750,Москва
2026-03-25 09:00:03,Хомут гофры глушителя широкий D-129751 / LC500SS d127мм Дизель,10,648,Дизель,D-129751,Москва
2026-03-25 09:00:03,Хомут патрубка A0019951910 / A001995191028 / 2300013080 / N000000000644 Mercedes ориг !,2,278,Mercedes,N 000000 000644,Москва
2026-03-25 09:00:03,Хомут повышенной прочности для глушителя D-129752 / SBC200 d51 mm Дизель,10,554,Дизель,D-129752,Москва
2026-03-25 09:00:03,Хомут повышенной прочности для глушителя D-129753 / SBC225 d57 mm Дизель,10,450,Дизель,D-129753,Москва
2026-03-25 09:00:03,Хомут повышенной прочности для глушителя D-129754 / SBC250 d63 mm Дизель,10,488,Дизель,D-129754,Москва
2026-03-25 09:00:03,Хомут повышенной прочности для глушителя D-129755 / SBC275 d70 mm Дизель,10,514,Дизель,D-129755,Москва
2026-03-25 09:00:03,Хомут повышенной прочности для глушителя D-129756 / SBC300 d76 mm Дизель,10,544,Дизель,D-129756,Москва
2026-03-25 09:00:03,Хомут повышенной прочности для глушителя D-129757 / SBC350 d89 mm Дизель,10,557,Дизель,D-129757,Москва
2026-03-25 09:00:03,Хомут повышенной прочности для глушителя D-129758 / SBC400 d102 mm Дизель,10,611,Дизель,D-129758,Москва
2026-03-25 09:00:03,Хомут червячный D-128841 12-20мм Дизель,20,55,Дизель,D-128841,Москва
2026-03-25 09:00:03,Хомут червячный D-128842 16-25мм Дизель,20,25,Дизель,D-128842,Москва
2026-03-25 09:00:03,Хомут червячный D-128843 16-27мм Дизель,20,58,Дизель,D-128843,Москва
2026-03-25 09:00:03,Хомут червячный D-128844 20-32мм Дизель,10,21,Дизель,D-128844,Москва
2026-03-25 09:00:03,Цепь ГРМ 5-12536-031-1 3KC1 ORIG,1,9673,Isuzu,5-12536-031-1,Москва
2026-03-25 09:00:03,Цилиндр (гильза) компрессора 1-19163-065-0 ORIG,4,15350,Isuzu,1-19163-065-0,Москва
2026-03-25 09:00:03,Цилиндр подъема кабины D-129101 / 5001120-371 / 5001120B24 гидравлический FAW Дизель,1,5066,Дизель,D-129101,Москва
2026-03-25 09:00:03,Цилиндр раздатки A6592840485 Mercedes ориг !,1,4260,Mercedes,A 659 284 04 85,Москва
2026-03-25 09:00:03,Цилиндр сцепления главный D-127750 / 1605010G5QZ-1107 N75/90 JAC Дизель,2,1013,Дизель,D-127750,Москва
2026-03-25 09:00:03,Цилиндр сцепления главный MKG23852 4 3 с сенсором MAN 4 Series TGS STARKMEISTER S111395,1,8662,JMC,MKG23852,Москва
2026-03-25 09:00:03,Цилиндр сцепления главный WG9114230021 Howo,1,668,Howo,WG9114230021,Москва
2026-03-25 09:00:03,Цилиндр сцепления главный с бочком WG9719230013/3 Howo,1,1189,Howo,WG9719230013/3,Москва
2026-03-25 09:00:03,Цилиндр сцепления рабочий 1609010LD300 ld300/ld30h JAC ORIG,1,974,JAC,1609010LD300,Москва
2026-03-25 09:00:03,Цилиндр тормозной 47530-37111 Hino ориг,1,4768,hino,47530-37111,Москва
2026-03-25 09:00:03,Цилиндр тормозной 47540-37131 Hino ориг,1,3910,hino,47540-37131,Москва
2026-03-25 09:00:03,Чашка подушки (верх) D-129765 / 2902437-DC30 FAW Дизель,2,238,Дизель,D-129765,Москва
2026-03-25 09:00:03,Шайба (фиксатор) тормозной колодки 9-47165-096-0 N-series ORIG,4,159,Isuzu,9-47165-096-0,Москва
2026-03-25 09:00:03,Шайба A6562835152 Mercedes ориг !,1,244,Mercedes-Benz,A 656 283 51 52,Москва
2026-03-25 09:00:03,Шайба A6592833252 Mercedes ориг !,1,463,Mercedes-Benz,A 659 283 32 52,Москва
2026-03-25 09:00:03,Шайба D=88 подшипника ступицы заднего моста 9-09854-112-0/IS-051-1 CYZ51/CXZ ORIG,3,555,Isuzu,9-09854-112-0,Москва
2026-03-25 09:00:03,Шайба амортизатора 54326-67101 Hyundai HD120/ County ORIG,1,92,Hyundai-Kia,54326-67101,Москва
2026-03-25 09:00:03,Шайба амортизатора 9-51631-040-0 ORIG,25,291,Isuzu,9-51631-040-0,Москва
2026-03-25 09:00:03,Шайба амортизатора кабины 86833-73012 Hyundai HD500 ORIG,2,26,Hyundai-Kia,86833-73012,Москва
2026-03-25 09:00:03,Шайба балансира упорная 1-51389-058-0 ORIG,1,3681,Isuzu,1-51389-058-0,Москва
2026-03-25 09:00:03,Шайба балансира упорная D-129766 / 1-28571-670-0 125*174 mm Isuzu Дизель,10,565,Дизель,D-129766,Москва
2026-03-25 09:00:03,Шайба балансира упорная D-129767 / XLD-M206-19 HINO 100*140*23 Дизель,1,1174,Дизель,D-129767,Москва
2026-03-25 09:00:03,Шайба вала балансира регулировочная D-128879 / 1-51389-033-1 CX# CY# CV# EX# Дизель,39,55,Дизель,D-128879,Москва
2026-03-25 09:00:03,Шайба вала балансира регулировочная D-129768 / XLD-M206-23 100*140*5 Дизель,2,433,Дизель,D-129768,Москва
2026-03-25 09:00:03,Шайба вала балансира регулировочная D-129770 / 55512-00Z00 101*140*5 mm Nissan Дизель,1,339,Дизель,D-129770,Москва
2026-03-25 09:00:03,Шайба вала балансира стопорная FDP-020/ D-021-1 MC040425 PM,2,3593,Paul Master,FDP-020,Москва
2026-03-25 09:00:03,Шайба вала тормозного D-128676 / 1880340022 26x37 HOWO Дизель,24,25,Дизель,D-128676,Москва
2026-03-25 09:00:03,Шайба втулки балансира уплотнительная регулировочная D-127256 / 12857-15400 125*175*7mm XLD Дизель,6,673,Дизель,D-127256,Москва
2026-03-25 09:00:03,Шайба Для Форсунок MF520010/3112304100 00-15-00 (кольцоРезин) ORIGINAL /,2,266,Mitsubishi,MF520010,Москва
2026-03-25 09:00:03,Шайба клапана D-128151 / 8-97075-453-0 / 8-94396-015-2 Дизель,39,110,Дизель,D-128151,Москва
2026-03-25 09:00:03,Шайба конусная 2280225800 / N074361022351 / 0256152290 Mercedes/Europart,3,21,Europart,2280225800,Москва
2026-03-25 09:00:03,Шайба конусная G-012 /0141181 12mm skania 113 PM,2,131,Paul Master,G-012,Москва
2026-03-25 09:00:03,Шайба КПП 8-97248-952-0 N-series ORIG,2,874,Isuzu,8972489520,Москва
2026-03-25 09:00:03,Шайба КПП регулировочная 8-97252-661-0 ID=70 T=1.68 ORIG,3,505,Isuzu,8-97252-661-0,Москва
2026-03-25 09:00:03,Шайба КПП регулировочная 8-97252-662-0 ID=70 T=1.74 ORIG,7,611,Isuzu,8972526620,Москва
2026-03-25 09:00:03,Шайба КПП регулировочная 8-97252-663-0 ID=70 T=1.80 ORIG,4,538,Isuzu,8-97252-663-0,Москва
2026-03-25 09:00:03,Шайба КПП регулировочная 8-97306-190-0 ISUZU ORIG,1,168,Isuzu,8-97306-190-0,Москва
2026-03-25 09:00:03,Шайба моста заднего D-126045 / HFF2403021-26CK1BZ JAC N350 Дизель,1,422,Дизель,D-126045,Москва
2026-03-25 09:00:03,Шайба обратки 8-98231-394-0/1 ORIG,8,89,Isuzu,8982313940,Москва
2026-03-25 09:00:03,"Шайба оцинкованная K100 DIN 125B 25,0 0254012507SKV/02.5401.25.07/6605025000",10,13,SKV,0254012507,Москва
2026-03-25 09:00:03,Шайба пальца рессоры 54241-62002 HYUNDAI HD120 ORIG,2,140,Hyundai-Kia,54241-62002,Москва
2026-03-25 09:00:03,Шайба под форсунку JH-37017 ME222913 4M42/4M50 (STONE) / JH-37017 / ME222913 / ME222913 /,1,167,JMC,ME222913,Москва
2026-03-25 09:00:03,"Шайба полуоси конусная центровочная 8-97360-004-0 ID=10.5 NQR,NPR ORIG",6,159,Isuzu,8-97360-004-0,Москва
2026-03-25 09:00:03,Шайба пробки поддона 21513-52000 HD72/78 D4GA ORIG,3,110,Hyundai-Kia,21513-52000,Москва
2026-03-25 09:00:03,Шайба прорезинная D-126046 / 13057039 JAC N350 WP10 E-5 Дизель,2,16,Дизель,D-126046,Москва
2026-03-25 09:00:03,"Шайба регулировочная 1-41349-026-0 T=5,20 C,F-series ORIG",3,1499,Isuzu,1-41349-026-0,Москва
2026-03-25 09:00:03,"Шайба регулировочная 1-41349-091-0 T=4,5 C,F-series ORIG",1,1480,Isuzu,1-41349-091-0,Москва
2026-03-25 09:00:03,"Шайба регулировочная 1-41349-092-0 T=5,40 C,F-series ORIG",3,1470,Isuzu,1-41349-092-0,Москва
2026-03-25 09:00:03,Шайба регулировочная 8-97252-673-0 ORIG,2,162,Isuzu,8-97252-673-0,Москва
2026-03-25 09:00:03,Шайба регулировочная КПП ID=62.7 T=2.53 8-97252-670-0 N-series ORIG,1,168,Isuzu,8-97252-670-0,Москва
2026-03-25 09:00:03,Шайба регулировочная подшипника хвостовика КПП 8-98352-515-0 T=1.86 MZW6P F-series ORIG,4,538,Isuzu,8-98352-515-0,Москва
2026-03-25 09:00:03,Шайба рессорного пальца (втулки) 1-51169-018-0 CYZ51/FVR34 ORIG,2,698,Isuzu,1-51169-018-0,Москва
2026-03-25 09:00:03,Шайба рессорного пальца (втулки) D-127382 / 1-51169-018-0 CYZ51/FVR34 Дизель,10,187,Дизель,D-127382,Москва
2026-03-25 09:00:03,"Шайба рессорных пальцев D-129771 / WSP-04 28*50*1,5 Дизель",80,36,Дизель,D-129771,Москва
2026-03-25 09:00:03,Шайба рессорных пальцев D-129772 / WSP-05 28*50*2 Дизель,100,36,Дизель,D-129772,Москва
2026-03-25 09:00:03,"Шайба рессорных пальцев D-129773 / WSP-06 28*50*2,5 Дизель",20,37,Дизель,D-129773,Москва
2026-03-25 09:00:03,"Шайба рессорных пальцев WSP-12 32*52*2,5",1,36,JMC,WSP-12,Москва
2026-03-25 09:00:03,"Шайба сливной пробки поддона ID=14,2 OD=24 8-94158-328-0 F,N-series ORIG",8,170,Isuzu,8-94158-328-0,Москва
2026-03-25 09:00:03,Шайба стопорная D-128880 / 8-98084-561-0 / 1-09533-012-1 передняя подвеска ID=48 CYZ51 Дизель,10,310,Дизель,D-128880,Москва
2026-03-25 09:00:03,Шайба стопорная D-129776 / Q43112 JAC N350 Дизель,1,17,Дизель,D-129776,Москва
2026-03-25 09:00:03,Шайба стопорная D-129862 / WG2229100021 HOWO T5G Дизель,4,367,Дизель,D-129862,Москва
2026-03-25 09:00:03,Шайба стопорная балансира Scania 116241 DieselTechnic !,1,284,Diesel Technic,1.16241,Москва
2026-03-25 09:00:03,Шайба ступицы DA-003-1/dkl-003 90042-14003 PM,3,168,Paul Master,DA-003-1,Москва
2026-03-25 09:00:03,Шайба ступицы FV-026-2/Fkb-026 MC817032 PM,1,675,Paul Master,FKB-026,Москва
2026-03-25 09:00:03,Шайба ступицы FV-028-1 / MC-814781 / FIL-028 / PM,2,476,Paul Master,FV-028-1,Москва
2026-03-25 09:00:03,Шайба ступицы FV-028-2 / FIB-028 / MC828600 PM,3,592,Paul Master,FV-028-2,Москва
2026-03-25 09:00:03,Шайба ступицы UD-045-2 / UIB-045 40036-90017 PM,2,617,Paul Master,UD-045-2,Москва
2026-03-25 09:00:03,Шайба ступицы UD-046-1/UKL-046/38444-00Z00 PM,2,634,Paul Master,UKL-046,Москва
2026-03-25 09:00:03,Шайба ступицы передней упорная D-126653 / WG4007410065 Sitrak C7H Дизель,1,237,Дизель,D-126653,Москва
2026-03-25 09:00:03,Шайба уплотнительная 082V56631-0110 Howo ORIG,271,65,Howo,082V56631-0110,Москва
2026-03-25 09:00:03,Шайба уплотнительная 211.030/060.027 Sampa,4,42,Sampa,211.030,Москва
2026-03-25 09:00:03,Шайба уплотнительная D-128182 / 082V56631-0110 Howo Дизель,10,137,Дизель,D-128182,Москва
2026-03-25 09:00:03,Шайба уплотнительная WW-001-22 / WW-22/WW-022 (22*28mm) PM,2,57,Paul Master,WW-001-22,Москва
2026-03-25 09:00:03,Шайба уплотнительная WW-008 / WW-001-08 (8*12mm) PM,2,20,Paul Master,WW-001-08,Москва
2026-03-25 09:00:03,Шайба уплотнительная WW-014/ WW-001-14 (14x20mm) PM,8,39,Paul Master,WW-14,Москва
2026-03-25 09:00:03,Шайба уплотнительная WW-06 / WW-001-06/WW-006 (6x10mm) PM,2,22,Paul Master,WW-001-06,Москва
2026-03-25 09:00:03,Шайба уплотнительная WW-18 / WW-001-18 (18*26mm) PM,4,40,Paul Master,WW-001-18,Москва
2026-03-25 09:00:03,Шайба уплотнительная XW-008 / XW-001-08 (8*12mm) PM,3,19,Paul Master,XW-08,Москва
2026-03-25 09:00:03,Шайба уплотнительная XW-010/ XW-001-10 (10*15mm) PM,1,39,Paul Master,XW-001-10,Москва
2026-03-25 09:00:03,Шайба уплотнительная XW-012 / XW-001-12 (12*18mm) PM,1,42,Paul Master,XW-001-12,Москва
2026-03-25 09:00:03,Шайба уплотнительная XW-16 / XW-001-16 (16*22mm) PM,3,33,Paul Master,XW-001-16,Москва
2026-03-25 09:00:03,Шайба уплотнительная XW-20 / XW-001-20 (20*26mm) PM,2,28,Paul Master,XW-001-20,Москва
2026-03-25 09:00:03,Шайба уплотнительная медная 612600150106 JAC ORIG,40,62,JAC,612600150106,Москва
2026-03-25 09:00:03,Шайба упорная A3463532662 Mercedes,1,1330,Mercedes,A 346 353 26 62,Москва
2026-03-25 09:00:03,Шайба упорная балансира D-128031 / 1-51389-058-0 115х155х7mm Isuzu Дизель,4,387,Дизель,D-128031,Москва
2026-03-25 09:00:03,Шайба упорная балки моста 116396 Mercedes/ DieselTechnic !,2,1047,Diesel Technic,1.16396,Москва
2026-03-25 09:00:03,Шайба упорная форсунки 8-98165-035-0 / 8-97383-286-0 4JJ1 NMR85 ORIG,2,209,Isuzu,8-98165-035-0,Москва
2026-03-25 09:00:03,Шайба форсунки D-126985 / 612639000064 медь SHACMAN WP12 Дизель,6,33,Дизель,D-126985,Москва
2026-03-25 09:00:03,Шайба форсунки D-130757 / 5288374 JAC N120 ISF3.8S5169 Дизель,8,51,Дизель,D-130757,Москва
2026-03-25 09:00:03,Шайба форсунки впрыска топлива A0000171560 / A9060170260 / 2430105049 Mercedes/BOSCH !,2,407,Bosch,2 430 105 049,Москва
2026-03-25 09:00:03,"Шайба шестерни редуктора (саттелита) 1-41552-023-0 T=1.6 C,E-series ORIG",3,596,Isuzu,1415520230,Москва
2026-03-25 09:00:03,Шайба шкворня 1-43171-189-0 ORIG,1,1065,Isuzu,1-43171-189-0,Москва
2026-03-25 09:00:03,Шайба шкворня 8-94162-574-0 N-series ORIG,12,285,Isuzu,8-94162-574-0,Москва
2026-03-25 09:00:03,Шайба шкворня 8-94174-352-0 N-series ORIG,30,305,Isuzu,8-94174-352-0,Москва
2026-03-25 09:00:03,Шайба шкворня D-125139 / 8-94168-490-0 N-series Дизель,4,114,Дизель,D-125139,Москва
2026-03-25 09:00:03,Шайба шкворня D-127752 / 3001203N JAC N90 Дизель,14,18,Дизель,D-127752,Москва
2026-03-25 09:00:03,Шайба шкворня регулировочная (T=0.12) 1-43171-343-0 FSR90 ORIG,2,519,Isuzu,1-43171-343-0,Москва
2026-03-25 09:00:03,Шайба шкворня регулировочная (T=0.40) 1-43171-345-0 FSR90 ORIG,2,752,Isuzu,1-43171-345-0,Москва
2026-03-25 09:00:03,Шайба шкворня регулировочная (T=0.55) 8-94162-575-0 N-series ORIG,4,272,Isuzu,8-94162-575-0,Москва
2026-03-25 09:00:03,Шайба шкворня регулировочная (T=0.80) 1-43171-341-0 FSR90 ORIG,6,759,Isuzu,1431713410,Москва
2026-03-25 09:00:03,Шайба шкива коленвала 5-09503-127-1 ID=16.5 OD=45 T=12 4JJ1 N-Serie ORIG,1,394,Isuzu,5-09503-127-1,Москва
2026-03-25 09:00:03,Шайба шкива на лобовине E-019 13437-1300 FH/FN/FR2K# FW1K# PM !,2,1293,Paul Master,E-019,Москва
2026-03-25 09:00:03,Шар синхронизатора КПП R/1/2/3 передачи 8-97252-935-0 NQR/NPR ORIG,2,43,Isuzu,8-97252-935-0,Москва
2026-03-25 09:00:03,Шаровая опора верхняя 40110-T3060 NISSAN ATLAS F22/23 Y,2,1123,Yamasida,40110-T3060,Москва
2026-03-25 09:00:03,Шаровая опора верхняя MK332301/MC120301/MK471888-01/MK471889-01 MMC FB50#/FE50# Y,1,1411,Yamasida,MK332301,Москва
2026-03-25 09:00:03,Шаровая опора верхняя MK469290 MITSUBISHI TOYO,19,1071,Toyo,MK469290,Москва
2026-03-25 09:00:03,Шаровая опора нижняя 8-97142-452-1 NPR55 NKR58 NHR '90-'92 LOW(M16X1.5) ORIG,10,4707,Isuzu,8-97142-452-1,Москва
2026-03-25 09:00:03,Шаровая опора нижняя 8-98025-499-0 ISUZU NKR55 4HF1 Y,1,2911,Yamasida,8-98025-499-0,Москва
2026-03-25 09:00:03,Шаровая опора нижняя D-128510 / 8-97142-452-1 NPR55/NKR58/NHR '90-'92 LOW M16x1.5 Дизель,32,829,Дизель,D-128510,Москва
2026-03-25 09:00:03,Шаровая опора нижняя ISUZU 8-97142-452-1 NPR55 NKR58 NHR '90-'92 LOW(M16X1.5) Y,1,1621,Yamasida,8-97142-452-1,Москва
2026-03-25 09:00:03,Шаровая опора нижняя NISSAN 40161-48W25/40161-T3060 ATLAS F22# 89-92 L Y,2,1471,Yamasida,40161-48W25,Москва
2026-03-25 09:00:03,Шаровая опора нижняя S47P-34-550A MAZDA TITAN SYE6T / BONGO Y,2,1815,Yamasida,S47P-34-550A,Москва
2026-03-25 09:00:03,"Шаровая опора нижняя TOYOTA 43330-39765 /43330-39515 DYNA / HINO XZU#BU3##,BZU3## L Y",2,2668,Yamasida,43330-39765,Москва
2026-03-25 09:00:03,Шатун D-126048 / 612600030042 JAC N350 WP10 E-5 Дизель,2,4915,Дизель,D-126048,Москва
2026-03-25 09:00:03,Шатун D-128491 / 61500030009 HOWO E-2 WD615 WP10 Дизель,4,3158,Дизель,D-128491,Москва
2026-03-25 09:00:03,Шатун двигателя 4BG1/6BG1 1-12230-129-2 ORIG,2,11073,Isuzu,1-12230-129-2,Москва
2026-03-25 09:00:03,Шатун двигателя 8-97310-351-0 3LD1/4LB1/4LE1 ORIG,1,8182,Isuzu,8-97310-351-0,Москва
2026-03-25 09:00:03,Шатун двухпоршневого компрессора в сборе 1-19173-006-0 ORIG,2,5305,Isuzu,1-19173-006-0,Москва
2026-03-25 09:00:03,Шатун двухпоршневого компрессора в сборе 1-19173-010-0 ORIG,4,6191,Isuzu,1-19173-010-0,Москва
2026-03-25 09:00:03,Шатун поршня D-125488 / 8-97388-921-2/0 4JJ1-TC NLR85 Дизель,2,2421,Дизель,D-125488,Москва
2026-03-25 09:00:03,Шестерня 1-й передачи КПП D-125368 / 8-97350-010-0 Z=43 /NQR75/NPR75/NQR90/HINO300 E4 Дизель,1,12064,Дизель,D-125368,Москва
2026-03-25 09:00:03,Шестерня 1021017FD020 JAC N35 ORIG,2,680,JAC,1021017FD020,Москва
2026-03-25 09:00:03,Шестерня 145616 /A3892622711 / 60531049 Mercedes/CEI !,1,22481,CEI,145.616,Москва
2026-03-25 09:00:03,Шестерня 3-й передачи КПП D-125242 / 8-98168-499-0 Z=29 MZW6P F-series Дизель,1,4720,Дизель,D-125242,Москва
2026-03-25 09:00:03,Шестерня 3-й передачи КПП D-126049 / 6G120-3311B1 второй вал JAC Дизель,1,4828,Дизель,D-126049,Москва
2026-03-25 09:00:03,"Шестерня 4-8 передачи 1-33253-718-0/8-98326-818-0 Z=29 КПП C,E-series ORIG",1,35864,Isuzu,1-33253-718-0,Москва
2026-03-25 09:00:03,Шестерня 4-й передачи КПП D-128152 / 8-97241-230-0 Z=28 MYY6S N-серия Дизель,2,3190,Дизель,D-128152,Москва
2026-03-25 09:00:03,Шестерня 5-ой передачи D-128738 / ME536703 Fuso Canter TF E-5 Дизель,2,4044,Дизель,D-128738,Москва
2026-03-25 09:00:03,Шестерня 6-й передачи КПП 6G120-3611B1 / 6G120-3611B3 главный вал JAC Дизель,1,2839,Дизель,D-126050,Москва
2026-03-25 09:00:03,Шестерня 6-й передачи КПП D-125019 / 8-97386-582-0 Z=21 MYY6S ISUZU Дизель,2,2314,Дизель,D-125019,Москва
2026-03-25 09:00:03,Шестерня 6-й передачи КПП D-125228 / 8-98137-256-0 Z=46 F-series Дизель,1,8224,Дизель,D-125228,Москва
2026-03-25 09:00:03,Шестерня 6-й передачи КПП D-125245 / 8-97386-580-0 Z=50 MYY6S N-серия ISUZU Дизель,2,8361,Дизель,D-125245,Москва
2026-03-25 09:00:03,Шестерня 6-й передачи КПП D-125246 / 8-97386-582-0 Z=21 MYY6S ISUZU Дизель,2,2574,Дизель,D-125246,Москва
2026-03-25 09:00:03,Шестерня 6-й передачи КПП D-128153 / 8-97386-580-0 Z=50 MYY6S N-серия ISUZU Дизель,2,7770,Дизель,D-128153,Москва
2026-03-25 09:00:03,Шестерня 6-передачи (главный вал) 6G120-3611B1 JAC ORIG,1,3474,JAC,6G120-3611B1,Москва
2026-03-25 09:00:03,Шестерня Z=34 8-97606-771-0/8-94392-251-1 F-series ORIG,3,14663,Isuzu,8-97606-771-0,Москва
2026-03-25 09:00:03,Шестерня бортового редуктора D-128394 / 712W35114-0174 SITRAK Дизель,3,1658,Дизель,D-128394,Москва
2026-03-25 09:00:03,Шестерня вала конической передачи D-129807 / 41254-1120 / S4115-E0050 / KD913 HINO 700/500 Дизель,2,26947,Дизель,D-129807,Москва
2026-03-25 09:00:03,Шестерня воздушного компрессора 1-12524-164-1/1-12524-111-1/1-12524-087-6 C-series 6WG1 ORIG,1,11129,Isuzu,1-12524-164-1,Москва
2026-03-25 09:00:03,Шестерня ГРМ 8-98254-970-0 Z=72-60-30 4HK1-T NPR/NQR/F series ORIG,1,33687,Isuzu,8-98254-970-0,Москва
2026-03-25 09:00:03,Шестерня ГРМ Z=45 1-12523-371-1/1-12523-215-3 C-series 6WG1 ORIG,1,40859,Isuzu,1-12523-371-1,Москва
2026-03-25 09:00:03,Шестерня ГРМ Z=54 1-12522-060-0/1-12522-055-2/1-12522-043-1/1-12522-035-3 C-series 6WG1 ORIG,1,33479,Isuzu,1-12522-060-0,Москва
2026-03-25 09:00:03,Шестерня ГРМ Z=64-36 1-12523-366-1/1-12523-366-0/1-12523-334-0 C-series 6WG1 ORIG,1,62528,Isuzu,1-12523-366-1,Москва
2026-03-25 09:00:03,Шестерня ГРМ Z=90 1-12523-369-1/1-12523-313-0/1-12523-270-0/1-12523-213-1 C-series 6WG1 ORIG,1,40383,Isuzu,1-12523-369-1,Москва
2026-03-25 09:00:03,Шестерня ГРМ промежуточная верхняя 8-97381-520-3 Z=35 NLR/NMR-85 4JJ1 ORIG,1,6596,Isuzu,8-97381-520-3,Москва
2026-03-25 09:00:03,Шестерня ГРМ промежуточная нижняя 8-97381-518-0 Z=34 4JJ1T NLR/NMR85 ORIG,4,5899,Isuzu,8-97381-518-0,Москва
2026-03-25 09:00:03,Шестерня датчика положения коленвала 8-97312-337-0 4JJ1 ORIG,2,9346,Isuzu,8-97312-337-0,Москва
2026-03-25 09:00:03,Шестерня дифференциала D-127034 / S4125-21190 / KD914 HINO700/500 Дизель,1,30421,Дизель,D-127034,Москва
2026-03-25 09:00:03,Шестерня к/вала Z=48 1-12521-061-2/1-12521-048-6 C-series 6WG1 ORIG,1,26048,Isuzu,1-12521-061-2,Москва
2026-03-25 09:00:03,"Шестерня коленвала 8-94394-342-4 Z=42 4HK1/6HK1 N,F series ORIG",4,12133,Isuzu,8-94394-342-4,Москва
2026-03-25 09:00:03,Шестерня компрессора 461255/A5411300630 / A4421300330 DieselTechnic !,1,23082,Diesel Technic,4.61255,Москва
2026-03-25 09:00:03,Шестерня КПП (задняя передача) 1-33361-070-1 Z=27 C-series ORIG,1,75149,Isuzu,1-33361-070-1,Москва
2026-03-25 09:00:03,Шестерня КПП 1-33253-657-0 Z=29 C-series ORIG,1,33102,Isuzu,1-33253-657-0,Москва
2026-03-25 09:00:03,"Шестерня КПП 1-34371-019-0 Z=86 C,E-series ORIG",1,37570,Isuzu,1-34371-019-0,Москва
2026-03-25 09:00:03,Шестерня КПП 2-ой передачи Z-1701220-00-00 JAC N35 ORIG,1,3509,JAC,Z-1701220-00-00,Москва
2026-03-25 09:00:03,"Шестерня КПП 3-й передачи 1-33253-704-1 Z= 41 C,E-series ORIG",1,44004,Isuzu,1-33253-704-1,Москва
2026-03-25 09:00:03,Шестерня КПП 3-й передачи QD43260T05320/43260-T05320 HYUNDAI HD65/78/County ORIG,1,11163,Hyundai-Kia,QD43260T05320,Москва
2026-03-25 09:00:03,Шестерня КПП 8-98140-884-0/8-97376-989-0 F-series ORIG,2,39270,Isuzu,8981408840,Москва
2026-03-25 09:00:03,Шестерня КПП 8-98198-297-0/8-98168-502-0/8-97377-682-0/8-98137-250-0 F-series ORIG,3,19958,Isuzu,8981982970,Москва
2026-03-25 09:00:03,Шестерня КПП QD43250T-00400 HYUNDAI HD65/78 ORIG,1,15757,Hyundai-Kia,QD43250T-00400,Москва
2026-03-25 09:00:03,Шестерня КПП делителя Z=40/17 D-128156 / 12JS160T-1707030 SHACMAN Дизель,1,2683,Дизель,D-128156,Москва
2026-03-25 09:00:03,Шестерня КПП заднего хода ME536704 Fuso Canter TF ORIG,2,40933,Mitsubishi,ME536704,Москва
2026-03-25 09:00:03,Шестерня масляного насоса 1005013FB JAC N35 ORIG,2,2397,JAC,1005013FB,Москва
2026-03-25 09:00:03,Шестерня насоса наружного 60531063 /A3892690706 / A3892691206 Mercedes/ Euroricambi !,2,1353,Euroricambi,60.53.1063,Москва
2026-03-25 09:00:03,Шестерня привода ГРМ 8-97600-586-1 (Z=72-60-30) 4HK1-T ORIG,5,34579,Isuzu,8-97600-586-1,Москва
2026-03-25 09:00:03,Шестерня привода ГУРа 8-97120-005-1 4HK1/4HG1 NQR75/71 ORIG,1,9784,Isuzu,8-97120-005-1,Москва
2026-03-25 09:00:03,Шестерня привода спидометра 8-97253-556-0 ORIG,1,2141,Isuzu,8-97253-556-0,Москва
2026-03-25 09:00:03,Шестерня привода спидометра Z=17 8-97253-557-1 MYY5T/MZZ6U N series ORIG,6,2225,Isuzu,8-97253-557-1,Москва
2026-03-25 09:00:03,Шестерня привода ТНВД 8-98017-915-0 Z=35 4HK1 N-series ORIG,2,7870,Isuzu,8-98017-915-0,Москва
2026-03-25 09:00:03,Шестерня р/вала Z=35 8-98018-934-3 F-series ORIG,1,10129,Isuzu,8-98018-934-3,Москва
2026-03-25 09:00:03,Шестерня распредвала 8-97309-327-2 Z=35 4HK1-T NQR75 ORIG,1,8965,Isuzu,8-97309-327-2,Москва
2026-03-25 09:00:03,Шестерня распредвала 8-97601-946-2 Z=35 6HK1-T ORIG,1,8497,Isuzu,8-97601-946-2,Москва
2026-03-25 09:00:03,"Шестерня распредвала D-125366 / 8-98018-935-3 Z=35 F,N-series Дизель",2,2274,Дизель,D-125366,Москва
2026-03-25 09:00:03,Шестерня распредвала D-126052 / 61560050053 промежуточная JAC N350 WP10 E-5 Дизель,1,1664,Дизель,D-126052,Москва
2026-03-25 09:00:03,Шестерня распредвала D-126053 / 614050053 JAC N350 WP10 E-5 Дизель,1,1542,Дизель,D-126053,Москва
2026-03-25 09:00:03,"Шестерня ТНВД 8-97306-059-1 F,N-series ORIG",1,3809,Isuzu,8-97306-059-1,Москва
2026-03-25 09:00:03,Шестерня топливного насоса 5291204 JAC N120/Камаз Cummins ISF3.8 Е-5 ORIG,3,2083,Cummins,5291204,Москва
2026-03-25 09:00:03,Шестерня цепи ГРМ 24340-4A000 HYUNDAI PORTER II ORIG,12,2741,Hyundai-Kia,24340-4A000,Москва
2026-03-25 09:00:03,Шкворень D-126055 / HFF3001041CK5G JAC N350 Дизель,5,3450,Дизель,D-126055,Москва
2026-03-25 09:00:03,Шкворень D-127754 / 30D5-01021 JAC N120 LE35S Дизель,3,1230,Дизель,D-127754,Москва
2026-03-25 09:00:03,Шкворень D-129789 / WG4071415005 / AZ4071415005 Sitrak C7H Дизель,4,1862,Дизель,D-129789,Москва
2026-03-25 09:00:03,"Шкворень D-130444 / 5801542556 IVECO, HONGYAN Дизель",2,867,Дизель,D-130444,Москва
2026-03-25 09:00:03,Шкворень нижний 4459026 Iveco Orig !,1,4581,Iveco,4459026,Москва
2026-03-25 09:00:03,Шкворень седельно-сцепного устройства (в сборе с тарелкой) D-130013 / KZ1412 Дизель,1,7090,Дизель,D-130013,Москва
2026-03-25 09:00:03,Шкворневой ремкомплект 30*180 K56771-45600 Hyundai HD72-78 ORIG,24,7699,Hyundai-Kia,K56771-45600,Москва
2026-03-25 09:00:03,Шкворневой ремкомплект 35*190 K56771-62001 Hyundai HD120/AeroTown ORIG,5,11925,Hyundai-Kia,K56771-62001,Москва
2026-03-25 09:00:03,Шкворневой ремкомплект A6553300719 / 490878 Mercedes/DieselTechnic !,3,4825,Diesel Technic,4.90878,Москва
2026-03-25 09:00:03,Шкворневой ремкомплект D-130785 / 81.44205.6023/230.037 D=49.5/50 L=224 SHACMAN F3000 E5 Дизель,2,4237,Дизель,D-130785,Москва
2026-03-25 09:00:03,Шкворневой ремкомплект HD2.5T County/Canter 28*180 mm NY-524/K5677 145000 Nam Yang,15,1359,Nam Yang,HD2.5T,Москва
2026-03-25 09:00:03,Шкворневой ремкомплект K56771-45000 HYUNDAI HD65/County ORIG,3,7958,Hyundai-Kia,K56771-45000,Москва
2026-03-25 09:00:03,Шкворневой ремкомплект KP-425 / MT-05 28*160 mm NAM YANG,2,3214,Namyang,NY-425,Москва
2026-03-25 09:00:03,Шкворневой ремкомплект KP-427 / MT-07 28*160 mm NAM YANG,2,3214,Nam Yang,NY-427,Москва
2026-03-25 09:00:03,Шкворневой ремкомплект KP-433 / MT-09 28*160 mm 04431-36041 Nam Yang (K),8,1219,Nam Yang,KP-433,Москва
2026-03-25 09:00:03,"Шкворневой ремкомплект КР-324 / MH-60 43231-1320 35*186,5 mm Nam Yang",5,1610,Nam Yang,43231-1320,Москва
2026-03-25 09:00:03,Шкив водяного насоса D-130484 / 201V06503-0384 HOWO T5G MC11 Дизель,2,905,Дизель,D-130484,Москва
2026-03-25 09:00:03,Шкив коленвала 8-98004-024-3 700P 4HK1 NNR/NPR/FRR/FTR/FRS/FSS ORIG,4,13083,Isuzu,8-98004-024-3,Москва
2026-03-25 09:00:03,Шкив коленвала D-126376 / 8-97222-031-0 4HF1 NKR/NPR/NQR/NKS 93~ Дизель,1,4944,Дизель,D-126376,Москва
2026-03-25 09:00:03,Шланг A0008313088 Mercedes ориг !,1,7645,Mercedes-Benz,A 000 831 30 88,Москва
2026-03-25 09:00:03,Шланг A9405530282 Mercedes ориг !,4,5098,Mercedes,A9405530282,Москва
2026-03-25 09:00:03,Шланг A9405530482 / 410345 Mercedes ориг !,1,1148,Mercedes,A 940 553 04 82,Москва
2026-03-25 09:00:03,Шланг A9405532982 Mercedes ориг !,1,5259,Mercedes,A 940 553 29 82,Москва
2026-03-25 09:00:03,Шланг вакуумный MK629094 Fuso Canter ORIG,2,19685,Mitsubishi,MK629094,Москва
2026-03-25 09:00:03,Шланг гидроцилиндра поворота 2-й оси (с трубкой) D-126813 / DZ95319470260 SHACMAN X3000 Дизель,1,1197,Дизель,D-126813,Москва
2026-03-25 09:00:03,Шланг ГУРа 8-98128-170-1 FVR ORIG,1,7389,Isuzu,8-98128-170-1,Москва
2026-03-25 09:00:03,Шланг радиатора D-126375 / 8-97147-472-0 / 8-97128-675-0 4HF1 4HG1 INL Дизель,2,491,Дизель,D-126375,Москва
2026-03-25 09:00:03,Шланг радиатора D-127200 / 8-97216-029-0 NPR 4HE1 RAD OUTLET Дизель,2,385,Дизель,D-127200,Москва
2026-03-25 09:00:03,Шланг соединительный подъёма каб. WG9112820005 (к-т) Н,2,1460,Howo,WG9112820005,Москва
2026-03-25 09:00:03,Шланг сцепления 1-09364-881-0 FSR34 6HK1 ORIG,1,2297,Isuzu,1-09364-881-0,Москва
2026-03-25 09:00:03,Шланг сцепления 8-97064-108-1 ORIG,1,1338,Isuzu,8-97064-108-1,Москва
2026-03-25 09:00:03,Шланг тормозной 0-57847-430-1 ORIG,6,7832,Isuzu,0-57847-430-1,Москва
2026-03-25 09:00:03,Шланг тормозной 8-97077-458-0 ISUZU NKR/NPR RHD/LHD 99~ RR Y,1,1002,Yamasida,8-97077-458-0,Москва
2026-03-25 09:00:03,Шланг тормозной 8-97089-061-0 ISUZU NKR/NPR/NPS/FRR/FTR 93~ RHD/LHD RR Y,2,738,Yamasida,8-97089-061-0,Москва
2026-03-25 09:00:03,Шланг тормозной 8-97230-284-1 ISUZU NKR/NLR/NMR 99~ RHD/LHD RR Y,4,507,Yamasida,8-97230-284-1,Москва
2026-03-25 09:00:03,Шланг тормозной 8-97358-770-2 ISUZU NKR/NHR/NLR/NMR 04~ RHD/LHD FR Y,7,1725,Yamasida,8-97358-770-2,Москва
2026-03-25 09:00:03,Шланг тормозной 8-97365-481-0 ISUZU NPR/NQR/NNR 03~ RHD/LHD FR Y,1,1360,Yamasida,8-97365-481-0,Москва
2026-03-25 09:00:03,Шланг тормозной 90947-02D85 LP-5781-2 Хино 300 Е-3/4 задний LH Y,1,1125,Yamasida,90947-02D85,Москва
2026-03-25 09:00:03,Шланг тормозной 90947-02D86 LP-5781-3 HINO 300 E-3/4 передний RH ORIG,1,2702,Hino,90947-02D86,Москва
2026-03-25 09:00:03,Шланг тормозной 90947-02D86 LP-5781-3 Хино 300 E-3/4 передний RH Y,3,965,Yamasida,90947-02D86,Москва
2026-03-25 09:00:03,Шланг тормозной 90947-02D87 LP-5781-4 HINO 300 Е-3/4 передний LH ORIG,3,2609,Hino,90947-02D87,Москва
2026-03-25 09:00:03,Шланг тормозной 90947-02E74 LP-5781-5 Хино 300 Е-3/4 задний RH Y,4,1082,Yamasida,90947-02E74,Москва
2026-03-25 09:00:03,Шланг тормозной D-128277 / 8-97039-543-1 передний ISUZU NPR/NQR/NHS/NPS 71/75 94~ RHD/LHD Дизель,1,702,Дизель,D-128277,Москва
2026-03-25 09:00:03,Шланг тормозной D-128278 / 9004-72253 HINO RANGER Дизель,2,750,Дизель,D-128278,Москва
2026-03-25 09:00:03,Шланг тормозной D-128279 / MB060470 CANTER Дизель,6,629,Дизель,D-128279,Москва
2026-03-25 09:00:03,Шланг тормозной D-128280 / MB162206 CANTER/FUSO CANTER Дизель,10,715,Дизель,D-128280,Москва
2026-03-25 09:00:03,Шланг тормозной D-128281 / MB295682 Дизель,9,664,Дизель,D-128281,Москва
2026-03-25 09:00:03,Шланг тормозной D-128282 / W024-43-810A / W024-43-810B Mazda Titan Дизель,2,667,Дизель,D-128282,Москва
2026-03-25 09:00:03,Шланг тормозной D-128724 / DZ9100360163 L=610 передний SHAANXI F3000 Дизель,1,359,Дизель,D-128724,Москва
2026-03-25 09:00:03,Шланг тормозной SH30097S/BH-004460 MB004461 CANTER/FUSO CANTER Y,5,788,Yamasida,SH-30097S,Москва
2026-03-25 09:00:03,Шланг тормозной SH30437/BH-7014 MB060470 CANTER Y,1,700,Yamasida,SH-30437,Москва
2026-03-25 09:00:03,Шланг тормозной SH30577S/BH-7026 MB162206 CANTER/FUSO CANTER Y,1,698,Yamasida,SH-30577S,Москва
2026-03-25 09:00:03,Шланг тормозной SH30737/BH-G337 MH031865 FUSO Y,2,865,Yamasida,SH-30737,Москва
2026-03-25 09:00:03,Шланг тормозной SH30947/BH-7059 MB295681 Y,4,813,Yamasida,SH-30947,Москва
2026-03-25 09:00:03,Шланг тормозной SH30957/BH-7060 MB295682 Y,2,738,Yamasida,SH-30957,Москва
2026-03-25 09:00:03,Шланг тормозной SH31047/BH-7075 / MB334309/MC862668/MH033223 LP-5871 Y,1,917,Yamasida,SH-31047,Москва
2026-03-25 09:00:03,Шланг тормозной SH31307 / MH031885 / 033775 FUSO Yamasida,1,1019,Yamasida,MH031885,Москва
2026-03-25 09:00:03,Шланг тормозной SH31757/ MH033228/MC869834 Y,2,733,Yamasida,SH-31757,Москва
2026-03-25 09:00:03,Шланг тормозной SH40767/BH-02492 90947-02523/02492 Y,1,676,Yamasida,SH-40767,Москва
2026-03-25 09:00:03,Шланг тормозной SH40806/BH-95002/90947-02470/02386/96950-33305 Y,2,760,Yamasida,SH-40806,Москва
2026-03-25 09:00:03,Шланг тормозной SH41747/BH-02249 90947-02566 Dyna/TOYOACE Y,2,857,Yamasida,SH-41747,Москва
2026-03-25 09:00:03,Шланг тормозной SH41957/BH-97003 96912-34105 Dyna/TOYOACE Y,1,356,Yamasida,SH-41957,Москва
2026-03-25 09:00:03,Шланг тормозной SH42167/BH-02431 90947-02521 Dyna/TOYOACE Y,2,334,Yamasida,SH-42167,Москва
2026-03-25 09:00:03,Шланг тормозной SH42657/BH-02477/90947-02477 Y,4,751,Yamasida,90947-02477,Москва
2026-03-25 09:00:03,Шланг тормозной SH42897/BH-02567 90947-02567/90947-02744 Dyna/TOYOACE Y,2,431,Yamasida,SH-42897,Москва
2026-03-25 09:00:03,Шланг тормозной SH50707 BH-48046/46204-89946 41S10 Y,1,447,Yamasida,SH-50707,Москва
2026-03-25 09:00:03,Шланг тормозной SH50727/BH49032 46204-41S10 ATLAS F23 Y,2,1045,Yamasida,SH-50727,Москва
2026-03-25 09:00:03,Шланг тормозной SH50737/46214-01A22/46204-89922 Y,2,736,Yamasida,SH-50737,Москва
2026-03-25 09:00:03,Шланг тормозной SH51077/BH-9022 46201-Z5007 NISSAN CONDOR Y,1,964,Yamasida,SH-51077,Москва
2026-03-25 09:00:03,Шланг тормозной SH51927/BH-39027 46210-20N00 ATLAS F23 Y,2,1107,Yamasida,SH-51927,Москва
2026-03-25 09:00:03,Шланг тормозной SH52077/BH-39037 46210-22T01 ATLAS F23 Y,2,1152,Yamasida,SH-52077,Москва
2026-03-25 09:00:03,Шланг тормозной SH52317/BH-U215 46201-00Z13 NISSAN BIG THUMB Y,1,908,Yamasida,SH-52317,Москва
2026-03-25 09:00:03,Шланг тормозной SH52527/46210-21 OTO11 Y,2,312,Yamasida,SH-52527,Москва
2026-03-25 09:00:03,Шланг тормозной SH52557/BH-N453 46210-0T801 Y,2,1595,Yamasida,SH-52557,Москва
2026-03-25 09:00:03,Шланг тормозной SH80247S/BH-6927 1-09364-129-0/0-05313-500-0/1-09364-090-0/1 ISUZU FORWARD Y,3,935,Yamasida,SH-80247S,Москва
2026-03-25 09:00:03,Шланг тормозной SH80337/BH-6912 1-09364-189-0 Y,1,809,Yamasida,SH-80337,Москва
2026-03-25 09:00:03,Шланг тормозной SH80347S 9004-72129 Y,2,932,Yamasida,SH-80347S,Москва
2026-03-25 09:00:03,Шланг тормозной SH80687S/BH-4551 9004-72171 HINO PROFIY Y,2,908,Yamasida,SH-80687S,Москва
2026-03-25 09:00:03,Шланг тормозной SH80837/BH-4550 9004-72173 HINO PROFIY Y,2,1218,Yamasida,SH-80837,Москва
2026-03-25 09:00:03,Шланг тормозной SH80847/BH-4557 9004-72177 HINO PROFIY Y,2,1005,Yamasida,SH-80847,Москва
2026-03-25 09:00:03,Шланг тормозной SH80857/BH-4560 9004-72194 HINO PROFIY Y,2,983,Yamasida,SH-80857,Москва
2026-03-25 09:00:03,Шланг тормозной SH80867/BH-4558 9004-72195 HINO PROFIY Y,2,884,Yamasida,SH-80867,Москва
2026-03-25 09:00:03,Шланг тормозной SH80907/BH-0564 1-09364-197-0 ISUZU GIGA Y,2,1107,Yamasida,SH-80907,Москва
2026-03-25 09:00:03,Шланг тормозной SH80927/BH-0562 1-09364-190-0 ISUZU GIGA Y,2,885,Yamasida,SH-80927,Москва
2026-03-25 09:00:03,Шланг тормозной SH81077/BH-4563 9004-72253 HINO RANGER Y,2,885,Yamasida,SH-81077,Москва
2026-03-25 09:00:03,Шланг тормозной SH81317/BH-6974 8-94468-727-1 ISUZU ELF Y,2,653,Yamasida,SH-81317,Москва
2026-03-25 09:00:03,Шланг тормозной SH81577/BH-E321 8-97035-064-0 ISUZU ELF Y,2,1225,Yamasida,8-97035-064-0,Москва
2026-03-25 09:00:03,Шланг тормозной SH81727 8-97039-542-0 ISUZU ELF Y,2,1214,Yamasida,SH-81727,Москва
2026-03-25 09:00:03,Шланг тормозной передний 8-98090-844-0 F-series ORIG,2,4328,Isuzu,8980908440,Москва
2026-03-25 09:00:03,Шпилька 51775-8A101 HYUNDAI HD120 ORIG,6,317,Hyundai-Kia,51775-8A101,Москва
2026-03-25 09:00:03,"Шпилька 9-08150-820-0 OD=8 L=20 N,F-series ORIG",1,99,Isuzu,9-08150-820-0,Москва
2026-03-25 09:00:03,"Шпилька бугеля распредвала 8-94322-512-2/8-94322-512-1 (M8X54 L=79) N,F-series 4HK1/6HK1 ORIG",4,229,Isuzu,8-94322-512-2,Москва
2026-03-25 09:00:03,Шпилька в сборе MMC CANTER / задняя-левая / с гайкой / BW56L / МК309611 /,4,202,UDPD,BW56L,Москва
2026-03-25 09:00:03,Шпилька в сборе передняя L=102mm / 094-01-0140 / передняя / / BW76 / 0443AE0220; 0443A-E0220; 0443A,20,368,Zevs,094-01-0140,Москва
2026-03-25 09:00:03,Шпилька заднего колеса с гайкой D-129795 / AZ9112340123 M22 D=23 L=120 FAW Дизель,12,263,Дизель,D-129795,Москва
2026-03-25 09:00:03,Шпилька заднего правого колеса в сборе BW65R/0442A-E0040 HINO 700 SKV,60,329,SKV,BW65R,Москва
2026-03-25 09:00:03,Шпилька задняя 52775-6A200 HYUNDAI GOLD D6GA HD120 ORIG,1,565,Hyundai-Kia,52775-6A200,Москва
2026-03-25 09:00:03,Шпилька колеса (в сборе) 51755-45000 HD45/HD65/HD72/HD78 передняя L (гайка 38) SKV,179,201,SKV,51755-45000,Москва
2026-03-25 09:00:03,Шпилька колеса (в сборе) 52775-45210 HD45/HD65/HD72/HD78 задняя R (гайка 41) SKV,449,238,SKV,52775-45210,Москва
2026-03-25 09:00:03,Шпилька колеса 1-42337-067-1 / 1-42337-044-0 CYZ51 / FR BW70R ISUZU SKV,140,267,SKV,BW70R,Москва
2026-03-25 09:00:03,Шпилька колеса 1-42337-069-1 FVR34/CYZ51 задняя R ISUZU SKV,200,260,SKV,1-42337-069-1,Москва
2026-03-25 09:00:03,"Шпилька колеса 22х1,5х85 1309191SKV/1309191/11.010.0275.060/2808389/520200 (DAF)",50,121,SKV,1309191,Москва
2026-03-25 09:00:03,Шпилька колеса BW31R MMC CANTER Передняя R гайка 38 SKV,100,216,SKV,BW31R,Москва
2026-03-25 09:00:03,"Шпилька колеса BW32R ISUZU ELF 1,5т Задняя R гайка 35 SKV",100,233,SKV,BW32R,Москва
2026-03-25 09:00:03,Шпилька колеса FR/RR RH 8-97168-456-2 NPR75 (дисковый тормоз) ORIG,8,554,Isuzu,8-97168-456-2,Москва
2026-03-25 09:00:03,Шпилька колеса MC862634SKV Fuso Canter (дисковые тормоза) передняя левая SKV,73,217,SKV,MC862634SKV,Москва
2026-03-25 09:00:03,Шпилька колеса MC862635SKV Fuso Canter (дисковые тормоза) передняя правая SKV,5,207,SKV,MC862635SKV,Москва
2026-03-25 09:00:03,Шпилька колеса в сборе 0442A-E0080 HINO 500 rear R M22*1.5*99 SKV,1,259,SKV,0442A-E0080,Москва
2026-03-25 09:00:03,Шпилька колеса в сборе 0443A-E0110 HINO 500 front R M22*1.5*83 SKV,206,259,SKV,0443A-E0110,Москва
2026-03-25 09:00:03,Шпилька колеса в сборе 1-42331-114-2 FSR90 RR ISUZU SKV,7,356,SKV,1-42331-114-2,Москва
2026-03-25 09:00:03,Шпилька колеса в сборе 1-42332-114-2 FSR90 RL ISUZU SKV,63,356,SKV,1-42332-114-2,Москва
2026-03-25 09:00:03,"Шпилька колеса в сборе 8-94383-436-2 NLR55, NMR85, NPR, NQR front RH SKV",62,280,SKV,8-94383-436-2,Москва
2026-03-25 09:00:03,"Шпилька колеса в сборе 8-94383-437-2 NLR55, NMR85, NPR, NQR front LH SKV",201,236,SKV,8-94383-437-2,Москва
2026-03-25 09:00:03,Шпилька колеса в сборе 8-97081-585-2 NQR 71/75 Задняя BW38L 93.5 белая SKV,262,296,SKV,8-97081-585-2,Москва
2026-03-25 09:00:03,Шпилька колеса в сборе 8-97131-283-1 NQR 71/75 Передняя R 85.5 желтая SKV,190,253,SKV,8-97131-283-1,Москва
2026-03-25 09:00:03,Шпилька колеса в сборе 8-97131-284-1 NQR 71/75 Передняя L 85.5 белая SKV,190,253,SKV,8-97131-284-1,Москва
2026-03-25 09:00:03,Шпилька колеса в сборе BN02L FUSO/ISUZU 5т. Задняя L SKV,1,341,SKV,BN02L,Москва
2026-03-25 09:00:03,Шпилька колеса в сборе BN02R FUSO/ISUZU 5т. Задняя R SKV,200,280,SKV,BN02R,Москва
2026-03-25 09:00:03,Шпилька колеса в сборе BN03L L=82 d=22 ISUZU 5т. Передняя L SKV !,26,238,SKV,BN03L,Москва
2026-03-25 09:00:03,Шпилька колеса в сборе BN04L ISUZU/FUSO/UD 10т. Задняя L SKV,200,285,SKV,BN04L,Москва
2026-03-25 09:00:03,Шпилька колеса в сборе BN04R ISUZU/FUSO/UD 10т. Задняя R SKV,200,282,SKV,BN04R,Москва
2026-03-25 09:00:03,Шпилька колеса в сборе BN05L ISUZU 10т. передняя L M20x1.5 SKV,48,250,SKV,BN05L,Москва
2026-03-25 09:00:03,Шпилька колеса в сборе BN05R ISUZU 10т. Передняя R M20x1.5 SKV,40,240,SKV,BN05R,Москва
2026-03-25 09:00:03,Шпилька колеса в сборе BN07L UD 5т. Задняя L SKV,18,282,SKV,BN07L,Москва
2026-03-25 09:00:03,Шпилька колеса в сборе BN07R UD 5т. Задняя R SKV,50,282,SKV,BN07R,Москва
2026-03-25 09:00:03,Шпилька колеса в сборе BN08L UD 5т. Передняя L SKV,4,213,SKV,BN08L,Москва
2026-03-25 09:00:03,Шпилька колеса в сборе BN09L HINO 5т. Передняя L SKV,1,244,SKV,BN09L,Москва
2026-03-25 09:00:03,Шпилька колеса в сборе BN09R HINO 5т. Передняя R SKV,43,246,SKV,BN09R,Москва
2026-03-25 09:00:03,Шпилька колеса в сборе BN10L HINO500 0442A-E0060 HINO 5т. Задняя L SKV,19,310,SKV,BN10L,Москва
2026-03-25 09:00:03,Шпилька колеса в сборе BN13L HINO 10т. Передняя L SKV !,137,204,SKV,BN13L,Москва
2026-03-25 09:00:03,Шпилька колеса в сборе BN16L HINO FD16# Задняя Asia Cosmos L,8,225,Дизель,BN16L,Москва
2026-03-25 09:00:03,Шпилька колеса в сборе BN16R HINO FD16# Задняя Asia Cosmos R,10,181,Дизель,BN16R,Москва
2026-03-25 09:00:03,Шпилька колеса в сборе BN20L HINO/FUSO ЕВРО 10т. унив. L SKV,240,365,SKV,BN20L,Москва
2026-03-25 09:00:03,Шпилька колеса в сборе BN20R HINO/FUSO ЕВРО 10т. унив. R SKV,190,365,SKV,BN20R,Москва
2026-03-25 09:00:03,Шпилька колеса в сборе BN21L HINO/FUSO ЕВРО 10т. унив. L=138 mm for 12 mm SKV,100,390,SKV,BN21L,Москва
2026-03-25 09:00:03,Шпилька колеса в сборе BN21R HINO/FUSO ЕВРО 10т. унив. L=138 mm for 12 mm SKV,72,390,SKV,BN21R,Москва
2026-03-25 09:00:03,Шпилька колеса в сборе BW19L NPR NEW RR LH SKV,286,254,SKV,BW19L,Москва
2026-03-25 09:00:03,Шпилька колеса в сборе BW19R NPR NEW RR RH SKV,274,254,SKV,BW19R,Москва
2026-03-25 09:00:03,Шпилька колеса в сборе BW30L MMC CANTER Задняя L гайка 38 SKV,58,289,SKV,BW30L,Москва
2026-03-25 09:00:03,Шпилька колеса в сборе BW30R MMC CANTER Задняя R гайка 38 SKV,16,289,SKV,BW30R,Москва
2026-03-25 09:00:03,Шпилька колеса в сборе BW31L MMC CANTER Передняя L гайка 38 SKV,45,233,SKV,BW31L,Москва
2026-03-25 09:00:03,"Шпилька колеса в сборе BW33L ISUZU ELF 1,5т Передняя L гайка 35 (диск) SKV !",24,202,SKV,BW33L,Москва
2026-03-25 09:00:03,"Шпилька колеса в сборе BW33R ISUZU ELF 1,5т Передняя R гайка 35 (диск) SKV !",119,202,SKV,BW33R,Москва
2026-03-25 09:00:03,Шпилька колеса в сборе BW45L ISUZU ELF Передняя 21 L гайка 41 (диск),6,363,JMC,BW45L,Москва
2026-03-25 09:00:03,Шпилька колеса в сборе BW62L Rear LH MC891568/MK501079/MB308673 MMC CANTER M20*1.5*83 SKV,160,259,SKV,BW62L,Москва
2026-03-25 09:00:03,Шпилька колеса в сборе BW62R Rear RH MC891569/MK501080/MB308672 MMC CANTER M20*1.5*83 SKV,190,285,SKV,BW62R,Москва
2026-03-25 09:00:03,Шпилька колеса в сборе BW63L Front LH MC891568/MK501079/MB308673 MMC CANTER M20*1.5*83 SKV,20,222,SKV,BW63L,Москва
2026-03-25 09:00:03,Шпилька колеса в сборе BW63R Front RH MC891569/MK501080/MB308672 MMC CANTER M20*1.5*83 SKV,88,222,SKV,BW63R,Москва
2026-03-25 09:00:03,Шпилька колеса в сборе BW68L Front LH 90942-02071 HINO 300 SKV,200,200,SKV,BW68L,Москва
2026-03-25 09:00:03,Шпилька колеса в сборе BW68R Front RH 90942-02072 HINO 300 SKV,10,200,SKV,BW68R,Москва
2026-03-25 09:00:03,Шпилька колеса в сборе BW69L Rear LH 90942-02071 HINO 300 SKV,162,227,SKV,BW69L,Москва
2026-03-25 09:00:03,Шпилька колеса в сборе BW69R Rear RH 90942-02072 HINO 300 SKV,172,227,SKV,BW69R,Москва
2026-03-25 09:00:03,Шпилька колеса в сборе FR/RR LH 8-97168-457-2 NPR75 (дисковый тормоз) SKV,100,204,SKV,8-97168-457-2,Москва
2026-03-25 09:00:03,Шпилька колеса в сборе FR/RR LH D-125138 / 8-97168-457-2 дисковый тормоз NPR75 Дизель,20,400,Дизель,D-125138,Москва
2026-03-25 09:00:03,Шпилька колеса в сборе FR/RR RH 8-97168-456-2 NPR75 (дисковый тормоз) SKV,100,204,SKV,8-97168-456-2,Москва
2026-03-25 09:00:03,Шпилька колеса в сборе FR/RR RH D-125137/8-97168-456-2 NPR75 (дисковый тормоз) Дизель,3,411,Дизель,D-125137,Москва
2026-03-25 09:00:03,Шпилька колеса в сборе ML236270 Fuso Canter (дисковые тормоза) задняя левая SKV,64,271,SKV,ML236270,Москва
2026-03-25 09:00:03,Шпилька колеса в сборе ML236271 Fuso Canter (дисковые тормоза) задняя правая SKV,50,266,SKV,ML236271,Москва
2026-03-25 09:00:03,Шпилька колеса зад в сборе М22*1.5*119мм 42064826/42117455/729055 / 933016 China !,12,231,Дизель,42064826,Москва
2026-03-25 09:00:03,Шпилька колеса заднего D-126058 / 9920140120 JAC N35 Дизель,8,281,Дизель,D-126058,Москва
2026-03-25 09:00:03,Шпилька колеса заднего D-127932 / 3104051-A0E/G FAW CA3311 Дизель,16,300,Дизель,D-127932,Москва
2026-03-25 09:00:03,Шпилька колеса заднего в сборе D-126059 / HFF3104114CK2BZ7 JAC N350 Дизель,60,517,Дизель,D-126059,Москва
2026-03-25 09:00:03,"Шпилька колеса задняя 7/8""x11 L=113 2285282 Scania SKV",100,160,SKV,2285282,Москва
2026-03-25 09:00:03,Шпилька колеса пер М22*1.5*99мм 2213002750 Europart,13,243,Europart,2213 002 750,Москва
2026-03-25 09:00:03,Шпилька колеса пер М22*1.5*99мм 42117451/2213002750/951064 EMMERRE,6,304,Emmerre,951064,Москва
2026-03-25 09:00:03,Шпилька колеса переднего D-126060 / AK31041145GJH JAC N350 Дизель,22,363,Дизель,D-126060,Москва
2026-03-25 09:00:03,Шпилька колеса передняя с гайкой D-127387 / 81.45501.0076 / CK-81.45501.0076 M22 L=90 Дизель,20,230,Дизель,D-127387,Москва
2026-03-25 09:00:03,"Шпилька колеса с гайкой, задняя L / MITSUBISHI / HB-0441RL / BW56L , MK309611 , MB161145 , MLS083",5,290,Ootoko,HB-0441RL,Москва
2026-03-25 09:00:03,"Шпилька колеса с футоркой и гайкой задняя R / ISUZU / HB-0201RR-A / 5-42335-001-1 , 8-94365-254-0 ,",6,254,Autodepo,5-42335-001-1,Москва
2026-03-25 09:00:03,Шпилька колесная 0329633141 / 03.296.33.14.1 BPW SKV,75,129,SKV,0329633141,Москва
2026-03-25 09:00:03,Шпилька колесная 0329633211SKV M22х1.5х93.6/58.6 (BPW),79,124,SKV,0329633211,Москва
2026-03-25 09:00:03,Шпилька колесная 1303107412 / 1303107412 SAF / 11.010.2227.010 M22x1.5x94/84/48,31,127,SKV,1303107412,Москва
2026-03-25 09:00:03,Шпилька колесная 1303111811 / 1303111811 SAF / 11.010.2177.000 M22x1.5x66/77,210,127,SKV,1303111811,Москва
2026-03-25 09:00:03,Шпилька колесная 1368693SKV 7/8''x11 BSFx96 L=85 мм Rear Scania SKV,30,134,SKV,1368693SKV,Москва
2026-03-25 09:00:03,Шпилька колесная 1368694SKV 7/8'' L=109/97/71 RHT Rear Scania SKV,18,102,SKV,1368694SKV,Москва
2026-03-25 09:00:03,Шпилька колесная 1528655SKV / 1528655 SCANIA SKV,90,152,SKV,1528655SKV,Москва
2026-03-25 09:00:03,"Шпилька колесная 1868665SKV / 117134 / 1868665 SCANIA 4/P/G/R/T- ser., 7/8""x11 BSF/72 74mm",50,160,SKV,1868665,Москва
2026-03-25 09:00:03,"Шпилька колесная 1868668SKV 7/8"" х 11 BSF x 110 L=98 мм Rear Scania SKV",4,154,SKV,1868668SKV,Москва
2026-03-25 09:00:03,"Шпилька колесная 20515515SKV / 20515515 / 265090 M 22x1, 5x98/ 88-10, 9 Volvo",81,114,SKV,20515515,Москва
2026-03-25 09:00:03,Шпилька колесная 21147687SKV / 20524942 Rear Volvo SKV,92,180,SKV,21147687,Москва
2026-03-25 09:00:03,"Шпилька колесная 3894010071SKV / A3894010071 / 11.010.1905.350 FR M22 x 1,5 x 77 MB",22,108,SKV,3894010071,Москва
2026-03-25 09:00:03,Шпилька колесная 81455010176SKV / A0004013771 / 81455010141 Rear MAN/MERCEDES SKV,43,147,SKV,81455010176,Москва
2026-03-25 09:00:03,Шпилька колесная 9424010271SKV / A9424010271 / 440204 FR/RR M22x1.5x68 MB,1,134,SKV,9424010271SKV,Москва
2026-03-25 09:00:03,Шпилька колесная 9424010371SKV / A9424010371 / 440205 M22x1.5x102/91/57 RR MB Actros/Axor SKV,100,137,SKV,9424010371,Москва
2026-03-25 09:00:03,"Шпилька колесная 9484010271SKV / A9484010271 / 11.010.1924.170 M22x1,5х85 MB",1,147,SKV,9484010271,Москва
2026-03-25 09:00:03,Шпилька колесная BW 71 / 1-42337-066-2/1 / 1423370661 / 1423370662 Isuzu,1,713,JMC,1-42337-066-2,Москва
2026-03-25 09:00:03,Шпилька колесная FR 51755-58200 HYUNDAI HD78 D4GA ORIG,27,647,Hyundai-Kia,51755-58200,Москва
2026-03-25 09:00:03,Шпилька колесная Hino 5 тонн (перед стандарт) L,10,117,JMC,Hino 5,Москва
2026-03-25 09:00:03,"Шпилька колесная M22x1,5х100,5/50 мм 017872 SKV",65,152,SKV,017872,Москва
2026-03-25 09:00:03,Шпилька колесная M22x1.5x80/46 0329633111 / 03.296.33.11.1/11.010.0246.990/31308008511 SKV,64,129,SKV,0329633111,Москва
2026-03-25 09:00:03,Шпилька колесная задняя 9920220200 N120 JAC ORIG,20,353,JAC,9920220200,Москва
2026-03-25 09:00:03,Шпилька колесная задняя левая 9920200470-B N75 JAC ORIG,10,259,JAC,9920200470-B,Москва
2026-03-25 09:00:03,Шпилька колесная задняя с гайкой L=110 D=22 M22 F3000 усиленная качество Createk,10,374,JMC,81.45501.0083-CK,Москва
2026-03-25 09:00:03,Шпилька колесная перед. (дисковый тормоз) 3503015LE130XZ N75/N80 JAC,14,510,JAC,3503015LE130XZ,Москва
2026-03-25 09:00:03,Шпилька колесная передняя D-127757 / 3103223E8AUS N90 JAC Дизель,8,200,Дизель,D-127757,Москва
2026-03-25 09:00:03,Шпилька колесная передняя левая YF30SL-03051 N56 JAC ORIG,10,271,JAC,YF30SL-03051,Москва
2026-03-25 09:00:03,Шпилька колесная передняя н/о 3103223E8AUS-M22-ZH N75 JAC ORIG,70,437,JAC,3103223E8AUS-M22-ZH,Москва
2026-03-25 09:00:03,Шпилька колесная передняя правая YF30SL-03052 N56 JAC ORIG,10,300,JAC,YF30SL-03052,Москва
2026-03-25 09:00:03,Шпилька переднего колеса D-128187 / 6000048926 IVECO/HONGYAN Дизель,20,383,Дизель,D-128187,Москва
2026-03-25 09:00:03,Шпилька переднего колеса в сборе D-127933 / 3103051-4EB1 FAW J5/6 Дизель,1,290,Дизель,D-127933,Москва
2026-03-25 09:00:03,Шпилька переднего колеса левая 3103223E4AA-ZH N75 JAC ORIG,24,274,JAC,3103223E4AA-ZH,Москва
2026-03-25 09:00:03,Шпилька передняя левая в сборе / 094-01-0103 / передняя-левая / / BW60LF / 5175545200; 51755-45200,2,319,UDPD,51755-45200,Москва
2026-03-25 09:00:03,Шпилька ступицы заднего колеса 52755-4F000 Hyundai Porter 2 ORIG,10,106,Hyundai-Kia,52755-4F000,Москва
2026-03-25 09:00:03,Шпилька ступицы переднего колеса 52755-47000 Hyundai Porter TYB,2,48,TYB,52755-47000,Москва
2026-03-25 09:00:03,Шпилька турбокомпрессора 1-09302-106-0 NP/NQR/FSR (LHD) ORIG,3,176,Isuzu,1-09302-106-0,Москва
2026-03-25 09:00:03,"Шпильки D-129997 5т передние L Fuso, Isuzu Дизель",10,156,Дизель,D-129997,Москва
2026-03-25 09:00:03,Шпонка вторичного вала КПП D-127991 / 12JS160T-1701121 шестигранная SHACMAN Дизель,1,195,Дизель,D-127991,Москва
2026-03-25 09:00:03,"Шпонка к/вала 8-94201-641-0 N,Q-series ORIG",2,328,Isuzu,8-94201-641-0,Москва
2026-03-25 09:00:03,Шпонка КПП QD43384T-00010/43384-45000 Hyundai HD72/78 ORIG,4,96,Hyundai-Kia,QD43384T-00010,Москва
2026-03-25 09:00:03,Шприц для смазки рычажный 97203 400мл SATA,1,2784,sata,97203,Москва
2026-03-25 09:00:03,Штанга передняя нижняя задней подвески D-126708 / 2919010A65B/A 3250/J6 FAW Дизель,5,5100,Дизель,D-126708,Москва
2026-03-25 09:00:03,Штанга реактивная задняя нижняя D-126656 / 2919020А65В FAW Дизель,5,4210,Дизель,D-126656,Москва
2026-03-25 09:00:03,Штанга толкателя клапана 8-98273-084-0 4LE1/4LE2 ORIG,1,777,Isuzu,8-98273-084-0,Москва
2026-03-25 09:00:03,Штанга толкателя клапана D-126061 / 1000495052 JAC N350 WP10 E-5 Дизель,1,225,Дизель,D-126061,Москва
2026-03-25 09:00:03,Штанга толкателя клапана D-127201 / 1-12575-036-0 4BD2 N-series Дизель,2,280,Дизель,D-127201,Москва
2026-03-25 09:00:03,Штифт 93156036 / 1297304436 ZF !,2,144,ZF Parts,1297.304.436,Москва
2026-03-25 09:00:03,Штифт балансира D-124991 / 1-51389-066-0 CX# CY# CV# EX# Дизель,1,787,Дизель,D-124991,Москва
2026-03-25 09:00:03,Штифт блока цилиндров L=22 8-94483-674-0 ORIG,5,258,Isuzu,8-94483-674-0,Москва
2026-03-25 09:00:03,Штифт демпферной пастины пром. вала кпп 9-08160-825-0 N-series ORIG,10,219,Isuzu,9-08160-825-0,Москва
2026-03-25 09:00:03,Штифт КПП 8-97011-596-2 NQR71/75/90 ORIG,1,384,Isuzu,8-97011-596-2,Москва
2026-03-25 09:00:03,Шток ПГУ сцепления 1-31824-248-0/1-31824-240-0 FVR34/FSR34/FSR90 ORIG,1,5131,Isuzu,1-31824-248-0,Москва
2026-03-25 09:00:03,Шток ПГУ сцепления D-125731 / 1-31824-233-0 C/E/F series Дизель,3,979,Дизель,D-125731,Москва
2026-03-25 09:00:03,Шток ПГУ сцепления D-128874 / 1-31824-160-0 Дизель,2,335,Дизель,D-128874,Москва
2026-03-25 09:00:03,"Шток рабочего тормозного цилиндра 1-47640-012-0 C, F,E-series ORIG",4,2938,Isuzu,1-47640-012-0,Москва
2026-03-25 09:00:03,"Шток рабочего тормозного цилиндра D-128883 / 1-47640-012-0 C,F,E-series Дизель",1,1166,Дизель,D-128883,Москва
2026-03-25 09:00:03,Шток рабочего цилиндра сцепления D-128544 / 8-97065-442-0 Дизель,14,260,Дизель,D-128544,Москва
2026-03-25 09:00:03,Штуцер D-130486 / 200V98181-6026 HOWO T5G Дизель,1,507,Дизель,D-130486,Москва
2026-03-25 09:00:03,Штуцер D-130495 / 200V98131-0049 HOWO T5G Дизель,3,504,Дизель,D-130495,Москва
2026-03-25 09:00:03,Штуцер E-007 16180-1450 ALL PM !,4,458,Paul Master,16180-1450,Москва
2026-03-25 09:00:03,Штуцер E-007 16180-1450 FW#FD2H/3H#FX3H# PM !,10,346,Paul Master,E-007,Москва
2026-03-25 09:00:03,Штуцер для шланга под хомут прямой D-130730 / SYE-1095 (M10) Дизель,10,58,Дизель,D-130730,Москва
2026-03-25 09:00:03,Штуцер для шланга под хомут прямой D-130731 / SYE-1095 (M6) Дизель,10,34,Дизель,D-130731,Москва
2026-03-25 09:00:03,Штуцер для шланга под хомут прямой D-130732 / SYE-1095 (M8) Дизель,10,54,Дизель,D-130732,Москва
2026-03-25 09:00:03,"Штуцер топливной форсунки 8-98161-062-0 N,Q-series ORIG",6,536,Isuzu,8-98161-062-0,Москва
2026-03-25 09:00:03,Штуцер тройник 1-09661-026-0 ORIG,3,2069,Isuzu,1-09661-026-0,Москва
2026-03-25 09:00:03,"Щетка генератора 8-98273-826-0 F,N-series ORIG",6,1110,Isuzu,8-98273-826-0,Москва
2026-03-25 09:00:03,Щетка стартера 8-98055-296-0 N-series 4HK1 ORIG,4,384,Isuzu,8-98055-296-0,Москва
2026-03-25 09:00:03,Щетка стеклоочистителя A0018204845 / 7257002020 / 9XW204587281 700 мм Europart,10,461,Europart,7257002020,Москва
2026-03-25 09:00:03,"Щетка стеклоочистителя AUTOPROFI зимняя,в резин.кожухе 18* /450мм/ UD-18",2,385,JMC,UD-18,Москва
2026-03-25 09:00:03,Щетка стеклоочистителя D-126062 / JACZKGP600 JAC Дизель,10,228,Дизель,D-126062,Москва
2026-03-25 09:00:03,Щетка стеклоочистителя D-129105 / 810W26440-0063 HOWO T5G Дизель,1,239,Дизель,D-129105,Москва
2026-03-25 09:00:03,"Щетка стеклоочистителя D-130272 / 400mm каркасная универсальная 16"" Дизель",1,136,Дизель,D-130272,Москва
2026-03-25 09:00:03,"Щетка стеклоочистителя D-130273 / 425mm каркасная универсальная 17"" Дизель",2,162,Дизель,D-130273,Москва
2026-03-25 09:00:03,"Щетка стеклоочистителя D-130274 / 450mm каркасная универсальная 18"" Дизель",10,211,Дизель,D-130274,Москва
2026-03-25 09:00:03,"Щетка стеклоочистителя D-130275 / 475mm каркасная универсальная 19"" Дизель",10,266,Дизель,D-130275,Москва
2026-03-25 09:00:03,"Щетка стеклоочистителя D-130277 / 525mm каркасная универсальная 21"" Дизель",7,207,Дизель,D-130277,Москва
2026-03-25 09:00:03,"Щетка стеклоочистителя D-130278 / 550mm каркасная универсальная 22"" Дизель",1,328,Дизель,D-130278,Москва
2026-03-25 09:00:03,"Щетка стеклоочистителя D-130279 / 600mm каркасная универсальная 24"" Дизель",3,187,Дизель,D-130279,Москва
2026-03-25 09:00:03,Щеткодержатель 1-81121-066-0 F-series 6HK1 E-4 ORIG,1,2101,Isuzu,1-81121-066-0,Москва
2026-03-25 09:00:03,Щеткодержатель 1-81121-071-0 C-series 6WG1 ORIG,1,3040,Isuzu,1-81121-071-0,Москва
2026-03-25 09:00:03,"Щеткодержатель 8-97230-562-0 N,F-series ORIG",1,4303,Isuzu,8-97230-562-0,Москва
2026-03-25 09:00:03,Щеткодержатель D-128845 / TZ215-320 HINO EF750 ISUZU 6HE1 6НН1 J08C Дизель,1,762,Дизель,D-128845,Москва
2026-03-25 09:00:03,Щеткодержатель D-128845-D / TZ215-320 HINO EF750 ISUZU 6HE1 6НН1 J08C Дизель,4,908,Дизель,D-128845-D,Москва
2026-03-25 09:00:03,Щеткодержатель D-129800 / TZ117 / TZ117-320 MAZDA HA/XA Дизель,1,646,Дизель,D-129800,Москва
2026-03-25 09:00:03,Щеткодержатель D-129801 / TZ217 / TZ217-320 MMC 4D33 Дизель,2,627,Дизель,D-129801,Москва
2026-03-25 09:00:03,Щеткодержатель D-130155 / TZ2611 MMC 6D17 Дизель,2,633,Дизель,D-130155,Москва
2026-03-25 09:00:03,Щеткодержатель ME753663 Fuso Canter ORIG,4,5297,Mitsubishi,ME753663,Москва
2026-03-25 09:00:03,Щиток (подкрылок) переднего правого колеса D-126374 / 1-79937-907-0/4 ISUZU CYZ51 CXZ/EXZ51 Дизель,1,5242,Дизель,D-126374,Москва
2026-03-25 09:00:03,Щиток переднего тормоза 8-98037-377-0 ORIG,2,3236,Isuzu,8-98037-377-0,Москва
2026-03-25 09:00:03,Щиток подножки L D-126570 / 812W61510-0803 Sitrak C7H Дизель,1,2157,Дизель,D-126570,Москва
2026-03-25 09:00:03,Щиток приборной панели WG9918581129 HOWO ORIG,2,21382,Howo,WG9918581129,Москва
2026-03-25 09:00:03,Щуп масла 4JJ1 8-98112-777-1 ORIG,1,1054,Isuzu,8-98112-777-1,Москва
2026-03-25 09:00:03,Щуп масляный 4HK1 8-97519-394-0 ORIG,2,2366,Isuzu,8-97519-394-0,Москва
2026-03-25 09:00:03,Щуп масляный 4HK1 8-98197-673-0 ORIG,13,987,Isuzu,8-98197-673-0,Москва
2026-03-25 09:00:03,Щуп масляный D-126063 / 612600013151 JAC N350 WP10 E-5 Дизель,1,1200,Дизель,D-126063,Москва
2026-03-25 09:00:03,Электромагнитный клапан D-129592 / HDE-044 / MC842366 3-х сторонний FUSO Дизель,1,1615,Дизель,D-129592,Москва
2026-03-25 09:00:03,"Эмблема ""ISUZU"" D-125003 / 8-98097-380-0 N-series Дизель",13,1161,Дизель,D-125003,Москва
2026-03-25 09:00:03,Эмблема 86451-5K000 HYUNDAI НD65/72/78 ORIG,1,1236,Hyundai-Kia,86451-5K000,Москва
2026-03-25 09:00:03,Эмблема на решетку радиатора 86410-6A001 HYUNDAI HD65/78/120 ORIG,4,881,Hyundai-Kia,86410-6A001,Москва
2026-03-25 09:00:03,Энергоаккумулятор (дисковый тормоз) PRO4200010 / 81504106607 / A0164204018 20/24-57мм Man/MB/Daf,2,9923,Provia,PRO4200010,Москва
2026-03-25 09:00:03,Энергоаккумулятор 24/24 9254919000 / A0194209118 / A0244204018 Mercedes/Wabco !,1,59976,Wabco,9254919000,Москва
2026-03-25 09:00:03,Энергоаккумулятор 24/30 65/65 9254911437 Wabco// II37279 / Mercedes,1,16021,Wabco,9254911437,Москва
2026-03-25 09:00:03,Энергоаккумулятор 24/30 65/65 II37279/A019420801828/A0194201828/9254914310/BX9521 Mercedes/Knorr-Bremse,1,15389,Knorr Bremse,BX9521,Москва
2026-03-25 09:00:03,Энергоаккумулятор D-125240 / 47850-1881/SDC-70308 HINO 700 E13C Дизель,1,7901,Дизель,D-125240,Москва
2026-03-25 09:00:03,"Энергоаккумулятор G-30/24 F KAMAZ (6520, 6460, 6522, 5460, НефАЗ-5297) 9254320220/9254320227 WABCO",1,17210,Wabco,9254320227,Москва
2026-03-25 09:00:03,Энергоаккумулятор RR LH D-125239 / S49U0-E0400 HINO500 /HINO700 сред.мост 10тонн Дизель,1,8672,Дизель,D-125239,Москва
2026-03-25 09:00:03,Энергоаккумулятор RR LH D-129611 / S49U0-E0400 средний мост 10т HINO 500/700 Дизель,1,9955,Дизель,D-129611,Москва
2026-03-25 09:00:03,Энергоаккумулятор RR RH 59140-6B100 HD120 ORIG,1,40659,Hyundai-Kia,59140-6B100,Москва
2026-03-25 09:00:03,Энергоаккумулятор зад.прав. 30/30 II37281/0204200018 / 9254929030 /9254921027 Knorr-Bremse !,2,16460,Knorr Bremse,BZ9657,Москва
2026-03-25 09:00:03,Энергоаккумулятор левый D-126064 / AK35190302BZ12-C JAC N350 Дизель,1,5814,Дизель,D-126064,Москва
2026-03-25 09:00:03,Энергоаккумулятор перед. прав. 4231074080 / A0074209224 Mercedes/Wabco !,2,15270,Wabco,4231074080,Москва
2026-03-25 09:00:03,Энергоаккумулятор тип зад. прав. 24/30 9254914400/A0204200118 Mercedes/Wabco !,1,42369,Wabco,9254914400,Москва
2026-03-25 09:00:03,Энергоаккумулятор тормозной D-125064 / 1-48250-869-1 RH C-series Дизель,1,9346,Дизель,D-125064,Москва
2026-03-25 09:00:03,Энергоаккумулятор тормозной D-125065 / 1-48250-868-0 LH C-series Дизель,8,9332,Дизель,D-125065,Москва
