Дата,Номенклатура,Остаток,Цена,Производитель,Артикул,Склад
2025-12-28 14:11:01,Адаптер датчика детонации 8-98126-430-0 N-series 4HV1 (CNG) ГАЗ ORIG,2,309,Isuzu,8-98126-430-0,Москва
2025-12-28 14:11:01,Амортизатор (демпфер кабины) 215*245*12 (180*245 по центрам сайлентблоков) возможно 133012 Automatic,4,1021,Automatic,133012,Москва
2025-12-28 14:11:01,Амортизатор 1-51630-417-0 / 1-51630-726-0 / 1-51630-512-0 Isuzu 95~ Automatic,8,2942,Automatic,1-51630-417-0,Москва
2025-12-28 14:11:01,Амортизатор 1-87610-154-0/1-51630-417-0/1-51630-726-0 CYZ/EXZ/FXZ ORIG CHINA,11,4510,Isuzu,1876101540,Москва
2025-12-28 14:11:01,Амортизатор 1201R W208-36-700A MAZDA TITAN 89~ Automatic,6,1020,Automatic,1201R,Москва
2025-12-28 14:11:01,Амортизатор 1547113 Scania Automatic,4,3472,Automatic,1547113,Москва
2025-12-28 14:11:01,Амортизатор 1861117 Scania Automatic,2,3190,Automatic,1861117,Москва
2025-12-28 14:11:01,"Амортизатор 2048/48531-80705 /MB515566 /56210-32C25 M.-Titan, WG# WE#, MMC Delica Truck, L300-T Automatic",6,1316,Automatic,2048,Москва
2025-12-28 14:11:01,Амортизатор 2504 / 48531-80554 T-DYNA/TOYOACE NK !,2,1383,Nikoyo,2504,Москва
2025-12-28 14:11:01,Амортизатор 2657/ W785-34-700 / W023-34-700 MAZDA TITAN 92~ Automatic,2,1008,Automatic,2657,Москва
2025-12-28 14:11:01,"Амортизатор 2663 / 48511-29736 / 48511-80092 DYNA DYNA 150/TOYOACE G15 LY1##,2##,YY1##,2## Automatic",1,1291,Automatic,2663,Москва
2025-12-28 14:11:01,"Амортизатор 2814/S46E-28-700 / E6200-35G26 / 8-94126-840-0 Mazda Bongo, Atlas F23, Nissan Dats Automatic",4,1067,Automatic,2814,Москва
2025-12-28 14:11:01,Амортизатор 2870R / 133013 Демпфер кабины ISUZU CXZ/XM 89~ 1-51630-152-1(УУ) Automatic,2,1076,Automatic,2870R,Москва
2025-12-28 14:11:01,"Амортизатор 2894R / 1-51630-132-0 Isuzu 10t FT, FR Automatic",2,1107,Automatic,2894R,Москва
2025-12-28 14:11:01,Амортизатор 3068 / 444040 / 56210-T6227 / MB161655 (УУ) Automatic,1,1111,Automatic,3068,Москва
2025-12-28 14:11:01,Амортизатор 3150 / 444197 DYNA/TOYOACE BU1#/2# (УШ) Automatic,31,1200,Automatic,444197,Москва
2025-12-28 14:11:01,Амортизатор 3243 / 444197 / 444148 CANTER FB/FE F (УШ) Automatic,2,1034,Automatic,3243,Москва
2025-12-28 14:11:01,"Амортизатор 3269 /444025 /48531-80442/-39757/ 56210-T6125 DYNA BU1##,2##,RZU100,140,XZU130 Automatic",4,1270,Automatic,3269,Москва
2025-12-28 14:11:01,Амортизатор 3271 NK !,4,1225,Nikoyo,3271,Москва
2025-12-28 14:11:01,Амортизатор 3407 / 3470 / 444211 / MC304889 CANTER FE4# 85 (УШ) Automatic,1,1194,Automatic,3407,Москва
2025-12-28 14:11:01,Амортизатор 3409 / MB161556 CANTER F Automatic,12,1194,Automatic,3409,Москва
2025-12-28 14:11:01,Амортизатор 3537 / 444213 / 8-97253-611-0 ELF250 NKR/NHR 86~ (УШ) Automatic,1,1336,Automatic,3537,Москва
2025-12-28 14:11:01,Амортизатор 3576 / 444269 / 8-97253-651-0 ISUZU ELF 250 задний NQR (УУ) Automatic,12,1174,Automatic,444269,Москва
2025-12-28 14:11:01,"Амортизатор 3577 / 8-97253-599-0 ELF250, NKR 55 Automatic",2,1270,Automatic,3577,Москва
2025-12-28 14:11:01,Амортизатор 4046/N3603/445061/MK302296 задний MMC FUSO FM618 Rear (УШ) Automatic,13,1902,Automatic,4046,Москва
2025-12-28 14:11:01,Амортизатор 48500-E0220 HINO 700 Automatic,2,2751,Automatic,48500-E0220,Москва
2025-12-28 14:11:01,Амортизатор 48531-80671 DYNA/TOYOACE 99-04 Automatic,2,1079,Automatic,48531-80671,Москва
2025-12-28 14:11:01,Амортизатор 5016 L440-680 низ втулка 20-32-40 (УШ) Automatic,6,2340,Automatic,5016,Москва
2025-12-28 14:11:01,"Амортизатор 5024/N4604/56101-Z1030/56110-Z2000 передний NISSAN UD CK60,KW30,CZ50 (УШ) Automatic",4,2034,Automatic,5024,Москва
2025-12-28 14:11:01,Амортизатор 5042 / 446034 / 1-51630-053-0/1/2 ISUZU CXK/CXL/CXM/CXZ (УШ) Automatic,4,2486,Automatic,5042,Москва
2025-12-28 14:11:01,Амортизатор 5044 / 446032 UD TRUCK/BUS 84~ (УШ) Automatic,4,3154,Automatic,5044,Москва
2025-12-28 14:11:01,Амортизатор 54300-4B700 H100 Porter FR Automatic,14,1090,Automatic,54300-4B700,Москва
2025-12-28 14:11:01,Амортизатор 54300-5K000 / PJAF070 HD78 FR (УШ) Automatic,19,1074,Automatic,54300-5K000,Москва
2025-12-28 14:11:01,Амортизатор 54300-8A810 HYUNDAI ORIG,1,8769,Hyundai-Kia,54300-8A810,Москва
2025-12-28 14:11:01,Амортизатор 55300-4B700 H100 Porter RR Automatic,5,1383,Automatic,55300-4B700,Москва
2025-12-28 14:11:01,Амортизатор 55300-5A120 Hyundai County RR Automatic,3,1270,Automatic,55300-5A120,Москва
2025-12-28 14:11:01,Амортизатор 8-97611-892-1/1-51630-544-3 CXZ/CYL ORIG,2,28537,Isuzu,8-97611-892-1,Москва
2025-12-28 14:11:01,Амортизатор 8-98202-796-0 rear NQR Automatic,1,1257,Automatic,8-98202-796-0,Москва
2025-12-28 14:11:01,Амортизатор 8-98232-673-0/1 / 8-98202-858-0 передний NQR90 (УШ) Automatic,43,1270,Automatic,8-98232-673-0,Москва
2025-12-28 14:11:01,Амортизатор A0063233900 / A0063237400 / 124639 / 9200124639 Mercedes Automatic,4,2307,Automatic,A0063233900,Москва
2025-12-28 14:11:01,Амортизатор A0063266800 / A0053266000 / 462858 Mercedes Automatic,6,2937,Automatic,A0063266800,Москва
2025-12-28 14:11:01,Амортизатор D-125077 / 8-98232-673-0/1 / 8-98202-858-0 передний NQR90 Дизель,13,1566,Дизель,D-125077,Москва
2025-12-28 14:11:01,Амортизатор D-125615 / 9-51630-665-0 (УШ) N-series Дизель,4,1585,Дизель,D-125615,Москва
2025-12-28 14:11:01,Амортизатор D-125616 / 8-97231-573-0 / 8-98320-085-0 задний NKR Дизель,2,1476,Дизель,D-125616,Москва
2025-12-28 14:11:01,Амортизатор D-125761 / 2905010Y30B0 / 54300-7H050 передний JAC N350 Дизель,2,3047,Дизель,D-125761,Москва
2025-12-28 14:11:01,Амортизатор D-126377 / WG9925680031 / WG9731680031 передний Sitrak C7H Дизель,6,1850,Дизель,D-126377,Москва
2025-12-28 14:11:01,Амортизатор D-126666 / 2905010-DR010 передний FAW Дизель,42,1143,Дизель,D-126666,Москва
2025-12-28 14:11:01,Амортизатор D-126714 / WG9925680028 передний HOWO Дизель,13,1346,Дизель,D-126714,Москва
2025-12-28 14:11:01,Амортизатор D-127293 / СК8097 / WG9114680004 / DZ199112680014 передний HOWO/SHAANXI Дизель,10,1583,Дизель,D-127293,Москва
2025-12-28 14:11:01,Амортизатор D-127460 / 3166 / 8-97253-658-0 ELF250 NKR Дизель,39,1372,Дизель,D-127460,Москва
2025-12-28 14:11:01,Амортизатор D-127462 / 3178 / 8-97253-633-0 / MC096225 Дизель,15,1205,Дизель,D-127462,Москва
2025-12-28 14:11:01,Амортизатор D-127467 / 3575 / 444268 / 8-97253-617-0 / 48511-89215 передний (УШ) NQR71/75 NQR Дизель,143,1201,Дизель,D-127467,Москва
2025-12-28 14:11:01,Амортизатор D-127470 / 3794 / 444261 / 8-97106-605-0 ISUZU ELF 250 F I/O (УШ) Дизель,23,1372,Дизель,D-127470,Москва
2025-12-28 14:11:01,Амортизатор D-127476 / 5051 / 446038 / 56101-Z2005 (УШ) Дизель,1,2750,Дизель,D-127476,Москва
2025-12-28 14:11:01,Амортизатор D-127478 / 55300-5K001 задний HD78 Дизель,24,1194,Дизель,D-127478,Москва
2025-12-28 14:11:01,Амортизатор D-127480 / 48530-E0820 / 48530-3420 / SA015 задний (УШ) HINO500 E3/4 Дизель,10,1200,Дизель,D-127480,Москва
2025-12-28 14:11:01,Амортизатор D-127486 / 444271 / 48511-80090 передний DYNA/TOYOACE 2001- Дизель,2,1219,Дизель,D-127486,Москва
2025-12-28 14:11:01,Амортизатор D-127487 / 48500-E0410 / SA013 передний HINO700 Дизель,4,2681,Дизель,D-127487,Москва
2025-12-28 14:11:01,Амортизатор D-127613 / 2915010LE010 задний JAC N90 Дизель,2,1797,Дизель,D-127613,Москва
2025-12-28 14:11:01,Амортизатор D-128415 / WG9925688101 Sitrak Дизель,2,2344,Дизель,D-128415,Москва
2025-12-28 14:11:01,Амортизатор D-129118 / 8-94167-460-1 задний N-series Дизель,2,1397,Дизель,D-129118,Москва
2025-12-28 14:11:01,Амортизатор E3275 / 3275 / 56110-R8028 /-T3027 ATLAS/CONDOR/ CABSTAR/CARAVAN/HOMY URVAN Automatic,58,1248,Automatic,E3275,Москва
2025-12-28 14:11:01,Амортизатор задний 2031227 Scania Automatic,8,3079,Automatic,2031227,Москва
2025-12-28 14:11:01,Амортизатор задний 48530-E0410 HINO 700 Automatic,4,2588,Automatic,48530-E0410,Москва
2025-12-28 14:11:01,Амортизатор задний 5-87610-132-0 NKR/NPR/NQR ORIG CHINA,15,2278,Isuzu,5-87610-132-0,Москва
2025-12-28 14:11:01,Амортизатор задний 5011290500630/1802905005330/П50.11.2905006-30/180-2915006-31 Automatic,9,2988,Automatic,5011290500630,Москва
2025-12-28 14:11:01,Амортизатор задний 55300-5Н500 / 5Н000 PARTSMALL HD-72,2,1541,Noname,55300-5Н500,Москва
2025-12-28 14:11:01,Амортизатор кабины 1-51630-603-0 / 4720 / 5460 / 133022 ISUZU FORWARD CX (УШ) Automatic,17,1221,Automatic,1-51630-603-0,Москва
2025-12-28 14:11:01,Амортизатор кабины 2891R / MC012599 / MK996358 MMC FU4# (УШ) Automatic,2,953,Automatic,2891R,Москва
2025-12-28 14:11:01,Амортизатор кабины 313956 / A9438904419 Mercedes SACHS !,2,12144,Sachs,313 956,Москва
2025-12-28 14:11:01,Амортизатор кабины 52270-1030 / S50A0-E0130 / S50A0-E0180 HINO500 (УУ) Automatic,70,1367,Automatic,52270-1030,Москва
2025-12-28 14:11:01,Амортизатор кабины 56100-00Z08/133005 NISSAN UD CK6 (ШШ) Automatic,46,1255,Automatic,56100-00Z08,Москва
2025-12-28 14:11:01,Амортизатор кабины 811W41722-6032 HOWO T5G ORIG,8,4033,Howo,811W41722-6032,Москва
2025-12-28 14:11:01,Амортизатор кабины D-125089 / 1-51630-607-0 (ШШ) ISUZU CX/CY/CV Дизель,4,1441,Дизель,D-125089,Москва
2025-12-28 14:11:01,Амортизатор кабины D-125329 / 1-51630-603-0/472-0/546-0 / 133022 (УШ) ISUZU FORWARD CXZ Дизель,4,1144,Дизель,D-125329,Москва
2025-12-28 14:11:01,Амортизатор кабины D-125758 / 64337-Y3B00 задний JAC N350 Дизель,1,2344,Дизель,D-125758,Москва
2025-12-28 14:11:01,Амортизатор кабины D-126713 / WG1642440021 задний поперечный HOWO/SHACMAN X3000 Дизель,8,1303,Дизель,D-126713,Москва
2025-12-28 14:11:01,Амортизатор кабины D-126912 / 5001020-А01-С00/А передний FAW J6 Дизель,2,669,Дизель,D-126912,Москва
2025-12-28 14:11:01,Амортизатор кабины D-126912-D / 5001020-А01 передний FAW J6 4180 4250 Дизель,2,759,Дизель,D-126912-D,Москва
2025-12-28 14:11:01,Амортизатор кабины D-127292 / 811W41722-6032 HOWO T5G Дизель,3,3075,Дизель,D-127292,Москва
2025-12-28 14:11:01,Амортизатор кабины D-127444 / 1-51630-607-0 / N133018 (ШШ) ISUZU CX/CY/CV Дизель,2,1067,Дизель,D-127444,Москва
2025-12-28 14:11:01,Амортизатор кабины D-127446 / N133019 / 133019 / MK996353 (УШ) MMC FUSO EP/FU/FV/FY Дизель,14,1027,Дизель,D-127446,Москва
2025-12-28 14:11:01,Амортизатор кабины D-127483 / 133028 / S50A0-E0010 / 52270-1400 HINO700 Дизель,5,1009,Дизель,D-127483,Москва
2025-12-28 14:11:01,Амортизатор кабины D-127484 / S50B0-E0190 / S50B0-E0200 / 101004 / 52270-1410 HINO700 Дизель,12,1067,Дизель,D-127484,Москва
2025-12-28 14:11:01,Амортизатор кабины зад 895273 Iveco/SABO,2,10624,Iveco,895273,Москва
2025-12-28 14:11:01,Амортизатор кабины задний 1-51630-728-0 / 1-51630-728-1 Automatic,1,1096,Automatic,1-51630-728-0,Москва
2025-12-28 14:11:01,Амортизатор кабины задний 20050 / A9438903919 / 311189 Auger !,2,4966,Auger,20050,Москва
2025-12-28 14:11:01,Амортизатор кабины задний 313957 /A9438904919 / A9438904619 Mercedes SACHS,2,9795,Sachs,313 957,Москва
2025-12-28 14:11:01,Амортизатор кабины задний A9428904719 / 131275,1,3097,Sachs,131 275,Москва
2025-12-28 14:11:01,Амортизатор кабины задний S5227-01040 / 52270-1040 HINO500 Дизель,5,1192,Automatic,S5227-01040,Москва
2025-12-28 14:11:01,Амортизатор кабины задний внутренний 312649 / A9438905019 Mercedes / Sachs !,2,7007,Sachs,312 649,Москва
2025-12-28 14:11:01,Амортизатор кабины перед 811W41722-6022 HOWO T5G ORIG,4,4238,Howo,811W41722-6022,Москва
2025-12-28 14:11:01,Амортизатор кабины перед 81417226060/383020 DieselTechnic !,1,5804,Diesel Technic,3.83020,Москва
2025-12-28 14:11:01,Амортизатор кабины передний 313941 / A9428900519 / 290268 / 462839 Sachs !,2,3951,Sachs,313 941,Москва
2025-12-28 14:11:01,Амортизатор кабины передний 315153/ BK9500232/464467/A9408904919/463121 Sachs,2,18542,Sachs,315 153,Москва
2025-12-28 14:11:01,Амортизатор кабины передний 464467/A9408904919 / BK9500232/463121/315153 DieselTechnic !,1,8516,Diesel Technic,4.63121,Москва
2025-12-28 14:11:01,"Амортизатор кабины передний Aктрос A9438903819 / 311663 / 20095 14*25*44,5",2,6208,Auger,20095,Москва
2025-12-28 14:11:01,Амортизатор передний 41226700 / 41296210 / 41272902 (ухо-ухо) Iveco Orig !,1,12624,Iveco,41296210,Москва
2025-12-28 14:11:01,Амортизатор передний 54300-5H500 HD72 FR (УШ) Automatic,70,1063,Automatic,54300-5H500,Москва
2025-12-28 14:11:01,Амортизатор передний 8-98033-271-0 / SA010 N-series (УУ) Automatic,3,1404,Automatic,8-98033-271-0,Москва
2025-12-28 14:11:01,Амортизатор передний 8-98320-455-0/8-98033-271-0/8-98197-652-0 NLR/NMR 85(LHD)E4 ORIG,6,5057,Isuzu,8983204550,Москва
2025-12-28 14:11:01,Амортизатор передний подвески 1-51630-302-1 FSR90 ORIG,1,10808,Isuzu,1-51630-302-1,Москва
2025-12-28 14:11:01,Амортизатор подвески 310781/A0053263600 Mercedes / SACHS !,8,4779,Sachs,310 781,Москва
2025-12-28 14:11:01,Амортизатор подвески задний Actros 462858 /A0053266000 / A0063266800 Mercedes /DieselTechnic !,4,6427,Diesel Technic,4.62858,Москва
2025-12-28 14:11:01,Амортизатор подкабинный MK996374-S,2,1214,JMC,MK996374-S,Москва
2025-12-28 14:11:01,Амортизатор сидения 463565 / A0019191245 / 122737 Mercedes / DieselTechnic !,1,3942,Diesel Technic,463565,Москва
2025-12-28 14:11:01,Амортизатор сидения D-125762 / P780010103020000 JAC N350 Дизель,1,1540,Дизель,D-125762,Москва
2025-12-28 14:11:01,Амортизатор сиденья 42538424 / 122737SP / 463565 Iveco Orig !,1,10460,Iveco,42538424,Москва
2025-12-28 14:11:01,Амортизатор сиденья 93161639 Iveco Orig !,2,13293,Iveco,93161639,Москва
2025-12-28 14:11:01,Антенна 8-97211-565-0 N-series ORIG,1,2454,Isuzu,8-97211-565-0,Москва
2025-12-28 14:11:01,Бак топливный 1101010-DR100 FAW,1,16524,JMC,1101010-DR100,Москва
2025-12-28 14:11:01,Бак топливный 300 литров A9414701101 / 9469420301 Mercedes ориг !,1,38504,Mercedes-Benz,A 946 942 03 01,Москва
2025-12-28 14:11:01,"Балансир задней рессоры 8-97614-049-2 / 1-51385-091-2 (2 стремянки) C,E-series ORIG",8,96124,Isuzu,8-97614-049-2,Москва
2025-12-28 14:11:01,Балансир подвески 2239965SKV / 1404352 / 311.01.009 / 56640 / 302504 SCANIA 4/P/G/R/T M145x2/110x140,4,15551,SKV,2239965SKV,Москва
2025-12-28 14:11:01,Балансир рессоры задней D-129121 / MC032144 / 34-668 RH 3 стремянки 10т Fuso XLD Дизель,2,10065,Дизель,D-129121,Москва
2025-12-28 14:11:01,Балансир рессоры задней D-129122 / MC032145 / 34-668 LH 3 стремянки 10т Fuso XLD Дизель,2,9625,Дизель,D-129122,Москва
2025-12-28 14:11:01,Балка переднего моста 8-97145-406-5/8-97145-406-3 NQR75/NQR71 ORIG,3,65512,Isuzu,8-97145-406-5,Москва
2025-12-28 14:11:01,Балка передней оси D-126715 / 3001011-242 FAW Дизель,2,32888,Дизель,D-126715,Москва
2025-12-28 14:11:01,"Балка передняя 1-43111-178-3 C,F-series ORIG",2,211596,Isuzu,1-43111-178-3,Москва
2025-12-28 14:11:01,Балка передняя 8-97137-588-5 NQR71/75 ORIG,15,80758,Isuzu,8-97137-588-5,Москва
2025-12-28 14:11:01,Балка передняя 8-97262-000-4 NLR/NMR85 ORIG,5,92048,Isuzu,8-97262-000-4,Москва
2025-12-28 14:11:01,Балка передняя 8-98038-384-3 NPR75 ORIG,3,69115,Isuzu,8-98038-384-3,Москва
2025-12-28 14:11:01,Балка передняя 8-98199-271-1 NQR90 ORIG,4,76322,Isuzu,8-98199-271-1,Москва
2025-12-28 14:11:01,Балка передняя D-125376 / 8-98038-384-0 NPR75 Дизель,7,38119,Дизель,D-125376,Москва
2025-12-28 14:11:01,Балка передняя D-128740 / 8-98038-384-0 / 8-98038-384-3 NPR75 Дизель,2,36011,Дизель,D-128740,Москва
2025-12-28 14:11:01,Балка поперечная 199100590000 HOWO,1,2776,Howo,199100590000,Москва
2025-12-28 14:11:01,Баллон воздушный (ресивер) 59210-5K001 Hyundai HD65/72/78 ORIG,7,2961,Hyundai-Kia,59210-5K001,Москва
2025-12-28 14:11:01,Бампер (средняя часть) WG1664245001 HOWO ORIG,2,8299,CNHTC,WG1664245001,Москва
2025-12-28 14:11:01,Бампер 004-001-HNU/HNPR03012/52101-9351 широкий HINO SH1E/2P/FH2P 03~ GA дефект,3,10462,Дизель,004-001-HNU,Москва
2025-12-28 14:11:01,Бампер D-127938 / 2803035-70U/C FAW J6 Дизель,1,4198,Дизель,D-127938,Москва
2025-12-28 14:11:01,Бампер накладка верх 004-001-MBQ-T1/MBGR97061/MC962016 FP/FS/FT/FU/FV/FY5# 97-06` GA дефект,4,2953,Дизель,004-001-MBQ-T1,Москва
2025-12-28 14:11:01,Бампер накладка левая низ HNPR03016/004-001-HNU-D-L широкий HINO SH1E/2P/FH2P 03~ GA !,1,1170,Дизель,HNPR03016,Москва
2025-12-28 14:11:01,Бампер накладка низ 004-001-NSI-D/NSBT-92061 N-DIESEL CW520/CD45/CG45 89-97 GA дефект,2,3905,Дизель,004-001-NSI-D,Москва
2025-12-28 14:11:01,Бампер накладка правая низ HNPR03015/004-001-HNU-D-R широкий HINO SH1E/2P/FH2P 03~ GA !,1,1170,Дизель,HNPR03015,Москва
2025-12-28 14:11:01,Бампер передний (в сборе) MC974577 Fuso Canter FE85 ORIG,1,40195,Mitsubishi,MC974577,Москва
2025-12-28 14:11:01,Бампер передний 1-71211-427-2 CXH/CYH/EXZ/CXZ ORIG,2,47183,Isuzu,1-71211-427-2,Москва
2025-12-28 14:11:01,Бампер передний 2803100LE359-1R00 / 2803101LE359 JAC N120 ORIG,6,9908,JAC,2803100LE359-1R00,Москва
2025-12-28 14:11:01,Бампер передний 2803101U7300 JAC J7 ORIG,1,5155,JAC,2803101U7300,Москва
2025-12-28 14:11:01,Бампер передний 86510-5K000 Hyundai HD65/72 ORIG,1,7484,Hyundai-Kia,86510-5K000,Москва
2025-12-28 14:11:01,Бампер передний 86510-5K000 Hyundai HD65/72 ORIG дефект,2,7630,Hyundai-Kia,86510-5K000,Москва
2025-12-28 14:11:01,Бампер передний D-128741 / 1-71211-427-2 CXH/CYH/EXZ/CXZ Дизель,1,31863,Дизель,D-128741,Москва
2025-12-28 14:11:01,Бампер передний MC978517 Fuso Canter TF ORIG,2,55114,Mitsubishi,MC978517,Москва
2025-12-28 14:11:01,Бампер средний D-128183 / WG1664245001 HOWO Дизель,1,2993,Дизель,D-128183,Москва
2025-12-28 14:11:01,Бампер хром 004-001-HNU-1/HNPR03012/52101-9351 широкий HINO SH1E/2P/FH2P 03~ GA !,1,14046,Дизель,004-001-HNU-1,Москва
2025-12-28 14:11:01,"Барабан тормозной 1-42315-336-1 C,F-series SKV",6,9058,SKV,1-42315-336-1,Москва
2025-12-28 14:11:01,"Барабан тормозной BPW 300х200х260 (о.н.0310946060), (Sonder), (16.005.0117)",2,13054,JMC,16.005.0117,Москва
2025-12-28 14:11:01,Барабан тормозной D-128043 / 51761 / 52761-5A101 / 52761-5A102 / XZH-32-016 5шп 85мм COUNTY Дизель,88,5770,Дизель,D-128043,Москва
2025-12-28 14:11:01,Барабан тормозной F/R D-126712 / 52761-5K501 / 52761-5K500 / 51761-5K500 6шп 110мм HD65/72/78 Дизель,58,5357,Дизель,D-126712,Москва
2025-12-28 14:11:01,Барабан тормозной F/R D-128973 / 51761-5H200 / 52761-5H200 / XZH-32-018 6шп 85мм HD65/72 Дизель,81,5655,Дизель,D-128973,Москва
2025-12-28 14:11:01,Барабан тормозной F/R D-129045 / 52761-5M301 HYUNDAI HD35 HD65 MIGHTY Дизель,4,6252,Дизель,D-129045,Москва
2025-12-28 14:11:01,Барабан тормозной задний D-125766 / AK35021282BZ3 / HFF3502128CK2BZ JAC N350 Дизель,10,17261,Дизель,D-125766,Москва
2025-12-28 14:11:01,Барабан тормозной задний D-127295 / A3054230401 / A3054230701 Mercedes Дизель,16,9331,Дизель,D-127295,Москва
2025-12-28 14:11:01,Барабан тормозной задний D-128618 / 81.50110.0144 H=300 d=410 SHAANXI F3000 Дизель,1,8587,Дизель,D-128618,Москва
2025-12-28 14:11:01,Барабан тормозной задний S4351-24100 / 43512-4100 HINO700 (ТЯГАЧ) BELTON,4,14025,Belton,43512-4100,Москва
2025-12-28 14:11:01,Барабан тормозной пер 42102142 / 7183049 / 2066410004 Iveco !,1,8402,Iveco,42102142,Москва
2025-12-28 14:11:01,Барабан тормозной перед. 51761-7H000 HYUNDAI HD270 D6CA SKV,1,10812,SKV,51761-7H000,Москва
2025-12-28 14:11:01,Барабан тормозной передний 3103015M10 N120 JAC ORIG,2,11899,JAC,3103015M10,Москва
2025-12-28 14:11:01,Барабан тормозной передний 8-97188-115-0 ISUZU SKV,93,6515,SKV,8-97188-115-0,Москва
2025-12-28 14:11:01,Барабан тормозной передний 8-98171-472-0 NQR SKV,61,6822,SKV,8-98171-472-0,Москва
2025-12-28 14:11:01,Барабан тормозной передний D-128332 / WG4075450001 SITRAK Дизель,6,8171,Дизель,D-128332,Москва
2025-12-28 14:11:01,Барабан тормозной передний D-128416 / 3501571-4Е 10 отв. Faw J5/J6 Дизель,6,6975,Дизель,D-128416,Москва
2025-12-28 14:11:01,Барабан тормозной передний D-129126 / 3501571-4E FAW 4250 Дизель,2,6533,Дизель,D-129126,Москва
2025-12-28 14:11:01,Бачок омывателя 98300-5H112 HYUNDAI HD65/72/78 ORIG,1,2727,Hyundai-Kia,98300-5H112,Москва
2025-12-28 14:11:01,Бачок омывателя с мотором D-129127 / 5207010A109 FAW 3252 3312 Дизель,1,986,Дизель,D-129127,Москва
2025-12-28 14:11:01,Бачок омывателя с моторчиком AZ1642860002/1 Howo/,2,817,Howo,AZ1642860002/1,Москва
2025-12-28 14:11:01,Бачок расширительный 1607100LE030 JAC N75/N80/N120 ORIG,1,927,JAC,1607100LE030,Москва
2025-12-28 14:11:01,Бачок расширительный 25360-5L201 Hyundai HD65/78 D4GA ORIG,4,8569,Hyundai-Kia,25360-5L201,Москва
2025-12-28 14:11:01,Бачок расширительный 25360-7C000 HYUNDAI HD170/260/270/450 ORIG,1,11249,Hyundai-Kia,25360-7C000,Москва
2025-12-28 14:11:01,Бачок стеклоомывателя D-127986 / 8-98039-663-2 FVR34/FSR90/FSR34 Дизель,4,4176,Дизель,D-127986,Москва
2025-12-28 14:11:01,Башмак рессоры передней правой D-126447 / WG9925522137 Sitrak C7H Дизель,1,1797,Дизель,D-126447,Москва
2025-12-28 14:11:01,Бендикс D-125618 / 8-98222-104-0 N-series 4HV1 (CNG) ГАЗ Дизель,1,2654,Дизель,D-125618,Москва
2025-12-28 14:11:01,Бендикс ISUZU 4HF1/4HG1 D-127296 / 8-97030-393-0 / DX2501 YD Дизель,1,2844,Дизель,D-127296,Москва
2025-12-28 14:11:01,Блок ABS 8-97559-067-0/8-98306-675-0 NQR90/FVR34 ORIG,2,258720,Isuzu,8-97559-067-0,Москва
2025-12-28 14:11:01,Блок клапанов управления блокировкой дифференциала D-125770 / 2410100H3A10 JAC N350 Дизель,1,7190,Дизель,D-125770,Москва
2025-12-28 14:11:01,Блок коромысел клапанов D-126448 / 201-04200-6057 MC11 Sitrak C7H Дизель,6,4672,Дизель,D-126448,Москва
2025-12-28 14:11:01,Блок переключения АКПП WG2209210001 HOWO ORIG,1,73063,Howo,WG2209210001,Москва
2025-12-28 14:11:01,Блок подготовки воздуха ZB4730 Knorr-Bremse !,1,42506,Knorr Bremse,K042283N00,Москва
2025-12-28 14:11:01,Блок управления двигателем 39100-48010 HYUNDAI D4GA ORIG,1,132132,Hyundai-Kia,39100-48010,Москва
2025-12-28 14:11:01,Блок управления доп. отоп A0004469529 Mercedes ориг,1,83467,Mercedes-Benz,A0004469529,Москва
2025-12-28 14:11:01,Блок управления климат-контролем D-126449 / 712W61942-0630 Howo/Sitrak C7H/MAN Дизель,1,6167,Дизель,D-126449,Москва
2025-12-28 14:11:01,Блок управления отопителем 8-98034-326-0/1-83543-058-0 C-series ORIG,3,55165,Isuzu,8-98034-326-0,Москва
2025-12-28 14:11:01,Блок управления стеклоподъемником двери L D-126450 / 812W28230-6010 Sitrak C7H Дизель,1,2082,Дизель,D-126450,Москва
2025-12-28 14:11:01,Блок цилиндров (в сборе) QC000566 Fuso Canter TF ORIG,2,430101,Mitsubishi,QC000566,Москва
2025-12-28 14:11:01,Блокиратор вилки WTB10*21*8-6G120 JAC ORIG,1,333,JAC,WTB10*21*8-6G120,Москва
2025-12-28 14:11:01,Болт (штуцер) маслопровода 26822-41000 HYUNDAI HD65/72/78/County ORIG,2,75,Hyundai-Kia,26822-41000,Москва
2025-12-28 14:11:01,"Болт 0-10861-670-0 M16*70 C,F-series ORIG",1,504,Isuzu,0-10861-670-0,Москва
2025-12-28 14:11:01,"Болт 1-09044-072-1 M8*65 F,N-series ORIG",1,222,Isuzu,1-09044-072-1,Москва
2025-12-28 14:11:01,Болт 60530733 / A9452680474 Mercedes / Euroricambi !,2,517,Euroricambi,60.53.0733,Москва
2025-12-28 14:11:01,Болт 60531671 /A3892651674 / A9452652774 Mercedes /Euroricambi,2,747,Euroricambi,60531671,Москва
2025-12-28 14:11:01,Болт A0099908601 Mercedes ориг !,1,587,Mercedes-Benz,A 009 990 86 01,Москва
2025-12-28 14:11:01,Болт A3892651674 / A9452652774 / 60531671 Mercedes ориг !,10,2438,Mercedes,A 389 265 16 74,Москва
2025-12-28 14:11:01,Болт D-128744 / 9-09801-290-1 M22х155 ISUZU Дизель,16,253,Дизель,D-128744,Москва
2025-12-28 14:11:01,Болт D-129899 / ZQ151B12100 HOWO Дизель,5,71,Дизель,D-129899,Москва
2025-12-28 14:11:01,Болт FE-018 /MB-308935/FKT-018A12*38 p1.0 PM,3,170,Paul Master,FKT-018A,Москва
2025-12-28 14:11:01,Болт FHB-1340/ MC802645 / FUSO MK117 / 12X40 PM,9,167,Paul Master,FHB-1340,Москва
2025-12-28 14:11:01,"Болт FTB-1035 / MH001714 10,5*35 PM",1,154,Paul Master,FTB-1035,Москва
2025-12-28 14:11:01,Болт G-001-1 / fhb-1345 FUSO FV415 12*45mm p1.25 PM,2,137,Paul Master,FHB-1345,Москва
2025-12-28 14:11:01,Болт G-003-1 / FTB-1350 FUSO FV419 12X50mm PM,3,195,Paul Master,FTB-1350,Москва
2025-12-28 14:11:01,"Болт G-004 16X50 p1,5 / HHB-1650 PM",9,261,Paul Master,G-004,Москва
2025-12-28 14:11:01,"Болт G-005 / ikt-1460e / 1-09000-582-0 ISUZU CXZ 14X60 p2,0 PM",1,217,Paul Master,IKT-1460E,Москва
2025-12-28 14:11:01,"Болт G-006-1/UKT-1460C 14X60mm p1,5 38166-90007 PM",10,189,Paul Master,G-006-1,Москва
2025-12-28 14:11:01,"Болт G-006/HKT-1468C 14X68 p1,5 / 9019-14219 PM",4,189,Paul Master,9019-14219,Москва
2025-12-28 14:11:01,"Болт G-007 / HHB-1650 16X50 p1,5 PM",2,227,Paul Master,G-007,Москва
2025-12-28 14:11:01,"Болт G-008 / HTB-1250 / 9019-12397 12X50 p1,25 PM",10,205,Paul Master,G-008,Москва
2025-12-28 14:11:01,"Болт G-010-2A / G-1045BS 10X10X45mm p1,25 (нерж.) PM",10,207,Paul Master,G-1045BS,Москва
2025-12-28 14:11:01,"Болт G-010-6 / G-10100B 10X10X100mm p1,25 PM",10,170,Paul Master,G-010-6,Москва
2025-12-28 14:11:01,"Болт G-010-6B/G-10100 10X10X100mm p1,5 PM",10,251,Paul Master,G-010-6B,Москва
2025-12-28 14:11:01,"Болт G-010-7B/G-10120 10X10X120mm p1,5 PM",1,256,Paul Master,G-10120,Москва
2025-12-28 14:11:01,"Болт G-010-8B /G-10150 10X10X150mm p1,5 PM",7,167,Paul Master,G-10150,Москва
2025-12-28 14:11:01,"Болт G-010-9B/G-10180 (S45c) 10X10X180mm p1,5 PM",2,316,Paul Master,G-010-9B,Москва
2025-12-28 14:11:01,"Болт G-010A / SZ116-10129 / G-1060S 10X10X60 p1,5 (нерж.) PM",8,272,Paul Master,G-010A,Москва
2025-12-28 14:11:01,"Болт G-016 14X46 p1,5 LH PM",7,165,Paul Master,G-016,Москва
2025-12-28 14:11:01,"Болт G-018-1 /9029-12204/HKT-1260D 12X60 p1,75 PM",4,137,Paul Master,G-018-1,Москва
2025-12-28 14:11:01,Болт G-019-3/G-0865 8*8*65mm p1.25 PM,2,137,Paul Master,G-0865,Москва
2025-12-28 14:11:01,Болт G-019-4 /G-0875 8*8*75mm p1.25 PM,2,178,Paul Master,G-0875,Москва
2025-12-28 14:11:01,Болт G-021 /FHB-1030/MB-000137 10*30mm PM,1,118,Paul Master,G-021,Москва
2025-12-28 14:11:01,Болт G-022 /9059-14109/HHB-1445 14*45mm PM,11,230,Paul Master,G-022,Москва
2025-12-28 14:11:01,"Болт M10*55 8-97365-449-0 C,E,F,N series ORIG",1,247,Isuzu,8973654490,Москва
2025-12-28 14:11:01,"Болт M20*1,5 D-127877 / ZQ151B20180TF6 HOWO Дизель",22,238,Дизель,D-127877,Москва
2025-12-28 14:11:01,Болт M22*155 9-09801-290-1 ORIG,1,1207,Isuzu,9-09801-290-1,Москва
2025-12-28 14:11:01,Болт M22*155 D-125334 / 9-09801-290-1 ISUZU Дизель,10,320,Дизель,D-125334,Москва
2025-12-28 14:11:01,"Болт M8*23 8-97378-077-0 C,E,F,N,Q series ORIG",2,187,Isuzu,8-97378-077-0,Москва
2025-12-28 14:11:01,Болт MB301509,1,87,Дизель,MB301509,Москва
2025-12-28 14:11:01,Болт MK667352 Fuso Canter TF ORIG,1,108,Mitsubishi,MK667352,Москва
2025-12-28 14:11:01,Болт RR рессоры передний D-126382 / 8-98011-488-0 / 8-97033-967-0 NPR75/NPR85/NQR90/NLR85 Дизель,20,201,Дизель,D-126382,Москва
2025-12-28 14:11:01,Болт TO-007 / TTB-007 / 90114-11124 PM,2,296,Paul Master,TTB-007,Москва
2025-12-28 14:11:01,"Болт амортизатора 0334014120SKV / 03.340.14.12.0 BPW М24х3,0х275 DIN 931",6,309,SKV,0334014120,Москва
2025-12-28 14:11:01,"Болт амортизатора 180500245520SKV / 02.5023.20.80 BPW М20х2,5х200",2,146,SKV,180500245520,Москва
2025-12-28 14:11:01,"Болт амортизатора полуприцепа Schmitz 1086695SKV M16x1,5х122-10.9 SKV",130,125,SKV,1086695SKV,Москва
2025-12-28 14:11:01,Болт балансира с отверстием M16 L=55 HOWO Q171C1655TF2,2,70,Дизель,Q171C1655TF2,Москва
2025-12-28 14:11:01,Болт блокировки шкворня D-125771 / HFF3001042CK3GFTP JAC N350 Дизель,4,268,Дизель,D-125771,Москва
2025-12-28 14:11:01,Болт ГБЦ 22321-42001/22321-42000 D4BF Hyundai Porter TYB,2,144,Дизель,22321-42001,Москва
2025-12-28 14:11:01,Болт ГБЦ 22321-4A000 D4CB Hyundai Porter2/Kia Bongo3 TYB,2,270,Дизель,22321-4A000,Москва
2025-12-28 14:11:01,Болт ГБЦ 61500010185S JAC N350 WP10 E-5 (NON-GENUINE),8,238,JMC,61500010185S,Москва
2025-12-28 14:11:01,Болт ГБЦ 8-94399-555-0 4HK1 4HF1 4HG1 ORIG,27,414,Isuzu,8-94399-555-0,Москва
2025-12-28 14:11:01,Болт ГБЦ D-125333 / 8-97133-416-0 М11х114 4JJ1 N-series Дизель,10,141,Дизель,D-125333,Москва
2025-12-28 14:11:01,Болт ГБЦ D-125379 / 8-94399-555-0 4HK1 4HF1 4HG1 Дизель,13,253,Дизель,D-125379,Москва
2025-12-28 14:11:01,Болт ГБЦ D-125502 / 8-97087-660-0 NPR 4HE1 Дизель,5,535,Дизель,D-125502,Москва
2025-12-28 14:11:01,Болт ГБЦ D-125773 / 612630040269 JAC N350 WP10 E-5 Дизель,2,151,Дизель,D-125773,Москва
2025-12-28 14:11:01,Болт ГБЦ D-126719 / 612600040452 JAC N350 WP10 E-5 Дизель,16,209,Дизель,D-126719,Москва
2025-12-28 14:11:01,Болт ГБЦ D-127297 / 8-97077-638-0 4HF1 4HG1 4HK1 Дизель,14,285,Дизель,D-127297,Москва
2025-12-28 14:11:01,"Болт ГБЦ D-128082/8-98260-005-0 М14х115 F,N-series Дизель",3,257,Дизель,D-128082,Москва
2025-12-28 14:11:01,Болт ГБЦ D-128454 / 1003046-36D FAW CA6DL1/2 Дизель,12,362,Дизель,D-128454,Москва
2025-12-28 14:11:01,Болт ГБЦ D-128745 / 8-94396-207-3 М14х115 F-series Дизель,12,217,Дизель,D-128745,Москва
2025-12-28 14:11:01,Болт ГБЦ D-128746 / 8-94399-555-0 4HK1/4HF1/4HG1 Дизель,20,136,Дизель,D-128746,Москва
2025-12-28 14:11:01,Болт ГБЦ D-128747 / 8-97133-416-0 М11х114 4JJ1 N-series Дизель,20,137,Дизель,D-128747,Москва
2025-12-28 14:11:01,Болт ГБЦ M12*120 0-28156-212-0/0-28186-212-0/1-09044-070-0 C-series 6WG1 ORIG,5,265,Isuzu,0-28156-212-0,Москва
2025-12-28 14:11:01,"Болт генератора 0-28056-012-0 M20*120 C,N,F-series ORIG",7,407,Isuzu,0-28056-012-0,Москва
2025-12-28 14:11:01,Болт для слива воды ФГОТ D-129132 / 1105080E50A/A E-5 FAW Дизель,18,48,Дизель,D-129132,Москва
2025-12-28 14:11:01,Болт колесный D-126778 / WG9100410212 Sitrak C7H Дизель,20,216,Дизель,D-126778,Москва
2025-12-28 14:11:01,Болт коллектора выпускного D-129130 / 1008046-29D FAW CA6DL1/2 CA6DN1 Дизель,16,232,Дизель,D-129130,Москва
2025-12-28 14:11:01,Болт крепления 0-28051-045-0 M10x45 ORIG,2,181,Isuzu,0-28051-045-0,Москва
2025-12-28 14:11:01,Болт крепления задней рессоры D-125327 / 1-51356-140-0 Дизель,7,329,Дизель,D-125327,Москва
2025-12-28 14:11:01,Болт крепления крышки клапанной D-129133 / 1003061C81D FAW Дизель,6,232,Дизель,D-129133,Москва
2025-12-28 14:11:01,Болт крепления маховика двигателя D-128518 / 8-97178-013-0 M16х42 N-Serie Дизель,2,244,Дизель,D-128518,Москва
2025-12-28 14:11:01,"Болт крепления пневморессоры 0250709500SKV / 02.5070.95.00 М16х2,0х65 10,9",115,69,SKV,0250709500,Москва
2025-12-28 14:11:01,"Болт крепления пневморессоры М16х2,0х75 10,9 0250709600SKV / 02.5070.96.00/18988005203/18988005200",36,55,SKV,0250709600,Москва
2025-12-28 14:11:01,Болт крепления реактивной тяги 18*155 D-126452 / ZQ18518155TF6 Sitrak C7H Дизель,2,178,Дизель,D-126452,Москва
2025-12-28 14:11:01,"Болт крепления топливной трубки 8-98037-826-0 M12*27 C,E,F-Series 00'- ORIG",1,607,Isuzu,8-98037-826-0,Москва
2025-12-28 14:11:01,Болт крепления штанги к раме D-129135 / 2919161-242 задняя подвеска FAW Дизель,1,467,Дизель,D-129135,Москва
2025-12-28 14:11:01,Болт кронштейна балансира D-128748 / 9-92061-855-0 / 0-20951-855-0 M18х55 C/E/F series Дизель,10,248,Дизель,D-128748,Москва
2025-12-28 14:11:01,Болт крышки балансира (M18X48.5) 1-09044-038-2 CYZ51/CXZ/EXZ/F ORIG,2,940,Isuzu,1-09044-038-2,Москва
2025-12-28 14:11:01,Болт крышки балансира D-125062 / 1-09044-038-2 M18X48.5 ISUZU CYZ51/CXZ/EXZ Дизель,5,125,Дизель,D-125062,Москва
2025-12-28 14:11:01,Болт маховика 200V90020-0419 HOWO T5G,5,310,Дизель,200V90020-0419,Москва
2025-12-28 14:11:01,Болт оси рокеров 0-58330-825-0 М8*25 4JJ ORIG,24,203,Isuzu,0-58330-825-0,Москва
2025-12-28 14:11:01,Болт оси рокеров 0-58330-840-0 М8*40 4JJ ORIG,24,230,Isuzu,0583308400,Москва
2025-12-28 14:11:01,Болт поддона D-125774 / 90011430019 JAC N350 WP10 E-5 Дизель,5,30,Дизель,D-125774,Москва
2025-12-28 14:11:01,Болт реактивной тяги (короткий) D-125776 / 55565-Y30R0 JAC N350 Дизель,1,42,Дизель,D-125776,Москва
2025-12-28 14:11:01,Болт реактивной тяги D-128519 / 8-98012-875-0 / 1-09000-078-1 с гайкой 1-09464-011-0 CYZ51/52 Дизель,11,344,Дизель,D-128519,Москва
2025-12-28 14:11:01,Болт реактивной штанги М20х240мм 16618924 / 6602020240 Europart,4,404,Europart,6602 020 240,Москва
2025-12-28 14:11:01,Болт регулировки усил.сцепл. IS-039 / ICR-039 125 mm PM,2,592,Paul Master,ICR-039,Москва
2025-12-28 14:11:01,Болт регулировочный торм цилиндров S4747-51490 HINO 500 E-3/4 ORIG,1,2384,Hino,S4747-51490,Москва
2025-12-28 14:11:01,Болт регулировочный тормозного цилиндра 1-47623-035-2 FVR34/CYZ52/CYZ51 ORIG,59,1009,Isuzu,1-47623-035-2,Москва
2025-12-28 14:11:01,Болт регулировочный тормозного цилиндра D-128749 / 1-47623-035-2 FVR34/CYZ52/CYZ51 Дизель,10,248,Дизель,D-128749,Москва
2025-12-28 14:11:01,Болт рессоры 06014944935SKV MAN TGA/TGX/TGS/TGM M20x2/260 K10 DIN 931/8.8 SKV,8,191,SKV,06014944935,Москва
2025-12-28 14:11:01,Болт рессоры D-126734 / ZQ151B24205TF6 Sitrak C7H Дизель,2,494,Дизель,D-126734,Москва
2025-12-28 14:11:01,Болт рессоры ZQ151B24155TF6 Sitrak C7H,2,388,Noname,ZQ151B24155TF6,Москва
2025-12-28 14:11:01,"Болт рессоры М30x3,5х197 9746-2912478 SKV",44,340,SKV,97462912478,Москва
2025-12-28 14:11:01,Болт рокера D-128125/8-94395-024-0 4HK1-T NQR75/90/NPR75 Дизель,7,147,Дизель,D-128125,Москва
2025-12-28 14:11:01,Болт рулевого управления 16682734 / 16682735 SBE !,1,80,JMC,16682735,Москва
2025-12-28 14:11:01,Болт с сеткой топливный 1-15759-029-0 FRR/FSR 11'- NPR/NQR 94-98' ORIG,1,1416,Isuzu,1-15759-029-0,Москва
2025-12-28 14:11:01,Болт стакана маслянного фильтра (ниж.) 8-98018-846-0 N series ORIG,15,433,Isuzu,8-98018-846-0,Москва
2025-12-28 14:11:01,"Болт стяжной 0-10856-480-0 M14*80 RR F,C-series ORIG",11,457,Isuzu,0-10856-480-0,Москва
2025-12-28 14:11:01,Болт топливной системы CU-001/CU-2237С p1.5*37mm DIA 22mm PM,3,214,Paul Master,CU-2237C,Москва
2025-12-28 14:11:01,Болт топливной системы CU-002 / CU-2037 p1.5*37mm DIA 20mm PM,3,307,Paul Master,CU-2037,Москва
2025-12-28 14:11:01,Болт топливной системы CU-003 p1.5*35mm DIA 18mm PM !,2,281,Paul Master,CU-003,Москва
2025-12-28 14:11:01,Болт топливной системы CU-007B / CU-1230D p1.75*30mm DIA 12mm PM,2,238,Paul Master,CU-007B,Москва
2025-12-28 14:11:01,Болт топливной системы CU-010 / CU-1224B p1.25*24mm DIA 12mm PM,3,224,Paul Master,CU-1224B,Москва
2025-12-28 14:11:01,Болт топливной системы CU-012B / CU-1026C p1.5*26mm DIA 10mm PM,10,197,Paul Master,CU-1026C,Москва
2025-12-28 14:11:01,Болт топливной системы CU-015A / CU-0828A p1.0*28mm DIA 8mm PM,2,161,Paul Master,CU-0828A,Москва
2025-12-28 14:11:01,Болт топливной системы CU-1020A / CU-014A p1.0*20mm DIA PM,2,158,Paul Master,CU-1020A,Москва
2025-12-28 14:11:01,Болт топливной системы CU-1020B / CU-013A p1.25*20mm DIA 10mm PM,2,143,Paul Master,CU-1020B,Москва
2025-12-28 14:11:01,Болт топливной системы CU-1020C / CU-012C p1.5*20mm DIA 10mm PM,5,158,Paul Master,CU-1020C,Москва
2025-12-28 14:11:01,Болт топливной системы CU-1223A / CU-011 p1.0*23mm DIA 12mm PM,3,166,Paul Master,CU-1223A,Москва
2025-12-28 14:11:01,Болт топливной системы CU-1230C / CU-009B p1.5*30mm DIA 12mm PM,1,238,Paul Master,CU-1230C,Москва
2025-12-28 14:11:01,Болт топливной системы CU-1655C 1.5*55 mm PM,3,592,Paul Master,CU-1655C,Москва
2025-12-28 14:11:01,Болт форсунки охлаждения поршня 8-98285-334-0 ORIG,1,1705,Isuzu,8-98285-334-0,Москва
2025-12-28 14:11:01,Болт центральный 0334014250 M24X2 /260 SKV,50,268,SKV,0334014250,Москва
2025-12-28 14:11:01,"Болт центральный D-127054 / CB01 М10х1,5 with head 12х14х15 150mm Дизель",1,121,Дизель,D-127054,Москва
2025-12-28 14:11:01,"Болт центральный D-127058 / CB05 М12х1,5 with head 18х20х16.5 250mm Дизель",3,159,Дизель,D-127058,Москва
2025-12-28 14:11:01,"Болт центральный D-127059 / CB06 М16*1,5 with head 24*12 ISUZU 350mm Дизель",50,269,Дизель,D-127059,Москва
2025-12-28 14:11:01,"Болт центральный D-127063 / CB10 М14*1,5 with head 20*25*16.5 300mm Дизель",50,147,Дизель,D-127063,Москва
2025-12-28 14:11:01,"Болт центральный D-129043 / М16х1,5х300 Дизель",99,183,Дизель,D-129043,Москва
2025-12-28 14:11:01,"Болт центральный D-129903 М18*1,5*300 Дизель",70,129,Дизель,D-129903,Москва
2025-12-28 14:11:01,Болт центральный M16*1.5 721282 Errevi Iveco,5,453,Errevi,721282,Москва
2025-12-28 14:11:01,Болт центральный стакана маслянного фильтра 8-98018-847-0 N series ORIG,9,2511,Isuzu,8-98018-847-0,Москва
2025-12-28 14:11:01,Болт шестерни ГРМ M14*60 0-16956-460-0 4HK1 NPR75 ORIG,1,590,Isuzu,0-16956-460-0,Москва
2025-12-28 14:11:01,Болт шкива коленчатого вала M16*43 5-09000-273-2 4JJ1/4JB1 ORIG,3,407,Isuzu,5-09000-273-2,Москва
2025-12-28 14:11:01,Брызговик (подкрылок) левый 1-79931-067-7 / 8-98123-038-1 ORIG,2,6838,Isuzu,1-79931-067-7,Москва
2025-12-28 14:11:01,Брызговик (подкрылок) левый D-128307 / 812W61230-0205 SITRAK C7H Дизель,2,1605,Дизель,D-128307,Москва
2025-12-28 14:11:01,Брызговик (подкрылок) передний левый 8-98039-851-1 FVR34 ORIG,1,9514,Isuzu,8-98039-851-1,Москва
2025-12-28 14:11:01,Брызговик задний левый 5512700U1510 S5 JAC ORIG,4,285,JAC,5512700U1510,Москва
2025-12-28 14:11:01,Брызговик задний правый 5512421P3010 JAC ORIG,1,462,JAC,5512421P3010,Москва
2025-12-28 14:11:01,Брызговик задний правый 5512800U1510 S5 JAC ORIG,4,285,JAC,5512800U1510,Москва
2025-12-28 14:11:01,Брызговик кабины L D-128722 / DZ13241230413 SHAANXI F3000/X3000 Дизель,1,1229,Дизель,D-128722,Москва
2025-12-28 14:11:01,"Букса балансира HINO / две стремянки, втулка 100х110х90 / SAB010 / S4950E0011; S4950-E0011 /",1,18957,JMC,S4950-E0011,Москва
2025-12-28 14:11:01,Вакуумный усилитель сцепления D-128513 / HD-A083A / 1-31800-323-0 / ME625336 FORWARD FUSO Дизель,1,6001,Дизель,D-128513,Москва
2025-12-28 14:11:01,Вакуумный усилитель сцепления MC113122 810-03101 Y,4,9801,Yamasida,MC113122,Москва
2025-12-28 14:11:01,Вакуумный усилитель тормоза D-128026 / MK585075 Дизель,9,6683,Дизель,D-128026,Москва
2025-12-28 14:11:01,Вал (ось) вилки сцепления 1-31342-336-0 F-series ORIG,2,8298,Isuzu,1-31342-336-0,Москва
2025-12-28 14:11:01,Вал 60171268 / A9423530435 Mercedes / Euroricambi !,1,51710,Euroricambi,60171268,Москва
2025-12-28 14:11:01,Вал балансира 23311-4A700 HYUNDAI Porter II D4CB ORIG,2,3046,Hyundai-Kia,23311-4A700,Москва
2025-12-28 14:11:01,Вал балансира 23321-4A700 HYUNDAI Porter II D4CB ORIG,2,3046,Hyundai-Kia,23311-4A700,Москва
2025-12-28 14:11:01,Вал балансира D-126992 / MC010800 / MC054800 / 11-206 (ф125) Дизель,2,11332,Дизель,D-126992,Москва
2025-12-28 14:11:01,"Вал балансира D-127085 / 1-51381-010-0 115*105*346mm, ремонтный Дизель",2,8723,Дизель,D-127085,Москва
2025-12-28 14:11:01,"Вал балансира D-127086 / 1-51381-010-0 115*100*346 mm, ремонтный Дизель",5,8723,Дизель,D-127086,Москва
2025-12-28 14:11:01,Вал вилки диференциала A9483530035 Mercedes ориг !,2,3648,Mercedes,A 948 353 00 35,Москва
2025-12-28 14:11:01,Вал вилки синхронизатора КПП D-129861 / WG2214100054 HOWO T5G Дизель,2,1030,Дизель,D-129861,Москва
2025-12-28 14:11:01,Вал карданный (задняя часть) 2201100LE010 N75 JAC ORIG,1,13490,JAC,2201100LE010,Москва
2025-12-28 14:11:01,Вал карданный (раздатка-средний мост) 41218075/41218072/120014411 Wichmann,1,69402,Wichmann,120014411,Москва
2025-12-28 14:11:01,Вал карданный 1443мм S003843 / A6544105307 / A654410530780 Mercedes / Sass !,1,96706,Sass,S.003.843,Москва
2025-12-28 14:11:01,Вал карданный 41201807 / S003559 / BK9900660 / S004410 L=1525 мм (крестовина 48) BERG KRAFT !,1,80964,Bergkraft,BK9900660,Москва
2025-12-28 14:11:01,Вал карданный 41201807 / S003559 / BK9900660 / S004410 L=1525 мм (крестовина 48) Sass,1,65751,Sass,S.004.410,Москва
2025-12-28 14:11:01,Вал карданный 49200-5K710 HYUNDAI HD72/78 ORIG,1,23298,Hyundai-Kia,49200-5K710,Москва
2025-12-28 14:11:01,Вал карданный 56360-5K300 HYUNDAI HD78 ORIG,1,10950,Hyundai-Kia,56360-5K300,Москва
2025-12-28 14:11:01,Вал карданный D-126817 / 2201100LE35R задняя часть JAC N120 Дизель,1,20581,Дизель,D-126817,Москва
2025-12-28 14:11:01,Вал карданный D-128382 / AZ9270311667 SITRAK Дизель,1,30052,Дизель,D-128382,Москва
2025-12-28 14:11:01,Вал карданный D-128385 / AZ9716310716 SITRAK Дизель,1,14260,Дизель,D-128385,Москва
2025-12-28 14:11:01,Вал карданный заднего моста D-128287 / 2201010-1050/B FAW J6 Дизель,1,15405,Дизель,D-128287,Москва
2025-12-28 14:11:01,Вал карданный задний 2201100LE35S JAC ORIG,1,25390,JAC,2201100LE35S,Москва
2025-12-28 14:11:01,Вал карданный межосевой (шлицевая часть) L=417 крестовины GUIS-67 Diesel,1,15922,Дизель,GUIS-67-D,Москва
2025-12-28 14:11:01,Вал карданный межосевой D-129136 / 2201010-369 L=595 фланцы 180х8х52 FAW Дизель,1,10203,Дизель,D-129136,Москва
2025-12-28 14:11:01,Вал карданный межосевой без фланца D-129137 / 37041-90062 / XLD-C201-5 / GUN41 485x600mm Дизель,2,23741,Дизель,D-129137,Москва
2025-12-28 14:11:01,Вал КПП 8-98223-607-0/8-98160-120-0/8-98133-783-0/8-98005-608-2/1 F-series ORIG,1,34523,Isuzu,8-98223-607-0,Москва
2025-12-28 14:11:01,Вал КПП вилки D-125780 / JS180-1601023-7 JAC N350 Дизель,1,2255,Дизель,D-125780,Москва
2025-12-28 14:11:01,Вал КПП вторичный J-1701201-00-06 JAC ORIG,1,10244,JAC,J-1701201-00-06,Москва
2025-12-28 14:11:01,Вал КПП вторичный Z-1701201-00-02 JAC N35 ORIG,1,11860,JAC,Z-1701201-00-02,Москва
2025-12-28 14:11:01,Вал КПП первичный B-1701111-10-02 N75 JAC ORIG,1,7032,JAC,B-1701111-10-02,Москва
2025-12-28 14:11:01,Вал КПП первичный D-125008 / 8-97350-006-0 MYY6S Z=26 N-series Дизель,1,4068,Дизель,D-125008,Москва
2025-12-28 14:11:01,Вал КПП первичный D-125087 / 8-97350-006-0 MYY6S Z=26 N-series Дизель,5,5152,Дизель,D-125087,Москва
2025-12-28 14:11:01,Вал КПП первичный D-127064 / 8-97252-924-1 MYY5T Z=28 N-series Дизель,1,5244,Дизель,D-127064,Москва
2025-12-28 14:11:01,Вал КПП первичный D-127065 / 8-98021-266-0 MYY6S Z=26 N-series Дизель,1,6200,Дизель,D-127065,Москва
2025-12-28 14:11:01,Вал КПП первичный QD43220T-05970 Hyundai HD65/72/County D4GA ORIG,5,13589,Hyundai-Kia,QD43220T05970,Москва
2025-12-28 14:11:01,Вал КПП первичный Z-1701111-00-00 JAC N35 ORIG,1,5703,JAC,Z-1701111-00-00,Москва
2025-12-28 14:11:01,Вал КПП промежуточный 43410-5H020 HYUNDAI HD78/County D4DB/DD ORIG,4,27343,Hyundai-Kia,43410-5H020,Москва
2025-12-28 14:11:01,Вал КПП промежуточный Z-1701301-00-00 JAC N35 ORIG,3,10460,JAC,Z-1701301-00-00,Москва
2025-12-28 14:11:01,Вал масляного насоса 200V38516-5020 SITRAK C7H ORIG,2,3355,CNHTC,200V38516-5020,Москва
2025-12-28 14:11:01,Вал планетарной шестерни 3200190010 JAC N35 ORIG,1,607,JAC,3200190010-B,Москва
2025-12-28 14:11:01,Вал редуктора среднего моста D-127879 / 2502161-A0E FAW J6 Дизель,4,3535,Дизель,D-127879,Москва
2025-12-28 14:11:01,Вал тормозной D-125785 / HFF3502053CK2BZFT-1 JAC N350 Дизель,1,3410,Дизель,D-125785,Москва
2025-12-28 14:11:01,Вал тормозной D-125786 / HFF3502054CK2BZFT-1 JAC N350 Дизель,1,3410,Дизель,D-125786,Москва
2025-12-28 14:11:01,Вал тормозной задний 2-й мост левый 362501/A6234230136/01350280/1593102100/460405 Mercedes/DieselTechnic,1,3559,Diesel Technic,4.60405,Москва
2025-12-28 14:11:01,Вал тормозной задний 2-й мост правый 03.010.1905.870/A6234230236/362500/460406 Mercedes/Templin !,1,3674,Templin,03.010.1905.870,Москва
2025-12-28 14:11:01,Вал тормозной левый 531мм 464844/A9424230136/1591618600/WS7567 L Mercedes /DieselTechnic !,1,3942,Diesel Technic,4.64844,Москва
2025-12-28 14:11:01,Вал тормозной передний левый D-128593 / 3502151C242/A Faw J6 3250 Дизель,2,1778,Дизель,D-128593,Москва
2025-12-28 14:11:01,Вал тормозной передний правый D-128590 / 3501152C242/A Faw J6 3250 Дизель,1,1849,Дизель,D-128590,Москва
2025-12-28 14:11:01,Вал тормозной правый 531мм 464845 / A9424230036 / 1591618500 Mercedes /DieselTechnic !,2,3914,Diesel Technic,4.64845,Москва
2025-12-28 14:11:01,Венец маховика 612600020208 JAC N350 WP10 E-5 ORIG,1,4219,JAC,612600020208,Москва
2025-12-28 14:11:01,Венец маховика D-126668 / ME012548 114t 4D35/33 Дизель,1,1691,Дизель,D-126668,Москва
2025-12-28 14:11:01,"Венец маховика D-127025 / ME032645 / ME072527 129t 6D16, 6D17, 6M60, 4M50 Дизель",2,2320,Дизель,D-127025,Москва
2025-12-28 14:11:01,Вентилятор охлаждения двигателя D-126456 / 1308010-263 FAW Дизель,1,2621,Дизель,D-126456,Москва
2025-12-28 14:11:01,"Вентилятор охлаждения двигателя D-128807 / 16361-78100 / TF5681 HINO300, DYNA 2003 N04C Дизель",1,1707,Дизель,D-128807,Москва
2025-12-28 14:11:01,Вентилятор охлаждения двигателя D-128808 / MZ-006 / SL01-23-906 / SE01-23-906 MAZDA SL Дизель,1,994,Дизель,D-128808,Москва
2025-12-28 14:11:01,Вентилятор охлаждения двигателя D-128809 / NS-1581 / 21060-2T700 NISSAN TD25/TD27/QD32 Дизель,1,1053,Дизель,D-128809,Москва
2025-12-28 14:11:01,Вентилятор охлаждения двигателя D-129140 / ME013493 / MB-5181 MITSUBISHI 4M40 4D33 Дизель,4,1220,Дизель,D-129140,Москва
2025-12-28 14:11:01,Вентилятор охлаждения двигателя D-129826 / MZ-005 / MZ-14 / MZ2781 MAZDA SL Дизель,1,1188,Дизель,D-129826,Москва
2025-12-28 14:11:01,Вентилятор охлаждения радиатора D-125023 / 5-13662-012-1/0 N-series 2004/NPR71 4HF1/6BG1/6BF1 Дизель,2,1443,Дизель,D-125023,Москва
2025-12-28 14:11:01,Вентилятор охлаждения радиатора D-126386 / 8-98190-058-0 / 8-97367-381-0 510x174x160mm 4HK1 Дизель,2,1529,Дизель,D-126386,Москва
2025-12-28 14:11:01,Верхняя часть переднего бампера 2803111U2220 JAC S3 ORIG,1,3827,JAC,2803111U2220,Москва
2025-12-28 14:11:01,Вилка выжимного подшипника C-007-2 / HCF-007 31233-1180 PM,1,4153,Paul Master,HCF-007,Москва
2025-12-28 14:11:01,Вилка выжимного подшипника сцепления 55512 / A6552501513 / 9448/22752 Mercedes / Auger !,1,2739,Auger,55512,Москва
2025-12-28 14:11:01,Вилка кп A9423530134 Mercedes ориг !,1,6429,Mercedes,A 942 353 01 34,Москва
2025-12-28 14:11:01,Вилка КПП 1-ой и зад передачи ME507181 Fuso Canter TF ORIG,15,12130,Mitsubishi,ME507181,Москва
2025-12-28 14:11:01,Вилка КПП 3-4 ой передачи ME534839 Fuso Canter ORIG,8,10506,Mitsubishi,ME534839,Москва
2025-12-28 14:11:01,Вилка КПП 3-4 передач QW43665-6A340 D6DA HD120 ORIG,1,3843,Hyundai-Kia,QW43665-6A340,Москва
2025-12-28 14:11:01,Вилка КПП 4-й и 5-й передачи 8-97362-732-1 MYY6S N-series ORIG,1,5890,Isuzu,8-97362-732-1,Москва
2025-12-28 14:11:01,"Вилка сцепления D-125323 / 8-97255-303-0 4HG1/4HK1/4JJ1 NQR-71/75, NLR/NMR85 Дизель",1,1568,Дизель,D-125323,Москва
2025-12-28 14:11:01,Вилка сцепления D-127620 / M-1605122 JAC N90 Дизель,2,1844,Дизель,D-127620,Москва
2025-12-28 14:11:01,"Вилка сцепления D-128093 / 8-97255-303-0 4HG1/4HK1/4JJ1 NQR-71/75, NLR/NMR85 Дизель",7,1243,Дизель,D-128093,Москва
2025-12-28 14:11:01,Вилка сцепления D-128675 / 1602416A70A / 1602420A70A/B FAW J6 Дизель,1,2404,Дизель,D-128675,Москва
2025-12-28 14:11:01,Винт регулировочный рокеров D-126457 / 200V04205-5009 Sitrak C7H Дизель,2,285,Дизель,D-126457,Москва
2025-12-28 14:11:01,Вискомуфта вентилятора A5412001622 / A5412001322 / 7033401/LK086 Mercedes ориг !,1,58483,Mercedes,A 541 200 16 22,Москва
2025-12-28 14:11:01,Вискомуфта вентилятора без крыльчатки 41213991/060496 SAMPA !,1,16722,Sampa,060.496-01,Москва
2025-12-28 14:11:01,Вкладыш к/в верхний 1002015FB/1002015FB040 JAC N35 ORIG,2,116,JAC,1002015FB,Москва
2025-12-28 14:11:01,Вкладыш к/в нижний 1002016FB/1002016FB040 JAC N35 ORIG,2,116,JAC,1002016FB,Москва
2025-12-28 14:11:01,Вкладыш распредвала 21181-84000 HYUNDAI HD250/260/270/370/500 ORIG,1,433,Hyundai-Kia,21181-84000,Москва
2025-12-28 14:11:01,Вкладыш упорный 8-97386-548-0 4HF1/4HG1/6HE1/6HH1/6HK1 ORIG,8,1410,Isuzu,8-97386-548-0,Москва
2025-12-28 14:11:01,Вкладыш шатунный верх 1004027FB040 JAC N35 ORIG,5,1199,JAC,1004027FB040,Москва
2025-12-28 14:11:01,Вкладыш шатунный ниж 1004021FB040 JAC N35 ORIG,2,115,JAC,1004021FB040,Москва
2025-12-28 14:11:01,"Вкладыши коленвала D-125599 / 11703-2000 / S1170-32000 0,25 7пар/к-т HINO500 Дизель",1,3941,Дизель,D-125599,Москва
2025-12-28 14:11:01,Вкладыши корен 8PD1/10PD1/12PD1 MP4040K-0.25/MP198H-025/1-11510-077-0/068-0/078-0/098-1 ПАРА DAIDO METAL,1,1114,Daido Metal,MP4040K-0.25,Москва
2025-12-28 14:11:01,Вкладыши корен 8PD1/10PD1/12PD1 MP4040K-0.25/MP198H-025/1-11510-077-0/068-0/078-0/098-1 ПАРА L.L.E,2,683,Дизель,MP4040K-0.25,Москва
2025-12-28 14:11:01,Вкладыши коренные 4HG1/4HF/4HK M4547K 0.25 DAIDO,1,4368,Daido Metal,M4547K-0.25,Москва
2025-12-28 14:11:01,Вкладыши коренные 4HG1/4HF/4HK M4547K 0.25 L.L.E,2,2695,L.L.E.,M4547K-0.25,Москва
2025-12-28 14:11:01,"Вкладыши коренные 4JJ1/4JG1 D-125022 / 8-97387-965-0 GRADE=2 (10шт/кт) N,Q-series Дизель",2,1373,Дизель,D-125022,Москва
2025-12-28 14:11:01,"Вкладыши коренные 4JJ1/4JG1 D-127068 / 8-97387-966-0 GRADE=3 (10шт/кт) N,Q-series Дизель",1,890,Дизель,D-127068,Москва
2025-12-28 14:11:01,Вкладыши коренные 612600012208 JAC N350 WP10 E-5 ORIG,1,6449,JAC,612600012208,Москва
2025-12-28 14:11:01,Вкладыши коренные 6D16T/6D17T/6M60/6M60-T M6325K-0.25/M146H-025/ME995345 /993943 DAIDO,1,5401,Daido Metal,M6325K-0.25,Москва
2025-12-28 14:11:01,Вкладыши коренные 8-97372-076-/ 077-/078-1/0 (пара) STD BROWN 4HK1/6HK1/4HG1/4HЕ1 ISUZU/HITACHI Diesel,6,653,Дизель,8-97372-076-1,Москва
2025-12-28 14:11:01,"Вкладыши коренные D-125105 / 8-97387-965-0, grade=2, 10шт/кт, N,Q-series 4JJ1/4JG1 Дизель",4,952,Дизель,D-125105,Москва
2025-12-28 14:11:01,Вкладыши коренные D-125322 / 8-97387-964-0 (комплект на шейку из 2 шт) 4JJ1 Дизель,1,734,Дизель,D-125322,Москва
2025-12-28 14:11:01,"Вкладыши коренные D-125377 / 8-97387-966-0, grade=3, 10шт/кт, N/Q-series 4JJ1/4JG1 Дизель",2,1501,Дизель,D-125377,Москва
2025-12-28 14:11:01,Вкладыши коренные D-125598 / 11701-2140/S1170-12140 HINO 500 (1к-т 7 пар) Дизель,1,5430,Дизель,D-125598,Москва
2025-12-28 14:11:01,Вкладыши коренные D-125788 / 612600012208 JAC N350 WP10 E-5 Дизель,1,9036,Дизель,D-125788,Москва
2025-12-28 14:11:01,"Вкладыши коренные D-126387 / 8-98053-578-0, grade=0, N-series 4JJ1 Дизель",1,1096,Дизель,D-126387,Москва
2025-12-28 14:11:01,"Вкладыши коренные D-126388 / 8-98053-576-0, grade=0, crank 3, N-series 4JJ1 Дизель",2,888,Дизель,D-126388,Москва
2025-12-28 14:11:01,"Вкладыши коренные D-126389 / 8-97387-968-0 / 8-97288-121-0, grade=5, N-series 4JJ1 Дизель",2,888,Дизель,D-126389,Москва
2025-12-28 14:11:01,Вкладыши коренные D-127585 / 8-97372-076-/077-/078-1/0 ISUZU 4HK1/6HK1/4HG1/4HЕ1 Дизель,2,730,Дизель,D-127585,Москва
2025-12-28 14:11:01,Вкладыши коренные H06C/C-T/H07C/C-T/07D M1108K-0.25/M218H1-025/11703-1552/1591/1680 DAIDO,1,5820,Daido Metal,M1108K-0.25,Москва
2025-12-28 14:11:01,Вкладыши коренные J05C/J05C-TI / J07C /J08C MP1104K-0.25/11701-2160A/2170A/2180A ПАРА L.L.E!,2,612,Дизель,MP1104K-0.25,Москва
2025-12-28 14:11:01,Вкладыши коренные J08C-TI/J08ETM M1106K-STD/M224H-STD/11701-2110A/2140 DAIDO,1,5382,Daido Metal,M1106K-STD,Москва
2025-12-28 14:11:01,Вкладыши коренные J08C/J08E MP1107K-0.25 на шейку к/вала DAIDO METAL,2,537,Daido Metal,MP1107K-0.25,Москва
2025-12-28 14:11:01,Вкладыши коренные J08C/J08E MP1107K-STD / 11701-2110A на шейку к/вала DAIDO METAL,2,1110,Daido Metal,MP1107K-STD,Москва
2025-12-28 14:11:01,Вкладыши коренные STD 21020-48000/21020-48010 Hyundai HD65/72/County D4GA ORIG,3,3092,Hyundai-Kia,21020-48000,Москва
2025-12-28 14:11:01,Вкладыши коренные STD D-129141 / L6100000-PJZW FAW J6 Дизель,3,3728,Дизель,D-129141,Москва
2025-12-28 14:11:01,Вкладыши распредвала C176L-STD 4FB1,1,682,JMC,C176L-STD,Москва
2025-12-28 14:11:01,Вкладыши распредвала D-128095 / 8-97386-189-0 10шт/к-т ISUZU 4HG1/4HK1/4HF1/Bogdan Дизель,4,2296,Дизель,D-128095,Москва
2025-12-28 14:11:01,Вкладыши упорные 4JB1/4JG2/4JH1-T T4651A-0.25/8-94453-520-0/8-97383-740-0 /8-98040-704-0 DAIDO METAL,1,424,Daido Metal,T4651A-0.25,Москва
2025-12-28 14:11:01,Вкладыши упорные F17C/F17C-T/F17D/F17D-T/F17E/F20C/EF550/EF750 T1123K-STD/11011-1210 DAIDO,2,2195,Daido Metal,T1123K-STD,Москва
2025-12-28 14:11:01,"Вкладыши шатунные 0,50 D-125625 / 8-97175-128-0 (пара) N-series 4HV1 (CNG) ГАЗ Дизель",2,589,Дизель,D-125625,Москва
2025-12-28 14:11:01,Вкладыши шатунные 0.25 4HF1/4HG1 R801H (8 шт/компл),2,1752,Дизель,R801H,Москва
2025-12-28 14:11:01,Вкладыши шатунные 8-97358-234-0 STD 4JJ1/4JB1 NLR85 ORIG,8,1707,Isuzu,8-97358-234-0,Москва
2025-12-28 14:11:01,Вкладыши шатунные 8-97616-358-0 STD 4HK1-T NQR90/NQR/NPR75 (пара) ORIG,1,3273,Isuzu,8-97616-358-0,Москва
2025-12-28 14:11:01,Вкладыши шатунные 8-97616-359-0/8-98055-479-0 STD YELLOW 4HK1/6HK1 (на шейку) ORIG,6,1880,Isuzu,8-97616-359-0,Москва
2025-12-28 14:11:01,"Вкладыши шатунные 8-98064-282-0 STD GREEN 4HE1-T N,F series (пара) ORIG",2,2695,Isuzu,8-98064-282-0,Москва
2025-12-28 14:11:01,Вкладыши шатунные D-125465 / 8-97616-358-0 STD GREEN 4HK1-T NQR90/NQR/NPR75 (на шейку) Дизель,1,652,Дизель,D-125465,Москва
2025-12-28 14:11:01,Вкладыши шатунные D-125585 / 8-97616-359-0 / 8-98055-479-0 STD yellow 4HK1/6HK1 на шейку Дизель,1,652,Дизель,D-125585,Москва
2025-12-28 14:11:01,"Вкладыши шатунные D-128196 / 8-97175-127-0 0,25 пара N-series 4HV1 (CNG) ГАЗ Дизель",2,518,Дизель,D-128196,Москва
2025-12-28 14:11:01,Вкладыши шатунные FE6 R3329K-0.25/R092H-STD/12117-Z5561 DAIDO,2,4640,Daido Metal,R3329K-025,Москва
2025-12-28 14:11:01,Вкладыши шатунные FE6 R3329K-025/R092H-025/12117-Z5561 L.L.E !,2,2453,Дизель,R3329K-025,Москва
2025-12-28 14:11:01,Вкладыши шатунные HE1-T/6HK1-T 8-98064-281-0 STD YELLOW (на 1 шатун) ORIG,2,1162,Isuzu,8-98064-281-0,Москва
2025-12-28 14:11:01,"Вкладыши шатунные NISSAN DIESEL R3321K RD8/RE8/RF8/RD10 STD (пара, к-т на шатун) DAIDO",2,809,Daido Metal,R3321K-STD,Москва
2025-12-28 14:11:01,Вкладыши шатунные RD10 / RE10 / RF10 / 12117-97069 / RP3322K-025 (пара) DAIDO,2,576,Daido Metal,RP3322K-0.25,Москва
2025-12-28 14:11:01,Вкладыши шатунные RD8 / RE8 / RF8 / RD10 / RE10 / RF10 / RP3320K-0.25 (пара) L.L.E,2,425,Дизель,RP3320K-0.25,Москва
2025-12-28 14:11:01,Вкладыши шатунные STD D-129142 / L6100000-PJLW FAW J6 Дизель,1,3728,Дизель,D-129142,Москва
2025-12-28 14:11:01,Вкладыши шатунные TF/TM R8350A-STD/R326A-STD/TF01-11-SE0A DAIDO,1,2028,Daido Metal,R8350A-STD,Москва
2025-12-28 14:11:01,Включатель стоп-сигнала WG9100710006 Howo,2,224,Howo,WG9100710006,Москва
2025-12-28 14:11:01,Внутрикабинный фонарь ML250099 Fuso Canter ORIG,2,6083,Mitsubishi,ML250099,Москва
2025-12-28 14:11:01,Вставка в топливный фильтр для Separ 2000/5 062774 Iveco,1,1096,Noname,00530,Москва
2025-12-28 14:11:01,Втулка (115-125-78) D-127071 / 1-51386-004-0 ISUZU 10t CXZ 10PC1 20070111A Дизель,33,810,Дизель,D-127071,Москва
2025-12-28 14:11:01,Втулка (30-42-88) с сальником 9867-30124 HINO 10t FN# передней,2,454,Hino,00-00000672,Москва
2025-12-28 14:11:01,Втулка (32-38-98) D-127081 / 9-51351-028-0/1-51351-010-0 ISUZU FTR/FVR/GVR/FVR34 задней рессоры Дизель,5,250,Дизель,D-127081,Москва
2025-12-28 14:11:01,Втулка (35-42-88) 55045-90001 N-DIESEL 10t задней рессоры,20,167,Дизель,55045-90001,Москва
2025-12-28 14:11:01,Втулка (38-46-88) D-127083 / 9993-12105 HINO 10t задней рессоры Дизель,2,260,Дизель,D-127083,Москва
2025-12-28 14:11:01,Втулка 115-125-86,17,1236,Дизель,115-125-86,Москва
2025-12-28 14:11:01,Втулка 54015 / 116.015 Auger !,1,148,Auger,54015,Москва
2025-12-28 14:11:01,Втулка 54449-43000 /43001 Grace !,2,67,Дизель,54449-43000,Москва
2025-12-28 14:11:01,Втулка 54449-43001/43000 Grace !,27,139,Hyundai-Kia,54449-43001F,Москва
2025-12-28 14:11:01,Втулка County/HD72/78 D-127084 / 54149-5A100 XLD Дизель,302,70,Дизель,D-127084,Москва
2025-12-28 14:11:01,Втулка D-126994 / 9867-00108/5 / 55523-Z2001 HINO/UD 10t 100х110х90 Дизель,89,827,Дизель,D-126994,Москва
2025-12-28 14:11:01,Втулка D-126996 / 9-51351-019-0 FSR/FUSO 8t зад рессоры 28x34x78 Дизель,100,161,Дизель,D-126996,Москва
2025-12-28 14:11:01,Втулка D-127037 / 54147-45000 County/HD72/78 Дизель,73,99,Дизель,D-127037,Москва
2025-12-28 14:11:01,Втулка D-127073 / 9867-25121 HINO 5t FD1#FD2#FD3/HINO 300/500 передней рессоры 25-31-68 Дизель,18,144,Дизель,D-127073,Москва
2025-12-28 14:11:01,Втулка D-127079 / 9867-30124 / 9867-30119 HINO 10t FN# перед рессоры 30-42-88 Дизель,34,270,Дизель,D-127079,Москва
2025-12-28 14:11:01,Втулка D-127080 / 1-51351-009-0 ISUZU FORWARD 10t передней рессоры 32-38-78 Дизель,33,220,Дизель,D-127080,Москва
2025-12-28 14:11:01,Втулка D-129143 / 9867-25138 / 986725138 / 9867-25137 25-35-78 HINO Дизель,20,253,Дизель,D-129143,Москва
2025-12-28 14:11:01,Втулка D-129144 32-42-88 передняя рессора 10t HINO FN# Дизель,107,295,Дизель,D-129144,Москва
2025-12-28 14:11:01,Втулка D-129145 / 9867-38117 38-50-88 задняя рессора 10t HINO FN# Дизель,20,271,Дизель,D-129145,Москва
2025-12-28 14:11:01,Втулка FE-015A / FSR-015A MB025153 (полиуретан) PM,41,335,Paul Master,FSR-015A,Москва
2025-12-28 14:11:01,Втулка амортизатора (нижняя) 9-51631-026-0 FVR34/CYZ52 ORIG,36,351,Isuzu,9-51631-026-0,Москва
2025-12-28 14:11:01,"Втулка амортизатора 8-94224-694-0 N,Q-series (K)",4,55,Дизель,8-94224-694-0,Москва
2025-12-28 14:11:01,"Втулка амортизатора D-125336 / 8-94132-727-1 задняя верхняя N,Q-series Дизель",1,51,Дизель,D-125336,Москва
2025-12-28 14:11:01,"Втулка амортизатора D-128751 / 8-94132-727-1 rear top N,Q-series Дизель",10,44,Дизель,D-128751,Москва
2025-12-28 14:11:01,Втулка балансира D-125789 / AK99014520191 JAC N350 Дизель,2,1436,Дизель,D-125789,Москва
2025-12-28 14:11:01,Втулка балансира D-128586 / 2918042-242/C резиновая FAW J6 Дизель,1,1295,Дизель,D-128586,Москва
2025-12-28 14:11:01,Втулка балансира металлическая 116244 / 113*118*80 мм Mercedes / DieselTechnic !,2,1281,Diesel Technic,1.16244,Москва
2025-12-28 14:11:01,Втулка блокировки A9423530050 Mercedes ориг !,1,936,Mercedes-Benz,A 942 353 00 50,Москва
2025-12-28 14:11:01,Втулка болта крепления V-обр. тяги D-129884 / WG9725520367 HOWO Дизель,4,180,Дизель,D-129884,Москва
2025-12-28 14:11:01,Втулка верх амортизатора зад. 54328-67100 HYUNDAI GOLD D6GA HD120 ORIG,14,111,Hyundai-Kia,54328-67100,Москва
2025-12-28 14:11:01,Втулка верхнего рычага 54453-4E000 BONGO III 2.9 !,5,193,Дизель,54453-4E000,Москва
2025-12-28 14:11:01,Втулка вилки сцепления 450307 /A0029921501 Mercedes /DieselTechnic !,2,259,Diesel Technic,4.50307,Москва
2025-12-28 14:11:01,Втулка вилки сцепления 461009 / A0002540335 Mercedes /DieselTechnic !,2,224,Diesel Technic,4.61009,Москва
2025-12-28 14:11:01,Втулка вилки сцепления QD41700T-01120 COUNTY/HD65/78/120 D6CA/CB/CC ORIG,17,1272,Hyundai-Kia,QD41700-T01120,Москва
2025-12-28 14:11:01,Втулка дистанционная Z-1701203-00-00 JAC N35 ORIG,1,743,JAC,Z-1701203-00-00,Москва
2025-12-28 14:11:01,Втулка заднего амортизатора верхняя XJA84 N56/N75/N80 JAC ORIG,28,50,JAC,XJA84,Москва
2025-12-28 14:11:01,Втулка заднего стабилизатора 2916040U1510 S5/S7 JAC ORIG,96,377,JAC,2916040U1510,Москва
2025-12-28 14:11:01,Втулка заднего стабилизатора 8-94440-793-0 NPR/NQR/NPS 88-09 ORIG,4,661,Isuzu,8-94440-793-0,Москва
2025-12-28 14:11:01,Втулка заднего стабилизатора FRD/FRR 98~ 1-51779-111-2 ORIG,1,2974,Isuzu,1-51779-111-2,Москва
2025-12-28 14:11:01,Втулка заднего стабилизатора MZSB-TIT,2,192,JMC,MZSB-TIT,Москва
2025-12-28 14:11:01,Втулка замка кабины 81962100462/51503/1503 AUGER !,4,193,Auger,1503,Москва
2025-12-28 14:11:01,Втулка колодки тормозной колеса переднего D-129150 / 3501396-A0S FAW Дизель,1,127,Дизель,D-129150,Москва
2025-12-28 14:11:01,"Втулка КПП 1-33659-118-0/1-33659-053-0 C,F-series ORIG",4,672,Isuzu,1-33659-118-0,Москва
2025-12-28 14:11:01,Втулка крепления фары D-128521 / 1-82117-086-0 FVR34/CYZ52/CYZ51 Дизель,10,454,Дизель,D-128521,Москва
2025-12-28 14:11:01,Втулка кулака поворотного D-127623 / 30D5-01020A JAC N120 LE35S Дизель,2,244,Дизель,D-127623,Москва
2025-12-28 14:11:01,Втулка направляющая клапана 8-94239-423-0 L=42 4JJ1 N-series ORIG,39,429,Isuzu,8-94239-423-0,Москва
2025-12-28 14:11:01,Втулка направляющая клапана 8-94390-780-0 L=57 4HK1-T ORIG,2,616,Isuzu,8-94390-780-0,Москва
2025-12-28 14:11:01,Втулка направляющая клапана D-125586 / 8-94239-423-0 L=42 4JJ1 N-series Дизель,2,158,Дизель,D-125586,Москва
2025-12-28 14:11:01,Втулка направляющая клапана D-128549 / 8-94239-423-0 L=42 4JJ1 N-series Дизель,10,291,Дизель,D-128549,Москва
2025-12-28 14:11:01,"Втулка направляющая рессоры 0311323010 / 03.113.23.01.0 42,5х30,5/73,5/16,5х24 мм BPW SKV",40,241,SKV,0311323010SKV,Москва
2025-12-28 14:11:01,Втулка оси балансира 1-87610-177-0/8-98081-832-0/ 1-51386-004-0/9-51386-026-0 CYZ/EXZ/FVZ ORIG,10,5827,Isuzu,8-98081-832-0,Москва
2025-12-28 14:11:01,Втулка оси балансира 1-87610-177-0/8-98081-832-0/ 1-51386-004-0/9-51386-026-0 CYZ/EXZ/FVZ ORIG CHINA,103,1522,Isuzu,1-87610-177-0,Москва
2025-12-28 14:11:01,Втулка пальца тормозной колодки D-129868 / WG880440006 HOWO T5G Дизель,6,92,Дизель,D-129868,Москва
2025-12-28 14:11:01,Втулка передачи задн.хода A3892622550 / 60531187 Mercedes ориг !,1,7660,Mercedes-Benz,A 389 262 25 50,Москва
2025-12-28 14:11:01,Втулка переднего амортизатора (нижняя) 54333-6A500 Hyundai HD120 ORIG,6,99,Hyundai-Kia,54333-6A500,Москва
2025-12-28 14:11:01,Втулка переднего амортизатора нижняя 2905014D800 N-56 JAC ORIG,28,48,JAC,2905014D800,Москва
2025-12-28 14:11:01,Втулка переднего стабилизатора 1-51689-015-1/0 CXZ/CYZ/CYL 95-04r ORIG,6,1691,Isuzu,1-51689-015-1,Москва
2025-12-28 14:11:01,Втулка переднего стабилизатора 1-51779-087-0/1 CX#CY#EX# 95~ ORIG,3,1012,Isuzu,1-51779-087-1,Москва
2025-12-28 14:11:01,Втулка переднего стабилизатора 199100680068 Howo,2,66,Дизель,199100680068,Москва
2025-12-28 14:11:01,Втулка переднего стабилизатора 8-94342-187-0 NPR/NQR 03~ ORIG,8,661,Isuzu,8943421870,Москва
2025-12-28 14:11:01,Втулка переднего тормозного вала D-129146 / 3501028-A0S J6 FAW Дизель,2,136,Дизель,D-129146,Москва
2025-12-28 14:11:01,Втулка пластиковая кулисы (рычага) КПП 8-97011-895-1 NQR71/75/90 ORIG,2,683,Isuzu,8970118951,Москва
2025-12-28 14:11:01,Втулка подвески кабины 1894408 Scania / 122455 DieselTechnic !,4,179,Diesel Technic,1.22455,Москва
2025-12-28 14:11:01,Втулка прижимная ГБЦ D-125790 / 61200040023 JAC N350 WP10/12 Дизель,2,308,Дизель,D-125790,Москва
2025-12-28 14:11:01,Втулка распорная делителя КПП D-129864 / WG2229100032 HOWO T5G Дизель,2,869,Дизель,D-129864,Москва
2025-12-28 14:11:01,Втулка распредвала 21181-83000 HYUNDAI ORIG,1,1183,Hyundai-Kia,21181-83000,Москва
2025-12-28 14:11:01,Втулка распредвала 21183-83000 HYUNDAI ORIG,1,1183,Hyundai-Kia,21183-83000,Москва
2025-12-28 14:11:01,Втулка распредвала 21184-83000 HYUNDAI ORIG,1,1183,Hyundai-Kia,21184-83000,Москва
2025-12-28 14:11:01,Втулка реактивной тяги NSB-005,4,259,JMC,NSB-005,Москва
2025-12-28 14:11:01,Втулка резиновая D-126818 / WG9100680067 HOWO Дизель,5,177,Дизель,D-126818,Москва
2025-12-28 14:11:01,Втулка резиновая рессоры 24*62*96 мм 1800003223285 /A0003223285 / 51218D / 611056 Mercedes/ROSTAR !,4,904,Rostar,180.0003223285,Москва
2025-12-28 14:11:01,Втулка рессор (обич.) FE-014 / МВ035207 / FSC-014 PM,4,202,Paul Master,FSC-014,Москва
2025-12-28 14:11:01,Втулка рессорная (полиуретан) D-126722 / MB025153 / MC-0271-M5 KS RB-4005 22х39х47 MIT Canter Дизель,124,155,Дизель,D-126722,Москва
2025-12-28 14:11:01,Втулка рессоры (30-36-88) D-127077 / 54040-9006 N-DIESEL CW620/CD450 перед рессоры 30*36*88 Дизель,1,244,Дизель,D-127077,Москва
2025-12-28 14:11:01,Втулка рессоры (30-38-78) D-127257 / SZ940-87035 HINO Дизель,10,215,Дизель,D-127257,Москва
2025-12-28 14:11:01,Втулка рессоры (32-42-78) D-127082 / 1-51351-044-0/046-0 ISUZU FRR/GIGA 10T перед рессоры Дизель,7,363,Дизель,D-127082,Москва
2025-12-28 14:11:01,Втулка рессоры (32-44-88) D-128129 / MK316011 MMC FUSO 10t 32*44*88 Дизель,20,408,Дизель,D-128129,Москва
2025-12-28 14:11:01,Втулка рессоры 128680 / 040.061 Scania SKV,2,356,SKV,128680,Москва
2025-12-28 14:11:01,Втулка рессоры 3076601SKV Volvo FH/FM/12 SKV,10,716,SKV,3076601SKV,Москва
2025-12-28 14:11:01,Втулка рессоры 55256-4B000 Porter !,88,45,Дизель,55256-4B000,Москва
2025-12-28 14:11:01,Втулка рессоры 727058 ERREVI,2,370,Errevi,727058,Москва
2025-12-28 14:11:01,Втулка рессоры 8-98082-176-0 F-series ORIG,27,907,Isuzu,8-98082-176-0,Москва
2025-12-28 14:11:01,Втулка рессоры D-126997 / MH024002 FUSO/UD 10t перед/зад рессоры 32-38-88 Дизель,51,220,Дизель,D-126997,Москва
2025-12-28 14:11:01,Втулка рессоры D-127076 / MH024001 FUSO/HINO 8t CANTER задней рессоры 30-36-78 Дизель,45,216,Дизель,D-127076,Москва
2025-12-28 14:11:01,Втулка рессоры D-128684 / 2902122-X159 FAW Дизель,88,90,Дизель,D-128684,Москва
2025-12-28 14:11:01,Втулка рессоры D-128753 / 8-98040-327-0 / 8-94463-020-0 Isuzu NKR/NHR Дизель,4,75,Дизель,D-128753,Москва
2025-12-28 14:11:01,Втулка рессоры D-129148 38-46-77 Дизель,168,201,Дизель,D-129148,Москва
2025-12-28 14:11:01,Втулка рессоры биметаллическая CT-3025-70S2 N56 JAC ORIG,18,171,JAC,CT-3025-70S2,Москва
2025-12-28 14:11:01,Втулка рессоры зад D-127624 / CT-3630-76 JAC N120 Дизель,2,194,Дизель,D-127624,Москва
2025-12-28 14:11:01,Втулка рессоры передней D-128158 / WG9000520078 HOWO Дизель,74,112,Дизель,D-128158,Москва
2025-12-28 14:11:01,Втулка рычага вилки сцепления QW41436-6A340 Hyundai HD120/Aerotown D6DA/D6GA ORIG,2,649,Hyundai-Kia,QW41436-6A340,Москва
2025-12-28 14:11:01,Втулка сайлентблока торсиона кабины 8-97061-514-0 TZG !,4,134,Дизель,TI-045,Москва
2025-12-28 14:11:01,Втулка стабилизатора (к рессоре) 2916031G15A0 JAC ORIG,16,51,JAC,2916031G15A0,Москва
2025-12-28 14:11:01,Втулка стабилизатора (перед) 480287 / A0003262481 / 0003262981 DieselTechnic,8,251,Diesel Technic,4.80287,Москва
2025-12-28 14:11:01,Втулка стабилизатора (перед) A0003262481 / 480287 / 51044 / 8408087SX/0003262981 Mercedes /DieselTechnic,2,280,Diesel Technic,480287,Москва
2025-12-28 14:11:01,Втулка стабилизатора (перед) A0003262481 / 480287 / 51044 / 8408087SX/0003262981 Mercedes /Auger,10,315,Auger,51044,Москва
2025-12-28 14:11:01,Втулка стабилизатора 011.259 /A0003265681 Mercedes /SAMPA !,2,494,Sampa,011.259,Москва
2025-12-28 14:11:01,Втулка стабилизатора 2916013LE176 N75 JAC ORIG,17,137,JAC,2916013LE176,Москва
2025-12-28 14:11:01,Втулка стабилизатора 480387 / A0003264781 Mercedes /DieselTechnic,2,490,Diesel Technic,4.80387,Москва
2025-12-28 14:11:01,Втулка стабилизатора 48817-36011,2,109,JMC,48817-36011,Москва
2025-12-28 14:11:01,Втулка стабилизатора 48861-1240 TZG !,38,191,Дизель,TH-044B,Москва
2025-12-28 14:11:01,Втулка стабилизатора 54062 Mercedes /Auger,2,570,Auger,54062,Москва
2025-12-28 14:11:01,Втулка стабилизатора 8-97089-556-0 ORIG,43,413,Isuzu,8-97089-556-0,Москва
2025-12-28 14:11:01,Втулка стабилизатора D-127941 / WG9925688210 Sitrak C7H Дизель,12,444,Дизель,D-127941,Москва
2025-12-28 14:11:01,Втулка стабилизатора D-128378 / 199100680052 / 99110680052 SITRAK Дизель,8,116,Дизель,D-128378,Москва
2025-12-28 14:11:01,Втулка стабилизатора D-128379 / 199100680054 / 99100680054 SITRAK Дизель,8,153,Дизель,D-128379,Москва
2025-12-28 14:11:01,Втулка стабилизатора D-128752 / 1-51689-015-1/0 front CXZ/CYZ/CYL 95-04r Дизель,20,279,Дизель,D-128752,Москва
2025-12-28 14:11:01,Втулка стабилизатора HINO PROFIA 2002- / 48861-1900,4,519,JMC,48861-1900,Москва
2025-12-28 14:11:01,Втулка стабилизатора ST48815-25040,2,168,JMC,ST48815-25040,Москва
2025-12-28 14:11:01,Втулка стабилизатора ST48815-25050,2,135,JMC,ST48815-25050,Москва
2025-12-28 14:11:01,Втулка стабилизатора зад D-126819/199100680066 HOWO/FOTON/SHACMAN X3000 Дизель,12,98,Дизель,D-126819,Москва
2025-12-28 14:11:01,Втулка стабилизатора перед/зад 55772-8D000 Hyundai/KIA ORIG,19,702,Hyundai-Kia,55772-8D000,Москва
2025-12-28 14:11:01,Втулка стабилизатора переднего 81.43704.0074 SHACMAN X3000/F3000,2,580,Дизель,81.43704.0074,Москва
2025-12-28 14:11:01,Втулка стабилизатора переднего D-125103 / 1-51689-015-1/0 CXZ/CYZ/CYL 95-04r Дизель,43,453,Дизель,D-125103,Москва
2025-12-28 14:11:01,Втулка стабилизатора переднего D-125128 / 8-94342-187-0 ISUZU NPR/NQR 03~ Дизель,1,446,Дизель,D-125128,Москва
2025-12-28 14:11:01,Втулка стабилизатора переднего D-127263 / 2280638/043.318 Scania Дизель,2,510,Дизель,D-127263,Москва
2025-12-28 14:11:01,Втулка стабилизатора переднего D-127264 / 2392177 Scania Дизель,2,774,Дизель,D-127264,Москва
2025-12-28 14:11:01,"Втулка стабилизатора, задняя 8-94331-581-0/8-97239-911-0/1-09265-534-0 NQR71/75 4HG1 ORIG",1,819,Isuzu,8-94331-581-0,Москва
2025-12-28 14:11:01,Втулка стойки переднего стабилизатора 9-51631-050-0 FVR34/FSR90 ORIG,3,223,Isuzu,9-51631-050-0,Москва
2025-12-28 14:11:01,Втулка стойки стабилизатора 2916024LE176 JAC ORIG,34,87,JAC,2916024LE176,Москва
2025-12-28 14:11:01,Втулка стойки стабилизатора 54716-43160 Hyundai Porter/Porter2/Kia Bongo3,2,53,Дизель,54716-43160,Москва
2025-12-28 14:11:01,Втулка тормозного механизма 3501252Z440 JAC ORIG,2,150,JAC,3501252Z440,Москва
2025-12-28 14:11:01,Втулка торсиона кабины D-127401 / 52211-37010 TZG Дизель,10,252,Дизель,D-127401,Москва
2025-12-28 14:11:01,Втулка тяги стабилизатора 54751-4B003 Porter !,2,88,Дизель,54751-4B003,Москва
2025-12-28 14:11:01,Втулка форсунки D-129151 / 1003016-81D FAW 3310 4250 4180 Дизель,3,438,Дизель,D-129151,Москва
2025-12-28 14:11:01,"Втулка шарового наконечника рычага КПП 8-97011-900-0 MAL6U C,F,N series ORIG",12,518,Isuzu,8-97011-900-0,Москва
2025-12-28 14:11:01,"Втулка шатуна 4HK1, 6HK1 8-94393-364-0/8-94394-613-0 (K)",2,319,Дизель,8-94393-364-0,Москва
2025-12-28 14:11:01,Втулка шатуна D-125414 / 1-12251-036-0/8-98121-309-0 4HF1 NKR/NPR/NQR/NKS/NPS/FRD/FRR/FSD/FSR/LT/LR 87~Дизель,2,326,Дизель,D-125414,Москва
2025-12-28 14:11:01,Втулка шестерни ГРМ 1-12528-006-0 N-series ORIG,3,804,Isuzu,1-12528-006-0,Москва
2025-12-28 14:11:01,Втулка шестерни ГРМ 1-12528-028-0 4HK1 NQR75 ORIG,4,804,Isuzu,1-12528-028-0,Москва
2025-12-28 14:11:01,Втулка шестерни ГРМ 4HK1 8-97606-768-0/8-94369-340-0 ORIG,7,959,Isuzu,8-97606-768-0,Москва
2025-12-28 14:11:01,Втулка шкворня D-125792/HFF3001035CK5G-650/AK30010365G-6507 JAC N350 (NON-GENUINE) Дизель,10,132,Дизель,D-125792,Москва
2025-12-28 14:11:01,Втулка шкворня D-127625 / 3001104N JAC N90 Дизель,1,130,Дизель,D-127625,Москва
2025-12-28 14:11:01,Втулка шкворня D-128044 / WG4071415021 Sitrak C7H Дизель,2,381,Дизель,D-128044,Москва
2025-12-28 14:11:01,Втулка шкворня D-128045 / WG4071415022 / WG4005416540 Sitrak C7H Дизель,2,458,Дизель,D-128045,Москва
2025-12-28 14:11:01,Втулка шкворня D-128689 / 300104216 FAW Дизель,8,234,Дизель,D-128689,Москва
2025-12-28 14:11:01,Втулка шкворня D-129152 / 3001026AA8S/A FAW 3250 Дизель,2,152,Дизель,D-129152,Москва
2025-12-28 14:11:01,Втулка шкворня D-129153 / AK30010365G-6507 / HFF3001035CK5G-650 JAC N350 Дизель,6,147,Дизель,D-129153,Москва
2025-12-28 14:11:01,Втулка шкворня распорная 8-98086-725-0 NPR/NKR 86-89 ORIG,14,832,Isuzu,8-98086-725-0,Москва
2025-12-28 14:11:01,Втягивающее реле (к-т) ME753662 Fuso Canter ORIG,2,13495,Mitsubishi,ME753662,Москва
2025-12-28 14:11:01,Втягивающее реле HINO J07C/6HE1/6HH1 8981522740 / QDJ2520-600R YD !,4,2776,Дизель,8981522740,Москва
2025-12-28 14:11:01,Втягивающее реле ISUZU 6HE1/6НН1/HINO J07C QDJ2520-600R YD !,10,1778,Дизель,QDJ2520-600R,Москва
2025-12-28 14:11:01,Втягивающее реле ME753549 Fuso Canter ORIG,2,12375,Mitsubishi,ME753549,Москва
2025-12-28 14:11:01,Втягивающее реле стартера 8-97161-789-0/8-98322-549-0/7-55187-030-0 4HF1/4BE1 24V ORIG,2,14228,Isuzu,8-98322-549-0,Москва
2025-12-28 14:11:01,Выключатель (датчик) стоп-сигнала 8-97855-187-0 NQR75/71 Y,3,282,Yamasida,8-97855-187-0,Москва
2025-12-28 14:11:01,Выключатель (датчик) стоп-сигнала AZ9X2558030001 HOWO ORIG,9,1495,Howo,AZ9X2558030001,Москва
2025-12-28 14:11:01,Выключатель датчик стоп-сигнала D-128550 / 8-97855-187-0 NQR75/71 Дизель,1,141,Дизель,D-128550,Москва
2025-12-28 14:11:01,"Выключатель концевой двери 8-98022-211-0 N,F-series ORIG",2,509,Isuzu,8-98022-211-0,Москва
2025-12-28 14:11:01,Выключатель педали сцепления концевой нижний D-129156 / 88280-E0061 HINO700 Дизель,11,590,Дизель,D-129156,Москва
2025-12-28 14:11:01,Выключатель стоп-сигналов D-129157 / 3720010-240 FAW 3252 Дизель,1,427,Дизель,D-129157,Москва
2025-12-28 14:11:01,Выключатель тормоза (лягушка) D-128294 / 1635050U1050 JAC N90/120 Дизель,3,642,Дизель,D-128294,Москва
2025-12-28 14:11:01,Выпускной коллектор зад часть 8-97608-514-2 C-series 6WG1 ORIG,1,26125,Isuzu,8-97608-514-2,Москва
2025-12-28 14:11:01,Выпускной коллектор перед часть 8-97608-512-3 C-series 6WG1 ORIG,1,21197,Isuzu,8-97608-512-3,Москва
2025-12-28 14:11:01,Выпускной коллектор центр часть 8-97605-972-1 C-series 6WG1 ORIG,2,23815,Isuzu,8-97605-972-1,Москва
2025-12-28 14:11:01,Гaйкa стремянки MAN M18x2/H-24 AUGER 77271,4,160,Auger,77271,Москва
2025-12-28 14:11:01,"Габарит (под 2 лампочки) L D-127299 / 219-1506L-UE HINO500,700, RANGER,PROFIA /81520-1931 Дизель",8,1552,Дизель,D-127299,Москва
2025-12-28 14:11:01,"Габарит (под 2 лампочки) R D-127135 / 219-1506R-UE HINO 500, 700, RANGER, PROFIA Дизель",3,1489,Дизель,D-127135,Москва
2025-12-28 14:11:01,Габарит 100-1410N-Y универсальный !,3,105,Lucid,100-1410N-Y,Москва
2025-12-28 14:11:01,Габарит D-127300 / 219-1506R-A / 81510-2120G / 81510-2081 / 81510-E0090 / -E0091 HINO 500 Дизель,2,1412,Дизель,D-127300,Москва
2025-12-28 14:11:01,Габарит L D-128754 / 8-98010-892-0 / 8-97376-910-0 Дизель,1,806,Дизель,D-128754,Москва
2025-12-28 14:11:01,Габарит L D-128810 / 219-1506L-A / 81520-1970G / 81520-1931 / 81520-E0090 / 81520-E0091 HINO Дизель,1,1472,Дизель,D-128810,Москва
2025-12-28 14:11:01,Габарит MMC CANTER94 D-127138 / 214-1543R-А /03-4303 / MC139767 Дизель,2,594,Дизель,D-127138,Москва
2025-12-28 14:11:01,Габарит MMC FUSO '97 214-1552L-A !,2,1212,Lucid,214-1552L-A,Москва
2025-12-28 14:11:01,Габарит NISSAN DIESEL / UD TRUCK '95- AD-215-D062R,1,1573,Дизель,AD-215-D062R,Москва
2025-12-28 14:11:01,"Габарит R 212-15G5R-UE/D-127303 HINO300 E3,DUTRO,TOYOTA DYNA/81611-25010/81621-25031 Дизель",6,1312,Дизель,D-127303,Москва
2025-12-28 14:11:01,Габарит R D-127304 / 8-98010-891-0 / 8-97365-170-4 (K) Дизель,1,802,Дизель,D-127304,Москва
2025-12-28 14:11:01,Габарит R D-129160 / 214-1566R / MK353664 / MK580854 FUSO CANTER FE85 LHD Дизель,1,627,Дизель,D-129160,Москва
2025-12-28 14:11:01,Габарит кабины 92660-7A901/92660-7A900 HYUNDAI HD35-1000 ORIG,5,1793,Hyundai-Kia,92660-7A901,Москва
2025-12-28 14:11:01,Габарит кабины D-125797 / 92601-Y41R101/92601-Y4010XH JAC N350 Дизель,1,226,Дизель,D-125797,Москва
2025-12-28 14:11:01,Габарит кабины D-126723 / 92601-Y41R1 JAC N350 Дизель,1,213,Дизель,D-126723,Москва
2025-12-28 14:11:01,Габарит лев (кабина) D-125798 / 4114930G11F0 JAC N75/80/120/200/350 КАМАЗ Компас-9/12 Дизель,1,486,Дизель,D-125798,Москва
2025-12-28 14:11:01,Габарит левый D-127881 / 3731015-A01/F 3250/3310 FAW Дизель,2,565,Дизель,D-127881,Москва
2025-12-28 14:11:01,Габарит передний LH D-125389 / 1-86830-273-0 CXZ51KEXZ51KCYZ51KCYZ51LCXZ81K 6WF1.10PE1 Дизель,1,620,Дизель,D-125389,Москва
2025-12-28 14:11:01,Габарит передний LH D-127989/1-86830-273-0 CXZ51KEXZ51KCYZ51KCYZ51LCXZ81K 6WF1.10PE1 Дизель,1,458,Дизель,D-127989,Москва
2025-12-28 14:11:01,Габарит прав (кабина) D-125799 / 4114940G11F0 JAC N75/80/120/200/350 КАМАЗ Компас-9/12 Дизель,1,486,Дизель,D-125799,Москва
2025-12-28 14:11:01,Габарит правый D-127882 / 3731020-A01 3250/3310 FAW Дизель,1,627,Дизель,D-127882,Москва
2025-12-28 14:11:01,Габарит универсальный D-128813 / 12016 желтый 24V Дизель,1,459,Дизель,D-128813,Москва
2025-12-28 14:11:01,Габаритный фонарь лев D-125800 / 92602-Y3A10 JAC N350 Дизель,1,982,Дизель,D-125800,Москва
2025-12-28 14:11:01,Габаритный фонарь прав D-125801 / 92603-Y3A10 JAC N350 Дизель,1,982,Дизель,D-125801,Москва
2025-12-28 14:11:01,Гайка 2902053LE010 N56/N75/N80 JAC ORIG,9,121,JAC,2902053LE010,Москва
2025-12-28 14:11:01,Гайка 3103102M1 JAC ORIG,3,71,JAC,3103102M1,Москва
2025-12-28 14:11:01,Гайка 440121SKV / 99474402 / 05.260.54.10.0 M22X1.5 SW32 Iveco/BPW SKV,23,79,SKV,440121SKV,Москва
2025-12-28 14:11:01,"Гайка BW46 L для шпильки универсальная перед.м18*1,5 балонник 35 левая",50,51,UDPD,BW46 L,Москва
2025-12-28 14:11:01,"Гайка BW46 R для шпильки универсальная перед.м18*1,5 балонник 35 правая",50,47,UDPD,BW46 R,Москва
2025-12-28 14:11:01,Гайка D-129900 / ZQ361B12 HOWO Дизель,5,24,Дизель,D-129900,Москва
2025-12-28 14:11:01,Гайка M14 8-98149-153-0/8-98095-882-0 ORIG,1,253,Isuzu,8-98149-153-0,Москва
2025-12-28 14:11:01,Гайка M16 0-91110-516-0 ORIG,5,223,Isuzu,0-91110-516-0,Москва
2025-12-28 14:11:01,Гайка M16*1.5 020150/06112512008 MAN SKV,563,26,SKV,06112512008,Москва
2025-12-28 14:11:01,Гайка M20*1.5 D-129901 / ZQ361B20T13F6 HOWO Дизель,6,45,Дизель,D-129901,Москва
2025-12-28 14:11:01,Гайка M36x1.5 uhn-003 / 38216-90005 PM,1,1461,JMC,38216-90005,Москва
2025-12-28 14:11:01,Гайка M88 подшипника ступицы D-125721/9-09843-062-2/0/8-97551-183-0 CYZ51/EXZ52/FVR34 Дизель,1,834,Дизель,D-125721,Москва
2025-12-28 14:11:01,Гайка M88 стопорная подшипника задней ступицы 9-09843-062-2/0/8-97551-183-0 CYZ51/EXZ52/FVR34 ORIG,4,4793,Isuzu,9-09843-062-2,Москва
2025-12-28 14:11:01,Гайка балансира D-125803 / HFF2918115CKXBZ JAC N350 Дизель,1,828,Дизель,D-125803,Москва
2025-12-28 14:11:01,"Гайка болта крепления реактивной тяги M18x1,5 0-91110-518-0 Isuzu",8,168,Isuzu,0911105180,Москва
2025-12-28 14:11:01,Гайка болта полурессоры с нейлоновой вставкой 5010571079SKV /6604024200/5010571079 RVI М24х2мм H24мм,72,41,SKV,5010571079,Москва
2025-12-28 14:11:01,"Гайка болта реактивной тяги D-125314 / 1-09464-011-0 / 8-97606-210-0 C,E-series Дизель",6,227,Дизель,D-125314,Москва
2025-12-28 14:11:01,Гайка выходного вала КПП 1701620-A7G FAW J6,6,367,Дизель,1701620-A7G,Москва
2025-12-28 14:11:01,Гайка зад ступицы D-127627 / 9930680010-B JAC N80/90 LE80B/LE801 Дизель,3,1104,Дизель,D-127627,Москва
2025-12-28 14:11:01,Гайка задней ступицы (внутр) 24.B90ZB1-01076 JAC N120/КАМАЗ (NON-GENUINE),1,446,Noname,24.B90ZB1-01076,Москва
2025-12-28 14:11:01,Гайка карданного болта D-127628 / Q341B14F61 JAC N120 Дизель,3,500,Дизель,D-127628,Москва
2025-12-28 14:11:01,Гайка клина шкворня D-125805 / Q33214 JAC N350 Дизель,28,82,Дизель,D-125805,Москва
2025-12-28 14:11:01,"Гайка колеса 440121 / 031725/41036367/1303221551/520020/07663/04029 (M22*1,5) DieselTechnic !",20,161,Diesel Technic,4.40121,Москва
2025-12-28 14:11:01,Гайка колеса 5801712015 IVECO/HONGYAN,10,136,Дизель,5801712015,Москва
2025-12-28 14:11:01,"Гайка колеса D-125009 / 1-42333-055-0 M22*1.5 C,F series Дизель",20,162,Дизель,D-125009,Москва
2025-12-28 14:11:01,"Гайка колеса D-125313 / 1-42333-055-0 M22*1.5 C,F series Дизель",58,111,Дизель,D-125313,Москва
2025-12-28 14:11:01,Гайка колеса D-127305 / 3103070-A0E FAW CA3311 Дизель,8,209,Дизель,D-127305,Москва
2025-12-28 14:11:01,"Гайка колеса M22x1,5 DIN 1303221581/N074361022205 P.E. !",17,55,Pe Automotive,017.113-00A,Москва
2025-12-28 14:11:01,Гайка колеса задняя 52986-4B000 Hyundai Porter2 PHB,2,63,Дизель,52986-4B000,Москва
2025-12-28 14:11:01,Гайка колеса задняя левая 8-97359-810-0/42634-37020/SZ940-22014 NQR/FSR90/NPR/HINO300/500/CANTER SKV,572,89,SKV,42634-37020,Москва
2025-12-28 14:11:01,Гайка колеса задняя правая 52986-5H500 HYUNDAI HD72 ORIG,1,227,Hyundai-Kia,52986-5H500,Москва
2025-12-28 14:11:01,Гайка колеса задняя правая 8-97359-809-0/SZ940-21016/42633-37020 NQR/FSR90/NPR/HINO300/500/CANTER SKV,658,91,SKV,42633-37020,Москва
2025-12-28 14:11:01,"Гайка колеса (Volvo) М22x1,5 (с буртиком) 20551045SKV /20551045/11.020.4000.910/265080/109210/0333016/65703",108,96,SKV,20551045,Москва
2025-12-28 14:11:01,Гайка колесная с юбкой с правой резьбой 1749034SKV / 2285273 7/8'' H=30.8 SW33 Scania SKV,33,72,SKV,1749034SKV,Москва
2025-12-28 14:11:01,Гайка коромысла регулировочная 24533-45000 Hyundai HD65/72/78/County ORIG,1,62,Hyundai-Kia,24533-45000,Москва
2025-12-28 14:11:01,Гайка КПП вторичного вала SZ177-36002 HINO500 E-4 ORIG,4,4316,hino,SZ177-36002,Москва
2025-12-28 14:11:01,"Гайка крепления полуоси D-128551 / 0-91180-210-0 М10 с фланцем NQR71/75,NPR75,NLR85 Дизель",20,41,Дизель,D-128551,Москва
2025-12-28 14:11:01,Гайка М20 17158221 / 17158225 Iveco Orig !,10,142,Iveco,17158225,Москва
2025-12-28 14:11:01,Гайка М36 с фланцем вторичного вала проходного моста 1-09449-067-0 ORIG,3,2175,Isuzu,1-09449-067-0,Москва
2025-12-28 14:11:01,Гайка оцинкованная с нейлоновой вставкой M20*1..5 K25 DIN 985/8 6604020150,4,24,JMC,6604020150,Москва
2025-12-28 14:11:01,"Гайка пальца полурессоры 0326015010SKV (BPW) M30x3,5 H=24 SKV",37,92,SKV,0326015010,Москва
2025-12-28 14:11:01,Гайка проходного вала D-127883 / CQ39160 FAW J6 Дизель,3,173,Дизель,D-127883,Москва
2025-12-28 14:11:01,"Гайка регулировочого винта коромысла 9-09844-574-0 F,C,N-series ORIG",1,154,Isuzu,9-09844-574-0,Москва
2025-12-28 14:11:01,"Гайка редуктора 1-09449-061-0 M42 C,F-series ORIG",1,2841,Isuzu,1-09449-061-0,Москва
2025-12-28 14:11:01,Гайка редуктора D-127884 / 2402069-A0E FAW Дизель,2,257,Дизель,D-127884,Москва
2025-12-28 14:11:01,"Гайка рессорного болта 14865 Schmitz М27x2,0 SKV",8,107,SKV,14865SKV,Москва
2025-12-28 14:11:01,Гайка рулевой тяги MR319728/319729,7,159,Mitsubishi,MR319729,Москва
2025-12-28 14:11:01,Гайка с фланцем входного вала редуктора заднего моста 1-09449-071-0 M46 CYZ52/FVR34/CYZ51 ORIG,1,3211,Isuzu,1-09449-071-0,Москва
2025-12-28 14:11:01,Гайка стопорная (M48) передней ступицы 1-09840-012-5/1/2/3/4 CYZ51/EXZ52/FSR90/FVR34 ORIG,3,1841,Isuzu,1-09840-012-5,Москва
2025-12-28 14:11:01,"Гайка стремянки 0326004190SKV / 03.260.04.19.0 BPW М22х2,5 Н=22 SW32",4,41,SKV,0326004190SKV,Москва
2025-12-28 14:11:01,Гайка стремянки FR 54229-5K000 Hyundai HD72/County ORIG,1,85,Hyundai-Kia,54229-5K000,Москва
2025-12-28 14:11:01,Гайка ступицы 6-096 FUSO hub nut outside F SW !,2,650,Samwoo,6-096,Москва
2025-12-28 14:11:01,Гайка ступицы 6-097 FUSO hub nut inside R SW,2,848,Samwoo,6-097,Москва
2025-12-28 14:11:01,Гайка ступицы 6-098 FUSO hub nut outside R SW !,2,880,Samwoo,6-098,Москва
2025-12-28 14:11:01,Гайка ступицы 6-103 / 52851-8A100 HD23t hub nut R SW !,4,830,Samwoo,6-103,Москва
2025-12-28 14:11:01,Гайка ступицы 6-118 HD5t hub nut F SW !,4,694,Samwoo,6-118,Москва
2025-12-28 14:11:01,Гайка ступицы 6-124 MIGHTY hub nut R SW !,10,735,Samwoo,6-124,Москва
2025-12-28 14:11:01,Гайка ступицы 6-125 HD CHASSIS hub nut SW !,2,731,Samwoo,6-125,Москва
2025-12-28 14:11:01,Гайка ступицы D-126462 / 712W90620-0092 Sitrak C7H Дизель,2,412,Дизель,D-126462,Москва
2025-12-28 14:11:01,Гайка ступицы DA-003/DKN-003 42427-87301 PM,2,651,Paul Master,DA-003,Москва
2025-12-28 14:11:01,Гайка ступицы FV-025 PM !,2,861,Paul Master,FV-025,Москва
2025-12-28 14:11:01,Гайка ступицы FV-026 MC816768 PM !,3,860,Paul Master,FV-026,Москва
2025-12-28 14:11:01,Гайка ступицы FV-028 MC826997 PM,1,1009,Paul Master,FV-028,Москва
2025-12-28 14:11:01,Гайка ступицы UD-046 38443-90068 PM !,2,860,Paul Master,UD-046,Москва
2025-12-28 14:11:01,Гайка ступицы задней контрящая 9930220110 N120 JAC ORIG,9,45,JAC,9930220110,Москва
2025-12-28 14:11:01,"Гайка ступичная H-004 / THN-024 24 p1,5 PM",2,429,Paul Master,THN-024,Москва
2025-12-28 14:11:01,"Гайка ступичная H-006 / FHN-033 / ME-652938 33 p1,5 PM",1,987,Paul Master,H-006,Москва
2025-12-28 14:11:01,Гайка турбокомпрессора выпуск 0JF03-13465 HYUNDAI Porter ORIG,6,127,Hyundai-Kia,0JF03-13465,Москва
2025-12-28 14:11:01,Гайка фланца D-127629 / 9930300210 JAC N90 Дизель,1,187,Дизель,D-127629,Москва
2025-12-28 14:11:01,"Гайка фланца карданного вала 1-09440-046-0 F,C-series ORIG",2,2081,Isuzu,1-09440-046-0,Москва
2025-12-28 14:11:01,Гайка фланца кпп 530-816B N120 JAC ORIG,1,131,JAC,530-816B,Москва
2025-12-28 14:11:01,Гайка хвостовика (редуктора) D-129165 / 2402079D FAW Дизель,2,290,Дизель,D-129165,Москва
2025-12-28 14:11:01,Гайка хвостовика 9930200380 JAC N35 ORIG,5,153,JAC,9930200380,Москва
2025-12-28 14:11:01,Гайка хвостовика HHN-039 39mm P1.5mm PM,1,1428,Paul Master,HHN-039,Москва
2025-12-28 14:11:01,Гайка хвостовика КПП D-127630 / 6J55T-1701170 JAC N120 LE35S Дизель,2,500,Дизель,D-127630,Москва
2025-12-28 14:11:01,Гайка хвостовика редуктора среднего моста F2000/F3000,2,124,JMC,F2000/F3000,Москва
2025-12-28 14:11:01,Гайка шпильки 1-09400-071-0 ORIG,21,235,Isuzu,1-09400-071-0,Москва
2025-12-28 14:11:01,Гайка шпильки внутр 51756-45000 HYUNDAI HD72/County ORIG,21,133,Hyundai-Kia,51756-45000,Москва
2025-12-28 14:11:01,Гайка шпильки внутр 51756-81002 Hyundai HD120 ORIG,3,152,Hyundai-Kia,51756-81002,Москва
2025-12-28 14:11:01,Гайка шпильки колеса D-126821 / CQ36120T / CA3311 FAW Дизель,10,271,Дизель,D-126821,Москва
2025-12-28 14:11:01,Гайка шпильки колеса D-128522 / 0-91110-522-0 перед/зад внутренняя М22 NPR/NQR75/71/90 Дизель,20,104,Дизель,D-128522,Москва
2025-12-28 14:11:01,Гайка шпильки колеса Q341B20 FAW TIGER-V,5,118,Noname,Q341B20,Москва
2025-12-28 14:11:01,Гайка шпильки колеса перед и зад внутренняя М22 D-125308 / 0-91110-522-0 NPR/NQR75/71/90 Дизель,4,155,Дизель,D-125308,Москва
2025-12-28 14:11:01,Гайка шпильки стопорная 31Q99G11-03057 JAC ORIG,1,87,JAC,31Q99G11-03057,Москва
2025-12-28 14:11:01,"Генератор 12.1.19.0097 /JFZ1738G1-VPP 14v, 105A KSD1000/1100 SuperSnow/Prestolite electric",1,26404,JMC,JFZ1738G1-VPP,Москва
2025-12-28 14:11:01,Генератор D-125025 / 8-98029-892-2 / 8-98029-892-1 24V 80A ISUZU 4HK1 NPR75 Дизель,2,18636,Дизель,D-125025,Москва
2025-12-28 14:11:01,Генератор D-125307 / 8-98029-892-2 / 8-98029-892-1 24V 80A ISUZU 4HK1 NPR75 Дизель,1,13737,Дизель,D-125307,Москва
2025-12-28 14:11:01,Генератор D-126823 / 202V26101-7271 / JFZ2980ZH1 28V 80A HOWO T5G Дизель,1,11711,Дизель,D-126823,Москва
2025-12-28 14:11:01,Генератор D-126913 / 612600090506 SHACMAN WP10 Дизель,1,8155,Дизель,D-126913,Москва
2025-12-28 14:11:01,Генератор D-127265 / 1-81200-484-5 10PD1/10PC1 HX-042 ISUZU 24V 50AMP Дизель,2,10315,Дизель,D-127265,Москва
2025-12-28 14:11:01,Генератор D-128728 / 37300-4A202 Hyundai Porter 2 Дизель,2,12547,Дизель,D-128728,Москва
2025-12-28 14:11:01,Генератор D-128814 / 27040-1410 / HX027 24V 50AMP HINO W06E Дизель,1,10717,Дизель,D-128814,Москва
2025-12-28 14:11:01,Генератор D-128815 / LR180-501 / HX130 с помпой 12V 80AMP ISUZU 4JG2 Дизель,1,12859,Дизель,D-128815,Москва
2025-12-28 14:11:01,Генератор D-128816 / LR225-408C / HX069 с помпой 24V 35AMP ISUZU 4BE1/4ВС2 Дизель,1,9644,Дизель,D-128816,Москва
2025-12-28 14:11:01,Генератор D-128817 / SEA2-18-300C / HX050-2 / A1T33676 с помпой 24V 35AMP MAZDA НА/SL/XA Дизель,1,9985,Дизель,D-128817,Москва
2025-12-28 14:11:01,Генератор D-128818 / ME017614 / HX-065 / A3TN5188 24V 45AMP MMC 4D33 Дизель,1,9593,Дизель,D-128818,Москва
2025-12-28 14:11:01,Генератор D-128819 / 0201-102-2921 / HX032 24V 50AMP NISSAN RF8 Дизель,1,10181,Дизель,D-128819,Москва
2025-12-28 14:11:01,Генератор MAZDA НА/FD46 D-129173 / HX105/A2T74976 24V 40AMP с помпой Дизель,1,12038,Дизель,D-129173,Москва
2025-12-28 14:11:01,Генератор MMC 4M50/4M51 D-127313 / JFZW2528-3/4 24V 45AMP Дизель,1,19264,Дизель,D-127313,Москва
2025-12-28 14:11:01,Генератор MMC 6D16/17 D-128059/ME077790/JFZ2523 24V 35AMP Дизель,2,11004,Дизель,D-128059,Москва
2025-12-28 14:11:01,Генератор MMC D-129177 / A4T40386 6D22 HX063 24V 45AMP Дизель,1,10360,Дизель,D-129177,Москва
2025-12-28 14:11:01,Генератор MMC D-129178 / ME093245 8DС8-9-10 HX064 24V 45AMP Дизель,1,10639,Дизель,D-129178,Москва
2025-12-28 14:11:01,Гидравлический блок торм модулятора ML253491 Fuso Canter TF ORIG,1,243108,Mitsubishi,ML253491,Москва
2025-12-28 14:11:01,Гидрозапор кабины D-128421 / 81618516023 J6 FAW Дизель,1,1116,Дизель,D-128421,Москва
2025-12-28 14:11:01,Гидрокомпенсатор 22231-4A001/22231-4A000 Hyundai Porter2/Starex D4CB ORIG,29,554,Hyundai-Kia,22231-4A001,Москва
2025-12-28 14:11:01,Гидромуфта 082V06601-7090 HOWO ORIG,2,57339,Howo,082V06601-7090,Москва
2025-12-28 14:11:01,Гидротолкатель 1006100FD020 JAC N35 ORIG,2,267,JAC,1006100FD020,Москва
2025-12-28 14:11:01,Гильза 14-027210-00 (1шт) Istana,1,2114,JMC,14-027210-00,Москва
2025-12-28 14:11:01,Гильза 20040360101/6010110210 (1шт) BF MERS !,1,1106,JMC,20040360101,Москва
2025-12-28 14:11:01,Гильза 21131-83012 (1шт) D6ABDD/AC/AV HYUNDAI HD160/170/260/270/450 ORIG,2,10632,Hyundai-Kia,21131-83012,Москва
2025-12-28 14:11:01,"Гильза 21131-84700 (1шт) D6CD, D6CE HYUNDAI ORIG",16,21977,Hyundai-Kia,21131-84700,Москва
2025-12-28 14:11:01,"Гильза 6BG1 1-11261-384-1 (1шт) O.D.GRADE=2, I.D.GRADE=AX ORIG",2,8673,Isuzu,1-11261-384-1,Москва
2025-12-28 14:11:01,Гильза D-128188 / 8-94391-602-1/0 / 39651 (1шт) ISUZU 6HH1 GRADE=1X Дизель,6,1995,Дизель,D-128188,Москва
2025-12-28 14:11:01,Гильза D-129182 / 1002016-81DY FAW J6 CA6DM2 Дизель,1,2535,Дизель,D-129182,Москва
2025-12-28 14:11:01,Гильза HINO F17D/EF750/EF700 00.10 FC1WJC 11467-1091/11467-1900 (8 CYL) Mats,1,50289,Matsuyama,11467-1091,Москва
2025-12-28 14:11:01,Гильза HINO N04CT STD 11467-1762/S114671762 (4 CYL) 300# Mats,1,9718,Matsuyama,11467-1762,Москва
2025-12-28 14:11:01,Гильза HINO W06D 83.09- ALL 11467-1761/62/71/72/8191/92/ 2220/2230/2240/2250 (6 CYL) Mats,1,14882,Matsuyama,11467-1761,Москва
2025-12-28 14:11:01,Гильза ISUZU 4HG1-T GRADE=1X NPS/NPR/NKR 03~ 8-98014-048-0 (4 CYL) Mats,1,15173,Matsuyama,8-98014-048-0,Москва
2025-12-28 14:11:01,Гильза ISUZU 4HG1-T GRADE=3X NPS/NPR/NKR 03~ 8-98014-049-0 (4 CYL) Mats,1,12694,Matsuyama,8-98014-049-0,Москва
2025-12-28 14:11:01,Гильза ISUZU 4JB1T 8-94247-861-2/8-97176-685-0 (4cyl) Mats,1,8880,Matsuyama,8942478612,Москва
2025-12-28 14:11:01,Гильза ISUZU 6WF/6WG1 CXM/CYM/CYL/CXH/CXZ/EXD/EXR/EXZ 99~ 1-11261-379-2 6cyl Mats,1,48983,Matsuyama,1-11261-379-2,Москва
2025-12-28 14:11:01,Гильза MAZDA HA T3000 1363-23-051/SE01-23-051 ( 4cyl) FF Mats,1,7029,Matsuyama,1363-23-051,Москва
2025-12-28 14:11:01,Гильза MMC 4D31 ME011523/ME011604/43168 LFX (4 CYL) Mats,1,5130,Matsuyama,ME011604,Москва
2025-12-28 14:11:01,Гильза MMC 4M40 ME200685/MD168963/43232 4cyl LSF Mats,1,6018,Matsuyama,ME200685,Москва
2025-12-28 14:11:01,Гильза MMC 4M50T Size=1B ME221683 (4 CYL) FUSO CANTER Mats,2,15217,Matsuyama,ME221683,Москва
2025-12-28 14:11:01,Гильза MMC 6D16 ME071224/ ME071225/ ME071226/ ME071230/43105 LFF (6 CYL) Mats,1,19610,Matsuyama,ME071224,Москва
2025-12-28 14:11:01,Гильза NISSAN PE6T 11012-96500/96501 (6 CYL) Mats,1,23587,Matsuyama,11012-96501,Москва
2025-12-28 14:11:01,Гильза NISSAN TD25 11012-44G05/11012-44G10/11012-87G00/44255 (4шт) LFF Teikin !,1,7750,Teikin,LFF-44255,Москва
2025-12-28 14:11:01,Гильза STD 21131-52910 (1шт) Hyundai HD35/78/120 D4GA/D6GA ORIG,4,4173,Hyundai-Kia,21131-52910,Москва
2025-12-28 14:11:01,Гильза TOYOTA 11B 11461-56030/11462-56060/46287 (4шт) LFF Teikin !,2,3591,Teikin,LFF-46287,Москва
2025-12-28 14:11:01,"Гильза ДВС / 010-01-0008 / FULL/готовые / 93mm, L=181mm / LZ-09 / 8942478610; 8-94247-861-0; 894247",1,2220,Zevs,8-94247-861-0,Москва
2025-12-28 14:11:01,"Гильза ДВС HINO F21C/HINO V26C / FULL/готовые/фосфатированные / ?150mm, L=244mm / LZ-63 / 114672650;",7,5107,Zevs,114672650,Москва
2025-12-28 14:11:01,Главная пара BE19320020 JAC N35 ORIG,4,9430,JAC,BE19320020,Москва
2025-12-28 14:11:01,Главная пара D-128339 / 712-35199-6760 SITRAK Дизель,1,27995,Дизель,D-128339,Москва
2025-12-28 14:11:01,Главная пара MC892178 Fuso Canter FE85 ORIG,5,159862,Mitsubishi,MC892178,Москва
2025-12-28 14:11:01,Главная пара редуктора заднего D-130008 / HFF2402038 / 39CK1BZ4(D) JAC N350 Дизель,1,41094,Дизель,D-130008,Москва
2025-12-28 14:11:01,Главный тормозной кран D-128478 / WG9000360550 Sitrak C7H Дизель,1,39972,Дизель,D-128478,Москва
2025-12-28 14:11:01,Главный тормозной кран D-129183 / 3514010-50A/E FAW J6 Дизель,4,3449,Дизель,D-129183,Москва
2025-12-28 14:11:01,"Главный тормозной цилиндр 1-1/16"" 47207-37020 DYNA XZU320,330,340 2001~ Y",1,10649,Yamasida,47207-37020,Москва
2025-12-28 14:11:01,"Главный тормозной цилиндр 1-1/4"" 8-97224-372-0/8-98032-603-0 ELF 6T~8.5T 1994~ SKV",10,3576,SKV,8-97224-372-0,Москва
2025-12-28 14:11:01,"Главный тормозной цилиндр 1-3/16"" 47207-37012/LP-5613/47207-37041 (с датч) DYNA/TOYOACE 01~ Y",9,15093,Yamasida,47207-37012,Москва
2025-12-28 14:11:01,"Главный тормозной цилиндр 1-3/16"" 47207-37170/47201-37290 HINO300 SKV",4,3782,SKV,47207-37170,Москва
2025-12-28 14:11:01,"Главный тормозной цилиндр 1-3/16"" 47207-37170/47201-37290 HINO300 Y",9,9933,Yamasida,47207-37170,Москва
2025-12-28 14:11:01,"Главный тормозной цилиндр 1"" W047-43-400A MAZDA T2000/2500/2600/3000/3500/4100 Y",1,3597,Yamasida,W047-43-400A,Москва
2025-12-28 14:11:01,Главный тормозной цилиндр 58620-5K500 1-1/4 HYUNDAI COUNTY/HD45/HD65/HD72/HD78 SKV,8,2508,SKV,58620-5K500,Москва
2025-12-28 14:11:01,Главный тормозной цилиндр 8-98191-787-2 NPR75 E-5 ORIG,1,30492,Isuzu,8-98191-787-2,Москва
2025-12-28 14:11:01,"Главный тормозной цилиндр MK384489 1-1/4"" MITSUBISHI Y",1,5150,Yamasida,MK384489,Москва
2025-12-28 14:11:01,"Главный цилиндр сцепления 1"" 31420-1840/31420-E0040/MC-R109 SH 700# 2004~ Y",1,4528,Yamasida,31420-1840,Москва
2025-12-28 14:11:01,"Главный цилиндр сцепления 13/16"" 8-98062-277-0 ISUZU N-series 07~ Y",1,1929,Yamasida,8-98062-277-0,Москва
2025-12-28 14:11:01,Главный цилиндр сцепления 3/4'' 8-98117-642-0 ISUZU Y,8,3688,Yamasida,8-98117-642-0,Москва
2025-12-28 14:11:01,"Главный цилиндр сцепления 3/4"" 31420-1512 FC 8.8T,MFD 10.4T 1990~ Y",2,4356,Yamasida,31420-1512,Москва
2025-12-28 14:11:01,"Главный цилиндр сцепления 3/4"" 46801-00Z00/00Z02/00Z05 MK210.250.211.251.260.251.130.NISSAN ""S"" Y",1,2563,Yamasida,46801-00Z00,Москва
2025-12-28 14:11:01,"Главный цилиндр сцепления 3/4"" 8-97167-406-0 Isuzu ELF 3.5/4.7T 1996~ LHD Y",1,2074,Yamasida,8-97167-406-0,Москва
2025-12-28 14:11:01,"Главный цилиндр сцепления 3/4"" 8-97300-211-0 NKR/NPR/NQR 99~ ISUZU LHD Y",5,2466,Yamasida,8-97300-211-0,Москва
2025-12-28 14:11:01,Главный цилиндр сцепления 41650-5H000 HYUNDAI HD45/HD65/HD72/HD78 98~ SKV,9,1100,SKV,41650-5H000,Москва
2025-12-28 14:11:01,Главный цилиндр сцепления 41650-5H000 LP-5597 HYUNDAI HD45/HD65/HD72/HD78 98~ Y,5,2383,Yamasida,41650-5H000,Москва
2025-12-28 14:11:01,Главный цилиндр сцепления 41650-5K000 LP-5598 HYUNDAI HD45/HD65/HD72/HD78 10~ Y,1,2591,Yamasida,41650-5K000,Москва
2025-12-28 14:11:01,"Главный цилиндр сцепления 5/8"" 31401-36061 Toyota Dyna BU102,107,112,122,13*,142,147,162,172 SKV",20,878,SKV,31401-36061,Москва
2025-12-28 14:11:01,"Главный цилиндр сцепления 5/8"" 31410-36062 DYNA XZU300# 2003~ Y",2,2322,Yamasida,31410-36062,Москва
2025-12-28 14:11:01,"Главный цилиндр сцепления 5/8"" 31420-26170 DYNA BU 102 3.5T 1999~ Y",3,1573,Yamasida,31420-26170,Москва
2025-12-28 14:11:01,"Главный цилиндр сцепления 5/8"" 31420-28110 DYNA BU 102 3.5T 1999~ Y",4,3181,Yamasida,31420-28110,Москва
2025-12-28 14:11:01,"Главный цилиндр сцепления 5/8"" 31420-36130 Toyota Dyna BU60,61,70,83,84,87 YU6*,70 Y",3,1842,Yamasida,31420-36130,Москва
2025-12-28 14:11:01,"Главный цилиндр сцепления 5/8"" 31420-37040 BU100,105,140,145 TOYOTA DYNA SKV",30,1105,SKV,31420-37040,Москва
2025-12-28 14:11:01,"Главный цилиндр сцепления 5/8"" 31420-37050 DYNA BU102 3.5T 1999~ Y",2,2071,Yamasida,31420-37050,Москва
2025-12-28 14:11:01,"Главный цилиндр сцепления 5/8"" 31420-37141 HINO300/DYNA BU3##,WU30#/34#/XZU3# 02~ SKV",2,1181,SKV,31420-37141,Москва
2025-12-28 14:11:01,"Главный цилиндр сцепления 5/8"" 31420-37141 HINO300/DYNA BU3##,WU30#/34#/XZU3# 02~ Y",9,1965,Yamasida,31420-37141,Москва
2025-12-28 14:11:01,"Главный цилиндр сцепления 5/8"" W201-41-400A/400B/400C T2600,T3000,T3500,T4000,T4600 1985~98 Y",1,1573,Yamasida,W201-41-400A,Москва
2025-12-28 14:11:01,Главный цилиндр сцепления 8-98025-308-0 ISUZU SKV,8,1224,SKV,8-98025-308-0,Москва
2025-12-28 14:11:01,Главный цилиндр сцепления ME507832 MMC FUSO CANTER SKV,16,1100,SKV,ME507832,Москва
2025-12-28 14:11:01,Глушитель 20454MB/ A9424901501 / 50454 Mercedes/VANSTAR !,1,23005,Vanstar,20454MB,Москва
2025-12-28 14:11:01,Головка блока цилиндра в сборе A5411301819 Mercedes ориг !,1,31768,Mercedes-Benz,A 541 130 18 19,Москва
2025-12-28 14:11:01,Головка блока цилиндров 22100-83402 HYUNDAI D6AC ORIG,2,134719,Hyundai-Kia,22100-83402,Москва
2025-12-28 14:11:01,Головка блока цилиндров 4HK1 8-97383-041-0/8-98170-617-1 ORIG,1,262030,Isuzu,8981706171,Москва
2025-12-28 14:11:01,Головка блока цилиндров 4HK1 D-125196 / 8-98018-454-0 N-series Дизель,2,73574,Дизель,D-125196,Москва
2025-12-28 14:11:01,"Головка блока цилиндров D-126392 / 8-98170-619-0 F,N-series Дизель",1,47604,Дизель,D-126392,Москва
2025-12-28 14:11:01,Головка блока цилиндров D-127992 / 8-98018-454-0 4HK1 N-series Дизель,2,72908,Дизель,D-127992,Москва
2025-12-28 14:11:01,Головка блока цилиндров D-128479 / L6300000-PJGG FAW CA6DL2 Дизель,2,65388,Дизель,D-128479,Москва
2025-12-28 14:11:01,Головка блока цилиндров D-130014 / 1003101FD020B1 / 1003100FD020B1 JAC N35 BVP quality Дизель,1,62835,Дизель,D-130014,Москва
2025-12-28 14:11:01,Горный тормоз 202V15201-6188 HOWO T5G,1,11173,Дизель,202V15201-6188,Москва
2025-12-28 14:11:01,Горный тормоз 59610-5H211 Hyundai County/HD72/78 ORIG,7,12294,Hyundai-Kia,59610-5H211,Москва
2025-12-28 14:11:01,Гофра 025371 SAMPA,1,4389,JMC,025371,Москва
2025-12-28 14:11:01,"Гофра глушителя 102-102 мм с припуском, двойное армирование !",3,413,Дизель,102-102 mm,Москва
2025-12-28 14:11:01,"Гофра глушителя 102-203 мм с припуском, двойное армирование",2,2696,Дизель,102-203 mm,Москва
2025-12-28 14:11:01,"Гофра глушителя 102-356 мм с припуском, двойное армирование",30,3151,Дизель,102-356 mm,Москва
2025-12-28 14:11:01,Гофра глушителя 128-355 NF50010N-IB 10.0'x5.0' с припуском (двойное армирование),1,7302,JMC,NF50010N-IB,Москва
2025-12-28 14:11:01,"Гофра глушителя 128-355 мм с припуском, двойное армирование !",1,1749,Дизель,128-355 mm,Москва
2025-12-28 14:11:01,Гофра глушителя 45-152-252 мм,32,606,Дизель,45-152-252 mm,Москва
2025-12-28 14:11:01,"Гофра глушителя 45-200-300 мм с припуском, двойное армирование",1,517,Дизель,45-200-300 mm,Москва
2025-12-28 14:11:01,"Гофра глушителя 45-250-350 мм с припуском, двойное армирование",1,586,Дизель,45-250-350 mm,Москва
2025-12-28 14:11:01,Гофра глушителя 51-152-252 мм,1,622,Дизель,51-152-252 mm,Москва
2025-12-28 14:11:01,Гофра глушителя 51-252-352 мм,1,636,Дизель,51-252-352 mm,Москва
2025-12-28 14:11:01,Гофра глушителя 57-152-252 мм,21,687,Дизель,57-152-252 mm,Москва
2025-12-28 14:11:01,Гофра глушителя 57-202-302 мм,1,867,Дизель,57-202-302 mm,Москва
2025-12-28 14:11:01,"Гофра глушителя 60-250мм с припуском, двойное армирование",48,730,Дизель,60-250 mm,Москва
2025-12-28 14:11:01,"Гофра глушителя 60-360 мм с припуском, двойное армирование",44,1060,Дизель,60-360 mm,Москва
2025-12-28 14:11:01,"Гофра глушителя 63,5-102 мм с припуском, двойное армирование",1,708,Дизель,"63,5-102 mm",Москва
2025-12-28 14:11:01,"Гофра глушителя 67-250 мм с припуском, двойное армирование",1,808,Дизель,67-250 mm,Москва
2025-12-28 14:11:01,"Гофра глушителя 67-250-350 мм с припуском, двойное армирование",1,1009,Дизель,67-250-350 mm,Москва
2025-12-28 14:11:01,"Гофра глушителя 67-300 мм с припуском, двойное армирование",1,1023,Дизель,67-300 mm,Москва
2025-12-28 14:11:01,"Гофра глушителя 67-300-400 мм с припуском, двойное армирование",1,1123,Дизель,67-300-400 mm,Москва
2025-12-28 14:11:01,"Гофра глушителя 67-340 мм с припуском, двойное армирование",1,944,Дизель,67-340 mm,Москва
2025-12-28 14:11:01,"Гофра глушителя 70-152 мм с припуском, двойное армирование",1,576,Дизель,70-152 mm,Москва
2025-12-28 14:11:01,"Гофра глушителя 70-203 мм с припуском, двойное армирование",1,649,Дизель,70-203 mm,Москва
2025-12-28 14:11:01,"Гофра глушителя 70-254 мм с припуском, двойное армирование",3,782,Дизель,70-254 mm,Москва
2025-12-28 14:11:01,"Гофра глушителя 76,2-102 мм с припуском, двойное армирование",1,768,Дизель,"76,2-102 mm",Москва
2025-12-28 14:11:01,"Гофра глушителя 77-300-390 мм с припуском, двойное армирование",1,1557,Дизель,77-300-390 mm,Москва
2025-12-28 14:11:01,"Гофра глушителя 80-300 мм с припуском, двойное армирование",46,1301,Дизель,80-300 mm,Москва
2025-12-28 14:11:01,"Гофра глушителя 80-345 мм с припуском, двойное армирование",1,1834,Дизель,80-345 mm,Москва
2025-12-28 14:11:01,"Гофра глушителя 89-102 мм с припуском, двойное армирование !",1,473,Дизель,89-102 mm,Москва
2025-12-28 14:11:01,"Гофра глушителя 89-350 мм с припуском, двойное армирование !",2,2343,Дизель,89-350 mm,Москва
2025-12-28 14:11:01,Гофра глушителя D-127101 / 1753639 Scania Дизель,2,1788,Дизель,D-127101,Москва
2025-12-28 14:11:01,"Гофра глушителя D-129805 89-250 мм с припуском, двойное армирование Дизель",27,2000,Дизель,D-129805,Москва
2025-12-28 14:11:01,"Гофра глушителя D-129806 / 90-250-350 мм с припуском, двойное армирование Дизель",17,2334,Дизель,D-129806,Москва
2025-12-28 14:11:01,Гофра глушителя D=120 L=320 D-129186 / 1203040A263 FAW Дизель,2,1640,Дизель,D-129186,Москва
2025-12-28 14:11:01,Датчик (концевик) стояночного тормоза 8-98238-611-0/8-97995-828-1 N-series ORIG,2,950,Isuzu,8979958281,Москва
2025-12-28 14:11:01,Датчик ABS 1-83227-024-1 RR LH/RH FVR34 ORIG,1,25703,Isuzu,1-83227-024-1,Москва
2025-12-28 14:11:01,Датчик ABS 8-98219-354-0/8-98002-215-0/1 NPR75/NPR71 ORIG,1,19404,Isuzu,8-98219-354-0,Москва
2025-12-28 14:11:01,Датчик ABS 94600-5K921 HYUNDAI HD65/72/78 ORIG,2,11333,Hyundai-Kia,94600-5K921,Москва
2025-12-28 14:11:01,Датчик ABS D-125403 / 8-98006-187-0 NPR75/NPR71 Дизель,1,4290,Дизель,D-125403,Москва
2025-12-28 14:11:01,Датчик ABS D-125808 / 4410328140 JAC N350 Дизель,1,4472,Дизель,D-125808,Москва
2025-12-28 14:11:01,Датчик ABS D-125809 / HFF3104118CK1G1 JAC N350 Дизель,1,4568,Дизель,D-125809,Москва
2025-12-28 14:11:01,Датчик ABS D-127089 / 1892048 Scania Дизель,10,885,Дизель,D-127089,Москва
2025-12-28 14:11:01,Датчик ABS D-127090 / 1892053 Scania Дизель,7,944,Дизель,D-127090,Москва
2025-12-28 14:11:01,Датчик ABS D-127091 / 1892054 Scania Дизель,14,767,Дизель,D-127091,Москва
2025-12-28 14:11:01,Датчик ABS D-127634 / 4410328090A F JAC N120 LE35S Дизель,1,3671,Дизель,D-127634,Москва
2025-12-28 14:11:01,Датчик ABS D-127885 / QT295D324-4415730 R FAW Дизель,1,1352,Дизель,D-127885,Москва
2025-12-28 14:11:01,Датчик ABS FR LH MK584727 Fuso Canter TF ORIG,10,33372,Mitsubishi,MK584727,Москва
2025-12-28 14:11:01,Датчик ABS зад 1000020110 JAC N90/120 18~ ORIG,1,5992,JAC,1000020110,Москва
2025-12-28 14:11:01,Датчик ABS задний левый 1-83227-027-0 CYZ51/EXZ51 ORIG,1,21245,Isuzu,1-83227-027-0,Москва
2025-12-28 14:11:01,Датчик ABS задний правый 1-83227-026-0 CYZ51/EXZ51 ORIG,1,29573,Isuzu,1-83227-026-0,Москва
2025-12-28 14:11:01,Датчик ABS задний правый 3565600U0010 JAC ORIG,2,1335,JAC,3565600U0010,Москва
2025-12-28 14:11:01,Датчик ABS перед правый 3550120LD041 / 3550120D5060XZ N56 JAC ORIG,7,1652,JAC,3550120LD041,Москва
2025-12-28 14:11:01,Датчик ABS передний 94600-5K901 Hyundai HD72/78 ORIG,8,11600,Hyundai-Kia,94600-5K901,Москва
2025-12-28 14:11:01,Датчик ABS передний левый 3565500U0010 JAC ORIG,7,1242,JAC,3565500U0010,Москва
2025-12-28 14:11:01,Датчик ABS угловой 4410329662 1700 мм. Mercedes /Wabco,2,4939,Wabco,4410329662,Москва
2025-12-28 14:11:01,Датчик D-125807 / 3757920LG010 JAC N90/350 Дизель,1,808,Дизель,D-125807,Москва
2025-12-28 14:11:01,Датчик t топлива ТНВД 8-98023-581-0/8-97216-283-0/8-97238-596-0 NQ/NP75/90/NL/NM85/FSR ORIG,1,3105,Isuzu,8-98023-581-0,Москва
2025-12-28 14:11:01,Датчик АБС со втулкой и смазкой 4410329672 WABCO !,1,3390,Wabco,4410329672,Москва
2025-12-28 14:11:01,Датчик АБС угл.с трубками и разъемом) левый 463782 / A6555400817 / A6505400217 / 4410325170 Mercedes /DieselTechnic,2,4755,Diesel Technic,4.63782,Москва
2025-12-28 14:11:01,"Датчик АБС угловой 0,4м правый 463783/ A6505400117 / A6555400717 Mercedes/DieselTechnic",2,3186,Diesel Technic,4.63783,Москва
2025-12-28 14:11:01,Датчик АВS передний правый 8-98219-391-0 N-series E5 ORIG,1,28803,Isuzu,8-98219-391-0,Москва
2025-12-28 14:11:01,Датчик АВS правый 8-98219-393-0 NPR75/NPR71 ORIG,1,32354,Isuzu,8-98219-393-0,Москва
2025-12-28 14:11:01,Датчик АВС передний левый 3550110W5090 N35 JAC ORIG,9,1124,JAC,3550110W5090,Москва
2025-12-28 14:11:01,Датчик АВС передний правый 3550120W5090 N35 JAC ORIG,9,1011,JAC,3550120W5090,Москва
2025-12-28 14:11:01,Датчик блокировки РК / дифференциала СМ 2997386 IVECO Orig,2,5496,Iveco,2997386,Москва
2025-12-28 14:11:01,Датчик вала КПП WG2209280006 HOWO ORIG,3,5189,Howo,WG2209280006,Москва
2025-12-28 14:11:01,Датчик включения блокировки моста D-126826 / 811W25503-0244 HOWO Дизель,1,714,Дизель,D-126826,Москва
2025-12-28 14:11:01,Датчик воды WG9925550967 HOWO ORIG,4,2017,Howo,WG9925550967,Москва
2025-12-28 14:11:01,Датчик воды топливного фильтра D-127587 / 31974-43000 Hyundai Porter Дизель,2,282,Дизель,D-127587,Москва
2025-12-28 14:11:01,"Датчик давления 5, 5 Bar 462065 / A0045455414 Mercedes/ DieselTechnic !",1,1210,Diesel Technic,4.62065,Москва
2025-12-28 14:11:01,Датчик давления D-125320 / 1-83151-042-0 CXZ51K/CYZ51K/EXZ51K/CYZ51L/CXZ81K 6WF1/10PE1 Дизель,1,1417,Дизель,D-125320,Москва
2025-12-28 14:11:01,Датчик давления D-125811 / 3506630Y8020 JAC N350 Дизель,1,17151,Дизель,D-125811,Москва
2025-12-28 14:11:01,Датчик давления D-127102 / 89420-E0030 /91СР341 HINO Дизель,3,1793,Дизель,D-127102,Москва
2025-12-28 14:11:01,Датчик давления D-127636 / 3814910LG010 JAC N90 Дизель,1,1458,Дизель,D-127636,Москва
2025-12-28 14:11:01,Датчик давления D-127886 / VG1099090112 HOWO Дизель,1,1194,Дизель,D-127886,Москва
2025-12-28 14:11:01,Датчик давления D-128304 / 1026621GD050 JAC S7 Дизель,1,1236,Дизель,D-128304,Москва
2025-12-28 14:11:01,Датчик давления воздуха (впуск) 89424-60010 HINO 300 E-3 Y,5,1252,Yamasida,89424-60010,Москва
2025-12-28 14:11:01,"Датчик давления воздуха 8-98108-286-0/8-97370-964-0 N,F-series (CNG) ГАЗ ORIG",1,24913,Isuzu,8-98108-286-0,Москва
2025-12-28 14:11:01,Датчик давления воздуха D-128820 / S8939-01080 E13C HINO 700 Дизель,2,1052,Дизель,D-128820,Москва
2025-12-28 14:11:01,Датчик давления воздуха в ресивере 8-97609-249-0 NQR90/FVR34/FSR90 ORIG,2,1676,Isuzu,8-97609-249-0,Москва
2025-12-28 14:11:01,Датчик давления воздуха тормозной системы 1-80220-023-1 NQR90/FSR90/FVR ORIG,1,7541,Isuzu,1-80220-023-1,Москва
2025-12-28 14:11:01,Датчик давления впуск. колл. 8-98020-514-0 4JJ1/4HK/6HK1 NPR75/NMR/NLR85/NQR/FSR90/FVR34 ORIG,1,19664,Isuzu,8-98020-514-0,Москва
2025-12-28 14:11:01,Датчик давления и температуры D-126828 / 612600090460 Weichai WP10/12 FAW Дизель,1,1308,Дизель,D-126828,Москва
2025-12-28 14:11:01,Датчик давления и температуры наддува D-126471 / 3602035-630-0000S FAW Дизель,1,1463,Дизель,D-126471,Москва
2025-12-28 14:11:01,Датчик давления масла 1-82410-170-1/1-82410-142-0 ORIG,1,2919,Isuzu,1-82410-170-1,Москва
2025-12-28 14:11:01,Датчик давления масла 1026170FB JAC N35 ORIG,1,297,JAC,1026170FB,Москва
2025-12-28 14:11:01,Датчик давления масла 12.1.09.0032 / 185246280 KSD1000 SuperSnow/Perkins,2,6543,JMC,185246280,Москва
2025-12-28 14:11:01,Датчик давления масла 15161-96003 TGO-NS02 CF/CD PE6T 24V,1,1834,GEN,15161-96003,Москва
2025-12-28 14:11:01,Датчик давления масла 202V274210313 HOWO ORIG,4,3766,Howo,202V274210313,Москва
2025-12-28 14:11:01,Датчик давления масла 4076930F/5677803 ISF 3.8 JAC Cummins ORIG,2,906,JAC,4076930F,Москва
2025-12-28 14:11:01,Датчик давления масла D-126830 / 4076930 JAC N120/Камаз Cummins ISF3.8 Е-5 Дизель,3,419,Дизель,D-126830,Москва
2025-12-28 14:11:01,Датчик давления масла D-127887 / 202V274210313 HOWO Дизель,5,1074,Дизель,D-127887,Москва
2025-12-28 14:11:01,Датчик давления масла D-128321 / 202V27421-0313 SITRAK C7H Дизель,2,1112,Дизель,D-128321,Москва
2025-12-28 14:11:01,Датчик давления масла D-128700 / 3602185-48D FAW J6 E-4 Дизель,1,676,Дизель,D-128700,Москва
2025-12-28 14:11:01,"Датчик давления масла D-128823 / PS131 / 83530-28030 / MC840219 / MD001481 папа DYNA, MMC Дизель",2,209,Дизель,D-128823,Москва
2025-12-28 14:11:01,Датчик давления масла TGS-124 D-127105 / 83530-E0220 HINO 300/500/700 E-3/4 Дизель,6,894,Дизель,D-127105,Москва
2025-12-28 14:11:01,"Датчик давления на коллекторе 8-98112-831-0 N,F-series (CNG) ГАЗ ORIG",1,6934,Isuzu,8-98112-831-0,Москва
2025-12-28 14:11:01,Датчик давления пневмосистемы D-127888 / 811W25503-0275 HOWO Дизель,1,524,Дизель,D-127888,Москва
2025-12-28 14:11:01,Датчик давления топлива D-128323 / 202V27421-0263 SITRAK C7H Дизель,2,1067,Дизель,D-128323,Москва
2025-12-28 14:11:01,Датчик давления топлива D-128824 / 89548-E0040 E13C HINO 700 Дизель,2,5536,Дизель,D-128824,Москва
2025-12-28 14:11:01,Датчик давления топливной рампы D-125413 / 8-98119-790-0/1/8-97318-684-0 6WF1/6WG1/4HK1/4JJ1 Дизель,2,6520,Дизель,D-125413,Москва
2025-12-28 14:11:01,Датчик давления топливной рампы D-128319 / 200V27421-0229 SITRAK C7H Дизель,2,3311,Дизель,D-128319,Москва
2025-12-28 14:11:01,"Датчик детонации 8-97315-414-0 C,N-series ORIG",1,2605,Isuzu,8-97315-414-0,Москва
2025-12-28 14:11:01,Датчик детонации D-128299 / 1026603GAA JAC JS4/J7/T6 Дизель,8,882,Дизель,D-128299,Москва
2025-12-28 14:11:01,Датчик заднего хода 79100710068-1 JAC ORIG,1,1530,JAC,79100710068-1,Москва
2025-12-28 14:11:01,Датчик заднего хода 8-94156-821-0 NKR ORIG,1,2673,Isuzu,8-94156-821-0,Москва
2025-12-28 14:11:01,Датчик заднего хода D-128825 / MC134277 / TH-B323 MMC CANTER FB308/511 Дизель,2,320,Дизель,D-128825,Москва
2025-12-28 14:11:01,Датчик заднего хода HINO TH-B316 / 6501-3594-03 Y,14,892,Yamasida,6501-3594-03,Москва
2025-12-28 14:11:01,Датчик заднего хода HINO TH-B316 / D-127106 / 6501-3594-03 Дизель,11,577,Дизель,D-127106,Москва
2025-12-28 14:11:01,Датчик заднего хода JK611AB-10-00 JAC ORIG,1,551,JAC,JK611AB-10-00,Москва
2025-12-28 14:11:01,Датчик заднего хода MMC CANTER FE3#/4#/FK4#/5 TH-B315/MC840590 Y,4,786,Yamasida,MC840590,Москва
2025-12-28 14:11:01,Датчик заднего хода MMC FUSO FV320 TH-B318/MC842729,1,855,Yamasida,MC842729,Москва
2025-12-28 14:11:01,Датчик заднего хода MMC FUSO FV355 TH-B318S MC854709 Y,4,1091,Yamasida,MC854709,Москва
2025-12-28 14:11:01,Датчик заднего хода NISSAN UD-8/10 TH-B514/25310-Z2014 Y,2,1016,Yamasida,25310-Z2014,Москва
2025-12-28 14:11:01,Датчик кислородный D-128303 / 1026605GD190 JAC T6 Дизель,2,3199,Дизель,D-128303,Москва
2025-12-28 14:11:01,Датчик коленвала 200V27120-7038 HOWO ORIG,2,942,Howo,200V27120-7038,Москва
2025-12-28 14:11:01,Датчик коленвала D-126672 / 8-97306-113-1 NQR75 TW E010A ISUZU Дизель,10,786,Дизель,D-126672,Москва
2025-12-28 14:11:01,Датчик коленвала D-127637 / 5491326F JAC ISF3.8 Дизель,1,1312,Дизель,D-127637,Москва
2025-12-28 14:11:01,Датчик контроля оксида азота ME230283 Fuso Canter FECX1 ORIG,3,69300,Mitsubishi,ME230283,Москва
2025-12-28 14:11:01,Датчик масляный D-127140 / 8-97176-230-0 NQR71/75/90/NPR75/FSR90/NLR85 Дизель,2,253,Дизель,D-127140,Москва
2025-12-28 14:11:01,Датчик массового расхода воздуха 39320-52000/DMA-0111 HYUNDAI D4GA ORIG,3,5869,Hyundai-Kia,39320-52000,Москва
2025-12-28 14:11:01,Датчик массового расхода воздуха 8-97601-967-0/U09005-AFS/AFH70M-40 6WG1/HL/4HK1/JJ1/HL ORIG,11,18989,Isuzu,8-97601-967-0,Москва
2025-12-28 14:11:01,Датчик наружней температуры D-126473 / 812W61942-0097/5 Howo/Sitrak C7H Дизель,2,560,Дизель,D-126473,Москва
2025-12-28 14:11:01,Датчик оборотов распредвала D-126832 / 612630030007/0281002315/621630030007 JAC/FOTON/FAW/SHAANXI,1,1083,Дизель,D-126832,Москва
2025-12-28 14:11:01,Датчик оксида азота 4326863 JAC N120/Камаз Cummins ISF3.8 Е-5,1,12410,Noname,4326863,Москва
2025-12-28 14:11:01,Датчик педали акселератора D-127111 / S8944-16950 E13C HINO 700 Дизель,2,1293,Дизель,D-127111,Москва
2025-12-28 14:11:01,Датчик поворота руля MK645976/ML235219 Fuso Canter TF E-5 ORIG,1,45863,Mitsubishi,MK645976,Москва
2025-12-28 14:11:01,Датчик подъема кабины 3750730LE020 JAC N120 (NON-GENUINE),1,956,Noname,3750730LE020,Москва
2025-12-28 14:11:01,Датчик положения к/в 1026110FA040 JAC N35 ORIG,3,1014,JAC,1026110FA040,Москва
2025-12-28 14:11:01,Датчик положения к/вала 39340-45700 Hyundai HD65/78 D4DD ORIG,5,2311,Hyundai-Kia,39340-45700,Москва
2025-12-28 14:11:01,Датчик положения коленвала D-126834 / 3602060A630-0000 FAW/FOTON Дизель,1,2414,Дизель,D-126834,Москва
2025-12-28 14:11:01,Датчик положения коленвала/распредвала 5491326 JAC N120/Камаз Cummins ISF3.8 Е-5,13,938,Дизель,5491326,Москва
2025-12-28 14:11:01,Датчик положения педали газа 1-80250-030-0 CXZ51KCYZ51KEXZ51KCYZ51LCXZ81K 6WF1 10PE1 ORIG,2,12418,Isuzu,1-80250-030-0,Москва
2025-12-28 14:11:01,Датчик положения распредвала 39350-52000 HYUNDAI HD65/78/120 D4GA ORIG,1,2184,Hyundai-Kia,39350-52000,Москва
2025-12-28 14:11:01,Датчик расхода воздуха D-125027 / 8-97601-967-0 U09005-AFS / AFH70M-40 6WG1/HK1/HH1/HL1/4HK1 Дизель,1,4179,Дизель,D-125027,Москва
2025-12-28 14:11:01,Датчик сенсорный CY-33 8-97129-704-0 ISUZU NKR/NPR/NHR/NHS 93~ Y,1,1988,Yamasida,8-97129-704-0,Москва
2025-12-28 14:11:01,"Датчик сенсорный CY-39 D-127115 / 83181-37050 DYNA/TOYOACE BU3##,WU30#,34#,XZU3## 99~ Дизель",1,964,Дизель,D-127115,Москва
2025-12-28 14:11:01,Датчик сенсорный D-127113 / 1-83127-115-0 / 1-83127-046-1 CXG/CXH/CVS/CXW/CYW/FSR/FSD 86~ Дизель,1,1125,Дизель,D-127113,Москва
2025-12-28 14:11:01,Датчик скорости 8-97328-058-1/0 CX#/CY#/FR#/NKR/NPR ORIG,2,9839,Isuzu,8-97328-058-1,Москва
2025-12-28 14:11:01,Датчик скорости D-126835 / WG2209280010-S HOWO T5G Дизель,15,576,Дизель,D-126835,Москва
2025-12-28 14:11:01,"Датчик скорости D-127092/1-80240-029-0/8-98234-167-0 C,F-series Дизель",1,1095,Дизель,D-127092,Москва
2025-12-28 14:11:01,Датчик скорости D-128757 / 8-97328-058-1/0 ISUZU Дизель,1,2040,Дизель,D-128757,Москва
2025-12-28 14:11:01,Датчик скорости QD43536-T00030 HYUNDAI HD45-1000 ORIG,1,10008,Hyundai-Kia,QD43536-T00030,Москва
2025-12-28 14:11:01,Датчик спидометра 4854770 Iveco Orig !,1,9028,Iveco,4854770,Москва
2025-12-28 14:11:01,Датчик спидометра D-125816 / 94600-8A500 JAC Дизель,2,659,Дизель,D-125816,Москва
2025-12-28 14:11:01,Датчик спидометра D-126676/8-97377-920-0/8-97129-704-0/8-97118-810-0 NPR66 ISUZU Дизель,2,330,Дизель,D-126676,Москва
2025-12-28 14:11:01,Датчик спидометра D-126915 / WK-38-5T92 FAW Дизель,1,2796,Дизель,D-126915,Москва
2025-12-28 14:11:01,Датчик спидометра WK-48-6G120 JAC ORIG,2,3796,JAC,WK-48-6G120,Москва
2025-12-28 14:11:01,"Датчик стоп сигнала 8-98000-028-0 ISUZU NPR75/NLR,NMR85/NQR90 Y",13,282,Yamasida,8-98000-028-0,Москва
2025-12-28 14:11:01,Датчик стоп-сигнала D-127095 / MC134474 Fuso Canter Дизель,2,372,Дизель,D-127095,Москва
2025-12-28 14:11:01,Датчик стоп-сигнала D-127096 / 8-98000-028-0 ISUZU NPR75 NLR NMR85 NQR90 Дизель,18,291,Дизель,D-127096,Москва
2025-12-28 14:11:01,Датчик температуры 12.1.08.0060 KSD1000/1100 SuperSnow,2,978,JMC,KSD1000,Москва
2025-12-28 14:11:01,Датчик температуры 8-98023-717-0 / 8-97170-327-0 NQR71/75/NLR85 E063A Y,1,1089,Yamasida,8-98023-717-0,Москва
2025-12-28 14:11:01,Датчик температуры 94650-84000 D4DD/D6AC Hyundai HD78/GOLD ORIG,1,925,Hyundai-Kia,94650-84000,Москва
2025-12-28 14:11:01,Датчик температуры D-126394 / 8-94237-861-0 / 8-94235-691-0 GS-905/KW-5Z/TG-6910 NQR75/NKR55 Дизель,1,181,Дизель,D-126394,Москва
2025-12-28 14:11:01,Датчик температуры D-126838 / 61230060035 Weichai WP10/12 FAW Дизель,1,1793,Дизель,D-126838,Москва
2025-12-28 14:11:01,Датчик температуры D-127097 / 89424-E0030 HINO 700 Дизель,2,1702,Дизель,D-127097,Москва
2025-12-28 14:11:01,Датчик температуры D-127399 / 1026240LE790 JAC N90 Дизель,1,18557,Дизель,D-127399,Москва
2025-12-28 14:11:01,Датчик температуры D-127472 / 1026220LE17M JAC N90 Дизель,1,4578,Дизель,D-127472,Москва
2025-12-28 14:11:01,Датчик температуры воды D-128322 / 201V27421-0190 SITRAK C7H Дизель,2,262,Дизель,D-128322,Москва
2025-12-28 14:11:01,Датчик температуры воздуха впускного D-127002 / 89424-60010 HINO 300 E-3 Дизель,18,1217,Дизель,D-127002,Москва
2025-12-28 14:11:01,Датчик температуры входящего воздуха 8-12146-830-0 4HK1/4JJ1 E-3 NQR/NLR/NMR ORIG,6,4029,Isuzu,8-12146-830-0,Москва
2025-12-28 14:11:01,Датчик температуры и уровня моч-ны D-126476 / WG1034121049 Sitrak C7H Дизель,1,9874,Дизель,D-126476,Москва
2025-12-28 14:11:01,"Датчик температуры наддува воздуха 8-98065-377-0 FVR34, NPR75 ORIG",10,784,Isuzu,8-98065-377-0,Москва
2025-12-28 14:11:01,Датчик температуры наддува воздуха D-126472 / 3602105-59D FAW Дизель,1,1529,Дизель,D-126472,Москва
2025-12-28 14:11:01,Датчик температуры ОЖ D-126477 / 3602160-59D / 3602015-6300000 FAW Дизель,2,1333,Дизель,D-126477,Москва
2025-12-28 14:11:01,Датчик температуры ОЖ D-126842 / 3602015B630-0000 FAW Дизель,1,1076,Дизель,D-126842,Москва
2025-12-28 14:11:01,"Датчик температуры ОЖ D-127099 / S8342-01250 HINO300, 500, 700 E-3/4 Дизель",2,421,Дизель,D-127099,Москва
2025-12-28 14:11:01,Датчик температуры ОЖ D-128836 / ME202053 Fuso Canter Дизель,1,421,Дизель,D-128836,Москва
2025-12-28 14:11:01,Датчик температуры ОЖ ME202053 Fuso Canter Y,12,734,Yamasida,ME202053,Москва
2025-12-28 14:11:01,Датчик температуры охл жидкости 1026604GAA J5 JAC ORIG,2,733,JAC,1026604GAA,Москва
2025-12-28 14:11:01,Датчик температуры топлива ТНВД D-127116/8-98023-581-0/8-97216-283-0 NQ/NP75/90/NL/NM85/FSR Дизель,14,314,Дизель,D-127116,Москва
2025-12-28 14:11:01,Датчик ТНВД (регулятор давления топлива) D-126395 / 8-98145-449-1 FVR34 Дизель,1,7642,Дизель,D-126395,Москва
2025-12-28 14:11:01,Датчик топливного сепаратора D-125192 / 8-97605-127-3 ISUZU CYZ51/CXZ/EXZ51 Дизель,1,2545,Дизель,D-125192,Москва
2025-12-28 14:11:01,Датчик угла поворота руля 712W25441-6006 HOWO ORIG,2,19406,Howo,712W25441-6006,Москва
2025-12-28 14:11:01,Датчик управления воздуха подушек кабины 1-53458-378-2 CXZ/CYZ/CYL 87-09 ORIG,1,5573,Isuzu,1-53458-378-2,Москва
2025-12-28 14:11:01,Датчик уровня масла в картере двигателя 8-97328-993-1 4HK1-T NQR90/NPR75 ORIG,1,3507,Isuzu,8-97328-993-1,Москва
2025-12-28 14:11:01,Датчик уровня моч-ны D-125819 / 1205270Y3J53 JAC N350 WP10 E-5 Дизель,1,10143,Дизель,D-125819,Москва
2025-12-28 14:11:01,Датчик уровня моч-ны D-126726 / 1205270Y3J5301 JAC N350 WP10 E-5 Дизель,1,9187,Дизель,D-126726,Москва
2025-12-28 14:11:01,"Датчик уровня пневмоподвески левый 8-98101-548-0 C,E-series ORIG",4,15977,Isuzu,8-98101-548-0,Москва
2025-12-28 14:11:01,"Датчик уровня пневмоподвески правый 8-98101-549-0 C,E-series ORIG",2,15977,Isuzu,8-98101-549-0,Москва
2025-12-28 14:11:01,Датчик уровня подвески D-126480 / WG9925715101 Sitrak C7H Дизель,1,3339,Дизель,D-126480,Москва
2025-12-28 14:11:01,Датчик уровня пола 4410500110 / TT6116005 / A0005424018 / 98472878 WABCO,1,7855,Wabco,4410500110,Москва
2025-12-28 14:11:01,"Датчик уровня пола MAN,DAF,DC 4410500110-D WABCO !",1,10686,Wabco,4410500110-D,Москва
2025-12-28 14:11:01,"Датчик уровня пола резьба М 27x1 MAZ, RVI 4410500100 WABCO",1,8356,Wabco,4410500100,Москва
2025-12-28 14:11:01,Датчик уровня топлива (бак 200 л.) 1-83141-131-0/8-98217-750-0 CYZ51/CXZ ORIG,1,11114,Isuzu,8-98217-750-0,Москва
2025-12-28 14:11:01,"Датчик уровня топлива (бак 400 л.) 8-98217-749-0 C,E series ORIG",1,12336,Isuzu,8-98217-749-0,Москва
2025-12-28 14:11:01,Датчик уровня топлива 31130-Y3AH0XZ02 JAC ORIG,1,3972,JAC,31130-Y3AH0XZ02,Москва
2025-12-28 14:11:01,Датчик уровня топлива 8-98113-177-0 ORIG,2,4397,Isuzu,8981131770,Москва
2025-12-28 14:11:01,Датчик уровня топлива D-126482 / AZ932555200008 Sitrak C7H Дизель,1,2951,Дизель,D-126482,Москва
2025-12-28 14:11:01,Датчик уровня топлива D-126844 / 3806040-DR100 FAW Дизель,1,3356,Дизель,D-126844,Москва
2025-12-28 14:11:01,Датчик уровня топлива D-127640 / 1106010LG150 JAC N90 Дизель,1,3691,Дизель,D-127640,Москва
2025-12-28 14:11:01,Датчик уровня топлива D-129894 / WG9925550002 HOWO T5G Дизель,2,2095,Дизель,D-129894,Москва
2025-12-28 14:11:01,Датчик уровня топлива в баке (200 л.) 8-98099-321-0 FVR34 ORIG,4,4707,Isuzu,8-98099-321-0,Москва
2025-12-28 14:11:01,Датчик уровня топлива в баке 100л. 8-98113-179-0 NPR75/NQR90 ORIG,1,4397,Isuzu,8-98113-179-0,Москва
2025-12-28 14:11:01,Датчик уровня топлива в баке 8-98099-319-0 FSR90 ORIG,1,4469,Isuzu,8-98099-319-0,Москва
2025-12-28 14:11:01,Датчик ускорения 3565030LE35P JAC N120 (NON-GENUINE),1,24341,Noname,3565030LE35P,Москва
2025-12-28 14:11:01,Дверь кабины левая 8-98260-598-0 FSR34/FVR34 ЕВРО5 ORIG,4,70224,Isuzu,8-98260-598-0,Москва
2025-12-28 14:11:01,Дверь левая (в сборе) MK714074 Fuso Canter TF ORIG,3,85100,Mitsubishi,MK714074,Москва
2025-12-28 14:11:01,Дверь левая 8-98260-602-0 NLR85/NMR85/NPR75/NQR90 ORIG,4,42042,Isuzu,8-98260-602-0,Москва
2025-12-28 14:11:01,Дверь левая D-125823 / 75001-Y4010XH корпус JAC N350 Дизель,1,18810,Дизель,D-125823,Москва
2025-12-28 14:11:01,Дверь левая D-127995 / 8-98171-234-0 / 8-98075-729-0 N-series Дизель,2,23484,Дизель,D-127995,Москва
2025-12-28 14:11:01,Дверь правая (корпус) D-129195 / 75002-Y4010XH JAC N350 Дизель,1,19904,Дизель,D-129195,Москва
2025-12-28 14:11:01,Дверь правая D-127315 / 8-98171-226-0 / 8-98075-728-0 N-series Дизель,1,21136,Дизель,D-127315,Москва
2025-12-28 14:11:01,Держатель глушителя (резин) 1203071W5000 JAC N35 ORIG,2,213,JAC,1203071W5000,Москва
2025-12-28 14:11:01,Держатель глушителя (резин) 1203072W5000 JAC N35 ORIG,1,149,JAC,1203072W5000,Москва
2025-12-28 14:11:01,Держатель переднего бампера 2803215U2220 JAC S3 ORIG,4,295,JAC,2803215U2220,Москва
2025-12-28 14:11:01,Держатель переднего бампера 2803520U1570 JAC S5 ORIG,4,480,JAC,2803520U1570,Москва
2025-12-28 14:11:01,Держатель сонара в переднем бампере 2803216U2220 JAC S3 ORIG,4,287,JAC,2803216U2220,Москва
2025-12-28 14:11:01,Держатель усилителя заднего бампера 2804202U2210 JAC S3 ORIG,3,69,JAC,2804202U2210,Москва
2025-12-28 14:11:01,Дефлектор внешний правый 943/162 / A9438841722 Covind !,1,5159,Covind,943/162,Москва
2025-12-28 14:11:01,Диафрагма тормозной камеры МАЗ 500351915001,2,224,JMC,500351915001,Москва
2025-12-28 14:11:01,Диодный мост D-056/FDS-4178/L160-4320 8-94167-411-0/8-94408-396-0/8-94408-376-0 WFS62 4FG1 FD,2,1837,New-Era,8-94167-411-0,Москва
2025-12-28 14:11:01,Диск индексный 1005012FD020 JAC N35 ORIG,1,400,JAC,1005012FD020,Москва
2025-12-28 14:11:01,Диск колеса D-125825 / 3101010Y4P00 JAC Дизель,2,11852,Дизель,D-125825,Москва
2025-12-28 14:11:01,"Диск колеса D-127790 / MK527232 17,5x6 6 отв. ISUZU NPR/NQR/FUSO CANTER/HINO 300 Дизель",81,7280,Дизель,D-127790,Москва
2025-12-28 14:11:01,Диск колесный (8 отверстий) 19.5x6.75,4,6442,Дизель,19.5x6.75,Москва
2025-12-28 14:11:01,"Диск колесный 22,5x9,00 10х335/281/175 (евро) усиленный 16мм, 50кг 10 отв.",10,8613,Дизель,22.5x9.00,Москва
2025-12-28 14:11:01,"Диск колесный 22.5x8.25 (10 отверстий) 281мм, б/к",4,9786,Дизель,"22.5x8,25",Москва
2025-12-28 14:11:01,Диск колесный D-129196 16x5.5 1/2 (6 отверстий) Дизель,4,6452,Дизель,D-129196,Москва
2025-12-28 14:11:01,"Диск колесный D-129197 22,5x7.5 (8 отверстий) Дизель",1,10094,Дизель,D-129197,Москва
2025-12-28 14:11:01,Диск колесный D-129198 / 3101015-DR010 FAW Дизель,1,8896,Дизель,D-129198,Москва
2025-12-28 14:11:01,"Диск сцепления 1-31240-976-0/1-31240-907-0/8-97822-495-0 C,E- series ORIG",1,46710,Isuzu,8-97822-495-0,Москва
2025-12-28 14:11:01,Диск сцепления 1600200LD300 N56 JAC ORIG,1,10373,JAC,1600200LD300,Москва
2025-12-28 14:11:01,Диск сцепления 1600200LD300 N56 JAC STCO,3,4844,STCO,16002-00LD300,Москва
2025-12-28 14:11:01,Диск сцепления 1600200LE070 JAC ORIG,1,12090,JAC,1600200LE070,Москва
2025-12-28 14:11:01,Диск сцепления 1600200LE070 JAC STCO,6,4700,STCO,16002-00LE070,Москва
2025-12-28 14:11:01,Диск сцепления 1600200LE070-AM001 N75 JAC ORIG,10,8939,JAC,1600200LE070-AM001,Москва
2025-12-28 14:11:01,Диск сцепления 1601200LE17G N80 LE795 с 2020 г. JAC ORIG,4,17197,JAC,1601200LE17G,Москва
2025-12-28 14:11:01,Диск сцепления 1601200LE352XZ-AM001 N120 JAC STCO,22,8530,STCO,1601200LE352XZ-AM001,Москва
2025-12-28 14:11:01,"Диск сцепления 2085863/1878 003 839 430мм Scania P,G,R,T - series STCO",7,9288,STCO,2085863,Москва
2025-12-28 14:11:01,"Диск сцепления 236*150*21*29,8 TYD112/U/31250-36220 STCO",1,1819,STCO,31250-28082,Москва
2025-12-28 14:11:01,"Диск сцепления 240*160*24*25,6 / ISD101 / 8-94159-975-0 STCO",3,1888,STCO,8-94159-975-0,Москва
2025-12-28 14:11:01,"Диск сцепления 260*150*24*25,6 / NSD014U / 30100-02T66 STCO",3,2154,STCO,30100-02T66,Москва
2025-12-28 14:11:01,Диск сцепления 260*170*12*28 / MZD017U STCO,2,1854,STCO,SE02-16-460,Москва
2025-12-28 14:11:01,"Диск сцепления 260*170*14*29.4 / ME500917 / MFD084U Canter FB6, FE5, FE6 96-2001 STCO",1,2551,STCO,ME500917,Москва
2025-12-28 14:11:01,"Диск сцепления 260*170*21*29,8 / TYD080/TYD015 STCO",2,2069,STCO,31250-36113,Москва
2025-12-28 14:11:01,"Диск сцепления 260*170*24*25,6 5-87610-107-0/8-97310-275-0 ISD109 NKR/NPR 4BC2/4BE1 ORIG CHINA",2,5661,Isuzu,5-87610-107-0,Москва
2025-12-28 14:11:01,"Диск сцепления 275*175*21*29,8 / TYD078Y / 31250-36410 STCO",2,2367,STCO,31250-36410,Москва
2025-12-28 14:11:01,"Диск сцепления 275*180*24*25,6 / ISD102 / 5-31240-043-0 STCO",14,2695,STCO,5-31240-043-0,Москва
2025-12-28 14:11:01,"Диск сцепления 300*190*12*28,0 / MZD074U / YM01-16-460A STCO",1,3038,STCO,YM01-16-460A,Москва
2025-12-28 14:11:01,"Диск сцепления 300*190*14*32,4 / TYD119U / 31250-37041 STCO",3,3353,STCO,31250-37041,Москва
2025-12-28 14:11:01,"Диск сцепления 300*190*14*35,2 CR-MFD067U / ME521813 Керамика STCO",2,4801,STCO,ME521813,Москва
2025-12-28 14:11:01,Диск сцепления 300*190*14*35.2 41100-5K100 / 25932 HD65/72 VALEO,27,14564,Valeo,41100-5K100,Москва
2025-12-28 14:11:01,Диск сцепления 300*190*14*35.2 41100-5K100 HD65/72 (ан. VALEO) STCO,7,3135,STCO,41100-5K100,Москва
2025-12-28 14:11:01,"Диск сцепления 300*190*16*30,0 NDD018U / 30100-Z5166 STCO",2,3661,STCO,30100-Z5166,Москва
2025-12-28 14:11:01,Диск сцепления 300*190*21*28.9 5-87610-078-1/8-97389-910-0/ISD136U N-series ORIG CHINA,3,9369,Isuzu,5-87610-078-1,Москва
2025-12-28 14:11:01,"Диск сцепления 300*190*24*25,6 / ISD114 / 8-94339-800-0/ NSD112 STCO",5,2919,STCO,8-94339-800-0,Москва
2025-12-28 14:11:01,"Диск сцепления 300*190*24*25,6 D-129199 / CR-ISD114 / 8-94339-800-0/ NSD112 Керамика MENCH Дизель",2,2091,Дизель,D-129199,Москва
2025-12-28 14:11:01,"Диск сцепления 325*210*10*38,1 / HND008 / 31250-2621/HND063U/ISD010U/ISD143 STCO",7,3914,STCO,31250-2621,Москва
2025-12-28 14:11:01,"Диск сцепления 325*210*14*35,2 ISD092/MFD005/MFD068Y/ME520436 /8-97259-940-0 HINO300 Active hub STCO",1,3725,STCO,8-97259-940-0,Москва
2025-12-28 14:11:01,Диск сцепления 325*210*14*35.2 8-97362-235-1/8-98255-140-1/5-87610-080-0 (act hub) SKV Premium (BVP),13,5878,SKV Premium,8-98255-140-1,Москва
2025-12-28 14:11:01,Диск сцепления 325*210*14*35.2 8-97362-235-1/8-98255-140-1/5-87610-080-0/1 (active hub) ORIG CHINA,564,6053,Isuzu,5-87610-080-1,Москва
2025-12-28 14:11:01,"Диск сцепления 325*210*14*37,6 / MFD066N/Y/S / ME521044 STCO",3,3287,STCO,ME521044,Москва
2025-12-28 14:11:01,"Диск сцепления 325*210*16*30,0 CR-NDD022Y / 30100-Z5008 STCO",2,5555,STCO,30100-Z5008,Москва
2025-12-28 14:11:01,"Диск сцепления 325*210*16*30,0 CR-NDD022Y / 30100-Z5008 Керамика SKV",1,4448,SKV,30100-Z5008,Москва
2025-12-28 14:11:01,Диск сцепления 350*212*14*44 / MFD037U / ME521057 STCO,2,5346,STCO,ME521057,Москва
2025-12-28 14:11:01,"Диск сцепления 350*220*10*38,1 CR-ISD036Y /1-31240-381-0 Керамика STCO",1,6570,STCO,CR-ISD036Y,Москва
2025-12-28 14:11:01,"Диск сцепления 350*220*10*44,7 / HND016Y / 31250-2750 STCO",3,5064,STCO,31250-2750,Москва
2025-12-28 14:11:01,Диск сцепления 350*220*10*45 ISD193U / 1-87610-140-0 Activ Hub 8S SKV,1,6632,SKV,1-87610-140-0,Москва
2025-12-28 14:11:01,Диск сцепления 350*220*10*45 ISD193U / 1-87610-140-0 Activ Hub 8S STCO,2,5948,STCO,1-87610-140-0,Москва
2025-12-28 14:11:01,"Диск сцепления 380*220*10*44,5/ HND029 / 31250-2920 STCO",6,6081,STCO,31250-2920,Москва
2025-12-28 14:11:01,Диск сцепления 380*220*14*44 / MFD071Y / ME521606 STCO,1,6136,STCO,ME521606,Москва
2025-12-28 14:11:01,"Диск сцепления 380*240*10*44,7 / ISD058U / 1-31240-739-0 /MFD099U STCO",1,5617,STCO,1-31240-739-0,Москва
2025-12-28 14:11:01,Диск сцепления 380*240*10*44.7 1-31240-972-1 / ISD161U 6HK FVR STCO,1,7732,STCO,1-31240-972-1,Москва
2025-12-28 14:11:01,Диск сцепления 380*240*10*44.7 1-31240-972-1 6HK FVR SKV Premium (BVP),5,11059,SKV Premium,1-31240-972-1,Москва
2025-12-28 14:11:01,Диск сцепления 380*240*10*44.7 D-129201 / 1-31240-972-1 6HK FVR BVP quality Дизель,2,9684,Дизель,D-129201,Москва
2025-12-28 14:11:01,"Диск сцепления 380*240*10*50,8 / ISD031 / 1-31240-539-1 SKV",9,3173,SKV,1-31240-539-1,Москва
2025-12-28 14:11:01,"Диск сцепления 380*240*10*50,8 / ISD031 / 1-31240-539-1 STCO",4,4961,STCO,1-31240-539-1,Москва
2025-12-28 14:11:01,Диск сцепления 380*240*12*42.0 / NDD017 / 30100-90612 SKV,2,3751,SKV,30100-90612,Москва
2025-12-28 14:11:01,"Диск сцепления 400*250*10*50,8 / HND018Y / 31250-2900 STCO",2,5394,STCO,31250-2900,Москва
2025-12-28 14:11:01,Диск сцепления 400*250*14*48 / MFD018 / ME550251 SKV,2,4594,SKV,ME550251,Москва
2025-12-28 14:11:01,Диск сцепления 410*260*16*45 ISD008/ISD007 1-31240-928-0 CVS/CXW/CYW 1987-1999 STCO,1,5196,STCO,1-31240-286-0,Москва
2025-12-28 14:11:01,Диск сцепления 41100-V7150 JAC ORIG,27,4620,JAC,41100-V7150,Москва
2025-12-28 14:11:01,"Диск сцепления 430*250*10*50,8 / HND045Y/009N/065Y/ISD078Y / 31250-3924 Керамика STCO",8,10037,STCO,31250-3924,Москва
2025-12-28 14:11:01,Диск сцепления 430*250*10*50.8 1-31240-865-0/1-31240-980-1/ISD097U CYZ52/HINO700 Керамика STCO,2,12918,STCO,1-31240-980-1,Москва
2025-12-28 14:11:01,Диск сцепления 430*250*10*50.8 1-31240-865-0/980-/1-87611-002-0 CYZ52/HIN700 SKV Premium (BVP),1,18128,SKV Premium,1-31240-865-1,Москва
2025-12-28 14:11:01,"Диск сцепления 430*250*14*48,0 ME521203/MFD058U STCO",17,6283,STCO,ME521203,Москва
2025-12-28 14:11:01,"Диск сцепления 430*250*18*50,0 /NDD036Y/NDD054U Керамика SKV",2,6962,SKV,NDD036Y,Москва
2025-12-28 14:11:01,Диск сцепления 430*250*18*50.0 / NDD054U/NDD036Y/30100-90677 STCO,1,6571,STCO,30100-90677,Москва
2025-12-28 14:11:01,Диск сцепления 430*260*16*45 / ISD029Y / 1-31240-240-0 STCO,2,6731,STCO,1-31240-240-0,Москва
2025-12-28 14:11:01,"Диск сцепления 430*260*16*45,0 / ISD029Y Керамика SKV !",1,6420,SKV,CR-ISD029Y,Москва
2025-12-28 14:11:01,Диск сцепления 430*260/10*50.8*41*7.9 WG9925160822 SITRAK T7H STCO,1,9288,STCO,WG9925160822,Москва
2025-12-28 14:11:01,Диск сцепления D-126484 / 1601210-76А/В*А000 FAW Дизель,3,3637,Дизель,D-126484,Москва
2025-12-28 14:11:01,Диск сцепления D-127389 / 5-87610-077-1 / 8-98255-139-1 300х190х14х35.2 N-series BVP quality Дизель,2,4902,Дизель,D-127389,Москва
2025-12-28 14:11:01,Диск сцепления D-127390 / 1-31240-977-2/1 380х240х10х44.7 6HK FVR Керамика Дизель,23,19290,Дизель,D-127390,Москва
2025-12-28 14:11:01,Диск сцепления D-127391 / 1-31240-865-0 / 1-87611-002-0 430х250х10х50.8 CYZ52 BVP quality Дизель,2,19232,Дизель,D-127391,Москва
2025-12-28 14:11:01,Диск сцепления D-127642 / 31250-E0760 325х210х14х32.4 HINO300/TOYOTA XZU4/3# N04C BVP quality Дизель,66,7491,Дизель,D-127642,Москва
2025-12-28 14:11:01,Диск сцепления D-127889 / WG9114160020 HOWO Дизель,1,4160,Дизель,D-127889,Москва
2025-12-28 14:11:01,Диск сцепления D-129202 / SCBJ-1600200LE070-6001 JAC BVP quality Дизель,3,8679,Дизель,D-129202,Москва
2025-12-28 14:11:01,Диск сцепления HYD107U/41100-43300 JAPAN H100/150/200 (упаковка НЕСТАНДРТ) EXEDY,2,2974,Exedy,HYD107U,Москва
2025-12-28 14:11:01,Диск сцепления WG9114160020 HOWO ORIG,18,29729,Howo,WG9114160020,Москва
2025-12-28 14:11:01,Диск сцепления WG9921161502 HOWO ORIG,9,37413,Howo,WG9921161502,Москва
2025-12-28 14:11:01,Диск сцепления WG9925160822 SITRAK T7H ORIG,9,40565,Howo,WG9925160822,Москва
2025-12-28 14:11:01,Диск тормозной AZ711744430002 HOWO ORIG,20,13806,Howo,AZ711744430002,Москва
2025-12-28 14:11:01,Дифференциал 56170283 / A9443500523 / ZX11.4110 Mercedes / Euroricambi !,1,35690,Euroricambi,56.17.0283,Москва
2025-12-28 14:11:01,Дифференциал межколесный среднего моста D-128355 / 712-35110-0052 SITRAK Дизель,2,3227,Дизель,D-128355,Москва
2025-12-28 14:11:01,Диффузор радиатора 8-98006-477-0 4HK1 NPR75/NQR90 ORIG,3,6951,Isuzu,8-98006-477-0,Москва
2025-12-28 14:11:01,Дроссельная заслонка 1026160FD020 JAC N35 Cummins ORIG,1,14208,Cummins,1026160FD020,Москва
2025-12-28 14:11:01,Дроссельная заслонка 8-98028-416-7 4HK1 (Е4) NQR90/FSR90 ORIG,1,25848,Isuzu,8980284167,Москва
2025-12-28 14:11:01,Дроссельная заслонка 8-98061-061-3 6HK1 FVR34/FSR34 ORIG,2,25097,Isuzu,8-98061-061-3,Москва
2025-12-28 14:11:01,Жгут проводов ABS заднего левого колеса 8-97253-968-1 NPR75/NQR75 ORIG,37,1954,Isuzu,8-97253-968-1,Москва
2025-12-28 14:11:01,Жгут проводов задних фонарей 8-98203-884-0 FVR34/FSR90 ORIG,6,13776,Isuzu,8-98203-884-0,Москва
2025-12-28 14:11:01,Жгут проводов кабины включая все блоки 8-98089-713-4 NРR75 ORIG,1,73726,Isuzu,8-98089-713-4,Москва
2025-12-28 14:11:01,Жгут проводов фонарей стоп-сигнала 8-97364-153-0 NQR75/NQR71 ORIG,2,5743,Isuzu,8-97364-153-0,Москва
2025-12-28 14:11:01,"Заглушка ГБЦ 5-11129-006-0 OD=16 C,F,N series ORIG",26,165,Isuzu,5-11129-006-0,Москва
2025-12-28 14:11:01,"Заглушка ГБЦ 8-97096-821-0 OD=32 F,N series ORIG",1,213,Isuzu,8-97096-821-0,Москва
2025-12-28 14:11:01,Заглушка тормозной колодки D-127727 / 2S35J-01134 JAC N80/90 LE80B/LE801 Дизель,3,790,Дизель,D-127727,Москва
2025-12-28 14:11:01,Заглушка шкворня винтовая D-127646 / 30D5-01039 JAC N120 LE35S Дизель,2,167,Дизель,D-127646,Москва
2025-12-28 14:11:01,Заклепка D-128290 / 3501.80G-082 металл JAC Дизель,30,22,Дизель,D-128290,Москва
2025-12-28 14:11:01,Заклепка металл 3501.80G-082 JAC ORIG,10,18,JAC,3501.80G-082,Москва
2025-12-28 14:11:01,Заклёпка тормозной накладки D-125830 / HFF3502106CK9G2 10х21 JAC N350 Дизель,14,18,Дизель,D-125830,Москва
2025-12-28 14:11:01,Заклёпка тормозной накладки Q4640819F3 JAC ORIG,1,30,JAC,Q4640819F3,Москва
2025-12-28 14:11:01,Замок двери R (механизм) 6105210W5000 JAC N35 ORIG,1,2819,JAC,6105210W5000,Москва
2025-12-28 14:11:01,Замок задн.двери в сборе R 81420-4E000 BONGO III !,1,370,Hyundai-Kia,81420-4E000,Москва
2025-12-28 14:11:01,Замок зажигания (с ключами) MK714662 Fuso Canter TF ORIG,1,37531,Mitsubishi,MK714662,Москва
2025-12-28 14:11:01,Замок зажигания 93110-5HA00 HYUNDAI HD45-78 ORIG,1,6723,Hyundai-Kia,93110-5HA00,Москва
2025-12-28 14:11:01,Замок зажигания D-126917 / 3704010-A01/D FAW J6 Дизель,1,1794,Дизель,D-126917,Москва
2025-12-28 14:11:01,Замок кабины центральный левый 463392 / A9437200635 Mercedes /DieselTechnic !,1,9520,Diesel Technic,4.63392,Москва
2025-12-28 14:11:01,Замок капота 8-98036-568-2 FVR34 ORIG,8,1458,Isuzu,8-98036-568-2,Москва
2025-12-28 14:11:01,Замок капота S7918-01331 HINO 500 E-3/4 ORIG,1,5918,Hino,S7918-01331,Москва
2025-12-28 14:11:01,Замок капота в сборе WG 1642110027/28 Howo,1,276,Howo,1642110027,Москва
2025-12-28 14:11:01,"Заслонка дроссельная D-128761 / 8-98040-003-4 N,Q-series Дизель",2,9566,Дизель,D-128761,Москва
2025-12-28 14:11:01,"Заслонка отопителя 8-98047-386-0 F,N series ORIG",2,520,Isuzu,8-98047-386-0,Москва
2025-12-28 14:11:01,"Заслонка отопителя 8-98047-387-0 N,F-series ORIG",2,591,Isuzu,8-98047-387-0,Москва
2025-12-28 14:11:01,"Заслонка отопителя 8-98047-761-0 N,F-series ORIG",3,894,Isuzu,8-98047-761-0,Москва
2025-12-28 14:11:01,Защелка воздушного фильтра 1109102LD080 JAC N90 ORIG,2,70,JAC,1109102LD080,Москва
2025-12-28 14:11:01,Защита пластиковая правой ступеньки 1-71907-186-2/1 CYZ51 ORIG,1,2267,Isuzu,1-71907-186-2,Москва
2025-12-28 14:11:01,Защита фары правой A9438800785 Mercedes ориг !,1,9900,Mercedes-Benz,A 943 880 07 85,Москва
2025-12-28 14:11:01,Зеркало D-128884 / SL-1609 Дизель,2,554,Дизель,D-128884,Москва
2025-12-28 14:11:01,Зеркало D-128885 / SL-1617 205х145mm MITSUBISHI CANTER Дизель,4,407,Дизель,D-128885,Москва
2025-12-28 14:11:01,Зеркало D-128886 / SL-1651 ELF NHR/NKR Дизель,2,306,Дизель,D-128886,Москва
2025-12-28 14:11:01,"Зеркало D-128887 / SL-1653 310x175mm ISUZU, HINO Дизель",2,470,Дизель,D-128887,Москва
2025-12-28 14:11:01,Зеркало D-128888 / SL-1657 MMC Rosa Дизель,1,583,Дизель,D-128888,Москва
2025-12-28 14:11:01,Зеркало D-128890 / SL-1666H / MK486109 350х175mm с подогревом MITSUBISHI Дизель,2,1190,Дизель,D-128890,Москва
2025-12-28 14:11:01,"Зеркало D-128891 / SL-1672 HINO, NISSAN UD Дизель",2,782,Дизель,D-128891,Москва
2025-12-28 14:11:01,Зеркало D-128892 / SL-1673 ISUZU FTR / HINO Дизель,2,706,Дизель,D-128892,Москва
2025-12-28 14:11:01,"Зеркало D-128893 / SL-1675 ISUZU FTR, HINO, NISSAN UD Дизель",2,769,Дизель,D-128893,Москва
2025-12-28 14:11:01,"Зеркало D-128894 / SL-1676 ISUZU FTR, HINO, NISSAN UD Дизель",1,797,Дизель,D-128894,Москва
2025-12-28 14:11:01,Зеркало D-128895 / SL-1677 Дизель,2,533,Дизель,D-128895,Москва
2025-12-28 14:11:01,Зеркало D-128896 / SL-1685 NISSAN DIESEL/UD CW520 Дизель,1,625,Дизель,D-128896,Москва
2025-12-28 14:11:01,Зеркало D-128897 / SL-1690 ISUZU ELF NKR/NHR Дизель,2,492,Дизель,D-128897,Москва
2025-12-28 14:11:01,"Зеркало D-128899 / SL-1765 круглое, нижнего вида Дизель",2,354,Дизель,D-128899,Москва
2025-12-28 14:11:01,Зеркало D-128900 / SL-738В Дизель,2,685,Дизель,D-128900,Москва
2025-12-28 14:11:01,"Зеркало D-128901 / SL-748B UNIVERSAL HYUNDAI, DAEWOO Дизель",2,715,Дизель,D-128901,Москва
2025-12-28 14:11:01,"Зеркало D-128902 / SL-748 UNIVERSAL HYUNDAI, DAEWOO Дизель",2,625,Дизель,D-128902,Москва
2025-12-28 14:11:01,"Зеркало D-128903 / SL-749H с подогревом, ручное управление Дизель",1,1866,Дизель,D-128903,Москва
2025-12-28 14:11:01,"Зеркало D-128904 / SL-759 круглое 205mm ISUZU, HINO Дизель",2,744,Дизель,D-128904,Москва
2025-12-28 14:11:01,"Зеркало D-128905 / SL-769 ISUZU, HINO Дизель",2,677,Дизель,D-128905,Москва
2025-12-28 14:11:01,"Зеркало D-128906 / SL-778 320х200mm HINO, MITSUBISHI, HYUNDAI Дизель",2,720,Дизель,D-128906,Москва
2025-12-28 14:11:01,"Зеркало D-128907 / SL-998 215х165mm HINO, MITSUBISHI, NISSAN UD, MERCEDES MAN, DAF Дизель",2,677,Дизель,D-128907,Москва
2025-12-28 14:11:01,Зеркало D-129204 / SL-1610 Дизель,8,586,Дизель,D-129204,Москва
2025-12-28 14:11:01,Зеркало D-129205 / SL-1611 Дизель,1,459,Дизель,D-129205,Москва
2025-12-28 14:11:01,Зеркало D-129206 / SL-1612 Дизель,2,713,Дизель,D-129206,Москва
2025-12-28 14:11:01,Зеркало D-129208 / SL-1620 Дизель,6,690,Дизель,D-129208,Москва
2025-12-28 14:11:01,Зеркало D-129209 / SL-1628 Hino/Faw Дизель,1,370,Дизель,D-129209,Москва
2025-12-28 14:11:01,Зеркало D-129210 / SL-1652 ELF NHR\NKR Дизель,1,354,Дизель,D-129210,Москва
2025-12-28 14:11:01,Зеркало D-129211 / SL-1662 FUSO FK\FV Дизель,1,659,Дизель,D-129211,Москва
2025-12-28 14:11:01,Зеркало D-129212 / SL-1671 NISSAN UD/BUS 325*190mm Дизель,1,697,Дизель,D-129212,Москва
2025-12-28 14:11:01,Зеркало D-129219 / SL-1696м Дизель,2,928,Дизель,D-129219,Москва
2025-12-28 14:11:01,Зеркало D-129220 / SL-1697 Дизель,4,957,Дизель,D-129220,Москва
2025-12-28 14:11:01,Зеркало D-129226 / SL-758 B UNIVERSAL HYUNDAI; DAEWOO Дизель,2,786,Дизель,D-129226,Москва
2025-12-28 14:11:01,Зеркало D-129227 / SL-758 UNIVERSAL HYUNDAI; DAEWOO Дизель,2,1016,Дизель,D-129227,Москва
2025-12-28 14:11:01,Зеркало D-129232 / SL-968 MITSUBISHI CANTER 248*133mm Дизель,3,183,Дизель,D-129232,Москва
2025-12-28 14:11:01,Зеркало боковое 8-98073-893-2 CYZ(L)EU2/3/4W/3STEP 2010 - ORIG,1,6705,Isuzu,8-98073-893-2,Москва
2025-12-28 14:11:01,Зеркало боковое 8-98073-894-2 CYZ(L)EU2/3/4W/3STEP 2010- ORIG,1,4576,Isuzu,8-98073-894-2,Москва
2025-12-28 14:11:01,Зеркало габаритное в сборе 8202300LE170XZ JAC N80/КАМАЗ Компас-9 ORIG,2,936,JAC,8202300LE170XZ,Москва
2025-12-28 14:11:01,Зеркало заднего вида D-128840 / SL-628 445x210mm HINO VOLVO Дизель,4,1500,Дизель,D-128840,Москва
2025-12-28 14:11:01,Зеркало заднего вида D-128908 / SL-665 сферическое Hino 500 Дизель,2,832,Дизель,D-128908,Москва
2025-12-28 14:11:01,Зеркало заднего вида D-128909 / SL-739 нижнее HINO 500/700 Дизель,2,1131,Дизель,D-128909,Москва
2025-12-28 14:11:01,Зеркало заднего вида в сборе D-125834 / 87640-Y43G6 JAC N350 Дизель,1,6307,Дизель,D-125834,Москва
2025-12-28 14:11:01,Зеркало заднего вида в сборе R D-126847 / 712W63730-0025 HOWO T5G Дизель,1,8231,Дизель,D-126847,Москва
2025-12-28 14:11:01,Зеркало заднего вида лев 8202100W5031 JAC N35 ORIG,1,5210,JAC,8202100W5031,Москва
2025-12-28 14:11:01,Зеркало заднего вида прав 8202200W5031 JAC N35 ORIG,1,7357,JAC,8202200W5031,Москва
2025-12-28 14:11:01,Зеркало нижнего обзора (круглое) 8-98309-725-0 FVR34 ORIG,1,4634,Isuzu,8-98309-725-0,Москва
2025-12-28 14:11:01,Зеркало основное левое 8202110LE359 N120/LE359 JAC ORIG,4,3743,JAC,8202110LE359,Москва
2025-12-28 14:11:01,Зеркало парковочное нижнего обзора (бордюрное) 8-98043-065-0 FVR34/FSR90/CYZ52 ORIG,1,5052,Isuzu,8-98043-065-0,Москва
2025-12-28 14:11:01,Зеркало переднего обзора D-125833 / 87630-Y43G6 JAC N350 Дизель,2,1459,Дизель,D-125833,Москва
2025-12-28 14:11:01,Зеркало передней обзорности D-127890 / 8219020BA01/A FAW J6 Дизель дефект,1,570,Дизель,D-127890,Москва
2025-12-28 14:11:01,Зеркало широкоугольное левое 8202120LE359 N120 JAC ORIG,3,1749,JAC,8202120LE359,Москва
2025-12-28 14:11:01,Зеркало широкоугольное правое 8202220LE359 N80/N120 JAC ORIG,7,1808,JAC,8202220LE359,Москва
2025-12-28 14:11:01,Зубчатое колесо бортового редуктора D-128342 / 712W35111-0043 SITRAK Дизель,1,4022,Дизель,D-128342,Москва
2025-12-28 14:11:01,Зубчатое кольцо 2033800020-B JAC ORIG,2,2114,JAC,2033800020-B,Москва
2025-12-28 14:11:01,Зуммер D-125837 / 96810-8C100 JAC N350 Дизель,1,473,Дизель,D-125837,Москва
2025-12-28 14:11:01,Изолятор (экран) турбокомпрессора 28220-52001 ORIG,1,1272,Hyundai-Kia,28220-52001,Москва
2025-12-28 14:11:01,Изолятор контакта втягивающего реле 5-81129-069-0 N-series 4JJ1 ORIG,1,488,Isuzu,5-81129-069-0,Москва
2025-12-28 14:11:01,Интеркулер 1109020LE170 JAC N90 ORIG,1,11259,JAC,1109020LE170,Москва
2025-12-28 14:11:01,Интеркулер D-127647 / 1109020LE170 JAC N90 Дизель,1,12868,Дизель,D-127647,Москва
2025-12-28 14:11:01,Кабель питания 4491731200 Wabco,1,22139,Wabco,4491731200,Москва
2025-12-28 14:11:01,Камера тормозная 8-98205-504-0/8-97532-918-0 NQR90 ORIG,1,84687,Isuzu,8-97532-918-0,Москва
2025-12-28 14:11:01,Камера тормозная 812W50410-6885 Sitrak C7H ORIG,6,10293,Howo,812W50410-6885,Москва
2025-12-28 14:11:01,Камера тормозная 812W50410-6886 Sitrak C7H ORIG,6,10293,Howo,812W50410-6886,Москва
2025-12-28 14:11:01,Камера тормозная D-127945 / 812W50410-6885 Sitrak C7H Дизель,5,3194,Дизель,D-127945,Москва
2025-12-28 14:11:01,Камера тормозная D-127946 / 812W50410-6886 Sitrak C7H Дизель,7,3194,Дизель,D-127946,Москва
2025-12-28 14:11:01,Камера тормозная D-127947 / WG9100364122 Sitrak Дизель,1,2543,Дизель,D-127947,Москва
2025-12-28 14:11:01,Камера тормозная D-128392 / WG4075360003 SITRAK Дизель,4,1241,Дизель,D-128392,Москва
2025-12-28 14:11:01,Камера тормозная D-128393 / WG4075360004 SITRAK Дизель,4,1241,Дизель,D-128393,Москва
2025-12-28 14:11:01,Камера тормозная FL/FR D-128762 / 1-48250-837-0 / 8-98145-680-1/0 CYZ51/EXZ52/FVR34 Дизель,2,4299,Дизель,D-128762,Москва
2025-12-28 14:11:01,Камера тормозная задняя L/R D-127996 / 8-98205-503-0 / 8-98205-504-0 NQR90 Дизель,4,3989,Дизель,D-127996,Москва
2025-12-28 14:11:01,Камера тормозная задняя R D-126664 / QT305D163-3530020 1066 FAW Дизель,1,3012,Дизель,D-126664,Москва
2025-12-28 14:11:01,Камера тормозная перед. (левая/правая) 898145-680-1/1-48250-837-0 CYZ51/EXZ52/FVR34 D.BEST JAPAN,1,17985,Дизель,8-98145-680-1,Москва
2025-12-28 14:11:01,Камера тормозная передняя D-126677 / S49U0-E0370 HINO 700 E-5 Дизель,1,7742,Дизель,D-126677,Москва
2025-12-28 14:11:01,Камера тормозная передняя D-126678 / S49U0-E0380 HINO 700 E-5 Дизель,1,6271,Дизель,D-126678,Москва
2025-12-28 14:11:01,Камера тормозная передняя D-126853 / 3530010-362 FAW J6 Дизель,1,3282,Дизель,D-126853,Москва
2025-12-28 14:11:01,Камера тормозная передняя L D-126961 / JY3519STR-010-003 JAC N350 Дизель,1,2790,Дизель,D-126961,Москва
2025-12-28 14:11:01,Камера тормозная передняя R D-126962 / JY3519STR-015-003 JAC N350 Дизель,1,2790,Дизель,D-126962,Москва
2025-12-28 14:11:01,Камера тормозная передняя левая D-129234 / 3519010-X141J FAW Дизель,3,1554,Дизель,D-129234,Москва
2025-12-28 14:11:01,Камера тормозная передняя правая D-129235 / 3519020-X141J FAW Дизель,2,1554,Дизель,D-129235,Москва
2025-12-28 14:11:01,Камера фронтальная D-128329 / WG9918788088 SITRAK C7H Дизель,3,2792,Дизель,D-128329,Москва
2025-12-28 14:11:01,Капот без решетки D-128305 / 812W61110-0053 SITRAK C7H Дизель,1,7894,Дизель,D-128305,Москва
2025-12-28 14:11:01,Карданный вал D-129236 / 2201010-X074 FAW Дизель,1,13082,Дизель,D-129236,Москва
2025-12-28 14:11:01,Карданный вал среднего моста D-129096 / 2205010-56V/B L=1506 FAW Дизель,1,36936,Дизель,D-129096,Москва
2025-12-28 14:11:01,Катушка зажигания 1026102GAA S5 JAC ORIG,2,1997,JAC,1026102GAA,Москва
2025-12-28 14:11:01,Катушка зажигания 8-98488-570-0 N-series 4HV1 (CNG) ГАЗ ORIG,1,16407,Isuzu,8-98488-570-0,Москва
2025-12-28 14:11:01,Клавиша (блок) стеклоподъемника левая 93691-7A001 JAC ORIG,3,4229,JAC,93691-7A001,Москва
2025-12-28 14:11:01,Клавиша аварийного сигнала D-129889 / WG9918586001 HOWO Дизель,2,495,Дизель,D-129889,Москва
2025-12-28 14:11:01,Клавиша включения блокировки мкд 812W25503-6020 HOWO T5G,2,714,Дизель,812W25503-6020,Москва
2025-12-28 14:11:01,Клавиша включения КОМ D-129892 / WG9918586022 HOWO T5G Дизель,2,521,Дизель,D-129892,Москва
2025-12-28 14:11:01,Клавиша диагностики ДВС D-129891 / WG9918586014 HOWO Дизель,2,521,Дизель,D-129891,Москва
2025-12-28 14:11:01,Клавиша переключения звукового сигнала D-129890 / WG9918586002 HOWO Дизель,2,604,Дизель,D-129890,Москва
2025-12-28 14:11:01,Клапан (дозатор) ТНВД D-126486 / 200V11103-0002 / 0928400746 MC11 Sitrak C7H Дизель,1,7096,Дизель,D-126486,Москва
2025-12-28 14:11:01,Клапан EGR (система рециркуляции отработавших газов) 8-98219-180-0 FSR90 4HK1 Евро-4 ORIG,4,22527,Isuzu,8-98219-180-0,Москва
2025-12-28 14:11:01,Клапан EGR (система рециркуляции отработавших газов) 8-98238-247-3 4HK1 ORIG,1,27880,Isuzu,8-98238-247-3,Москва
2025-12-28 14:11:01,Клапан IIS-0234 1-12551-162-4/2 IN 6WG1 FUJI,1,1199,FUJI,1-12551-162-4,Москва
2025-12-28 14:11:01,"Клапан вентиляции 8-97289-271-1 N,C-series ORIG",1,612,Isuzu,8-97289-271-1,Москва
2025-12-28 14:11:01,Клапан воздушный 8-98237-419-0 N-series 4HV1 (CNG) ГАЗ ORIG,1,58098,Isuzu,8-98237-419-0,Москва
2025-12-28 14:11:01,Клапан впускной 330-1007011D Yuchai YC6B125/YC6108,6,553,Дизель,330-1007011D,Москва
2025-12-28 14:11:01,Клапан впускной 612630050146 JAC N350 WP10 E-5 ORIG,4,663,JAC,612630050146,Москва
2025-12-28 14:11:01,Клапан впускной D-125839 / 612630050146 JAC N350 WP10 E-5 Дизель,1,456,Дизель,D-125839,Москва
2025-12-28 14:11:01,Клапан впускной D-126488 / 200V04101-0574 MC11 Sitrak C7H Дизель,3,679,Дизель,D-126488,Москва
2025-12-28 14:11:01,Клапан впускной D=38 D-129237 / 1007011-36D / 1007011A36DC FAW E-2/3 Дизель,5,246,Дизель,D-129237,Москва
2025-12-28 14:11:01,Клапан выпуск 612630050002 JAC N350 WP10 E-5 ORIG,4,1438,JAC,612630050002,Москва
2025-12-28 14:11:01,Клапан выпускной D-125840 / 612630050002 JAC N350 WP10 E-5 Дизель,1,566,Дизель,D-125840,Москва
2025-12-28 14:11:01,Клапан выпускной D-126489 / 1007016A81D FAW J6 CA6DM2 Дизель,8,413,Дизель,D-126489,Москва
2025-12-28 14:11:01,Клапан выпускной D-126490 / 200V04101-0546 MC11 Sitrak C7H Дизель,3,731,Дизель,D-126490,Москва
2025-12-28 14:11:01,Клапан выпускной D-129238 / 1007016B36DC / 1007016A36DC FAW J5 Дизель,12,460,Дизель,D-129238,Москва
2025-12-28 14:11:01,Клапан выпускной S1371-51733/13715-1733 J05E HINO 500 FUJI,5,849,FUJI,S1371-51733,Москва
2025-12-28 14:11:01,Клапан головки блока выпускной 61560050041 Howo/,6,1295,Howo,61560050041,Москва
2025-12-28 14:11:01,Клапан горного тормоза 59430-7F100 Hyundai HD120/160/170/450/500/600 ORIG,10,8413,Hyundai-Kia,59430-7F100,Москва
2025-12-28 14:11:01,Клапан горного тормоза 59670-5H600 Hyundai HD72/78 ORIG,1,1461,Hyundai-Kia,59670-5H600,Москва
2025-12-28 14:11:01,Клапан двигателя 15B ETY-5613/13715-58070 FUJI,4,575,FUJI,13715-58070,Москва
2025-12-28 14:11:01,Клапан двигателя 4D30/4D32/4D34 EMB-5307/ME021039 FUJI,8,678,FUJI,ME021039,Москва
2025-12-28 14:11:01,Клапан двигателя 4D35 EMB-5377/ME012557 FUJI,3,678,FUJI,ME012557,Москва
2025-12-28 14:11:01,Клапан двигателя 4D35 IMB-0377/ME017145 FUJI,3,574,FUJI,ME017145,Москва
2025-12-28 14:11:01,Клапан двигателя 4HE1/6HE/HH1 8-94395-462-0/1/2 FUJI,3,779,FUJI,8-94395-462-0,Москва
2025-12-28 14:11:01,Клапан двигателя 4HE1/6HE1 IIS-0223/8-94395-113-1/0 FUJI,10,494,FUJI,8-94395-113-1,Москва
2025-12-28 14:11:01,Клапан двигателя 4HF/HK/HE1 IIS-0209/8-97033-864-0/1/2 FUJI,2,676,FUJI,8-97033-864-2,Москва
2025-12-28 14:11:01,Клапан двигателя 4HF1/4HG1 EIS-5226/8-97171-399-0 FUJI,3,676,FUJI,8-97171-399-0,Москва
2025-12-28 14:11:01,Клапан двигателя 4JG2 IIS-0221/8-94363-134-0 FUJI,10,473,FUJI,8-94363-134-0,Москва
2025-12-28 14:11:01,Клапан двигателя 6D15/6D16 EMB-5315/ME031939 FUJI,1,676,FUJI,ME031939,Москва
2025-12-28 14:11:01,Клапан двигателя 6HK1 EIS-5232/8-97209-876-0/1/2/3 FUJI,10,553,FUJI,8-97209-876-0,Москва
2025-12-28 14:11:01,Клапан двигателя 6WA1 EIS-5228/1-12552-095-0/-084-0/1/2 DOKURO,2,478,Dokuro,EIS-5228,Москва
2025-12-28 14:11:01,Клапан двигателя 6WA1 IIS-0228/1-12551-145-0/1/2/3/4/5 FUJI,4,780,FUJI,1-12551-145-0,Москва
2025-12-28 14:11:01,Клапан двигателя D-127142 / 8-94395-882-2/0/1 6HK1 Дизель,13,202,Дизель,D-127142,Москва
2025-12-28 14:11:01,Клапан двигателя D-128250 / 13711-1631 / 13711-1632 J05-08C/S05# Дизель,23,260,Дизель,D-128250,Москва
2025-12-28 14:11:01,Клапан двигателя D-128251 / 13715-1731 / 13715-1732 / 13715-1730 J05-08C/S05# Дизель,24,348,Дизель,D-128251,Москва
2025-12-28 14:11:01,Клапан двигателя FE6 INS-0476/13202-Z5509 FUJI,12,676,FUJI,INS-0476,Москва
2025-12-28 14:11:01,Клапан двигателя HA EMZ-5263/SE01-12-121 FUJI,7,678,FUJI,SE01-12-121,Москва
2025-12-28 14:11:01,Клапан двигателя HA IMZ-0263/SE01-12-111 FUJI,10,494,FUJI,SE01-12-111,Москва
2025-12-28 14:11:01,Клапан двигателя J05-08C/S05# EHN-5078/13715-1731/ 13715-1732 FUJI,1,630,FUJI,13715-1731,Москва
2025-12-28 14:11:01,Клапан двигателя MD92 ENS-5530/13202-Z600B FUJI,16,884,FUJI,13202-Z600B,Москва
2025-12-28 14:11:01,Клапан двигателя MD92 INS-0530/13201-Z6003 FUJI,16,678,FUJI,13201-Z6003,Москва
2025-12-28 14:11:01,Клапан двигателя SL EMZ-5280/SL01-12-121 FUJI,4,638,FUJI,SL01-12-121,Москва
2025-12-28 14:11:01,Клапан двигателя SL IMZ-0280/SL01-12-111A FUJI,8,473,FUJI,SL01-12-111,Москва
2025-12-28 14:11:01,Клапан двигателя TF EMZ-5303/TF20-12-121 FUJI,2,611,FUJI,TF20-12-121,Москва
2025-12-28 14:11:01,Клапан двигателя TF IMZ-0303/TF20-12-111 FUJI,4,494,FUJI,TF20-12-111,Москва
2025-12-28 14:11:01,Клапан двигателя XA EMZ-5281/S501-12-121 FUJI,7,594,FUJI,S501-12-121,Москва
2025-12-28 14:11:01,Клапан двигателя выпускной W04D/06D/E 13715-1570 HINO E-3/4 ORIG,12,1794,hino,S1371-51570,Москва
2025-12-28 14:11:01,Клапан ЕГР MK667800 Fuso Canter TF ORIG,12,48585,Mitsubishi,MK667800,Москва
2025-12-28 14:11:01,Клапан магнитный 3/2 4720726390 WABCO !,1,7392,Wabco,472 072 639 0,Москва
2025-12-28 14:11:01,Клапан масляный редукционный D-125841 / AZ1500070097 JAC N350 WP10 E-5 Дизель,1,505,Дизель,D-125841,Москва
2025-12-28 14:11:01,Клапан мультизащитный D-125053 / VF128 / 1-82563-871-2/0/1 CYZ51/EXZ52/FSR90/FVR34 Дизель,4,3424,Дизель,D-125053,Москва
2025-12-28 14:11:01,Клапан мультизащитный VF128 1-82563-871-2/0/1 CYZ51/EXZ52/FSR90/FVR34 ORIG,2,14347,Isuzu,1-82563-871-2,Москва
2025-12-28 14:11:01,Клапан насос-дозатора моч-ны 5307621 JAC N120/Камаз Cummins ISF3.8 Е-5,1,8416,Noname,5307621,Москва
2025-12-28 14:11:01,Клапан обратный вакуумный 8-97037-165-2 4НК1 N-series ORIG,1,3112,Isuzu,8-97037-165-2,Москва
2025-12-28 14:11:01,Клапан отопителя D-128422 / 810W61967-0018 HOWO T5G Дизель,5,1038,Дизель,D-128422,Москва
2025-12-28 14:11:01,Клапан отсечки топлива 294009-1221 / 33130-48700 DENSO KOREA,1,13286,Denso,294009-1221,Москва
2025-12-28 14:11:01,Клапан перепускной 8-97075-754-0 4HF1 4HG1 93~ ORIG,1,8019,Isuzu,8-97075-754-0,Москва
2025-12-28 14:11:01,Клапан перепускной A0054296644 / 4341001530 Mercedes ориг !,1,3710,Mercedes,A 005 429 66 44,Москва
2025-12-28 14:11:01,Клапан пропорционального давления для EBS 10bar 4802020040 WABCO !,2,34139,Wabco,4802020040,Москва
2025-12-28 14:11:01,Клапан рециркуляции отработанных газов 8-97361-677-6/0/1/2/3/4/5 NKR ORIG,2,18121,Isuzu,8-97361-677-6,Москва
2025-12-28 14:11:01,Клапан рециркуляции отработанных газов 8-97362-934-6 N-series 4HL1T ORIG,1,12054,Isuzu,8-97362-934-6,Москва
2025-12-28 14:11:01,Клапан рециркуляции отработанных газов 8-97377-509-3/6/7 4HK1 NPR75 ORIG,2,14566,Isuzu,8-97377-509-7,Москва
2025-12-28 14:11:01,Клапан рециркуляции отработанных газов 8-97383-005-9/0/1/2/3/4/5/6/7/8 FVR34 6HK1 ORIG,8,27997,Isuzu,8-97383-005-9,Москва
2025-12-28 14:11:01,Клапан рециркуляции отработанных газов 8-98018-264-5 4HK1 NPR75 ORIG,1,16055,Isuzu,8-98018-264-5,Москва
2025-12-28 14:11:01,"Клапан рециркуляции отработанных газов 8-98029-595-7/8-98238-266-2 6WG1 C,E-series ORIG",6,37976,Isuzu,8-98238-266-2,Москва
2025-12-28 14:11:01,Клапан рециркуляции отработанных газов 8-98098-257-5 NPR75/NQR90 4HK1 Евро-4 ORIG,7,15005,Isuzu,8-98098-257-5,Москва
2025-12-28 14:11:01,"Клапан рециркуляции отработанных газов 8-98238-259-0/1/8-97381-560-7 4JJ1 NLR85,NMR85 ORIG",5,19748,Isuzu,8-98238-259-1,Москва
2025-12-28 14:11:01,Клапан рециркуляции отработанных газов 8-98238-267-1 6HK1 E-5 F-series ORIG,8,30890,Isuzu,8-98238-267-1,Москва
2025-12-28 14:11:01,Клапан стояночного тормоза D-128219 / 1-48460-334-1 / 1-48460-340-1 C-series Дизель,5,3016,Дизель,D-128219,Москва
2025-12-28 14:11:01,Клапан сцепления 1607600W5020 JAC N35 ORIG,3,1542,JAC,1607600W5020,Москва
2025-12-28 14:11:01,Клапан ТНВД 04226-E0110 N04C HINO300 E4/HINO500 E3 HINO ORIG,9,15123,Hino,04226-E0110,Москва
2025-12-28 14:11:01,Клапан ТНВД 1418502217 Istana Bosch !,1,6611,Bosch,1418502217,Москва
2025-12-28 14:11:01,Клапан топливной рампы (лимитер) D-128318 / 200V10304-0291 / 1110010024 SITRAK C7H Дизель,2,2380,Дизель,D-128318,Москва
2025-12-28 14:11:01,Клапан топливной рампы (лимитер) D-128764 / 8-98032-283-0 6WF1/6WG1 CYZ51/CYZ52 Дизель,2,8083,Дизель,D-128764,Москва
2025-12-28 14:11:01,Клапан тормоза прицепа ручного D-126492 / WG9000360596 Sitrak C7H Дизель,1,1683,Дизель,D-126492,Москва
2025-12-28 14:11:01,Клапан тормозной D-126855 / 3518010LE35P JAC N90/120/КАМАЗ Компас-12 Дизель,1,8858,Дизель,D-126855,Москва
2025-12-28 14:11:01,Клапан тормозной WG9000360549 HOWO ORIG,2,3438,Howo,WG9000360549,Москва
2025-12-28 14:11:01,Клапан тормозной распределительный ABS 1-48240-115-0/8-97673-353-0 FVR34/NQR90/CYZ51 ORIG,2,57988,Isuzu,1-48240-115-0,Москва
2025-12-28 14:11:01,Клапан тормозной распределительный ABS D-128765 / 1-48240-115-0/1 FVR34/NQR90/CYZ51 Дизель,1,4976,Дизель,D-128765,Москва
2025-12-28 14:11:01,Клапан уровня пола задний 55850-87501 Hyundai Aerotown/Universe ORIG,2,15511,Hyundai-Kia,55850-87501,Москва
2025-12-28 14:11:01,Клапан ускорительный D-129938 / DZ9112360047 SHACMAN F3000 Дизель,1,2631,Дизель,D-129938,Москва
2025-12-28 14:11:01,Клапан электромагнитный D-126495 / 3754020-73А/В FAW Дизель,2,1712,Дизель,D-126495,Москва
2025-12-28 14:11:01,Клапан электромагнитный D-128328 / 811W52160-6117 SITRAK C7H Дизель,2,2177,Дизель,D-128328,Москва
2025-12-28 14:11:01,Клапан электромагнитный ECAS D-126496 / WG9000360531 Sitrak C7H Дизель,1,13028,Дизель,D-126496,Москва
2025-12-28 14:11:01,Клапан/вентиль электромагнитный A0025405097 Mercedes ориг !,1,14743,Mercedes,A 002 540 50 97,Москва
2025-12-28 14:11:01,Клемма АКБ (+) 37270-7A000 HYUNDAI HD65/72/78/120/170/County ORIG,5,1383,Hyundai-Kia,37270-7A000,Москва
2025-12-28 14:11:01,Клин шкворня D-127651 / 3001106N JAC N90 Дизель,1,99,Дизель,D-127651,Москва
2025-12-28 14:11:01,Клин шкворня D-127652 / 30D-01031 JAC N120 LE35S Дизель,2,202,Дизель,D-127652,Москва
2025-12-28 14:11:01,Клипса 14910-05000 JAC ORIG,2,18,JAC,14910-05000,Москва
2025-12-28 14:11:01,Клипса крепёжная WW-11343,1,20,LEX,WW-11343,Москва
2025-12-28 14:11:01,Клипса крепления обшивки дверей 1-09987-257-0 CYZ51/CXZ ORIG,10,91,Isuzu,1-09987-257-0,Москва
2025-12-28 14:11:01,Клык бампера левый 004-002-IZI-L-T CXZ/CXM/EXR 86-94 GA !,2,304,Дизель,004-002-IZI-L-T,Москва
2025-12-28 14:11:01,Клык бампера левый 004-002-MBQ-L-T/MBGR97007/MC937492 FUSO FU5/FT5 10T 97-03 21T/35Т GA !,1,304,Дизель,MC937492,Москва
2025-12-28 14:11:01,Клык бампера правый 004-002-IZI-R-T CXZ/CXM/EXR 86-94 GA !,2,274,Дизель,004-002-IZI-R-T,Москва
2025-12-28 14:11:01,Клык бампера правый 004-002-MBQ-R-T/MBGR97008 /MC937493 FUSO FU5/FT5 10T 97-03 21T/35Т GA !,2,274,Дизель,MC937493,Москва
2025-12-28 14:11:01,Ключ балонный 33*32мм L=350mm с воротком,10,1521,Дизель,"33*32, 350 mm",Москва
2025-12-28 14:11:01,Ключ балонный D-128910 35х17мм L=350mm с воротком Дизель,3,1459,Дизель,D-128910,Москва
2025-12-28 14:11:01,Ключ балонный D-128911 38х20мм L=350mm с воротком Дизель,3,1486,Дизель,D-128911,Москва
2025-12-28 14:11:01,"Кнопка (выключатель) ASR 8-97140-601-0 NKR55,NQR71/75/90,NPR75,NLR85,NMR85 ORIG",2,2351,Isuzu,8-97140-601-0,Москва
2025-12-28 14:11:01,Кожух рычага КПП 8-97417-050-0 FSR90 ORIG,1,1364,Isuzu,8-97417-050-0,Москва
2025-12-28 14:11:01,Кожух сцепления D-126066 / 8-97238-930-5 колокол MZZ6F N-series Дизель,2,23651,Дизель,D-126066,Москва
2025-12-28 14:11:01,Колба фильтра грубой очистки D-25182 / 8-98092-482-1 FVR34/CYZ52 Дизель,19,1603,Дизель,D-24821-D,Москва
2025-12-28 14:11:01,Колба фильтра грубой очистки D-28075 / 8-98092-482-1 FVR34/CYZ52 Дизель,2,2147,Дизель,D-24821,Москва
2025-12-28 14:11:01,Колба фильтра сепаратора D-50965/1 / WG9925550965/1 Sitrak C7H Дизель,1,4118,Дизель,D-50965/1,Москва
2025-12-28 14:11:01,Колба фильтра сепаратора D-80373 / 612630080373 ФГОТ JAC N350 WP10 E-5 Дизель,1,1957,Дизель,D-80373,Москва
2025-12-28 14:11:01,Коленвал 1003386900 WEICHAI/FAW Дизель,4,52403,Дизель,1003386900,Москва
2025-12-28 14:11:01,Коленвал 5261375 JAC N120/Камаз Cummins ISF3.8 Е-5,1,25245,Дизель,5261375,Москва
2025-12-28 14:11:01,Коленвал 612600020373/1006466586 JAC N350 WP10 E-5 ORIG,1,109945,JAC,612600020373,Москва
2025-12-28 14:11:01,Коленвал D-125142 / 8-97603-004-0 / 8-94396-737-1 6HK1-T FVR34/HITACHI Дизель,2,66090,Дизель,D-125142,Москва
2025-12-28 14:11:01,Коленвал D-125844 / 612600020373 JAC N350 WP10 E-5 Дизель,1,46400,Дизель,D-125844,Москва
2025-12-28 14:11:01,Коленвал D-127003 / 8-98029-270-1 ISU 4HK1 Дизель,1,32160,Дизель,D-127003,Москва
2025-12-28 14:11:01,Коленвал D-127819 / 13401-54100 TOY 5L Дизель,1,14936,Дизель,D-127819,Москва
2025-12-28 14:11:01,Коленвал D-128423 / 612600020373 SHACMAN WP10 E-3/4 / JAC N350 Дизель,1,37187,Дизель,D-128423,Москва
2025-12-28 14:11:01,Коленвал D-128766 / 8-97662-901-0 / 8-98154-950-0 NLR LHD Euro 3 4JJ1 Дизель,1,25515,Дизель,D-128766,Москва
2025-12-28 14:11:01,Коленвал D-128826 / ME032800 / ME032364 MMC 6D14/15 Дизель,1,31402,Дизель,D-128826,Москва
2025-12-28 14:11:01,Коленвал D-129816 / ME072197 MMC 6D16 Дизель,2,37886,Дизель,D-129816,Москва
2025-12-28 14:11:01,Коленвал D-129818 / ME013668 MMC 4D34 Дизель,1,12903,Дизель,D-129818,Москва
2025-12-28 14:11:01,Коленвал HIN 13400-1583 H07C(T) !,2,12518,Дизель,13401-1583,Москва
2025-12-28 14:11:01,Коленвал NIS FE6 12200-Z5500 (литой) !,1,15117,Дизель,12200-Z5500,Москва
2025-12-28 14:11:01,Коленвал NIS FE6T 12200-Z5568 (литой) !,1,13522,Дизель,12200-Z5568,Москва
2025-12-28 14:11:01,Колесо зубчатое 60531930 / A9452625617 / 145.970 Euroricambi !,2,22783,Euroricambi,60.53.1930,Москва
2025-12-28 14:11:01,Коллектор водяной 201V06302-0759 HOWO T5G,1,3431,Дизель,201V06302-0759,Москва
2025-12-28 14:11:01,Коллектор впускной 8-98024-411-1 N-series 4JJ1 ORIG,1,26362,Isuzu,8-98024-411-1,Москва
2025-12-28 14:11:01,Коллектор выпукскной правый 20 мм 54231/ A5411403003 / 53173 Dinex !,1,10240,Dinex,53173,Москва
2025-12-28 14:11:01,Коллектор выпускной (крайняя часть) D-129241 / 1008041D600-0263 FAW J6 Дизель,2,2445,Дизель,D-129241,Москва
2025-12-28 14:11:01,Коллектор выпускной (средняя часть) D-129242 / 1008042-81D FAW J6 CA6DM2 Дизель,2,4327,Дизель,D-129242,Москва
2025-12-28 14:11:01,Коллектор выпускной (средняя часть) D-129243 / 1008042A36D FAW J6 Дизель,2,3429,Дизель,D-129243,Москва
2025-12-28 14:11:01,Коллектор выпускной 8-98033-941-1 N-series 4JJ1 ORIG,1,14905,Isuzu,8-98033-941-1,Москва
2025-12-28 14:11:01,Коллектор выпускной D-129158 / 1008041F600-0263 боковая часть FAW CA3250 Дизель,1,2244,Дизель,D-129158,Москва
2025-12-28 14:11:01,Коллектор выпускной D-129159 / 1008042C36D средняя часть FAW CA3250 Дизель,1,3143,Дизель,D-129159,Москва
2025-12-28 14:11:01,Коллектор выпускной часть D-125795 / 1000855964 / 612640110390 JAC N350 WP10 E-5 Дизель,1,7696,Дизель,D-125795,Москва
2025-12-28 14:11:01,Коллектор выпускной часть D-125796 / 612640110380 JAC N350 WP10 E-5 Дизель,1,5019,Дизель,D-125796,Москва
2025-12-28 14:11:01,Колодка передняя 5801520852 IVECO/HONGYAN,2,4937,Дизель,5801520852,Москва
2025-12-28 14:11:01,"Колодка ручного тормоза D-128767 / 1-46220-022-0/1 ISUZU FSR90 10"" B1T к-т 2шт Дизель",2,1272,Дизель,D-128767,Москва
2025-12-28 14:11:01,Колодка тормозная (шт) D-125001 / 1-47170-324-0 CYZ51K EURO3 6WF1 Дизель,2,6032,Дизель,D-125001,Москва
2025-12-28 14:11:01,Колодка тормозная (шт) D-125055 / 1-47170-316-0 передний мост RF FVR34/CYZ52/CYZ51 Дизель,3,5656,Дизель,D-125055,Москва
2025-12-28 14:11:01,Колодка тормозная (шт) D-125457 / 1-47170-317-0 передний мост RR FVR34/CYZ52/CYZ51 Дизель,1,7080,Дизель,D-125457,Москва
2025-12-28 14:11:01,Колодка тормозная (шт) D-125749 / 1-47170-317-0 передний мост RR FVR34/CYZ52/CYZ51 Дизель,2,6055,Дизель,D-125749,Москва
2025-12-28 14:11:01,Колодка тормозная (шт) D-126503 / 3502375-A6E/A 3250/3310 задний и средний мост FAW Дизель,1,3137,Дизель,D-126503,Москва
2025-12-28 14:11:01,Колодка тормозная (шт) D-127005 / 1-47170-325-0 задний мост RR CYZ51/CXZ Дизель,1,6227,Дизель,D-127005,Москва
2025-12-28 14:11:01,Колодка тормозная (шт) D-127145 / 1-47170-319-0 передний мост LR FVR34/CYZ52/CYZ51 Дизель,6,6056,Дизель,D-127145,Москва
2025-12-28 14:11:01,Колодка тормозная (шт) D-128077/1-47170-326-0 CYZ51K EURO3 6WF1 Дизель,8,5636,Дизель,D-128077,Москва
2025-12-28 14:11:01,Колодка тормозная D-128397 / AZ7117451221 SITRAK Дизель,5,3197,Дизель,D-128397,Москва
2025-12-28 14:11:01,Колодка тормозная без накладок (шт) 410x180 1593104300 /A6594200619 / 963751 Mercedes /Europart !,8,4306,Emmerre,1593104300,Москва
2025-12-28 14:11:01,Колодка тормозная без накладок (шт) 410x180 963751/1593104300 /A6594200619 Mercedes /EMMERRE,8,5584,Emmerre,963751,Москва
2025-12-28 14:11:01,Колодка тормозная без накладок с роликом (шт) A6594200319 Mercedes ориг !,1,8101,Mercedes-Benz,A 659 420 03 19,Москва
2025-12-28 14:11:01,Колодка тормозная в сборе верхняя (шт) 3502.36G-090 LE35S JAC ORIG,52,5498,JAC,3502.36G-090,Москва
2025-12-28 14:11:01,Колодка тормозная в сборе нижняя (шт) 3502.36G-091 LE35S JAC ORIG,10,6435,JAC,3502.36G-091,Москва
2025-12-28 14:11:01,Колодка тормозная в сборе нижняя (шт) N900-3501070B N75 JAC ORIG,8,5404,JAC,N900-3501070B,Москва
2025-12-28 14:11:01,Колодка тормозная задняя (шт) BP04000050-MCP N120 JAC ORIG,1,6528,JAC,BP04000050-MCP,Москва
2025-12-28 14:11:01,Колодка тормозная задняя (шт) JX1060-3501050 / L1300061102B1-3420 N56 JAC ORIG,18,2797,JAC,JX1060-3501050,Москва
2025-12-28 14:11:01,Колодка тормозная задняя в сборе (шт) D-129042 / QT310×100Z2-3503570/80 FAW Дизель,1,5130,Дизель,D-129042,Москва
2025-12-28 14:11:01,Колодка тормозная переднего моста правая задняя (шт) 1-47170-317-0 FVR34/CYZ52/CYZ51 ORIG,1,18071,Isuzu,1-47170-317-0,Москва
2025-12-28 14:11:01,Колодка тормозная передняя (шт) 3501030C10QZ-TBK N120 JAC ORIG,17,7993,JAC,3501030C10QZ-TBK,Москва
2025-12-28 14:11:01,Колодка тормозная передняя (шт) D-128334 / AZ9761451160 SITRAK Дизель,6,2761,Дизель,D-128334,Москва
2025-12-28 14:11:01,Колодка тормозная передняя (штучно) D-127951 / WG9100443050 Sitrak C7H Дизель,3,462,Дизель,D-127951,Москва
2025-12-28 14:11:01,Колодка тормозная передняя D-128335 / 711-50200-6880 SITRAK Дизель,6,2761,Дизель,D-128335,Москва
2025-12-28 14:11:01,Колодка тормозная передняя в сборе (шт) D-129246 / 110533-TF3501121 FAW Дизель,6,3264,Дизель,D-129246,Москва
2025-12-28 14:11:01,Колодка тормозная передняя в сборе (шт) D-129247 / 110533-TF3501130 FAW Дизель,4,5441,Дизель,D-129247,Москва
2025-12-28 14:11:01,Колодка тормозная передняя верхняя (шт) 3501B247-085WBS LE35S JAC ORIG,54,8083,JAC,3501B247-085WBS,Москва
2025-12-28 14:11:01,Колодка тормозная передняя нижняя (шт) 3501B247-185WBS LE35S JAC ORIG,52,8083,JAC,3501B247-185WBS,Москва
2025-12-28 14:11:01,"Колодки барабанные D-126506 / FN-4466 / 8-97042-934-1 к-т 2шт F,N-series 98-99~ Дизель",12,878,Дизель,D-126506,Москва
2025-12-28 14:11:01,Колодки ручного тормоза (к-т 2шт) D-126504 / FN-8804 / 46530-1040 / S4653-01360 / 36110-Z5005 Hino 5t Дизель,17,786,Дизель,D-126504,Москва
2025-12-28 14:11:01,Колодки тормозные (к-т на ось) 42537727 Iveco Orig !,1,56470,Iveco,42537727,Москва
2025-12-28 14:11:01,Колодки тормозные (к-т на ось) 963591/41211166 EMMERRE !,2,26341,Emmerre,963591,Москва
2025-12-28 14:11:01,Колодки тормозные (к-т на ось) D-125540 / 8-98079-104-0 Дизель,2,1558,Дизель,D-125540,Москва
2025-12-28 14:11:01,Колодки тормозные (к-т на ось) D-127004 / K2G27A 58305-45A30 85mm HD45/65/72/78 Дизель,29,5127,Дизель,D-127004,Москва
2025-12-28 14:11:01,Колодки тормозные (шт) D-125015 / 1-47170-318-0 передний мост LF FVR34/CYZ52/CYZ51 Дизель,5,5680,Дизель,D-125015,Москва
2025-12-28 14:11:01,Колодки тормозные барабанные (к-т на ось) D-127006 / FN-3408 / W558-33-310A / W5Y8-26-38Z KS Дизель,4,2856,Дизель,D-127006,Москва
2025-12-28 14:11:01,Колодки тормозные барабанные (к-т на ось) D-127118 / FN-1201 / K1201 / 41060-0T925/06D25 Дизель,6,4576,Дизель,D-127118,Москва
2025-12-28 14:11:01,Колодки тормозные барабанные (к-т на ось) D-127119 / FN-1202 Дизель,2,1566,Дизель,D-127119,Москва
2025-12-28 14:11:01,Колодки тормозные барабанные (к-т на ось) D-127228 / FN-3334 / W023-26-310 Титан Дизель,10,2830,Дизель,D-127228,Москва
2025-12-28 14:11:01,Колодки тормозные барабанные (к-т на ось) D-127229 / FN-3361 / W358-33-37ZA / WD37-33-310 Дизель,9,2681,Дизель,D-127229,Москва
2025-12-28 14:11:01,Колодки тормозные барабанные (к-т на ось) D-127237 / FN-6655/MS6655 MC894596 Дизель,6,1337,Дизель,D-127237,Москва
2025-12-28 14:11:01,Колодки тормозные барабанные (к-т на ось) D-127241 / MS2289 / FN-2289 MINTYE Дизель,4,446,Дизель,D-127241,Москва
2025-12-28 14:11:01,Колодки тормозные барабанные (к-т на ось) D-129248 / FN-2335 / 04495-0K010/0K030/0K040/0K100/28090 Дизель,9,1075,Дизель,D-129248,Москва
2025-12-28 14:11:01,Колодки тормозные барабанные (к-т 2шт) D-128452 / FN-6680 / MC837658 / ME626337 2PCS FUSO 5t FK# Дизель,5,1016,Дизель,D-128452,Москва
2025-12-28 14:11:01,"Колодки тормозные барабанные D-126505 / FN-4451 / 8-97287-778-0 / 41060-0T925 4шт ISU,NIS,MAZ Дизель",3,3245,Дизель,D-126505,Москва
2025-12-28 14:11:01,Колодки тормозные барабанные (к-т на ось) D-127007 / FN-4459 / 8-97201-061-0 Isuzu NKR/NPR/NPS/NKS 99~ Дизель,7,3661,Дизель,D-127007,Москва
2025-12-28 14:11:01,Колодки тормозные барабанные (к-т на ось) D-127008 / FN-4461 / 8-97331-932-0 / 8-97191-716-1 NKR/NLR NMR85 Дизель,12,1823,Дизель,D-127008,Москва
2025-12-28 14:11:01,Колодки тормозные барабанные (к-т на ось) D-127009 / FN-6668 / MB295388 / MB295769 / MB326388 / MC112217 Дизель,23,1902,Дизель,D-127009,Москва
2025-12-28 14:11:01,Колодки тормозные барабанные (к-т на ось) D-127122 / FN-2296 / 04494-36160 77х2.3х4.5-282/75х6.5х285-295 Дизель,3,3217,Дизель,D-127122,Москва
2025-12-28 14:11:01,Колодки тормозные барабанные (к-т на ось) D-127124 / FN-2329 / 04494-36250 85х2.3х6-299.6/83х10.2х307-320 Дизель,9,3270,Дизель,D-127124,Москва
2025-12-28 14:11:01,Колодки тормозные барабанные (к-т на ось) D-127125 / FN-2330 04495-25100/26180/26190/26210/35240 TOYOTA Дизель,4,1026,Дизель,D-127125,Москва
2025-12-28 14:11:01,Колодки тормозные барабанные (к-т на ось) D-127226 /FN-2339 04495-28160/44010/87402 TOYOTA LITE ACE/TOWNAC Дизель,2,590,Дизель,D-127226,Москва
2025-12-28 14:11:01,Колодки тормозные барабанные D-127227 / FN-3333 / W001-33-310 Дизель,10,2577,Дизель,D-127227,Москва
2025-12-28 14:11:01,Колодки тормозные барабанные D-127230 / FN-3384 Mazda T2600/3000/3500 T4000 (2шт) W3Y3-44-39Z Дизель,2,882,Дизель,D-127230,Москва
2025-12-28 14:11:01,Колодки тормозные барабанные D-127234 / FN-4443 / 8-97020-250-2 ручник 2шт/к-т Canter New Дизель,86,956,Дизель,D-127234,Москва
2025-12-28 14:11:01,"Колодки тормозные барабанные (к-т на ось) D-127235 / FN-4458 Isuzu NKR/NHR NLR,NMR55/85 93- 8-97035-085-1 Дизель",5,2931,Дизель,D-127235,Москва
2025-12-28 14:11:01,Колодки тормозные барабанные FN-6600 HD72/ CANTER FE/FB/FD 59822-45А20/MC837950/MC112501 (ручник2шт),11,651,Дизель,D-127236,Москва
2025-12-28 14:11:01,Колодки тормозные барабанные (к-т на ось) D-127239 / FN-6722R / MC889515 / MK321243 320*110 Fuso Canter Дизель,7,4201,Дизель,D-127239,Москва
2025-12-28 14:11:01,Колодки тормозные барабанные (к-т на ось) D-127488/FN-4425 NKR69 76.5*3*6-288/75*7*294-300 5-87100-081-0 Дизель,6,2822,Дизель,D-127488,Москва
2025-12-28 14:11:01,Колодки тормозные барабанные (к-т на ось) D-127491 / FN3336 / W023-33-310 / 310A W326-33-37ZC Mazda/Titan Дизель,3,2700,Дизель,D-127491,Москва
2025-12-28 14:11:01,Колодки тормозные барабанные (к-т 2шт) D-127589 / FN-2298 / 46550-25010 / 46540-36030 DYNA/TOYOACE/HINO Дизель,7,649,Дизель,D-127589,Москва
2025-12-28 14:11:01,Колодки тормозные барабанные D-127590 / FN-1245 / 36110-Z5002/4/5 / Z9008 ручник 2шт ND 5t Дизель,9,792,Дизель,D-127590,Москва
2025-12-28 14:11:01,Колодки тормозные барабанные (к-т на ось) D-127591 / FN-1210 / DD060-05N25 / 44060-VE425 / 44060-2T025 Дизель,10,1340,Дизель,D-127591,Москва
2025-12-28 14:11:01,"Колодки тормозные барабанные D-128036 / 5-87831-693-0 / 5-87831-644-0 к-т 4шт NQR, NPR 71/75 Дизель",67,3121,Дизель,D-128036,Москва
2025-12-28 14:11:01,Колодки тормозные барабанные FN-0679/58305-45A62 110мм (1шт) Hyundai HD78 SB,14,3015,Дизель,FN-0679,Москва
2025-12-28 14:11:01,Колодки тормозные барабанные (к-т на ось) D-127233 / FN-4428 / K4428 / 8-97035-083-1 / D4060-T8225 Дизель,3,1564,Дизель,D-127233,Москва
2025-12-28 14:11:01,Колодки тормозные дисковые D-127010 / MK528946 / PN-3513 139х59х19.3 8шт NISSAN/Canter FE85D Дизель,2,2996,Дизель,D-127010,Москва
2025-12-28 14:11:01,Колодки тормозные дисковые D-127011 / PN-3407 / MC894601 / D6091 125.2х60х19.5 8шт MITSUBISHI Дизель,15,1813,Дизель,D-127011,Москва
2025-12-28 14:11:01,Колодки тормозные дисковые D-127012 / 58101-5HA30 передние 4шт HYUNDAI HD65/COUNTY Дизель,5,1248,Дизель,D-127012,Москва
2025-12-28 14:11:01,Колодки тормозные дисковые D-127243 / PF-4489 / D4049M / 8-97203-209-0 4шт NKR/NPR/NPS 99~ Дизель,1,2540,Дизель,D-127243,Москва
2025-12-28 14:11:01,Колодки тормозные дисковые D-127245 / PN-1441 / DJ2207 / D2207M 4шт 165.8х64.2х20 TOYOTA Дизель,6,2285,Дизель,D-127245,Москва
2025-12-28 14:11:01,Колодки тормозные дисковые (к-т на ось) D-127246 / PN-2105 / DJ1031 / D1031M 130х49.2х16.5 NISSAN/ISUZU Дизель,6,1405,Дизель,D-127246,Москва
2025-12-28 14:11:01,Колодки тормозные дисковые (на ось) D-127248 / PN-2475 / 41060-VW085 / AY040-NS105 / 5-86129-072 Дизель,10,675,Дизель,D-127248,Москва
2025-12-28 14:11:01,Колодки тормозные дисковые (к-т на ось) D-127250 / PN-4257 / DJ4025 / D4025 / 8-94365-981-1 110х46х14.5 Дизель,10,1375,Дизель,D-127250,Москва
2025-12-28 14:11:01,Колодки тормозные дисковые D-127251 / PN-4384 / DJ4041 / D4041 4шт 191.2х62х21 ISUZU/MAZDA Дизель,6,2400,Дизель,D-127251,Москва
2025-12-28 14:11:01,Колодки тормозные дисковые (к-т на ось) D-127252 / PN-5376 / LCY2-33-38ZA / L0Z1-33-23ZB / LDY2-33-28Z Дизель,4,468,Дизель,D-127252,Москва
2025-12-28 14:11:01,Колодки тормозные дисковые D-127493 / DJ3043-608 / D6062 / PF3236 / PF3349 / MB334338 4шт Дизель,5,1326,Дизель,D-127493,Москва
2025-12-28 14:11:01,Колодки тормозные дисковые (к-т на ось) D-128190 / PN-1212 / 04465-25080 / 04465-25010 / 04465-36040 Дизель,6,765,Дизель,D-128190,Москва
2025-12-28 14:11:01,Колодки тормозные дисковые D-129249 / 8-97168-634-0/8-98244-794-0/D4053/D826/DA1607/PF-4491 Дизель,5,3461,Дизель,D-129249,Москва
2025-12-28 14:11:01,Колодки тормозные дисковые (к-т на ось) D-129250 / D1121 / PF-2204 / 2446 / 41060-21T90 / 41060-6T390 / AY040-NS925 / 5-86116-486-0 Дизель,4,1518,Дизель,D-129250,Москва
2025-12-28 14:11:01,Колодки тормозные дисковые (к-т на ось) D-127247 / PN-2344 / DJ1063 / D1063M 160.7х49.5х16 NISSAN Дизель,6,819,Дизель,D-127247,Москва
2025-12-28 14:11:01,Колодки тормозные задние (к-т на ось) 58305-44A40 spk1530 Grace !,4,1466,Дизель,SPK1530,Москва
2025-12-28 14:11:01,Колодки тормозные передние (к-т на ось) 3500310U2230-F01 S5 JAC ORIG,21,3926,JAC,3500310U2230-F01,Москва
2025-12-28 14:11:01,Колодки тормозные передние YF3501A104-030/130/230 (4 шт/к-т) N56 JAC ORIG,4,8781,JAC,YF3501A104-030/130/230,Москва
2025-12-28 14:11:01,Колодки тормозные передние дисковые (к-т на ось) 3503100U7300-F011 JAC ORIG,6,5864,JAC,3503100U7300-F011,Москва
2025-12-28 14:11:01,Колпак декоративный колеса перед 8-97167-658-1 N-серия ORIG,10,7047,Isuzu,8-97167-658-1,Москва
2025-12-28 14:11:01,Колпак колеса D-126507 / WG9925610060 Sitrak C7H Дизель,3,1404,Дизель,D-126507,Москва
2025-12-28 14:11:01,Колпак колеса декоративный 3102010P3010 JAC T6 ORIG,15,481,JAC,3102010P3010,Москва
2025-12-28 14:11:01,Колпак переднего колеса (пластик) D-129954 / DZ93259615001 SHACMAN Дизель,1,547,Дизель,D-129954,Москва
2025-12-28 14:11:01,Колпачки маслосъемные 12003500 Ajusa,10,41,JMC,12003500,Москва
2025-12-28 14:11:01,Колпачок маслосъемный 0K551-10155 BONGO III ORIG,4,53,Hyundai-Kia,0K551-10155,Москва
2025-12-28 14:11:01,Колпачок маслосъемный 0K87T-10155 HYUNDAI HD120 D6DA19/22 ORIG,9,92,Hyundai-Kia,0K87T-10155,Москва
2025-12-28 14:11:01,Колпачок маслосъемный 22224-35000 Hyundai Porter D4BF ORIG,7,77,Hyundai-Kia,22224-35000,Москва
2025-12-28 14:11:01,Колпачок маслосъемный D-125848 / 1000549569 JAC N350 WP10 E-5 Дизель,1,160,Дизель,D-125848,Москва
2025-12-28 14:11:01,Колпачок маслосъемный D-126398 / 1-12569-020-0 C-series 6WG1 Дизель,4,92,Дизель,D-126398,Москва
2025-12-28 14:11:01,"Колпачок маслосъемный D-128133 / 8-97376-720-0 4HG1/4HЕ1/4НК1/6НЕ1/6HK1 N,F-series Дизель",3,121,Дизель,D-128133,Москва
2025-12-28 14:11:01,Колпачок маслосъемный D-128252 / 8-94396-609-2 ISUZU 4HF1/4HJ1/4HG1/4HL1/4HK1/6HH1 Дизель,28,62,Дизель,D-128252,Москва
2025-12-28 14:11:01,Колпачок маслосъемный D-128253 / 8-97328-647-0 4JJ1 NLR85/NMR85 Дизель,6,55,Дизель,D-128253,Москва
2025-12-28 14:11:01,"Колпачок маслосъемный D-128458 / 1001245916 WEICHAI, FAW Дизель",1,63,Дизель,D-128458,Москва
2025-12-28 14:11:01,Колпачок маслосъемный D-129252 / 3955393 JAC N120 ISF3.8S5169 Дизель,12,55,Дизель,D-129252,Москва
2025-12-28 14:11:01,Колпачок маслосъемный MV126,2,14,Дизель,MV126,Москва
2025-12-28 14:11:01,Кольца под гильзу 10PC1 ISU 8D005-RU Matto,2,1355,Matto,8D005RU,Москва
2025-12-28 14:11:01,Кольца под гильзу 8M20/21 MIT 6D012-RU Matto !,2,1677,Matto,6D012-RU,Москва
2025-12-28 14:11:01,Кольца под гильзу EK100 HIN 0D016-RU Matto !,2,346,Matto,HIN-EK100-LO,Москва
2025-12-28 14:11:01,Кольца под гильзу RE10 NIS 7D001-RU Matto !,2,876,Matto,NIS-RE10-LO,Москва
2025-12-28 14:11:01,Кольца под гильзу RE8 /RD8 NIS 7D003-RU/NIS-RE8-LO Matto,2,2104,Matto,NIS-RE8-LO,Москва
2025-12-28 14:11:01,Кольца под гильзу RF10 NIS 7D002-RU Matto !,3,876,Matto,NIS-RF10-LO,Москва
2025-12-28 14:11:01,Кольца под гильзу RF8 NIS 7D004-RU Matto,3,1920,Matto,NIS-RF8-LO,Москва
2025-12-28 14:11:01,Кольца под гильзу V22C HIN 0D005-RU Matto !,2,915,Matto,0D005-RU-PB,Москва
2025-12-28 14:11:01,Кольца поршневые (к-т на двc) D-129253 / L6100000-PJHZ36D FAW 3252/3312 E-2/3 Дизель,2,7304,Дизель,D-129253,Москва
2025-12-28 14:11:01,Кольца поршневые (на 1 поршень) 8-98017-166-0 4HK1/6HK1 ORIG,4,4567,Isuzu,8980171660,Москва
2025-12-28 14:11:01,"Кольца поршневые 0,5 4089181 (к-т на поршень) JAC N120/Камаз Cummins ISF3.8 Е-5",6,1075,Дизель,4089181,Москва
2025-12-28 14:11:01,Кольца поршневые 1-12121-139-0/1-12121-141-0 (к-т на поршень) C-series ORIG,1,9564,Isuzu,1-12121-139-0,Москва
2025-12-28 14:11:01,"Кольца поршневые 1,0 4089182 (к-т на поршень) JAC N120/Камаз Cummins ISF3.8 Е-5",6,1075,Дизель,4089182,Москва
2025-12-28 14:11:01,Кольца поршневые 1004030FB040A JAC N35 ORIG,1,1969,JAC,1004030FB040A,Москва
2025-12-28 14:11:01,Кольца поршневые 3LD1 8-97141-205-0 O/S=0.25 (на поршень) ORIG,3,2759,Isuzu,8-97141-205-0,Москва
2025-12-28 14:11:01,Кольца поршневые 4HG1-T D-125541 / 8-98054-995-0/8-97219-054-0/8-97105-867-0 Дизель,2,1218,Дизель,D-125541,Москва
2025-12-28 14:11:01,Кольца поршневые 4HL 8-97331-641-0 ORIG,5,4020,Isuzu,8-97331-641-0,Москва
2025-12-28 14:11:01,Кольца поршневые 4JB1/4JA1 NHR/NKR/NHS 86-97` 8-94247-867-1/5-87310-757-0/5-87311-082-0 (на поршень) ORIG,1,1868,Isuzu,8-94247-867-1,Москва
2025-12-28 14:11:01,Кольца поршневые 4JG2 8-97147-984-0 ORIG,5,2540,Isuzu,8-97147-984-0,Москва
2025-12-28 14:11:01,Кольца поршневые 4M50T ME993913 (4 CYL) RIK Japan,3,9105,Riken,20100,Москва
2025-12-28 14:11:01,Кольца поршневые 61560030047(45/78) Howo,1,3145,Дизель,61560030047,Москва
2025-12-28 14:11:01,Кольца поршневые 6M61 FK61#64#71#74# 02.02.2003 ME995562/SDM31106ZZ NPR Japan,2,10720,NPR,SDM31106ZZ,Москва
2025-12-28 14:11:01,Кольца поршневые 6WG1T 1-12121-143-0 (к-т на поршень) ORI,1,4065,Isuzu,1-12121-143-0,Москва
2025-12-28 14:11:01,Кольца поршневые 8-98240-483-0 4BG1/6BG1 к-т. на 1 поршень ORIG,2,2577,Isuzu,8-98240-483-0,Москва
2025-12-28 14:11:01,Кольца поршневые 8PE1 1-12121-145-0 ORIG Japan !,1,5587,Isuzu,1-12121-145-0,Москва
2025-12-28 14:11:01,Кольца поршневые D-128768 / 8-98040-125-0 / 8-98055-478-0 4HK1 6HK1 NPR75 NQR90 FSR90 FVR34 Дизель,1,1134,Дизель,D-128768,Москва
2025-12-28 14:11:01,Кольца поршневые D4AE 23040-41410/SDG30002ZZ NPR,1,3604,NPR,23040-41410,Москва
2025-12-28 14:11:01,Кольца поршневые J07C-T 13011-3660/3900/13019-1010B ORIG Japan !,4,4291,hino,13019-1010,Москва
2025-12-28 14:11:01,Кольца поршневые RF8 12040-97104/12040-97072 / 24001 (8 CYL) RIK,1,19223,Riken,12040-97072,Москва
2025-12-28 14:11:01,Кольца поршневые RH8/10 YDN31055ZZ / 12040-97106/97108 на поршень NPR,6,4612,NPR,YDN31055ZZ,Москва
2025-12-28 14:11:01,Кольца поршневые STD 4089258 (к-т на поршень) JAC N120/Камаз Cummins ISF3.8 Е-5,1,698,Noname,4089258,Москва
2025-12-28 14:11:01,Кольцо ABS колеса заднего D-125849 / HFF3104113CK1BZ JAC N350 Дизель,1,2672,Дизель,D-125849,Москва
2025-12-28 14:11:01,Кольцо ABS колеса переднего D-125850 / HFF3103112CK5G JAC N350 Дизель,1,1742,Дизель,D-125850,Москва
2025-12-28 14:11:01,Кольцо ABS переднее D-129877 / WG9112410019 HOWO T5G Дизель,2,921,Дизель,D-129877,Москва
2025-12-28 14:11:01,"Кольцо балансира D-126860 / AK99114520223 160х185х10,5 JAC N350 Дизель",2,437,Дизель,D-126860,Москва
2025-12-28 14:11:01,Кольцо беговое 115*120*22 A4030320309 Mercedes ориг !,1,5555,Mercedes-Benz,A 403 032 03 09,Москва
2025-12-28 14:11:01,Кольцо воздушного патрубка 3867646 JAC N120/Камаз Cummins ISF3.8 Е-5,2,71,Noname,3867646,Москва
2025-12-28 14:11:01,Кольцо воздушного патрубка D-126861/3090126 JAC N120/Камаз Cummins ISF3.8 Е-5 Дизель,1,55,Noname,D-126861,Москва
2025-12-28 14:11:01,Кольцо выпускного коллектора 1-14149-201-0 C-series 6WG1 ORIG,2,618,Isuzu,1-14149-201-0,Москва
2025-12-28 14:11:01,Кольцо выпускного коллектора 9-14149-026-1 C-series 6WG1 ORIG,2,618,Isuzu,9-14149-026-1,Москва
2025-12-28 14:11:01,Кольцо дифференциала 1946057 Scania / 116641 DieselTechnic !,1,2355,Diesel Technic,1.16641,Москва
2025-12-28 14:11:01,Кольцо защитной 116372 Mercedes/ DieselTechnic !,1,2050,Diesel Technic,1.16372,Москва
2025-12-28 14:11:01,Кольцо коллектора выпускного D-128672 / 1008043-29DJ FAW CA6DL1/2/CA6DM2 Дизель,11,149,Дизель,D-128672,Москва
2025-12-28 14:11:01,Кольцо коренного сальника E-001 / FEC-001 / MC431120/ME021120 100*105*20 PM,7,612,Paul Master,FEC-001,Москва
2025-12-28 14:11:01,Кольцо корзины сцепления 430 D=88 D-126863/СК8535/СК9725/ AZ9725160065 FAW/SHAANXI/DONG FENG Дизель,2,567,Noname,D-126863,Москва
2025-12-28 14:11:01,Кольцо КПП 8-97377-998-0 T=1.8 4HK1 MZW6P FSR90 ORIG,1,503,Isuzu,8-97377-998-0,Москва
2025-12-28 14:11:01,Кольцо КПП шпонки синхронизатора 43386P-04010 / QD43386T-00050 ORIG,3,79,Hyundai-Kia,43386P-04010,Москва
2025-12-28 14:11:01,Кольцо кулака поворотного D-129254 / 3001063-A0S FAW CA3311 Дизель,2,264,Дизель,D-129254,Москва
2025-12-28 14:11:01,"Кольцо медное K100 DIN 7603A 18*22*1,5 6651182215",3,4,JMC,6651182215,Москва
2025-12-28 14:11:01,Кольцо передней ступицы D-129888 / WG9900410114 HOWO T5G Дизель,2,686,Дизель,D-129888,Москва
2025-12-28 14:11:01,Кольцо резьбовое переднее 56170237 / A9423530925 Euroricambi !,2,2664,Euroricambi,56.17.0237,Москва
2025-12-28 14:11:01,Кольцо синхронизатора 1-2ой передачи ME535994 Fuso Canter TF ORIG,1,16985,Mitsubishi,ME535994,Москва
2025-12-28 14:11:01,Кольцо синхронизатора 119271/A9472600545/A9472602845/464726/60532242 Mercedes/CEI !,1,7338,CEI,119.271,Москва
2025-12-28 14:11:01,Кольцо синхронизатора 154.135/1310304202 CEI,1,10226,CEI,154135,Москва
2025-12-28 14:11:01,Кольцо синхронизатора 3-4 передачи Z-1708350-00-03 JAC N35 ORIG,1,2735,JAC,Z-1708350-00-03,Москва
2025-12-28 14:11:01,Кольцо синхронизатора 37T 60530776/A3892621823 Mercedes/Euroricambi !,1,5329,Euroricambi,60.53.0776,Москва
2025-12-28 14:11:01,Кольцо синхронизатора 4/5 передач N-1701226-00 JAC ORIG,1,546,JAC,N-1701226-00,Москва
2025-12-28 14:11:01,Кольцо синхронизатора 5/6 передач M-1701112 JAC ORIG,1,1616,JAC,M-1701112,Москва
2025-12-28 14:11:01,Кольцо синхронизатора 60531875 / A9452625434 / 464728 Mercedes/Euroricambi !,1,11076,Euroricambi,60.53.1875,Москва
2025-12-28 14:11:01,Кольцо синхронизатора 60532241/A9472603045 / 60531765 Mercedes /Euroricambi !,2,10955,Euroricambi,60.53.2241,Москва
2025-12-28 14:11:01,Кольцо синхронизатора 66Т 60530521 /A9452625534 / 60531889 / 109415 / Mercedes/ Euroricambi !,1,9842,Euroricambi,60.53.1889,Москва
2025-12-28 14:11:01,Кольцо синхронизатора 73T 60531820/A9452626923 Mercedes/Euroricambi !,1,14720,Euroricambi,60.53.1820,Москва
2025-12-28 14:11:01,"Кольцо синхронизатора КПП D-125305 / 8-97241-312-1 2/3 передачи, внутреннее MYY5T/MYY6S Дизель",2,920,Дизель,D-125305,Москва
2025-12-28 14:11:01,Кольцо синхронизатора D-127204 / 33368-35030 / SXCJ1169 / DCIF-1077 DYNA/TOYOACE Дизель,1,400,Дизель,D-127204,Москва
2025-12-28 14:11:01,Кольцо синхронизатора D-129859 / WG2210100186 HOWO T5G Дизель,1,4040,Дизель,D-129859,Москва
2025-12-28 14:11:01,Кольцо синхронизатора EU95570224/1313304009 Euroricambi,1,7701,Euroricambi,95.57.0224,Москва
2025-12-28 14:11:01,Кольцо синхронизатора QD43360T00240 Hyundai HD35-78/MIGHTY ORIG,3,3567,Hyundai-Kia,QD43360T00240,Москва
2025-12-28 14:11:01,Кольцо синхронизатора QW43360-6A340 Hyundai HD120 ORIG,2,26294,Hyundai-Kia,QW43360-6A340,Москва
2025-12-28 14:11:01,Кольцо синхронизатора КПП 60531902/A9472601945/119237 Mercedes/ Euroricambi !,2,8437,Euroricambi,60.53.1902,Москва
2025-12-28 14:11:01,Кольцо стакана форсунки ID=30.9 8-97233-126-0 C-series 6WG1 ORIG,5,136,Isuzu,8-97233-126-0,Москва
2025-12-28 14:11:01,Кольцо стакана форсунки ID=30.9 8-98041-585-0/8-97233-127-0 C-series 6WG1 ORIG,1,546,Isuzu,8-98041-585-0,Москва
2025-12-28 14:11:01,Кольцо стоп. синхронизатора 0124272/60531059/A3892620293/461431/T14493 /200061 Mercedes Europart,1,518,Europart,0124272,Москва
2025-12-28 14:11:01,Кольцо стоп. синхронизатора 60531059/A3892620293/461431/0124272/T14493/200061Mercedes Euroricambi !,2,491,Euroricambi,60.53.1059,Москва
2025-12-28 14:11:01,Кольцо стопорное 2443705 Iveco Orig !,2,47,Iveco,2443705,Москва
2025-12-28 14:11:01,Кольцо стопорное 450443/A3463320151 Mercedes /DieselTechnic,2,2813,Diesel Technic,450443,Москва
2025-12-28 14:11:01,Кольцо стопорное A0079941841 Mercedes ориг !,1,776,Mercedes-Benz,A 007 994 18 41,Москва
2025-12-28 14:11:01,Кольцо стопорное A3079940035 Mercedes ориг !,2,109,Mercedes,A3079940035,Москва
2025-12-28 14:11:01,Кольцо стопорное D-129898 / Z-1708530-00-03 JAC N35 Дизель,1,76,Дизель,D-129898,Москва
2025-12-28 14:11:01,"Кольцо стопорное задней ступицы 1-09587-057-0 F,C,E-series ORIG",1,1671,Isuzu,1095870570,Москва
2025-12-28 14:11:01,"Кольцо стопорное КПП 1-09587-023-0 C,E-series ORIG",2,421,Isuzu,1-09587-023-0,Москва
2025-12-28 14:11:01,Кольцо стопорное КПП 43234-45000/43234T-00010 Hyundai HD35-75/MIGHTY ORIG,1,186,Hyundai-Kia,43234-45000,Москва
2025-12-28 14:11:01,Кольцо стопорное КПП 43284-45000/43284-T00010 Hyundai HD35-78/MIGHTY ORIG,1,98,Hyundai-Kia,43284-45000,Москва
2025-12-28 14:11:01,Кольцо стопорное КПП пром вала 43233-5H000 Hyundai HD65/78/County ORIG,1,186,Hyundai-Kia,43233-5H000,Москва
2025-12-28 14:11:01,Кольцо стопорное крестовины 49171-62600 HYUNDAI HD120 ORIG,2,94,Hyundai-Kia,49171-62600,Москва
2025-12-28 14:11:01,Кольцо стопорное крестовины к/вала 49171-45220 Hyundai HD45-78/MIGHTY ORIG,240,32,Hyundai-Kia,49171-45220,Москва
2025-12-28 14:11:01,Кольцо стопорное пальца поршня 23414-72000 HYUNDAI HD170/250 D6AB/D6AC ORIG,10,45,Hyundai-Kia,23414-72000,Москва
2025-12-28 14:11:01,Кольцо стопорное поршневого пальца 3920691 JAC N120/Камаз Cummins ISF3.8 Е-5,2,26,Дизель,3920691,Москва
2025-12-28 14:11:01,Кольцо стопорное поршневого пальца D-125995 / 81560030012 JAC N350 WP10 E-5 Дизель,2,18,Дизель,D-125995,Москва
2025-12-28 14:11:01,Кольцо стопорное поршневого пальца D-128015 / 1-09587-082-0 C-series 6WG1 Дизель,8,48,Дизель,D-128015,Москва
2025-12-28 14:11:01,Кольцо стопорное пружинное коробки передач 461558 /A3872621093 Mercedes DieselTechnic !,2,235,Diesel Technic,4.61558,Москва
2025-12-28 14:11:01,Кольцо стопорное синхронизатора 461559 / A3872620893 /60531030 Mercedes/DieselTechnic !,2,244,Diesel Technic,461559,Москва
2025-12-28 14:11:01,Кольцо стопорное синхронизатора A3872620893 / 461559 / 60531030 Mercedes Euroricambi,2,372,Euroricambi,60531030,Москва
2025-12-28 14:11:01,Кольцо стопорное синхронизатора D-129870 / WG9003991130 HOWO T5G Дизель,1,292,Дизель,D-129870,Москва
2025-12-28 14:11:01,Кольцо стопорное шкворня D-125851 / Q43062 JAC N350 Дизель,10,86,Дизель,D-125851,Москва
2025-12-28 14:11:01,Кольцо стопорное шкворня D-126509 / Q43058 Sitrak C7H Дизель,8,29,Дизель,D-126509,Москва
2025-12-28 14:11:01,Кольцо уплотнительное 175480/ A0249978347 / 420395 Mercedes/ Elring !,9,800,Elring,175.480,Москва
2025-12-28 14:11:01,Кольцо уплотнительное 26262-52000 Hyundai ORIG,22,86,Hyundai-Kia,26262-52000,Москва
2025-12-28 14:11:01,Кольцо уплотнительное 3678603 JAC N120/Камаз Cummins ISF3.8 Е-5,8,94,Дизель,3678603,Москва
2025-12-28 14:11:01,Кольцо уплотнительное 3679139 JAC N120/Камаз Cummins ISF3.8 Е-5,8,66,Дизель,3679139,Москва
2025-12-28 14:11:01,Кольцо уплотнительное 4978357 JAC N120/Камаз Cummins ISF3.8 Е-5,8,94,Дизель,4978357,Москва
2025-12-28 14:11:01,Кольцо уплотнительное 4994237 JAC N120/Камаз Cummins ISF3.8 Е-5 ORIG,1,84,Cummins,4994237,Москва
2025-12-28 14:11:01,Кольцо уплотнительное 5259924 JAC N120/Камаз Cummins ISF3.8 Е-5,8,66,Дизель,5259924,Москва
2025-12-28 14:11:01,Кольцо уплотнительное 54x8 249220 /A0249971648 Mercedes/Elring !,1,435,Elring,249.220,Москва
2025-12-28 14:11:01,Кольцо уплотнительное A0149975148 / 60531373 Mercedes ориг !,2,356,Mercedes-Benz,A 014 997 51 48,Москва
2025-12-28 14:11:01,Кольцо уплотнительное F00HN35728,2,288,JMC,F00HN35728,Москва
2025-12-28 14:11:01,Кольцо уплотнительное балансира Scania 4ser 1386105 / 116373 DieselTechnic !,1,1058,Diesel Technic,1.16373,Москва
2025-12-28 14:11:01,Кольцо уплотнительное болта клапанной крышки 22433-42903 Hyundai Porter D4BF ORIG,1,182,Hyundai-Kia,22433-42903,Москва
2025-12-28 14:11:01,Кольцо уплотнительное воз компрессора 4994574 JAC N120/Камаз Cummins ISF3.8 Е-5,2,94,Дизель,4994574,Москва
2025-12-28 14:11:01,Кольцо уплотнительное воз компрессора 5253501 JAC N120/Камаз Cummins ISF3.8 Е-5,2,94,Дизель,5253501,Москва
2025-12-28 14:11:01,Кольцо уплотнительное генератора 8-94156-608-0 ORIG,3,125,Isuzu,8-94156-608-0,Москва
2025-12-28 14:11:01,Кольцо уплотнительное гильзы 21138-83000 Hyundai HD160/170/450/500/600 ORIG,3,124,Hyundai-Kia,21138-83000,Москва
2025-12-28 14:11:01,Кольцо уплотнительное гильзы цилиндра 21132-84402 HYUNDAI ORIG,1,211,Hyundai-Kia,21132-84402,Москва
2025-12-28 14:11:01,Кольцо уплотнительное гильзы цилиндра 21193-83000/21193-83002 HYUNDAI D6AC/D6AB ORIG,4,118,Hyundai-Kia,21193-83000,Москва
2025-12-28 14:11:01,Кольцо уплотнительное КПП N-1701013-20-01 N75/120 JAC ORIG,1,33,JAC,N-1701013-20-01,Москва
2025-12-28 14:11:01,Кольцо уплотнительное маслоохладителя 5261587 JAC N120/Камаз Cummins ISF3.8 Е-5,8,94,Дизель,5261587,Москва
2025-12-28 14:11:01,"Кольцо уплотнительное маслянного фильтра 132,5х3,5 1769799 Scania / 110217 DieselTechnic",2,153,Diesel Technic,1.10217,Москва
2025-12-28 14:11:01,Кольцо уплотнительное медное D=14 MF660065 Fuso Canter FE85 HL,2,25,Huang Lin,MF660065,Москва
2025-12-28 14:11:01,Кольцо уплотнительное редуктора 42118229/103640 EMMERRE,1,426,Emmerre,103640,Москва
2025-12-28 14:11:01,Кольцо уплотнительное сливной пробки 473.500,2,82,JMC,473.500,Москва
2025-12-28 14:11:01,"Кольцо уплотнительное фланца кпп 8-98028-226-0 ID=30,6 T=5,7 N-series ORIG",4,230,Isuzu,8-98028-226-0,Москва
2025-12-28 14:11:01,Кольцо уплотнительное форсунки (медное) D-125186 / 8-97216-082-0 ISUZU C-серии 6W# Дизель,64,126,Дизель,D-125186,Москва
2025-12-28 14:11:01,Кольцо уплотнительное форсунки 5288373 JAC N120/Камаз Cummins ISF3.8,10,66,Дизель,5288373,Москва
2025-12-28 14:11:01,Кольцо уплотнительное форсунки 8-94173-412-0 ID=23.3 ORIG,12,231,Isuzu,8-94173-412-0,Москва
2025-12-28 14:11:01,Кольцо уплотнительное форсунки D-127820 / 33830-52000 Hyundai HD35-600/MIGHTY Дизель,24,73,Дизель,D-127820,Москва
2025-12-28 14:11:01,Кольцо уплотнительное форсунки D-128827 / 33813-45600 Hyundai HD35/75/MIGHTY Дизель,20,114,Дизель,D-128827,Москва
2025-12-28 14:11:01,"Кольцо уплотнительное форсунки D-128828 / 8-98181-540-0 4JJ1 NLR/NMR 55,85 Е3 Дизель",18,92,Дизель,D-128828,Москва
2025-12-28 14:11:01,"Кольцо упорное сальника D-125339 / 8-97234-513-0, передней ступицы, ISUZU NPR/NQR 2003 Дизель",9,296,Дизель,D-125339,Москва
2025-12-28 14:11:01,Кольцо упорное сальника D-126172 / 8-97234-513-0 передняя ступица ISUZU NPR/NQR 2003 Дизель,2,188,Дизель,D-126172,Москва
2025-12-28 14:11:01,Кольцо упорное сальника передней ступицы 8-97234-513-0 NPR/NQR 2003 ORIG,2,561,Isuzu,8-97234-513-0,Москва
2025-12-28 14:11:01,Кольцо форсунки 8-98065-990-0 C-series 6WG1 ORIG,1,113,Isuzu,8-98065-990-0,Москва
2025-12-28 14:11:01,Кольцо шестерни распредвала (пружинное) 8-97190-118-1 4HK1-T ORIG,2,605,Isuzu,8-97190-118-1,Москва
2025-12-28 14:11:01,Кольцо/ A6599970382 Mercedes ориг !,2,86,Mercedes,A6599970382,Москва
2025-12-28 14:11:01,Кольцо/шайба уплотнительное N000000001070 Mercedes ориг !,1,84,Mercedes,N 000000 001070,Москва
2025-12-28 14:11:01,Комплект замков и ручек D-128306 / 812W97100-6192 SITRAK C7H Дизель,1,11363,Дизель,D-128306,Москва
2025-12-28 14:11:01,"Комплект направляющих тормозного суппорта переднего (D=10mm, суппорт Aisin/Hosei/Sumitomo) BC-2035",1,957,JMC,BC-2035,Москва
2025-12-28 14:11:01,КОМПЛЕКТ ТОРМОЗНЫХ КОЛОДОК AKEBONO NR2049,1,1792,JMC,NR2049,Москва
2025-12-28 14:11:01,Комплект уплотнений водяного насоса MB Actros/Axor OM501LA 490922 /A5422000701Mercedes /DieselTechnic,1,3865,Diesel Technic,4.90922,Москва
2025-12-28 14:11:01,Компрессор воздушный 082V54100-7080 HOWO ORIG,1,37159,Howo,082V54100-7080,Москва
2025-12-28 14:11:01,Компрессор воздушный 8-98187-308-0/8-98270-233-0 NQR90/FSR90 4HK1 ORIG,1,99018,Isuzu,8-98187-308-0,Москва
2025-12-28 14:11:01,"Компрессор воздушный 8-98277-237-0 C,E-series 6WF1 ORIG",1,281164,Isuzu,8-98277-237-0,Москва
2025-12-28 14:11:01,Компрессор воздушный D-126513 / 202V54100-7131 1 цилиндр HOWO T5G MC11 Дизель,1,17655,Дизель,D-126513,Москва
2025-12-28 14:11:01,Компрессор воздушный D-128159 / 082V54100-7080 HOWO Дизель,1,27379,Дизель,D-128159,Москва
2025-12-28 14:11:01,Компрессор кондиционера D-126731 / 200V77970-7028 HOWO T5G MC11 Дизель,1,10075,Дизель,D-126731,Москва
2025-12-28 14:11:01,Компрессор кондиционера D-127891 / DZ13241845034 SHACMAN F3000/M3000 WP10 Дизель,1,19695,Дизель,D-127891,Москва
2025-12-28 14:11:01,Коннектор форсунки D-125854 / 612630090004 JAC N350 WP10 E-5 Дизель,1,1234,Дизель,D-125854,Москва
2025-12-28 14:11:01,Контрольный выход 4637031200 WABCO,1,495,Wabco,4637031200,Москва
2025-12-28 14:11:01,Конус синхронизатора 1-передачи 6G120-3863A1 JAC ORIG,1,3745,JAC,6G120-3863A1,Москва
2025-12-28 14:11:01,Конус синхронизатора 3/4 передач 6G120-3361 JAC ORIG,1,1495,JAC,6G120-3361,Москва
2025-12-28 14:11:01,Конус синхронизатора 6G120-3461 JAC ORIG,2,230,JAC,6G120-3461,Москва
2025-12-28 14:11:01,"Корзина сцепления (с подшипником) 430*250*456 HNC 549 PL, 31210-E0660 HINO700 E-3 STCO",1,21334,STCO,31210-E0660,Москва
2025-12-28 14:11:01,Корзина сцепления 1-31220-380-2/1-87610-145-0/1-31220-374-2/ISC610/599 FVR34 STCO,18,15246,STCO,1-31220-374-2,Москва
2025-12-28 14:11:01,Корзина сцепления 1-87610-120-0/1-31220-380-2/1-87610-145-0/1-31220-374-2 FVR34 ORIG CHINA,18,20311,Isuzu,1-87610-120-0,Москва
2025-12-28 14:11:01,Корзина сцепления 1-87610-120-0/1-31220-380-2/1-87610-145-0/1-31220-374-2 FVR34 SKV Premium (BVP),8,17111,SKV Premium,1-31220-374-2,Москва
2025-12-28 14:11:01,Корзина сцепления 1-87610-146-0/1-31220-377-0/1-31220-348-0 F-series ORIG CHINA,4,20052,Isuzu,1-87610-146-0,Москва
2025-12-28 14:11:01,"Корзина сцепления 1479574 430мм Scania P,G,R,T - series STCO",3,17231,STCO,1479574,Москва
2025-12-28 14:11:01,Корзина сцепления 1600010GB01 S5 JAC ORIG,5,5659,JAC,1600010GB01,Москва
2025-12-28 14:11:01,Корзина сцепления 1600100LD300 JAC ORIG,2,12293,JAC,1600100LD300,Москва
2025-12-28 14:11:01,Корзина сцепления 1600100LE070 JAC ORIG,1,12626,JAC,1600100LE070,Москва
2025-12-28 14:11:01,Корзина сцепления 1600100LE190 N56 JAC ORIG,1,9080,JAC,BS1610036,Москва
2025-12-28 14:11:01,Корзина сцепления 1600100LE190 N56 JAC ORIG (EXEDY),1,13431,JAC,1600100LE190,Москва
2025-12-28 14:11:01,Корзина сцепления 1601100LE17G01 N80 LE795 с 2020 г. JAC ORIG,4,17552,JAC,1601100LE17G01,Москва
2025-12-28 14:11:01,Корзина сцепления 236*150*276 D-129256 / TYC537 / 31210-30191 MENCH Дизель,1,1336,Дизель,D-129256,Москва
2025-12-28 14:11:01,Корзина сцепления 240*150*280 NSC 612/ 30210-3T710 STCO,1,3569,STCO,30210-3T710,Москва
2025-12-28 14:11:01,Корзина сцепления 260*160*298 NSC 554/ 30210-02T00 STCO,2,3844,STCO,30210-02T00,Москва
2025-12-28 14:11:01,Корзина сцепления 260*170*298 ISC 568/ 8-94481-918-0 STCO,4,3967,STCO,8-94481-918-0,Москва
2025-12-28 14:11:01,Корзина сцепления 260*170*300 MZC 540/ SL01-16-410A STCO,1,3324,STCO,SL01-16-410A,Москва
2025-12-28 14:11:01,Корзина сцепления 300*190*345 TYC617/610/619/31210-36250 HINO 300 E-3 STCO,2,5579,STCO,31210-36250,Москва
2025-12-28 14:11:01,Корзина сцепления 300*190*350/ISC549 LS 1-31220-147-1 ISUZU FORWARD FRR12/NRR32/FRR32/FRD12 85 STCO,4,7902,STCO,1-31220-147-1,Москва
2025-12-28 14:11:01,Корзина сцепления 325*210*368 HNC519/509/543/MFC507 / 31210-2420 STCO,1,9884,STCO,31210-2420,Москва
2025-12-28 14:11:01,Корзина сцепления 325*210*368 ISC 592/ 8-97351-794-0 STCO,1,7086,STCO,8-97351-794-0,Москва
2025-12-28 14:11:01,Корзина сцепления 325*210*368 MFC521 LS STCO,1,9992,STCO,ME521104,Москва
2025-12-28 14:11:01,Корзина сцепления 350*220*375 DS MFC 561 / ME523759 STCO,1,12141,STCO,ME523759,Москва
2025-12-28 14:11:01,Корзина сцепления 350*220*379 31210-E0040/31210-2284 HNC 521 STCO,1,11163,STCO,31210-E0040,Москва
2025-12-28 14:11:01,Корзина сцепления 350*220*379 ISC654/1-31220-451-0 FSR90 ISUZU STCO,3,10711,STCO,1-31220-451-0,Москва
2025-12-28 14:11:01,Корзина сцепления 350*220*379 LS HNC 522/HNC 540/ 31210-2270 STCO,1,11365,STCO,31210-2270,Москва
2025-12-28 14:11:01,Корзина сцепления 350*220*379 LS ISC534 / 1-31220-182-0/1 STCO,2,10720,STCO,1-31220-182-0,Москва
2025-12-28 14:11:01,Корзина сцепления 380*220*405 HNC541 HINO500 31210-E0240 SKV Premium (BVP),24,17934,SKV Premium,31210-E0240,Москва
2025-12-28 14:11:01,Корзина сцепления 380*220*405 HNC541 HINO500 31210-E0240 STCO,15,12454,STCO,31210-E0240,Москва
2025-12-28 14:11:01,Корзина сцепления 380*240*405 ISC 556 / ISC540 /1-31220-372-2 FVR LHD КПП MLD6Q/B/7Q кроме E4/5 STCO,30,14230,STCO,1-31220-372-2,Москва
2025-12-28 14:11:01,Корзина сцепления 41200-5H000 / 25934 Hyundai HD78 D4DD/GA ORIG,12,15374,Hyundai-Kia,41200-5H000,Москва
2025-12-28 14:11:01,Корзина сцепления 41200-Y44Q0 N350 JAC ORIG,3,38547,JAC,41200-Y44Q0,Москва
2025-12-28 14:11:01,Корзина сцепления 41200-Y44Q0-D / 41200-Y44Q0 N350 JAC ORIG (PHC),1,49870,JAC,41200-Y44Q0-D,Москва
2025-12-28 14:11:01,Корзина сцепления 430*238*450*475 WG9921161201 HOWO T5G/SITRAK T7h/MAN TGA STCO,2,10322,STCO,WG9921161201,Москва
2025-12-28 14:11:01,Корзина сцепления 430*257.4*450*475 WG9925160611 HOWO T5/ SITRAK STCO,1,16130,STCO,WG9925160611,Москва
2025-12-28 14:11:01,Корзина сцепления 430*257*450*475 WG9921161501 SITRAK T7H STCO,6,18248,STCO,WG9921161501,Москва
2025-12-28 14:11:01,Корзина сцепления 432*235.7*450*475 AZ9921160220 HOWO A7/T5G STCO,3,15423,STCO,AZ9921160220,Москва
2025-12-28 14:11:01,Корзина сцепления 5-87610-050-1/8-97310-796-0 MYY5T ORIG CHINA,1,8482,Isuzu,5-87610-050-1,Москва
2025-12-28 14:11:01,Корзина сцепления 5-87610-091-0 / 8-98040-093-1 N-series SKV Premium (BVP),5,7652,SKV Premium,8-98040-093-1,Москва
2025-12-28 14:11:01,Корзина сцепления 5-87610-091-0 N-series ORIG CHINA,4,7207,Isuzu,5-87610-091-0,Москва
2025-12-28 14:11:01,Корзина сцепления 5-87610-104-0/5-87610-081-0/8-97038-831-0/1 NQR75/90/NPR75 ORIG CHINA,627,9194,Isuzu,5-87610-104-0,Москва
2025-12-28 14:11:01,Корзина сцепления 5-87610-104-0/5-87610-081-0/8-97038-831-0/1 NQR75/90/NPR75 SKV Premium (BVP),23,8400,SKV Premium,8-97038-831-3,Москва
2025-12-28 14:11:01,Корзина сцепления D-125039 / 1-31220-445-0 GIGA CXZ CYZ51/52 6WG1 Дизель,2,16330,Дизель,D-125039,Москва
2025-12-28 14:11:01,Корзина сцепления D-126733 / 1601310-76A/A FAW J6 Дизель,1,11150,Дизель,D-126733,Москва
2025-12-28 14:11:01,Корзина сцепления D-127392 / 5-87610-091-0 / 8-98040-093-1 300х190х350 N-series BVP quality Дизель,9,6685,Дизель,D-127392,Москва
2025-12-28 14:11:01,Корзина сцепления D-127658 / 1601100LE17G01-1217 JAC N90 Дизель,1,12237,Дизель,D-127658,Москва
2025-12-28 14:11:01,Корзина сцепления D-128037 / 31210-37091 325х210х368 HINO300 Euro 4/3 BVP quality Дизель,27,8973,Дизель,D-128037,Москва
2025-12-28 14:11:01,Корзина сцепления D-128160 / WG9114160011 HOWO Дизель,8,10405,Дизель,D-128160,Москва
2025-12-28 14:11:01,Корзина сцепления D-128481 / WG9921161501/1 Sitrak C7H Дизель,1,10908,Дизель,D-128481,Москва
2025-12-28 14:11:01,Корзина сцепления WG9114160011 HOWO ORIG,1,29066,Howo,WG9114160011,Москва
2025-12-28 14:11:01,Корзина сцепления WG9921161501 SITRAK T7H ORIG,9,38310,Howo,WG9921161501,Москва
2025-12-28 14:11:01,Коробка отбора мощности QL30M-01 N75 JAC ORIG,1,17793,JAC,QL30M-01,Москва
2025-12-28 14:11:01,Коробка отбора мощности SDQ50-65PS-B N56 E5 ld308 JAC ORIG,2,42017,JAC,SDQ50-65PS-B,Москва
2025-12-28 14:11:01,Коробка передач в сборе D-127660 / 1701010LE700 JAC N120 LE35S Дизель,1,172227,Дизель,D-127660,Москва
2025-12-28 14:11:01,Коробка реле и предохранителей 1-82510-648-0 ORIG,1,18020,Isuzu,1-82510-648-0,Москва
2025-12-28 14:11:01,Коромысло клапана D-125857 / 1000881645 JAC N350 WP10 E-5 Дизель,1,543,Дизель,D-125857,Москва
2025-12-28 14:11:01,Корпус (верх. правая часть) мотора отопителя 8-98047-447-0 NQR90/NPR75/MLR/NMR ORIG,1,3162,Isuzu,8-98047-447-0,Москва
2025-12-28 14:11:01,Корпус (нижн.) мотора отопителя 8-98047-445-0 FVR34/FSR/NQR90/NPR75/MLR/NMR ORIG,3,3211,Isuzu,8-98047-445-0,Москва
2025-12-28 14:11:01,Корпус (чулок) заднего моста 8-97250-319-2 / 8-97222-079-2 N-series Дизель дефект,1,41772,Дизель,D-125146,Москва
2025-12-28 14:11:01,Корпус балансира D-128371 / WG9925520235 4 стремянки SITRAK Дизель,1,7831,Дизель,D-128371,Москва
2025-12-28 14:11:01,"Корпус выключателя подъема кабины 1-82389-007-1/1-82389-007-0 C,F-series ORIG",1,721,Isuzu,1-82389-007-1,Москва
2025-12-28 14:11:01,Корпус дифференциала заднего моста D-125858 / HFF2403010CK2BZ JAC N350 Дизель,1,16406,Дизель,D-125858,Москва
2025-12-28 14:11:01,Корпус замка зажигания 811W46433-6018 HOWO ORIG,16,2412,Howo,811W46433-6018,Москва
2025-12-28 14:11:01,Корпус КПП (основной) ME530592 Fuso Canter ORIG,3,56456,Mitsubishi,ME530592,Москва
2025-12-28 14:11:01,Корпус КПП 8-97379-374-1 MYY6S N-series ORIG,1,44682,Isuzu,8973793741,Москва
2025-12-28 14:11:01,Корпус отопителя (прав часть) 8-98047-479-0 NPR75 ORIG,1,2786,Isuzu,8-98047-479-0,Москва
2025-12-28 14:11:01,Корпус отопителя салона верхний 97151-5H000 Hyundai HD65/72/78 ORIG,1,473,Hyundai-Kia,97151-5H000,Москва
2025-12-28 14:11:01,Корпус подножки R D-128202 / 1-71907-464-0 / 8-98156-823-0 Isuzu CYZ51/CXZ Дизель,1,2961,Дизель,D-128202,Москва
2025-12-28 14:11:01,Корпус подножки R D-128482 / DZ13241240426 SHACMAN F3000 Дизель,1,1529,Дизель,D-128482,Москва
2025-12-28 14:11:01,Корпус редуктора D-128341 / 712-35114-6140 SITRAK Дизель,2,14988,Дизель,D-128341,Москва
2025-12-28 14:11:01,Корпус синхронизатора 60531185 / A3892622535 / 463599 Mercedes/ Euroricambi !,1,8505,Euroricambi,60.53.1185,Москва
2025-12-28 14:11:01,Корпус синхронизатора A3892622535 / 60531185 / 463599 Mercedes,1,29971,Mercedes-Benz,A3892622535,Москва
2025-12-28 14:11:01,Корпус фильтра воздушного в сборе D-1077C/B / 1109010-77C/B FAW J6 Дизель,4,12300,Дизель,D-1077C/B,Москва
2025-12-28 14:11:01,Корпус фильтра воздушного в сборе D-84971 / 8-97378-497-1 N-series Дизель,1,6136,Дизель,D-84971,Москва
2025-12-28 14:11:01,Корпус фильтра воздушного в сборе без датчика A0190941102 Mercedes ориг !,1,40206,Mercedes-Benz,A 019 094 11 02,Москва
2025-12-28 14:11:01,Корпус шестерни спидометра 646-5012 JAC ORIG,5,693,JAC,646-5012,Москва
2025-12-28 14:11:01,"Кран регулятор тормозных сил. 13 bar, пневматический 4757200080 WABCO",1,41229,Wabco,4757200080,Москва
2025-12-28 14:11:01,Кран ручного тормоза 811W52315-6156 HOWO ORIG,2,4919,Howo,811W52315-6156,Москва
2025-12-28 14:11:01,Кран ручного тормоза D-127893 / 811W52315-6156 HOWO Дизель,1,1868,Дизель,D-127893,Москва
2025-12-28 14:11:01,Кран тормозной 3514010LE031XZ JAC N90/120/КАМАЗ Компас-12 (NON-GENUINE),1,5226,Noname,3514010LE031XZ,Москва
2025-12-28 14:11:01,"Крепеж 1-09987-262-0 C,F series ORIG",1,170,Isuzu,1-09987-262-0,Москва
2025-12-28 14:11:01,Крепеж поддона D-125860 / 612600150390 JAC N350 WP10 E-5 Дизель,4,58,Дизель,D-125860,Москва
2025-12-28 14:11:01,Крепежный штифт колодок заднего тормоза D-127147 / 1-47131-045-0 L=138.5 FVR34/CYZ52/СYZ51 Дизель,2,531,Дизель,D-127147,Москва
2025-12-28 14:11:01,Крепление кабины 95126-0T802 RH TN-088 TZG !,7,4158,Дизель,TN-088,Москва
2025-12-28 14:11:01,Крепление кабины 95127-0T802 LH TN-089 TZG !,2,4158,Дизель,TN-089,Москва
2025-12-28 14:11:01,Крепление кабины с сайленблоком 95165-30Z65 TN-086 TZG !,4,3660,Дизель,TN-086,Москва
2025-12-28 14:11:01,Крепление подвески глушителя SMS-9198 MC116317-S Sсhmaco !,4,275,Schmaco,SMS-9198,Москва
2025-12-28 14:11:01,Крепление подвески глушителя SMS-9199 MC116318-S Sсhmaco,1,315,Schmaco,SMS-9199,Москва
2025-12-28 14:11:01,Крестовина 49150-45220 / KIA-01 / KUJ-014/ SAU-100 D4AL/DB/DD County/HD72/78 ORIG,11,3550,Hyundai-Kia,49150-45220,Москва
2025-12-28 14:11:01,Крестовина D-126517 / 2205030B377 62х160 FAW Дизель,1,2413,Дизель,D-126517,Москва
2025-12-28 14:11:01,Крестовина D-126737 / WG9370310010 70х178 Sitrak C7H Дизель,10,2971,Дизель,D-126737,Москва
2025-12-28 14:11:01,Крестовина D-128161 / WG9319313250 HOWO Дизель,19,2037,Дизель,D-128161,Москва
2025-12-28 14:11:01,"Крестовина D-129258 / GUIS-67 / 1-37300-100-1 ISUZU 10-15т CYZ 51Q, CXZ 56HPx174 мм TOYO основной Дизель",27,3638,Дизель,D-129258,Москва
2025-12-28 14:11:01,Крестовина G5-1550X/T5-155X 35-126 ASIA GRANTO/FUSO 10Т (TOYO),2,1242,Toyo,G5-1550X/T5-155X,Москва
2025-12-28 14:11:01,Крестовина GU-7560/TU-756/ 3354100031/81392006021 52.045*133 KOMATSU(спецтехника) TOYO,1,2572,Toyo,TU-756,Москва
2025-12-28 14:11:01,Крестовина GUA-21/TA-121 41*118 агротехника/Европа TOYO,4,1547,Toyo,TA-121,Москва
2025-12-28 14:11:01,"Крестовина GUH-63 35.01*99.00 мм HINO 3,5/4,5/ ton TRACK,micro bus 37400-1130, 33313-40301 GMB",2,2338,GMB,GUH-63,Москва
2025-12-28 14:11:01,"Крестовина GUH-66 Hino (23,82х66,00 мм)",2,426,JMC,GUH-66,Москва
2025-12-28 14:11:01,"Крестовина GUH-67 49.2*148.38 мм HINO 37400-1010, 37400-1011 TOYO",3,3941,Toyo,GUH-67,Москва
2025-12-28 14:11:01,Крестовина GUH-70 47.00-138.00 мм HINO FD/FT/SH/FD/FG/FF/FZ/FU HINO700 37401-1061 TOYO,2,2180,Toyo,GUH-70,Москва
2025-12-28 14:11:01,"Крестовина GUH-73 HINO 10-15т FN#, FR#, FP#, FW#, FS#, FV# 50x165 мм TOYO",2,3188,Toyo,GUH-73,Москва
2025-12-28 14:11:01,Крестовина GUH-77/TH-177/ 37401-1350 44*125.50 Hino500/Ranger TOYO,3,1694,Toyo,GUH-77,Москва
2025-12-28 14:11:01,Крестовина GUIS-52 ISUZU ELF 29x53 мм TOYO,3,702,Toyo,GUIS-52,Москва
2025-12-28 14:11:01,Крестовина GUIS-61,2,326,JMC,GUIS-61,Москва
2025-12-28 14:11:01,"Крестовина GUIS-63/TIS-163/ 8-94207-232-1 22.06*59 ISUZU N,F-series TOYO",1,447,Toyo,TIS-163,Москва
2025-12-28 14:11:01,"Крестовина GUIS-66 ISUZU 2-5т NKR, NPR, NKS, NPS, NQR71/75, FRS, FSS 33x93 мм 8-97080-505-0 TOYO",10,827,Toyo,GUIS-66,Москва
2025-12-28 14:11:01,"Крестовина GUIS-67 ISUZU 10-15т 1-37300-100-1 CYZ 51Q, CXZ 56HPx174 мм Y",9,6279,Yamasida,GUIS-67,Москва
2025-12-28 14:11:01,"Крестовина GUIS-68 ISUZU 10-15т CXZ,CXM,CXG,CXH,CVZ,CXL 50x155 мм GMB промежуточный",1,6724,GMB,GUIS-68,Москва
2025-12-28 14:11:01,"Крестовина GUIS-71 Isuzu Elf 1,5-2т NHR5, NHR6, NKR6, NKR7, NKR8, NKQ8 (29x49 мм) 8-97180-697-0 TOYO",4,596,Toyo,GUIS-71,Москва
2025-12-28 14:11:01,Крестовина GUKO-2/TKO-102/101-10-00080/101-10-17200 33.32*79.22/4LWD KOMATSU TOYO,2,1941,Toyo,GUKO-2,Москва
2025-12-28 14:11:01,Крестовина GUKO-22/TKO-122/ 381-976908-1 42.88*140.45 KOMATSU TOYO,2,2648,Toyo,TKO-122,Москва
2025-12-28 14:11:01,"Крестовина GUM-75/TM-175 MMC CANTER FE3#,FE4#,FE7#,FE8#,FF8#,FG7#,FG8#,BE# 32x102 мм TOYO",6,805,Toyo,GUM-75,Москва
2025-12-28 14:11:01,"Крестовина GUM-80 HD120/MMC Fuso 10т FV4#, FN4#, FP4#, FS4#, FU4# (46x142 мм) TOYO",2,2699,Toyo,GUM-80,Москва
2025-12-28 14:11:01,Крестовина GUM-82 MMC FUSO TRUCK 4-4.5T MC860286 38*104mm TOYO,7,1054,Toyo,GUM-82,Москва
2025-12-28 14:11:01,Крестовина GUM-88 25*76.8mm TOYO,9,659,Toyo,GUM-88,Москва
2025-12-28 14:11:01,Крестовина GUM-91 25*76.5mm TOYO,9,527,Toyo,GUM-91,Москва
2025-12-28 14:11:01,Крестовина GUM-97/TM-197/UJ-643/MC998680 44*129 FUSO FK516 TOYO,2,1916,Toyo,GUM-97,Москва
2025-12-28 14:11:01,"Крестовина GUMZ-6 28x59 мм MAZDA TITAN 1,5-2 т 8BW1-25-060, 8BS1-25-060 TOYO",7,612,Toyo,GUMZ-6,Москва
2025-12-28 14:11:01,"Крестовина GUMZ-8 37x71 мм MAZDA TITAN WGEAT REAR от 3 т Y001-89-251, 0727-25-060 TOYO",5,925,Toyo,GUMZ-8,Москва
2025-12-28 14:11:01,"Крестовина GUMZ-8 37x71 мм MAZDA TITAN WGEAT REAR от 3 т Y001-89-251, 0727-25-060 GMB",2,2462,GMB,GUMZ-8,Москва
2025-12-28 14:11:01,Крестовина GUMZ-9/TMZ-109/UJ-417/1757-89-251 26.5*72 Mazda Titan/BONGO/MPV TOYO,8,656,Toyo,GUMZ-9,Москва
2025-12-28 14:11:01,Крестовина GUN-34/TN-134/UJ-113/ 37125-J2025 25.01*80 ATLAS/Cabstar/Civilian GMB,2,1200,GMB,GUN-34,Москва
2025-12-28 14:11:01,Крестовина GUN-34/TN-134/UJ-113/ 37125-J2025 25.01*80 ATLAS/Cabstar/Civilian TOYO,1,626,Toyo,TN-134,Москва
2025-12-28 14:11:01,"Крестовина GUN-46 27x49,10 мм NISSAN ATLAS/CONDOR F22/23 TD23, SD23 37125-01G25, 37126-01G25 GMB",2,935,GMB,GUN-46,Москва
2025-12-28 14:11:01,Крестовина GUT-26/TT-126/ 37201-23001-71 28.57*107.82 FORKLIFT TOYO,2,2487,Toyo,TT-126,Москва
2025-12-28 14:11:01,Крестовина GUT-28/TT-128/UJ-240 GMB,2,1572,JMC,GUT-28,Москва
2025-12-28 14:11:01,Крестовина GUTC-5/TCM-105/93984-41300 42.88*115.054 Komatsu/Kato/Kobelko/LW100 TOYO,2,2827,Toyo,TCM-105,Москва
2025-12-28 14:11:01,Крестовина GUTC-6/TCM-106/ 29003-3722 42.88*140.45 TADANO TR250 TOYO,3,3282,Toyo,TCM-106,Москва
2025-12-28 14:11:01,Крестовина KIA-01 / KUJ-014/ SAU-100 / 49150-45220 D4AL/DB/DD County/HD72/78 Y,5,1537,Yamasida,49150-45220,Москва
2025-12-28 14:11:01,Крестовина KIA-01 / KUJ-014/ SAU-100 / 49150-45220 D4AL/DB/DD County/HD72/78 TOYO,78,937,Toyo,KIA-01,Москва
2025-12-28 14:11:01,Крестовина MC-6090 33.33*140.45(RD109.70)*42.88 Komatsu WA200 WA300 TOYO,2,3074,Toyo,MC-6090,Москва
2025-12-28 14:11:01,"Крестовина Renault Major / DAF F75,85,95 / MAN F,M,L 2000 CC707 (52*133)",1,2412,JMC,CC707,Москва
2025-12-28 14:11:01,Крестовина S-1810/T5-281X/1-37300-098-0/1-37300-062-0/MC061757/MC825216 49.2*191.76 Isuzu C-series/MMC TOYO,1,3079,Toyo,S-1810,Москва
2025-12-28 14:11:01,Крестовина T5-674X 47.7*135-84 DAEWOO BM090/ASIA GRANTO 10T/BH117-120/BS106 turbo TOYO,5,2490,Toyo,T5-674X,Москва
2025-12-28 14:11:01,Крестовина TM-187/UJ-627/GUM-87 MB000199/MB000119 30-78.1(C) TOYO / 1649,1,1028,Toyo,GUM-87,Москва
2025-12-28 14:11:01,Крестовина UJ-0131/T5-188X/42532793/2R0960/8V7336 34.9*106.3 FIAT/IVECO/CAT TOYO,3,854,Toyo,T5-188X,Москва
2025-12-28 14:11:01,Крестовина WG9319313250 HOWO ORIG,3,4022,Howo,WG9319313250,Москва
2025-12-28 14:11:01,Крестовина вала карданного D-129259 / 2205030B761/A FAW Дизель,1,2900,Дизель,D-129259,Москва
2025-12-28 14:11:01,Крестовина вала карданного D-129260 / 2205030B761/B J6/4180/4250 FAW Дизель,1,2918,Дизель,D-129260,Москва
2025-12-28 14:11:01,Крестовина дифференциала D-125862 / HFF2403019CK1BZ2 задний JAC N350 Дизель,1,2669,Дизель,D-125862,Москва
2025-12-28 14:11:01,Крестовина дифференциала D-128353 / 810W35608-0035 SITRAK Дизель,1,1614,Дизель,D-128353,Москва
2025-12-28 14:11:01,Крестовина кардана ZW0010 / 2201050LE010 / WX35106 / ZW0063 N75/90 JAC ORIG,7,4234,JAC,ZW0010,Москва
2025-12-28 14:11:01,Крестовина карданного вала (кольцо) 49140-75730 HYUNDAI HD270 D6CA TOYO,1,3799,Toyo,49140-75730,Москва
2025-12-28 14:11:01,Крестовина карданного вала (пластина) 49140-7F200 HYUNDAI HD270 D6CA TOYO,14,3199,Toyo,49140-7F200,Москва
2025-12-28 14:11:01,Крестовина карданного вала 1-37300-110-0/1 CYZ51/FVR34/CXZ/EXZ51 ORIG,1,14131,Isuzu,1-37300-110-0,Москва
2025-12-28 14:11:01,Крестовина карданного вала 62*150 AZ9115311060 SHACMAN,3,1952,Дизель,AZ9115311060,Москва
2025-12-28 14:11:01,Крестовина карданного вала D-129858 / W400006394 IVECO/HONGYAN Дизель,1,4257,Дизель,D-129858,Москва
2025-12-28 14:11:01,Крестовина карданного вала ZW0028 JAC N350 TOYO,3,5196,Toyo,ZW0028,Москва
2025-12-28 14:11:01,Крестовина карданного вала межосевого 1-37300-100-1 CYZ51/CYZ52 ORIG,7,21696,Isuzu,1-37300-100-1,Москва
2025-12-28 14:11:01,"Крестовина карданного шарнира DAF F65-75CF , 48x134 65087 AUGER",1,20496,JMC,F65-75CF,Москва
2025-12-28 14:11:01,"Крестовина полуоси передней 38,0x104,5 mm 86734 / 42536857 AUGER",2,4292,JMC,42536857,Москва
2025-12-28 14:11:01,Крестовина редуктора D-127663 / 3200320010 JAC N90 Дизель,1,1382,Дизель,D-127663,Москва
2025-12-28 14:11:01,Крестовина рулевого кардана ST-1640 16.06*40mm GMB,1,814,GMB,ST-1640,Москва
2025-12-28 14:11:01,Кронштейн (стойка) зеркала левого 8-98166-211-0 FVR34 ORIG,1,9709,Isuzu,8-98166-211-0,Москва
2025-12-28 14:11:01,Кронштейн FF рессоры D-125869 / 54221-Y4M10 JAC N350 Дизель,1,5012,Дизель,D-125869,Москва
2025-12-28 14:11:01,Кронштейн FF рессоры R D-128028 / MB133333 MMC FE# 85-99` Дизель,19,1989,Дизель,D-128028,Москва
2025-12-28 14:11:01,Кронштейн FR рессоры D-125530 / 8-98015-274-0 NQR90 Дизель,3,848,Дизель,D-125530,Москва
2025-12-28 14:11:01,Кронштейн FR рессоры D-128685 / 2902408-D539 FAW Дизель,1,553,Дизель,D-128685,Москва
2025-12-28 14:11:01,Кронштейн FR рессоры FL D-125518 / 1-53351-238-1 CYZ51/52 Дизель,1,5536,Дизель,D-125518,Москва
2025-12-28 14:11:01,Кронштейн FR рессоры RR 1-53352-179-0 CXZ/CYZ51/52 Дизель,1,5587,Дизель,D-125689,Москва
2025-12-28 14:11:01,Кронштейн FR рессоры RR D-125054 / 1-53352-179-0 CXZ/CYZ51/52 Дизель,2,5254,Дизель,D-125054,Москва
2025-12-28 14:11:01,Кронштейн FR рессоры RR D-125384 / 8-98014-125-0 NQR90 Дизель,2,796,Дизель,D-125384,Москва
2025-12-28 14:11:01,Кронштейн FR рессоры задний L 1-53352-180-0 CXZ/CYZ51/52 ORIG,1,11088,Isuzu,1-53352-180-0,Москва
2025-12-28 14:11:01,Кронштейн FR рессоры задний R 1-53352-179-0 CXZ/CYZ51/52 ORIG,1,11088,Isuzu,1-53352-179-0,Москва
2025-12-28 14:11:01,Кронштейн FR рессоры передний R 1-53351-2371 CYZ51/CYZ52 (K),1,6175,Дизель,1-53351-237-1,Москва
2025-12-28 14:11:01,Кронштейн RR рессоры LH/RH D-128238 / 55221-6A000 / MC405381 HD120 Дизель,24,1998,Дизель,D-128238,Москва
2025-12-28 14:11:01,"Кронштейн RR рессоры R D-125512 / 8-98032-489-0 NLR/NMR55,85 Дизель",2,1334,Дизель,D-125512,Москва
2025-12-28 14:11:01,Кронштейн амортизатора A94832549097390 / A9483250409/30336 Mercedes ориг !,1,11512,Mercedes,A94832549097390,Москва
2025-12-28 14:11:01,Кронштейн амортизатора S-050 / HIA-050 48512-1120 PM !,4,1897,Paul Master,HIA-050,Москва
2025-12-28 14:11:01,Кронштейн амортизатора задней оси A9483260040 Mercedes ориг !,1,1130,Mercedes-Benz,A 948 326 00 40,Москва
2025-12-28 14:11:01,Кронштейн балансира 1-53361-079-0 ISUZU CX#/CY#/EX# 95~ (K) дефект,1,25758,Дизель,1-53361-079-0,Москва
2025-12-28 14:11:01,Кронштейн балансира D-128134 / 1-53361-079-0 ISUZU CX#/CY#/EX# 95~ Дизель,1,35355,Дизель,D-128134,Москва
2025-12-28 14:11:01,Кронштейн бампера 8-98034-435-2 RH FVR34 ORIG,1,19232,Isuzu,8-98034-435-2,Москва
2025-12-28 14:11:01,Кронштейн бампера 8-98053-546-1 FR LH FVR34 ORIG,1,3777,Isuzu,8-98053-546-1,Москва
2025-12-28 14:11:01,Кронштейн бампера 8-98053-547-1 FR RH ISUZU FVR34 ORIG,1,3777,Isuzu,8-98053-547-1,Москва
2025-12-28 14:11:01,Кронштейн бампера левый 8-98034-434-2 FVR34 ORIG,1,19232,Isuzu,8-98034-434-2,Москва
2025-12-28 14:11:01,Кронштейн бампера переднего правый 8-97999-728-0 NQR75 ORIG,1,6356,Isuzu,8-97999-728-0,Москва
2025-12-28 14:11:01,Кронштейн брызговика D-125864 / 86865-7A001 JAC N350 Дизель,1,739,Дизель,D-125864,Москва
2025-12-28 14:11:01,Кронштейн брызговика D-125865 / 86866-7A001 JAC N350 Дизель,1,665,Дизель,D-125865,Москва
2025-12-28 14:11:01,Кронштейн задней рессоры верхний 1426438SKV / YC010V000110/ Scania SKV,5,5931,SKV,1426438SKV,Москва
2025-12-28 14:11:01,Кронштейн зеркала 8-97856-622-2 N-series ORIG,6,7058,Isuzu,8-97856-622-2,Москва
2025-12-28 14:11:01,Кронштейн зеркала LH D-125145 / 8-98188-202-0 N-series Дизель,1,2047,Дизель,D-125145,Москва
2025-12-28 14:11:01,Кронштейн зеркала RH 8-98188-201-0 N-series ORIG,1,17019,Isuzu,8-98188-201-0,Москва
2025-12-28 14:11:01,Кронштейн кабины 8-97613-307-2/0/1 CYZ LHD Евро-4 ORIG,1,63195,Isuzu,8-97613-307-2,Москва
2025-12-28 14:11:01,"Кронштейн кабины 8-98017-662-1 FVR34 Евро-4,5 ORIG",1,14778,Isuzu,8-98017-662-1,Москва
2025-12-28 14:11:01,Кронштейн крепления ДВС 1-11771-220-0 6WF1/6WG1 C-series ORIG,1,5079,Isuzu,1-11771-220-0,Москва
2025-12-28 14:11:01,Кронштейн крепления зеркала правый 285*983 943/506 Mercede/ Covind !,1,7234,Covind,943/506,Москва
2025-12-28 14:11:01,Кронштейн крепления подножки L 8-97583-883-2 N-series ORIG,6,5388,Isuzu,8-97583-883-2,Москва
2025-12-28 14:11:01,Кронштейн крепления подножки RH 8-97583-882-2/8-98344-508-0 NPR75/NQR90/NLR/NMR85 ORIG,2,5416,Isuzu,8-97583-882-2,Москва
2025-12-28 14:11:01,Кронштейн крепления рессоры задней 55210-5K300 HD65/72/78 ORIG,2,1696,Hyundai-Kia,55210-5K300,Москва
2025-12-28 14:11:01,Кронштейн крепления рессоры правый 1528326 / 1335902 / YC010V000107 Scania SKV,5,4389,SKV,1528326,Москва
2025-12-28 14:11:01,Кронштейн крепления рычага нижнего 70257 /A94832549097390 Mercedes/Auger !,2,9013,Auger,70257,Москва
2025-12-28 14:11:01,Кронштейн крепления стеклоподъемника 1-74998-062-4 ORIG,1,961,Isuzu,1-74998-062-4,Москва
2025-12-28 14:11:01,"Кронштейн крепления ТНВД 8-97601-699-0 F,N-series ORIG",1,9710,Isuzu,8-97601-699-0,Москва
2025-12-28 14:11:01,Кронштейн крепления фары внутренний левый 8-97589-385-3 NPR-75 ORIG,1,2533,Isuzu,8-97589-385-3,Москва
2025-12-28 14:11:01,Кронштейн крепления фары левый D-129155 / AZ9925720001 HOWO Дизель,2,2595,Дизель,D-129155,Москва
2025-12-28 14:11:01,Кронштейн крепления фары правый D-129263 / AZ9925720002 HOWO Дизель,2,2358,Дизель,D-129263,Москва
2025-12-28 14:11:01,Кронштейн лев 87719-Y3CF003 JAC N350 (NON-GENUINE),1,334,Noname,87719-Y3CF003,Москва
2025-12-28 14:11:01,Кронштейн отбойника D-129264 / 54382-Y4M10 JAC N350 Дизель,1,1740,Дизель,D-129264,Москва
2025-12-28 14:11:01,Кронштейн отбойника FE-021 LH MC122993 PM !,2,2463,Paul Master,MC122993,Москва
2025-12-28 14:11:01,Кронштейн отбойника FE-021 RH MC122994 PM !,2,2463,Paul Master,MC122994,Москва
2025-12-28 14:11:01,Кронштейн отбойника рессоры FE-022 / FIB-002 LH MC122995 PM,2,6120,Paul Master,MC122995,Москва
2025-12-28 14:11:01,Кронштейн отбойника рессоры UD-029 55210-Z1002 PM !,2,2047,Paul Master,ULB-029,Москва
2025-12-28 14:11:01,Кронштейн переднего бампера L MK618540 Fuso Canter ORIG,2,5826,Mitsubishi,MK618540,Москва
2025-12-28 14:11:01,Кронштейн переднего бампера L MK618546 Fuso Canter ORIG,2,9073,Mitsubishi,MK618546,Москва
2025-12-28 14:11:01,"Кронштейн передней рессоры 8-98029-126-0 NLR/NMR55,85/77,71 08~ ORIG",1,10510,Isuzu,8-98029-126-0,Москва
2025-12-28 14:11:01,Кронштейн передней рессоры 8х4 Faw J6 2932441-80B/C,1,5223,Дизель,2932441-80B,Москва
2025-12-28 14:11:01,Кронштейн передней рессоры FR 1325808 / 1325808 Scania 4/P/G/R/T-Series SKV,59,2033,SKV,1325808SKV,Москва
2025-12-28 14:11:01,Кронштейн передней рессоры передний левый 1528325SKV/ 1335901 / YC010V000106/ Scania SKV,20,3950,SKV,1528325SKV,Москва
2025-12-28 14:11:01,Кронштейн пневморессоры левый 8-98257-386-0 FVR34 ORIG,1,57557,Isuzu,8-98257-386-0,Москва
2025-12-28 14:11:01,Кронштейн пневморессоры правый 8-98257-385-0 FVR34 ORIG,1,57557,Isuzu,8-98257-385-0,Москва
2025-12-28 14:11:01,Кронштейн подножки D-125546 / 1-53414-256-2 Дизель,1,10722,Дизель,D-125546,Москва
2025-12-28 14:11:01,Кронштейн подножки D-128769 / 1-53414-256-2 Дизель,1,10026,Дизель,D-128769,Москва
2025-12-28 14:11:01,Кронштейн подушки двс левый 200V41501-0119 HOWO T5G,2,3111,Дизель,200V41501-0119,Москва
2025-12-28 14:11:01,Кронштейн подушки двс правый 200V41501-0118 HOWO T5G,2,3111,Дизель,200V41501-0118,Москва
2025-12-28 14:11:01,Кронштейн прав 87729-Y3CF0 JAC N350 (NON-GENUINE),1,334,Noname,87729-Y3CF0,Москва
2025-12-28 14:11:01,Кронштейн рессоры / 107-01-0001 / передний / ?28mm / BRT25 / MC114411; MC122991 / ZEVS,2,2891,JMC,MC114411,Москва
2025-12-28 14:11:01,Кронштейн рессоры 8-97223-748-0/8-97223-749-0 NQR71/75 ORIG,3,2013,Isuzu,8-97223-749-0,Москва
2025-12-28 14:11:01,Кронштейн рессоры 8-98018-840-0 FVR34 ORIG,2,12315,Isuzu,8-98018-840-0,Москва
2025-12-28 14:11:01,Кронштейн рессоры 8-98018-841-0 FVR34 ORIG,1,17378,Isuzu,8-98018-841-0,Москва
2025-12-28 14:11:01,Кронштейн рессоры FLB-005/ FP-005 MC306211 PM,2,3447,Paul Master,FLB-005,Москва
2025-12-28 14:11:01,Кронштейн рессоры FP-003 MK302760 PM !,2,4976,Paul Master,FSK-003,Москва
2025-12-28 14:11:01,Кронштейн рессоры IS-020 1-53354-074-0 ISUZU NRR/FR/FS 94~ PM,8,4224,Paul Master,ISK-020,Москва
2025-12-28 14:11:01,Кронштейн рессоры IS-037 1-53353-078-1 PM,1,14948,Paul Master,ISK-037,Москва
2025-12-28 14:11:01,Кронштейн рессоры ISK-045 1-53353-081-2 PM,3,10586,Paul Master,ISK-045,Москва
2025-12-28 14:11:01,"Кронштейн рессоры RR, задний L/R D-129266 / BRT63/48416-E0090 HINO 500 Дизель",3,6577,Дизель,D-129266,Москва
2025-12-28 14:11:01,Кронштейн рессоры S-001/ FSK-001 MB133333 MMC FE# 85-99` PM,3,6858,Paul Master,FSK-001,Москва
2025-12-28 14:11:01,Кронштейн рессоры S-014/HSK-014 48403-1531 HINO FG/FX/FE/GK/GX1J#FD16/17 PM,2,3632,Paul Master,HSK-014,Москва
2025-12-28 14:11:01,Кронштейн рессоры S4840-33390 / HSK-390 PM,2,9978,Paul Master,HSK-390,Москва
2025-12-28 14:11:01,Кронштейн рессоры S4840-33400 / HSK-400 PM,2,9485,Paul Master,HSK-400,Москва
2025-12-28 14:11:01,Кронштейн рессоры UD-006 54234-00Z01 RH N.-DIESEL CWA69B CWA59B CWT470 CZA690 PM,2,6859,Paul Master,USK-006,Москва
2025-12-28 14:11:01,Кронштейн рессоры UD-007 54234-00Z00 LH N.-DIESEL CGA400 CDA400 CWA69B CGA59A 97~ PM !,2,2027,Paul Master,USK-007,Москва
2025-12-28 14:11:01,Кронштейн рессоры UD-008 55201-00Z11 N.-DIESEL CK690 CV690 CV69B CK03A 97~PM,2,7540,Paul Master,USK-008,Москва
2025-12-28 14:11:01,Кронштейн рессоры задней D-129261 / 2912441-6K9 FAW Дизель,1,1961,Дизель,D-129261,Москва
2025-12-28 14:11:01,Кронштейн рессоры перед лев перед D-129267 / 48412-E0260 E13C HINO 700 Дизель,2,2541,Дизель,D-129267,Москва
2025-12-28 14:11:01,Кронштейн рессоры перед прав перед D-129268 / 48411-E0380 E13C HINO 700 Дизель,6,1657,Дизель,D-129268,Москва
2025-12-28 14:11:01,Кронштейн рессоры правый 165x248x305 1395048SKV / YC010V000118 Scania SKV,4,6473,SKV,1395048,Москва
2025-12-28 14:11:01,Кронштейн рессоры правый 1785815SKV / YC010V000125/ Scania SKV,16,7288,SKV,1785815SKV,Москва
2025-12-28 14:11:01,Кронштейн топливного фильтра 8-98111-479-1 N-series 4HV1 (CNG) ГАЗ ORIG,1,24951,Isuzu,8-98111-479-1,Москва
2025-12-28 14:11:01,Кронштейн топливного фильтра YLZ-F-0165-B-01 / PL420 YNY,3,1302,YNY,PL420,Москва
2025-12-28 14:11:01,Кронштейн топливных фильтров D-129269 / 1117021-53D FAW E-3 Дизель,1,1276,Дизель,D-129269,Москва
2025-12-28 14:11:01,Кронштейн тормозного вала 711-50310-6164 SITRAK ORIG,3,1196,CNHTC,711-50310-6164,Москва
2025-12-28 14:11:01,Кронштейн тормозных накладок 462658 / A9424230306 DieselTechnic !,2,11216,Diesel Technic,4.62658,Москва
2025-12-28 14:11:01,Кронштейн трапеции стеклоочистителя 8-98053-762-0 ORIG,2,2690,Isuzu,8-98053-762-0,Москва
2025-12-28 14:11:01,Кронштейн уплотнения A9454230058 Mercedes ориг !,1,273,Mercedes-Benz,A 945 423 00 58,Москва
2025-12-28 14:11:01,Крыло LH D-128310 / 810W61510-0411 передняя накладка SITRAK C7H Дизель,2,1860,Дизель,D-128310,Москва
2025-12-28 14:11:01,Крыло RH D-128311 / 810W61510-0410 передняя накладка SITRAK C7H Дизель,2,2355,Дизель,D-128311,Москва
2025-12-28 14:11:01,Крыло переднее левое 8403102P3010 JAC ORIG дефект,5,4256,JAC,8403102P3010,Москва
2025-12-28 14:11:01,Крыльчатка вентилятора 25261-45300 HYUNDAI D4DD HD65/78/County ORIG,1,4605,Hyundai-Kia,25261-45300,Москва
2025-12-28 14:11:01,Крышка 60531976 /A9452611033 Mercedes/Euroricambi !,2,17705,Euroricambi,60.53.1976,Москва
2025-12-28 14:11:01,Крышка D-125872 / HFF2918011CKJH JAC N350 Дизель,1,986,Дизель,D-125872,Москва
2025-12-28 14:11:01,Крышка бака 463260 / 465580/A0004700405 / 212152 Mercedes/DieselTechnic !,2,9555,Diesel Technic,4.63260,Москва
2025-12-28 14:11:01,"Крышка бака моч-ны D-125873 / 1203170LE460 JAC N80/N120, КАМАЗ Компас-9/12 Дизель",2,1657,Дизель,D-125873,Москва
2025-12-28 14:11:01,Крышка бака моч-ны D-125874 / 1205262Y4T80 JAC N350 WP10 E-5 Дизель,1,1206,Дизель,D-125874,Москва
2025-12-28 14:11:01,"Крышка бачка ГУР 8-94146-153-2 N,Q series ORIG",1,741,Isuzu,8-94146-153-2,Москва
2025-12-28 14:11:01,"Крышка бачка сцепления 8-94136-483-1 C,F,N-series ORIG",1,726,Isuzu,8-94136-483-1,Москва
2025-12-28 14:11:01,Крышка бачка сцепления D-127664 / 3506104LE010 JAC N90 Дизель,1,235,Дизель,D-127664,Москва
2025-12-28 14:11:01,Крышка блока предохранителей 8-97063-152-1 N-series ORIG,1,2382,Isuzu,8-97063-152-1,Москва
2025-12-28 14:11:01,Крышка буксы балансира 2997054 Europart !,1,325,Europart,2997054,Москва
2025-12-28 14:11:01,Крышка буксы балансира D-021/fdp-024 MC037224 PM,1,5067,Paul Master,MC037224,Москва
2025-12-28 14:11:01,Крышка буксы балансира D-125484 / 1-51387-013-2 CX#/CY#/CV#/EX# Дизель,1,566,Дизель,D-125484,Москва
2025-12-28 14:11:01,Крышка буксы балансира D-127266 / S4930-31130 / 49303-1130 Дизель,2,665,Дизель,D-127266,Москва
2025-12-28 14:11:01,Крышка буксы балансира FV-001 OR D-020 MC005958 FV413-19/FU413-19/FS415/18 83-96` PM !,4,930,Paul Master,D-020,Москва
2025-12-28 14:11:01,Крышка вала первичного D-126739 / JS180-1701040-1 JAC N350 Дизель,1,1553,Дизель,D-126739,Москва
2025-12-28 14:11:01,Крышка воздушного фильтра 28147-5A500 Hyundai HD35/45/46/65/72/78 COUNTY ORIG,1,2125,Hyundai-Kia,28147-5A500,Москва
2025-12-28 14:11:01,Крышка ГБЦ D-129271 / 1003030B29D FAW CA6DL2 Дизель,2,11476,Дизель,D-129271,Москва
2025-12-28 14:11:01,Крышка заднего фонаря 1-82239-007-0 CYZ/EXZ (LHD) ORIG,5,402,Isuzu,1-82239-007-0,Москва
2025-12-28 14:11:01,Крышка клапанов 1-11180-476-5 C-series 6WG1 ORIG,1,35850,Isuzu,1-11180-476-5,Москва
2025-12-28 14:11:01,Крышка клапанов 8-97380-042-1 N-series 4HV1 (CNG) ГАЗ ORIG,1,15217,Isuzu,8-97380-042-1,Москва
2025-12-28 14:11:01,Крышка клапанов 8-97846-569-0/8-98208-874-0/8-97602-825-2 F-series 6HK1 E-4 ORIG,1,19369,Isuzu,8-97846-569-0,Москва
2025-12-28 14:11:01,Крышка коробки реле и предохранителей 1-82510-654-1 ORIG,5,7291,Isuzu,1-82510-654-1,Москва
2025-12-28 14:11:01,"Крышка корпуса воздушного фильтра 8-98050-434-1/8-97379-849-0 N,Q-series ORIG",7,6657,Isuzu,8-98050-434-1,Москва
2025-12-28 14:11:01,"Крышка корпуса топливного фильтра 8-98116-653-0 C,F-series ORIG",2,3463,Isuzu,8-98116-653-0,Москва
2025-12-28 14:11:01,Крышка КПП Z-1701303-00-00 JAC N35 ORIG,1,207,JAC,Z-1701303-00-00,Москва
2025-12-28 14:11:01,Крышка кронштейна зеркала заднего вида нижняя 8-98031-803-2 LH NLR85/NPR75 ORIG,1,1067,Isuzu,8-98031-803-2,Москва
2025-12-28 14:11:01,Крышка кронштейна зеркала заднего вида нижняя D-125378 / 8-98031-803-2 LH NLR85/NPR75 ISUZU Дизель,19,361,Дизель,D-125378,Москва
2025-12-28 14:11:01,"Крышка кронштейна левого зеркала нижняя (тип B) 8-98031-806-0 N,F-series ORIG",5,1036,Isuzu,8-98031-806-0,Москва
2025-12-28 14:11:01,Крышка кронштейна правого зеркала нижняя D-125296 / 8-98031-805-0 N-series FVR34 ISUZU Дизель,1,230,Дизель,D-125296,Москва
2025-12-28 14:11:01,Крышка масл фильтра 1-33119-222-0 C/E series ORIG,1,4857,Isuzu,1-33119-222-0,Москва
2025-12-28 14:11:01,Крышка маслозаливной горловины 1003550FA JAC N35 ORIG,1,118,JAC,1003550FA,Москва
2025-12-28 14:11:01,Крышка маслозаливной горловины 4946237 JAC N120/Камаз Cummins ISF3.8 Е-5,1,239,Noname,4946237,Москва
2025-12-28 14:11:01,Крышка маслозаливной горловины MA-003 / MOC-032 E563-10-250 PM,1,328,Paul Master,MOC-032,Москва
2025-12-28 14:11:01,Крышка масляного канала КПП 8-98018-864-1 F-series ORIG,1,751,Isuzu,8-98018-864-1,Москва
2025-12-28 14:11:01,Крышка переднего бампера правая 8-97616-296-1 FVR34 ORIG,1,347,Isuzu,8-97616-296-1,Москва
2025-12-28 14:11:01,Крышка подшипника первичного вала 1-33121-166-0 ORIG,2,95542,Isuzu,1-33121-166-0,Москва
2025-12-28 14:11:01,Крышка радиатора 1301012W5000 JAC N35 ORIG,2,179,JAC,1301012W5000,Москва
2025-12-28 14:11:01,Крышка радиатора 25340-6A000 Hyundai HD120 ORIG,1,403,Hyundai-Kia,25340-6A000,Москва
2025-12-28 14:11:01,Крышка радиатора 8-97239-187-0 NQR71/75/90/NPR75/NLR85/NMR85 ORIG,4,1533,Isuzu,8-97239-187-0,Москва
2025-12-28 14:11:01,"Крышка радиатора 8-98212-541-0 6HK1/4HK1 F,N-series ORIG",9,1525,Isuzu,8-98212-541-0,Москва
2025-12-28 14:11:01,Крышка радиатора D-127665 / C349K11100 JAC N90 Дизель,2,268,Дизель,D-127665,Москва
2025-12-28 14:11:01,Крышка радиатора F-009 /HRC-009 16401-1030 PM,3,574,Paul Master,HRC-009,Москва
2025-12-28 14:11:01,Крышка радиатора R-125 PM,2,440,Paul Master,R-125,Москва
2025-12-28 14:11:01,Крышка расширительного бачка 1311022W5030 JAC N35 ORIG,1,242,JAC,1311022W5030,Москва
2025-12-28 14:11:01,Крышка сальника балансира D-125875 / HFF2918118CKFT JAC N350 Дизель,1,1243,Дизель,D-125875,Москва
2025-12-28 14:11:01,Крышка ступицы FK-008/FIC-003 Ø=95mm MC826962 FM516/17 FS410-418/78 87-93` PM,1,576,Paul Master,MC826962,Москва
2025-12-28 14:11:01,Крышка ступицы FV-006/MC826960/FIC-006 FP410-418/440-449 FU/FV4# PM,4,866,Paul Master,FV-006,Москва
2025-12-28 14:11:01,Крышка ступицы HI-005 43514-1142 FN1/2K/F# FR1# FN# PM,4,866,Paul Master,HIC-005,Москва
2025-12-28 14:11:01,Крышка ступицы UD-013/UIC-013 40234-90008 CD/CK/CW870 KG520 86-91` PM,2,866,Paul Master,UD-013,Москва
2025-12-28 14:11:01,Крышка ступицы UD-014/UIC-014/40234-90069 CDA591/92/95/690 CGA591 CGA59B CKA690 96~ PM,1,866,Paul Master,UD-014,Москва
2025-12-28 14:11:01,Крышка ступицы переднего моста 9-42313-123-2/0/1 CYZ51/CYZ52/FVR34/FSR90 ORIG,1,1955,Isuzu,9-42313-123-2,Москва
2025-12-28 14:11:01,Крышка ступицы передней D-125041 / 8-98331-242-0 / 8-98276-604-0 / 8-97360-101-0 Дизель,8,115,Дизель,D-125041,Москва
2025-12-28 14:11:01,Крышка ступицы передней D-127894 / 3103066-4E FAW CA3311 Дизель,1,352,Дизель,D-127894,Москва
2025-12-28 14:11:01,Крышка термостата 8-98028-252-1 N-series 4JJ1 ORIG,1,2641,Isuzu,8-98028-252-1,Москва
2025-12-28 14:11:01,Крышка термостата D-125876 / 612600040320 JAC N350 WP10 E-5 Дизель,1,1550,Дизель,D-125876,Москва
2025-12-28 14:11:01,Крышка термостата D-128773 / 8-97329-914-0 F/N series Дизель,1,994,Дизель,D-128773,Москва
2025-12-28 14:11:01,Крышка термостатов 8-98217-268-0/8-98054-424-1/8-98038-584-1 C-series 6WG1 ORIG,1,11747,Isuzu,8-98217-268-0,Москва
2025-12-28 14:11:01,Крышка топливного бака 1103020W5000 JAC N35/25 ORIG,6,876,JAC,1103020W5000,Москва
2025-12-28 14:11:01,"Крышка топливного бака 8-97095-872-0/8-94360-166-0 N,Q-series",2,486,Дизель,8-97095-872-0,Москва
2025-12-28 14:11:01,Крышка топливного бака D-124995 / 8-98108-595-0 FVR34/CYZ52/EXZ51 400л. Дизель,1,1288,Дизель,D-124995,Москва
2025-12-28 14:11:01,Крышка топливного бака D-125398 / 8-98201-369-0 NPR75/NMR85/NLR85/NQR/FSR90/FVR34 Дизель,11,1233,Дизель,D-125398,Москва
2025-12-28 14:11:01,Крышка топливного бака D-126401 / 8-94160-028-0 N-series Дизель,1,429,Дизель,D-126401,Москва
2025-12-28 14:11:01,Крышка топливного бака D-126740 / 3704930LE010 JAC N75/90/120 с ключом Дизель,3,1285,Дизель,D-126740,Москва
2025-12-28 14:11:01,Крышка топливного бака D-127954 / 812W12210-0100 HOWO T5G Дизель,5,665,Дизель,D-127954,Москва
2025-12-28 14:11:01,Крышка фонаря RR LH 8-94129-274-4 NQR71/75 ORIG,1,449,Isuzu,8941292744,Москва
2025-12-28 14:11:01,Крышка шкворня D-125877 / HFF3001100CK5G JAC N350 Дизель,8,247,Дизель,D-125877,Москва
2025-12-28 14:11:01,Крышка шкворня D-127666 / 3001400N JAC N90 Дизель,4,48,Дизель,D-127666,Москва
2025-12-28 14:11:01,Крышка шкворня D-127751 / 3001107N JAC N90 Дизель,1,34,Дизель,D-127751,Москва
2025-12-28 14:11:01,Крюк буксировочный 8-98126-930-0 ORIG,8,2712,Isuzu,8-98126-930-0,Москва
2025-12-28 14:11:01,Кулак поворотный RH 56734-5K300 HYUNDAI HD78 D4DD ORIG,6,18975,Hyundai-Kia,56734-5K300,Москва
2025-12-28 14:11:01,Кулак поворотный левый 1-43132-120-1 CYZ51/EXZ52/FVR34 ORIG,1,61619,Isuzu,1-43132-120-1,Москва
2025-12-28 14:11:01,Лампа D-129830 / Nr-17326 / BA15s 24V 10W Дизель,182,18,Дизель,D-129830,Москва
2025-12-28 14:11:01,Лампа D-129831 / Nr-17643 / BA15s 24V 21W Дизель,82,25,Дизель,D-129831,Москва
2025-12-28 14:11:01,Лампа D-129832 / Nr-17925 / BAY15d 24V 21/5W Дизель,82,32,Дизель,D-129832,Москва
2025-12-28 14:11:01,Лампа галогенная H1 12V/55W (к-т 2шт) Powervision Limastar,10,361,Limastar,H1,Москва
2025-12-28 14:11:01,Лампа галогенная H1 24V/100W Limastar,1,68,Дизель,H1,Москва
2025-12-28 14:11:01,Лампа галогенная H1 24V/70W Limastar,2,74,Limastar,H1,Москва
2025-12-28 14:11:01,Лампа галогенная H11 12V/55W (к-т 2шт) Powervision Limastar,7,595,Дизель,H11,Москва
2025-12-28 14:11:01,Лампа галогенная H16 12V/19W Limastar,9,180,Дизель,H16,Москва
2025-12-28 14:11:01,Лампа галогенная H3 24V/100W Limastar,4,68,Дизель,H3,Москва
2025-12-28 14:11:01,Лампа галогенная H3 24V/70W Pk22s Limastar,15,74,Limastar,H3,Москва
2025-12-28 14:11:01,Лампа галогенная H3C 12V/55W (к-т 2шт) Powervision Limastar,7,459,Дизель,H3C,Москва
2025-12-28 14:11:01,Лампа галогенная H4 12V/60W/55W P43t (к-т 2шт) Powervision Limastar,9,492,JMC,P43t,Москва
2025-12-28 14:11:01,Лампа галогенная H7 12V/55W (к-т 2шт) Powervision Limastar,8,441,Дизель,H7,Москва
2025-12-28 14:11:01,Лист рессор 16-80-1300H SKV,3,3688,SKV,16-80-1300H,Москва
2025-12-28 14:11:01,Лист рессор 9-70-1300H SKV,2,1710,SKV,9-70-1300H,Москва
2025-12-28 14:11:01,Лист рессор 09635001SKV / 1635305 №1 830x830mm 1/26x90mm VOLVO тягач FM/FH Series Rear,2,8752,SKV,09635001SKV,Москва
2025-12-28 14:11:01,Лист рессор 09635003SKV / 1635242 №3 790x790mm 1x26x90 мм VOLVO тягач FM/FH Series Rear,1,6669,SKV,09635003,Москва
2025-12-28 14:11:01,Лист рессор 09722001SKV / 257907-1 30*100/990*900мм VOLVO TRUCK FH/FM коренной Front,2,17264,SKV,09722001,Москва
2025-12-28 14:11:01,Лист рессор 09722002SKV / 257907-2 30*100/990*920мм VOLVO TRUCK FH/FM подкоренной Front,4,12422,SKV,09722002,Москва
2025-12-28 14:11:01,Лист рессор 1-51131-962-0 14*80 Isuzu CYZ51 LHD коренной front (2 втулки 32*42*78 + сальники) SKV,41,5665,SKV,1-51131-962-0,Москва
2025-12-28 14:11:01,Лист рессор 1-51132-962-0 14*80 Isuzu 10t CYZ51 LHD подкоренной front SKV,3,4072,SKV,1-51132-962-0,Москва
2025-12-28 14:11:01,Лист рессор 1-51412-118-0 10*70 Isuzu 5T FRR/FSR/FRD/FRD-S/FRR-S 97~ подкоренной rear SKV,1,2189,SKV,1-51412-118-0,Москва
2025-12-28 14:11:01,Лист рессор 10-60-1200H SKV,9,1416,SKV,10-60-1200H,Москва
2025-12-28 14:11:01,Лист рессор 10-60-1500 (без ЦО) SKV,3,1802,SKV,10-60-1500,Москва
2025-12-28 14:11:01,Лист рессор 11-60-1300H SKV,6,1716,SKV,11-60-1300H,Москва
2025-12-28 14:11:01,Лист рессор 11-60-700H SKV,3,840,SKV,11-60-700H,Москва
2025-12-28 14:11:01,Лист рессор 11-70-1100H SKV,41,1528,SKV,11-70-1100H,Москва
2025-12-28 14:11:01,Лист рессор 11-70-1300H BELTON,21,2623,Belton,11-70-1300H,Москва
2025-12-28 14:11:01,Лист рессор 11-70-1300H SKV,71,1998,SKV,11-70-1300H,Москва
2025-12-28 14:11:01,Лист рессор 11-70-1500H SKV,16,2331,SKV,11-70-1500H,Москва
2025-12-28 14:11:01,Лист рессор 11-70-700H SKV,164,1101,SKV,11-70-700H,Москва
2025-12-28 14:11:01,Лист рессор 11-70-900H BELTON,40,1526,Belton,11-70-900H,Москва
2025-12-28 14:11:01,Лист рессор 11-70-900H SKV,160,1385,SKV,11-70-900H,Москва
2025-12-28 14:11:01,Лист рессор 13-60-1300H SKV,2,1954,SKV,13-60-1300H,Москва
2025-12-28 14:11:01,Лист рессор 13-60-1500H Ychen,1,1802,Ychen,13-60-1500H,Москва
2025-12-28 14:11:01,Лист рессор 13-60-700H SKV,31,1103,SKV,13-60-700H,Москва
2025-12-28 14:11:01,Лист рессор 13-60-900H SKV,20,1466,SKV,13-60-900H,Москва
2025-12-28 14:11:01,Лист рессор 13-70-1100H SKV,38,2001,SKV,13-70-1100H,Москва
2025-12-28 14:11:01,Лист рессор 13-70-1300H SKV,26,2328,SKV,13-70-1300H,Москва
2025-12-28 14:11:01,Лист рессор 13-70-1500H SKV,69,3084,SKV,13-70-1500H,Москва
2025-12-28 14:11:01,Лист рессор 13-70-900H SKV,6,1736,SKV,13-70-900H,Москва
2025-12-28 14:11:01,Лист рессор 13-80-1500H SKV,22,3157,SKV,13-80-1500H,Москва
2025-12-28 14:11:01,Лист рессор 13-80-900H SKV,2,1756,SKV,13-80-900H,Москва
2025-12-28 14:11:01,Лист рессор 14-70-1100H SKV,5,2199,SKV,14-70-1100H,Москва
2025-12-28 14:11:01,Лист рессор 14-80-1300H SKV,21,2637,SKV,14-80-1300H,Москва
2025-12-28 14:11:01,Лист рессор 14-90-1500H SKV,42,3824,SKV,14-90-1500H,Москва
2025-12-28 14:11:01,Лист рессор 14-90-1500H Ychen,1,4268,Ychen,14-90-1500H,Москва
2025-12-28 14:11:01,Лист рессор 1479518-2SKV 28*90 Scania P-Series 04~ подкоренной Front SKV,9,11320,SKV,1479518-2,Москва
2025-12-28 14:11:01,Лист рессор 16-80-1100H SKV,4,2722,SKV,16-80-1100H,Москва
2025-12-28 14:11:01,Лист рессор 16-80-1500H SKV,1,3622,SKV,16-80-1500H,Москва
2025-12-28 14:11:01,Лист рессор 16-80-550H SKV,2,1185,SKV,16-80-550H,Москва
2025-12-28 14:11:01,Лист рессор 16-80-550H Ychen,1,928,Ychen,16-80-550H,Москва
2025-12-28 14:11:01,Лист рессор 16-90-1300H SKV,62,3622,SKV,16-90-1300H,Москва
2025-12-28 14:11:01,Лист рессор 16-90-1500H SKV,18,4265,SKV,16-90-1500H,Москва
2025-12-28 14:11:01,Лист рессор 1635244SKV / 09635005 26*90/950мм (с хомутами) VOLVO TRUCK FM# (самосвал) Rear,3,5584,SKV,09635005,Москва
2025-12-28 14:11:01,Лист рессор 18-90-88-1500H SKV,26,5535,SKV,18-90-88-1500H,Москва
2025-12-28 14:11:01,Лист рессор 20-70-10-1100H SKV,4,2677,SKV,20-70-10-1100H,Москва
2025-12-28 14:11:01,Лист рессор 20-90-1000H SKV,6,3758,SKV,20-90-1000H,Москва
2025-12-28 14:11:01,Лист рессор 20-90-1300H BELTON,2,5824,Belton,20-90-1300H,Москва
2025-12-28 14:11:01,Лист рессор 48101-3B550 9*70 DYNA/TOYOACE 84-99 коренной front 1146мм (сайлетблоки) SKV,32,3039,SKV,48101-3B550,Москва
2025-12-28 14:11:01,Лист рессор 48112-37690 15*70 DYNA/TOYOACE BU4##/XZU4## 99- подкоренной front SKV,4,2466,SKV,48112-37690,Москва
2025-12-28 14:11:01,Лист рессор 48201-3B060 DYNA/TOYOACE 84-99 коренной rear 120см (сайлетблоки) SKV,4,4184,SKV,48201-3B060,Москва
2025-12-28 14:11:01,Лист рессор 48201-3V140A DYNA/TOYOACE BU4##/XZU4## 99- корен rear (2 вт 25-31-68) SKV,2,3246,SKV,48201-3V140-A,Москва
2025-12-28 14:11:01,Лист рессор 48213-3V630 /MSF53/ MC090645 FUSO/HINO 300 /UD 5Т третий лист с хом. RR SKV,12,2372,SKV,MC090645,Москва
2025-12-28 14:11:01,Лист рессор 54111-5A301 11*70 HYUNDAI County 04~ коренной front (2 обич + 2 сайл) SKV,3,3654,SKV,54111-5A301,Москва
2025-12-28 14:11:01,Лист рессор 54111-5K500 11*70 HD45/65/72/78/75 04~ коренной front (2 сайлент. + 2 обич) SKV,27,3377,SKV,54111-5K500,Москва
2025-12-28 14:11:01,Лист рессор 54112-5K500 10*70 HD45/HD65/HD72/HD78/MIGHTY/HD35/75 04~ подкоренной front SKV,27,2195,SKV,54112-5K500,Москва
2025-12-28 14:11:01,Лист рессор 55100-4B700-1 8х60 HYUNDAI H100 Porter 96~ коренной rear (1 втулка 28*34*58) SKV,4,2217,SKV,55100-4B700-1,Москва
2025-12-28 14:11:01,Лист рессор 55100-Y3A10-2 подкоренной rear JAC N350 (NON-GENUINE),2,9827,Noname,55100-Y3A10-2,Москва
2025-12-28 14:11:01,Лист рессор 55111-5A300 11*70 HYUNDAI County 04~ корен rear (2 обич + 2 сайл) SKV,30,5121,SKV,55111-5A300,Москва
2025-12-28 14:11:01,Лист рессор 55112-5A300 11*70 HYUNDAI County 04~ подкоренной rear SKV,6,2248,SKV,55112-5A300,Москва
2025-12-28 14:11:01,Лист рессор 55113-5K500 11*70 HD45/65/72/78/MIGHTY 04~ 3-й лист rear SKV,1,1691,SKV,55113-5K500,Москва
2025-12-28 14:11:01,Лист рессор 70-1300-16-11H SKV,3,3696,SKV,70-1300-16-11H,Москва
2025-12-28 14:11:01,Лист рессор 8-70-1200H SKV,22,1403,SKV,8-70-1200H,Москва
2025-12-28 14:11:01,Лист рессор 8-70-1500 (без ЦО) SKV,4,1679,SKV,8-70-1500,Москва
2025-12-28 14:11:01,Лист рессор 8-97084-637-0 70*11 Isuzu ELF NPR коренной rear (сайлетблоки D=18 D=16) L=1244мм SKV,2,3267,SKV,8-97084-637-0,Москва
2025-12-28 14:11:01,Лист рессор 8-97084-639-0 70*12 Isuzu ELF NPR подкоренной rear L=1254mm SKV,86,3304,SKV,8-97084-639-0,Москва
2025-12-28 14:11:01,Лист рессор 8-97130-493-0 Isuzu ELF NPR/NQR 93 кор rear 70*12 (сайл D=18/D=16)L=1352 SKV,5,4098,SKV,8-97130-493-0,Москва
2025-12-28 14:11:01,Лист рессор 8-97133-074-0 Isuzu ELF NPR/NQR 93~ коренной front 70*10 (сайлентблоки) SKV,5,4342,SKV,8-97133-074-0,Москва
2025-12-28 14:11:01,Лист рессор 8-98042-335-0 9*60 Isuzu NLR/NMR55/85 08~ коренной front (обич.40*43*30) SKV,8,1809,SKV,8-98042-335-0,Москва
2025-12-28 14:11:01,Лист рессор 8-98042-336-0 9*60 Isuzu NLR/NMR55/85 08~ подкоренной front SKV,13,1601,SKV,8-98042-336-0,Москва
2025-12-28 14:11:01,"Лист рессор 8-98044-390-0 11*70 Isuzu NLR/NMR55/85 08~ корeн. rear (сайл.42*16, обич.43*40) SKV",1,3430,SKV,8-98044-390-0,Москва
2025-12-28 14:11:01,Лист рессор 8-98051-979-0 Isuzu FVR34 подкоренной Rear 13*100 SKV,4,4805,SKV,8-98051-979-0,Москва
2025-12-28 14:11:01,Лист рессор 8-98073-686-0 Isuzu FVR34 коренной front (втулки 32*38*78) 21*80 SKV,2,7661,SKV,8-98073-686-0,Москва
2025-12-28 14:11:01,Лист рессор 8-98073-687-0 Isuzu FVR34 подкоренной front 24*80 SKV,2,7895,SKV,8-98073-687-0,Москва
2025-12-28 14:11:01,Лист рессор 8-98073-688-0 Isuzu FVR34 3-й лист c хомутом front 24*80 SKV,89,8309,SKV,8-98073-688-0,Москва
2025-12-28 14:11:01,Лист рессор 8-98161-622-0 35/18*90 Isuzu CYZ52 2-й лист (подкоренной) rear SKV,16,11370,SKV,8981616220,Москва
2025-12-28 14:11:01,Лист рессор 8-98241-220-0 70*11 Isuzu ELF NPR75 коренной rear (сайлетблоки D=18 D=16) SKV,20,5186,SKV,8-98241-220-0,Москва
2025-12-28 14:11:01,Лист рессор 8-98241-221-0 70*12 Isuzu ELF NPR75 подкоренной rear L=1300 SKV,38,2358,SKV,8-98241-221-0,Москва
2025-12-28 14:11:01,Лист рессор 80-18-10-1100H SKV,2,2913,SKV,80-18-10-1100H,Москва
2025-12-28 14:11:01,Лист рессор 80-18-10-1500H SKV,2,4158,SKV,80-18-10-1500H,Москва
2025-12-28 14:11:01,Лист рессор 9-70-900H SKV,2,1131,SKV,9-70-900H,Москва
2025-12-28 14:11:01,"Лист рессор 9483201405-1SKV / 33839001 №1 41*100 MB Actros, Actros MP2/MP3, Axor 2 коренной Rear",2,16540,SKV,9483201405-1,Москва
2025-12-28 14:11:01,Лист рессор D-129273 / 2902201-371 L=1635 18*90 коренной front FAW Дизель,1,5635,Дизель,D-129273,Москва
2025-12-28 14:11:01,Лист рессор D-129274 / 2902202-453 L=1590 16*90 подкоренной front FAW Дизель,1,4346,Дизель,D-129274,Москва
2025-12-28 14:11:01,Лист рессор HSF118 / 48101-4271 Hino 10t 90*14 коренной front (2 втулки 30*38) SKV,4,5895,SKV,48101-4271,Москва
2025-12-28 14:11:01,Лист рессор HSF12 / 48112-3251 14*90 Hino 10t подкоренной front SKV,12,4896,SKV,48112-3251,Москва
2025-12-28 14:11:01,Лист рессор HSF31 / 48101-3V420 10*70 Hino 300 коренной front (2 втулки 25-31-68) SKV,11,2741,SKV,48101-3V420,Москва
2025-12-28 14:11:01,Лист рессор HSF32 / 48112-3V640 10*70 Hino 300 подкоренной front SKV,4,2159,SKV,48112-3V640,Москва
2025-12-28 14:11:01,Лист рессор HSF51 / 48101-4080 11*70 Hino 5t коренной front (2 втулки 25-31-68) SKV,8,3472,SKV,48101-4080,Москва
2025-12-28 14:11:01,"Лист рессор HSF51 / 48101-4080SKV 11х60х70 Hino 5t коренной front, 2 втулки 25-31-68 SKV",4,3708,SKV,48101-4080SKV,Москва
2025-12-28 14:11:01,Лист рессор HSF52 / 48112-4741 11*70 Hino 5t подкоренной front Ychen,1,2686,Ychen,48112-4741,Москва
2025-12-28 14:11:01,Лист рессор HSR31 / 48201-3V630 11х70 Hino 300 коренной rear (2 втулки 25-31-68) SKV,12,2783,SKV,48201-3V630,Москва
2025-12-28 14:11:01,Лист рессор HSR32 / 48212-3V630 11х70 Hino 300 подкоренной rear SKV,9,1774,SKV,48212-3V630,Москва
2025-12-28 14:11:01,Лист рессор HSR51 / 48201-3060 11х70 Hino 5t коренной rear (втулка 30-36-68) SKV,23,3156,SKV,48201-3060,Москва
2025-12-28 14:11:01,Лист рессор HSR51 / 48201-3060-13 13х70 Hino 5t коренной rear (втулка 30-36-68) SKV,54,3591,SKV,48201-3060-13,Москва
2025-12-28 14:11:01,Лист рессор HSR52 / 48212-4810 13х70 Hino 5t подкоренной rear SKV,1,3142,SKV,48212-4810,Москва
2025-12-28 14:11:01,Лист рессор ISF01 8-97084-827-0 Isuzu Elf NPR коренной front (сайлетблоки) SKV,2,2864,SKV,8-97084-827-0,Москва
2025-12-28 14:11:01,Лист рессор ISF02 8-97084-828-0 70*13 Isuzu Elf NPR подкоренной front ухо-ухо SKV,1,2698,SKV,8-97084-828-0,Москва
2025-12-28 14:11:01,Лист рессор ISF11 / 1-51111-504-1 Isuzu 10t коренной front (2 втулки 32-38-78) SKV,1,3992,SKV,1-51111-504-1,Москва
2025-12-28 14:11:01,Лист рессор ISF12A / 1-51112-505-1A Isuzu 10t подкоренной 25*80 перемен.толщ. front SKV,4,6958,SKV,1-51112-505-1A,Москва
2025-12-28 14:11:01,Лист рессор MB391277 Canter 2t подкор. 15*70 с пер. толщ. rear SKV,4,2995,SKV,MB391277,Москва
2025-12-28 14:11:01,Лист рессор MB391393 Canter 2t корен. 15*70 с перем. тощ. rear (2 втулки 28-34-68) SKV,2,4215,SKV,MB391393,Москва
2025-12-28 14:11:01,Лист рессор MC091214-V 15х70 Canter третий лист с пер. толщ. SKV,40,2727,SKV,MC091214-V,Москва
2025-12-28 14:11:01,Лист рессор MC114663 Canter 2t подкоренной 11*70*1260 rear SKV,82,2763,SKV,MC114663,Москва
2025-12-28 14:11:01,Лист рессор MC120891 Canter коренной front (обич.) SKV,66,2828,SKV,MC120891,Москва
2025-12-28 14:11:01,Лист рессор MC120892 MPF2 №02 10*70 Canter подкоренной rear SKV,50,2763,SKV,MC120892,Москва
2025-12-28 14:11:01,Лист рессор MK470962 11*70 FUSO CANTER подкоренной front SKV,21,2513,SKV,MK470962,Москва
2025-12-28 14:11:01,Лист рессор MK470963 11*70 FUSO CANTER 3-Й лист с хомутами front SKV,5,2327,SKV,MK470963,Москва
2025-12-28 14:11:01,Лист рессор MSF118 / MK311007 14*90 Fuso 10t коренной front (2 вт 32-38-88) SKV,11,6032,SKV,MK311007,Москва
2025-12-28 14:11:01,Лист рессор MSF51V / МC091087-V Fuso 5t коренной с перем. толщ. front (2 втулки 28-34-68) SKV,2,4250,SKV,MC091087-V,Москва
2025-12-28 14:11:01,Лист рессор MSF52 / MC091088 Fuso 5t/HD120 подкоренной 13*70 front SKV,22,3247,SKV,MC091088,Москва
2025-12-28 14:11:01,Лист рессор MSF52V / MC091088-V Fuso 5t подкоренной с перем. толщ. front SKV,30,3788,SKV,MC091088-V,Москва
2025-12-28 14:11:01,Лист рессор MSR51 / MK315117 / MC412186 Fuso 5t/HD120 коренной 13*70 rear (2 втулки 28-34-68) SKV,57,3794,SKV,MC412186,Москва
2025-12-28 14:11:01,Лист рессор MSR5160 / MK315005 13*60 Fuso 5T коренной rear (2 втулки 28-34-68) SKV,2,3170,SKV,MK315005,Москва
2025-12-28 14:11:01,Лист рессор MSR51V/MK315117-V/MC412186-V Fuso 5t кор.с перем. толщ. rear 2 вт. 28-34-68 SKV,8,3619,SKV,MC412186-V,Москва
2025-12-28 14:11:01,Лист рессор MSR52V / MK315620-V Fuso 5t подкоренной с перем. толщ. rear SKV,2,4030,SKV,MK315620-V,Москва
2025-12-28 14:11:01,Лист рессор №1 1547824-1SKV / 90199001 30*90 Scania R-Series 04~ Rear SKV,3,9141,SKV,1547824-1,Москва
2025-12-28 14:11:01,Лист рессор NSF2V №2 / 55022-06D10 14*8*70 N-Atlas H41 подкоренной rear SKV,4,2634,SKV,55022-06D10,Москва
2025-12-28 14:11:01,Лист рессор S481-016330 18*70 HINO 500 коренной front (втулки 25-31-68) SKV,75,5250,SKV,S481-016330,Москва
2025-12-28 14:11:01,Лист рессор S481-127090 20*70 HINO 500 подкоренной front SKV,29,4716,SKV,S481-127090,Москва
2025-12-28 14:11:01,Лист рессор S4810-13800 12x90 HINO 700 коренной Front (втулки 30*38*88) SKV,2,4712,SKV,S4810-13800,Москва
2025-12-28 14:11:01,Лист рессор S4810-45770 20x80 HINO 500 GH8#/FG8# 09~ 3-й лист с хом front SKV,2,4803,SKV,S4810-45770,Москва
2025-12-28 14:11:01,Лист рессор USF11/ 54010-Z3007F 12*90 N.-Diesel 10t корен. front (2 вт 30-36-88) SKV,1,4389,SKV,54010-Z3007F N1,Москва
2025-12-28 14:11:01,Лист рессор W023-28-011 Mazda коренной rear (сайлетблоки) SKV,1,2988,SKV,W023-28-011,Москва
2025-12-28 14:11:01,Лист рессор А091-2902101-01 Богдан коренной front (сайлетблоки) SKV,4,4257,SKV,A091-2902101-01,Москва
2025-12-28 14:11:01,Лист рессоры D-128372 / WG9725522281+001/1 коренной SITRAK Дизель,5,6008,Дизель,D-128372,Москва
2025-12-28 14:11:01,Лист рессоры D-128373 / WG9725522281+002/1 подкоренной SITRAK Дизель,2,6008,Дизель,D-128373,Москва
2025-12-28 14:11:01,Личинка замка левой двери 8-97095-685-2 ORIG,1,2334,Isuzu,8-97095-685-2,Москва
2025-12-28 14:11:01,Лопатки вакуумного насоса 8-98051-275-0 4JJ1 N-series ORIG,1,1710,Isuzu,8-98051-275-0,Москва
2025-12-28 14:11:01,Манжета 42159033 Iveco Orig !,1,404,Iveco,42159033,Москва
2025-12-28 14:11:01,Манжета ступицы 1304985 Iveco Orig !,1,1216,Iveco,1304985,Москва
2025-12-28 14:11:01,Манжета шкворня 2476014 Iveco / Europart !,2,1197,Europart,2476014,Москва
2025-12-28 14:11:01,Масленка 1-43159-133-0 ORIG,102,188,Isuzu,1-43159-133-0,Москва
2025-12-28 14:11:01,Масленка 1/8 прямая универсальная 0-90301-410-0 FVR34/CYZ51 ORIG,6,144,Isuzu,0903014100,Москва
2025-12-28 14:11:01,Масленка D-128829 / ST45DEGM12X15 45 DEG M12х1.5 Дизель,21,34,Дизель,D-128829,Москва
2025-12-28 14:11:01,Масленка D-128830 / ST90DEG18 90 DEG 1/8 DEG 9.5mm Дизель,20,28,Дизель,D-128830,Москва
2025-12-28 14:11:01,Масленка пальца рессоры 15705-10203 M10*1 Hyundai HD72/78/120 ORIG,42,114,Hyundai-Kia,15705-10203,Москва
2025-12-28 14:11:01,Масленка шкворня 0-90301-510-0 ORIG,10,168,Isuzu,0-90301-510-0,Москва
2025-12-28 14:11:01,Маслоохладитель (теплообменник) 080V05000-7100/-7200 HOWO ORIG,1,26178,Howo,080V05000-7100,Москва
2025-12-28 14:11:01,Маслоохладитель (теплообменник) в сборе 8-98003-790-5 6WG1TQA ORIG,1,106096,Isuzu,8-98003-790-5,Москва
2025-12-28 14:11:01,Маслоохладитель (теплообменник) в сборе 8-98236-650-0/8-98065-861-0/1/8-97602-991-0/1/2/3/8-97606-322-0 6HK1 FVR34 ORIG,1,77205,Isuzu,8-98236-650-0,Москва
2025-12-28 14:11:01,Маслоохладитель 1010310FD020 JAC N35 ORIG,1,3790,JAC,1010310FD020,Москва
2025-12-28 14:11:01,Маслоохладитель 26420-45007 D4DB/DD HD78/County ORIG,1,27983,Hyundai-Kia,26420-45007,Москва
2025-12-28 14:11:01,Маслоохладитель D-129804 / 5567549 JAC N120/Камаз Cummins ISF3.8 Е-5 Дизель,1,21743,Дизель,D-129804,Москва
2025-12-28 14:11:01,Маслосъемные колпачки 01423/22224-35000 Grace,2,149,Hyundai-Kia,22224-35000,Москва
2025-12-28 14:11:01,Маслосъемный колпачок 8-94396-609-2 13.9-8.4-18.5 4HF1/4HJ1/4HG1/4HL1/4HK1/6HH1 ORIG,8,346,Isuzu,8-94396-609-2,Москва
2025-12-28 14:11:01,Маслосъемный колпачок HINO 13719-1020 12.7-8.8-14.5 8PCS/SET W04D/H06C/H07D/K13C Y,2,394,Yamasida,13719-1020,Москва
2025-12-28 14:11:01,Маслосъемный колпачок HINO 13719-1030 15.7-9.4-14.5 8PCS/SET F20C/F21C Y,2,432,Yamasida,13719-1030,Москва
2025-12-28 14:11:01,Маслосъемный колпачок HINO 13719-1200 15.8-9.5-15 8PCS/SET F20C/F21C Y,5,399,Yamasida,13719-1200,Москва
2025-12-28 14:11:01,Маслосъемный колпачок HINO 13719-1340 12.7-8.8-14.5 8PCS/SET K13C Y,2,363,Yamasida,13719-1340,Москва
2025-12-28 14:11:01,Маслосъемный колпачок HINO 13719-1410 15.8-9.5-15 8PCS/SET F20C/EP100 Y,6,413,Yamasida,13719-1410,Москва
2025-12-28 14:11:01,Маслосъемный колпачок ISUZU 1-12569-017-0 13.6-9.8-15 12PCS/SET Y,2,682,Yamasida,1-12569-017-0,Москва
2025-12-28 14:11:01,Маслосъемный колпачок ISUZU 5-12569-006-0 8PCS/SET 4JB1/4JG2 Y,2,304,Yamasida,5-12569-006-0,Москва
2025-12-28 14:11:01,Маслосъемный колпачок ISUZU 8-97328-647-0 11.5-6.3-14.3 16PCS/SET 4JJ1 Y,16,894,Yamasida,8-97328-647-0,Москва
2025-12-28 14:11:01,Маслосъемный колпачок MAZDA SE01-10-155A 8PCS/SET VS/TF Y,1,392,Yamasida,SE01-10-155A,Москва
2025-12-28 14:11:01,Маслосъемный колпачок MAZDA SE70-10-155A 8PCS/SET VS/XA/HA/SL/TF Y,2,373,Yamasida,SE70-10-155A,Москва
2025-12-28 14:11:01,Маслосъемный колпачок MMC ME024108 14.9-8.3-13.5 8PCS/SET 6D16/6D17 Y,1,253,Yamasida,ME024108,Москва
2025-12-28 14:11:01,Маслосъемный колпачок MMC ME120154 14.9-9.5-13.5 8PCS/SET 8M20/8M81/8M22/6M70 Y,2,311,Yamasida,ME120154,Москва
2025-12-28 14:11:01,Маслосъемный колпачок MMC ME215092 14.9-8.4-13.5 8PCS/SET 6D16/6D17 Y,2,275,Yamasida,ME215092,Москва
2025-12-28 14:11:01,Маслосъемный колпачок NISSAN 13207-Z5001 13.4-8.5-14.5 8PCS/SET FD35/FD42/ED33/MD92TB Y,2,363,Yamasida,13207-Z5001,Москва
2025-12-28 14:11:01,Маслосъемный колпачок NISSAN 13207-Z5501 13.8-8.3-14.6 8PCS/SET FD35/FD42/ED33/MD92TB Y,2,363,Yamasida,13207-Z5501,Москва
2025-12-28 14:11:01,Маслосъемный колпачок TOYOTA 90913-02079 8PCS/SET 3RZ/2JZ/5A/7A/2TZ Y,2,275,Yamasida,90913-02079,Москва
2025-12-28 14:11:01,Маслосъемный колпачок TOYOTA 90913-02094 8PCS/SET 1HZ/1HDT/1Y/2Y/3Y/5K/7KE/2C/3C Y,10,275,Yamasida,90913-02094,Москва
2025-12-28 14:11:01,Маслосъемный колпачок TOYOTA 90913-02096 11.5-6.6-9.6 12PCS/SET 15B/1HD/1FZ/1BZ Y,10,414,Yamasida,90913-02096,Москва
2025-12-28 14:11:01,Маслосъемный колпачок TOYOTA 90913-02129 8PCS/SET 1GDFTV/2GDFTV Y,3,236,Yamasida,90913-02129,Москва
2025-12-28 14:11:01,Масляная форсунка охлаждения поршня 1-13342-139-2 6WG1 C-series D.BEST,6,837,Дизель,1-13342-139-2,Москва
2025-12-28 14:11:01,Масляная форсунка охлаждения поршня 11418-E0040 Hino E13C D.BEST,12,788,Дизель,11418-E0040,Москва
2025-12-28 14:11:01,Масляная форсунка охлаждения поршня 11418-E0080 Hino J05D/S05C D.BEST,11,727,Дизель,11418-E0080,Москва
2025-12-28 14:11:01,Масляная форсунка охлаждения поршня 11418-E0100 Hino A05C D.BEST,4,1296,Дизель,11418-E0100,Москва
2025-12-28 14:11:01,Масляная форсунка охлаждения поршня 8-94370-579-1/8-98370-780-0 D.BEST,16,661,Дизель,8-98370-780-0,Москва
2025-12-28 14:11:01,"Масляная форсунка охлаждения поршня 8-98067-162-0 4HK1-T F,N-series D.BEST",6,414,Дизель,8-98067-162-0,Москва
2025-12-28 14:11:01,Масляная форсунка охлаждения поршня 8-98370-779-0 / 8-94399-187-1 D.BEST JAPAN,4,460,Дизель,8-98370-779-0,Москва
2025-12-28 14:11:01,Масляная форсунка охлаждения поршня S110B-E0010 Hino 300 E-3/4 D.BEST,10,690,Дизель,S110B-E0010,Москва
2025-12-28 14:11:01,Масляный картер A5410102013 Mercedes ориг !,1,100803,Mercedes-Benz,A 541 010 20 13,Москва
2025-12-28 14:11:01,Маховик D-125110 / 8-97602-463-2 6HK1-T Евро-4 ISUZU FVR34 Дизель,10,15638,Дизель,D-125110,Москва
2025-12-28 14:11:01,"Маховик D-125527 / 1-12330-400-1 type B 6WA1TC 430m*139t*10H*19mm17"" Дизель",1,15459,Дизель,D-125527,Москва
2025-12-28 14:11:01,"Маховик D-126682 / FW-802 /13450-1320 HIN H06CT 350mm*129t*8H*14.5mm14"" Дизель",1,8205,Дизель,D-126682,Москва
2025-12-28 14:11:01,"Маховик D-126683 / 1-12331-258-2 ISU 10PC1 430mm*164t*8H*19mm17"" Дизель",1,13853,Дизель,D-126683,Москва
2025-12-28 14:11:01,Маховик D-126684 / 8-97366-601-1 / 8-97366-601-0 300mm*8H*138T ISUZU 4HV1/4HL1 Дизель,14,8477,Дизель,D-126684,Москва
2025-12-28 14:11:01,"Маховик D-127044 / FW-805 /13450-3700 HIN E13C 430mm*137t*8H*19mm17"" HINO700 Дизель",1,12025,Дизель,D-127044,Москва
2025-12-28 14:11:01,"Маховик D-127045 / FW-803 /13450-1203 / 13450-2414 HIN EK100 430mm*137t*8H*17mm17"" Дизель",1,14549,Дизель,D-127045,Москва
2025-12-28 14:11:01,Маховик D-127047 / 1-12331-425-0 ISU 6WF1 CYZ51K EURO3 Дизель,2,13513,Дизель,D-127047,Москва
2025-12-28 14:11:01,"Маховик D-127048 / ME221405 325*210*368 z=114, MMC 4M50, FE64D FE64 FE84 Дизель",2,8239,Дизель,D-127048,Москва
2025-12-28 14:11:01,"Маховик D-127321 / FW-804 / 13450-2761 HIN P11C 430mm*137t*9H*17mm17"" Дизель",1,7960,Дизель,D-127321,Москва
2025-12-28 14:11:01,"Маховик D-128136 / FW-605 / ME052658 MMC 6D22 430mm*143t*10H*17mm17"" Дизель",1,12025,Дизель,D-128136,Москва
2025-12-28 14:11:01,"Маховик D-128459 / FW-607 / ME062830 / 062698 MMC 8DC91 430mm*143t*10H*17mm17"" 107mm Дизель",1,11434,Дизель,D-128459,Москва
2025-12-28 14:11:01,"Маховик D-128460 / FW-101 / 12310-97619 / 13450-97773 NIS RF8 430mm*140t*10H*16.5mm17"" Дизель",1,15508,Дизель,D-128460,Москва
2025-12-28 14:11:01,Маховик D-128804 / 1-12331-418-0 / 8-97610-230-0 ISUZU Дизель,1,14080,Дизель,D-128804,Москва
2025-12-28 14:11:01,Маховик D-129803 / 13450-E0L50 N04C 300*129T*8H*Ø70 HINO 300 Дизель,12,8532,Дизель,D-129803,Москва
2025-12-28 14:11:01,"Маховик HIN EM100 / D-129280 380mm*137t*9H*17mm15"" ! Дизель",1,8132,Дизель,D-129280,Москва
2025-12-28 14:11:01,Маховик 13450-E0B60/13450-E0B61 J08C/J08E HINO500 E4 SKV,1,9559,SKV,13450-E0B60,Москва
2025-12-28 14:11:01,"Маховик ISU 4HF1 central hole 52mm D-129281 / 8-97166-516-0 325mm*138t*8H*16.5mm13"" ! Дизель",1,7384,Дизель,D-129281,Москва
2025-12-28 14:11:01,Маховик ISU 4HK1 FW-433 /8-98056-355-2 350*143*8*16*52 MZW6P FSR90 SKV,1,9407,SKV,8-98056-355-2,Москва
2025-12-28 14:11:01,Маховик ISU 4HK1 RKFY-9B / 8-97326-227-0 325mm*138T 8H*15mm SKV,60,7566,SKV,8-97326-227-0,Москва
2025-12-28 14:11:01,Маховик 8-97602-463-2 6HK1-T Евро-4 ISUZU FVR34 ISUZU SKV,15,9677,SKV,8-97602-463-2,Москва
2025-12-28 14:11:01,Маховик ДВС 5259641F N80/N120 JAC ORIG,3,26587,JAC,5259641F,Москва
2025-12-28 14:11:01,Механизм запасного колеса 62810-45052 HYUNDAI HD65/72/78 ORIG,1,4103,Hyundai-Kia,62810-45052,Москва
2025-12-28 14:11:01,Механизм регулировки тормоза 80177C Haldex !,1,9079,Haldex,80177C,Москва
2025-12-28 14:11:01,Механизм стеклоподъемника D-128776 / 1-74418-134-0 Дизель,1,965,Дизель,D-128776,Москва
2025-12-28 14:11:01,Механизм стояночного тормоза 59810-45060 HYUNDAI ORIG,1,10706,Hyundai-Kia,59810-45060,Москва
2025-12-28 14:11:01,Молдинг ветрового стекла верхний 8-98041-651-3/8-98041-651-1 FVR34 ORIG,1,5012,Isuzu,8-98041-651-3,Москва
2025-12-28 14:11:01,Молдинг ветрового стекла верхний D-125724 / 8-98041-651-3 / 8-98041-651-1 FVR34 Дизель,4,2409,Дизель,D-125724,Москва
2025-12-28 14:11:01,Молдинг ветрового стекла нижний 8-98222-159-0/8-97519-456-0 FVR34 ORIG,1,6220,Isuzu,8-97519-456-0,Москва
2025-12-28 14:11:01,Молдинг ветрового стекла нижний D-125578 / 8-98222-159-0 / 8-97519-456-0 FVR34 Дизель,2,1585,Дизель,D-125578,Москва
2025-12-28 14:11:01,Молдинг лобового стекла (внешний) 8-97581-624-3 NQR75/NQR71 ORIG,2,4745,Isuzu,8-97581-624-3,Москва
2025-12-28 14:11:01,Молдинг лобового стекла (низ) 8-98083-541-1 NLR85 ORIG,15,5209,Isuzu,8980835411,Москва
2025-12-28 14:11:01,Молдинг лобового стекла ниж. 8-97519-455-0/8-98222-158-0/8-98041-653-0 F-series ORIG,5,6077,Isuzu,8-97519-455-0,Москва
2025-12-28 14:11:01,Молдинг лобового стекла нижний D-125340 / 8-98083-542-1 ISUZU NPR75/NQR90 Дизель,6,841,Дизель,D-125340,Москва
2025-12-28 14:11:01,Молдинг лобового стекла(верх) NPR75/NQR90 8-98029-079-1/7-55212-931-0 ORIG,12,4890,Isuzu,8980290791,Москва
2025-12-28 14:11:01,Молдинг лобового стекла(низ) 8-98083-542-1 NPR75/NQR90 ORIG,9,5694,Isuzu,8980835421,Москва
2025-12-28 14:11:01,Молдинг на решетке радиатора 2803111U1570 JAC ORIG,1,1346,JAC,2803111U1570,Москва
2025-12-28 14:11:01,Молдинг на решетке радиатора 2803113U1570 JAC ORIG,1,1346,JAC,2803113U1570,Москва
2025-12-28 14:11:01,Монтажный набор для энергоаккумулятора II37099 Knorr-Bremse,1,510,Knorr Bremse,II37099,Москва
2025-12-28 14:11:01,Мотор омывателя 98370-7A000 HYUNDAI HD160/170/260/270/450 ORIG,1,946,Hyundai-Kia,98370-7A000,Москва
2025-12-28 14:11:01,Мотор омывателя стекла лобового 98370-5H200 Hyundai HD65/72/78 ORIG,7,994,Hyundai-Kia,98370-5H200,Москва
2025-12-28 14:11:01,Мотор отопителя / печки D-127219 / HY-20331 / 27220-0T100 / MHT102K с крыльчаткой 24V ISUZU Дизель,3,2664,Дизель,D-127219,Москва
2025-12-28 14:11:01,Мотор отопителя / печки D-127223 / AD-NS02 / 27117-30Z00 / CW520 24V NISSAN Дизель,2,2644,Дизель,D-127223,Москва
2025-12-28 14:11:01,Мотор отопителя / печки D-128424 / 8101050-367 с крыльчаткой FAW Дизель,1,1535,Дизель,D-128424,Москва
2025-12-28 14:11:01,Мотор отопителя/печки D-126537 / 811W61942-0003/5 Howo/Sitrak C7H Дизель,1,3972,Дизель,D-126537,Москва
2025-12-28 14:11:01,Мотор отопителя/печки D-126690 / HY-20330 / 5-02725-038-0 24V ISUZU с крыльчаткой FRR/CXZ Дизель,3,2662,Дизель,D-126690,Москва
2025-12-28 14:11:01,Мотор отопителя/печки D-126692 / HY-20328 / MC140940 / 282500-0212 24V MMC CANTER NEW без крыльчатки Дизель,4,2377,Дизель,D-126692,Москва
2025-12-28 14:11:01,Мотор отопителя/печки D-126693 / HY-20326 / AD-MC05 / AD-HN01 24V MMC FUSO FV350 162500-5461 Дизель,1,1856,Дизель,D-126693,Москва
2025-12-28 14:11:01,Мотор отопителя/печки D-126694 / AD-TY02 12V TOYOTA DYNA 94~ с крыльчаткой Дизель,6,2383,Дизель,D-126694,Москва
2025-12-28 14:11:01,Мотор отопителя/печки D-126705 / HY-20332 / 5-02725-058-6 NKR66 24V ISUZU LHD левый руль Дизель,1,3147,Дизель,D-126705,Москва
2025-12-28 14:11:01,Мотор отопителя/печки D-127016 / ME733724 DF073 MITSUBISHI FUSO CANTER 24V Дизель,4,2832,Дизель,D-127016,Москва
2025-12-28 14:11:01,Мотор отопителя/печки D-127218 / 1-83561-164-0/1-83561-121-0/1-83579-636-0 24V ISUZU LHD/CYZ Дизель,2,2607,Дизель,D-127218,Москва
2025-12-28 14:11:01,Мотор отопителя/печки D-127220 / AD-MC11 24V MMC FUSO FK330 90~ Дизель !,3,811,Дизель,D-127220,Москва
2025-12-28 14:11:01,Мотор отопителя/печки D-127221 / MHT601K/MC928629/282500-0131 MMC FUSO FK617 без крыльчатки Дизель,3,2186,Дизель,D-127221,Москва
2025-12-28 14:11:01,"Мотор отопителя/печки D-127999/116340-6181/282500-1371/S8710-41200 HINO500/700 FR,E13C 24V Дизель",1,2841,Дизель,D-127999,Москва
2025-12-28 14:11:01,Мотор отопителя/печки D-129292 / AD-MC04/MHT621K 60-101 MMC CANTER 96~ 24V Дизель,1,2510,Дизель,D-129292,Москва
2025-12-28 14:11:01,Мотор отопителя/печки D-129293 / AD-NS03 NISSAN DIESEL/CONDOR YU41 8T 90~ 24V Дизель,2,2360,Дизель,D-129293,Москва
2025-12-28 14:11:01,Мотор отопителя/печки MMC CANTER NEW D-129295 / HY-20358 24V с крыльчаткой Дизель,4,2345,Дизель,D-129295,Москва
2025-12-28 14:11:01,Мотор отопителя/печки NISSAN ATLAS 27220-0T400 / D-127222 / AD-NS07 60-030 F23 92-12v Дизель,1,2472,Дизель,D-127222,Москва
2025-12-28 14:11:01,Мотор отопителя/печки TOYOTA DYNA 92~ 24V D-129296 / AD-TY04 Дизель,7,2186,Дизель,D-129296,Москва
2025-12-28 14:11:01,Мотор отопителя/печки TOYOTA DYNA/HINO300/HINO 94~ 24V AD-TY03 (без крыльчатки),3,2196,Дизель,AD-TY03,Москва
2025-12-28 14:11:01,Мотор отопителя/печки Мazda Titan D-129297 / HY-20338 282500-0050 24V с крыльчаткой Дизель,3,2377,Дизель,D-129297,Москва
2025-12-28 14:11:01,Мотор стеклоомывателя D-125884 / 98300-Y5010B-1 JAC N350 Дизель,1,645,Дизель,D-125884,Москва
2025-12-28 14:11:01,Мотор стеклоочистителя 810W26401-6143 HOWO ORIG,2,3129,Howo,810W26401-6143,Москва
2025-12-28 14:11:01,Мотор стеклоочистителя D-127896 / 810W26401-6143 HOWO Дизель,1,2880,Дизель,D-127896,Москва
2025-12-28 14:11:01,Мотор стеклоподъемника 98900-5H000 HD72/78 ORIG,3,4853,Hyundai-Kia,98900-5H000,Москва
2025-12-28 14:11:01,Мотор стеклоподъемника D-127158 / 1-74418-177-0 LH ISUZU CYZ52/EXZ51 Дизель,1,2024,Дизель,D-127158,Москва
2025-12-28 14:11:01,Мотор стеклоподъемника D-128138 / 1-74418-176-0 RH ISUZU CYZ52/EXZ51 Дизель,1,2341,Дизель,D-128138,Москва
2025-12-28 14:11:01,Мотор стеклоподъемника левой двери 98800-5H000 HYUNDAI HD65/72/78 ORIG,1,5039,Hyundai-Kia,98800-5H000,Москва
2025-12-28 14:11:01,Мотор стеклоподъемника правый A0008205008 / A0008205208 Mercedes ориг !,1,11971,Mercedes,A 000 820 50 08,Москва
2025-12-28 14:11:01,Муфта вентилятора 25239-48010 HYUNDAI HD78 ORIG,3,9262,Hyundai-Kia,25239-48010,Москва
2025-12-28 14:11:01,Муфта вентилятора 25239-48700 Hyundai HD65/78 ORIG,1,9262,Hyundai-Kia,25239-48700,Москва
2025-12-28 14:11:01,Муфта вентилятора 25239-52022 HYUNDAI HD120 ORIG,1,35192,Hyundai-Kia,25239-52022,Москва
2025-12-28 14:11:01,Муфта вентилятора 4HK1 NP/NQR/NPS/NPR75/NQR90/FSR90 04~ D-127160/8-98019-743-0/8-98158-388-0 Дизель,1,3947,Дизель,D-127160,Москва
2025-12-28 14:11:01,Муфта вентилятора 8-98071-042-0 / 1-21650-212-1/0 6WF1/6WG1 / CXZ/CYZ/CYY SKV,1,11825,SKV,8-98071-042-0,Москва
2025-12-28 14:11:01,Муфта вентилятора D-126213 / 16250-1750 / S1625-01750 / 16250-78110/11 / E0250 / E0251 N04C Дизель,2,5274,Дизель,D-126213,Москва
2025-12-28 14:11:01,Муфта вентилятора D-126214 / S1625-01461 / 16250-E0070 / 16250-1211 HINO F17E P11C K13D EF750 Дизель,2,13433,Дизель,D-126214,Москва
2025-12-28 14:11:01,Муфта вентилятора D-127127 / 8-97139-299-0 4HF1/4HG1 Дизель,1,3450,Дизель,D-127127,Москва
2025-12-28 14:11:01,Муфта вентилятора D-127128 / 8-94392-262-1 / 8-94394-009-0 6HE1 Дизель,2,5174,Дизель,D-127128,Москва
2025-12-28 14:11:01,Муфта вентилятора D-127323 / 8-98024-684-0 / 8-97382-603-0 4JJ1-T NLR85/NMR85 Дизель,1,5568,Дизель,D-127323,Москва
2025-12-28 14:11:01,Муфта вентилятора D-128832 / ME013574 4D33/34/35 Дизель,2,3848,Дизель,D-128832,Москва
2025-12-28 14:11:01,Муфта вентилятора D-128833 / ME240908 4M50/51 Дизель,2,5643,Дизель,D-128833,Москва
2025-12-28 14:11:01,Муфта вентилятора D-128834 / ME035321 / ME075005 / ME075013 6D16/17 Дизель,2,4286,Дизель,D-128834,Москва
2025-12-28 14:11:01,Муфта вентилятора S1625-01880/16250-1880 J08E HINO500 ORIG,1,54847,hino,S1625-01880,Москва
2025-12-28 14:11:01,Муфта выжимного подшипника C-002 /UCB-002 30501-90020 PM !,1,1535,Paul Master,C-002,Москва
2025-12-28 14:11:01,Муфта выжимного подшипника C-004 / HCB-004 31231-1111 PM,1,1918,Paul Master,HCB-004,Москва
2025-12-28 14:11:01,"Муфта выжимного подшипника C-005 ME675576 FP/FT/FS/FY/FU5# 00,01`~ PM !",2,762,Paul Master,C-005,Москва
2025-12-28 14:11:01,Муфта выжимного подшипника C-006 ME655779 FP415/418 FV415 83-96` PM !,2,762,Paul Master,C-006,Москва
2025-12-28 14:11:01,Муфта выжимного подшипника C-011 ME625365 FK315/16/25 86-90` FK415/16/25/35/515 84-91` PM !,2,1215,Paul Master,C-011,Москва
2025-12-28 14:11:01,Муфта выжимного подшипника M-1605124-A9-01 N75 JAC ORIG,2,1794,JAC,M-1605124-A9-01,Москва
2025-12-28 14:11:01,Муфта выжимного подшипника MK-001 / FCB-001 ME629194 PM,1,2376,Paul Master,FCB-001,Москва
2025-12-28 14:11:01,Муфта выжимного подшипника RP-001 / FCB-002 ME670582 PM,1,2138,Paul Master,FCB-002,Москва
2025-12-28 14:11:01,Муфта синхронизатора 2-3 передачи 43361-5H001 HYUNDAI HD65/72 ORIG,1,4512,Hyundai-Kia,43361-5H001,Москва
2025-12-28 14:11:01,Муфта синхронизатора 60531897/154399/A9452626823 Euroricambi !,1,11076,Euroricambi,60.53.1897,Москва
2025-12-28 14:11:01,Муфта синхронизатора Z-1708270-90-00 JAC ORIG,3,10479,JAC,Z-1708270-90-00,Москва
2025-12-28 14:11:01,Муфта синхронизатора КПП 0K850-17235/QW43382-6A340 HYUNDAI HD120 D6DA ORIG,2,5835,Hyundai-Kia,0K850-17235,Москва
2025-12-28 14:11:01,Муфта синхронизатора КПП 3-4 передачи 60530693 /A9452622823 / T15317 Mercedes/Euroricambi !,1,10072,Euroricambi,60.53.0693,Москва
2025-12-28 14:11:01,Муфта синхронизатора КПП 6 передачи в сборе D-125577 / 8-97367-022-0 NPR75/NQR90 Дизель,2,3560,Дизель,D-125577,Москва
2025-12-28 14:11:01,Муфта синхронизатора КПП 6 передачи в сборе D-128554 / 8-97367-022-0 NPR75/NQR90 Дизель,4,3431,Дизель,D-128554,Москва
2025-12-28 14:11:01,"Муфта сихронизатора КПП 1-33262-229-0/1-33262-231-0 C,E-series ORIG",2,40666,Isuzu,1-33262-229-0,Москва
2025-12-28 14:11:01,Нагревательный эл. блока подготовки возд. II30460004 Mercedes/Knorr-Bremse !,1,5745,Knorr Bremse,II30460004,Москва
2025-12-28 14:11:01,Надкрылок задний правый 5522920U2220 S3 JAC ORIG,1,601,JAC,5522920U2220,Москва
2025-12-28 14:11:01,Накладка (рамка) левой фары 8-97611-531-2/0/1 FVR34 ORIG,10,1537,Isuzu,8976115312,Москва
2025-12-28 14:11:01,Накладка (рамка) правой фары 8-97611-530-2 FVR34 ORIG,3,1537,Isuzu,8976115302,Москва
2025-12-28 14:11:01,Накладка (щиток) левой двери кабины белая наружная 8-97415-345-1 FVR90/FSR34 ORIG,1,8086,Isuzu,8-97415-345-1,Москва
2025-12-28 14:11:01,Накладка (щиток) правой двери кабины 8-97415-393-1 FVR34 ORIG,4,8086,Isuzu,8974153931,Москва
2025-12-28 14:11:01,Накладка бампера 1-71211-284-2 / 1-71211-284-1 ORIG,1,7161,Isuzu,1-71211-284-2,Москва
2025-12-28 14:11:01,Накладка бампера LH D-128162 / WG1664245003 HOWO Дизель,1,710,Дизель,D-128162,Москва
2025-12-28 14:11:01,Накладка бампера RH D-128163 / WG1664245004 HOWO Дизель,1,710,Дизель,D-128163,Москва
2025-12-28 14:11:01,Накладка бампера лев (угловая) D-126540 / 812W41610-0227 Sitrak C7H Дизель,1,893,Дизель,D-126540,Москва
2025-12-28 14:11:01,Накладка бампера угловая LH D-128778 / 8-98138-789-3 металлическая CYZ52/EXZ52 Дизель,1,4179,Дизель,D-128778,Москва
2025-12-28 14:11:01,Накладка бампера угловая RH D-128779 / 8-98138-788-3 металлическая CYZ52/EXZ52 Дизель,1,4179,Дизель,D-128779,Москва
2025-12-28 14:11:01,Накладка бампера центр левая D-126544 / 812W41685-0035 Sitrak C7H Дизель,2,719,Дизель,D-126544,Москва
2025-12-28 14:11:01,Накладка бампера центр правая D-126545 / 812W41685-0036 Sitrak C7H Дизель,2,725,Дизель,D-126545,Москва
2025-12-28 14:11:01,Накладка двери RH D-128777 / 8-97415-393-1 ISUZU FVR34 Дизель,1,2893,Дизель,D-128777,Москва
2025-12-28 14:11:01,Накладка двери кабины левая 8-98234-067-0 C-series ORIG,1,11104,Isuzu,8-98234-067-0,Москва
2025-12-28 14:11:01,Накладка двери кабины правая 8-98234-066-0 C-series ORIG,5,10197,Isuzu,8-98234-066-0,Москва
2025-12-28 14:11:01,Накладка двери левая D-126210 / 8-98106-503-0 FVR Дизель,1,6021,Дизель,D-126210,Москва
2025-12-28 14:11:01,Накладка задней двери 5522500U221G-A011 JAC S3 ORIG,2,2681,JAC,5522500U221G-A011,Москва
2025-12-28 14:11:01,Накладка задней тормозной колодки BN04000050-MCPSZ N120 JAC ORIG,173,739,JAC,BN04000050-MCPSZ,Москва
2025-12-28 14:11:01,Накладка зеркала с камерой L D-128330 / 712W63730-0042 SITRAK C7H Дизель,3,2757,Дизель,D-128330,Москва
2025-12-28 14:11:01,Накладка зеркала с камерой R D-128331 / 712W63730-0043 SITRAK C7H Дизель,3,2757,Дизель,D-128331,Москва
2025-12-28 14:11:01,Накладка кабины L MC978787 Fuso Canter TF Е-5 ORIG,4,22176,Mitsubishi,MC978787,Москва
2025-12-28 14:11:01,Накладка кабины боковая L D-128782 / 8-97407-507-2 F-series Дизель,2,1391,Дизель,D-128782,Москва
2025-12-28 14:11:01,Накладка кабины боковая R 8-97407-506-2/8-97468-689-0 F-series ORIG,2,6196,Isuzu,8-97468-689-0,Москва
2025-12-28 14:11:01,Накладка кабины боковая R D-125042 / 8-97407-506-2 F-series Дизель,2,1386,Дизель,D-125042,Москва
2025-12-28 14:11:01,Накладка кабины левая D-126744 / 812W62410-6031 HOWO T5G (компл из 2х частей) Дизель,1,1869,Дизель,D-126744,Москва
2025-12-28 14:11:01,Накладка колодки тормозной D-127675 / 3501B247-105 JAC N120 LE35S Дизель,1,24387,Дизель,D-127675,Москва
2025-12-28 14:11:01,Накладка на бампер верхняя левая 8-97611-543-0 FVR34 ORIG,1,835,Isuzu,8-97611-543-0,Москва
2025-12-28 14:11:01,Накладка облицовки противотуманной фары правая 2803214U1510 JAC S5 ORIG,1,234,JAC,2803214U1510,Москва
2025-12-28 14:11:01,Накладка перед бампера 86400-Y3B00 JAC N350 (NON-GENUINE),1,23098,Noname,86400-Y3B00,Москва
2025-12-28 14:11:01,Накладка переднего бампера 2803114U221G S3 JAC ORIG,4,821,JAC,2803114U221G,Москва
2025-12-28 14:11:01,Накладка переднего бампера L MK618522 Fuso Canter TF E-5 ORIG,2,13570,Mitsubishi,MK618522,Москва
2025-12-28 14:11:01,Накладка переднего бампера левая (низ) 8-98139-107-2 CYZ/CYH/EXR/EXZ ORIG,1,378,Isuzu,8-98139-107-2,Москва
2025-12-28 14:11:01,Накладка переднего бампера правая (верх) 8-98139-102-1 CYZ/CYH/EXR/EXZ ORIG,1,378,Isuzu,8-98139-102-1,Москва
2025-12-28 14:11:01,Накладка переднего бампера правая (низ) 8-98139-106-2 CYZ/CYH/EXR/EXZ ORIG,1,378,Isuzu,8-98139-106-2,Москва
2025-12-28 14:11:01,Накладка передней торм колодки верх D-125889 / AK35013235GJH JAC N350 Дизель,39,331,Дизель,D-125889,Москва
2025-12-28 14:11:01,Накладка передней торм колодки ниж D-125890 / AK35013225GJH JAC N350 Дизель,37,331,Дизель,D-125890,Москва
2025-12-28 14:11:01,Накладка передней тормозной колодки 3501105C10QZ-TBK (1шт) J120 JAC ORIG,188,803,JAC,3501105C10QZ-TBK,Москва
2025-12-28 14:11:01,Накладка подножки кузова LH 86910-5K000 HD65/72/78 ORIG,1,4585,Hyundai-Kia,86910-5K000,Москва
2025-12-28 14:11:01,Накладка противоскользящая бампера низ D-126549 / 812W41610-2873 Sitrak C7H Дизель,2,416,Дизель,D-126549,Москва
2025-12-28 14:11:01,"Накладка солнцезащиного козырька L 8-97408-029-0 F,N-series ORIG",1,401,Isuzu,8-97408-029-0,Москва
2025-12-28 14:11:01,Накладка торм колодки (на колесо) AK35013245GJH+AK35013235GJH JAC N350 (NON-GENUINE)дефект,1,3573,Дизель,AK35013245GJH,Москва
2025-12-28 14:11:01,"Накладка тормозная (к-т на ось) D-126034 / T320-1104 Canter / Titan 320-120 x 11,0-307 Дизель",1,1787,Дизель,D-126034,Москва
2025-12-28 14:11:01,Накладка тормозная (к-т на ось) D-126178 / T420-1900 / Z4206-1900 190х15.8х184 MMC/Fuso Дизель,6,4786,Дизель,D-126178,Москва
2025-12-28 14:11:01,Накладка тормозная (к-т на ось) D-126189/T370-1500/Z3706-1500/AL-6500R/1611L35 Дизель,1,3413,Дизель,D-126189,Москва
2025-12-28 14:11:01,Накладка тормозная (к-т на ось) D-126192/T320-758A / Z3206-758 / 205K Mitsubishi Canter Дизель,1,1397,Дизель,D-126192,Москва
2025-12-28 14:11:01,Накладка тормозная (к-т на ось) D-126193 / T320-1451 / 47443-2791 6*12 8451R HINO Дизель,2,3042,Дизель,D-126193,Москва
2025-12-28 14:11:01,Накладка тормозная (к-т на ось) D-126204 / T320-1101 / MC895080 6*12 MITSUBISHI FK 102 Дизель,2,1987,Дизель,D-126204,Москва
2025-12-28 14:11:01,Накладка тормозная (к-т на ось) D-127163 / T410-1800 / 44066-90315 180*17.8-197 NISSAN Дизель,2,5494,Дизель,D-127163,Москва
2025-12-28 14:11:01,Накладка тормозная (к-т на ось) D-127515 / T300-751A / 5-87870-017-0 75*7.7-281 Isuzu Дизель,3,1001,Дизель,D-127515,Москва
2025-12-28 14:11:01,Накладка тормозная (к-т на ось) D-127517 / T406-1650/1600 / Z4068-1650/1600 Hino FR#/FS# 226 Дизель,4,5023,Дизель,D-127517,Москва
2025-12-28 14:11:01,Накладка тормозная (к-т на ось) D-127518 / T410-1785 / Z4108-1785 полуприцепы Корея Дизель,4,5966,Дизель,D-127518,Москва
2025-12-28 14:11:01,Накладка тормозная (к-т на ось) D-127519 / Z4068-2295 HINO 500 зад. E-5 Дизель,2,5712,Дизель,D-127519,Москва
2025-12-28 14:11:01,Накладка тормозная (к-т на ось) D-127530 / T370-1200 / Z3708-1200 / AL-4200 Дизель,6,3080,Дизель,D-127530,Москва
2025-12-28 14:11:01,Накладка тормозная (к-т на ось) D-129301 / T410-1600 Z4104-1600 160*16.0*207/191 ISUZU Дизель,6,5314,Дизель,D-129301,Москва
2025-12-28 14:11:01,Накладка тормозная (к-т на ось) D-126205 / T320-1100 / 1-47125-035-0 110*11.8-310 Isuzu FSR113 Дизель,3,2335,Дизель,D-126205,Москва
2025-12-28 14:11:01,Накладка тормозная (к-т на ось) D-126180 / T410-2204 / 1-88302-951-0 220*15.8-191 4204 Isuzu 51L Дизель,1,5702,Дизель,D-126180,Москва
2025-12-28 14:11:01,Накладка тормозная (к-т на ось) D-126182 / T410-1801 / 1-88302-879-0 180*15.8-191 4401 Isuzu 51K Дизель,2,5247,Дизель,D-126182,Москва
2025-12-28 14:11:01,Накладка тормозная (к-т на ось) D-126183 / T410-1501 / MC832450 / MC895585 / 6501F 150х15.5-192 Дизель,3,5066,Дизель,D-126183,Москва
2025-12-28 14:11:01,Накладка тормозная (штучно) 3502.36G-105JAC ORIG,2,950,JAC,3502.36G-105,Москва
2025-12-28 14:11:01,"Накладка тормозная D-125491/1-87610-173-0/1-88311-314-0 (8шт, на ось) CYZ51/CYZ52/FVR34 Дизель",13,4158,Дизель,D-125491,Москва
2025-12-28 14:11:01,Накладка тормозная (к-т на ось) D-126181 / T410-2202 / 44066-90600 220*15.5-192 6*20 AF320 NISSAN CB46 Дизель,3,5533,Дизель,D-126181,Москва
2025-12-28 14:11:01,Накладка тормозная (к-т на ось) D-126186 / T406-2030 / 47441-1670 203*15.3-195 6*16/AF248 HINO ZM440 Дизель,10,5951,Дизель,D-126186,Москва
2025-12-28 14:11:01,Накладка тормозная D-126187 / T406-1270 / 47441-5670 127*15.3-195 8270F (к-т на ось) HINO ZM440 Дизель,2,4081,Дизель,D-126187,Москва
2025-12-28 14:11:01,Накладка тормозная (к-т на ось) D-126191 / T320-950 / Z3201- 950 NISSAN DIESEL CONDOR CL80/CM87/CP88/MK120 Дизель,6,1674,Дизель,D-126191,Москва
2025-12-28 14:11:01,Накладка тормозная (к-т на ось) D-126195 / T320-1400 / MC869158 140*11.5-143 6*12 AF4062 MITSUBISHI FK 415 Дизель,8,2548,Дизель,D-126195,Москва
2025-12-28 14:11:01,Накладка тормозная D-126196 / T320-1350 / 44066-Z5273 135*11.5-143 6*12 AF327 (к-т на ось) NISSAN Дизель,6,2465,Дизель,D-126196,Москва
2025-12-28 14:11:01,Накладка тормозная (к-т на ось) D-126197 / T320-1300/44066-Z5626 130*11.5-143 6*12 AF325 MITSUBISHI FK102 Дизель,3,2082,Дизель,D-126197,Москва
2025-12-28 14:11:01,Накладка тормозная (к-т на ось) D-126202 / T320-1151 / 44066-Z5828 1151х11.5-143 6х12 MITSUBISHI FK 102 Дизель,4,1896,Дизель,D-126202,Москва
2025-12-28 14:11:01,Накладка тормозная D-126207 / 58305-45A30 / 58144-45A60 85mm к-т 4шт с заклепками 40шт HD72 Дизель,35,1550,Дизель,D-126207,Москва
2025-12-28 14:11:01,Накладка тормозная D-126208 / 58342-7J500 Hyundai с104pcs заклепками (8шт в к-те) HD160-450 Дизель,13,2323,Дизель,D-126208,Москва
2025-12-28 14:11:01,"Накладка тормозная D-127017 / K1L07A / 58305-45A61 110mm 4шт, без заклепок FR/RR HD78 Fuso Дизель",11,2851,Дизель,D-127017,Москва
2025-12-28 14:11:01,"Накладка тормозная (к-т на ось) D-127019/T410-2208/Z4104-2208/1-88310-775-0 (к-т на ось, заклепки в комплекте)HINO NEW Дизель",6,7313,Дизель,D-127019,Москва
2025-12-28 14:11:01,Накладка тормозная D-127021 / Т410-1601 / 1-88311-314-0 (8 шт в компл) CYZ51/CYZ52/FVR Дизель,7,5086,Дизель,D-127021,Москва
2025-12-28 14:11:01,Накладка тормозная (к-т на ось) D-127388 / T410-2004 / Z4104-2004 / 1-88310-513-2/1/0 200х16.0х207/191 Дизель,2,4276,Дизель,D-127388,Москва
2025-12-28 14:11:01,Накладка тормозная D-127514 / K1L07A /58305-45A61 110mm Fuso (компл. 4шт. с заклепками(56 шт)Дизель,2,1802,Дизель,D-127514,Москва
2025-12-28 14:11:01,Накладка тормозная (к-т на ось) D-127529 / T320-755A / 5-88300-002-0 / AL-4755A 75*9.6-291 NKR66/NPR66 Дизель,7,1580,Дизель,D-127529,Москва
2025-12-28 14:11:01,Накладка тормозная (к-т на ось) D-127531 / T410-1804 / Z4101-1804 / 41039-00Z03 NISSAN DIESEL/CONDOR Дизель,4,4850,Дизель,D-127531,Москва
2025-12-28 14:11:01,"Накладка тормозная D-128061/T410-1750 Z4106-1750/175*15,5-192(410) (к-т на ось) Дизель",4,6213,Дизель,D-128061,Москва
2025-12-28 14:11:01,Накладка тормозная (к-т на ось) D-129302 /T410-2000/MC809770/MC895697 200*15.5-191 6200R MITSUBISHI T850 Дизель,6,7104,Дизель,D-129302,Москва
2025-12-28 14:11:01,"Накладка тормозная STD 203*8"" 1535249/BL2102 (4шт/к-т) Scania",7,1760,Дизель,1535249,Москва
2025-12-28 14:11:01,"Накладка тормозная STD 254*10"" 1535250/BL2103 (4шт/к-т) Scania",4,1932,Дизель,1535250,Москва
2025-12-28 14:11:01,Накладка тормозная (к-т на ось) T320-1207 /D-126199 / 5-87831-692-0 120*11*331/308 Богдан/NPR/NQR75/71 перед/зад Дизель,9,2221,Дизель,D-126199,Москва
2025-12-28 14:11:01,"Накладка тормозная (к-т на ось) T320-1250 / Z3208-1250 HINO PROFIA FW/KK/SD, HINO RANGER FC/FD/FT/GD/KD 89-90",10,2195,Дизель,D-126198,Москва
2025-12-28 14:11:01,Накладка тормозная Uza D-129303 / HR400 220 48 / 44066-90166 (8шт) Дизель !,5,2921,Дизель,D-129303,Москва
2025-12-28 14:11:01,Накладка тормозная задняя (штучно) D-125886 / AK35020842BZ7 JAC N350 Дизель,8,991,Дизель,D-125886,Москва
2025-12-28 14:11:01,Накладка тормозная задняя D-125202/1-88310-773-1/1-88310-773-0 (комплект на колесо 4 шт)FVR34 Дизель,2,2757,Дизель,D-125202,Москва
2025-12-28 14:11:01,Накладка тормозная задняя D-128426 / DZ9112340063 175х220 8отв. SHACMAN Дизель,16,243,Дизель,D-128426,Москва
2025-12-28 14:11:01,Накладка тормозная задняя D-128427 / DZ9112340062 217х220 10отв. SHACMAN Дизель,16,243,Дизель,D-128427,Москва
2025-12-28 14:11:01,"Накладка тормозная (к-т на ось) D-127525 / T410-1790/91/80/81 / Z4104-1790 178х14,5х210/194 прицеп Дизель",10,4396,Дизель,D-127525,Москва
2025-12-28 14:11:01,Накладка тормозная передняя 3501407C242/A FAW J6 дефект,1,217,Дизель,3501407C242/A,Москва
2025-12-28 14:11:01,Накладка тормозная передняя D-126874 / 3501407C242/A FAW J6 Дизель,7,312,Дизель,D-126874,Москва
2025-12-28 14:11:01,"Накладка тормозная передняя-задняя (2) H=220 mm, L=181, 13отв - HI-Q / 583427J500 / L01118-04C(HI-Q), SB606(HI-Q) / HI-Q",2,701,JMC,583427J500,Москва
2025-12-28 14:11:01,Накладка тормозная Хино 500 задние D-127520 / T370-1501/2 Z3706-1501/2 150*15.0/14.0*185/171 (к-т на ось) Дизель,5,3914,Дизель,D-127520,Москва
2025-12-28 14:11:01,"Накладка тормозная Хино 500 перед D-127521/T370-1201/Z3706-1201/Z3706-1202/120*15,0/14,0*185 (к-т на ось) Дизель",3,3232,Дизель,D-127521,Москва
2025-12-28 14:11:01,Накладка тормозная Хино 700 перед (к-т на ось) D-126175 / T406-1521 / 47441-6330 152*15.3-195 8521F Дизель,1,4433,Дизель,D-126175,Москва
2025-12-28 14:11:01,Накладка угловая D-125891 / 5302020LE090 JAC N56 Дизель,4,889,Дизель,D-125891,Москва
2025-12-28 14:11:01,Накладка угловая D-125892 / 5302100LE090 JAC N56/75/80/120 Дизель,1,2421,Дизель,D-125892,Москва
2025-12-28 14:11:01,Накладка угловая D-125893 / 5302200LE090 JAC N56/75/80/120 Дизель,1,1097,Дизель,D-125893,Москва
2025-12-28 14:11:01,Накладка угловая D-126875 / 5302030LE090 JAC N56 Дизель,4,889,Дизель,D-126875,Москва
2025-12-28 14:11:01,Накладка угловая левая в сборе 5302100LE090-WV JAC N56/75/80/90/120 ORIG,1,2284,JAC,5302100LE090-WV,Москва
2025-12-28 14:11:01,Накладки торм. (к-т на ось) T410-1790/91/80/81/Z4104-1790/178*14.5*210/194 прицеп,1,2159,JMC,T410-1790,Москва
2025-12-28 14:11:01,Накладки торм. (штучно) WG9100440027 Howo,8,137,Howo,WG9100440027,Москва
2025-12-28 14:11:01,Накладки тормозные (к-т на ось) 195530010110/65212900N00A8R Iveco,1,15337,Дизель,19553,Москва
2025-12-28 14:11:01,Накладки тормозные (к-т на ось) 2992113 / 65212500N00A8R / 19555 LUMAG,3,11310,JMC,2992113,Москва
2025-12-28 14:11:01,Накладки тормозные (к-т на ось) 2992123 / 65212800N00A8R / 19556 FOMAR !,3,3656,Lumag,19555,Москва
2025-12-28 14:11:01,Накладки тормозные (к-т на ось) AC2126-STD/A6594234010 Mercedes/Techno Brake !,6,3326,Technobrake,AC2126 STD,Москва
2025-12-28 14:11:01,"Накладки тормозные (к-т на ось) D-127527 / A6594233810 / 81502216103 18.8 mm rear, Mercedes ! Дизель",6,3381,Дизель,D-127527,Москва
2025-12-28 14:11:01,Накладки тормозные (на ось) 19177 / 16006016498 Beral !,2,11113,Beral,19177,Москва
2025-12-28 14:11:01,Накладки тормозные (на ось) 19496/A6594233910/19100015608 Mercedes/Techno Brake !,2,6853,Technobrake,19496,Москва
2025-12-28 14:11:01,"Накладки тормозные 19933. Номинал. Комплект из 4 накладок с заклёпками., (Sonder)(18.002.0049)",5,3450,JMC,18.002.0049,Москва
2025-12-28 14:11:01,Накладки тормозные (к-т на ось) MP32 19495 A6594234010/ 6174231430/A6594232410 AC2126-STD front Mercedes Wva !,7,2672,IBK,WVA19495,Москва
2025-12-28 14:11:01,Накладки тормозные задние (к-т на ось) D-129305 / 11854/2992123 (410*200) Iveco Дизель !,8,1970,Дизель,D-129305,Москва
2025-12-28 14:11:01,Накладки тормозные задние D-126177 / 1-88310-773-1 / 1-88310-773-0 на колесо 4 шт FVR34 Дизель,20,2935,Дизель,D-126177,Москва
2025-12-28 14:11:01,"Накладки тормозные (к-т на ось) A6594233810/A6174230730/A6594233010/19496(18.8mm repair, rear) Mercedes !",8,4227,IBK,WVA19496,Москва
2025-12-28 14:11:01,Накладки тормозные перед/зад (к-т на ось) с заклепками 58144-5MA30 Hyundai HD78 E-5 120мм ORIG,1,16753,Hyundai-Kia,58144-5MA30,Москва
2025-12-28 14:11:01,Накладки тормозные передние (к-т на ось) D-129306 / 11856/2992113 (410*180) Дизель !,4,1660,Дизель,D-129306,Москва
2025-12-28 14:11:01,Накладки тормозные передние D-128591 / 3501407+406C242 2шт/к-т 8+6отв Faw J6 Дизель,14,402,Дизель,D-128591,Москва
2025-12-28 14:11:01,"Наклейка ""BLUETEC"" MK676473 Fuso Canter ORIG",4,1843,Mitsubishi,MK676473,Москва
2025-12-28 14:11:01,Наконечник кулисы КПП 1-09760-109-0 8*10 ORIG,2,1256,Isuzu,1-09760-109-0,Москва
2025-12-28 14:11:01,Наконечник кулисы КПП D-125044 / 1-09760-108-0 8x8mm R Дизель,5,197,Дизель,D-125044,Москва
2025-12-28 14:11:01,Наконечник кулисы КПП D-125056 / 1-33670-413-1 Дизель,20,290,Дизель,D-125056,Москва
2025-12-28 14:11:01,Наконечник рулевой 56890-6A001 HYUNDAI ORIG,2,6141,Hyundai-Kia,56890-6A001,Москва
2025-12-28 14:11:01,Наконечник рулевой 91A 8-141/MC812879 L SW,1,3955,Samwoo,8-141,Москва
2025-12-28 14:11:01,Наконечник рулевой D-129308 / 3003025-1H FAW Дизель,5,1229,Дизель,D-129308,Москва
2025-12-28 14:11:01,Наконечник рулевой L D-126404 / 1-43150-802-0 Дизель,2,2643,Дизель,D-126404,Москва
2025-12-28 14:11:01,Наконечник рулевой Nissan 48570-90065 / 30-612-9 R SW !,1,3238,Samwoo,30-612-9,Москва
2025-12-28 14:11:01,Наконечник рулевой R D-126405 / 1-43150-801-0 Дизель,2,2643,Дизель,D-126405,Москва
2025-12-28 14:11:01,Наконечник рулевой левый 3401110U2212-F011 JAC ORIG,7,1485,JAC,3401110U2212-F011,Москва
2025-12-28 14:11:01,Наконечник рулевой левый D-126876 / 199100430701 Howo/SHAANXI/JAC Дизель,9,788,Дизель,D-126876,Москва
2025-12-28 14:11:01,Наконечник рулевой правый 3401110U2212-F021 JAC ORIG,7,1485,JAC,3401110U2212-F021,Москва
2025-12-28 14:11:01,Наконечник рулевой правый D-126877 / 199100430704 Howo/SHAANXI/JAC Дизель,3,788,Дизель,D-126877,Москва
2025-12-28 14:11:01,Наконечник рулевой тяги 1-43150-439-0 ISUZU CXZ71 86~ 10PC1 SE-5181R CH,1,5157,Chase,1-43150-349-0,Москва
2025-12-28 14:11:01,Наконечник рулевой тяги 56890-5H000 HYUNDAI HD65/72/MIGHTY Ⅱ '98~ LH ORIG,3,3221,Hyundai-Kia,56890-5H000,Москва
2025-12-28 14:11:01,Наконечник рулевой тяги 8-97142-100-1/8-97222-509-0/SE-5321R NKR `97~ ORIG,1,6964,Isuzu,8-97222-509-0,Москва
2025-12-28 14:11:01,Наконечник рулевой тяги HIN 45046-37133 RH Hino 300 E4 CH !,2,3912,Chase,45046-37133,Москва
2025-12-28 14:11:01,Наконечник рулевой тяги HIN 45046-39745 HINO 300 E3/DYNA BU410 '04~ CH,2,3030,Chase,45046-39745,Москва
2025-12-28 14:11:01,"Наконечник рулевой тяги HIN 45046-39795 HINO 300 E3/DYNA WU410, BZU410, XZU400 '06~ Y",1,1307,Yamasida,45046-39795,Москва
2025-12-28 14:11:01,Наконечник рулевой тяги HIN 45420-1940/S4542-01940RH HINO FB4#/FB5# 5T Y,2,1379,Yamasida,45420-1940,Москва
2025-12-28 14:11:01,Наконечник рулевой тяги HIN 45430-1940/S4543-01940 LH HINO FB4#/FB5# 5T Y,1,969,Yamasida,45430-1940,Москва
2025-12-28 14:11:01,Наконечник рулевой тяги HIN S4540-E0390 RH HINO FD/500# 10.4Ton 2003~ CH,2,3213,Chase,S4540-E0390,Москва
2025-12-28 14:11:01,Наконечник рулевой тяги HIN S4550-E0170/E0150 HINO 500 FD8/GD8/GH8 LH Y,5,7099,Yamasida,S4550-E0170,Москва
2025-12-28 14:11:01,Наконечник рулевой тяги ISU 1-43150-349-0 SRM 83- EXR `94~ #340 SE-5261R Y,2,7775,Yamasida,1-43150-349-0,Москва
2025-12-28 14:11:01,Наконечник рулевой тяги ISU 1-43150-350-0/1-43150-631-0 SRM 83- EXR `94~ #340 SE-5261L Y,2,7775,Yamasida,1-43150-350-0,Москва
2025-12-28 14:11:01,Наконечник рулевой тяги ISU 1-43150-439-1 CXZ71 `86~ 10PC1 SE-5181R CH !,1,4709,Chase,1-43150-439-1,Москва
2025-12-28 14:11:01,"Наконечник рулевой тяги ISU 1-43150-678-2/1-43150-348-0 FTR, FVR '96~ , FSR33, FRR CH !",2,4170,Chase,1-43150-678-2,Москва
2025-12-28 14:11:01,Наконечник рулевой тяги ISU 1-43150-875-0 FORWARD/FRS.GSR.FSD.FRR.FTR.FSR-S/'04~ L (K),1,1411,Дизель,1-43150-875-0,Москва
2025-12-28 14:11:01,Наконечник рулевой тяги ISU 1-43150-876-0 FORWARD/FRS.GSR.FSD.FRR.FTR.FSR-S/'04~ R (K),1,1369,Дизель,1-43150-876-0,Москва
2025-12-28 14:11:01,Наконечник рулевой тяги ISU 6WA1-HEAD ISUZU CH !,4,957,Chase,ISUZU-6WA1-HEAD,Москва
2025-12-28 14:11:01,"Наконечник рулевой тяги ISU 8-94103-223-2/8-94419-609-0 L NPR,NKR-84~ 4HF1 NPS/NPR/NQR Y",2,1386,Yamasida,8-94103-223-2,Москва
2025-12-28 14:11:01,Наконечник рулевой тяги ISU 8-98096-754-0 /8-98228-107-0 L C#/E#/FVR34 10~ SKV,21,3094,SKV,8-98096-754-0,Москва
2025-12-28 14:11:01,Наконечник рулевой тяги ISUZU-NKR-HEAD ISUZU (2 шт в компл.) CH !,10,1041,Chase,ISUZU-NKR-HEAD,Москва
2025-12-28 14:11:01,Наконечник рулевой тяги L 10002 L=120 мм M30x1. Auger,1,1532,Auger,10002,Москва
2025-12-28 14:11:01,Наконечник рулевой тяги L 3003510M1 N120 JAC ORIG,9,2497,JAC,3003510M1,Москва
2025-12-28 14:11:01,Наконечник рулевой тяги MMC FUSO-6D16-HEAD CH !,1,564,Chase,FUSO-6D16-HEAD,Москва
2025-12-28 14:11:01,Наконечник рулевой тяги MMC FUSO-8DC9-HEAD CH !,2,809,Chase,FUSO-8DC9-HEAD,Москва
2025-12-28 14:11:01,Наконечник рулевой тяги MMC FUSO-T850/6D22 HEAD CH !,1,957,Chase,FUSO-T850/6D22 HEAD,Москва
2025-12-28 14:11:01,Наконечник рулевой тяги MMC MK363168 FB50#/FD50# (тавотница справа) Y,1,1189,Yamasida,MK363168,Москва
2025-12-28 14:11:01,Наконечник рулевой тяги MMC MK363169 FB50#/FD50# (тавотница слева) Y,1,1189,Yamasida,MK363169,Москва
2025-12-28 14:11:01,"Наконечник рулевой тяги MMC MK363170 L CANTER, ROSA 4D32 98~ Y",8,1377,Yamasida,MK363170,Москва
2025-12-28 14:11:01,Наконечник рулевой тяги NIS 48570-0T300 ATLAS/CONDOR H41 91~ CH !,2,1220,Chase,48570-0T300,Москва
2025-12-28 14:11:01,Наконечник рулевой тяги NIS 48570-0T300 ATLAS/CONDOR H41 91~4WD CH !,2,1103,Chase,48570-0T300,Москва
2025-12-28 14:11:01,Наконечник рулевой тяги NIS 48570-90203/48570-90212 UD CD53C CW54S RH CH !,2,4309,Chase,48570-90203,Москва
2025-12-28 14:11:01,Наконечник рулевой тяги NIS 48571-90203/48571-90212 UD CD53C CW54S LH CH !,2,2338,Chase,48571-90203,Москва
2025-12-28 14:11:01,Наконечник рулевой тяги NIS 48580-J5100 L SE-4381L ATLAS/CONDOR H40 Y,2,747,Yamasida,48580-J5100,Москва
2025-12-28 14:11:01,Наконечник рулевой тяги R D-125894 / 3003520LE010 / 441130-527620 N75/90 JAC Дизель,13,1485,Дизель,D-125894,Москва
2025-12-28 14:11:01,Наконечник рулевой тяги R D-128430 / 3003060-1H FAW 3252 Дизель,2,853,Дизель,D-128430,Москва
2025-12-28 14:11:01,Наконечник рулевой тяги TOY 45046-29325 DYNA/TOYOACE '96-'01 RH/LH CH !,2,499,Chase,45046-29325,Москва
2025-12-28 14:11:01,Наконечник рулевой тяги TOY 45046-39325 R DYNA BU1#2#/XZU130/140 96~ Y,2,1695,Yamasida,45046-39325,Москва
2025-12-28 14:11:01,Наконечник рулевой тяги TOY 45046-39426 R SE-T241R DYNA/TOYACE/HINO XZU3#4#/BU3#4# 99~ Y,2,1712,Yamasida,45046-39426,Москва
2025-12-28 14:11:01,Наконечник рулевой тяги TOY 45046-39785 R DYNA/TOYOACE/HINO XZU3#4#/BU/BZU3# 04~ Y,2,1348,Yamasida,45046-39785,Москва
2025-12-28 14:11:01,Наконечник рулевой тяги TOY 45047-39185 L DYNA/TOYOACE BU1#2#XZU130/140 95~ Y,2,1162,Yamasida,45047-39185,Москва
2025-12-28 14:11:01,Наконечник рулевой тяги TOYOTA CELICA/COROLLA лев/прав DC17092,1,337,JMC,DC17092,Москва
2025-12-28 14:11:01,Наконечник рулевой тяги W782-32-450 / 8AW1-32-450 CH,2,1595,Chase,W782-32-450,Москва
2025-12-28 14:11:01,Наконечник рулевой тяги W782-32-510 / 8AW1-32-510 CH,2,1595,Chase,W782-32-510,Москва
2025-12-28 14:11:01,Наконечник рулевой тяги левый D-126879 / WG9925430100 Sitrak C7H Дизель,4,1255,Дизель,D-126879,Москва
2025-12-28 14:11:01,Наконечник рулевой тяги левый D-128391 / AZ400743950006 SITRAK Дизель,4,1366,Дизель,D-128391,Москва
2025-12-28 14:11:01,Наконечник рулевой тяги левый WG9925430100 Sitrak C7H ORIG,17,3385,Howo,WG9925430100,Москва
2025-12-28 14:11:01,Наконечник рулевой тяги правый D-126880 / WG9925430200 Sitrak C7H Дизель,4,1255,Дизель,D-126880,Москва
2025-12-28 14:11:01,Наконечник рулевой тяги правый D-128336 / AZ400743950005 SITRAK Дизель,4,1366,Дизель,D-128336,Москва
2025-12-28 14:11:01,Наконечник рулевой тяги правый WG9925430200 Sitrak C7H ORIG,17,3385,Howo,WG9925430200,Москва
2025-12-28 14:11:01,"Наконечник рулевой Фусо 5 т после92 г, 9-172-7 / 56880-6A001 L SW",1,3160,Samwoo,SW91727,Москва
2025-12-28 14:11:01,"Наконечник троса КПП / 12x12L / M12x1,25 / CE12X12L / /",1,571,Zevs,12*12L,Москва
2025-12-28 14:11:01,Наконечник троса кпп 43742-5H000 HYUNDAI HD65/72/78 D4DD/DB/AL ORIG,1,721,Hyundai-Kia,43742-5H000,Москва
2025-12-28 14:11:01,Наконечник тяги 1-43150-679-2 R ISUZU FRR Y,1,1390,Yamasida,1-43150-679-2,Москва
2025-12-28 14:11:01,Наконечник тяги 1-44517-021-0 R ISUZU CXG50 Y !,1,3032,Yamasida,1-44517-021-0,Москва
2025-12-28 14:11:01,Наконечник тяги 1-44517-022-0 L ISUZU CXG50 CXZ81 Y !,1,3032,Yamasida,1-44517-022-0,Москва
2025-12-28 14:11:01,Наконечник тяги 45046-29325 TOYOTA Y,8,1221,Yamasida,45046-29325,Москва
2025-12-28 14:11:01,Наконечник тяги 45420-2700/S4540-E0030 R HINO FC\FD1J-8J\300# `03~ Y,1,2199,Yamasida,45420-2700,Москва
2025-12-28 14:11:01,Наконечник тяги 48520-0T825 NISSAN ATLAS H41 91- Y,7,2696,Yamasida,48520-0T825,Москва
2025-12-28 14:11:01,Наконечник тяги 48570-Z5007 NISSAN Y,1,2661,Yamasida,48570-Z5007,Москва
2025-12-28 14:11:01,"Наконечник тяги 48571-Z5005 NISSAN UD CM87,88 `88~`96 Y",1,2695,Yamasida,48571-Z5005,Москва
2025-12-28 14:11:01,Наконечник тяги 56880-5H000 HYUNDAI HD65/72/MIGHTY 98~ Y,2,2297,Yamasida,56880-5H000,Москва
2025-12-28 14:11:01,"Наконечник тяги D-128497 / 48571-Z5005 NISSAN UD CM87,88~96 Дизель",2,1594,Дизель,D-128497,Москва
2025-12-28 14:11:01,"Наконечник тяги D-128507 / 8-97107-319-1 ISU NPR, NKR-'96~ LH Дизель",10,626,Дизель,D-128507,Москва
2025-12-28 14:11:01,Наконечник тяги D-128509 / 8-97107-346-0 NPR81/NKR81/LR85 Дизель,4,626,Дизель,D-128509,Москва
2025-12-28 14:11:01,Наконечник тяги ISU 1-43150-737-1/1-43150-802-0 CYZ/CXZ/CXH 95~ LH Y,3,6603,Yamasida,1-43150-737-1,Москва
2025-12-28 14:11:01,"Наконечник тяги ISU 8-97107-319-1 NPR , NKR-'96~ LH Y",2,1559,Yamasida,8-97107-319-1,Москва
2025-12-28 14:11:01,Наконечник тяги L 8-98228-101-0/1-43150-857-0/-902-0 C/E series SKV,16,3082,SKV,8-98228-101-0,Москва
2025-12-28 14:11:01,Наконечник тяги MB563775/MK997628 Fuso Canter FE6#/83 Y,3,1352,Yamasida,MK997628,Москва
2025-12-28 14:11:01,Наконечник тяги MC805517/MK428157 L FUSO FK516 84~ Y,2,1617,Yamasida,MC805517,Москва
2025-12-28 14:11:01,Наконечник тяги MC891647//MW033300 MMC FE3## Y,1,1153,Yamasida,MC891647,Москва
2025-12-28 14:11:01,Наконечник тяги MK309710/MK997509/MC891911/MK996333/MC837948/MC891396 MMC FE53E/71B Y,1,1290,Yamasida,MK309710,Москва
2025-12-28 14:11:01,Наконечник тяги R 8-98228-100-0/1-43150-856-0/-901-0 C/E series SKV,12,3093,SKV,8-98228-100-0,Москва
2025-12-28 14:11:01,Наконечник рулевой тяги 45047-39256 SE-T231L TOYOTA,2,1187,Yamasida,45047-39256,Москва
2025-12-28 14:11:01,Наконечник тяги W023-99-323 MAZDA Titan WGFAT LH 1984- Y,2,1043,Yamasida,W023-99-323,Москва
2025-12-28 14:11:01,Наконечник тяги КПП 1-09760-118-1/1-09760-038-0/5-09760-018-0/5-09760-012-0/5-09760-007-0 ORIG,8,935,Isuzu,1-09760-118-1,Москва
2025-12-28 14:11:01,Наконечник тяги КПП МС025495 TZG,7,400,Дизель,MC025495,Москва
2025-12-28 14:11:01,Наконечник тяги рулевой L D-128693 / 300303004 FAW Дизель,5,907,Дизель,D-128693,Москва
2025-12-28 14:11:01,Наконечник тяги рулевой R D-128694 / 300304004 FAW Дизель,5,907,Дизель,D-128694,Москва
2025-12-28 14:11:01,Наконечник тяги рулевой поперечной 56880-7E000 HYUNDAI HD270 D6CA ORIG,1,15382,Hyundai-Kia,56880-7E000,Москва
2025-12-28 14:11:01,"Направляющая втулка клапана 5-11721-016-0 4JG2/4JA1/4JB1 NLR/NMR 55,85(LHD) 08 - 10 ORIG",1,425,Isuzu,5-11721-016-0,Москва
2025-12-28 14:11:01,Направляющая выжимного подшипника D-127679 / JS85T-1701040 JAC N120 LE35S Дизель,1,2919,Дизель,D-127679,Москва
2025-12-28 14:11:01,Направляющая клапана S1112-21260 HINO700 ORIG,2,1695,Hino,S1112-21260,Москва
2025-12-28 14:11:01,Направляющая сдвижной двери 83220-43001 Grace !,8,332,Hyundai-Kia,83220-43001,Москва
2025-12-28 14:11:01,Направляющая суппорта 47714-37120 HINO 300/TOYOTA-DYNA SKV,116,291,SKV,47714-37120,Москва
2025-12-28 14:11:01,Направляющая суппорта 4771537120SKV HINO 300/TOYOTA-DYNA SKV,53,291,SKV,4771537120SKV,Москва
2025-12-28 14:11:01,Направляющая суппорта FR 47715-60020 TOYOTA MARK/CHASER/CROWN 95-01 LAND CRUISER #100,67,256,Дизель,47715-60020,Москва
2025-12-28 14:11:01,Направляющая суппорта MK448206 FR/RR FUSO CANTER SKV,115,209,SKV,MK448206,Москва
2025-12-28 14:11:01,Направляющая суппорта MK449110 FR/RR с манжетой FUSO CANTER SKV,191,190,SKV,MK449110,Москва
2025-12-28 14:11:01,Насос 64391-Y30S0XZ02 JAC N350 ORIG,1,12130,JAC,64391-Y30S0XZ02,Москва
2025-12-28 14:11:01,Насос водяной (помпа) 25110-48011 Hyundai HD65/78 ORIG,5,19703,Hyundai-Kia,25110-48011,Москва
2025-12-28 14:11:01,Насос водяной (помпа) D-126219 / ME995446 / ME993767 / ME995586/293 / ME075132 6M60/6M61/6D17 Дизель,2,8424,Дизель,D-126219,Москва
2025-12-28 14:11:01,Насос водяной (помпа) D-126220 / 16100-2393 HINO EF750 Дизель,2,18838,Дизель,D-126220,Москва
2025-12-28 14:11:01,Насос водяной (помпа) D-126225 / 21010-97402 / 7226/-97403 / 21010-97400 NISSAN RF8/RG8 Дизель,2,17664,Дизель,D-126225,Москва
2025-12-28 14:11:01,Насос водяной (помпа) D-128835 / ME078669 / ME995307 FUSO 6D16 Дизель,1,9973,Дизель,D-128835,Москва
2025-12-28 14:11:01,Насос водяной (помпа) D-129311 / WP3330 / 16110-3781 / 16100-3250 23 зуба HINO 700/500 92-95 Дизель,7,15700,Дизель,D-129311,Москва
2025-12-28 14:11:01,Насос водяной (помпа) D-130032 / 5333035 JAC N120/Камаз Cummins ISF3.8 Е-5 Дизель,1,2372,Дизель,D-130032,Москва
2025-12-28 14:11:01,Насос водяной (помпа) N04C 16100-E0042/16100-78170 HINO300 E-3/4 SKV,19,2880,SKV,16100-E0042,Москва
2025-12-28 14:11:01,Насос водяной 1-87310-974-0/1-87310-902-0/1-87310-835-0/8-98042-848-0/1/2 6HK1 FVR34 ORIG,1,32162,Isuzu,1873109740,Москва
2025-12-28 14:11:01,Насос водяной 5-87610-088-1/8-97105-012-5 N-series 4JG2/4JB1/4JH1T ORIG CHINA,1,4025,Isuzu,5-87610-088-1,Москва
2025-12-28 14:11:01,Насос водяной 5-87610-093-0/8-97314-118-0 N-series 4HE1 ORIG CHINA,5,5679,Isuzu,5-87610-093-0,Москва
2025-12-28 14:11:01,Насос водяной 8-97321-508-3 3LB1/4LB1/4LE1 ORIG,1,15769,Isuzu,8-97321-508-3,Москва
2025-12-28 14:11:01,Насос водяной D-125070 / 1-87310-996-0 / 1-87310-957-0 / 8-98146-073-0 6WF1-TC CYZ51/EXZ51 Дизель,1,10902,Дизель,D-125070,Москва
2025-12-28 14:11:01,Насос водяной D-125113 1-87310-974-0/1-87310-902-0/1-87310-835-0/8-98042-848-0/1/2 6HK1 FVR34 Дизель,18,11260,Дизель,D-125113,Москва
2025-12-28 14:11:01,Насос водяной D-125447/1-87310-996-0/1-87310-957-0/8-98146-073-0 6WF1-TC CYZ51/EXZ51 Дизель,3,11766,Дизель,D-125447,Москва
2025-12-28 14:11:01,Насос водяной D-126215 / 5-87610-089-0 / 8-97363-478-0 4HK1/NQR90/FSR90/NPR75/NQR75 Дизель,33,2628,Дизель,D-126215,Москва
2025-12-28 14:11:01,Насос водяной D-127815 / A3100 / SM125 / WPM-040 / GWM-65A / ME015217 MMC 4D33/35/36/56 Дизель,52,2107,Дизель,D-127815,Москва
2025-12-28 14:11:01,Насос водяной с уплотнениями MB 010.599-00A/0119094/OM501LA/OM502LA/A5422001901/462591/Mercedes/ PE,1,10179,Pe Automotive,010.599-00A,Москва
2025-12-28 14:11:01,Насос водяной с уплотнениями MB 0119094/OM501LA/OM502LA/A5422001901/462591/010.599-00A Mercedes/TruckTec,1,11150,Trucktec,01.19.094,Москва
2025-12-28 14:11:01,Насос гур 3407100LE352 JAC N120 (NON-GENUINE),1,10531,Noname,3407100LE352,Москва
2025-12-28 14:11:01,Насос ГУР D-125610 / 8-97258-461-3 2-х конт. 4HE/4HG1/4HK1 NQR71/75 Дизель,1,24047,Дизель,D-125610,Москва
2025-12-28 14:11:01,Насос ГУР D-125753 / 1-19500-561-3/0/1/2 CYZ51/EXZ51 Дизель,1,11813,Дизель,D-125753,Москва
2025-12-28 14:11:01,Насос ГУР D-128327 / 712W47101-2016 SITRAK C7H Дизель,1,7412,Дизель,D-128327,Москва
2025-12-28 14:11:01,Насос ГУР D-129041 / 3407020-М50-0000 FAW Дизель,3,8237,Дизель,D-129041,Москва
2025-12-28 14:11:01,Насос дозирующий моч-ны 5303018 JAC N120/Камаз Cummins ISF3.8 Е-5 ORIG,1,48660,Cummins,5303018,Москва
2025-12-28 14:11:01,Насос комбинированный ГУР+топливный 464431/542045310/A0024608980/464430SP/28270 Mercedes/DieselTechnic,1,21710,Diesel Technic,4.64430,Москва
2025-12-28 14:11:01,Насос масляный 8-98232-624-1/8-97381-553-3 4JJ1 N-series ORIG,1,20616,Isuzu,8982326241,Москва
2025-12-28 14:11:01,Насос масляный D-125288 / 8-97381-553-3 4JJ1 NMR85/NLR85 Дизель,1,10072,Дизель,D-125288,Москва
2025-12-28 14:11:01,Насос масляный D-125394/8-98017-585-1/8-97147-338-4 4HG1/4HK1 NPR/NQR71/75/90/FSR90 ISUZU Дизель,2,4323,Дизель,D-125394,Москва
2025-12-28 14:11:01,Насос масляный D-125879 / 612600070465 JAC N350 WP10 E-5 Дизель,1,11303,Дизель,D-125879,Москва
2025-12-28 14:11:01,Насос масляный D-126228 / 8-94395-564-0/3 / L210-0005M ISUZU 6HE1/6HH1/6HK1 Дизель,11,5061,Дизель,D-126228,Москва
2025-12-28 14:11:01,Насос масляный D-126229 / 8-97381-553-3 4JJ1 NMR85/NLR85 Дизель,2,3736,Дизель,D-126229,Москва
2025-12-28 14:11:01,Насос масляный D-126871 / 5588790 JAC N120 Камаз Cummins ISF3.8 Е-5 Дизель,2,8372,Дизель,D-126871,Москва
2025-12-28 14:11:01,Насос моч-ны D-125896 / 612640130088 JAC N350 WP10 E-5 Дизель,1,30906,Дизель,D-125896,Москва
2025-12-28 14:11:01,Насос ОЖ 080V065006700 HOWO ORIG,2,14328,Howo,080V065006700,Москва
2025-12-28 14:11:01,Насос ОЖ D-128164 / 080V065006700 HOWO Дизель,2,7117,Дизель,D-128164,Москва
2025-12-28 14:11:01,Насос подъема кабины D-126881 / 64391-Y30S0XZ02 JAC N350 Дизель,1,13705,Дизель,D-126881,Москва
2025-12-28 14:11:01,Насос топливный (ТНВД) 1000570877 JAC N350 WP10 E-5 ORIG,1,83762,JAC,1000570877,Москва
2025-12-28 14:11:01,Насос топливный 080V11103-7763 HOWO ORIG,2,92521,Howo,080V11103-7763,Москва
2025-12-28 14:11:01,Насос топливный 12.1.19.0049 / 40223 KSD1000/1100 SuperSnow/Facet,5,28146,JMC,40223,Москва
2025-12-28 14:11:01,Насос топливный 31800-84000 HYUNDAI HD170/370/450/600 ORIG,1,10408,Hyundai-Kia,31800-84000,Москва
2025-12-28 14:11:01,Насос топливный высокого давления ТНВД 33100-45700/9729400-029 D4DD HD78/County E-3 Denso,14,88183,Denso,33100-45700,Москва
2025-12-28 14:11:01,Насос топливный высокого давления ТНВД 33100-45700/9729400-029 D4DD HD78/County E-3 ORIG,1,93607,Hyundai-Kia,33100-45700,Москва
2025-12-28 14:11:01,Насос топливный высокого давления ТНВД 33100-48000/9729400-073 D4GA HD78 Denso,1,69193,Denso,9729400-073,Москва
2025-12-28 14:11:01,"Насос топливный высокого давления ТНВД 8-97306-044-9/9729400-003 4HK1 N,F-series E-3 Denso",1,71346,Denso,8-97306-044-9,Москва
2025-12-28 14:11:01,Насос топливный высокого давления ТНВД 8-97386-557-3/6 4HK1T NPR75/FSR90/NQR90 Е-3/4 ORIG,9,91476,Isuzu,8-97386-557-3,Москва
2025-12-28 14:11:01,Насос топливный высокого давления ТНВД 8-97605-946-7/1/2/3/4/5/6/8/294050-0423 6HK1 FVR34 E-4 Denso,2,131848,Denso,8-97605-946-8,Москва
2025-12-28 14:11:01,Насос топливный высокого давления ТНВД 8-98168-006-1/9729400-184 4HK1T N-series E-5 Denso,1,117994,Denso,8-98168-006-1,Москва
2025-12-28 14:11:01,Насос топливный низкого давления D-127768 / HDI-010 / 16665-99004 FE6/PF6/RF/RH/RE8-10 Дизель,1,1749,Дизель,D-127768,Москва
2025-12-28 14:11:01,Насос форсунка 0414799005/A0280745902 / 986445002090 Bosch !,2,35863,Bosch,0 414 799 005,Москва
2025-12-28 14:11:01,Натяжитель ремня 334066 DieselTechnic !,1,6508,Diesel Technic,3.34066,Москва
2025-12-28 14:11:01,Натяжитель ремня 462702/ A5412002570 / VKMCV51019/67772/ 67759 / 0119086 Mercedes/DieselTechnic !,1,6450,Diesel Technic,4.62702,Москва
2025-12-28 14:11:01,Натяжитель ремня SCANIA 1779757 (М6411009),1,6237,JMC,1779757,Москва
2025-12-28 14:11:01,Натяжитель ремня W958007499/082V958007499 HOWO ORIG,1,4100,CNHTC,W958007499,Москва
2025-12-28 14:11:01,Натяжитель ремня в сборе VKMCV51001 / A5412002670 OM501LA/OM502LA Mercedes/SKF !,1,13857,SKF,VKMCV 51001,Москва
2025-12-28 14:11:01,Натяжитель цепи 8-98039-754-1/0 ГРМ 4JJ1 NMR85/NLR85 ORIG,2,5036,Isuzu,8980397541,Москва
2025-12-28 14:11:01,Облицовка противотуманной фары правая 2803104U7300 JAC J7 ORIG,1,654,JAC,2803104U7300,Москва
2025-12-28 14:11:01,Обойма МОД D-128351 / 810W35606-0011 SITRAK Дизель,2,2615,Дизель,D-128351,Москва
2025-12-28 14:11:01,Обойма сальника ступицы D-129315 / 3104044AA0E/B FAW CA3311 Дизель,4,1731,Дизель,D-129315,Москва
2025-12-28 14:11:01,Ограничитель двери 6109100W5000 JAC N35 ORIG,1,447,JAC,6109100W5000,Москва
2025-12-28 14:11:01,Ограничитель рессоры 1-53356-057-0/IS-036 ORIG,3,7017,Isuzu,1-53356-057-0,Москва
2025-12-28 14:11:01,Ограничитель рессоры D-128784 / 1-53356-038-1/037-1 Дизель,1,1518,Дизель,D-128784,Москва
2025-12-28 14:11:01,Ограничитель рессоры FP-008 / FLS-008 MC-013217 PM,2,784,Paul Master,FLS-008,Москва
2025-12-28 14:11:01,Ограничитель рессоры HLB-028 48418-1401 PM,2,3252,Paul Master,HLB-028,Москва
2025-12-28 14:11:01,Ограничитель рессоры UD-022 / ULB-022 55210-Z5006 PM,1,2743,Paul Master,55210-Z5006,Москва
2025-12-28 14:11:01,Ограничительный клапан обработки HPV005 M12*1.5,1,390,JMC,HPV005,Москва
2025-12-28 14:11:01,опора двигателя задняя MR 353470 Mitsubishi,2,737,JMC,MR353470,Москва
2025-12-28 14:11:01,Опора ДВС задняя 1001600U2210 S3 JAC ORIG,2,1121,JAC,1001600U2210,Москва
2025-12-28 14:11:01,Опора карданного вала промежуточная ZF0339 N120 JAC ORIG,1,3789,JAC,ZF0339,Москва
2025-12-28 14:11:01,Опора рессоры (мост) D-126232 / 42151-E0291 HINO700 Дизель,4,1507,Дизель,D-126232,Москва
2025-12-28 14:11:01,Опора шаровая 2904340U8510 S3 JAC ORIG,4,1667,JAC,2904340U8510,Москва
2025-12-28 14:11:01,Опорная пластина Z-1701874-00-00 JAC N35 ORIG,1,377,JAC,Z-1701874-00-00,Москва
2025-12-28 14:11:01,Опорная шайба 2402B-346 JAC N120 (NON-GENUINE),1,172,Noname,2402B-346,Москва
2025-12-28 14:11:01,Осушитель D-125738 / 1-85576-399-0 CXZ51KCYZ51KEXZ51KCYZ51L 6WF1 Дизель,3,9702,Дизель,D-125738,Москва
2025-12-28 14:11:01,Ось балансира D-126234 / S4943-E0120 Ø100mm L=1204mm HINO 700 Дизель,1,45111,Дизель,D-126234,Москва
2025-12-28 14:11:01,Ось балансира с буксами в сборе D-127022 / SZ384-00010 / SZ384-00008 L=1204mm HINO 700 Дизель,3,147260,Дизель,D-127022,Москва
2025-12-28 14:11:01,Ось переднего стабилизатора 8-98019-317-0 ORIG,4,5309,Isuzu,8-98019-317-0,Москва
2025-12-28 14:11:01,Ось рычага верхнего с втулкой D-128220 / 8-94340-084-1 IZ NKR 93-98 Дизель,13,3062,Дизель,D-128220,Москва
2025-12-28 14:11:01,Ось сателлитов (крестовина) редуктора 1-41521-049-2 C-series ORIG,1,15603,Isuzu,1-41521-049-2,Москва
2025-12-28 14:11:01,Ось шестерни промежуточной D-125903 / 61560050044 JAC N350 WP10 E-5 Дизель,1,962,Дизель,D-125903,Москва
2025-12-28 14:11:01,Отбойник (демпфер) двери кабины 1-09983-169-0 CYZ52/CYZ51 ORIG,2,238,Isuzu,1-09983-169-0,Москва
2025-12-28 14:11:01,Отбойник верхнего рычага 8-97189-393-0 N-series ORIG,1,1360,Isuzu,8-97189-393-0,Москва
2025-12-28 14:11:01,Отбойник зад рессоры D-125904 / 55270-Y3070 JAC N350 Дизель,3,609,Дизель,D-125904,Москва
2025-12-28 14:11:01,"Отбойник задней рессоры D-125737 / 1-53366-143-1 C,F-series Дизель",1,1045,Дизель,D-125737,Москва
2025-12-28 14:11:01,Отбойник задней рессоры D-128062 / 55260-45001 Hyundai HD-65/72 Дизель,42,154,Дизель,D-128062,Москва
2025-12-28 14:11:01,Отбойник кабины центральный RR 55270-45001/55270-5H001 HYUNDAI ORIG,3,791,Hyundai-Kia,55270-45001,Москва
2025-12-28 14:11:01,Отбойник передней рессоры 1-51172-125-1 FVR34 ORIG,1,1814,Isuzu,1-51172-125-1,Москва
2025-12-28 14:11:01,Отбойник рессоры 1-51172-096-2 FVR34 ORIG,1,2299,Isuzu,1-51172-096-2,Москва
2025-12-28 14:11:01,"Отбойник рессоры 54056-90005 U.D. TRUCK RD8,RF8 front TZG",2,229,TZG,54056-90005,Москва
2025-12-28 14:11:01,Отбойник рессоры D-127167 / 8-94150-265-2 N-series Дизель,2,407,Дизель,D-127167,Москва
2025-12-28 14:11:01,Отбойник рессоры D-128785 / 8-94101-347-2 Дизель,4,833,Дизель,D-128785,Москва
2025-12-28 14:11:01,Отбойник рессоры MC 031101 SMF-5201-M5 I/COM MIT FUSO FV415 Schmaco !,2,554,Schmaco,SMF-5201,Москва
2025-12-28 14:11:01,Отбойник рессоры MC031102-S / SMF-5209 MIT FUSO FV415 Schmaco !,2,649,Schmaco,SMF-5209,Москва
2025-12-28 14:11:01,Отбойник рессоры RR RH 55275-7F301 HYUNDAI HD250 ORIG,1,2400,Hyundai-Kia,55275-7F301,Москва
2025-12-28 14:11:01,Отбойник рессоры SHN-5159 48331-1040-S Schmaco,2,421,Schmaco,SHN-5159,Москва
2025-12-28 14:11:01,Отбойник рессоры задний (на мост) D-125067 / 1-42124-101-0 CYZ51/CXZ/EXZ51 Дизель,4,1745,Дизель,D-125067,Москва
2025-12-28 14:11:01,Отбойник рессоры задний (на мост) D-125291 / 1-42124-101-0 CYZ51/CXZ/EXZ51 Дизель,1,2476,Дизель,D-125291,Москва
2025-12-28 14:11:01,Отбойник рессоры передней D-125905 / 54285-Y5AH0 JAC N350 Дизель,2,943,Дизель,D-125905,Москва
2025-12-28 14:11:01,Отделка правой двери 1-76778-035-6 CYZ ORIG,1,3260,Isuzu,1-76778-035-4,Москва
2025-12-28 14:11:01,Отопитель универсальный D-129321 / HEATER07 24V 8KW-CB (с баком и установочным комплектом) Дизель,1,9608,Дизель,D-129321,Москва
2025-12-28 14:11:01,Охладитель масл (теплообменник) 61500010334 JAC N350 WP10 E-5 ORIG,1,6208,JAC,61500010334,Москва
2025-12-28 14:11:01,Охладитель системы EGR 8-97310-496-1 4HK1T NQR75 ORIG,2,44752,Isuzu,8-97310-496-1,Москва
2025-12-28 14:11:01,Охладитель системы EGR 8-97628-169-0 CYZ ORIG,1,29845,Isuzu,8976281690,Москва
2025-12-28 14:11:01,Охладитель системы EGR 8-98030-582-3 F-series ORIG,1,37106,Isuzu,8-98030-582-3,Москва
2025-12-28 14:11:01,Охладитель системы EGR 8-98212-718-0 4HK1 Евро4 FSR90/NQR90/NPR75 ORIG,1,44474,Isuzu,8-98212-718-1,Москва
2025-12-28 14:11:01,Охладитель системы EGR в сборе (1-й) 8-98025-248-5 4HK1 Евро4 FSR90/NQR90/NPR75 ORIG,1,44474,Isuzu,8980252485,Москва
2025-12-28 14:11:01,Палец (болт) крепления рессоры FR/RR 9-51361-602-2 M16x122 NQR/NKR/NPR ORIG,1,610,Isuzu,9-51361-602-2,Москва
2025-12-28 14:11:01,Палец (штифт) стопорный V-001-0625 6*25mm PM,2,99,Paul Master,V-001-0625,Москва
2025-12-28 14:11:01,Палец (штифт) стопорный V-001-0820/MF473469 8*20mm PM,2,99,Paul Master,V-001-0820,Москва
2025-12-28 14:11:01,Палец (штифт) стопорный V-001-0822 8*22mm PM,2,99,Paul Master,V-001-0822,Москва
2025-12-28 14:11:01,Палец (штифт) стопорный V-001-0828 8*28mm PM,1,99,Paul Master,V-001-0828,Москва
2025-12-28 14:11:01,"Палец (штифт) стопорный V-001-1340 1/2""*40mm PM",2,159,Paul Master,V-001-1340,Москва
2025-12-28 14:11:01,Палец (штифт) стопорный V-001-14B/30648-90004 PM,2,290,Paul Master,V-001-14B,Москва
2025-12-28 14:11:01,Палец FR рессоры передний D-125049 / 8-97360-110-0/1 / 8-97076-850-1 / 9-51361-602-2 N-series Дизель,6,193,Дизель,D-125049,Москва
2025-12-28 14:11:01,Палец RR рессоры передний D-125444/1-51361-026-0 /9-51361-066-1 FVR34 Дизель,35,266,Дизель,D-125444,Москва
2025-12-28 14:11:01,Палец RR рессоры передний D-126408 / 1-51361-026-0 / 9-51361-066-1 FVR34 Дизель,4,370,Дизель,D-126408,Москва
2025-12-28 14:11:01,Палец втулки кронштейна крепления кабины 41022094 / 53482 Auger !,1,647,Auger,53482,Москва
2025-12-28 14:11:01,Палец задней рессоры D-127681 / 2912033LE010 JAC N90 Дизель,2,412,Дизель,D-127681,Москва
2025-12-28 14:11:01,Палец задней рессоры D-128283 / 2912471-6K9 FAW Дизель,4,231,Дизель,D-128283,Москва
2025-12-28 14:11:01,Палец задней тормозной колодки D-127897 / 3502086-A6E/A FAW J6 Дизель,3,377,Дизель,D-127897,Москва
2025-12-28 14:11:01,Палец колодки тормозной D-127168 / 1-47131-044-0 L=115.5 Дизель,1,506,Дизель,D-127168,Москва
2025-12-28 14:11:01,Палец крепления переднего амортизатора 2905025E4QZ-M0 JAC ORIG,1,524,JAC,2905025E4QZ-M0,Москва
2025-12-28 14:11:01,Палец опорной колодки 362241 / 81502120036 DieselTechnic !,4,363,Diesel Technic,3.62241,Москва
2025-12-28 14:11:01,Палец перед рессоры D-126561 / WG9925520696 Sitrak C7H Дизель,20,485,Дизель,D-126561,Москва
2025-12-28 14:11:01,Палец переднего амортизатора D-126562 / WG9925688120 Sitrak C7H Дизель,17,265,Дизель,D-126562,Москва
2025-12-28 14:11:01,Палец передней рессоры (универсальный) D-126888 / WG9100520065 HOWO Дизель,10,261,Дизель,D-126888,Москва
2025-12-28 14:11:01,Палец передней рессоры D-126889 / 2902471-1H FAW 3252 Дизель,2,215,Дизель,D-126889,Москва
2025-12-28 14:11:01,Палец передней рессоры D-126890 / 2902471-D595E FAW Дизель,2,275,Дизель,D-126890,Москва
2025-12-28 14:11:01,Палец передней рессоры WG9100520065 HOWO ORIG,32,382,Howo,WG9100520065,Москва
2025-12-28 14:11:01,Палец передней/задней рессоры 2902052LE010 JAC N90 ORIG,1,182,JAC,2902052LE010,Москва
2025-12-28 14:11:01,Палец передней/задней рессоры D-127682 / 2902052LE010 JAC N90 Дизель,2,190,Дизель,D-127682,Москва
2025-12-28 14:11:01,"Палец полурессоры 0334015270SKV М30х3,5х190 DIN 6914/8,8 SKV",20,388,SKV,0334015270SKV,Москва
2025-12-28 14:11:01,"Палец полурессоры 0334015310 SKV / 03.340.15.31.0 BPW M30x3,5x260 SKV",14,386,SKV,0334015310,Москва
2025-12-28 14:11:01,Палец полурессоры 0334105030SKV / 03.341.05.03.0 BPW М30х200/40мм SKV,12,550,SKV,0334105030SKV,Москва
2025-12-28 14:11:01,Палец поршневой L=81 d=44 23412-52000 Hyundai HD65/72/78/Богдан D4GA/D6GA ORIG,4,1146,Hyundai-Kia,23412-52000,Москва
2025-12-28 14:11:01,Палец поршня 23421-45500 HYUNDAI HD65/78 D4DD ORIG,2,1023,Hyundai-Kia,23421-45500,Москва
2025-12-28 14:11:01,Палец поршня 8-94396-589-1 ORIG,2,1335,Isuzu,8943965891,Москва
2025-12-28 14:11:01,Палец поршня 8-94396-731-1 4HK1 NPR/NQR ORIG,3,1888,Isuzu,8-94396-731-1,Москва
2025-12-28 14:11:01,Палец поршня 8-98018-863-1 4HK1/6HK1 40*87 ORIG,1,1646,Isuzu,8-98018-863-1,Москва
2025-12-28 14:11:01,Палец поршня D-125908 / 61560030013 JAC N350 WP10 E-5 Дизель,1,462,Дизель,D-125908,Москва
2025-12-28 14:11:01,Палец поршня D-126563 / 200V02502-0133 Sitrak C7H Дизель,2,1312,Дизель,D-126563,Москва
2025-12-28 14:11:01,Палец продольной тяги D-125432 / 1-44361-105-1/0 CX#/CY#/CV#/FRR/FTR 87~ Дизель,2,412,Дизель,D-125432,Москва
2025-12-28 14:11:01,Палец рессор 30x138 SKV,2,169,SKV,30x138,Москва
2025-12-28 14:11:01,Палец рессор FR FR HINO300/500 48423-1640/48423-2430/S4842-32430 (M25X125H) BELTON,2,326,Belton,48423-2430,Москва
2025-12-28 14:11:01,Палец рессор FR FR конец HINO300/500 48423-1640/48423-2430 (25*105*129 ) SKV,35,248,SKV,48423-1640,Москва
2025-12-28 14:11:01,Палец рессор FR RR конец HINO500 10T 48423-E0060 (30*157) SKV,1,334,SKV,48423-E0060,Москва
2025-12-28 14:11:01,Палец рессор FR RR конец HINO500 10T 48423-E0060 (M30X158) BELTON,2,400,Belton,48423-E0060,Москва
2025-12-28 14:11:01,Палец рессор FUSO 10T перед MC031390/MC009257/MK300383/SP13 (32*152) SKV,4,280,SKV,MC031390,Москва
2025-12-28 14:11:01,Палец рессор FUSO 10T перед MC031391 MK300384 54223-69001 (32*152) SKV,2,317,SKV,MC031391,Москва
2025-12-28 14:11:01,Палец рессор FUSO CANTER 3t зад со съемником MB035277/160870 (28*139) SKV,19,278,SKV,MB035277,Москва
2025-12-28 14:11:01,Палец рессор HD120 54224-62000 (28*129) передн.рессоры SKV,199,253,SKV,54224-62000,Москва
2025-12-28 14:11:01,Палец рессор HD65/72/78 55223-45002 (28*127.5) задней рессоры задний SKV,317,253,SKV,55223-45002,Москва
2025-12-28 14:11:01,Палец рессор HD65/72/78 55224-5H000 (28*120.5) задней рессоры SKV,7,220,SKV,55224-5H000,Москва
2025-12-28 14:11:01,Палец рессор HD65/72/78/120 54223-62000 (28*117) перед/зад SKV,128,251,SKV,54223-62000,Москва
2025-12-28 14:11:01,Палец рессор HINO 10T зад 48423-2150 (38*158) SKV,2,389,SKV,48423-2150,Москва
2025-12-28 14:11:01,"Палец рессор HINO 10t перед 2 ось ""сороконожка"" SP29 /48423-2230 25*121*14",4,224,JMC,48423-2230,Москва
2025-12-28 14:11:01,Палец рессор HINO 7-8t перед 48423-1561 (30*120*145) SKV,14,332,SKV,48423-1561,Москва
2025-12-28 14:11:01,Палец рессор ISUZU 10t перед 1-51161-014-0/1-51161-043-1/1-51161-031-0 (32*136) SKV,1,271,SKV,1-51161-014-0,Москва
2025-12-28 14:11:01,Палец рессор ISUZU ELF 3T зад SP17 /8-94146-149-3 25*82*120 SKV,6,220,SKV,8-94146-149-3,Москва
2025-12-28 14:11:01,Палец рессор ISUZU 9-51361-014-0/1-51361-015-0/SP39 (28*131) SKV,3,225,SKV,9-51361-014-0,Москва
2025-12-28 14:11:01,Палец рессор NISSAN 10t зад/перед 54215-Z0002 (30*145) SKV,10,275,SKV,54215-Z0002,Москва
2025-12-28 14:11:01,Палец рессор передний Scania 355145SKV / 2097427 M28x4x166 SKV,61,467,SKV,355145SKV,Москва
2025-12-28 14:11:01,Палец рессоры 25*115 зад SP09 /1-51361-016-0/-017-0/9-51361-034-1/48423-1890 Hino 300/FRR SKV,71,239,SKV,1-51361-016-0,Москва
2025-12-28 14:11:01,Палец рессоры D-128387 / 199100520065 SITRAK Дизель,10,290,Дизель,D-128387,Москва
2025-12-28 14:11:01,Палец рессоры FR 55552-5H000/8-97076-850-2/SP47 HYUNDAI HD72/78 ORIG,6,218,Hyundai-Kia,55552-5H000,Москва
2025-12-28 14:11:01,Палец рессоры задней (передний / задний) TONN 19730200 / 19730200 / 48423E0200/48423-E0200/S48423132,6,287,JMC,/S48423132,Москва
2025-12-28 14:11:01,Палец рессоры задней 2911015G1010 JAC N120 LE35S ORIG,12,577,JAC,2911015G1010,Москва
2025-12-28 14:11:01,Палец рессоры задней 2911016G1010 JAC N120 LE35S ORIG,12,577,JAC,2911016G1010,Москва
2025-12-28 14:11:01,Палец рессоры передней D-126891 / 2902471-DA01 FAW Дизель,34,240,Дизель,D-126891,Москва
2025-12-28 14:11:01,Палец рессоры передней D-126892 / 2902481-1Н 30*160 FAW Дизель,10,218,Дизель,D-126892,Москва
2025-12-28 14:11:01,Палец сайлентблока стабилизатора RR 1-51789-020-2 FVR34 ORIG,3,4433,Isuzu,1-51789-020-2,Москва
2025-12-28 14:11:01,"Палец серьги рессоры передний D-127267/ MB025177/54224-45001/ MB391639 CANTER, Fuso Canter Дизель",11,566,Дизель,D-127267,Москва
2025-12-28 14:11:01,Палец стабилизатора переднего D-125643 / 8-98022-874-1/0 FVR34 6HK1 Дизель,18,1087,Дизель,D-125643,Москва
2025-12-28 14:11:01,Палец тормозной колодки 016.036-10A/450221/1593001800/A4974210074/54793/30*102 Mercedes/PE,5,473,Pe Automotive,016.036-10A,Москва
2025-12-28 14:11:01,Палец тормозной колодки 450221/1593001800/A4974210074/54793/ 30*102 Mercedes/DieselTechnic,6,463,Diesel Technic,4.50221,Москва
2025-12-28 14:11:01,Палец тормозной колодки 54793/450221/1593001800/A4974210074/ 30*102 Mercedes/Auger,4,512,Auger,54793,Москва
2025-12-28 14:11:01,Палец тормозной колодки D-125909 / AK35020302BZ3-B JAC N350 Дизель,5,207,Дизель,D-125909,Москва
2025-12-28 14:11:01,Палец тормозной колодки переднего моста L=102 D=30 F2000/F3000,2,164,Дизель,30*102,Москва
2025-12-28 14:11:01,Панель боковая левая 8-97406-040-8 N-series ORIG,4,10893,Isuzu,8-97406-040-9,Москва
2025-12-28 14:11:01,Панель боковая левая 8-97466-419-0 FVR ORIG,2,11844,Isuzu,8-97466-419-0,Москва
2025-12-28 14:11:01,"Панель боковая передняя R 8-97406-039-9 N,Q-series ORIG",2,10893,Isuzu,8-97406-039-9,Москва
2025-12-28 14:11:01,Панель боковая правая 8-97466-403-0 FVR ORIG,2,14076,Isuzu,8-97466-403-0,Москва
2025-12-28 14:11:01,Панель боковины 8-97585-301-4 ORIG,1,7942,Isuzu,8-97585-301-4,Москва
2025-12-28 14:11:01,Панель боковины задняя RH 8-98055-463-1 N-series ORIG,1,8839,Isuzu,8-98055-463-1,Москва
2025-12-28 14:11:01,Панель боковины передняя 8-98072-802-0 LH NPR75 ORIG,1,12209,Isuzu,8-98072-802-0,Москва
2025-12-28 14:11:01,"Панель боковины передняя LH 8-98093-581-0 F,N-series ORIG",4,11770,Isuzu,8980935810,Москва
2025-12-28 14:11:01,Панель двери внутренняя 81121-5H001TH HD78 ORIG дефект,2,1607,Hyundai-Kia,81121-5H001TH,Москва
2025-12-28 14:11:01,Панель инструментов (в сб) ML231698 Fuso Canter TF ORIG,1,80454,Mitsubishi,ML231698,Москва
2025-12-28 14:11:01,Панель инструментов (средняя ниж часть) ML231726 Fuso Canter TF ORIG,1,20014,Mitsubishi,ML231726,Москва
2025-12-28 14:11:01,Панель кабины (капот) MK707621 Fuso Canter TF ORIG,1,46768,Mitsubishi,MK707621,Москва
2025-12-28 14:11:01,Панель кабины MC978996 Fuso Canter TF Е-5 ORIG,1,15112,Mitsubishi,MC978996,Москва
2025-12-28 14:11:01,"Панель кабины нижняя левая 8-98055-462-1 F,C,F-series ORIG",1,7056,Isuzu,8-98055-462-1,Москва
2025-12-28 14:11:01,Панель капота боковая L D-128788 / 8-97417-875-2 CYZ52 Дизель,1,8624,Дизель,D-128788,Москва
2025-12-28 14:11:01,Панель передняя угловая правая 82720-5K003 Hyundai HD65/78 ORIG,2,1724,Hyundai-Kia,82720-5K003,Москва
2025-12-28 14:11:01,Панель под фару LH/RH 8-98034-056-1 N-series ORIG,5,875,Isuzu,8-98034-056-1,Москва
2025-12-28 14:11:01,Панель под фару RH D-127332 / 86325-5K000 HD78/65 Дизель,9,781,Дизель,D-127332,Москва
2025-12-28 14:11:01,Панель подножки 8405020G12A0 JAC N350 (NON-GENUINE),1,4107,Noname,8405020G12A0,Москва
2025-12-28 14:11:01,Панель торпеды нижняя 8-97857-188-3 N-series ORIG,1,3377,Isuzu,8-97857-188-3,Москва
2025-12-28 14:11:01,Панель угловая правая D-125912 / 82720-Y4010XH JAC N350 Дизель дефект,1,3378,Дизель,D-125912,Москва
2025-12-28 14:11:01,Пара главная D-128354 / 710-35199-6615 SITRAK Дизель,1,20714,Дизель,D-128354,Москва
2025-12-28 14:11:01,"Патрон указателя поворотов 8-98051-390-0 F,C,N-series ORIG",1,435,Isuzu,8-98051-390-0,Москва
2025-12-28 14:11:01,Патрубок водяной 1041011GG010 S3 JAC ORIG,1,292,JAC,1041011GG010,Москва
2025-12-28 14:11:01,Патрубок воздушного фильтра (от фильтра к турбине) 8-98281-176-0 NQR90/NPR75 4HK1 ЕВРО4/5 ORIG,40,9043,Isuzu,8-98281-176-0,Москва
2025-12-28 14:11:01,Патрубок забора воздуха 4933777 JAC N120/Камаз Cummins ISF3.8 Е-5 Foton ORIG,1,758,Foton,4933777,Москва
2025-12-28 14:11:01,Патрубок интеркулера 1109406W5030 JAC N35 ORIG,2,1397,JAC,1109406W5030,Москва
2025-12-28 14:11:01,Патрубок интеркулера 27851-5E100 Hyundai HD78 D4DD ORIG,1,3536,Hyundai-Kia,27851-5E100,Москва
2025-12-28 14:11:01,Патрубок отопителя D-129335 / 810W96305-0200 HOWO T5G Дизель,2,224,Дизель,D-129335,Москва
2025-12-28 14:11:01,Патрубок помпы D-126749 / 612640060117 JAC N350 WP10 E-5 Дизель,1,5081,Дизель,D-126749,Москва
2025-12-28 14:11:01,Патрубок радиатора 1-21437-450-0 ORIG,1,4199,Isuzu,1-21437-450-0,Москва
2025-12-28 14:11:01,Патрубок радиатора 1303011W5030 JAC N35 ORIG,1,367,JAC,1303011W5030,Москва
2025-12-28 14:11:01,Патрубок радиатора 1303012W5030 JAC N35 ORIG,1,803,JAC,1303012W5030,Москва
2025-12-28 14:11:01,Патрубок радиатора 8-97133-143-0 ORIG,1,2213,Isuzu,8-97133-143-0,Москва
2025-12-28 14:11:01,Патрубок радиатора D-127683 / 1303102Y5CH401 JAC N350 Дизель,1,1054,Дизель,D-127683,Москва
2025-12-28 14:11:01,Патрубок радиатора D-129336 / 1303011-14B/A FAW J6 CA6DL E-5 Дизель,3,1575,Дизель,D-129336,Москва
2025-12-28 14:11:01,Патрубок радиатора D-129337 / 1303021-14B/B FAW J6 CA6DL E-5 Дизель,1,1720,Дизель,D-129337,Москва
2025-12-28 14:11:01,Патрубок радиатора верх D-126565 / YG9625530001 Sitrak C7H Дизель,1,897,Дизель,D-126565,Москва
2025-12-28 14:11:01,Патрубок радиатора верхний 8-98010-578-1/0/ 8-98050-924-0/1/RH-IZ029T F-серия 6HK1 ORIG,4,3699,Isuzu,8-98010-578-1,Москва
2025-12-28 14:11:01,Патрубок радиатора ниж D-126566 / 712W96301-0016 Sitrak C7H Дизель,2,1484,Дизель,D-126566,Москва
2025-12-28 14:11:01,Патрубок радиатора охлаждения RH-MB005T,1,696,JMC,RH-MB005T,Москва
2025-12-28 14:11:01,"Патрубок системы охлаждения 4HE1,4HF1,4HG1 NQR71/75 8-97209-948-0 ORIG",1,802,Isuzu,8-97209-948-0,Москва
2025-12-28 14:11:01,Патрубок турбокомпрессора металл 8-98030-079-4 4HK1 NQR90/FSR ORIG,2,9299,Isuzu,8-98030-079-4,Москва
2025-12-28 14:11:01,ПГУ сцепления D-126695/1927825/1523399/1784480/2555088 Scania Дизель,5,6040,Дизель,D-126695,Москва
2025-12-28 14:11:01,ПГУ сцепления D-126751 / 1602300А70А FAW J6 Дизель,1,3177,Дизель,D-126751,Москва
2025-12-28 14:11:01,ПГУ сцепления D-126753 / 1607300Y1P30 JAC N350 Дизель,1,5142,Дизель,D-126753,Москва
2025-12-28 14:11:01,ПГУ сцепления D-128096 / 1-31800-516-1/0/2 / 1-87610-089-0 FVR34 6HK1 Дизель,8,3654,Дизель,D-128096,Москва
2025-12-28 14:11:01,ПГУ сцепления QW417006A201 HYUNDAI HD120/170/250 D6DA ORIG,3,25015,Hyundai-Kia,QW417006A201,Москва
2025-12-28 14:11:01,ПГУ тормоза D-126245 / MK384470 FUSO-CANTER Дизель,18,5896,Дизель,D-126245,Москва
2025-12-28 14:11:01,ПГУ тормоза D-127865 / HDA-021 / 47250-Z2066 длинный NISSAN Дизель,2,9351,Дизель,D-127865,Москва
2025-12-28 14:11:01,Педаль акселератора (электронная) D-127685 / 32710-Y4870 JAC N350 WP10 E-5 Дизель,1,4313,Дизель,D-127685,Москва
2025-12-28 14:11:01,Педаль акселератора (электронная) D-128048 / 1108010-42A/E FAW J6 Дизель,2,1854,Дизель,D-128048,Москва
2025-12-28 14:11:01,Педаль акселератора 32710-5K003 HD65/78 D4DD ORIG,1,36074,Hyundai-Kia,32710-5K003,Москва
2025-12-28 14:11:01,Педаль акселератора электронная 811W25970-6103 Sitrak C7H ORIG,2,7226,Howo,811W25970-6103,Москва
2025-12-28 14:11:01,Педаль газа D-126754 / DZ97189570283 SHACMAN X3000 E-4/5 Дизель,1,1882,Дизель,D-126754,Москва
2025-12-28 14:11:01,Переключатель данных блока управления D-129893 / WG9918586037 HOWO T5G Дизель,1,1064,Дизель,D-129893,Москва
2025-12-28 14:11:01,Переключатель подрулевой 8-98073-850-0/8-98243-757-0 NPR75 NLR85 ORIG,1,14313,Isuzu,8-98243-757-0,Москва
2025-12-28 14:11:01,Переключатель подрулевой 93300-5K100 HYUNDAI HD78/County ORIG,1,5890,Hyundai-Kia,93300-5K100,Москва
2025-12-28 14:11:01,Переключатель подрулевой RH 93303-5K100 HYUNDAI HD72/County ORIG,1,1455,Hyundai-Kia,93303-5K100,Москва
2025-12-28 14:11:01,Переходник угловой 500316062 Iveco Orig !,1,660,Iveco,500316062,Москва
2025-12-28 14:11:01,Петля двери 6206100U8510 JAC S5 ORIG,3,484,JAC,6206100U8510,Москва
2025-12-28 14:11:01,Петля двери 79110-7A001 HYUNDAI HD120/160/170/450/500 ORIG,1,743,Hyundai-Kia,79110-7A001,Москва
2025-12-28 14:11:01,Петля двери D-127686 / 6106100LE010 N56/N75/N80/N120 JAC Дизель,4,746,Дизель,D-127686,Москва
2025-12-28 14:11:01,Петля двери L=R 8-98191-302-0/8-98038-293-0 ORIG,3,6003,Isuzu,8-98191-302-0,Москва
2025-12-28 14:11:01,Петля двери L=R D-125294/8-98191-302-0/8-98038-293-0 ISUZU Дизель,12,1421,Дизель,D-125294,Москва
2025-12-28 14:11:01,Петля двери передней левой нижняя 79315-4F000 HYUNDAI Porter II ORIG,4,534,Hyundai-Kia,79315-4F000,Москва
2025-12-28 14:11:01,Петля двери правой верхняя 79115-5H000 Hyundai HD72/HD78 ORIG,11,572,Hyundai-Kia,79115-5H000,Москва
2025-12-28 14:11:01,Петля двери правой нижняя 79125-5H000 Hyundai HD72/HD78 ORIG,16,628,Hyundai-Kia,79125-5H000,Москва
2025-12-28 14:11:01,Петля капота левая 79110-4F001 HYUNDAI PORTER II ORIG,2,501,Hyundai-Kia,79110-4F001,Москва
2025-12-28 14:11:01,Пистон крепежный 86590-28000 JAC ORIG,20,23,JAC,86590-28000,Москва
2025-12-28 14:11:01,Планшетная шайба ТНВД Q-002 / 1-56605-2420 6BG1T РМ,2,715,Paul Master,Q-002,Москва
2025-12-28 14:11:01,"Пластина износа 0316435030 / 03.164.35.03.0 5/125/120 O24,2 BPW SKV",16,207,SKV,0316435030,Москва
2025-12-28 14:11:01,Пластина крепления передней рессоры D-126568 / WG9925522108 Sitrak C7H Дизель,2,1495,Дизель,D-126568,Москва
2025-12-28 14:11:01,Пластина переднего моста A9333310026 Mercedes ориг !,1,3000,Mercedes,A 933 331 00 26,Москва
2025-12-28 14:11:01,Пластина подрессорная 0528136150 235х98х5 BPW SKV,20,353,SKV,0528136150SKV,Москва
2025-12-28 14:11:01,Пластина рессоры 463196 Mercedes/DieselTechnic,1,1340,Diesel Technic,4.63196,Москва
2025-12-28 14:11:01,Пластина рессоры левая 0514522830 / 05.145.22.83.0 / 401213/4 SKV,11,3135,SKV,0514522830,Москва
2025-12-28 14:11:01,"Пластина рессоры правая 0514522800SKV / 05.145.22.80.0 / 401204/5 150x77,5x42 BPW SKV",19,3820,SKV,0514522800SKV,Москва
2025-12-28 14:11:01,Пластина серьги рессоры ELF NKR F/R 16*16*65 D-125050 / 8-94110-399-3/5 Дизель,4,395,Дизель,D-125050,Москва
2025-12-28 14:11:01,"Пластина стопорная рессорного пальца 0328154180SKV / 03.281.54.18.0 103,5х57,5х8 BPW",2,118,SKV,0328154180SKV,Москва
2025-12-28 14:11:01,Пластина стопорная тормоза D-129339 / 3501087-4E FAW Дизель,2,20,Дизель,D-129339,Москва
2025-12-28 14:11:01,Пластина теплообменника 1-21729-086-1 C-series 6WG1 ORIG,1,9285,Isuzu,1-21729-086-1,Москва
2025-12-28 14:11:01,"Пластина тормозного цилиндра лев. 8-97349-743-0/8-97550-979-0 N,F series ORIG",2,844,Isuzu,8-97550-979-0,Москва
2025-12-28 14:11:01,"Пластина тормозного цилиндра прав. D-128076/8-97349-744-0 N,F series Дизель",9,133,Дизель,D-128076,Москва
2025-12-28 14:11:01,Плунжер 4D102T-1A D-129342 / 131154-3920 / 9 443 610 373 Дизель !,4,313,Дизель,D-129342,Москва
2025-12-28 14:11:01,Плунжер 4D95L 131152-4520 !,4,313,Дизель,131152-4520,Москва
2025-12-28 14:11:01,Плунжер D-128545 / 090150-4840-D HIN F17D/F17E Дизель,2,735,Дизель,D-128545,Москва
2025-12-28 14:11:01,Плунжер D-128546 / 090150-2610 HIN HO6BT/HO6C/HO7C/EH500/700 Дизель,2,555,Дизель,D-128546,Москва
2025-12-28 14:11:01,Плунжер D-128547 / 134153-2820 / P309 IS 6HE1TC Дизель,2,735,Дизель,D-128547,Москва
2025-12-28 14:11:01,Плунжер D-128548 / 131153-4320 / A722 / ME727544 MMC 6D16 Дизель,2,604,Дизель,D-128548,Москва
2025-12-28 14:11:01,Плунжер D-128931 / 131153-9320 / A772 / 8-97121-619-0 IS 4HG1 Дизель,2,599,Дизель,D-128931,Москва
2025-12-28 14:11:01,Плунжер D-129341 / 131153-9620 / A775 Дизель !,6,290,Дизель,D-129341,Москва
2025-12-28 14:11:01,Плунжер HIN EF500/750/EV700 D-129343 / 134101-4420 / P30 Дизель,8,705,Дизель,D-129343,Москва
2025-12-28 14:11:01,Плунжер HIN EF550/750/F17C/V21C/V22C D-129344 / 134151-1120 / P93 Дизель,2,735,Дизель,D-129344,Москва
2025-12-28 14:11:01,Плунжер HIN EK100 D-129346 / 134101-3820 / P25 Дизель !,6,669,Дизель,D-129346,Москва
2025-12-28 14:11:01,Плунжер HIN EK100 D-129347 / 134151-4820 / P128 Дизель !,6,394,Дизель,D-129347,Москва
2025-12-28 14:11:01,Плунжер HIN EK100/200/K13D D-129349 / 134101-5820 / P44 Дизель,6,701,Дизель,D-129349,Москва
2025-12-28 14:11:01,Плунжер HIN EP100/EP100T D-129350 / 134101-9620 / P78 Дизель !,6,394,Дизель,D-129350,Москва
2025-12-28 14:11:01,Плунжер HIN F20C D-129352 / 134152-3520 / P215 Дизель,2,735,Дизель,D-129352,Москва
2025-12-28 14:11:01,Плунжер HIN H07D D-129355 / 131153-5020 / А729 Дизель,6,653,Дизель,D-129355,Москва
2025-12-28 14:11:01,Плунжер HIN HO6CT D-129356 / 131153-2020 / A228 Дизель,6,518,Дизель,D-129356,Москва
2025-12-28 14:11:01,Плунжер HIN HO6CT ISUZU 6SA1T D-129357 / 131151-4620 / A62 Дизель,6,518,Дизель,D-129357,Москва
2025-12-28 14:11:01,Плунжер HIN K13C D-129358 / 134151-6720 / P146 Дизель !,6,525,Дизель,D-129358,Москва
2025-12-28 14:11:01,Плунжер HIN W06E 131152-7520 / А214,6,441,Zexel,131152-7520,Москва
2025-12-28 14:11:01,Плунжер HIN W06E D-129359 / 131152-6920 / 22104-2940 / A205 Дизель,2,604,Дизель,D-129359,Москва
2025-12-28 14:11:01,Плунжер HIN WO4CT/W04TI/WO6D D-129361 / 131152-5320 / A183 Дизель,4,503,Дизель,D-129361,Москва
2025-12-28 14:11:01,Плунжер HIN WO6E D-129362 / 131152-2320 / A149 Дизель !,6,378,Дизель,D-129362,Москва
2025-12-28 14:11:01,Плунжер IS 10PC1 D-129363 / 134151-2420 / P105 Дизель,10,596,Дизель,D-129363,Москва
2025-12-28 14:11:01,Плунжер IS 12PC1 D-129365 / 134101-9120 / Р74 Дизель !,8,706,Дизель,D-129365,Москва
2025-12-28 14:11:01,Плунжер IS 4BB1/BD1/6BB1/BD1/BD1T/6BG1/BG1T D-129367 / 131151-3220 / A44 Дизель,2,604,Дизель,D-129367,Москва
2025-12-28 14:11:01,Плунжер IS 4BC2/4BE1 D-129368 / 131152-4320 / A172 Дизель,4,448,Дизель,D-129368,Москва
2025-12-28 14:11:01,Плунжер IS 4BD1/6BD1/BD1T/6BG1 D-129369 / 131151-6320 / A79 Дизель !,4,515,Дизель,D-129369,Москва
2025-12-28 14:11:01,Плунжер IS 6BF1; MMC 6D16 131151-7320 / A89 !,6,220,Дизель,131151-7320,Москва
2025-12-28 14:11:01,Плунжер IS 6BG1 D-129372 / 131152-3520 / A162 Дизель,6,602,Дизель,D-129372,Москва
2025-12-28 14:11:01,Плунжер IS 6BG1/6BG1TC D-129373 / 131153-0520 / A147 Дизель,4,430,Дизель,D-129373,Москва
2025-12-28 14:11:01,Плунжер IS 6BG1T D-129374 / 131153-6120 / A740 / 8-97041-664-0 Дизель !,6,441,Дизель,D-129374,Москва
2025-12-28 14:11:01,Плунжер IS 6D105 131151-5820 !,4,646,Дизель,131151-5820,Москва
2025-12-28 14:11:01,Плунжер IS 6HE1 D-129375 / 131153-1020 / A185 Дизель,4,653,Дизель,D-129375,Москва
2025-12-28 14:11:01,Плунжер IS 6HE1 D-129377 / 131153-7220 / A751 Дизель,4,653,Дизель,D-129377,Москва
2025-12-28 14:11:01,Плунжер IS 6HE1 D-129378 / 131154-1320 / 1-15631-102-0 / A255 Дизель,4,610,Дизель,D-129378,Москва
2025-12-28 14:11:01,Плунжер IS 6RB1-T D-129381 / 134151-9720 / P177 Дизель !,4,518,Дизель,D-129381,Москва
2025-12-28 14:11:01,Плунжер IS 6RB1/6RB1-TC; NIS RE8 D-129380 / 134151-3420 / P114 Дизель !,4,525,Дизель,D-129380,Москва
2025-12-28 14:11:01,Плунжер IS 6SA1/6SA1T D-129382 / 131153-1120 / A187 Дизель !,4,439,Дизель,D-129382,Москва
2025-12-28 14:11:01,Плунжер IS 6SD1TPD/6SD1-T D-129383 / 134152-7220 / P252 Дизель,4,797,Дизель,D-129383,Москва
2025-12-28 14:11:01,Плунжер IS 8/10/12PC1 D-129384 / 134101-9120 / P74 Дизель,2,735,Дизель,D-129384,Москва
2025-12-28 14:11:01,Плунжер IS 8PB1/10PA1/10PB1/12PA1 D-129385 / 131151-1420 / A30 Дизель !,6,462,Дизель,D-129385,Москва
2025-12-28 14:11:01,Плунжер MMC 6D14/6D14T/6D15 D-129389 / 131151-2220 / A38 Дизель !,4,366,Дизель,D-129389,Москва
2025-12-28 14:11:01,Плунжер MMC 6D14C D-129390 / 090150-1820 Дизель !,4,270,Дизель,D-129390,Москва
2025-12-28 14:11:01,Плунжер MMC 6D14T/6D14CT/6D15T/6D15CT D-129391 / 131152-0020 / A122 Дизель !,4,383,Дизель,D-129391,Москва
2025-12-28 14:11:01,Плунжер MMC 6D15/6D15C D-129392 / 090150-2850 Дизель !,2,290,Дизель,D-129392,Москва
2025-12-28 14:11:01,Плунжер MMC 6D15/6D16CT/6D16T/6D16WT D-129393 / 131151-6220 /A78 Дизель,4,490,Дизель,D-129393,Москва
2025-12-28 14:11:01,Плунжер MMC 6D15T/6D16T D-129394 / 131153-2220 / A701 Дизель,4,490,Дизель,D-129394,Москва
2025-12-28 14:11:01,Плунжер MMC 6D16/15 D-129395 / 131152-3320 / ME704351 / A160 Дизель,4,450,Дизель,D-129395,Москва
2025-12-28 14:11:01,Плунжер MMC 6D17 D-129396 / 131153-6220 / ME730418 / A741 Дизель,2,604,Дизель,D-129396,Москва
2025-12-28 14:11:01,Плунжер MMC 6D20/6D22/8DC8/8DC9 D-129397 / 131151-2720 / A43 Дизель !,4,478,Дизель,D-129397,Москва
2025-12-28 14:11:01,Плунжер MMC 6D22/6D22T/6D24T D-129398 / 134101-6620 / P51 Дизель,4,571,Дизель,D-129398,Москва
2025-12-28 14:11:01,Плунжер MMC 6D22T/6D22CT/6D22PT D-129399 / 134151-2920 / P109 Дизель,4,732,Дизель,D-129399,Москва
2025-12-28 14:11:01,Плунжер MMC 8DC4/8DC40/8DC8 D-129400 / 131151-3720 / A52 Дизель !,6,321,Дизель,D-129400,Москва
2025-12-28 14:11:01,Плунжер MMC 8DC8/9/10 D-129402 / 134101-6420 / P49 Дизель,6,797,Дизель,D-129402,Москва
2025-12-28 14:11:01,Плунжер MMC 8DC9T/6D22T D-129403 / 134101-7120 / P55 Дизель,6,598,Дизель,D-129403,Москва
2025-12-28 14:11:01,Плунжер NIS FD6 131151-4520 / A61 !,4,341,Дизель,131151-4520,Москва
2025-12-28 14:11:01,Плунжер NIS FD6T FE6A NE6 D-129404 / 131152-2120/A146 Дизель,2,604,Дизель,D-129404,Москва
2025-12-28 14:11:01,Плунжер NIS FE6E D-129407 / 131153-8620 / 16760-Z9116 / A765 Дизель,2,604,Дизель,D-129407,Москва
2025-12-28 14:11:01,Плунжер NIS NF6TA/RH10A; MMC 8DC9/8M20 D-129408 / 134153-1320 P295 Дизель,3,565,Дизель,D-129408,Москва
2025-12-28 14:11:01,Плунжер NIS PD6//PE6/PE6H D-129409 / 134101-1420 / P2 Дизель !,2,525,Дизель,D-129409,Москва
2025-12-28 14:11:01,Плунжер NIS PD6T/PE6T/RD10 D-129410 / 134101-1520 / P3 Дизель,2,525,Дизель,D-129410,Москва
2025-12-28 14:11:01,Плунжер NIS PE6 D-129411 / 134151-1220 / P94 Дизель !,2,536,Дизель,D-129411,Москва
2025-12-28 14:11:01,Плунжер NIS PE6/RD8 D-129412 / 134101-1620 / P4 Дизель !,2,536,Дизель,D-129412,Москва
2025-12-28 14:11:01,Плунжер NIS PE6T D-129413 / 134151-3220 / P112 Дизель,2,632,Дизель,D-129413,Москва
2025-12-28 14:11:01,Плунжер NIS PE6T/PE6TA/PF6T D-129414 / 134151-9120 / P171 Дизель,2,536,Дизель,D-129414,Москва
2025-12-28 14:11:01,Плунжер NIS PE6TA D-129415 / 134101-8720 / P70 Дизель,2,524,Дизель,D-129415,Москва
2025-12-28 14:11:01,Плунжер NIS RD10/PX/S4B56A/S6B/S8A D-129416 / 134101-4520 / P31 Дизель,2,525,Дизель,D-129416,Москва
2025-12-28 14:11:01,Плунжер NIS RD8/RD8T/RD10 D-129417 / 134101-4120 / P27 Дизель,6,546,Дизель,D-129417,Москва
2025-12-28 14:11:01,Плунжер NIS RE8/RD8 D-129418 / 134151-6620 / P145 Дизель,6,539,Дизель,D-129418,Москва
2025-12-28 14:11:01,Плунжер NIS RE8/RE10 D-129419 / 134151-0420 / P86 Дизель,6,477,Дизель,D-129419,Москва
2025-12-28 14:11:01,Плунжер NIS RE8/RE10/RF8/RF10 D-129420 / 134152-1220 / P192 Дизель,6,797,Дизель,D-129420,Москва
2025-12-28 14:11:01,Плунжер NIS RE8T/RE8T04 D-129421 / 134151-4120 / P121 Дизель,6,525,Дизель,D-129421,Москва
2025-12-28 14:11:01,Плунжер NIS SD23/25/SD33T/TD23; IS 4FB1 D-129422 / 131151-7620 Дизель,2,479,Дизель,D-129422,Москва
2025-12-28 14:11:01,Плунжер TOY 13B D-129424 / 090150-3330 Дизель,2,556,Дизель,D-129424,Москва
2025-12-28 14:11:01,Плунжер TOY B/2B D-129425 / 090150-2140 / 2140R Дизель,2,383,Дизель,D-129425,Москва
2025-12-28 14:11:01,Плунжерная пара 93191555/2418455333/057510333/DTP55333MIG Bosch !,1,2731,Bosch,2418455333,Москва
2025-12-28 14:11:01,Пневмоподушка D-126247 / A151 / 5270-2253 / 49710-2252 / A2012 HINO Дизель,1,2595,Дизель,D-126247,Москва
2025-12-28 14:11:01,Пневмоподушка D-126248 / A151-160 / 52270-1350 / A2013 HINO Дизель,1,4896,Дизель,D-126248,Москва
2025-12-28 14:11:01,Пневмоподушка D-128463 / WG9925528010 Sitrak C7H Дизель,3,8943,Дизель,D-128463,Москва
2025-12-28 14:11:01,Пневмоподушка D-128715 / A138 / ME056299 / A2011 MMC Дизель,3,3440,Дизель,D-128715,Москва
2025-12-28 14:11:01,Пневмоподушка D-129044 / A135 / 7032701 / 7032704 HINO Дизель,10,3309,Дизель,D-129044,Москва
2025-12-28 14:11:01,Пневмоподушка MK493369 Fuso Y,2,5327,Yamasida,MK493369,Москва
2025-12-28 14:11:01,Пневморессора 1-52111-017-0/8-98355-075-0 FR# 98~ ORIG,3,13782,Isuzu,1-52111-017-0,Москва
2025-12-28 14:11:01,Пневморессора 1-52111-032-0 CX#/CY#/EX#/FSR/FTR 99~ ORIG,5,13113,Isuzu,1-52111-032-0,Москва
2025-12-28 14:11:01,Пневморессора 1-52111-033-0 CX#/CY#/EX# 03~ ORIG,1,14330,Isuzu,1-52111-033-0,Москва
2025-12-28 14:11:01,"Пневморессора без стакана штуц. M16*1.5/шп. M12*1.5 MAN TGA, (Sonder), (09.003.0009)",2,3648,JMC,09.003.0009,Москва
2025-12-28 14:11:01,Пневмоусилитель КПП D-125736 / 1-33730-156-0 / HNTC1560 F-series Дизель,1,12722,Дизель,D-125736,Москва
2025-12-28 14:11:01,Поводок стеклоочистителя (водительская сторона) A9418200744 / A9418200944 / 463610 Mercedes ориг !,1,4946,Mercedes-Benz,A 941 820 09 44,Москва
2025-12-28 14:11:01,Поводок стеклоочистителя 98141-6A001 HYUNDAI HD120 ORIG,1,1203,Hyundai-Kia,98141-6A001,Москва
2025-12-28 14:11:01,Поводок стеклоочистителя LH 98131-6A001 HYUNDAI HD120 ORIG,1,1233,Hyundai-Kia,98131-6A001,Москва
2025-12-28 14:11:01,Поворотник ISUZU NPR `07~ D-127129 / 213-1531L-AQ NLR85/NMR85 Дизель,1,1078,Дизель,D-127129,Москва
2025-12-28 14:11:01,Поворотник двери LH 92303-5L001 HYUNDAI HD72/78 ORIG,13,1083,Hyundai-Kia,92303-5L001,Москва
2025-12-28 14:11:01,Повторитель R 92304-5H001 Hyundai HD ORIG,6,1331,Hyundai-Kia,92304-5H001,Москва
2025-12-28 14:11:01,Повторитель в бампер LH D-126409 / 1-82210-260-1/0 CXZ51KEXZ51KCYZ51KCYZ51L 6WF1 Дизель,3,774,Дизель,D-126409,Москва
2025-12-28 14:11:01,Повторитель в бампер LH D-126410 / 1-82210-203-0/1 CXZ81K 10PE1 Дизель,2,701,Дизель,D-126410,Москва
2025-12-28 14:11:01,Повторитель в бампер MMC FUSO 06' 214-1650L-U !,2,2956,Depo,214-1650L-U,Москва
2025-12-28 14:11:01,Повторитель в бампер MMC FUSO 06' 214-1650R-U !,2,2956,Depo,214-1650R-U,Москва
2025-12-28 14:11:01,Повторитель в бампер RH D-128000 / 1-82210-259-1/0 CXZ51KEXZ51KCYZ51KCYZ51L 6WF1 Дизель,1,774,Дизель,D-128000,Москва
2025-12-28 14:11:01,Повторитель на дверь ISUZU ELF NLR85 '07 -L D-127170 / 213-1413L-A Дизель,2,385,Дизель,D-127170,Москва
2025-12-28 14:11:01,Повторитель на дверь ISUZU ELF NLR85 '07 -R D-127171 / 213-1413R-A Дизель,1,385,Дизель,D-127171,Москва
2025-12-28 14:11:01,Повторитель на дверь ISUZU FORWARD / GIGA '93-'98 D-129426 / 213-1405L-A Дизель,1,458,Дизель,D-129426,Москва
2025-12-28 14:11:01,Повторитель на дверь MMC FUSO '07 214-1430L-WE !,2,943,Depo,214-1430L-WE,Москва
2025-12-28 14:11:01,Повторитель на дверь MMC FUSO '07 214-1430R-WE !,2,847,Depo,214-1430R-WE,Москва
2025-12-28 14:11:01,Повторитель на дверь RH 1-82213-020-0/227-1 CXZ51KEXZ51KCYZ51KCYZ51LCXZ81K 6WF1.10PE1 Diesel дефект,1,318,Дизель,1-82213-020-0,Москва
2025-12-28 14:11:01,"Повторитель на дверь В КОРПУСЕ желтый L=R D-127172 / K-219-5368 HINO300,500,700 Дизель",1,528,Дизель,D-127172,Москва
2025-12-28 14:11:01,Повторитель поворота D-129428 / 214-1648R-AE FUSO CANTER FE85 LHD / MK427118 / MK580844 Дизель,8,1364,Дизель,D-129428,Москва
2025-12-28 14:11:01,Повторитель поворота L D-127130 / 214-1648L-AE FUSO CANTER FE85 LHD / MK427117 / MK580843 Дизель,1,1252,Дизель,D-127130,Москва
2025-12-28 14:11:01,Повторитель поворота на дверь L D-126259 / 1-86830-265-2 / 1-82210-228-0 Дизель,2,589,Дизель,D-126259,Москва
2025-12-28 14:11:01,Повторитель поворотов на прав.дверь D-125000/8-97410-180-4/2/3 NPR75/NLR85/NMR85/NQR90/FSR90 Дизель,1,438,Дизель,D-125000,Москва
2025-12-28 14:11:01,Повторитель поворотов на правую дверь D-125151 / 8-97410-180-4 NPR75/NLR85/NMR85/NQR90/FSR90 Дизель,2,569,Дизель,D-125151,Москва
2025-12-28 14:11:01,Поддерживающая скоба тормозной накладки 0980107680 BPW !,3,1020,BPW,09.801.07.68.0,Москва
2025-12-28 14:11:01,Поддон 1-11360-912-0/1-11360-862-0/1-11360-860-0 C-series 6WG1 ORIG,3,58331,Isuzu,1-11360-912-0,Москва
2025-12-28 14:11:01,Поддон 8-97385-242-0/8-97333-990-0/8-97230-130-2/8-97092-478-2 N-series 4HV1 (CNG) ГАЗ ORIG,3,33420,Isuzu,8-97385-242-0,Москва
2025-12-28 14:11:01,Поддон D-125914 / 612600150505 JAC N350 WP10 E-5 Дизель,1,6850,Дизель,D-125914,Москва
2025-12-28 14:11:01,Подкладка D-129430 / 2902409-DC30 FAW Дизель,3,333,Дизель,D-129430,Москва
2025-12-28 14:11:01,Подкрылок D-125915 / 86895-7A000 JAC N350 Дизель,1,1510,Дизель,D-125915,Москва
2025-12-28 14:11:01,Подкрылок D-125916 / 86896-7A000 JAC N350 Дизель,1,1510,Дизель,D-125916,Москва
2025-12-28 14:11:01,Подкрылок H1843021002A0 FOTON,2,2200,Дизель,H1843021002A0,Москва
2025-12-28 14:11:01,"Подкрылок L 1-79937-895-6 C,E-series ORIG",4,10630,Isuzu,1-79937-895-5,Москва
2025-12-28 14:11:01,"Подкрылок R 8-98134-760-0 C,E-series ORIG",1,10704,Isuzu,8-98134-760-0,Москва
2025-12-28 14:11:01,"Подкрылок R D-124999 / 1-79931-064-7 C,E-series Дизель",8,2331,Дизель,D-124999,Москва
2025-12-28 14:11:01,Подкрылок R D-127175 / 8-97048-728-3 NKR/NPR/NQR 94-08 Дизель,8,379,Дизель,D-127175,Москва
2025-12-28 14:11:01,Подножка 8405100Y3AHA JAC N350 (NON-GENUINE),1,10761,Noname,8405100Y3AHA,Москва
2025-12-28 14:11:01,Подножка 8405200Y3AHA JAC N350 (NON-GENUINE),1,10761,Noname,8405200Y3AHA,Москва
2025-12-28 14:11:01,Подножка RH 72192-5K001 HYUNDAI HD78 ORIG,1,2565,Hyundai-Kia,72192-5K001,Москва
2025-12-28 14:11:01,Подножка верхняя левая D-125016 / 1-71907-249-1 CYZ51/CYZ52 Дизель,1,833,Дизель,D-125016,Москва
2025-12-28 14:11:01,Подножка кабины RH D-125516 / MK486009 MMC FUSO CANTER RUS Дизель,2,1726,Дизель,D-125516,Москва
2025-12-28 14:11:01,Подножка левая верхняя 8405500LE111 N120 Le35S JAC ORIG,1,1567,JAC,8405500LE111,Москва
2025-12-28 14:11:01,Подножка нижняя левая D-126261 / 1-53414-181-0 CYZ51/CYZ52/FVR34 Дизель,2,1265,Дизель,D-126261,Москва
2025-12-28 14:11:01,Подножка пластиковая IZNR05019/ D-125280 / 8-97853-583-7/8-97892-965-0 R ISUZU ELF NKR/NPR 2004~ Дизель,3,1082,Дизель,D-125280,Москва
2025-12-28 14:11:01,Подножка правая D-127688 / 8405200LE010 JAC N75/90 Дизель,1,1075,Дизель,D-127688,Москва
2025-12-28 14:11:01,Подушка двигателя 10PC1 1-53225-105-4/0/ IZ-2271 TZG,2,5105,Дизель,TI-015,Москва
2025-12-28 14:11:01,Подушка двигателя 127361/1778530 Scania DieselTechnic !,2,2109,Diesel Technic,1.27361,Москва
2025-12-28 14:11:01,"Подушка двигателя 4HK1/4HJ1 LH NPR,NQR 98-06 задняя 8-97201-671-0 TZG",2,1567,TZG,8-97201-671-0,Москва
2025-12-28 14:11:01,Подушка двигателя 6HH1/6HE1/6HK1 1-53225-314-1/0 LH ISUZU FR#/FT#/FS# 94~ TZG,4,3995,TZG,TI-071,Москва
2025-12-28 14:11:01,Подушка двигателя 6WG1 1-53215-222-0 CYZ51 ORIG,5,11341,Isuzu,1-53215-222-0,Москва
2025-12-28 14:11:01,Подушка двигателя D-127804 / 1-53215-132-0/1 FR EXR17 10PD Дизель,4,1196,Дизель,D-127804,Москва
2025-12-28 14:11:01,Подушка двигателя D-127807 / ME031965 зад 6D17 Дизель,2,1350,Дизель,D-127807,Москва
2025-12-28 14:11:01,Подушка двигателя D-127808 / ME052272 6D20/22 Дизель,20,1423,Дизель,D-127808,Москва
2025-12-28 14:11:01,Подушка двигателя D-127809 / 11223-Z5004 / 11223-Z5007 FE6 Дизель,4,781,Дизель,D-127809,Москва
2025-12-28 14:11:01,"Подушка двигателя D-127810 / 12031-1990 передняя H06C, HO7D Дизель",10,1500,Дизель,D-127810,Москва
2025-12-28 14:11:01,Подушка двигателя D-128239 / 8-97161-494-0 4HF1/4HG1/4HJ1 перед Дизель,1,1310,Дизель,D-128239,Москва
2025-12-28 14:11:01,Подушка двигателя D-128240 / EF750 / F20C / 12031-2360 / 1720 FR HINO Дизель,2,3146,Дизель,D-128240,Москва
2025-12-28 14:11:01,Подушка двигателя D-128242 / ME001197 Дизель,5,771,Дизель,D-128242,Москва
2025-12-28 14:11:01,Подушка двигателя D-128324 / WG9925590380 SITRAK C7H Дизель,4,4196,Дизель,D-128324,Москва
2025-12-28 14:11:01,Подушка двигателя D-128792 / 1-53215-222-0 / 1-53215-147-1 6WG1 CYZ51 Дизель,4,1266,Дизель,D-128792,Москва
2025-12-28 14:11:01,Подушка двигателя F17E 12035-2571 Hino SH1/2/3/4F# 92~ TZG !,3,3454,Дизель,12035-2571,Москва
2025-12-28 14:11:01,Подушка двигателя J08C 12035-3142 HINO TZG,1,2409,Дизель,12035-3142,Москва
2025-12-28 14:11:01,"Подушка двигателя LH D-127811 / 12032-1140/1120 H06C, HO7D HINO FD1J#, FD3H#, FC3# Дизель",10,1500,Дизель,D-127811,Москва
2025-12-28 14:11:01,Подушка двигателя MD92T 11328-00Z17 RH N-DIESEL CD/CK/CV/CW 04~ TZG !,2,1864,Дизель,TN-097,Москва
2025-12-28 14:11:01,Подушка двигателя MD92T 11328-00Z18 LH N-DIESEL CD/CK/CV/CW 04~ TZG !,2,1864,Дизель,11328-00Z18,Москва
2025-12-28 14:11:01,Подушка двигателя ME061703 / 31214-02502 8DC# перед TZG !,3,860,TZG,TM-013,Москва
2025-12-28 14:11:01,Подушка двигателя ME061709 / 31214-03104 TZG !,1,634,Дизель,TM-032,Москва
2025-12-28 14:11:01,Подушка двигателя PE6T 11328-Z2008 U.D. TRUCK CK87/CW87CWA45 86~ TZG !,2,1356,Дизель,11328-Z2008,Москва
2025-12-28 14:11:01,Подушка двигателя R D-127812 / 12035-1660 / HN-2295 H07C Дизель,10,2211,Дизель,D-127812,Москва
2025-12-28 14:11:01,Подушка двигателя RE8/RF8/RG8 11328-Z2009 U.D. TRUCK CWA53 CW52 CW54 86~ TZG,4,2327,Дизель,TN-031,Москва
2025-12-28 14:11:01,Подушка двигателя RE8/RH CW5# задняя 11328-00Z07 TZG !,2,2195,Дизель,11328-00Z07,Москва
2025-12-28 14:11:01,Подушка двигателя SHN-2308 12035-1850-S Schmaco !,2,4511,Schmaco,SHN-2308,Москва
2025-12-28 14:11:01,Подушка двигателя SNS-1210 11223-Z2011-S FR N.-TRUCK CWA52 PF6T Schmaco,2,3327,Schmaco,SNS-1210,Москва
2025-12-28 14:11:01,Подушка двигателя задняя 21813-5H000 Hyundai HD65/72/78/County ORIG,20,658,Hyundai-Kia,21813-5H000,Москва
2025-12-28 14:11:01,Подушка двигателя задняя 500364190/131523 Iveco Orig !,1,10536,Lema,1315.23,Москва
2025-12-28 14:11:01,Подушка двигателя задняя D-125921 / 21812-Y3J10 JAC N350 Дизель,1,6485,Дизель,D-125921,Москва
2025-12-28 14:11:01,Подушка двигателя задняя RF8/RF10 11328-00Z08 LH N-DIESEL CD450/CW45 89~ TZG,2,2305,Дизель,TN-035,Москва
2025-12-28 14:11:01,Подушка двигателя задняя RF8/RF10 11328-00Z09 RH N-DIESEL CD450/CW45 89~ TZG !,1,1447,Дизель,TN-036,Москва
2025-12-28 14:11:01,Подушка двигателя левая D-125528 / 1-53225-402-1/0 6WF/WG1-T CYZ51 Дизель,1,5567,Дизель,D-125528,Москва
2025-12-28 14:11:01,Подушка двигателя передняя 480409 /A9412417213 / 139631 DieselTechnic !,2,5344,Diesel Technic,4.80409,Москва
2025-12-28 14:11:01,Подушка двигателя передняя 480885 / A9412418713 DieselTechnic,1,8173,Diesel Technic,4.80885,Москва
2025-12-28 14:11:01,Подушка двигателя передняя D-128464 / 1001025-76A FAW Дизель,1,1074,Дизель,D-128464,Москва
2025-12-28 14:11:01,Подушка двигателя правая D-125534 / 1-53225-401-1 6WF/WG1-T CYZ51 Дизель,1,3896,Дизель,D-125534,Москва
2025-12-28 14:11:01,Подушка ДВС 11223-Z2010/2011 CW520/RE8/10 RF8/10 RH8/10 RG8 92~ TZG,1,2327,Дизель,11223-Z2010,Москва
2025-12-28 14:11:01,Подушка ДВС 11328-00Z08 RH UD,1,2455,JMC,11328-00Z08,Москва
2025-12-28 14:11:01,Подушка ДВС 11328-00Z09 LH UD,1,2455,JMC,11328-00Z09,Москва
2025-12-28 14:11:01,Подушка ДВС 12031-2231 передняя HINO J08C/FG/GK 97~ TZG,2,1839,TZG,12031-2231,Москва
2025-12-28 14:11:01,Подушка ДВС 21810-4E100 BONGO III 4WD !,2,1008,Geun Young,103-060,Москва
2025-12-28 14:11:01,Подушка ДВС MMC CANTER 4M51 / EM-06-4011; EM4011 / MK314011 /,1,3444,JMC,MK314011,Москва
2025-12-28 14:11:01,Подушка ДВС задняя 21813-43110/21823-43001 Grace !,1,437,Hyundai-Kia,21813-43110,Москва
2025-12-28 14:11:01,Подушка ДВС передняя 1001020W5030 JAC N35 (NON-GENUINE),1,1230,Noname,1001020W5030,Москва
2025-12-28 14:11:01,Подушка кабины 1-52110-142-1 CX#/CY#/CV#/EX# 87~ ORIG,1,13127,Isuzu,1-52110-142-4,Москва
2025-12-28 14:11:01,Подушка кабины D-128793 / 8-18242-452-0 / 8-98021-561-0/1 NPR71 NHR/NJR/NKR/NLR/NMR 07~ Дизель,2,477,Дизель,D-128793,Москва
2025-12-28 14:11:01,Подушка кабины RR ниж 86915-45000 HYUNDAI HD72 ORIG,4,644,Hyundai-Kia,86915-45000,Москва
2025-12-28 14:11:01,Подушка КПП верх D-127936 / WG9770590320 HOWO Дизель,1,558,Дизель,D-127936,Москва
2025-12-28 14:11:01,Подушка КПП нижняя D-127899 / WG9770590324 HOWO Дизель,2,227,Дизель,D-127899,Москва
2025-12-28 14:11:01,Подушка подвесного подшипника SHN-8228 37235-1090-S H/N FS270 Schmaco !,2,653,Schmaco,SHN-8228,Москва
2025-12-28 14:11:01,Подушка подвесного подшипника SMS-8214 MC881040-S FP418 Schmaco !,2,796,Schmaco,SMS-8214,Москва
2025-12-28 14:11:01,Подушка подвесного подшипника SNS-8133 37518-90009-S Schmaco !,2,705,Schmaco,SNS-8133,Москва
2025-12-28 14:11:01,"Подушка радиатора 1-21467-004-0 F,C,E-Series ORIG",1,499,Isuzu,1-21467-004-0,Москва
2025-12-28 14:11:01,Подушка радиатора 25381-5H000 HYUNDAI HD65/72/78/120 ORIG,3,276,Hyundai-Kia,25381-5H000,Москва
2025-12-28 14:11:01,Подушка резиновая 54074 Auger !,2,855,Auger,54074,Москва
2025-12-28 14:11:01,Подушка рессоры 230х210х152 480445/51245/A0003250596/A0003250796/9560066359 Mercedes/Diesel Technic,2,6721,Diesel Technic,4.80445,Москва
2025-12-28 14:11:01,Подушка рессоры 230х210х152 51245/ A0003250596 / A0003250796 / 480445 / 9560066359 Mercedes/Auger !,2,5291,Auger,51245,Москва
2025-12-28 14:11:01,Подушка рессоры 230х210х152 A0003250596SKV/51245/ A0003250796 / 480445 / 9560066359 Mercedes SKV,19,4179,SKV,A0003250596,Москва
2025-12-28 14:11:01,Подушка рессоры 2556301 VOLVO TRUCK F12/F16/FH12/FH16 SKV,18,3692,SKV,2556301,Москва
2025-12-28 14:11:01,Подшипник 1103360 Iveco Orig,1,9569,Iveco,1103360,Москва
2025-12-28 14:11:01,Подшипник 17*47*14 6303-2RS Universal SKV,4,202,SKV,6303-2RS,Москва
2025-12-28 14:11:01,Подшипник 32024 CRAFT,1,4254,Craft,32024XA,Москва
2025-12-28 14:11:01,Подшипник 463173 / A0119819905 / A0159811605 / 98530204 Mercedes/DieselTechnic !,2,2267,Diesel Technic,4.63173,Москва
2025-12-28 14:11:01,Подшипник 463177/A0159816205 / 98530277 Mercedes/DieselTechnic !,1,3310,Diesel Technic,4.63177,Москва
2025-12-28 14:11:01,Подшипник 60TNK20 NSK,6,1420,NSK,60TNK20,Москва
2025-12-28 14:11:01,Подшипник 6205ZZ/MS556035/9-00090-163-0 25*52*15 Universal NSK,2,585,NSK,6205ZZCM,Москва
2025-12-28 14:11:01,Подшипник 646507/A0019808402 /0735372156 / VKT8897 Mercedes/DieselTechnic !,2,3902,Diesel Technic,6.46507,Москва
2025-12-28 14:11:01,Подшипник 7220655100/32020 /A0019817205 / VKHB2306 Mercedes/INA,1,5372,INA,7220655100,Москва
2025-12-28 14:11:01,Подшипник 8001320212/32021/VKHB2160/1104922 Europart !,2,3549,Europart,8001320212,Москва
2025-12-28 14:11:01,Подшипник ступичный 90366-40059 / ST4090 SKV,1,1456,SKV,ST4090,Москва
2025-12-28 14:11:01,Подшипник 98530107/A0139810605/0159819005 Mercedes/NTN !,1,3795,NTN,98530107,Москва
2025-12-28 14:11:01,Подшипник A0089811325 / A0089815325 / 98530108 / 90*130*14 Mercedes ориг !,2,4700,Mercedes,A 008 981 13 25,Москва
2025-12-28 14:11:01,Подшипник A0139811810 / 98530126 Mercedes ориг !,1,18270,Mercedes-Benz,A 013 981 18 10,Москва
2025-12-28 14:11:01,Подшипник HK2518 25*32*18 NSK,2,832,NSK,HK2518,Москва
2025-12-28 14:11:01,Подшипник балансира AK99114520042 JAC N350 ORIG,2,6452,JAC,AK99114520042,Москва
2025-12-28 14:11:01,Подшипник балансира внутренний 8138307 Iveco !,1,10475,Errevi,728561,Москва
2025-12-28 14:11:01,Подшипник балансира цилиндрический WAYTEKO PREMIUM F2000/F3000,2,2541,JMC,F2000,Москва
2025-12-28 14:11:01,Подшипник вилки КПП D-125925 / GE25ET-2RSGB9163 JAC N350 Дизель,1,3115,Дизель,D-125925,Москва
2025-12-28 14:11:01,"Подшипник вилки сцепления 1-31349-060-1 C,E-series ORIG",10,2826,Isuzu,1-31349-060-1,Москва
2025-12-28 14:11:01,"Подшипник воздушного компрессора 1-09800-268-0 F,C-series ORIG",1,3345,Isuzu,1-09800-268-0,Москва
2025-12-28 14:11:01,"Подшипник воздушного компрессора D-126416 / 1-09800-232-0 F,C-series Дизель",3,699,Дизель,D-126416,Москва
2025-12-28 14:11:01,Подшипник вторичного(выходного) вала кпп (игольчатый) 8-97253-109-0 NPR75 ORIG,2,2217,Isuzu,8972531090,Москва
2025-12-28 14:11:01,Подшипник выжимной 1-31310-012-0 Isuzu Y,3,3301,Yamasida,1-31310-012-0,Москва
2025-12-28 14:11:01,Подшипник выжимной 1-31310-026-0/1-87610-109-0 FRR/FSR/FTR 08~ ORIG CHINA,15,4059,Isuzu,1-87610-109-0,Москва
2025-12-28 14:11:01,Подшипник выжимной 1-31310-026-0/1-87610-109-0 ISUZU FRR/FSR/FTR/ 08~ SKV,2,4145,SKV,1-31310-026-0,Москва
2025-12-28 14:11:01,Подшипник выжимной 1-31310-026-0SKV / 1-87610-109-0 FRR/FSR/FTR 08~ SKV Premium (BVP),1,2446,SKV Premium,1-31310-026-0SKV,Москва
2025-12-28 14:11:01,Подшипник выжимной 1-87610-108-0/1-09820-117-0 FVR34 6HK1 ORIG CHINA,12,1464,Isuzu,1-87610-108-0,Москва
2025-12-28 14:11:01,Подшипник выжимной 1-87610-108-0/1-09820-117-0 FVR34 6HK1 SKV Premium (BVP),4,923,SKV Premium,1-87610-108-0,Москва
2025-12-28 14:11:01,Подшипник выжимной 31230-36210 /F42023JC/BRG892/68SCRN62P HINO 300(E-3) SKV,350,901,SKV,31230-36210,Москва
2025-12-28 14:11:01,Подшипник выжимной 31230-37050 68TKL4002 HINO300 E4 / T-DYNA N04C SKV,8,1375,SKV,68TKL4002,Москва
2025-12-28 14:11:01,Подшипник выжимной 31230-37050 HINO300 E4 / T-DYNA N04C (BVP quality) SKV Premium,7,2132,SKV,31230-37050,Москва
2025-12-28 14:11:01,Подшипник выжимной 31230-37050 HINO300 E4 / T-DYNA N04C Y,8,3818,Yamasida,31230-37050,Москва
2025-12-28 14:11:01,Подшипник выжимной 41412-4Z000 BONGO III RICH !,6,473,Дизель,41412-4Z000,Москва
2025-12-28 14:11:01,Подшипник выжимной 41420-5H510 Hyundai HD65/78/County D4DB/DD ORIG,8,5223,Hyundai-Kia,41420-5H510,Москва
2025-12-28 14:11:01,Подшипник выжимной 5-87610-110-0/8-97255-313-0 NQR71/75 NLR85 ORIG CHINA,70,2098,Isuzu,5-87610-110-0,Москва
2025-12-28 14:11:01,Подшипник выжимной 5-87610-110-0/8-97255-313-0 NQR71/75 NLR85 SKV Premium (BVP),10,1624,SKV,5-87610-110-0,Москва
2025-12-28 14:11:01,Подшипник выжимной 62TNK20 RICH !,1,344,Дизель,62TNK20,Москва
2025-12-28 14:11:01,Подшипник выжимной 6G120L-0040 N120 LE359 JAC ORIG,5,5592,JAC,6G120L-0040,Москва
2025-12-28 14:11:01,Подшипник выжимной 78TKL4001AR SKV,6,1628,SKV,78TKL4001AR,Москва
2025-12-28 14:11:01,Подшипник выжимной 78TKL4801AR / 8-97255-313-0 Isuzu SKV,7,1567,SKV,78TKL4801AR,Москва
2025-12-28 14:11:01,Подшипник выжимной 81CT4867F2 N75/N80 JAC ORIG,1,4608,JAC,81CT4867F2,Москва
2025-12-28 14:11:01,Подшипник выжимной CT5586ARSE/SF1135 31230-1030A/1050/31242-1110 SKV,2,601,SKV,CT5586ARSE,Москва
2025-12-28 14:11:01,"Подшипник выжимной D-125282 / 1-31310-026-0 FSR34,FSR90, FRR/FSR/FTR 08~ Дизель",11,4280,Дизель,D-125282,Москва
2025-12-28 14:11:01,Подшипник выжимной D-126574 / 86CL6089F0 FAW Дизель,10,1972,Дизель,D-126574,Москва
2025-12-28 14:11:01,Подшипник выжимной D-126898 / 6G120L-0040 N120 LE359 JAC Дизель,7,5378,Дизель,D-126898,Москва
2025-12-28 14:11:01,Подшипник выжимной D-126899 / WG2209260005/2 / 996714KA-TX HOWO A7 Дизель,1,1337,Дизель,D-126899,Москва
2025-12-28 14:11:01,"Подшипник выжимной D-127352 / 2164195 Scania P,G,R,T - series Дизель",6,2514,Дизель,D-127352,Москва
2025-12-28 14:11:01,Подшипник выжимной D-127394 / 1-87610-108-0 / 1-09820-117-0 FVR34 6HK1 BVP quality Дизель,5,1963,Дизель,D-127394,Москва
2025-12-28 14:11:01,Подшипник выжимной D-127901 / WG9114160030 HOWO Дизель,1,1675,Дизель,D-127901,Москва
2025-12-28 14:11:01,Подшипник выжимной D-129433 / 68SCRN48P / F42023JC / BRG892 HINO 300(E-3) RICH Дизель !,2,1036,Дизель,D-129433,Москва
2025-12-28 14:11:01,Подшипник выжимной HD65/72/COUNTY 41420-45001 PRB-50/ SKV,4,946,SKV,41420-45001,Москва
2025-12-28 14:11:01,Подшипник выжимной M-1605623 N75 JAC ORIG,2,1932,JAC,M-1605623,Москва
2025-12-28 14:11:01,Подшипник выжимной RCT422SA1/60TKC4202 8-94379-499-0/8-94453-348-0/8-94453-349-0 SKV,1,840,SKV,RCT422SA1,Москва
2025-12-28 14:11:01,Подшипник выжимной RCTS70SA-6A / ME673340 / ME664396 / CRB3340 MMC FUSO 10t SKV,1,2380,SKV,RCTS70SA-6A,Москва
2025-12-28 14:11:01,Подшипник выжимной S1700L21069-40800 JAC ORIG,9,3989,JAC,S1700L21069-40800,Москва
2025-12-28 14:11:01,Подшипник выжимной TK55-1A1 / 55TMK804/2E / CT55BL1 / 1-09820-008-0 SKV,4,865,SKV,TK55-1A1,Москва
2025-12-28 14:11:01,Подшипник выжимной TK70-1A/CT70B ТК70-9/U3 ME632049/31242-1260A/1-09820-118-0/9-00 ORIG,1,5795,Isuzu,1-09820-118-0,Москва
2025-12-28 14:11:01,Подшипник выжимной TK70-1A/CT70B ТК70-9/U3 ME632049/31242-1260A/1-09820-118-0/9-00 SKV,1,1448,SKV,TK70-1A,Москва
2025-12-28 14:11:01,Подшипник выжимной WG9114160030 HOWO ORIG,6,9662,Howo,WG9114160030,Москва
2025-12-28 14:11:01,Подшипник выжимной без муфты 45*73,5,634,Дизель,45*73,Москва
2025-12-28 14:11:01,Подшипник выжимной в сборе 1-31310-023-0 / 1-87611-004-0 CYZ5 CYZ52 ORIG CHINA,2,19140,Isuzu,1-87611-004-0,Москва
2025-12-28 14:11:01,"Подшипник выжимной гидравлический ME523197 (SD029) 4M50/4M51 FE7#C,82C,83C SKV",2,5841,SKV,ME523197,Москва
2025-12-28 14:11:01,Подшипник выжимной с муфтой 1602050Z1A N56 JAC ORIG,1,2243,JAC,1602050Z1A,Москва
2025-12-28 14:11:01,Подшипник выжимной с муфтой D-126897 / 996914+11203 FAW Дизель,1,1128,Дизель,D-126897,Москва
2025-12-28 14:11:01,"Подшипник генератора 1-81229-815-0 F,C,N-series ORIG",1,5499,Isuzu,1-81229-815-0,Москва
2025-12-28 14:11:01,"Подшипник генератора 1-81229-816-0 F,C,N-series ORIG",1,9714,Isuzu,1-81229-816-0,Москва
2025-12-28 14:11:01,Подшипник гидравлический ME538976 / ME539937 / ME523205 / ME523208 / CSC2524 4M50/4M51 SKV,12,5375,SKV,ME538976,Москва
2025-12-28 14:11:01,Подшипник дифференциала 53610-45010 HYUNDAI HD72 ORIG,1,2978,Hyundai-Kia,53610-45010,Москва
2025-12-28 14:11:01,Подшипник дифференциала C2303-00100040 JAC ORIG,1,1571,JAC,C2303-00100040,Москва
2025-12-28 14:11:01,Подшипник дифференциала C2402-00100023 JAC ORIG,1,1646,JAC,C2402-00100023,Москва
2025-12-28 14:11:01,Подшипник дифференциала зад.моста 9-00093-130-0 NQR71/ 75 ORIG,1,8809,Isuzu,9-00093-130-0,Москва
2025-12-28 14:11:01,Подшипник дифференциала задний D-125927 / 2402B-033 (NUP307) роликовый JAC N120 Дизель,1,2211,Дизель,D-125927,Москва
2025-12-28 14:11:01,Подшипник зад ступицы HTPHW934206097/WG934206097/812W93420-6097 HOWO ORIG,4,26877,Howo,HTPHW934206097,Москва
2025-12-28 14:11:01,Подшипник зад ступицы внутренний (105*190*39) 1102864 / VKHB2215 / 30221J2 / CRF-30221A CRAFT !,1,2480,Craft,CRF-30221A,Москва
2025-12-28 14:11:01,Подшипник зад. ступицы наруж 041270/9469812305 / A0099814305 / A0119812305 / VKHB2329/463167 /SAMPA,1,2398,Sampa,041.270,Москва
2025-12-28 14:11:01,Подшипник задней ступицы 52701-4FA40 HYUNDAI PORTER II ORIG,1,1797,Hyundai-Kia,52701-4FA40,Москва
2025-12-28 14:11:01,Подшипник задней ступицы внутр (30222)190003326067 Н,1,1624,Howo,30222,Москва
2025-12-28 14:11:01,Подшипник задней ступицы внутр 1-09812-257-0/1-09812-233-0 CYZ51/CYZ52/FVR34 ORIG,1,15814,Isuzu,1-09812-257-0,Москва
2025-12-28 14:11:01,Подшипник игольчатый 463066 /A0129818910 / 137181 Mercedes/ DieselTechnic !,1,1119,Diesel Technic,4.63066,Москва
2025-12-28 14:11:01,Подшипник игольчатый J90-1601028-2 JAC ORIG,16,1107,JAC,J90-1601028-2,Москва
2025-12-28 14:11:01,Подшипник игольчатый K283518-6G120 JAC ORIG,4,118,JAC,K283518-6G120,Москва
2025-12-28 14:11:01,Подшипник игольчатый первичного вала K314627-6G120 JAC ORIG,1,756,JAC,K314627-6G120,Москва
2025-12-28 14:11:01,Подшипник игольчатый шестерни 2 передачи K758335-6G120 JAC ORIG,4,605,JAC,K758335-6G120,Москва
2025-12-28 14:11:01,Подшипник игольчатый шестерни 3 передачи K758340ZW-6G120 JAC ORIG,4,960,JAC,K758340ZW-6G120,Москва
2025-12-28 14:11:01,Подшипник игольчатый шестерни 4 передачи K606830-6G120 JAC (NON-GENUINE),1,553,Noname,K606830-6G120,Москва
2025-12-28 14:11:01,Подшипник игольчатый шестерни 4 передачи K606830-6G120 JAC ORIG,1,404,JAC,K606830-6G120,Москва
2025-12-28 14:11:01,Подшипник игольчатый шестерни 6 передачи K445045ZW-6G120 JAC (NON-GENUINE),1,553,Noname,K445045ZW-6G120,Москва
2025-12-28 14:11:01,Подшипник игольчатый шестерни 6 передачи K445045ZW-6G120 JAC ORIG,1,571,JAC,K445045ZW-6G120,Москва
2025-12-28 14:11:01,Подшипник КПП (игольчатый) D-129869 / WG9003324824 HOWO T5G Дизель,1,3110,Дизель,D-129869,Москва
2025-12-28 14:11:01,Подшипник КПП (игольчатый) ME533957 Fuso Canter TF ORIG,19,1279,Mitsubishi,ME533957,Москва
2025-12-28 14:11:01,Подшипник КПП (игольчатый) ME533957 Fuso Canter TF SKV,38,771,SKV,ME533957,Москва
2025-12-28 14:11:01,Подшипник КПП 2-ой передачи ME533955 Fuso Canter E-5 SKV,11,924,SKV,ME533955,Москва
2025-12-28 14:11:01,Подшипник КПП 43225-5H000 HYUNDAI HD72/78/County ORIG,26,4242,Hyundai-Kia,43225-5H000,Москва
2025-12-28 14:11:01,Подшипник КПП 43426-5H050 HYUNDAI HD65/72/78/County D4DD/DB ORIG,9,4911,Hyundai-Kia,43426-5H050,Москва
2025-12-28 14:11:01,Подшипник КПП 6-й передачи SU002-00342 HINO300 E4 / T-DYNA N04C SKV,3,1165,SKV,SU002-00342,Москва
2025-12-28 14:11:01,Подшипник КПП 6307DU/DDUNR/43425-P03510 Hyundai HD78 NSK,30,1160,NSK,6307DDUNR,Москва
2025-12-28 14:11:01,Подшипник КПП 8-97377-968-0 F-series ORIG,4,13768,Isuzu,8973779680,Москва
2025-12-28 14:11:01,Подшипник КПП 8-97377-977-0 F-series ORIG,1,6709,Isuzu,8-97377-977-0,Москва
2025-12-28 14:11:01,Подшипник КПП ME502927 Fuso Canter TF ORIG,2,4676,Mitsubishi,ME502927,Москва
2025-12-28 14:11:01,Подшипник КПП ME502927 Fuso Canter TF SKV,35,961,SKV,ME502927,Москва
2025-12-28 14:11:01,Подшипник КПП ME533953 Fuso Canter TF ORIG,34,5313,Mitsubishi,ME533953,Москва
2025-12-28 14:11:01,Подшипник КПП ME536991 Fuso Canter TF SKV,42,839,SKV,ME536991,Москва
2025-12-28 14:11:01,Подшипник КПП MH040101 Fuso Canter SKV,39,797,SKV,MH040101,Москва
2025-12-28 14:11:01,Подшипник КПП NUPK309A1NRC3 / QW43425-6A340 HYUNDAI HD120 NSK,10,6880,NSK,QW434256A340,Москва
2025-12-28 14:11:01,Подшипник КПП Z-1701202-00-00 JAC N35 ORIG,2,642,JAC,Z-1701202-00-00,Москва
2025-12-28 14:11:01,"Подшипник КПП вторичного вала 8-98316-126-0 C,E-series ORIG",1,30599,Isuzu,8-98316-126-0,Москва
2025-12-28 14:11:01,Подшипник КПП вторичного вала передний ME502938 Fuso Canter FE85/TF SKV,16,1198,SKV,ME502938,Москва
2025-12-28 14:11:01,Подшипник КПП игольчатый 137162/0750115324 CEI,1,2567,CEI,137162,Москва
2025-12-28 14:11:01,Подшипник КПП игольчатый 43265-5H000 D4DD Hyundai HD78 ORIG,3,1033,Hyundai-Kia,43265-5H000,Москва
2025-12-28 14:11:01,Подшипник КПП игольчатый 722031010 INA,1,1439,INA,722031010,Москва
2025-12-28 14:11:01,Подшипник КПП перв/втор вала QW43225-6A340 Hyundai HD120 ORIG,6,7163,Hyundai-Kia,QW43225-6A340,Москва
2025-12-28 14:11:01,Подшипник КПП первичного вала D-125352 / 8-97253-098-1 MYY5/MYY6 NPR/NQR71/75 Дизель,4,1816,Дизель,D-125352,Москва
2025-12-28 14:11:01,Подшипник КПП первичного вала D-128794 / 8-97253-098-1 MYY5/MYY6 NPR/NQR71/75 Дизель,5,1273,Дизель,D-128794,Москва
2025-12-28 14:11:01,Подшипник КПП первичного вала NUP209 без проточки NSK,2,1978,NSK,NUP209,Москва
2025-12-28 14:11:01,Подшипник маховика 23221-52000 HYUNDAI D6DA/DB/DD ORIG,1,1294,Hyundai-Kia,23221-52000,Москва
2025-12-28 14:11:01,Подшипник маховика 6203DDU/9-00090-679-0/МН040024 17*40*12 N-series NSK,12,187,NSK,6203DDUCM,Москва
2025-12-28 14:11:01,Подшипник маховика 62x25x17 D-125932 / 6305-2RS / 180305 / 90003311416 / CK8325 JAC N350 Дизель,3,335,Дизель,D-125932,Москва
2025-12-28 14:11:01,Подшипник маховика 8-97031-741-0 NQR71/75 ORIG,2,1720,Isuzu,8-97031-741-0,Москва
2025-12-28 14:11:01,Подшипник маховика D-128795 / 8-97258-239-0 NQR71/75 Дизель,4,228,Дизель,D-128795,Москва
2025-12-28 14:11:01,Подшипник маховика SZ371-17009/98811-7112/6203 HINO 300 E-3/4 SKV,20,90,SKV,SZ371-17009,Москва
2025-12-28 14:11:01,Подшипник МКД (лев) заднего/среднего моста (HDZ 300) 32020/HD90149320021 SHACMAN X3000,1,1889,Дизель,32020,Москва
2025-12-28 14:11:01,Подшипник оси вилки сцепления 1-09811-396-0 F-series ORIG,3,1770,Isuzu,1-09811-396-0,Москва
2025-12-28 14:11:01,Подшипник оси вилки сцепления D-127693 / M-1605622 JAC N80/90 LE80B/LE801 Дизель,2,845,Дизель,D-127693,Москва
2025-12-28 14:11:01,Подшипник первичного вала 1-09811-002-1 / 25*32*38 / 6BG1 5t ORIG,6,1910,Isuzu,1-09811-002-1,Москва
2025-12-28 14:11:01,Подшипник первичного вала 43227-5H010/QD43227T00060/43227T00060 HD78 ORIG,14,3272,Hyundai-Kia,43227-5H010,Москва
2025-12-28 14:11:01,Подшипник первичного вала NUP2212EX1MC3YA6G120 N120 JAC ORIG,4,10089,JAC,NUP2212E1MC3YA6G120,Москва
2025-12-28 14:11:01,Подшипник первичного вала NUP2212EX1MC3YA6G120 N120 JAC ТМВ,1,7406,Дизель,NUP2212E1MC3YA6G120,Москва
2025-12-28 14:11:01,Подшипник первичного вала кпп NUP210EN JAC ORIG,1,2173,JAC,NUP210EN,Москва
2025-12-28 14:11:01,Подшипник первичного вала шариковый S1700L21069-40023 JAC ORIG,2,1241,JAC,S1700L21069-40023,Москва
2025-12-28 14:11:01,Подшипник первичного вала шариковый S1700L21069-40034 JAC ORIG,1,1211,JAC,S1700L21069-40034,Москва
2025-12-28 14:11:01,Подшипник первичного/вторичного вала кпп M-1701601 N75 JAC ORIG,1,2446,JAC,M-1701601,Москва
2025-12-28 14:11:01,Подшипник перед ступицы HTPHW4071418068 / WG4071418068 HOWO ORIG,1,33889,Howo,HTPHW4071418068,Москва
2025-12-28 14:11:01,Подшипник передней ступицы 22479742 VOLVO SKV,15,9555,SKV,22479742,Москва
2025-12-28 14:11:01,Подшипник передней ступицы внутр 70*150*54 190003326543 HOWO T5G,1,1808,Дизель,190003326543,Москва
2025-12-28 14:11:01,Подшипник поворотного кулака 3001500M1 N120 JAC ORIG,5,832,JAC,3001500M1,Москва
2025-12-28 14:11:01,Подшипник подвесной 1-37516-048-0/2 (Р85) TZG 60mm,1,7042,TZG,TI-011,Москва
2025-12-28 14:11:01,Подшипник подвесной 1-87610-172-0 F-series ORIG,1,15927,Isuzu,1-87610-172-0,Москва
2025-12-28 14:11:01,Подшипник подвесной 37235-1060 SET 100*55*21 HINO 89~ FG/FN/FH/FR/FP/FT TZG,2,3981,Дизель,37235-1060,Москва
2025-12-28 14:11:01,Подшипник подвесной 49710-5A020 Hyundai HD35-78 ORIG,179,3689,Hyundai-Kia,49710-5A020,Москва
2025-12-28 14:11:01,Подшипник подвесной 49710-5H500 / MB563234 HD65 HD65/72 98 SKV d=40mm,61,1663,SKV,49710-5H500,Москва
2025-12-28 14:11:01,Подшипник подвесной 49710-5K700 Hyundai ORIG,82,3935,Hyundai-Kia,49710-5K700,Москва
2025-12-28 14:11:01,Подшипник подвесной 8-98020-880-0 / 5-37510-007-0 NPR/NQR71/75/90 40mm ORI,3,8283,Isuzu,8-98020-880-0,Москва
2025-12-28 14:11:01,Подшипник подвесной D-125372 / 8-97131-143-1/0 Ф45мм ISUZU NQR/NPR 93-06` Дизель,1,2355,Дизель,D-125372,Москва
2025-12-28 14:11:01,Подшипник подвесной D-125426 / 1-37510-115-0 60 мм CYZ51K/FVR34 Дизель,1,5087,Дизель,D-125426,Москва
2025-12-28 14:11:01,Подшипник подвесной D-125746 / 8-98033-936-0 N-series Дизель,2,1845,Дизель,D-125746,Москва
2025-12-28 14:11:01,Подшипник подвесной D-127421 / 1-37516-047-2 (Р110) Isuzu Ф55 Дизель,4,3447,Дизель,D-127421,Москва
2025-12-28 14:11:01,Подшипник подвесной D-127428 / 37510-Z2002 Дизель,7,2321,Дизель,D-127428,Москва
2025-12-28 14:11:01,Подшипник подвесной D-128384 / AZ9370314190 SITRAK Дизель,2,3106,Дизель,D-128384,Москва
2025-12-28 14:11:01,Подшипник подвесной D-128498 / 49710-5A020 Hyundai HD35-78 Дизель,19,1443,Дизель,D-128498,Москва
2025-12-28 14:11:01,Подшипник подвесной D-128527 / 37235-1070 Дизель,2,3088,Дизель,D-128527,Москва
2025-12-28 14:11:01,Подшипник подвесной Isuzu Truck D-127405 / 5-37516-006-0 Дизель,4,1552,Дизель,D-127405,Москва
2025-12-28 14:11:01,Подшипник подвесной SIZ-8202 5-37516-006-1-S Schmaco !,3,2249,Schmaco,SIZ-8202,Москва
2025-12-28 14:11:01,Подшипник полуоси Iveco Trakker роликовый 55x100x60 BC1B320330CRF0330P CRAFT,2,7860,Craft,BC1B320330CRF0330P,Москва
2025-12-28 14:11:01,Подшипник промежуточного вала 344/332-6G120 JAC ORIG,3,2745,JAC,344/332-6G120,Москва
2025-12-28 14:11:01,Подшипник промежуточного вала NCL306ENV-C3YA JAC ORIG,1,3340,JAC,NCL306ENV-C3YA,Москва
2025-12-28 14:11:01,Подшипник промежуточный первичного и вторичного вала КПП 8-97035-050-0 / 8-97228-274-0 ORIG,1,4372,Isuzu,8-97228-274-0,Москва
2025-12-28 14:11:01,Подшипник редуктора 53610-5H000 HYUNDAI D4DD HD65/72/County ORIG,4,6560,Hyundai-Kia,53610-5H000,Москва
2025-12-28 14:11:01,Подшипник редуктора D-125936 / 32314B JAC N350 Дизель,1,5131,Дизель,D-125936,Москва
2025-12-28 14:11:01,Подшипник редуктора D-125937 / 33115JR JAC N350 Дизель,1,3157,Дизель,D-125937,Москва
2025-12-28 14:11:01,Подшипник редуктора D-126266 / 1-09810-182-0/183-0 CYZ/EXZ LHD Дизель,1,1601,Дизель,D-126266,Москва
2025-12-28 14:11:01,Подшипник редуктора D-128326 / 810W32499-0192 SITRAK C7H Дизель,1,5191,Дизель,D-128326,Москва
2025-12-28 14:11:01,Подшипник редуктора SZ366-70011/H913849/810 HINO 700 SKV,2,1438,SKV,SZ366-70011,Москва
2025-12-28 14:11:01,Подшипник редуктора зад моста 60*130*35 D-126575/190003326236/30312/7312 HOWO Дизель,1,1103,Дизель,D-126575,Москва
2025-12-28 14:11:01,Подшипник редуктора сред моста 60*110*22 D-126759/190003311036/6212 HOWO Дизель,2,683,Дизель,D-126759,Москва
2025-12-28 14:11:01,Подшипник редутора среднего моста 42115171 Iveco,1,3765,Iveco,42115171,Москва
2025-12-28 14:11:01,Подшипник роликовый RN2204X2MB JAC ORIG,3,4196,JAC,RN2204X2MB,Москва
2025-12-28 14:11:01,Подшипник ступ RR IN HN300/500(E4) 32215/MS556519/9884-75101/43210-L0700/01014-10584/52701-73520 SKV,3,1380,SKV,32215,Москва
2025-12-28 14:11:01,Подшипник ступицы 2300143299/NU2211E.TVP2 FAG !,10,7311,JMC,2300143299,Москва
2025-12-28 14:11:01,Подшипник ступицы 2300143299/NU2211ECP SKF,4,7163,SKF,NU2211ECP,Москва
2025-12-28 14:11:01,Подшипник ступицы CRF-33207 A Craft !,2,982,Craft,CRF-33207A,Москва
2025-12-28 14:11:01,Подшипник ступицы D-125928 / 33220JR задней JAC N350 Дизель,1,6092,Дизель,D-125928,Москва
2025-12-28 14:11:01,Подшипник ступицы D-125934 / 32315 перед JAC N350 Дизель,1,3983,Дизель,D-125934,Москва
2025-12-28 14:11:01,"Подшипник ступицы D-125935 / TR5510032 передней, внутренний JAC N120 Дизель",6,1224,Дизель,D-125935,Москва
2025-12-28 14:11:01,"Подшипник ступицы D-126904 / 33209 передней, внутренний 1066 FAW Дизель",2,1140,Дизель,D-126904,Москва
2025-12-28 14:11:01,"Подшипник ступицы D-126905 / 32306 передней, наружный 1066 FAW Дизель",2,860,Дизель,D-126905,Москва
2025-12-28 14:11:01,"Подшипник ступицы D-126919 / 33220 / 06.32499.0046 / 2406100 задней, внутренний X3000/F3000 Дизель",2,3074,Дизель,D-126919,Москва
2025-12-28 14:11:01,Подшипник ступицы D-128345 / WG9981032222 / 32222 SITRAK Дизель,1,3012,Дизель,D-128345,Москва
2025-12-28 14:11:01,Подшипник ступицы D-128352 / 710W93420-0082 / 32314BJ2 SITRAK Дизель,3,2009,Дизель,D-128352,Москва
2025-12-28 14:11:01,Подшипник ступицы F int D-128004 / 8-94248-088-2 N-series Дизель,4,781,Дизель,D-128004,Москва
2025-12-28 14:11:01,Подшипник ступицы F Int D-128796 / 8-98171-254-0 NQR71/75/90/NPR75 Дизель,2,827,Дизель,D-128796,Москва
2025-12-28 14:11:01,Подшипник ступицы зад D-126901 / 3104030-A6E-C00/A FAW CA3311 Дизель,2,4085,Дизель,D-126901,Москва
2025-12-28 14:11:01,Подшипник ступицы зад внутр D-126761/30222/7222/190003326067 FAW Дизель,2,2289,Дизель,D-126761,Москва
2025-12-28 14:11:01,Подшипник ступицы заднего моста наруж. 5-87610-139-0 N-series ORIG,1,2390,Isuzu,5-87610-139-0,Москва
2025-12-28 14:11:01,Подшипник ступицы заднего моста наруж. 9-00093-607-0 NQR90/NPR75/NQR75/NQR71 ORIG,12,4176,Isuzu,9-00093-607-0,Москва
2025-12-28 14:11:01,Подшипник ступицы задней внутренний TR5510032 / 51701-62010 HYUNDAI GOLD D6GA HD120 NSK,6,2364,NSK,TR5510032,Москва
2025-12-28 14:11:01,Подшипник ступицы задней наружный 51703-62010 HYUNDAI GOLD D6GA HD120 ORIG,4,3005,Hyundai-Kia,51703-62010,Москва
2025-12-28 14:11:01,Подшипник ступицы задней наружный 52703-5K300 HYUNDAI HD65/County ORIG,6,4706,Hyundai-Kia,52703-5K300,Москва
2025-12-28 14:11:01,Подшипник ступицы задней наружный 9706510810 / 9706510818 N75/N80/N90 JAC ORIG,6,2027,JAC,9706510818,Москва
2025-12-28 14:11:01,"Подшипник ступицы задней, внутренний 52701-79120/TR191604 HYUNDAI HD270 D6AC SKV",5,1584,SKV,TR191604,Москва
2025-12-28 14:11:01,"Подшипник ступицы задней, наружный 32217/SZ366-85008/98848-5105/MH043078/VKHB2080 #700 85*150*40 SKV",3,1614,SKV,32217,Москва
2025-12-28 14:11:01,Подшипник ступицы наружный 65х140х51 VKT8864/42114559/32313 SKF !,2,11452,SKF,VKT8864,Москва
2025-12-28 14:11:01,Подшипник ступицы перед нар 32022/190003326445 HOWO,2,1902,Дизель,190003326445,Москва
2025-12-28 14:11:01,Подшипник ступицы перед.внутр 130*70*35/56 3017/81.93420.0074/06.32499.0081,2,1959,Дизель,3017,Москва
2025-12-28 14:11:01,Подшипник ступицы передней наружный D-125933 / 32312 JAC N350 Дизель,1,2735,Дизель,D-125933,Москва
2025-12-28 14:11:01,"Подшипник ступицы передней, внутренний 1-87610-134-0 C,F,N-series ORIG CHINA",2,2973,Isuzu,1-87610-134-0,Москва
2025-12-28 14:11:01,"Подшипник ступицы передней, внутренний 3103410N /7510E/ JAC N56/75/80 ORIG",6,1419,JAC,7510E,Москва
2025-12-28 14:11:01,"Подшипник ступицы передней, внутренний 8-98171-254-0 NQR71/75/90/NPR75 ORIG",3,4571,Isuzu,8-98171-254-0,Москва
2025-12-28 14:11:01,"Подшипник ступицы передней, внутренний 8-98317-461-0/1-09812-231-0 CYZ51/FVR34 ORIG",8,17686,Isuzu,8-98317-461-0,Москва
2025-12-28 14:11:01,"Подшипник ступицы передней, наружный 43329-28050 HD72/78 ORIG",1,1519,Hyundai-Kia,43329-28050,Москва
2025-12-28 14:11:01,"Подшипник ступицы передней, наружный D-127698 / 3103510N /7507E/ JAC N56/75/80/90 Дизель",3,578,Дизель,D-127698,Москва
2025-12-28 14:11:01,Подшипник ступицы роликовый 55*100*60(25) 42062903 / BC1B320330-CRF0330P FAG !,1,4137,FAG,NU2211E.TVP2,Москва
2025-12-28 14:11:01,Подшипник ступицы роликовый 55*100*60(25) BC1B320330-CRF0330 CRAFT,2,7397,Craft,CRF0330,Москва
2025-12-28 14:11:01,Подшипник ступичный 1280/20 / 90366-22002 / 90368-22007 DYNA/TOYOACE 85~ SKV,63,432,SKV,90366-22002,Москва
2025-12-28 14:11:01,Подшипник ступичный 30313 /1-09812-094 / 9-00093-184 / MH043012 / 9884-65103 SKV,49,1147,SKV,30313,Москва
2025-12-28 14:11:01,Подшипник ступичный 32010 / 43210-T6200 / 98845-0102 / 90368-50024 SKV,1,385,SKV,32010X,Москва
2025-12-28 14:11:01,Подшипник ступичный 32012JR / 43215-T9310/90366-60005/MH043114 SKV,9,742,SKV,32012,Москва
2025-12-28 14:11:01,Подшипник ступичный 32206 J/32206JR/32206/90043-68020/5-09812-025-0/32273-03E00/MH043101 SKV,1,327,SKV,32206,Москва
2025-12-28 14:11:01,Подшипник ступичный 32208 J / 40210-76000 / 8-94248-077-0 / MS556512 NHR86~ SKV,56,487,SKV,32208,Москва
2025-12-28 14:11:01,Подшипник ступичный 32209/0559-33-074/90043-66016 SKV,41,539,SKV,32209,Москва
2025-12-28 14:11:01,Подшипник ступичный 32210 / 8-94368-553-0 / 01014-10534 SKV,171,527,SKV,32210,Москва
2025-12-28 14:11:01,Подшипник ступичный 45KW01 8-97034-255-0/40210-89TA4 NNR/NPR/NKR/NLR/NMR 93~ SKV,42,1112,SKV,45KW01,Москва
2025-12-28 14:11:01,Подшипник ступичный 55*100*26.75 HR32211J / Y7691-57291 NSK,1,1886,NSK,HR32211J,Москва
2025-12-28 14:11:01,Подшипник ступичный 812W93420-6097 Sitrak C7H,2,10658,Noname,812W93420-6097,Москва
2025-12-28 14:11:01,Подшипник ступичный 90368-28001 / 02474/20 COASTER/DYNA/TOYOACE/HINO SKV,54,498,SKV,90368-28001,Москва
2025-12-28 14:11:01,Подшипник ступичный D-128050 / WG4071418068 Sitrak C7H Дизель,10,13841,Дизель,D-128050,Москва
2025-12-28 14:11:01,"Подшипник ступичный FR MH043141/MH043063 55KW02 FUSO 55*105*28,5*36 SKV",36,1236,SKV,55KW02,Москва
2025-12-28 14:11:01,Подшипник ступичный FR наруж HINO300 32307 / 90366-35023/35031/8-94452-448 SKV,150,572,SKV,32307,Москва
2025-12-28 14:11:01,Подшипник ступичный HR32011XJ 90366-55003/43215-T800/MB161154/MR196898 Atlas H40/Hino/Toyota/Titan/Canter NSK,1,1626,NSK,HR32011XJ,Москва
2025-12-28 14:11:01,Подшипник ступичный LM102949/10/10294910/90368-45087/90080-36067/0K672-33047A SKV,10,699,SKV,LM102949/10,Москва
2025-12-28 14:11:01,Подшипник ступичный RR 9-00093-081-0 28985/20 NLR85/NMR85/NKR55 SKV,2,891,SKV,28985/20,Москва
2025-12-28 14:11:01,Подшипник ступичный RR 9-00093-082-0 28584/21 NLR85/NMR85/NKR55 SKV,14,767,SKV,28584/21,Москва
2025-12-28 14:11:01,Подшипник ступичный RR MB308964 30214JRYA/HR30214JA1 FUSO CANTER SKV,7,813,SKV,MB308964,Москва
2025-12-28 14:11:01,Подшипник ступичный 32211/Y7691-57291 SKV,33,744,SKV,32211,Москва
2025-12-28 14:11:01,Подшипник ступичный внутрений 50KW01/CR1084/MB025294/51701-45210 HD72/65/78/CANTER SKV,12,1595,SKV,50KW01,Москва
2025-12-28 14:11:01,Подшипник ступичный 30213JR зад внутр/ 43215-22H00 / 9884-65107 / 9960-30-213 (FBJ) NQR71/75 SKV,11,786,SKV,30213,Москва
2025-12-28 14:11:01,Подшипник ступичный задний внутренний HD65/72/78/COUNTY Fuso 4M50 52701-45010/30212/MX923884 SKV,112,605,SKV,30212,Москва
2025-12-28 14:11:01,Подшипник ступичный задний наружный 28680/22/90000936090 NQR71/75/90 NSK,6,1800,NSK,28680/22,Москва
2025-12-28 14:11:01,Подшипник ступичный RR наруж HINO300/500 (E4) 32213/43210-47700/1-09812-129/MS556517 SKV,3,1198,SKV,32213,Москва
2025-12-28 14:11:01,Подшипник ступичный HR32217J/32217/SZ366-85008/98848-5105/MH043078/ VKHB2080 #700 NSK,1,5267,NSK,HR32217J,Москва
2025-12-28 14:11:01,Подшипник ступичный наружный 0S231-33075/JL69349/69310 BONGO III 1T H/LONG STD 5MT4WD SKV,3,254,SKV,JL69349,Москва
2025-12-28 14:11:01,Подшипник ступичный наружный JL69349/10 / 0S231-33075/69310 BONGO III 1T H/LONG STD 5MT4WD NSK,2,852,NSK,JL69349/10,Москва
2025-12-28 14:11:01,Подшипник ступичный передней внутренний 30210/MB025006/8-94452-449-0 County SKV,88,483,SKV,30210,Москва
2025-12-28 14:11:01,Подшипник ступичный передний наружный 32207/MB025345/9-00093-172-0/0559-33-075 HD65/72/35/75 Fuso 4M50 SKV,245,382,SKV,32207,Москва
2025-12-28 14:11:01,"Подшипник ступичный передний наружный, КПП HINO 300 30207/90366-35004/MB393957 County SKV",1,478,SKV,30207,Москва
2025-12-28 14:11:01,"Подшипник сцепления выжимной 1-87610-110-0/1-31310-012-0 NPR,NQR75, FSS, FRR, FRD ORIG CHINA",257,2720,Isuzu,1-87610-110-0,Москва
2025-12-28 14:11:01,"Подшипник сцепления выжимной 1-87610-110-0/1-31310-012-0 NPR,NQR75, FSS, FRR, FRD SKV Premium (BVP)",22,2279,SKV Premium,1-87610-110-0,Москва
2025-12-28 14:11:01,Подшипник сцепления выжимной J75-1601030-7 N120/LE35N/LE35S JAC ORIG,7,6595,JAC,J75-1601030-7,Москва
2025-12-28 14:11:01,Подшипник тормозного вала D-129437 / 3502135-A0E FAW J6 Дизель,6,992,Дизель,D-129437,Москва
2025-12-28 14:11:01,Подшипник хвостовика D-128797 / 1-09812-069-0 / 1-09812-068-0 C-series Дизель,2,1372,Дизель,D-128797,Москва
2025-12-28 14:11:01,Подшипник хвостовика заднего моста наружный A0029814505 Mercedes ориг !,1,11664,Mercedes-Benz,A 002 981 45 05,Москва
2025-12-28 14:11:01,Подшипник хвостовика редуктора D-125939 / 31313J JAC N350 Дизель,2,2433,Дизель,D-125939,Москва
2025-12-28 14:11:01,Подшипник хвостовика среднего/заднего моста (HDZ 300) D-130016 / 31313/06.32499.0088/WG9981031313 SHACMAN Дизель,5,1519,Дизель,D-130016,Москва
2025-12-28 14:11:01,Подшипник шарик. вала нас A0089815425 / A0109819025 / 6003 / 98530401 Mercedes,1,1678,Mercedes-Benz,A 010 981 90 25,Москва
2025-12-28 14:11:01,Подшипник шестерни Кпп (4-ой передачи) 463836 /A0099811510 / 137187 Mercedes/ DieselTechnic !,1,642,Diesel Technic,4.63836,Москва
2025-12-28 14:11:01,Подшипник шкворня 5802277645/329910KD3 IVECO/HONGYAN,2,1014,Дизель,5802277645,Москва
2025-12-28 14:11:01,"Подшипник шкворня D-125523 / 47TAG001 NISSAN UD, KP-146 Дизель",2,479,Дизель,D-125523,Москва
2025-12-28 14:11:01,Подшипник шкворня D-125940 / AK30010435G1 JAC N350 Дизель,6,1742,Дизель,D-125940,Москва
2025-12-28 14:11:01,Подшипник шкворня D-127699 / 3001500LE070 JAC N90 Дизель,2,834,Дизель,D-127699,Москва
2025-12-28 14:11:01,Подшипник шкворня D-127700 / 517/38ZSV/YA-ZN/429908-ZN JAC N120 LE35S Дизель,1,834,Дизель,D-127700,Москва
2025-12-28 14:11:01,Подшипник шкворня D-127902 / 198906K FAW Дизель,4,308,Дизель,D-127902,Москва
2025-12-28 14:11:01,Подшипник шкворня D-129440 / AZ400741710005 / WG4007410049 Sitrak C7H Дизель,4,1462,Дизель,D-129440,Москва
2025-12-28 14:11:01,Подшипник шкворня опорный 56750-45600/8-97141-943-0 D=30 H=16 HYUNDAI HD72 ORIG,10,1256,Hyundai-Kia,56750-45600,Москва
2025-12-28 14:11:01,Подшипник якоря стартера ME753544 Fuso Canter TF ORIG,1,2080,Mitsubishi,ME753544,Москва
2025-12-28 14:11:01,Ползун 141160 /A9472650249 Mercedes /CEI !,1,546,CEI,141160,Москва
2025-12-28 14:11:01,Полувтулка заднего стабилизатора 1-51779-100-0 56*79*45 CXM/CYM/CYL 95-02 ORIG,1,1403,Isuzu,1-51779-100-0,Москва
2025-12-28 14:11:01,Полувтулка заднего стабилизатора 41270883 / 8169892 / 51960 Auger !,2,341,Auger,51960,Москва
2025-12-28 14:11:01,Полувтулка стабилизатора 1-51779-079-0/1 CX#CY#EX#FVR34 89~ ORIG,1,935,Isuzu,1-51779-079-0,Москва
2025-12-28 14:11:01,Полувтулка стабилизатора D-125121 / 1-51779-079-0 ISUZU CX#CY#EX#FVR34 89~ Дизель,260,466,Дизель,D-125121,Москва
2025-12-28 14:11:01,Полувтулка стабилизатора D-126268 / 1-51779-079-0/1 ISUZU CX#CY#EX#FVR34 89~ (K) Дизель,16,319,Дизель,D-126268,Москва
2025-12-28 14:11:01,Полувтулка стабилизатора S4886-11170 HINO500 ORIG,3,4270,hino,S4886-11170,Москва
2025-12-28 14:11:01,"Полувтулка стойки заднего стабилизатора 1-51789-051-1 C,F-series ORIG",1,1793,Isuzu,1-51789-051-1,Москва
2025-12-28 14:11:01,"Полувтулка стойки заднего стабилизатора 1-51789-052-0 C,F-series ORIG",2,2349,Isuzu,1-51789-052-0,Москва
2025-12-28 14:11:01,Полукольца коленвала упорные D-125129 / 8-98151-850-0 к-т/4шт CYZ LHD 6WG1 Дизель,3,1923,Дизель,D-125129,Москва
2025-12-28 14:11:01,Полукольца коленвала упорные D-125609 / 8-94399-277-0 / 8-97386-549-0 к-т/4шт STD 6HE Дизель,2,708,Дизель,D-125609,Москва
2025-12-28 14:11:01,Полукольца коленвала упорные D-126661 / 200V01114-0230 низ Sitrak C7H Дизель,2,501,Дизель,D-126661,Москва
2025-12-28 14:11:01,Полукольца коленвала упорные D-126662 / 200v01114-0231 верх Sitrak C7H Дизель,2,501,Дизель,D-126662,Москва
2025-12-28 14:11:01,Полукольца коленвала упорные D-126765 / 612600013917 верх JAC N350 WP10 E-5 Дизель,1,348,Дизель,D-126765,Москва
2025-12-28 14:11:01,Полукольца коленвала упорные D-126766 / 612600013918 низ JAC N350 WP10 E-5 Дизель,1,348,Дизель,D-126766,Москва
2025-12-28 14:11:01,Полукольцо верх 612600013917 JAC N350 WP10 E-5 ORIG,6,439,JAC,612600013917,Москва
2025-12-28 14:11:01,Полукольцо низ+верх 612600013918+612600013917 JAC N350 WP10 E-5 (NON-GENUINE),1,819,Дизель,612600013918,Москва
2025-12-28 14:11:01,Полукольцо упорное коленвала (к-т 4шт) D-129441 / 1002036-36D FAW J6 CA6DL2 Дизель,4,565,Дизель,D-129441,Москва
2025-12-28 14:11:01,Полукольцо упорное коленвала (к-т 4шт) D-129442 / 1002036-53D. FAW J6 CA6DM2 Дизель,4,715,Дизель,D-129442,Москва
2025-12-28 14:11:01,Полукольцо упорное коленвала 1002017FB JAC N35 ORIG,1,108,JAC,1002017FB,Москва
2025-12-28 14:11:01,Полукольцо хомута D-129089 / WG9725540009 D=120 HOWO Дизель,2,94,Дизель,D-129089,Москва
2025-12-28 14:11:01,Полуось 0132230010-B N75 JAC ORIG,2,4509,JAC,0132230010-B,Москва
2025-12-28 14:11:01,Полуось 2-х шлицевая (под блокировку) Z=40 L=1135 D-127903/DZ9112340776 SHACMAN X3000/F3000 Дизель,1,4382,Дизель,D-127903,Москва
2025-12-28 14:11:01,Полуось 24.B90ZB1-03065 JAC ORIG,2,9322,JAC,B90ZB1-03065,Москва
2025-12-28 14:11:01,Полуось 52611-5K000 HYUNDAI ORIG,1,9572,Hyundai-Kia,52611-5K000,Москва
2025-12-28 14:11:01,Полуось заднего моста 52611-5K310 Hyundai HD72/78 ORIG,1,9990,Hyundai-Kia,52611-5K310,Москва
2025-12-28 14:11:01,Полуось заднего моста D-128051 / QT305D12-2403051 FAW Дизель,2,3651,Дизель,D-128051,Москва
2025-12-28 14:11:01,"Полуось заднего моста левая 42102368 / S000979 (1011,5мм) Sass !",1,81556,Sass,S.000.979,Москва
2025-12-28 14:11:01,Полуось левая D-128338 / 712W35502-0192 SITRAK Дизель,2,3610,Дизель,D-128338,Москва
2025-12-28 14:11:01,Полуось правая D-128337 / 712W35502-0191 SITRAK Дизель,1,3436,Дизель,D-128337,Москва
2025-12-28 14:11:01,Полуось среднего моста D-128348 / 712W35502-0189 SITRAK Дизель,1,3610,Дизель,D-128348,Москва
2025-12-28 14:11:01,Полуось среднего моста D-128349 / 712W35502-0190 SITRAK Дизель,1,3610,Дизель,D-128349,Москва
2025-12-28 14:11:01,Поршeнь 6HH1 ISUZU (STD) 8-94391-950-0/39651A ALFIN (6шт с кольцами) 02.95~ Teikin,1,47597,Isuzu,8-94391-950-0,Москва
2025-12-28 14:11:01,Поршень 4HK1-T 8-98041-141-2 (1шт) FVR34 ORIG,2,15487,Isuzu,8-98041-141-2,Москва
2025-12-28 14:11:01,"Поршень 4HK1/6HK1 8-98215-307-0 (1шт) ЕВРО5 F,N-series ORIG",1,12983,Isuzu,8982153070,Москва
2025-12-28 14:11:01,Поршень 8-97087-106-0 (1шт) O/S=0.25 3LD1 ORIG,1,6671,Isuzu,8-97087-106-0,Москва
2025-12-28 14:11:01,Поршень 8-97358-574-0 GRADE=AX (1шт) 4BG1/6BG1 ORIG,1,10157,Isuzu,8-97358-574-0,Москва
2025-12-28 14:11:01,Поршень 8-98043-703-0 GRADE=A 4JJ1-TCC (4 шт/кт) NLR/NMR 55/85 08~ Mats,1,19957,Matsuyama,8-98043-703-0,Москва
2025-12-28 14:11:01,Поршень 8-98192-926-0 GRADE=A (1шт) 4JJ1 ORIG,3,6097,Isuzu,8-98192-926-0,Москва
2025-12-28 14:11:01,Поршень 8-98192-926-0 GRADE=A 4JJ1 (4 шт/кт) Mats,1,19756,Matsuyama,8-98192-926-0,Москва
2025-12-28 14:11:01,Поршень 8-98192-927-0 GRADE=B (1шт) 4JJ1 ORIG,9,9676,Isuzu,8-98192-927-0,Москва
2025-12-28 14:11:01,Поршень 8-98192-928-0 GRADE=C (1шт) 4JJ1 ORIG,3,9888,Isuzu,8-98192-928-0,Москва
2025-12-28 14:11:01,Поршень D-125941 / 612640020034 (1шт) JAC N350 WP10 E-5 Дизель,1,2568,Дизель,D-125941,Москва
2025-12-28 14:11:01,Поршень D-126271 / 8-98041-141-0 (1шт) 4HK1-T FVR34 Дизель,2,4157,Дизель,D-126271,Москва
2025-12-28 14:11:01,Поршень D-126579 / 1004011C81DM (1шт) FAW CA6DM2 Дизель,3,2459,Дизель,D-126579,Москва
2025-12-28 14:11:01,Поршень D-127611/8-98043-703-0 GRADE=A (1шт) 4JJ1-TCC NLR/NMR 55/85 08~ Дизель,4,3491,Дизель,D-127611,Москва
2025-12-28 14:11:01,Поршень HINO EK100 (STD) 13216-1220A/1222/13211-1900/36650A (6шт с кольцами) ALFIN 06.95~05.99 Teikin !,1,32516,Teikin,36650A,Москва
2025-12-28 14:11:01,Поршень HINO F21C 99.09~ ALL L/13216-3020 R/13226-1360 (к-т 4+4) ALFIN Mats,1,105572,Matsuyama,13226-1360,Москва
2025-12-28 14:11:01,Поршень HINO J08E 500# S130B-E0390 (6 CYL) FUSA MAGURO,1,31816,MAGURO,S130B-E0390,Москва
2025-12-28 14:11:01,Поршень HINO J08E 500# S130B-E0390/S130A-E0100/1 (6 CYL) IZUMI ORIG JAPAN,1,45704,Izumi,S130B-E0390,Москва
2025-12-28 14:11:01,Поршень HINO K13C FN/FR/FS/FW1K# 13216-2330 24V (6PCE/SET) FUSA MAGURO,1,51534,MAGURO,13216-2330,Москва
2025-12-28 14:11:01,Поршень HINO N04C/T 300# 13211-E0010 (4 CYL) FUSA MAGURO,1,18034,MAGURO,13211-E0010,Москва
2025-12-28 14:11:01,Поршень HINO W06E FB/FC/FD# 84.06- 13216-1470 / 13216-1470D / 13216-1470E (6 PCE) FUSA MAGURO,1,21640,MAGURO,13216-1470,Москва
2025-12-28 14:11:01,Поршень ISUZU 4BE1-II (STD) ALEIN 8-94438-989-1/39612A Teikin !,1,9627,Teikin,39612A,Москва
2025-12-28 14:11:01,Поршень ISUZU 4HG1-T NKR71 EURO4 04- 8-97219-032-0 4PCE/SET Mats,1,25137,Matsuyama,8-97219-032-0,Москва
2025-12-28 14:11:01,Поршень ISUZU 4HK1/4HJ1 NPR/NQR/NKR 99.0- 1-12111-454-0 4PCE/SET (без масляной камеры) Mats !,2,12321,Matsuyama,1-12111-454-0,Москва
2025-12-28 14:11:01,Поршень ISUZU 4JG2 (0.5mm) 8-97073-647-1/39600 EARLY (4шт) Teikin !,1,4589,Teikin,39600,Москва
2025-12-28 14:11:01,Поршень KIA SH (STD) K3600 GALLERY OK4Y1-11-102/52653G (4шт) Teikin !,1,10662,Teikin,52653G,Москва
2025-12-28 14:11:01,"Поршень MAZDA HA (0,5mm) 0933-23-200/1363-23-200/42149 (4шт) 01.83~05.95 Teikin !",1,4080,Teikin,0933-23-200,Москва
2025-12-28 14:11:01,Поршень MAZDA HA (0.75mm) 0933-23-200/1363-23-200/42149 (4шт) 01.83~05.95 Teikin !,1,3680,Teikin,42149,Москва
2025-12-28 14:11:01,Поршень MAZDA HA (1.0mm) 0933-23-200/1363-23-200/42149 (4шт) 01.83~05.95 Teikin !,1,3680,Teikin,1363-23-200,Москва
2025-12-28 14:11:01,Поршень MAZDA HA (STD) 0933-23-200/1363-23-200/42149 (4шт) 01.83~05.95 Teikin !,1,6302,Teikin,SE01-23-200A,Москва
2025-12-28 14:11:01,Поршень MAZDA S2 (STD) 8259-23-200/42174A /1456-23-200A (4шт) ALFIN Teikin !,1,5888,Teikin,42174A,Москва
2025-12-28 14:11:01,Поршень MAZDA SL (0.5mm) T2000/2500/2600/3000/3500/4100 (4шт) 84~89 SL07-23-200/42107 Teikin !,1,4062,Teikin,42107,Москва
2025-12-28 14:11:01,Поршень MAZDA TF (0.5mm) TF01-11-SA0/42183A (4шт) ALFIN 05.95~Teikin !,1,6723,Teikin,42183A,Москва
2025-12-28 14:11:01,Поршень MAZDA TF (0.75mm) TF01-11-SA0/42183A (4шт) ALFIN 05.95~Teikin !,1,8445,Teikin,TF0111SA0,Москва
2025-12-28 14:11:01,Поршень MAZDA XA (0.5mm) 0559-99-111/0559-23-200/0636-23-200/42605 (4шт) 03.83~01.91 Teikin !,1,3434,Teikin,42605,Москва
2025-12-28 14:11:01,Поршень MAZDA XA (STD) 0559-99-111/0559-23-200/0636-23-200/42605 (4шт) 03.83~01.91 Teikin !,1,5383,Teikin,0559-99-111,Москва
2025-12-28 14:11:01,Поршень MAZDA XA (STD) 0559-99-111/23-200/0636-23-200/42605(4шт с кольцами) 03.83~01.91 Teikin !,1,7047,Teikin,0559-23-200,Москва
2025-12-28 14:11:01,Поршень MMC 4D31-T (STD) ME012906/43617A (4шт с кольцами) 10.85~09.89 Mats,1,18762,Matsuyama,ME012906,Москва
2025-12-28 14:11:01,Поршень MMC 4D33 (0.75mm) FE317/337/437/47/67 ME012897/013312/016895/014287/43244 (4шт) 10.89~ Teikin !,2,5992,Teikin,43244,Москва
2025-12-28 14:11:01,Поршень MMC 4D35 (0.75mm) ME018825/018828/012941/014693/43608 (4шт) 11.93~05.99 Teikin !,1,7195,Teikin,43608,Москва
2025-12-28 14:11:01,Поршень MMC 4M40 ME200689 (4 PCE) Mats,1,11829,Matsuyama,ME200689,Москва
2025-12-28 14:11:01,Поршень MMC 4M50T ME227615 B (4 PCE) Mats,2,33821,Matsuyama,ME227615,Москва
2025-12-28 14:11:01,Поршень MMC 4M51 (0.5mm) ME240047/43674A (4шт) ALFIN 10.97~ Teikin !,3,13749,Teikin,43674A,Москва
2025-12-28 14:11:01,Поршень MMC 6D15-III (STD) ALFIN ME032480/032593/TMI40/43686A (4шт) Teikin !,1,13489,Teikin,43686A,Москва
2025-12-28 14:11:01,Поршень MMC 6D15T-3AT ME072321/072055 (6 PCE) Mats,1,28892,Matsuyama,ME072321,Москва
2025-12-28 14:11:01,Поршень MMC 6D40-T ME121779 FP/FS/FU510/540 96.07-99.05 6 (CYL) Mats,1,71940,Matsuyama,ME121779,Москва
2025-12-28 14:11:01,Поршень NISSAN FD35 (0.5mm) 12010-01T04/44620 (4шт) 11.86~09.91 Teikin !,1,5729,Teikin,44620,Москва
2025-12-28 14:11:01,Поршень NISSAN PE6T CV50 12011-96564 IZUMI !,1,15545,Izumi,12011-96564,Москва
2025-12-28 14:11:01,Поршень NISSAN PF6T 24V CD/CV/CW590/91/92/95/690 94~ 12013-96567 (6шт к-т) IZUMI,1,42610,Matsuyama,12013-96567,Москва
2025-12-28 14:11:01,Поршень NISSAN TD25 (0.5mm) 12010-44G02/44G12/44G01/44255(4шт с кольцами) 06.95~06.99 Teikin !,1,6760,Teikin,44255,Москва
2025-12-28 14:11:01,Поршень STD 23411-52700 (1шт) Hyundai D4GA/D6GA HD78/120 ORIG,1,13403,Hyundai-Kia,23411-52700,Москва
2025-12-28 14:11:01,Поршень TOYOTA 11B (0.75mm) 13101-56042/13101-56041/46287 (4шт) 08.88~05.95 Teikin !,1,4139,Teikin,13101-56042,Москва
2025-12-28 14:11:01,Поршень TOYOTA B NEW (0.5mm) 13101-56020/46124 (4шт) Teikin !,1,8254,Teikin,46124,Москва
2025-12-28 14:11:01,Поршень ДВС 1004011GD (1шт) JAC S5 ORIG,4,1249,JAC,1004011GD,Москва
2025-12-28 14:11:01,Поршень с кольцами S130B-E0141 (1шт) HINO 300 N04C E-4 Mats,1,7924,Matsuyama,S130B-E0141,Москва
2025-12-28 14:11:01,Поршень суппорта 47731-37120 FR/RR DISC HINO 300/TOYOTA-DYNA SKV,54,472,SKV,47731-37120,Москва
2025-12-28 14:11:01,Поршень тормозного суппорта 8-97365-279-0 ORIG,16,2345,Isuzu,8-97365-279-0,Москва
2025-12-28 14:11:01,Поршень тормозного суппорта 8-97365-279-0 SKV,118,556,SKV,8-97365-279-0,Москва
2025-12-28 14:11:01,Поршень тормозного суппорта MK328470 FUSO CANTER FE83D E-4 SKV,133,494,SKV,MK328470,Москва
2025-12-28 14:11:01,Поршневая группа (поршень + гильза + кольца) 4JG1 5-87814-613-0 /1 (1 цилиндр) ORIG,7,20317,Isuzu,5-87814-613-1,Москва
2025-12-28 14:11:01,Поршневая группа (поршень + гильза + кольца) 5-87814-403-0 (1 цилиндр) GRADE=3 ORIG,2,22241,Isuzu,5-87814-403-0,Москва
2025-12-28 14:11:01,"Поршневая группа (поршень и гильза) D-125649 / 1-87814-728-0 (1 цилиндр) 4HK1-T GRADE=1 N,F-series Дизель",1,9471,Дизель,D-125649,Москва
2025-12-28 14:11:01,"Поршневая группа (поршень с гильзой, 6шт) 6HK1-T-9861 5-87814-862-0/1-87812-986-1 1X ZX240-3 Mats",1,55830,Matsuyama,5-87814-862-0,Москва
2025-12-28 14:11:01,"Поршневая группа (поршень с гильзой) 4HK1/6HK1 1-87814-726-0 ( на 1 цилиндр) 1x N,F-series ORIG",4,27171,Isuzu,1-87814-726-0,Москва
2025-12-28 14:11:01,"Поршневая группа 4HK1-T 5-87814-579-0/5-87814-579-3 (на 1 цилиндр) OD GRADE=1X,ID GRADE=NON NPR/NQR ORIG",2,34010,Isuzu,5-87814-579-3,Москва
2025-12-28 14:11:01,Поршневая группа 4HK1/6HK1 D-125085/1-87813-120-6 (на 1 цилиндр) 3x Е3/4 NQR90/NPR75/FSR90/FVR34 Дизель,13,10074,Дизель,D-125085,Москва
2025-12-28 14:11:01,"Поршневая группа D-126418 / 1-87814-729-0 / 1-87814-898-0 поршень+гильза (на 1 цилиндр) GRADE=3x F,N-series Дизель",6,10121,Дизель,D-126418,Москва
2025-12-28 14:11:01,"Поршневая группа GRADE=1X 5-87816-892-0/5-87815-503-2/5-87814-842-0 (гильза, поршень, палец, кольца) на 1 цилиндр N-series 4HV1 (CNG) ГАЗ ORIG",2,51036,Isuzu,5-87816-892-0,Москва
2025-12-28 14:11:01,"Поршневая группа GRADE=3X 5-87816-893-1/5-87815-504-2/5-87815-504-2/ (гильза, поршень, палец, кольца) на 1 цилиндр N-series 4HV1 (CNG) ГАЗ ORIG",2,47456,Isuzu,5-87816-893-1,Москва
2025-12-28 14:11:01,Предохранитель желтый 60А 8-97219-407-0/8-98079-194-0 универсальный ORIG,11,518,Isuzu,8-97219-407-0,Москва
2025-12-28 14:11:01,Предохранитель флажковый 30А 3237000008 зеленый Iveco !,10,17,Iveco,3237000008,Москва
2025-12-28 14:11:01,Предохранительный клапан 094.127 SAMPA,1,2994,Sampa,81521516067,Москва
2025-12-28 14:11:01,Предпусковой подогреватель с насосом D-129446 3.0 kW (20*10*8см) Десептикон LongFei Bros Дизель,1,3267,Дизель,D-129446,Москва
2025-12-28 14:11:01,Пресс-масленка 9810100325 Mercedes Europart !,1,30,Europart,9810100325,Москва
2025-12-28 14:11:01,Привод заслонки отопителя 97256-5H000 HYUNDAI HD65/72/78/County ORIG,1,4066,Hyundai-Kia,97256-5H000,Москва
2025-12-28 14:11:01,Пробка заливная Q614B03 JAC N120 LE35S ORIG,2,84,JAC,Q614B03,Москва
2025-12-28 14:11:01,Пробка заливная КПП D-127701 / 6JS160T-1709587-1 JAC N120 LE35S Дизель,3,222,Дизель,D-127701,Москва
2025-12-28 14:11:01,Пробка КПП / моста заливная 8-97365-373-0 NPR/NQR ORIG,13,352,Isuzu,8-97365-373-0,Москва
2025-12-28 14:11:01,Пробка поддона 1009018FD020 JAC N35 ORIG,7,199,JAC,1009018FD020,Москва
2025-12-28 14:11:01,Пробка поддона D-126907 / 4994692 JAC N120/Камаз Cummins ISF3.8 Е-5 Дизель,1,326,Дизель,D-126907,Москва
2025-12-28 14:11:01,Пробка редуктора (нижняя) сливная SZ341-30008 HINO 500 ORIG,4,1558,hino,SZ341-30008,Москва
2025-12-28 14:11:01,Пробка сливная D-125942/Q62104 JAC N120/КАМАЗ (NON-GENUINE),2,139,Noname,D-125942,Москва
2025-12-28 14:11:01,Пробка сливная D-127702 / M-1705103 JAC N90 Дизель,8,154,Дизель,D-127702,Москва
2025-12-28 14:11:01,Пробка сливная D-127703 / Q62404 JAC N120 LE35S Дизель,1,269,Дизель,D-127703,Москва
2025-12-28 14:11:01,Пробка сливная ZU-010 10mm P1.25mm PM,1,124,Paul Master,ZU-010,Москва
2025-12-28 14:11:01,Пробка сливная ZU-013 13mm P1.5mm PM,2,111,Paul Master,ZU-013,Москва
2025-12-28 14:11:01,Пробка сливная ZU-016 16mm P1.5mm PM,2,197,Paul Master,ZU-016,Москва
2025-12-28 14:11:01,Пробка сливная з/моста 9900040030 JAC N35 ORIG,2,121,JAC,9900040030,Москва
2025-12-28 14:11:01,Пробка сливная коробки передач 43171-34002 JAC ORIG,7,92,JAC,43171-34002,Москва
2025-12-28 14:11:01,Пробка сливная КПП D-127704 / 5DS50T-1701085 JAC N120 LE35S Дизель,4,473,Дизель,D-127704,Москва
2025-12-28 14:11:01,Прокладка (кольцо) масл насоса PTO D-128487 / MQ6-56936-1544 Sitrak C7H Дизель,2,128,Дизель,D-128487,Москва
2025-12-28 14:11:01,Прокладка (кольцо) маслоохлодителя 8-97606-640-0 С-series ORIG,3,812,Isuzu,8-97606-640-0,Москва
2025-12-28 14:11:01,Прокладка (кольцо) теплообменника ID=18.8 1-09623-478-0 C-series 6WG1 ORIG,2,459,Isuzu,1-09623-478-0,Москва
2025-12-28 14:11:01,Прокладка (шайба медная) 17512-10000 Hyundai D4GA Matto,18,32,Matto,17512-10000,Москва
2025-12-28 14:11:01,Прокладка (шайба медная) 17512-10000 Hyundai D4GA ORIG,4,110,Hyundai-Kia,17512-10000,Москва
2025-12-28 14:11:01,Прокладка 201V06903-0061 HOWO T5G,1,449,Дизель,201V06903-0061,Москва
2025-12-28 14:11:01,Прокладка 61319045 Iveco Orig,1,118,Iveco,61319045,Москва
2025-12-28 14:11:01,Прокладка Hino F17C S1121-31071,2,4179,hino,S1121-31071,Москва
2025-12-28 14:11:01,Прокладка адаптера клапана EGR 8-97605-995-0 ID=52 6HK1 F-series ORIG,5,885,Isuzu,8-97605-995-0,Москва
2025-12-28 14:11:01,Прокладка блока двигателя 0K87T-10337 Hyundai HD120 D6DA19/22 ORIG,1,847,Hyundai-Kia,0K87T-10337,Москва
2025-12-28 14:11:01,Прокладка блока нагрева впускного воздуха D-128488 / 202V08901-0199 MC11 Sitrak C7H Дизель,2,96,Дизель,D-128488,Москва
2025-12-28 14:11:01,Прокладка блока цилиндра пневмокомпрессора 1-19115-006-1/8-98113-036-0 F-series ORIG,1,1302,Isuzu,8-98113-036-0,Москва
2025-12-28 14:11:01,Прокладка блока цилиндра пневмокомпрессора 8-98242-649-0 CYZ51/CXZ ORIG,15,1353,Isuzu,8-98242-649-0,Москва
2025-12-28 14:11:01,Прокладка вакуумного насоса 9-09566-271-0 4JJ1 N-series ORIG,3,414,Isuzu,9-09566-271-0,Москва
2025-12-28 14:11:01,Прокладка водяного насоса 201V06901-0192 HOWO T5G,1,255,Дизель,201V06901-0192,Москва
2025-12-28 14:11:01,"Прокладка воздушного компрессора 8-98192-463-0/1-09623-613-0 F,C-series ORIG",4,900,Isuzu,8-98192-463-0,Москва
2025-12-28 14:11:01,Прокладка впуск. коллектора 4829433/2112400 LEMA,2,87,Lema,2112400,Москва
2025-12-28 14:11:01,Прокладка впускного коллектора 1-14115-094-1 C-series 6WG1 ORIG,2,1082,Isuzu,1-14115-094-1,Москва
2025-12-28 14:11:01,Прокладка впускного коллектора 1008011FD020 JAC N35 ORIG,7,617,JAC,1008011FD020,Москва
2025-12-28 14:11:01,Прокладка впускного коллектора 4983020 JAC N120/Камаз Cummins ISF3.8 Е-5,2,407,Дизель,4983020,Москва
2025-12-28 14:11:01,Прокладка впускного коллектора D-125945 / 612600116551 JAC N350 WP10 E-5 Дизель,1,79,Дизель,D-125945,Москва
2025-12-28 14:11:01,Прокладка впускного коллектора HINO EK100 040150-NA/HIN-EK100-IN (в компл 6шт) Matto,1,697,Matto,HIN-EK100-IN,Москва
2025-12-28 14:11:01,Прокладка впускного коллектора HINO EP100 17171-1491/ (2шт к-т) 040180-NA Matto !,4,191,Matto,17171-1491,Москва
2025-12-28 14:11:01,Прокладка впускного коллектора HINO F20C 04004-SR 17171-1700A (1шт) Matto !,3,1365,Matto,17171-1700A,Москва
2025-12-28 14:11:01,Прокладка впускного коллектора HINO HO7C 17104-1302 DF,4,115,DRAGONFLYS,17104-1302,Москва
2025-12-28 14:11:01,Прокладка впускного коллектора HINO K13D (на авто - 4шт) 04002-SR 17171-1840 Matto,6,213,Matto,17171-1840,Москва
2025-12-28 14:11:01,Прокладка впускного коллектора ISUZU 12PD1/8PD1 1-14115-048-0 HL,6,178,Huang Lin,1-14115-048-0,Москва
2025-12-28 14:11:01,Прокладка впускного коллектора ISUZU 12PD1/8PD1 1-14115-048-0/ 84004-SR Matto,8,165,Matto,1-14115-048-0,Москва
2025-12-28 14:11:01,Прокладка впускного коллектора ISUZU 4BE1 64002-SR ME093977 Matto !,15,39,Matto,ME093977,Москва
2025-12-28 14:11:01,Прокладка впускного коллектора ISUZU 6HE1 8-94397-039-1 DF,4,354,DRAGONFLYS,8-94397-039-1,Москва
2025-12-28 14:11:01,Прокладка впускного коллектора ISUZU 6HE1 8-94397-039-1 HL,1,348,Huang Lin,8-94397-039-1,Москва
2025-12-28 14:11:01,Прокладка впускного коллектора ISUZU 6WA1 84009-SR Matto !,10,106,Matto,84009-SR,Москва
2025-12-28 14:11:01,Прокладка впускного коллектора MAZDA HA 0636-13-111/ 540280-NA Matto !,17,63,Matto,0636-13-111,Москва
2025-12-28 14:11:01,Прокладка впускного коллектора MAZDA TF TF20-13-111/ 540390-NA Matto,1,358,Matto,TF20-13-111,Москва
2025-12-28 14:11:01,Прокладка впускного коллектора MMC 10DC11 640871-NA / MIT-10DC11-IN Matto,2,66,Matto,640871-NA-PB,Москва
2025-12-28 14:11:01,Прокладка впускного коллектора MMC 4D33 ME013751 HL,4,26,Huang Lin,ME013751,Москва
2025-12-28 14:11:01,Прокладка впускного коллектора MMC 4D35 640461-NA/MIT-4D35-IN Matto,1,289,Matto,MIT-4D35-IN,Москва
2025-12-28 14:11:01,Прокладка впускного коллектора MMC 4D36 ME012491 DF,6,82,DRAGONFLYS,ME012491,Москва
2025-12-28 14:11:01,Прокладка впускного коллектора MMC 4D36 ME012491 W/AF HL,6,26,Huang Lin,ME012491,Москва
2025-12-28 14:11:01,Прокладка впускного коллектора MMC 4D36 ME012491/ 641100-NA Matto,6,111,Matto,ME012491,Москва
2025-12-28 14:11:01,Прокладка впускного коллектора MMC 4M51 4M51-IN/641480-LNA-PB Matto !,4,260,Matto,MIT-4M51-IN,Москва
2025-12-28 14:11:01,Прокладка впускного коллектора MMC 4M51 HIM6524P HL,2,300,Huang Lin,HIM6524P,Москва
2025-12-28 14:11:01,Прокладка впускного коллектора MMC 6D15 ME073712 HL,6,451,Huang Lin,ME073712,Москва
2025-12-28 14:11:01,Прокладка впускного коллектора MMC 6D31 640750-NA Matto !,6,124,Matto,MIT-6D31-IN,Москва
2025-12-28 14:11:01,Прокладка впускного коллектора MMC 6D40 64011-SR/MIT-6D40-IN Matto,6,167,Matto,MIT-6D40-IN,Москва
2025-12-28 14:11:01,Прокладка впускного коллектора NISSAN FD46 740561-NA / NIS-FD46-IN Matto,1,206,Matto,NIS-FD46-IN,Москва
2025-12-28 14:11:01,Прокладка впускного коллектора NISSAN PE6T 740680-NA 14035-96008 Matto,2,75,Matto,740680-NA,Москва
2025-12-28 14:11:01,Прокладка впускного коллектора NISSAN RE10 740870-NA Matto !,3,187,Matto,740870,Москва
2025-12-28 14:11:01,Прокладка впускного коллектора NISSAN RF10 74005-SR/14035-97002 Matto,3,136,Matto,14035-97002,Москва
2025-12-28 14:11:01,Прокладка впускного коллектора NISSAN RF10/RE10 740870-NA Matto !,26,131,Matto,740870-NA,Москва
2025-12-28 14:11:01,Прокладка впускного коллектора NISSAN RH10 74011-SR Matto !,4,151,Matto,NIS-RH10-IN,Москва
2025-12-28 14:11:01,Прокладка впускного коллектора TOYOTA 13B 17172-56022 941341-NA Matto,3,273,Matto,17172-56022,Москва
2025-12-28 14:11:01,Прокладка впускного коллектора TOYOTA 14B 17171-56010 940780-KS Matto,2,246,Matto,1717256022,Москва
2025-12-28 14:11:01,Прокладка впускного коллектора TOYOTA 14B 17171-56010 DF,2,361,DRAGONFLYS,17171-56010,Москва
2025-12-28 14:11:01,Прокладка впускного коллектора TOYOTA 14B 17171-56010 HL,1,134,Huang Lin,17171-56010,Москва
2025-12-28 14:11:01,Прокладка выпускного коллектора 1044011FD020 JAC N35 ORIG,6,395,Дизель,1044011FD020,Москва
2025-12-28 14:11:01,Прокладка выпускного коллектора 28548-84000 Hyundai HD160/250 ORIG,2,350,Hyundai-Kia,28548-84000,Москва
2025-12-28 14:11:01,Прокладка выпускного коллектора 420408 / A4601420080/ A5411420180 / 432040 Mercedes/Elring,2,140,Diesel Technic,4.20408,Москва
2025-12-28 14:11:01,Прокладка выпускного коллектора 4M50T ME226533 MI W/MT HL,4,537,Huang Lin,ME226533,Москва
2025-12-28 14:11:01,Прокладка выпускного коллектора 4M51 ME240860 MI W/MT HL,4,527,Huang Lin,ME240860,Москва
2025-12-28 14:11:01,Прокладка выпускного коллектора 5711399 JAC N120/Камаз Cummins ISF3.8 Е-5,6,157,Дизель,5711399,Москва
2025-12-28 14:11:01,Прокладка выпускного коллектора 8-97061-542-0 ORIG,3,1610,Isuzu,8-97061-542-0,Москва
2025-12-28 14:11:01,Прокладка выпускного коллектора 8-97350-317-0/2 ORIG,1,1874,Isuzu,8-97350-317-2,Москва
2025-12-28 14:11:01,Прокладка выпускного коллектора D-126581 / 201V08901-0315 MC11 Sitrak C7H Дизель,2,105,Дизель,D-126581,Москва
2025-12-28 14:11:01,Прокладка выпускного коллектора D-129449 / 1008044-29DX FAW CA3250 Дизель,10,90,Дизель,D-129449,Москва
2025-12-28 14:11:01,Прокладка выпускного коллектора ISUZU 4HF1 8-97105-866-1 HL,7,1043,Huang Lin,8-97105-866-1,Москва
2025-12-28 14:11:01,Прокладка выпускного коллектора S1710-42000 HINO500 ORIG,1,2335,hino,S1710-42000,Москва
2025-12-28 14:11:01,Прокладка выпускного коллектора W06D 17104-1210 W/MT HL,3,240,Huang Lin,17104-1210,Москва
2025-12-28 14:11:01,Прокладка выпуского коллектора ISUZU 4HE1 8-97039-777-0 / 85005-S-PB Matto,1,379,Matto,8-97039-777-0,Москва
2025-12-28 14:11:01,Прокладка выпуского коллектора ISUZU 4HE1 8-97039-777-0 HL,8,506,Huang Lin,8-97039-777-0,Москва
2025-12-28 14:11:01,Прокладка выпуского коллектора ISUZU 4HK1 8-97146-499-0 HL,2,837,Huang Lin,8-97146-499-0,Москва
2025-12-28 14:11:01,Прокладка выпуского коллектора NISS TD25 14036-43G00 W/MT HL,2,99,Huang Lin,14036-43G00,Москва
2025-12-28 14:11:01,Прокладка выхлопной системы 8-97373-108-0/85020-S-PB 4JJ1 NLR/NMR85 Matto,1,353,Matto,8-97373-108-0,Москва
2025-12-28 14:11:01,Прокладка выхлопной трубы 28627-82901 HD120 ORIG,3,539,Hyundai-Kia,28627-82901,Москва
2025-12-28 14:11:01,Прокладка гайки фланца хвостовика 1-09623-386-0 C/E/F series ORIG,4,253,Isuzu,1-09623-386-0,Москва
2025-12-28 14:11:01,Прокладка ГБЦ (прорезиненная) 61500040049/612600040355 HOWO WP10/WD615,2,724,Дизель,61500040049,Москва
2025-12-28 14:11:01,"Прокладка ГБЦ 1,15 1002050FD020-A JAC N35 (NON-GENUINE)",2,1270,Noname,1002050FD020-A,Москва
2025-12-28 14:11:01,"Прокладка ГБЦ 1,15 1002050FD020-A JAC N35 ORIG",1,1730,JAC,1002050FD020-A,Москва
2025-12-28 14:11:01,"Прокладка ГБЦ 1,25 1002050FD020-B JAC N35 ORIG",1,1402,JAC,1002050FD020-B,Москва
2025-12-28 14:11:01,"Прокладка ГБЦ 1,25 D-127705 / 1002050FD020-B JAC N35 Дизель",1,1085,Дизель,D-127705,Москва
2025-12-28 14:11:01,Прокладка ГБЦ 1002210GD170 JAC S5 ORIG,2,1782,JAC,1002210GD170,Москва
2025-12-28 14:11:01,Прокладка ГБЦ 4HF1 8-97105-871-0 / 8-97107-566-0 DF,2,1523,DRAGONFLYS,5-87105-871-0,Москва
2025-12-28 14:11:01,Прокладка ГБЦ 4HF1 8-97105-871-0/8-97107-566-0 ORIG,1,5990,Isuzu,5-87105-871-0,Москва
2025-12-28 14:11:01,Прокладка ГБЦ 4HF1 8-97105-873-0/8-97107-568-0 ORIG,1,5990,Isuzu,8-97105-873-0,Москва
2025-12-28 14:11:01,Прокладка ГБЦ 4HG1/4HL1/4HJ1 8-97349-490-0/8-97262-944-1 DF,1,1523,DRAGONFLYS,8-97349-490-0,Москва
2025-12-28 14:11:01,Прокладка ГБЦ 4HK1-T D-125383/8-97375-434-0/8-98245-618-0/8-98244-824-0 T=1.525 1-HOLE FSR E4 Дизель,2,2006,Дизель,D-125383,Москва
2025-12-28 14:11:01,Прокладка ГБЦ 4HK1-T D-128208 / 8-97375-433-1 T=1.475 Дизель,1,1993,Дизель,D-128208,Москва
2025-12-28 14:11:01,Прокладка ГБЦ 4HK1-T NQR75/90/NPR75 E-3 8-98288-503-0 / 8-98244-825-0 DF,4,2163,DRAGONFLYS,8982885030,Москва
2025-12-28 14:11:01,Прокладка ГБЦ 4JG2 8-97066-196-0 ORIG,2,4103,Isuzu,8-97066-196-0,Москва
2025-12-28 14:11:01,Прокладка ГБЦ 4M51 ME226785 HL,1,3055,Huang Lin,ME226785,Москва
2025-12-28 14:11:01,Прокладка ГБЦ 4НG1 8-97144-984-0 W/MT ORIG,1,6747,Isuzu,8-97144-984-0,Москва
2025-12-28 14:11:01,Прокладка ГБЦ 5345648 JAC N120/Камаз Cummins ISF3.8 Е-5,1,791,Noname,5345648,Москва
2025-12-28 14:11:01,Прокладка ГБЦ 65039010015 BS106,2,1154,Дизель,65039010015,Москва
2025-12-28 14:11:01,Прокладка ГБЦ 6HE1 8-94396-334-0 DF,3,2198,DRAGONFLYS,8-94396-334-0,Москва
2025-12-28 14:11:01,Прокладка ГБЦ 6HK1-T FVR34 8-97601-819-0 / 8-97601-819-5 DF,2,2977,DRAGONFLYS,8976018195,Москва
2025-12-28 14:11:01,Прокладка ГБЦ 8-97262-946-0/8-97229-227-0 4HK1 ORIG,2,7560,Isuzu,8-97262-946-2,Москва
2025-12-28 14:11:01,Прокладка ГБЦ 8-97328-828-2 4JJ1-T T=1.40 NLR/NMR E3/4 HL,1,1038,Huang Lin,8-97328-828-2,Москва
2025-12-28 14:11:01,Прокладка ГБЦ 8-97375-434-0/8-98288-502-0/8-98055-541-0/8-98245-618-0 4HK1-T DF,2,1523,DRAGONFLYS,8-97375-434-0,Москва
2025-12-28 14:11:01,Прокладка ГБЦ 8-97601-819-5 6HK1-T FVR34 ORIG,47,13722,Isuzu,8-97601-819-5,Москва
2025-12-28 14:11:01,Прокладка ГБЦ CUMMINS 4ВТ 3283333 Matto,3,1714,Matto,3283333,Москва
2025-12-28 14:11:01,Прокладка ГБЦ D-127904 / 612600040646 Weichai WP10 E-5 Дизель,1,496,Дизель,D-127904,Москва
2025-12-28 14:11:01,Прокладка ГБЦ D-128141 / 8-97375-435-0 4HK1-T Дизель,3,2338,Дизель,D-128141,Москва
2025-12-28 14:11:01,Прокладка ГБЦ D-128209 / 8-97328-866-2 T=1.05 4JJ1-TCC NLR/NMR 55/85 08~ Дизель,1,1326,Дизель,D-128209,Москва
2025-12-28 14:11:01,Прокладка ГБЦ D-128300 / 1002210GD190 JAC T6 Дизель,1,1392,Дизель,D-128300,Москва
2025-12-28 14:11:01,Прокладка ГБЦ D-128682 / 2105040147 WEICHAI/FAW Дизель,1,1045,Дизель,D-128682,Москва
2025-12-28 14:11:01,Прокладка ГБЦ D-128811 / 8-97375-433-1 T=1.475 4HK1-T Дизель,1,1979,Дизель,D-128811,Москва
2025-12-28 14:11:01,Прокладка ГБЦ D-128812 / 8-97328-866-2 T=1.05 4JJ1-TCC NLR/NMR 55/85 Дизель,2,1155,Дизель,D-128812,Москва
2025-12-28 14:11:01,Прокладка ГБЦ D-129451 / 1003020-36D FAW CA6DL1/2 Дизель,2,1415,Дизель,D-129451,Москва
2025-12-28 14:11:01,Прокладка ГБЦ D-129452 / 1003020-81D FAW J6 CA6DM2 Дизель,2,2000,Дизель,D-129452,Москва
2025-12-28 14:11:01,Прокладка ГБЦ HINO 11115-E0202/11115-E0200 HINO 500 E-3/4 ORIG,2,30569,hino,11115-E0202,Москва
2025-12-28 14:11:01,Прокладка ГБЦ HINO EF750 11115-2030 HL,2,3355,Huang Lin,11115-2030,Москва
2025-12-28 14:11:01,Прокладка ГБЦ HINO EF750 11115-2030 Matto,6,3296,Matto,11115-2030,Москва
2025-12-28 14:11:01,Прокладка ГБЦ HINO EM100 11115-1781 HL,1,5175,Huang Lin,11115-1781,Москва
2025-12-28 14:11:01,Прокладка ГБЦ HINO EP100 11115-2190 Matto,2,4615,Matto,11115-2190,Москва
2025-12-28 14:11:01,Прокладка ГБЦ HINO F17C/D 11115-2180 / 11115-2160 DF,4,2198,DRAGONFLYS,11115-2180,Москва
2025-12-28 14:11:01,Прокладка ГБЦ HINO F17C/F17E 11115-2160 W/KMF HL,3,5031,Huang Lin,11115-2160,Москва
2025-12-28 14:11:01,Прокладка ГБЦ HINO F17D 11115-2730A W/KMF HL,2,6709,Huang Lin,11115-2730A,Москва
2025-12-28 14:11:01,Прокладка ГБЦ HINO F21C 11115-2492B HL,1,5649,Huang Lin,11115-2492B,Москва
2025-12-28 14:11:01,"Прокладка ГБЦ HINO H06C, H07C 11115-1802 DF",1,1353,DRAGONFLYS,11115-1802,Москва
2025-12-28 14:11:01,Прокладка ГБЦ HINO H07D 11115-2420B DF,1,1409,DRAGONFLYS,11115-2420B,Москва
2025-12-28 14:11:01,Прокладка ГБЦ HINO H07D 11115-2420B HL,2,3189,Huang Lin,11115-2420B,Москва
2025-12-28 14:11:01,Прокладка ГБЦ HINO H07D 11115-2420B Matto,1,3424,Matto,11115-2420B,Москва
2025-12-28 14:11:01,Прокладка ГБЦ HINO J05C 11115-2611 Matto,1,4422,Matto,11115-2611,Москва
2025-12-28 14:11:01,Прокладка ГБЦ HINO J07C 11115-2780 DF,2,2035,DRAGONFLYS,11115-2780,Москва
2025-12-28 14:11:01,Прокладка ГБЦ HINO J07C 11115-2780 HL,2,5175,Huang Lin,11115-2780,Москва
2025-12-28 14:11:01,Прокладка ГБЦ HINO J08C-TG 11115-2451 W/KMF+ASSY HL,2,4290,Huang Lin,11115-2451,Москва
2025-12-28 14:11:01,Прокладка ГБЦ HINO J08C-TG 11115-2451/2590 DF,3,2198,DRAGONFLYS,11115-2451,Москва
2025-12-28 14:11:01,Прокладка ГБЦ HINO J08C-TG 11115-2451/2590 Matto,2,4922,Matto,11115-2451,Москва
2025-12-28 14:11:01,Прокладка ГБЦ HINO J08C/E HINO500 11115-2870А/11115-2650A DF,2,3193,DRAGONFLYS,11115-2870A,Москва
2025-12-28 14:11:01,Прокладка ГБЦ HINO J08C/E HINO500 11115-2870А/11115-2650A Matto,1,5403,Matto,11115-2870A,Москва
2025-12-28 14:11:01,Прокладка ГБЦ HINO J08C/E HINO500 11115-2870А/11115-2650A W/KMF+ASSY HL,1,4767,Huang Lin,11115-2650A,Москва
2025-12-28 14:11:01,Прокладка ГБЦ HINO K13C 24V 11115-2570 Matto,1,4280,Matto,11115-2570,Москва
2025-12-28 14:11:01,Прокладка ГБЦ HINO K13C 24V NEW 11115-2701 Matto,3,5964,Matto,11115-2701,Москва
2025-12-28 14:11:01,Прокладка ГБЦ HINO S05C 11115-2900A DF,2,2716,DRAGONFLYS,111152900A,Москва
2025-12-28 14:11:01,Прокладка ГБЦ HINO S05C 11115-2900A HL,1,4500,Huang Lin,11115-2900A,Москва
2025-12-28 14:11:01,Прокладка ГБЦ HINO S05C 11115-2900A Matto,2,5726,Matto,11115-2900A,Москва
2025-12-28 14:11:01,Прокладка ГБЦ HINO V22C 11115-2070 Matto,2,4170,Matto,11115-2070,Москва
2025-12-28 14:11:01,Прокладка ГБЦ HINO V26C 11115-2521 HL,2,5049,Huang Lin,11115-2521,Москва
2025-12-28 14:11:01,Прокладка ГБЦ HINO W04CT 11115-2271 Matto,2,2197,Matto,11115-2271,Москва
2025-12-28 14:11:01,Прокладка ГБЦ HINO W04D/E 11115-1722/2340 Matto,1,1289,Matto,11115-1722,Москва
2025-12-28 14:11:01,Прокладка ГБЦ HINO/T-DYNA N04C 11115-E0030 DF,1,1184,DRAGONFLYS,11115-E0030,Москва
2025-12-28 14:11:01,Прокладка ГБЦ HINO/T-DYNA N04C 11115-E0030 W/KMF HL,4,3992,Huang Lin,11115-E0030,Москва
2025-12-28 14:11:01,Прокладка ГБЦ HYU D4AF 22311-41200 Matto,1,882,Matto,22311-41200,Москва
2025-12-28 14:11:01,Прокладка ГБЦ HYU D4AL 22311-41000 Matto,1,875,Matto,22311-41000,Москва
2025-12-28 14:11:01,Прокладка ГБЦ ISUZU 10PC1 1-11141-140-0 Matto,1,1442,Matto,1-11141-140-0,Москва
2025-12-28 14:11:01,Прокладка ГБЦ ISUZU 10PВ1 1-11141-074-0 Matto !,1,717,Matto,1-11141-074-0,Москва
2025-12-28 14:11:01,Прокладка ГБЦ ISUZU 12PD1 1-11141-101-1 Matto,2,1940,Matto,1-11141-101-1,Москва
2025-12-28 14:11:01,Прокладка ГБЦ ISUZU 12PD1 1-11141-191-0 W/MT HL,2,3272,Huang Lin,1-11141-191-0,Москва
2025-12-28 14:11:01,Прокладка ГБЦ ISUZU 12PЕ1 1-11141-249-0 Matto,1,8207,Matto,1-11141-249-0,Москва
2025-12-28 14:11:01,Прокладка ГБЦ ISUZU 4BE1 86 8-94418-920-0 / 82023-S-0142 Matto,1,1605,Matto,8-94418-920-0,Москва
2025-12-28 14:11:01,Прокладка ГБЦ ISUZU 4BE1 86 8-94418-920-0 W/MT HL,4,1903,Huang Lin,8-94418-920-0,Москва
2025-12-28 14:11:01,Прокладка ГБЦ ISUZU 4BE1 86 8-94418-921-0 MT HL,1,1942,Huang Lin,8-94418-921-0,Москва
2025-12-28 14:11:01,"Прокладка ГБЦ ISUZU 4HF1 8-97048-347-0/8-97017-443-0/8-97044-060-0 (2,05mm) Matto",1,2520,Matto,8-97048-347-0,Москва
2025-12-28 14:11:01,"Прокладка ГБЦ ISUZU 4HF1 8-97048-348-0/8-97017-448-0/8-97044-061-0 (2,10mm) Matto",2,2523,Matto,8-97048-348-0,Москва
2025-12-28 14:11:01,"Прокладка ГБЦ ISUZU 4HF1 8-97105-871-0/8-97107-566-0 (1,7mm) Matto",2,2718,Matto,8-97105-871-0,Москва
2025-12-28 14:11:01,"Прокладка ГБЦ ISUZU 4HF1 8-97105-872-0/8-97107-567-0 (1,75mm) Matto",3,2783,Matto,8-97105-872-0,Москва
2025-12-28 14:11:01,Прокладка ГБЦ ISUZU 4HF1 8-97105-872-0/8-97107-567-0 DF,2,2035,DRAGONFLYS,8-97105-872-0,Москва
2025-12-28 14:11:01,"Прокладка ГБЦ ISUZU 4HF1 8-97105-873-0/8-97107-568-0 (1,8mm) Matto",3,2739,Matto,8-97105-873-0,Москва
2025-12-28 14:11:01,Прокладка ГБЦ ISUZU 4HF1 8-97262-940-1 (1.475mm) Matto,4,2551,Matto,8-97262-940-1,Москва
2025-12-28 14:11:01,Прокладка ГБЦ ISUZU 4HG1 8-97134-954-0/8-97062-612-2 DF,2,1523,DRAGONFLYS,8-97134-954-0,Москва
2025-12-28 14:11:01,Прокладка ГБЦ ISUZU 4HG1 8-97144-985-0 HL,1,2595,Huang Lin,8-97144-985-0,Москва
2025-12-28 14:11:01,Прокладка ГБЦ ISUZU 4HG1 8-97349-489-0 Matto,2,3226,Matto,8-97349-489-0,Москва
2025-12-28 14:11:01,Прокладка ГБЦ ISUZU 4HG1/4HL1 8-97262-943-1 DF,2,3693,DRAGONFLYS,8-97262-943-1,Москва
2025-12-28 14:11:01,"Прокладка ГБЦ ISUZU 4HG1/4HL1/4HJ1 8-97262-945-1/8-97349-491-0 1,575 Matto",2,1932,Matto,8-97349-491-0,Москва
2025-12-28 14:11:01,Прокладка ГБЦ ISUZU 4HG1/4HL1/4HJ1 8-97262-945-1/8-97349-491-0 DF,6,2035,DRAGONFLYS,8-97349-491-0,Москва
2025-12-28 14:11:01,"Прокладка ГБЦ ISUZU 4HK1 8-97262-946-0/8-97229-227-0 1,475 Matto",1,2952,Matto,8-97262-946-0,Москва
2025-12-28 14:11:01,"Прокладка ГБЦ ISUZU 4HK1 8-97262-947-0/8-97229-228-0 1,525 Matto",1,2849,Matto,8-97229-228-0,Москва
2025-12-28 14:11:01,Прокладка ГБЦ ISUZU 4HK1 8-97375-433-0 Matto,1,2900,Matto,8-97375-433-0,Москва
2025-12-28 14:11:01,Прокладка ГБЦ ISUZU 4HK1T 8-98055-541-0 / 82082-S-V002 Matto,3,3190,Matto,8-98055-541-0,Москва
2025-12-28 14:11:01,Прокладка ГБЦ ISUZU 4HK1T 8-98055-541-0 W/KMF+MT T=1.525 HL,2,3895,Huang Lin,8-98055-541-0,Москва
2025-12-28 14:11:01,Прокладка ГБЦ ISUZU 4HL1/4HJ1 8-97349-496-0/8-97384-037-0 HL,1,3764,Huang Lin,8-97384-037-0,Москва
2025-12-28 14:11:01,Прокладка ГБЦ ISUZU 4JA1/4JB1 8-94433-733-0 W/MT HL,1,1409,Huang Lin,8-94433-733-0,Москва
2025-12-28 14:11:01,Прокладка ГБЦ ISUZU 4JA1/4JC1 8-94332-328-0 W/MT 1.7T HL,2,1587,Huang Lin,8-94332-328-0,Москва
2025-12-28 14:11:01,Прокладка ГБЦ ISUZU 4JB1 8-94109-553-1 HL,1,1574,Huang Lin,8-94109-553-1,Москва
2025-12-28 14:11:01,Прокладка ГБЦ ISUZU 4JB1 8-94109-553-1 Matto,1,1520,Matto,8-94109-553-1,Москва
2025-12-28 14:11:01,Прокладка ГБЦ ISUZU 4JB1 8-97350-318-0 / 82032-S-0142 Matto,1,1431,Matto,8-97350-318-0,Москва
2025-12-28 14:11:01,Прокладка ГБЦ ISUZU 4JB1 8-97350-320-0 / 82032-S-0142 Matto,2,1412,Matto,8-97350-320-0,Москва
2025-12-28 14:11:01,Прокладка ГБЦ ISUZU 4JB1 8-97350-320-0 DF,4,1016,DRAGONFLYS,8-97350-320-0,Москва
2025-12-28 14:11:01,Прокладка ГБЦ ISUZU 4JB1 8-97350-320-0 W/MT HL,2,1596,Huang Lin,8-97350-320-0,Москва
2025-12-28 14:11:01,Прокладка ГБЦ ISUZU 4JG2 8-97066-196-0 HL,4,1903,Huang Lin,8-97066-196-0,Москва
2025-12-28 14:11:01,Прокладка ГБЦ ISUZU 4JG2 8-97066-196-0 Matto,1,1972,Matto,8-97066-196-0,Москва
2025-12-28 14:11:01,"Прокладка ГБЦ ISUZU 4JG2 8-97066-197-0 1,65 Matto",2,2287,Matto,8-97066-197-0,Москва
2025-12-28 14:11:01,"Прокладка ГБЦ ISUZU 4JG2 8-97066-198-0 1,70 Matto",1,1972,Matto,8-97066-198-0,Москва
2025-12-28 14:11:01,Прокладка ГБЦ ISUZU 4JG2 8-97066-198-0 DF,3,690,DRAGONFLYS,8-97066-198-0,Москва
2025-12-28 14:11:01,Прокладка ГБЦ ISUZU 4JG2 8-97066-198-0 HL,1,1923,Huang Lin,8-97066-198-0,Москва
2025-12-28 14:11:01,Прокладка ГБЦ ISUZU 4JJ1 8-97328-868-2 Matto,1,2993,Matto,8-97328-868-2,Москва
2025-12-28 14:11:01,Прокладка ГБЦ ISUZU 4JJ1 8-98291-685-0 / 8-97328-868-2 HL,1,1877,Huang Lin,8-98291-685-0,Москва
2025-12-28 14:11:01,Прокладка ГБЦ ISUZU 4ВЕ1 8-94418-919-0 DF,2,783,DRAGONFLYS,8-94418-919-0,Москва
2025-12-28 14:11:01,Прокладка ГБЦ ISUZU 4НE1 8-97138-066-0 Matto,2,1664,Matto,8-97138-066-0,Москва
2025-12-28 14:11:01,Прокладка ГБЦ ISUZU 4НF1 8-97105-873-0 DF,4,1876,DRAGONFLYS,8-97105-873-0,Москва
2025-12-28 14:11:01,Прокладка ГБЦ ISUZU 4НF1 New Type 8-97233-757-0 HL,3,2857,Huang Lin,8-97233-757-0,Москва
2025-12-28 14:11:01,Прокладка ГБЦ ISUZU 4НF1 New Type 8-97233-758-0 / 82066-S-V002 Matto,1,2036,Matto,8-97233-758-0,Москва
2025-12-28 14:11:01,Прокладка ГБЦ ISUZU 4НF1 Old Type 8-97105-872-0 HL,2,2792,Huang Lin,8-97105-872-0,Москва
2025-12-28 14:11:01,Прокладка ГБЦ ISUZU 4НF1 Old Type 8-97105-873-0 W/MT 1.8T HL,2,2880,Huang Lin,8-97105-873-0,Москва
2025-12-28 14:11:01,Прокладка ГБЦ ISUZU 4НG1 8-97144-986-0 / 82067-S-0152 Matto,4,2504,Matto,8-97144-986-0,Москва
2025-12-28 14:11:01,Прокладка ГБЦ ISUZU 4НG1 8-97144-986-0 DF,3,1523,DRAGONFLYS,8-97144-986-0,Москва
2025-12-28 14:11:01,Прокладка ГБЦ ISUZU 6BG1 1-11141-196-0 / 82038-S-0142 Matto,1,1997,Matto,1-11141-196-0,Москва
2025-12-28 14:11:01,Прокладка ГБЦ ISUZU 6BG1 5-11141-196-0 DF,3,2035,DRAGONFLYS,5-11141-196-0,Москва
2025-12-28 14:11:01,Прокладка ГБЦ ISUZU 6HE1 8-94396-334-0 HL,3,4826,Huang Lin,8-94396-334-0,Москва
2025-12-28 14:11:01,Прокладка ГБЦ ISUZU 6HE1 8-94396-334-0 Matto,1,4565,Matto,8-94396-334-0,Москва
2025-12-28 14:11:01,Прокладка ГБЦ ISUZU 6HH1 8-94393-346-1 DF,3,2534,DRAGONFLYS,8-94393-346-1,Москва
2025-12-28 14:11:01,Прокладка ГБЦ ISUZU 6HH1 8-94393-346-1 Matto,1,5394,Matto,8-94393-346-1,Москва
2025-12-28 14:11:01,Прокладка ГБЦ ISUZU 6HH1 8-94393-346-1 W/MT+ASSY HL,1,5278,Huang Lin,8-94393-346-1,Москва
2025-12-28 14:11:01,Прокладка ГБЦ ISUZU 6HK1 8-94390-787-2 HL,3,4779,Huang Lin,8-94390-787-2,Москва
2025-12-28 14:11:01,Прокладка ГБЦ ISUZU 6HK1 8-94392-721-3 W/MT+ASSY HL,2,5496,Huang Lin,8-94392-721-3,Москва
2025-12-28 14:11:01,Прокладка ГБЦ ISUZU 6HK1 8-97601-819-4 / 82079-S-0152 Matto,1,6127,Matto,8-97601-819-4,Москва
2025-12-28 14:11:01,Прокладка ГБЦ ISUZU 6HK1 8-97601-819-5 HL,1,5430,Huang Lin,8-97601-819-5,Москва
2025-12-28 14:11:01,Прокладка ГБЦ ISUZU 6HK1/6HH1 8-97605-228-0 HL,1,5310,Huang Lin,8-97605-228-0,Москва
2025-12-28 14:11:01,Прокладка ГБЦ ISUZU 6HK1/6HL1 8-97605-228-0/8-94390-787-2 Matto,1,6192,Matto,8-97605-228-0,Москва
2025-12-28 14:11:01,Прокладка ГБЦ ISUZU 6RA1/B1 1-11141-142-0 HL,1,3218,Huang Lin,1-11141-142-0,Москва
2025-12-28 14:11:01,Прокладка ГБЦ ISUZU 6SD1 1-11141-216-2 Matto,2,3368,Matto,1-11141-216-2,Москва
2025-12-28 14:11:01,Прокладка ГБЦ ISUZU 6WG1/6WF1 1-11141-265-0/1 HL,1,11413,Huang Lin,1-11141-265-1,Москва
2025-12-28 14:11:01,Прокладка ГБЦ ISUZU 6WG1/6WF1 1-11141-265-0/1 Matto,2,13129,Matto,1-11141-265-1,Москва
2025-12-28 14:11:01,Прокладка ГБЦ ISUZU 8PC1 1-11141-141-1 Matto,1,1428,Matto,1-11141-141-1,Москва
2025-12-28 14:11:01,Прокладка ГБЦ ISUZU 8PC1(N)/D1 1-11141-189-1 HL,2,2517,Huang Lin,1-11141-189-1,Москва
2025-12-28 14:11:01,Прокладка ГБЦ ISUZU 8PD1 1-11141-099-0 Matto,1,928,Matto,1-11141-099-0,Москва
2025-12-28 14:11:01,Прокладка ГБЦ ISUZU 8PE1 1-11141-262-1 HL,2,3660,Huang Lin,1-11141-262-1,Москва
2025-12-28 14:11:01,Прокладка ГБЦ KOMATSU 4D105-3 6131-11-1811 Matto,1,957,Matto,6131-11-1811,Москва
2025-12-28 14:11:01,Прокладка ГБЦ KOMATSU 4D105-5 6134-11-1810 Matto,2,1352,Matto,6134-11-1810,Москва
2025-12-28 14:11:01,Прокладка ГБЦ KOMATSU 4D130 6114-11-1811 Matto,1,1337,Matto,6114-11-1811,Москва
2025-12-28 14:11:01,Прокладка ГБЦ KOMATSU 4D95 6204-11-1812 Matto,1,1533,Matto,6204-11-1812,Москва
2025-12-28 14:11:01,Прокладка ГБЦ KOMATSU 6D102 6735-11-1812 Matto,2,1705,Matto,6735-11-1812,Москва
2025-12-28 14:11:01,Прокладка ГБЦ KOMATSU 6D105 6137-11-1810 Matto,1,2168,Matto,6137-11-1810,Москва
2025-12-28 14:11:01,Прокладка ГБЦ KOMATSU 6D108 6221-17-1811 Matto,1,7586,Matto,6221-17-1811,Москва
2025-12-28 14:11:01,Прокладка ГБЦ KOMATSU 6D110 6138-19-1811 Matto,2,4866,Matto,6138-19-1811,Москва
2025-12-28 14:11:01,Прокладка ГБЦ KOMATSU 6D125 6150-17-1812 Matto,9,1038,Matto,6150-17-1812,Москва
2025-12-28 14:11:01,Прокладка ГБЦ KOMATSU 6D125 6151-17-1853 Matto,1,812,Matto,6151-17-1853,Москва
2025-12-28 14:11:01,Прокладка ГБЦ KOMATSU 6D140 6210-17-1813 Matto,1,1345,Matto,6210-17-1813,Москва
2025-12-28 14:11:01,Прокладка ГБЦ KOMATSU 6D170 6162-13-1812 HL,1,1657,Huang Lin,6162-13-1812,Москва
2025-12-28 14:11:01,Прокладка ГБЦ KOMATSU 6D170 6162-13-1812 Matto,1,2277,Matto,6162-13-1812,Москва
2025-12-28 14:11:01,Прокладка ГБЦ MAN D2866/D2876 51.03901.0382 Matto !,1,223,Matto,51.03901.0382,Москва
2025-12-28 14:11:01,Прокладка ГБЦ MAZDA HA SE01-10-271 DF,2,690,DRAGONFLYS,SE01-10-271,Москва
2025-12-28 14:11:01,Прокладка ГБЦ MAZDA HA SE01-10-271 W/KFS HL,1,643,Huang Lin,SE01-10-271,Москва
2025-12-28 14:11:01,Прокладка ГБЦ MAZDA SL /T3500 SL50-10-271 HL,3,2147,Huang Lin,SL50-10-271,Москва
2025-12-28 14:11:01,Прокладка ГБЦ MAZDA SL SL01-10-271K HL,4,604,Huang Lin,SL0110271K,Москва
2025-12-28 14:11:01,Прокладка ГБЦ MAZDA SL SL01-10-271K Matto,3,642,Matto,SL01-10-271K,Москва
2025-12-28 14:11:01,Прокладка ГБЦ MAZDA T4000 TF 20-10-271 W/MT HL,1,1825,Huang Lin,TF20-10-271,Москва
2025-12-28 14:11:01,Прокладка ГБЦ MAZDA T4000 TF 20-10-271G / 52039-G-2002 W/GP Matto,1,1064,Matto,JA-21097,Москва
2025-12-28 14:11:01,Прокладка ГБЦ MAZDA T4000 TF 20-10-271HL W/GP HL,1,1125,Huang Lin,TF20-10-271HL,Москва
2025-12-28 14:11:01,Прокладка ГБЦ MAZDA T4000 TF20-10-271G DF,2,1272,DRAGONFLYS,TF2010271,Москва
2025-12-28 14:11:01,Прокладка ГБЦ MAZDA T4500 TM 01-10-271 W/MT HL,3,2579,Huang Lin,TM01-10-271,Москва
2025-12-28 14:11:01,Прокладка ГБЦ MAZDA TF 8AWD-10-271 DF,3,1184,DRAGONFLYS,8AWD-10-271,Москва
2025-12-28 14:11:01,Прокладка ГБЦ MAZDA TF 8AWD-10-271 Matto,1,1772,Matto,8AWD-10-271,Москва
2025-12-28 14:11:01,Прокладка ГБЦ MAZDA TМ TM01-10-271 Matto,1,1772,Matto,TM01-10-271,Москва
2025-12-28 14:11:01,Прокладка ГБЦ MAZDA VN OVN01-10-271 Matto,1,1392,Matto,OVN01-10-271,Москва
2025-12-28 14:11:01,Прокладка ГБЦ MAZDA VS VS01-10-271E Matto,1,2503,Matto,VS01-10-271E,Москва
2025-12-28 14:11:01,Прокладка ГБЦ MERCEDES MB401/MB40 422 016 00 20 Matto !,1,135,Matto,422 016 00 20,Москва
2025-12-28 14:11:01,Прокладка ГБЦ MMC 10DC11 ME093242 Matto,2,1653,Matto,ME093242,Москва
2025-12-28 14:11:01,Прокладка ГБЦ MMC 4D30 ME011009 Matto,1,537,Matto,ME011009,Москва
2025-12-28 14:11:01,"Прокладка ГБЦ MMC 4D32, 4D31 ME013330 HL",1,1757,Huang Lin,ME013330,Москва
2025-12-28 14:11:01,"Прокладка ГБЦ MMC 4D32, 4D31 ME013330 Matto",4,1863,Matto,ME013330,Москва
2025-12-28 14:11:01,"Прокладка ГБЦ MMC 4D34, 4D34T 4D35 ME013300 HL",1,1870,Huang Lin,ME013300,Москва
2025-12-28 14:11:01,"Прокладка ГБЦ MMC 4D34, 4D34T 4D35 ME013300 Matto",3,1888,Matto,ME013300,Москва
2025-12-28 14:11:01,Прокладка ГБЦ MMC 4D35 ME011110B DF,4,939,DRAGONFLYS,ME011110B,Москва
2025-12-28 14:11:01,Прокладка ГБЦ MMC 4D35 ME011110B HL,4,1739,Huang Lin,ME011110B,Москва
2025-12-28 14:11:01,Прокладка ГБЦ MMC 4D35 ME011110B Matto,1,1518,Matto,ME011110B,Москва
2025-12-28 14:11:01,Прокладка ГБЦ MMC 4D36 ME011111B DF,2,845,DRAGONFLYS,ME011111B,Москва
2025-12-28 14:11:01,Прокладка ГБЦ MMC 4D36 ME011111B Matto,1,1969,Matto,ME011111B,Москва
2025-12-28 14:11:01,Прокладка ГБЦ MMC 4DR7 ME001642 Matto,1,2233,Matto,ME001642,Москва
2025-12-28 14:11:01,Прокладка ГБЦ MMC 4M40 ME200751 DF,1,909,DRAGONFLYS,ME200751,Москва
2025-12-28 14:11:01,Прокладка ГБЦ MMC 4M40 ME200751 HL,1,1086,Huang Lin,ME200751,Москва
2025-12-28 14:11:01,Прокладка ГБЦ MMC 4M40 ME200751 Matto,3,1412,Matto,ME200751,Москва
2025-12-28 14:11:01,Прокладка ГБЦ MMC 4M40 ME200753 / 62053-G-51C2 Matto,2,1473,Matto,ME200753,Москва
2025-12-28 14:11:01,Прокладка ГБЦ MMC 4M40 ME200754 / 62053-G-51C2 Matto,1,1316,Matto,ME200754,Москва
2025-12-28 14:11:01,Прокладка ГБЦ MMC 4M40 ME200754 HL,2,1086,Huang Lin,ME200754,Москва
2025-12-28 14:11:01,Прокладка ГБЦ MMC 4M50/4M51 ME226786 MMC DF,2,2874,DRAGONFLYS,ME226786,Москва
2025-12-28 14:11:01,Прокладка ГБЦ MMC 4M51 ME240707 HGM6524P-1 HL,1,2879,Huang Lin,HGM6524P-2,Москва
2025-12-28 14:11:01,Прокладка ГБЦ MMC 4M51 ME240708 HL,1,2999,Huang Lin,ME240708,Москва
2025-12-28 14:11:01,Прокладка ГБЦ MMC 4M51 ME240708 Matto,2,3416,Matto,ME240708,Москва
2025-12-28 14:11:01,Прокладка ГБЦ MMC 4M51 ME240709 HL,1,3535,Huang Lin,ME240709,Москва
2025-12-28 14:11:01,Прокладка ГБЦ MMC 6D14 ME031489 / ME071919 Matto,1,2267,Matto,ME031489,Москва
2025-12-28 14:11:01,Прокладка ГБЦ MMC 6D14 ME071919 / ME031489 HL,1,2146,Huang Lin,ME071919,Москва
2025-12-28 14:11:01,Прокладка ГБЦ MMC 6D14T-2AT ME071731 DF,2,1664,DRAGONFLYS,ME071731,Москва
2025-12-28 14:11:01,Прокладка ГБЦ MMC 6D15-2A ME071867 DF,1,1278,DRAGONFLYS,ME071867,Москва
2025-12-28 14:11:01,Прокладка ГБЦ MMC 6D15-2AT ME071867 Matto,1,2675,Matto,ME071867,Москва
2025-12-28 14:11:01,Прокладка ГБЦ MMC 6D15-2AT ME071867 W/CGPL HL,1,3038,Huang Lin,ME071867,Москва
2025-12-28 14:11:01,"Прокладка ГБЦ MMC 6D15, 6D15-T ME030913 HL",1,2107,Huang Lin,ME030913,Москва
2025-12-28 14:11:01,Прокладка ГБЦ MMC 6D16-2AT/6D17 24 valve ME071958/ME078707 Matto,1,2364,Matto,ME071958,Москва
2025-12-28 14:11:01,Прокладка ГБЦ MMC 6D16-2AT/6D17 ME071958/ME078707 DF,2,1016,DRAGONFLYS,ME071958,Москва
2025-12-28 14:11:01,"Прокладка ГБЦ MMC 6D16, 6D16-T ME071182 DF",1,1214,DRAGONFLYS,ME071182,Москва
2025-12-28 14:11:01,"Прокладка ГБЦ MMC 6D16, 6D16-T ME071182 Matto",1,2364,Matto,ME071182,Москва
2025-12-28 14:11:01,Прокладка ГБЦ MMC 6D17 ME071955 DF,5,1184,DRAGONFLYS,ME071955,Москва
2025-12-28 14:11:01,Прокладка ГБЦ MMC 6D17 ME071955 HL,4,2783,Huang Lin,ME071955,Москва
2025-12-28 14:11:01,Прокладка ГБЦ MMC 6D22Т/6D24 ME051132 DF,1,1984,DRAGONFLYS,ME051132,Москва
2025-12-28 14:11:01,Прокладка ГБЦ MMC 6D22Т/6D24 ME051132 Matto,4,1242,Matto,ME051132,Москва
2025-12-28 14:11:01,Прокладка ГБЦ MMC 6M60 ME304851 HL,3,7834,Huang Lin,ME304851,Москва
2025-12-28 14:11:01,Прокладка ГБЦ MMC 6M60/61 ME132520 DF,5,2534,DRAGONFLYS,ME132520,Москва
2025-12-28 14:11:01,Прокладка ГБЦ MMC 6M60/61 ME132520 Matto,1,4280,Matto,ME132520,Москва
2025-12-28 14:11:01,Прокладка ГБЦ MMC 8DC10 ME091538 / ME092200 Matto,3,2326,Matto,ME091538,Москва
2025-12-28 14:11:01,Прокладка ГБЦ MMC 8DC10 ME091538/ME092200 DF,1,1016,DRAGONFLYS,ME092200,Москва
2025-12-28 14:11:01,Прокладка ГБЦ MMC 8DC11 ME084081 Matto,2,2856,Matto,ME084081,Москва
2025-12-28 14:11:01,Прокладка ГБЦ MMC 8DC110 ME092855 W/CGP+SL HL,1,2959,Huang Lin,ME092855,Москва
2025-12-28 14:11:01,Прокладка ГБЦ MMC 8DC9 31201-32100 DF,2,1016,DRAGONFLYS,31201-32100,Москва
2025-12-28 14:11:01,Прокладка ГБЦ MMC 8DC9 31201-32100 HL,4,2494,Huang Lin,31201-32100,Москва
2025-12-28 14:11:01,Прокладка ГБЦ MMC 8DC9 31201-32100 Matto,1,2291,Matto,31201-32100,Москва
2025-12-28 14:11:01,Прокладка ГБЦ MMC 8DС6 31201-12800 Matto,4,2232,Matto,31201-12800,Москва
2025-12-28 14:11:01,Прокладка ГБЦ MMC 8M20 ME160330 Matto,1,4021,Matto,ME160330,Москва
2025-12-28 14:11:01,Прокладка ГБЦ MMC 8M20 ME350011 Matto,1,5143,Matto,ME350011,Москва
2025-12-28 14:11:01,Прокладка ГБЦ MMC 8M20/21/60 ME161011/ME163925 Matto,1,5759,Matto,ME163925,Москва
2025-12-28 14:11:01,Прокладка ГБЦ MMC S6KT 34301-10200 HL,1,1695,Huang Lin,34301-10200,Москва
2025-12-28 14:11:01,Прокладка ГБЦ NISSAN BD30 11044-54T05 Matto,2,2061,Matto,11044-54T05,Москва
2025-12-28 14:11:01,Прокладка ГБЦ NISSAN BD30 11044-54T07 W/MT 1.52T HL,2,2004,Huang Lin,11044-54T07,Москва
2025-12-28 14:11:01,Прокладка ГБЦ NISSAN ED33 11044-T9000 Matto,2,1322,Matto,11044-T9000,Москва
2025-12-28 14:11:01,Прокладка ГБЦ NISSAN FD33/35 11044-01D00 (1.20) HL,2,2256,Huang Lin,11044-01D00,Москва
2025-12-28 14:11:01,Прокладка ГБЦ NISSAN FD33/35 11044-01D01 (1.15) HL,1,2256,Huang Lin,11044-01D01,Москва
2025-12-28 14:11:01,Прокладка ГБЦ NISSAN FD46 11044-0T001 DF,2,1589,DRAGONFLYS,110440T001,Москва
2025-12-28 14:11:01,Прокладка ГБЦ NISSAN FE6 11044-Z5509 DF,2,2035,DRAGONFLYS,11044-Z5509,Москва
2025-12-28 14:11:01,Прокладка ГБЦ NISSAN FE6 11044-Z5509 Matto,1,3274,Matto,11044-Z5509,Москва
2025-12-28 14:11:01,Прокладка ГБЦ NISSAN FE6 11044-Z5509 W/MT+ASSY HL,4,3336,Huang Lin,11044-Z5509,Москва
2025-12-28 14:11:01,Прокладка ГБЦ NISSAN FE6T 11044-Z5515 DF,6,2035,DRAGONFLYS,11044-Z5515,Москва
2025-12-28 14:11:01,Прокладка ГБЦ NISSAN FE6T 11044-Z5515 HL,1,3336,Huang Lin,11044-Z5515,Москва
2025-12-28 14:11:01,Прокладка ГБЦ NISSAN FE6T 11044-Z5515 Matto,4,3016,Matto,11044-Z5515,Москва
2025-12-28 14:11:01,Прокладка ГБЦ NISSAN FE6T 11044-Z5565 DF,2,2035,DRAGONFLYS,11044-Z5565,Москва
2025-12-28 14:11:01,Прокладка ГБЦ NISSAN FE6T 11044-Z5565 Matto,4,3114,Matto,11044-Z5565,Москва
2025-12-28 14:11:01,Прокладка ГБЦ NISSAN FE6T 11044-Z5565 W/MT+ASSY HL,1,4623,Huang Lin,11044-Z5565,Москва
2025-12-28 14:11:01,Прокладка ГБЦ NISSAN GE13TD 11044-00Z03/00Z05 Matto,3,9172,Matto,11044-00Z03,Москва
2025-12-28 14:11:01,Прокладка ГБЦ NISSAN NF6 11044-95506 HL !,2,2108,Huang Lin,11044-95506,Москва
2025-12-28 14:11:01,Прокладка ГБЦ NISSAN PE6T 11044-96510 Matto,1,1480,Matto,11044-96510,Москва
2025-12-28 14:11:01,Прокладка ГБЦ NISSAN PF6 11044-96561 Matto,3,3534,Matto,11044-96561,Москва
2025-12-28 14:11:01,Прокладка ГБЦ NISSAN PF6T 11044-96573 HL,2,4058,Huang Lin,11044-96573,Москва
2025-12-28 14:11:01,Прокладка ГБЦ NISSAN QD32 11044-1W402 W/MT 1.5T HL,2,2107,Huang Lin,11044-1W402,Москва
2025-12-28 14:11:01,Прокладка ГБЦ NISSAN RE8 11044-97504 HL,2,3949,Huang Lin,11044-97504,Москва
2025-12-28 14:11:01,Прокладка ГБЦ NISSAN RE8 11044-97504 Matto,2,3347,Matto,11044-97504,Москва
2025-12-28 14:11:01,Прокладка ГБЦ NISSAN RG8 11044-97561 Matto,1,3567,Matto,11044-97561,Москва
2025-12-28 14:11:01,Прокладка ГБЦ NISSAN RH10 11044-97011 Matto,2,4731,Matto,11044-97011,Москва
2025-12-28 14:11:01,Прокладка ГБЦ NISSAN RH10 11044-97014/11044-ND000 HL,1,4968,Huang Lin,11044-97014,Москва
2025-12-28 14:11:01,Прокладка ГБЦ NISSAN RH8 11044-97513 Matto,1,2513,Matto,11044-97513,Москва
2025-12-28 14:11:01,Прокладка ГБЦ NISSAN TD25 11044-87G01 Matto,2,1474,Matto,11044-87G01,Москва
2025-12-28 14:11:01,Прокладка ГБЦ NISSAN TD27 11044-43G01 DF,1,679,DRAGONFLYS,11044-43G01,Москва
2025-12-28 14:11:01,Прокладка ГБЦ NISSAN TD27 11044-43G01 HL,2,1520,Huang Lin,11044-43G01,Москва
2025-12-28 14:11:01,Прокладка ГБЦ TOYOTA 13B 11115-58050 DF,1,736,DRAGONFLYS,1111558050,Москва
2025-12-28 14:11:01,"Прокладка ГБЦ TOYOTA 3B / 13B 11115-58050/58110 (1,6mm) Matto",3,649,Matto,11115-58050,Москва
2025-12-28 14:11:01,"Прокладка ГБЦ TOYOTA 14B 11115-58070 (1,5mm) Matto",3,1375,Matto,11115-58070,Москва
2025-12-28 14:11:01,Прокладка ГБЦ TOYOTA 14B 11115-58100 / 92078-S-81K2 Matto,1,1387,Matto,11115-58100,Москва
2025-12-28 14:11:01,Прокладка ГБЦ TOYOTA 14B 11115-58100 DF,1,752,DRAGONFLYS,11115-58100,Москва
2025-12-28 14:11:01,Прокладка ГБЦ TOYOTA 14B 11115-58100 HL,1,2372,Huang Lin,11115-58100,Москва
2025-12-28 14:11:01,"Прокладка ГБЦ TOYOTA 15B 11115-58140/58141 (1,3mm) Matto",2,1815,Matto,11115-58140,Москва
2025-12-28 14:11:01,Прокладка ГБЦ TOYOTA 15BF 95 11115-58131 HL,1,1742,Huang Lin,11115-58131,Москва
2025-12-28 14:11:01,Прокладка ГБЦ TOYOTA 15BF 95 11115-58141 HL,1,2094,Huang Lin,11115-58141,Москва
2025-12-28 14:11:01,Прокладка ГБЦ TOYOTA 1W 83 11115-78011 HL,1,1133,Huang Lin,11115-78011,Москва
2025-12-28 14:11:01,Прокладка ГБЦ TOYOTA 2KD 11115-30040-AO W/MT 1.2T HL !,1,1664,Huang Lin,11115-30040-AO,Москва
2025-12-28 14:11:01,"Прокладка ГБЦ TOYOTA 2L 11115-54084 (1,5mm) Matto",2,1444,Matto,11115-54084,Москва
2025-12-28 14:11:01,"Прокладка ГБЦ TOYOTA 3B/4B 11115-58081 (1,5mm) Matto",2,1874,Matto,11115-58081,Москва
2025-12-28 14:11:01,Прокладка ГБЦ TOYOTA 3B/4B 11115-58081 DF,1,1089,DRAGONFLYS,1111558081,Москва
2025-12-28 14:11:01,"Прокладка ГБЦ TOYOTA 3L 11115-54073-B0 (1,45mm) Matto",3,1562,Matto,11115-54073-BO,Москва
2025-12-28 14:11:01,Прокладка ГБЦ TOYOTA 3LT(N) 11115-54073-B0 HL,1,1484,Huang Lin,11115-54073-BO,Москва
2025-12-28 14:11:01,Прокладка ГБЦ TOYOTA 3LT(N) 11115-54073-D0 / 92101-S-81K2 Matto,3,1582,Matto,11115-54073-D0,Москва
2025-12-28 14:11:01,Прокладка ГБЦ TOYOTA 3LT(N) 11115-54073-D0 HL,2,1706,Huang Lin,11115-54073-DO,Москва
2025-12-28 14:11:01,"Прокладка ГБЦ TOYOTA 4B 11115-58180 (1,6mm) Matto",3,2061,Matto,11115-58180,Москва
2025-12-28 14:11:01,Прокладка ГБЦ TOYOTA 5L 11115-54130-FO / 92122-S-9002 Matto,2,1038,Matto,11115-54130-F0,Москва
2025-12-28 14:11:01,"Прокладка ГБЦ TOYOTA B 11115-56010 (1,5mm) Matto",1,692,Matto,11115-56010,Москва
2025-12-28 14:11:01,Прокладка ГБЦ TOYOTA B/11B 84-88 11115-56090 / 92071-S-81K2 Matto,2,1582,Matto,11115-56090,Москва
2025-12-28 14:11:01,Прокладка ГБЦ TOYOTA B/11B 84-88 11115-56090 HL,2,2086,Huang Lin,11115-56090,Москва
2025-12-28 14:11:01,Прокладка ГБЦ TOYOTA B/11B 84-88 11115-56100 / 92071-S-81K2 Matto,3,1431,Matto,11115-56100,Москва
2025-12-28 14:11:01,Прокладка ГБЦ TOYOTA B/11B 84-88 11115-56110 / 92071-S-81K2 Matto,2,1582,Matto,11115-56110,Москва
2025-12-28 14:11:01,Прокладка ГБЦ TOYOTA J05C/S05 11115-78021 Matto,5,6323,Matto,11115-78021,Москва
2025-12-28 14:11:01,Прокладка ГБЦ VOLVO D12A 3099100 Matto !,1,2515,Matto,3099100,Москва
2025-12-28 14:11:01,Прокладка ГБЦ VOLVO TD120 275 548-6 Matto !,1,155,Matto,275 548-6,Москва
2025-12-28 14:11:01,Прокладка ГБЦ VOLVO TD122 270 949-1 Matto !,1,137,Matto,2709491,Москва
2025-12-28 14:11:01,"Прокладка глушителя (горного тормоза) 8-94328-354-0/1 4JJ1-TCC,4JB1-TC NLR/NMR 55,85 ORIG",2,981,Isuzu,8-94328-354-1,Москва
2025-12-28 14:11:01,Прокладка глушителя (металл) d=128 D=150 D-126908 / AZ9719540019 HOWO Дизель,2,94,Дизель,D-126908,Москва
2025-12-28 14:11:01,Прокладка глушителя (приёмной трубы) 8-97384-590-0 NLR85/NMR85 ORIG,10,429,Isuzu,8-97384-590-0,Москва
2025-12-28 14:11:01,Прокладка глушителя 1-22119-374-0/1 ORIG,6,1296,Isuzu,1-22119-374-0,Москва
2025-12-28 14:11:01,Прокладка глушителя GEM-86-390 / S1710-41390 / 17104-1390,3,482,JMC,S1710-41390,Москва
2025-12-28 14:11:01,Прокладка горного тормоза 8-98343-705-0 ID=109 C-series ORIG,2,1118,Isuzu,8-98343-705-0,Москва
2025-12-28 14:11:01,Прокладка горного тормоза D-125949 / 28628-Y4050 JAC N350 WP10 E-5 Дизель,1,292,Дизель,D-125949,Москва
2025-12-28 14:11:01,Прокладка датчика уровня масла Fuso Canter TF QC000410 DF,4,251,DRAGONFLYS,QC000410,Москва
2025-12-28 14:11:01,Прокладка дросс заслонки 8-97353-072-0 N-series 4HV1 (CNG) ГАЗ ORIG,1,869,Isuzu,8-97353-072-0,Москва
2025-12-28 14:11:01,Прокладка заливной пробки зад моста 9940200010 JAC ORIG,8,67,JAC,9940200010,Москва
2025-12-28 14:11:01,Прокладка клапана EGR 1008014FD020 JAC N35 ORIG,1,219,JAC,1008014FD020,Москва
2025-12-28 14:11:01,Прокладка клапана EGR 8-97213-386-0 NPR/NQR ORIG,6,483,Isuzu,8-97213-386-0,Москва
2025-12-28 14:11:01,Прокладка клапана EGR 8-98001-024-0 4HK1/6HK1 ORIG,1,523,Isuzu,8-98001-024-0,Москва
2025-12-28 14:11:01,"Прокладка клапана EGR 8-98094-528-0 NKR55, NQR71/75/90, NPR75, NLR/NMR85 ORIG",6,409,Isuzu,8-98094-528-0,Москва
2025-12-28 14:11:01,Прокладка клапана EGR HINO 500 E-4 S1710-41990 DF,2,191,DRAGONFLYS,S171041990,Москва
2025-12-28 14:11:01,Прокладка клапана EGR MK667796 Fuso Canter ORIG,6,5905,Mitsubishi,MK667796,Москва
2025-12-28 14:11:01,Прокладка клапана EGR S1710-42020 HINO300 E-4 HL,2,579,Huang Lin,S1710-42020,Москва
2025-12-28 14:11:01,Прокладка клапана радиатора 8-97129-600-0 ORIG,2,480,Isuzu,8971296000,Москва
2025-12-28 14:11:01,Прокладка клапанной крышки D-129454 / 1003041A29D FAW CA6DL2 Дизель,6,238,Дизель,D-129454,Москва
2025-12-28 14:11:01,Прокладка клапанной крышки NISSAN TD25 13270-43G01 86-87 W/RU HL,2,198,Huang Lin,13270-43G01,Москва
2025-12-28 14:11:01,Прокладка коллектора водяного D-125944 / 1000544065 JAC N350 WP10 E-5 Дизель,1,66,Дизель,D-125944,Москва
2025-12-28 14:11:01,Прокладка коллектора впускного HINO J08C 17171-1911 DF,3,421,DRAGONFLYS,171711911,Москва
2025-12-28 14:11:01,Прокладка коллектора выпускного D-125947 / 612650110003 JAC N350 WP10 E-5 Дизель,1,164,Дизель,D-125947,Москва
2025-12-28 14:11:01,Прокладка коллектора выпускного D-128803 / 8-98215-752-0 / 8-97356-028-2 4JJ1-TCC NLR/NMR Дизель,2,412,Дизель,D-128803,Москва
2025-12-28 14:11:01,Прокладка коллектора выпускного ISUZU 4BE1 1-14145-138-0 DF,2,195,DRAGONFLYS,1141451380,Москва
2025-12-28 14:11:01,Прокладка коллектора выпускного MAZDA SL SL01-13-461 DF,2,89,DRAGONFLYS,SL0113461,Москва
2025-12-28 14:11:01,Прокладка коллектора выпускного MMC 4M40 ME201356 DF,2,125,DRAGONFLYS,ME201356,Москва
2025-12-28 14:11:01,Прокладка коллектора выпускного MMC 6M61/6D14 ME073957 DF,4,106,DRAGONFLYS,ME073957,Москва
2025-12-28 14:11:01,Прокладка коллектора выпускного NISSAN FE6 14005-Z5503 DF,4,125,DRAGONFLYS,14005Z5503,Москва
2025-12-28 14:11:01,Прокладка коллектора выпускного NISSAN RF8/RF10 14008-97002 DF,4,125,DRAGONFLYS,1400897002,Москва
2025-12-28 14:11:01,Прокладка кольцо под гофру D-128492 / 1-22119-297-0 124-100 H=17mm Дизель,4,145,Дизель,D-128492,Москва
2025-12-28 14:11:01,Прокладка компрессора 420331/A5411310780 / A5411310880 / 0115063 Mercedes/DieselTechnic !,1,314,Diesel Technic,4.20331,Москва
2025-12-28 14:11:01,Прокладка корпуса масл фильтра D-125950 / 612600070375 JAC N350 WP10 E-5 Дизель,1,104,Дизель,D-125950,Москва
2025-12-28 14:11:01,Прокладка корпуса масляного фильтра 9-09566-226-0 ORIG,6,318,Isuzu,9095662260,Москва
2025-12-28 14:11:01,"Прокладка корпуса редуктора T=0,2 MC819273 Fuso Canter FE85 ORIG",8,1623,Mitsubishi,MC819273,Москва
2025-12-28 14:11:01,Прокладка корпуса теплообменника D-126767 / 612600013956 JAC N350 WP10 E-5 Дизель,1,131,Дизель,D-126767,Москва
2025-12-28 14:11:01,Прокладка корпуса термостата 1041023FD020 JAC N35 ORIG,1,133,JAC,1041023FD020,Москва
2025-12-28 14:11:01,Прокладка корпуса термостата 8-98205-844-0 C-series ORIG,22,919,Isuzu,8-98205-844-0,Москва
2025-12-28 14:11:01,Прокладка корпуса термостата D-126909 / 201V06904-0042 HOWO T5G Дизель,1,152,Дизель,D-126909,Москва
2025-12-28 14:11:01,Прокладка КПП D-129865 / WG2229100062 HOWO T5G Дизель,1,299,Дизель,D-129865,Москва
2025-12-28 14:11:01,Прокладка крышки блока цилиндров перед 200V01905-0092 HOWO T5G MC11/13,1,1255,Дизель,200V01905-0092,Москва
2025-12-28 14:11:01,Прокладка крышки боковой левой 21724-83071 Hyundai HD160/170/260/450 D6AC/AV/ABDD ORIG,1,577,Hyundai-Kia,21724-83071,Москва
2025-12-28 14:11:01,Прокладка крышки клапанов 1-11173-110-2 ORIG,1,4677,Isuzu,1-11173-110-2,Москва
2025-12-28 14:11:01,Прокладка крышки клапанов 22441-4A700 Hyundai Porter 2 ORIG,3,882,Hyundai-Kia,22441-4A700,Москва
2025-12-28 14:11:01,Прокладка крышки клапанов 22445-41001 Hyundai HD45-78/COUNTY D4AL/DB/DD HL,8,163,Huang Lin,22445-41001,Москва
2025-12-28 14:11:01,Прокладка крышки клапанов 4JJ1-TCC D-125157 / 8-97945-338-0 NLR/NMR 55/85 08~ Дизель,1,534,Дизель,D-125157,Москва
2025-12-28 14:11:01,Прокладка крышки клапанов 4JJ1-TCC D-126419 / 8-97945-338-0 NLR/NMR 55/85 08~ Дизель,2,367,Дизель,D-126419,Москва
2025-12-28 14:11:01,Прокладка крышки клапанов 8-94462-559-0/8-94310-912-0/8-94101-767-1 DF,5,164,DRAGONFLYS,8-94462-559-0,Москва
2025-12-28 14:11:01,Прокладка крышки клапанов 8-94462-559-0/8-94310-912-0/8-94101-767-1 HL,2,186,Huang Lin,8-94462-559-0,Москва
2025-12-28 14:11:01,Прокладка крышки клапанов 8-97105-690-1 / 8-97845-489-0 / 86017-NBR-PB Isuzu 4HF1/4HG1/4HE1 Matto,2,285,Matto,8-97105-690-1,Москва
2025-12-28 14:11:01,Прокладка крышки клапанов 8-97189-871-1 / 86036-NBR-PB 4HF1 Matto,4,265,Matto,8-97189-871-1,Москва
2025-12-28 14:11:01,Прокладка крышки клапанов D-125045 / 8-97331-360-1 ISUZU Дизель,1,370,Дизель,D-125045,Москва
2025-12-28 14:11:01,Прокладка крышки клапанов D-125212 / 1-11173-119-1 6WF1/6WG1 CYZ51/EXZ51/GIGA ISUZU/HITACHI Дизель,1,1810,Дизель,D-125212,Москва
2025-12-28 14:11:01,Прокладка крышки клапанов D-125726 / 8-97105-690-2 Дизель,2,407,Дизель,D-125726,Москва
2025-12-28 14:11:01,Прокладка крышки клапанов D-126420 / 1-11173-119-1 6WF1/6WG1 CYZ51/EXZ51/GIGA ISUZU/HITACHI Дизель,3,1293,Дизель,D-126420,Москва
2025-12-28 14:11:01,Прокладка крышки клапанов D-126421 / 1-11173-120-1 C-series 6WG1 Дизель,1,924,Дизель,D-126421,Москва
2025-12-28 14:11:01,Прокладка крышки клапанов D-128006 / 8-97331-379-1 Дизель,1,718,Дизель,D-128006,Москва
2025-12-28 14:11:01,Прокладка крышки клапанов D-128142 / 8-97331-359-1 / 8-97845-483-0 Дизель,6,367,Дизель,D-128142,Москва
2025-12-28 14:11:01,Прокладка крышки клапанов D-128465 / 1003041-81D FAW CA6DM2 Дизель,2,422,Дизель,D-128465,Москва
2025-12-28 14:11:01,Прокладка крышки клапанов D-128821 / 8-97105-690-2 Дизель,4,290,Дизель,D-128821,Москва
2025-12-28 14:11:01,Прокладка крышки клапанов D-128822 / 11213-1880 HINO J08C W/NBR Дизель,1,581,Дизель,D-128822,Москва
2025-12-28 14:11:01,Прокладка крышки клапанов D-128837 / 8-94391-380-0 6HK1 F-series Дизель,2,577,Дизель,D-128837,Москва
2025-12-28 14:11:01,Прокладка крышки клапанов D-129457 / 1003041A600-000ZH FAW CA6DL Дизель,4,202,Дизель,D-129457,Москва
2025-12-28 14:11:01,Прокладка крышки клапанов HINO F17C 11213-1070 DF,2,197,DRAGONFLYS,11213-1070,Москва
2025-12-28 14:11:01,Прокладка крышки клапанов HINO F17C 11213-1070 HL,2,512,Huang Lin,11213-1070,Москва
2025-12-28 14:11:01,Прокладка крышки клапанов HINO F20C 11213-1760 06013-SIL Matto,2,542,Matto,11213-1760,Москва
2025-12-28 14:11:01,Прокладка крышки клапанов HINO HO7C/H07D 11213-1690 DF,4,234,DRAGONFLYS,11213-1690,Москва
2025-12-28 14:11:01,Прокладка крышки клапанов HINO HO7C/H07D 11213-1690/ 06023-SIL -PB Matto,1,469,Matto,11213-1690,Москва
2025-12-28 14:11:01,Прокладка крышки клапанов HINO J05C 06020-NBR VC(2) 11213-1920 Matto,2,368,Matto,11213-1920,Москва
2025-12-28 14:11:01,Прокладка крышки клапанов HINO J08C 06021-SIL/11118-1011 Matto,6,532,Matto,11118-1011,Москва
2025-12-28 14:11:01,Прокладка крышки клапанов HINO J08C 11118-1011 DF,12,590,DRAGONFLYS,11118-1011,Москва
2025-12-28 14:11:01,Прокладка крышки клапанов HINO J08C 11213-1880 06022-NBR Matto,10,553,Matto,06022-NBR,Москва
2025-12-28 14:11:01,Прокладка крышки клапанов HINO W06D 11213-1560 06010-NBR Matto,2,368,Matto,11213-1560,Москва
2025-12-28 14:11:01,Прокладка крышки клапанов HINO W06D 11213-1560 DF,5,311,DRAGONFLYS,11213-1560,Москва
2025-12-28 14:11:01,Прокладка крышки клапанов ISUZU 12PD1 1-11173-067-0 86026-CR Matto,1,597,Matto,1-11173-067-0,Москва
2025-12-28 14:11:01,Прокладка крышки клапанов ISUZU 4BE1 8-94101-767-1/8-94462-559-0/8-94310-912-0 86010-CR-PB Matto,2,226,Matto,8-98012-877-0,Москва
2025-12-28 14:11:01,Прокладка крышки клапанов ISUZU 4HK1 8-97331-359-1 Matto,49,447,Matto,8-97331-359-1,Москва
2025-12-28 14:11:01,Прокладка крышки клапанов ISUZU 4HK1 8-97331-359-1 NBR HL,48,416,Huang Lin,8-97331-359-1,Москва
2025-12-28 14:11:01,Прокладка крышки клапанов ISUZU 4JB1/4JG2 8-94101-767-0 /86001-NBR Matto,4,226,Matto,8-94101-767-0,Москва
2025-12-28 14:11:01,Прокладка крышки клапанов ISUZU 4JJ1 8-97945-338-0 Matto,2,328,Matto,8-97945-338-0,Москва
2025-12-28 14:11:01,Прокладка крышки клапанов ISUZU 6BG1 1-11173-055-0 86009-CR-PB Matto,1,290,Matto,1-11173-055-0,Москва
2025-12-28 14:11:01,Прокладка крышки клапанов ISUZU 6BG1 1-11173-055-0 W/CORK+RU HL,1,309,Huang Lin,1-11173-055-0,Москва
2025-12-28 14:11:01,Прокладка крышки клапанов ISUZU 6HE1/6HH1 8-94396-383-0 DF,3,341,DRAGONFLYS,8-94396-383-0,Москва
2025-12-28 14:11:01,Прокладка крышки клапанов ISUZU 6HE1/6HH1 8-94396-383-0/ 86008-NBR Matto,4,469,Matto,8-94396-383-0,Москва
2025-12-28 14:11:01,Прокладка крышки клапанов ISUZU 6WA1/6WG1 1-11173-080-0 / 86033-NBR Matto,1,532,Matto,1-11173-080-0,Москва
2025-12-28 14:11:01,Прокладка крышки клапанов ISUZU 6WA1/6WG1 1-11173-080-0 DF,2,1125,DRAGONFLYS,1-11173-080-0,Москва
2025-12-28 14:11:01,Прокладка крышки клапанов ISUZU 8PD1 86024-CR/ISU-8PD1-VC Matto,2,290,Matto,ISU-8PD1-VC,Москва
2025-12-28 14:11:01,Прокладка крышки клапанов MAZDA SL OK410-10-235 56015-NBR Matto,2,226,Matto,OK410-10-235,Москва
2025-12-28 14:11:01,Прокладка крышки клапанов MAZDA TM/TF TF01-10-235 / TF01-10-235A W/RU HL,2,180,Huang Lin,TF01-10-235A,Москва
2025-12-28 14:11:01,Прокладка крышки клапанов MAZDA TM/TF TF01-10-235 DF,2,142,DRAGONFLYS,TF0110235,Москва
2025-12-28 14:11:01,Прокладка крышки клапанов MMC 10DC11 66002-SIL-10/ME062606 (комплект 10шт) Matto,1,1119,Matto,ME062606,Москва
2025-12-28 14:11:01,Прокладка крышки клапанов MMC 4D31 66029-NBR ME011417 Matto,3,226,Matto,ME011417,Москва
2025-12-28 14:11:01,Прокладка крышки клапанов MMC 4D31/32/33/34/35 /36 ME011279 DF,1,178,DRAGONFLYS,ME011279,Москва
2025-12-28 14:11:01,Прокладка крышки клапанов MMC 4D31/32/33/34/35 /36 ME011279 HL,2,178,Huang Lin,ME011279,Москва
2025-12-28 14:11:01,Прокладка крышки клапанов MMC 4D31/32/33/34/35 /36 ME011279/ 66030-NBR Matto,2,226,Matto,ME011279,Москва
2025-12-28 14:11:01,Прокладка крышки клапанов MMC 4M40 ME200403 66009-NBR Matto,1,226,Matto,ME200403,Москва
2025-12-28 14:11:01,Прокладка крышки клапанов MMC 4M40 ME200403 W/NBR HL,6,225,Huang Lin,ME200403,Москва
2025-12-28 14:11:01,Прокладка крышки клапанов MMC 4M51 ME240798 / 66100-NBR-PB Matto,1,403,Matto,ME240798,Москва
2025-12-28 14:11:01,Прокладка крышки клапанов MMC 4M51 ME240798 DF,2,519,DRAGONFLYS,ME240798,Москва
2025-12-28 14:11:01,Прокладка крышки клапанов MMC 4M51 ME240798 HL,2,353,Huang Lin,ME240798,Москва
2025-12-28 14:11:01,Прокладка крышки клапанов MMC 6D14/15/16/17 ME030893 DF,1,234,DRAGONFLYS,ME030893,Москва
2025-12-28 14:11:01,Прокладка крышки клапанов MMC 6D14/15/16/17 ME030893 HL,2,328,Huang Lin,ME030893,Москва
2025-12-28 14:11:01,Прокладка крышки клапанов MMC 6D14/15/16/17 ME030893/ 66020-NBR Matto,1,285,Matto,ME030893,Москва
2025-12-28 14:11:01,Прокладка крышки клапанов MMC 6D22/22T/24 ME051373/ 66004-SIL Matto !,2,84,Matto,ME051373,Москва
2025-12-28 14:11:01,Прокладка крышки клапанов MMC 6D31 ME081522 66010-NBR Matto,2,284,Matto,ME081522,Москва
2025-12-28 14:11:01,Прокладка крышки клапанов MMC/HYUNDAI D4BH 22441-42000 66057-NBR Matto !,2,151,Matto,22441-42000,Москва
2025-12-28 14:11:01,Прокладка крышки клапанов NISSAN BD30 13270-54T01 76017-NBR Matto,1,306,Matto,13270-54T01,Москва
2025-12-28 14:11:01,Прокладка крышки клапанов NISSAN BD30 13270-54T01 DF,4,271,DRAGONFLYS,13270-54T01,Москва
2025-12-28 14:11:01,Прокладка крышки клапанов NISSAN ED33 13270-J6500 76019-NBR Matto,1,186,Matto,13270-J6500,Москва
2025-12-28 14:11:01,Прокладка крышки клапанов NISSAN FD42/46 13270-0T000 DF,2,311,DRAGONFLYS,13270-0T000,Москва
2025-12-28 14:11:01,Прокладка крышки клапанов NISSAN FD42/46 13270-0T000 W/RU HL,3,312,Huang Lin,13270-0T000,Москва
2025-12-28 14:11:01,Прокладка крышки клапанов NISSAN FD42/46 13270-0T000/ 76021-NBR Matto,3,265,Matto,13270-0T000,Москва
2025-12-28 14:11:01,Прокладка крышки клапанов NISSAN FE6 13270-Z5001 DF,2,234,DRAGONFLYS,13270-Z5001,Москва
2025-12-28 14:11:01,Прокладка крышки клапанов NISSAN FE6 13270-Z5001/ 76015-NBR Matto,1,290,Matto,13270-Z5001,Москва
2025-12-28 14:11:01,Прокладка крышки клапанов NISSAN FE6TA 13270-Z5509 DF,1,580,DRAGONFLYS,13270-Z5509,Москва
2025-12-28 14:11:01,Прокладка крышки клапанов NISSAN PE6T 760680-NA/12278-90006 (2шт/комп) Matto !,6,108,Matto,12278-90006,Москва
2025-12-28 14:11:01,Прокладка крышки клапанов NISSAN RE10 (1) 13279-97000 76012-NBR (комплект 2шт) Matto !,5,110,Matto,13279-97000,Москва
2025-12-28 14:11:01,Прокладка крышки клапанов NISSAN RE10 (2) 13270-97000/ 76013-NBR (комплект 10шт) Matto !,2,579,Matto,76013NBR,Москва
2025-12-28 14:11:01,Прокладка крышки клапанов NISSAN RE8 (1) 76008-NBR Matto,1,217,Matto,NIS-RE8-VC,Москва
2025-12-28 14:11:01,Прокладка крышки клапанов NISSAN RE8 (2) 13270-97000/ 76009-NBR (компл 8шт) Matto,2,679,Matto,13270-97000,Москва
2025-12-28 14:11:01,Прокладка крышки клапанов NISSAN RF10 (2) NIS-RF10-VC/13270-97004/ 76014-NBR (коплект 10шт) Matto,1,940,Matto,NIS-RF10-VC,Москва
2025-12-28 14:11:01,Прокладка крышки клапанов NISSAN RH10 76063-NBR Matto !,2,269,Matto,NIS-RH10-VC1,Москва
2025-12-28 14:11:01,Прокладка крышки клапанов NISSAN RH10-VC 76064-NBR Matto !,6,194,Matto,NIS-RH10-VC,Москва
2025-12-28 14:11:01,Прокладка крышки клапанов TOYOTA 13B 11213-56011 96021-NBR Matto,2,209,Matto,11213-56011,Москва
2025-12-28 14:11:01,Прокладка крышки клапанов TOYOTA 3B/11B/14B 11213-56030 DF,4,209,DRAGONFLYS,1121356030,Москва
2025-12-28 14:11:01,Прокладка крышки клапанов TOYOTA 3B/11B/14B 11213-56030 HL,6,206,Huang Lin,11213-56030,Москва
2025-12-28 14:11:01,Прокладка крышки клапанов TOYOTA 3B/11B/14B 11213-56030/ 96010-NBR Matto,5,246,Matto,11213-56030,Москва
2025-12-28 14:11:01,"Прокладка крышки КПП 1-34142-034-0/1-34142-033-0 C,E,-series ORIG",1,1786,Isuzu,1-34142-034-0,Москва
2025-12-28 14:11:01,Прокладка крышки кпп D-125951 / N-1701512-01 JAC (NON-GENUINE) Дизель,3,39,Дизель,D-125951,Москва
2025-12-28 14:11:01,Прокладка крышки кпп N-1702111-23-01 JAC ORIG,1,73,JAC,N-1702111-23-01,Москва
2025-12-28 14:11:01,Прокладка крышки теплообменника D-128254 / 614010084B JAC N350 WP10 E-5 Дизель,1,161,Дизель,D-128254,Москва
2025-12-28 14:11:01,Прокладка крышки термостатов D-125952 / 612600160099 JAC N350 WP10 E-5 Дизель,1,149,Дизель,D-125952,Москва
2025-12-28 14:11:01,Прокладка маслоохладителя 8-94391-727-0 ORIG,2,717,Isuzu,8-94391-727-0,Москва
2025-12-28 14:11:01,Прокладка масляного модуля 202V05901-0145 HOWO T5G,1,777,Дизель,202V05901-0145,Москва
2025-12-28 14:11:01,Прокладка масляного насоса 1-09623-685-0 6HK1/4HK1/4HG1 ORIG,5,564,Isuzu,1-09623-685-0,Москва
2025-12-28 14:11:01,Прокладка масляного радиатора D-126583 / 200V05901-0135 Sitrak C7H Дизель,6,167,Дизель,D-126583,Москва
2025-12-28 14:11:01,Прокладка насоса водяного (помпы) Fuso Canter TF MK667394 DF,2,487,DRAGONFLYS,MK667394,Москва
2025-12-28 14:11:01,Прокладка насоса масляного D-125953 / 612600070477 JAC N350 WP10 E-5 Дизель,1,91,Дизель,D-125953,Москва
2025-12-28 14:11:01,Прокладка насоса масляного Fuso Canter TF E-5 MK667022 DF,2,549,DRAGONFLYS,MK667022,Москва
2025-12-28 14:11:01,Прокладка натяжителя цепи 8-97312-336-0 4JJ1 NLR85 HL,2,136,Huang Lin,8-97312-336-0,Москва
2025-12-28 14:11:01,Прокладка натяжителя цепи 8-97312-336-0 4JJ1 NLR85 ORIG,4,728,Isuzu,8-97312-336-0,Москва
2025-12-28 14:11:01,Прокладка нижней плиты блока цилиндров 8-97352-403-0/8-94370-666-0 4BE1/4BG1 ORIG,2,2761,Isuzu,8-97352-403-0,Москва
2025-12-28 14:11:01,Прокладка нижней плиты блока цилиндров 8-97352-403-0/8-94370-666-0/87007-NBR-PB 4BE1/4BG1 Matto,1,328,Matto,8-94370-666-0,Москва
2025-12-28 14:11:01,Прокладка охладителя EGR 8-97367-918-0 4HK1 NPR/NQR ORIG,24,480,Isuzu,8-97367-918-0,Москва
2025-12-28 14:11:01,Прокладка охладителя EGR 8-97367-918-0/HPI4090-2 4HK1 NPR/NQR HL,1,384,Huang Lin,8-97367-918-0,Москва
2025-12-28 14:11:01,Прокладка передней крышки D-129460 / 5521022 JAC N120/Камаз Cummins ISF3.8 Е-5 Дизель,3,293,Дизель,D-129460,Москва
2025-12-28 14:11:01,Прокладка пластинчатого клапана EGR 8-97647-880-0 6WG1 ORIG,2,972,Isuzu,8-97647-880-0,Москва
2025-12-28 14:11:01,Прокладка под впускной/выпускной коллектор ISUZU 4HF1/4HG1/HG1T 8-97146-499-0/ 83002-S Matto,26,671,Matto,8-97146-499-0,Москва
2025-12-28 14:11:01,Прокладка под выпускной коллектор HINO EP100 03006-S-1/HIN-EP100-EX Matto,6,209,Matto,HIN-EP100-EX,Москва
2025-12-28 14:11:01,Прокладка под выпускной коллектор HINO F20C 17173-1620/ 03004-S Matto,2,179,Matto,17173-1620,Москва
2025-12-28 14:11:01,Прокладка под выпускной коллектор HINO H07C/CT/H07D 17104-1303 DF,12,131,DRAGONFLYS,17104-1303,Москва
2025-12-28 14:11:01,Прокладка под выпускной коллектор HINO H07C/CT/H07D 17104-1303 HL,10,222,Huang Lin,17104-1303,Москва
2025-12-28 14:11:01,Прокладка под выпускной коллектор HINO H07C/CT/H07D 17104-1303/ 03001-S Matto,2,239,Matto,17104-1303,Москва
2025-12-28 14:11:01,Прокладка под выпускной коллектор HINO J05C/J08C/E/S05C/D 17104-1610/ 03005-S Matto,13,250,Matto,17104-1610,Москва
2025-12-28 14:11:01,Прокладка под выпускной коллектор HINO K13C/EK100 17173-1031/ 03010-S Matto,4,244,Matto,17173-1031,Москва
2025-12-28 14:11:01,Прокладка под выпускной коллектор HINO K13D/C 24109-1410 W/MT HL,2,223,Huang Lin,24109-1410,Москва
2025-12-28 14:11:01,Прокладка под выпускной коллектор HINO P11C 17104-1860/03006-1-S Matto,3,195,Matto,17104-1860,Москва
2025-12-28 14:11:01,Прокладка под выпускной коллектор HINO P11C 24109-1150/ 03006-2-S Matto,1,192,Matto,24109-1150,Москва
2025-12-28 14:11:01,Прокладка под выпускной коллектор ISUZU 4JB1/4JG2 8-97109-216-1 DF,4,181,DRAGONFLYS,8-97109-216-1,Москва
2025-12-28 14:11:01,Прокладка под выпускной коллектор ISUZU 4JB1/4JG2 8-97109-216-1/ 83017-S Matto,3,475,Matto,8-97109-216-1,Москва
2025-12-28 14:11:01,Прокладка под выпускной коллектор ISUZU 6BG1 1-14145-114-0 DF,4,93,DRAGONFLYS,1-14145-114-0,Москва
2025-12-28 14:11:01,Прокладка под выпускной коллектор ISUZU 6BG1 1-14145-114-0/ 83004-S Matto,2,180,Matto,1-14145-114-0,Москва
2025-12-28 14:11:01,Прокладка под выпускной коллектор ISUZU 6HE1/6HH1 8-94393-672-1 W/MT HL,1,339,Huang Lin,8-94393-672-1,Москва
2025-12-28 14:11:01,Прокладка под выпускной коллектор ISUZU 6HE1/6HH1 8-94393-672-1/83023-S-PB Matto,24,250,Matto,8-94393-672-1,Москва
2025-12-28 14:11:01,Прокладка под выпускной коллектор ISUZU 6SD1 1-14145-144-0/ 83012-S Matto,2,246,Matto,1-14145-144-0,Москва
2025-12-28 14:11:01,Прокладка под выпускной коллектор ISUZU 6WG1 1-14145-182-1 HL,4,379,Huang Lin,1-14145-182-1,Москва
2025-12-28 14:11:01,Прокладка под выпускной коллектор MAZDA SL SL01-13-461/53017-SK-PB/530280-SK/MAZ-HA-EX Matto,2,189,Matto,SL01-13-461,Москва
2025-12-28 14:11:01,Прокладка под выпускной коллектор MMC 10DC11 31132-00903 / 63011-S Matto !,10,91,Matto,63011-S,Москва
2025-12-28 14:11:01,Прокладка под выпускной коллектор MMC 4D30/31/35 ME013811 DF,4,93,DRAGONFLYS,ME013811,Москва
2025-12-28 14:11:01,Прокладка под выпускной коллектор MMC 4D30/31/35 ME013811 W/MT HL,4,529,Huang Lin,ME013811,Москва
2025-12-28 14:11:01,Прокладка под выпускной коллектор MMC 4D31/35 4D31/35 6D/31 63006-S ME013811 Matto,28,145,Matto,ME013811,Москва
2025-12-28 14:11:01,Прокладка под выпускной коллектор MMC 4M40 ME201356 HL,6,225,Huang Lin,ME201356,Москва
2025-12-28 14:11:01,Прокладка под выпускной коллектор MMC 4M40 ME201356/ 63028-S Matto,3,273,Matto,ME201356,Москва
2025-12-28 14:11:01,Прокладка под выпускной коллектор MMC 6D14 ME033401/ 63016-S Matto,6,261,Matto,ME033401,Москва
2025-12-28 14:11:01,Прокладка под выпускной коллектор MMC 6D15/16/17 ME033496/ 63015-S-PB Matto,4,224,Matto,ME033496,Москва
2025-12-28 14:11:01,Прокладка под выпускной коллектор MMC 6D22/22T/6D24 ME053112/ 63023-S Matto !,1,148,Matto,ME053112,Москва
2025-12-28 14:11:01,Прокладка под выпускной коллектор MMC 6D40 ME120352 / 63043-S Matto !,18,142,Matto,ME120352,Москва
2025-12-28 14:11:01,Прокладка под выпускной коллектор MMC 8DC11 63011-S 31132-00903 Matto,1,188,Matto,31132-00903,Москва
2025-12-28 14:11:01,Прокладка под выпускной коллектор MMC 8DC9 ME065696 / 63011-S/31132-00903 Matto !,5,143,Matto,ME065696,Москва
2025-12-28 14:11:01,Прокладка под выпускной коллектор NISSAN BD30 14036-43G00 DF,4,100,DRAGONFLYS,14036-43G00,Москва
2025-12-28 14:11:01,Прокладка под выпускной коллектор NISSAN BD30 14036-43G00/ 73002-S Matto,6,136,Matto,14036-43G00,Москва
2025-12-28 14:11:01,Прокладка под выпускной коллектор NISSAN ED33/FD35/FD42/FD46 14036-T9300 W/SA HL,2,53,Huang Lin,14036-T9300,Москва
2025-12-28 14:11:01,Прокладка под выпускной коллектор NISSAN ED33/FD35/FD42/FD46 14036-T9300/ 73003-S Matto,16,201,Matto,14036-T9300,Москва
2025-12-28 14:11:01,Прокладка под выпускной коллектор NISSAN FE6 73009-S/14005-Z5503 Matto,2,246,Matto,14005-Z5503,Москва
2025-12-28 14:11:01,Прокладка под выпускной коллектор NISSAN RE10 73007-S/14008-97000 Matto !,2,26,Matto,14008-97000,Москва
2025-12-28 14:11:01,Прокладка под выпускной коллектор NISSAN RE8 14008-97001 / 73019-S Matto !,2,86,Matto,14008-97001,Москва
2025-12-28 14:11:01,Прокладка под выпускной коллектор NISSAN RF8/RF10 14008-97002 73020-S Matto !,12,91,Matto,14008-97002,Москва
2025-12-28 14:11:01,Прокладка поддона 1-11367-130-0/1-11367-111-0 6WF1-T/6WG1-T C/E-Serie HL,3,1246,Huang Lin,1-11367-130-0,Москва
2025-12-28 14:11:01,Прокладка поддона 1-11367-130-0/1-11367-111-0/870750-NA-PB 6WF1-T/6WG1-T C/E-Serie Matto,1,1268,Matto,1-11367-130-0,Москва
2025-12-28 14:11:01,Прокладка поддона 504287510 Iveco,1,11014,Iveco,504287510,Москва
2025-12-28 14:11:01,Прокладка поддона 8-97363-845-1 4HK1 ORIG,1,6428,Isuzu,8-97363-845-1,Москва
2025-12-28 14:11:01,Прокладка поддона 8-98019-505-2/8-98253-091-0 4JJ1 ORIG,2,1877,Isuzu,8-98019-505-2,Москва
2025-12-28 14:11:01,Прокладка поддона D-125350 / 8-97364-386-0 ISUZU Дизель,20,476,Дизель,D-125350,Москва
2025-12-28 14:11:01,"Прокладка поддона D-126422 / 8-97846-336-0 / 8-97364-386-0 / 8-97190-191-1 F,N-series Дизель",2,518,Дизель,D-126422,Москва
2025-12-28 14:11:01,Прокладка поддона D-126910 / 1009031-29D FAW CA6DL1/2 Дизель,1,267,Дизель,D-126910,Москва
2025-12-28 14:11:01,Прокладка поддона D-126922 / 4995750 JAC N120/Камаз Cummins ISF3.8 Е-5 Дизель,4,438,Дизель,D-126922,Москва
2025-12-28 14:11:01,Прокладка поддона HINO EK100 12151-1013/ 12151-2671 / 070150-NA Matto,2,425,Matto,12151-1013,Москва
2025-12-28 14:11:01,Прокладка поддона HINO F17C 070190-NA/HIN-F17C-OP Matto,4,962,Matto,12151-2140,Москва
2025-12-28 14:11:01,Прокладка поддона HINO F20C 12151-2140A HL,1,736,Huang Lin,12151-2140A,Москва
2025-12-28 14:11:01,Прокладка поддона HINO F20C 12151-2140A/ 070200-NA Matto,1,828,Matto,12151-2140A,Москва
2025-12-28 14:11:01,Прокладка поддона HINO HO7D/C 12151-2251 DF,1,486,DRAGONFLYS,12151-2251,Москва
2025-12-28 14:11:01,Прокладка поддона HINO J05C 070230-NA 12151-2622 Matto,1,816,Matto,070230-NA,Москва
2025-12-28 14:11:01,Прокладка поддона HINO J08C 12151-2611 HL,2,794,Huang Lin,12151-2611,Москва
2025-12-28 14:11:01,Прокладка поддона HINO J08C 12151-2611/ 070250-NA Matto,1,1268,Matto,12151-2611,Москва
2025-12-28 14:11:01,Прокладка поддона HINO K13C 12151-2280 HL,2,881,Huang Lin,12151-2280,Москва
2025-12-28 14:11:01,Прокладка поддона HINO K13D/EK100 12151-2671 / 070280-LNA Matto,1,816,Matto,12151-2671,Москва
2025-12-28 14:11:01,Прокладка поддона HINO P11C 12151-2660 070380-G Matto,2,814,Matto,12151-2660,Москва
2025-12-28 14:11:01,Прокладка поддона ISUZU 10PC1 1-11367-020-0 870500-NA Matto,1,1076,Matto,1-11367-020-0,Москва
2025-12-28 14:11:01,Прокладка поддона ISUZU 10PC1 1-11367-020-0 HL,1,817,Huang Lin,1-11367-020-0,Москва
2025-12-28 14:11:01,Прокладка поддона ISUZU 10PE1 870480-NA / ISU-10PE1-OP Matto,5,1153,Matto,ISU-10PE1-OP,Москва
2025-12-28 14:11:01,Прокладка поддона ISUZU 12PD1 1-11367-021-0 870530-NA Matto,1,1189,Matto,1-11367-021-0,Москва
2025-12-28 14:11:01,Прокладка поддона ISUZU 4BE1 8-94170-387-0 87007-NBR Matto,10,328,Matto,8-94170-387-0,Москва
2025-12-28 14:11:01,Прокладка поддона ISUZU 4BE1 8-94170-387-0 DF,6,225,DRAGONFLYS,8-94170-387-0,Москва
2025-12-28 14:11:01,Прокладка поддона ISUZU 4BE1 8-94170-387-0 HL,9,328,Huang Lin,8-94170-387-0,Москва
2025-12-28 14:11:01,Прокладка поддона ISUZU 4HF1/4HG1 8-97146-148-0 DF,11,402,DRAGONFLYS,8-97146-148-0,Москва
2025-12-28 14:11:01,Прокладка поддона ISUZU 4HF1/4HG1 8-97146-148-0/ 87016-NBR Matto,14,480,Matto,8-97146-148-0,Москва
2025-12-28 14:11:01,Прокладка поддона ISUZU 4JB1 87011-NBR/ISU-4JB1-OP (к-т 2шт) Matto,5,246,Matto,ISU-4JB1-OP,Москва
2025-12-28 14:11:01,Прокладка поддона ISUZU 4JG1/4JG2 8-97045-324-0 87003-NBR Matto,1,368,Matto,8-97045-324-0,Москва
2025-12-28 14:11:01,Прокладка поддона ISUZU 4JG1/4JG2 8-97045-324-0 W/AF HL,1,180,Huang Lin,8-97045-324-0,Москва
2025-12-28 14:11:01,Прокладка поддона ISUZU 6BG1 870380-NA / ISU-6BG1-OP Matto,1,744,Matto,ISU-6BG1-OP,Москва
2025-12-28 14:11:01,Прокладка поддона ISUZU 6HE1 870390-NA Matto,4,1639,Matto,870390-NA,Москва
2025-12-28 14:11:01,Прокладка поддона ISUZU 6HH1 870400-NA/ISU-6HH1-OP Matto,1,752,Matto,ISU-6HH1-OP,Москва
2025-12-28 14:11:01,Прокладка поддона MAZDA HA 570290-NA-PB / MAZ-HA-OP 2pcs/SET Matto,2,295,Matto,MAZ-HA-OP,Москва
2025-12-28 14:11:01,Прокладка поддона MAZDA HA 57038-COR 1363-89-104 (коплект 4 шт) Matto,2,278,Matto,1363-89-104,Москва
2025-12-28 14:11:01,Прокладка поддона MAZDA SL SL01-10-442 DF,2,173,DRAGONFLYS,SL0110442,Москва
2025-12-28 14:11:01,Прокладка поддона MAZDA SL SL01-10-442/3 (комплект 2шт) HL,7,246,Huang Lin,SL01-10-442,Москва
2025-12-28 14:11:01,Прокладка поддона MAZDA TM TF01-10-427 DF,2,402,DRAGONFLYS,TF01-10-427,Москва
2025-12-28 14:11:01,Прокладка поддона MAZDA TM TF01-10-427 HL,5,527,Huang Lin,TF01-10-427,Москва
2025-12-28 14:11:01,Прокладка поддона MB OM501LA 076180/ A5410140722 / 420438 Mercedes/Elring !,1,965,Elring,076.180,Москва
2025-12-28 14:11:01,Прокладка поддона MB OM501LA 420438 /076180/ A5410140722 Mercedes/ DieselTechnic,1,1946,Diesel Technic,4.20438,Москва
2025-12-28 14:11:01,Прокладка поддона MMC 10DC11 670871-NA Matto,2,507,Matto,ISU-10DC11-OP,Москва
2025-12-28 14:11:01,Прокладка поддона MMC 6D22T/6D24 ME152344 670740-NA Matto,3,473,Matto,ME152344,Москва
2025-12-28 14:11:01,Прокладка поддона MMC 6D40-OP 670770-NA Matto,2,425,Matto,MIT-6D40-OP,Москва
2025-12-28 14:11:01,Прокладка поддона MMC 8DC9/11 ME061741 HL,1,665,Huang Lin,ME061741,Москва
2025-12-28 14:11:01,Прокладка поддона MMC/HYUNDAI D4BH E70030-NA Matto,1,296,Matto,HYU-D4BH-OP,Москва
2025-12-28 14:11:01,Прокладка поддона NISSAN FD46 770561-NA/NIS-FD46-OP Matto,2,736,Matto,NIS-FD46-OP,Москва
2025-12-28 14:11:01,Прокладка поддона NISSAN FE6 11121-Z5000 HL,3,665,Huang Lin,11121-Z5000,Москва
2025-12-28 14:11:01,Прокладка поддона NISSAN PE6T 770680-NA Matto,2,668,Matto,NIS-PE6T-OP,Москва
2025-12-28 14:11:01,Прокладка поддона NISSAN PF6 11121-96013 770701-NA Matto,1,870,Matto,11121-96013,Москва
2025-12-28 14:11:01,Прокладка поддона NISSAN QD32 11121-63G02 / 77011-COR-PB Matto,7,273,Matto,11121-63G02,Москва
2025-12-28 14:11:01,Прокладка поддона NISSAN RE8 770860-NA Matto,1,524,Matto,NIS-RE8-OP,Москва
2025-12-28 14:11:01,Прокладка поддона NISSAN RH10 770930-NA Matto,1,510,Matto,NIS-RH10-OP,Москва
2025-12-28 14:11:01,Прокладка поддона TOYOTA 11B/14B 12151-58030 DF,2,246,DRAGONFLYS,1215158030,Москва
2025-12-28 14:11:01,Прокладка поддона TOYOTA 11B/14B 12151-58030 W/CORK HL,2,169,Huang Lin,12151-58030,Москва
2025-12-28 14:11:01,Прокладка помпы D-125954 / 1001134455 JAC N350 WP10 E-5 Дизель,1,293,Дизель,D-125954,Москва
2025-12-28 14:11:01,Прокладка пробки поддона 1009017FD020 JAC N35 ORIG,4,52,JAC,1009017FD020,Москва
2025-12-28 14:11:01,Прокладка регулятора моме A5410150980 Mercedes/Europart !,1,581,Europart,A5410150980,Москва
2025-12-28 14:11:01,Прокладка сапуна двигателя Fuso Canter FE85 ME223981 DF,1,158,DRAGONFLYS,ME223981,Москва
2025-12-28 14:11:01,Прокладка системы EGR Fuso Canter TF MK667154 / QC000584 DF,1,115,DRAGONFLYS,MK667154,Москва
2025-12-28 14:11:01,Прокладка сливной пробки 4995185F ISF 3.8 JAC ORIG,8,136,JAC,4995185F,Москва
2025-12-28 14:11:01,Прокладка сливной пробки M-1705105 JAC ORIG,11,28,JAC,M-1705105,Москва
2025-12-28 14:11:01,Прокладка сливной трубки (металл) с/о 1041025FD020 JAC N35 ORIG,1,91,JAC,1041025FD020,Москва
2025-12-28 14:11:01,Прокладка стакана форсунки ID=18.8 8-97169-020-0 4JX1 ORIG,5,370,Isuzu,8-97169-020-0,Москва
2025-12-28 14:11:01,Прокладка теплобменника (резиновое кольцо) 8-98045-447-0/8F100-1-RU-PB 4HF1/4HG1/4HK1 Matto,19,60,Matto,8-98045-447-0,Москва
2025-12-28 14:11:01,Прокладка теплобменника 4HF1/4HG1/4HK1 резиновое кольцо 8-98045-447-0 DF,4,106,DRAGONFLYS,8980454470,Москва
2025-12-28 14:11:01,Прокладка теплообменника 1-21729-117-0 (тип А) 6HK1 ORIG,5,264,Isuzu,1-21729-117-0,Москва
2025-12-28 14:11:01,Прокладка теплообменника 8-94394-930-0 (тип B) 6HK1 ORIG,8,274,Isuzu,8943949300,Москва
2025-12-28 14:11:01,Прокладка теплообменника D-126771 / 81400010032 JAC N350 WP10 E-5 Дизель,1,88,Дизель,D-126771,Москва
2025-12-28 14:11:01,Прокладка термостата 6140-11-6331 KOMATSU HL,3,58,Huang Lin,6140-11-6331,Москва
2025-12-28 14:11:01,Прокладка термостата 6162-13-6440 KOMATSU HL,5,782,Huang Lin,6162-13-6440,Москва
2025-12-28 14:11:01,Прокладка термостата 8-98114-587-0 N-series 4JJ1-TC HL,2,92,Huang Lin,8-98114-587-0,Москва
2025-12-28 14:11:01,Прокладка термостата 8-98280-281-0/8-97300-793-0/8-97231-848-0/8-97167-477-0/8-97028-669-0 NQR75/90/NPR75 ORIG,3,429,Isuzu,8982802810,Москва
2025-12-28 14:11:01,Прокладка термостата D-125955 / 680340065 JAC N350 WP10 E-5 Дизель,1,62,Дизель,D-125955,Москва
2025-12-28 14:11:01,Прокладка термостата MK667447 Fuso Canter TF ORIG,1,2189,Mitsubishi,MK667447,Москва
2025-12-28 14:11:01,Прокладка термостата P101/16325-76010 56мм Toyota Dyna/ToyoAce HL,2,56,Huang Lin,16325-76010,Москва
2025-12-28 14:11:01,Прокладка термостата P102/16325-63010/16325-63011/16325-70021 48мм Toyota Dyna/ToyoAce HL,1,26,Huang Lin,16325-70021,Москва
2025-12-28 14:11:01,Прокладка термостата P108/16346-17010/16325-1390 64мм Toyota/Hino HL,4,78,Huang Lin,16346-17010,Москва
2025-12-28 14:11:01,Прокладка термостата P115/16346-67010 60мм Toyota Dyna/Toyoace HL,1,63,Huang Lin,16346-67010,Москва
2025-12-28 14:11:01,Прокладка термостата P212/11062-41B01 54мм NISSAN UD HL,2,60,Huang Lin,11062-41B01,Москва
2025-12-28 14:11:01,Прокладка термостата P802/8-94365-674-2 54мм Isuzu N-series HL,3,25,Huang Lin,8-94365-674-2,Москва
2025-12-28 14:11:01,Прокладка топливной форсунки 8-94391-472-0 ORIG,6,437,Isuzu,8-94391-472-0,Москва
2025-12-28 14:11:01,Прокладка трубки глушителя Fuso Canter TF MK667171 DF,4,594,DRAGONFLYS,MK667171,Москва
2025-12-28 14:11:01,Прокладка трубки насоса масляного D-125956 / 612600070355 JAC N350 WP10 E-5 Дизель,1,31,Дизель,D-125956,Москва
2025-12-28 14:11:01,Прокладка трубки подачи масла 202V08901-0183 HOWO T5G MC11,2,211,Дизель,202V08901-0183,Москва
2025-12-28 14:11:01,Прокладка трубы глушителя 28764-28020 JAC N35 ORIG,1,207,JAC,28764-28020,Москва
2025-12-28 14:11:01,Прокладка турбины D-129462 / 1118013-81D FAW CA6DM2 Дизель,1,210,Дизель,D-129462,Москва
2025-12-28 14:11:01,Прокладка турбины ISUZU 4HE1/4HK1 8-97063-602-0 DF,1,211,DRAGONFLYS,8970636020,Москва
2025-12-28 14:11:01,Прокладка турбины выпускная 8-97374-412-0 4HK1-T NQR75 ORIG,3,1311,Isuzu,8-97374-412-0,Москва
2025-12-28 14:11:01,Прокладка турбины квадрат 61560110210 HOWO / JAC N350,1,103,Дизель,61560110210,Москва
2025-12-28 14:11:01,Прокладка турбокомпрессора 24109-1860/S2410-91860/05024-S-PB J05C/N04C HINO300 E-3/4 Matto,7,435,Matto,24109-1860,Москва
2025-12-28 14:11:01,Прокладка турбокомпрессора 8-98015-116-3 N-series ORIG,2,884,Isuzu,8-98015-116-3,Москва
2025-12-28 14:11:01,Прокладка турбокомпрессора D-126772 / 61560110210 JAC N350 WP10 E-5 Дизель,1,162,Дизель,D-126772,Москва
2025-12-28 14:11:01,Прокладка турбокомпрессора Fuso Canter TF MK667936 DF,4,133,DRAGONFLYS,MK667936,Москва
2025-12-28 14:11:01,Прокладка фланца КПП D-127707 / GB3452.1-2005-41.2X5.3 JAC N120 LE35S Дизель,10,612,Дизель,D-127707,Москва
2025-12-28 14:11:01,Прокладка форсунки 9-15339-051-0 ORIG,1,208,Isuzu,9153390510,Москва
2025-12-28 14:11:01,Прокладка форсунки D-128799 / 8-97604-916-0 нижнее кольцо ID=26.4 4HK1/6HK1/6WG1 Дизель,100,36,Дизель,D-128799,Москва
2025-12-28 14:11:01,Прокладка форсунки MMC Fuso Canter QC000156 DF,16,165,DRAGONFLYS,QC000156,Москва
2025-12-28 14:11:01,Прокладка цилиндра компрессора (нижняя) 8-98185-684-0 NQR90/FSR90 4HK1 ORIG,4,706,Isuzu,8-98185-684-0,Москва
2025-12-28 14:11:01,Прокладка шкворня D-125958 / HFF3001042-62CK5G JAC N350 Дизель,4,239,Дизель,D-125958,Москва
2025-12-28 14:11:01,Прокладка 1-09623-409-0 Isuzu/Комплект колец 08-283100-00,2,2735,Isuzu,1-09623-409-0,Москва
2025-12-28 14:11:01,Прокладки картера (к-т 4шт) D-127906 / 200V05840-6008 HOWO T5G Дизель,2,3994,Дизель,D-127906,Москва
2025-12-28 14:11:01,Проставка опоры верхняя 54073/0.700031398 Mercedes/ Auger !,1,2809,Auger,54073,Москва
2025-12-28 14:11:01,Протектор подножки левый 8-98157-943-0 CYZ52 до 2014г ORIG,1,1508,Isuzu,8-98157-943-0,Москва
2025-12-28 14:11:01,Протектор подножки правой 8-98157-942-0 CYZ52 до 2014г ORIG,1,1514,Isuzu,8-98157-942-0,Москва
2025-12-28 14:11:01,Проушина пружины 1-31426-041-0 ORIG,32,382,Isuzu,1-31426-041-0,Москва
2025-12-28 14:11:01,Пружина 41006003 Iveco Orig,1,864,Iveco,41006003,Москва
2025-12-28 14:11:01,Пружина FE-010 / FBS-011 / MC832759 3.5*18/*188mm PM,1,423,Paul Master,FBS-011,Москва
2025-12-28 14:11:01,"Пружина FE-012-1/FBS-012FK комплект, передняя PM",1,944,Paul Master,FBS-012FK,Москва
2025-12-28 14:11:01,"Пружина FE-012-2 / FBS-012RK комплект, задняя PM",2,943,Paul Master,FBS-012RK,Москва
2025-12-28 14:11:01,Пружина HI-008 / HBS-011 / 47660-1650 PM,2,1468,Paul Master,HBS-011,Москва
2025-12-28 14:11:01,"Пружина IS-015-1 / IBS-015K комплект, rear PM",1,848,Paul Master,IBS-015K,Москва
2025-12-28 14:11:01,Пружина TO-005 / TBS-005 3*15*192mm PM,1,462,Paul Master,TBS-005,Москва
2025-12-28 14:11:01,Пружина U-006 / FUS-006 PM,2,168,Paul Master,FUS-006,Москва
2025-12-28 14:11:01,Пружина U-008 /FUS-008/ME702118 PM,2,168,Paul Master,FUS-008,Москва
2025-12-28 14:11:01,Пружина U-012 / HUS-012 22341-2310 FN/FP/FR28# FR/FS33 85-91` PM,2,187,Paul Master,HUS-012,Москва
2025-12-28 14:11:01,Пружина U-014 / FUS-014 ME800517 PM,2,151,Paul Master,FUS-014,Москва
2025-12-28 14:11:01,Пружина Y-001 / MYS-001 / W023-43-081A PM,2,491,Paul Master,MYS-001,Москва
2025-12-28 14:11:01,Пружина Y-004 / TYS-004 PM,2,488,Paul Master,TYS-004,Москва
2025-12-28 14:11:01,Пружина Y-005 / MYS-005 PM,2,288,Paul Master,MYS-005,Москва
2025-12-28 14:11:01,Пружина Z-003 / FZS-003 ME670265 FP/FU/FS/FV5# PM,2,250,Paul Master,FZS-003,Москва
2025-12-28 14:11:01,Пружина Z-005 /HZS-005/47608-1080 PM,3,320,Paul Master,HZS-005,Москва
2025-12-28 14:11:01,Пружина Z-012 / FZS-012/ ME658484 PM,2,277,Paul Master,FZS-012,Москва
2025-12-28 14:11:01,Пружина вала рокеров 24541-41000 HYUNDAI HD72/78 ORIG,1,88,Hyundai-Kia,24541-41000,Москва
2025-12-28 14:11:01,Пружина возвратная 1-09583-298-0 C/E/F-series ORIG,13,879,Isuzu,1-09583-298-0,Москва
2025-12-28 14:11:01,Пружина возвратная сцепления 1-09583-305-0 FVR34/FSR90/CYZ52/CYZ51 ORIG,10,726,Isuzu,1-09583-305-0,Москва
2025-12-28 14:11:01,Пружина возвратная сцепления D-125155 / 1-09583-305-0 FVR34/FSR90/CYZ52/CYZ51 Дизель,6,498,Дизель,D-125155,Москва
2025-12-28 14:11:01,Пружина кабины 1-09580-515-0 C-series ORIG,2,3297,Isuzu,1-09580-515-0,Москва
2025-12-28 14:11:01,Пружина кабины D-125030 / 1-09580-537-0 CYZ51K EURO3 6WF1 Дизель,1,1162,Дизель,D-125030,Москва
2025-12-28 14:11:01,Пружина кабины D-125349 / 1-09580-515-0 C-series Дизель,2,1224,Дизель,D-125349,Москва
2025-12-28 14:11:01,"Пружина клапана выпускного 8-94395-884-0 F,N-series 4HK1T/6HK1 синяя ORIG",5,719,Isuzu,8-94395-884-0,Москва
2025-12-28 14:11:01,"Пружина КПП 1-09580-091-1 MJX16P C,E,F-series ORIG",7,220,Isuzu,1-09580-091-1,Москва
2025-12-28 14:11:01,"Пружина КПП 1-09580-374-0 F,C,E,N series ORIG",3,173,Isuzu,1-09580-374-0,Москва
2025-12-28 14:11:01,Пружина переднего суппорта D-129875 / WG9100440061 HOWO T5G Дизель,1,84,Дизель,D-129875,Москва
2025-12-28 14:11:01,Пружина передней подвески 8-97357-109-1 NLR85 ORIG,2,18084,Isuzu,8-97357-109-1,Москва
2025-12-28 14:11:01,Пружина подвески 48131-6B080 Toyota,1,2691,hino,48131-6B080,Москва
2025-12-28 14:11:01,Пружина стяжная выхлопного трака 1-09583-248-0 CYZ51 ORIG,13,879,Isuzu,1-09583-248-0,Москва
2025-12-28 14:11:01,Пружина стяжная тормозных колодок 3501105B10JCQZ JAC N90 LE80B ORIG,4,165,JAC,3501105B10JCQZ,Москва
2025-12-28 14:11:01,Пружина сухаря синхронизатора WBYI3.8*1*22.7-6G120 JAC ORIG,2,23,JAC,WBYI3.8*1*22.7-6G120,Москва
2025-12-28 14:11:01,Пружина тормозная короткая AZ199112340049 L=170 Howo,6,70,Дизель,AZ199112340049,Москва
2025-12-28 14:11:01,Пружина тормозного механизма 3501N-064-6503 JAC ORIG,2,395,JAC,3501N-064-6503,Москва
2025-12-28 14:11:01,Пружина тормозной колодки B-008 / HBS-008/ SZ5060-6003 / 9873-06105 FN#/FS#/FR# PM,2,1049,Paul Master,HBS-008,Москва
2025-12-28 14:11:01,Пружина тормозной колодки B-010 /HBS-010/ 47660-1290 ALL PM,2,986,Paul Master,HBS-010,Москва
2025-12-28 14:11:01,Пружина тормозной колодки B-036 PM,2,643,Paul Master,B-036,Москва
2025-12-28 14:11:01,Пружина тормозной колодки B-037 / HBS-037 47660-1300 ALL PM,2,902,Paul Master,HBS-037,Москва
2025-12-28 14:11:01,Пружина тормозной колодки B-038 / HBS-038 47450-1140 FW27/28/60# FF17/19#2H#3H# PM,2,839,Paul Master,HBS-038,Москва
2025-12-28 14:11:01,Пружина тормозной колодки B-042 / HBS-042 47450-1170 PM,2,734,Paul Master,HBS-042,Москва
2025-12-28 14:11:01,Пружина тормозной колодки IS-014 / IBS-014 5-09583-118-0 NPR/NKR/NKS/NPS 86-05` PM,1,628,Paul Master,IBS-014,Москва
2025-12-28 14:11:01,Пружина тормозной колодки IS-059 /IBS-059/ 5-09583-136-0 PM,2,356,Paul Master,IBS-059,Москва
2025-12-28 14:11:01,Пружина тормозной колодки MA/MBS-005 3*18*147mm PM,2,524,Paul Master,MBS-005,Москва
2025-12-28 14:11:01,Пружина тормозной колодки UD-043 / UBS-043 41020-Z5003 PM,1,879,Paul Master,UBS-043,Москва
2025-12-28 14:11:01,Пружина тормозной колодки UD-044 / UBS-044 41020-Z5004 PM,2,797,Paul Master,UBS-044,Москва
2025-12-28 14:11:01,Пыльник ''555'' 76-51711-360 40 арм.,2,45,JMC,76-51711-360,Москва
2025-12-28 14:11:01,Пыльник 0K63B-2253XA BONGO III 5MT4WD !,2,1810,Дизель,0K63B-2253XA,Москва
2025-12-28 14:11:01,Пыльник DR322817 (для наконечника 8-97107-348-2/349-2) !,10,42,Chase,DR322817,Москва
2025-12-28 14:11:01,Пыльник DR362224UP (маятника рулевого 8-97189-457-0/455-0) !,10,150,Дизель,DR362224UP,Москва
2025-12-28 14:11:01,Пыльник DR403017LW (для наконечника 48570-0T025/48520-0T025) !,10,107,Дизель,DR403017LW,Москва
2025-12-28 14:11:01,Пыльник DR403516LW (наконечника тяги 8-97107-318-1/321-0) !,4,93,Chase,DR403516LW,Москва
2025-12-28 14:11:01,Пыльник DR413326LW+UP (шаровой опоры 8-97142-452-1) !,10,192,Дизель,DR413326LW+UP,Москва
2025-12-28 14:11:01,Пыльник DR422721LW+UP (наконечника тяги 8-97222-505-0/506-0) !,1,171,Chase,DR422721LW+UP,Москва
2025-12-28 14:11:01,Пыльник DR503818LW (шаровой опоры MK469290/наконечника 48570-Z5005/5008 !,2,127,Chase,DR503818LW,Москва
2025-12-28 14:11:01,Пыльник DR513725LW+UP (шаровой опоры 8-97031-370-0/8-98025-499-0/наконечника MC812879/80) !,10,160,Chase,DR513725UP+LW,Москва
2025-12-28 14:11:01,Пыльник буксы балансира D-129466 / BM1040/49354-1040 HINO 500/700 Дизель,10,263,Дизель,D-129466,Москва
2025-12-28 14:11:01,Пыльник кулисы КПП ниж D-129467 / 1703046-61B/C FAW J6 Дизель,2,825,Дизель,D-129467,Москва
2025-12-28 14:11:01,Пыльник направл тормозного суппорта 6490-011 JAC ORIG,1,227,JAC,6490-011,Москва
2025-12-28 14:11:01,Пыльник привода внутренний 6613305201 Istana !,1,1126,JMC,6613305201,Москва
2025-12-28 14:11:01,"Пыльник рулевого вала 1-44139-155-0 C,E,F series ORIG",1,2869,Isuzu,1-44139-155-0,Москва
2025-12-28 14:11:01,Пыльник рулевой тяги 1-43159-099-0 ORIG,13,1680,Isuzu,1-43159-099-0,Москва
2025-12-28 14:11:01,Пыльник рулевой тяги 3401110U8510-F04 S5 JAC ORIG,20,221,JAC,3401110U8510-F04,Москва
2025-12-28 14:11:01,Пыльник рулевой тяги 3401110U8510-F05 S5 JAC (NON-GENUINE),20,209,JAC,3401110U8510-F05,Москва
2025-12-28 14:11:01,Пыльник рычага перекл.передач SMS-05G298 MC024414-S FUSO Sсhmaco !,2,1396,Schmaco,SMS-05G298,Москва
2025-12-28 14:11:01,Пыльник сальника КПП D-127708 / J80-1701160 JAC N120 LE35S Дизель,1,307,Дизель,D-127708,Москва
2025-12-28 14:11:01,Пыльник ступицы D-125964 / HFF3104112CK2BZ задней JAC N350 Дизель,1,1360,Дизель,D-125964,Москва
2025-12-28 14:11:01,Пыльник суппорта MB295604,1,253,JMC,MB295604,Москва
2025-12-28 14:11:01,Пыльник Т.Ц. SC50354 WB-01156 FB-... 44124-T6001,2,19,Seiken,SC50354,Москва
2025-12-28 14:11:01,Пыльник тормозного механизма 93161625 Iveco Orig !,2,2468,Iveco,93161625,Москва
2025-12-28 14:11:01,Пыльник тяги 1-43159-107-0 ORIG,3,937,Isuzu,1-43159-107-0,Москва
2025-12-28 14:11:01,Пыльники тяги 6614613096,2,503,Дизель,6614613096,Москва
2025-12-28 14:11:01,Пятак упорный форсунки D-126584 / 200V90720-0214 MC11 Sitrak C7H Дизель,2,167,Дизель,D-126584,Москва
2025-12-28 14:11:01,Р/к торм механиз без регул и сальн EM963534 Techno Brake !,2,3222,Technobrake,ЕМ963534,Москва
2025-12-28 14:11:01,"Р/к торм. вала на сторону 0980102130SKV / 09.801.02.13.0 BPW H/K/N Series (SN30/36/42.) 42x46x72,5",5,643,SKV,0980102130,Москва
2025-12-28 14:11:01,Р/к торм. вала осей ROR AXL122 SKV / 030204200240 / ASK1122 / 52261 LM/TA/TAC/TE/TM SKV,20,855,SKV,AXL122,Москва
2025-12-28 14:11:01,"Рабочий тормозной цилиндр 1-1/2 "" 47530-1860/S475-301860 HINO500 F. LH FW1K#, GD8J# 01~ Y",2,12528,Yamasida,47530-1860,Москва
2025-12-28 14:11:01,"Рабочий тормозной цилиндр 1-1/2 "" 47540-1091/S475-401091 HINO500 F. LH FW1K#, GD8J# 01~ Y",1,7901,Yamasida,47540-1091,Москва
2025-12-28 14:11:01,"Рабочий тормозной цилиндр 1-1/2"" 47560-1450B F.RH.A Y MFD10.4T,FC8.6T,8.7T 1992~ Y",3,6761,Yamasida,47560-1450B,Москва
2025-12-28 14:11:01,"Рабочий тормозной цилиндр 1-1/2"" 47570-1350B F.LH.F HINO Y",1,7333,Yamasida,47570-1350B,Москва
2025-12-28 14:11:01,Рабочий тормозной цилиндр 1-1/4'' MK356639 R.LH FE53/63/73C/E/D/FE82/83E/B FUSO CANTER NEW SKV,8,2146,SKV,MK356639,Москва
2025-12-28 14:11:01,Рабочий тормозной цилиндр 1-1/4'' MK356639 R.LH FE53/63/73C/E/D/FE82/83E/B FUSO CANTER NEW Y,5,3586,Yamasida,MK356639,Москва
2025-12-28 14:11:01,Рабочий тормозной цилиндр 1-1/4'' MK356641 R.LH.A FE53/63/73C/E/D/FE82/83E/B FUSO CANTER NEW SKV,16,2067,SKV,MK356641,Москва
2025-12-28 14:11:01,Рабочий тормозной цилиндр 1-1/4'' MK356641 R.LH.A FE53/63/73C/E/D/FE82/83E/B FUSO CANTER NEW Y,4,4198,Yamasida,MK356641,Москва
2025-12-28 14:11:01,Рабочий тормозной цилиндр 1-1/4'' MK356642 R.RH FE53/63/73C/E/D/FE82/83E/B FUSO CANTER NEW Y,7,3586,Yamasida,MK356642,Москва
2025-12-28 14:11:01,Рабочий тормозной цилиндр 1-1/4'' MK356643 F.LH.F FUSO CANTER NEW S SKV,6,2125,SKV,MK356643,Москва
2025-12-28 14:11:01,Рабочий тормозной цилиндр 1-1/4'' MK356643 F.LH.F FUSO CANTER NEW Y,4,2885,Yamasida,MK356643,Москва
2025-12-28 14:11:01,Рабочий тормозной цилиндр 1-1/4'' MK356644 F.RH.F FUSO CANTER NEW SKV,33,2033,SKV,MK356644,Москва
2025-12-28 14:11:01,Рабочий тормозной цилиндр 1-1/4'' MK356644 F.RH.F FUSO CANTER NEW Y,6,3204,Yamasida,MK356644,Москва
2025-12-28 14:11:01,"Рабочий тормозной цилиндр 1-1/4"" MC886169 R.RH.F CANTERFE6597.7T 1995~96 !",1,1639,Yamasida,MC886169,Москва
2025-12-28 14:11:01,"Рабочий тормозной цилиндр 1-1/4"" MC886171 R.RH.A CANTERFE6597.7T 1995~96 !",1,1788,Yamasida,MC886171,Москва
2025-12-28 14:11:01,"Рабочий тормозной цилиндр 1-1/8"" 47540-37030 F.LH.A DYNA Toyota Y",2,3311,Yamasida,47540-37030,Москва
2025-12-28 14:11:01,"Рабочий тормозной цилиндр 1-1/8"" 47550-36191 S Toyota Y",1,2545,Yamasida,47550-36191,Москва
2025-12-28 14:11:01,"Рабочий тормозной цилиндр 1-1/8"" 47580-36200 R.LH.A DYNAXZU300L,320L 2001~ Y",3,3312,Yamasida,47580-36200,Москва
2025-12-28 14:11:01,"Рабочий тормозной цилиндр 1-1/8"" 8-97078-613-0 8-97170-950-0 F.LH.F ELF,NKR,NQR,NPR 1992~97 Y",3,1781,Yamasida,8-97078-613-0,Москва
2025-12-28 14:11:01,"Рабочий тормозной цилиндр 1-1/8"" 8-97170-951-0 F.RH NKR Isuzu RHD Y",2,1827,Yamasida,8-97170-951-0,Москва
2025-12-28 14:11:01,"Рабочий тормозной цилиндр 1-1/8"" W001-33-510/510F F.LH.A T3500,2500,3000(4W) 1985~98 Y",1,1414,Yamasida,W001-33-510,Москва
2025-12-28 14:11:01,"Рабочий тормозной цилиндр 1-1/8"" W023-33-410/410A/C/E/F F.RH.A T3000,3500,4000(6W),4WD 1985~98 Y",3,1470,Yamasida,W023-33-410,Москва
2025-12-28 14:11:01,"Рабочий тормозной цилиндр 1-1/8"" W023-33-710/710A/C/D/E F.LH.F T3000,3500,4000(6W),4WD 85~98 Y",1,1470,Yamasida,W023-33-710,Москва
2025-12-28 14:11:01,"Рабочий тормозной цилиндр 1-1/8"" W211-33-410 F.RH.A T2600,3000,3500,4000 1989~98 Y",2,1470,Yamasida,W211-33-410,Москва
2025-12-28 14:11:01,"Рабочий тормозной цилиндр 1-1/8"" W211-33-610/W023-33-610... F.RH.F T2600,3000,3500,4000 1989~98 Y",2,1470,Yamasida,W211-33-610,Москва
2025-12-28 14:11:01,"Рабочий тормозной цилиндр 1-1/8"" WA97-33-510 F.LH.A T3500TURBO,T4000,T4600 1990~98 Y",2,2682,Yamasida,WA97-33-510,Москва
2025-12-28 14:11:01,"Рабочий тормозной цилиндр 1-1/8"" WA97-33-710 F.LH.F T3500TURBO,T4000,T4600 1990~98 Y",2,2482,Yamasida,WA97-33-710,Москва
2025-12-28 14:11:01,"Рабочий тормозной цилиндр 1-3/16'' 47510-37110/11 F.RH UP LP-5650 HINO/DYNA BU3/4#,XZU3#4# 300# Y",9,4151,Yamasida,47510-37111,Москва
2025-12-28 14:11:01,"Рабочий тормозной цилиндр 1-3/16'' 47520-37130/31 F.RH LOW LP-5651 HINO/DYNA BU3/4#,XZU3#4#300# Y",8,4151,Yamasida,47520-37131,Москва
2025-12-28 14:11:01,"Рабочий тормозной цилиндр 1-3/16'' 47530-37110/11 F.LH UP LP-5652 HINO/DYNA BU3/4#,XZU3#4# 300# Y",10,4151,Yamasida,47530-37111,Москва
2025-12-28 14:11:01,"Рабочий тормозной цилиндр 1-3/16'' 47540-37130/31 F.LH. LOW LP-5653 HINO/DYNA BU3/4#,XZU3#4# 300# Y",9,4152,Yamasida,47540-37131,Москва
2025-12-28 14:11:01,"Рабочий тормозной цилиндр 1-3/16'' 47550-37130 R.RH F.LP-5654 HINO/DYNA BU3/4#,XZU3#4# 300# 99~ Y !",7,5198,Yamasida,47550-37130,Москва
2025-12-28 14:11:01,"Рабочий тормозной цилиндр 1-3/16'' 47550-37150/51 R.RH F. LP-5658 HINO/DYNA BU3/4#,XZU3#4# 300# Y",10,5060,Yamasida,47550-37151,Москва
2025-12-28 14:11:01,"Рабочий тормозной цилиндр 1-3/16'' 47560-37180/81 R.RH. R LP-5660 HINO/DYNA BU3/4#,XZU3#4# 300# Y",8,5060,Yamasida,47560-37181,Москва
2025-12-28 14:11:01,"Рабочий тормозной цилиндр 1-3/16'' 47570-37090 R.LH. F LP-5655 HINO/DYNA BU3/4#,XZU3#4# 300# 99~ Y",7,5198,Yamasida,47570-37090,Москва
2025-12-28 14:11:01,"Рабочий тормозной цилиндр 1-3/16'' 47570-37110/11 R.LH. F LP-5659 HINO/DYNA BU3/4#,XZU3#4# 300# Y",4,5060,Yamasida,47570-37111,Москва
2025-12-28 14:11:01,"Рабочий тормозной цилиндр 1-3/16'' 47580-37170/71 R.LH. R LP-5656 HINO/DYNA BU3/4#,XZU3#4# 300# Y",8,5060,Yamasida,47580-37171,Москва
2025-12-28 14:11:01,"Рабочий тормозной цилиндр 1-3/16"" 47550-37070 R.RH.F DUNABU211, 221 Toyota Y",1,6682,Yamasida,47550-37070,Москва
2025-12-28 14:11:01,"Рабочий тормозной цилиндр 1-3/16"" 8-97139-852-0 R.RH ISUZU NPR 01~ Y",2,2545,Yamasida,8-97139-852-0,Москва
2025-12-28 14:11:01,"Рабочий тормозной цилиндр 1-3/8"" 8-97160-398-0/8-97353-573-0 F.RH.F ELF,NQR,NPR 1996~ !",4,1551,Yamasida,8-97160-398-0,Москва
2025-12-28 14:11:01,"Рабочий тормозной цилиндр 1-3/8"" 8-97353-575-0/8-97160-400-0 F.RH ISUZU 96~ Y",3,1668,Yamasida,8-97160-400-0,Москва
2025-12-28 14:11:01,"Рабочий тормозной цилиндр 1-3/8"" 8-97353-576-0/8-97160-401-0 F.LH ISUZU NQR/NPR NQR70/71 96~ Y",12,2952,Yamasida,8-97353-576-0,Москва
2025-12-28 14:11:01,"Рабочий тормозной цилиндр 1-3/8"" MC832584 (без прокачки) F.LH.F FK417 1990~ SKV",16,2073,SKV,MC832584,Москва
2025-12-28 14:11:01,"Рабочий тормозной цилиндр 1-3/8"" MC832586 F.RH.F FK417 1990~ без прокачки Y",9,3139,Yamasida,MC832586,Москва
2025-12-28 14:11:01,"Рабочий тормозной цилиндр 1-3/8"" MC832586 F.RH.F FK417 1990~ без прокачки SKV",31,1981,SKV,MC832586,Москва
2025-12-28 14:11:01,"Рабочий тормозной цилиндр 1-5/8 "" 47580-1690/S475-801690 HINO500 R. LH FW1K#, GD8J# 01~ !",2,5108,Yamasida,47580-1690,Москва
2025-12-28 14:11:01,"Рабочий тормозной цилиндр 1-5/8 "" 47580-1730/S475-801730 HINO500 R. LH FW1K#, GD8J# 01~ Y !",2,4103,Yamasida,47580-1730,Москва
2025-12-28 14:11:01,"Рабочий тормозной цилиндр 1-7/16 "" 1-47600-939-0/1-47600-830-0 F. LH ISUZU FSR, FRR 9.2T, 10.5T SKV",1,1447,SKV,1-47600-939-0,Москва
2025-12-28 14:11:01,"Рабочий тормозной цилиндр 1-7/16"" 47520-1110 F.RH.A FD10.5T 2003~ Y",3,4113,Yamasida,47520-1110,Москва
2025-12-28 14:11:01,"Рабочий тормозной цилиндр 1-7/16"" 47530-1420/47530-1520/47530-1620 F.LH MFD10.4T,FC8.6T,8.7T 1992~ Y",10,2715,Yamasida,47530-1420,Москва
2025-12-28 14:11:01,"Рабочий тормозной цилиндр 1-7/16"" 47530-1620 F.LH.F FD10.5T 2003~ Y",4,5005,Yamasida,47530-1620,Москва
2025-12-28 14:11:01,"Рабочий тормозной цилиндр 1-7/16"" MC832589 R.LH.F FK417 1990~ Y",1,4123,Yamasida,MC832589,Москва
2025-12-28 14:11:01,"Рабочий тормозной цилиндр 1"" 47560-36110 Toyota BU67 5.2T R.RH.A Y",4,1788,Yamasida,47560-36110,Москва
2025-12-28 14:11:01,"Рабочий тормозной цилиндр 1"" 47570-25070 Toyota Y",1,1843,Yamasida,47570-25070,Москва
2025-12-28 14:11:01,"Рабочий тормозной цилиндр 1"" 47580-36110 Toyota BU67 5.2T R.LH.A Y",1,1562,Yamasida,47580-36110,Москва
2025-12-28 14:11:01,"Рабочий тормозной цилиндр 1"" 8-97078-617-0/8-97179-352-0 R.LH ELF,NKR,NQR,NPR 1992~97 SKV",46,1390,SKV,8-97078-617-0,Москва
2025-12-28 14:11:01,"Рабочий тормозной цилиндр 1"" 8-97078-619-0/8-97179-350-0 R.RH.A ELF,NKR,NQR,NPR 1992~97 SKV",1,919,SKV,8-97078-619-0,Москва
2025-12-28 14:11:01,"Рабочий тормозной цилиндр 1"" 8-97349-690-0 R.RH Isuzu NLR85/NMR85 Y",1,2741,Yamasida,8-97349-690-0,Москва
2025-12-28 14:11:01,"Рабочий тормозной цилиндр 1"" 8-97349-691-0 R. LH Isuzu NKR71/81, NMR85 Y",15,2741,Yamasida,8-97349-691-0,Москва
2025-12-28 14:11:01,"Рабочий тормозной цилиндр 1"" 8-97349-691-0 R. LH NKR71/81, NMR85 SKV",1,1806,SKV,8-97349-691-0,Москва
2025-12-28 14:11:01,"Рабочий тормозной цилиндр 1"" MB162133 R.RH.A CANTER Y",1,1825,Yamasida,MB162133,Москва
2025-12-28 14:11:01,"Рабочий тормозной цилиндр 1"" MB162134 R.LH.F CANTER Y",4,1825,Yamasida,MB162134,Москва
2025-12-28 14:11:01,"Рабочий тормозной цилиндр 1"" MC895048 R.LH.F FA/FB500/501/510/51A/FB70A/FD50A/501 SKV",3,1552,SKV,MC895048,Москва
2025-12-28 14:11:01,"Рабочий тормозной цилиндр 1"" MC895048 R.LH.F FA/FB500/501/510/51A/FB70A/FD50A/501 Y",11,2696,Yamasida,MC895048,Москва
2025-12-28 14:11:01,"Рабочий тормозной цилиндр 1"" MC895049 R.RH.F FA/FB500/501/510/51A/FB70A/FD50A/501 SKV",2,1552,SKV,MC895049,Москва
2025-12-28 14:11:01,"Рабочий тормозной цилиндр 1"" MC895050 R.LH.A FA/FB500/501/510/51A/FB70A/FD50A/501 SKV",3,1552,SKV,MC895050,Москва
2025-12-28 14:11:01,"Рабочий тормозной цилиндр 1"" MC895051 R.RH.A FA/FB500/501/510/51A/FB70A/FD50A/501 SKV",2,1552,SKV,MC895051,Москва
2025-12-28 14:11:01,"Рабочий тормозной цилиндр 1"" MC895051 R.RH.A FA/FB500/501/510/51A/FB70A/FD50A/501 Y",5,2696,Yamasida,MC895051,Москва
2025-12-28 14:11:01,"Рабочий тормозной цилиндр 1"" W211-26-410 R.RH.A T2600,3000,3500,4000 1989~98",1,1928,Yamasida,W211-26-410,Москва
2025-12-28 14:11:01,"Рабочий тормозной цилиндр 11/8"" 47540-36180 F.LH.A DYNAXZU300L,320L 2001~ Y",1,1602,Yamasida,47540-36180,Москва
2025-12-28 14:11:01,"Рабочий тормозной цилиндр 11/8"" 47570-37080 R.LH.F DYNAXZU300L,320L 2001~ !",1,1945,Yamasida,47570-37080,Москва
2025-12-28 14:11:01,"Рабочий тормозной цилиндр 13/16"" 44100-05N13/05N23 Rear Nissan Atlas F23 ""Y""",2,1008,Yamasida,44100-05N13,Москва
2025-12-28 14:11:01,"Рабочий тормозной цилиндр 50.8mm 47510-1310 F.RH FG15T,GH17T 2003~ Y",2,7671,Yamasida,47510-1310,Москва
2025-12-28 14:11:01,Рабочий тормозной цилиндр 58120-45201 HYUNDAI COUNTY/HD45/HD65/HD72/HD78 FRONT L SKV,17,1448,SKV,58120-45201,Москва
2025-12-28 14:11:01,Рабочий тормозной цилиндр 58120-5K000 HYUNDAI COUNTY/HD45/HD65/HD72/HD78 FRONT SKV,5,3004,SKV,58120-5K000,Москва
2025-12-28 14:11:01,Рабочий тормозной цилиндр 58130-5K000 HYUNDAI COUNTY/HD45/HD65/HD72/HD78 FRONT R SKV,4,2710,SKV,58130-5K000,Москва
2025-12-28 14:11:01,Рабочий тормозной цилиндр 58130-5M150 FR Hyundai HD35/65 ORIG,3,10204,Hyundai-Kia,58130-5M150,Москва
2025-12-28 14:11:01,Рабочий тормозной цилиндр 58150-62003 HYUNDAI HD120 FR LH SKV,10,2328,SKV,58150-62003,Москва
2025-12-28 14:11:01,Рабочий тормозной цилиндр 58220-45201 HYUNDAI COUNTY/HD45/HD65/HD72/HD78 FRONT R SKV,26,1219,SKV,58220-45201,Москва
2025-12-28 14:11:01,Рабочий тормозной цилиндр 58220-5K000 HYUNDAI COUNTY/HD45/HD65/HD72/HD78 FRONT SKV,6,2900,SKV,58220-5K000,Москва
2025-12-28 14:11:01,Рабочий тормозной цилиндр 58230-5K000 HYUNDAI COUNTY/HD45/HD65/HD72/HD78 FRONT R SKV,7,2900,SKV,58230-5K000,Москва
2025-12-28 14:11:01,Рабочий тормозной цилиндр 58230-62003/ 62004 HYUNDAI HD120 FR RH SKV,21,2019,SKV,58230-62004,Москва
2025-12-28 14:11:01,Рабочий тормозной цилиндр 58250-62003 HYUNDAI HD120 FR RH SKV,2,2218,SKV,58250-62003,Москва
2025-12-28 14:11:01,Рабочий тормозной цилиндр 58320-45201 HYUNDAI COUNTY/HD45/HD65/HD72/HD78 REAR L SKV,14,1383,SKV,58320-45201,Москва
2025-12-28 14:11:01,Рабочий тормозной цилиндр 58320-4B820 LH HYUNDAI PORTER SKV,11,650,SKV,58320-4B820,Москва
2025-12-28 14:11:01,Рабочий тормозной цилиндр 58320-5H601 HYUNDAI COUNTY/HD45/HD65/HD72/HD78 REAR L SKV,38,2673,SKV,58320-5H601,Москва
2025-12-28 14:11:01,Рабочий тормозной цилиндр 58330-62004 HYUNDAI HD120 RR LH SKV,13,2529,SKV,58330-62004,Москва
2025-12-28 14:11:01,Рабочий тормозной цилиндр 58350-5H601 HYUNDAI COUNTY/HD45/HD65/HD72/HD78 REAR L SKV,41,2673,SKV,58350-5H601,Москва
2025-12-28 14:11:01,Рабочий тормозной цилиндр 58350-62004 HYUNDAI HD120 RR LH SKV,3,2227,SKV,58350-62004,Москва
2025-12-28 14:11:01,Рабочий тормозной цилиндр 58420-45201 HYUNDAI COUNTY/HD45/HD65/HD72/HD78 REAR R BWC Y,41,2218,Yamasida,58420-45201,Москва
2025-12-28 14:11:01,Рабочий тормозной цилиндр 58420-45201 HYUNDAI COUNTY/HD45/HD65/HD72/HD78 REAR R SKV,13,1320,SKV,58420-45201,Москва
2025-12-28 14:11:01,Рабочий тормозной цилиндр 58420-4B820 RH HYUNDAI PORTER SKV,4,714,SKV,58420-4B820,Москва
2025-12-28 14:11:01,Рабочий тормозной цилиндр 58420-5H601 HYUNDAI COUNTY/HD45/HD65/HD72/HD78 REAR R SKV,27,3227,SKV,58420-5H601,Москва
2025-12-28 14:11:01,Рабочий тормозной цилиндр 58430-62004 HYUNDAI HD120 RR RH SKV,6,2671,SKV,58430-62004,Москва
2025-12-28 14:11:01,Рабочий тормозной цилиндр 58450-5H601 HYUNDAI COUNTY/HD45/HD65/HD72/HD78 REAR R SKV,7,3227,SKV,58450-5H601,Москва
2025-12-28 14:11:01,Рабочий тормозной цилиндр 58450-62004/52450-62010 HYUNDAI HD120 RR RH SKV,26,2439,SKV,58450-62004,Москва
2025-12-28 14:11:01,Рабочий тормозной цилиндр 8-97122-862-0 1-3/16'' ISUZU Y,1,1417,Yamasida,8-97122-862-0,Москва
2025-12-28 14:11:01,"Рабочий тормозной цилиндр 8-97147-968-0 R.RH.A ISUZU ELF,NQR,NPR Y",3,2549,Yamasida,8-97147-968-0,Москва
2025-12-28 14:11:01,"Рабочий тормозной цилиндр 8-97358-875-0 LP-5325-3 1-3/16"" ISUZU LHD Front R Y без прокачки Y",22,2018,Yamasida,8-97358-875-0,Москва
2025-12-28 14:11:01,"Рабочий тормозной цилиндр 8-97358-876-0 LP-5325-2 1-3/16"" ISUZU LHD front L с прокачкой Y",23,1965,Yamasida,8-97358-876-0,Москва
2025-12-28 14:11:01,"Рабочий тормозной цилиндр 8-97358-877-0/277 1-3/16"" ISUZU LHD Front R с прокачкой SKV",43,1728,SKV,8-97358-877-0,Москва
2025-12-28 14:11:01,"Рабочий тормозной цилиндр 8-97358-878-0/270 / LP-5325-5 1-5/16"" ISUZU LHD Rear L без прокачки Y",14,2284,Yamasida,8-97358-878-0,Москва
2025-12-28 14:11:01,"Рабочий тормозной цилиндр 8-97358-879-0/272 1-5/16"" ISUZU LHD Rear R SKV",4,1545,SKV,8-97358-879-0,Москва
2025-12-28 14:11:01,"Рабочий тормозной цилиндр 8-97358-879-0/272 LP-5325-7 1-5/16"" ISUZU LHD Rear R без прокачки Y",10,2403,Yamasida,8-97358-879-0,Москва
2025-12-28 14:11:01,"Рабочий тормозной цилиндр 8-97358-880-0/271 / LP-5325-6 1-5/16"" ISUZU LHD Rear L с прокачкой Y",62,2163,Yamasida,8-97358-880-0,Москва
2025-12-28 14:11:01,"Рабочий тормозной цилиндр 8-97358-881-0/273 / LP-5325-8 1-5/16"" ISUZU LHD Rear R с прокачкой Y",44,2406,Yamasida,8-97358-881-0,Москва
2025-12-28 14:11:01,"Рабочий тормозной цилиндр 8-97358-881-0/273 1-5/16"" ISUZU LHD Rear R SKV",12,1617,SKV,8-97358-881-0,Москва
2025-12-28 14:11:01,Рабочий тормозной цилиндр 8-98081-324-0 FR RH NMR85 SKV,14,1559,SKV,8-98081-324-0,Москва
2025-12-28 14:11:01,Рабочий тормозной цилиндр 8-98081-324-0 FR RH NMR85 Y,7,2496,Yamasida,8-98081-324-0,Москва
2025-12-28 14:11:01,Рабочий тормозной цилиндр 8-98081-325-0 FR LH NMR85 Y,8,2496,Yamasida,8-98081-325-0,Москва
2025-12-28 14:11:01,Рабочий тормозной цилиндр 8-98081-326-0 FR RH NMR85 SKV,3,1559,SKV,8-98081-326-0,Москва
2025-12-28 14:11:01,Рабочий тормозной цилиндр 8-98081-326-0 FR RH NMR85 Y,7,2497,Yamasida,8-98081-326-0,Москва
2025-12-28 14:11:01,Рабочий тормозной цилиндр 8-98081-327-0 FR LH NMR85 Y,4,2497,Yamasida,8-98081-327-0,Москва
2025-12-28 14:11:01,Рабочий тормозной цилиндр 8-98289-368-0 FSR90 ORIG,3,44627,Isuzu,8-98289-368-0,Москва
2025-12-28 14:11:01,Рабочий тормозной цилиндр D-127859 / HDE-050 MC889050 FP/FT/FV/FS/FU/FY5# Дизель,5,8963,Дизель,D-127859,Москва
2025-12-28 14:11:01,Рабочий тормозной цилиндр D-128850 / 8-97179-357-0 / 8-97081-148-0 F.RH ELF NKR/NQR/NPRTURBO Дизель,2,909,Дизель,D-128850,Москва
2025-12-28 14:11:01,Рабочий тормозной цилиндр D-128851 / 8-97179-358-0 / 8-97081-147-0 F.LH ELF NKR/NQR/NPRTURBO Дизель,2,905,Дизель,D-128851,Москва
2025-12-28 14:11:01,Рабочий тормозной цилиндр D-129595 / HDE-049 / 47510-1950 / 209-6F66-7-1/2 HINO700 Дизель,3,6264,Дизель,D-129595,Москва
2025-12-28 14:11:01,Рабочий тормозной цилиндр LP-5489 58420-5H601 HYUNDAI COUNTY/HD45/HD65/HD72/HD78 REAR R BWC Y,7,4300,Yamasida,58420-5H601,Москва
2025-12-28 14:11:01,Рабочий тормозной цилиндр LP-5490 58350-5H601 HYUNDAI COUNTY/HD45/HD65/HD72/HD78 REAR L BWC Y,5,4484,Yamasida,58350-5H601,Москва
2025-12-28 14:11:01,Рабочий тормозной цилиндр LP-5493 58230-5K000 HYUNDAI COUNTY/HD45/HD65/HD72/HD78 FRONT R BWC Y,7,4560,Yamasida,58230-5K000,Москва
2025-12-28 14:11:01,Рабочий тормозной цилиндр LP-5494 58220-5K000 HYUNDAI COUNTY/HD45/HD65/HD72/HD78 FRONT BWC Y,4,3241,Yamasida,58220-5K000,Москва
2025-12-28 14:11:01,Рабочий тормозной цилиндр LP-5495 58120-5K000 HYUNDAI COUNTY/HD45/HD65/HD72/HD78 FRONT BWC Y,5,4404,Yamasida,58120-5K000,Москва
2025-12-28 14:11:01,"Рабочий цилиндр сцепления 1-1/16"" 8-97160-881-0 ELF,NHR,NKR,NPR,NQR 1996~ Y",1,2179,Yamasida,8-97160-881-0,Москва
2025-12-28 14:11:01,"Рабочий цилиндр сцепления 1"" 8-97024-297-0/8-97032-846-1/851-1 ELF,NKR,NQR,NPR 1988~98 SKV",4,956,SKV,8-97024-297-0,Москва
2025-12-28 14:11:01,"Рабочий цилиндр сцепления 1"" 8-97024-297-0/8-97032-846-1/851-1 ELF,NKR,NQR,NPR 1988~98 Y",1,1281,Yamasida,8-97024-297-0,Москва
2025-12-28 14:11:01,"Рабочий цилиндр сцепления 1"" 8-97039-709-0 ELF,NPR,NQR8.7T 1998~ SKV",3,1096,SKV,8-97039-709-0,Москва
2025-12-28 14:11:01,"Рабочий цилиндр сцепления 11/16"" 30620-V6370 NISSAN F23 92~ Y",2,1078,Yamasida,30620-V6370,Москва
2025-12-28 14:11:01,"Рабочий цилиндр сцепления 3/4"" 30620-0T003 ATLAS,CABSTARF23,H41 1993~96 Y",2,1452,Yamasida,30620-0T003,Москва
2025-12-28 14:11:01,"Рабочий цилиндр сцепления 3/4"" 31470-37040 DYNABU212,222,COASTERBB50,58 1996~ SKV",2,961,SKV,31470-37040,Москва
2025-12-28 14:11:01,"Рабочий цилиндр сцепления 3/4"" S093-41-920 MAZDA RF/R2 Y",1,768,Yamasida,S093-41-920,Москва
2025-12-28 14:11:01,Рабочий цилиндр сцепления 41700-43150 HYUNDAI Porter H-100 /H-200/STAREX SKV,4,862,SKV,41700-43150,Москва
2025-12-28 14:11:01,Рабочий цилиндр сцепления 41700-5H000 HYUNDAI HD65/HD72/HD78 SKV,5,1223,SKV,41700-5H000,Москва
2025-12-28 14:11:01,Рабочий цилиндр сцепления 41700-5H100 LP-5600 HYUNDAI HD65/HD72/HD78 Y,4,1674,Yamasida,41700-5H100,Москва
2025-12-28 14:11:01,Рабочий цилиндр сцепления 41700-5K500 LP-5601 HYUNDAI HD65/HD72/HD78 ORIG,1,4595,Hyundai-Kia,41700-5K500,Москва
2025-12-28 14:11:01,"Рабочий цилиндр сцепления 7/8"" W201-41-920A/920B T2600,T3000,T3500 1990~98 Y",1,2459,Yamasida,W201-41-920A,Москва
2025-12-28 14:11:01,Рабочий цилиндр сцепления D-128081 / 504303304 Iveco Дизель,3,5009,Дизель,D-128081,Москва
2025-12-28 14:11:01,"Рабочий цилиндр сцепления ME609069 7/8"" CANTER FE435 SKV",6,1197,SKV,ME609069,Москва
2025-12-28 14:11:01,Радиатор 752W06100-0002 HOWO ORIG,2,23995,Howo,752W06100-0002,Москва
2025-12-28 14:11:01,Радиатор D-128166 / 752W06100-0002 HOWO Дизель,1,19008,Дизель,D-128166,Москва
2025-12-28 14:11:01,Радиатор QY012370/ME418713 Fuso Canter TF ORIG,1,84392,Mitsubishi,QY012370,Москва
2025-12-28 14:11:01,Радиатор интеркулера 752W06100-0003 HOWO ORIG,2,20185,Howo,752W06100-0003,Москва
2025-12-28 14:11:01,Радиатор интеркулера D-128167 / 752W06100-0003 HOWO Дизель,1,16052,Дизель,D-128167,Москва
2025-12-28 14:11:01,Радиатор кондиционера D-125965 / 8105100Y5CH4 JAC N350 Дизель,3,6206,Дизель,D-125965,Москва
2025-12-28 14:11:01,Радиатор кондиционера D-126585 / 712W61942-0642 Howo/Sitrak C7H Дизель,1,4538,Дизель,D-126585,Москва
2025-12-28 14:11:01,Радиатор кондиционера D-127709 / 8105300LE09003 JAC N120 LE35S Дизель,1,16852,Дизель,D-127709,Москва
2025-12-28 14:11:01,Радиатор основной D-126273/1-21410-932-3/IS-0110-53 867*718*56 C-series RHD 2010-2018 6WG1 Дизель,2,30679,Дизель,D-126273,Москва
2025-12-28 14:11:01,Радиатор основной D-126280/ME406849/MI-0138-48-К FUSO 6D17/6D16/6M61 92-99 Дизель,2,14842,Дизель,D-126280,Москва
2025-12-28 14:11:01,Радиатор основной D-128064/12779/PL041332A; 575x638x40; HINO RANGER; 16090-6450/16090-6060 Дизель,1,14975,Дизель,D-128064,Москва
2025-12-28 14:11:01,Радиатор отопителя 8126100U1510-50 S5 JAC ORIG,3,5240,JAC,8126100U1510-50,Москва
2025-12-28 14:11:01,Радиатор отопителя 812W61942-0096 HOWO ORIG,1,7024,Howo,812W61942-0096,Москва
2025-12-28 14:11:01,Радиатор охлаждения 1301011W5030/1301010W5030 JAC N35 ORIG,1,15938,JAC,1301011W5030,Москва
2025-12-28 14:11:01,Радиатор охлаждения двигателя D-125277 / 8-97371-010-0 4HF1 NQR71 Дизель,1,20511,Дизель,D-125277,Москва
2025-12-28 14:11:01,"Радиатор охлаждения двигателя D-127354 / 1769999 / 1784615 Scania P,G,R,T- series Дизель",4,17735,Дизель,D-127354,Москва
2025-12-28 14:11:01,Радиатор охлаждения двигателя с интеркулером D-126586 / 712W06100-0065 / wg9925530136+wg9925530137 Sitrak C7H Дизель,3,42238,Дизель,D-126586,Москва
2025-12-28 14:11:01,Радиатор теплообменника (маслоохладителя) 8-97334-100-2 4HK1 Евро3 ORIG,2,33705,Isuzu,8-97334-100-2,Москва
2025-12-28 14:11:01,Радиатор теплообменника 8-98062-207-0/8-98063-861-0 6HK1 Евро3/4 FVR34 ORIG,6,34250,Isuzu,8980622070,Москва
2025-12-28 14:11:01,Радиатор трансмиссии D-128078 / 1-21700-290-0 / 1-21700-394-0 CYZ51/EXZ51 Дизель,1,4325,Дизель,D-128078,Москва
2025-12-28 14:11:01,Рама инструментальной панели MK569093 Fuso Canter ORIG,2,7214,Mitsubishi,MK569093,Москва
2025-12-28 14:11:01,Рамка ручки двери внутр лев 6102013LD060 JAC N120 (NON-GENUINE),1,319,Noname,6102013LD060,Москва
2025-12-28 14:11:01,Рамка фары противотуманной правая 2803211U1510 S5 JAC ORIG,1,99,JAC,2803211U1510,Москва
2025-12-28 14:11:01,Рампа топливная 612630080038 JAC N350 WP10 E-5 ORIG,1,23701,JAC,612630080038,Москва
2025-12-28 14:11:01,Рампа топливная 8-98239-520-0/1 FVR34 E-5 ORIG,3,100414,Isuzu,8-98239-520-0,Москва
2025-12-28 14:11:01,Распредвал 1000053886 JAC N350 WP10 E-5 ORIG,2,14878,JAC,1000053886,Москва
2025-12-28 14:11:01,Распредвал 24110-42501 HYUNDAI PORTER ORIG,3,6579,Hyundai-Kia,24110-42501,Москва
2025-12-28 14:11:01,Распредвал 4988630 JAC N120/Камаз Cummins ISF3.8 Е-5,3,7389,Дизель,4988630,Москва
2025-12-28 14:11:01,Распредвал 6HE1/6HH1 D-127049 / 8-94396-425-1 L=810mm Дизель,1,14145,Дизель,D-127049,Москва
2025-12-28 14:11:01,Распредвал D-125154 / 13501-1620/S1350-11620 HINO 500 J08E Дизель,1,17271,Дизель,D-125154,Москва
2025-12-28 14:11:01,Распредвал D-125971 / 1000053886 JAC N350 WP10 E-5 Дизель,1,13096,Дизель,D-125971,Москва
2025-12-28 14:11:01,Распредвал D-126288 / ME017266 / ME011895 L=545mm 4D33/4D34/4D35/4D36 Дизель,1,6287,Дизель,D-126288,Москва
2025-12-28 14:11:01,Распредвал D-126289 / 8-97077-829-0 L=555mm N series 4HF1 4HE1 4HH1 Дизель,1,8332,Дизель,D-126289,Москва
2025-12-28 14:11:01,Распредвал D-126588 / 200-04400-6050 MC11 Sitrak C7H Дизель,1,15317,Дизель,D-126588,Москва
2025-12-28 14:11:01,Распредвал D-128671 / L6000000-PJTL / 1006016-36D /29D FAW Дизель,1,8234,Дизель,D-128671,Москва
2025-12-28 14:11:01,Распредвал D-129475 / 1006016A81D FAW CA6DM2 Дизель,1,10602,Дизель,D-129475,Москва
2025-12-28 14:11:01,Распредвал J08E D-125275 / 13501-E0270 HINO 500 Euro 4 Дизель,1,19249,Дизель,D-125275,Москва
2025-12-28 14:11:01,Распылитель D-128528 / DLLA150SND238 / 093400-2380 HIN F17D Дизель,2,649,Дизель,D-128528,Москва
2025-12-28 14:11:01,Распылитель D-128529 / DLLA142SN582 / 105015-5820 HIN H07C Дизель,2,649,Дизель,D-128529,Москва
2025-12-28 14:11:01,Распылитель D-128530 / DLLA154PN147 / 105017-1470 IS 4HF1 4HG1 4HJ1 Дизель,2,790,Дизель,D-128530,Москва
2025-12-28 14:11:01,Распылитель D-128531 / DLLA160P50 / 093400-5500 MMC 4D31 4D32 4D33 Дизель,2,767,Дизель,D-128531,Москва
2025-12-28 14:11:01,Распылитель D-128559 / DLLA160SM021 / ME738606 / 105025-0210 MMC Дизель,2,649,Дизель,D-128559,Москва
2025-12-28 14:11:01,Распылитель D-128560 / DLLA161PN132 / 105017-1320 NIS FD42/46 Дизель,2,790,Дизель,D-128560,Москва
2025-12-28 14:11:01,Распылитель D-128561 / DLLA150SN917 / 105015-9170 NIS FE6 Дизель,2,649,Дизель,D-128561,Москва
2025-12-28 14:11:01,Распылитель D-128940 / DLLA150SND228 / 093400-2280 HINO H07D Дизель,2,628,Дизель,D-128940,Москва
2025-12-28 14:11:01,Распылитель D-128943 / DLLA160PN159 / ME017842 / 105017-1590 ISUZU 4HF1 Дизель,2,767,Дизель,D-128943,Москва
2025-12-28 14:11:01,Распылитель D-128945 / DLLA161PN109 / 105017-1090 ISUZU 6HE1 Дизель,2,767,Дизель,D-128945,Москва
2025-12-28 14:11:01,Распылитель D-128949 / DN0SD2110 / 105000-1650 / 0434250009 MMC 4D30 Дизель,2,546,Дизель,D-128949,Москва
2025-12-28 14:11:01,Распылитель D-128950 / DLLA157P641 / 093400-6410 MMC 4D33 4D35 Дизель,2,767,Дизель,D-128950,Москва
2025-12-28 14:11:01,Распылитель D-130052 / 105015-7550 / DLLA155SN755 MMC 6D14 Дизель,2,577,Дизель,D-130052,Москва
2025-12-28 14:11:01,Распылитель D-130054 / 105015-7890 / DLLA155SN789 NIS FE6 Дизель,2,649,Дизель,D-130054,Москва
2025-12-28 14:11:01,Распылитель D-130056 / DLLA160SN822 / 105015-8221 / 9 432 612 357 MMC 6D40 Дизель,4,373,Дизель,D-130056,Москва
2025-12-28 14:11:01,Распылитель D-130058 / DLLA160SN827 / 105015-8270 HIN Дизель,2,649,Дизель,D-130058,Москва
2025-12-28 14:11:01,Распылитель D-130059 / DLLA148SN841 / 105015-8410 NIS PF6 Дизель,4,609,Дизель,D-130059,Москва
2025-12-28 14:11:01,Распылитель D-130060 / DLLA160SN844 / 105015-8440 MMC 8DC10 Дизель,5,675,Дизель,D-130060,Москва
2025-12-28 14:11:01,Распылитель D-130061 / DLLA154SN847 / ME26981 / 105015-8470 MMC 6D15T Дизель,4,717,Дизель,D-130061,Москва
2025-12-28 14:11:01,Распылитель D-130064 / DLLA150SN867 / 105015-8670 HIN K13D Дизель,2,649,Дизель,D-130064,Москва
2025-12-28 14:11:01,Распылитель D-130065 / DLLA150SN868 / 105015-8680 HIN Дизель,2,649,Дизель,D-130065,Москва
2025-12-28 14:11:01,Распылитель D-130066 / DLLA150SN871 / 105015-8710 HIN F20C Дизель,2,642,Дизель,D-130066,Москва
2025-12-28 14:11:01,Распылитель D-130069 / DLLA150SN902 / 105015-9020 HIN F17E Дизель,2,649,Дизель,D-130069,Москва
2025-12-28 14:11:01,Распылитель D-130070 / DLLA156SN921 / 105015-9210 HIN V25C Дизель,2,790,Дизель,D-130070,Москва
2025-12-28 14:11:01,Распылитель D-130072 / DLLA154PN007 / 105017-0070 Дизель,2,790,Дизель,D-130072,Москва
2025-12-28 14:11:01,"Распылитель D-130074 / DLLA154PN049 / 105017-0490 IS 6BD1,6BG1 Дизель",2,824,Дизель,D-130074,Москва
2025-12-28 14:11:01,Распылитель D-130075 / DLLA154PN061 / 105017-0610 IS 4BE1 Дизель,2,790,Дизель,D-130075,Москва
2025-12-28 14:11:01,Распылитель D-130077 / DLLA157PN090 / 105017-0900 NIS BD30 Дизель,2,790,Дизель,D-130077,Москва
2025-12-28 14:11:01,"Распылитель D-130078 / DLLA156PN121 / 105017-1210 IS 4HF1 ELF NPR66, NKR66 90-92 Дизель",2,790,Дизель,D-130078,Москва
2025-12-28 14:11:01,Распылитель D-130080 / DLLA155PN198 / 105017-1980 NIS FE6 Дизель,2,790,Дизель,D-130080,Москва
2025-12-28 14:11:01,Распылитель D-130082 / DLLA157SM051 / 105019-0371 MMC 6D17 Дизель,3,675,Дизель,D-130082,Москва
2025-12-28 14:11:01,Распылитель D-130085 / NP-DLLA158SM073 / 105025-0730 / 105015-0730 / 16620-97077 NIS RH10E Дизель,2,671,Дизель,D-130085,Москва
2025-12-28 14:11:01,"Распылитель D1 D-130055 / 105015-8200 / DLLA156SN820 IS 8PD1, 10PD1, 12P Дизель",2,649,Дизель,D-130055,Москва
2025-12-28 14:11:01,Распылитель HIN EF550/750 D-130019 / DLLA150SND154 / 093400-1540 Дизель,6,675,Дизель,D-130019,Москва
2025-12-28 14:11:01,Распылитель HIN EF750/550 D-130043 / DLLA150S424N470 / 105015-4700 Дизель,2,790,Дизель,D-130043,Москва
2025-12-28 14:11:01,Распылитель HIN EP100-T D-130048 / DLLA150SN722 / 105015-7220 Дизель,2,649,Дизель,D-130048,Москва
2025-12-28 14:11:01,Распылитель HIN H07C-T D-130020 / DLLA150SND229 / 093400-2292 Дизель,2,649,Дизель,D-130020,Москва
2025-12-28 14:11:01,"Распылитель HIN K13C, K13D D-130047 / DLLA150SN702 / 105015-7020 Дизель",4,462,Дизель,D-130047,Москва
2025-12-28 14:11:01,Распылитель HIN V22C D-130050 / DLLA150SN739 / 105015-7390 Дизель,8,462,Дизель,D-130050,Москва
2025-12-28 14:11:01,Распылитель HIN W04D D-130021 / DLLA155SND234/093400-2340 Дизель,2,441,Дизель,D-130021,Москва
2025-12-28 14:11:01,"Распылитель IS 10PC1, 12PC1 D-130046 / DLLA154SN665 / 105015-6651 Дизель",2,649,Дизель,D-130046,Москва
2025-12-28 14:11:01,Распылитель IS D-130041 / 9432610021 / 105000-1770 / 093400-1630 / DN0SD177 Дизель,2,564,Дизель,D-130041,Москва
2025-12-28 14:11:01,Распылитель MMC 4D33 D-130018 / DLLA160P610 / 093400-6100 Дизель,2,790,Дизель,D-130018,Москва
2025-12-28 14:11:01,Распылитель MMC 8DC8 D-130049 / DLLA160SN731 / 105015-7310 Дизель,2,649,Дизель,D-130049,Москва
2025-12-28 14:11:01,Распылитель NIS RE8 DLLA155SN858/105015-8580 ZEXEL,8,4859,Zexel,105015-8580,Москва
2025-12-28 14:11:01,"Распылитель NP-DLLA150SM105 105025-1050/105019-2220/-0670 23640-2440/23660-1580 F17D,P11C MIRAI",4,852,Дизель,NP-DLLA150SM105,Москва
2025-12-28 14:11:01,Распылитель NP-DLLA152PN112 Zexel,6,2957,Zexel,105015-7580,Москва
2025-12-28 14:11:01,"Распылитель NP-DLLA156SM200 105025-2000 1-51311-286-0 10PE1,12PE1 MIRAI /=DLLA154SM009/ / 6032",2,880,Mirai,DLLA156SM200,Москва
2025-12-28 14:11:01,Распылитель NP-DLLA157SM051 105019-0371/105025-0510/9661 ME738924/ME738459 6D17 MIRAI / 6148,2,791,Дизель,NP-DLLA157SM051,Москва
2025-12-28 14:11:01,Распылитель TOY 14B D-130024 / DLLA150P59 / 093400-5590/0 433 171 059 Дизель,2,790,Дизель,D-130024,Москва
2025-12-28 14:11:01,Распылитель ZEXEL/FUSO 6D16/1050158480; 105015-8480; ME726982,6,1111,Zevs,064-01-0092,Москва
2025-12-28 14:11:01,Распылитель ZEXEL/HINO F20C / NP-DLLA150SM018; 105019-0550; 105025-0180 / 1050190550; 105019-0550; 1,8,845,Zevs,9 432 610 809,Москва
2025-12-28 14:11:01,Распылитель ZEXEL/ISUZU 4BD1/ISUZU 6BG1/ISUZU 6BD1/ISUZU 4BG1 / / дубликат / NP-DLLA158SN869; 10501,4,950,Zevs,NP-DLLA158SN869,Москва
2025-12-28 14:11:01,Распылитель ZEXEL/UD PF6T / 1050159630; 105015-9630; 1050159632; 105015-9632; 1050190471; 105019-0471; 1662096575; 16620-96575 / NP-DLLA161SN963; 105015-9630; 105015-9632; 105019-0471 /,1,722,Zevs,105015-9630,Москва
2025-12-28 14:11:01,Распылитель форсунки DLLA150P193 FAW CA6DL2-35,6,596,Дизель,DLLA150P193,Москва
2025-12-28 14:11:01,Регулятор давления воздуха D-129476 / A-4740-1 JAC N350 Дизель,1,4045,Дизель,D-129476,Москва
2025-12-28 14:11:01,"Регулятор давления пневмосистемы тормозов D-127840 / HDE-026 /MC808718 FUSO 6,8-8,0/7.0-8.2kg Дизель",1,1145,Дизель,D-127840,Москва
2025-12-28 14:11:01,Регулятор давления топлива D-127792 / 23280-E0090 HINO700 Дизель,2,2613,Дизель,D-127792,Москва
2025-12-28 14:11:01,"Регулятор давления топливной рампы 8-98097-606-0 F,C-series ORIG",1,31236,Isuzu,8-98097-606-0,Москва
2025-12-28 14:11:01,Регулятор света D-128466 / WG9918580039 HOWO T5G Дизель,1,1485,Дизель,D-128466,Москва
2025-12-28 14:11:01,Регулятор тормозных сил 59410-4F000 HYUNDAI PORTER II ORIG,1,8501,Hyundai-Kia,59410-4F000,Москва
2025-12-28 14:11:01,Регулятор тормозных сил с воздухораспределением 4757120007 WABCO,1,24341,Wabco,4757120007,Москва
2025-12-28 14:11:01,Редуктор бортовой с сателлитами D-128435 /81.35114.0110 / 81.35114.6113 /19081910301 MAN SHAANXI F3000/X3000 Дизель,1,12289,Дизель,D-128435,Москва
2025-12-28 14:11:01,Редуктор в сборе BB19320040 JAC N35 ORIG,1,42346,JAC,BB19320040,Москва
2025-12-28 14:11:01,Редуктор в сборе MK611243 Fuso Canter TF E-5 ORIG,1,649092,Mitsubishi,MK611243,Москва
2025-12-28 14:11:01,Редуктор заднего моста BB32410030-B N75 JAC ORIG,3,67754,JAC,BB32410030-B,Москва
2025-12-28 14:11:01,Редуктор моста заднего в сборе D-125973 / HFF2402100CK2BZ4(D) JAC N350 Дизель,1,171265,Дизель,D-125973,Москва
2025-12-28 14:11:01,Редуктор рулевой D-126291 / 8-97305-047-6 N-series Дизель,1,38990,Дизель,D-126291,Москва
2025-12-28 14:11:01,"Резистор блока управления двигателя D-128145 / 8-97357-613-0 C,F,N- series Дизель",2,1245,Дизель,D-128145,Москва
2025-12-28 14:11:01,Резистор отопителя 8114030LE010 JAC N75/N80/N120 Камаз Компас-9/12 (NON-GENUINE),1,911,Noname,8114030LE010,Москва
2025-12-28 14:11:01,Реле D-125974 / 3735990LE010 JAC N350 Дизель,1,662,Дизель,D-125974,Москва
2025-12-28 14:11:01,Реле D-125975 / 95241-8C000 5-ти контактное JAC N350 Дизель,1,297,Дизель,D-125975,Москва
2025-12-28 14:11:01,Реле D-125977 / 95242-Y3B00 JAC N350 Дизель,1,298,Дизель,D-125977,Москва
2025-12-28 14:11:01,Реле втягивающее 8-98285-039-0 (для стартера 8982616690) F-series ORIG,2,13365,Isuzu,8-98285-039-0,Москва
2025-12-28 14:11:01,Реле массы D-126697/S8449-01260/3736010-T38B0 24V E13C HINO 700 Дизель,2,1589,Дизель,D-126697,Москва
2025-12-28 14:11:01,Реле нагрузки (5 конт.) 81.25902.0459 SHACMAN F3000,1,275,Дизель,81.25902.0459,Москва
2025-12-28 14:11:01,Реле отопителя 81.25935.6706 SHACMAN,1,1036,Дизель,81.25935.6706,Москва
2025-12-28 14:11:01,Реле отопителя D-126590 / WG1664821019/5 Howo/Sitrak C7H Дизель,2,2323,Дизель,D-126590,Москва
2025-12-28 14:11:01,Реле поворота 95550-8D500 HYUNDAI HD65/78/120 D4GA/D6GA ORIG,1,5288,Hyundai-Kia,95550-8D500,Москва
2025-12-28 14:11:01,Реле поворота для светодиод TH-S313L / MC855843 / 066500-2900 / MC887166 24V11P Yamasida,1,2711,Yamasida,TH-S313L,Москва
2025-12-28 14:11:01,Реле поворота для светодиод TH-S508L 25390-00Z09/25390-00890/25390-00Z01/1-81988007-8 ISUZU 24V 6P,2,1392,Yamasida,25390-00Z09,Москва
2025-12-28 14:11:01,Реле поворота для светодиодов D-128515 / MC898264 / 066500-3590 / 066500-3391 / MC896426 24V Дизель,2,684,Дизель,D-128515,Москва
2025-12-28 14:11:01,Реле поворота для светодиодов D-128533 / 8-94143430-0 / 066500-1511 / TH-S513L NPR 24V 3P Дизель,2,331,Дизель,D-128533,Москва
2025-12-28 14:11:01,Реле подогрева 36860-82000 HD120 ORIG,1,6251,Hyundai-Kia,36860-82000,Москва
2025-12-28 14:11:01,Реле света D-128504 / 8-97063-440-2 / TH-R518V ISUZU 24V 5P Дизель,3,258,Дизель,D-128504,Москва
2025-12-28 14:11:01,Реле света DYNA/TOYOACE 24V 4P TH-R708V/90987-03002 BU6#7#8#9#XZU130/140 84~99 Y,2,549,Yamasida,90987-03002,Москва
2025-12-28 14:11:01,Реле света FUSO 24V 4P TH-R315(V) 8972649470/2738102-A Y,9,1175,Yamasida,8-97264-947-0,Москва
2025-12-28 14:11:01,Реле света FUSO 24V 4P TH-R317 MC897148 Y,1,913,Yamasida,MC897148,Москва
2025-12-28 14:11:01,Реле света FUSO 24V 5P TH-R323 MC898884 Y,2,661,Yamasida,MC898884,Москва
2025-12-28 14:11:01,Реле света HINO 24V 4P 20A TH-R706BV 85920-2660/156700-2310 Y,4,405,Yamasida,85920-2660,Москва
2025-12-28 14:11:01,Реле света HINO 24V 4P 20A TH-R706CV 85920-2650/156700-2321 Y,2,386,Yamasida,85920-2650,Москва
2025-12-28 14:11:01,Реле света HINO 24V 4P TH-R508 85920-2370/056800-1930 Y,2,1084,Yamasida,85920-2370,Москва
2025-12-28 14:11:01,Реле света HINO 24V 4P TH-R510 85920-1620 Y,2,703,Yamasida,85920-1620,Москва
2025-12-28 14:11:01,Реле света HINO 24V 4P TH-R527 85920-1200A/056700-5370 !,2,679,Yamasida,85920-1200A,Москва
2025-12-28 14:11:01,Реле света HINO 24V 4P TH-R528 88630-E0060/156700-3850 Y,2,449,Yamasida,156700-3850,Москва
2025-12-28 14:11:01,Реле света HINO 24V 5P TH-R505 85920-1510/056700-7341 Y,6,733,Yamasida,85920-1510,Москва
2025-12-28 14:11:01,Реле света HINO 24V 5P TH-R509 85920-1470/056700-6922,2,842,Yamasida,85920-1470,Москва
2025-12-28 14:11:01,Реле света ISUZU 24V 4P TH-R516 1-82550146-0/25550-Z5001/1-82250176-0 Y,2,593,Yamasida,1-82550-146-0,Москва
2025-12-28 14:11:01,Реле света ISUZU 24V 5P TH-R518V 8-97063-440-2 Y,1,444,Yamasida,8-97063-440-2,Москва
2025-12-28 14:11:01,Реле света ISUZU CXz 24V 4P TH-R530 1-82550176-0/MR5L223A2K Y,1,524,Yamasida,1-82550-176-0,Москва
2025-12-28 14:11:01,Реле света ISUZU/NISSAN/KOMATSU 24V 5P TH-R514 8-94118912-0/25550-Z5002 22W-0613450 Y,5,657,Yamasida,8-94118-912-0,Москва
2025-12-28 14:11:01,Реле света MITSIBISHI 24V 4P TH-R314V MC867657 Y,2,590,Yamasida,MC867657,Москва
2025-12-28 14:11:01,Реле света NISSAN UD 24V 4P TH-R504 25230-01500/25230-01J00 Y,2,1084,Yamasida,25230-01500,Москва
2025-12-28 14:11:01,Реле сигнализац. разрыва провода 1В24937500005 Fot,2,71,Foton,1В24937500005,Москва
2025-12-28 14:11:01,Реле стеклоочистителя D-125980 / 95240-88000 JAC N350 Дизель,1,239,Дизель,D-125980,Москва
2025-12-28 14:11:01,Реле указателей поворота 81980-1680 ISUZU EXR/HINO 21T-35T TH-S308 Y,1,964,Yamasida,81980-1680,Москва
2025-12-28 14:11:01,Реле указателей поворота HINO 24/6P TH-S309/066500-5490/81980-1930 !,1,1998,Yamasida,066500-5490,Москва
2025-12-28 14:11:01,Реле указателей поворота HINO 24V 5P TH-S306 81980-1650/066500-3570,2,1014,Yamasida,066500-3040,Москва
2025-12-28 14:11:01,Реле указателей поворота HINO/FUSO 24/3P TH-S302/066500-1521/81980-1360/81980/1310/066500-0860 Y,1,771,Yamasida,066500-1521,Москва
2025-12-28 14:11:01,Реле указателей поворота ISUZU 24/3P TH-S510/066500-3201/8-97086-508-1 Y,2,1578,Yamasida,8-97086-508-1,Москва
2025-12-28 14:11:01,Реле указателей поворота ISUZU/NQR71/75/85/NLR/NPR75 24V 5P TH-S518 8-98025-533-1 Y,2,1617,Yamasida,8-98025-533-1,Москва
2025-12-28 14:11:01,Реле указателей поворота TH-S305 MMC FUSO 24V 5P MC848790/066500-2080/MC849878 Y,2,1331,Yamasida,MC848790,Москва
2025-12-28 14:11:01,Реле указателей поворота TH-S508/1-81988-007-8 ISUZU/UD CW-520 Y,1,1834,Yamasida,1-81988-007-8,Москва
2025-12-28 14:11:01,Реле указателей поворота TOYOTA 24/5P TH-S713/066500-4610/81980-37080 Y,2,1689,Yamasida,066500-4610,Москва
2025-12-28 14:11:01,Реле универсальное 24V 5P 90987-04002B/056700-6780,1,237,Дизель,90987-04002B,Москва
2025-12-28 14:11:01,Реле универсальное TH-R904V/142016021 24V 4P 40A,2,351,Yamasida,142016021,Москва
2025-12-28 14:11:01,Ремень 0K88R-12205 (аналог) BONGO III 2.9 !,1,1572,Дизель,0K88R-12205,Москва
2025-12-28 14:11:01,Ремень 10PK2470 D-126706/1529222/1920231/1987947079 SCANIA P/G/R/T-SERIES Дизель,7,990,Дизель,D-126706,Москва
2025-12-28 14:11:01,Ремень 13*1125 / D-126776 / VG1500060228 HOWO Дизель,4,416,Дизель,D-126776,Москва
2025-12-28 14:11:01,Ремень генератора 28341 Iveco Lemfoerder,1,1461,Lemforder,283 4101,Москва
2025-12-28 14:11:01,Ремень 500301260/17A1220HD Iveco,1,806,Iveco,17A1220HD,Москва
2025-12-28 14:11:01,Ремень 8PK1920/200V96820-0345 HOWO T5G,2,1200,Дизель,200V96820-0345,Москва
2025-12-28 14:11:01,Ремень генератора 8PK952Iveco,1,596,JMC,8PK952,Москва
2025-12-28 14:11:01,Ремень AV13*1233 D-129481 / 1308032-630-114BA FAW Дизель,6,505,Дизель,D-129481,Москва
2025-12-28 14:11:01,Ремень D-129050 / 4PK829 / 1307003-М10-01085 FAW Дизель,6,359,Дизель,D-129050,Москва
2025-12-28 14:11:01,Ремень D-129480 / 4PK830S FAW Дизель,1,359,Дизель,D-129480,Москва
2025-12-28 14:11:01,Ремень L=1150 HOWO,2,181,Howo,L=1150,Москва
2025-12-28 14:11:01,Ремень V13x1300La Optibelt,2,1444,Optibelt,13x1300,Москва
2025-12-28 14:11:01,Ремень вентилятора 1-13671-463-1 / 1-87610-236-0 (2шт) CYZ51K EURO3 6WF1 ORIG,3,7229,Isuzu,1-13671-463-1,Москва
2025-12-28 14:11:01,Ремень вентилятора 1-87610-072-0 / 1-87610-236-0 / 1-13671-463-1 (2шт) CYZ51K EURO3 6WF1 ORIG CHINA,12,4155,Isuzu,1-87610-236-0,Москва
2025-12-28 14:11:01,Ремень вентилятора 10PK1045/612600061360 SHACMAN WP10/WP12,2,754,Дизель,612600061360,Москва
2025-12-28 14:11:01,Ремень вентилятора 17*1029 D-129482 / 1308032-M10-01085 FAW Дизель,6,680,Дизель,D-129482,Москва
2025-12-28 14:11:01,Ремень вентилятора 5-87610-098-0/8-97180-199-1/5-87610-261-0 (2шт) N-series ORIG,5,2308,Isuzu,5-87610-261-0,Москва
2025-12-28 14:11:01,Ремень вентилятора D-126424 / 1-13671-463-1 CYZ51K (8570) EURO3 6WF1 (2 шт) Дизель,4,1164,Дизель,D-126424,Москва
2025-12-28 14:11:01,Ремень вентилятора/генератора 8-97362-815-0 4HK1 ORIG,1,2094,Isuzu,8-97362-815-0,Москва
2025-12-28 14:11:01,Ремень генератора 13*1150 / D-126777 / 3701013-600-0263 FAW J6 E-5 Дизель,4,356,Дизель,D-126777,Москва
2025-12-28 14:11:01,Ремень генератора D-125981/10PK1025/612600062461 JAC N350 WP10 Дизель,5,639,Дизель,D-125981,Москва
2025-12-28 14:11:01,"Ремень генератора D-128971 / 12.1.33.0428 / V13x830La SuperSnow, Optibelt Дизель",5,1519,Дизель,D-128971,Москва
2025-12-28 14:11:01,Ремень генератора D-129484 / 8PK795 / 6612600090600 SHACMAN WP10 Дизель,3,646,Дизель,D-129484,Москва
2025-12-28 14:11:01,Ремень генератора HINO300 SZ910-49326 / 0520131275 / 0131275SX / 541403 13х1275 Е-4 Abby Belt,8,354,Abby Belt,SZ910-49326,Москва
2025-12-28 14:11:01,Ремень генератора приводной 1-87610-238-0 / 8-97611-860-0 L=1190 6HK1 FVR34 ORIG CHINA,11,1394,Isuzu,1-87610-238-0,Москва
2025-12-28 14:11:01,Ремень генератора приводной 5-87610-056-0/8-98038-423-0/5-87610-264-0 NPR75 ORIG CHINA,18,1737,Isuzu,5-87610-056-0,Москва
2025-12-28 14:11:01,Ремень генератора приводной D-127600 / 8-98038-423-0/7PK1121/5-87610-056-0 ISUZU NPR75 Дизель,9,307,Дизель,D-127600,Москва
2025-12-28 14:11:01,Ремень ГРМ 94484/174SP+280H,7,973,Dayco,94484,Москва
2025-12-28 14:11:01,Ремень клиновой 500301260 Iveco Orig !,1,1656,Iveco,5 0030 1260,Москва
2025-12-28 14:11:01,Ремень компрессора 0520131500/PR101017/BL13X1500/MPMF6590/VB0802 1500*13*10 HD78/NQR71/75/NPR75,6,216,Abby Belt,0520131500,Москва
2025-12-28 14:11:01,Ремень компрессора 12.1.33.0412/V13x1415La SuperSnow/Optibelt,84,1645,Supersnow,12.1.33.0412,Москва
2025-12-28 14:11:01,Ремень компрессора кондиционера 5-87610-054-0/8-98010-841-1 NPR75/NQR90 ORIG CHINA,19,1206,Isuzu,5876100540,Москва
2025-12-28 14:11:01,Ремень компрессора кондиционера 8-97605-102-0 L=1114 FVR34 ORIG,19,1213,Isuzu,8-97605-102-0,Москва
2025-12-28 14:11:01,Ремень компрессора кондиционера 8-98010-841-1 NPR75/NQR90 ORIG,20,1389,Isuzu,8-98010-841-1,Москва
2025-12-28 14:11:01,Ремень кондиционера 5801395970 IVECO/HONGYAN,1,847,Дизель,5801395970,Москва
2025-12-28 14:11:01,Ремень крепления топливного бака 8-98202-448-0 L=1210 ORIG,1,6483,Isuzu,8-98202-448-0,Москва
2025-12-28 14:11:01,Ремень приводной 080V96820-0243 HOWO ORIG,5,1397,Howo,080V96820-0243,Москва
2025-12-28 14:11:01,Ремень приводной 13*1650 Abby Belt,2,474,Abby Belt,13*1650,Москва
2025-12-28 14:11:01,Ремень приводной 25212-37111 (6РК2000) AFA HD3D-25-072 Istana !,2,551,JMC,25212-37111,Москва
2025-12-28 14:11:01,Ремень приводной 25215-42041/13*750 la Hyundai Porter/Starex D4BF Abby Belt,2,188,Abby Belt,25215-42041,Москва
2025-12-28 14:11:01,Ремень приводной 3310/6310 13*787.4 (K),2,167,Дизель,13*787.4,Москва
2025-12-28 14:11:01,Ремень приводной 3320/6320 13*812.8 (K),2,194,Дизель,13*812.8,Москва
2025-12-28 14:11:01,Ремень приводной 3325/6325 13*825.5 Abby Belt,2,194,Abby Belt,13*825.5,Москва
2025-12-28 14:11:01,Ремень приводной 3330/6330 13*838.2 Abby Belt,2,195,Abby Belt,13*838.2,Москва
2025-12-28 14:11:01,Ремень приводной 3380/6380 13*965.2 Abby Belt,1,184,Abby Belt,13*965.2,Москва
2025-12-28 14:11:01,Ремень приводной 3390 Abby Belt,2,334,Abby Belt,3390,Москва
2025-12-28 14:11:01,Ремень приводной 3390/6390 13*990.6 Abby Belt,4,229,Abby Belt,13*990.6,Москва
2025-12-28 14:11:01,Ремень приводной 3400/6400 13*1016 Abby Belt,2,209,Abby Belt,3400/6400,Москва
2025-12-28 14:11:01,Ремень приводной 3410/6410 13*1041.4 Abby Belt,2,217,Abby Belt,3410/6410,Москва
2025-12-28 14:11:01,Ремень приводной 3415 13*1054.1 Abby Belt,2,252,Abby Belt,13*1054.1,Москва
2025-12-28 14:11:01,Ремень приводной 3420/6420 13*1066.8 Abby Belt,1,233,Abby Belt,3420/6420,Москва
2025-12-28 14:11:01,Ремень приводной 3430/6430 13*1092.2 Abby Belt,4,252,Abby Belt,13*1092.2,Москва
2025-12-28 14:11:01,Ремень приводной 3440/6440 13*1117.6 Abby Belt,4,257,Abby Belt,13*1117.6,Москва
2025-12-28 14:11:01,Ремень приводной 3445/6445 13*1130.3 Abby Belt,2,231,Abby Belt,13*1130.3,Москва
2025-12-28 14:11:01,Ремень приводной 3455/6455 13*1155.7 Abby Belt,1,177,Abby Belt,3455/6455,Москва
2025-12-28 14:11:01,Ремень приводной 3460/6460 13*1168.4 Abby Belt,2,201,Abby Belt,3460/6460,Москва
2025-12-28 14:11:01,Ремень приводной 3470/6470 13*1193.8 Abby Belt,4,266,Abby Belt,13*1193.8,Москва
2025-12-28 14:11:01,Ремень приводной 3485/6485 13*1231.9 Abby Belt,4,250,Abby Belt,13*1231.9,Москва
2025-12-28 14:11:01,Ремень приводной 3495/6495 13*1257.3 Abby Belt,2,277,Abby Belt,13*1257.3,Москва
2025-12-28 14:11:01,Ремень приводной 3500/6500 13*1270 Abby Belt,2,288,Abby Belt,13*1270,Москва
2025-12-28 14:11:01,Ремень приводной 3520/6520 13*1320.8 (K),2,298,Дизель,13*1320.8,Москва
2025-12-28 14:11:01,Ремень приводной 3550/6550 13*1397 Abby Belt,4,307,Abby Belt,13*1397,Москва
2025-12-28 14:11:01,Ремень приводной 3560/6560 13*1422.4 Abby Belt,4,317,Abby Belt,13*1422.4,Москва
2025-12-28 14:11:01,Ремень приводной 3605/6605 13*1536.7 Abby Belt,4,337,Abby Belt,13*1536.7,Москва
2025-12-28 14:11:01,Ремень приводной 3610/6610 13*1549.4 Abby Belt,2,341,Abby Belt,13*1549.4,Москва
2025-12-28 14:11:01,Ремень приводной 3620/6620 13*1574.8 (K),2,279,Дизель,13*1574.8,Москва
2025-12-28 14:11:01,Ремень приводной 5390/8390 17*990.6 (K),9,317,Дизель,17*990.6,Москва
2025-12-28 14:11:01,Ремень приводной 5395/8395 17*1003.3 Abby Belt,2,318,Abby Belt,17*1003.3,Москва
2025-12-28 14:11:01,Ремень приводной 5405/8405 17*1028.7 Abby Belt,2,325,Abby Belt,17*1028.7,Москва
2025-12-28 14:11:01,Ремень приводной 5410/8410 17*1041.4 Abby Belt,4,288,Abby Belt,5410/8410,Москва
2025-12-28 14:11:01,Ремень приводной 5415/8415 17*1054.1 Abby Belt,2,329,Abby Belt,17*1054.1,Москва
2025-12-28 14:11:01,Ремень приводной 5440/8440 17*1117.6 Abby Belt,2,302,Abby Belt,17*1117.6,Москва
2025-12-28 14:11:01,Ремень приводной 5445/8445 17*1130.3 Abby Belt,2,307,Abby Belt,5445/8445,Москва
2025-12-28 14:11:01,Ремень приводной 5450/8450 17*1143 Abby Belt,4,343,Abby Belt,17*1143,Москва
2025-12-28 14:11:01,Ремень приводной 5455/8455 17*1155.7 Abby Belt,8,309,Abby Belt,17*1155.7,Москва
2025-12-28 14:11:01,Ремень приводной 5460/8460 17*1168.4 Abby Belt,2,370,Abby Belt,17*1168.4,Москва
2025-12-28 14:11:01,Ремень приводной 5465/8465 17*1181.1 Abby Belt,2,429,Abby Belt,17*1181.1,Москва
2025-12-28 14:11:01,Ремень приводной 5470/8470 17*1193.8 Abby Belt,4,320,Abby Belt,17*1193.8,Москва
2025-12-28 14:11:01,Ремень приводной 5475/8475 17*1206.5 Abby Belt,2,374,Abby Belt,17*1206.5,Москва
2025-12-28 14:11:01,Ремень приводной 5480/8480 17*1219.2 Abby Belt,2,375,Abby Belt,17*1219.2,Москва
2025-12-28 14:11:01,Ремень приводной 5490/8490 17*1244.6 Abby Belt,2,385,Abby Belt,17*1244.6,Москва
2025-12-28 14:11:01,Ремень приводной 5500/8500 17*1270 Abby Belt,2,416,Abby Belt,17*1270,Москва
2025-12-28 14:11:01,Ремень приводной 5510/8510 17*1295.4 Abby Belt,7,395,Abby Belt,17*1295.4,Москва
2025-12-28 14:11:01,Ремень приводной 5520/8520 17*1320.8 Abby Belt,2,407,Abby Belt,17*1320.8,Москва
2025-12-28 14:11:01,Ремень приводной 5535/8535 17*1358.9 Abby Belt,1,361,Abby Belt,17*1358.9,Москва
2025-12-28 14:11:01,Ремень приводной 5580/8580 17*1473.2 Abby Belt,1,293,Abby Belt,5580/8580,Москва
2025-12-28 14:11:01,Ремень приводной 5590/8590 16*1460 Abby Belt,1,417,Abby Belt,5590/8590,Москва
2025-12-28 14:11:01,Ремень приводной 5620/8620 17*1574.8 Abby Belt,2,430,Abby Belt,17*1574.8,Москва
2025-12-28 14:11:01,Ремень приводной 6РК1245 4М51 Abby Belt,1,537,Abby Belt,6РК1245,Москва
2025-12-28 14:11:01,Ремень приводной 7PK1035 Abby Belt,2,607,Abby Belt,7PK1035,Москва
2025-12-28 14:11:01,Ремень приводной 7PK1104 Abby Belt,2,643,Abby Belt,7PK1104,Москва
2025-12-28 14:11:01,Ремень приводной 7PK1140 Abby Belt,2,602,Abby Belt,7PK1140,Москва
2025-12-28 14:11:01,Ремень приводной 7PK990 Abby Belt,1,469,Abby Belt,7PK990,Москва
2025-12-28 14:11:01,Ремень приводной 9PK1155 Abby Belt,1,769,Abby Belt,9PK1155,Москва
2025-12-28 14:11:01,Ремень приводной D-126930 / 8PK1375 / 1023021-1085 / 1023021-M10-01085 FAW Дизель,2,903,Дизель,D-126930,Москва
2025-12-28 14:11:01,Ремень приводной D-127909 / 080V96820-0243 HOWO Дизель,2,787,Дизель,D-127909,Москва
2025-12-28 14:11:01,Ремень приводной D-127910 / 082V96820-1248 HOWO Дизель,2,473,Дизель,D-127910,Москва
2025-12-28 14:11:01,Ремень приводной D-129485 / 2420 9.5*1066.8 Дизель,2,186,Дизель,D-129485,Москва
2025-12-28 14:11:01,Ремень приводной D-129486 / 2430 9.5*1092.2 Дизель,8,194,Дизель,D-129486,Москва
2025-12-28 14:11:01,Ремень приводной D-129488 / 2470 9.5*1193.8 Дизель,2,167,Дизель,D-129488,Москва
2025-12-28 14:11:01,Ремень приводной D-129489 / 3240 /6240 13*609.6 Дизель,8,124,Дизель,D-129489,Москва
2025-12-28 14:11:01,Ремень приводной D-129490 / 3290 / 6290 13*736.6 Дизель,16,141,Дизель,D-129490,Москва
2025-12-28 14:11:01,Ремень приводной D-129491 / 3300 / 6300 13*762 Дизель,20,147,Дизель,D-129491,Москва
2025-12-28 14:11:01,Ремень приводной D-129492 / 3335 / 6335 13*850.9 Дизель,2,195,Дизель,D-129492,Москва
2025-12-28 14:11:01,Ремень приводной D-129493 / 3340 / 6340 13*863.6 Дизель,2,208,Дизель,D-129493,Москва
2025-12-28 14:11:01,Ремень приводной D-129494 / 3345 / 6345 13*876.3 Дизель,2,208,Дизель,D-129494,Москва
2025-12-28 14:11:01,Ремень приводной D-129495 / 3350 / 6350 13*889 Дизель,2,211,Дизель,D-129495,Москва
2025-12-28 14:11:01,Ремень приводной D-129496 / 3355 / 6355 13*901.7 Дизель,2,211,Дизель,D-129496,Москва
2025-12-28 14:11:01,Ремень приводной D-129497 / 3360 / 6360 13*914.4 Дизель,2,190,Дизель,D-129497,Москва
2025-12-28 14:11:01,Ремень приводной D-129498 / 3425 / 6425 13*1079.5 Дизель,2,243,Дизель,D-129498,Москва
2025-12-28 14:11:01,Ремень приводной D-129499 / 3435 / 6435 13*1104.9 Дизель,2,252,Дизель,D-129499,Москва
2025-12-28 14:11:01,Ремень приводной D-129500 / 3465 / 6465 13*1181.1 Дизель,2,266,Дизель,D-129500,Москва
2025-12-28 14:11:01,Ремень приводной D-129501 / 3477 / 6477 13*1211.58 Дизель,16,209,Дизель,D-129501,Москва
2025-12-28 14:11:01,Ремень приводной D-129502 / 3480 / 6480 13*1219.2 Дизель,1,275,Дизель,D-129502,Москва
2025-12-28 14:11:01,Ремень приводной D-129503 / 3510 / 6510 13*1295.4 Дизель,2,231,Дизель,D-129503,Москва
2025-12-28 14:11:01,Ремень приводной D-129504 / 3525 / 6525 13*1333.5 Дизель,2,298,Дизель,D-129504,Москва
2025-12-28 14:11:01,Ремень приводной D-129505 / 3530 / 6530 13*1346.2 Дизель,1,241,Дизель,D-129505,Москва
2025-12-28 14:11:01,Ремень приводной D-129506 / 3540 / 6540 13*1371.6 Дизель,8,241,Дизель,D-129506,Москва
2025-12-28 14:11:01,Ремень приводной D-129508 / 3590 / 6590 13*1498.6 Дизель,2,329,Дизель,D-129508,Москва
2025-12-28 14:11:01,Ремень приводной D-129510 / 3640 / 6640 13*1625.6 Дизель,2,282,Дизель,D-129510,Москва
2025-12-28 14:11:01,Ремень приводной D-129511 / 5380 / 8380 17*965.2 Дизель,2,307,Дизель,D-129511,Москва
2025-12-28 14:11:01,Ремень приводной D-129512 / 5425 / 8425 17*1079.5 Дизель,2,337,Дизель,D-129512,Москва
2025-12-28 14:11:01,Ремень приводной D-129514 / 5560 / 8560 17*1422.4 Дизель,2,439,Дизель,D-129514,Москва
2025-12-28 14:11:01,Ремень приводной D-129516 / 5600 / 8600 17*1524 Дизель,2,468,Дизель,D-129516,Москва
2025-12-28 14:11:01,Ремень приводной D-129518 / 5615 / 8615 17*1562.1 Дизель,2,479,Дизель,D-129518,Москва
2025-12-28 14:11:01,Ремень приводной D-129520 / 5635 / 8635 17*1612.9 Дизель,2,488,Дизель,D-129520,Москва
2025-12-28 14:11:01,Ремень приводной D-129521 / 5650 / 8650 17*1651 Дизель,2,501,Дизель,D-129521,Москва
2025-12-28 14:11:01,Ремень приводной D-129523 / 5670 / 8670 17*1701.8 Дизель,2,517,Дизель,D-129523,Москва
2025-12-28 14:11:01,Ремень приводной D-129524 / 5680 / 8680 17*1727.2 Дизель,2,473,Дизель,D-129524,Москва
2025-12-28 14:11:01,Ремень приводной HDPF5585 Abby Belt,2,607,Abby Belt,HDPF5585,Москва
2025-12-28 14:11:01,Ремень приводной RECMF 8570 AV17*1420Li KKK-12K,8,731,Дизель,RECMF 8570,Москва
2025-12-28 14:11:01,Ремень приводной RPF5465 Abby Belt,2,429,Abby Belt,RPF5465,Москва
2025-12-28 14:11:01,Ремень ручейковый 03523301 SAMPA,1,1925,JMC,3523301,Москва
2025-12-28 14:11:01,Ремень ручейковый 9РК1810 TOYOGUARD,1,779,JMC,9РК1810,Москва
2025-12-28 14:11:01,Ремень ручейковый D-126932 / 8PK2256/1023021-36D FAW J6 Дизель,3,1012,Дизель,D-126932,Москва
2025-12-28 14:11:01,Ремень ручейковый D-126933 / 8PK2358/1023021-81D FAW J6 Дизель,4,1064,Дизель,D-126933,Москва
2025-12-28 14:11:01,"Ремкомплект ""A"" энергоаккумулятора 8-98205-509-0 NQR90 заднего ORIG",1,5042,Isuzu,8-98205-509-0,Москва
2025-12-28 14:11:01,Ремкомплект 4770019212 КПП Volvo Wabco,4,51341,Wabco,4770019212,Москва
2025-12-28 14:11:01,Ремкомплект BPW / ?30mm x 57mm x 102mm / палец со втулками в качелю полуприцепа BPW (1болт+1с/б+1шайба+1гайка+4пластины+2втулки) / SP54 / 070.570; 070570; 09.801.06.28.0; 0980106280; 10.16290; 1016290; 53526; 9160 /,1,3873,JMC,980106280,Москва
2025-12-28 14:11:01,"Ремкомплект PТЦ 1-87830-398-0/1-87830-679-0 1-7/16"" ORIG",1,368,Isuzu,1-87830-398-0,Москва
2025-12-28 14:11:01,Ремкомплект SP54/30-57-102 / 09.801.06.28.0 в качелю полуприцепа BPW,1,4183,JMC,SP54,Москва
2025-12-28 14:11:01,Ремкомплект балансира 2262363SKV / 512713 / 312718 SCANIA SKV,1,3431,SKV,2262363SKV,Москва
2025-12-28 14:11:01,Ремкомплект балансира D-127512 / KSC081 / 49342-1310 HINO 500FM/HINO 700 Дизель,2,6753,Дизель,D-127512,Москва
2025-12-28 14:11:01,Ремкомплект верхнего шкворня 010677 /A6253300119 / 53183 Mercedes/SAMPA !,2,1681,Sampa,010.677,Москва
2025-12-28 14:11:01,Ремкомплект водяного насоса D-129575 / HDA-050 / ME995184 / ME997646 FV415 Дизель,7,3890,Дизель,D-129575,Москва
2025-12-28 14:11:01,Ремкомплект глав. цилиндра сцепления 5830143А00 Toyota,4,1314,Hyundai-Kia,58301-43A00,Москва
2025-12-28 14:11:01,"Ремкомплект ГТЦ 47207-37020.K 1-1/16"" Toyota !",2,1324,Yamasida,47207-37020.K,Москва
2025-12-28 14:11:01,Ремкомплект ГТЦ SK32221 / MC869166 Canter Y,2,1197,Yamasida,MC869166.K,Москва
2025-12-28 14:11:01,Ремкомплект ГТЦ SK45671 / 47201-37030 Toyota,1,810,Yamasida,47201-37030.K,Москва
2025-12-28 14:11:01,Ремкомплект ГТЦ SK52801 / 46010-2T000 Nissan Y !,1,384,Yamasida,46010-2T000.K,Москва
2025-12-28 14:11:01,Ремкомплект ГТЦ W201-43-400A /SK21511 Mazda Y,2,1260,Yamasida,W201-43-400A.K,Москва
2025-12-28 14:11:01,"Ремкомплект ГЦС 13/16"" ME670290 Mitsubishi Y",1,922,Yamasida,ME670290.K,Москва
2025-12-28 14:11:01,Ремкомплект ГЦС 30610-2T002 / SK52821 Nissan Y,2,380,Yamasida,30610-2T002.K,Москва
2025-12-28 14:11:01,Ремкомплект ГЦС 31410-36062/31410-36060/SK44881 Toyota,3,393,Yamasida,31410-36062.K,Москва
2025-12-28 14:11:01,"Ремкомплект ГЦС 31420-1820.K 3/4"" HINO FD1J,FG1J,GH1J Y",5,1260,Yamasida,31420-1820.K,Москва
2025-12-28 14:11:01,"Ремкомплект ГЦС 31420-1840.K 1"" HINO SH 700# Y",1,1227,Yamasida,31420-1840.K,Москва
2025-12-28 14:11:01,Ремкомплект ГЦС 31420-26170/ SK44191 Toyota Y,1,390,Yamasida,31420-26170.K,Москва
2025-12-28 14:11:01,"Ремкомплект ГЦС 5/8"" 31420-28110/ SK46551 Toyota",1,327,Yamasida,31420-28110.K,Москва
2025-12-28 14:11:01,"Ремкомплект ГЦС 5/8"" MC413462 Mitsubishi Y",1,638,Yamasida,MC413462.K,Москва
2025-12-28 14:11:01,Ремкомплект ГЦС MB555145/ SK31151-2 Mitsubishi Y,1,131,Yamasida,MB555145.K,Москва
2025-12-28 14:11:01,Ремкомплект двигателя D-125567 / 5-87813-353-0 T=1.75 1-отв 4HG1 NPR NQR 55/85 Дизель,2,5703,Дизель,D-125567,Москва
2025-12-28 14:11:01,Ремкомплект двигателя D-128848 / 5-87816-353-0 T=1.10 4JJ1-TCC NLR/NMR 55/85 08~ Дизель,1,7713,Дизель,D-128848,Москва
2025-12-28 14:11:01,Ремкомплект ДВС 1000FD020P JAC N35 ORIG,2,5103,JAC,1000FD020P,Москва
2025-12-28 14:11:01,Ремкомплект ДВС 4HK1 E-5 T=1.525 5-87818-559-2/5-87817-937-3 N-series ORIG,1,45737,Isuzu,5-87818-559-2,Москва
2025-12-28 14:11:01,Ремкомплект ДВС 4HK1-T 5-87814-880-2/5-87818-067-1/5-87818-619-0 T=1.575 2 HOLE NPR/NQR ORIG,1,49894,Isuzu,5-87818-067-1,Москва
2025-12-28 14:11:01,Ремкомплект ДВС 4HK1-T 5-87817-186-0/5-87817-966-1/5-87818-730-2/5-87819-117-0 T=1.475 NON HOLE NP/NQR E-4 ORIG,4,54492,Isuzu,5878171860,Москва
2025-12-28 14:11:01,Ремкомплект ДВС 4HK1-T 5-87817-923-0/5-87819-062-0 N-series T=1.575 2 HOLE ORIG,2,28111,Isuzu,5-87817-923-0,Москва
2025-12-28 14:11:01,Ремкомплект ДВС 4HV1 5-87818-679-0/5-87817-027-2/5-87814-783-3 N-series (CNG) ГАЗ ORIG,1,27116,Isuzu,5-87818-679-0,Москва
2025-12-28 14:11:01,Ремкомплект ДВС 4JJ1 T=1.15 5-87816-354-0/5-87817-676-1 N-series ORIG,1,40045,Isuzu,5-87816-354-0,Москва
2025-12-28 14:11:01,Ремкомплект ДВС 6BG1 1-87812-311-6/1-87814-344-0 ORIG,1,31434,Isuzu,1-87814-344-0,Москва
2025-12-28 14:11:01,Ремкомплект ДВС 6HK1T 1-87812-038-3 / 1-87815-450-0 F-series ORIG,1,64505,Isuzu,1-87812-038-3,Москва
2025-12-28 14:11:01,Ремкомплект ДВС CUMMINS 4BT 3804896+3802375 Matto,1,12859,Matto,3804896+3802375,Москва
2025-12-28 14:11:01,Ремкомплект ДВС D-126934 / 5290107 JAC N120/Камаз Cummins ISF3.8 Е-5 Дизель,4,5670,Дизель,D-126934,Москва
2025-12-28 14:11:01,Ремкомплект ДВС D-128714 / 61560010701 HOWO WD615 Дизель,3,1179,Дизель,D-128714,Москва
2025-12-28 14:11:01,Ремкомплект ДВС HINO H06CT/H07CT 04010-0362 Matto,1,8631,Matto,04010-0362,Москва
2025-12-28 14:11:01,Ремкомплект ДВС HINO H07D 04010-0566 HL,1,11436,Huang Lin,04010-0566,Москва
2025-12-28 14:11:01,Ремкомплект ДВС HINO J08C/ J08CT/C-TG 04010-0706 DF,2,6613,DRAGONFLYS,04010-0706,Москва
2025-12-28 14:11:01,Ремкомплект ДВС HINO J08C/ J08CT/C-TG 04010-0706 Matto,1,12872,Matto,04010-0706,Москва
2025-12-28 14:11:01,Ремкомплект ДВС HINO J08C/C-TG 04010-0706 HL,1,15014,Huang Lin,04010-0706,Москва
2025-12-28 14:11:01,Ремкомплект ДВС HINO K13D 04010-0526 MATTO#000270 Matto,1,17141,Matto,04010-0526,Москва
2025-12-28 14:11:01,Ремкомплект ДВС HINO W06D 04010-0315 Matto,1,5826,Matto,04010-0315,Москва
2025-12-28 14:11:01,Ремкомплект ДВС HINO/T-DYNA N04C 04111-78780/04111-80312 W/KMF CH HL,2,7003,Huang Lin,04111-78780,Москва
2025-12-28 14:11:01,Ремкомплект ДВС HYUNDAI\MMC D4AF 20910-41B20 Matto !,1,1484,Matto,20910-41B20,Москва
2025-12-28 14:11:01,Ремкомплект ДВС HYUNDAI\MMC D4BF 20910-42B11 Matto !,1,2841,Matto,20910-42B11,Москва
2025-12-28 14:11:01,"Ремкомплект ДВС HYUNDAI\MMC D4BF 20910-42B11 Matto дефект (нет сал.2132142041,прокл.2144442060,2141142000,2141242000",1,1989,Matto,20910-42B11,Москва
2025-12-28 14:11:01,Ремкомплект ДВС HYUNDAI\MMC D4DB 20910-41F00 Matto,6,4265,Matto,20910-41F00,Москва
2025-12-28 14:11:01,Ремкомплект ДВС ISUZU 10PC1 1-87810-718-0 Matto,1,18458,Matto,1-87810-718-0,Москва
2025-12-28 14:11:01,Ремкомплект ДВС ISUZU 10PD1 1-87810-764-0 Matto,2,16594,Matto,1-87810-764-0,Москва
2025-12-28 14:11:01,Ремкомплект ДВС ISUZU 10PВ1 1-87810-270-0 Matto !,1,7848,Matto,1-87810-270-0,Москва
2025-12-28 14:11:01,Ремкомплект ДВС ISUZU 4BE1 5-87810-487-2 DF,1,4609,DRAGONFLYS,5-87810-487-2,Москва
2025-12-28 14:11:01,Ремкомплект ДВС ISUZU 4BE1 5-87810-487-2 Matto,1,5339,Matto,5-87810-487-2,Москва
2025-12-28 14:11:01,Ремкомплект ДВС ISUZU 4HF1 5-87811-869-2 DF,3,4609,DRAGONFLYS,5-87811-869-2,Москва
2025-12-28 14:11:01,Ремкомплект ДВС ISUZU 4HF1 5-87811-869-2 Matto,4,6459,Matto,5-87811-869-2,Москва
2025-12-28 14:11:01,Ремкомплект ДВС ISUZU 4HF1 5-87813-948-1 / 800660-S-V002 Matto,2,6558,Matto,5-87813-948-1,Москва
2025-12-28 14:11:01,Ремкомплект ДВС ISUZU 4HG1 5-87813-952-1 DF,2,3685,DRAGONFLYS,5-87813-952-1,Москва
2025-12-28 14:11:01,Ремкомплект ДВС ISUZU 4HG1 5-87813-952-1 Matto,3,6677,Matto,5-87813-952-1,Москва
2025-12-28 14:11:01,Ремкомплект ДВС ISUZU 4HK1 5-87814-879-0 HL,2,13447,Huang Lin,5-87814-879-0,Москва
2025-12-28 14:11:01,Ремкомплект ДВС ISUZU 4HK1 5-87814-879-0 Matto,1,17886,Matto,5-87814-879-0,Москва
2025-12-28 14:11:01,Ремкомплект ДВС ISUZU 4HK1 5-87814-881-0 Matto,2,18051,Matto,5-87814-881-0,Москва
2025-12-28 14:11:01,Ремкомплект ДВС ISUZU 4HK1 5-87815-035-0 Matto,2,17455,Matto,5-87815-035-0,Москва
2025-12-28 14:11:01,Ремкомплект ДВС ISUZU 4HK1 5-87815-035-0 W/KMF+MT (1.65) HL,1,16252,Huang Lin,5-87815-035-0,Москва
2025-12-28 14:11:01,Ремкомплект ДВС ISUZU 4HK1 E-4 1-87815-733-0/1-87814-349-0 FSR90/NQR90/NPR75 SKV,1,21091,SKV,1-87815-733-0,Москва
2025-12-28 14:11:01,Ремкомплект ДВС ISUZU 4HK1T 5-87814-985-1 HL,2,15074,Huang Lin,5-87814-985-1,Москва
2025-12-28 14:11:01,Ремкомплект ДВС ISUZU 4JA1/4JC1 5-87812-957-0 Matto,2,4587,Matto,5-87812-957-0,Москва
2025-12-28 14:11:01,Ремкомплект ДВС ISUZU 4JB1 5-87810-289-1 / HFI4068 W/MT HL,1,4565,Huang Lin,HFI4068,Москва
2025-12-28 14:11:01,Ремкомплект ДВС ISUZU 4JB1 5-87810-289-1 Matto,1,4189,Matto,5-87810-289-1,Москва
2025-12-28 14:11:01,Ремкомплект ДВС ISUZU 4JG2 5-87811-554-0 DF,3,2612,DRAGONFLYS,5-87811-554-0,Москва
2025-12-28 14:11:01,Ремкомплект ДВС ISUZU 4JG2 5-87811-554-0 HL,1,6061,Huang Lin,5-87811-554-0,Москва
2025-12-28 14:11:01,Ремкомплект ДВС ISUZU 4JG2 5-87811-554-0 Matto,2,5694,Matto,5-87811-554-0,Москва
2025-12-28 14:11:01,Ремкомплект ДВС ISUZU 6HE1 1-87811-045-0 DF,1,8754,DRAGONFLYS,1-87811-045-0,Москва
2025-12-28 14:11:01,Ремкомплект ДВС ISUZU 6HH1 1-87811-078-2 DF,1,6430,DRAGONFLYS,1-87811-078-2,Москва
2025-12-28 14:11:01,Ремкомплект ДВС ISUZU 6HH1 1-87811-078-2 HL,1,14531,Huang Lin,1-87811-078-2,Москва
2025-12-28 14:11:01,Ремкомплект ДВС ISUZU 6HK1 1-87812-316-0 HL,1,16404,Huang Lin,1-87812-316-0,Москва
2025-12-28 14:11:01,Ремкомплект ДВС ISUZU 6HK1 Евро-4 1-87815-788-0 Matto,2,23483,Matto,1-87815-788-0,Москва
2025-12-28 14:11:01,Ремкомплект ДВС ISUZU 6WG1 1-87812-014-0 / 1-87812-144-0 Matto,1,32481,Matto,1-87812-144-0,Москва
2025-12-28 14:11:01,Ремкомплект ДВС MAZDA SL 8AW5-10-271/271A HL,1,3405,Huang Lin,8AW5-10-271,Москва
2025-12-28 14:11:01,Ремкомплект ДВС MAZDA SL 8AW5-10-271/271A Matto,2,3313,Matto,8AW5-10-271,Москва
2025-12-28 14:11:01,Ремкомплект ДВС MAZDA SL 8AW6-10-271 HL,1,5438,Huang Lin,8AW6-10-271,Москва
2025-12-28 14:11:01,Ремкомплект ДВС MAZDA SL 8AWF-10-271 DF,1,2928,DRAGONFLYS,8AWF10271,Москва
2025-12-28 14:11:01,Ремкомплект ДВС MAZDA SL 8DWF-10-271 Matto,1,3487,Matto,8DWF-10-271,Москва
2025-12-28 14:11:01,Ремкомплект ДВС MAZDA SL SL01-99-100K Matto,1,2993,Matto,SL01-99-100K,Москва
2025-12-28 14:11:01,Ремкомплект ДВС MAZDA TF 8AWR-10-271 Matto,2,7689,Matto,8AWR-10-271,Москва
2025-12-28 14:11:01,Ремкомплект ДВС MAZDA TM 8DWM-10-271 Matto,1,8496,Matto,8DWM-10-271,Москва
2025-12-28 14:11:01,Ремкомплект ДВС MAZDA XA S501-99-100 HL,2,2438,Huang Lin,S501-99-100,Москва
2025-12-28 14:11:01,Ремкомплект ДВС MAZDA XA S501-99-100 Matto,1,2996,Matto,S501-99-100,Москва
2025-12-28 14:11:01,Ремкомплект ДВС MMC 4D32 ME997273 DF,2,3685,DRAGONFLYS,ME997273,Москва
2025-12-28 14:11:01,Ремкомплект ДВС MMC 4D32 ME997273 Matto,1,4074,Matto,ME997273,Москва
2025-12-28 14:11:01,Ремкомплект ДВС MMC 4D33 ME997274 DF,2,3685,DRAGONFLYS,ME997274,Москва
2025-12-28 14:11:01,Ремкомплект ДВС MMC 4D33 ME997274 Matto,1,4074,Matto,ME997274,Москва
2025-12-28 14:11:01,Ремкомплект ДВС MMC 4D35 ME996360 DF,5,3685,DRAGONFLYS,ME996360,Москва
2025-12-28 14:11:01,Ремкомплект ДВС MMC 4D35 ME996360 Matto,1,3952,Matto,ME996360,Москва
2025-12-28 14:11:01,Ремкомплект ДВС MMC 4D36 ME996361 Matto,1,5715,Matto,ME996361,Москва
2025-12-28 14:11:01,Ремкомплект ДВС MMC 4DR7 ME997276 HL,1,4779,Huang Lin,ME997276,Москва
2025-12-28 14:11:01,Ремкомплект ДВС MMC 4M50 ME993304 Matto,1,18660,Matto,ME993304,Москва
2025-12-28 14:11:01,Ремкомплект ДВС MMC 4М40 ME996019 HL,2,5288,Huang Lin,ME996019,Москва
2025-12-28 14:11:01,Ремкомплект ДВС MMC 4М51 ME993296 HL,2,15413,Huang Lin,ME993296,Москва
2025-12-28 14:11:01,Ремкомплект ДВС MMC 6D15 ME999219 Matto,1,6133,Matto,ME999219,Москва
2025-12-28 14:11:01,Ремкомплект ДВС MMC 6D16 ME999904 DF,1,4915,DRAGONFLYS,ME999904,Москва
2025-12-28 14:11:01,Ремкомплект ДВС MMC 6D16-T ME997356 HL,1,8880,Huang Lin,ME997356,Москва
2025-12-28 14:11:01,Ремкомплект ДВС MMC 6D16-T ME997356 Matto,1,9134,Matto,ME997356,Москва
2025-12-28 14:11:01,Ремкомплект ДВС MMC 6D17 ME996291 Matto,1,7597,Matto,ME996291,Москва
2025-12-28 14:11:01,Ремкомплект ДВС MMC 8DC11 ME999669 Matto,1,15542,Matto,ME999669,Москва
2025-12-28 14:11:01,Ремкомплект ДВС MMC 8M20 ME996772 HL,1,20362,Huang Lin,ME996772,Москва
2025-12-28 14:11:01,Ремкомплект ДВС MMC 8M20/21/60 ME996182 Matto,2,36160,Matto,ME996182,Москва
2025-12-28 14:11:01,Ремкомплект ДВС NISSAN BD30 10101-54T25 Matto,1,3861,Matto,10101-54T25,Москва
2025-12-28 14:11:01,Ремкомплект ДВС NISSAN FD42/FD46 10101-0T025 DF,2,4915,DRAGONFLYS,10101-0T025,Москва
2025-12-28 14:11:01,Ремкомплект ДВС NISSAN PE6T 10101-96728 Matto,1,13231,Matto,10101-96728,Москва
2025-12-28 14:11:01,Ремкомплект ДВС NISSAN QD32 10101-65N29 / 700710-S-81K0 Matto,1,4968,Matto,10101-65N29,Москва
2025-12-28 14:11:01,Ремкомплект ДВС NISSAN RF8 10101-97827 HL,1,23026,Huang Lin,10101-97827,Москва
2025-12-28 14:11:01,Ремкомплект ДВС NISSAN RF8 10101-Z0826 HL,1,22688,Huang Lin,10101-Z0826,Москва
2025-12-28 14:11:01,Ремкомплект ДВС NISSAN RG8 10101-Z1327 Matto !,1,20359,Matto,10101-Z1327,Москва
2025-12-28 14:11:01,Ремкомплект ДВС TOYOTA 13B 04111-58020 Matto,1,2544,Matto,04111-58020,Москва
2025-12-28 14:11:01,Ремкомплект ДВС TOYOTA 14B 04111-58070 DF,3,3685,DRAGONFLYS,04111-58070,Москва
2025-12-28 14:11:01,Ремкомплект ДВС TOYOTA 14B 04111-58070 Matto,3,4266,Matto,04111-58070,Москва
2025-12-28 14:11:01,Ремкомплект ДВС TOYOTA 15B 04111-58100 HL,1,6729,Huang Lin,04111-58100,Москва
2025-12-28 14:11:01,Ремкомплект ДВС TOYOTA 15BFT 04111-58112 / 900791-S-9000 Matto,1,6795,Matto,04111-58112,Москва
2025-12-28 14:11:01,Ремкомплект ДВС TOYOTA 2L 04111-54084 HL,1,5288,Huang Lin,04111-54084,Москва
2025-12-28 14:11:01,Ремкомплект ДВС TOYOTA 2L 04111-54084 Matto,2,5066,Matto,04111-54084,Москва
2025-12-28 14:11:01,Ремкомплект ДВС TOYOTA 3L 04111-54094 HL,2,5319,Huang Lin,04111-54094,Москва
2025-12-28 14:11:01,Ремкомплект ДВС TOYOTA 3L 04111-54094 Matto,1,4460,Matto,04111-54094,Москва
2025-12-28 14:11:01,Ремкомплект ДВС TOYOTA S05C 04111-78360 Matto,1,12343,Matto,04111-78360,Москва
2025-12-28 14:11:01,Ремкомплект ДВС TOYOTA/HINO 300 N04C 04111-E0D82 / 901540-S-V002 Matto,1,11219,Matto,04111-E0D82,Москва
2025-12-28 14:11:01,Ремкомплект ДВС верх D-129525 / 4309118 JAC N120/Камаз Cummins ISF3.8 Е-5 Дизель,3,6856,Дизель,D-129525,Москва
2025-12-28 14:11:01,Ремкомплект ДВС ниж D-129526 / 4309119 JAC N120/Камаз Cummins ISF3.8 Е-5 Дизель,3,6856,Дизель,D-129526,Москва
2025-12-28 14:11:01,Ремкомплект ДВС ниж D-129527 / 5290108 JAC N120/Камаз Cummins ISF3.8 Е-5 Дизель,3,6856,Дизель,D-129527,Москва
2025-12-28 14:11:01,Ремкомплект дифференциала 56170326 /A9423502123 / 298068 Mercedes/Euroricambi,1,49685,Euroricambi,56.17.0326,Москва
2025-12-28 14:11:01,Ремкомплект дифференциала A9423502123 / 56170326 / 298068 Mercedes ориг !,1,97721,Mercedes-Benz,A 942 350 21 23,Москва
2025-12-28 14:11:01,Ремкомплект для корзины 1-31220-380-2/1-87610-145-0/1-31220-374-2/ISC610 CC,45,1435,Дизель,1-31220-374-2,Москва
2025-12-28 14:11:01,Ремкомплект заслонки моторного тормоза A5411404353 Mercedes ориг !,1,40467,Mercedes,A 541 140 43 53,Москва
2025-12-28 14:11:01,Ремкомплект компрессора / Клапан компрессора 461658 /A5411300620 Mercedes/DieselTechnic !,1,6584,Diesel Technic,4.61658,Москва
2025-12-28 14:11:01,Ремкомплект коробки передач A0003508123 / A0003508623 Mercedes ориг !,1,136630,Mercedes,A0003508123,Москва
2025-12-28 14:11:01,Ремкомплект КПП (прокладки) 6DS60T JAC/Камаз/Маз (NON-GENUIN),1,2355,Дизель,6DS60T,Москва
2025-12-28 14:11:01,Ремкомплект масловлагоотделителя D-129606 / HDS-019 / MK355939 / DU-3 Дизель,2,2837,Дизель,D-129606,Москва
2025-12-28 14:11:01,"Ремкомплект масловлагоотделителя D-129608 / HDS-053 / DU-3,4,5 Дизель",2,1328,Дизель,D-129608,Москва
2025-12-28 14:11:01,"Ремкомплект масловлагоотделителя D-129609 / HDS-056 / ME709265 / DR-5,6,31 Дизель",2,895,Дизель,D-129609,Москва
2025-12-28 14:11:01,"Ремкомплект масловлагоотделителя D-129610 / HDS-057 / DU-3,4,5 Дизель",2,1195,Дизель,D-129610,Москва
2025-12-28 14:11:01,Ремкомплект наконечника тяги 45430-1280-RK HINO 2Y#240 CH !,4,1936,Chase,45430-1280,Москва
2025-12-28 14:11:01,Ремкомплект наконечника тяги 45430-1280B-RK-O / M HINO 2Y#240 CH !,6,2298,Chase,45430-1280,Москва
2025-12-28 14:11:01,"Ремкомплект насоса ГУР D-127268 / 9344-0327 / MC814148 / 1-85574-004-1 MMC, ISUZU Дизель",1,851,Дизель,D-127268,Москва
2025-12-28 14:11:01,Ремкомплект насоса ГУР D-127270 / 9344-0330 /1875201800 / 1855740141 / MC826334 / MC813860 Дизель,1,876,Дизель,D-127270,Москва
2025-12-28 14:11:01,Ремкомплект осушителя 1-85576-457-0/8-98226-323-0 F-series ORIG,2,19798,Isuzu,1-85576-457-0,Москва
2025-12-28 14:11:01,Ремкомплект осушителя воздуха тормозной системы 8-98226-328-0 FVR34/FSR34 6HK1 ORIG,3,16965,Isuzu,8-98226-328-0,Москва
2025-12-28 14:11:01,Ремкомплект ПГУ 394152 Mercedes/DieselTechnic !,1,6016,Diesel Technic,3.94152,Москва
2025-12-28 14:11:01,Ремкомплект ПГУ сцепления ?90 mm / 048-14-0026 / ?90mm / Китай / RL1609BH-9 / 1608 003 020 0-9; 160,1,852,Zevs,RL1609BH-9,Москва
2025-12-28 14:11:01,Ремкомплект ПГУ сцепления 1-31829-611-0/1-31829-606-0 FVR34/FSR34 ORIG,1,11860,Isuzu,1-31829-611-0,Москва
2025-12-28 14:11:01,"Ремкомплект передней тормозной камеры 8-98146-980-0 C,E-series ORIG",2,5216,Isuzu,8-98146-980-0,Москва
2025-12-28 14:11:01,Ремкомплект пневмотормоза D-129577 / HDA-097 HINO Дизель,1,1324,Дизель,D-129577,Москва
2025-12-28 14:11:01,Ремкомплект пневмоусилителя D-127271 / 9323-3501 / 1-87520-205-0 / ISU10PC1 Дизель,3,1360,Дизель,D-127271,Москва
2025-12-28 14:11:01,Ремкомплект помпы 1-87814-620-0/1-87813-815-0 C-series 6WG1 ORIG,1,24352,Isuzu,1-87814-620-0,Москва
2025-12-28 14:11:01,Ремкомплект помпы 10PC1 1-13610-636-2 B4285 ASAHI !,1,4878,Asahi,B4285,Москва
2025-12-28 14:11:01,Ремкомплект помпы 12PC1 1-13610-740-0 B4290 ASAHI !,1,4690,Asahi,B4290,Москва
2025-12-28 14:11:01,Ремкомплект помпы 6D22 ME055222 B3658 ASAHI !,1,4125,Asahi,B3658,Москва
2025-12-28 14:11:01,Ремкомплект помпы водяной 490923 /A5412000004 DieselTechnic !,1,3900,Diesel Technic,4.90923,Москва
2025-12-28 14:11:01,Ремкомплект привода коробки передач 4213559472 Wabco,1,12249,Wabco,4213559472,Москва
2025-12-28 14:11:01,Ремкомплект реактивной тяги 93162288 / 51135 / 1806753 D95*152*21*24mm ROSTAR !,1,1492,Rostar,180.6753,Москва
2025-12-28 14:11:01,"Ремкомплект редуктора D-127503 / KD114 (крестовина, сателлиты, шестерни, шайбы) HINO Дизель",1,9274,Дизель,D-127503,Москва
2025-12-28 14:11:01,"Ремкомплект редуктора D-127506 / KD165 крестовина, сателлиты, шестерни, шайбы HINO Дизель",1,40954,Дизель,D-127506,Москва
2025-12-28 14:11:01,"Ремкомплект редуктора D-127508 / KD104 крестовина, сателлиты, шестерни, шайбы, вал 55мм HINO Дизель",1,72712,Дизель,D-127508,Москва
2025-12-28 14:11:01,"Ремкомплект редуктора D-129528 / KD109 (крестовина, сателлиты, шестерни, шайбы) MMC Fuso Дизель",1,8061,Дизель,D-129528,Москва
2025-12-28 14:11:01,"Ремкомплект РТЦ 1-47600-682-0 / SK31671R Isuzu 55.56mm CXZ20TV10,CJM,CPM,FTR Y",2,1419,Yamasida,1-47600-682-0.K,Москва
2025-12-28 14:11:01,"Ремкомплект РТЦ 41100-90160.K / SK52231F Nissan 1-1/2"" UD14.5T,CP87 Y",1,638,Yamasida,41100-90160.K,Москва
2025-12-28 14:11:01,"Ремкомплект РТЦ 44100-90205.K / SK51271R2 1-11/16"" NISSAN UD14.5T,CP87 ""SY"" !",2,750,Yamasida,44100-90205.K,Москва
2025-12-28 14:11:01,"Ремкомплект РТЦ 47510-36091.K / SK45071F 1-1/8"" TOYOTA DYNABU1023.5T ""SY"" !",2,123,Yamasida,47510-36091.K,Москва
2025-12-28 14:11:01,"Ремкомплект РТЦ 47520-1130.K 1-1/2"" HINO FD11T ""SY""",2,606,Yamasida,47520-1130.K,Москва
2025-12-28 14:11:01,"Ремкомплект РТЦ 47520-36101.K / SK45081F TOYOTA 1-1/8"" DYNABU6#,8#6W ""SY"" !",4,342,Yamasida,47520-36101.K,Москва
2025-12-28 14:11:01,"Ремкомплект РТЦ 47520-36162.K 1-1/8"" TOYOTA DYNABU1023.5T ""SY"" !",2,111,Yamasida,47520-36162.K,Москва
2025-12-28 14:11:01,"Ремкомплект РТЦ 47520-36180.K / 47540-36180.K / SK45061F2 11/8"" TOYOTA DYNAXZU300L,320L ""SY""",2,221,Yamasida,47520-36180.K,Москва
2025-12-28 14:11:01,"Ремкомплект РТЦ 47520-37030.K TOYOTA 1-1/8"" DYNABU1026.1T,BU112,2126.5T Y",2,152,Yamasida,47520-37030.K,Москва
2025-12-28 14:11:01,"Ремкомплект РТЦ 47520-37070.K 1-1/8"" TOYOTA DYNABU211,221 ""SY"" !",8,143,Yamasida,47520-37070.K,Москва
2025-12-28 14:11:01,"Ремкомплект РТЦ 47520-37100.K / SK82851F 1-3/16"" TOYOTA DYNAXZU330L,340L ""SY"" !",2,457,Yamasida,47520-37100.K,Москва
2025-12-28 14:11:01,"Ремкомплект РТЦ 47530-36091.K / SK45071F 1-1/8"" TOYOTA DYNABU1023.5T ""SY"" Y !",2,123,Yamasida,47530-36091.K,Москва
2025-12-28 14:11:01,"Ремкомплект РТЦ 47540-36101.K / SK45081F TOYOTA 1-1/8"" DYNABU6#,8#6W ""SY"" !",2,154,Yamasida,47540-36101.K,Москва
2025-12-28 14:11:01,"Ремкомплект РТЦ 47540-37070.K 1-1/8"" TOYOTA DYNABU211,221 ""SY""",1,341,Yamasida,47540-37070.K,Москва
2025-12-28 14:11:01,"Ремкомплект РТЦ 47540-37100.K / SK82851F 1-3/16"" TOYOTA DYNAXZU330L,340L ""SY"" !",2,224,Yamasida,47540-37100.K,Москва
2025-12-28 14:11:01,"Ремкомплект РТЦ 47550-2690.K 2-5/16"" HINO FG15T,GH17T ""SY"" (58,7 см) Yamasida",2,1602,Yamasida,47550-2690.K,Москва
2025-12-28 14:11:01,"Ремкомплект РТЦ 47550-37050.K / SK41241R 1"" TOYOTA DYNABU101,11# ""SY"" !",2,216,Yamasida,47550-37050.K,Москва
2025-12-28 14:11:01,"Ремкомплект РТЦ 47550-37070.K 1-3/16"" TOYOTA DYNABU211,221 ""SY""",1,573,Yamasida,47550-37070.K,Москва
2025-12-28 14:11:01,"Ремкомплект РТЦ 47550-37140.K / SK82851R 1-3/16"" TOYOTA DYNAXZU330L,340L ""SY"" !",2,480,Yamasida,47550-37140.K,Москва
2025-12-28 14:11:01,"Ремкомплект РТЦ 47560-1450B.K HINO 1-1/2"" MFD10.4T,FC8.6T,8.7T 1992~ Y",2,1104,Yamasida,47560-1450B.K,Москва
2025-12-28 14:11:01,"Ремкомплект РТЦ 47560-37020.K/47570-37010.K/47550-37050.K/SK41241R 1"" TOYOTA DYNABU101,11# Y",2,142,Yamasida,47560-37020.K,Москва
2025-12-28 14:11:01,"Ремкомплект РТЦ 47560-37081.K 1-1/8"" HINO DUTRO ""SY"" !",2,160,Yamasida,47560-37081.K,Москва
2025-12-28 14:11:01,"Ремкомплект РТЦ 47570-37030.K 1-3/16"" TOYOTA DYNABU211,221 Y",2,277,Yamasida,47570-37030.K,Москва
2025-12-28 14:11:01,"Ремкомплект РТЦ 47570-37071.K 1-1/8"" HINO DUTRO Y",2,145,Yamasida,47570-37071.K,Москва
2025-12-28 14:11:01,"Ремкомплект РТЦ 47570-37080.K / SK45051R TOYOTA 1-1/8"" DYNAXZU300L,320L ""SY"" !",2,197,Yamasida,47570-37080.K,Москва
2025-12-28 14:11:01,"Ремкомплект РТЦ 47570-37100.K 13/16"" TOYOTA DYNAXZU330L,340L ""SY"" !",2,422,Yamasida,47570-37100.K,Москва
2025-12-28 14:11:01,"Ремкомплект РТЦ 47580-36070.K / SK41231R TOYOTA 1-1/4"" DYNABU91,96,WU90,95 1988~95 ""SY"" !",8,170,Yamasida,47580-36070.K,Москва
2025-12-28 14:11:01,"Ремкомплект РТЦ 47580-37010.K / SK45341R 1"" TOYOTA DYNABU101,11# ""SY"" !",2,170,Yamasida,47580-37010.K,Москва
2025-12-28 14:11:01,"Ремкомплект РТЦ 47580-37030.K / SK45061R2 1-3/16"" TOYOTA DYNABU211,221 ""SY"" !",3,235,Yamasida,47580-37030.K,Москва
2025-12-28 14:11:01,"Ремкомплект РТЦ 47580-37071.K 1-1/8"" HINO DUTRO ""SY"" !",2,153,Yamasida,47580-37071.K,Москва
2025-12-28 14:11:01,Ремкомплект РТЦ 5-87831-598-0.K / SK81651F2 ISUZU 1-3/16'' NKR/NPR/NKS 94~ Y,1,605,Yamasida,5-87831-598-0.K,Москва
2025-12-28 14:11:01,Ремкомплект РТЦ 5-87832-051-0/5-87832-185-0 NPR/NQR ORIG,2,1342,Isuzu,5-87832-051-0,Москва
2025-12-28 14:11:01,Ремкомплект РТЦ 8-97358-881-0 ISUZU 1-5/16'' NPR/NQR 02~ Y,17,472,Yamasida,8-97358-881-0.K,Москва
2025-12-28 14:11:01,Ремкомплект РТЦ D-127182 / 1-85576-403-0 CYZ51K EURO3 6WF1 Дизель,4,2271,Дизель,D-127182,Москва
2025-12-28 14:11:01,"Ремкомплект РТЦ WA97-26-410.K / SK21131R 1"" MAZDA T3500TURBO,T4000,T4600 Y",1,370,Yamasida,WA97-26-410.K,Москва
2025-12-28 14:11:01,Ремкомплект ручного тормоза DHBR5850 MYY5T D-128110/8-53485-585-0 ISUZU N-series Дизель,2,499,Дизель,D-128110,Москва
2025-12-28 14:11:01,"Ремкомплект РЦС 1"" SK81851-3/8-97024-297-0/8-97032-846/8-97032-847/8-97032-851/8-97039-709-0 Isuzu Y",1,385,Yamasida,8-97024-297-0.K,Москва
2025-12-28 14:11:01,"Ремкомплект РЦС 3/4"" 31470-37050 Toyota Y",1,512,Yamasida,31470-37050.K,Москва
2025-12-28 14:11:01,"Ремкомплект РЦС 3/4"" SK43371-2 / 31470-36212 / 31470-36213 Toyota Y",2,307,Yamasida,31470-36213.K,Москва
2025-12-28 14:11:01,"Ремкомплект РЦС 3/4"" SK52971 / 30620-0T003 Nissan Y",1,228,Yamasida,30620-0T003.K,Москва
2025-12-28 14:11:01,"Ремкомплект РЦС 3/4"" SK53171 / 30620-0T011 Nissan Y",2,240,Yamasida,30620-0T011.K,Москва
2025-12-28 14:11:01,"Ремкомплект РЦС 7/8"" SK21301 / W201-41-920B Mazda Y",1,315,Yamasida,W201-41-920B.K,Москва
2025-12-28 14:11:01,Ремкомплект РЦС SK82691/8-97160-881-0/8-97212-015-0 Isuzu,2,326,Yamasida,8-97160-881-0.K,Москва
2025-12-28 14:11:01,Ремкомплект седельно-сцепного устройства D-129846 / SK2421-78 Дизель,1,11848,Дизель,D-129846,Москва
2025-12-28 14:11:01,Ремкомплект сервоусилителя КПП D-127857 / HDC-018 / 33510-1450 /-1270 / 9365-0039 /-0029 HINO Дизель,2,1608,Дизель,D-127857,Москва
2025-12-28 14:11:01,Ремкомплект суппорта (пятаки) для TSB3709/4309/4312 0980107631 BPW Orig !,2,5813,BPW,09.801.07.63.1,Москва
2025-12-28 14:11:01,Ремкомплект суппорта 8-98120-383-0/8-98302-529-0 N-series ORIG,1,3239,Isuzu,8-98120-383-0,Москва
2025-12-28 14:11:01,Ремкомплект суппорта большой 53890 = 3890 Auger !,2,3018,Auger,53890,Москва
2025-12-28 14:11:01,Ремкомплект суппорта перед. 260-40248/SP-248 D-129529 / MB334337 CANTER FE439EV Дизель,2,1070,Дизель,D-129529,Москва
2025-12-28 14:11:01,Ремкомплект суппорта перед. 277-40201/SP-201 D-129530 / MC894618 51.1 FE537/FE568 Дизель,2,1233,Дизель,D-129530,Москва
2025-12-28 14:11:01,Ремкомплект суппорта тормозного (2 суппорта) D-128194 / 04478-37230 HINO 300/E-3/E-4 Дизель,1,612,Дизель,D-128194,Москва
2025-12-28 14:11:01,Ремкомплект тормозного вала 010592/51375 /A3604200341 / 07477/ 016.102-00A Mercedes/Sampa,2,2489,Sampa,010.592,Москва
2025-12-28 14:11:01,Ремкомплект тормозного вала 51375 /A3604200341 / 07477 / 010592/016.102-00A Mercedes/Auger,2,2583,Auger,51375,Москва
2025-12-28 14:11:01,Ремкомплект тормозного вала D42 1593104100/51376 /A3604200441 / P.E.,1,4369,Pe Automotive,016.100-00A,Москва
2025-12-28 14:11:01,Ремкомплект тормозного вала D42 51376 /A3604200441 /1593104100 Auger,1,2365,Auger,51376,Москва
2025-12-28 14:11:01,"Ремкомплект тормозного вала на сторону 0980102131SKV/09.801.02.13.1 42*46*72,5 BPW",1,908,SKV,0980102131SKV,Москва
2025-12-28 14:11:01,Ремкомплект тормозного клапана 1-85576-409-0 ORIG,1,1595,Isuzu,1-85576-409-0,Москва
2025-12-28 14:11:01,"Ремкомплект тормозного крана, педали D-129531 / 47069-1030 / HNTC1030 SH1E/FS1E 2004- Дизель",2,1664,Дизель,D-129531,Москва
2025-12-28 14:11:01,Ремкомплект тормозного механизма (tipo RBSK 1408) 42559512 / 963594 / 54271 / 963035 AUGER !,1,7647,Auger,54271,Москва
2025-12-28 14:11:01,Ремкомплект тормозного цилиндра S450T-EV010 HINO 500 E-3/4 ORIG,3,5426,hino,S450T-EV010,Москва
2025-12-28 14:11:01,Ремкомплект тормозной камеры 1-85576-407-1/0 F-series ORIG,1,7740,Isuzu,1-85576-407-1,Москва
2025-12-28 14:11:01,Ремкомплект тормозной камеры 8-98146-978-0 CYZ/EXZ (LHD) ORIG,1,6874,Isuzu,8-98146-978-0,Москва
2025-12-28 14:11:01,Ремкомплект тормозов (пружины) 93162113/93161627/963539 Techno Brake,1,847,Technobrake,963539,Москва
2025-12-28 14:11:01,Ремкомплект тяги продольной 45412-0601-2 HINO SH# CH,1,2066,Chase,45412-0601-2,Москва
2025-12-28 14:11:01,Ремкомплект тяги продольной 45412-0601N HINO SH# CH,2,2451,Chase,45412-0601N,Москва
2025-12-28 14:11:01,Ремкомплект тяги продольной 5-44261-048-0/IS-R01-019-RK ISUZU SBR 6BB1 CH,2,854,Chase,5-44261-048-0,Москва
2025-12-28 14:11:01,Ремкомплект тяги рулевой 48574-Z2004 NISSAN UD CZ53BN RD8 PD6 repaire kit CH,2,2167,Chase,48574-Z2004,Москва
2025-12-28 14:11:01,Ремкомплект уплотнений цилиндра подъема кабины 42538933 Iveco Orig !,1,5201,Iveco,42538933,Москва
2025-12-28 14:11:01,Ремкомплект цилиндра подъёма кабины D-129532 / 52099-1080 HINO 92~ Дизель,2,1397,Дизель,D-129532,Москва
2025-12-28 14:11:01,Ремкомплект шворневой D-126812 / 3001044-4E 48х278 FAW Дизель,12,4013,Дизель,D-126812,Москва
2025-12-28 14:11:01,"Ремкомплект шворневой D-127535 / КР-324 / MH-60 / 43231-1320 35х186,5mm Дизель",1,2441,Дизель,D-127535,Москва
2025-12-28 14:11:01,Ремкомплект шворневой D-127536 / КР-425 / MT-05 / 04431-36030 28х160mm Дизель,1,1518,Дизель,D-127536,Москва
2025-12-28 14:11:01,Ремкомплект шворневой D-127537 / КР-426 / MT-06 / 04431-25010 25х153mm Дизель,4,1162,Дизель,D-127537,Москва
2025-12-28 14:11:01,Ремкомплект шворневой D-127538 / КР-427 / MT-07 / MR427 28*160mm Дизель,3,1359,Дизель,D-127538,Москва
2025-12-28 14:11:01,Ремкомплект шворневой D-127539 / КР-433 / MT-09 / 04431-36041 28х160mm Дизель,3,1733,Дизель,D-127539,Москва
2025-12-28 14:11:01,Ремкомплект шворневой D-127541 / КР-132 / MN-05 25*172mm Дизель,1,1476,Дизель,D-127541,Москва
2025-12-28 14:11:01,Ремкомплект шворневой D-127545 / КР-147 / MN-04 / 40022-30T25 28х172mm Дизель,1,1553,Дизель,D-127545,Москва
2025-12-28 14:11:01,Ремкомплект шворневой D-127552 / КР-137 / MN-57 / 40025-90725 47х239mm Дизель,1,3513,Дизель,D-127552,Москва
2025-12-28 14:11:01,Ремкомплект шворневой D-128041 / КР-536 / MM-11 / MC995304 25х165mm Дизель,2,1323,Дизель,D-128041,Москва
2025-12-28 14:11:01,Ремкомплект шворневой D-128042 / КР-546 / KP-524 / KP-525 / KP-534 / MC995305 28*180mm Дизель,1,1571,Дизель,D-128042,Москва
2025-12-28 14:11:01,Ремкомплект шворневой D-128070 / KP-546 / KP-524 / KP-525 / KP-534 / MC995305 28*180mm Дизель,9,1430,Дизель,D-128070,Москва
2025-12-28 14:11:01,Ремкомплект шкворневой 550284 (на сторону) Scania,2,2986,NamYang,550284,Москва
2025-12-28 14:11:01,Ремкомплект шкворневой D-125754 / 1-87831-349-1 / 1-87831-111-7 (к-т на ось) CYZ51/FVR34 Дизель,2,4781,Дизель,D-125754,Москва
2025-12-28 14:11:01,Ремкомплект шкворневой D-128038 / 04043-2109 / S0404-32109 / MH-72 Ø=40mm L=239mm HINO Дизель,2,2772,Дизель,D-128038,Москва
2025-12-28 14:11:01,Ремкомплект шкворневой D-128069-D / KP-233 / MI-10 / 5-87831-608-0 30*188mm Дизель,1,1554,Дизель,D-128069-D,Москва
2025-12-28 14:11:01,Ремкомплект шкворневой D-128617 / 81.44205.0055 на ось 54х232 SHACMAN Дизель,2,4080,Дизель,D-128617,Москва
2025-12-28 14:11:01,Ремкомплект шкворневой D-129086 / K56771-45600 / HD3T 30х180mm HD72/78 Дизель,43,1574,Дизель,D-129086,Москва
2025-12-28 14:11:01,Ремкомплект шкворневой D-129811 / KP-538 / КР-550 / MM-72 / MC994307 45*216mm Дизель,1,3237,Дизель,D-129811,Москва
2025-12-28 14:11:01,Ремкоплект заднего и переднего тормоза 1-85576-403-0 ORIG,1,9892,Isuzu,1-85576-403-0,Москва
2025-12-28 14:11:01,Ремни клиновые BANDO 5840,1,1233,Bando,5840,Москва
2025-12-28 14:11:01,Ремни клиновые BANDO 7420,2,476,Bando,7420,Москва
2025-12-28 14:11:01,Ремни клиновые BANDO 7860,1,675,Bando,7860,Москва
2025-12-28 14:11:01,Ресивер воздушный D-126592 / WG9000360773 / WG9100360786 Sitrak C7H Дизель,1,4440,Дизель,D-126592,Москва
2025-12-28 14:11:01,Рессивер воздушный A-001 44802-3490 BU XZU PM,2,6533,Paul Master,A-001,Москва
2025-12-28 14:11:01,"Рессора (унив) без 1,2 листов UNI-734 70-13-1040/780/520/260 к HPF5/MPF5/MPR5 70/13/1040/780/520/260",1,5478,SKV,UNI-734,Москва
2025-12-28 14:11:01,Рессора в сборе (с подрес-м) 8-98017-566-1 11/12/13/14*100 Isuzu FVR34 rear (втулка 32*38) SKV,35,39779,SKV,8-98017-566-1,Москва
2025-12-28 14:11:01,Рессора в сборе (с подрес-м) 8-98239-514-0 8/9/11/12*70 Isuzu NPR75 rear (сайлент) L=1300 SKV,51,18263,SKV,8-98239-514-0,Москва
2025-12-28 14:11:01,Рессора в сборе (с подрес-м) 8980799040SKV Isuzu NQR90 rear (сайлент) SKV,30,18369,SKV,8980799040SKV,Москва
2025-12-28 14:11:01,Рессора в сборе (с подрес-м) ML291242SKV MMC Canter TF E-5 (2втулки 28*34*68) SKV,24,19149,SKV,ML291242SKV,Москва
2025-12-28 14:11:01,Рессора в сборе (с подрес.) 55100-62002 11*70 HYUNDAI HD120 04~ rear (2 втулки 28*34*68) SKV,14,27700,SKV,55100-62002,Москва
2025-12-28 14:11:01,Рессора в сборе 09712000SKV / 257927 32*100/900*990мм VOLVO FH/FM Front 2 листа,4,25481,SKV,09712000,Москва
2025-12-28 14:11:01,Рессора в сборе 09714000SKV / 257928 22/25*100 VOLVO FH12/FM 93~ Front,3,26210,SKV,09714000,Москва
2025-12-28 14:11:01,Рессора в сборе 09720000SKV / 257932 32/26*100 VOLVO FH12 FH/FM 6x4 93~ Front SKV,4,36036,SKV,09720000SKV,Москва
2025-12-28 14:11:01,Рессора в сборе 1-51130-962-0 13/14/16*80 Isuzu 10t CYZ51 LHD front (2 втулки 32*42*78) SKV,4,28660,SKV,1-51130-962-0,Москва
2025-12-28 14:11:01,Рессора в сборе 1-51410-118-1 10/13*70 Isuzu 5T FRR/FSR/FRD 97~ rear (втулка 25*30*68) L=1380 SKV,12,11251,SKV,1-51410-118-1,Москва
2025-12-28 14:11:01,Рессора в сборе 1547824SKV / 90199000 30*90 Scania R-Series 04~ Rear 8 листов,4,45749,SKV,1547824,Москва
2025-12-28 14:11:01,Рессора в сборе 3-х листовая 09774000SKV / 257952 front VOLVO,6,36081,SKV,09774000,Москва
2025-12-28 14:11:01,Рессора в сборе 48110-3V700 10/70 Hino 300 front (2 втулки 25-31-68) SKV,10,10996,SKV,48110-3V700,Москва
2025-12-28 14:11:01,Рессора в сборе 48110-E0F30 10/12x90 HINO 700 Front (втулки 30*38*88) SKV,64,37227,SKV,48110-E0F30,Москва
2025-12-28 14:11:01,Рессора в сборе 48110-E0G00 HINO 500 (22.5) front SKV,36,22019,SKV,48110-E0G00,Москва
2025-12-28 14:11:01,Рессора в сборе 48210-37540 13/12/10/9/8/6*70 rear Hino 300 Евро 3-4 узкая кабина SKV,5,20981,SKV,48210-37540,Москва
2025-12-28 14:11:01,Рессора в сборе 48210-E0D50 HINO 500 (22.5) rear SKV,29,44241,SKV,48210-E0D50,Москва
2025-12-28 14:11:01,Рессора в сборе 48210-E0E10 / S4822-05091 18*90 HINO 700 Rear BELTON,2,39574,Belton,48220-5091,Москва
2025-12-28 14:11:01,Рессора в сборе 48210-E0E10 / S4822-05091 18*90 HINO 700 Rear SKV,2,36702,SKV,48210-E0E10,Москва
2025-12-28 14:11:01,Рессора в сборе 54100-5K500 11/10х70 HD45/65/72/78/MIGHTY/HD35/75 04~ front (2 обич + сайлент) SKV,21,9255,SKV,54100-5K500,Москва
2025-12-28 14:11:01,Рессора в сборе 54100-5K500U усиленная 11/10х70 HD65/72/78/MIGHTY 04~ front (2 обич + сайлент) SKV,92,12521,SKV,54100-5K500U,Москва
2025-12-28 14:11:01,Рессора в сборе 54100-6A010 11*70 HD120 04~ front LH (2 втулки 28*34*68/кронштейн+палец) SKV,5,14944,SKV,54100-6A010,Москва
2025-12-28 14:11:01,Рессора в сборе 54110-4E602 3/13*70 BONGO III 2.9 `06~ front (сайлетблок + втулка 38*44*68) SKV,8,9210,SKV,54110-4E602,Москва
2025-12-28 14:11:01,Рессора в сборе 55100-4B700 + H100 Porter 96~ усиленная (6 листов) rear (втулка 28*34*58) SKV,73,6367,SKV,55100-4B700,Москва
2025-12-28 14:11:01,Рессора в сборе 55100-5A300U усиленная (7лист) 11*70*1360 HYUNDAI County 04~rear (2 обич +2 сайлент.) SKV,12,14313,SKV,55100-5A300U,Москва
2025-12-28 14:11:01,Рессора в сборе 55110-4E700 9/8/7/18*70 BONGO III 2.9 `04~ rear (0) (сайлет + втулка 38*44*68) SKV,61,10534,SKV,55110-4E700,Москва
2025-12-28 14:11:01,Рессора в сборе 8-97033-429-3 11/14*70 Isuzu ELF NPR/NQR 99~ front 3 листа (сайлентблоки) SKV,89,13003,SKV,8-97033-429-3,Москва
2025-12-28 14:11:01,Рессора в сборе 8-98022-373-0 12/11/10/9/6*70 Isuzu NPR85/NMR85 rear SKV,16,14692,SKV,8-98022-373-0,Москва
2025-12-28 14:11:01,Рессора в сборе 8-98069-483-0 21/24*80 Isuzu FVR34 front (втулки 32*38*78) SKV,43,23609,SKV,8-98069-483-0,Москва
2025-12-28 14:11:01,Рессора в сборе 8-98157-779-0 Isuzu SKV,14,28030,SKV,8-98157-779-0,Москва
2025-12-28 14:11:01,Рессора в сборе 8-98159-622-0 35/18*90 Isuzu CYZ52 Rear SKV,1,47678,SKV,8-98159-622-0,Москва
2025-12-28 14:11:01,Рессора в сборе 8-98181-939-0/IZNQR90F-FL/IPF9330 Isuzu NQR90 front SKV,12,12976,SKV,8-98181-939-0,Москва
2025-12-28 14:11:01,"Рессора в сборе 9483201405 / 33839000 41/47*100x835/835мм MB Actros, MP2/MP3, Axor 2 Rear 5л. SKV",2,72781,SKV,9483201405,Москва
2025-12-28 14:11:01,Рессора в сборе A091-2912013-01 Богдан rear (сайлентблоки) SKV,4,10226,SKV,A091-2912013-01,Москва
2025-12-28 14:11:01,Рессора в сборе D-125982 / 54150-Y3B00 JAC N350 front Дизель,2,52056,Дизель,D-125982,Москва
2025-12-28 14:11:01,Рессора в сборе D-126597 / WG9925522102 FR Sitrak C7H Дизель,2,23140,Дизель,D-126597,Москва
2025-12-28 14:11:01,Рессора в сборе D-128365 / WG9725522281 задняя SITRAK Дизель,4,45808,Дизель,D-128365,Москва
2025-12-28 14:11:01,Рессора в сборе DPF5 / 48110-37590/ 11/13*70 Hino Dutro/Dyna/Isuzu 5t без спальника front 25*31 SKV,2,10938,SKV,48110-37590,Москва
2025-12-28 14:11:01,Рессора в сборе HPF5 / 48120-3152 11/13*70 Hino FD1/2/3H#/J# 89~ 5t front (2 втулки 25-31-68) SKV,2,11386,SKV,48120-3152,Москва
2025-12-28 14:11:01,Рессора в сборе HPR5 / 48230-5320 11/13*70 Hino FD1/2/3H#/J# 89~ 5t rear (1 втулка 30-36-68) SKV,18,17467,SKV,48230-5320,Москва
2025-12-28 14:11:01,Рессора в сборе IPR5 / 1-51410-123-1 / 13*70 Isuzu 5t rear (втулка 25-30-68) L=1430 SKV,2,13768,SKV,1-51410-123-1,Москва
2025-12-28 14:11:01,Рессора в сборе ML291240 MMC Canter TF E-5 front (обич.) SKV,30,8307,SKV,ML291240,Москва
2025-12-28 14:11:01,Рессора в сборе MPF5 d-10.5mm / MC090304 11/13*70 Fuso 5t FK6# front (2 втулки 28-34-68) SKV,72,14512,SKV,MC090304,Москва
2025-12-28 14:11:01,Рессора лист 1-51412-118-0 (спецтехн) ISUZU 5t FRR/FSR/FRD 97 подкоренной rear,2,2402,Дизель,1-51412-118-0,Москва
2025-12-28 14:11:01,Рессора перед в сборе D-126779 / 2902010LG010 JAC N120/КАМАЗ Компас Дизель,2,29568,Дизель,D-126779,Москва
2025-12-28 14:11:01,Рессора подрессорник 8-97135-078-0 10*70 Isuzu ELF NPR/NQR rear SKV,5,6098,SKV,8-97135-078-0,Москва
2025-12-28 14:11:01,Рессора поперечная в сборе MK382259 14*110 Canter FE70/72/74 (2 листа + 2 проставки) SKV !,1,7254,SKV,MK382259,Москва
2025-12-28 14:11:01,"Рессора универсальная без 1,2 листов UNI-735 70-13-1100/900/700/500/300 к HPR5 SKV",4,7322,SKV,UNI-735,Москва
2025-12-28 14:11:01,Решетка бампера правая HNPR03018/004-012-HNU-R SH-2004 RH GA !,3,972,Дизель,004-012-HNU-R,Москва
2025-12-28 14:11:01,Решетка бампера центр HNPR03017/004-012-HNU-C SH-2004 GA !,2,972,Дизель,004-012-HNU-C,Москва
2025-12-28 14:11:01,Решетка радиатора 8-97583-047-0/2/3/4 N-series Diesel дефект,1,684,Дизель,8-97583-047-0,Москва
2025-12-28 14:11:01,Решетка радиатора 8-98040-997-6 FVR34 ORIG,1,15681,Isuzu,8-98040-997-6,Москва
2025-12-28 14:11:01,Решетка радиатора 8401100LE010 N75/N120 JAC (NON-GENUINE) дефект,1,2040,Дизель,8401100LE010,Москва
2025-12-28 14:11:01,Решетка радиатора D-125495 / 8-97407-294-4 NQR90/NPR75 Дизель,3,3144,Дизель,D-125495,Москва
2025-12-28 14:11:01,Решетка радиатора D-126294 / 86310-5H000 Hyundai HD72 Дизель,3,2100,Дизель,D-126294,Москва
2025-12-28 14:11:01,Решетка радиатора D-128113 / 8-97583-047-0/2/3/4 N-series Дизель,2,1898,Дизель,D-128113,Москва
2025-12-28 14:11:01,Решетка радиатора MC974693 Fuso Canter TF ORIG,2,29052,Mitsubishi,MC974693,Москва
2025-12-28 14:11:01,Рокер впускного клапана 8-97306-421-3 4HK1/6HK1 F/N-series ORIG,1,3393,Isuzu,8973064213,Москва
2025-12-28 14:11:01,Рокер выпускного клапана 8-97306-424-3 4HK1/6HK1 F/N-series ORIG,10,2292,Isuzu,8973064243,Москва
2025-12-28 14:11:01,"Рокер клапана 8-94152-344-0 4JB1/4JH1 N,Q-series ORIG",2,2130,Isuzu,8-94152-344-0,Москва
2025-12-28 14:11:01,"Рокер клапана выпуск D-125170/8-97306-424-2 4HK1/6HK1 N, F-series Дизель",4,1484,Дизель,D-125170,Москва
2025-12-28 14:11:01,Ролик D-125983 / 612600061256 JAC N350 WP10 E-5 Дизель,1,3962,Дизель,D-125983,Москва
2025-12-28 14:11:01,Ролик задней торм колодки D-129533 / 3502394-A0E/B FAW J6 Дизель,10,722,Дизель,D-129533,Москва
2025-12-28 14:11:01,Ролик натяжитель приводного ремня D-129946 / 092V95800-7478 HOWO T5G Дизель,1,3307,Дизель,D-129946,Москва
2025-12-28 14:11:01,Ролик натяжительный ремня ГРМ Grace E45006JC/TR-32000,1,406,JMC,E45006JC,Москва
2025-12-28 14:11:01,Ролик натяжителя ремня 504006261 / 901310 / 2739901 EMMERRE !,1,3157,Emmerre,901310,Москва
2025-12-28 14:11:01,Ролик натяжителя ремня грм 1023608GD150 JAC S5 ORIG,2,1106,JAC,1023608GD150,Москва
2025-12-28 14:11:01,"Ролик натяжителя ремня кондиционера 8-97386-869-0 F,N-series ORIG",3,4811,Isuzu,8-97386-869-0,Москва
2025-12-28 14:11:01,Ролик натяжной 1-13660-352-2 6WF1/6WG1 C-series ORIG,1,24228,Isuzu,1-13660-352-2,Москва
2025-12-28 14:11:01,Ролик натяжной автоматический D-126936 / 1023010C36D / 1023010A36D FAW J5/J6 Дизель,2,1712,Дизель,D-126936,Москва
2025-12-28 14:11:01,Ролик натяжной в сборе D-128320 / 202V95800-7476 SITRAK C7H Дизель,1,2113,Дизель,D-128320,Москва
2025-12-28 14:11:01,Ролик обводной D-129535 / 611600060031 Weichai WP10 Дизель,4,11560,Дизель,D-129535,Москва
2025-12-28 14:11:01,Ролик передней тормозной колодки D-129874 / WG9100440021 HOWO T5G Дизель,4,304,Дизель,D-129874,Москва
2025-12-28 14:11:01,Ролик приводного ремня 201V95800-6099 HOWO T5G,1,1092,Дизель,201V95800-6099,Москва
2025-12-28 14:11:01,Ролик тормозной колодки HBR-018 47890-1100 Front Hino ALL PM,4,966,Paul Master,HBR-018,Москва
2025-12-28 14:11:01,Роликовый рычаг 83580-43403 Grace !,3,252,JMC,83580-43403,Москва
2025-12-28 14:11:01,Ротор стартера ME753540 Fuso Canter Euro 5 ORIG,7,36201,Mitsubishi,ME753540,Москва
2025-12-28 14:11:01,Рукав (шланг) маслобензостойкий D-129537 / TUC20 ф 12 мм Рраб=20 Дизель,6,550,Дизель,D-129537,Москва
2025-12-28 14:11:01,"Рулевой кардан D-125735 / 8-97378-632-0 NPR 4JH1 NQR71, NQR75 Дизель",4,1406,Дизель,D-125735,Москва
2025-12-28 14:11:01,Рулевой механизм в сборе 3401100U1510-B JAC ORIG,1,16247,JAC,3401100U1510-B,Москва
2025-12-28 14:11:01,Ручка внутр L 6105140W5000 JAC N35 ORIG,1,589,JAC,6105140W5000,Москва
2025-12-28 14:11:01,Ручка внутренняя левой двери 82310-5H001 Hyundai HD35-72 ORIG,14,1332,Hyundai-Kia,82310-5H001,Москва
2025-12-28 14:11:01,Ручка внутренняя правой двери 82320-5H001 Hyundai HD35-72 ORIG,3,1545,Hyundai-Kia,82320-5H001,Москва
2025-12-28 14:11:01,Ручка двери MC142095 LH CANTER LIGHT TRUCK 96` Y,4,790,Yamasida,MC142095,Москва
2025-12-28 14:11:01,Ручка двери внутр. 6617663743 Istana !,2,89,Дизель,6617663743,Москва
2025-12-28 14:11:01,Ручка двери внутренняя левая D-126296 / 8-97852-615-0 NPR/NQR Дизель,7,82,Дизель,D-126296,Москва
2025-12-28 14:11:01,Ручка двери внутренняя правая 82320-7A002 Hyundai HD120 ORIG,1,913,Hyundai-Kia,82320-7A002,Москва
2025-12-28 14:11:01,Ручка двери внутренняя правая D-127187 / 8-97852-614-0 NPR/NQR Дизель,3,84,Дизель,D-127187,Москва
2025-12-28 14:11:01,Ручка двери кабины левая/правая 504254457 / 560/195 Covind !,1,4042,Covind,560/195,Москва
2025-12-28 14:11:01,Ручка двери наруж лев D-125984 / 82330-Y4010XG JAC N350 Дизель,1,857,Дизель,D-125984,Москва
2025-12-28 14:11:01,Ручка двери наруж прав D-125985 / 82340-Y4010XG JAC N350 Дизель,1,901,Дизель,D-125985,Москва
2025-12-28 14:11:01,Ручка двери наружная LH D-128732 / MC142095 CANTER LIGHT TRUCK 96` Дизель,10,648,Дизель,D-128732,Москва
2025-12-28 14:11:01,Ручка двери наружная передняя левая D-125057/8-98037-100-0/2 700P 4HK1 NLR85/NMR85/NPR75 Дизель,3,771,Дизель,D-125057,Москва
2025-12-28 14:11:01,Ручка двери правая наружная D-127494 / 8-98037-101-2 NLR85 NMR85 NPR75 NQR90 FSR90 FVR34 Дизель,4,671,Дизель,D-127494,Москва
2025-12-28 14:11:01,Ручка капота D-125986 / 86490-Y5010B JAC N350 Дизель,1,309,Дизель,D-125986,Москва
2025-12-28 14:11:01,Ручка капота D-126780 / 86480-Y5010B JAC N350 Дизель,1,321,Дизель,D-126780,Москва
2025-12-28 14:11:01,Ручка левой двери внутр 6105500LE010 N75/120 JAC ORIG,3,407,JAC,6105500LE010,Москва
2025-12-28 14:11:01,Ручка наруж R 6105230W5000 JAC N35 ORIG,1,816,JAC,6105230W5000,Москва
2025-12-28 14:11:01,Ручка открытия капота 8401300W5000 JAC N35 ORIG,1,218,JAC,8401300W5000,Москва
2025-12-28 14:11:01,Рычаг (поводок) стеклоочистителя левый 8-97226-888-0 NQR75/NQR71 ORIG,2,3656,Isuzu,8-97226-888-0,Москва
2025-12-28 14:11:01,Рычаг (поводок) стеклоочистителя левый 8-98078-974-1 FVR34 ORIG,3,3176,Isuzu,8-98078-974-1,Москва
2025-12-28 14:11:01,Рычаг (поводок) стеклоочистителя левый 98131-5H100 HD35-78 ORIG,1,753,Hyundai-Kia,98131-5H100,Москва
2025-12-28 14:11:01,Рычаг (поводок) стеклоочистителя левый D-125010 / 8-98053-780-0 N-series Дизель,1,660,Дизель,D-125010,Москва
2025-12-28 14:11:01,Рычаг (поводок) стеклоочистителя левый D-128146 / 8-97226-888-0 NQR75/NQR71 ISUZU Дизель,3,236,Дизель,D-128146,Москва
2025-12-28 14:11:01,Рычаг (поводок) стеклоочистителя правый 8-97226-887-0 NQR75/NQR71 ORIG,1,3704,Isuzu,8-97226-887-0,Москва
2025-12-28 14:11:01,Рычаг (поводок) стеклоочистителя правый 8-98078-976-1 FVR34 ORIG,4,3634,Isuzu,8-98078-976-1,Москва
2025-12-28 14:11:01,Рычаг (поводок) стеклоочистителя центральный 8-98078-975-1 FVR34 ORIG,8,3794,Isuzu,8-98078-975-1,Москва
2025-12-28 14:11:01,Рычаг маятниковый D-127716 / 56631-Y3BH0 JAC N350 Дизель,1,4813,Дизель,D-127716,Москва
2025-12-28 14:11:01,Рычаг нижний левый в сборе 8-98025-505-0 ISUZU оригинал,1,40579,Isuzu,8-98025-505-0,Москва
2025-12-28 14:11:01,Рычаг нижний правый в сборе 8-98025-504-0 ISUZU ORIG,1,40579,Isuzu,8-98025-504-0,Москва
2025-12-28 14:11:01,Рычаг регулировочный (трещетка) AZ4008457001 HOWO T5G,1,3531,Дизель,AZ4008457001,Москва
2025-12-28 14:11:01,Рычаг регулировочный заднего тормоза 35D02050-A / MAN20250516 FAW Дизель,3,1032,Дизель,35D02050-A,Москва
2025-12-28 14:11:01,Рычаг регулировочный перед лев Z=10 D-129539 / 3501205242 FAW J6 Дизель,4,1350,Дизель,D-129539,Москва
2025-12-28 14:11:01,Рычаг регулировочный перед прав Z=10 D-129540 / 3501210242 FAW J6 Дизель,4,1350,Дизель,D-129540,Москва
2025-12-28 14:11:01,Рычаг регулировочный переднего тормоза (трещетка) D-128091/8-98229-019-0 NQR90 Дизель,1,4682,Дизель,D-128091,Москва
2025-12-28 14:11:01,Рычаг регулировочный передний левый D-129541 / QT026AQ16-3551010 1066 FAW Дизель,1,4368,Дизель,D-129541,Москва
2025-12-28 14:11:01,Рычаг регулировочный передний правый D-129542 / QT026AQ16-3551020 1066 FAW Дизель,1,4368,Дизель,D-129542,Москва
2025-12-28 14:11:01,Рычаг рулевой D-128437 / 3001034A1H FAW Дизель,1,1686,Дизель,D-128437,Москва
2025-12-28 14:11:01,Рычаг стабилизатора D-125987 / 54650-Y5CH0 JAC N350 Дизель,1,4371,Дизель,D-125987,Москва
2025-12-28 14:11:01,Сайленблок нижнего переднего рычага SNS-7841 54560-22T10-S Schmaco !,8,899,Schmaco,SNS-7841,Москва
2025-12-28 14:11:01,Сайленблок подвески кабины 500351393 / 53472 Auger !,4,1103,Auger,53472,Москва
2025-12-28 14:11:01,Сайленблок подвески кабины 500357265 / 53480 Auger !,4,1055,Auger,53480,Москва
2025-12-28 14:11:01,Сайленблок подвески кабины 52000 Auger !,2,862,Auger,52000,Москва
2025-12-28 14:11:01,Сайленблок стабилизатора 52954 AUGER,10,437,Auger,52954,Москва
2025-12-28 14:11:01,Сайлентблок 49305-1580/S4930-51720 FR1KZH (8) HINO (ORIGINAL),1,3166,hino,S4930-51720,Москва
2025-12-28 14:11:01,Сайлентблок AAMIS1006 8-97357-492-0/8-94234-319-0/55046-HC300 MD-2081 17x30x35 (TENAC,4,58,JMC,8-97357-492-0,Москва
2025-12-28 14:11:01,Сайлентблок BH21159,2,370,JMC,BH21159,Москва
2025-12-28 14:11:01,Сайлентблок MZAB-070 0191-28-330/3874-28-330 17x32x35 (YAC),1,132,JMC,3874-28-330,Москва
2025-12-28 14:11:01,Сайлентблок V-образной тяги 54185/A0003503705 / 0003504205 Mercedes/Auger !,1,1353,Auger,54185,Москва
2025-12-28 14:11:01,Сайлентблок амортизатора кабины 500398364 Iveco Orig,4,1129,Iveco,500398364,Москва
2025-12-28 14:11:01,Сайлентблок заднего стабилизатора 1-51779-055-0 28*62*64(55) CX#CY#EX# 86~ ORIG,2,4867,Isuzu,1-51779-055-0,Москва
2025-12-28 14:11:01,Сайлентблок кабины 1-53458-714-0/8-97798-840-0 ORIG,21,4907,Isuzu,1-53458-714-0,Москва
2025-12-28 14:11:01,Сайлентблок кабины 3036201SKV 40*73*47 MB ACTROS SKV,12,828,SKV,3036201SKV,Москва
2025-12-28 14:11:01,Сайлентблок кабины 52406-1070 (16mm) Hino TZG !,2,594,Дизель,52406-1070,Москва
2025-12-28 14:11:01,Сайлентблок кабины 52406-1080 / SHN-4175 HINO FH/FS/SH/SS Schmaco !,4,1365,Schmaco,SHN-4175,Москва
2025-12-28 14:11:01,Сайлентблок кабины 52406-1190 / HN-4B176 TZG,2,723,Дизель,52406-1190,Москва
2025-12-28 14:11:01,Сайлентблок кабины 52406-1190 / SHN-4176 HINO FH/FS/SH/SS Schmaco !,4,811,Schmaco,SHN-4176,Москва
2025-12-28 14:11:01,Сайлентблок кабины 64265-7B000 HYUNDAI HD500 ORIG,1,811,Hyundai-Kia,64265-7B000,Москва
2025-12-28 14:11:01,Сайлентблок кабины 8-94380-614-0 ORIG,3,2226,Isuzu,8-94380-614-0,Москва
2025-12-28 14:11:01,Сайлентблок кабины 95167-Z2000 Nissan TZG !,2,370,Дизель,95167-Z2000,Москва
2025-12-28 14:11:01,Сайлентблок кабины 95167-Z5000 / Z5002 / Z2005 Nissan TZG !,4,503,Дизель,TN-014,Москва
2025-12-28 14:11:01,Сайлентблок кабины D-128012 / 1-53458-714-0 ISUZU CX#/CY#/CV#/EX# 87~ Дизель,8,1027,Дизель,D-128012,Москва
2025-12-28 14:11:01,Сайлентблок кабины D-128862 / 8-97095-148-1 Дизель,6,443,Дизель,D-128862,Москва
2025-12-28 14:11:01,Сайлентблок кабины D-128923 / MC317539 / MC441200 / MC444170 / ME876757 / 444170001 FUSO Дизель,40,1091,Дизель,D-128923,Москва
2025-12-28 14:11:01,Сайлентблок кабины перед D-126606 / 810-96210-0609 Sitrak C7H Дизель,1,732,Дизель,D-126606,Москва
2025-12-28 14:11:01,"Сайлентблок кабины передний 25х100х123,5 мм A9423172012 / A9423172112/ 480403 DieselTechnic !",2,3971,Diesel Technic,4.80403,Москва
2025-12-28 14:11:01,"Сайлентблок кабины передний 53234/ A9423172012 / A9423172112/53236 /3234 / 011225 25х100х123,5 мм Auger",4,2252,Auger,53234,Москва
2025-12-28 14:11:01,"Сайлентблок перед рессоры D-126943 / 2902120-371/E FAW 60,5*24*95 Дизель",2,594,Дизель,D-126943,Москва
2025-12-28 14:11:01,Сайлентблок переднего стабилизатора SMS-009T8 Schmaco,2,1383,JMC,SMS-009T8,Москва
2025-12-28 14:11:01,Сайлентблок реактивной тяги 1-51519-113-1/0 ORIG,22,4070,Isuzu,1-51519-113-0,Москва
2025-12-28 14:11:01,Сайлентблок реактивной тяги 1-51519-113-1/0/1-87411-074-2 ORIG CHINA,758,1888,Isuzu,1-87411-074-2,Москва
2025-12-28 14:11:01,Сайлентблок реактивной тяги 55554-7C000 HYUNDAI HD250/HD260 ORIG,2,4367,Hyundai-Kia,55554-7C000,Москва
2025-12-28 14:11:01,Сайлентблок реактивных тяг TRB-105SK-A 55542-Z2008 / 1-87411-074-2/1-51519-113- 10 т D.BEST JAPAN,1,1568,Дизель,TRB-105SK-A,Москва
2025-12-28 14:11:01,Сайлентблок рессорный 0680-34-330-S / FTD-02007-M5 KS RB-3005 (d=17 D=36 L=48) Schmaco !,20,155,Schmaco,SFD-02007,Москва
2025-12-28 14:11:01,Сайлентблок рессорный 8-94118-588-1/SIZ-02008 NLR85A Y,15,465,Yamasida,8-94118-588-1,Москва
2025-12-28 14:11:01,Сайлентблок рессорный 9-51151-023-0/IZ-7S200,4,224,Дизель,9-51151-023-0,Москва
2025-12-28 14:11:01,Сайлентблок рессорный D-129547 / 2912020Z2 N120 JAC Дизель,2,269,Дизель,D-129547,Москва
2025-12-28 14:11:01,Сайлентблок рессоры 2658301 SKV,30,314,SKV,2658301,Москва
2025-12-28 14:11:01,Сайлентблок рессоры D-125592 / 8-94118-588-1 / 8-97184-699-0 d=16 D=40 L=43 ELF NKR/NPR Дизель,1,239,Дизель,D-125592,Москва
2025-12-28 14:11:01,Сайлентблок рессоры D-127052 / 54148-5H050 HD45/HD46/HD65/HD72/HD78 Дизель,4,211,Дизель,D-127052,Москва
2025-12-28 14:11:01,Сайлентблок рессоры D-128537 / 0680-28-330 Дизель,1,239,Дизель,D-128537,Москва
2025-12-28 14:11:01,Сайлентблок рессоры D-128735 / 0559-34-330 Дизель,4,199,Дизель,D-128735,Москва
2025-12-28 14:11:01,Сайлентблок рычага 54522-4E000 (аналог) BONGO III 2.9 !,4,278,Shinhwa,54522-4E000,Москва
2025-12-28 14:11:01,"Сайлентблок рычага верхний NISSAN TERRANO I-II 86-06, VANETTE 86-94 BH22029 JIKIU",2,319,JMC,BH22029,Москва
2025-12-28 14:11:01,Сайлентблок стабилизатора 1-51779-067-0 / 1-51779-019-0 RR FVR34 ORIG,2,2342,Isuzu,1-51779-067-0,Москва
2025-12-28 14:11:01,Сайлентблок стабилизатора 1966501SKV,19,327,SKV,1966501SKV,Москва
2025-12-28 14:11:01,Сайлентблок стабилизатора 51112 /A0003237985 / A0003237585 / 480386 / Mercedes/Auger,1,451,Auger,51112,Москва
2025-12-28 14:11:01,Сайлентблок стабилизатора A0003237985 / A0003237585 / 480386 / 51112 Mercedes/Daubert !,1,541,Дизель,A0003237985,Москва
2025-12-28 14:11:01,Сайлентблок стабилизатора D-126604 / AZ9925688204 R Sitrak C7H Дизель,14,832,Дизель,D-126604,Москва
2025-12-28 14:11:01,Сайлентблок стабилизатора RR D-128864 / 1-51779-067-0 / 1-51779-019-0 ISUZU FVR34 Дизель,20,410,Дизель,D-128864,Москва
2025-12-28 14:11:01,Сайлентблок торсиона кабины AZ1642430061 HOWO,1,231,Дизель,AZ1642430061,Москва
2025-12-28 14:11:01,Сальник / 114-17-0029 / 77-102-10-16.3 / КИТАЙ / I3585 / 8943363141; 8-94336-314-1; 8943679590; 8-94,2,442,Zevs,8-94336-314-1,Москва
2025-12-28 14:11:01,Сальник 11*22*7 90311-11128 / T1259,2,270,JMC,90311-11128,Москва
2025-12-28 14:11:01,"Сальник 126*150*14 12279-96006 N2021/AH4414 Payen NJ230 NI (КВ з. PE6, RD8,",2,1676,JMC,12279-96006,Москва
2025-12-28 14:11:01,Сальник 21321-42041 Grace,1,164,HOS,21321-42041,Москва
2025-12-28 14:11:01,Сальник 33216-01J00/33216-33G00/33216-33G01 40 X 75 X 12 X 17.5 SNBR Y,15,258,Yamasida,33216-01J00,Москва
2025-12-28 14:11:01,Сальник 41*56*7 43252-H1000/N2125 / NJ036 NIS NOK/Nissan,2,105,Дизель,43252-H1000,Москва
2025-12-28 14:11:01,Сальник 42*76*12*21 N2007 / NJ684,1,396,Musashi,NJ684,Москва
2025-12-28 14:11:01,"Сальник 54*66*7,5*10 90311-54003 T1197/BD3236-F0/NJ996",1,144,JMC,90311-54003,Москва
2025-12-28 14:11:01,Сальник 61500010047 Howo/,5,239,Howo,61500010047,Москва
2025-12-28 14:11:01,Сальник 63*100*12 H3013 / 9828-63104 / 1-828-6301-00 Payen NJ462 HI,2,484,Musashi,9828-63104,Москва
2025-12-28 14:11:01,Сальник 65*95*14*20.5 9828-65000,1,615,NOK,9828-65000,Москва
2025-12-28 14:11:01,"Сальник 66x134x16 Payen NJ774 HI (ступичный R-out FF, FG, KG) NJ774",2,282,JMC,NJ774,Москва
2025-12-28 14:11:01,"Сальник 68*124*11,5/27 1-09625-017-0/I3504 Y",8,590,Yamasida,1-09625-017-0,Москва
2025-12-28 14:11:01,Сальник 80*100*8.5 90311-80003/80004/80007/80009/ 12279-5L300/90043-11230 N2351/NJ360,1,324,JMC,90311-80003,Москва
2025-12-28 14:11:01,Сальник A0149972947 Mercedes ориг !,2,911,Mercedes,A 014 997 29 47,Москва
2025-12-28 14:11:01,Сальник AE7637E --- 35-56-7 --- --- NOK / 17987,2,191,JMC,AE7637E,Москва
2025-12-28 14:11:01,Сальник AZ9761322430 Howo 77*110.5*17 Tora,2,154,Дизель,AZ9761322430,Москва
2025-12-28 14:11:01,Сальник cтупицы R int D-128865 / 8-94336-316-1 / 8-94367-958-0 / I3513 NPR/NQR-LHD99 Дизель,20,189,Дизель,D-128865,Москва
2025-12-28 14:11:01,Сальник F500A-1802191 Howo/ 52*72*10 CNHTC,2,205,Howo,F500A-1802191,Москва
2025-12-28 14:11:01,Сальник F91410 47.63*65.07*6.35 Foton/,1,150,Foton,F91410,Москва
2025-12-28 14:11:01,Сальник ISUZU / 68-124-11.5-27 / / 04-3504 / 1096250170; 1-09625-017-0; 1096253830; 1-09625-383-0 /,2,714,TOKKO,04-3504,Москва
2025-12-28 14:11:01,Сальник M4535 W029-33-065 65*100*12 ступицаПеред MUSASHI,2,538,Musashi,W029-33-065,Москва
2025-12-28 14:11:01,Сальник QD431-13T00180 40*58*8 Y,30,169,Yamasida,QD431-13T00180,Москва
2025-12-28 14:11:01,Сальник TJ-828 Howo Tora 47.5*65*6.5,1,134,Howo,828 TJ,Москва
2025-12-28 14:11:01,Сальник TOYOTA / 22-32-8 / На кулису МКПП / AC7746-E0 / 9031122009; 90311-22009 / NOK,1,132,Zevs,90311-22009,Москва
2025-12-28 14:11:01,Сальник вала балансира 1-09625-146-0 CXH/CXG ORIG,10,1475,Isuzu,1-09625-146-0,Москва
2025-12-28 14:11:01,Сальник вала балансира 130*160*13/16 D-128255 / 1-09625-146-0 CXH/CXG Дизель,6,510,Дизель,D-128255,Москва
2025-12-28 14:11:01,"Сальник вала балансира 145*175*15,3 55515-00Z00 NBR Y",5,693,Yamasida,55515-00Z00,Москва
2025-12-28 14:11:01,Сальник вала балансира 154*185*19 MC095475/BZ5618-E0 FUSO FU/FV Y,11,1605,Yamasida,MC095475,Москва
2025-12-28 14:11:01,Сальник вала балансира 155*185*13/16 1-51389-005-0 CXZ Y,1,1008,Yamasida,1-51389-005-0,Москва
2025-12-28 14:11:01,Сальник вала балансира 155*185*13/16 D-125059 / 1-51389-005-0 Дизель,1,333,Дизель,D-125059,Москва
2025-12-28 14:11:01,Сальник вала балансира 165*195*19 Fuso HOS,4,809,HOS,12857-16700,Москва
2025-12-28 14:11:01,Сальник вала балансира 165*195*19/21 12857-16700 Fuso NBR Y,2,855,Yamasida,12857-16700,Москва
2025-12-28 14:11:01,Сальник вала КПП 48*60*9 SZ319-48007/H3098 HINO300/500 GD8JLSA/FC3JLE/FC6JGF/FD7 Y,3,204,Yamasida,SZ319-48007,Москва
2025-12-28 14:11:01,Сальник вала КПП 60531122/A3892610865 / A3892610665 Euroricambi !,2,2293,Euroricambi,60.53.1122,Москва
2025-12-28 14:11:01,"Сальник вала переключения передач КПП 8-97363-225-0 N,F-series ORIG",11,412,Isuzu,8-97363-225-0,Москва
2025-12-28 14:11:01,Сальник вторичного вала 50*65*9 43155-5H000 Hyundai HD35-75/MIGHTY ORIG,27,229,Hyundai-Kia,43155-5H000,Москва
2025-12-28 14:11:01,"Сальник вторичного вала КПП 40*58*8 43113-P06020 HD65,72,78 Y",8,188,Yamasida,43113-P06020,Москва
2025-12-28 14:11:01,"Сальник КПП MSB5M, MSB5S 45*65*10 8-94178-728-0 / I3512 NBR ISUZU Y",6,170,Yamasida,8-94178-728-0,Москва
2025-12-28 14:11:01,Сальник вторичного вала КПП 45*65*10 8-97257-296-0/8-98189-443-0 Y,4,150,Yamasida,8-97257-296-0,Москва
2025-12-28 14:11:01,Сальник вторичного вала КПП MYY5T /5-ступ 50*63.5*8.5 8-97253-552-1 ISUZU Y,89,193,Yamasida,8-97253-552-1,Москва
2025-12-28 14:11:01,Сальник вторичного вала КПП MZZ6U /6-ступ 58*75*8.5 8-97253-551-1 / I3696 NBR ISUZU Y,9,193,Yamasida,8-97253-551-1,Москва
2025-12-28 14:11:01,Сальник втулки рессоры 30*40*5.8 / MK303902 / LP-5904 Y !,6,180,Yamasida,MK303902,Москва
2025-12-28 14:11:01,Сальник генератора 15*32*7.5*9 8-94156-589-0 Isuzu NPR/NQR Y,1,179,Yamasida,8-94156-589-0,Москва
2025-12-28 14:11:01,Сальник генератора 15*32*7.5/9 D-128256 / 8-94156-589-0 Isuzu NPR/NQR Дизель,3,87,Дизель,D-128256,Москва
2025-12-28 14:11:01,Сальник гидроусилителя S4439-31050 / LP-5959 / 17*32*8.5 Y,6,139,Yamasida,S4439-31050,Москва
2025-12-28 14:11:01,Сальник главной передачи 85х120х20 12019701B/ A9423530059 / 420478 Mercedes/CORTECO !,4,4169,Corteco,12019701B,Москва
2025-12-28 14:11:01,Сальник дифференциала заднего моста 37*58*11X 90311-37003/BH3009 LP-5890 DYNA/TOYOACE Y !,6,128,Yamasida,90311-37003,Москва
2025-12-28 14:11:01,Сальник зад. ступицы 35*41*5.5/9 / 90310-36003 / LP-5887 Y !,12,141,Yamasida,90310-36003,Москва
2025-12-28 14:11:01,Сальник зад. ступицы 75*108*10*15*20 90311-75003 / T1170 DYNA/TOYOACE/HINO Y,10,667,Yamasida,90311-75003,Москва
2025-12-28 14:11:01,Сальник зад. ступицы 75*108*10*15*20 D-127959 / 90311-75003 / T1170 DYNA/TOYOACE/HINO Дизель,3,207,Дизель,D-127959,Москва
2025-12-28 14:11:01,Сальник зад. ступицы 8-94367-959-0 NPR55/NKR66 ORIG,1,532,Isuzu,8-94367-959-0,Москва
2025-12-28 14:11:01,"Сальник зад. ступицы внешн. 33*44*7 43252-T6200/N2191 F22,F23 82~ Y",6,158,Yamasida,43252-T6200,Москва
2025-12-28 14:11:01,Сальник зад. ступицы внешн. 38*44*17.5 90310-38033/T1068 Y,6,215,Yamasida,90310-38033,Москва
2025-12-28 14:11:01,"Сальник зад. ступицы внешн. 38*45*8 1416-26-157/M4537 LP-5878 NBR TITAN WE, WG, Bongo SR/SD Y",2,118,Yamasida,1416-26-157,Москва
2025-12-28 14:11:01,Сальник зад. ступицы внешн. 40*46/49*17.5 90310-40001/T1181 HINO300/DYNA BU6#7#8#9#XZU3#4#6#7# Y,3,179,Yamasida,90310-40001,Москва
2025-12-28 14:11:01,Сальник зад. ступицы внешн. 45*53*6.5*8 MH034110 Y,2,169,Yamasida,MH034110,Москва
2025-12-28 14:11:01,Сальник зад. ступицы внешн. 47*56*7 38212-Z5000 / N2074 LP-5839 Nissan DIESEL CL/CM/CG/CW Y,2,148,Yamasida,38212-Z5000,Москва
2025-12-28 14:11:01,Сальник зад. ступицы внешн. 50*70*12*17 43232-01G00 Y !,6,297,Yamasida,43232-01G00,Москва
2025-12-28 14:11:01,Сальник зад. ступицы внешн. 52*112*10.5/15.5 52820-5K300 HD45/65/72/78 04~ SNBR Y,1,529,Yamasida,52820-5K300,Москва
2025-12-28 14:11:01,Сальник зад. ступицы внешн. 56*114*10 D-127971 / MB308966 FUSO CANTER (2T~) SNBR Дизель,105,261,Дизель,D-127971,Москва
2025-12-28 14:11:01,Сальник зад. ступицы внешн. 56*114*10 MB308966 FUSO CANTER (2T~) SNBR Y,3,659,Yamasida,MB308966,Москва
2025-12-28 14:11:01,Сальник зад. ступицы внешн. 57*124*14.5*27 MH034193/ F4176 Y,8,648,Yamasida,MH034193,Москва
2025-12-28 14:11:01,Сальник зад. ступицы внешн. 60*72*12 MH034134/F4044 FP/FT/FS/FU/FV/FW5#/50#/41# Y,1,202,Yamasida,MH034134,Москва
2025-12-28 14:11:01,"Сальник зад. ступицы внешн. 67*90*12.5*20 43232-01J10/N2270 F23 KA20DE,QD32 ABS 92~ F24 07~ Y !",2,250,Yamasida,43232-01J10,Москва
2025-12-28 14:11:01,"Сальник зад. ступицы внешн. 68*82*7 09061-0001P/N2008 F22,F23 82~ Y",1,292,Yamasida,09061-0001P,Москва
2025-12-28 14:11:01,"Сальник зад. ступицы внешн. 70*82*12,5 MH034133/F4168 Y",6,278,Yamasida,MH034133,Москва
2025-12-28 14:11:01,Сальник зад. ступицы внешн. 74*156*14*22 38212-00Z01/N2287 Y,6,1056,Yamasida,38212-00Z01,Москва
2025-12-28 14:11:01,Сальник зад. ступицы внешн. 76*157*8*19 9828-76101 / 9828-76102 / H3059 HINO TRUCK / #700 Y,2,829,Yamasida,9828-76101,Москва
2025-12-28 14:11:01,Сальник зад. ступицы внутр. 117*174*28 1-09625-350-0/I3600 Y,1,1090,Yamasida,1-09625-350-0,Москва
2025-12-28 14:11:01,Сальник зад. ступицы внутр. 127*146*10 43090-Z5002/Z5001 Nissan UD Y,1,511,Yamasida,43090-Z5002,Москва
2025-12-28 14:11:01,Сальник зад. ступицы внутр. 130*146*14 MH034175/F4175 FS/FY5#/FK/FM6# Y,1,524,Yamasida,MH034175,Москва
2025-12-28 14:11:01,Сальник зад. ступицы внутр. 145*164*14 9828-01204 Y,6,705,Yamasida,9828-01204,Москва
2025-12-28 14:11:01,Сальник зад. ступицы внутр. 154*172*14 MC807438 / F4134 Y,1,729,Yamasida,MC807438,Москва
2025-12-28 14:11:01,Сальник зад. ступицы внутр. 154*175*13 D-127966 / 9828-01193/H3058/N2221 NBR HINO TRUCK/ #700 Дизель,17,231,Дизель,D-127966,Москва
2025-12-28 14:11:01,Сальник зад. ступицы внутр. 35*55*11 43252-VW000/ N2222 Y,6,136,Yamasida,43252-VW000,Москва
2025-12-28 14:11:01,Сальник зад. ступицы внутр. 38*62*11 43252-T3200/N2167 F22/23TD27/TD25(ALL) 82~ Y,6,180,Yamasida,43252-T3200,Москва
2025-12-28 14:11:01,Сальник зад. ступицы внутр. 40*65*11 43252-VH300/N2364 F23 QD32(ABS) F24 07~ Y !,4,124,Yamasida,43252-VH300,Москва
2025-12-28 14:11:01,"Сальник зад. ступицы внутр. 45*55*7.5 9828-45104/H3004 FD,GD,GX 97~ Y !",6,159,Yamasida,9828-45104,Москва
2025-12-28 14:11:01,Сальник зад. ступицы внутр. 65*90*11.4 43232-11G00/ N2275 Y,1,717,Yamasida,43232-11G00,Москва
2025-12-28 14:11:01,"Сальник зад. ступицы внутр. 70*112*10/18.5 MB161152/52810-45000/F4028 Canter(1-1,5t)/County/HD65 Y",3,288,Yamasida,MB161152,Москва
2025-12-28 14:11:01,Сальник зад. ступицы внутр. 74*100*10 MB161153 Y,2,414,Yamasida,MB161153,Москва
2025-12-28 14:11:01,"Сальник зад. ступицы внутр. 77*102*18/21,5 8-94336-314-1/8-94367-959-0/l3585 NPR/NKR/NLR85/NMR85/NKR55 Y",17,507,Yamasida,8-94336-314-1,Москва
2025-12-28 14:11:01,Сальник зад. ступицы внутр. 78*115*10/20 90311-78001 / T1309 DYNA/TOYOACE/HINO300 Y,3,524,Yamasida,90311-78001,Москва
2025-12-28 14:11:01,Сальник зад. ступицы внутр. 78*115*10/20 D-127967 / 90311-78001 / T1309 DYNA/TOYOACE/HINO300 Дизель,1,227,Дизель,D-127967,Москва
2025-12-28 14:11:01,Сальник зад. ступицы внутр. 80*101*10-11 43232-0T000 Y,4,317,Yamasida,43232-0T000,Москва
2025-12-28 14:11:01,Сальник зад. ступицы внутр. 82*121*12/19 8-97122-937-0/I3675 NQR71/75 Y,8,546,Yamasida,8-97122-937-0,Москва
2025-12-28 14:11:01,Сальник зад. ступицы внутр. 82*121*12/19 D-127968 / 8-97122-937-0 NQR71/75 Дизель,18,228,Дизель,D-127968,Москва
2025-12-28 14:11:01,Сальник зад. ступицы наруж. 57*124*13 9828-57103/SZ319-57001/H3078 Y,4,919,Yamasida,9828-57103,Москва
2025-12-28 14:11:01,Сальник заднего суппорта D-129548 / 3502153-A0E FAW J6 Дизель,7,171,Дизель,D-129548,Москва
2025-12-28 14:11:01,Сальник задней крышки КПП 6J55T-1701161-1 60*74*10 N120 JAC ORIG,3,500,JAC,6J55T-1701161-1,Москва
2025-12-28 14:11:01,Сальник задней крышки кпп N-1701522-02 N56 JAC ORIG,6,217,JAC,N-1701522-02,Москва
2025-12-28 14:11:01,Сальник задней оси 80*136*9*25 9828-80114/10/BH5898-E0 SNBR Y,6,903,Yamasida,9828-80114,Москва
2025-12-28 14:11:01,Сальник задней ступицы 190*220 WG9112340113 Howo,2,1872,Noname,WG9112340113,Москва
2025-12-28 14:11:01,Сальник задней ступицы внеш 46*95*10*14 MB308934/F4152 FD#/FB500/501/51/70A/B 92~ Y,10,385,Yamasida,MB308934,Москва
2025-12-28 14:11:01,Сальник задней ступицы внутр 110*166*16 52810-87100 Hyundai Universe/AeroCity/AeroQueen ORIG,10,1743,Hyundai-Kia,52810-87100,Москва
2025-12-28 14:11:01,Сальник задней ступицы внутр 4206540580 JAC N35 ORIG,2,90,JAC,4206540580,Москва
2025-12-28 14:11:01,Сальник задней ступицы внутр 75*121*13 W025-26-154A/M4536 Mazda Titan Y,2,528,Yamasida,W025-26-154A,Москва
2025-12-28 14:11:01,Сальник задней ступицы внутренний 154*175*12.5/17.5 43090-00Z00 / 9828-01216 Y,1,1186,Yamasida,43090-00Z00,Москва
2025-12-28 14:11:01,Сальник задней ступицы внутренний 4208040740 ld308 JAC ORIG,2,296,JAC,4208040740,Москва
2025-12-28 14:11:01,Сальник задней ступицы внутренний 4212740940 N80/90 LE795 с 2020г JAC ORIG,2,799,JAC,4212740940,Москва
2025-12-28 14:11:01,Сальник задней ступицы внутренний 4214040960/3104104-g107 N120 JAC ORIG,18,456,JAC,4214040960,Москва
2025-12-28 14:11:01,Сальник задней ступицы внутренний 82*121*12/19 8-97122-937-0/I3675 NQR71/75 ORIG,91,589,Isuzu,8-97122-937-0,Москва
2025-12-28 14:11:01,Сальник задней ступицы внутренний 85*127*13 D-127258 / MB308965 Дизель,25,331,Дизель,D-127258,Москва
2025-12-28 14:11:01,Сальник задней ступицы наружный 66*134*16 9828-66106 Y,2,576,Yamasida,9828-66106,Москва
2025-12-28 14:11:01,Сальник к/в задний 61500010100 JAC N350 WP10 E-5 ORIG,1,1152,JAC,61500010100,Москва
2025-12-28 14:11:01,Сальник к/в перед 61500010037 JAC N350 WP10 E-5 ORIG,2,744,JAC,61500010037,Москва
2025-12-28 14:11:01,Сальник к/вала перед D-126945 / 4890832 JAC N120/Камаз Cummins ISF3.8 Е-5 Дизель,1,627,Дизель,D-126945,Москва
2025-12-28 14:11:01,Сальник коленвала 79*114*15 SZ31179002/90033-19008/19004/9828-79102/79103 J05/S05 SILICONE Y,4,1551,Yamasida,SZ311-79002,Москва
2025-12-28 14:11:01,Сальник коленвала D-128298 / 1002016GD190 JAC T6 Дизель,7,696,Дизель,D-128298,Москва
2025-12-28 14:11:01,Сальник коленвала задн (с пружиной) 104*139*13 8-97602-379-0.SP/I3694 NKR/NPR/71/75 /FRR 99-09г Y,7,825,Yamasida,8-97602-379-0.SP,Москва
2025-12-28 14:11:01,Сальник коленвала задний 1-09625-507-1 ORIG,3,4180,Isuzu,1096255071,Москва
2025-12-28 14:11:01,Сальник коленвала задний 100*120*13/18 SZ311-00002/H3096/9828-00 HINO300/DYNA/TOYOACE SILICONE Y,10,646,Yamasida,SZ311-00002,Москва
2025-12-28 14:11:01,Сальник коленвала задний 100*135*10 1-09625-320-0 ORIG,1,2107,Isuzu,1-09625-320-0,Москва
2025-12-28 14:11:01,Сальник коленвала задний 100*135*13/17 SZ31101045/90033-19007 J05C/J05S/J06C/J07C/J08C SILICONE Y,1,2053,Yamasida,SZ311-01045,Москва
2025-12-28 14:11:01,Сальник коленвала задний 1002040GG010-01 JAC N120 ORIG,3,985,JAC,1002040GG010-01,Москва
2025-12-28 14:11:01,Сальник коленвала задний 101*124/13.3 ME240010/BZ4603 CANTER 4D3#/4M40/51 SNBR Y,9,756,Yamasida,ME240010,Москва
2025-12-28 14:11:01,Сальник коленвала задний 111*153*13/15 D-128263 / 1-09625-525-2 Дизель,6,633,Дизель,D-128263,Москва
2025-12-28 14:11:01,Сальник коленвала задний 111*153*15 1-09625-525-2 BZ4764-E ORIG,1,4783,Isuzu,1096255252,Москва
2025-12-28 14:11:01,Сальник коленвала задний 112*147*13/15 12279-Z6000 Y,14,1372,Yamasida,12279-Z6000,Москва
2025-12-28 14:11:01,Сальник коленвала задний 114x150x19.5 1-09625-541-2 Isuzu Y !,6,1054,Yamasida,1-09625-541-2,Москва
2025-12-28 14:11:01,Сальник коленвала задний 114x153x19.5 1-09625-540-3 Isuzu Y !,6,948,Yamasida,1-09625-540-3,Москва
2025-12-28 14:11:01,Сальник коленвала 116*151*15 SZ31101041/9828-01223/BZ5377-F0 вн.обойма SILICONE Y,5,1434,Yamasida,SZ311-01041,Москва
2025-12-28 14:11:01,Сальник коленвала задний 118*148*20.5 1-09625-557-1/8-97617-309-0 ISUZU Y,3,1754,Yamasida,1-09625-557-1,Москва
2025-12-28 14:11:01,"Сальник коленвала задний 125*155*14*23 9828-01201 K13C,D/EK100 Y",6,602,Yamasida,9828-01201,Москва
2025-12-28 14:11:01,Сальник коленвала задний 132*171.5*13.5*22 ME093335 Y !,6,2506,Yamasida,ME093335,Москва
2025-12-28 14:11:01,Сальник коленвала задний 132*179.5*12.5*22 ME152584 Y !,1,2679,Yamasida,ME152584,Москва
2025-12-28 14:11:01,Сальник коленвала задний 150*172*13 D-126946 / 1005060-53D FAW CA6DM2 Дизель,1,578,Дизель,D-126946,Москва
2025-12-28 14:11:01,Сальник коленвала задний 201V01510-0283 HOWO T5G MC11/07/13,1,946,Дизель,201V01510-0283,Москва
2025-12-28 14:11:01,Сальник коленвала задний 21127-45001 COUNTY/HD45/65/72/78 Y,7,595,Yamasida,21127-45001,Москва
2025-12-28 14:11:01,Сальник коленвала задний 85*105*10 LP-5894 / 90311-85007 SNBR Y,6,230,Yamasida,90311-85007,Москва
2025-12-28 14:11:01,Сальник коленвала задний 90.5*114*12 ME203250 / F4245 CANTER 4M4# FB/FE70#/71#/72/73/74/83/84 Y,1,341,Yamasida,ME203250,Москва
2025-12-28 14:11:01,Сальник коленвала задний 95*115*9.5*12 90311-95008/95010/95005 T1278/JF-16272/BH4375-G0/AH3982EO Y,2,287,Yamasida,90311-95008,Москва
2025-12-28 14:11:01,Сальник коленвала задний 99x120x13x18 90311-99002 N04C/W04D/1W LP-5895 Y !,6,318,Yamasida,90311-99002,Москва
2025-12-28 14:11:01,Сальник коленвала задний NJ058 80х96х9 Grace,2,778,Payen,NJ058,Москва
2025-12-28 14:11:01,Сальник коленвала коренной 101.57*125*13 SE08-11-399/M4573 SL/HA/VS Y,2,437,Yamasida,SE08-11-399,Москва
2025-12-28 14:11:01,Сальник коленвала коренной 105*125*13 TF20-11-399/M4640 LP-5837 Y,7,380,Yamasida,TF20-11-399,Москва
2025-12-28 14:11:01,Сальник коленвала коренной 108*140*180*17 ME034976 Y,1,692,Yamasida,ME034976,Москва
2025-12-28 14:11:01,Сальник коленвала коренной 110*135*9 12270-Z5502 N. DIESEL / UD CONDOR TRUCK Y,5,224,Yamasida,12270-Z5502,Москва
2025-12-28 14:11:01,"Сальник коленвала коренной 135*165*14/20 SZ311-01021/9828-01168/H3085 EF3#,5#,7#/F17/20 SILIC Y",6,1015,Yamasida,SZ311-01021,Москва
2025-12-28 14:11:01,Сальник коленвала коренной 138*173*13/15 12270-96005 NISSAN PF6# Y,6,1499,Yamasida,12270-96005,Москва
2025-12-28 14:11:01,Сальник коленвала перед 200V01510-6008 HOWO T5G MC11,1,758,Дизель,200V01510-6008,Москва
2025-12-28 14:11:01,Сальник коленвала передний 105*140*12 D-126947 / 1005050-53D FAW CA6DM2 Дизель,1,588,Дизель,D-126947,Москва
2025-12-28 14:11:01,"Сальник коленвала передний 109.5*150*15 12278-97002 NISSAN RE10,RF8,RF10,RG8,RH8,RH10 Y",6,1104,Yamasida,12278-97002,Москва
2025-12-28 14:11:01,"Сальник коленвала передний 118*148*20.5 1-09625-556-2/8-97617-308-0 ISUZU 6WA1,6WF1,6WG1 Y",13,1822,Yamasida,1-09625-556-2,Москва
2025-12-28 14:11:01,Сальник коленвала передний 21719-52000 HYUNDAI D4GA/D6GA ORIG,2,645,Hyundai-Kia,21719-52000,Москва
2025-12-28 14:11:01,"Сальник коленвала передний 42x66x11.5x18.5 ME240328/F4256 LP-5899 FUSO CANTER 4M50,4M51 Y",2,640,Yamasida,ME240328,Москва
2025-12-28 14:11:01,Сальник коленвала передний 50.8*69.85*11 SE08-10-602 / M4572 MAZDA Y,6,240,Yamasida,SE08-11-602,Москва
2025-12-28 14:11:01,"Сальник коленвала передний 50*68*7/11 8-97382-606-0 NLR/NMR55,85 4JJ1-T Y",4,524,Yamasida,8-97382-606-0,Москва
2025-12-28 14:11:01,Сальник коленвала передний 55*78*10*16.9 ME017208/21321-45001 COUNTY/HD45/65/72/78/CANTER SIL Y,2,476,Yamasida,21321-45001,Москва
2025-12-28 14:11:01,Сальник коленвала передний 58*75*9*14.5 SZ313-58001/9828-58104/H3106 HINO300/DYNA XZU6#7# Y,2,284,Yamasida,SZ313-58001,Москва
2025-12-28 14:11:01,Сальник коленвала передний 58*80*10 13510-43G00/01 TD23/TD27#/TD42 Y,4,227,Yamasida,13510-43G00,Москва
2025-12-28 14:11:01,Сальник коленвала передний 65*88*12*19 9828-65116 / H3077 NBR HINO Y,6,379,Yamasida,9828-65116,Москва
2025-12-28 14:11:01,"Сальник коленвала передний 65*88*12/19 OK850-10602 SILICON HD120,AeroTown D6DA19/22 Y",2,227,Yamasida,OK850-10602,Москва
2025-12-28 14:11:01,Сальник коленвала передний 70*95*13*20 9828-70110 / H3089 NBR HINO Y !,8,294,Yamasida,9828-70110,Москва
2025-12-28 14:11:01,Сальник коленвала передний 75*100*13*20 SZ313-75002/9828-75140 Y,6,316,Yamasida,SZ313-75002,Москва
2025-12-28 14:11:01,Сальник коленвала передний 75*100*14.5*19.5 ME074755 /F4260 FUSO Y,6,695,Yamasida,ME074755,Москва
2025-12-28 14:11:01,Сальник коленвала 75*114*15 SZ319-75002/9828-75145 FS1E/FQ1E/FE7J/FJ7J 10~ Y,6,1476,Yamasida,SZ319-75002,Москва
2025-12-28 14:11:01,Сальник коленвала передний 76*94*12 D-128264 / ME071269 MMC FUSO 6D1# Дизель,3,128,Дизель,D-128264,Москва
2025-12-28 14:11:01,Сальник коленвала передний 76*94*12 ME071269 / F4194 MMC FUSO 6D1# Y,6,290,Yamasida,ME071269,Москва
2025-12-28 14:11:01,Сальник коленвала передний 88*123*16 12278-Z6000 Y,6,1009,Yamasida,12278-Z6000,Москва
2025-12-28 14:11:01,Сальник коленвала передний 90*105*10 D-129549 / 1005050-29D FAW Дизель,5,599,Дизель,D-129549,Москва
2025-12-28 14:11:01,Сальник коленвала передний 95*115*12 WG61500010037 Howo,3,491,Howo,WG61500010037,Москва
2025-12-28 14:11:01,Сальник коленвала передний 95*120*13 ME061853 / F4127 MMC FUSO 8DC# /6D2# Y,2,378,Yamasida,ME061853,Москва
2025-12-28 14:11:01,Сальник коленвала передний 95*125*13.5*21.5 ME060124 F4198/BZ1335-E0 Y,33,924,Yamasida,ME060124,Москва
2025-12-28 14:11:01,Сальник коленвала передний 95*135.5*15 12278-00Z00 NISSAN GE13# Y,6,905,Yamasida,12278-00Z00,Москва
2025-12-28 14:11:01,Сальник коленвала передний 96*124*14/21 SZ311-96002/9828-96103 SILICONE Y !,4,297,Yamasida,SZ311-96002,Москва
2025-12-28 14:11:01,Сальник коленвала передний 96*131*17.5 SZ311-96004/9828-96109/BZ5221-EO SILICONE Y,7,1851,Yamasida,SZ311-96004,Москва
2025-12-28 14:11:01,Сальник коленвала передний D-125989 / 61500010037 JAC N350 WP10 E-5 Дизель,1,475,Дизель,D-125989,Москва
2025-12-28 14:11:01,Сальник коленвала передний QC000659 Fuso Canter TF E-5 ORIG,3,4044,Mitsubishi,QC000659,Москва
2025-12-28 14:11:01,Сальник коленвала передний T1262,2,154,JMC,T1262,Москва
2025-12-28 14:11:01,Сальник компрессора и насоса подъема кузова D-128438 / 601835 32х52х7 HOWO Дизель,1,105,Дизель,D-128438,Москва
2025-12-28 14:11:01,Сальник коренной 104*137*13 8-97602-378-0 Y,5,879,Yamasida,8-97602-378-0,Москва
2025-12-28 14:11:01,Сальник коренной 120*153*13/15 1-09625-524-3 передний Y,4,1090,Yamasida,1-09625-524-3,Москва
2025-12-28 14:11:01,Сальник коренной 125*177*17.5 SZ311-01044 / 9828-01222 Y,7,2514,Yamasida,SZ311-01044,Москва
2025-12-28 14:11:01,Сальник КПП 32*45*8 / 32219-Z5004 / LP-5880 Y !,10,103,Yamasida,32219-Z5004,Москва
2025-12-28 14:11:01,Сальник КПП 35*48*6.5 90311-35023/T1227 DYNA/TOYOACE/HINO300 SNBR Y,2,122,Yamasida,90311-35023,Москва
2025-12-28 14:11:01,Сальник КПП 50*68*9 / MH034146 / LP-5901 Y !,1,136,Yamasida,MH034146,Москва
2025-12-28 14:11:01,Сальник КПП 57.5*70*8.5 / MH034121 / LP-5900 Y,5,163,Yamasida,MH034121,Москва
2025-12-28 14:11:01,Сальник КПП 58*102*11*19.5 90311-58010/BH6215E DYNA/TOYOACE/HINO 300 SNBR Y,6,363,Yamasida,90311-58010,Москва
2025-12-28 14:11:01,Сальник КПП 78*100*14/20 LP-5956 / SZ319-78001 SNBR Y,1,363,Yamasida,SZ319-78001,Москва
2025-12-28 14:11:01,Сальник КПП 86*127*16/25 1-09625-323-0 / I3643 Y,1,818,Yamasida,1-09625-323-0,Москва
2025-12-28 14:11:01,Сальник КПП RR 60*75*15 GK87V-173350 HYUNDAI HD120 ORIG,10,394,Hyundai-Kia,GK87V-173350,Москва
2025-12-28 14:11:01,Сальник КПП 44*62*10 / 32136-01J00 / LP-5879 Y !,1,99,Yamasida,32136-01J00,Москва
2025-12-28 14:11:01,Сальник КПП вторичного вала 48*65*9 43155-45000 Y,15,218,Yamasida,43155-45000,Москва
2025-12-28 14:11:01,Сальник КПП задний 55*72*9*15 9828-55110/55112/SZ311-55004/H3060 HINO 5т Y,1,282,Yamasida,9828-55110,Москва
2025-12-28 14:11:01,Сальник КПП вторичного вала QD43192T-02260 HYUNDAI D4GA HD78 ORIG,2,913,Hyundai-Kia,QD43192T-02260,Москва
2025-12-28 14:11:01,Сальник КПП зад 60*77*12 1-09625-505-0/453-0 NPR/NQR ELF 3-4t 93~ Y,5,208,Yamasida,1-09625-505-0,Москва
2025-12-28 14:11:01,Сальник КПП задний 104*126*13 1-09625-625-0 LP-5876 NBR ISUZU C#/EX 00~ Y,5,448,Yamasida,1-09625-625-0,Москва
2025-12-28 14:11:01,Сальник КПП задний 38*65*9 90311-38093/T1062 /AD2257-E0 LP-5891 DYNA/TOYOACE 95~ Y !,4,136,Yamasida,90311-38093,Москва
2025-12-28 14:11:01,Сальник КПП задний 60*77*12 D-128265 / 1-09625-505-0/453-0 NPR/NQR ELF 3-4t 93~ Дизель,5,128,Дизель,D-128265,Москва
2025-12-28 14:11:01,Сальник КПП 55*72*6 / SZ311-55013 / LP-5955 Y !,6,136,Yamasida,SZ311-55013,Москва
2025-12-28 14:11:01,Сальник КПП первичного вала 750111002 Howo/ 55*75*8,2,99,Howo,750111002,Москва
2025-12-28 14:11:01,Сальник КПП перед 40*58*8 ME624211/F4132 FUSO CANTER FG/FE5#6#7#8#/FF6#8#/FM315/16/515/FK4 SNBR Y,10,139,Yamasida,ME624211,Москва
2025-12-28 14:11:01,Сальник КПП передний 40*56*6.5 1-09625-498-0/I3669 LP-5875 NBR FTR/FVR/FRR/FSR 96~ Y !,8,129,Yamasida,1-09625-498-0,Москва
2025-12-28 14:11:01,Сальник КПП передний 54*69*9 1-09625-496-0/I3668 CYZ51/CXZ Y,3,386,Yamasida,1-09625-496-0,Москва
2025-12-28 14:11:01,Сальник КПП передний WG734310108 Howo,6,32,Howo,WG734310108,Москва
2025-12-28 14:11:01,Сальник крышки коробки отбора мощности 1-38119-035-0 C/E series ORIG,1,1582,Isuzu,1-38119-035-0,Москва
2025-12-28 14:11:01,Сальник крышки КПП D-127724 / Y-1702251-00-00 JAC N90 Дизель,3,153,Дизель,D-127724,Москва
2025-12-28 14:11:01,Сальник кулака поворотного 60*77*91*7*15 LP-5896 / 90316-60004 SNBR Y,9,610,Yamasida,90316-60004,Москва
2025-12-28 14:11:01,Сальник кулисы КПП 8-94462-019-0 / 5-87411-862-0 ORIG,4,421,Isuzu,5874118620,Москва
2025-12-28 14:11:01,Сальник масляного насоса 4938765 JAC N120/Камаз Cummins ISF3.8 Е-5,1,136,Noname,4938765,Москва
2025-12-28 14:11:01,Сальник первичного вала 43143-33000 Grace,1,40,Дизель,43143-33000,Москва
2025-12-28 14:11:01,"Сальник первичного вала КПП 32*53*7 90311-32022 / T1391 DYNA/TOYOACE KDH20#/KDY,RZY,TRY 07~ Y !",6,91,Yamasida,90311-32022,Москва
2025-12-28 14:11:01,Сальник первичного вала КПП 34*48*8 8-97017-350-0 / I3650 ISUZU 4HF/HG/HE1 MXA5R/S/MXA6S Y,2,147,Yamasida,8-97017-350-0,Москва
2025-12-28 14:11:01,Сальник первичного вала КПП MYY5T /5-ступ 40*54*7 8-97253-550-0 / I3698 NBR ISUZU Y,4,170,Yamasida,8-97253-550-0,Москва
2025-12-28 14:11:01,Сальник передний перед. вала КПП 40*54*7 SU002-00148 HINO 300 Y,2,143,Yamasida,SU002-00148,Москва
2025-12-28 14:11:01,Сальник первичного вала КПП 734310108 Howo/ 48*69*10 CNHTC,2,108,Howo,734310108,Москва
2025-12-28 14:11:01,Сальник первичного вала КПП 734310110 Howo/ 48*75*8,3,127,Howo,734310110,Москва
2025-12-28 14:11:01,Сальник первичного вала КПП HTCR48*65*7-6G120 N120 JAC ORIG,1,348,JAC,HTCR48*65*7-6G120,Москва
2025-12-28 14:11:01,Сальник первичного вала КПП TC48*65*12 N120 JAC ORIG,1,369,JAC,TC48*65*12,Москва
2025-12-28 14:11:01,Сальник перед ступицы 102*120/130*20 D-128266 / 8-94440-904-0 NKS/NPS/NPR 88~ Дизель,6,318,Дизель,D-128266,Москва
2025-12-28 14:11:01,Сальник перед ступицы 125*150*14 D-128267 / MH034086 Дизель,4,210,Дизель,D-128267,Москва
2025-12-28 14:11:01,Сальник перед. cтупицы 68*92*10/13 D-127976 / 90311-68003 / T1345 DYNA/HINO Дизель,10,170,Дизель,D-127976,Москва
2025-12-28 14:11:01,"Сальник перед. ступицы 101*114*10 SZ311-01048/9828-01137/H3042 Hino 300# FC,FD,GC,GD,KD SNBR Y",1,414,Yamasida,SZ31101048,Москва
2025-12-28 14:11:01,Сальник перед. ступицы 102*116*14 D-126300/MH034012/MH034085/MH034091 F4021/AD4124E Дизель,2,185,Дизель,D-126300,Москва
2025-12-28 14:11:01,Сальник перед. ступицы 102*116*14 MH034012/MH034085/MH034091 F4021/AD4124E Y,12,339,Yamasida,MH034012,Москва
2025-12-28 14:11:01,Сальник перед. ступицы 102*120/130*20 8-94440-904-0/I3630 NKS/NPS/NPR 88~ Y,3,581,Yamasida,8-94440-904-0,Москва
2025-12-28 14:11:01,Сальник перед. ступицы 130*150*10 43090-Z5000 Y,6,602,Yamasida,43090-Z5000,Москва
2025-12-28 14:11:01,Сальник перед. ступицы 130*150*14 MH034092 /F4025 / NJ543 FK# Y,6,579,Yamasida,MH034092,Москва
2025-12-28 14:11:01,Сальник перед. ступицы 138*152*12 D-128269 / SZ311-01046 / 9828-01112 / 9828-01125 HINO500 Дизель,1,191,Дизель,D-128269,Москва
2025-12-28 14:11:01,Сальник перед. ступицы 138*152*12 SZ311-01046 /9828-01112/01125/H3030 HINO500 #5442 Y,2,470,Yamasida,SZ311-01046,Москва
2025-12-28 14:11:01,Сальник перед. ступицы 139*158*11 MH034180 Y,1,705,Yamasida,MH034180,Москва
2025-12-28 14:11:01,Сальник перед. ступицы 140*160*12 LP-5905 / SZ311-01010 SNBR Y,6,495,Yamasida,SZ311-01010,Москва
2025-12-28 14:11:01,Сальник перед. ступицы 36*50*8 MB420112 Y,1,122,Yamasida,MB420112,Москва
2025-12-28 14:11:01,Сальник перед. ступицы 50*93/99*10/24 40227-20N00 Y,2,850,Yamasida,40227-20N00,Москва
2025-12-28 14:11:01,Сальник перед. ступицы 52*73*10 MB025291 Y,5,202,Yamasida,MB025291,Москва
2025-12-28 14:11:01,Сальник перед. ступицы 52*76*8.5*14 8-94459-416-0/I3631 NKS71/NPS 4WD Y,1,314,Yamasida,8-94459-416-0,Москва
2025-12-28 14:11:01,Сальник перед. ступицы 54*75.3*12*18 40232-01G00 Y,6,331,Yamasida,40232-01G00,Москва
2025-12-28 14:11:01,Сальник перед. ступицы 56*81*8 MT327029 Y,6,202,Yamasida,MT327029,Москва
2025-12-28 14:11:01,Сальник перед. ступицы 57*79*9*13.5 40232-31G00/ N2251 Y,6,441,Yamasida,40232-31G00,Москва
2025-12-28 14:11:01,"Сальник переднего редуктора левый 32*52*10.5*15.7 38342-01G00 LP-5884 ATLAS/CONDOR F23 92~, Y !",6,167,Yamasida,38342-01G00,Москва
2025-12-28 14:11:01,Сальник переднего редуктора левый 33*55*11*18 38342-N3100 LP-5885 ATLAS/CONDOR F22/23/24 Y !,1,129,Yamasida,38342-N3100,Москва
2025-12-28 14:11:01,Сальник передней крышки коробки передач Z-1701115-00-00 JAC ORIG,3,225,JAC,Z-1701115-00-00,Москва
2025-12-28 14:11:01,Сальник передней полуоси 37*58*11 90311-37001/T1230 LP-5889 DYNA/TOYOACE Y !,2,145,Yamasida,90311-37001,Москва
2025-12-28 14:11:01,Сальник передней полуоси правый 50*72*10*14.5 40227-31G00 LP-5886 ATLAS/CONDOR F22/23/24 Y,5,222,Yamasida,40227-31G00,Москва
2025-12-28 14:11:01,Сальник передней ступицы 1-09625-041-0 ORIG,4,900,Isuzu,1-09625-041-0,Москва
2025-12-28 14:11:01,Сальник передней ступицы 100*114*12 40227-Z5001 / N2092 Y,1,358,Yamasida,40227-Z5001,Москва
2025-12-28 14:11:01,Сальник передней ступицы 100*114*12 D-128270 / 40227-Z5001 Дизель,8,172,Дизель,D-128270,Москва
2025-12-28 14:11:01,Сальник передней ступицы 140*160*12 D-127915/WG9003074387/AZ9100410061 HOWO T5G Дизель,10,164,Дизель,D-127915,Москва
2025-12-28 14:11:01,Сальник передней ступицы 51830-45000 ORIG,12,116,Hyundai-Kia,51830-45000,Москва
2025-12-28 14:11:01,Сальник передней ступицы 54*65*10*15 40232-3S600/ N2347 Y,6,243,Yamasida,40232-3S600,Москва
2025-12-28 14:11:01,Сальник передней ступицы 6000040243 IVECO/HONGYAN,4,236,Дизель,6000040243,Москва
2025-12-28 14:11:01,Сальник передней ступицы 68*90*10 90311-68001/T1098 DYNA/TOYOACE/HINO Y,6,335,Yamasida,90311-68001,Москва
2025-12-28 14:11:01,Сальник передней ступицы 68*90*12 D-128271 / 51830-45000 Дизель,20,128,Дизель,D-128271,Москва
2025-12-28 14:11:01,Сальник передней ступицы 72*94*10 51830-45200/MB025295/F4107 FUSO CANTER 2T~ HD72/65/78 SNBR Y,3,245,Yamasida,MB025295,Москва
2025-12-28 14:11:01,Сальник передней ступицы 73*90*8 8-94248-117-1 I3606 NQR71/75 Y,12,245,Yamasida,8-94248-117-1,Москва
2025-12-28 14:11:01,Сальник передней ступицы 77*91*6/10 40227-0T000/N2276 ATLAS/CONDOR H41 Y,6,490,Yamasida,40227-0T000,Москва
2025-12-28 14:11:01,Сальник передней ступицы 85*128*11*21 1-09625-129-0/I3592 Y,2,729,Yamasida,1-09625-129-0,Москва
2025-12-28 14:11:01,Сальник передней ступицы YF35FT-00113 JAC N56/75/80 ORIG,5,189,JAC,YF35FT-00113,Москва
2025-12-28 14:11:01,Сальник полуоси D-126949 / 240305303 FAW Дизель,16,196,Дизель,D-126949,Москва
2025-12-28 14:11:01,Сальник полуоси заднего моста 190003074340 Howo,2,48,Дизель,190003074340,Москва
2025-12-28 14:11:01,Сальник полуоси заднего моста 41*56*7 43252-H1000/H1010/N2125 NISSAN Y,6,147,Yamasida,43252-H1000,Москва
2025-12-28 14:11:01,Сальник приводного вала S1700L21069-40010 S5 JAC ORIG,11,353,JAC,S1700L21069-40010,Москва
2025-12-28 14:11:01,"Сальник раздаточной коробки /BONGO3 (40*53/72*12/30) (OEM) / 0K71E17336A,473634D000,47363-4D000,0K71",1,291,JMC,47363-4D000,Москва
2025-12-28 14:11:01,Сальник редуктора 4205830010 / 4206030470 N75 JAC ORIG,2,481,JAC,4205830010,Москва
2025-12-28 14:11:01,Сальник редуктора 4206020028 N75 JAC ORIG,1,480,JAC,4206020028,Москва
2025-12-28 14:11:01,Сальник редуктора 42116349 Iveco Orig,1,283,Iveco,42116349,Москва
2025-12-28 14:11:01,Сальник редуктора F/C мост D-129049 / 06.56289.0361+06.56289.0357 85х105х13 к-т SHACMAN F3000 Дизель,1,466,Дизель,D-129049,Москва
2025-12-28 14:11:01,Сальник редуктора заднего моста 1-09625-030-0 / I3505 80*143*10*37 ISUZU GIGA Y !,3,843,Yamasida,1-09625-030-0,Москва
2025-12-28 14:11:01,Сальник редуктора заднего моста 1-09625-322-0 86*143*10*38 I3642 CXZ Y,40,736,Yamasida,1-09625-322-0,Москва
2025-12-28 14:11:01,"Сальник редуктора заднего моста 45*78*11/18,5 8-94408-084-0/8-94408-085-0/1/I3511 Y",5,316,Yamasida,8-94408-084-0,Москва
2025-12-28 14:11:01,Сальник редуктора заднего моста 52*84*14 MH034213/53352-45010/F4090 HD65/HD72/HD78/CANTER 93~ Y,15,203,Yamasida,53352-45010,Москва
2025-12-28 14:11:01,"Сальник редуктора заднего моста 58*103*12*19,5 8-94408-083-0/I3593 NKR66#/NLR85/NMR85 Y",2,410,Yamasida,8-94408-083-0,Москва
2025-12-28 14:11:01,Сальник редуктора заднего моста 60*103*10/34 D-128272 / MC827472 Дизель,1,191,Дизель,D-128272,Москва
2025-12-28 14:11:01,Сальник редуктора заднего моста 60*103*12/20 1-09625-484-0/109625-205-0/I3507 Y,16,292,Yamasida,1-09625-484-0,Москва
2025-12-28 14:11:01,Сальник редуктора заднего моста 60*114*12.5*29 38189-Z5002/5005/N2064 Y,6,566,Yamasida,38189-Z5002,Москва
2025-12-28 14:11:01,Сальник редуктора заднего моста 86*143*10*38 1-09625-322-0/I3642 CXZ ORIG,15,1607,Isuzu,1096253220,Москва
2025-12-28 14:11:01,Сальник редуктора заднего моста 90*115*13*19 9828-90104 NBR HINO Y !,2,457,Yamasida,9828-90104,Москва
2025-12-28 14:11:01,Сальник редуктора ср. моста 90*125*10/17 9828-90110/90115/SZ311-90005 FS/FQ/FW/SS1#/GK8 HIN500/70 Y,1,538,Yamasida,9828-90110,Москва
2025-12-28 14:11:01,"Сальник редуктора среднего моста 95*70*14/24,8 D-126951 / 2502185-A0E FAW Дизель",16,222,Дизель,D-126951,Москва
2025-12-28 14:11:01,Сальник редуктора среднего моста D-126950 / 06.56279.0331+06.56279.0335 комплект 75*95*10 Дизель,1,253,Дизель,D-126950,Москва
2025-12-28 14:11:01,Сальник рейки рулевой 19*32*7*7.8 90311-19013/02/06/016/5-09625-070-0 T1154/I3645 NBR TOY Y,6,114,Yamasida,90311-19013,Москва
2025-12-28 14:11:01,Сальник рейки рулевой 25*38*7*8 90310-25004 / T1244 NBR TOY Y,6,168,Yamasida,90310-25004,Москва
2025-12-28 14:11:01,Сальник рулевого редуктора (боковой) Isuzu 9-09924-502-0 / LP-5957 / 35*48*8 NQR75/NQR71 Y,5,121,Yamasida,9-09924-502-0,Москва
2025-12-28 14:11:01,Сальник рулевого редуктора 1-44259-057-0 23*36.5*6.5/8 ISUZU 92~ LP-5840 Y,14,253,Yamasida,1-44259-057-0,Москва
2025-12-28 14:11:01,Сальник рулевого редуктора 17*42*8*10 MC121805 LP-5898 NBR MMC CANTER Y,5,114,Yamasida,MC121805,Москва
2025-12-28 14:11:01,Сальник рулевого редуктора 45*55*5.5 ME739102 FUSO CANTER Y,10,147,Yamasida,ME739102,Москва
2025-12-28 14:11:01,Сальник рычага сервоусилителя КПП 28*41*7 1-09625-334-0/647-0 LP-5874 SNBR80` Isuzu Y !,5,139,Yamasida,1-09625-334-0,Москва
2025-12-28 14:11:01,Сальник ступицы 101519 (180*200*17)/42127526/42127773 EMMERRE !,2,699,Emmerre,101519,Москва
2025-12-28 14:11:01,Сальник ступицы 180*200*12 42127526 #5444 Iveco Y !,12,334,Yamasida,42127526,Москва
2025-12-28 14:11:01,Сальник ступицы 59*75*10.8 D-128273 / 8-98036-594-0 / 8-94407-711-0 / 8-97044-739-0 BIG HORN Дизель,10,128,Дизель,D-128273,Москва
2025-12-28 14:11:01,Сальник ступицы 8-94248-117-1 ORIG,30,317,Isuzu,8-94248-117-1,Москва
2025-12-28 14:11:01,Сальник ступицы 8-97211-082-0 ORIG,8,317,Isuzu,8972110820,Москва
2025-12-28 14:11:01,Сальник ступицы 8-98202-911-0/8-94336-315-2 ORIG,20,543,Isuzu,8-98202-911-0,Москва
2025-12-28 14:11:01,Сальник ступицы 8-98202-912-0 ORIG,163,444,Isuzu,8-98202-912-0,Москва
2025-12-28 14:11:01,Сальник ступицы D-128147 / 8-98202-912-0 Дизель,6,137,Дизель,D-128147,Москва
2025-12-28 14:11:01,Сальник ступицы F int D-126301 / 1-09625-041-0 / I3574 120х140х10.5 Дизель,124,158,Дизель,D-126301,Москва
2025-12-28 14:11:01,Сальник ступицы R ext D-126298 / 1-09625-444-0 / 1-09625-226-1 78x163x16 CXZ Дизель,32,318,Дизель,D-126298,Москва
2025-12-28 14:11:01,"Сальник ступицы R int D-125040 / 8-94336-314-1 77х102х18/21,5 NPR/NKR/NLR85/NMR85/NKR55 Дизель",26,127,Дизель,D-125040,Москва
2025-12-28 14:11:01,Сальник ступицы R int D-126299 / 1-09625-350-0 / 1-09625-265-0 117x174x16 Дизель,28,358,Дизель,D-126299,Москва
2025-12-28 14:11:01,Сальник ступицы зад внешн 46*95*10*14 D-127979 / MB308934/F4152 FD#/FB500/501/51/70A/B 92~ Дизель,1,155,Дизель,D-127979,Москва
2025-12-28 14:11:01,Сальник ступицы зад внутр 77*102*9.5/21.5 8-94367-959-0/8-94336-314-1 NPR55/NKR66 Y,6,586,Yamasida,8-94367-959-0,Москва
2025-12-28 14:11:01,Сальник ступицы заднего моста (с кольцом ABS) A9423560515 !,5,2174,Mercedes-Benz,A 942 356 05 15,Москва
2025-12-28 14:11:01,"Сальник ступицы задней 190х220 WG 9112340113 (2шт к-т) (F,H,S)",1,458,Дизель,9112340113,Москва
2025-12-28 14:11:01,Сальник ступицы задней 95EAY-54640924X,2,303,JMC,90313-54001,Москва
2025-12-28 14:11:01,Сальник ступицы задней 95GAY-47710909X,2,158,JMC,9031147001,Москва
2025-12-28 14:11:01,Сальник ступицы задней D-126944 / WG9112340113 / WG9112340114 к-т 190х220 FAW Дизель,2,625,Дизель,D-126944,Москва
2025-12-28 14:11:01,Сальник ступицы задней D-127259 / 1907845 Scania Дизель,7,855,Дизель,D-127259,Москва
2025-12-28 14:11:01,Сальник ступицы задней D-128632 / DZ9112340152+DZ9112340154 185х210х11 SHACMAN F3000 Дизель,8,983,Дизель,D-128632,Москва
2025-12-28 14:11:01,Сальник ступицы задней внеш. 1-09625-444-0/1-09625-226-1/I3591 78*163*16 CXZ Y,2,1008,Yamasida,1-09625-444-0,Москва
2025-12-28 14:11:01,"Сальник ступицы задней внут.77*102*18/21,5 D-125682 / 8-94336-314-1 NPR/NKR/NLR85/NMR85/NKR55 Дизель",1,198,Дизель,D-125682,Москва
2025-12-28 14:11:01,Сальник ступицы задней внутр 70*112*10/18 D-128261 / MB161152 / 52810-45000 Canter/County/HD65Дизель,1,107,Дизель,D-128261,Москва
2025-12-28 14:11:01,Сальник ступицы задней внутр. 127*147*11 SZ311-01049/9828-01203/H3079 SNBR Y,1,627,Yamasida,SZ311-01049,Москва
2025-12-28 14:11:01,"Сальник ступицы задней внутр. 77*102*18/21,5 8-94336-314-1/l3585 NPR/NKR/NLR85/NMR85/NKR55 ORIG",32,533,Isuzu,8-94336-314-1,Москва
2025-12-28 14:11:01,Сальник ступицы задней наружный 52820-8A100 HYUNDAI HD270 D6CA ORIG,29,562,Hyundai-Kia,52820-8A100,Москва
2025-12-28 14:11:01,Сальник ступицы задней наружный 57*121*17 52820-62200 Hyundai HD120 ORIG,25,546,Hyundai-Kia,52820-62200,Москва
2025-12-28 14:11:01,"Сальник ступицы задней, внешний 45*53*6.5/8 D-128257 / MH034110 Дизель",3,147,Дизель,D-128257,Москва
2025-12-28 14:11:01,"Сальник ступицы задней, внешний 65*77*12 D-128258 / MH034135 Дизель",10,128,Дизель,D-128258,Москва
2025-12-28 14:11:01,Сальник ступицы перед D-125990 / 31D5-03080 JAC N120/КАМАЗ Компас-12 Дизель,1,544,Дизель,D-125990,Москва
2025-12-28 14:11:01,Сальник перед. ступицы 72*96*8*12 MB420155/F4161 FG3#/53E/63E/73E/83E 85~ Y,4,329,Yamasida,MB420155,Москва
2025-12-28 14:11:01,Сальник ступицы передней 100*130*12 D-126953 / 06.56289.0267/81.96502.6045 SHACMAN F3000 Дизель,1,267,Дизель,D-126953,Москва
2025-12-28 14:11:01,Сальник ступицы передней 112*140*12 D-126782 / 06.56279.0340 SHACMAN F3000 Дизель,8,593,Дизель,D-126782,Москва
2025-12-28 14:11:01,Сальник ступицы передней 65*93*8.5/18 8-97211-082-0/I3639 Y,7,446,Yamasida,8-97211-082-0,Москва
2025-12-28 14:11:01,Сальник ступицы передней 75*112*10/17.5 1-09625-568-0/I3573 Y,1,650,Yamasida,1-09625-568-0,Москва
2025-12-28 14:11:01,Сальник ступицы передней 77*100*10*14 90311-77001/T1350 LP-5893 SNBR DYNA/TOYOACE Y !,6,318,Yamasida,90311-77001,Москва
2025-12-28 14:11:01,Сальник фильтра сапуна Fuso Canter TF MK667058 DF,10,519,DRAGONFLYS,MK667058,Москва
2025-12-28 14:11:01,Сальник фильтра сапуна MK667058 Fuso Canter TF ORIG,27,869,Mitsubishi,MK667058,Москва
2025-12-28 14:11:01,Сальник фланца КПП (85x105x1218) SCANIA HD-parts 85*105*12*18,1,863,HD-Parts,305502,Москва
2025-12-28 14:11:01,Сальник форсунки D-127189 / 1-09639-034-0/5 / 17х30х6.9 ISUZU Дизель,1,126,Дизель,D-127189,Москва
2025-12-28 14:11:01,Сальник хвостовика 40*56*7 LP-5888 / 90310-40003 SNBR Y,5,123,Yamasida,90310-40003,Москва
2025-12-28 14:11:01,Сальник хвостовика 50*75*13/18.5 W026-27-165/M4629 M-TITAN WE/WG/WW Y,6,451,Yamasida,W026-27-165,Москва
2025-12-28 14:11:01,Сальник хвостовика 70*135*14*18.5 MH034229 FUSO Y,1,772,Yamasida,MH034229,Москва
2025-12-28 14:11:01,Сальник хвостовика 80*105*13 MH034157 Y,4,347,Yamasida,MH034157,Москва
2025-12-28 14:11:01,Сальник хвостовика 80*105*13 MH034228 Y,1,293,Yamasida,MH034228,Москва
2025-12-28 14:11:01,Сальник хвостовика 85*105*13 D-127261 / 1502385 Scania Дизель,2,325,Дизель,D-127261,Москва
2025-12-28 14:11:01,Сальник хвостовика 85*105*16 D-128621 / 90003078772 / WG9231320026 SHACMAN Дизель,7,238,Дизель,D-128621,Москва
2025-12-28 14:11:01,"Сальник хвостовика 86*127*16/25 D-125360 / 1-09625-323-0 C,E,F-series Дизель",3,460,Дизель,D-125360,Москва
2025-12-28 14:11:01,Сальник хвостовика WG7117329017 HOWO ORIG,10,945,Howo,WG7117329017,Москва
2025-12-28 14:11:01,"Сальник хвостовика заднего моста 48*82*10/18 90311-48019 Dyna XZU/BZU#, 96~ Y",6,295,Yamasida,90311-48019,Москва
2025-12-28 14:11:01,Сальник хвостовика заднего моста 95*152*12/24.3 D-129550 / 2402055-A0E FAW Дизель,7,514,Дизель,D-129550,Москва
2025-12-28 14:11:01,Сальник хвостовика заднего моста А1205Q2591 Howo,1,594,Дизель,А1205Q2591,Москва
2025-12-28 14:11:01,Сальник хвостовика заднего редуктора 70*142*12*39 MC827475/ F4197 NBR FUSO Y,1,640,Yamasida,MC827475,Москва
2025-12-28 14:11:01,Сальник хвостовика КПП 75*100*13*19 SZ311-75006/9828-75119/H3075 Y,2,306,Yamasida,SZ311-75006,Москва
2025-12-28 14:11:01,Сальник хвостовика КПП задний 45*68*9 Z501-17-335A Y,12,143,Yamasida,Z501-17-335A,Москва
2025-12-28 14:11:01,"Сальник хвостовика КПП, задний MH034177/F4086 48*65*9 LP-5903 NBR MMC CANTER Y",6,159,Yamasida,MH034177,Москва
2025-12-28 14:11:01,Сальник хвостовика раздатки 42*66*10 33142-33G10/N2317 LP-5882 ATLAS/CONDOR F23 92~TERRANO/DATSUN Y!,10,123,Yamasida,33142-33G10,Москва
2025-12-28 14:11:01,Сальник хвостовика редуктора 35*67*13.7*19.5 38189-01G15 LP-5883 ATLAS/CONDOR F23 92 TERRANO/DATS Y!,48,228,Yamasida,38189-01G15,Москва
2025-12-28 14:11:01,Сальник хвостовика редуктора 42*72.5*12*20 38189-J2011/J2012/N2304 H40/H41/W40/Y60 Y,6,341,Yamasida,38189-J2011,Москва
2025-12-28 14:11:01,Сальник хвостовика редуктора 56*99*10/34 D-127981 / MH034205 Дизель,1,202,Дизель,D-127981,Москва
2025-12-28 14:11:01,Сальник хвостовика редуктора 56*99*10/34 MH034205 Y,7,394,Yamasida,MH034205,Москва
2025-12-28 14:11:01,"Сальник хвостовика редуктора 65*114*9*25 SZ310-65001/9828-65127 FQ1#,FW1#,GX7J,GD7J/8J,GK8J #500 Y",6,699,Yamasida,SZ310-65001,Москва
2025-12-28 14:11:01,"Сальник хвостовика редуктора 65*94/105*9/25 SZ312-65002 FC/GC1J/3J/5J/6J/7J,FD/GD7J/8J #300/#500 Y",55,524,Yamasida,SZ312-65002,Москва
2025-12-28 14:11:01,Сальник хвостовика редуктора 68*90*10*18 1-09625-217-0/BH1831-E0 CYZ51/CXZ/EXZ51 Y,1,404,Yamasida,1-09625-217-0,Москва
2025-12-28 14:11:01,Сальник хвостовика редуктора 68*90*10*18 D-127982 / 1-09625-217-0/BH1831-E0 CYZ51/CXZ/EXZ51 Дизель,1,170,Дизель,D-127982,Москва
2025-12-28 14:11:01,Сальник хвостовика редуктора 80*127*16*24 1-09625-119-0/1-33119-217-0/AH8776-E1 Y,6,776,Yamasida,1-09625-119-0,Москва
2025-12-28 14:11:01,Сальник хвостовика редуктора Int+Ext D-129117 / AZ9112320030+AZ9112320184 85х105х8/8 HOWO Дизель,1,335,Дизель,D-129117,Москва
2025-12-28 14:11:01,Сальник хвостовика редуктора заднего моста 70*122*12*30 MH034178 / F4133 MMC FUSO Y,4,616,Yamasida,MH034178,Москва
2025-12-28 14:11:01,Сальник хвостовика редуктора переднего 45*78*11*18.5 8-94318-915-0 /BH3037F0 ISUZU NKS/NPS 94~ Y,6,316,Yamasida,8-94318-915-0,Москва
2025-12-28 14:11:01,Сальник хвостовика среднего редуктора 90*115*13/19 98289-0113/SZ319-90002/SZ311-90002 FS/FN/F Y,6,601,Yamasida,SZ319-90002,Москва
2025-12-28 14:11:01,Сальник шкворня 2476049 50x62x5 #5440 Iveco Y,10,151,Yamasida,2476049,Москва
2025-12-28 14:11:01,Сальник шкворня D-127365 / 1343372 45х60х6.5/8 Scania Дизель,4,47,Дизель,D-127365,Москва
2025-12-28 14:11:01,Сальник(уплотнение форсунки) крышки клапанов D-128100/8-98037-543-0 Дизель,2,187,Дизель,D-128100,Москва
2025-12-28 14:11:01,Сапун маслоотделителя 5259161 JAC N120/Камаз Cummins ISF3.8 Е-5 ORIG,1,355,Cummins,5259161,Москва
2025-12-28 14:11:01,Сателлит дифференциала редуктора D-126303 / 1-41551-053-0 задний мост Z=10 VR34 Дизель,4,2145,Дизель,D-126303,Москва
2025-12-28 14:11:01,"Сателлит дифференциала редуктора заднего моста Z=10 1-41551-053-0 VR34, CYZ(LHD)W/2STEPS 2006 ORIG",1,7740,Isuzu,1-41551-053-0,Москва
2025-12-28 14:11:01,Свеча 8-98119-290-0/8-97380-046-0 N-series 4HV1 (CNG) ГАЗ ORIG,4,2684,Isuzu,8-98119-290-0,Москва
2025-12-28 14:11:01,Свеча Denso 90919 K20TR11,1,279,JMC,90919,Москва
2025-12-28 14:11:01,Свеча зажигания K16HPRU11 CITROEN/NISSAN/PEUGEOT/RENAULT/SUZUKI/HYUNDAI/KIA/JEEP DENSO,10,325,Denso,K16HPR-U11,Москва
2025-12-28 14:11:01,Свеча зажигания K20HRU11 CITROEN/FIAT/MITSUBISHI/NISSAN/PEUGEOT/TOYOTA/VOLVO/SMART DENSO,10,325,Denso,K20HR-U11,Москва
2025-12-28 14:11:01,Свеча зажигания K20PBR-S10 AUDI/FIAT/MB/RENAULT/VW DENSO,4,460,JMC,K20PBR-S10,Москва
2025-12-28 14:11:01,Свеча зажигания KJ20CRL11 DODGE/HONDA/OPEL/ROVER/CHEVROLET/JEEP DENSO,10,306,Denso,KJ20CRL11,Москва
2025-12-28 14:11:01,Свеча накала 8-94390-777-6 / PI-173 4HK1 NNR/NPR/NJR/NKR/NHR/NHSFRR/FTR/FRS/FSS/CX#/CY# 99~ Diesel,2,851,Дизель,8-94390-777-6,Москва
2025-12-28 14:11:01,Свеча накала CP-01 11065-G5501 Nissan LD20/CD17 Y,6,319,Yamasida,CP-01,Москва
2025-12-28 14:11:01,Свеча накала CP-03 11065-0W801 Nissan TD27 Y,4,317,Yamasida,CP-03,Москва
2025-12-28 14:11:01,Свеча накала CP-07/MR577131/MD197511,2,882,JMC,MD197511,Москва
2025-12-28 14:11:01,Свеча накала D-128101/8-94390-777-6/PI-173 4HK1 NNR/NPR/NJR/NKR/FRR/FTR/FRS/FSS/CX#/CY# 99~ Дизель,16,556,Дизель,D-128101,Москва
2025-12-28 14:11:01,Свеча накала PH-22 19110-1140A HINO H07C Y,6,551,Yamasida,PH-22,Москва
2025-12-28 14:11:01,Свеча накала PI-49 8-94133-759-8/8-94175-158-1 4JB1 NKR55 Y,3,436,Yamasida,PI-49,Москва
2025-12-28 14:11:01,Свеча накала PI-59 8-94387-612-1 4JG2/LGP8420 Y,8,308,Yamasida,PI-59,Москва
2025-12-28 14:11:01,Свеча накала PM-163 ME007649 MMC 4D32/33/6D16 Y,2,560,Yamasida,PM-163,Москва
2025-12-28 14:11:01,Свеча накала PM-165 36710-42021/ME201632 D4BF/D4BH MMC 4M40 Y,1,308,Yamasida,PM-165,Москва
2025-12-28 14:11:01,Свеча накала PM-167 MD344469 MMC 4D56T Y,5,265,Yamasida,PM-167,Москва
2025-12-28 14:11:01,Свеча накала PM-404 ME077476/ME077414/407803-5050 MMC 6D16/17 Y,5,740,Yamasida,PM-404,Москва
2025-12-28 14:11:01,Свеча накала PM-407 ME240253 4M50 FUSO CANTER RUS HKT,4,2135,HKT,PM-407,Москва
2025-12-28 14:11:01,Свеча накала PM-65 ME007545 MITSUBISHI FUSO 4DR5/7 Y,3,294,Yamasida,PM-65,Москва
2025-12-28 14:11:01,Свеча накала PM-78 ME017057 MMC 4D30 Y,2,294,Yamasida,PM-78,Москва
2025-12-28 14:11:01,Свеча накала PN-135 11065-43G01 NISSAN TD27 Y,8,232,Yamasida,PN-135,Москва
2025-12-28 14:11:01,Свеча накала PN-136 11065-10T01 NISSAN TD23 Y,4,300,Yamasida,PN-136,Москва
2025-12-28 14:11:01,Свеча накала PN-137 11065-02T00 NISSAN ED33 Y,6,238,Yamasida,PN-137,Москва
2025-12-28 14:11:01,Свеча накала PN-138 11065-31N00 NISSAN TD23/27/42 Y,6,319,Yamasida,PN-138,Москва
2025-12-28 14:11:01,Свеча накала PT-151 19850-54090 TOYOTA 1N/2L/3L Y,3,233,Yamasida,PT-151,Москва
2025-12-28 14:11:01,Свеча накала PT-152 19850-64031 TOYOTA 1HZ/1HDT Y,6,208,Yamasida,PT-152,Москва
2025-12-28 14:11:01,Свеча накала PT-153 19850-58010 TOYOTA 1HZ/1HDT HKT,1,495,HKT,PT-153,Москва
2025-12-28 14:11:01,Свеча накала PT-155 19850-54120 TOYOTA 1NT/5L Y,4,300,Yamasida,PT-155,Москва
2025-12-28 14:11:01,Свеча накала PZ-701 SEM1-18-601 MAZDA VS Y,2,308,Yamasida,PZ-701,Москва
2025-12-28 14:11:01,СВЕЧА НАКАЛИВАНИЯ DG143 DENSO,1,521,JMC,DG-143,Москва
2025-12-28 14:11:01,Свеча накаливания ME072718,6,1437,JMC,ME072718,Москва
2025-12-28 14:11:01,Свеча накаливания PH-22/19110-1140A/GH-405,4,366,JMC,PH-22,Москва
2025-12-28 14:11:01,Свеча накаливания PI-175/8-97326-046-0,2,531,JMC,8-97326-046-0,Москва
2025-12-28 14:11:01,Свеча накаливания PM-401 ME191813/4M42,4,510,JMC,ME191813,Москва
2025-12-28 14:11:01,Свеча накаливания PN-137/11065-02T00,4,242,JMC,11065-02T00,Москва
2025-12-28 14:11:01,Свеча накаливания PZ-702/GM-510,4,346,JMC,PZ-702,Москва
2025-12-28 14:11:01,Сегмент (полумесяц) прокладки клапанной крышки D-128148 / 8-98163-813-0 / 8-97848-757-0 Дизель,10,132,Дизель,D-128148,Москва
2025-12-28 14:11:01,Сегмент 51541246003 Man Orig !,1,25882,MAN,51.54124.6003,Москва
2025-12-28 14:11:01,Сегмент стремянки п/рессоры 0334521010 / 03.345.21.01.0 L=95 H=34 Шир=45 BPW SKV,24,378,SKV,0334521010,Москва
2025-12-28 14:11:01,Седельно-сцепное устройство D-126608/WG9725930108/1 (JOST 36DV) Sitrak C7H Дизель,4,40054,Дизель,D-126608,Москва
2025-12-28 14:11:01,"Седельно-сцепное устройство D-129808 / PM-38C-190 / JSK38C1 3.5"" 810х200х914х10mm D=89mm 38т Дизель",2,125002,Дизель,PM-38C-190,Москва
2025-12-28 14:11:01,"Седельно-сцепное устройство тип SK-HD 38.36/190 мм 2,5"" 662111066 Man !",1,124374,Europart,662111066,Москва
2025-12-28 14:11:01,Седло впускного клапана 8-98028-874-0 4HK1/6HK1 ORIG,6,1429,Isuzu,8-98028-874-0,Москва
2025-12-28 14:11:01,Седло выпускного клапана 8-98028-875-0 4HK1/6HK1 ORIG,9,1585,Isuzu,8-98028-875-0,Москва
2025-12-28 14:11:01,Седло клапана 22113-84792/22113-84690 HYUNDAI HD270 D6CA ORIG,6,686,Hyundai-Kia,22113-84792,Москва
2025-12-28 14:11:01,Седло клапана впускного D-128539 / 8-98028-874-0 4HK1 6HK1 Дизель,4,275,Дизель,D-128539,Москва
2025-12-28 14:11:01,"Седло клапана впускного D-129552 / 3943449 JAC N120, Камаз Cummins ISF3.8 Е-5 Дизель",2,129,Дизель,D-129552,Москва
2025-12-28 14:11:01,"Седло клапана выпускного D-129553 / 3943450 JAC N120, Камаз Cummins ISF3.8 Е-5 Дизель",2,129,Дизель,D-129553,Москва
2025-12-28 14:11:01,Сепаратор топливный в сборе R90TSEP / YLX-F-0200 с подогревом SKV,2,8320,SKV,R90TSEP,Москва
2025-12-28 14:11:01,Сепаратор топливный в сборе YYZC-F076-03 600FG с подогревом,2,6186,YNY,600FG,Москва
2025-12-28 14:11:01,Сепаратор топливный в сборе YYZC-F106 900FH-2 с подогревом,3,5558,YNY,YYZC-F106,Москва
2025-12-28 14:11:01,Сепаратор топливный в сборе YYZC-F107 900FG,5,3318,YNY,YZC-F-0071-01,Москва
2025-12-28 14:11:01,Сепаратор топливный в сборе YYZC-F110 500FH-2/fg с подогревом,4,8358,YNY,500FH-2,Москва
2025-12-28 14:11:01,Сервоусилитель КПП D-127786 / HDC-003 / 1-33730-127-0/6HE1/FVR*96 d=28 ISUZU Дизель,1,5900,Дизель,D-127786,Москва
2025-12-28 14:11:01,Сервоусилитель КПП D-129579 / HDC-004 / 1-33730-033-1 /-103-1 вал 30mm ISUZU SXZ CYZ CXM CYL Дизель,2,5642,Дизель,D-129579,Москва
2025-12-28 14:11:01,Сервоусилитель КПП D-129582 / HDC-022 / 32172-90202 UD CWA451 CD461 Дизель,2,5432,Дизель,D-129582,Москва
2025-12-28 14:11:01,Серьга передней рессоры D-127916 / 2902466-50A/D FAW J6 Дизель,2,1168,Дизель,D-127916,Москва
2025-12-28 14:11:01,Серьга рессоры (пластина) D-128870 8-94118-511-3 RR ELF NKR 16х16х80 Дизель,2,399,Дизель,D-128870,Москва
2025-12-28 14:11:01,Серьга рессоры 54230-46050 Hyundai COUNTY SKV,14,758,SKV,54230-46050,Москва
2025-12-28 14:11:01,Серьга рессоры 55220-Z1001 / USS-005 PM !,2,5878,Paul Master,USS-005,Москва
2025-12-28 14:11:01,Серьга рессоры D-127368 / 1-51162-029-5/4 / 8-97530-932-0 / 1-51162-071-0 FTR/FTS/FVZ/FVR 05~ Дизель,2,1412,Дизель,D-127368,Москва
2025-12-28 14:11:01,Серьга рессоры D-128086/8-97360-011-0/8-94118-512-0 ISUZU ELF Дизель,2,355,Дизель,D-128086,Москва
2025-12-28 14:11:01,Серьга рессоры D-128377 / WG9725529034 SITRAK Дизель,2,1218,Дизель,D-128377,Москва
2025-12-28 14:11:01,Серьга рессоры D-128868 8-94113-322-3 RR ELF NKR 4.8t 22х22 Дизель,1,332,Дизель,D-128868,Москва
2025-12-28 14:11:01,Серьга рессоры D-128869 8-94468-235-2 FR ELF NKS NKR NHR 88~ Дизель,2,359,Дизель,D-128869,Москва
2025-12-28 14:11:01,Серьга рессоры FR RH 54232-62002 HD120 ORIG,2,1656,Hyundai-Kia,54232-62002,Москва
2025-12-28 14:11:01,Серьга рессоры FV-029 / FSS-029 RH MC421505 PM,2,3079,Paul Master,MC421505,Москва
2025-12-28 14:11:01,Серьга рессоры FV-029/FSS-029 LH MC421504 PM,3,3079,Paul Master,MC421504,Москва
2025-12-28 14:11:01,Серьга рессоры HI-021 / HSS-021 48408-E0120 PM !,2,4827,Paul Master,HSS-021,Москва
2025-12-28 14:11:01,Серьга рессоры HI-036/HSS-240 48441-1240 PM,2,3854,Paul Master,HSS-240,Москва
2025-12-28 14:11:01,Серьга рессоры ISS-032 1-51362-038-0 PM,2,4591,Paul Master,ISS-032,Москва
2025-12-28 14:11:01,Серьга рессоры MB035279 MMC CANTER FE3#/4# SKV,9,1386,SKV,MB035279,Москва
2025-12-28 14:11:01,"Серьга рессоры RR 1-51362-038-2 LH/RH F,N-series ORIG",1,8293,Isuzu,1-51362-038-2,Москва
2025-12-28 14:11:01,Серьга рессоры S-005 / FSS-008 MB025157 MMC CANTER FE# 85-99` PM,4,1687,Paul Master,FSS-008,Москва
2025-12-28 14:11:01,Серьга рессоры S-012 48038-1180 HINO GH# PM,2,6984,Paul Master,48038-1180,Москва
2025-12-28 14:11:01,Серьга рессоры S-053/ S-054/HSS-053 LH 48041-1281/1390 PM !,4,3183,Paul Master,48041-1281,Москва
2025-12-28 14:11:01,Серьга рессоры S-053/S-054/HSS-053 RH 48041-1271/48041-1380 PM !,2,3183,Paul Master,HSS-053,Москва
2025-12-28 14:11:01,Серьга рессоры S-054 48041-1380/48041-1271 HINO RK# RH PM !,2,2635,Paul Master,48041-1380,Москва
2025-12-28 14:11:01,Серьга рессоры S-054 48041-1390/48041-1281 HINO RK# LH PM !,2,2635,Paul Master,S-054,Москва
2025-12-28 14:11:01,Серьга рессоры S-055/ HSS-055/ 48038-1040 HINO FD1J# SD/FT17/19# 94~ PM,2,4796,Paul Master,HSS-055,Москва
2025-12-28 14:11:01,Серьга рессоры UD-001 54211-00Z00 N.-DIESEL CDA00A/CDA595/CDA69B/CFZ03A/CWT470 PM,1,3869,Paul Master,54211-00Z00,Москва
2025-12-28 14:11:01,Серьга рессоры USS-002/ UD-002 54210-Z2003 N.-DIESEL CW54 PM !,2,3717,Paul Master,USS-002,Москва
2025-12-28 14:11:01,Серьга рессоры USS-003/ UD-003 55220-Z5002 N.-DIESEL R/R PM !,2,3925,Paul Master,USS-003,Москва
2025-12-28 14:11:01,Серьга рессоры передней D-126306 / MB025157 Fuso Canter Дизель,7,1220,Дизель,D-126306,Москва
2025-12-28 14:11:01,Сетка радиатора D-126783 / 82773-Y4010XH JAC N350 Дизель,1,647,Дизель,D-126783,Москва
2025-12-28 14:11:01,Сигнал звуковой (высокий тон) 8-98353-521-0 ORIG,1,3394,Isuzu,8983535210,Москва
2025-12-28 14:11:01,"Сигнал звуковой (низкий тон) 8-98022-023-0 N,F-series ORIG",1,3239,Isuzu,8-98022-023-0,Москва
2025-12-28 14:11:01,Сигнал звуковой (низкий тон) 8-98353-520-0 ORIG,1,3676,Isuzu,8-98353-520-0,Москва
2025-12-28 14:11:01,Сигнал звуковой пневматич 96640-Y1A1H JAC N350 (NON-GENUINE),1,3467,Дизель,96640-Y1A1H,Москва
2025-12-28 14:11:01,Синхронизатор 1/2 передач 6DS50T-1701130-4 JAC ORIG,1,27408,JAC,6DS50T-1701130-4,Москва
2025-12-28 14:11:01,"Синхронизатор 2 и 3 передачи 1-33265-612-1 C,F-series ORIG",2,48351,Isuzu,1-33265-612-1,Москва
2025-12-28 14:11:01,Синхронизатор 3-4 передач M-1701149 JAC ORIG,1,2085,JAC,M-1701149,Москва
2025-12-28 14:11:01,Синхронизатор 3-4 передач M-1701152-00 JAC ORIG,1,8620,JAC,M-1701152-00,Москва
2025-12-28 14:11:01,Синхронизатор 5/6 передач 6DS50T-1701150-2 JAC ORIG,2,30964,JAC,6DS50T-1701150-2,Москва
2025-12-28 14:11:01,Скоба крепления заднего стаб D-127917 / WG780680032 HOWO Дизель,1,216,Дизель,D-127917,Москва
2025-12-28 14:11:01,Скоба суппорта RR 8-98240-313-0 NPR75 ORIG,2,22213,Isuzu,8-98240-313-0,Москва
2025-12-28 14:11:01,Скоба фиксации личинки замка двери 81975-36000 JAC ORIG,2,106,JAC,81975-36000,Москва
2025-12-28 14:11:01,Соединение 8935011974 WABCO !,1,419,Wabco,8935011974,Москва
2025-12-28 14:11:01,Соленоид 8-98002-761-0 ORIG,27,13213,Isuzu,8-98002-761-0,Москва
2025-12-28 14:11:01,Соленоид 8-98048-497-1 F-series ORIG,24,19820,Isuzu,8-98048-497-1,Москва
2025-12-28 14:11:01,Соленоид 8-98048-498-1 F-series ORIG,30,19820,Isuzu,8-98048-498-1,Москва
2025-12-28 14:11:01,Спидометр 94190-7A301 HYUNDAI HD120/170 ORIG,1,12441,Hyundai-Kia,94190-7A301,Москва
2025-12-28 14:11:01,Стабилизатор задней подвески 1-51770-030-2 ORIG,1,78893,Isuzu,1-51770-030-2,Москва
2025-12-28 14:11:01,Стабилизатор задней подвески 8-98235-510-0 ORIG,1,172299,Isuzu,8-98235-510-0,Москва
2025-12-28 14:11:01,Стакан пневморессоры металлический для 881MB / 6142404054 Mercedes !,1,2971,Mercedes,6142404054,Москва
2025-12-28 14:11:01,"Стакан форсунки D-125397 / 8-97602-301-1 Forward 4HF1, 4HK1, 6HH1, 6HK1, 6HE1 FVR34 Дизель",2,1221,Дизель,D-125397,Москва
2025-12-28 14:11:01,Стакан форсунки D-127370 / 1003016А29D CA6DL2 Дизель,16,341,Дизель,D-127370,Москва
2025-12-28 14:11:01,Стакан форсунки D-127918 / 612600040235 SHACMAN WP10 Дизель,6,479,Дизель,D-127918,Москва
2025-12-28 14:11:01,"Стакан форсунки D-128149 / 8-97606-661-0 / 8-98018-462-0 700P 4HK1 N,F-series 96~ Дизель",8,881,Дизель,D-128149,Москва
2025-12-28 14:11:01,Стакан форсунки D-128540 / S1117-61190 / 11176-1190 / 11176-89101 HINO J08C/S05C/J07E/J07C Дизель,4,650,Дизель,D-128540,Москва
2025-12-28 14:11:01,Стакан форсунки D-128541 / S1117-61200 / 11176-1200 HINO300 N04C Дизель,4,577,Дизель,D-128541,Москва
2025-12-28 14:11:01,Стакан форсунки HINO 11176-1150 EM100 Y,12,1161,Yamasida,11176-1150,Москва
2025-12-28 14:11:01,Стакан форсунки HINO 700 S1117-61180/11176-1180 E13C Y,9,834,Yamasida,S1117-61180,Москва
2025-12-28 14:11:01,Стакан форсунки HINO S1117-61120/11176-1120 H06CT/H07D/H07C/H06C Y,11,1177,Yamasida,S1117-61120,Москва
2025-12-28 14:11:01,Стакан форсунки HINO S1117-61160/S1117-61110 H06CT Y,12,1246,Yamasida,S1117-61160,Москва
2025-12-28 14:11:01,Стакан форсунки HINO S1117-61170/11176-1170 V26C/F21C/F20C/P09C Y,8,1108,Yamasida,S1117-61170,Москва
2025-12-28 14:11:01,Стакан форсунки HINO S1117-61190/11176-89101 J08C/S05C/J07E/J07C Y,14,1178,Yamasida,S1117-61190,Москва
2025-12-28 14:11:01,Стакан форсунки MMC FUSO ME030855/22138-93000 6D15/6D14/6D16 Y,6,1221,Yamasida,ME030855,Москва
2025-12-28 14:11:01,Стакан форсунки NISSAN 11070-Z5504/11070-Z5502 FE6 Y,12,1244,Yamasida,11070-Z5504,Москва
2025-12-28 14:11:01,Стартер 080V26201-7277 HOWO ORIG,2,21384,CNHTC,080V26201-7277,Москва
2025-12-28 14:11:01,Стартер 12.1.27.1446 / T430507 KSD1000/1100 SuperSnow/Perkins,2,60196,JMC,12.1.27.1446,Москва
2025-12-28 14:11:01,Стартер 612600091076 SHACMAN WP10 Е4/E5 / JAC,1,15872,Дизель,612600091076,Москва
2025-12-28 14:11:01,Стартер D-126785 / 612600091076 JAC Дизель,1,17853,Дизель,D-126785,Москва
2025-12-28 14:11:01,Стартер ISUZU D-MAX QDJ13005 12V/2.8KW 9T YD,1,7532,KPL,D-127281,Москва
2025-12-28 14:11:01,Стартер D-127349 / 8-94387-653-0 12v 2.8kW 4JG2 Дизель,2,15350,Дизель,D-127349,Москва
2025-12-28 14:11:01,Стартер D-127598 / QDJ2535R / 8-97602-169-1 24V 11T 4.5-5.0KW ISUZU 6HK1 6HH1 Дизель,2,13422,Дизель,D-127598,Москва
2025-12-28 14:11:01,Стартер D-127599 / QDJ2544 24V/11T/4.5KW ISUZU 6HE1/6НН1 Дизель,1,14636,Дизель,D-127599,Москва
2025-12-28 14:11:01,Стартер D-128169 / 080V26201-7277 HOWO Дизель,1,12690,Дизель,D-128169,Москва
2025-12-28 14:11:01,Стартер D-128400 / QDJ2540R / 28100-2092 24V 11T 4.5KW HINO W06E W06D Дизель,1,14340,Дизель,D-128400,Москва
2025-12-28 14:11:01,Стартер D-128402 / QDJ282 / ME057352 24V 13T 7.5KW MMC 8DC8-9 Дизель,1,18607,Дизель,D-128402,Москва
2025-12-28 14:11:01,Стартер D-128403 / QDJ2435 / M2T78681 24V 11T 4.0KW NISSAN FD46 Дизель,1,12645,Дизель,D-128403,Москва
2025-12-28 14:11:01,Стартер D-128439 / 3708010-29D / 3708010-29DJ 12 зубов FAW J6 Дизель,1,10455,Дизель,D-128439,Москва
2025-12-28 14:11:01,Стартер ISUZU 4HG/4HK/4JJ D-125215 / 8-97323-935-2/8-98222-018-2/QDJ2517 24V/5.0KW/11T NPR Дизель,2,15937,Дизель,D-125215,Москва
2025-12-28 14:11:01,Стартер ISUZU 6HK1 8-98141-206-2/3/1-81100-414-0 HITACHI FVR34 (FORWARD) Diesel,1,11385,Дизель,D-125034,Москва
2025-12-28 14:11:01,Стартер ISUZU D-127350 / 6SD-1 24V/11T/5.5KW YD ! Дизель,4,8276,Дизель,D-127350,Москва
2025-12-28 14:11:01,Стартер MAZDA S5A1-18-400/ D-127351 /QDJ1351 HA/SL/XA 12V/12T/2.7KW YD ! Дизель,1,6051,Дизель,D-127351,Москва
2025-12-28 14:11:01,"Стартер MMC 4D30/32,FE300/331 D4AL/DA/B/C 24V/9T/3.2KW D-129556 /ME017085/36100-41012/QDJ2430 Дизель",1,12802,Дизель,D-129556,Москва
2025-12-28 14:11:01,Стартер MMC 6D31 24V/11T/5.0-5.5KW YD !,1,5948,KPL,QDJ275D,Москва
2025-12-28 14:11:01,Стекло багажной двери 5603100U1510 S5 JAC ORIG,2,9020,JAC,5603100U1510,Москва
2025-12-28 14:11:01,Стекло ветровое 5206100U1510 JAC ORIG,3,14198,JAC,5206100U1510,Москва
2025-12-28 14:11:01,Стекло ветровое 5206100U2210Z2 S3 JAC ORIG,4,14187,JAC,5206100U2210Z2,Москва
2025-12-28 14:11:01,Стекло заднего фонаря D-128123/219-1903/04-4209/81550-1651/81551-1020 017 ORANGE HINO700/500 Дизель,4,202,Дизель,D-128123,Москва
2025-12-28 14:11:01,Стекло зеркала A0028113733 Mercedes ориг !,1,5827,Mercedes-Benz,A 002 811 37 33,Москва
2025-12-28 14:11:01,Стекло лобовое D-125994 / 86111-7A000 JAC N350 Дизель,1,9374,Дизель,D-125994,Москва
2025-12-28 14:11:01,Стекло лобовое D-128707 / 5206015-A95 FAW Дизель,5,5152,Дизель,D-128707,Москва
2025-12-28 14:11:01,Стекло на стоп L D-128801 / 019-022L / 213-1907L / 220-21366L / 8-94257-420-2 к-т ISUZU Дизель,1,232,Дизель,D-128801,Москва
2025-12-28 14:11:01,Стекло на стоп R D-128802 / 019-022R / 213-1907R / 220-21366R / 8-94257-419-0 к-т ISUZU N Дизель,1,232,Дизель,D-128802,Москва
2025-12-28 14:11:01,Стеклоподъемн правый электр 6104200LE010XZ03 24V JAC N120 (NON-GENUINE),1,3432,Noname,6104200LE010XZ03,Москва
2025-12-28 14:11:01,Стеклоподъемник D-125745 / 1-74418-179-3 Дизель,1,1327,Дизель,D-125745,Москва
2025-12-28 14:11:01,Стеклоподъемник двери левой (электрический) 81503-5H013 Hyundai HD65/72 /78 ORIG,10,2284,Hyundai-Kia,81503-5H013,Москва
2025-12-28 14:11:01,Стеклоподъемник зад.двери L 83401-4E000 BONGO III !,10,744,Hyundai-Kia,83401-4E000,Москва
2025-12-28 14:11:01,Стеклоподъемник зад.двери R 83402-4E000 BONGO III !,2,686,Hyundai-Kia,83402-4E000,Москва
2025-12-28 14:11:01,Стеклоподъемник перед.двери L 82401-4E000 BONGO III !,5,689,Hyundai-Kia,82401-4E000,Москва
2025-12-28 14:11:01,Стеклоподъемник перед.двери R 82402-4E000 BONGO III !,5,614,Hyundai-Kia,82402-4E000,Москва
2025-12-28 14:11:01,"Стеклоподъемник передний R D-125702 / 1-74418-178-3 F,C series Дизель",2,2124,Дизель,D-125702,Москва
2025-12-28 14:11:01,"Стеклоподъемник передний R D-127191 / 1-74418-178-3 F,C series Дизель",1,1333,Дизель,D-127191,Москва
2025-12-28 14:11:01,Стеклоподъемник электрический L D-128440 / 6104100LE010XZ03 24V JAC Дизель,1,3255,Дизель,D-128440,Москва
2025-12-28 14:11:01,Стойка стабилизатора 464855/ A94332306167390 / A94332302117390 DieselTechnic !,3,7231,Diesel Technic,4.64855SP,Москва
2025-12-28 14:11:01,Стойка стабилизатора A94832606477390 Mercedes ориг !,1,9068,Mercedes-Benz,A 948 326 06 47 7390,Москва
2025-12-28 14:11:01,Стоп D-127132 / 212-1902 / 81550-39465 / 81560-39435 L=R HINO300/DUTRO/TOYOTA/DYNA Дизель,1,604,Дизель,D-127132,Москва
2025-12-28 14:11:01,Стоп-сигнал R 214-1957R-A (K) FUSO CANTER FE85 LHD / MK485641 дефект,1,620,Дизель,214-1957R-A,Москва
2025-12-28 14:11:01,Стопорное кольцо 1004024FB JAC N35 ORIG,1,26,JAC,1004024FB,Москва
2025-12-28 14:11:01,Стопорное кольцо поршневого пальца 8-94460-687-0 D=37.5 4JJ1-T ORIG,6,155,Isuzu,8-94460-687-0,Москва
2025-12-28 14:11:01,Стопорное кольцо поршневого пальца D-129554 / 1001476626 FAW Дизель,2,78,Дизель,D-129554,Москва
2025-12-28 14:11:01,Стопорное кольцо шестерни ГРМ 9-09180-055-0 ORIG,13,245,Isuzu,9-09180-055-0,Москва
2025-12-28 14:11:01,Стремянка 1-87870-392-1 Isuzu ORIG,1,3958,Isuzu,1-87870-392-1,Москва
2025-12-28 14:11:01,Стремянка D-128065 / 54225-5H901 14х1.5х73х115 130 HD65/72/78 LT Дизель,14,294,Дизель,D-128065,Москва
2025-12-28 14:11:01,Стремянка D-128066 / 54225-5K100 16х1.5х73х130 HD65/72/78 LT Дизель,2,370,Дизель,D-128066,Москва
2025-12-28 14:11:01,Стремянка D-128067 / 90117-16065 16х72х160 FR HINO300 HD120 LT Дизель,1,405,Дизель,D-128067,Москва
2025-12-28 14:11:01,Стремянка D-128068 / 55225-5K500 F4 16*72*300 LT Дизель,6,488,Дизель,D-128068,Москва
2025-12-28 14:11:01,Стремянка D-128369 / AZ9925520268 SITRAK Дизель,3,1049,Дизель,D-128369,Москва
2025-12-28 14:11:01,Стремянка D-128370 / AZ9125520268 SITRAK Дизель,5,1049,Дизель,D-128370,Москва
2025-12-28 14:11:01,Стремянка D-128380 / WG9925520032 SITRAK Дизель,3,527,Дизель,D-128380,Москва
2025-12-28 14:11:01,Стремянка D-128381 / WG9925520029 SITRAK Дизель,6,512,Дизель,D-128381,Москва
2025-12-28 14:11:01,Стремянка D-128913 F10 16х72х160 LT Дизель,4,358,Дизель,D-128913,Москва
2025-12-28 14:11:01,Стремянка D-128917 F4 18х72х440 LT Дизель,2,623,Дизель,D-128917,Москва
2025-12-28 14:11:01,Стремянка D-129612 14*1.5*75*240 LT Дизель,12,382,Дизель,D-129612,Москва
2025-12-28 14:11:01,Стремянка D-129613 F1/F2 20*92*205 LT Дизель,2,645,Дизель,D-129613,Москва
2025-12-28 14:11:01,Стремянка D-129616 F1/F2 22*82*250 LT Дизель,8,755,Дизель,D-129616,Москва
2025-12-28 14:11:01,Стремянка D-129617 F1/F2 22*92*240 LT Дизель,4,631,Дизель,D-129617,Москва
2025-12-28 14:11:01,Стремянка D-129618 F10 14*72*120 LT Дизель,1,314,Дизель,D-129618,Москва
2025-12-28 14:11:01,Стремянка D-129620 F10 14*72*160 LT Дизель,4,331,Дизель,D-129620,Москва
2025-12-28 14:11:01,Стремянка D-129622 F10 16*72*280 LT Дизель,4,464,Дизель,D-129622,Москва
2025-12-28 14:11:01,Стремянка D-129625 F10 M14*1.5*72*350 крепление кузова к раме LT Дизель,4,435,Дизель,D-129625,Москва
2025-12-28 14:11:01,Стремянка D-129626 F10 M14*1.5*82*360 крепление кузова к раме LT Дизель,4,407,Дизель,D-129626,Москва
2025-12-28 14:11:01,Стремянка D-129628 F3 27*93*410 LT Дизель,6,1536,Дизель,D-129628,Москва
2025-12-28 14:11:01,Стремянка D-129629 F4 13*73*125 LT Дизель,30,278,Дизель,D-129629,Москва
2025-12-28 14:11:01,Стремянка D-129630 F4 14*64*110 LT Дизель,2,270,Дизель,D-129630,Москва
2025-12-28 14:11:01,Стремянка D-129632 F4 14*72*160 LT Дизель,2,292,Дизель,D-129632,Москва
2025-12-28 14:11:01,Стремянка D-129635 F4 14*72*350 LT Дизель,4,412,Дизель,D-129635,Москва
2025-12-28 14:11:01,Стремянка D-129636 F4 16*72*220 LT Дизель,4,407,Дизель,D-129636,Москва
2025-12-28 14:11:01,Стремянка D-129638 F4 16*72*260 LT Дизель,1,417,Дизель,D-129638,Москва
2025-12-28 14:11:01,Стремянка D-129639 F4 16*72*320 LT Дизель,9,469,Дизель,D-129639,Москва
2025-12-28 14:11:01,Стремянка D-129641 F4 18*62*400 LT Дизель,1,694,Дизель,D-129641,Москва
2025-12-28 14:11:01,Стремянка D-129644 F5 20*92*205 LT Дизель,1,633,Дизель,D-129644,Москва
2025-12-28 14:11:01,Стремянка D-129645 F5 24*92*490 LT Дизель,4,1230,Дизель,D-129645,Москва
2025-12-28 14:11:01,Стремянка D-129646 F5 24*93*300 LT Дизель,6,1140,Дизель,D-129646,Москва
2025-12-28 14:11:01,Стремянка D-129647 F5 24*93*330 LT Дизель,6,1119,Дизель,D-129647,Москва
2025-12-28 14:11:01,Стремянка D-129648 F5 24*93*350 LT Дизель,34,700,Дизель,D-129648,Москва
2025-12-28 14:11:01,Стремянка D-129649 F5 27*93*330 LT Дизель,6,1203,Дизель,D-129649,Москва
2025-12-28 14:11:01,Стремянка D-129652 F6 24*92*450 LT Дизель,6,1382,Дизель,D-129652,Москва
2025-12-28 14:11:01,Стремянка D-129653 F6 27*93*380 LT Дизель,12,1533,Дизель,D-129653,Москва
2025-12-28 14:11:01,Стремянка D-129847 / SZ940-84451 F4 18*72*200 HINO500 Дизель,2,632,Дизель,D-129847,Москва
2025-12-28 14:11:01,Стремянка D-130090 F6 24*92*300 LT ! Дизель,10,668,Дизель,D-130090,Москва
2025-12-28 14:11:01,Стремянка D-130091 F6 24*92*330 LT ! Дизель,8,718,Дизель,D-130091,Москва
2025-12-28 14:11:01,Стремянка D-130092 F1/F2 20*82*220 LT Дизель,10,435,Дизель,D-130092,Москва
2025-12-28 14:11:01,Стремянка D-130093 F4 22*82*250 LT Дизель,5,886,Дизель,D-130093,Москва
2025-12-28 14:11:01,Стремянка D-130095 F6 27*93*330 LT Дизель,4,1072,Дизель,D-130095,Москва
2025-12-28 14:11:01,Стремянка D-130096 F6 27*93*350 LT Дизель,6,992,Дизель,D-130096,Москва
2025-12-28 14:11:01,Стремянка D-130097 F6 27*93*410 LT Дизель,5,1120,Дизель,D-130097,Москва
2025-12-28 14:11:01,Стремянка D-130098 F8 22*82*250 LT Дизель,6,253,Дизель,D-130098,Москва
2025-12-28 14:11:01,Стремянка F1/F2 20*82*250 LT.,8,459,LT,20*82*250,Москва
2025-12-28 14:11:01,Стремянка F10 14*72*165 D-127355 / 54225-5A400 COUNTY 04~ LT Дизель,2,322,Дизель,D-127355,Москва
2025-12-28 14:11:01,Стремянка F10 16*72*200 LT,4,418,Дизель,F10 16*72*200,Москва
2025-12-28 14:11:01,Стремянка F10 18*73*340 D-127262 / 1-51371-173-3 RR NPR Дизель,6,621,Дизель,D-127262,Москва
2025-12-28 14:11:01,Стремянка F10 M14*1.5*82*400 (крепление кузова к раме) LT,4,429,Дизель,F10 M14*1.5*82*400 LT,Москва
2025-12-28 14:11:01,Стремянка F3 24*93*350 LT,6,919,LT,F3 24*93*350,Москва
2025-12-28 14:11:01,Стремянка F3 27*93*500,2,1791,Дизель,F3 27*93*500,Москва
2025-12-28 14:11:01,"Стремянка F4 13,05*73,6*163*85,4 D-127356 / 54225-5A200 Дизель",34,324,Дизель,D-127356,Москва
2025-12-28 14:11:01,Стремянка F4 14*64*150 LT,4,309,Дизель,F4 14*64*150  LT,Москва
2025-12-28 14:11:01,Стремянка F4 14*73*125 D-127833 / 54225-5H901 LT Дизель,21,319,Дизель,D-127833,Москва
2025-12-28 14:11:01,Стремянка F4 16*72*160 LT,1,413,Дизель,16*72*160,Москва
2025-12-28 14:11:01,Стремянка F4 16*72*325 D-127834 / 55225-5K500-10 LT Дизель,16,485,Дизель,D-127834,Москва
2025-12-28 14:11:01,Стремянка F4 16*72*350 D-127835 / 55225-5K500 LT Дизель,26,495,Дизель,D-127835,Москва
2025-12-28 14:11:01,Стремянка F4 18*74*400 D-127358 / 55225-6A600 Дизель,5,670,Дизель,D-127358,Москва
2025-12-28 14:11:01,"Стремянка задняя M22*2,5*93*256 2096135 SCANIA L/P/G/R/S",1,794,Дизель,2096135,Москва
2025-12-28 14:11:01,Стремянка М30*95*405 2064010 Scania,2,1651,Дизель,2064010,Москва
2025-12-28 14:11:01,"Стремянка передней рессоры 8-97304-074-1/0, 8-94252-452-1/2/3/4 L=105 N-series ORIG",1,701,Isuzu,8-97304-074-1,Москва
2025-12-28 14:11:01,Стремянка передней рессоры D-126957 / 2902411-70 J5 FAW Дизель,8,618,Дизель,D-126957,Москва
2025-12-28 14:11:01,Стремянка передней рессоры F2000/F300018*92*260 с гайками,2,635,Дизель,18*92*260,Москва
2025-12-28 14:11:01,Стремянка рессоры A9473510525 Mercedes ориг !,2,5144,Mercedes,A 947 351 05 25,Москва
2025-12-28 14:11:01,Стремянка рессоры D-125996 / 54225-Y3410 JAC N350 Дизель,5,1011,Дизель,D-125996,Москва
2025-12-28 14:11:01,Стремянка рессоры D-125998 / 55225-Y3B00 R JAC N350 Дизель,2,2452,Дизель,D-125998,Москва
2025-12-28 14:11:01,Стремянка рессоры D-127357 / 54225-62073 / F4 16x72x170 Дизель,5,379,Дизель,D-127357,Москва
2025-12-28 14:11:01,Стремянка рессоры D-127360 / MB035256 / MC110396 / MB391284 / F7 16х118х225 Дизель,4,510,Дизель,D-127360,Москва
2025-12-28 14:11:01,Стремянка рессоры задней D-127728 / 2911033G1080 JAC N120 Дизель,1,1830,Дизель,D-127728,Москва
2025-12-28 14:11:01,Стремянка рессоры задней D-129656 / 2912411-71B FAW Дизель,2,1837,Дизель,D-129656,Москва
2025-12-28 14:11:01,Стремянка рессоры передней D-127731 / 2902021LE054 JAC N90 Дизель,2,340,Дизель,D-127731,Москва
2025-12-28 14:11:01,"Стремянка рессоры передней D-129657 / 2902411-228 L=280 D=18,5 FAW Дизель",4,666,Дизель,D-129657,Москва
2025-12-28 14:11:01,Ступень 8405400H3P10 JAC N350 (NON-GENUINE),2,1263,Noname,8405400H3P10,Москва
2025-12-28 14:11:01,Ступень D-125999 / 8405300H3P10 JAC N350 Дизель,1,956,Дизель,D-125999,Москва
2025-12-28 14:11:01,Ступица D-129658 / HFF3104100CK2BZ2 задняя (не в сборе) JAC N350 Дизель,1,9856,Дизель,D-129658,Москва
2025-12-28 14:11:01,Ступица заднего колеса D-129659 / 3104011-A6E/B FAW CA3311 Дизель,1,7930,Дизель,D-129659,Москва
2025-12-28 14:11:01,Ступица заднего моста D-126430 / 1-42311-085-0 / 1-42311-094-0 CXZ51 Дизель,2,10638,Дизель,D-126430,Москва
2025-12-28 14:11:01,Ступица задняя 2201020130 JAC N35 ORIG,3,2372,JAC,2201020130,Москва
2025-12-28 14:11:01,Ступица задняя 463348/A3463562801 / BK6100239 Mercedes/DieselTechnic !,2,40675,Diesel Technic,4.63348,Москва
2025-12-28 14:11:01,Ступица задняя 52752-5K311 HYUNDAI HD78 D4DB/D4DD ORIG,3,12457,Hyundai-Kia,52752-5K311,Москва
2025-12-28 14:11:01,Ступица задняя 52752-5M000 Hyundai HD45/HD65/HD72/HD78 ORIG,1,9463,Hyundai-Kia,52752-5M000,Москва
2025-12-28 14:11:01,Ступица задняя 8-98192-924-0 ORIG,2,22084,Isuzu,8981929240,Москва
2025-12-28 14:11:01,Ступица задняя D-126001 / HFF3104111CK2BZ2 не в сборе JAC N350 Дизель,1,8363,Дизель,D-126001,Москва
2025-12-28 14:11:01,Ступица задняя D-128274 / 31.B90ZB15HS-04015 JAC N120 Дизель,1,12724,Дизель,D-128274,Москва
2025-12-28 14:11:01,Ступица задняя D-128325 / AZ711734009001 SITRAK C7H Дизель,4,6720,Дизель,D-128325,Москва
2025-12-28 14:11:01,Ступица задняя D-128343 / 712-35700-6106 SITRAK Дизель,2,18292,Дизель,D-128343,Москва
2025-12-28 14:11:01,Ступица колеса заднего моста 8-97081-323-2 N-series ORIG,1,24709,Isuzu,8-97081-323-2,Москва
2025-12-28 14:11:01,Ступица колеса заднего моста 8-97379-877-1 FSR90 ORIG,1,66136,Isuzu,8-97379-877-1,Москва
2025-12-28 14:11:01,Ступица колеса заднего моста D-125265 / 8-97107-549-1 N-series Дизель,2,6878,Дизель,D-125265,Москва
2025-12-28 14:11:01,Ступица колеса переднего D-128296 / 3103011-4E / 3103011В1Н FAW CA3311 Дизель,2,5990,Дизель,D-128296,Москва
2025-12-28 14:11:01,Ступица колеса переднего моста 1-42312-160-0 CYZ51/CYZ52/FVR34 ORIG,2,65702,Isuzu,1-42312-160-0,Москва
2025-12-28 14:11:01,Ступица колеса переднего моста 1-42312-162-0 FSR90 ORIG,1,51600,Isuzu,1-42312-162-0,Москва
2025-12-28 14:11:01,Ступица передняя D-128333 / AZ4075410040 / AZ4075410045 SITRAK Дизель,6,8586,Дизель,D-128333,Москва
2025-12-28 14:11:01,Ступица передняя D-129876 / WG9112410009 HOWO T5G Дизель,1,6557,Дизель,D-129876,Москва
2025-12-28 14:11:01,Ступица синхронизатора КПП D-126784 / WG2203100254 HOWO T5G Дизель,2,4285,Дизель,D-126784,Москва
2025-12-28 14:11:01,Стяжка груза 4T*50MM*12M,6,1340,Дизель,4T*50MM*12M,Москва
2025-12-28 14:11:01,Стяжка груза D-128871 / 5T*50MM*10M Дизель,5,1301,Дизель,D-128871,Москва
2025-12-28 14:11:01,Суппорт (кронштейн) тормозной задний D-126617 / 3502021-A0E FAW J6 Дизель,1,3488,Дизель,D-126617,Москва
2025-12-28 14:11:01,Суппорт D-128389 / AZ4075450070 SITRAK Дизель,2,3603,Дизель,D-128389,Москва
2025-12-28 14:11:01,Суппорт левый AZ4007443002 SITRAK C7H ORIG,2,10158,CNHTC,AZ4007443002,Москва
2025-12-28 14:11:01,Суппорт передний левый 58180-4BA20 / 44A00 LH H5011 Hyundai Porter KM,1,6362,Дизель,58180-4BA20,Москва
2025-12-28 14:11:01,Суппорт передний левый 8-98484-689-0 N-series E-5 ORIG,1,33028,Isuzu,8-98484-689-0,Москва
2025-12-28 14:11:01,Суппорт передний правый 58190-4BA20 / 44A00 RH H5012 Hyundai Porter KM,1,6362,Дизель,58190-4BA20,Москва
2025-12-28 14:11:01,Суппорт передний правый 8-98484-688-0 N-series E-5 ORIG,1,33028,Isuzu,8-98484-688-0,Москва
2025-12-28 14:11:01,Суппорт правый 8-97367-533-0 / 8-98303-459-0 NJR/NKR/NLR/NMR/NHR 04~ ORIG,1,36365,Isuzu,8-98303-459-0,Москва
2025-12-28 14:11:01,Суппорт правый D-128388 / AZ4007443020 SITRAK C7H Дизель,2,23522,Дизель,D-128388,Москва
2025-12-28 14:11:01,Суппорт тормозной D-128346 / 711-50202-6127 SITRAK Дизель,3,4100,Дизель,D-128346,Москва
2025-12-28 14:11:01,Суппорт тормозной задний левый (без колодки) MK585111 SKV Fuso Canter TF E-5,2,8224,SKV,MK585111 SKV,Москва
2025-12-28 14:11:01,Суппорт тормозной задний левый (без колодки) MK585113 SKV Fuso Canter TF E-5,2,8224,SKV,MK585113 SKV,Москва
2025-12-28 14:11:01,Суппорт тормозной задний левый HINO300 евро3/4 47850-37010 / 47850-37011 / BS3-E5411-31D0 SKV,10,7346,SKV,47850-37010,Москва
2025-12-28 14:11:01,Суппорт тормозной задний правый HINO300 евро3/4 47830-37010 / 47830-37011 / BS3-E5411-41D0 SKV,4,7346,SKV,47830-37010,Москва
2025-12-28 14:11:01,Суппорт тормозной передний в сборе левый 58180-4EA10 BONGO III 2.9 !,1,4687,Hyundai-Kia,58180-4EA10,Москва
2025-12-28 14:11:01,Суппорт тормозной передний в сборе правый 58190-4EA10 BONGO III 2.9,1,5740,Дизель,581904EA10,Москва
2025-12-28 14:11:01,Суппорт тормозной передний левый 8983034660SKV N-series SKV,5,7315,SKV,8983034660SKV,Москва
2025-12-28 14:11:01,Суппорт тормозной передний левый HINO300 евро3/4 47750-37120 / 47750-37121 / BS3-E5411-11D0 SKV,7,7936,SKV,47750-37120,Москва
2025-12-28 14:11:01,Суппорт тормозной передний правый 58181-45A00 Hyundai HD65/35/County ORIG,7,14703,Hyundai-Kia,58181-45A00,Москва
2025-12-28 14:11:01,Суппорт тормозной передний правый 8-98303-465-0 N-series SKV,8,7389,SKV,8-98303-465-0,Москва
2025-12-28 14:11:01,Суппорт тормозной передний правый HINO300 евро3/4 47730-37120 / 47730-37121 / BS3-E5411-21D0 SKV,9,8388,SKV,47730-37120,Москва
2025-12-28 14:11:01,Сухарь (ползун) КПП D-129863 / WG2229100022 HOWO T5G Дизель,2,823,Дизель,D-129863,Москва
2025-12-28 14:11:01,Сухарь вилки кпп 463193 / A9472650249 / 60531852 Mercedes/DieselTechnic !,1,697,Diesel Technic,463193,Москва
2025-12-28 14:11:01,Сухарь вилки кпп 60531852/463193 / A9472650249 Mercedes/ Euroricambi,4,616,Euroricambi,60.53.1852,Москва
2025-12-28 14:11:01,Сухарь вилки переключения передач КПП 60530890 /A9472650349 / T18588 Mercedes/Euroricambi,10,850,Euroricambi,60.53.0890,Москва
2025-12-28 14:11:01,Сухарь клапана двигателя 8-94239-501-0 ORIG,18,174,Isuzu,8-94239-501-0,Москва
2025-12-28 14:11:01,"Сухарь синхронизатора 1-33263-025-2 C,E-series ORIG",17,935,Isuzu,1-33263-025-2,Москва
2025-12-28 14:11:01,"Сухарь синхронизатора 1-33263-039-0 MJX16P C,E-series ORIG",3,994,Isuzu,1-33263-039-0,Москва
2025-12-28 14:11:01,"Сухарь синхронизатора 1-33263-041-0 C,E-series ORIG",1,967,Isuzu,1-33263-041-0,Москва
2025-12-28 14:11:01,Сухарь синхронизатора 43384-5H001 HYUNDAI HD78/72 ORIG,63,314,Hyundai-Kia,43384-5H001,Москва
2025-12-28 14:11:01,Сухарь синхронизатора 5.50144 DieselTechnic,4,94,Diesel Technic,5.50144,Москва
2025-12-28 14:11:01,Сухарь синхронизатора 8-94448-202-2 N-series ORIG,9,274,Isuzu,8-94448-202-2,Москва
2025-12-28 14:11:01,Сцепление 12.1.01.0314 /20.3.015.020.01/20.3.041.000.01 KSD1000/1100 SuperSnow/LANG,1,57355,JMC,12.1.01.0314,Москва
2025-12-28 14:11:01,Тепловой экран 201V08120-0403 HOWO T5G,1,1287,Дизель,201V08120-0403,Москва
2025-12-28 14:11:01,Теплообменник D-126748 / 61500010334 JAC N350 WP10 E-5 Дизель,1,3143,Дизель,D-126748,Москва
2025-12-28 14:11:01,Термодатчик 25360-43800 Grace !,1,163,Дизель,25360-43800,Москва
2025-12-28 14:11:01,Термостат 1-87618-432-0 8-94370-377-2/8-97300-790-1/8-97091-806-0 ORIG ISP,1,968,Isuzu,1-87618-432-0,Москва
2025-12-28 14:11:01,Термостат 25510-45501 HYUNDAI HD65/72/County ORIG,14,2563,Hyundai-Kia,25510-45501,Москва
2025-12-28 14:11:01,Термостат 25510-52010 Hyundai HD65/78/120 D4GA ORIG,13,1616,Hyundai-Kia,25510-52010,Москва
2025-12-28 14:11:01,Термостат 8-97116-057-0/8-97300-789-0/8-97300-789-1/2/3/8-97167-497-0 ORIG,1,2416,Isuzu,8-97300-789-3,Москва
2025-12-28 14:11:01,Термостат D-125453 / 8-97300-790-1 / 8-94370-377-2 / 8-97091-806-0 / WV54IA-82 82°С Дизель,1,704,Дизель,D-125453,Москва
2025-12-28 14:11:01,Термостат D-125733 / 8-94397-310-0 6HE1/6HG1/6HL1 Дизель,1,772,Дизель,D-125733,Москва
2025-12-28 14:11:01,Термостат D-126311 / ZB54HG-82P / 8-94370-377-2/1 / 8-97300-790-1/3 / 8-97091-806-0 Дизель,3,706,Дизель,D-126311,Москва
2025-12-28 14:11:01,Термостат D-126313 / WV48B-82 Toyota DYNATOYOACE 3Y/2Y/5L Дизель,10,428,Дизель,D-126313,Москва
2025-12-28 14:11:01,Термостат D-126314 / WV52MA-82 Mazda Дизель,2,458,Дизель,D-126314,Москва
2025-12-28 14:11:01,Термостат D-126315 / WV52TA-82 Toyota TOYOACE L Дизель,2,509,Дизель,D-126315,Москва
2025-12-28 14:11:01,Термостат D-126317 / WV54-82B / BZB54-82A Nissan TD27/42T Дизель,5,502,Дизель,D-126317,Москва
2025-12-28 14:11:01,Термостат D-126320 / WV56MC-76.5 MMC 4M40 Дизель,1,439,Дизель,D-126320,Москва
2025-12-28 14:11:01,Термостат D-126321 / WV64MC-82 MMC 4M51 Дизель,10,587,Дизель,D-126321,Москва
2025-12-28 14:11:01,Термостат D-126322 / WV73-82 DYNA/TOYOACE 2B/3B/4B/15B/1BZ Дизель,8,1009,Дизель,D-126322,Москва
2025-12-28 14:11:01,Термостат D-126323 / WV73-88 DYNA/TOYOACE B/3B/11B/13B/14B/15B/2H Дизель,2,908,Дизель,D-126323,Москва
2025-12-28 14:11:01,Термостат D-126324 / WV82MN-76.5B / ME035320 / ME995302 MMC 6D16 Дизель,2,1029,Дизель,D-126324,Москва
2025-12-28 14:11:01,Термостат D-126325 / ZB54I-82 / 8-97089-891-0 / WV54I-82 ISUZU 4JG2 Дизель,1,546,Дизель,D-126325,Москва
2025-12-28 14:11:01,Термостат D-126699 / WV64IA-85 / ZB64HF-85P / 8-98017-027-1 4JJ1 N-series Дизель,1,645,Дизель,D-126699,Москва
2025-12-28 14:11:01,Термостат D-126700 / WV75M-82A MITSUBISHI CANTER 4D30-36 Дизель,3,860,Дизель,D-126700,Москва
2025-12-28 14:11:01,Термостат D-126701 / WV78H-82 / WV78M-82 9001-46191 HINO 700 Дизель,2,1203,Дизель,D-126701,Москва
2025-12-28 14:11:01,Термостат D-126707 / WV82M-82 / ME035261 / ME996000 / 21200-Z5562 82°С MMC/Nissan Дизель,1,841,Дизель,D-126707,Москва
2025-12-28 14:11:01,Термостат D-126787 / 612630060031 / 612630060844 / 30502-83D 83°С SHACMAN WP12 Дизель,2,1080,Дизель,D-126787,Москва
2025-12-28 14:11:01,Термостат D-126958 / 1306010-29D 3250 J5 FAW Дизель,2,373,Дизель,D-126958,Москва
2025-12-28 14:11:01,Термостат D-127363 / 8-97602-048-3/0/1/2 FVR34 6HK1 82°С Дизель,1,823,Дизель,D-127363,Москва
2025-12-28 14:11:01,Термостат D-128805 / 8-98319-254-0 6WG1 82С C-series Дизель,1,2974,Дизель,D-128805,Москва
2025-12-28 14:11:01,Термостат D-128838 / S0401-66114 / S1632-E9000 / 9001-46199 FJC510182 HINO500 Дизель,1,1749,Дизель,D-128838,Москва
2025-12-28 14:11:01,Термостат D-128839 / ZB78H-88 / ME999359 / ME994304 Дизель,2,1226,Дизель,D-128839,Москва
2025-12-28 14:11:01,Термостат D-128872 / 8-97116-057-0 / 8-97300-789-0 / 8-97300-789-1/2/3 / 8-97167-497-0 Дизель,2,789,Дизель,D-128872,Москва
2025-12-28 14:11:01,Термостат WV78H-76.5/ME999358/9001-46191/21200-97017 HINO J05C Y,2,3125,Yamasida,9001-46191,Москва
2025-12-28 14:11:01,Термостат ZB54MA-88/8AB4-15-171A MAZDA XA/HA/SL/TF JAPAN HKT,1,809,HKT,ZB54MA-88,Москва
2025-12-28 14:11:01,Термостат ZB73-82/90916-03077 TOYOTA/HINO B/3B/4B/15BF JAPAN HKT,2,1389,HKT,ZB73-82,Москва
2025-12-28 14:11:01,Термостат ZB73-88/90916-03103 TOYOTA/HINO 2B/3B/13B/14B JAPAN HKT,1,1389,HKT,ZB73-88,Москва
2025-12-28 14:11:01,ТНВД D-126622 / 200V11103-7792 MC11 Sitrak C7H Дизель,1,69212,Дизель,D-126622,Москва
2025-12-28 14:11:01,Толкатель клапана 24135-45000 D4DB/DD HYUNDAI ORIG,4,683,Hyundai-Kia,24135-45000,Москва
2025-12-28 14:11:01,Толкатель клапана 61500050032 JAC N350 WP10 E-5 ORIG,12,1091,JAC,61500050032,Москва
2025-12-28 14:11:01,Толкатель клапана 8-97034-630-1 3LA1/3LB1/4LB1/4LE1 ORIG,3,2189,Isuzu,8-97034-630-1,Москва
2025-12-28 14:11:01,Толкатель клапана D-126788 / 61500050032 JAC N350 WP10 E-5 Дизель,4,338,Дизель,D-126788,Москва
2025-12-28 14:11:01,"Топливная рейка 8-97603-121-2 C,E-series 6WG1 ORIG",2,68041,Isuzu,8976031212,Москва
2025-12-28 14:11:01,Топливный бак D-128442 / WG9925550011 HOWO T5G Дизель,5,22084,Дизель,D-128442,Москва
2025-12-28 14:11:01,Тормозная камера SDC-70106 / MC805571 !,1,6621,Дизель,MC805571,Москва
2025-12-28 14:11:01,Тормозная камера SDC-70107 / MC838567 !,2,5958,Дизель,MC838567,Москва
2025-12-28 14:11:01,Тормозная камера SDC-70324 / 47850-3921 !,1,24340,Дизель,47850-3921,Москва
2025-12-28 14:11:01,Тормозная камера SDC-70325 / 47850-3931 !,1,24340,Дизель,47850-3931,Москва
2025-12-28 14:11:01,Тормозной барабан задний 43512-3020/BD0209 (10 отв) HINO,4,9075,JMC,43512-3020,Москва
2025-12-28 14:11:01,Тормозной диск 273*20*6H MB295968 Canter Y,2,4113,Yamasida,MB295968,Москва
2025-12-28 14:11:01,Тормозной диск 288*24*5H MB334308 Canter SKV,20,2397,SKV,MB334308,Москва
2025-12-28 14:11:01,Тормозной диск 40206-0T301 LP-5544 Nissan Atlas F22/23 Y,2,7373,Yamasida,40206-0T301,Москва
2025-12-28 14:11:01,Тормозной диск 42431-37040 HINO300 XZU417 06~ REAR SKV,25,3774,SKV,42431-37040,Москва
2025-12-28 14:11:01,"Тормозной диск 43512-37090 DYNA/TOYOACE/HINO (BU3#/4#,BZU3#/4#,RZU3#,XZU3#/4# 99~ SKV",11,3835,SKV,43512-37090,Москва
2025-12-28 14:11:01,Тормозной диск MK584503 front SKV,9,4254,SKV,MK584503,Москва
2025-12-28 14:11:01,Тормозной диск MK584503 front Y,2,11840,Yamasida,MK584503,Москва
2025-12-28 14:11:01,Тормозной диск MK584504 rear CANTER FE85 E-4/5 SKV,7,4619,SKV,MK584504,Москва
2025-12-28 14:11:01,Тормозной диск MK584504 rear CANTER FE85 E-4/5 Y,2,11840,Yamasida,MK584504,Москва
2025-12-28 14:11:01,Тормозной диск перед WG4071443003 Sitrak C7H ORIG,20,10387,Howo,WG4071443003,Москва
2025-12-28 14:11:01,Торсион кабины 1-53450-567-6 CVR/CX#/EX# 96~ ORIG,1,97326,Isuzu,1-53450-567-6,Москва
2025-12-28 14:11:01,Торсион кабины 8-98021-033-0 N-series ORIG,3,5466,Isuzu,8-98021-033-0,Москва
2025-12-28 14:11:01,Торсион кабины 81.41715.6010 SHACMAN X3000/F3000/2000,2,7845,Дизель,81.41715.6010,Москва
2025-12-28 14:11:01,Трапеция стеклоочистителя D-128309 / 81.26400-6355 SITRAK C7H Дизель,1,3150,Дизель,D-128309,Москва
2025-12-28 14:11:01,Трещетка B-006/HBA-006/47480-1590/S474802050 FU#84~ FZ1F#95~ FS/NS27#/63# SH#84-92' PM,3,5287,Paul Master,B-006,Москва
2025-12-28 14:11:01,Трещетка B-011 44341-90271 LH CWA595 CWT690 CWT98A RA531 91-00` PM,1,4293,Paul Master,4434190271,Москва
2025-12-28 14:11:01,Трещетка B-020 MC826062 LH FW4# FP4# 91-97` PM,2,4301,Paul Master,FBA-020,Москва
2025-12-28 14:11:01,Трещетка EXR-001/IBA-001 1-48270-046-0 LH 10PE1 6WF1/86~ EXR/EXZ/CVS/CXW/CYW PM,1,5279,Paul Master,IBA-001L,Москва
2025-12-28 14:11:01,Трещетка EXR-002/IBA-002 1-48270-043-0 RH 10PE1 6WF1/86~ EXR/EXZ/D/Y PM !,1,5100,Paul Master,IBA-002R,Москва
2025-12-28 14:11:01,Трещетка HBA-003L B-003 47490-1090 LH SH#92~ SS#83-92' FS27#63#84-89' PM,2,4972,Paul Master,HBA-003L,Москва
2025-12-28 14:11:01,Трещетка HBA-003R B-003 47480-1550 RH SH#92~ SS#83-92' FS27#63#84-89' PM,2,4972,Paul Master,HBA-003R,Москва
2025-12-28 14:11:01,Трещетка HBA-006/ B-006 47480-1600 LH FU# 84~ FZ1F# 95~ FS/NS27#/63# SH# 84-92` PM,2,4829,Paul Master,HBA-006,Москва
2025-12-28 14:11:01,Трещетка задняя D-128347 / WG7129450011 SITRAK Дизель,2,3355,Дизель,D-128347,Москва
2025-12-28 14:11:01,"Трещетка тормоза перед лев 3519050N5QZ/3501050N5QZ N120 LE359,LE35N JAC ORIG",1,8881,JAC,3519050N5QZ,Москва
2025-12-28 14:11:01,Трещетка тормозная 03.030.8790.000 /A9454200238 Templin !,2,5372,Templin,03.030.8790.000,Москва
2025-12-28 14:11:01,Трещетка тормозная 03.030.8790.009 Templin,2,4391,Templin,03.030.8790.009,Москва
2025-12-28 14:11:01,Трещетка тормозная 03.030.8790.030/ 462248/ A9454200938 / 80030С Mercedes /Templin !,6,6787,Templin,03.030.8790.030,Москва
2025-12-28 14:11:01,Трещетка тормозная 462249 / A9454200438 /80014C / 57877 Mercedes / DieselTechnic !,1,6598,Diesel Technic,4.62249,Москва
2025-12-28 14:11:01,Трещетка тормозная 57877/ 462249 / A9454200438 /80014C Mercedes / Auger,2,5861,Auger,57877,Москва
2025-12-28 14:11:01,Трещетка тормозная 57881/ A9454200338 / 461589 / 464232 Mercedes / Auger !,2,5726,Auger,57881,Москва
2025-12-28 14:11:01,Трещетка тормозная A9454200938SKV/80030C/462248/A9454200938 / 03.030.8790.030 Mercedes/Haldex SKV,2,4127,SKV,A9454200938SKV,Москва
2025-12-28 14:11:01,Трещетка тормозная CK8363 переднего моста SHACMAN Createk,1,2266,Дизель,DZ9112440094,Москва
2025-12-28 14:11:01,Трещетка тормозная D-127595 / A9454200438 / 80014C/ 462249 / 57877 Mercedes / Haldex к ! Дизель,3,2684,Дизель,D-127595,Москва
2025-12-28 14:11:01,Трещетка тормозная автоматическая левая 01631750A PE,2,6589,Pe Automotive,016.317-50A,Москва
2025-12-28 14:11:01,Трещетка тормозная автоматическая левая 462246/A9454200138 /80009C/01631750A Mercedes/DieselTechn !,2,4619,Diesel Technic,4.62246,Москва
2025-12-28 14:11:01,Трещетка тормозная автоматическая левая 462247 DieselTechnic,2,7210,Diesel Technic,4.62247,Москва
2025-12-28 14:11:01,Трещетка тормозная автоматическая левая 462247/57878/ 01631650A/ A9454200038/80008C Mercedes/TEMPLIN,2,5684,Templin,03.030.8790.008,Москва
2025-12-28 14:11:01,Трещетка тормозная автоматическая левая 57878/ 01631650A/ A9454200038/462247/80008C Mercedes / Auger,1,5001,Auger,57878,Москва
2025-12-28 14:11:01,Трещетка тормозная задняя левая D-129871 / WYT9100340056 / WG9100340056 / CK9100340056 Дизель,2,1441,Дизель,D-129871,Москва
2025-12-28 14:11:01,Трещетка тормозная задняя правая D-129872 / WYT9100340057 / WG9100340057 / CK9100340057 Дизель,1,1441,Дизель,D-129872,Москва
2025-12-28 14:11:01,Трещетка тормозная правая 03.030.8790.001/A9454200338 / 0135056 / 461589 / 57881 Templin !,2,9293,Templin,03.030.8790.001,Москва
2025-12-28 14:11:01,Трещетка тормозного цилиндра 8-97358-880-0/876-0 A M12x1.5 ISUZU Y,20,458,Yamasida,8-97358-880-0.A,Москва
2025-12-28 14:11:01,Трещетка тормозного цилиндра D-128736 / MK356639 / MC112604 M12x1.5 L FUSO CANTER Дизель,8,166,Дизель,D-128736,Москва
2025-12-28 14:11:01,Трещетка тормозного цилиндра D-128737 / MK356640 / MC112605 M12x1.5 R FUSO CANTER Дизель,8,166,Дизель,D-128737,Москва
2025-12-28 14:11:01,Трещетка тормозного цилиндра MK356640/MC112605 A M12x1.5 R FUSO CANTER Y,6,395,Yamasida,MK356640.A,Москва
2025-12-28 14:11:01,"Трещеточный поршень тормозного цилиндра 8-98081-285-0 L NLR/NMR55,85 ORIG",1,1573,Isuzu,8-98081-285-0,Москва
2025-12-28 14:11:01,Трос 8-98036-574-2 FVR34 ORIG,4,1780,Isuzu,8980365742,Москва
2025-12-28 14:11:01,Трос акселератора D-126158 / 18190-Z5001 NISSAN CL/CM390/850 84~ 2400mm Дизель,1,752,Дизель,D-126158,Москва
2025-12-28 14:11:01,Трос акселератора D-126159 / 18190-Z1060 L=3250 NISSAN CV/LG/LV870 86~ Дизель,2,677,Дизель,D-126159,Москва
2025-12-28 14:11:01,Трос акселератора D-126161 / 18190-00Z00 NISSAN CW520 Дизель,2,876,Дизель,D-126161,Москва
2025-12-28 14:11:01,Трос акселератора D-126162 / MC064207 / MC025791 RHD L=3015 MMC FN428/FP/FT/FS418/FS/FU478 Дизель,2,662,Дизель,D-126162,Москва
2025-12-28 14:11:01,Трос акселератора D-126165 / 78015-8251A HINO FH/FN/GN/FR/FS2K# 98~ Дизель,2,815,Дизель,D-126165,Москва
2025-12-28 14:11:01,Трос акселератора D-126166 / 1-23210-744-3 ISUZU FRD/FRR/FSR/FTR RHD 85~ Дизель,8,1302,Дизель,D-126166,Москва
2025-12-28 14:11:01,Трос акселератора D-126170 / 1-23210-527-0 ISUZU FSR11/12/FTR11/12 1984~ Дизель,2,884,Дизель,D-126170,Москва
2025-12-28 14:11:01,Трос акселератора ISUZU D-126168 / 1-73998-940-6 FSR/FTR/FVR/FRD RHD 96~ L=2939 Дизель,1,1133,Дизель,D-126168,Москва
2025-12-28 14:11:01,Трос акселератора NISSAN D-126160/18190-00Z01 CK/CW400/470/490 89~ L=2700 Дизель,1,718,Дизель,D-126160,Москва
2025-12-28 14:11:01,Трос акселератора NISSAN D-128170/9NA8227/18201-2T802 F23 L=2100mm Дизель,16,487,Дизель,D-128170,Москва
2025-12-28 14:11:01,Трос газа ACC IS02 / D-126154 / 1-23210-907-2 ISUZU CXM/CXZ72 1730mm Дизель,2,935,Дизель,D-126154,Москва
2025-12-28 14:11:01,Трос газа D-126152 / MC443210 / MK573063 ACC M02 2900mm Дизель,2,841,Дизель,D-126152,Москва
2025-12-28 14:11:01,Трос газа D-126153 / 8-97167-702-1 / 9CZ8017 ELF NKR ACC IS04 2900mm Дизель,2,935,Дизель,D-126153,Москва
2025-12-28 14:11:01,Трос газа D-126155 / 78025-4170 / 4RA1829 HINO ACC H06 FS/FR Дизель,2,832,Дизель,D-126155,Москва
2025-12-28 14:11:01,Трос газа D-126156 / S7801-56804B ACC H04 Дизель,2,893,Дизель,D-126156,Москва
2025-12-28 14:11:01,Трос газа D-126157 / S7802-51071 ACC H01 Дизель,2,658,Дизель,D-126157,Москва
2025-12-28 14:11:01,Трос газа D-127847 / 78015-5302A ACC H03 Дизель,2,1018,Дизель,D-127847,Москва
2025-12-28 14:11:01,Трос газа D-127848 / S7802-54180A / 78015-5301/5302 / 78025-4160 ACC H05 Дизель,1,1023,Дизель,D-127848,Москва
2025-12-28 14:11:01,Трос газа D-129669 / ACC IS01 ISUZU CXM 2410mm Дизель,2,948,Дизель,D-129669,Москва
2025-12-28 14:11:01,"Трос газа D-129670 / ACC M01 FUSO FIGHTER, CXM 3500mm Дизель",2,1010,Дизель,D-129670,Москва
2025-12-28 14:11:01,Трос газа MMC(CANTER) D-127824 / 4GA1044 / MC064417 Дизель,1,463,Дизель,D-127824,Москва
2025-12-28 14:11:01,Трос газа MMC(CANTER) D-128171 / 4GA1045 / MC064418 Дизель,2,423,Дизель,D-128171,Москва
2025-12-28 14:11:01,Трос капота 8401200W5000 JAC N35 ORIG,3,187,JAC,8401200W5000,Москва
2025-12-28 14:11:01,Трос капота D-126084 / 1-79347-008-1 L=2612 CYZ51/CXZ/EXZ Дизель,2,861,Дизель,D-126084,Москва
2025-12-28 14:11:01,Трос КПП (к-т) 1703200W5030 JAC N35 ORIG,2,2573,Дизель,1703200W5030,Москва
2025-12-28 14:11:01,Трос КПП 1703030LE740 N120 LE35N JAC ORIG,2,3603,JAC,1703030LE740,Москва
2025-12-28 14:11:01,Трос КПП 1703040LE359 N120 JAC ORIG,1,3784,JAC,1703040LE359,Москва
2025-12-28 14:11:01,Трос КПП 1703040LE740 N120 LE35N JAC ORIG,2,4228,JAC,1703040LE740,Москва
2025-12-28 14:11:01,Трос КПП 43750-5L751 Hyundai HD78 D4GA ORIG,2,8818,Hyundai-Kia,43750-5L751,Москва
2025-12-28 14:11:01,Трос КПП D-126094 / 34560-30Z63 NISSAN LK/MK/PK210/250 92~ Дизель,2,2529,Дизель,D-126094,Москва
2025-12-28 14:11:01,Трос КПП D-126096 / 4UT1004 / 34560-Z5065 NISSAN CM87 UD Дизель,11,2237,Дизель,D-126096,Москва
2025-12-28 14:11:01,Трос КПП D-126104 / ME693371 / FK618 GC M03 L=3230mm Дизель,2,5104,Дизель,D-126104,Москва
2025-12-28 14:11:01,Трос КПП D-126108 / 8-98202-902-1 / 4CT3217 ISUZU ELF NQR90 3200mm Дизель,1,1178,Дизель,D-126108,Москва
2025-12-28 14:11:01,Трос КПП D-126112 / 8-98090-396-4 / 4CT2674 / 1709G63 FSR90 LHD 3150mm Дизель,3,1604,Дизель,D-126112,Москва
2025-12-28 14:11:01,Трос КПП D-126114 / 33820-37M10 / 4RT2057 HINO 300 2960mm Дизель,5,1264,Дизель,D-126114,Москва
2025-12-28 14:11:01,Трос КПП D-126119 / 33820-37862 GC T01 L=3230mm Дизель,2,3681,Дизель,D-126119,Москва
2025-12-28 14:11:01,Трос КПП D-126127 / 8-97088-190-0 GC IS03 NPR Дизель,2,3425,Дизель,D-126127,Москва
2025-12-28 14:11:01,Трос КПП D-126129 / ME693369 FUSO GC M02 5T 3150mm Дизель,1,3006,Дизель,D-126129,Москва
2025-12-28 14:11:01,Трос КПП D-126130 / 34560-30Z67 GC N03 Дизель,1,2636,Дизель,D-126130,Москва
2025-12-28 14:11:01,Трос КПП D-126131 / 34413-6T500 / QD32 GC N05 L=2470mm Дизель,1,7181,Дизель,D-126131,Москва
2025-12-28 14:11:01,Трос КПП D-126133 / 1-33660-297-1 ISUZU FRD/FRR 85~ L=2968mm Дизель,2,2466,Дизель,D-126133,Москва
2025-12-28 14:11:01,Трос КПП D-126134 / 1-33660-298-1 ISUZU FRD/FRR 85~ L=2970mm Дизель,1,1559,Дизель,D-126134,Москва
2025-12-28 14:11:01,Трос КПП D-126135 / 8-97088-195-0 ISUZU ELF 4BD1/BD2/T L=3080mm Дизель,2,2956,Дизель,D-126135,Москва
2025-12-28 14:11:01,Трос КПП D-127741 / 1703200LE790 JAC N90 Дизель,1,2038,Дизель,D-127741,Москва
2025-12-28 14:11:01,Трос КПП D-127825 / 4AT0419 / W207-46-510C MAZDA TITAN 4WGLAT/WGFAT Дизель,8,1241,Дизель,D-127825,Москва
2025-12-28 14:11:01,Трос КПП D-127826 / 4AT1019 / W383-46-510C MAZDA TITAN Дизель,1,1272,Дизель,D-127826,Москва
2025-12-28 14:11:01,Трос КПП D-127828 / 4UT1190 / 34560-30Z68 NISSAN UD Дизель,1,1396,Дизель,D-127828,Москва
2025-12-28 14:11:01,Трос КПП D-129672 / GC IS01 universal 2715mm Дизель,2,4158,Дизель,D-129672,Москва
2025-12-28 14:11:01,Трос КПП D-129673 / GC IS02 universal 2815mm Дизель,2,3055,Дизель,D-129673,Москва
2025-12-28 14:11:01,Трос КПП D-129674 / GC IS3170 ISUZU FORWARD 3170mm Дизель,1,2160,Дизель,D-129674,Москва
2025-12-28 14:11:01,Трос КПП D-129675 / GC MZ01 universal 2460mm Дизель,1,2636,Дизель,D-129675,Москва
2025-12-28 14:11:01,Трос КПП D-129677 / GC N04/GC N03 3150mm Дизель,2,2567,Дизель,D-129677,Москва
2025-12-28 14:11:01,Трос КПП D-129678 / 8-97030-585-1 ISUZU ELF 2650mm Дизель,3,2059,Дизель,D-129678,Москва
2025-12-28 14:11:01,Трос КПП GC IS04 / D-126099 / 1-33670-288-0/4CT1180 3180mm Дизель,1,6214,Дизель,D-126099,Москва
2025-12-28 14:11:01,Трос КПП GC IS05 / D-126093 / 8-97035-756-4/8-97065-166-4 NKR/NPR Дизель,2,2991,Дизель,D-126093,Москва
2025-12-28 14:11:01,Трос КПП ISUZU 4CT3217/8-98202-902-1 L=3200 ELF NQR90 TSK,1,6796,TSK,4CT3217,Москва
2025-12-28 14:11:01,Трос КПП ISUZU D-126125 / 8-97089-986-3/4 NKR/NHR LHD 94~ L=2540 Дизель,2,1933,Дизель,D-126125,Москва
2025-12-28 14:11:01,Трос КПП ML241249 L=2413 Fuso Canter TF ORIG,6,26634,Mitsubishi,ML241249,Москва
2025-12-28 14:11:01,Трос КПП TOYOTA D-126138 / 33820-0W012 BU3#/WU30#/ZXU3# 02~ Дизель,2,2718,Дизель,D-126138,Москва
2025-12-28 14:11:01,Трос КПП TOYOTA D-128173 / 4TT1154 / 33820-37141 BU12# Дизель,1,1320,Дизель,D-128173,Москва
2025-12-28 14:11:01,Трос остановки двигателя D-127851 / 78403-1620A HINO FD/GD16#/16T#/17#/SD/FT17# 83~ Дизель,1,758,Дизель,D-127851,Москва
2025-12-28 14:11:01,Трос остановки двигателя HINO 78018-1220 FH22#/FN/GN/FR/FS/FW/SH27# 85~,3,1098,Дизель,78018-1220,Москва
2025-12-28 14:11:01,Трос остановки двигателя HINO D-128174 / 4RZ1133 /S7801-82772/78018-2772 FD1j FD2j 2230mm Дизель,1,821,Дизель,D-128174,Москва
2025-12-28 14:11:01,Трос отбора мощности D-129680 / L-1000 Дизель,1,1052,Дизель,D-129680,Москва
2025-12-28 14:11:01,Трос отбора мощности D-129681 / L-1200 Дизель,2,1842,Дизель,D-129681,Москва
2025-12-28 14:11:01,Трос отбора мощности D-129682 / L-1500 Дизель,5,1230,Дизель,D-129682,Москва
2025-12-28 14:11:01,Трос отбора мощности D-129685 / L-2200 Дизель,4,1285,Дизель,D-129685,Москва
2025-12-28 14:11:01,Трос отбора мощности D-129686 / L-2500 Дизель,2,1420,Дизель,D-129686,Москва
2025-12-28 14:11:01,Трос отбора мощности D-129688 / L-3000 Дизель,1,1551,Дизель,D-129688,Москва
2025-12-28 14:11:01,Трос отбора мощности D-129689 / L-3200 / UU Дизель,1,1716,Дизель,D-129689,Москва
2025-12-28 14:11:01,Трос отбора мощности D-129691 / L-3800 Дизель,2,2101,Дизель,D-129691,Москва
2025-12-28 14:11:01,Трос отбора мощности D-129693 / L-4200 Дизель,2,1399,Дизель,D-129693,Москва
2025-12-28 14:11:01,Трос отбора мощности D-129696 / L-5000 Дизель,23,2006,Дизель,D-129696,Москва
2025-12-28 14:11:01,Трос отбора мощности D-129697 / L-5200 Дизель,2,1632,Дизель,D-129697,Москва
2025-12-28 14:11:01,Трос отбора мощности D-129698 / L-5300 Дизель,2,3526,Дизель,D-129698,Москва
2025-12-28 14:11:01,Трос отбора мощности D-129699 / L-5500 Дизель,2,2277,Дизель,D-129699,Москва
2025-12-28 14:11:01,Трос отбора мощности D-129700 / L-5800 Дизель,1,1446,Дизель,D-129700,Москва
2025-12-28 14:11:01,Трос отбора мощности D-129701 / L-6000 Дизель,1,2590,Дизель,D-129701,Москва
2025-12-28 14:11:01,Трос отбора мощности D-129702 / PTO1-A-40 L-4000 Дизель,1,2961,Дизель,D-129702,Москва
2025-12-28 14:11:01,Трос переключения передач 8-97350-436-0/4CT2023 TSK,3,3291,TSK,4CT2023,Москва
2025-12-28 14:11:01,Трос переключения передач 8-98146-825-1/4CT2525 NLR85/NMR85 ORIG,4,8530,Isuzu,8-98146-825-1,Москва
2025-12-28 14:11:01,Трос переключения передач D-126111/8-98146-848-0/8-97350-435-1/4CT2022 Дизель,6,1604,Дизель,D-126111,Москва
2025-12-28 14:11:01,Трос ручного тормоза 46420-E0J50/4RB2246 №2 HINO 500 FD/GD8J TSK,1,4745,TSK,4RB2246,Москва
2025-12-28 14:11:01,Трос ручного тормоза D-126089 / 4NB1026 /36531-3T101 Nissan F23 2040mm Дизель,3,1018,Дизель,D-126089,Москва
2025-12-28 14:11:01,Трос ручного тормоза D-126090 / MC125132 / MK399484 / 9VB9012 HBC M03 FE516/637/648 2900mm Дизель,2,2044,Дизель,D-126090,Москва
2025-12-28 14:11:01,Трос ручного тормоза D-126091 / 9CB8016 / 8-97063-113-6/2/3/4/5 ISUZU NPR/NQR 94-98 Дизель,4,969,Дизель,D-126091,Москва
2025-12-28 14:11:01,Трос ручного тормоза D-126097 / 4RB1157 / S4640-21973B HBC H02 4445mm Дизель,1,2706,Дизель,D-126097,Москва
2025-12-28 14:11:01,Трос ручного тормоза D-126098 / 1-46151-391-0 / 1-46151-391-5 ISUZU GIGA CVS/CVR 89-00 5360mm Дизель,2,3421,Дизель,D-126098,Москва
2025-12-28 14:11:01,Трос ручного тормоза D-126101 / MC416954 / HBC102 / 4GB0405 2915mm Дизель,1,3795,Дизель,D-126101,Москва
2025-12-28 14:11:01,Трос ручного тормоза D-126122 / 1-46151-585-3 / 4CB1185 HBC IS04 4300mm Дизель,3,3802,Дизель,D-126122,Москва
2025-12-28 14:11:01,Трос ручного тормоза D-126126 / 1-79996-197-6 HBC 105 CXH 4700мм Дизель,1,3764,Дизель,D-126126,Москва
2025-12-28 14:11:01,Трос ручного тормоза D-126143 / MC117384 / HBC M05 / 4GB1787 3351mm FG# Дизель,2,1667,Дизель,D-126143,Москва
2025-12-28 14:11:01,Трос ручного тормоза D-126144 / 36150-01Z65 / HBC101 Дизель,2,3219,Дизель,D-126144,Москва
2025-12-28 14:11:01,Трос ручного тормоза D-126145 / 46401-6071A 4750mm HINO FS/NS27#/SD/GD/FT17# 83~ Дизель,1,2376,Дизель,D-126145,Москва
2025-12-28 14:11:01,Трос ручного тормоза D-126146 / 46401-7960A HINO FR/FP27#/2K#/FS/NS27#/FS/FR33# 85~ ! Дизель,2,2834,Дизель,D-126146,Москва
2025-12-28 14:11:01,Трос ручного тормоза D-126147 / 78405-2570A HINO FH/FN/FR/FS/FW 85~ 2800mm Дизель,2,1039,Дизель,D-126147,Москва
2025-12-28 14:11:01,Трос ручного тормоза D-126148 / 8-94110-318-6 3100mm ISUZU/ELF NKR LHD 84-95` Дизель,2,700,Дизель,D-126148,Москва
2025-12-28 14:11:01,Трос ручного тормоза D-128175/4UB1033/36402-0T003 Nissan H41 Дизель,1,1133,Дизель,D-128175,Москва
2025-12-28 14:11:01,Трос ручного тормоза D-129703 / HBC IS03 /1461513391/4CB1184 ISUZU GIGA CXM Дизель,2,3995,Дизель,D-129703,Москва
2025-12-28 14:11:01,Трос ручного тормоза HBC M02 D-126141 / MC039833/4GB0573 MMC FU/FV 5100mm Дизель,1,3196,Дизель,D-126141,Москва
2025-12-28 14:11:01,Трос ручного тормоза HBC M04 D-126142 / MB334240 FG# 3108mm Дизель,1,1547,Дизель,D-126142,Москва
2025-12-28 14:11:01,Трос ручного тормоза ISUZU 4CB1185/ 1-46151-585-3/IS04 F-series 90-93 TSK,1,9642,TSK,4CB1185,Москва
2025-12-28 14:11:01,Трос ручного тормоза ISUZU 9CB8016/8-97063-113-6/2/3/4/5 NPR/NQR 94-98 TSK,8,3193,TSK,9CB8016,Москва
2025-12-28 14:11:01,Трос ручного тормоза ISUZU D-126121 / 1-79996-343-3 CXM/CXZ 96~ LHD шпил-ухо 5540mm Дизель,2,2306,Дизель,D-126121,Москва
2025-12-28 14:11:01,Трос ручного тормоза ISUZU D-126149 / 8-97045-841-0 ELF NPR 90-95 2900mm Дизель,2,1807,Дизель,D-126149,Москва
2025-12-28 14:11:01,Трос ручного тормоза ISUZU D-128176/9CB8078/8-97063-114-6/2/3/4/5 NPR/NQR 94-98 Дизель,1,1044,Дизель,D-128176,Москва
2025-12-28 14:11:01,Трос ручного тормоза MAZDA 4RB0853 D-126086 /BM711-60807/W220-44-160 940mm Дизель,2,844,Дизель,D-126086,Москва
2025-12-28 14:11:01,Трос ручного тормоза MMC D-129704 / MB390960 FB431/FE331/431/441 2240mm LHD Дизель,1,836,Дизель,D-129704,Москва
2025-12-28 14:11:01,Трос ручного тормоза MMC D-129705 / MC022656-9F30 8DC9 FV413 Дизель,2,2112,Дизель,D-129705,Москва
2025-12-28 14:11:01,Трос ручного тормоза NISSAN D-128178 / 4RB1184 / BN840-60702 / 36450-0T301 ATLAS H413 Дизель,1,913,Дизель,D-128178,Москва
2025-12-28 14:11:01,Трос спидометра D-126105 / 83710-0W010 / 0W030 TOYOTA BU3#/WU30#/34#/XZU3# 02~ Дизель,2,2052,Дизель,D-126105,Москва
2025-12-28 14:11:01,Трос спидометра D-126150 / 1-83124-133-0 L=400 ISUZU FRR/FSR/FTR RHD/LHD 96~ Дизель,2,390,Дизель,D-126150,Москва
2025-12-28 14:11:01,Трос спидометра D-126151 / MH011054 L=6950 MMC MS713/15/16/25/26 RHD Дизель,2,744,Дизель,D-126151,Москва
2025-12-28 14:11:01,Трос спидометра D-127334 / SC35 3500mm 3.8mm Дизель,6,972,Дизель,D-127334,Москва
2025-12-28 14:11:01,Трос спидометра D-127335 / SC40 4000mm 3.8mm Дизель,3,1133,Дизель,D-127335,Москва
2025-12-28 14:11:01,Трос спидометра D-127336 / SC42 4200mm 3.8mm Дизель,6,1065,Дизель,D-127336,Москва
2025-12-28 14:11:01,Трос спидометра D-127337 / SC45 4500mm 3.8mm Дизель,5,1069,Дизель,D-127337,Москва
2025-12-28 14:11:01,Трос спидометра D-129706 / SC50 5000mm 3.8mm Дизель,2,1196,Дизель,D-129706,Москва
2025-12-28 14:11:01,Трос спидометра D-129707 / SC55 5500mm 3.8mm Дизель,2,986,Дизель,D-129707,Москва
2025-12-28 14:11:01,Трос спидометра D-129708 / SC60 6000mm 3.8mm Дизель,2,1114,Дизель,D-129708,Москва
2025-12-28 14:11:01,Трос спидометра MMC 9VI0030/MH011212 Canter FK4# TSK,2,2593,TSK,9VI0030,Москва
2025-12-28 14:11:01,Трос спидометра MMC 9VI0039/MB302691 Canter FG538G/FE507(N1) L=750mm TSK,1,708,TSK,9VI0039,Москва
2025-12-28 14:11:01,Трос стоячного тормоза 3508400U1510 JAC ORIG,1,1280,JAC,3508400U1510,Москва
2025-12-28 14:11:01,Трос стоячного тормоза D-127830/8-97350-534-0/9СB8144 Дизель,5,818,Дизель,D-127830,Москва
2025-12-28 14:11:01,Тросик КПП WG9725240008/2 Howo,1,462,Howo,WG9725240008/2,Москва
2025-12-28 14:11:01,Тросик КПП WG9725240113/2 Howo,2,314,Howo,WG9725240113/2,Москва
2025-12-28 14:11:01,Труба впускного коллектора 8-97041-721-1 ORIG,2,8418,Isuzu,8-97041-721-1,Москва
2025-12-28 14:11:01,Трубка 200V06302-0642 HOWO T5G,1,1881,Дизель,200V06302-0642,Москва
2025-12-28 14:11:01,Трубка 202V09411-0870 HOWO T5G,1,4852,Дизель,202V09411-0870,Москва
2025-12-28 14:11:01,Трубка блока масл фильтра D-126790 / 200V98182-0091 HOWO T5G Дизель,1,341,Дизель,D-126790,Москва
2025-12-28 14:11:01,Трубка водяной помпы 8-94396-180-0 N-series,1,1160,Дизель,8-94396-180-0,Москва
2025-12-28 14:11:01,Трубка возвратная компрессора D-129709 / 3509020A614-0435 FAW Дизель,3,2561,Дизель,D-129709,Москва
2025-12-28 14:11:01,Трубка воздушного компрессора D-126514 / 3509050-M50-0000 FAW Дизель,1,1262,Дизель,D-126514,Москва
2025-12-28 14:11:01,Трубка впускная компрессора D-129710 / 3509030A671-0382 FAW Дизель,10,663,Дизель,D-129710,Москва
2025-12-28 14:11:01,Трубка впускная компрессора D-129711 / 3509050-29D FAW Дизель,10,1146,Дизель,D-129711,Москва
2025-12-28 14:11:01,Трубка вставная 200V98182-0026 HOWO T5G,2,1016,Дизель,200V98182-0026,Москва
2025-12-28 14:11:01,Трубка гидравлическая 1042060FD020 JAC N35 ORIG,1,2786,JAC,1042060FD020,Москва
2025-12-28 14:11:01,Трубка компрессора 612640030025 JAC N350 WP10 E-5 (NON-GENUINE),1,1793,Дизель,612640030025,Москва
2025-12-28 14:11:01,Трубка компрессора D-126008 / 612600130326 JAC N350 WP10 E-5 Дизель,1,1057,Дизель,D-126008,Москва
2025-12-28 14:11:01,Трубка компрессора D-126009 / 612600130759 JAC N350 WP10 E-5 Дизель,1,1397,Дизель,D-126009,Москва
2025-12-28 14:11:01,Трубка кондиционера ML254752 Fuso Canter ORIG,10,10026,Mitsubishi,ML254752,Москва
2025-12-28 14:11:01,Трубка масляная 200V01802-5573 HOWO T5G,2,1881,Дизель,200V01802-5573,Москва
2025-12-28 14:11:01,Трубка масляная 200V05701-0374 HOWO T5G,1,812,Дизель,200V05701-0374,Москва
2025-12-28 14:11:01,Трубка масляная 200V98182-0092 HOWO T5G,1,464,Дизель,200V98182-0092,Москва
2025-12-28 14:11:01,Трубка масляная D-126011 / 612630040254 JAC N350 WP10 E-5 Дизель,1,745,Дизель,D-126011,Москва
2025-12-28 14:11:01,Трубка обратки турбины D-129712 / 1118080A263 FAW Дизель,2,1493,Дизель,D-129712,Москва
2025-12-28 14:11:01,Трубка ОЖ 202V06303-5846 HOWO T5G,2,638,Дизель,202V06303-5846,Москва
2025-12-28 14:11:01,Трубка охлажд. жидкости металл 200V06303-5534 HOWO T5G,2,464,Дизель,200V06303-5534,Москва
2025-12-28 14:11:01,"Трубка пластиковая PA11 12x1,5мм A0009872827 / 0492519146/986012 Mercedes ориг !",2,79,JMC,A0009872827,Москва
2025-12-28 14:11:01,Трубка подачи масла 081V057035593 HOWO ORIG,10,1551,Howo,081V057035593,Москва
2025-12-28 14:11:01,Трубка подачи масла в турбину 201V05702-2913 HOWO T5G MC11,2,762,Дизель,201V05702-2913,Москва
2025-12-28 14:11:01,Трубка подачи масла на турбину VG1560070010 (H),2,274,Howo,VG1560070010,Москва
2025-12-28 14:11:01,Трубка подачи топлива ТНВД 8-97312-509-3 4HК1 ORIG,1,3641,Isuzu,8973125093,Москва
2025-12-28 14:11:01,Трубка топливная (обратка) 8-98203-705-1/8-98203-705-0/8-94391-311-0 F-series 6HK1 ORIG,1,5726,Isuzu,8-98203-705-1,Москва
2025-12-28 14:11:01,Трубка топливная (обратка) D-129714 / 61500080095 HOWO Дизель,1,909,Дизель,D-129714,Москва
2025-12-28 14:11:01,Трубка топливная (подача) 5568155 JAC N120/Камаз Cummins ISF3.8 Е-5,4,2396,Дизель,5568155,Москва
2025-12-28 14:11:01,Трубка топливная 1 цилиндра 8-98203-719-0 4JJ ORIG,1,2754,Isuzu,8-98203-719-0,Москва
2025-12-28 14:11:01,Трубка топливная 1042150FD020 JAC N35 ORIG,1,973,JAC,1042150FD020,Москва
2025-12-28 14:11:01,Трубка топливная 1042160FD020 JAC N35 ORIG,1,1459,JAC,1042160FD020,Москва
2025-12-28 14:11:01,Трубка топливная 1042180FD020 JAC N35 ORIG,1,5013,JAC,1042180FD020,Москва
2025-12-28 14:11:01,Трубка топливная 2 цилиндра 8-98203-720-0 4JJ ORIG,3,2756,Isuzu,8982037200,Москва
2025-12-28 14:11:01,Трубка топливная 200V12305-5298 HOWO T5G,1,551,Дизель,200V12305-5298,Москва
2025-12-28 14:11:01,Трубка топливная 200V12305-5364 HOWO T5G,1,975,Дизель,200V12305-5364,Москва
2025-12-28 14:11:01,Трубка топливная 202V12304-5837 HOWO T5G,1,2286,Дизель,202V12304-5837,Москва
2025-12-28 14:11:01,Трубка топливная 3 цилиндра 8-98203-721-0 4JJ ORIG,5,2581,Isuzu,8-98203-721-0,Москва
2025-12-28 14:11:01,Трубка топливная 5 цилиндра 8-98185-366-0/8-98038-939-0/8-98298-615-0 F-series 6HK1 E-4 ORIG,2,2463,Isuzu,8-98185-366-0,Москва
2025-12-28 14:11:01,"Трубка топливная 8-98298-606-0 F,N-series ORIG",3,2678,Isuzu,8-98298-606-0,Москва
2025-12-28 14:11:01,"Трубка топливная 8-98298-608-0 F,N-series ORIG",4,2167,Isuzu,8-98298-608-0,Москва
2025-12-28 14:11:01,Трубка топливная MK647145 Fuso Canter TF E-5 ORIG,11,13099,Mitsubishi,MK647145,Москва
2025-12-28 14:11:01,Трубка топливная к форсунке №1 8-97628-190-1 C-series 6WG1 ORIG,1,6032,Isuzu,8-97628-190-1,Москва
2025-12-28 14:11:01,Трубка топливная к форсунке №2 8-97628-191-1 C-series 6WG1 ORIG,1,6098,Isuzu,8-97628-191-1,Москва
2025-12-28 14:11:01,"Трубка топливная к форсунке №3 8-97601-771-3 ZX270, ZX330 6HK1 ORIG",1,4046,Isuzu,8-97601-771-3,Москва
2025-12-28 14:11:01,Трубка топливная к форсунке №3 8-97628-192-1 C-series 6WG1 ORIG,1,6032,Isuzu,8-97628-192-1,Москва
2025-12-28 14:11:01,Трубка топливная к форсунке №3 8-98185-364-0/8-98271-209-0//8-97648-575-0/8-98298-613-0 4HK/6HK1 F-Series ORIG,2,2424,Isuzu,8-98271-209-0,Москва
2025-12-28 14:11:01,Трубка топливная к форсунке №4 8-97628-193-1 C-series 6WG1 ORIG,1,6098,Isuzu,8-97628-193-1,Москва
2025-12-28 14:11:01,Трубка топливная к форсунке №4 8-98185-347-0/8-98271-205-0/8-98298-609-0/8-97648-571 4HK1 NPR75 ORIG,1,2927,Isuzu,8-98271-205-0,Москва
2025-12-28 14:11:01,Трубка топливная к форсунке №5 8-97628-194-1 C-series 6WG1 ORIG,1,6032,Isuzu,8-97628-194-1,Москва
2025-12-28 14:11:01,Трубка топливная к форсунке №6 8-97628-195-1 C-series 6WG1 ORIG,1,6098,Isuzu,8-97628-195-1,Москва
2025-12-28 14:11:01,"Трубка тормозная заднего колеса 8-97191-702-0 NLR/NMR 55,85 ORIG",5,664,Isuzu,8-97191-702-0,Москва
2025-12-28 14:11:01,Трубка тормозной системы 58812-7HA00 / 58812-7MA00 HYUNDAI ORIG,2,19656,Hyundai-Kia,58812-7HA00,Москва
2025-12-28 14:11:01,Трубка турбины маслоотводящая 8-97606-205-3 FVR34 ORIG,7,12610,Isuzu,8-97606-205-3,Москва
2025-12-28 14:11:01,Трубка турбины маслянная 8-98172-661-0 4HK FSR90 ORIG,7,13868,Isuzu,8-98172-661-0,Москва
2025-12-28 14:11:01,Трубка форсунки 8-97209-493-1 ORIG,1,1565,Isuzu,8-97209-493-1,Москва
2025-12-28 14:11:01,Трубка форсунки D-125249 / 8-97209-494-1 ISUZU Дизель,2,954,Дизель,D-125249,Москва
2025-12-28 14:11:01,Трубка форсунки D-125250 / 8-97209-493-1 ISUZU Дизель,5,972,Дизель,D-125250,Москва
2025-12-28 14:11:01,Трубопровод охлажд. жидкости 201V06303-5831 HOWO T5G,5,928,Дизель,201V06303-5831,Москва
2025-12-28 14:11:01,Трубопровод ПГУ D-129717 / 1602200-71B/AL01 J6 3250 FAW Дизель,1,1236,Дизель,D-129717,Москва
2025-12-28 14:11:01,Туманка MMC FUSO '08-10 214-2046L-AEN !,4,2932,Depo,214-2046L-AEN,Москва
2025-12-28 14:11:01,Туманка MMC FUSO '08-10 214-2046R-AEN !,2,2932,Depo,214-2046R-AEN,Москва
2025-12-28 14:11:01,Туманка MMC FUSO FIGHTER (желтая) '92-'96 214-2008L-U !,1,2234,Depo,214-2008L-U,Москва
2025-12-28 14:11:01,Туманка TOYOTA DYNA / TOYOACE / HIACE '99-'06 212-2021R-U-Y !,2,1655,Depo,212-2021R-U-Y,Москва
2025-12-28 14:11:01,Турбокомпрессор 082V09100-7586 HOWO ORIG,2,55415,CNHTC,082V09100-7586,Москва
2025-12-28 14:11:01,Турбокомпрессор 1-14400-374-2/1-14400-374-3 6WF1-T CYZ51/CXZ ORIG,2,245340,Isuzu,1-14400-374-3,Москва
2025-12-28 14:11:01,"Турбокомпрессор 1-14400-425-5 6WG1 C,E-series ORIG",1,368375,Isuzu,1-14400-425-5,Москва
2025-12-28 14:11:01,Турбокомпрессор 1-14400-438-0 6HK1-T IHI JAPAN !,1,46929,IHI,1-14400-438-0,Москва
2025-12-28 14:11:01,Турбокомпрессор 1-14400-457-7 6WG1 C-series ORIG,1,290916,Isuzu,1-14400-457-7,Москва
2025-12-28 14:11:01,Турбокомпрессор 1000859795 JAC N350 ORIG,1,63045,JAC,1000859795,Москва
2025-12-28 14:11:01,Турбокомпрессор 1044100FD020 JAC N35 ORIG,1,101173,JAC,1044100FD020,Москва
2025-12-28 14:11:01,Турбокомпрессор 14201-96563 PE6T !,1,69861,Yamasida,14201-96563,Москва
2025-12-28 14:11:01,Турбокомпрессор 4JJ1 8-98097-686-0 ORIG,1,165683,Isuzu,8-98097-686-1,Москва
2025-12-28 14:11:01,Турбокомпрессор 8-98083-041-2/8-98083-041-4 4JJ1 E-5 N-series ORIG,1,180516,Isuzu,8-98083-041-4,Москва
2025-12-28 14:11:01,Турбокомпрессор 8-98244-269-0 F-series 6HK1-T ORIG,7,239582,Isuzu,8-98244-269-0,Москва
2025-12-28 14:11:01,"Турбокомпрессор D-125409 / 8-98027-772-5 без актуатора E4/5 NN/NP/NQR,NQR75/90 4HK1-T Дизель",2,47042,Дизель,D-125409,Москва
2025-12-28 14:11:01,Турбокомпрессор D-127027 / 28230-45500/49178-03160 D4DB HD657278 Дизель,1,19119,Дизель,D-127027,Москва
2025-12-28 14:11:01,Турбокомпрессор D-127029 / S1760-E0M40 E13C HINO 700 Дизель,3,186209,Дизель,D-127029,Москва
2025-12-28 14:11:01,Турбокомпрессор D-127339/17201-E0441/732409-0041/732409-0022/732409-5024 HINO300 евро3 Дизель,1,18142,Дизель,D-127339,Москва
2025-12-28 14:11:01,Турбокомпрессор D-127340/17201-E0A40 J08E-T 24100-3251/479016-0002/S2410-03251 Дизель,1,26825,Дизель,D-127340,Москва
2025-12-28 14:11:01,Турбокомпрессор D-127793 / 28230-41720 / 28230-41730 / 7083370001 / 7083375002S / TCR1720 Дизель,3,18755,Дизель,D-127793,Москва
2025-12-28 14:11:01,Турбокомпрессор D-127794/28230-45100/4917803129/28230-45500/TC0931 D4DB HD657278 Turbo Дизель,4,16889,Дизель,D-127794,Москва
2025-12-28 14:11:01,Турбокомпрессор D-128315 / 202V09100-7830 SITRAK C7H Дизель,2,36442,Дизель,D-128315,Москва
2025-12-28 14:11:01,Турбокомпрессор D-129055 / 1118010АМ01-074А FAW J6 CA6DM2 Дизель,1,23692,Дизель,D-129055,Москва
2025-12-28 14:11:01,Турбокомпрессор D-129718 / 1118010-22E-C00 FAW CA6DL Дизель,1,27719,Дизель,D-129718,Москва
2025-12-28 14:11:01,Турбокомпрессор D-129719 / 1118010-36D FAW CA6DL2 Дизель,2,27665,Дизель,D-129719,Москва
2025-12-28 14:11:01,Турбокомпрессор D4AL 28230-41720 County HD6572/78 !,1,51966,Garrett,708337-5001S,Москва
2025-12-28 14:11:01,Турбокомпрессор HOL4032106 Holset !,1,47488,Holset,4032106,Москва
2025-12-28 14:11:01,Турбокомпрессор HX50W Iveco 4033106 Holset !,1,69575,Holset,4033106,Москва
2025-12-28 14:11:01,Тяга AZ9925522175 / AZ9925521175 Sitrak C7H ORIG,5,9799,Howo,AZ9925522175,Москва
2025-12-28 14:11:01,Тяга V-образная AZ9925522272 Sitrak C7H ORIG,5,25743,Howo,AZ9925522272,Москва
2025-12-28 14:11:01,Тяга кабины 1-53458-343-0 CYZ51K EURO3 6WF1 ORIG,2,5600,Isuzu,1-53458-343-0,Москва
2025-12-28 14:11:01,Тяга кронштейна зеркала 8-98063-784-2 RH NPR75/NQR90 ORIG,2,2969,Isuzu,8-98063-784-2,Москва
2025-12-28 14:11:01,Тяга кулака поворотного D-126016 / AK30031115GJH JAC N350 Дизель,1,5936,Дизель,D-126016,Москва
2025-12-28 14:11:01,Тяга поперечная 8-98105-064-0 CYZ52 (без наконечников) ORIG,2,23533,Isuzu,8-98105-064-0,Москва
2025-12-28 14:11:01,Тяга поперечная AZ9738430018 HOWO Дизель,5,3575,Дизель,AZ9738430018,Москва
2025-12-28 14:11:01,Тяга поперечная D-128247 / MK384728 MMC FUSO CANTER FD85 Дизель,2,4877,Дизель,D-128247,Москва
2025-12-28 14:11:01,Тяга поперечная D-128506 / 8-97107-318-1 / 8-976-008-0 / 8-97022-226-0 ISUZU NKR `90~ Дизель,10,2299,Дизель,D-128506,Москва
2025-12-28 14:11:01,"Тяга поперечная D-128719 / AZ9112430003 L=1560, наконечники M20 HOWO Дизель",3,3572,Дизель,D-128719,Москва
2025-12-28 14:11:01,Тяга поперечная ISUZU 8-97107-318-1/8-976-008-0/8-97022-226-0 NKR `90~ Y,4,3296,Yamasida,8-97107-318-1,Москва
2025-12-28 14:11:01,Тяга привода стеклоотчистителя MK580576 Fuso Canter TF E-5 ORIG,1,29506,Mitsubishi,MK580576,Москва
2025-12-28 14:11:01,Тяга продольная 3003600LE032 N80 с 2020 JAC ORIG,1,6072,JAC,3003600LE032,Москва
2025-12-28 14:11:01,Тяга продольная 8-97107-323-0 / 8-97107-323-1 NKR/NHR 93-03 ORIG,1,7855,Isuzu,8-97107-323-1,Москва
2025-12-28 14:11:01,Тяга продольная D-127816 / 1-44380-307-2/0/1 LHD ISUZU FVM/FVR34 08~ Дизель,72,4990,Дизель,D-127816,Москва
2025-12-28 14:11:01,Тяга продольная D-128275 / HINO 45440-6370 FD# 5t `89-'92 Дизель,5,5211,Дизель,D-128275,Москва
2025-12-28 14:11:01,Тяга продольная D-128276 / MMC MC090944 MC064247 MMC FUSO FK617 Дизель,16,5211,Дизель,D-128276,Москва
2025-12-28 14:11:01,Тяга продольная D-128444 / 3003010-87A/B FAW J6 Дизель,2,3201,Дизель,D-128444,Москва
2025-12-28 14:11:01,Тяга продольная D-128499 / 56810-5L000 HYUNDAI HD35/65/75/78 Дизель,12,4514,Дизель,D-128499,Москва
2025-12-28 14:11:01,Тяга продольная HINO 45440-E0A00 LHD HINO 500 GH8 CH,1,17019,Chase,45440-E0A00,Москва
2025-12-28 14:11:01,"Тяга продольная ISUZU 1-44380-133-0 FSR32,33 96~ CH !",1,6924,Chase,1-44380-133-0,Москва
2025-12-28 14:11:01,Тяга продольная ISUZU 1-44380-151-0 CXZ81 левый руль CH !,1,5335,Chase,1-44380-151-0,Москва
2025-12-28 14:11:01,Тяга продольная ISUZU 1-44380-307-2 LHD FVM/FVR34 08~ CH,1,20592,Chase,1-44380-307-2,Москва
2025-12-28 14:11:01,Тяга продольная ISUZU 8-97022-228-3 NPR/NKR/NKR71L Y,1,3078,Yamasida,8-97022-228-3,Москва
2025-12-28 14:11:01,Тяга продольная ISUZU 8-97222-506-0 NPR#/NQR левый руль CH !,3,6350,Chase,8-97222-506-0,Москва
2025-12-28 14:11:01,Тяга продольная MAZDA WA01-32-970A T3000-T4500 84~ CH !,1,3225,Chase,WA01-32-970A,Москва
2025-12-28 14:11:01,Тяга продольная MMC MC081462 MMC CANTER FS50J/KFS525 02~ RHD CH !,1,9336,Chase,MC081462,Москва
2025-12-28 14:11:01,Тяга продольная MMC MC121718 FE6# CH,1,9295,Chase,MC121718,Москва
2025-12-28 14:11:01,Тяга продольная MMC MC121719 MITSUBISHI FE647/FE659 6.5T/7.7T CH !,1,6472,Chase,MC121719,Москва
2025-12-28 14:11:01,Тяга продольная MMC MC121903/MH-CR17-LHD-RK Canter FB511 96~ CH !,2,5974,Chase,MC121903,Москва
2025-12-28 14:11:01,"Тяга продольная MMC MC573888 FUSO FV418, FV419 '97~ FP4# CH",2,8611,Chase,MC573888,Москва
2025-12-28 14:11:01,"Тяга продольная TOYOTA 45440-29235/TY-CR12-RHD DYNA 150,LY/YY1#2# 00~ Y",1,8268,Yamasida,45440-29235,Москва
2025-12-28 14:11:01,Тяга продольная передняя верхняя AZ9731430020 Howo/,1,2480,Howo,AZ9731430020,Москва
2025-12-28 14:11:01,Тяга реактивная 13592919010/462869 /A3753500106 / A9483502405 Mercedes/ROSTAR,2,9647,Rostar,13592919010,Москва
2025-12-28 14:11:01,Тяга реактивная D-128018 / 1-51511-659-0 L=550 C/F series Дизель,4,7343,Дизель,D-128018,Москва
2025-12-28 14:11:01,Тяга реактивная D-128080 / 1-51511-660-0 L=555 C/F series Дизель,1,7286,Дизель,D-128080,Москва
2025-12-28 14:11:01,Тяга реактивная D-128469 / DZ91259525274 L=610 SHAANXI Дизель,3,4198,Дизель,D-128469,Москва
2025-12-28 14:11:01,Тяга реактивная D-129724 / AZ9631523175 HOWO Дизель,1,5181,Дизель,D-129724,Москва
2025-12-28 14:11:01,Тяга реактивная V-образная D-128472 / AZ9725521272/AZ9925521272/1502-2919012-10 HOWO Дизель,7,8965,Дизель,D-128472,Москва
2025-12-28 14:11:01,Тяга реактивная V-образная D-129725 / 2919015-260-1 / 2919005-260 D=110 H=75 FAW Дизель,2,11456,Дизель,D-129725,Москва
2025-12-28 14:11:01,Тяга реактивная верхняя D-126792 / 55550-Y307005 JAC N350 Дизель,1,12175,Дизель,D-126792,Москва
2025-12-28 14:11:01,Тяга реактивная верхняя в сборе AZ9631521174 Howo/,2,3389,Howo,AZ9631521174,Москва
2025-12-28 14:11:01,Тяга реактивная нижняя задняя D-126793/2919020-260/1380-2919010-40 FAW Дизель,1,5823,Дизель,D-126793,Москва
2025-12-28 14:11:01,Тяга реактивная нижняя передняя D-126794/2919010-260/1380-2919010-30 FAW Дизель,2,5823,Дизель,D-126794,Москва
2025-12-28 14:11:01,Тяга реактивная нижняя прямая в сборе 199114520038 Howo,2,2519,Howo,199114520038,Москва
2025-12-28 14:11:01,Тяга реактивная прямая верхняя L=587 AZ9631521175/1352-2919010 HOWO,2,5376,Дизель,AZ9631521175,Москва
2025-12-28 14:11:01,Тяга рулевая 3401110U8510-F03 JAC ORIG,4,1414,JAC,3401110U8510-F03,Москва
2025-12-28 14:11:01,Тяга рулевая MMC MC092281/MC081152 SP7800-REA-092 MMC FB50#/FE50# (рейка) Y,1,1610,Yamasida,MC092281,Москва
2025-12-28 14:11:01,Тяга рулевая поперечная 9070900111/A9443301703 / 2399701 / MNDL7834 /10294/21310 Mercedes/Europart !,2,16137,Europart,9070900111,Москва
2025-12-28 14:11:01,Тяга рулевая поперечная A9493301603 / A9493300703 / 2399001 Europart !,1,17836,Lemforder,2399001,Москва
2025-12-28 14:11:01,Тяга рулевая поперечная D-128020 / 1-43151-154-0 L=158см RHD/LHD Дизель,1,4841,Дизель,D-128020,Москва
2025-12-28 14:11:01,Тяга рулевая поперечная NISSAN 48510-2T025 ATLAS F22# F23# Y,2,3131,Yamasida,48510-2T025,Москва
2025-12-28 14:11:01,Тяга рулевая продольная 3003600LE090 N120 JAC ORIG,6,6125,JAC,3003600LE090,Москва
2025-12-28 14:11:01,Тяга рулевая продольная 41215165/954061 L=959mm EMMERRE !,1,7901,Emmerre,954061,Москва
2025-12-28 14:11:01,Тяга рулевая продольная 525 мм 9079991428 / A0004603605 Mercedes/Europart,2,45058,Europart,9079991428,Москва
2025-12-28 14:11:01,Тяга рулевая продольная 752W466110004/AZ963143000750 HOWO ORIG,14,9008,Howo,752W466110004,Москва
2025-12-28 14:11:01,Тяга рулевая продольная 8-98006-794-2 ISUZU NPR75 01~ SKV,54,3264,SKV,8-98006-794-1,Москва
2025-12-28 14:11:01,Тяга рулевая продольная 885 мм 9070001005/A0034604005 / A0024605205/2795401/462878/26883/ 05.020.1911.550 Mercedes/ Europart,2,4632,Europart,9070001005,Москва
2025-12-28 14:11:01,Тяга рулевая продольная D-126630 / AZ962543006298 Sitrak C7H Дизель,1,4472,Дизель,D-126630,Москва
2025-12-28 14:11:01,Тяга рулевая продольная D-128359 / WG9925430050 SITRAK Дизель,4,3696,Дизель,D-128359,Москва
2025-12-28 14:11:01,Тяга рулевая продольная D-128360 / WG9931437020 SITRAK Дизель,5,4044,Дизель,D-128360,Москва
2025-12-28 14:11:01,Тяга рулевая продольная D-128361 / WG9931437030 SITRAK Дизель,4,4639,Дизель,D-128361,Москва
2025-12-28 14:11:01,Тяга рулевая продольная D-128362 / WG9931437040 SITRAK Дизель,3,3598,Дизель,D-128362,Москва
2025-12-28 14:11:01,Тяга рулевая продольная ISUZU 8-98022-072-0 LHD NLR55/NLR85/NMR55/85 10~ Y,3,7076,Yamasida,8-98022-072-0,Москва
2025-12-28 14:11:01,Тяга рулевая продольная L=895mm 462769/A0024604605 /A0034605005/9070025721/05.020.1911.690 Mercedes/Templin,2,3824,Templin,05.020.1911.690,Москва
2025-12-28 14:11:01,Тяга рулевая продольная L=895mm 462769/A0024604605 /A0034605005/05.020.1911.690 DieselTechnic,2,5741,Diesel Technic,4.62769,Москва
2025-12-28 14:11:01,Тяга рулевая продольная LHD 1-44380-151-1 ISUZU SKV,2,3662,SKV,1-44380-151-1,Москва
2025-12-28 14:11:01,Тяга рулевая продольная LHD 1-44380-287-0 ISUZU CXZ/CYZ/CYL 05~ SKV,17,5391,SKV,1-44380-287-0,Москва
2025-12-28 14:11:01,Тяга рулевая продольная W023-32-970 MAZDA-RHD WGL# Y,2,13155,Yamasida,W023-32-970,Москва
2025-12-28 14:11:01,Тяга стабилизатора 2916020LE357 JAC ORIG,9,561,JAC,2916020LE357,Москва
2025-12-28 14:11:01,Указатель поворота (в крыло) L/R D-127924 / 3726030A109 FAW J6 Дизель,1,293,Дизель,D-127924,Москва
2025-12-28 14:11:01,Указатель поворота (на двери)лев D-125730/8-97410-181-3/2 NPR75/NLR85/NMR85/NQR90/FSR90/FVR34 Дизель,2,413,Дизель,D-125730,Москва
2025-12-28 14:11:01,Указатель поворота D-127342 / 92303-7M001 HYUNDAI HD270 D6CA Дизель,4,429,Дизель,D-127342,Москва
2025-12-28 14:11:01,Указатель поворота LH 92301-56001 HD78/65 ORIG,4,2480,Hyundai-Kia,92301-56001,Москва
2025-12-28 14:11:01,Указатель поворота LH 92301-6A100 HD120 (K) дефект,4,1215,Дизель,92301-6A100,Москва
2025-12-28 14:11:01,Указатель поворота LH D-126332 / 92301-7A000 HD170 Дизель,1,2036,Дизель,D-126332,Москва
2025-12-28 14:11:01,Указатель поворота RH 92302-6A100 HD120 (K) дефект,2,1215,Дизель,92302-6A100,Москва
2025-12-28 14:11:01,Указатель поворота RH D-126336 / 92302-7A000 HD170 Дизель,1,2036,Дизель,D-126336,Москва
2025-12-28 14:11:01,Указатель поворота лев 92303-7A700 JAC N200/350 (NON-GENUINE),1,435,Noname,92303-7A700,Москва
2025-12-28 14:11:01,"Указатель поворота левый, дверь D-12523 / 8-97410-181-3/2 NPR75/NLR85/NMR85/NQR90/FSR90/FVR34 Дизель",10,466,Дизель,D-125223,Москва
2025-12-28 14:11:01,Указатель поворота прав D-126020 / 92304-7A700 JAC N200/350 Дизель,1,482,Дизель,D-126020,Москва
2025-12-28 14:11:01,Уплотнение (прокладка) резиновое 1-76798-019-0 OD=25 BLACK ORIG,2,121,Isuzu,1-76798-019-0,Москва
2025-12-28 14:11:01,Уплотнение A0179979448 Mercedes ориг !,1,158,Mercedes,A 017 997 94 48,Москва
2025-12-28 14:11:01,Уплотнение вала /Сальник 762830/A0159977547 / 8029336980 Mercedes/Elring !,2,1318,Elring,762.830,Москва
2025-12-28 14:11:01,Уплотнение термостата 201V06904-0049 HOWO T5G,2,107,Дизель,201V06904-0049,Москва
2025-12-28 14:11:01,Уплотнит кольцо балансира (компл.2шт) 1614130062 (Н),2,105,Дизель,1614130062,Москва
2025-12-28 14:11:01,Уплотнитель воздуховода 8-98047-430-0 N-series ORIG,1,269,Isuzu,8-98047-430-0,Москва
2025-12-28 14:11:01,Уплотнитель двери нижний 8-98022-739-1 ORIG,1,4059,Isuzu,8-98022-739-1,Москва
2025-12-28 14:11:01,"Уплотнитель диффузора 8-98006-478-0 F,N-series ORIG",2,4382,Isuzu,8-98006-478-0,Москва
2025-12-28 14:11:01,"Уплотнитель кронштейна дуги левого зеркала 8-98031-797-0 N,F-series ORIG",1,598,Isuzu,8-98031-797-0,Москва
2025-12-28 14:11:01,"Уплотнитель кронштейна дуги правого зеркала 8-98031-796-0 N,F-series ORIG",1,573,Isuzu,8-98031-796-0,Москва
2025-12-28 14:11:01,Уплотнитель лобового стекла 8-98029-078-1/7-55212-930-0 ORIG,10,4474,Isuzu,8980290781,Москва
2025-12-28 14:11:01,Уплотнитель лобового стекла 86112-5H002 Hyundai HD72 ORIG,1,4409,Hyundai-Kia,86112-5H002,Москва
2025-12-28 14:11:01,Уплотнитель облицовки двери 8-98022-741-1 N-series ORIG,4,2791,Isuzu,8-98022-741-1,Москва
2025-12-28 14:11:01,Уплотнитель панели кузова LH 8-98028-750-3 N-series ORIG,1,993,Isuzu,8-98028-750-3,Москва
2025-12-28 14:11:01,Уплотнитель стекла двери наруж LH 8-98029-193-1 NLR85/NPR75/NQR90/FVR34 ORIG,11,2787,Isuzu,8-98029-193-1,Москва
2025-12-28 14:11:01,Уплотнитель стекла заднего 87129-5H000 HYUNDAI HD65/72/78 ORIG,6,1158,Hyundai-Kia,87129-5H000,Москва
2025-12-28 14:11:01,Уплотнитель стекла левой двери 81513-5H002 Hyundai HD65/72/78 ORIG,1,2440,Hyundai-Kia,81513-5H002,Москва
2025-12-28 14:11:01,Уплотнительное кольцо 420682/A0129973647 / A0129973747 Mercedes/DieselTechnic !,2,176,JMC,420682,Москва
2025-12-28 14:11:01,Уплотнительное кольцо D-129823 / MQ6-56631-0110 HOWO T5G Дизель,4,90,Дизель,D-129823,Москва
2025-12-28 14:11:01,Уплотнительное кольцо D-129824 / MQ6-56936-2423 HOWO T5G Дизель,2,230,Дизель,D-129824,Москва
2025-12-28 14:11:01,Уплотнительное кольцо D-129825 / MQ6-56939-0079 HOWO T5G Дизель,2,257,Дизель,D-129825,Москва
2025-12-28 14:11:01,Уплотнительное кольцо фильтра сапуна MK667060 Fuso Canter TF ORIG,103,827,Mitsubishi,MK667060,Москва
2025-12-28 14:11:01,Упор D-126022 / ГБЦ 61200040027 JAC N350 WP10 E-5 Дизель,4,454,Дизель,D-126022,Москва
2025-12-28 14:11:01,Фара D-126337 / 219-1107L-LD-EC / 88150-E0022 / 81150-E0023 HINO 500/700 RANGER PROFIA Дизель,1,4184,Дизель,D-126337,Москва
2025-12-28 14:11:01,Фара D-126344 / 214-1178LXRD-E MMC FUSO CANTER F#(6...8)# '05 Дизель,3,3516,Дизель,D-126344,Москва
2025-12-28 14:11:01,Фара D-129729 / 214-1178RXRD-E MMC FUSO CANTER Дизель,2,3907,Дизель,D-129729,Москва
2025-12-28 14:11:01,Фара HINO '90-'94 219-1104L-LD(желтая) Е (белая) (K),9,3696,Дизель,219-1104L-LD,Москва
2025-12-28 14:11:01,Фара HINO RANGER Y630 '94-'98 D-126341 / 219-1105R-LD Дизель,1,3265,Дизель,D-126341,Москва
2025-12-28 14:11:01,Фара ISUZU ELF NKR81 '04 213-1136L-LD-EB !,6,2835,Depo,213-1136L-LD-EB,Москва
2025-12-28 14:11:01,Фара ISUZU ELF NKR81 '04 213-1136R-LD-EB !,1,2835,Depo,213-1136R-LD-EB,Москва
2025-12-28 14:11:01,Фара L 214-1178L-LD-EM /c кор-м FUSO CANTER FE85 LHD D-128116/MK353635/MK353647/MK353627 Дизель,1,3874,Дизель,D-128116,Москва
2025-12-28 14:11:01,Фара L D-126338 / 21211A8LLDE / 81170-37170 HINO300 E3 DUTRO/TOYOTA/DYNA/TOYOACE Дизель,2,5672,Дизель,D-126338,Москва
2025-12-28 14:11:01,Фара L D-127030 / 2655842 / 2379890 / HL-SC008L Scania Дизель,3,29148,Дизель,D-127030,Москва
2025-12-28 14:11:01,Фара L D-127195 / 8-98241-315-0 (с эл. корректором) FVR34/CYZ52 Дизель,2,3428,Дизель,D-127195,Москва
2025-12-28 14:11:01,Фара L D-127347 / 92101-7A101 HYUNDAI HD170/250 Дизель,1,5100,Дизель,D-127347,Москва
2025-12-28 14:11:01,Фара L D-128179 / WG9925721011 HOWO Дизель,1,7750,Дизель,D-128179,Москва
2025-12-28 14:11:01,Фара L D-128445 / 3711015-59A/C / 3711015-50A FAW J6 4180/4250 Дизель,1,4897,Дизель,D-128445,Москва
2025-12-28 14:11:01,Фара L D-129104 / 663-1106L-LD-ME / 5532663110 / 505731 IVECO ALFAR '03 Дизель,1,6452,Дизель,D-129104,Москва
2025-12-28 14:11:01,Фара MMC FUSO CANTER F#(6...8)# '05 214-11A6R-LD-EM !,1,7250,Depo,214-11A6R-LD-EM,Москва
2025-12-28 14:11:01,Фара MMC FUSO CANTER F#(6...8)# '05 D-128117/214-1178R-LD-EM Дизель,2,3194,Дизель,D-128117,Москва
2025-12-28 14:11:01,"Фара R D-126340 / K21211W5R / 81110-37440 / 81130-37430 / 81130-37400 HINO300, TOYOTA Euro-4 Дизель",1,6522,Дизель,D-126340,Москва
2025-12-28 14:11:01,Фара R D-126357 / 92102-8D200 HYUNDAI UNIVERSE Дизель,1,18725,Дизель,D-126357,Москва
2025-12-28 14:11:01,Фара R D-127031 / 2655843/2379894/HL-SC008R Scania Дизель,3,29148,Дизель,D-127031,Москва
2025-12-28 14:11:01,Фара R D-128118 / 8-97372-528-5 / 8-97376-897-2 / 8-98053-917-0 / 8-97372-523-5 Дизель,1,2118,Дизель,D-128118,Москва
2025-12-28 14:11:01,"Фара R D-128122 / 219-1107R-MLDEMC / 81110-E0092/E0093/E0890 с электрокорректором HINO500,700 Дизель",1,4804,Дизель,D-128122,Москва
2025-12-28 14:11:01,Фара R D-128180 / WG9925721012 HOWO Дизель,1,7750,Дизель,D-128180,Москва
2025-12-28 14:11:01,Фара R D-128701 / 3711020A6K9 FAW Дизель,2,5472,Дизель,D-128701,Москва
2025-12-28 14:11:01,Фара R D-128876 / 1-82119-212-0 с электрокорректором ISUZU Дизель,2,5420,Дизель,D-128876,Москва
2025-12-28 14:11:01,Фара левая 1732509 Scania (K),1,3040,Дизель,1732509,Москва
2025-12-28 14:11:01,Фара левая D-126349 / 92101-5H000 HD45/HD72 Дизель,1,2025,Дизель,D-126349,Москва
2025-12-28 14:11:01,Фара левая D-129730 / 3711015A6K9 FAW Дизель,1,5605,Дизель,D-129730,Москва
2025-12-28 14:11:01,Фара левая с механической регулировкой Actros ||| 08 505685 /A9438201461 AYFAR !,1,12617,Ayfar,505685,Москва
2025-12-28 14:11:01,Фара передняя R (не линза) D-127925 / WG9719720002 HOWO Дизель,1,2673,Дизель,D-127925,Москва
2025-12-28 14:11:01,Фара правая 4121920LE190 N56 JAC ORIG,1,9387,JAC,4121920LE190,Москва
2025-12-28 14:11:01,Фара правая D-126354 / 92102-5H000 HD45/HD72 Дизель,1,1781,Дизель,D-126354,Москва
2025-12-28 14:11:01,Фара правая MB Actros 68361/A9438200261 / 505585 / SA5A0060 Mercedes/Auger !,1,4121,Auger,68361,Москва
2025-12-28 14:11:01,Фара правая с механической регулировкой Actros ||| 08 505684/A9438201561 AYFAR !,1,13233,Ayfar,505684,Москва
2025-12-28 14:11:01,Фара противотуманная (круглая) 92201-56001 Hyundai HD72/78 ORIG,2,3355,Hyundai-Kia,92201-56001,Москва
2025-12-28 14:11:01,Фара противотуманная 92201-4B000 H100 Porter. !,3,1529,Дизель,92201-4B000,Москва
2025-12-28 14:11:01,Фара противотуманная D-126358 / 92201-4B000 12V H100 Porter Дизель,19,634,Дизель,D-126358,Москва
2025-12-28 14:11:01,Фара противотуманная D-129733 / 213-2020L-AE IZ ELF NLR85 07-L Дизель,2,1723,Дизель,D-129733,Москва
2025-12-28 14:11:01,Фара противотуманная HY H100/PORTER 221-2020R-UE !,1,984,Depo,221-2020R-UE,Москва
2025-12-28 14:11:01,"Фара противотуманная L 8-98218-599-1 N,F-series ORIG",2,14458,Isuzu,8-98218-599-1,Москва
2025-12-28 14:11:01,Фара противотуманная L D-126360 / 8-98149-144-0 / 8-97378-909-1 / 8-98232-059-0 Дизель,2,1909,Дизель,D-126360,Москва
2025-12-28 14:11:01,Фара противотуманная L D-126363 / 92201-7C000 HYUNDAI HD270 D6CA Дизель,2,3143,Дизель,D-126363,Москва
2025-12-28 14:11:01,Фара противотуманная L D-127644 / 4118910LE170 N75/90 JAC Дизель,1,1187,Дизель,D-127644,Москва
2025-12-28 14:11:01,Фара противотуманная L D-128877 / 8-98047-053-1 / 8-98047-053-2 Дизель,2,3191,Дизель,D-128877,Москва
2025-12-28 14:11:01,Фара противотуманная LH 92201-6B000 Hyundai HD120 ORIG,1,4568,Hyundai-Kia,92201-6B000,Москва
2025-12-28 14:11:01,"Фара противотуманная R 8-98218-598-1 N,F-series ORIG",3,14458,Isuzu,8-98218-598-1,Москва
2025-12-28 14:11:01,Фара противотуманная R D-125406 / 8-98047-052-1 / 8-98047-052-2 Дизель,3,3270,Дизель,D-125406,Москва
2025-12-28 14:11:01,Фара противотуманная R D-126365 / 92202-6A000 HYUNDAI HD120 Дизель,1,2419,Дизель,D-126365,Москва
2025-12-28 14:11:01,Фара противотуманная R D-127645 / 4118920LE170 N75/90 JAC Дизель,1,1187,Дизель,D-127645,Москва
2025-12-28 14:11:01,Фара противотуманная R D-128357 / 811W25320-6004 SITRAK Дизель,1,2760,Дизель,D-128357,Москва
2025-12-28 14:11:01,Фара противотуманная R D-129735 / 214-2043R-AE FUSO CANTER FE85 LHD / MK435072 Дизель,1,1825,Дизель,D-129735,Москва
2025-12-28 14:11:01,Фара противотуманная R D-129736 / WG9719720006 Howo Дизель,1,1219,Дизель,D-129736,Москва
2025-12-28 14:11:01,Фара противотуманная R с указатепем поворота D-125254 / 8-98238-625-0 FVR34/CYZ52 Дизель дефект,1,2101,Дизель,D-125254,Москва
2025-12-28 14:11:01,Фара противотуманная WG9925721010 HOWO ORIG,2,2760,CNHTC,WG9925721010,Москва
2025-12-28 14:11:01,"Фара противотуманная задняя 1-82110-477-0 C,F series ORIG",3,5951,Isuzu,1-82110-477-0,Москва
2025-12-28 14:11:01,Фара противотуманная левая D-126362 / 92201-6A000 HYUNDAI HD120 Дизель,2,2419,Дизель,D-126362,Москва
2025-12-28 14:11:01,Фара противотуманная левая D-128120 / 8-98238-626-0/8-98159-979-0/1/2 FVR34/CYZ52 Дизель,1,2168,Дизель,D-128120,Москва
2025-12-28 14:11:01,Фара противотуманная правая D-126364 / 92202-5H000 HD72 Дизель,1,940,Дизель,D-126364,Москва
2025-12-28 14:11:01,Фара противотуманная правая с указателем поворота 8-98238-625-0/8-98159-978-0/1/2 FVR34/CYZ52 (K),3,3172,Дизель,8-98238-625-0,Москва
2025-12-28 14:11:01,Фара рабочего света D-126635 / 712W25103-6001 круглая Sitrak C7H Дизель,1,1770,Дизель,D-126635,Москва
2025-12-28 14:11:01,Фартук переднего бампера нижний 2803102U1510 S5 JAC ORIG,3,1897,JAC,2803102U1510,Москва
2025-12-28 14:11:01,Фартук переднего бампера нижний 2803112U221G JAC S3 ORIG,3,3458,JAC,2803112U221G,Москва
2025-12-28 14:11:01,Фиксатор торсиона кабины RH 8-98006-455-1 N-series ORIG,2,2632,Isuzu,8-98006-455-1,Москва
2025-12-28 14:11:01,Фильтр (картридж) масловлагоотделителя D-129605 / HDS-011 / ME709603 / DR6 FUSO Дизель,4,1312,Дизель,D-129605,Москва
2025-12-28 14:11:01,Фильтр вентиляции картерных газов 8-97606-318-0 ORIG,7,1970,Isuzu,8976063180,Москва
2025-12-28 14:11:01,Фильтр вентиляции картерных газов 8-97606-318-0/1/2 F-series SKV,32,688,SKV,8-97606-318-0,Москва
2025-12-28 14:11:01,"Фильтр вентиляции картерных газов EFG-15010SKV/8-98002-346-0/ME224207 Isuzu F,N-series/MMC SKV",13,522,SKV,EFG-15010,Москва
2025-12-28 14:11:01,Фильтр воздушный (внутр) CF1820SKV Камаз 5490/6520 дв.OM457LA SKV,3,731,SKV,CF1820,Москва
2025-12-28 14:11:01,Фильтр воздушный (наруж) C301330SKV Камаз 5490/6520 дв.OM457LA SKV,7,1606,SKV,C301330,Москва
2025-12-28 14:11:01,Фильтр воздушный (наружн) RS3870SKV CASE/Caterpillar,2,2644,SKV,RS3870,Москва
2025-12-28 14:11:01,"Фильтр воздушный 1-14215-213-0/1-87610-166-0 C,E-series ORIG",2,22438,Isuzu,1-14215-213-0,Москва
2025-12-28 14:11:01,Фильтр воздушный 1-87610-113-1 Isuzu FSR90/FORWARD 4HK1 ORIG CHINA,3,3991,Isuzu,1-87610-113-1,Москва
2025-12-28 14:11:01,Фильтр воздушный 1-87610-114-1/8-98071-422-0 F-series 6HK1 ORIG CHINA,81,1392,Isuzu,1-87610-114-1,Москва
2025-12-28 14:11:01,Фильтр воздушный 110907076AASKV / 1109070-76A/A FAW SKV,31,1497,SKV,110907076AASKV,Москва
2025-12-28 14:11:01,Фильтр воздушный 1109100E898-2 JAC N56/75/90/120 КАМАЗ Компас-9/12 ORIG,126,2093,JAC,1109100E898-2,Москва
2025-12-28 14:11:01,Фильтр воздушный 1109130B5051 N56 E-5 ld308 JAC ORIG,9,2292,JAC,1109130B5051,Москва
2025-12-28 14:11:01,Фильтр воздушный 1109130B5051 N56 E-5 ld308 JAC SKV,5,972,SKV,1109130B5051,Москва
2025-12-28 14:11:01,Фильтр воздушный 1109140W5000 JAC N35/25 SKV,9,403,SKV,1109140W5000,Москва
2025-12-28 14:11:01,Фильтр воздушный 28000-Y3A20-1 N350 JAC ORIG,8,4752,JAC,28000-Y3A20-1,Москва
2025-12-28 14:11:01,Фильтр воздушный 28130-44000 / PAA-013 / YUMI-021 SKV,4,509,SKV,28130-44000,Москва
2025-12-28 14:11:01,Фильтр воздушный 28130-5H002 / 28130-5H001 / MAF023 / PAA-032 / YUMI-042 County/HD72 SKV,25,931,SKV,28130-5H002SKV,Москва
2025-12-28 14:11:01,Фильтр воздушный 28130-5M100 D4CC/D4GA HYUNDAI Mighty EX6/8/9 15- SKV,2,1038,SKV,28130-5M100,Москва
2025-12-28 14:11:01,Фильтр воздушный 2829529SKV \ 2490805 Scania SKV,21,6191,SKV,2829529SKV,Москва
2025-12-28 14:11:01,Фильтр воздушный 2829531SKV \ 2490807 Scania,106,1663,SKV,2829531SKV,Москва
2025-12-28 14:11:01,Фильтр воздушный 2996155/MF800/A800 Iveco SKV,3,2483,SKV,A800,Москва
2025-12-28 14:11:01,Фильтр воздушный 50014092 Iveco !,3,1648,Kolbenschmidt,4092-AP,Москва
2025-12-28 14:11:01,"Фильтр воздушный 8-97062-294-0/5-87610-020-0 4HK1/4JJ1 NQR71/75/NPR75/NLR/NMR55,85 ORIG CHINA",16,2124,Isuzu,5-87610-020-1,Москва
2025-12-28 14:11:01,Фильтр воздушный 8-98071-421-0/1-87610-113-1 Isuzu FSR90/FORWARD 4HK1 ORIG,9,6776,Isuzu,8-98071-421-0,Москва
2025-12-28 14:11:01,Фильтр воздушный 8-98071-422-0/1-87610-114-1 F-series 6HK1 ORIG,2,4775,Isuzu,8-98071-422-0,Москва
2025-12-28 14:11:01,Фильтр воздушный 81084050021SKV / RS4971 наружный MAN SKV,6,2713,SKV,81084050021SKV,Москва
2025-12-28 14:11:01,Фильтр воздушный 97164-5H000 HYUNDAI D4AL/D4DD HD72/78 ORIG,8,601,Hyundai-Kia,97164-5H000,Москва
2025-12-28 14:11:01,Фильтр воздушный A-1004 / A-1177 / 17801-78030/78020 HINO300 Е-3 ш/к N04C/J05D/S05 SKV,3,1073,SKV,A-1004,Москва
2025-12-28 14:11:01,Фильтр воздушный A-1016 17801-B1010,1,241,JMC,A-1016,Москва
2025-12-28 14:11:01,Фильтр воздушный A-1030 17801-38030,1,969,RB-exide,A-1030,Москва
2025-12-28 14:11:01,Фильтр воздушный A-181 17801-64060,2,303,JMC,A-181,Москва
2025-12-28 14:11:01,Фильтр воздушный A-348 MD620584,1,210,JMC,A-348,Москва
2025-12-28 14:11:01,Фильтр воздушный A581IN / 8-98071-424-0 / A-6037 ISUZU 6HK1/FVR34 SKV,42,921,SKV,A581IN,Москва
2025-12-28 14:11:01,Фильтр воздушный A-874 17220-PWC-000,1,205,JMC,A-874,Москва
2025-12-28 14:11:01,Фильтр воздушный A0040942404SKV Mercedes SKV,16,4228,SKV,A0040942404SKV,Москва
2025-12-28 14:11:01,Фильтр воздушный A0040943504 / RS5358 / 1485592 Mercedes SKV,14,2739,SKV,A0040943504SKV,Москва
2025-12-28 14:11:01,Фильтр воздушный A0632SKV/8-98183-797-0/1K08-23-603/ 4JJ1T N-series/Mazda Titan/Nissan Atlas SKV,53,1559,SKV,A0632,Москва
2025-12-28 14:11:01,Фильтр воздушный A136/17801-44070/17801-56020 HINO DUTRO/RANGER TOYOTA DYNA/TOYOACE SKV,14,481,SKV,A136,Москва
2025-12-28 14:11:01,Фильтр воздушный A143/17801-54050 TOYOTA DYNA/TOYOACE SKV,4,343,SKV,A143,Москва
2025-12-28 14:11:01,Фильтр воздушный A147/A-1112/17801-61020 HINO DUTRO/RANGER TOYOTA DYNA/TOYOACE SKV,8,444,SKV,A147,Москва
2025-12-28 14:11:01,Фильтр воздушный A161/17801-64070 TOYOTA SKV,7,238,SKV,A161,Москва
2025-12-28 14:11:01,Фильтр воздушный A184/A-1176/17801-67040 TOYOTA HIACE SKV,4,370,SKV,17801-67040,Москва
2025-12-28 14:11:01,Фильтр воздушный A190/A-1143/17801-78011 HINO DUTRO/RANGER SKV,6,438,SKV,17801-78011,Москва
2025-12-28 14:11:01,Фильтр воздушный A23371 / A371J / A-371J AZUMI,2,2295,Azumi,A371J,Москва
2025-12-28 14:11:01,Фильтр воздушный A24567 / A567 AZUMI,3,1760,Azumi,A24567,Москва
2025-12-28 14:11:01,Фильтр воздушный A26002IN/17801-3390 / A-1330 HINO 500 (22.5) E4 AZUMI,5,733,Azumi,A26002IN,Москва
2025-12-28 14:11:01,Фильтр воздушный A275V/A-1821/5-86102-602-0/16546-0T006 ISUZU ELF/NISSAN ATLAS/CONDOR SKV,1,494,SKV,A275V,Москва
2025-12-28 14:11:01,Фильтр воздушный A276 / 8-98071-421-0/1-87610-113-1 Isuzu FSR90/FORWARD 4HK1 SKV,4,935,SKV,A276,Москва
2025-12-28 14:11:01,Фильтр воздушный A282IN / A-1336M / 17801-3460 SKV,11,1199,SKV,A282IN,Москва
2025-12-28 14:11:01,Фильтр воздушный A283/A-6124M/16546-99600 NISSAN DIESEL UD SKV,4,1955,SKV,A283,Москва
2025-12-28 14:11:01,Фильтр воздушный A3002 / ME294400 / ME292262 / ME017242 SKV,2,823,SKV,A3002,Москва
2025-12-28 14:11:01,Фильтр воздушный A3003 / ME017246 / A1088 SKV,6,973,SKV,A3003,Москва
2025-12-28 14:11:01,Фильтр воздушный A330/A-1008/MB120389/1372-13-Z40 MAZDA TITAN/MMC CANTER SKV,1,433,SKV,A1008,Москва
2025-12-28 14:11:01,Фильтр воздушный A427/AS-1031/SLA1-13-Z40/MB120298 MAZDA TITAN/MMC CANTER SKV,53,592,SKV,A427,Москва
2025-12-28 14:11:01,Фильтр воздушный A444/A-1711/SL02-13-Z40 MAZDA TITAN SKV,3,605,SKV,A444,Москва
2025-12-28 14:11:01,Фильтр воздушный A5541S/A-0400/131-8902+131-8903 CATERPILLAR SKV,8,823,SKV,A5541S,Москва
2025-12-28 14:11:01,Фильтр воздушный A5562S / 6I2507 / A-5561 + A-5560 SKV !,7,2381,SKV,A-5562S,Москва
2025-12-28 14:11:01,Фильтр воздушный A566/1-14215-058-0/16546-96064/ME058741 ISUZU/NISSAN/MMC SKV,2,1675,SKV,A566,Москва
2025-12-28 14:11:01,Фильтр воздушный A581 / 8-98071-423-0 / A24581 ISUZU 6HK1/FVR34 SKV,63,1737,SKV,A581,Москва
2025-12-28 14:11:01,Фильтр воздушный A581SET / 8-98071-423-0+8-98071-424-0/А-6038S ISUZU 6HK1/FVR34 SKV,22,2260,SKV,A581SET,Москва
2025-12-28 14:11:01,Фильтр воздушный A610/A-1306/17220-4090 HINO RANGER SKV,40,706,SKV,A610,Москва
2025-12-28 14:11:01,"Фильтр воздушный A617 / A620 / 17801-2830 HINO, HINO 500, 700 SKV",1,1945,SKV,A617SKV,Москва
2025-12-28 14:11:01,Фильтр воздушный A621/A-1327/17801-2990 HINO RANGER SKV,1,878,SKV,A621,Москва
2025-12-28 14:11:01,Фильтр воздушный A7607/A271/16546-99203 Sakura,2,777,Sakura,A7607,Москва
2025-12-28 14:11:01,Фильтр воздушный A854 / 17220P72000,1,410,JMC,A854,Москва
2025-12-28 14:11:01,Фильтр воздушный A8602S/R140142270 + R20142280 KUBOTA SKV,1,609,SKV,A8602S,Москва
2025-12-28 14:11:01,Фильтр воздушный AF25289M,1,1513,JMC,AF25289M,Москва
2025-12-28 14:11:01,Фильтр воздушный CA5788 / 0072655 BALDWIN,4,8327,Baldwin,CA5788,Москва
2025-12-28 14:11:01,Фильтр воздушный CP50001SKV/C500041/A0040946804/A0040949204 MB Actros II/Arocs/Antos SKV,38,3585,SKV,CP50001,Москва
2025-12-28 14:11:01,Фильтр воздушный DA-0917 / 5801317097 IVECO Daily Дизель,3,945,Дизель,DA-0917,Москва
2025-12-28 14:11:01,Фильтр воздушный DA-1067 / A3002 / ME294400 / ME292262 / ME017242 Дизель,17,583,Дизель,DA-1067,Москва
2025-12-28 14:11:01,Фильтр воздушный DA-13570 / 17801-78110 / A26031 HINO 300 E4 Дизель,4,627,Дизель,DA-13570,Москва
2025-12-28 14:11:01,Фильтр воздушный DA-276 / 8-98071-421-0 / 1-87610-113-1 / A-276 4HK1 F-series Дизель,85,906,Дизель,DA-276,Москва
2025-12-28 14:11:01,Фильтр воздушный DA-3030 / ML242294 / ME422880 / 16546-HJ00B Fuso Canter E-5 Дизель,38,1680,Дизель,DA-3030,Москва
2025-12-28 14:11:01,Фильтр воздушный DA-370 / ME073160 / ME073821 / A-370 MMC Fuso Дизель,49,942,Дизель,DA-370,Москва
2025-12-28 14:11:01,Фильтр воздушный DA-581IN / 8-98071-424-0 / A-6037 6HK1/FVR34 Дизель,9,517,Дизель,DA-581IN,Москва
2025-12-28 14:11:01,Фильтр воздушный DA-6020M / 8-97062-294-0 / 5-87610-020-0 4HK1/4JJ1 N-series Дизель,88,556,Дизель,DA-6020M,Москва
2025-12-28 14:11:01,"Фильтр воздушный DA-6025SET / 1-87610-166-0+1-14215-220-0 (DA-6018+DA-6026) ISUZU C, E-series Дизель",34,3267,Дизель,DA-6025SET,Москва
2025-12-28 14:11:01,Фильтр воздушный DA-9324 / A-9324 / 1109140W5000 JAC N35/25 Дизель,1,841,Дизель,DA-9324,Москва
2025-12-28 14:11:01,Фильтр воздушный DK-2652PU / WG9X25190061/1 + WG9X25190062/1 / K2652PU Sitrak C7H Дизель,44,1813,Дизель,DK-2652PU,Москва
2025-12-28 14:11:01,Фильтр воздушный DK-2841-D / WG9725190102 / K2841 HOWO E-3 Дизель,2,1903,Дизель,DA-K2841,Москва
2025-12-28 14:11:01,Фильтр воздушный DK-2845 / 1109060-55A+1109070-55A / K2845 FAW Дизель,21,1705,Дизель,DK-2845,Москва
2025-12-28 14:11:01,Фильтр воздушный DK-2845-D / 2845J6 / 1109070-76A/A SET 3250/3310 FAW Дизель,14,1878,Дизель,DK-2845-D,Москва
2025-12-28 14:11:01,Фильтр воздушный DK-3050 / K3050 SHACMAN X3000 Дизель,91,1627,Дизель,DK-3050,Москва
2025-12-28 14:11:01,Фильтр воздушный DK-3250-D / K3250 / DZ9118190230-1 SHACMAN Дизель,8,1889,Дизель,DK-3250-D,Москва
2025-12-28 14:11:01,Фильтр воздушный DK-3252 / W400000695 SET / K3252 IVECO Дизель,2,2333,Дизель,DK-3252,Москва
2025-12-28 14:11:01,Фильтр воздушный DZ9112190328-1 / K3052 set SHACMAN WP12 SKV,4,2270,SKV,DZ9112190328-1SKV,Москва
2025-12-28 14:11:01,Фильтр воздушный ELP3726,2,407,JMC,ELP3726,Москва
2025-12-28 14:11:01,Фильтр воздушный F059264,1,2159,JMC,F059264,Москва
2025-12-28 14:11:01,Фильтр воздушный K3250/DZ9118190230-X set WP10 SKV,12,2384,SKV,DZ9118190230-X,Москва
2025-12-28 14:11:01,Фильтр воздушный LL1885 !,4,3890,Baldwin,LL1885,Москва
2025-12-28 14:11:01,Фильтр воздушный MD620508 / A347 Mitsubishi,4,107,JMC,МD620508,Москва
2025-12-28 14:11:01,Фильтр воздушный ML242294 Fuso Canter E-5 SKV,39,1727,SKV,ML242294,Москва
2025-12-28 14:11:01,Фильтр воздушный P182054/LL1681-FN/6424690 Donaldson,6,3230,Donaldson,P182054,Москва
2025-12-28 14:11:01,Фильтр воздушный P782109 / RS3999 Donaldson,1,5670,Donaldson,P782109,Москва
2025-12-28 14:11:01,Фильтр воздушный P821575 / 12.1.27.0169 / KSD1100 SuperSnow Donaldson,10,3524,Donaldson,P821575,Москва
2025-12-28 14:11:01,Фильтр воздушный P953330 Donaldson,6,5584,Donaldson,P953330,Москва
2025-12-28 14:11:01,Фильтр воздушный PA1704 !,7,556,Baldwin,PA1704,Москва
2025-12-28 14:11:01,Фильтр воздушный PA1893,2,2982,Baldwin,PA1893,Москва
2025-12-28 14:11:01,Фильтр воздушный PA1911,4,1055,Baldwin,PA1911,Москва
2025-12-28 14:11:01,Фильтр воздушный PA2419,2,986,Baldwin,PA2419,Москва
2025-12-28 14:11:01,Фильтр воздушный PA2664 / 600-182-3510 / 600-181-2500 BW !,7,3248,Baldwin,PA2664,Москва
2025-12-28 14:11:01,Фильтр воздушный PA2665 / 600-181-2450 / 600-182-3530 !,5,1661,Baldwin,PA2665,Москва
2025-12-28 14:11:01,Фильтр воздушный PA2788,5,3492,Baldwin,PA2788,Москва
2025-12-28 14:11:01,Фильтр воздушный PA2805 / C085004 Donaldson,2,3472,Donaldson,PA2805,Москва
2025-12-28 14:11:01,Фильтр воздушный PA2977-FN !,2,2141,Baldwin,PA2977-FN,Москва
2025-12-28 14:11:01,Фильтр воздушный PA3781,1,2391,Baldwin,PA3781,Москва
2025-12-28 14:11:01,Фильтр воздушный PA3939 / 4I1278 !,6,2486,Baldwin,PA3939,Москва
2025-12-28 14:11:01,Фильтр воздушный PA4372 !,5,826,Baldwin,PA4372,Москва
2025-12-28 14:11:01,Фильтр воздушный PA4912 / A0008301218 !,11,3129,Baldwin,PA4912,Москва
2025-12-28 14:11:01,Фильтр воздушный PA4955 / 81619100018 !,2,2045,Baldwin,PA4955,Москва
2025-12-28 14:11:01,Фильтр воздушный PA5327 PC12/10 !,7,1276,Baldwin,PA5327,Москва
2025-12-28 14:11:01,Фильтр воздушный PA5336 / 504024890 / 2995964 (салон) !,3,1308,Baldwin,PA5336,Москва
2025-12-28 14:11:01,Фильтр воздушный PA5364 / 2996155 BW,2,5857,Baldwin,PA5364,Москва
2025-12-28 14:11:01,Фильтр воздушный PA5365 / 41214149 / 2996157 внутр IVECO BW !,14,5696,Baldwin,PA5365,Москва
2025-12-28 14:11:01,Фильтр воздушный PA5365 / 41214149 / 2996157 внутр IVECO BW дефект,1,1760,Baldwin,PA5365,Москва
2025-12-28 14:11:01,Фильтр воздушный PA5512 !,8,1627,Baldwin,PA5512,Москва
2025-12-28 14:11:01,Фильтр воздушный PA5515 BALDWIN,7,4154,Baldwin,PA5515,Москва
2025-12-28 14:11:01,Фильтр воздушный PA5634 BALDWIN,2,2991,Baldwin,PA5634,Москва
2025-12-28 14:11:01,Фильтр воздушный PA7176SKV (для насосов и цистерн для перевозки бетона) SKV,12,313,SKV,PA7176SKV,Москва
2025-12-28 14:11:01,Фильтр воздушный RA6112/ A0040943504 Mercedes/Filter AG !,2,4245,Filter AG,RA6112,Москва
2025-12-28 14:11:01,Фильтр воздушный RS30065 KIT Bw,6,15071,Baldwin,RS30065KIT,Москва
2025-12-28 14:11:01,Фильтр воздушный RS3503,1,1722,Baldwin,RS3503,Москва
2025-12-28 14:11:01,Фильтр воздушный RS3509 / 6I0274 !,2,1720,Baldwin,RS3509,Москва
2025-12-28 14:11:01,Фильтр воздушный RS3511 !,3,2351,Baldwin,RS3511,Москва
2025-12-28 14:11:01,Фильтр воздушный RS3512 ! BW,7,4730,Baldwin,RS3512,Москва
2025-12-28 14:11:01,Фильтр воздушный RS3513 !,2,2490,Baldwin,RS3513,Москва
2025-12-28 14:11:01,Фильтр воздушный RS3513 !,2,2851,Baldwin,RS3513,Москва
2025-12-28 14:11:01,Фильтр воздушный RS3542 / 26510337 / 6666375,1,1526,Baldwin,RS3542,Москва
2025-12-28 14:11:01,Фильтр воздушный RS3545 / 77007056 !,3,935,Baldwin,RS3545,Москва
2025-12-28 14:11:01,Фильтр воздушный RS3700 !,1,3636,Baldwin,RS3700,Москва
2025-12-28 14:11:01,Фильтр воздушный RS3701 !,1,2542,Baldwin,RS3701,Москва
2025-12-28 14:11:01,Фильтр воздушный RS3717,4,1837,Baldwin,RS3717,Москва
2025-12-28 14:11:01,Фильтр воздушный RS3734 / F434072 / 7412732,4,2569,Baldwin,RS3734,Москва
2025-12-28 14:11:01,Фильтр воздушный RS3736,2,2342,Baldwin,RS3736,Москва
2025-12-28 14:11:01,Фильтр воздушный RS3737 BW,2,3212,Baldwin,RS3737,Москва
2025-12-28 14:11:01,Фильтр воздушный RS3745 / 7414300 !,4,1988,Baldwin,RS3745,Москва
2025-12-28 14:11:01,Фильтр воздушный RS3745 / F434395 !,2,1105,Baldwin,RS3745,Москва
2025-12-28 14:11:01,Фильтр воздушный RS3870 !,2,9019,Baldwin,RS3870,Москва
2025-12-28 14:11:01,Фильтр воздушный RS3870 / 7370955 Bw,2,4524,Baldwin,RS3870,Москва
2025-12-28 14:11:01,Фильтр воздушный RS3870 / 7370955 Bw дефект,2,1957,Baldwin,RS3870,Москва
2025-12-28 14:11:01,Фильтр воздушный RS3871 / 7370956 Bw !,3,2386,Baldwin,RS3871,Москва
2025-12-28 14:11:01,Фильтр воздушный RS3885 / АТ203470 / F052646 / 7412733 !,6,1311,Baldwin,RS3885,Москва
2025-12-28 14:11:01,Фильтр воздушный RS3921 !,2,1227,Baldwin,RS3921,Москва
2025-12-28 14:11:01,Фильтр воздушный RS3954 !,7,3172,Baldwin,RS3954,Москва
2025-12-28 14:11:01,Фильтр воздушный RS3996 / 2456375 / 0060161 Baldwin !,6,4816,Baldwin,RS3996,Москва
2025-12-28 14:11:01,Фильтр воздушный RS3997 / 2456376 / 0060251 Baldwin,6,2381,Baldwin,RS3997,Москва
2025-12-28 14:11:01,Фильтр воздушный RS5358 / A0040943504 / 1485592 Baldwin !,1,4704,Baldwin,RS5358,Москва
2025-12-28 14:11:01,Фильтр воздушный RS5358 / A0040943504 / 1485592 Baldwin дефект,1,3251,Baldwin,RS5358,Москва
2025-12-28 14:11:01,Фильтр воздушный RS5362 / A0040942404 Baldwin !,6,12091,Baldwin,RS5362,Москва
2025-12-28 14:11:01,Фильтр воздушный WG9X25190061 + WG9X25190062 / PU2752 Sitrak C7H (произв. Sinotruk) ORIG,25,3369,Howo,WG9X25190061 + WG9X25190062,Москва
2025-12-28 14:11:01,Фильтр воздушный А5613-S,1,9312,JMC,А5613-S,Москва
2025-12-28 14:11:01,Фильтр воздушный А8577,1,1241,JMC,А8577-S,Москва
2025-12-28 14:11:01,Фильтр воздушный в сборе 1109100LE17S01 N120 JAC ORIG,4,5348,JAC,1109100LE17S01,Москва
2025-12-28 14:11:01,Фильтр воздушный в сборе с корпусом DK-3052 / DZ9112190328-1 / K3052 SHACMAN WP12 Дизель,1,6582,Дизель,DK-3052,Москва
2025-12-28 14:11:01,Фильтр воздушный в сборе с корпусом DK-3250 / DZ9118190230-X WP10 Дизель,5,5506,Дизель,DK-3250,Москва
2025-12-28 14:11:01,Фильтр воздушный внешний 17801-3380SKV / A-1325 HINO 500 (22.5) E-4 SKV,18,1470,SKV,17801-3380,Москва
2025-12-28 14:11:01,Фильтр воздушный внешний 17801-E0130SKV HINO 700 E-5 SKV,3,2961,SKV,17801-E0130,Москва
2025-12-28 14:11:01,Фильтр воздушный внешний 710W08405-0032 SKV,10,947,SKV,710W08405-0032SKV,Москва
2025-12-28 14:11:01,Фильтр воздушный внешний DA-1325 / 17801-3380 HINO 500 22.5 E-4 Дизель,6,978,Дизель,DA-1325,Москва
2025-12-28 14:11:01,Фильтр воздушный внутр 710W08405-0017 Howo/Sitrak ORIG,427,1250,Howo,710W08405-0017,Москва
2025-12-28 14:11:01,Фильтр воздушный внутр 710W08405-0017 Howo/Sitrak SKV,8,568,SKV,710W08405-0017,Москва
2025-12-28 14:11:01,Фильтр воздушный внутр 710W08405-0017/0032 Howo/Sitrak SKV,85,1850,SKV,710W08405-0032,Москва
2025-12-28 14:11:01,Фильтр воздушный внутр AF880SKV / 4305m-01 CATERPILLAR/CUMMINS/KOMATSU/БЕЛАЗ SKV,1,1221,SKV,AF880,Москва
2025-12-28 14:11:01,Фильтр воздушный внутренний (огнеупорный) 2414659SKV Scania,20,1110,SKV,2414659SKV,Москва
2025-12-28 14:11:01,"Фильтр воздушный внутренний 1-14215-220-0 ISUZU C,E-series ORIG",1,9399,Isuzu,1-14215-220-0,Москва
2025-12-28 14:11:01,Фильтр воздушный внутренний 1109-03726IN YUTONG bus SKV,5,893,SKV,1109-03726IN,Москва
2025-12-28 14:11:01,Фильтр воздушный внутренний 17801-3390SKV / A-1330 HINO 500 (22.5) E4 SKV,19,669,SKV,17801-3390SKV,Москва
2025-12-28 14:11:01,Фильтр воздушный внутренний 17801-E0140SKV HINO 700 E-5 SKV,10,987,SKV,17801-E0140,Москва
2025-12-28 14:11:01,Фильтр воздушный внутренний 2996157 Iveco !,1,5613,Iveco,2996157,Москва
2025-12-28 14:11:01,Фильтр воздушный внутренний 87682999 / 1106331 NEW HOLLAND,2,1733,JMC,87682999,Москва
2025-12-28 14:11:01,"Фильтр воздушный внутренний A6026SKV / A6023 / 1-14215-220-0 ISUZU C,E-series SKV",14,1223,SKV,A6026,Москва
2025-12-28 14:11:01,"Фильтр воздушный внутренний DA-6026 / A6023 / 1-14215-220-0 ISUZU C,E-series Дизель",73,685,Дизель,DA-6026,Москва
2025-12-28 14:11:01,Фильтр воздушный внутренний P134354 / PA3689 / 600-181-1680 Donaldson,1,4276,Donaldson,P134354,Москва
2025-12-28 14:11:01,Фильтр воздушный внутренний SL5897,2,976,JMC,SL5897,Москва
2025-12-28 14:11:01,Фильтр воздушный компл 710W08405-0017+710W08405-0032 (WG9525195201/1) Howo/Sitrak ORIG,45,5849,Howo,710W08405-0017,Москва
2025-12-28 14:11:01,Фильтр воздушный кондиционера PA3613/421-07-12312 !,1,1449,Baldwin,PA3613,Москва
2025-12-28 14:11:01,Фильтр воздушный наруж WG9525195201/1 710W08405-0032 Howo/Sitrak ORIG,1218,3895,Howo,710W08405-0032,Москва
2025-12-28 14:11:01,Фильтр воздушный наружный (огнеупорный) 2414658 Scania SKV,97,3234,SKV,2414658SKV,Москва
2025-12-28 14:11:01,"Фильтр воздушный наружный 1-87610-166-0 / 1-87617-007-0/1 ISUZU C,E-series ORIG",2,13435,Isuzu,1-87610-166-0,Москва
2025-12-28 14:11:01,Фильтр воздушный наружный 1109-03726OUT YUTONG bus SKV,8,2968,SKV,1109-03726,Москва
2025-12-28 14:11:01,"Фильтр воздушный наружный A6018SKV / A281 / 1-87610-166-0 / 1-87617-007-0/1 ISUZU C,E-series SKV",3,2397,SKV,A6018,Москва
2025-12-28 14:11:01,"Фильтр воздушный наружный DA-6018 / A281 / 1-87610-166-0 / 1-87617-007-0/1 ISUZU C, E-series Дизель",3,2416,Дизель,DA-6018,Москва
2025-12-28 14:11:01,Фильтр воздушный наружный PA2478/600-181-4400 !,1,3663,Baldwin,PA2478,Москва
2025-12-28 14:11:01,Фильтр воздушный пикап 1109130P3040-AM001 T6 JAC ORIG,1,566,JAC,1109130P3040-AM001,Москва
2025-12-28 14:11:01,Фильтр гидравлический 1G8878 / BT8851-MPG YNY,7,1466,YNY,1G8878,Москва
2025-12-28 14:11:01,Фильтр гидравлический 1R0722 / PT83 YNY,4,967,YNY,1R0722,Москва
2025-12-28 14:11:01,Фильтр гидравлический 3222309848 / HY10333 Atlas Copco Epiroc BALDWIN,2,15492,Baldwin,3222309848,Москва
2025-12-28 14:11:01,Фильтр гидравлический BT8333/4I-3948,2,1859,Baldwin,BT8333,Москва
2025-12-28 14:11:01,Фильтр гидравлический BT8851-MPG / 1G8878 !,1,5243,Baldwin,BT8851-MPG,Москва
2025-12-28 14:11:01,Фильтр гидравлический BT8876-MPG / 04698884 BW,2,6997,Baldwin,BT8876-MPG,Москва
2025-12-28 14:11:01,Фильтр гидравлический BT8878-MPG !,2,6713,Baldwin,BT8878-MPG,Москва
2025-12-28 14:11:01,Фильтр гидравлический H-5504 SKV !,4,590,SKV,H-5504,Москва
2025-12-28 14:11:01,Фильтр гидравлический H-5510 SKV !,2,707,SKV,H-5510,Москва
2025-12-28 14:11:01,Фильтр гидравлический H-5639,2,1586,JMC,H-5639,Москва
2025-12-28 14:11:01,Фильтр гидравлический H9074 BW !,1,3252,Baldwin,H9074,Москва
2025-12-28 14:11:01,Фильтр гидравлический HF6162SKV/P550309/349619 DAF/IVECO/MAN/MERCEDES SKV,416,170,SKV,HF6162,Москва
2025-12-28 14:11:01,Фильтр гидравлический HY9790,2,1624,JMC,HY9790,Москва
2025-12-28 14:11:01,Фильтр гидравлический MB-PX654 / HF28894 Mn,2,1134,Monbow Filter,MB-PX654,Москва
2025-12-28 14:11:01,Фильтр гидравлический N9086 / AT112393 Caterpillar Ев,2,6508,JMC,N9086,Москва
2025-12-28 14:11:01,Фильтр гидравлический P164200 / PT189 DONALDSON,4,5546,Donaldson,P164200,Москва
2025-12-28 14:11:01,Фильтр гидравлический P557380 / PT539 Donaldson,2,3396,Donaldson,P557380,Москва
2025-12-28 14:11:01,Фильтр гидравлический P7145 !,3,1758,Baldwin,P7145,Москва
2025-12-28 14:11:01,Фильтр гидравлический P7188 / 0059057 / 0072974 / 69042849 Baldwin !,1,1317,Baldwin,P7188,Москва
2025-12-28 14:11:01,Фильтр гидравлический PT189-MPG !,2,1537,Baldwin,PT189-MPG,Москва
2025-12-28 14:11:01,Фильтр гидравлический PT23528-MPG Baldwin,2,2200,Baldwin,PT23528-MPG,Москва
2025-12-28 14:11:01,Фильтр гидравлический PT397 !,2,2460,Baldwin,PT397,Москва
2025-12-28 14:11:01,Фильтр гидравлический PT483 / 2474-9404A !,2,3539,Baldwin,PT483,Москва
2025-12-28 14:11:01,Фильтр гидравлический PT670 BW,2,1781,Baldwin,PT670,Москва
2025-12-28 14:11:01,Фильтр гидравлический PT83 !,2,1814,Baldwin,PT83,Москва
2025-12-28 14:11:01,Фильтр гидравлический PT8392 / 4294135 !,1,1093,Baldwin,PT8392,Москва
2025-12-28 14:11:01,Фильтр гидравлический PT8403-MPG / 132-8875 !,3,1610,Baldwin,PT8403-MPG,Москва
2025-12-28 14:11:01,Фильтр гидравлический PT8436/126-2081 !,2,3499,Baldwin,PT8436,Москва
2025-12-28 14:11:01,Фильтр гидравлический PT8455-MPG / F045827 !,2,4945,Baldwin,PT8455-MPG,Москва
2025-12-28 14:11:01,Фильтр гидравлический PT8461 BALDWIN,2,1043,Baldwin,PT8461,Москва
2025-12-28 14:11:01,Фильтр гидравлический PT8478/4333469/7063-01-383/2086-06-1150 !,2,6230,Baldwin,PT8478,Москва
2025-12-28 14:11:01,Фильтр гидравлический PT8971-MPG / 0061012 / 5044078 Baldwin !,2,10995,Baldwin,PT8971-MPG,Москва
2025-12-28 14:11:01,Фильтр гидравлический PT91 / 4T0522 Baldwin !,2,1039,Baldwin,PT91,Москва
2025-12-28 14:11:01,Фильтр гидравлический PT9245 !,2,8766,Baldwin,PT9245,Москва
2025-12-28 14:11:01,Фильтр гидравлический PT9337-MPG !,2,3030,Baldwin,PT9337-MPG,Москва
2025-12-28 14:11:01,Фильтр гидравлический PT9352 !,2,4646,Baldwin,PT9352,Москва
2025-12-28 14:11:01,Фильтр гидравлический PT9414-MPG / F058437 !,4,5851,Baldwin,PT9414-MPG,Москва
2025-12-28 14:11:01,Фильтр гидравлический PТ9162 !,2,1776,Baldwin,PT9162,Москва
2025-12-28 14:11:01,Фильтр гидравлический ВТ8333 !,1,1982,Baldwin,BT8333,Москва
2025-12-28 14:11:01,Фильтр гидравлический Н5610,2,414,JMC,Н5610,Москва
2025-12-28 14:11:01,Фильтр ГУР 5802512084 HONGYAN,2,518,Hongyan,5802512084,Москва
2025-12-28 14:11:01,Фильтр ГУР D-126028 / 3408511Y8010 JAC N350 Дизель,1,516,Дизель,D-126028,Москва
2025-12-28 14:11:01,Фильтр ГУР D-127559 / 712W47301-0133+001/1 без пружины Sitrak C7H Дизель,8,237,Дизель,D-127559,Москва
2025-12-28 14:11:01,Фильтр кабины 9020003855 / A0008301218 / AF55722 / AC9077T Mercedes/Europart !,2,2200,Europart,9020 003 855,Москва
2025-12-28 14:11:01,Фильтр кабины AC9077T/AF55722 /9020003855 / A0008301218 Mercedes/Filter AG,4,845,Filter AG,AC 9077 T,Москва
2025-12-28 14:11:01,Фильтр кабины AF55722 /9020003855 / A0008301218 / AC9077T Mercedes/Fleetguard,1,1940,Fleetguard,AF55722,Москва
2025-12-28 14:11:01,Фильтр кабины PA5636/PB7001 !,2,3019,Baldwin,PA5636,Москва
2025-12-28 14:11:01,Фильтр масляный (турбо) 1010210GD052 S5 (JAC) SKV,57,204,SKV,1010210GD052,Москва
2025-12-28 14:11:01,Фильтр масляный (турбо) 1010210GD052 S5 JAC ORIG,101,536,JAC,1010210GD052,Москва
2025-12-28 14:11:01,Фильтр масляный 080V05504-6096 HOWO ORIG,874,1804,Howo,080V05504-6096,Москва
2025-12-28 14:11:01,Фильтр масляный 1-13240-241-0/234-1/1-87610-059-0 ORIG CHINA,107,1485,Isuzu,1-87610-059-0,Москва
2025-12-28 14:11:01,Фильтр масляный 1-87610-057-0/8-97148-280-0 NPR/NQR LHD 96-98 4BD2 ORIG CHINA,21,1711,Isuzu,1-87610-057-0,Москва
2025-12-28 14:11:01,Фильтр масляный 1-87610-167-1/1-13240-233-0/217-0/ CX#/CY#/CV#/EX# O609 ORIG CHINA,24,1264,Isuzu,1-87610-167-1,Москва
2025-12-28 14:11:01,Фильтр масляный 1000424655 JAC N350 ORIG,20,3400,JAC,1000424655,Москва
2025-12-28 14:11:01,"Фильтр масляный 1010208GD190 S5, T6 (бенз.) JAC ORIG",5,793,JAC,1010208GD190,Москва
2025-12-28 14:11:01,Фильтр масляный 1010210GA N35 JAC ORIG,19,364,JAC,1010210GA,Москва
2025-12-28 14:11:01,Фильтр масляный 1010301FA N56 E-4 (JAC) SKV,23,217,SKV,1010301FA,Москва
2025-12-28 14:11:01,Фильтр масляный 1010301FA N56 E-4 JAC ORIG,4,781,JAC,1010301FA,Москва
2025-12-28 14:11:01,Фильтр масляный 1010320FD060-AM001 N35 W5038 JAC ORIG,64,502,JAC,1010320FD060-AM001,Москва
2025-12-28 14:11:01,Фильтр масляный 1010320FE010 N56 E-5 (JAC) SKV,2,238,SKV,1010320FE010,Москва
2025-12-28 14:11:01,Фильтр масляный 1012010-36D DL2-E5 SKV,13,316,SKV,1012010-36D,Москва
2025-12-28 14:11:01,Фильтр масляный 1012010-81DF/1012010А53DM/SMJ-60300006/LF16175 FAW SKV,18,554,SKV,1012010-81DF,Москва
2025-12-28 14:11:01,Фильтр масляный 12.1.27.1234 /119660-35150 SuperSnow/Yanmar,52,1498,Supersnow,119660-35150,Москва
2025-12-28 14:11:01,Фильтр масляный 1629393SKV / EO-68040 / HU12103X DAF CF85/XF105 SKV,7,345,SKV,1629393SKV,Москва
2025-12-28 14:11:01,Фильтр масляный 200V05504-0122 Sitrak C7H ORIG,193,1317,Howo,200V05504-0122,Москва
2025-12-28 14:11:01,Фильтр масляный 200V05504-0122 SITRAK Howo ORIG,2,1588,Howo,200V05504-0122,Москва
2025-12-28 14:11:01,Фильтр масляный 2625884SKV / 2022275 Scania SKV,27,444,SKV,2022275SKV,Москва
2025-12-28 14:11:01,Фильтр масляный 26325-52003 HYUNDAI GOLD D6GA SKV,39,203,SKV,26325-52003,Москва
2025-12-28 14:11:01,Фильтр масляный 26325-84001 HYUNDAI HD270 D6CA YSF,5,940,YSF,26325-84001,Москва
2025-12-28 14:11:01,Фильтр масляный 3313283 / LF777 / JXB1604 YNY,6,720,YNY,3313283,Москва
2025-12-28 14:11:01,Фильтр масляный 50 013 096 MANN,1,414,JMC,50013096,Москва
2025-12-28 14:11:01,Фильтр масляный 51055040096/P550451/LF3754 HOWO/MAN SKV,19,392,SKV,51055040096,Москва
2025-12-28 14:11:01,Фильтр масляный 600-211-1340/YLX-O-0064 KOMATSU MEX,4,1236,MEX,600-211-1340,Москва
2025-12-28 14:11:01,Фильтр масляный A0001801709 / LF3914 / EF1040 A.G.,2,570,JMC,A0001801709,Москва
2025-12-28 14:11:01,Фильтр масляный B336 BW !,2,442,Baldwin,B336,Москва
2025-12-28 14:11:01,Фильтр масляный B7174-MPG / 2992544 !,6,1994,Baldwin,B7174-MPG,Москва
2025-12-28 14:11:01,Фильтр масляный B7181 BW !,6,935,Baldwin,B7181,Москва
2025-12-28 14:11:01,Фильтр масляный B7274 BW !,2,754,Baldwin,B7274,Москва
2025-12-28 14:11:01,Фильтр масляный BD1403/C223/C309/C6105 BW !,1,3362,Baldwin,BD1403,Москва
2025-12-28 14:11:01,Фильтр масляный BD325 BW !,2,944,Baldwin,BD325,Москва
2025-12-28 14:11:01,Фильтр масляный BT216 !,1,1009,Baldwin,BT216,Москва
2025-12-28 14:11:01,Фильтр масляный BT9318 / 1301696 Bw !,1,2110,Baldwin,BT9318,Москва
2025-12-28 14:11:01,Фильтр масляный BT9402 !,2,2209,Baldwin,BT9402,Москва
2025-12-28 14:11:01,Фильтр масляный BT9553 !,1,2017,Baldwin,BT9553,Москва
2025-12-28 14:11:01,Фильтр масляный C101/C-1121/15600-41010 TOYOTA DYNA/TOYOACE SKV,418,231,SKV,C101,Москва
2025-12-28 14:11:01,Фильтр масляный C110 / 90915-10001 / 15601-33021 SKV,100,146,SKV,C110SKV,Москва
2025-12-28 14:11:01,Фильтр масляный C205,2,149,JMC,C205,Москва
2025-12-28 14:11:01,Фильтр масляный C216/C-6103/15201-Z9000 NISSAN CONDOR/CAT/KOMATSU SKV,365,601,SKV,C216,Москва
2025-12-28 14:11:01,Фильтр масляный C217/C-6104/15201-Z9001 NISSAN CONDOR SKV,364,721,SKV,C217,Москва
2025-12-28 14:11:01,Фильтр масляный C219/C-6101/15209-T9008 NISSAN ATLAS/CONDOR SKV,336,305,SKV,C219,Москва
2025-12-28 14:11:01,Фильтр масляный C222/C-1819/15208-43G00 ISUZU ELF/NISSAN ATLAS/CONDOR SKV,367,250,SKV,C222,Москва
2025-12-28 14:11:01,Фильтр масляный C223 / 15201-Z9013 / ME074235 SKV,51,878,SKV,C223,Москва
2025-12-28 14:11:01,Фильтр масляный C226/15208-40L00 NISSAN/ISUZU SKV,414,250,SKV,C226,Москва
2025-12-28 14:11:01,Фильтр масляный C26602 / C602 /S1560-71733/ 5-86506-949-0 AZUMI,7,1854,Azumi,C26602,Москва
2025-12-28 14:11:01,"Фильтр масляный C305 / ME014838 / 26320-41402 MMC Canter/HYUNDAI CHORUS/HD250,350 SKV",15,290,SKV,C305,Москва
2025-12-28 14:11:01,Фильтр масляный C306/MD069782 MMC/MAZDA/NISSAN SKV,372,277,SKV,C306,Москва
2025-12-28 14:11:01,Фильтр масляный C307 / MD001445 / S26300-35505 SKV,100,158,SKV,C307,Москва
2025-12-28 14:11:01,Фильтр масляный C313 / C-1012 / C-5816 / 26311-45001 / 26311-45010 / ME013307 SKV,9,492,SKV,C313SKV,Москва
2025-12-28 14:11:01,Фильтр масляный C315 / ME088532 / ME228898 SKV,35,729,SKV,C315,Москва
2025-12-28 14:11:01,Фильтр масляный C409А / SL02-23-802 / TFY0-14-302 SKV,1,453,SKV,C409A,Москва
2025-12-28 14:11:01,Фильтр масляный C411 / SL50-14-V61 SKV,19,329,SKV,C411,Москва
2025-12-28 14:11:01,Фильтр масляный C503 / 5-13211-018-0 / 8-94167-399-0 / ME997803 SKV,5,364,SKV,C503,Москва
2025-12-28 14:11:01,"Фильтр масляный C506 / 8-94340-259-1 ELF250/350/450, MAZDA BONGO/FORD, N-Vanette SKV",19,282,SKV,C506,Москва
2025-12-28 14:11:01,Фильтр масляный C510 / C1506/ 1-13240-161-2 ISUZU F-series 6BD1-Т/6BG1 SKV,3,439,SKV,C510,Москва
2025-12-28 14:11:01,"Фильтр масляный C513 / 8-94463-713-1 ISUZU ELF250/350/450 4BE1/2,BC2,BD1,BG1 SKV",20,217,SKV,C513,Москва
2025-12-28 14:11:01,Фильтр масляный C519/C-1523/15208-89TA2 ISUZU ELF/NISSAN ATLAS/HINO RANGER/PROFIA SKV,353,335,SKV,C519,Москва
2025-12-28 14:11:01,Фильтр масляный C525 / C-1513 / 1-87610-064-0 / 8-94391-049-0 / 8-94396-375-4 SKV,114,693,SKV,C525,Москва
2025-12-28 14:11:01,Фильтр масляный C5701 / 600-211-1231 / 600-211-1291 SKV !,8,513,SKV,C5701,Москва
2025-12-28 14:11:01,Фильтр масляный C602 /C-1303/S1560-71733 / 5-86506-949-0 SKV,23,752,SKV,C602,Москва
2025-12-28 14:11:01,Фильтр масляный C605 /C-1316/S1560-72190/72330/15209-Z5001 HINO 500 FD8/GD8/GH8 J08 E-3/4 SKV,725,841,SKV,C605,Москва
2025-12-28 14:11:01,Фильтр масляный C606 /15607-2200 / 15607-1670 / 15209-Z5002 SKV,10,684,SKV,C606,Москва
2025-12-28 14:11:01,"Фильтр масляный C607SKV / 15607-2210 / 15613-89105 HINO Dutro/Ranger/T-Dyna/S05D/C,J05/07C,N04C",20,532,SKV,C607,Москва
2025-12-28 14:11:01,Фильтр масляный C805 / 8-97112-263-0 Isuzu CYZ51/52 SKV,4,228,SKV,C805,Москва
2025-12-28 14:11:01,Фильтр масляный D-126970 / LF9080 / P550949 / P559000 / 2882674 SHACMAN X3000/Cummins Дизель,4,1047,Дизель,D-126970,Москва
2025-12-28 14:11:01,Фильтр масляный D-127560 / 61000070005 HOWO E-2 Дизель,1,321,Дизель,D-127560,Москва
2025-12-28 14:11:01,Фильтр масляный D-127561 / MK667378 / MK666096 / 2995655 / W940/69 MMC Canter E-5 4P10/Iveco Дизель,17,313,Дизель,D-127561,Москва
2025-12-28 14:11:01,Фильтр масляный D-127604 / 26311-45001 / 26311-45010 Hyundai HD45/65/72/78/COUNTY Дизель,56,385,Дизель,D-127604,Москва
2025-12-28 14:11:01,Фильтр масляный D-128447 / 200V05504-0108 / 200V05504-0107 / 51.05504-0108 HOWO T5G E-5 MC13 Дизель,20,690,Дизель,D-128447,Москва
2025-12-28 14:11:01,Фильтр масляный DC-1007 / C223 / 15201-Z9013 / ME074235 Дизель,64,765,Дизель,DC-1007,Москва
2025-12-28 14:11:01,Фильтр масляный DC-526 / 5-87610-117-0 / 5-87610-031-0 / 8-97148-270-0 Дизель,78,578,Дизель,DC-526,Москва
2025-12-28 14:11:01,Фильтр масляный DC-608 / 15613-E0080 N04C/W04D Дизель,1,461,Дизель,DC-608,Москва
2025-12-28 14:11:01,Фильтр масляный DEO-13070 / EO-13070 / 15601-78140 HINO 300 E-5 Дизель,411,284,Дизель,DEO-13070,Москва
2025-12-28 14:11:01,Фильтр масляный DHF-7980 / 5802302817 / SO15010 IVECO Дизель,2,2207,Дизель,DHF-7980,Москва
2025-12-28 14:11:01,Фильтр масляный DJX-0810 / 1012010-A36DF / SMJ-603000011 / W950/31 3250 FAW J5 Дизель,20,395,Дизель,DJX-0810,Москва
2025-12-28 14:11:01,Фильтр масляный DJX-0818 / JX0818 / 1000424655 / 1000942192 / SMJ-60300003DM SHACMAN X3000 Дизель,11,348,Дизель,DJX-0818,Москва
2025-12-28 14:11:01,Фильтр масляный DJX-1016 / 612630010239 / 1000428205 / JX1016 / SMJ-60300004 HOWO Дизель,1,727,Дизель,DJX-1016,Москва
2025-12-28 14:11:01,Фильтр масляный DLF-16175 / 1012010-81DF / 1012010А53DM / SMJ-60300006 / LF16175 FAW Дизель,10,635,Дизель,DLF-16175,Москва
2025-12-28 14:11:01,Фильтр масляный DLF-3000 / TO-0007 / YLX-O-0007 / H300W03 / 3318853 / LF3000 / P553000 Дизель,2,1177,Дизель,DLF-3000,Москва
2025-12-28 14:11:01,Фильтр масляный DLF-3754 / 080V05504-6096 HOWO Дизель,10,518,Дизель,DLF-3754,Москва
2025-12-28 14:11:01,Фильтр масляный DOE-31003 / 200V05504-0122 Sitrak C7H Дизель,7,599,Дизель,DOE-31003,Москва
2025-12-28 14:11:01,Фильтр масляный EO-10050SKV/A4731800809/P956059/MX001917 MB Actros/MMC Fuso SKV,12,507,SKV,EO-10050SKV,Москва
2025-12-28 14:11:01,Фильтр масляный EO-13070SKV/15601-78140 HINO 300 E-5 SKV,11,342,SKV,EO13070,Москва
2025-12-28 14:11:01,Фильтр масляный EO2621SKV / A5411240225 / HU12140X MERCEDES SKV,89,357,SKV,EO2621SKV,Москва
2025-12-28 14:11:01,Фильтр масляный EO26330SKV / HU12110X / MX901584 MERCEDES/MITSUBISHI SKV,140,429,SKV,EO26330SKV,Москва
2025-12-28 14:11:01,Фильтр масляный FO-019 FORTECH,2,297,JMC,FO019,Москва
2025-12-28 14:11:01,Фильтр масляный LF16285SKV/612630010239/1000428205 HOWO/SHACMAN SKV,36,565,SKV,LF16285SKV,Москва
2025-12-28 14:11:01,Фильтр масляный LF16352/5262313F-L36059 JAC N120 ORIG,30,848,JAC,LF16352,Москва
2025-12-28 14:11:01,Фильтр масляный LF17535-AM001 N75/N80/ N120 JAC ORIG,5,2112,JAC,LF17535-AM001,Москва
2025-12-28 14:11:01,Фильтр масляный LF9001SKV/76194865 CUMMINS/KOMATSU/DOOSAN SKV,20,860,SKV,LF9001,Москва
2025-12-28 14:11:01,Фильтр масляный M-O-0007/YLX-O-0007/3318853/LF3000/P553000 MEX,4,1177,MEX,M-O-0007,Москва
2025-12-28 14:11:01,Фильтр масляный MANN W962,1,659,JMC,W962,Москва
2025-12-28 14:11:01,Фильтр масляный MB-5801649910 /JXB623 Mn,10,555,Monbow Filter,MB-JXB623,Москва
2025-12-28 14:11:01,Фильтр масляный MB-SX506 / WF2071 / BW5073 / WF2073 Mn !,10,357,Monbow Filter,MB-SX506,Москва
2025-12-28 14:11:01,Фильтр масляный MB-SX533 / WF2076 Mn !,10,492,Monbow Filter,MB-SX533,Москва
2025-12-28 14:11:01,Фильтр масляный MMF045033 MANDO,2,747,JMC,A3641800309,Москва
2025-12-28 14:11:01,Фильтр масляный O258 / OE258J / O-1805 / 15274-90226 SKV,4,457,SKV,O258,Москва
2025-12-28 14:11:01,Фильтр масляный O259SKV / OE259J / O-1808 / LF3384 / 15274-99029 SKV,7,560,SKV,O259SKV,Москва
2025-12-28 14:11:01,Фильтр масляный O269J JS,1,840,JMC,O269J JS,Москва
2025-12-28 14:11:01,Фильтр масляный O358 / ME034605 / ME034611 SKV,9,466,SKV,O358,Москва
2025-12-28 14:11:01,Фильтр масляный O406 вставка,1,248,JMC,O406,Москва
2025-12-28 14:11:01,Фильтр масляный O579 / O568 / O-1308 / O609 / 15607-2261 / 15607-1100/1-13240-233/MB-J302 SKV,56,296,SKV,O579,Москва
2025-12-28 14:11:01,Фильтр масляный O581 / O-1522 / O1530 / 1-13240-207-0 /1-13240-241-0 CX#/CY#/CV#/EX# E-2/3/4/5 SKV,53,539,SKV,O581,Москва
2025-12-28 14:11:01,Фильтр масляный O620SKV / 15607-1580 / 15607-2160 SKV,13,556,SKV,O620SKV,Москва
2025-12-28 14:11:01,Фильтр масляный O621 / OE621 /S1560-71531 / 15607-1950 / O-1310 SKV,7,691,SKV,O621,Москва
2025-12-28 14:11:01,Фильтр масляный O625 / O-1321 / 15607-2150 / S1560-72281 HINO 700 E13C-T SKV !,194,908,SKV,O625,Москва
2025-12-28 14:11:01,Фильтр масляный O630SKV / S1560-72281 / 15607-2280 SKV,6,613,SKV,O630SKV,Москва
2025-12-28 14:11:01,Фильтр масляный O631SKV / S1560-72370 HINO / HINO700 E13C-Т SKV,26,399,SKV,O631SKV,Москва
2025-12-28 14:11:01,Фильтр масляный O632 / S1560-72380 HINO / HINO700 E13C-Т SKV,15,649,SKV,O632,Москва
2025-12-28 14:11:01,Фильтр масляный OE22258 / OE258J AZUMI,20,1169,Azumi,OE-22258,Москва
2025-12-28 14:11:01,Фильтр масляный OE31065 / EO2621/LF3829/ HU12140X AZUMI !,3,634,Azumi,OE-31065,Москва
2025-12-28 14:11:01,Фильтр масляный P550388 / BT287-10 Donaldson,1,1483,Donaldson,P550388,Москва
2025-12-28 14:11:01,Фильтр масляный P550519 / 21707133 VOLVO F/FH Donaldson,5,3534,Donaldson,P550519,Москва
2025-12-28 14:11:01,Фильтр масляный P550939 / B163 Donaldson,14,1267,Donaldson,P550939,Москва
2025-12-28 14:11:01,Фильтр масляный P552819 / BT292 Donaldson,4,886,Donaldson,P552819,Москва
2025-12-28 14:11:01,Фильтр масляный QC000001 Fuso Canter E-5 ORIG,68,2817,Mitsubishi,QC000001,Москва
2025-12-28 14:11:01,Фильтр масляный QC000001/O-362/O362/OE23010 Fuso Canter E-5 SKV,184,384,SKV,QC000001,Москва
2025-12-28 14:11:01,Фильтр масляный S2630035505 HYUNDAI/KIA ORIG,209,517,Hyundai-Kia,S2630035505,Москва
2025-12-28 14:11:01,Фильтр масляный S2632552003 HYUNDAI HD78/HD120/Mighty D4GA/D6GA E-4 ORIG,1,1088,Hyundai-Kia,S2632552003,Москва
2025-12-28 14:11:01,Фильтр масляный SO8232/ WP1169 / 2997305 / 1903629 Filter AG !,2,893,Filter AG,SO8232,Москва
2025-12-28 14:11:01,Фильтр масляный TC1031 / C111 / 9091503002 MANN W 712/83 TOTACHI,2,180,JMC,TC1031,Москва
2025-12-28 14:11:01,Фильтр масляный TOP C205 / 15209-Y7502,1,159,JMC,15209-Y7502,Москва
2025-12-28 14:11:01,Фильтр масляный TOP C316 / MD136466,1,167,JMC,C316,Москва
2025-12-28 14:11:01,Фильтр масляный YLX-O-0009 / BD7154 / P559000 / LF9080 YNY,4,887,YNY,YLX-O-0009,Москва
2025-12-28 14:11:01,Фильтр масляный гидравлики тормозной системы PT8425/23W-60-24140 !,2,1786,Baldwin,PT8425,Москва
2025-12-28 14:11:01,Фильтр масляный дифференциала S4109-E0010 HINO 700 SKV,10,234,SKV,S4109-E0010,Москва
2025-12-28 14:11:01,Фильтр моста DHC-020355 / WG7117337170 Sitrak C7H Дизель,2,1222,Дизель,DHC-020355,Москва
2025-12-28 14:11:01,"Фильтр моч-ны (AdBlue) DE-5293131 / 5293131 JAC N80 N90 N120, КАМАЗ Компас-9/12 ISF3.8 Е-5 Дизель",34,404,Дизель,DE-5293131,Москва
2025-12-28 14:11:01,Фильтр моч-ны E5293131 JAC N90/120 ORIG,2,1250,JAC,E5293131,Москва
2025-12-28 14:11:01,Фильтр осушителя 12.1.18.0058/023Z0248 SuperSnow/Eliminator,3,2599,Supersnow,121180058,Москва
2025-12-28 14:11:01,Фильтр осушителя D-127033 / WG9000360521/1+001 Sitrak C7H Дизель,17,4132,Дизель,D-127033,Москва
2025-12-28 14:11:01,Фильтр осушителя тормозной системы 2562323SKV / 2307617 / 4324109272 G1 1/4'' Scania SKV,26,1100,SKV,2562323SKV,Москва
2025-12-28 14:11:01,Фильтр осушителя тормозной системы 3555010LE170-3 JAC N75/80/90/120/КАМАЗ Компас-12 ORIG,136,2267,JAC,3555010LE170-3,Москва
2025-12-28 14:11:01,Фильтр осушителя тормозной системы A0004293795 / 4324100202 / 1-85576-365-0 Mercedes SKV,349,819,SKV,A0004293795,Москва
2025-12-28 14:11:01,Фильтр осушителя тормозной системы BA5379 BW !,3,2157,Baldwin,BA5379,Москва
2025-12-28 14:11:01,Фильтр осушителя тормозной системы WG9000360521 HOWO SKV,1,802,SKV,WG9000360521,Москва
2025-12-28 14:11:01,Фильтр осушителя тормозной системы WG9000360521+001 Sitrak C7H ORIG,583,3252,Howo,WG9000360521+001,Москва
2025-12-28 14:11:01,Фильтр осушителя тормозной системы WG9000360521+001 Sitrak C7H SKV,23,767,SKV,WG9000360521+001,Москва
2025-12-28 14:11:01,Фильтр охлаждающей жидкости BW5076 !,2,2277,Baldwin,BW5076,Москва
2025-12-28 14:11:01,Фильтр сажевый VIC BB10,2,1495,JMC,BB-10,Москва
2025-12-28 14:11:01,Фильтр салона 716033 Valeo !,1,752,valeo,716033,Москва
2025-12-28 14:11:01,Фильтр салона 8104116LE010 JAC N56/75 ORIG,299,294,JAC,8104116LE010,Москва
2025-12-28 14:11:01,Фильтр салона A0008301118SKV / CA-26220 / CU3869 MERCEDES ACTROS SKV,19,297,SKV,A0008301118SKV,Москва
2025-12-28 14:11:01,Фильтр салона AC21106 / AC106E / 88508-50060,1,454,Azumi,AC21106,Москва
2025-12-28 14:11:01,Фильтр салона AC9077TSKV/CU3855 Mercedes SKV,5,407,SKV,AC9077T,Москва
2025-12-28 14:11:01,Фильтр салона AC9078SKV/CU37001 Scania SKV,4,440,SKV,AC9078,Москва
2025-12-28 14:11:01,Фильтр салона D-127564 / 711W61900-0050 HOWO T5G Дизель,2,443,Дизель,D-127564,Москва
2025-12-28 14:11:01,Фильтр салона D-127575 / 500086267 IVECO DAILY 06-11 Дизель,20,187,Дизель,D-127575,Москва
2025-12-28 14:11:01,Фильтр салона D-128186 / 8101570-B27/A / 8101574-A01 J6 E-5 FAW Дизель дефект,2,365,Дизель,D-128186,Москва
2025-12-28 14:11:01,Фильтр салона DCA-68170 / 711W61900-0051 HOWO T5G / SITRAK C7H Дизель,8,238,Дизель,DCA-68170,Москва
2025-12-28 14:11:01,"Фильтр салона ERF ECM/ECT-Serie/ MAN TRUCK/ MAN BUS (Neoplan)/ NEOPLAN (FILTRON K1133, MANN CU4795) AFW1128",1,561,JMC,AFW1128,Москва
2025-12-28 14:11:01,Фильтр салона P-1159/M AIRFIL,2,744,Airfil,P1159/M,Москва
2025-12-28 14:11:01,Фильтр салонный 711W61900-0051 / YZ160082120110 HOWO T5G/ SITRAK C7H ORIG,140,394,Howo,711W61900-0051,Москва
2025-12-28 14:11:01,Фильтр салонный 711W61900-0051 HOWO T5G/ SITRAK C7H SKV,30,304,SKV,711W61900-0051,Москва
2025-12-28 14:11:01,Фильтр сапуна A5410100163 / C716X Mercedes ориг !,4,4482,Mercedes,A 541 010 01 63,Москва
2025-12-28 14:11:01,Фильтр сапуна гидравлический P766645 / L1080781 Kenwort C509/K200/T409/T609/659/909 Donaldson,2,4472,Donaldson,P766645,Москва
2025-12-28 14:11:01,Фильтр сепаратор для компрессора P783515 / 1615603800 / 2911001900 Atlas Copco Donaldson,2,36892,Donaldson,P783515,Москва
2025-12-28 14:11:01,Фильтр сепаратора 20879806SKV/P551838 VOLVO/RENAULT/NISSAN UD SKV,30,559,SKV,20879806SKV,Москва
2025-12-28 14:11:01,Фильтр сепаратора SF7901SKV/00530 SKV,81,217,SKV,SF7901,Москва
2025-12-28 14:11:01,Фильтр сепаратора YYH-F-037 500FG (2010PM) YNY,20,253,YNY,500FG,Москва
2025-12-28 14:11:01,Фильтр сепаратора YYH-F-038 500FG (2010PM),14,260,YNY,YLX-F-7036,Москва
2025-12-28 14:11:01,Фильтр сепаратора YYH-F-040 900FG (2040PM) 811999500,10,326,YNY,YLX-F-7038,Москва
2025-12-28 14:11:01,Фильтр сепаратора YYH-F-041/YLX-F-7038 900FG (2040PM),10,303,YNY,900FG,Москва
2025-12-28 14:11:01,Фильтр сепаратора YYH-F-044 1000FG (2020PM),1,400,YNY,YLX-F-7041,Москва
2025-12-28 14:11:01,Фильтр сжатого воздуха 4395022 JAC N120/Камаз Cummins ISF3.8 Е-5 ORIG,4,152,JAC,4395022,Москва
2025-12-28 14:11:01,Фильтр системы охлаждения BW5073 !,1,1760,Baldwin,BW5073,Москва
2025-12-28 14:11:01,Фильтр системы охлаждения DWF-2071 / 1307020-29D / WF2071 FAW Дизель,3,439,Дизель,DWF-2071,Москва
2025-12-28 14:11:01,Фильтр системы охлаждения DWF-2073 / 1307020B29D / WF2073 FAW J5 3250 Дизель,2,569,Дизель,DWF-2073,Москва
2025-12-28 14:11:01,Фильтр системы охлаждения WC-5711SKV / WF2073 CATERPILLAR/CUMMINS/DAEWOO/VOLVO SKV,13,297,SKV,WC-5711SKV,Москва
2025-12-28 14:11:01,Фильтр ТКР C77/7 MANN !,1,1916,Mann-Filter,C 77/7,Москва
2025-12-28 14:11:01,Фильтр тонкой очистки топлива 10044303 / 10429946 / WK1150/2 / BF1224 LIEBHERR,3,2742,JMC,10044303,Москва
2025-12-28 14:11:01,Фильтр топливный (к-т) MX003264SKV/FE0054SET/PU 11 005-3 z MMC Fuso/MB Actros II/Antos/Arocs SK,5,2678,SKV,MX003264,Москва
2025-12-28 14:11:01,Фильтр топливный (сепаратор) FS1003 / P551103 / FS19596 SHACMAN X3000/Cummins SKV,39,601,SKV,FS1003,Москва
2025-12-28 14:11:01,Фильтр топливный (сепаратора) FS20190/WG9925550966 HOWO T5G/Sitrak MC11 Fleetguard,98,4544,Howo,FS20190,Москва
2025-12-28 14:11:01,Фильтр топливный (сепаратора) WG9925550966 / FS20190 HOWO T5G/Sitrak MC11 SKV,37,850,SKV,WG9925550966,Москва
2025-12-28 14:11:01,Фильтр топливный (сепаратора) WG9925550966/FS20190 HOWO T5G/Sitrak MC11 ORIG,95,4545,Howo,WG9925550966,Москва
2025-12-28 14:11:01,"Фильтр топливный (элемент) F336 / ME306305 MITSUBISHI FK# 4M50-Т, 6M60-Т SKV",1,449,SKV,F336SKV,Москва
2025-12-28 14:11:01,Фильтр топливный 1-87610-093-3/0/1/2 ORIG CHINA,268,1123,Isuzu,1-87610-093-3,Москва
2025-12-28 14:11:01,Фильтр топливный 1-87610-094-2 / 1-87610-094-0 ORIG CHINA,328,1257,Isuzu,1-87610-094-2,Москва
2025-12-28 14:11:01,Фильтр топливный 1-87610-152-0 / 8-98174-903-0 ORIG CHINA,114,826,Isuzu,1-87610-152-0,Москва
2025-12-28 14:11:01,Фильтр топливный 1-87810-976-0 / 8-98174-903-0 / 1-13240-244-0 CX#/CY#/CV#/EX# ORIG,8,1751,Isuzu,8-98174-903-0,Москва
2025-12-28 14:11:01,Фильтр топливный 1-87810-976-0 / 8-98174-903-0 / 1-13240-244-0 CX#/CY#/CV#/EX# ORIG CHINA,80,1206,Isuzu,1-13240-244-0,Москва
2025-12-28 14:11:01,Фильтр топливный 10000-00339/1R1803/SK3140 Cat,3,1124,JMC,SK3140,Москва
2025-12-28 14:11:01,Фильтр топливный 10044302/BF1390-O LIEBHERR,3,1800,LIEBHERR,BF1390-O,Москва
2025-12-28 14:11:01,Фильтр топливный 1105030LE35N (JAC) SKV,17,601,SKV,1105030LE35N,Москва
2025-12-28 14:11:01,Фильтр топливный 1105030LE35N / 1105030E898 JAC N120 ORIG,8,2363,JAC,1105030LE35N,Москва
2025-12-28 14:11:01,Фильтр топливный 12.1.27.0897 / 4326658 / 26561117 KSD1100 SuperSnow/Perkins,2,2117,JMC,12.1.27.0897,Москва
2025-12-28 14:11:01,Фильтр топливный 12.1.27.1235 / 129004-55801 SuperSnow Yanmar,393,2495,Supersnow,129004-55801,Москва
2025-12-28 14:11:01,Фильтр топливный 1616361SKV / EF-68040 / PU966/1x DAF CF75/CF85/XF95 SKV,10,427,SKV,1616361SKV,Москва
2025-12-28 14:11:01,Фильтр топливный 1873018SKV / EFF1059 Scania SKV,19,343,SKV,1873018SKV,Москва
2025-12-28 14:11:01,Фильтр топливный 1R0755 MEX,4,1419,MEX,1R0755,Москва
2025-12-28 14:11:01,Фильтр топливный 201V12503-0062 Sitrak C7H SKV,67,464,SKV,201V12503-0062,Москва
2025-12-28 14:11:01,Фильтр топливный 201V12503-0062/51.12503-0061 Sitrak C7H (произв. MANN FILTER) ORIG,1043,1158,Howo,201V12503-0062,Москва
2025-12-28 14:11:01,Фильтр топливный 23304-78260 Hino 300 E-5 SKV,66,272,SKV,23304-78260,Москва
2025-12-28 14:11:01,Фильтр топливный 23304-EV023/22/21 HINO 300 XZU7## N04C 13~ E-4 SKV,51,485,SKV,23304-EV023,Москва
2025-12-28 14:11:01,Фильтр топливный 2992241 / FF5485 / WK950/21 Iveco MANN !,2,1082,Mann-Filter,WK950/21,Москва
2025-12-28 14:11:01,Фильтр топливный 31922-2B900 / 30-0H-H03 Ashika,1,574,JMC,31922-2B900,Москва
2025-12-28 14:11:01,Фильтр топливный 31945-45700 Hyundai COUNTY/MIGHTY 04~ ORIG,2,1496,Hyundai-Kia,31945-45700,Москва
2025-12-28 14:11:01,Фильтр топливный 31945-52161/31945-45900 Hyundai HD120/HD500 ORIG,11,5016,Hyundai-Kia,31945-52161,Москва
2025-12-28 14:11:01,Фильтр топливный 31945-84400 Hyundai D6CB ORIG,1,1373,Hyundai-Kia,31945-84400,Москва
2025-12-28 14:11:01,Фильтр топливный 3261643 / BF1397-SP / FS20007 MEX,5,924,MEX,3261643,Москва
2025-12-28 14:11:01,Фильтр топливный 490698 / A0000900751 Mercedes/DieselTechnic !,1,290,Diesel Technic,4.90698,Москва
2025-12-28 14:11:01,Фильтр топливный 5-87610-011-0/8-94414-796-3 N-series ORIG CHINA,6,436,Isuzu,5-87610-001-0,Москва
2025-12-28 14:11:01,Фильтр топливный 5-87610-157-0 / 8-98037-481-0 (FC321) ORIG CHINA,1,1574,Isuzu,5-87610-157-0,Москва
2025-12-28 14:11:01,Фильтр топливный 50 013 020 MANN,5,169,JMC,50013020,Москва
2025-12-28 14:11:01,Фильтр топливный 51.125.030.062 Mann,1,1116,Mann-Filter,51125030062,Москва
2025-12-28 14:11:01,Фильтр топливный 600-319-4540 KOMATSU MEX,10,1276,MEX,600-319-4540,Москва
2025-12-28 14:11:01,Фильтр топливный 8-98139-830-0 ORIG,21,5248,Isuzu,8-98139-830-0,Москва
2025-12-28 14:11:01,Фильтр топливный 8-98139-830-0 SKV,30,511,SKV,8981398300,Москва
2025-12-28 14:11:01,Фильтр топливный 8-98201-506-0/8-98111-481-0 N-series 4HV1 (CNG) ГАЗ ORIG,2,5929,Isuzu,8-98201-506-0,Москва
2025-12-28 14:11:01,Фильтр топливный BF1217 / WK950/6 !,14,876,Baldwin,BF1217,Москва
2025-12-28 14:11:01,Фильтр топливный BF1249 BW !,5,1860,Baldwin,BF1249,Москва
2025-12-28 14:11:01,Фильтр топливный BF1262/600-319-3111 BW !,2,2400,Baldwin,BF1262,Москва
2025-12-28 14:11:01,Фильтр топливный BF1363 !,9,2693,Baldwin,BF1363,Москва
2025-12-28 14:11:01,Фильтр топливный BF1391-O / A0004770103 / A0004771302 / 0063422 Baldwin !,1,2842,Baldwin,BF1391-O,Москва
2025-12-28 14:11:01,Фильтр топливный BF1399-SP / BF1284-SP / 1R0770 / 326-1644 ! BW,8,2847,Baldwin,BF1399-SP,Москва
2025-12-28 14:11:01,Фильтр топливный BF7591-D BW !,1,362,Baldwin,BF7591-D,Москва
2025-12-28 14:11:01,Фильтр топливный BF7631 BW !,10,2108,Baldwin,BF7631,Москва
2025-12-28 14:11:01,Фильтр топливный BF7677-D BW !,4,2130,Baldwin,BF7677-D,Москва
2025-12-28 14:11:01,Фильтр топливный BF7681-D BW !,9,1822,Baldwin,BF7681-D,Москва
2025-12-28 14:11:01,Фильтр топливный BF7892 BALDWIN !,2,1094,Baldwin,BF7892,Москва
2025-12-28 14:11:01,Фильтр топливный BF7912 / 10424071 / 2000/10 BALDWIN !,1,1243,Baldwin,BF7912,Москва
2025-12-28 14:11:01,Фильтр топливный BF7913 BALDWIN !,8,2215,Baldwin,BF7913,Москва
2025-12-28 14:11:01,Фильтр топливный BF7927/2994048 BALDWIN !,7,1607,Baldwin,BF7927,Москва
2025-12-28 14:11:01,Фильтр топливный BF9837-D BALDWIN !,6,1829,Baldwin,BF9837-D,Москва
2025-12-28 14:11:01,Фильтр топливный D-126803 / 1117050-73D / SMC-603000012 / WDK999/1 FAW Дизель,31,384,Дизель,D-126803,Москва
2025-12-28 14:11:01,Фильтр топливный D-127570 / VG14080740A / UC-220 HOWO Дизель,10,334,Дизель,D-127570,Москва
2025-12-28 14:11:01,Фильтр топливный D-127584 / 500086009 вставка для 5801403122 / MK667920 Iveco Daily/MMCCanter Дизель,395,346,Дизель,D-127584,Москва
2025-12-28 14:11:01,Фильтр топливный DEF-15130 / 8-98092-481-1 / 1-87610-094-0 FVR34/CYZ52 Дизель,140,398,Дизель,DEF-15130,Москва
2025-12-28 14:11:01,Фильтр топливный DEF-26070 / 201V12503-0062 / 51.12503-0061 Sitrak C7H Дизель,5,440,Дизель,DEF-26070,Москва
2025-12-28 14:11:01,Фильтр топливный DF-11141 / F-11141 / 23304-78260 Hino 300 E-5 Дизель,181,302,Дизель,DF-11141,Москва
2025-12-28 14:11:01,Фильтр топливный DFC-13190 / 23304-EV023 N04C Дизель,55,691,Дизель,DFC-13190,Москва
2025-12-28 14:11:01,Фильтр топливный DFC-3102 / VG14080739A / UC-220 HOWO Дизель,10,334,Дизель,DFC-3102,Москва
2025-12-28 14:11:01,Фильтр топливный DSFC-5304-10 / 31945-52161 / 31945-45900 / A0004771602 / 504272431 Дизель,4,546,Дизель,DSFC-5304-10,Москва
2025-12-28 14:11:01,"Фильтр топливный DV11, DL08 400508-00034 / 65.12503-5033A / 400508-00034 / 65.125035033A / YSF",3,2508,JMC,65.12503-5033A,Москва
2025-12-28 14:11:01,Фильтр топливный EF-18040SKV/52214-78337/FE22005 NISSAN UD GH5-T/ GH7-T SKV,1,289,SKV,EF-18040,Москва
2025-12-28 14:11:01,Фильтр топливный EF1056SKV/PU1059X MAN TGA/TGL/TGM/TGS/TGX SKV,13,400,SKV,PU1059X,Москва
2025-12-28 14:11:01,"Фильтр топливный EF13070 / 23304-78090 HINO300/DYNA WU/,XZU710,720,730 N04CT SKV",39,268,SKV,EF13070,Москва
2025-12-28 14:11:01,"Фильтр топливный EF15010 / 8-98147-525-0 4JJ1T F,N-series SKV",10,285,SKV,EF15010SKV,Москва
2025-12-28 14:11:01,Фильтр топливный EF15130 / 8-98092-481-1 / 1-87610-094-0 FVR34/FSR90/CYZ52 SKV,239,435,SKV,EF15130,Москва
2025-12-28 14:11:01,Фильтр топливный EF1801/F336,2,938,JMC,EF1801,Москва
2025-12-28 14:11:01,"Фильтр топливный F1306 / ME300647 / 23355-78020 HINO-300/DYNA BU3##, WU30#, 34#, XZU3# N04CT E-3 SKV",20,279,SKV,F1306SKV,Москва
2025-12-28 14:11:01,Фильтр топливный F195 / EF1112 / 23390-78221 / 23390-78220 SKV,140,233,SKV,F195,Москва
2025-12-28 14:11:01,Фильтр топливный F315,2,71,JMC,F315,Москва
2025-12-28 14:11:01,Фильтр топливный F333 EF1001SKV/ME165323 6M70T/8M21/8DC11 MMC FUSO SKV,2,349,SKV,ME165323SKV,Москва
2025-12-28 14:11:01,Фильтр топливный F337SKV / EF-1003 / ME222135 MMC FUSO Canter E-3 SKV,333,245,SKV,F337SKV,Москва
2025-12-28 14:11:01,Фильтр топливный F507SKV / F-1503 / 1-87810-976-0 / 1-87810-207-1 CX#/CY#/CV#/EX# E-2/3/4/5 SKV,36,346,SKV,F507SKV,Москва
2025-12-28 14:11:01,Фильтр топливный F513 / EF-1509/8-98037-011-0 4JJ1/4HK1/6HK1 NQR90/NLR85/FSR90/NPR75/FVR34 E-4/5 SKV,1255,258,SKV,F513,Москва
2025-12-28 14:11:01,Фильтр топливный F606 / F-1304 / S2340-11090 / 23401-1390 SKV,3,301,SKV,F606SKV,Москва
2025-12-28 14:11:01,Фильтр топливный FC-01 23300-21010,1,669,JMC,23300-21010,Москва
2025-12-28 14:11:01,Фильтр топливный FC-02 23300-23030,1,620,JMC,23300-23030,Москва
2025-12-28 14:11:01,Фильтр топливный FC-83 16010-SAA-000,1,1785,JMC,16010-SAA-000,Москва
2025-12-28 14:11:01,Фильтр топливный FC158 / 23303-64010 / 23390-30150 / R2N5-13-ZA5 SKV,32,399,SKV,FC158,Москва
2025-12-28 14:11:01,"Фильтр топливный FC174 /TF01-13-ZA5 /23401-1520/23304-78020 HINO Dutro/Ranger, Toyoace/Dyna, M-Titan SKV",20,245,SKV,FC174,Москва
2025-12-28 14:11:01,Фильтр топливный FC208A / 16403-Z7000 / 16403-89TA1 / 16403-09W00 SKV,29,222,SKV,FC208A,Москва
2025-12-28 14:11:01,Фильтр топливный FC226SKV / 5-86102-498-0 / 16400-58N00 SKV,13,337,SKV,FC226SKV,Москва
2025-12-28 14:11:01,Фильтр топливный FC232 / 16403-99003 / 16403-99007 SKV,1,594,SKV,FC232,Москва
2025-12-28 14:11:01,Фильтр топливный FC23322 / FC322 /31945-72001 / ME056671 / ME056670 AZUMI,2,736,Azumi,FC-23322,Москва
2025-12-28 14:11:01,Фильтр топливный FC28190SKV / 31945-45700 D4CB/D4BH Startex/Porter SKV,27,560,SKV,FC-28190SKV,Москва
2025-12-28 14:11:01,Фильтр топливный FC317/ME006066 MMC CANTER/HYUNDAI HD45/65/72/County SKV,279,229,SKV,FC317,Москва
2025-12-28 14:11:01,Фильтр топливный FC318 / ME016823 / ME016872 SKV,29,340,SKV,FC318,Москва
2025-12-28 14:11:01,Фильтр топливный FC319 / ME015254 / ME229355 SKV,6,384,SKV,FC319,Москва
2025-12-28 14:11:01,Фильтр топливный FC321SKV / FC-1203 / 1456-23-570A / MB230900 / 16403-89TA3 / 8-94369-299-3 SKV,26,359,SKV,FC321SKV,Москва
2025-12-28 14:11:01,Фильтр топливный FC322 / ME131989 / ME056670 / ME056280 SKV,949,351,SKV,FC322,Москва
2025-12-28 14:11:01,Фильтр топливный FC332 / FC-1009 / ME132525 / MB-CX513 FUSO Canter 4M50/51 SKV,24,453,SKV,FC332,Москва
2025-12-28 14:11:01,Фильтр топливный FC510/FC-1503/1-13240-009-0/23401-1341 ISUZU/HINONISSAN/MAZDA SKV,377,268,SKV,FC510,Москва
2025-12-28 14:11:01,Фильтр топливный FC5710/BF7813/FC0040 IVECO/KOMATSU SKV,429,317,SKV,FC5710,Москва
2025-12-28 14:11:01,Фильтр топливный FC607SKV / 8-94394-079-0 / 23401-1332 / S2340-11510 SKV,14,240,SKV,FC607SKV,Москва
2025-12-28 14:11:01,Фильтр топливный FC609 / 23401-1372 / S23401-1650 SKV,44,419,SKV,FC609,Москва
2025-12-28 14:11:01,Фильтр топливный FE0025 JS Asakashi,10,365,JS Asakashi,FE0025,Москва
2025-12-28 14:11:01,Фильтр топливный FF5405 / A5410900151 / A5410920805 / EF2634 / PF7761 / PU999/1X SKV,96,504,SKV,FF5405,Москва
2025-12-28 14:11:01,Фильтр топливный FF5706 JAC N120 ORIG,281,3071,JAC,FF5706,Москва
2025-12-28 14:11:01,Фильтр топливный FF5706-D / 5262311F-L36059 JAC N120 (BVP quality) ORIG,3,1694,JAC,FF5706-D,Москва
2025-12-28 14:11:01,Фильтр топливный FQ F193,2,475,JMC,F193,Москва
2025-12-28 14:11:01,Фильтр топливный FS1000 YNY,8,532,YNY,FS1000,Москва
2025-12-28 14:11:01,Фильтр топливный FS19732 YNY,2,605,YNY,FS19732,Москва
2025-12-28 14:11:01,Фильтр топливный FS20217 JAC N56/75/90/120 КАМАЗ Компас-9/12 ORIG,292,5728,JAC,FS20217,Москва
2025-12-28 14:11:01,Фильтр топливный H6150008044 Howo,20,158,Howo,H6150008044,Москва
2025-12-28 14:11:01,Фильтр топливный JS Asakashi FE3502,2,341,JMC,FE3502,Москва
2025-12-28 14:11:01,Фильтр топливный KX 36 MANN Mahle,1,185,Mahle,KX 36,Москва
2025-12-28 14:11:01,Фильтр топливный M-F-0121 / 1R0770 / 3261644 / CX-6469 / P550626 MEX,20,1174,YNY,M-F-0121,Москва
2025-12-28 14:11:01,Фильтр топливный MB-CX521 / BF7587 / FF5319 / FF5264 / 1R-0749 Mn !,10,690,Monbow Filter,MB-CX521,Москва
2025-12-28 14:11:01,Фильтр топливный MB-CX523 / BF7753 / FF5624 / 1R-0762 Mn !,20,705,Monbow Filter,MB-CX523,Москва
2025-12-28 14:11:01,Фильтр топливный MB-CX543 / P550106 Mn !,2,208,Monbow Filter,MB-CX543,Москва
2025-12-28 14:11:01,Фильтр топливный MB-CX563 / BF1397-SP / FS20007 / 3261643 Mn !,20,971,Monbow Filter,MB-CX563,Москва
2025-12-28 14:11:01,Фильтр топливный ME309806 Fuso Canter TF ORIG,192,4976,Mitsubishi,ME309806,Москва
2025-12-28 14:11:01,Фильтр топливный P550202 / BF596 Donaldson,2,1939,Donaldson,P550202,Москва
2025-12-28 14:11:01,Фильтр топливный P550529 / 22480372 MAN/NISSAN/VOLVO Donaldson,1,2848,Donaldson,P550529,Москва
2025-12-28 14:11:01,Фильтр топливный P550587 / BF7591-D Donaldson,6,1338,Donaldson,P550587,Москва
2025-12-28 14:11:01,Фильтр топливный P550900 Donaldson,37,3385,Donaldson,P550900,Москва
2025-12-28 14:11:01,Фильтр топливный P550932 / BF720 Donaldson,3,836,Donaldson,P550932,Москва
2025-12-28 14:11:01,Фильтр топливный P551027 / BF7853 / RE522688 Donaldson,34,4231,Donaldson,P551027,Москва
2025-12-28 14:11:01,Фильтр топливный P551311 Donaldson,10,1885,Donaldson,P551311,Москва
2025-12-28 14:11:01,Фильтр топливный P551313 / BF7633 / 1R-0750 Donaldson,9,1112,Donaldson,P551313,Москва
2025-12-28 14:11:01,Фильтр топливный P551422 / BF7786-D / RE509032 Donaldson,6,2976,Donaldson,P551422,Москва
2025-12-28 14:11:01,Фильтр топливный P551430 / BF7679-D Donaldson,4,2103,Donaldson,P551430,Москва
2025-12-28 14:11:01,Фильтр топливный P551435 / BF7950-D / RE529643 Donaldson,18,2942,Donaldson,P551435,Москва
2025-12-28 14:11:01,Фильтр топливный P552014 / PF598-30 / 2010PM Donaldson,3,1112,Donaldson,P552014,Москва
2025-12-28 14:11:01,Фильтр топливный P559122 / BF1354-SPS / RE522687 Donaldson,2,8883,Donaldson,P559122,Москва
2025-12-28 14:11:01,Фильтр топливный PF7735 / 0059055 / 61507642 / A0000901551 BALDWIN !,10,1822,Baldwin,PF7735,Москва
2025-12-28 14:11:01,Фильтр топливный PF7761 / A5410920805 / A5410900151 BALDWIN !,2,957,Baldwin,PF7761,Москва
2025-12-28 14:11:01,Фильтр топливный PF7830 PC8-16-10 BALDWIN !,1,1523,Baldwin,PF7830,Москва
2025-12-28 14:11:01,Фильтр топливный PF7890-10 BALDWIN !,2,1282,Baldwin,PF7890-10,Москва
2025-12-28 14:11:01,Фильтр топливный PF7935 / 51125030061 MAN !,9,1143,Baldwin,PF7935,Москва
2025-12-28 14:11:01,Фильтр топливный PF7936 / 1873016 Baldwin !,5,972,Baldwin,PF7936,Москва
2025-12-28 14:11:01,Фильтр топливный PF7939 BALDWIN !,10,572,Baldwin,PF7939,Москва
2025-12-28 14:11:01,Фильтр топливный PF935 BALDWIN !,10,209,Baldwin,PF935,Москва
2025-12-28 14:11:01,Фильтр топливный PU120022SKV (к-т PU12012 + PU6006) Mercedes SKV,14,2640,SKV,PU120022SKV,Москва
2025-12-28 14:11:01,"Фильтр топливный R90T / S234011840 NPR/NMR/NLR, HINO500/700, NPR75/NQR90 08~ E-4 SKV",106,618,SKV,R90T,Москва
2025-12-28 14:11:01,Фильтр топливный SF8405SKV / WK10807X L=219 MB ACTROS/MAN/IVECO/VOLVO SKV,22,651,SKV,SF8405SKV,Москва
2025-12-28 14:11:01,Фильтр топливный SFC-5504-30 / 8-98081-862-0 / MB-R120P SKV,16,1000,SKV,SFC-5504-30,Москва
2025-12-28 14:11:01,Фильтр топливный SFC-5601-02SKV / FS1006 CUMMINS/KOMATSU SKV,6,665,SKV,SFC-5601-02SKV,Москва
2025-12-28 14:11:01,Фильтр топливный SK3380 / 1R-0794 / 1R-1804 / 10000-00339 / 26560201,3,1304,JMC,SK3380,Москва
2025-12-28 14:11:01,Фильтр топливный WK940/33x MANN,1,2160,JMC,WK940/33x,Москва
2025-12-28 14:11:01,Фильтр топливный в сборе c кронштейном 614080295А/VG14080739A/VG14080740A/UC-220/UC220/WD615 Howo,4,817,Howo,614080295А,Москва
2025-12-28 14:11:01,Фильтр топливный вставка DEF-13070 / 23304-78090 N04CT Дизель,126,275,Дизель,DEF-13070,Москва
2025-12-28 14:11:01,Фильтр топливный вставка DF-195 / 23390-78221 Дизель,69,348,Дизель,DF-195,Москва
2025-12-28 14:11:01,Фильтр топливный вставка DF-513 / 8-98037-011-0 4JJ1/4HK1/6HK1 Дизель,96,268,Дизель,DF-513,Москва
2025-12-28 14:11:01,"Фильтр топливный гр. оч. (М14 D=85 L=158 железный) VG1614080740 (F,H,S)",8,186,JMC,VG1614080740,Москва
2025-12-28 14:11:01,Фильтр топливный грубой очистки 1105011Y4TC1-D JAC N350 ORIG,5,3222,JAC,1105011Y4TC1-D,Москва
2025-12-28 14:11:01,Фильтр топливный грубой очистки 1105011Y4ТС1 N350 JAC ORIG,2,2378,JAC,1105011Y4TC1,Москва
2025-12-28 14:11:01,Фильтр топливный грубой очистки 1105102LD300-AM001 N56 JAC ORIG,8,1870,JAC,1105102LD300-AM001,Москва
2025-12-28 14:11:01,Фильтр топливный грубой очистки 6w2606800SKV Камаз 5490 SKV,5,629,SKV,6W2606800,Москва
2025-12-28 14:11:01,Фильтр топливный грубой очистки D-126976 / 1105050C50A 3250/3310/4250 FAW Дизель,10,1022,Дизель,D-126976,Москва
2025-12-28 14:11:01,Фильтр топливный грубой очистки D-127572 / WG9925550105 / FS20019 / FS20021 HOWO T5G E-5 Дизель,12,678,Дизель,D-127572,Москва
2025-12-28 14:11:01,Фильтр топливный грубой очистки D-13067054 / 4110000189031 / 300080079 / 4110000189006 Deutz Дизель,1,605,Дизель,D-13067054,Москва
2025-12-28 14:11:01,Фильтр топливный грубой очистки DES-96110 / 1105050-2007/A J6 FAW Дизель,29,1182,Дизель,DES-96110,Москва
2025-12-28 14:11:01,Фильтр топливный грубой очистки DFF-5740 / 1002018309 / SMC-60300005 / 1000422382 X3000 E5 Дизель,2,1205,Дизель,DFF-5740,Москва
2025-12-28 14:11:01,"Фильтр топливный грубой очистки DFS-62360 / 500318246 прямоточный, под хомут IVECO DAILY Дизель",30,121,Дизель,DFS-62360,Москва
2025-12-28 14:11:01,Фильтр топливный грубой очистки DPL-420-D / 1105011Y4TC1 / 1000424916 / PL420 JAC N350 Дизель,40,2233,Дизель,DPL-420-D,Москва
2025-12-28 14:11:01,Фильтр топливный грубой очистки в сборе DSFC-57510-10 / WG9925550182/2 / FS36277 HOWO T5G E-5 Дизель,18,1140,Дизель,DSFC-57510-10,Москва
2025-12-28 14:11:01,Фильтр топливный Н6150008043 Howo,20,158,Howo,H6150008043,Москва
2025-12-28 14:11:01,Фильтр топливный низкого давления для дизельных двиг. d8mm MASUMA,4,75,JMC,OM616,Москва
2025-12-28 14:11:01,Фильтр топливный сепаратор D-127367 / WG9725550002 / 500FG HOWO Дизель,1,1846,Дизель,D-127367,Москва
2025-12-28 14:11:01,Фильтр топливный сепаратор D-128448 / FS1003 / P551103 / FS19596 / SMC603000025 X3000/Cummins Дизель,10,568,Дизель,D-128448,Москва
2025-12-28 14:11:01,Фильтр топливный сепаратор DFS-20190 / WG9925550966 / FS20190 HOWO T5G/Sitrak MC11 Дизель,42,952,Дизель,DFS-20190,Москва
2025-12-28 14:11:01,Фильтр топливный сепаратор DPL-420X / 1000053557 / 1000495963 / PL420X колба N350 WP10 E-5 Дизель,8,1503,Дизель,DPL-420X,Москва
2025-12-28 14:11:01,Фильтр топливный сепаратор DSF-7901 / SF-7901 / 00530 Дизель,417,235,Дизель,DSF-7901,Москва
2025-12-28 14:11:01,Фильтр топливный сепаратор P551855 / 23390-E0011 / 8-98095-983-0 HINO/ISUZU/VOLVO/SCANIA Donaldson,3,3476,Donaldson,P551855,Москва
2025-12-28 14:11:01,Фильтр топливный сепаратор в сборе D-28314 / WG9925550990 SITRAK C7H Дизель,3,15006,Дизель,D-28314,Москва
2025-12-28 14:11:01,Фильтр топливный сепаратора (ФГОТ) 1000053557 JAC N350 WP10 E-5 ORIG,1,2964,JAC,1000053557,Москва
2025-12-28 14:11:01,Фильтр топливный тонк. оч. евро 3 VG1540080110 Foton/Н,4,787,Foton,VG1540080110,Москва
2025-12-28 14:11:01,Фильтр топливный тонкой очистки 1000053555 JAC N350 ORIG,12,4030,JAC,1000053555,Москва
2025-12-28 14:11:01,Фильтр топливный тонкой очистки 23304-78500/23304-EV570 Hino 300 E5 SKV,102,301,SKV,23304-78500,Москва
2025-12-28 14:11:01,Фильтр топливный тонкой очистки D-126977 / 1117001-630-0000 / 1117011-630-0000W J5 3250 FAW Дизель,17,368,Дизель,D-126977,Москва
2025-12-28 14:11:01,Фильтр топливный тонкой очистки D-126978 / 1117050B81DM 3310/4250/4180 FAW Дизель,10,1227,Дизель,D-126978,Москва
2025-12-28 14:11:01,Фильтр топливный тонкой очистки D-126979 / 612630081334 / 612600081334 / P550880 SHACMAN Дизель,3,379,Дизель,D-126979,Москва
2025-12-28 14:11:01,Фильтр топливный тонкой очистки DEF-13180 / EF-13180 / 23304-78500 / 23304-EV570 Hino 300 E5 Дизель,721,282,Дизель,DEF-13180,Москва
2025-12-28 14:11:01,Фильтр топливный тонкой очистки FF0570600MF-AM001 N56/N75/N120 JAC ORIG,46,2138,JAC,FF0570600MF-AM001,Москва
2025-12-28 14:11:01,Фильтр топливный тонкой очистки FF5770SKV/1117050А81DM/4297132 FAW/Cummins/Weichai SKV,20,672,SKV,FF5770SKV,Москва
2025-12-28 14:11:01,Фильтр топливный тонкой очистки с кронштейном D-126980 / 1117010B81DM / 1117050A81DM 3310 FAW Дизель,1,733,Дизель,D-126980,Москва
2025-12-28 14:11:01,"Фильтр топливный, высота 219 мм 42554067 / 2997378 Iveco Orig !",4,3934,Iveco,2997378,Москва
2025-12-28 14:11:01,Фильтр трансмиссионный PT9555 BALDWIN !,2,729,Baldwin,PT9555,Москва
2025-12-28 14:11:01,Фитинг 8938000082 WABCO,1,517,Wabco,8938000082,Москва
2025-12-28 14:11:01,Фитинг тормозных трубок (фитинг) DIN12 угол 90° 1-09660-959-0 ORIG,12,1793,Isuzu,1-09660-959-0,Москва
2025-12-28 14:11:01,Фитинг тормозных трубок D-128022 / 1-09660-959-0 DIN12 угол 90° Дизель,1,949,Дизель,D-128022,Москва
2025-12-28 14:11:01,Фитинг трубок пластиковый прямой D-129737 / SYE-1128 / РUС12 12мм Дизель,4,26,Дизель,D-129737,Москва
2025-12-28 14:11:01,Фитинг трубок прямой пластик 10мм D-129905 / SYE-1128 (РUС10) Дизель,4,20,Дизель,D-129905,Москва
2025-12-28 14:11:01,Фитинг трубок прямой пластик 4мм D-129904 / SYE-1128 (РUС04) Дизель,4,14,Дизель,D-129904,Москва
2025-12-28 14:11:01,Фитинг трубок тройник 6мм Europart,2,33,Europart,6mm,Москва
2025-12-28 14:11:01,Фитинг трубок угловой 10мм Europart !,1,44,Europart,10mm,Москва
2025-12-28 14:11:01,Фитинг трубок угловой 12мм Europart,1,55,Europart,12mm,Москва
2025-12-28 14:11:01,Фланец BK00190030 JAC N35 ORIG,1,2017,JAC,BK00190030,Москва
2025-12-28 14:11:01,Фланец D-126038 / HFF2402050CK2BZNF JAC N350 Дизель,1,5920,Дизель,D-126038,Москва
2025-12-28 14:11:01,Фланец вала XLD-Y203-5 / GUM71 FUSO XLD,6,2668,XLD,XLD-Y203-5,Москва
2025-12-28 14:11:01,Фланец вала карданного D-128356 / 711W39115-5117 SITRAK Дизель,2,1736,Дизель,D-128356,Москва
2025-12-28 14:11:01,Фланец карданного вала 49131-45220 HYUNDAI HD65/72/78 ORIG,6,1612,Hyundai-Kia,49131-45220,Москва
2025-12-28 14:11:01,Фланец редуктора заднего моста D-127929 / 2402066-A0E FAW Дизель,1,1734,Дизель,D-127929,Москва
2025-12-28 14:11:01,Фланец редуктора среднего моста D-129740 / 2502066-AOE (d=180мм 4 отв.) FAW J6 Дизель,1,2108,Дизель,D-129740,Москва
2025-12-28 14:11:01,Фланец хвостовика 53360-45200 HYUNDAI D4AL HD72/County ORIG,1,3993,Hyundai-Kia,53360-45200,Москва
2025-12-28 14:11:01,Фланец хвостовика TUF-002 37304-05720 FU4F#FZ1F#SH/SS1F/3F# PM,2,2754,Paul Master,TUF-002,Москва
2025-12-28 14:11:01,Фонарь верхний спойлерный 3763060-A01 J6/4250/4180 FAW дефект,2,502,Дизель,3763060-A01,Москва
2025-12-28 14:11:01,Фонарь габаритный L D-126641 / WG9925720045 задний Sitrak C7H Дизель,1,470,Дизель,D-126641,Москва
2025-12-28 14:11:01,Фонарь габаритный R D-126642 / WG9925720046 задний Sitrak C7H Дизель,1,470,Дизель,D-126642,Москва
2025-12-28 14:11:01,Фонарь габаритный на крышу 8-97307-626-0 NQR71/75 ORIG,1,2960,Isuzu,8-97307-626-0,Москва
2025-12-28 14:11:01,Фонарь габаритный на крышу левый 8-97587-597-3/4 NQR90/NPR75 ORIG,2,1952,Isuzu,8-97587-597-3,Москва
2025-12-28 14:11:01,Фонарь задний L D-125589 / 8-98223-616-0 FSR90/FVR34 Дизель,3,883,Дизель,D-125589,Москва
2025-12-28 14:11:01,Фонарь задний L D-126709 / 3716015-362-C00/A J6/3250 E-5 FAW Дизель дефект,2,722,Дизель,D-126709,Москва
2025-12-28 14:11:01,Фонарь задний L D-127192 / 214-1957L-A (K) FUSO CANTER FE85 LHD / MK485640 Дизель,3,916,Дизель,D-127192,Москва
2025-12-28 14:11:01,Фонарь задний L D-127197 / 8-97213-352-0 / 8-98002-165-0 квадратная фишка 700P 4HK1 Дизель,1,688,Дизель,D-127197,Москва
2025-12-28 14:11:01,Фонарь задний R D-126807 / DZ9200810020 / 81.25225.6464 SHACMAN F2000/F3000 Дизель,2,1443,Дизель,D-126807,Москва
2025-12-28 14:11:01,Фонарь задний R D-126808 / WG9925810002 HOWO A7 Дизель,1,1743,Дизель,D-126808,Москва
2025-12-28 14:11:01,Фонарь задний R D-127376 / 8-97213-351-0 / 8-98002-166-0 квадратная фишка 700P 4HK1 Дизель,1,736,Дизель,D-127376,Москва
2025-12-28 14:11:01,Фонарь задний RH/LH HTPHW9925810001 HOWO ORIG,20,2727,Howo,HTPHW9925810001,Москва
2025-12-28 14:11:01,Фонарь задний левый 4133100Y8010 N350 JAC ORIG,1,3281,JAC,4133100Y8010,Москва
2025-12-28 14:11:01,Фонарь задний левый 8-98223-616-0 FSR90/FVR34 ORIG,1,6451,Isuzu,8-98223-616-0,Москва
2025-12-28 14:11:01,Фонарь задний правый 4133200Y8010 N350 JAC (NON-GENUINE) дефект,1,3192,Дизель,4133200Y8010,Москва
2025-12-28 14:11:01,Фонарь комбинированный L D-126644 / 812W25320-6001/2 Sitrak C7H Дизель,1,3321,Дизель,D-126644,Москва
2025-12-28 14:11:01,Фонарь комбинированный R D-126645 / 812W25320-6002/2 Sitrak C7H Дизель,1,3321,Дизель,D-126645,Москва
2025-12-28 14:11:01,Фонарь на крышу кабины D-129741 / 05-7504-4-Y/213-2204 ORANGE Isuzu C series RHD 95-99 Дизель,4,602,Дизель,D-129741,Москва
2025-12-28 14:11:01,Фонарь противотуманный задний левый 4133500U1510 S5 JAC ORIG,5,2233,JAC,4133500U1510,Москва
2025-12-28 14:11:01,Фонарь с ходовыми огнями лев 4118910LE094 JAC N120 (NON-GENUINE),2,5394,Noname,4118910LE094,Москва
2025-12-28 14:11:01,Фонарь указателя поворотов правый (с патроном) 463559 Mercedes/DieselTechnic !,1,1400,Diesel Technic,4.63559,Москва
2025-12-28 14:11:01,Форсунка 612630090055/0445120391 JAC N350 WP10 E-5 ORIG,7,23657,JAC,612630090055,Москва
2025-12-28 14:11:01,Форсунка 8-98030-550-4 6WF1/6WG1 E-3 CYZ52/EXZ52 ORIG,4,28021,Isuzu,8-98030-550-4,Москва
2025-12-28 14:11:01,Форсунка 8-98219-181-0 4HK1 E-4 FSR90 ORIG,16,31313,Isuzu,8-98219-181-0,Москва
2025-12-28 14:11:01,Форсунка D-126647 / 8-98030-550-4 / 095000-6650 6WF1/6WG1 E-3 CYZ52/EXZ52 Дизель,6,20280,Дизель,D-126647,Москва
2025-12-28 14:11:01,Форсунка D-126809 / 612630090055 / 0445120391 JAC N350 WP10 E-5 Дизель,1,9186,Дизель,D-126809,Москва
2025-12-28 14:11:01,Форсунка D-128317 / 200V10100-6127 / 0445120415 SITRAK C7H Дизель,4,10946,Дизель,D-128317,Москва
2025-12-28 14:11:01,Форсунка в сборе 0432191266/A0020106851 / A0020109351 Mercedes/Bosch !,4,6256,Bosch,0 432 191 266,Москва
2025-12-28 14:11:01,Форсунка в сборе A0020106551/ A002010655180 Mercedes ориг !,3,22413,Mercedes,A 002 010 65 51,Москва
2025-12-28 14:11:01,Форсунка масляная 612600010659 JAC N350 WP10 E-5 ORIG,4,436,JAC,612600010659,Москва
2025-12-28 14:11:01,Форсунка масляная D-126043 / 612600010659 JAC N350 WP10 E-5 Дизель,1,203,Дизель,D-126043,Москва
2025-12-28 14:11:01,Форсунка масляная охлаждения поршня D-126436 / 8-98020-649-0 / 8-98173-342-0 4HK1/6НK1/6НЕ1 Дизель,4,361,Дизель,D-126436,Москва
2025-12-28 14:11:01,Форсунка омывателя лобового стекла 1-83315-086-0 FVR34/FSR90 ORIG,8,705,Isuzu,1-83315-086-0,Москва
2025-12-28 14:11:01,Форсунка топливная (R)9709500-555/33800-45700/DCRI105550 DENSO KOREA,12,30271,Denso,9709500-555,Москва
2025-12-28 14:11:01,Форсунка топливная 0445120212 Bosch,8,22964,Bosch,044 512 02 12,Москва
2025-12-28 14:11:01,Форсунка топливная 080V10100-6088 HOWO ORIG,14,27022,Howo,080V10100-6088,Москва
2025-12-28 14:11:01,Форсунка топливная 23670-E0250/095000-5274 J08E Евро 4 Hino 500 DENSO,8,32432,hino,23670-E0250,Москва
2025-12-28 14:11:01,Форсунка топливная 23670-E0360 E13C Евро 4 Hino 700 Denso,15,34366,Denso,23670-E0360,Москва
2025-12-28 14:11:01,Форсунка топливная 2830957 / 0445120007 / 0445120212 Iveco Orig !,1,18437,Iveco,2830957,Москва
2025-12-28 14:11:01,Форсунка топливная 33800-42500 Hyundai Porter DELPHI,2,4014,Дизель,33800-42500,Москва
2025-12-28 14:11:01,Форсунка топливная 33800-45701 HYUNDAI D4DD HD78/65 ORIG,2,40630,Hyundai-Kia,33800-45701,Москва
2025-12-28 14:11:01,Форсунка топливная 33800-4C940 Hyundai HD35/MIGHTY ORIG,1,29757,Hyundai-Kia,33800-4C940,Москва
2025-12-28 14:11:01,Форсунка топливная 5283275 JAC N120/Камаз Cummins ISF3.8,3,11572,JAC,5283275,Москва
2025-12-28 14:11:01,Форсунка топливная 8-98238-318-0/1/8-98076-995-1//8-98331-847-1 4JJ1-T E-4 NMR85 ORIG,5,35851,Isuzu,8-98238-318-0,Москва
2025-12-28 14:11:01,Форсунка топливная 9709500-714/33800-52000/095000-7140 DENSO KOREA,18,34346,Denso,9709500-714,Москва
2025-12-28 14:11:01,Форсунка топливная D-126649 / 095000-8633 / 8-98139-816-3 CYZ52 6WG1 Е-5 Дизель,1,19056,Дизель,D-126649,Москва
2025-12-28 14:11:01,Форсунка топливная D-128181 / 080V10100-6088/0445120578 HOWO Дизель,12,9186,Дизель,D-128181,Москва
2025-12-28 14:11:01,Форсунка топливная D-128476 / 1112010-36D (распыл 193) FAW E-2 Дизель,2,1884,Дизель,D-128476,Москва
2025-12-28 14:11:01,Хомут гофры глушителя широкий D-129743 / LC200SS d51мм Дизель,10,540,Дизель,D-129743,Москва
2025-12-28 14:11:01,Хомут гофры глушителя широкий D-129744 / LC225SS d57мм Дизель,10,544,Дизель,D-129744,Москва
2025-12-28 14:11:01,Хомут гофры глушителя широкий D-129745 / LC250SS d64мм Дизель,10,558,Дизель,D-129745,Москва
2025-12-28 14:11:01,Хомут гофры глушителя широкий D-129746 / LC275SS d70мм Дизель,10,568,Дизель,D-129746,Москва
2025-12-28 14:11:01,Хомут гофры глушителя широкий D-129747 / LC300SS d76мм Дизель,10,574,Дизель,D-129747,Москва
2025-12-28 14:11:01,Хомут гофры глушителя широкий D-129748 / LC350SS d89мм Дизель,10,584,Дизель,D-129748,Москва
2025-12-28 14:11:01,Хомут гофры глушителя широкий D-129749 / LC400SS d102мм Дизель,10,598,Дизель,D-129749,Москва
2025-12-28 14:11:01,Хомут гофры глушителя широкий D-129750 / LC450SS d114мм Дизель,10,645,Дизель,D-129750,Москва
2025-12-28 14:11:01,Хомут гофры глушителя широкий D-129751 / LC500SS d127мм Дизель,10,648,Дизель,D-129751,Москва
2025-12-28 14:11:01,Хомут патрубка A0019951910 / A001995191028 / 2300013080 / N000000000644 Mercedes ориг !,5,278,Mercedes,N 000000 000644,Москва
2025-12-28 14:11:01,Хомут повышенной прочности для глушителя D-129752 / SBC200 d51 mm Дизель,10,554,Дизель,D-129752,Москва
2025-12-28 14:11:01,Хомут повышенной прочности для глушителя D-129753 / SBC225 d57 mm Дизель,10,450,Дизель,D-129753,Москва
2025-12-28 14:11:01,Хомут повышенной прочности для глушителя D-129754 / SBC250 d63 mm Дизель,10,488,Дизель,D-129754,Москва
2025-12-28 14:11:01,Хомут повышенной прочности для глушителя D-129755 / SBC275 d70 mm Дизель,10,514,Дизель,D-129755,Москва
2025-12-28 14:11:01,Хомут повышенной прочности для глушителя D-129756 / SBC300 d76 mm Дизель,10,544,Дизель,D-129756,Москва
2025-12-28 14:11:01,Хомут повышенной прочности для глушителя D-129757 / SBC350 d89 mm Дизель,10,557,Дизель,D-129757,Москва
2025-12-28 14:11:01,Хомут повышенной прочности для глушителя D-129758 / SBC400 d102 mm Дизель,10,611,Дизель,D-129758,Москва
2025-12-28 14:11:01,Хомут червячный D-128841 12-20мм Дизель,20,55,Дизель,D-128841,Москва
2025-12-28 14:11:01,Хомут червячный D-128842 16-25мм Дизель,20,25,Дизель,D-128842,Москва
2025-12-28 14:11:01,Хомут червячный D-128843 16-27мм Дизель,20,58,Дизель,D-128843,Москва
2025-12-28 14:11:01,Хомут червячный D-128844 20-32мм Дизель,20,21,Дизель,D-128844,Москва
2025-12-28 14:11:01,Цепь ГРМ 1021120FD020 JAC N35 ORIG,1,2986,JAC,1021120FD020,Москва
2025-12-28 14:11:01,Цепь ГРМ 5-12536-031-1 3KC1 ORIG,1,11381,Isuzu,5-12536-031-1,Москва
2025-12-28 14:11:01,Цилиндр (гильза) компрессора 8-97614-056-0 F-series 6HK1 E-4 ORIG,1,9153,Isuzu,8-97614-056-0,Москва
2025-12-28 14:11:01,Цилиндр клапана горного тормоза D-127854 / HDE-016 / ME053885 / ME053895 / ME063716 MMC FUSO Дизель,2,1901,Дизель,D-127854,Москва
2025-12-28 14:11:01,Цилиндр подъема кабины D-126651 / 811W41723-6020 Sitrak C7H Дизель,1,9010,Дизель,D-126651,Москва
2025-12-28 14:11:01,Цилиндр раздатки A6592840485 Mercedes ориг !,1,4260,Mercedes,A 659 284 04 85,Москва
2025-12-28 14:11:01,Цилиндр сцепления главный MKG23852 4 3 с сенсором MAN 4 Series TGS STARKMEISTER S111395,1,10190,JMC,MKG23852,Москва
2025-12-28 14:11:01,Цилиндр сцепления главный WG9114230021 Howo,1,786,Howo,WG9114230021,Москва
2025-12-28 14:11:01,Цилиндр сцепления главный с бочком WG9719230013/3 Howo,1,1189,Howo,WG9719230013/3,Москва
2025-12-28 14:11:01,Цилиндр тормозной 47530-37111 Hino ориг,1,5609,hino,47530-37111,Москва
2025-12-28 14:11:01,Цилиндр тормозной 47540-37131 Hino ориг,1,4600,hino,47540-37131,Москва
2025-12-28 14:11:01,Чашка подушки (верх) D-129765 / 2902437-DC30 FAW Дизель,2,281,Дизель,D-129765,Москва
2025-12-28 14:11:01,Шайба A6562835152 Mercedes ориг !,1,288,Mercedes-Benz,A 656 283 51 52,Москва
2025-12-28 14:11:01,Шайба A6592833252 Mercedes ориг !,1,544,Mercedes-Benz,A 659 283 32 52,Москва
2025-12-28 14:11:01,Шайба амортизатора 54326-67101 Hyundai HD120/ County ORIG,1,92,Hyundai-Kia,54326-67101,Москва
2025-12-28 14:11:01,Шайба амортизатора 9-51631-040-0 ORIG,25,305,Isuzu,9-51631-040-0,Москва
2025-12-28 14:11:01,Шайба амортизатора кабины 86833-73012 Hyundai HD500 ORIG,2,26,Hyundai-Kia,86833-73012,Москва
2025-12-28 14:11:01,Шайба балансира упорная D-129766 / 1-28571-670-0 125*174 mm Isuzu Дизель,10,565,Дизель,D-129766,Москва
2025-12-28 14:11:01,Шайба балансира упорная D-129767 / XLD-M206-19 HINO 100*140*23 Дизель,1,1174,Дизель,D-129767,Москва
2025-12-28 14:11:01,Шайба вала балансира регулировочная 1-51389-033-1 CX#/CY#/CV#/EX# ORIG,8,180,Isuzu,1-51389-033-1,Москва
2025-12-28 14:11:01,Шайба вала балансира регулировочная D-128879 / 1-51389-033-1 CX# CY# CV# EX# Дизель,11,55,Дизель,D-128879,Москва
2025-12-28 14:11:01,Шайба вала балансира регулировочная D-129768 / XLD-M206-23 100*140*5 Дизель,2,433,Дизель,D-129768,Москва
2025-12-28 14:11:01,Шайба вала балансира стопорная D-125255 / 1-51382-010-4 CX#/CY#/CV#/EX# Дизель,1,1067,Дизель,D-125255,Москва
2025-12-28 14:11:01,Шайба вала балансира стопорная FDP-020/ D-021-1 MC040425 PM,2,3593,Paul Master,FDP-020,Москва
2025-12-28 14:11:01,Шайба вала тормозного D-128676 / 1880340022 26x37 HOWO Дизель,24,25,Дизель,D-128676,Москва
2025-12-28 14:11:01,Шайба конусная 2280225800 / N074361022351 / 0256152290 Mercedes/Europart,11,21,Europart,2280225800,Москва
2025-12-28 14:11:01,Шайба конусная G-012 /0141181 12mm skania 113 PM,2,131,Paul Master,G-012,Москва
2025-12-28 14:11:01,Шайба КПП регулировочная 8-97252-661-0 ID=70 T=1.68 ORIG,3,505,Isuzu,8-97252-661-0,Москва
2025-12-28 14:11:01,Шайба КПП регулировочная 8-97252-662-0 ID=70 T=1.74 ORIG,7,518,Isuzu,8972526620,Москва
2025-12-28 14:11:01,Шайба КПП стопорная 43517-5H000 Hyundai HD72/78/County ORIG,1,158,Hyundai-Kia,43517-5H000,Москва
2025-12-28 14:11:01,Шайба моста заднего D-126045 / HFF2403021-26CK1BZ JAC N350 Дизель,1,495,Дизель,D-126045,Москва
2025-12-28 14:11:01,"Шайба оцинкованная K100 DIN 125B 25,0 0254012507SKV/02.5401.25.07/6605025000",10,13,SKV,0254012507SKV,Москва
2025-12-28 14:11:01,Шайба пальца рессоры 54241-62002 HYUNDAI HD120 ORIG,2,140,Hyundai-Kia,54241-62002,Москва
2025-12-28 14:11:01,Шайба пробки поддона 21513-52000 HD72/78 D4GA ORIG,1,110,Hyundai-Kia,21513-52000,Москва
2025-12-28 14:11:01,Шайба прорезинная D-126046 / 13057039 JAC N350 WP10 E-5 Дизель,2,16,Дизель,D-126046,Москва
2025-12-28 14:11:01,"Шайба регулировочная 1-41349-026-0 T=5,20 C,F-series ORIG",1,1362,Isuzu,1-41349-026-0,Москва
2025-12-28 14:11:01,"Шайба регулировочная 1-41349-091-0 T=4,5 C,F-series ORIG",1,1480,Isuzu,1-41349-091-0,Москва
2025-12-28 14:11:01,Шайба регулировочная КПП 8-97252-671-0 ID=62 T=2.59 MYY6S N-series ORIG,2,166,Isuzu,8-97252-671-0,Москва
2025-12-28 14:11:01,Шайба рессорного пальца (втулки) D-127382 / 1-51169-018-0 CYZ51/FVR34 Дизель,10,187,Дизель,D-127382,Москва
2025-12-28 14:11:01,"Шайба рессорных пальцев D-129773 / WSP-06 28*50*2,5 Дизель",20,37,Дизель,D-129773,Москва
2025-12-28 14:11:01,Шайба сателлита D-128966 / 199012320150 D=24 HOWO Дизель,1,37,Дизель,D-128966,Москва
2025-12-28 14:11:01,"Шайба сливной пробки поддона ID=14,2 OD=24 8-94158-328-0 F,N-series ORIG",2,176,Isuzu,8-94158-328-0,Москва
2025-12-28 14:11:01,Шайба стопорная D-128880 / 8-98084-561-0 / 1-09533-012-1 передняя подвеска ID=48 CYZ51 Дизель,10,310,Дизель,D-128880,Москва
2025-12-28 14:11:01,Шайба стопорная D-129776 / Q43112 JAC N350 Дизель,1,19,Дизель,D-129776,Москва
2025-12-28 14:11:01,Шайба стопорная D-129862 / WG2229100021 HOWO T5G Дизель,4,367,Дизель,D-129862,Москва
2025-12-28 14:11:01,Шайба стопорная балансира Scania 116241 DieselTechnic !,1,334,Diesel Technic,1.16241,Москва
2025-12-28 14:11:01,Шайба стопорная передней подвески ID=48 8-98084-561-0/1-09533-012-1 CYZ51 ORIG,1,505,Isuzu,8-98084-561-0,Москва
2025-12-28 14:11:01,Шайба стремянки D=23 DIN125A 0254012307SKV / 02.5401.23.07,9,11,SKV,0254012307SKV,Москва
2025-12-28 14:11:01,Шайба ступицы D-128881 / 9-09653-002-0 / 9-09653-002-1 ISUZU Дизель,14,172,Дизель,D-128881,Москва
2025-12-28 14:11:01,Шайба ступицы DA-003-1/dkl-003 90042-14003 PM,3,198,Paul Master,DA-003-1,Москва
2025-12-28 14:11:01,Шайба ступицы FV-026-2/Fkb-026 MC817032 PM,1,675,Paul Master,FKB-026,Москва
2025-12-28 14:11:01,Шайба ступицы FV-028-1 / MC-814781 / FIL-028 / PM,2,476,Paul Master,FV-028-1,Москва
2025-12-28 14:11:01,Шайба ступицы FV-028-2 / FIB-028 / MC828600 PM,3,592,Paul Master,FV-028-2,Москва
2025-12-28 14:11:01,Шайба ступицы UD-045-2 / UIB-045 40036-90017 PM,2,617,Paul Master,UD-045-2,Москва
2025-12-28 14:11:01,Шайба ступицы UD-046-1/UKL-046/38444-00Z00 PM,2,634,Paul Master,UKL-046,Москва
2025-12-28 14:11:01,Шайба уплот.регулир. втулки балансира D-127256/12857-15400 125*175*7mm XLD,10,673,XLD,D-127256,Москва
2025-12-28 14:11:01,Шайба уплотнительная 082V56631-0110 Howo ORIG,275,69,Howo,082V56631-0110,Москва
2025-12-28 14:11:01,Шайба уплотнительная 211.030/060.027 Sampa,2,42,Sampa,211.030,Москва
2025-12-28 14:11:01,Шайба уплотнительная D-128182 / 082V56631-0110 Howo Дизель,10,137,Дизель,D-128182,Москва
2025-12-28 14:11:01,Шайба уплотнительная WW-008 / WW-001-08 (8*12mm) PM,2,20,Paul Master,WW-001-08,Москва
2025-12-28 14:11:01,Шайба уплотнительная WW-012A / WW-001-12A (12*18mm) PM,2,41,Paul Master,WW-12A,Москва
2025-12-28 14:11:01,Шайба уплотнительная WW-014/ WW-001-14 (14x20mm) PM,8,39,Paul Master,WW-14,Москва
2025-12-28 14:11:01,Шайба уплотнительная WW-18 / WW-001-18 (18*26mm) PM,4,40,Paul Master,WW-001-18,Москва
2025-12-28 14:11:01,Шайба уплотнительная XW-008 / XW-001-08 (8*12mm) PM,3,19,Paul Master,XW-08,Москва
2025-12-28 14:11:01,Шайба уплотнительная XW-010/ XW-001-10 (10*15mm) PM,1,39,Paul Master,XW-001-10,Москва
2025-12-28 14:11:01,Шайба уплотнительная XW-16 / XW-001-16 (16*22mm) PM,3,39,Paul Master,XW-001-16,Москва
2025-12-28 14:11:01,Шайба уплотнительная XW-20 / XW-001-20 (20*26mm) PM,2,28,Paul Master,XW-001-20,Москва
2025-12-28 14:11:01,Шайба уплотнительная медная 612600150106 JAC ORIG,40,62,JAC,612600150106,Москва
2025-12-28 14:11:01,Шайба упорная A3463532662 Mercedes,1,1564,Mercedes,A 346 353 26 62,Москва
2025-12-28 14:11:01,Шайба упорная балки моста 116396 Mercedes/ DieselTechnic !,2,1232,Diesel Technic,1.16396,Москва
2025-12-28 14:11:01,Шайба форсунки 5288374 JAC N120 ISF3.8S5169,8,60,Дизель,5288374,Москва
2025-12-28 14:11:01,Прокладка топливной форсунки 8-97171-331-0 ORIG,3,535,Isuzu,8-97171-331-0,Москва
2025-12-28 14:11:01,Шайба форсунки D-126985 / 612639000064 медь SHACMAN WP12 Дизель,8,33,Дизель,D-126985,Москва
2025-12-28 14:11:01,Шайба форсунки D-126986 / 1112306-29D FAW E-2/3 Дизель,12,33,Дизель,D-126986,Москва
2025-12-28 14:11:01,Шайба форсунки впрыска топлива A0000171560 / A9060170260 / 2430105049 Mercedes/BOSCH !,2,480,Bosch,2 430 105 049,Москва
2025-12-28 14:11:01,"Шайба шестерни редуктора (саттелита) 1-41552-017-0 T=1.6 C,E-series ORIG",1,669,Isuzu,1-41552-017-0,Москва
2025-12-28 14:11:01,Шайба шкворня 1-43171-189-0 ORIG,1,1065,Isuzu,1-43171-189-0,Москва
2025-12-28 14:11:01,Шайба шкворня 8-94168-490-0 N-series ORIG,3,390,Isuzu,8-94168-490-0,Москва
2025-12-28 14:11:01,Шайба шкворня 8-94174-352-0 N-series ORIG,49,305,Isuzu,8-94174-352-0,Москва
2025-12-28 14:11:01,Шайба шкворня D-125139 / 8-94168-490-0 N-series Дизель,4,114,Дизель,D-125139,Москва
2025-12-28 14:11:01,Шайба шкворня D-127752 / 3001203N JAC N90 Дизель,14,18,Дизель,D-127752,Москва
2025-12-28 14:11:01,Шайба шкворня регулировочная (T=0.12) 1-43171-343-0 FSR90 ORIG,2,519,Isuzu,1-43171-343-0,Москва
2025-12-28 14:11:01,Шайба шкворня регулировочная (T=0.40) 1-43171-345-0 FSR90 ORIG,3,759,Isuzu,1-43171-345-0,Москва
2025-12-28 14:11:01,Шайба шкворня регулировочная (T=0.55) 8-94162-575-0 N-series ORIG,6,275,Isuzu,8-94162-575-0,Москва
2025-12-28 14:11:01,Шайба шкворня регулировочная (T=0.80) 1-43171-341-0 FSR90 ORIG,9,759,Isuzu,1431713410,Москва
2025-12-28 14:11:01,Шайба шкива коленвала 5-09503-127-1 ID=16.5 OD=45 T=12 4JJ1 N-Serie ORIG,1,394,Isuzu,5-09503-127-1,Москва
2025-12-28 14:11:01,Шайба шкива на лобовине E-019 13437-1300 FH/FN/FR2K# FW1K# PM !,2,1293,Paul Master,E-019,Москва
2025-12-28 14:11:01,Шаровая опора верхняя 40110-T3060 NISSAN ATLAS F22/23 Y,2,1123,Yamasida,40110-T3060,Москва
2025-12-28 14:11:01,Шаровая опора верхняя MK332301/MC120301/MK471888-01/MK471889-01 MMC FB50#/FE50# Y,1,1322,Yamasida,MK332301,Москва
2025-12-28 14:11:01,Шаровая опора нижняя 8-98025-499-0 ISUZU NKR55 4HF1 Y,1,2911,Yamasida,8-98025-499-0,Москва
2025-12-28 14:11:01,Шаровая опора нижняя ISUZU 8-97142-452-1 NPR55 NKR58 NHR '90-'92 LOW(M16X1.5) Y,2,1621,Yamasida,8-97142-452-1,Москва
2025-12-28 14:11:01,Шаровая опора нижняя MAZDA W628-34-550 TITAN TRUCK T3000/3500 WHF/WHS5T LOW CH,1,3521,Chase,W628-34-550,Москва
2025-12-28 14:11:01,Шаровая опора нижняя NISSAN 40161-48W25/40161-T3060 ATLAS F22# 89-92 L Y,2,1471,Yamasida,40161-48W25,Москва
2025-12-28 14:11:01,Шаровая опора нижняя S47P-34-550A MAZDA TITAN SYE6T / BONGO Y,2,1815,Yamasida,S47P-34-550A,Москва
2025-12-28 14:11:01,Шаровое соединение тяги стаб D-126047 / 55540-Y3070-1 JAC N350 Дизель,3,2323,Дизель,D-126047,Москва
2025-12-28 14:11:01,Шатун D-125020 / 8-97135-032-0 4HF1 4HG1 NKR/NPR/NQR/NKS/NPS/FRD/FRR/FSD/FSR 98~ Дизель,4,2815,Дизель,D-125020,Москва
2025-12-28 14:11:01,Шатун D-126048 / 612600030042 JAC N350 WP10 E-5 Дизель,2,4915,Дизель,D-126048,Москва
2025-12-28 14:11:01,Шатун D-128491 / 61500030009 HOWO E-2 WD615 WP10 Дизель,4,3158,Дизель,D-128491,Москва
2025-12-28 14:11:01,Шатун D-129779 / 1004020A81D FAW J6 CA6DM2 Дизель,3,4978,Дизель,D-129779,Москва
2025-12-28 14:11:01,Шатун D-129780 / 1004020B630-0000 FAW CA6DL2 Дизель,5,3429,Дизель,D-129780,Москва
2025-12-28 14:11:01,Шатун двигателя 4BG1/6BG1 1-12230-129-2 ORIG,2,13028,Isuzu,1-12230-129-2,Москва
2025-12-28 14:11:01,Шатун двигателя 8-97310-351-0 3LD1/4LB1/4LE1 ORIG,1,9626,Isuzu,8-97310-351-0,Москва
2025-12-28 14:11:01,Шатун двигателя D-129782 / 1004020-36D FAW CA6DL2 Дизель,4,3728,Дизель,D-129782,Москва
2025-12-28 14:11:01,Шатун поршня D-125488 / 8-97388-921-2/0 4JJ1-TC NLR85 Дизель,2,2421,Дизель,D-125488,Москва
2025-12-28 14:11:01,Шестерня 145616 /A3892622711 / 60531049 Mercedes/CEI !,1,22481,CEI,145.616,Москва
2025-12-28 14:11:01,Шестерня 3-й передачи КПП D-125242 / 8-98168-499-0 Z=29 MZW6P F-series Дизель,1,5554,Дизель,D-125242,Москва
2025-12-28 14:11:01,Шестерня 3-й передачи КПП D-125243 / 8-97241-234-0 Z=34 MYY5T/MYY6S N-серия ISUZU Дизель,1,5122,Дизель,D-125243,Москва
2025-12-28 14:11:01,Шестерня 3-й передачи КПП D-126049 / 6G120-3311B1 второй вал JAC Дизель,1,4828,Дизель,D-126049,Москва
2025-12-28 14:11:01,Шестерня 3-й передачи КПП D-128102 / 8-97241-234-0 Z=34 MYY5T/MYY6S N-серия ISUZU Дизель,1,4455,Дизель,D-128102,Москва
2025-12-28 14:11:01,Шестерня 3-передачи на втор валу кпп 6G120-3311B1 JAC ORIG,1,5481,JAC,6G120-3311B1,Москва
2025-12-28 14:11:01,"Шестерня 4-8 передачи 1-33253-718-0/8-98326-818-0 Z=29 КПП C,E-series ORIG",1,35864,Isuzu,1-33253-718-0,Москва
2025-12-28 14:11:01,Шестерня 4-й передачи 8-97241-230-0 Z=28 КПП MYY6S N-series ORIG,1,16739,Isuzu,8-97241-230-0,Москва
2025-12-28 14:11:01,Шестерня 5-ой передачи ME536703 Fuso Canter TF E-5 ORIG,17,20498,Mitsubishi,ME536703,Москва
2025-12-28 14:11:01,Шестерня 6-й передачи КПП 6G120-3611B1 / 6G120-3611B3 главный вал JAC Дизель,1,3340,Дизель,D-126050,Москва
2025-12-28 14:11:01,Шестерня 6-й передачи КПП D-125019 / 8-97386-582-0 Z=21 MYY6S ISUZU Дизель,1,2314,Дизель,D-125019,Москва
2025-12-28 14:11:01,Шестерня 6-й передачи КПП D-125228 / 8-98137-256-0 Z=46 F-series Дизель,1,8224,Дизель,D-125228,Москва
2025-12-28 14:11:01,Шестерня 6-й передачи КПП D-125245 / 8-97386-580-0 Z=50 MYY6S N-серия ISUZU Дизель,3,8361,Дизель,D-125245,Москва
2025-12-28 14:11:01,Шестерня 6-й передачи КПП D-125246 / 8-97386-582-0 Z=21 MYY6S ISUZU Дизель,2,2574,Дизель,D-125246,Москва
2025-12-28 14:11:01,Шестерня 6-й передачи КПП D-128153 / 8-97386-580-0 Z=50 MYY6S N-серия ISUZU Дизель,2,7770,Дизель,D-128153,Москва
2025-12-28 14:11:01,Шестерня 6-передачи (главный вал) 6G120-3611B1 JAC ORIG,2,3474,JAC,6G120-3611B1,Москва
2025-12-28 14:11:01,Шестерня бортового редуктора D-128394 / 712W35114-0174 SITRAK Дизель,3,1950,Дизель,D-128394,Москва
2025-12-28 14:11:01,Шестерня вала конической передачи D-129807 / 41254-1120/S4115-E0050/KD913 HINO 700 / HINO 500 Дизель,2,26947,Дизель,D-129807,Москва
2025-12-28 14:11:01,Шестерня воздушного компрессора 1-12524-164-1/1-12524-111-1/1-12524-087-6 C-series 6WG1 ORIG,1,14148,Isuzu,1-12524-164-1,Москва
2025-12-28 14:11:01,Шестерня ГРМ D-128023 / 8-94395-943-1 Z=33 F-series 6HK1 E-4 Дизель,1,1822,Дизель,D-128023,Москва
2025-12-28 14:11:01,Шестерня ГРМ Z=45 1-12523-371-1/1-12523-215-3 C-series 6WG1 ORIG,1,40859,Isuzu,1-12523-371-1,Москва
2025-12-28 14:11:01,Шестерня ГРМ Z=54 1-12522-060-0/1-12522-055-2/1-12522-043-1/1-12522-035-3 C-series 6WG1 ORIG,1,33479,Isuzu,1-12522-060-0,Москва
2025-12-28 14:11:01,Шестерня ГРМ Z=64-36 1-12523-366-1/1-12523-366-0/1-12523-334-0 C-series 6WG1 ORIG,1,60680,Isuzu,1-12523-366-1,Москва
2025-12-28 14:11:01,Шестерня ГРМ Z=90 1-12523-369-1/1-12523-313-0/1-12523-270-0/1-12523-213-1 C-series 6WG1 ORIG,1,45415,Isuzu,1-12523-369-1,Москва
2025-12-28 14:11:01,Шестерня ГРМ промежуточная верхняя 8-97381-520-3 Z=35 NLR/NMR-85 4JJ1 ORIG,1,7388,Isuzu,8-97381-520-3,Москва
2025-12-28 14:11:01,Шестерня к/вала Z=48 1-12521-061-2/1-12521-048-6 C-series 6WG1 ORIG,1,26048,Isuzu,1-12521-061-2,Москва
2025-12-28 14:11:01,Шестерня компрессора 461255/A5411300630 / A4421300330 DieselTechnic !,1,27154,Diesel Technic,4.61255,Москва
2025-12-28 14:11:01,Шестерня КПП (задняя передача) 1-33361-070-1 Z=27 C-series ORIG,1,74225,Isuzu,1-33361-070-1,Москва
2025-12-28 14:11:01,Шестерня КПП 1-33253-657-0 Z=29 C-series ORIG,1,33102,Isuzu,1-33253-657-0,Москва
2025-12-28 14:11:01,"Шестерня КПП 1-34371-019-0 Z=86 C,E-series ORIG",1,44200,Isuzu,1-34371-019-0,Москва
2025-12-28 14:11:01,Шестерня КПП 2-ой передачи Z-1701220-00-00 JAC N35 ORIG,1,4128,JAC,Z-1701220-00-00,Москва
2025-12-28 14:11:01,"Шестерня КПП 3-й передачи 1-33253-704-1 Z= 41 C,E-series ORIG",1,44004,Isuzu,1-33253-704-1,Москва
2025-12-28 14:11:01,Шестерня КПП 8-98198-297-0/8-98168-502-0/8-97377-682-0/8-98137-250-0 F-series ORIG,3,22595,Isuzu,8981982970,Москва
2025-12-28 14:11:01,Шестерня КПП QD43250T-00400 HYUNDAI HD65/78 ORIG,1,15757,Hyundai-Kia,QD43250T-00400,Москва
2025-12-28 14:11:01,Шестерня КПП Z-1701872-00-00 JAC N35 ORIG,1,1835,JAC,Z-1701872-00-00,Москва
2025-12-28 14:11:01,Шестерня КПП делителя Z=40/17 D-128156 / 12JS160T-1707030 SHACMAN Дизель,1,2683,Дизель,D-128156,Москва
2025-12-28 14:11:01,Шестерня КПП заднего хода ME536704 Fuso Canter TF ORIG,2,48157,Mitsubishi,ME536704,Москва
2025-12-28 14:11:01,Шестерня КПП пром вала Z-1701351-00-00 JAC N35 ORIG,3,3711,JAC,Z-1701351-00-00,Москва
2025-12-28 14:11:01,Шестерня масляного насоса 1005013FB JAC N35 ORIG,2,2798,JAC,1005013FB,Москва
2025-12-28 14:11:01,Шестерня масляного насоса 1005013FB040 JAC N35 ORIG,1,2250,JAC,1005013FB040,Москва
2025-12-28 14:11:01,Шестерня насоса наружного 60531063 /A3892690706 / A3892691206 Mercedes/ Euroricambi !,2,1592,Euroricambi,60.53.1063,Москва
2025-12-28 14:11:01,Шестерня привода спидометра Z=12 8-97253-563-1 MYY5T/MZZ6U N series ORIG,1,2622,Isuzu,8-97253-563-1,Москва
2025-12-28 14:11:01,Шестерня привода ТНВД 8-98017-539-1 4JJ1 N-Serie ORIG,1,10211,Isuzu,8-98017-539-1,Москва
2025-12-28 14:11:01,Шестерня привода ТНВД 8-98017-915-0 Z=35 4HK1 N-series ORIG,3,7870,Isuzu,8-98017-915-0,Москва
2025-12-28 14:11:01,Шестерня распредвала 8-97601-946-2 Z=35 6HK1-T ORIG,1,9867,Isuzu,8-97601-946-2,Москва
2025-12-28 14:11:01,Шестерня распредвала D-126052 / 61560050053 промежуточная JAC N350 WP10 E-5 Дизель,1,1664,Дизель,D-126052,Москва
2025-12-28 14:11:01,Шестерня распредвала D-126053 / 614050053 JAC N350 WP10 E-5 Дизель,1,1814,Дизель,D-126053,Москва
2025-12-28 14:11:01,"Шестерня редуктора (саттелит) 1-41551-055-0 Z=10 C,E-series ORIG",3,9105,Isuzu,1-41551-055-0,Москва
2025-12-28 14:11:01,Шестерня топливного насоса 5291204 JAC N120/Камаз Cummins ISF3.8 Е-5 ORIG,4,2083,Дизель,5291204,Москва
2025-12-28 14:11:01,Шестерня цепи ГРМ 24340-4A000 HYUNDAI PORTER II ORIG,12,2741,Hyundai-Kia,24340-4A000,Москва
2025-12-28 14:11:01,Шкворень 5801542556 IVECO/HONGYAN,2,1019,Дизель,5801542556,Москва
2025-12-28 14:11:01,Шкворень D-126055 / HFF3001041CK5G JAC N350 Дизель,5,3450,Дизель,D-126055,Москва
2025-12-28 14:11:01,Шкворень D-127754 / 30D5-01021 JAC N120 LE35S Дизель,3,1230,Дизель,D-127754,Москва
2025-12-28 14:11:01,Шкворень D-129789 / WG4071415005 / AZ4071415005 Sitrak C7H Дизель,4,2190,Дизель,D-129789,Москва
2025-12-28 14:11:01,Шкворень нижний 4459026 Iveco Orig !,1,5390,Iveco,4459026,Москва
2025-12-28 14:11:01,Шкворень седельно-сцепного устройства (в сборе с тарелкой) D-130013 / KZ1412 Дизель,1,7090,Дизель,D-130013,Москва
2025-12-28 14:11:01,Шкворневой ремкомплект 30*180 K56771-45600 Hyundai HD72-78 ORIG,9,7884,Hyundai-Kia,K56771-45600,Москва
2025-12-28 14:11:01,Шкворневой ремкомплект 35*190 K56771-62001 Hyundai HD120/AeroTown ORIG,6,11925,Hyundai-Kia,K56771-62001,Москва
2025-12-28 14:11:01,Шкворневой ремкомплект A6553300719 / 490878 Mercedes/DieselTechnic !,1,4825,Diesel Technic,4.90878,Москва
2025-12-28 14:11:01,Шкворневой ремкомплект HD2.5T County/Canter 28*180 mm NY-524/K5677 145000 Nam Yang,18,1359,NamYang,HD2.5T,Москва
2025-12-28 14:11:01,Шкворневой ремкомплект KP-425 / MT-05 28*160 mm NAM YANG,1,3214,Namyang,NY-425,Москва
2025-12-28 14:11:01,Шкворневой ремкомплект KP-427 / MT-07 28*160 mm NAM YANG,2,3214,Namyang,NY-427,Москва
2025-12-28 14:11:01,"Шкворневой ремкомплект КР-324 / MH-60 43231-1320 35*186,5 mm Nam Yang",5,1610,NamYang,43231-1320,Москва
2025-12-28 14:11:01,Шкив водяного насоса 201V06503-0384 HOWO T5G MC11,2,905,Дизель,201V06503-0384,Москва
2025-12-28 14:11:01,Шкив водяного насоса QC000392 Fuso Canter TF ORIG,1,132579,Mitsubishi,QC000392,Москва
2025-12-28 14:11:01,Шланг A0008313088 Mercedes ориг !,1,8994,Mercedes-Benz,A 000 831 30 88,Москва
2025-12-28 14:11:01,Шланг A9405530282 Mercedes ориг !,2,5098,Mercedes,A9405530282,Москва
2025-12-28 14:11:01,Шланг A9405530482 / 410345 Mercedes ориг !,2,1351,Mercedes,A 940 553 04 82,Москва
2025-12-28 14:11:01,Шланг A9405532982 Mercedes ориг !,1,6186,Mercedes,A 940 553 29 82,Москва
2025-12-28 14:11:01,Шланг вакуумный MK629094 Fuso Canter ORIG,2,23159,Mitsubishi,MK629094,Москва
2025-12-28 14:11:01,Шланг гидроцилиндра поворота 2-й оси (с трубкой) D-126813/DZ95319470260 SHACMAN X3000 Дизель,1,1407,Дизель,D-126813,Москва
2025-12-28 14:11:01,Шланг ГУРа 8-98128-170-1 FVR ORIG,1,7389,Isuzu,8-98128-170-1,Москва
2025-12-28 14:11:01,Шланг радиатора D-125046 / 8-98006-452-0 700P 4HK1 RAD INL Дизель,2,454,Дизель,D-125046,Москва
2025-12-28 14:11:01,Шланг радиатора D-125694 / 8-98006-452-0 700P 4HK1 RAD INL Дизель,1,668,Дизель,D-125694,Москва
2025-12-28 14:11:01,Шланг радиатора D-126375 / 8-97147-472-0 / 8-97128-675-0 4HF1 4HG1 INL Дизель,2,491,Дизель,D-126375,Москва
2025-12-28 14:11:01,Шланг соединительный подъёма каб. WG9112820005 (к-т) Н,2,1460,Howo,WG9112820005,Москва
2025-12-28 14:11:01,Шланг тормозной 0-57847-430-1 ORIG,7,9865,Isuzu,0-57847-430-1,Москва
2025-12-28 14:11:01,Шланг тормозной 8-97039-543-1 ISUZU NPR/NQR/NHS/NPS 71/75 94~ RHD/LHD передний Y,2,775,Yamasida,8-97039-543-1,Москва
2025-12-28 14:11:01,Шланг тормозной 8-97077-458-0 ISUZU NKR/NPR RHD/LHD 99~ RR Y,1,1002,Yamasida,8-97077-458-0,Москва
2025-12-28 14:11:01,Шланг тормозной 8-97089-061-0 ISUZU NKR/NPR/NPS/FRR/FTR 93~ RHD/LHD RR Y,2,738,Yamasida,8-97089-061-0,Москва
2025-12-28 14:11:01,Шланг тормозной 8-97230-284-1 ISUZU NKR/NLR/NMR 99~ RHD/LHD RR Y,6,507,Yamasida,8-97230-284-1,Москва
2025-12-28 14:11:01,Шланг тормозной 8-97358-770-2 ISUZU NKR/NHR/NLR/NMR 04~ RHD/LHD FR Y,7,1725,Yamasida,8-97358-770-2,Москва
2025-12-28 14:11:01,Шланг тормозной 8-97365-481-0 ISUZU NPR/NQR/NNR 03~ RHD/LHD FR Y,1,1360,Yamasida,8-97365-481-0,Москва
2025-12-28 14:11:01,Шланг тормозной 8-97366-925-0 ISUZU NKR/NHR/NLR/NMR 03~ RHD/LHD FR Y,1,986,Yamasida,8-97366-925-0,Москва
2025-12-28 14:11:01,Шланг тормозной 90947-02D85 LP-5781-2 Хино 300 Е-3/4 задний LH Y,2,1125,Yamasida,90947-02D85,Москва
2025-12-28 14:11:01,Шланг тормозной 90947-02D86 LP-5781-3 HINO 300 E-3/4 передний RH ORIG,3,2609,hino,90947-02D86,Москва
2025-12-28 14:11:01,Шланг тормозной 90947-02D86 LP-5781-3 Хино 300 E-3/4 передний RH Y,2,965,Yamasida,90947-02D86,Москва
2025-12-28 14:11:01,Шланг тормозной 90947-02D87 LP-5781-4 HINO 300 Е-3/4 передний LH ORIG,4,2609,hino,90947-02D87,Москва
2025-12-28 14:11:01,Шланг тормозной 90947-02D87 LP-5781-4 Хино 300 Е-3/4 передний LH Y,2,994,Yamasida,90947-02D87,Москва
2025-12-28 14:11:01,Шланг тормозной 90947-02E74 LP-5781-5 Хино 300 Е-3/4 задний RH Y,4,1082,Yamasida,90947-02E74,Москва
2025-12-28 14:11:01,Шланг тормозной D-127931 / 3506040-367 передний FAW Дизель,1,337,Дизель,D-127931,Москва
2025-12-28 14:11:01,Шланг тормозной D-128277 / 8-97039-543-1 передний ISUZU NPR/NQR/NHS/NPS 71/75 94~ RHD/LHD Дизель,2,702,Дизель,D-128277,Москва
2025-12-28 14:11:01,Шланг тормозной D-128278 / 9004-72253 HINO RANGER Дизель,2,750,Дизель,D-128278,Москва
2025-12-28 14:11:01,Шланг тормозной D-128279 / MB060470 CANTER Дизель,6,629,Дизель,D-128279,Москва
2025-12-28 14:11:01,Шланг тормозной D-128280 / MB162206 CANTER/FUSO CANTER Дизель,10,715,Дизель,D-128280,Москва
2025-12-28 14:11:01,Шланг тормозной D-128281 / MB295682 Дизель,9,664,Дизель,D-128281,Москва
2025-12-28 14:11:01,Шланг тормозной D-128282 / W024-43-810A / W024-43-810B Mazda Titan Дизель,2,667,Дизель,D-128282,Москва
2025-12-28 14:11:01,Шланг тормозной D-128724 / DZ9100360163 L=610 передний SHAANXI F3000 Дизель,1,359,Дизель,D-128724,Москва
2025-12-28 14:11:01,Шланг тормозной SH30097S/BH-004460 MB004461 CANTER/FUSO CANTER Y,5,788,Yamasida,SH-30097S,Москва
2025-12-28 14:11:01,Шланг тормозной SH30437/BH-7014 MB060470 CANTER Y,1,700,Yamasida,SH-30437,Москва
2025-12-28 14:11:01,Шланг тормозной SH30577S/BH-7026 MB162206 CANTER/FUSO CANTER Y,1,698,Yamasida,SH-30577S,Москва
2025-12-28 14:11:01,Шланг тормозной SH30737/BH-G337 MH031865 FUSO Y,3,849,Yamasida,SH-30737,Москва
2025-12-28 14:11:01,Шланг тормозной SH30947/BH-7059 MB295681 Y,4,813,Yamasida,SH-30947,Москва
2025-12-28 14:11:01,Шланг тормозной SH30957/BH-7060 MB295682 Y,2,738,Yamasida,SH-30957,Москва
2025-12-28 14:11:01,Шланг тормозной SH31047/BH-7075 / MB334309/MC862668/MH033223 LP-5871 Y,1,917,Yamasida,SH-31047,Москва
2025-12-28 14:11:01,Шланг тормозной SH31307 / MH031885 / 033775 FUSO Yamasida,1,1019,Yamasida,MH031885,Москва
2025-12-28 14:11:01,Шланг тормозной SH31757/ MH033228/MC869834 Y,3,733,Yamasida,SH-31757,Москва
2025-12-28 14:11:01,Шланг тормозной SH40767/BH-02492 90947-02523/02492 Y,1,676,Yamasida,SH-40767,Москва
2025-12-28 14:11:01,Шланг тормозной SH40806/BH-95002/90947-02470/02386/96950-33305 Y,2,760,Yamasida,SH-40806,Москва
2025-12-28 14:11:01,Шланг тормозной SH41747/BH-02249 90947-02566 Dyna/TOYOACE Y,2,857,Yamasida,SH-41747,Москва
2025-12-28 14:11:01,Шланг тормозной SH41957/BH-97003 96912-34105 Dyna/TOYOACE Y,2,356,Yamasida,SH-41957,Москва
2025-12-28 14:11:01,Шланг тормозной SH42167/BH-02431 90947-02521 Dyna/TOYOACE Y,2,334,Yamasida,SH-42167,Москва
2025-12-28 14:11:01,Шланг тормозной SH42657/BH-02477/90947-02477 Y,4,751,Yamasida,90947-02477,Москва
2025-12-28 14:11:01,Шланг тормозной SH42897/BH-02567 90947-02567/90947-02744 Dyna/TOYOACE Y,2,431,Yamasida,SH-42897,Москва
2025-12-28 14:11:01,Шланг тормозной SH50707 BH-48046/46204-89946 41S10 Y,2,447,Yamasida,SH-50707,Москва
2025-12-28 14:11:01,Шланг тормозной SH50727/BH49032 46204-41S10 ATLAS F23 Y,2,1082,Yamasida,SH-50727,Москва
2025-12-28 14:11:01,Шланг тормозной SH50737/46214-01A22/46204-89922 Y,2,736,Yamasida,SH-50737,Москва
2025-12-28 14:11:01,Шланг тормозной SH51077/BH-9022 46201-Z5007 NISSAN CONDOR Y,1,964,Yamasida,SH-51077,Москва
2025-12-28 14:11:01,Шланг тормозной SH51927/BH-39027 46210-20N00 ATLAS F23 Y,2,1107,Yamasida,SH-51927,Москва
2025-12-28 14:11:01,Шланг тормозной SH52077/BH-39037 46210-22T01 ATLAS F23 Y,2,1152,Yamasida,SH-52077,Москва
2025-12-28 14:11:01,Шланг тормозной SH52317/BH-U215 46201-00Z13 NISSAN BIG THUMB Y,1,908,Yamasida,SH-52317,Москва
2025-12-28 14:11:01,Шланг тормозной SH52527/46210-21 OTO11 Y,2,312,Yamasida,SH-52527,Москва
2025-12-28 14:11:01,Шланг тормозной SH52557/BH-N453 46210-0T801 Y,2,1595,Yamasida,SH-52557,Москва
2025-12-28 14:11:01,Шланг тормозной SH80247S/BH-6927 1-09364-129-0/0-05313-500-0/1-09364-090-0/1 ISUZU FORWARD Y,3,935,Yamasida,SH-80247S,Москва
2025-12-28 14:11:01,Шланг тормозной SH80337/BH-6912 1-09364-189-0 Y,2,809,Yamasida,SH-80337,Москва
2025-12-28 14:11:01,Шланг тормозной SH80347S 9004-72129 Y,2,932,Yamasida,SH-80347S,Москва
2025-12-28 14:11:01,Шланг тормозной SH80687S/BH-4551 9004-72171 HINO PROFIY Y,2,908,Yamasida,SH-80687S,Москва
2025-12-28 14:11:01,Шланг тормозной SH80837/BH-4550 9004-72173 HINO PROFIY Y,2,1218,Yamasida,SH-80837,Москва
2025-12-28 14:11:01,Шланг тормозной SH80847/BH-4557 9004-72177 HINO PROFIY Y,2,1005,Yamasida,SH-80847,Москва
2025-12-28 14:11:01,Шланг тормозной SH80857/BH-4560 9004-72194 HINO PROFIY Y,2,983,Yamasida,SH-80857,Москва
2025-12-28 14:11:01,Шланг тормозной SH80867/BH-4558 9004-72195 HINO PROFIY Y,2,884,Yamasida,SH-80867,Москва
2025-12-28 14:11:01,Шланг тормозной SH80877/BH-E311 1-09364-436-0 ISUZU FORWARD Y,2,789,Yamasida,SH-80877,Москва
2025-12-28 14:11:01,Шланг тормозной SH80907/BH-0564 1-09364-197-0 ISUZU GIGA Y,2,1107,Yamasida,SH-80907,Москва
2025-12-28 14:11:01,Шланг тормозной SH80927/BH-0562 1-09364-190-0 ISUZU GIGA Y,2,885,Yamasida,SH-80927,Москва
2025-12-28 14:11:01,Шланг тормозной SH81077/BH-4563 9004-72253 HINO RANGER Y,2,885,Yamasida,SH-81077,Москва
2025-12-28 14:11:01,Шланг тормозной SH81317/BH-6974 8-94468-727-1 ISUZU ELF Y,2,653,Yamasida,SH-81317,Москва
2025-12-28 14:11:01,Шланг тормозной SH81577/BH-E321 8-97035-064-0 ISUZU ELF Y,2,1225,Yamasida,8-97035-064-0,Москва
2025-12-28 14:11:01,Шланг тормозной SH81727 8-97039-542-0 ISUZU ELF Y,2,1214,Yamasida,SH-81727,Москва
2025-12-28 14:11:01,Шланг тормозной передний 8-98090-844-0 F-series ORIG,16,4640,Isuzu,8980908440,Москва
2025-12-28 14:11:01,Шпилька 51775-8A101 HYUNDAI HD120 ORIG,6,317,Hyundai-Kia,51775-8A101,Москва
2025-12-28 14:11:01,"Шпилька 8-97378-062-0 M8*25 L=36 N,F-series ORIG",3,179,Isuzu,8-97378-062-0,Москва
2025-12-28 14:11:01,"Шпилька 9-09878-626-0 OD=5 L=6 C,N,F-series ORIG",1,152,Isuzu,9-09878-626-0,Москва
2025-12-28 14:11:01,Шпилька в сборе MMC CANTER / задняя-левая / с гайкой / BW56L / МК309611 /,4,238,UDPD,BW56L,Москва
2025-12-28 14:11:01,Шпилька в сборе передняя L=102mm / 094-01-0140 / передняя / / BW76 / 0443AE0220; 0443A-E0220; 0443A,20,432,Zevs,094-01-0140,Москва
2025-12-28 14:11:01,Шпилька головки блока цилиндров 22137-41400 Hyundai HD65/78/County ORIG,1,62,Hyundai-Kia,22137-41400,Москва
2025-12-28 14:11:01,Шпилька зад колеса 9920140120 JAC N35 ORIG,10,306,JAC,9920140120,Москва
2025-12-28 14:11:01,Шпилька зад колеса D-126058 / 9920140120 JAC N35 Дизель,8,281,Дизель,D-126058,Москва
2025-12-28 14:11:01,Шпилька заднего колеса с гайкой M22 D=23 L=120 D-129795 / AZ9112340123 FAW Дизель,12,263,Дизель,D-129795,Москва
2025-12-28 14:11:01,Шпилька заднего правого колеса в сборе BW65R/0442A-E0040 HINO 700 SKV,60,329,SKV,BW65R,Москва
2025-12-28 14:11:01,Шпилька задняя 52775-6A200 HYUNDAI GOLD D6GA HD120 ORIG,1,565,Hyundai-Kia,52775-6A200,Москва
2025-12-28 14:11:01,Шпилька колеса (в сборе) 52755-45000 (L) HD45/HD65/HD72/HD78 задняя L (гайка 38) SKV !,3,230,SKV,52755-45000L,Москва
2025-12-28 14:11:01,Шпилька колеса 1-42337-069-1 FVR34/CYZ51 задняя R ORIG,1,701,Isuzu,1-42337-069-1,Москва
2025-12-28 14:11:01,Шпилька колеса L 8-97081-585-4/0/1/2/3 NQR90 ORIG,2,449,Isuzu,8-97081-585-4,Москва
2025-12-28 14:11:01,Шпилька колеса MC862634SKV Fuso Canter (дисковые тормоза) передняя левая SKV,74,217,SKV,MC862634SKV,Москва
2025-12-28 14:11:01,Шпилька колеса MC862635SKV Fuso Canter (дисковые тормоза) передняя правая SKV,14,207,SKV,MC862635SKV,Москва
2025-12-28 14:11:01,Шпилька колеса в сборе 0442A-E0080 HINO 500 rear R M22*1.5*99 SKV,1,259,SKV,0442A-E0080,Москва
2025-12-28 14:11:01,Шпилька колеса в сборе 0443A-E0110 HINO 500 front R M22*1.5*83 SKV,190,259,SKV,0443A-E0110,Москва
2025-12-28 14:11:01,Шпилька колеса в сборе 1-42331-114-2 FSR90 RR ISUZU SKV,47,356,SKV,1-42331-114-2,Москва
2025-12-28 14:11:01,Шпилька колеса в сборе 1-42332-114-2 FSR90 RL ISUZU SKV,18,356,SKV,1-42332-114-2,Москва
2025-12-28 14:11:01,"Шпилька колеса в сборе 8-94383-436-2 NLR55, NMR85, NPR, NQR front RH SKV",47,280,SKV,8-94383-436-2,Москва
2025-12-28 14:11:01,"Шпилька колеса в сборе 8-94383-437-2 NLR55, NMR85, NPR, NQR front LH SKV",12,236,SKV,8-94383-437-2,Москва
2025-12-28 14:11:01,Шпилька колеса в сборе BN02L FUSO/ISUZU 5т. Задняя L SKV,13,374,SKV,BN02L,Москва
2025-12-28 14:11:01,Шпилька колеса в сборе BN03L L=82 d=22 ISUZU 5т. Передняя L SKV !,32,238,SKV,BN03L,Москва
2025-12-28 14:11:01,Шпилька колеса в сборе BN05L ISUZU 10т. передняя L M20x1.5 SKV,6,250,SKV,BN05L,Москва
2025-12-28 14:11:01,Шпилька колеса в сборе BN05R ISUZU 10т. Передняя R M20x1.5 SKV,44,240,SKV,BN05R,Москва
2025-12-28 14:11:01,Шпилька колеса в сборе BN07L UD 5т. Задняя L SKV,30,282,SKV,BN07L,Москва
2025-12-28 14:11:01,Шпилька колеса в сборе BN07R UD 5т. Задняя R SKV,59,282,SKV,BN07R,Москва
2025-12-28 14:11:01,Шпилька колеса в сборе BN08L UD 5т. Передняя L SKV,26,213,SKV,BN08L,Москва
2025-12-28 14:11:01,Шпилька колеса в сборе BN09L HINO 5т. Передняя L SKV,18,246,SKV,BN09L,Москва
2025-12-28 14:11:01,Шпилька колеса в сборе BN09R HINO 5т. Передняя R SKV,64,246,SKV,BN09R,Москва
2025-12-28 14:11:01,Шпилька колеса в сборе BN10L HINO500 0442A-E0060 HINO 5т. Задняя L SKV,37,310,SKV,BN10L,Москва
2025-12-28 14:11:01,Шпилька колеса в сборе BN10R HINO500 0442A-E0060 HINO 5т. Задняя R SKV,1,310,SKV,BN10R,Москва
2025-12-28 14:11:01,Шпилька колеса в сборе BN13L HINO 10т. Передняя L SKV !,137,204,SKV,BN13L,Москва
2025-12-28 14:11:01,Шпилька колеса в сборе BN16L HINO FD16# Задняя Asia Cosmos L,8,225,Дизель,BN16L,Москва
2025-12-28 14:11:01,Шпилька колеса в сборе BN16R HINO FD16# Задняя Asia Cosmos R,10,181,Дизель,BN16R,Москва
2025-12-28 14:11:01,Шпилька колеса в сборе BN20L HINO/FUSO ЕВРО 10т. унив. L SKV,40,365,SKV,BN20L,Москва
2025-12-28 14:11:01,Шпилька колеса в сборе BW19R NPR NEW RR RH SKV,30,254,SKV,BW19R,Москва
2025-12-28 14:11:01,Шпилька колеса в сборе BW30L MMC CANTER Задняя L гайка 38 SKV,16,289,SKV,BW30L,Москва
2025-12-28 14:11:01,Шпилька колеса в сборе BW30R MMC CANTER Задняя R гайка 38 SKV,32,289,SKV,BW30R,Москва
2025-12-28 14:11:01,Шпилька колеса в сборе BW31L MMC CANTER Передняя L гайка 38 SKV,63,233,SKV,BW31L,Москва
2025-12-28 14:11:01,"Шпилька колеса в сборе BW33L ISUZU ELF 1,5т Передняя L гайка 35 (диск) SKV !",37,202,SKV,BW33L,Москва
2025-12-28 14:11:01,"Шпилька колеса в сборе BW33R ISUZU ELF 1,5т Передняя R гайка 35 (диск) SKV !",119,202,SKV,BW33R,Москва
2025-12-28 14:11:01,Шпилька колеса в сборе BW45L ISUZU ELF Передняя 21 L гайка 41 (диск),6,363,Дизель,BW45L,Москва
2025-12-28 14:11:01,Шпилька колеса в сборе BW62L Rear LH MC891568/MK501079/MB308673 MMC CANTER M20*1.5*83 SKV,67,259,SKV,BW62L,Москва
2025-12-28 14:11:01,Шпилька колеса в сборе BW63L Front LH MC891568/MK501079/MB308673 MMC CANTER M20*1.5*83 SKV,38,222,SKV,BW63L,Москва
2025-12-28 14:11:01,Шпилька колеса в сборе BW63R Front RH MC891569/MK501080/MB308672 MMC CANTER M20*1.5*83 SKV,127,222,SKV,BW63R,Москва
2025-12-28 14:11:01,Шпилька колеса в сборе BW68R Front RH 90942-02072 HINO 300 SKV,34,200,SKV,BW68R,Москва
2025-12-28 14:11:01,Шпилька колеса в сборе BW69L Rear LH 90942-02071 HINO 300 SKV,81,225,SKV,BW69L,Москва
2025-12-28 14:11:01,Шпилька колеса в сборе BW69R Rear RH 90942-02072 HINO 300 SKV,190,222,SKV,BW69R,Москва
2025-12-28 14:11:01,Шпилька колеса в сборе FR/RR RH D-125137/8-97168-456-2 NPR75 (дисковый тормоз) Дизель,9,411,Дизель,D-125137,Москва
2025-12-28 14:11:01,Шпилька колеса в сборе ML236270 Fuso Canter (дисковые тормоза) задняя левая SKV,95,271,SKV,ML236270,Москва
2025-12-28 14:11:01,Шпилька колеса в сборе ML236271 Fuso Canter (дисковые тормоза) задняя правая SKV,87,271,SKV,ML236271,Москва
2025-12-28 14:11:01,Шпилька колеса зад в сборе D-126059 / HFF3104114CK2BZ7 JAC N350 Дизель,30,517,Дизель,D-126059,Москва
2025-12-28 14:11:01,Шпилька колеса зад в сборе М22*1.5*119мм 42064826/42117455/729055 / 933016 China !,8,231,Дизель,42064826,Москва
2025-12-28 14:11:01,"Шпилька колеса заднего 1-42337-066-2 C,F series ORIG",7,788,Isuzu,1-42337-066-2,Москва
2025-12-28 14:11:01,Шпилька колеса задняя D-130101 / 81.45501.0083 с гайкой L=131 D=22 SHACMAN F3000/M3000 Дизель,10,270,Дизель,D-130101,Москва
2025-12-28 14:11:01,Шпилька колеса пер М22*1.5*99мм 2213002750 Europart,13,243,Europart,2213 002 750,Москва
2025-12-28 14:11:01,Шпилька колеса пер М22*1.5*99мм 361110/42117451/2213002750/951064 DieselTechnic !,6,237,Diesel Technic,3.61110,Москва
2025-12-28 14:11:01,Шпилька колеса пер М22*1.5*99мм 42117451/2213002750/951064 EMMERRE,6,304,Emmerre,951064,Москва
2025-12-28 14:11:01,Шпилька колеса перед D-126060 / AK31041145GJH JAC N350 Дизель,28,363,Дизель,D-126060,Москва
2025-12-28 14:11:01,Шпилька колеса передняя с гайкой D-127387 / 81.45501.0076 / CK-81.45501.0076 M22 L=90 Дизель,20,230,Дизель,D-127387,Москва
2025-12-28 14:11:01,"Шпилька колеса с гайкой, задняя L / MITSUBISHI / HB-0441RL / BW56L , MK309611 , MB161145 , MLS083",5,290,Ootoko,HB-0441RL,Москва
2025-12-28 14:11:01,"Шпилька колеса с футоркой и гайкой задняя R / ISUZU / HB-0201RR-A / 5-42335-001-1 , 8-94365-254-0 ,",6,299,Autodepo,5-42335-001-1,Москва
2025-12-28 14:11:01,"Шпилька колесная 0329633121SKV / 03.296.33.12.1 M22x1,5x97/62 BPW SKV",5,159,SKV,0329633121SKV,Москва
2025-12-28 14:11:01,Шпилька колесная 0329633141 / 03.296.33.14.1 BPW SKV,120,129,SKV,0329633141,Москва
2025-12-28 14:11:01,Шпилька колесная 0329633211SKV M22х1.5х93.6/58.6 (BPW),80,124,SKV,0329633211SKV,Москва
2025-12-28 14:11:01,Шпилька колесная 1303107412 / 1303107412 SAF / 11.010.2227.010 M22x1.5x94/84/48,56,129,SKV,1303107412,Москва
2025-12-28 14:11:01,Шпилька колесная 1303111811 / 1303111811 SAF / 11.010.2177.000 M22x1.5x66/77,10,129,SKV,1303111811,Москва
2025-12-28 14:11:01,Шпилька колесная 1368690SKV 30x81x70 mm Front Scania SKV,5,99,SKV,1368690SKV,Москва
2025-12-28 14:11:01,Шпилька колесная 1368693SKV 7/8''x11 BSFx96 L=85 мм Rear Scania SKV,50,134,SKV,1368693SKV,Москва
2025-12-28 14:11:01,Шпилька колесная 1368694SKV 7/8'' L=109/97/71 RHT Rear Scania SKV,39,102,SKV,1368694SKV,Москва
2025-12-28 14:11:01,Шпилька колесная 1528655SKV / 1528655 SCANIA SKV,200,152,SKV,1528655SKV,Москва
2025-12-28 14:11:01,"Шпилька колесная 1868665SKV / 117134 / 1868665 SCANIA 4/P/G/R/T- ser., 7/8""x11 BSF/72 74mm",80,160,SKV,1868665,Москва
2025-12-28 14:11:01,"Шпилька колесная 1868668SKV 7/8"" х 11 BSF x 110 L=98 мм Rear Scania SKV",4,191,SKV,1868668SKV,Москва
2025-12-28 14:11:01,"Шпилька колесная 20515515SKV / 20515515 / 265090 M 22x1, 5x98/ 88-10, 9 Volvo",1,122,SKV,20515515SKV,Москва
2025-12-28 14:11:01,Шпилька колесная 21147687SKV / 20524942 Rear Volvo SKV,105,180,SKV,21147687,Москва
2025-12-28 14:11:01,Шпилька колесная 31.B90ZB15HS-04051 JAC N120 ORIG,45,379,JAC,31.B90ZB15HS-04051,Москва
2025-12-28 14:11:01,"Шпилька колесная 3894010071SKV / A3894010071 / 11.010.1905.350 FR M22 x 1,5 x 77 MB",170,108,SKV,3894010071,Москва
2025-12-28 14:11:01,Шпилька колесная 81455010176SKV / A0004013771 / 81455010141 Rear MAN/MERCEDES SKV,114,147,SKV,81455010176,Москва
2025-12-28 14:11:01,Шпилька колесная 9424010271SKV / A9424010271 / 440204 FR/RR M22x1.5x68 MB,71,134,SKV,9424010271SKV,Москва
2025-12-28 14:11:01,"Шпилька колесная 9484010271SKV / A9484010271 / 11.010.1924.170 M22x1,5х85 MB",6,147,SKV,9484010271,Москва
2025-12-28 14:11:01,Шпилька колесная BW 71 / 1-42337-066-2/1 / 1423370661 / 1423370662 Isuzu,1,713,JMC,1-42337-066-2,Москва
2025-12-28 14:11:01,Шпилька колесная FR 51755-58200 HYUNDAI HD78 D4GA ORIG,1,647,Hyundai-Kia,51755-58200,Москва
2025-12-28 14:11:01,Шпилька колесная Hino 10т зад R,5,215,JMC,Hino 10т зад R,Москва
2025-12-28 14:11:01,Шпилька колесная Hino 5 тонн (перед стандарт) L,10,117,JMC,Hino 5,Москва
2025-12-28 14:11:01,"Шпилька колесная M22x1,5х100,5/50 мм 017872 SKV",44,152,SKV,017872SKV,Москва
2025-12-28 14:11:01,Шпилька колесная M22x1.5x80/46 0329633111 / 03.296.33.11.1/11.010.0246.990/31308008511 SKV,50,129,SKV,0329633111SKV,Москва
2025-12-28 14:11:01,Шпилька колесная задняя 9920220200 N120 JAC ORIG,20,353,JAC,9920220200,Москва
2025-12-28 14:11:01,Шпилька колесная задняя левая 9920200470-B N75 JAC ORIG,10,259,JAC,9920200470-B,Москва
2025-12-28 14:11:01,Шпилька колесная задняя с гайкой L=110 D=22 M22 F3000 усиленная качество Createk,10,440,JMC,81.45501.0083-CK,Москва
2025-12-28 14:11:01,Шпилька колесная перед. (дисковый тормоз) 3503015LE130XZ N75/N80 JAC,20,510,JAC,3503015LE130XZ,Москва
2025-12-28 14:11:01,Шпилька колесная передняя левая YF30SL-03051 N56 JAC ORIG,10,271,JAC,YF30SL-03051,Москва
2025-12-28 14:11:01,Шпилька колесная передняя н/о 3103223E8AUS-M22-ZH N75 JAC ORIG,70,437,JAC,3103223E8AUS-M22-ZH,Москва
2025-12-28 14:11:01,Шпилька колесная передняя правая YF30SL-03052 N56 JAC ORIG,10,300,JAC,YF30SL-03052,Москва
2025-12-28 14:11:01,Шпилька коллектора 8-97111-477-0 ORIG,2,244,Isuzu,8-97111-477-0,Москва
2025-12-28 14:11:01,Шпилька переднего колеса D-128187 / 6000048926 IVECO/HONGYAN Дизель,20,450,Дизель,D-128187,Москва
2025-12-28 14:11:01,Шпилька переднего колеса в сборе D-127933 / 3103051-4EB1 FAW J5/6 Дизель,21,290,Дизель,D-127933,Москва
2025-12-28 14:11:01,Шпилька переднего колеса левая 3103223E4AA-ZH N75 JAC ORIG,24,274,JAC,3103223E4AA-ZH,Москва
2025-12-28 14:11:01,Шпилька передняя левая в сборе / 094-01-0103 / передняя-левая / / BW60LF / 5175545200; 51755-45200,6,319,UDPD,51755-45200,Москва
2025-12-28 14:11:01,Шпилька ступицы переднего колеса 52755-47000 Hyundai Porter TYB,2,48,TYB,52755-47000,Москва
2025-12-28 14:11:01,"Шпилька турбокомпрессора 0-44011-025-0 M10*25 L=40 4HK1T F,N-series E-4 ORIG",16,230,Isuzu,0-44011-025-0,Москва
2025-12-28 14:11:01,Шпонка вторичного вала КПП D-127991 / 12JS160T-1701121 шестигранная SHACMAN Дизель,1,195,Дизель,D-127991,Москва
2025-12-28 14:11:01,Штанга толкателя клапана 8-98273-084-0 4LE1/4LE2 ORIG,1,777,Isuzu,8-98273-084-0,Москва
2025-12-28 14:11:01,Штанга толкателя клапана D-126061 / 1000495052 JAC N350 WP10 E-5 Дизель,1,225,Дизель,D-126061,Москва
2025-12-28 14:11:01,Штанга толкателя клапана D-127201 / 1-12575-036-0 4BD2 N-series Дизель,2,329,Дизель,D-127201,Москва
2025-12-28 14:11:01,Штифт 93156036 / 1297304436 ZF !,2,170,ZF Parts,1297.304.436,Москва
2025-12-28 14:11:01,Штифт колодки тормозной D-127759 / 3501256Z11QZ передней JAC N90 LE80B Дизель,1,501,Дизель,D-127759,Москва
2025-12-28 14:11:01,Шток ПГУ сцепления D-125731 / 1-31824-233-0 C/E/F series Дизель,4,979,Дизель,D-125731,Москва
2025-12-28 14:11:01,Шток ПГУ сцепления D-128874 / 1-31824-160-0 Дизель,2,335,Дизель,D-128874,Москва
2025-12-28 14:11:01,Шток цилиндра сцепления D-128544 / 8-97065-442-0 Дизель,19,260,Дизель,D-128544,Москва
2025-12-28 14:11:01,Штуцер 200V98131-0049 HOWO T5G,3,504,Дизель,200V98131-0049,Москва
2025-12-28 14:11:01,Штуцер 200V98181-6026 HOWO T5G,2,507,Дизель,200V98181-6026,Москва
2025-12-28 14:11:01,Штуцер E-007 16180-1450 ALL PM !,4,458,Paul Master,16180-1450,Москва
2025-12-28 14:11:01,Штуцер E-007 16180-1450 FW#FD2H/3H#FX3H# PM !,10,346,Paul Master,E-007,Москва
2025-12-28 14:11:01,Штуцер для шланга под хомут прямой SYE-1095 (M10),10,69,JMC,SYE-1095 M10,Москва
2025-12-28 14:11:01,Штуцер для шланга под хомут прямой SYE-1095 (M6),10,40,JMC,SYE-1095 M6,Москва
2025-12-28 14:11:01,Штуцер для шланга под хомут прямой SYE-1095 (M8),10,62,JMC,SYE-1095 M8,Москва
2025-12-28 14:11:01,"Штуцер топл фильтра 8-98122-953-0 N,F,C-series ORIG",1,2551,Isuzu,8-98122-953-0,Москва
2025-12-28 14:11:01,Штуцер форсунки D-126988 / 1112030-59D FAW CA6DL2 E-3 Дизель,2,1291,Дизель,D-126988,Москва
2025-12-28 14:11:01,Щетка стартера 8-98055-296-0 N-series 4HK1 ORIG,2,369,Isuzu,8-98055-296-0,Москва
2025-12-28 14:11:01,Щетка стеклоочистителя A0018204845 / 7257002020 / 9XW204587281 700 мм Europart,10,461,Europart,7257002020,Москва
2025-12-28 14:11:01,Щетка стеклоочистителя D-126062 / JACZKGP600 JAC Дизель,10,228,Дизель,D-126062,Москва
2025-12-28 14:11:01,Щетка стеклоочистителя D-129105 / 810W26440-0063 HOWO T5G Дизель,1,239,Дизель,D-129105,Москва
2025-12-28 14:11:01,"Щетка стеклоочистителя каркасная универсальная 16""/ 400mm",1,161,Дизель,400mm,Москва
2025-12-28 14:11:01,"Щетка стеклоочистителя каркасная универсальная 17""/ 425mm",2,190,Дизель,425mm,Москва
2025-12-28 14:11:01,"Щетка стеклоочистителя каркасная универсальная 18""/ 450mm",10,211,Дизель,450mm,Москва
2025-12-28 14:11:01,"Щетка стеклоочистителя каркасная универсальная 19""/ 475mm",10,266,Дизель,475mm,Москва
2025-12-28 14:11:01,"Щетка стеклоочистителя каркасная универсальная 20""/ 500mm",5,292,Дизель,500mm,Москва
2025-12-28 14:11:01,"Щетка стеклоочистителя каркасная универсальная 21""/ 525mm",9,207,Дизель,525mm,Москва
2025-12-28 14:11:01,"Щетка стеклоочистителя каркасная универсальная 22""/ 550mm",2,328,Дизель,550mm,Москва
2025-12-28 14:11:01,"Щетка стеклоочистителя каркасная универсальная 24""/ 600mm",4,187,Дизель,600mm,Москва
2025-12-28 14:11:01,Щеткодержатель 1-81121-066-0 F-series 6HK1 E-4 ORIG,1,2224,Isuzu,1-81121-066-0,Москва
2025-12-28 14:11:01,Щеткодержатель 1-81121-071-0 C-series 6WG1 ORIG,1,3524,Isuzu,1-81121-071-0,Москва
2025-12-28 14:11:01,"Щеткодержатель 8-97230-562-0 N,F-series ORIG",1,4303,Isuzu,8-97230-562-0,Москва
2025-12-28 14:11:01,Щеткодержатель 8-98055-298-0/8-97025-670-0 N-series 4HK1 ORIG,1,4919,Isuzu,8-98055-298-0,Москва
2025-12-28 14:11:01,Щеткодержатель D-128845 / TZ215 HINO J08C Дизель,1,762,Дизель,D-128845,Москва
2025-12-28 14:11:01,Щеткодержатель ISUZU 6HE1/6НН1/J08C D-129799 / TZ215 Дизель,4,908,Дизель,D-129799,Москва
2025-12-28 14:11:01,Щеткодержатель ME753663 Fuso Canter ORIG,4,6231,Mitsubishi,ME753663,Москва
2025-12-28 14:11:01,Щеткодержатель MMC 6D17 TZ2611 YD,2,633,Дизель,6D17,Москва
2025-12-28 14:11:01,Щиток приборной панели WG9918581129 HOWO ORIG,2,29776,Howo,WG9918581129,Москва
2025-12-28 14:11:01,Щуп масла 4JJ1 8-98112-777-1 ORIG,2,1054,Isuzu,8-98112-777-1,Москва
2025-12-28 14:11:01,Щуп масляный D-126063 / 612600013151 JAC N350 WP10 E-5 Дизель,2,1200,Дизель,D-126063,Москва
2025-12-28 14:11:01,Электронный блок ABS 4460046370 WABCO,1,18400,Wabco,4460046370,Москва
2025-12-28 14:11:01,Эмблема 86451-5K000 HYUNDAI НD65/72/78 ORIG,1,1236,Hyundai-Kia,86451-5K000,Москва
2025-12-28 14:11:01,Энергоаккумулятор (дисковый тормоз) PRO4200010 / 81504106607 / A0164204018 20/24-57мм Man/MB/Daf,2,11674,Provia,PRO4200010,Москва
2025-12-28 14:11:01,Энергоаккумулятор 24/24 9254919000 / A0194209118 / A0244204018 Mercedes/Wabco !,1,70560,Wabco,9254919000,Москва
2025-12-28 14:11:01,Энергоаккумулятор 24/30 65/65 9254911437 Wabco// II37279 / Mercedes,1,18849,Wabco,9254911437,Москва
2025-12-28 14:11:01,Энергоаккумулятор 24/30 65/65 II37279/A019420801828/A0194201828/9254914310/BX9521 Mercedes/Knorr-Bremse,2,15389,Knorr Bremse,BX9521,Москва
2025-12-28 14:11:01,Энергоаккумулятор D-125240 / 47850-1881/SDC-70308 HINO 700 E13C Дизель,1,7901,Дизель,D-125240,Москва
2025-12-28 14:11:01,"Энергоаккумулятор G-30/24 F KAMAZ (6520, 6460, 6522, 5460, НефАЗ-5297) 9254320220/9254320227 WABCO",1,17210,Wabco,9254320227,Москва
2025-12-28 14:11:01,Энергоаккумулятор RR LH D-125239 / S49U0-E0400 HINO500 /HINO700 сред.мост 10тонн Дизель,1,8672,Дизель,D-125239,Москва
2025-12-28 14:11:01,Энергоаккумулятор RR RH 59140-6B100 HD120 ORIG,1,40659,Hyundai-Kia,59140-6B100,Москва
2025-12-28 14:11:01,Энергоаккумулятор зад.прав. 30/30 II37281/0204200018 / 9254929030 /9254921027 Knorr-Bremse !,2,16460,Knorr Bremse,BZ9657,Москва
2025-12-28 14:11:01,Энергоаккумулятор левый D-126064 / AK35190302BZ12-C JAC N350 Дизель,1,5814,Дизель,D-126064,Москва
2025-12-28 14:11:01,Энергоаккумулятор перед. прав. 4231074080 / A0074209224 Mercedes/Wabco !,2,17964,Wabco,4231074080,Москва
2025-12-28 14:11:01,Энергоаккумулятор правый D-126065 / AK35190402BZ12-C JAC N350 Дизель,1,5814,Дизель,D-126065,Москва
2025-12-28 14:11:01,Энергоаккумулятор тип зад. прав. 24/30 9254914400/A0204200118 Mercedes/Wabco !,1,42369,Wabco,9254914400,Москва
2025-12-28 14:11:01,Энергоаккумулятор тормозной rear L / center R D-126439 / 1-87412-101-0 C-series Дизель,1,9284,Дизель,D-126439,Москва
