Дата,Номенклатура,Остаток,Цена,Производитель,Артикул,Склад
2026-01-06 14:13:02,Амортизатор (демпфер кабины) 215*245*12 (180*245 по центрам сайлентблоков) возможно 133012 Automatic,67,972,Automatic,133012,Хабаровск
2026-01-06 14:13:02,Амортизатор 1201R W208-36-700A MAZDA TITAN 89~ Automatic,65,972,Automatic,1201R,Хабаровск
2026-01-06 14:13:02,Амортизатор 1861117 Scania Automatic,30,3038,Automatic,1861117,Хабаровск
2026-01-06 14:13:02,"Амортизатор 2048/48531-80705 /MB515566 /56210-32C25 M.-Titan, WG# WE#, MMC Delica Truck, L300-T Automatic",21,1254,Automatic,2048,Хабаровск
2026-01-06 14:13:02,Амортизатор 2504 / 48531-80554 T-DYNA/TOYOACE NK !,18,1317,Nikoyo,2504,Хабаровск
2026-01-06 14:13:02,Амортизатор 2657/ W785-34-700 / W023-34-700 MAZDA TITAN 92~ Automatic,51,959,Automatic,2657,Хабаровск
2026-01-06 14:13:02,"Амортизатор 2663 / 48511-29736 / 48511-80092 DYNA DYNA 150/TOYOACE G15 LY1##,2##,YY1##,2## Automatic",35,1229,Automatic,2663,Хабаровск
2026-01-06 14:13:02,"Амортизатор 2814/S46E-28-700 / E6200-35G26 / 8-94126-840-0 Mazda Bongo, Atlas F23, Nissan Dats Automatic",60,1016,Automatic,2814,Хабаровск
2026-01-06 14:13:02,Амортизатор 2870R / 133013 Демпфер кабины ISUZU CXZ/XM 89~ 1-51630-152-1(УУ) Automatic,61,1025,Automatic,2870R,Хабаровск
2026-01-06 14:13:02,"Амортизатор 2894R / 1-51630-132-0 Isuzu 10t FT, FR Automatic",37,1054,Automatic,2894R,Хабаровск
2026-01-06 14:13:02,Амортизатор 2894R / 1-51630-132-0 TOKICO Демпфер кабины ISUZU,1,868,JMC,1-51630-132-0,Хабаровск
2026-01-06 14:13:02,Амортизатор 3150 / 444197 DYNA/TOYOACE BU1#/2# (УШ) Automatic,42,1143,Automatic,444197,Хабаровск
2026-01-06 14:13:02,Амортизатор 3175 / 444197 TOKICO CIVILIAN CANTER FB/FE3# (I/O),1,1467,JMC,444197,Хабаровск
2026-01-06 14:13:02,Амортизатор 3243 / 444197 / 444148 CANTER FB/FE F (УШ) Automatic,91,985,Automatic,3243,Хабаровск
2026-01-06 14:13:02,"Амортизатор 3269 /444025 /48531-80442/-39757/ 56210-T6125 DYNA BU1##,2##,RZU100,140,XZU130 Automatic",70,1209,Automatic,3269,Хабаровск
2026-01-06 14:13:02,Амортизатор 3271 444061 TOKICO DELTA V57/78/98 84~ -R,1,400,JMC,444061,Хабаровск
2026-01-06 14:13:02,Амортизатор 3271 NK !,33,1167,Nikoyo,3271,Хабаровск
2026-01-06 14:13:02,Амортизатор 3391 / 9-51630-666-0 / 8-94249-402-1 Isuzu ELF150/NHR/ELF250/NKR NKR55 Automatic,63,1137,Automatic,9-51630-666-0,Хабаровск
2026-01-06 14:13:02,Амортизатор 3407 / 3470 / 444211 / MC304889 CANTER FE4# 85 (УШ) Automatic,7,1137,Automatic,3407,Хабаровск
2026-01-06 14:13:02,Амортизатор 3409 / MB161556 CANTER F Automatic,92,1181,Automatic,3409,Хабаровск
2026-01-06 14:13:02,Амортизатор 3537 / 444213 / 8-97253-611-0 ELF250 NKR/NHR 86~ (УШ) Automatic,3,1272,Automatic,3537,Хабаровск
2026-01-06 14:13:02,Амортизатор 3576 / 444269 / 8-97253-651-0 ISUZU ELF 250 задний NQR (УУ) Automatic,80,1056,Automatic,444269,Хабаровск
2026-01-06 14:13:02,"Амортизатор 3577 / 8-97253-599-0 ELF250, NKR 55 Automatic",58,1209,Automatic,3577,Хабаровск
2026-01-06 14:13:02,Амортизатор 3820 48511-80072 DYNA XZU382 TOKICO FRONT,2,1728,JMC,48511-80072,Хабаровск
2026-01-06 14:13:02,Амортизатор 4046/N3603/445061/MK302296 задний MMC FUSO FM618 Rear (УШ) Automatic,7,1811,Automatic,4046,Хабаровск
2026-01-06 14:13:02,Амортизатор 48500-E0220 HINO 700 Automatic,6,2620,Automatic,48500-E0220,Хабаровск
2026-01-06 14:13:02,Амортизатор 48511-80121/80122 передний TOYOTA DYNA/HINO DUTRO 02~ XZU3# 3822 (УШ) Automatic,169,1250,Automatic,48511-80121,Хабаровск
2026-01-06 14:13:02,Амортизатор 48531-80671 DYNA/TOYOACE 99-04 Automatic,40,1028,Automatic,48531-80671,Хабаровск
2026-01-06 14:13:02,Амортизатор 5016 L440-680 низ втулка 20-32-40 (УШ) Automatic,88,2228,Automatic,5016,Хабаровск
2026-01-06 14:13:02,"Амортизатор 5024/N4604/56101-Z1030/56110-Z2000 передний NISSAN UD CK60,KW30,CZ50 (УШ) Automatic",41,1937,Automatic,5024,Хабаровск
2026-01-06 14:13:02,Амортизатор 5042 / 446034 / 1-51630-053-0/1/2 ISUZU CXK/CXL/CXM/CXZ (УШ) Automatic,48,2367,Automatic,5042,Хабаровск
2026-01-06 14:13:02,Амортизатор 5044 / 446032 UD TRUCK/BUS 84~ (УШ) Automatic,28,3003,Automatic,5044,Хабаровск
2026-01-06 14:13:02,Амортизатор 54300-4B700 H100 Porter FR Automatic,207,1038,Automatic,54300-4B700,Хабаровск
2026-01-06 14:13:02,Амортизатор 55300-4B700 H100 Porter RR Automatic,97,1317,Automatic,55300-4B700,Хабаровск
2026-01-06 14:13:02,Амортизатор 55300-5A120 Hyundai County RR Automatic,44,1209,Automatic,55300-5A120,Хабаровск
2026-01-06 14:13:02,Амортизатор 8-98202-796-0 rear NQR Automatic,185,1197,Automatic,8-98202-796-0,Хабаровск
2026-01-06 14:13:02,Амортизатор 8-98232-673-0/1 / 8-98202-858-0 передний NQR90 (УШ) Automatic,41,1209,Automatic,8-98232-673-0,Хабаровск
2026-01-06 14:13:02,Амортизатор A0063233900 / A0063237400 / 124639 / 9200124639 Mercedes Automatic,88,2197,Automatic,A0063233900,Хабаровск
2026-01-06 14:13:02,Амортизатор A0063266800 / A0053266000 / 462858 Mercedes Automatic,43,2798,Automatic,A0063266800,Хабаровск
2026-01-06 14:13:02,Амортизатор D-125615 / 9-51630-665-0 (УШ) N-series Дизель,40,1509,Дизель,D-125615,Хабаровск
2026-01-06 14:13:02,Амортизатор D-125761 / 2905010Y30B0 / 54300-7H050 передний JAC N350 Дизель,14,2902,Дизель,D-125761,Хабаровск
2026-01-06 14:13:02,Амортизатор D-127293 / СК8097 / WG9114680004 / DZ199112680014 передний HOWO/SHAANXI Дизель,2,1507,Дизель,D-127293,Хабаровск
2026-01-06 14:13:02,Амортизатор D-127439 / 54300-5A300 правый передний Hyundai County Дизель,19,1137,Дизель,D-127439,Хабаровск
2026-01-06 14:13:02,Амортизатор D-127480 / 48530-E0820 / 48530-3420 / SA015 задний (УШ) HINO500 E3/4 Дизель,37,1143,Дизель,D-127480,Хабаровск
2026-01-06 14:13:02,Амортизатор D-127486 / 444271 / 48511-80090 передний DYNA/TOYOACE 2001- Дизель,85,1161,Дизель,D-127486,Хабаровск
2026-01-06 14:13:02,Амортизатор D-127487 / 48500-E0410 / SA013 передний HINO700 Дизель,1,2554,Дизель,D-127487,Хабаровск
2026-01-06 14:13:02,Амортизатор D-128647 / DZ95259680121 передний (УУ) SHACMAN X3000 Дизель,1,1361,Дизель,D-128647,Хабаровск
2026-01-06 14:13:02,Амортизатор D-128739 / 9-51630-665-0 УШ N-series Дизель,1,1253,Дизель,D-128739,Хабаровск
2026-01-06 14:13:02,Амортизатор E3275 / 3275 / 56110-R8028 /-T3027 ATLAS/CONDOR/ CABSTAR/CARAVAN/HOMY URVAN Automatic,82,1188,Automatic,E3275,Хабаровск
2026-01-06 14:13:02,Амортизатор NISSAN/UD / передний / дубликат / SA035; 444205 / 561000T002; 56100-0T002; 561000T025; 5,1,2155,Дизель,56100-0T002,Хабаровск
2026-01-06 14:13:02,Амортизатор V31-082L JETT,1,2553,JMC,V31-082L,Хабаровск
2026-01-06 14:13:02,Амортизатор V31-082R JETT,1,2553,JMC,V31-082R,Хабаровск
2026-01-06 14:13:02,Амортизатор задний 0331924-E62101TZ0C,1,5211,JMC,0331924-E62101,Хабаровск
2026-01-06 14:13:02,Амортизатор задний 2031227 Scania Automatic,78,2932,Automatic,2031227,Хабаровск
2026-01-06 14:13:02,Амортизатор задний 48530-E0410 HINO 700 Automatic,19,2465,Automatic,48530-E0410,Хабаровск
2026-01-06 14:13:02,Амортизатор задний 5011290500630/1802905005330/П50.11.2905006-30/180-2915006-31 Automatic,30,2846,Automatic,5011290500630,Хабаровск
2026-01-06 14:13:02,Амортизатор задний 55300-5Н500 / 5Н000 PARTSMALL HD-72,1,1468,Noname,55300-5Н500,Хабаровск
2026-01-06 14:13:02,Амортизатор задний AZ1642440028 Howo,1,749,Дизель,AZ1642440028,Хабаровск
2026-01-06 14:13:02,Амортизатор кабины 1-51630-603-0 / 4720 / 5460 / 133022 ISUZU FORWARD CX (УШ) Automatic,53,1162,Automatic,1-51630-603-0,Хабаровск
2026-01-06 14:13:02,Амортизатор кабины 133001 KYB,1,2141,JMC,133001,Хабаровск
2026-01-06 14:13:02,Амортизатор кабины 313956 / A9438904419 Mercedes SACHS !,8,11566,Sachs,313 956,Хабаровск
2026-01-06 14:13:02,Амортизатор кабины 52270-1030 / S50A0-E0130 / S50A0-E0180 HINO500 (УУ) Automatic,1,1302,Automatic,52270-1030,Хабаровск
2026-01-06 14:13:02,Амортизатор кабины 811W41722-6032 HOWO T5G ORIG,6,3841,Howo,811W41722-6032,Хабаровск
2026-01-06 14:13:02,Амортизатор кабины D-125089 / 1-51630-607-0 (ШШ) ISUZU CX/CY/CV Дизель,12,1372,Дизель,D-125089,Хабаровск
2026-01-06 14:13:02,Амортизатор кабины D-125329 / 1-51630-603-0/472-0/546-0 / 133022 (УШ) ISUZU FORWARD CXZ Дизель,104,918,Дизель,D-125329,Хабаровск
2026-01-06 14:13:02,Амортизатор кабины D-125758 / 64337-Y3B00 задний JAC N350 Дизель,12,2233,Дизель,D-125758,Хабаровск
2026-01-06 14:13:02,Амортизатор кабины D-126713 / WG1642440021 задний поперечный HOWO/SHACMAN X3000 Дизель,1,1241,Дизель,D-126713,Хабаровск
2026-01-06 14:13:02,Амортизатор кабины D-127446 / N133019 / 133019 / MK996353 (УШ) MMC FUSO EP/FU/FV/FY Дизель,24,978,Дизель,D-127446,Хабаровск
2026-01-06 14:13:02,Амортизатор кабины D-128615 / 81.41722.6051 / CK8713 передний (пневмо) MAN/SHACMAN Дизель,1,2584,Дизель,D-128615,Хабаровск
2026-01-06 14:13:02,Амортизатор кабины D-128616 / 81.41722.6052 / CK8712 задний (пневмо) MAN/SHACMAN Дизель,1,2584,Дизель,D-128616,Хабаровск
2026-01-06 14:13:02,Амортизатор кабины D-128628 / DZ14251440020 задний (пневмо) SHACMAN X3000 Дизель,1,2819,Дизель,D-128628,Хабаровск
2026-01-06 14:13:02,Амортизатор кабины D-128629 / DZ14251440060 задний (пневмо) SHACMAN X3000 Дизель,1,3006,Дизель,D-128629,Хабаровск
2026-01-06 14:13:02,Амортизатор кабины задний 1-51630-724-0/8-97611-896-0 ISUZU,2,6546,JMC,1-51630-724-0,Хабаровск
2026-01-06 14:13:02,Амортизатор кабины задний 1-51630-728-0 / 1-51630-728-1 Automatic,23,1044,Automatic,1-51630-728-0,Хабаровск
2026-01-06 14:13:02,Амортизатор кабины задний 20050 / A9438903919 / 311189 Auger !,4,4729,Auger,20050,Хабаровск
2026-01-06 14:13:02,Амортизатор кабины задний S5227-01040 / 52270-1040 HINO500 Дизель,91,1135,Automatic,S5227-01040,Хабаровск
2026-01-06 14:13:02,Амортизатор кабины задний внутренний 312649 / A9438905019 Mercedes / Sachs !,8,6674,Sachs,312 649,Хабаровск
2026-01-06 14:13:02,Амортизатор кабины перед 811W41722-6022 HOWO T5G ORIG,8,4037,Howo,811W41722-6022,Хабаровск
2026-01-06 14:13:02,Амортизатор кабины передний 313941 / A9428900519 / 290268 / 462839 Sachs !,11,3763,Sachs,313 941,Хабаровск
2026-01-06 14:13:02,Амортизатор кабины передний 315153/ BK9500232/464467/A9408904919/463121 Sachs,4,17659,Sachs,315 153,Хабаровск
2026-01-06 14:13:02,"Амортизатор кабины передний Aктрос A9438903819 / 311663 / 20095 14*25*44,5",2,5913,Auger,20095,Хабаровск
2026-01-06 14:13:02,Амортизатор кабины поперечный F3000 d внутри уха12mm (L290390 по центрам отв) SHAANXI 81417226036,1,1360,JMC,81417226036,Хабаровск
2026-01-06 14:13:02,Амортизатор капота D-127876 / 5302410-A01/C J6 FAW Дизель,1,316,Дизель,D-127876,Хабаровск
2026-01-06 14:13:02,Амортизатор М. Premium 444271 передний левый/правый,2,4014,JMC,444271,Хабаровск
2026-01-06 14:13:02,"Амортизатор основной 2-я ось 8х4 (L=480, l=380) WG910680001/CK8098 качество Createk",1,3022,JMC,CK-WG9100680001,Хабаровск
2026-01-06 14:13:02,Амортизатор перед 8-97253-618-0 NQR71/75 (с кронштейном для АБС) Automatic,469,1283,Automatic,8-97253-618-0,Хабаровск
2026-01-06 14:13:02,Амортизатор передний 54300-5H500 HD72 FR (УШ) Automatic,136,1012,Automatic,54300-5H500,Хабаровск
2026-01-06 14:13:02,Амортизатор передний 8-98033-271-0 / SA010 N-series (УУ) Automatic,50,1338,Automatic,8-98033-271-0,Хабаровск
2026-01-06 14:13:02,Амортизатор передний SA006; 48510-37010; DYNA BU10#/BU137/BU14#,1,4536,JMC,48510-37010,Хабаровск
2026-01-06 14:13:02,Амортизатор передний основной DZ95259680012/13 / CK8094 качество Createk,2,4127,JMC,УТ-00048604,Хабаровск
2026-01-06 14:13:02,Амортизатор подвески задний Actros 462858 /A0053266000 / A0063266800 Mercedes /DieselTechnic !,24,6120,Diesel Technic,4.62858,Хабаровск
2026-01-06 14:13:02,Амортизатор подвески основной 6х4 8x4 199114680004/CK8097 качество Createk,2,3929,JMC,CK-199114680004,Хабаровск
2026-01-06 14:13:02,Амортизатор сиденья 93161639 Iveco Orig !,7,12661,Iveco,93161639,Хабаровск
2026-01-06 14:13:02,Амортизатор сиденья D-128658 / WG1662511127/1 Sitrak/Howo T5G Дизель,1,2233,Дизель,D-128658,Хабаровск
2026-01-06 14:13:02,Амортизатор сиденья SQDZ6807700/DZ6807700 качество Create,1,1272,JMC,DZ6807700,Хабаровск
2026-01-06 14:13:02,Бак топливный 600л D-128636 / DZ91259550600 SHACMAN X3000 Дизель,1,27863,Дизель,D-128636,Хабаровск
2026-01-06 14:13:02,Балансир подвески 2239965SKV / 1404352 / 311.01.009 / 56640 / 302504 SCANIA 4/P/G/R/T M145x2/110x140,2,14810,SKV,2239965SKV,Хабаровск
2026-01-06 14:13:02,Балансир рессоры задней D-126989 / 49330-1351 Hino 700 Дизель,10,10389,Дизель,D-126989,Хабаровск
2026-01-06 14:13:02,Балансир рессоры задней D-126990 / 34-669 / 1-57385-014-0 / 1-51385-039-1 Isuzu 10т 4WD Дизель,38,9856,Дизель,D-126990,Хабаровск
2026-01-06 14:13:02,Балансир рессоры задней D-129121 / MC032144 / 34-668 RH 3 стремянки 10т Fuso XLD Дизель,5,9585,Дизель,D-129121,Хабаровск
2026-01-06 14:13:02,Балансир рессоры задней D-129122 / MC032145 / 34-668 LH 3 стремянки 10т Fuso XLD Дизель,3,9166,Дизель,D-129122,Хабаровск
2026-01-06 14:13:02,Балансир рессоры задней в сборе D-129123 / 34-669 / 1-57385-014-0 / 1513850391 10т Isuzu 4WD Дизель,5,12947,Дизель,D-129123,Хабаровск
2026-01-06 14:13:02,Балка передняя D-128740 / 8-98038-384-0 / 8-98038-384-3 NPR75 Дизель,17,34296,Дизель,D-128740,Хабаровск
2026-01-06 14:13:02,Балка поперечная 199100590000 HOWO,2,2644,Howo,199100590000,Хабаровск
2026-01-06 14:13:02,Бампер 004-001-HNU/HNPR03012/52101-9351 широкий HINO SH1E/2P/FH2P 03~ GA !,12,14235,Дизель,004-001-HNU,Хабаровск
2026-01-06 14:13:02,Бампер FR левая часть 86510-7C000 LH HD250 (K) дефект,1,1675,Дизель,86510-7C000,Хабаровск
2026-01-06 14:13:02,Бампер накладка верх 004-001-MBQ-T1/MBGR97061/MC962016 FP/FS/FT/FU/FV/FY5# 97-06` GA !,14,4017,Дизель,004-001-MBQ-T1,Хабаровск
2026-01-06 14:13:02,Бампер накладка левая низ HNPR03016/004-001-HNU-D-L широкий HINO SH1E/2P/FH2P 03~ GA !,5,1115,Дизель,HNPR03016,Хабаровск
2026-01-06 14:13:02,Бампер накладка низ 004-001-NSI-D/NSBT-92061 N-DIESEL CW520/CD45/CG45 89-97 GA !,5,5313,Дизель,004-001-NSI-D,Хабаровск
2026-01-06 14:13:02,Бампер накладка правая низ HNPR03015/004-001-HNU-D-R широкий HINO SH1E/2P/FH2P 03~ GA !,5,1115,Дизель,HNPR03015,Хабаровск
2026-01-06 14:13:02,Бампер накладка центральная низ HNPR03014/004-001-HNU-D-C широкий HINO SH1E/2P/FH2P 03~ GA !,3,1115,Дизель,004-001-HNU-D-C,Хабаровск
2026-01-06 14:13:02,Бампер передний (правая часть) 810W41610-5600 HOWO T5G,3,6720,Дизель,810W41610-5600,Хабаровск
2026-01-06 14:13:02,Бампер передний (средняя часть) 810W41610-5663 HOWO T5G,1,7466,Дизель,810W41610-5663,Хабаровск
2026-01-06 14:13:02,Бампер передний 86510-56000 HYUNDAI HD72/78 ORIG,7,7310,Hyundai-Kia,86510-56000,Хабаровск
2026-01-06 14:13:02,Бампер передний D-128741 / 1-71211-427-2 CXH/CYH/EXZ/CXZ Дизель,3,30346,Дизель,D-128741,Хабаровск
2026-01-06 14:13:02,Бампер средний D-128183 / WG1664245001 HOWO Дизель,1,2850,Дизель,D-128183,Хабаровск
2026-01-06 14:13:02,Бампер хром 004-001-HNU-1/HNPR03012/52101-9351 широкий HINO SH1E/2P/FH2P 03~ GA !,9,13377,Дизель,004-001-HNU-1,Хабаровск
2026-01-06 14:13:02,"Барабан тормозной 1-42315-336-1 C,F-series SKV",62,8627,SKV,1-42315-336-1,Хабаровск
2026-01-06 14:13:02,Барабан тормозной F/R D-126712 / 52761-5K501 / 52761-5K500 / 51761-5K500 6шп 110мм HD65/72/78 Дизель,142,5102,Дизель,D-126712,Хабаровск
2026-01-06 14:13:02,Барабан тормозной F/R D-128973 / 51761-5H200 / 52761-5H200 / XZH-32-018 6шп 85мм HD65/72 Дизель,83,5386,Дизель,D-128973,Хабаровск
2026-01-06 14:13:02,Барабан тормозной задний 1-42315-377-2/0/1 C/E-series SKV,123,15079,SKV,1-42315-377-2,Хабаровск
2026-01-06 14:13:02,Барабан тормозной задний D-125766 / AK35021282BZ3 / HFF3502128CK2BZ JAC N350 Дизель,2,16439,Дизель,D-125766,Хабаровск
2026-01-06 14:13:02,Барабан тормозной задний D-127295 / A3054230401 / A3054230701 Mercedes Дизель,34,8886,Дизель,D-127295,Хабаровск
2026-01-06 14:13:02,Барабан тормозной перед. 51761-6B000/PHC R5508 HYUNDAI GOLD D6GA HD120 ORIG,2,36543,Hyundai-Kia,51761-6B000,Хабаровск
2026-01-06 14:13:02,Барабан тормозной перед. 51761-7H000 HYUNDAI HD270 D6CA SKV,49,10297,SKV,51761-7H000,Хабаровск
2026-01-06 14:13:02,Барабан тормозной передний 8-98171-472-0 NQR SKV,73,6497,SKV,8-98171-472-0,Хабаровск
2026-01-06 14:13:02,Барабан тормозной передний D-128416 / 3501571-4Е 10 отв. Faw J5/J6 Дизель,2,6643,Дизель,D-128416,Хабаровск
2026-01-06 14:13:02,"Барабан тормозной передний D-128660 / WG4070450005 Sitrak, Howo T5G Дизель",1,7467,Дизель,D-128660,Хабаровск
2026-01-06 14:13:02,Бачок омывателя в сборе D-129083 / DZ15221743020 SHACMAN X3000 Дизель,1,1500,Дизель,D-129083,Хабаровск
2026-01-06 14:13:02,Бачок омывателя с мотором D-129127 / 5207010A109 FAW 3252 3312 Дизель,5,939,Дизель,D-129127,Хабаровск
2026-01-06 14:13:02,Бачок омывателя с моторчиком AZ1642860002/1 Howo/,3,778,Howo,AZ1642860002/1,Хабаровск
2026-01-06 14:13:02,Бендикс D-129128 HINO J07C YD Дизель,71,1196,Дизель,D-129128,Хабаровск
2026-01-06 14:13:02,Бендикс D-129129 ISUZU 6HK1 YD Дизель,11,1042,Дизель,D-129129,Хабаровск
2026-01-06 14:13:02,Бендикс HINO D-129908 / H07C Дизель,12,1122,Дизель,D-129908,Хабаровск
2026-01-06 14:13:02,Бендикс HINO J08C DX1320 YD,34,2833,Дизель,DX1320,Хабаровск
2026-01-06 14:13:02,Бендикс ISUZU 4HF1/4HG1 D-127296 / 8-97030-393-0 / DX2501 YD Дизель,9,2709,Дизель,D-127296,Хабаровск
2026-01-06 14:13:02,Бендикс ISUZU D-129906 6HE1/6НН1 Дизель,1,3356,Дизель,D-129906,Хабаровск
2026-01-06 14:13:02,Бендикс MMC 6D17 D-129907 / DX2611 Дизель,1,2863,Дизель,D-129907,Хабаровск
2026-01-06 14:13:02,Бендикс TOYOTA 2L/5L 12V/10T/2.2KW !,19,1193,Дизель,2L/5L,Хабаровск
2026-01-06 14:13:02,Блок управления WG 9719580001 (Н),1,3514,Дизель,9719580001,Хабаровск
2026-01-06 14:13:02,Блок управления климат-контролем D-126449 / 712W61942-0630 Howo/Sitrak C7H/MAN Дизель,1,5873,Дизель,D-126449,Хабаровск
2026-01-06 14:13:02,Блокиратор вилки WTB10*18*12-6G120 JAC ORIG,2,325,JAC,WTB10*18*12-6G120,Хабаровск
2026-01-06 14:13:02,Болт 55-9456 Thermo King,10,1720,Thermo King,55-9456,Хабаровск
2026-01-06 14:13:02,Болт 60531671 /A3892651674 / A9452652774 Mercedes /Euroricambi,3,712,Euroricambi,60531671,Хабаровск
2026-01-06 14:13:02,Болт A3892651674 / A9452652774 / 60531671 Mercedes ориг !,1,2321,Mercedes,A 389 265 16 74,Хабаровск
2026-01-06 14:13:02,Болт D-129899 / ZQ151B12100 HOWO Дизель,9,68,Дизель,D-129899,Хабаровск
2026-01-06 14:13:02,Болт FE-018 /MB-308935/FKT-018A12*38 p1.0 PM,10,162,Paul Master,FKT-018A,Хабаровск
2026-01-06 14:13:02,Болт FHB-1340/ MC802645 / FUSO MK117 / 12X40 PM,1,159,Paul Master,FHB-1340,Хабаровск
2026-01-06 14:13:02,"Болт FTB-1035 / MH001714 10,5*35 PM",3,147,Paul Master,FTB-1035,Хабаровск
2026-01-06 14:13:02,Болт G-001-1 / fhb-1345 FUSO FV415 12*45mm p1.25 PM,5,131,Paul Master,FHB-1345,Хабаровск
2026-01-06 14:13:02,Болт G-003-1 / FTB-1350 FUSO FV419 12X50mm PM,7,186,Paul Master,FTB-1350,Хабаровск
2026-01-06 14:13:02,"Болт G-006-1/UKT-1460C 14X60mm p1,5 38166-90007 PM",2,180,Paul Master,G-006-1,Хабаровск
2026-01-06 14:13:02,"Болт G-006/HKT-1468C 14X68 p1,5 / 9019-14219 PM",7,180,Paul Master,9019-14219,Хабаровск
2026-01-06 14:13:02,"Болт G-007 / HHB-1650 16X50 p1,5 PM",3,216,Paul Master,G-007,Хабаровск
2026-01-06 14:13:02,"Болт G-008 / HTB-1250 / 9019-12397 12X50 p1,25 PM",7,195,Paul Master,G-008,Хабаровск
2026-01-06 14:13:02,"Болт G-010-10B /G-10200 10X10X200mm p1,5 PM",4,336,Paul Master,G-010-10B,Хабаровск
2026-01-06 14:13:02,"Болт G-010-6 / G-10100B 10X10X100mm p1,25 PM",4,162,Paul Master,G-010-6,Хабаровск
2026-01-06 14:13:02,"Болт G-010-7B/G-10120 10X10X120mm p1,5 PM",3,244,Paul Master,G-10120,Хабаровск
2026-01-06 14:13:02,"Болт G-010-8B /G-10150 10X10X150mm p1,5 PM",15,159,Paul Master,G-10150,Хабаровск
2026-01-06 14:13:02,"Болт G-010-9B/G-10180 (S45c) 10X10X180mm p1,5 PM",4,301,Paul Master,G-010-9B,Хабаровск
2026-01-06 14:13:02,"Болт G-010A / SZ116-10129 / G-1060S 10X10X60 p1,5 (нерж.) PM",17,259,Paul Master,G-010A,Хабаровск
2026-01-06 14:13:02,Болт G-012 PM !,1,104,Paul Master,G-012-D,Хабаровск
2026-01-06 14:13:02,"Болт G-018-1 /9029-12204/HKT-1260D 12X60 p1,75 PM",4,131,Paul Master,G-018-1,Хабаровск
2026-01-06 14:13:02,Болт G-019 /G-0840 8*8*40mm p1.25 PM,2,131,Paul Master,G-019,Хабаровск
2026-01-06 14:13:02,Болт G-019-4 /G-0875 8*8*75mm p1.25 PM,3,169,Paul Master,G-0875,Хабаровск
2026-01-06 14:13:02,Болт G-019-7 / G-08120 8*8*120mm p1.25 PM,1,231,Paul Master,G-08120,Хабаровск
2026-01-06 14:13:02,Болт G-021 /FHB-1030/MB-000137 10*30mm PM,4,113,Paul Master,G-021,Хабаровск
2026-01-06 14:13:02,Болт G-022 /9059-14109/HHB-1445 14*45mm PM,22,219,Paul Master,G-022,Хабаровск
2026-01-06 14:13:02,Болт G-023 / IHB-1240 /1-09000-076-1 ISUZU FSR 12*40mm PM,2,118,Paul Master,G-023,Хабаровск
2026-01-06 14:13:02,Болт G-025 /OTB-1245 / 8-98031-764-0 12*45mm PM,2,207,Paul Master,OTB-1245,Хабаровск
2026-01-06 14:13:02,"Болт M6*12 8-94279-200-0 C,F,N series ORIG",2,128,Isuzu,8-94279-200-0,Хабаровск
2026-01-06 14:13:02,"Болт M8*35 0-28050-835-0 F,C,N-series ORIG",2,173,Isuzu,0-28050-835-0,Хабаровск
2026-01-06 14:13:02,Болт MA-006 /MKT-006/ W728-26-117 10*40mm p1.25 PM,6,227,Paul Master,MKT-006,Хабаровск
2026-01-06 14:13:02,Болт MB301509,3,83,Дизель,MB301509,Хабаровск
2026-01-06 14:13:02,Болт OTB-1037 M10*10.2*35 PM,12,146,Paul Master,OTB-1037,Хабаровск
2026-01-06 14:13:02,Болт RR рессоры передний D-126382 / 8-98011-488-0 / 8-97033-967-0 NPR75/NPR85/NQR90/NLR85 Дизель,33,191,Дизель,D-126382,Хабаровск
2026-01-06 14:13:02,Болт TO-007 / TTB-007 / 90114-11124 PM,1,282,Paul Master,TTB-007,Хабаровск
2026-01-06 14:13:02,Болт V-обр. тяги М22*110 D-129883 / WG9725520114 HOWO Дизель,10,253,Дизель,D-129883,Хабаровск
2026-01-06 14:13:02,"Болт амортизатора 0334014120SKV / 03.340.14.12.0 BPW М24х3,0х275 DIN 931",178,294,SKV,0334014120,Хабаровск
2026-01-06 14:13:02,"Болт амортизатора 180500245520SKV / 02.5023.20.80 BPW М20х2,5х200",95,139,SKV,180500245520,Хабаровск
2026-01-06 14:13:02,Болт амортизатора нижний М20*180 8-97605-113-1 ORIG,2,3627,Isuzu,8976051131,Хабаровск
2026-01-06 14:13:02,"Болт амортизатора полуприцепа Schmitz 1086695SKV M16x1,5х122-10.9 SKV",267,119,SKV,1086695SKV,Хабаровск
2026-01-06 14:13:02,Болт балансира с отверстием M16 L=55 HOWO Q171C1655TF2,4,66,Дизель,Q171C1655TF2,Хабаровск
2026-01-06 14:13:02,Болт блокировки шкворня D-125771 / HFF3001042CK3GFTP JAC N350 Дизель,3,255,Дизель,D-125771,Хабаровск
2026-01-06 14:13:02,Болт ГБЦ 22321-4A000 D4CB Hyundai Porter2/Kia Bongo3 ORIG,46,286,Hyundai-Kia,22321-4A000,Хабаровск
2026-01-06 14:13:02,Болт ГБЦ 8-94399-555-0 4HK1 4HF1 4HG1 ORIG,8,395,Isuzu,8-94399-555-0,Хабаровск
2026-01-06 14:13:02,Болт ГБЦ D-125379 / 8-94399-555-0 4HK1 4HF1 4HG1 Дизель,15,240,Дизель,D-125379,Хабаровск
2026-01-06 14:13:02,Болт ГБЦ D-127297 / 8-97077-638-0 4HF1 4HG1 4HK1 Дизель,1,272,Дизель,D-127297,Хабаровск
2026-01-06 14:13:02,Болт ГБЦ D-128454 / 1003046-36D FAW CA6DL1/2 Дизель,30,344,Дизель,D-128454,Хабаровск
2026-01-06 14:13:02,Болт ГБЦ D-128746 / 8-94399-555-0 4HK1/4HF1/4HG1 Дизель,20,130,Дизель,D-128746,Хабаровск
2026-01-06 14:13:02,Болт ГБЦ D-128747 / 8-97133-416-0 М11х114 4JJ1 N-series Дизель,64,131,Дизель,D-128747,Хабаровск
2026-01-06 14:13:02,Болт ГБЦ M12*120 0-28156-212-0/0-28186-212-0/1-09044-070-0 C-series 6WG1 ORIG,29,253,Isuzu,0-28156-212-0,Хабаровск
2026-01-06 14:13:02,Болт ГБЦ M18*115 8-98245-540-0/1-09070-141-0/1-09070-114-2 C-series 6WG1 ORIG,31,841,Isuzu,8-98245-540-0,Хабаровск
2026-01-06 14:13:02,Болт ГБЦ M18*159 8-98245-541-0/1-09070-142-0/1-09070-115-2 C-series 6WG1 ORIG,9,950,Isuzu,8-98245-541-0,Хабаровск
2026-01-06 14:13:02,Болт головки блока цилидров D-128124/8-98201-019-0/8-97144-583-2 NJR/NKR/NLR/NMR 011- Дизель,24,281,Дизель,D-128124,Хабаровск
2026-01-06 14:13:02,Болт для слива воды ФГОТ D-129132 / 1105080E50A/A E-5 FAW Дизель,10,46,Дизель,D-129132,Хабаровск
2026-01-06 14:13:02,"Болт карданный 1-09000-645-0 M14*50 C,F-series ORIG",2,279,Isuzu,1-09000-645-0,Хабаровск
2026-01-06 14:13:02,Болт карданный M16*1.5*50 020058/06027925213 MAN SKV,1996,66,SKV,06027925213SKV,Хабаровск
2026-01-06 14:13:02,Болт колесный D-126778 / WG9100410212 Sitrak C7H Дизель,86,205,Дизель,D-126778,Хабаровск
2026-01-06 14:13:02,Болт коллектора выпускного D-129130 / 1008046-29D FAW CA6DL1/2 CA6DN1 Дизель,23,221,Дизель,D-129130,Хабаровск
2026-01-06 14:13:02,"Болт крепления V-образной штанги D-128587 / 2918518A260 М14х1,5х70 FAW J6 Дизель",1,110,Дизель,D-128587,Хабаровск
2026-01-06 14:13:02,Болт крепления задней рессоры D-126383 / 1-51356-140-0 Дизель,6,270,Дизель,D-126383,Хабаровск
2026-01-06 14:13:02,"Болт крепления колеса A3814010571 M22x1,5x108,5/98 10,9 SKV",347,125,SKV,A3814010571,Хабаровск
2026-01-06 14:13:02,Болт крепления маховика двигателя D-128518 / 8-97178-013-0 M16х42 N-Serie Дизель,10,232,Дизель,D-128518,Хабаровск
2026-01-06 14:13:02,"Болт крепления пневморессоры 0250709500SKV / 02.5070.95.00 М16х2,0х65 10,9",27,65,SKV,0250709500,Хабаровск
2026-01-06 14:13:02,"Болт крепления пневморессоры М16х2,0х75 10,9 0250709600SKV / 02.5070.96.00/18988005203/18988005200",711,53,SKV,0250709600,Хабаровск
2026-01-06 14:13:02,"Болт крепления подножки 8-98004-345-0 М8*18 F,N-series ORIG",2,133,Isuzu,8-98004-345-0,Хабаровск
2026-01-06 14:13:02,Болт крепления реактивной тяги 9019-18148 18*265 TZG,2,185,Дизель,9019-18148,Хабаровск
2026-01-06 14:13:02,Болт кронштейна балансира D-128748 / 9-92061-855-0 / 0-20951-855-0 M18х55 C/E/F series Дизель,8,237,Дизель,D-128748,Хабаровск
2026-01-06 14:13:02,Болт крышки балансира (M18X48.5) 1-09044-038-2 CYZ51/CXZ/EXZ/F ORIG,14,895,Isuzu,1-09044-038-2,Хабаровск
2026-01-06 14:13:02,Болт крышки балансира D-125062 / 1-09044-038-2 M18X48.5 ISUZU CYZ51/CXZ/EXZ Дизель,136,119,Дизель,D-125062,Хабаровск
2026-01-06 14:13:02,Болт маховика 200V90020-0419 HOWO T5G,8,295,Дизель,200V90020-0419,Хабаровск
2026-01-06 14:13:02,Болт натяжной торсиона 6613233171 Istana,3,392,JMC,6613233171,Хабаровск
2026-01-06 14:13:02,Болт переднего рычага 54563-3K000 HYUNDAI H-1/Grand Starex G4KC/G4KE ORIG,5,241,Hyundai-Kia,54563-3K000,Хабаровск
2026-01-06 14:13:02,Болт поддона D-125774 / 90011430019 JAC N350 WP10 E-5 Дизель,4,28,Дизель,D-125774,Хабаровск
2026-01-06 14:13:02,Болт полурессоры центровой 0334102300SKV / 6602016120 / 03.341.02.30.0 BPW M16X2x120/30 DIN 931,1479,66,SKV,0334102300SKV,Хабаровск
2026-01-06 14:13:02,Болт реактивной тяги D-125755 / 8-98012-877-0 / 1-09000-568-0 короткий CYZ51/CYZ52 Дизель,9,192,Дизель,D-125755,Хабаровск
2026-01-06 14:13:02,Болт реактивной тяги D-128519 / 8-98012-875-0 / 1-09000-078-1 с гайкой 1-09464-011-0 CYZ51/52 Дизель,1,327,Дизель,D-128519,Хабаровск
2026-01-06 14:13:02,Болт регул.ручного тормоза FTA-026 / B-026 44420-46021 / PM,1,854,Paul Master,FTA-026,Хабаровск
2026-01-06 14:13:02,Болт регулировки усил.сцепл. IS-039 / ICR-039 125 mm PM,3,564,Paul Master,ICR-039,Хабаровск
2026-01-06 14:13:02,Болт регулировочный тормозного цилиндра D-128749 / 1-47623-035-2 FVR34/CYZ52/CYZ51 Дизель,10,237,Дизель,D-128749,Хабаровск
2026-01-06 14:13:02,Болт рессоры 06014944935SKV MAN TGA/TGX/TGS/TGM M20x2/260 K10 DIN 931/8.8 SKV,2235,182,SKV,06014944935,Хабаровск
2026-01-06 14:13:02,Болт рессоры D-126734 / ZQ151B24205TF6 Sitrak C7H Дизель,15,470,Дизель,D-126734,Хабаровск
2026-01-06 14:13:02,"Болт рессоры М30x3,5х197 9746-2912478 SKV",1222,324,SKV,97462912478,Хабаровск
2026-01-06 14:13:02,Болт ступицы 0443AE0160,1,1241,JMC,0443AE0160,Хабаровск
2026-01-06 14:13:02,"Болт стяжной 0-10856-480-0 M14*80 RR F,C-series ORIG",6,435,Isuzu,0-10856-480-0,Хабаровск
2026-01-06 14:13:02,Болт топливной системы CU-001/CU-2237С p1.5*37mm DIA 22mm PM,7,203,Paul Master,CU-2237C,Хабаровск
2026-01-06 14:13:02,Болт топливной системы CU-002 / CU-2037 p1.5*37mm DIA 20mm PM,6,292,Paul Master,CU-2037,Хабаровск
2026-01-06 14:13:02,Болт топливной системы CU-003 p1.5*35mm DIA 18mm PM !,3,268,Paul Master,CU-003,Хабаровск
2026-01-06 14:13:02,Болт топливной системы CU-007B / CU-1230D p1.75*30mm DIA 12mm PM,4,226,Paul Master,CU-007B,Хабаровск
2026-01-06 14:13:02,Болт топливной системы CU-010 / CU-1224B p1.25*24mm DIA 12mm PM,4,213,Paul Master,CU-1224B,Хабаровск
2026-01-06 14:13:02,Болт топливной системы CU-014B/CU-1026A p1.0*26mm DIA 10mm PM,3,187,Paul Master,CU-014B,Хабаровск
2026-01-06 14:13:02,Болт топливной системы CU-015A / CU-0828A p1.0*28mm DIA 8mm PM,3,153,Paul Master,CU-0828A,Хабаровск
2026-01-06 14:13:02,Болт топливной системы CU-0828B/ CU-015B p1.25*28mm DIA 8mm PM,15,234,Paul Master,CU-015B,Хабаровск
2026-01-06 14:13:02,Болт топливной системы CU-1020A / CU-014A p1.0*20mm DIA PM,2,150,Paul Master,CU-1020A,Хабаровск
2026-01-06 14:13:02,Болт топливной системы CU-1020B / CU-013A p1.25*20mm DIA 10mm PM,1,136,Paul Master,CU-1020B,Хабаровск
2026-01-06 14:13:02,Болт топливной системы CU-1223A / CU-011 p1.0*23mm DIA 12mm PM,6,158,Paul Master,CU-1223A,Хабаровск
2026-01-06 14:13:02,Болт топливной системы CU-1223A/ CU-011 p1.0*23mm DIA 12mm PM,2,200,Paul Master,CU-011,Хабаровск
2026-01-06 14:13:02,Болт топливной системы CU-1230B p1.75*30mm PM,3,63,JMC,CU-1230B,Хабаровск
2026-01-06 14:13:02,Болт топливной системы CU-1230C / CU-009B p1.5*30mm DIA 12mm PM,2,226,Paul Master,CU-1230C,Хабаровск
2026-01-06 14:13:02,Болт топливной системы CU-1633 / CU-004 p1.5*18*33mm DIA 16mm PM,10,203,Paul Master,CU-004,Хабаровск
2026-01-06 14:13:02,Болт топливной системы CU-1655C 1.5*55 mm PM,6,564,Paul Master,CU-1655C,Хабаровск
2026-01-06 14:13:02,Болт турбокомпрессора 5-09000-275-0 NPR75 E4 ORIG,2,264,Isuzu,5-09000-275-0,Хабаровск
2026-01-06 14:13:02,Болт центральный 0334014250 M24X2 /260 SKV,381,255,SKV,0334014250,Хабаровск
2026-01-06 14:13:02,"Болт центральный D-127058 / CB05 М12х1,5 with head 18х20х16.5 250mm Дизель",116,151,Дизель,D-127058,Хабаровск
2026-01-06 14:13:02,"Болт центральный D-127059 / CB06 М16*1,5 with head 24*12 ISUZU 350mm Дизель",571,256,Дизель,D-127059,Хабаровск
2026-01-06 14:13:02,"Болт центральный D-127062 / CB09 М16*1,5 with head 30*23.5*12 350mm Дизель",10,294,Дизель,D-127062,Хабаровск
2026-01-06 14:13:02,"Болт центральный D-127063 / CB10 М14*1,5 with head 20*25*16.5 300mm Дизель",724,140,Дизель,D-127063,Хабаровск
2026-01-06 14:13:02,"Болт центральный D-129043 / М16х1,5х300 Дизель",9,174,Дизель,D-129043,Хабаровск
2026-01-06 14:13:02,Болт центральный D-129097 / 2912161-260 M16х320 задняя рессора FAW Дизель,7,192,Дизель,D-129097,Хабаровск
2026-01-06 14:13:02,"Болт-фильтр ТНВД 8-98204-986-0 F,N,Q-series ORIG",1,3587,Isuzu,8-98204-986-0,Хабаровск
2026-01-06 14:13:02,Болт/палец задней рессоры 55251-4F000 Hyundai Porter 2/Bongo 3 ORIG,1,227,Hyundai-Kia,55251-4F000,Хабаровск
2026-01-06 14:13:02,Брызговик D-129099 40х40см ISUZU Дизель,18,330,Дизель,D-129099,Хабаровск
2026-01-06 14:13:02,Брызговик D-129100 / 55-8764 50х50см ISUZU Дизель,24,377,Дизель,D-129100,Хабаровск
2026-01-06 14:13:02,Брызговик D-129103 / 97203 60х50см ISUZU Дизель,24,471,Дизель,D-129103,Хабаровск
2026-01-06 14:13:02,Брызговик кабины задний L D-128706 / 5103361-72C / B/5103361-50V пластик FAW J6 Дизель,3,1594,Дизель,D-128706,Хабаровск
2026-01-06 14:13:02,Брызговик кабины правый D-127878 / DZ13241230414 SHAANXI F3000/X3000 Дизель,1,1330,Дизель,D-127878,Хабаровск
2026-01-06 14:13:02,Брызговик перед левый (задняя часть) 86810-6A004 Hyundai HD120 ORIG,3,1461,Hyundai-Kia,86810-6A004,Хабаровск
2026-01-06 14:13:02,Брызговик правый задняя часть 86820-6A004 Hyundai HD120 ORIG,1,1461,Hyundai-Kia,86820-6A004,Хабаровск
2026-01-06 14:13:02,"Брызговики ""2008"" XB-238 малые цвет-ЖЕЛТЫЕ (к-т 2шт)",2,249,JMC,XB-238,Хабаровск
2026-01-06 14:13:02,Вакуумный насос 8-98251-764-0/8-98162-748-0/8-98005-250-0/8-98241-234-0 N-series 4JJ1 ORIG,1,25167,Isuzu,8-98251-764-0,Хабаровск
2026-01-06 14:13:02,Вакуумный усилитель сцепления MC113122 810-03101 Y,4,9334,Yamasida,MC113122,Хабаровск
2026-01-06 14:13:02,Вакуумный усилитель тормоза D-128026 / MK585075 Дизель,29,6364,Дизель,D-128026,Хабаровск
2026-01-06 14:13:02,Вал балансира 23321-4A700 HYUNDAI Porter II D4CB ORIG,3,2900,Hyundai-Kia,23311-4A700,Хабаровск
2026-01-06 14:13:02,Вал балансира D-126992 / MC010800 / MC054800 / 11-206 (ф125) Дизель,4,10792,Дизель,D-126992,Хабаровск
2026-01-06 14:13:02,"Вал балансира D-127085 / 1-51381-010-0 115*105*346mm, ремонтный Дизель",34,8308,Дизель,D-127085,Хабаровск
2026-01-06 14:13:02,"Вал балансира D-127086 / 1-51381-010-0 115*100*346 mm, ремонтный Дизель",25,8308,Дизель,D-127086,Хабаровск
2026-01-06 14:13:02,Вал вилки диференциала A9483530035 Mercedes ориг !,1,3475,Mercedes,A 948 353 00 35,Хабаровск
2026-01-06 14:13:02,Вал вилки синхронизатора КПП D-129861 / WG2214100054 HOWO T5G Дизель,3,981,Дизель,D-129861,Хабаровск
2026-01-06 14:13:02,"Вал карданный (L=380 D=30,d=27) 99114300065 How",1,3962,Дизель,99114300065,Хабаровск
2026-01-06 14:13:02,Вал карданный D-125782 / 49400-Y307004 JAC N350 Дизель,1,22326,Дизель,D-125782,Хабаровск
2026-01-06 14:13:02,Вал карданный заднего моста D-128287 / 2201010-1050/B FAW J6 Дизель,2,14671,Дизель,D-128287,Хабаровск
2026-01-06 14:13:02,Вал карданный межосевой D-128420 / DZ9114311072 L=720 D=180 SHACMAN X3000 Дизель,1,11002,Дизель,D-128420,Хабаровск
2026-01-06 14:13:02,Вал карданный межосевой без фланца D-129137 / 37041-90062 / XLD-C201-5 / GUN41 485x600mm Дизель,4,22610,Дизель,D-129137,Хабаровск
2026-01-06 14:13:02,"Вал карданный привода 260133100101 НШ(L=540 шлицевая D=30,d=27) Howo",2,1720,Howo,260133100101,Хабаровск
2026-01-06 14:13:02,Вал КПП вторичный D-127988 / 8-97253-116-3 MYY6S Z=28-42-42-21 NPR75/NQR90 Дизель,3,7749,Дизель,D-127988,Хабаровск
2026-01-06 14:13:02,Вал КПП первичный D-125087 / 8-97350-006-0 MYY6S Z=26 N-series Дизель,23,4907,Дизель,D-125087,Хабаровск
2026-01-06 14:13:02,Вал КПП первичный D-127064 / 8-97252-924-1 MYY5T Z=28 N-series Дизель,2,4994,Дизель,D-127064,Хабаровск
2026-01-06 14:13:02,Вал КПП первичный D-127065 / 8-98021-266-0 MYY6S Z=26 N-series Дизель,7,5905,Дизель,D-127065,Хабаровск
2026-01-06 14:13:02,Вал КПП промежуточный D-128092 / 8-97380-627-0/1 NPR75/NQR90 Дизель,1,20128,Дизель,D-128092,Хабаровск
2026-01-06 14:13:02,Вал планетарной шестерни 3200190010 JAC N35 ORIG,6,578,JAC,3200190010-B,Хабаровск
2026-01-06 14:13:02,Вал редуктора среднего моста D-127879 / 2502161-A0E FAW J6 Дизель,4,3367,Дизель,D-127879,Хабаровск
2026-01-06 14:13:02,Вал рокеров 24511-42500 HYUNDAI Porter ORIG,3,2641,Hyundai-Kia,24511-42500,Хабаровск
2026-01-06 14:13:02,Вал рулевой D-126660 / 711-46113-62316260LXLH / AZ962547390129 Sitrak C7H Дизель,1,3513,Дизель,D-126660,Хабаровск
2026-01-06 14:13:02,Вал тормозной B-020-1 MC811314 FW42# FW52# FW41# 84-06` LH PM !,2,5086,Paul Master,FBD-020,Хабаровск
2026-01-06 14:13:02,Вал тормозной B-020-1 MC811315 FW4# FV4# 84-95` RH PM !,2,5086,Paul Master,MC811315,Хабаровск
2026-01-06 14:13:02,Вал тормозной B-021-1 MC811310 FP41# 44# FV41# 83-96` LH PM !,2,5086,Paul Master,MC811310,Хабаровск
2026-01-06 14:13:02,Вал тормозной B-021-1 MC811311 FP41# 44# FV41# 83-96` RH PM !,2,5086,Paul Master,MC811311,Хабаровск
2026-01-06 14:13:02,Вал тормозной EXR-001-1 1-47141-053-0 L=356 PM,1,5913,Paul Master,1-47141-053-0,Хабаровск
2026-01-06 14:13:02,Вал тормозной EXR-001-1 1-47141-054-0 L=356 PM,1,5496,Paul Master,1-47141-054-0,Хабаровск
2026-01-06 14:13:02,Вал тормозной левый 531мм 464844/A9424230136/1591618600/WS7567 L Mercedes /DieselTechnic !,6,3754,Diesel Technic,4.64844,Хабаровск
2026-01-06 14:13:02,Вал тормозной передний левый D-128593 / 3502151C242/A Faw J6 3250 Дизель,6,1693,Дизель,D-128593,Хабаровск
2026-01-06 14:13:02,Вал тормозной передний правый D-128590 / 3501152C242/A Faw J6 3250 Дизель,4,1761,Дизель,D-128590,Хабаровск
2026-01-06 14:13:02,Вал тормозной правый 531мм 464845 / A9424230036 / 1591618500 Mercedes /DieselTechnic !,1,3728,Diesel Technic,4.64845,Хабаровск
2026-01-06 14:13:02,Вал шестерни ГРМ 8-97312-315-2 N-series 4JJ1 ORIG,1,3420,Isuzu,8-97312-315-2,Хабаровск
2026-01-06 14:13:02,Вал шестерни ГРМ 8-97312-319-1 N-series 4JJ1 ORIG,2,2190,Isuzu,8-97312-319-1,Хабаровск
2026-01-06 14:13:02,Венец маховика 1-12333-013-0/1 CYZ51K EURO3 6WF1 Z=139 Diesel,1,2949,Дизель,1-12333-013-0,Хабаровск
2026-01-06 14:13:02,Венец маховика D-126667 / ME012509 110t* 4D32 Дизель,13,1472,Дизель,D-126667,Хабаровск
2026-01-06 14:13:02,Венец маховика D-126668 / ME012548 114t 4D35/33 Дизель,15,1610,Дизель,D-126668,Хабаровск
2026-01-06 14:13:02,Венец маховика D-126670 / 8-97046-366-0 138t 4HF1/4HG1/4HK1 Дизель,7,1655,Дизель,D-126670,Хабаровск
2026-01-06 14:13:02,"Венец шестерни КПП пониженного диапазона 8-98060-771-1/8-98364-259-1/8-97825-908-0 C,E-series ORIG",1,62351,Isuzu,8-98060-771-1,Хабаровск
2026-01-06 14:13:02,"Вентилятор AD-F002 Внешний - 52 см, внутренний - 6 см",1,3523,JMC,AD-F002,Хабаровск
2026-01-06 14:13:02,Вентилятор D-129138 / 1308010-14B/A FAW CA6DL2 Дизель,1,6457,Дизель,D-129138,Хабаровск
2026-01-06 14:13:02,Вентилятор D-129139 / 1308010-73A/В FAW J6 Дизель,1,5597,Дизель,D-129139,Хабаровск
2026-01-06 14:13:02,Вентилятор охлаждения 1109400W5030 JAC N35 ORIG,1,3609,JAC,1109400W5030,Хабаровск
2026-01-06 14:13:02,Вентилятор охлаждения двигателя 8-97366-958-1 N-series 4HV1 (CNG) ГАЗ ORIG,3,9382,Isuzu,8-97366-958-1,Хабаровск
2026-01-06 14:13:02,Вентилятор охлаждения двигателя D-126456 / 1308010-263 FAW Дизель,1,2496,Дизель,D-126456,Хабаровск
2026-01-06 14:13:02,"Вентилятор охлаждения двигателя D-127066 / 1-13660-286-1 6WF1/6UZ1 C,F-series Дизель",4,3262,Дизель,D-127066,Хабаровск
2026-01-06 14:13:02,"Вентилятор охлаждения двигателя D-128807 / 16361-78100 / TF5681 HINO300, DYNA 2003 N04C Дизель",26,1626,Дизель,D-128807,Хабаровск
2026-01-06 14:13:02,Вентилятор охлаждения двигателя D-128808 / MZ-006 / SL01-23-906 / SE01-23-906 MAZDA SL Дизель,34,947,Дизель,D-128808,Хабаровск
2026-01-06 14:13:02,Вентилятор охлаждения двигателя D-128809 / NS-1581 / 21060-2T700 NISSAN TD25/TD27/QD32 Дизель,41,1003,Дизель,D-128809,Хабаровск
2026-01-06 14:13:02,Вентилятор охлаждения двигателя D-129140 / ME013493 / MB-5181 MITSUBISHI 4M40 4D33 Дизель,9,1162,Дизель,D-129140,Хабаровск
2026-01-06 14:13:02,Вентилятор охлаждения двигателя D-129826 / MZ-005 / MZ-14 / MZ2781 MAZDA SL Дизель,10,1132,Дизель,D-129826,Хабаровск
2026-01-06 14:13:02,Вентилятор охлаждения двигателя D-129827 / MZ-007TF 410*153*137*8 MAZDA TF/SL/4D31/4DR7 Дизель,1,1132,Дизель,D-129827,Хабаровск
2026-01-06 14:13:02,Вентилятор охлаждения двигателя MT-011/MB27/MB-5181/ME013493 MITSUBISHI 4M40/4D33 дефект,1,531,Дизель,ME013493,Хабаровск
2026-01-06 14:13:02,Вентилятор охлаждения радиатора D-125023 / 5-13662-012-1/0 N-series 2004/NPR71 4HF1/6BG1/6BF1 Дизель,2,1375,Дизель,D-125023,Хабаровск
2026-01-06 14:13:02,Вентилятор охлаждения радиатора D-126386 / 8-98190-058-0 / 8-97367-381-0 510x174x160mm 4HK1 Дизель,30,1456,Дизель,D-126386,Хабаровск
2026-01-06 14:13:02,Вентилятор охлаждения радиатора YL-FB-HI-007 K13C 16306-1933 (620/8),1,4338,JMC,16306-1933,Хабаровск
2026-01-06 14:13:02,Вентилятор охлаждения радиатора YL-FB-NI-013 GE13TB/GE13TC/RH10F (730/10),1,4837,JMC,GE13TB,Хабаровск
2026-01-06 14:13:02,Вилка выжимного подшипника C-005-2 / FCF-005 ME661678 PM,1,4453,Paul Master,FCF-005,Хабаровск
2026-01-06 14:13:02,Вилка выжимного подшипника C-006-2 / FCF-006 ME663744 PM,2,3336,Paul Master,FCF-006,Хабаровск
2026-01-06 14:13:02,Вилка выжимного подшипника сцепления 55512 / A6552501513 / 9448/22752 Mercedes / Auger !,5,2609,Auger,55512,Хабаровск
2026-01-06 14:13:02,Вилка демультипликатора D-129860 / WG2214100001 HOWO T5G Дизель,4,1990,Дизель,D-129860,Хабаровск
2026-01-06 14:13:02,Вилка КПП 3-4 передач QW43665-6A340 D6DA HD120 ORIG,2,3660,Hyundai-Kia,QW43665-6A340,Хабаровск
2026-01-06 14:13:02,Винт фиксации двери 51-1928 Thermo King,10,1408,Thermo King,51-1928,Хабаровск
2026-01-06 14:13:02,"Вкладыш Коренной MS-2000GP M8400K M307H XA,XB S501-23-110/S527-23-110/S636-23-115 STD NDC (16158)",1,740,Daido Metal,S501-23-110,Хабаровск
2026-01-06 14:13:02,Вкладыш распредвала 21182-84000 HYUNDAI HD250/260/270/370/500 ORIG,1,342,Hyundai-Kia,21182-84000,Хабаровск
2026-01-06 14:13:02,Вкладыш упорный FUSO 6D14/FUSO 6D15 / T6320L-STD / ME031059 / DAIDO METAL,1,462,Daido Metal,ME031059,Хабаровск
2026-01-06 14:13:02,Вкладыш упорный T0402A 0125,1,583,JMC,T0402A,Хабаровск
2026-01-06 14:13:02,Вкладыш упорный T0402A std,1,437,JMC,T0402A,Хабаровск
2026-01-06 14:13:02,Вкладыш упорный T1030K std,1,1253,JMC,T1030K,Хабаровск
2026-01-06 14:13:02,Вкладыш упорный T1033K 025,1,408,JMC,T1033K,Хабаровск
2026-01-06 14:13:02,Вкладыш упорный T1104K std,1,2127,JMC,T1104K,Хабаровск
2026-01-06 14:13:02,Вкладыш упорный T1107K std,1,1544,JMC,T1107K,Хабаровск
2026-01-06 14:13:02,Вкладыш упорный T1108K 025,1,1035,JMC,T1108K,Хабаровск
2026-01-06 14:13:02,Вкладыш упорный T1117K 025,1,1544,JMC,T1117K,Хабаровск
2026-01-06 14:13:02,Вкладыш упорный T1138K 025,1,1602,JMC,T1138K,Хабаровск
2026-01-06 14:13:02,Вкладыш упорный T1138K std,1,1516,JMC,T1138K,Хабаровск
2026-01-06 14:13:02,Вкладыш упорный T1145K 025,1,612,JMC,T1145K,Хабаровск
2026-01-06 14:13:02,Вкладыш упорный T1145K std,1,583,JMC,T1145K,Хабаровск
2026-01-06 14:13:02,Вкладыш упорный T1150K 025,1,1530,JMC,T1150K,Хабаровск
2026-01-06 14:13:02,Вкладыш упорный T1158K 025,1,1748,JMC,T1158K,Хабаровск
2026-01-06 14:13:02,Вкладыш упорный T1160K 025,1,1748,JMC,T1160K,Хабаровск
2026-01-06 14:13:02,Вкладыш упорный T1160K std,1,1573,JMC,T1160K,Хабаровск
2026-01-06 14:13:02,Вкладыш упорный T3300L std,1,1050,JMC,T3300L,Хабаровск
2026-01-06 14:13:02,Вкладыш упорный T3307K1 std,1,670,JMC,T3307K1,Хабаровск
2026-01-06 14:13:02,Вкладыш упорный T3308K1 std,1,788,JMC,T3308K1,Хабаровск
2026-01-06 14:13:02,Вкладыш упорный T3326L std,1,728,JMC,T3326L,Хабаровск
2026-01-06 14:13:02,Вкладыш упорный T3329L std,1,627,JMC,T3329L,Хабаровск
2026-01-06 14:13:02,Вкладыш упорный T4043K std,1,875,JMC,T4043K,Хабаровск
2026-01-06 14:13:02,Вкладыш упорный T4050K 025,1,2069,JMC,T4050K,Хабаровск
2026-01-06 14:13:02,Вкладыш упорный T428K std,1,656,JMC,T428K,Хабаровск
2026-01-06 14:13:02,Вкладыш упорный T438A std,1,1354,JMC,T438A,Хабаровск
2026-01-06 14:13:02,Вкладыш упорный T444K std,1,788,JMC,T444K,Хабаровск
2026-01-06 14:13:02,Вкладыш упорный T4650A 025,1,189,JMC,T4650A,Хабаровск
2026-01-06 14:13:02,Вкладыш упорный T4650A std,1,146,JMC,T4650A,Хабаровск
2026-01-06 14:13:02,Вкладыш упорный T626L std,1,351,JMC,T626L,Хабаровск
2026-01-06 14:13:02,Вкладыш упорный T7278A std,1,205,JMC,T7278A,Хабаровск
2026-01-06 14:13:02,Вкладыш упорный T8450A std,1,525,JMC,T8450A,Хабаровск
2026-01-06 14:13:02,Вкладыш упорный T9383A std,1,249,JMC,T9383A,Хабаровск
2026-01-06 14:13:02,Вкладыш упорный T9500A1 std,1,219,JMC,T9500A1,Хабаровск
2026-01-06 14:13:02,Вкладыш шатунный / 007-02-0061 / / / R3035K std / 1211102N00; 12111-02N00; 1211102N01; 12111-02N01,1,1325,Daido Metal,12111-02N00,Хабаровск
2026-01-06 14:13:02,Вкладыш шатунный верх 1004027FB040 JAC N35 ORIG,2,1142,JAC,1004027FB040,Хабаровск
2026-01-06 14:13:02,Вкладыш шатунный компл. TAIHO R814H STD,1,2570,Taiho,R814H-0.25,Хабаровск
2026-01-06 14:13:02,Вкладыши коленвала упорные D-125608 / 8-94399-277-0 STD 6HE Дизель,1,291,Дизель,D-125608,Хабаровск
2026-01-06 14:13:02,Вкладыши корен 8PD1/10PD1/12PD1 MP4040K-0.25/MP198H-025/1-11510-077-0/068-0/078-0/098-1 ПАРА DAIDO METAL,1,1061,Daido Metal,MP4040K-0.25,Хабаровск
2026-01-06 14:13:02,Вкладыши корен 8PD1/10PD1/12PD1 MP4040K-0.25/MP198H-025/1-11510-077-0/068-0/078-0/098-1 ПАРА L.L.E,1,650,Дизель,MP4040K-0.25,Хабаровск
2026-01-06 14:13:02,Вкладыши коренные 4HG1/4HF/4HK M4547K 0.25 DAIDO,2,4161,Daido Metal,M4547K-0.25,Хабаровск
2026-01-06 14:13:02,Вкладыши коренные 4HG1/4HF/4HK M4547K-0.25 / 8-97372-078-0 FUSA MAGURO,3,2508,MAGURO,M4547K-0.25,Хабаровск
2026-01-06 14:13:02,"Вкладыши коренные 4JJ1/4JG1 D-125022 / 8-97387-965-0 GRADE=2 (10шт/кт) N,Q-series Дизель",7,1308,Дизель,D-125022,Хабаровск
2026-01-06 14:13:02,"Вкладыши коренные 4JJ1/4JG1 D-127068 / 8-97387-966-0 GRADE=3 (10шт/кт) N,Q-series Дизель",4,847,Дизель,D-127068,Хабаровск
2026-01-06 14:13:02,Вкладыши коренные 6WA1/6WG1 M4050K-0.25/M811H-025/1-11510-093-0/2 L.L.E,1,7223,L.L.E.,M4050K-0.25,Хабаровск
2026-01-06 14:13:02,Вкладыши коренные 8-97387-967-0 4JJ1-TC (комплект на шейку к/вала) STD grade=4 ORIG,3,3202,Isuzu,8973879670,Хабаровск
2026-01-06 14:13:02,Вкладыши коренные 8PD1/10PD1/12PD1 MP4040K-STD/MP198H-STD/1-11510-077-0/068-0/078-0/098-1 ПАРА Daido Metal,1,1053,Daido Metal,MP4040K-STD,Хабаровск
2026-01-06 14:13:02,Вкладыши коренные D-125322 / 8-97387-964-0 (комплект на шейку из 2 шт) 4JJ1 Дизель,96,699,Дизель,D-125322,Хабаровск
2026-01-06 14:13:02,"Вкладыши коренные D-125377 / 8-97387-966-0, grade=3, 10шт/кт, N/Q-series 4JJ1/4JG1 Дизель",29,1430,Дизель,D-125377,Хабаровск
2026-01-06 14:13:02,Вкладыши коренные D-125624 / 8-98151-849-1 / 8-97606-709-0 C-series 6WG1 Дизель,3,10201,Дизель,D-125624,Хабаровск
2026-01-06 14:13:02,"Вкладыши коренные D-126387 / 8-98053-578-0, grade=0, N-series 4JJ1 Дизель",3,1045,Дизель,D-126387,Хабаровск
2026-01-06 14:13:02,"Вкладыши коренные D-126388 / 8-98053-576-0, grade=0, crank 3, N-series 4JJ1 Дизель",3,846,Дизель,D-126388,Хабаровск
2026-01-06 14:13:02,"Вкладыши коренные D-126389 / 8-97387-968-0 / 8-97288-121-0, grade=5, N-series 4JJ1 Дизель",3,846,Дизель,D-126389,Хабаровск
2026-01-06 14:13:02,Вкладыши коренные EL100/100-T/EM100/EP100/100-T/P09B-T M1143K-0.25/M215H-025/11701-1460/1470 DAIDO,2,6450,Daido Metal,M1143K-0.25,Хабаровск
2026-01-06 14:13:02,Вкладыши коренные J05C/J05C-TI / J07C /J08C MP1104K-0.25/11701-2160A/2170A/2180A ПАРА L.L.E!,9,583,Дизель,MP1104K-0.25,Хабаровск
2026-01-06 14:13:02,Вкладыши коренные J08C-TI/J08ETM M1106K-STD/M224H-STD/11701-2110A/2140 DAIDO,3,5126,Daido Metal,M1106K-STD,Хабаровск
2026-01-06 14:13:02,Вкладыши коренные J08C/J08E MP1107K-0.25 на шейку к/вала DAIDO METAL,1,511,Daido Metal,MP1107K-0.25,Хабаровск
2026-01-06 14:13:02,Вкладыши коренные J08C/J08E MP1107K-STD / 11701-2110A на шейку к/вала DAIDO METAL,17,1057,Daido Metal,MP1107K-STD,Хабаровск
2026-01-06 14:13:02,"Вкладыши коренные M6314K-STD 8DC8,9,10,11 (MP107/11-1147) MP107H3/ME093879/31209-70020",3,165,JMC,MP107,Хабаровск
2026-01-06 14:13:02,Вкладыши коренные MS-1119GP 12212-97286/97029/97025,1,2127,JMC,12212-97286,Хабаровск
2026-01-06 14:13:02,Вкладыши коренные STD D-129141 / L6100000-PJZW FAW J6 Дизель,1,3550,Дизель,D-129141,Хабаровск
2026-01-06 14:13:02,Вкладыши коренные STD D4CB 21020-4A943/21020-4A933 (группа D) Hyundai Porter 2 ORIG,5,552,Hyundai-Kia,21020-4A943,Хабаровск
2026-01-06 14:13:02,Вкладыши коренные TF/TM M8350A-0.25/M326A-025/TF01-11-SH0 DAIDO,2,3021,Daido Metal,M8350A-0.25,Хабаровск
2026-01-06 14:13:02,Вкладыши распредвала C176L-STD 4FB1,2,649,JMC,C176L-STD,Хабаровск
2026-01-06 14:13:02,Вкладыши распредвала D-128095 / 8-97386-189-0 10шт/к-т ISUZU 4HG1/4HK1/4HF1/Bogdan Дизель,14,2187,Дизель,D-128095,Хабаровск
2026-01-06 14:13:02,Вкладыши упорные 4BE1/4BE2/4BG1 T427A-STD/T173H-STD/5-11685-001-0/8-94114-565-1/565-2 DAIDO,1,526,Daido Metal,T427A-STD,Хабаровск
2026-01-06 14:13:02,Вкладыши упорные F17C/F17C-T/F17D/F17D-T/F17E/F20C/EF550/EF750 T1123K-STD/11011-1210 DAIDO,3,2090,Daido Metal,T1123K-STD,Хабаровск
2026-01-06 14:13:02,Вкладыши упорные P09C-T / P11C / T1150K-STD / 11011-1330A DAIDO,2,2019,Daido Metal,T1150K-STD,Хабаровск
2026-01-06 14:13:02,Вкладыши шатунные (пара) STD 23060-4A941 HYUNDAI Porter II D4CB ORIG,1,515,Hyundai-Kia,23060-4A941,Хабаровск
2026-01-06 14:13:02,Вкладыши шатунные 3B/11B/13B/14B R9492A-025/13041-56040-010/20 DAIDO,1,1309,Daido Metal,R9492A-025,Хабаровск
2026-01-06 14:13:02,Вкладыши шатунные 4JA1/4JG1-T/4JG2-T/4JJ1 R4650A-STD/R184A1-STD/8-94324-159-0/ 8-97358-234-0 DAIDO,16,1607,Daido Metal,8-97358-234-0,Хабаровск
2026-01-06 14:13:02,Вкладыши шатунные 4JA1/4JG1-T/4JG2-T/4JJ1 R4650A-STD/R184A1-STD/8-94324-159-0/ 8-97358-234-0 DAIDO,1,1844,Daido Metal,R4650A-STD,Хабаровск
2026-01-06 14:13:02,Вкладыши шатунные 8-97616-359-0/8-98055-479-0 STD YELLOW 4HK1/6HK1 (на шейку) ORIG,4,1790,Isuzu,8-97616-359-0,Хабаровск
2026-01-06 14:13:02,"Вкладыши шатунные 8-98064-282-0 STD GREEN 4HE1-T N,F series (пара) ORIG",3,2566,Isuzu,8-98064-282-0,Хабаровск
2026-01-06 14:13:02,Вкладыши шатунные 8PD1/10PD1/12PD1 RP4040K-STD/RP198H-STD/1-12271-076-0/ 1-12271-043-0 ПАРА DAIDO,8,878,Daido Metal,RP4040K-STD,Хабаровск
2026-01-06 14:13:02,"Вкладыши шатунные D-128196 / 8-97175-127-0 0,25 пара N-series 4HV1 (CNG) ГАЗ Дизель",2,471,Дизель,D-128196,Хабаровск
2026-01-06 14:13:02,Вкладыши шатунные EK100/EK100-T/EK200/K13D R1106K-0.25/R214H1-025/13201-1010/1011/1012 DAIDO,2,4740,Daido Metal,R1106K-025,Хабаровск
2026-01-06 14:13:02,Вкладыши шатунные FE6 / 12117-Z5605 / R3328K-025 DAIDO,2,4213,Daido Metal,R3328K-025,Хабаровск
2026-01-06 14:13:02,Вкладыши шатунные FE6 R3329K-0.25/R092H-STD/12117-Z5561 DAIDO,5,4419,Daido Metal,R3329K-025,Хабаровск
2026-01-06 14:13:02,Вкладыши шатунные J08C/H07D R1113K-0.25/R224H1-025/13201-1631 / 1640 DAIDO,1,3818,Daido Metal,R1113K-025,Хабаровск
2026-01-06 14:13:02,Вкладыши шатунные K13C/K13C-T R107K-STD/R225H-STD/13201-1610 DAIDO,2,6758,Daido Metal,R107K-STD,Хабаровск
2026-01-06 14:13:02,Вкладыши шатунные ME995171,1,3762,JMC,ME995171,Хабаровск
2026-01-06 14:13:02,"Вкладыши шатунные NISSAN DIESEL R3321K RD8/RE8/RF8/RD10 STD (пара, к-т на шатун) DAIDO",4,770,Daido Metal,R3321K-STD,Хабаровск
2026-01-06 14:13:02,Вкладыши шатунные R184A1 STD 4JG2 TAIHO,1,1553,JMC,R184A1,Хабаровск
2026-01-06 14:13:02,Вкладыши шатунные R222H-STD EP100 TAIHO,1,2768,JMC,R222H-STD,Хабаровск
2026-01-06 14:13:02,Вкладыши шатунные RD10 / RE10 / RF10 / 12117-97069 / RP3322K-025 (пара) DAIDO,16,548,Daido Metal,RP3322K-0.25,Хабаровск
2026-01-06 14:13:02,Вкладыши шатунные RD8 / RE8 / RF8 / RD10 / RE10 / RF10 / RP3320K-0.25 (пара) L.L.E,34,405,Дизель,RP3320K-0.25,Хабаровск
2026-01-06 14:13:02,"Вкладыши шатунные STD 6BG1, 6BF1, 6BD1 (RP168)",1,222,JMC,RP168,Хабаровск
2026-01-06 14:13:02,Вкладыши шатунные STD D-129142 / L6100000-PJLW FAW J6 Дизель,1,3550,Дизель,D-129142,Хабаровск
2026-01-06 14:13:02,Вкладыши шатунные TF/TM R8350A-STD/R326A-STD/TF01-11-SE0A DAIDO,1,1931,Daido Metal,R8350A-STD,Хабаровск
2026-01-06 14:13:02,Включатель стоп-сигнала WG9100710006 Howo,7,213,Howo,WG9100710006,Хабаровск
2026-01-06 14:13:02,Впускной коллектор 7-55190-763-0/8-98484-952-0/8-98119-442-3/8-97608-509-6 C-series 6WG1 ORIG,2,51912,Isuzu,7-55190-763-0,Хабаровск
2026-01-06 14:13:02,Вставка масляная O-7330/MPR7330 250*123*54*15,1,1626,JMC,O-7330,Хабаровск
2026-01-06 14:13:02,Вставка масляная OX380D KNECHT,1,1071,JMC,OX380D,Хабаровск
2026-01-06 14:13:02,Вставка маслянная OE23010 JS,1,812,JMC,OE23010,Хабаровск
2026-01-06 14:13:02,Вставка салонный VIC AC111E,1,982,JMC,AC-111E,Хабаровск
2026-01-06 14:13:02,Втулка (115-125-78) D-127071 / 1-51386-004-0 ISUZU 10t CXZ 10PC1 20070111A Дизель,36,771,Дизель,D-127071,Хабаровск
2026-01-06 14:13:02,Втулка (32-38-98) D-127081 / 9-51351-028-0/1-51351-010-0 ISUZU FTR/FVR/GVR/FVR34 задней рессоры Дизель,919,238,Дизель,D-127081,Хабаровск
2026-01-06 14:13:02,Втулка (35-42-88) 55045-90001 N-DIESEL 10t задней рессоры,65,159,Дизель,55045-90001,Хабаровск
2026-01-06 14:13:02,Втулка (38-46-88) D-127083 / 9993-12105 HINO 10t задней рессоры Дизель,239,248,Дизель,D-127083,Хабаровск
2026-01-06 14:13:02,Втулка / 071-02-0008 / ?26.4mm x ?37.6mm x 27mm / / BCP0Z00 / 5326400Z00; 53264-00Z00 / ZEVS,4,344,JMC,53264-00Z00,Хабаровск
2026-01-06 14:13:02,Втулка 1-01-064 Точка Опоры,1,312,JMC,1-01-064,Хабаровск
2026-01-06 14:13:02,Втулка 115-125-86,56,1177,Дизель,115-125-86,Хабаровск
2026-01-06 14:13:02,Втулка 54449-43000 /43001 Grace !,2,63,Дизель,54449-43000,Хабаровск
2026-01-06 14:13:02,Втулка County/HD72/78 D-127084 / 54149-5A100 XLD Дизель,4,66,Дизель,D-127084,Хабаровск
2026-01-06 14:13:02,Втулка D-125492 / 1-51386-004-0 / 8-98081-832-0 / 20070111A 10PC1 115x125x78 ISUZU 10t CXZ Дизель,2,739,Дизель,D-125492,Хабаровск
2026-01-06 14:13:02,Втулка D-126994 / 9867-00108/5 / 55523-Z2001 HINO/UD 10t 100х110х90 Дизель,3,788,Дизель,D-126994,Хабаровск
2026-01-06 14:13:02,Втулка D-126996 / 9-51351-019-0 FSR/FUSO 8t зад рессоры 28x34x78 Дизель,1122,153,Дизель,D-126996,Хабаровск
2026-01-06 14:13:02,Втулка D-127037 / 54147-45000 County/HD72/78 Дизель,458,95,Дизель,D-127037,Хабаровск
2026-01-06 14:13:02,Втулка D-127073 / 9867-25121 HINO 5t FD1#FD2#FD3/HINO 300/500 передней рессоры 25-31-68 Дизель,699,137,Дизель,D-127073,Хабаровск
2026-01-06 14:13:02,Втулка D-127074 / MH024000 / MC150003 / 54040-Z5001 FR рессоры 28-34-68 HD45-72 5t Дизель,986,122,Дизель,D-127074,Хабаровск
2026-01-06 14:13:02,Втулка D-127078 / 9993-12102 / 1-43542-080-0 HINO FR FUSO 10t перед рессоры 30-38-88 Дизель,136,216,Дизель,D-127078,Хабаровск
2026-01-06 14:13:02,Втулка D-127079 / 9867-30124 / 9867-30119 HINO 10t FN# перед рессоры 30-42-88 Дизель,90,257,Дизель,D-127079,Хабаровск
2026-01-06 14:13:02,Втулка D-127080 / 1-51351-009-0 ISUZU FORWARD 10t передней рессоры 32-38-78 Дизель,452,209,Дизель,D-127080,Хабаровск
2026-01-06 14:13:02,Втулка D-129143 / 9867-25138 / 986725138 / 9867-25137 25-35-78 HINO Дизель,62,240,Дизель,D-129143,Хабаровск
2026-01-06 14:13:02,Втулка D-129144 32-42-88 передняя рессора 10t HINO FN# Дизель,114,281,Дизель,D-129144,Хабаровск
2026-01-06 14:13:02,Втулка D-129145 / 9867-38117 38-50-88 задняя рессора 10t HINO FN# Дизель,206,258,Дизель,D-129145,Хабаровск
2026-01-06 14:13:02,Втулка FE-015A / FSR-015A MB025153 (полиуретан) PM,1,319,Paul Master,FSR-015A,Хабаровск
2026-01-06 14:13:02,Втулка амортизатора SAB9400 / 56112-09400 / 10x25x16,1,19,Zevs,SAB9400,Хабаровск
2026-01-06 14:13:02,Втулка балансира D-128586 / 2918042-242/C резиновая FAW J6 Дизель,1,1234,Дизель,D-128586,Хабаровск
2026-01-06 14:13:02,Втулка балансира D-128665 / WG9725520238 Sitrak/Howo T5G Дизель,1,177,Дизель,D-128665,Хабаровск
2026-01-06 14:13:02,Втулка болта крепления V-обр. тяги D-129884 / WG9725520367 HOWO Дизель,22,171,Дизель,D-129884,Хабаровск
2026-01-06 14:13:02,"Втулка вала КПП 8-98290-320-0 C,E series ORIG",2,2808,Isuzu,8982903200,Хабаровск
2026-01-06 14:13:02,Втулка верх амортизатора перед. 55433-81000 HYUNDAI HD270 D6CA,2,82,Hyundai-Kia,5543381000,Хабаровск
2026-01-06 14:13:02,Втулка верхнего рычага 54449-4E000 BONGO III 2.9 !,4,436,Дизель,54449-4E000,Хабаровск
2026-01-06 14:13:02,Втулка верхнего рычага 54453-4E000 BONGO III 2.9 !,16,184,Дизель,54453-4E000,Хабаровск
2026-01-06 14:13:02,Втулка верхняя крепления переднего стабилизатора 16*34*45 SHACMA,2,225,JMC,16*34*45,Хабаровск
2026-01-06 14:13:02,Втулка вилки сцепления 450307 /A0029921501 Mercedes /DieselTechnic !,5,246,Diesel Technic,4.50307,Хабаровск
2026-01-06 14:13:02,Втулка вилки сцепления 461009 / A0002540335 Mercedes /DieselTechnic !,5,213,Diesel Technic,4.61009,Хабаровск
2026-01-06 14:13:02,Втулка заднего амортизатора нижняя 04025ВToyota,2,123,JMC,04025В,Хабаровск
2026-01-06 14:13:02,Втулка заднего стабилизатора MZSB-TIT,2,183,JMC,MZSB-TIT,Хабаровск
2026-01-06 14:13:02,Втулка замка кабины 81962100462/51503/1503 AUGER !,4,184,Auger,1503,Хабаровск
2026-01-06 14:13:02,Втулка масляного насоса D-126458 / 201V93020-0405 Sitrak C7H Дизель,2,508,Дизель,D-126458,Хабаровск
2026-01-06 14:13:02,Втулка направляющая клапана D-128549 / 8-94239-423-0 L=42 4JJ1 N-series Дизель,3,277,Дизель,D-128549,Хабаровск
2026-01-06 14:13:02,"Втулка направляющая рессоры 0311323010 / 03.113.23.01.0 42,5х30,5/73,5/16,5х24 мм BPW SKV",14,230,SKV,0311323010SKV,Хабаровск
2026-01-06 14:13:02,Втулка пальца тормозной колодки D-129868 / WG880440006 HOWO T5G Дизель,12,87,Дизель,D-129868,Хабаровск
2026-01-06 14:13:02,Втулка переднего стабилизатора MR150094 / BL23015,1,265,JMC,MR150094,Хабаровск
2026-01-06 14:13:02,Втулка переднего стабилизатора RBX 000010 Land Rover,1,550,Land Rover,RBX 000010,Хабаровск
2026-01-06 14:13:02,Втулка переднего стабилизатора SZ94-087010/9004-87122FS/FR/FB TZG,2,219,Дизель,9004-87122,Хабаровск
2026-01-06 14:13:02,"Втулка помогайки КПП ISUZU / пластиковая, короткая / 1-33739-067-0 / 01032179Z9000; 010-32179-Z900",3,386,JMC,1-33739-067-0,Хабаровск
2026-01-06 14:13:02,Втулка прижимная ГБЦ D-125790 / 61200040023 JAC N350 WP10/12 Дизель,2,293,Дизель,D-125790,Хабаровск
2026-01-06 14:13:02,Втулка распорная делителя КПП D-129864 / WG2229100032 HOWO T5G Дизель,8,828,Дизель,D-129864,Хабаровск
2026-01-06 14:13:02,Втулка резиновая рессоры 24*62*96 мм 1800003223285 /A0003223285 / 51218D / 611056 Mercedes/ROSTAR !,4,861,Rostar,180.0003223285,Хабаровск
2026-01-06 14:13:02,"Втулка резьбовая верхнего рычага MC120565 MITSUBISHI CANTER, ROSA 4D36 FA/FB/FE CH",4,381,Chase,MC120565,Хабаровск
2026-01-06 14:13:02,Втулка рессор MB161668 Schmaco,1,638,Schmaco,MB161668,Хабаровск
2026-01-06 14:13:02,Втулка рессоры (30-36-88) D-127077 / 54040-9006 N-DIESEL CW620/CD450 перед рессоры 30*36*88 Дизель,255,232,Дизель,D-127077,Хабаровск
2026-01-06 14:13:02,Втулка рессоры (32-42-78) D-127082 / 1-51351-044-0/046-0 ISUZU FRR/GIGA 10T перед рессоры Дизель,198,345,Дизель,D-127082,Хабаровск
2026-01-06 14:13:02,Втулка рессоры (32-44-88) D-128129 / MK316011 MMC FUSO 10t 32*44*88 Дизель,310,389,Дизель,D-128129,Хабаровск
2026-01-06 14:13:02,Втулка рессоры 128680 / 040.061 Scania SKV,60,339,SKV,128680,Хабаровск
2026-01-06 14:13:02,Втулка рессоры 3076601SKV Volvo FH/FM/12 SKV,2,682,SKV,3076601SKV,Хабаровск
2026-01-06 14:13:02,Втулка рессоры 727058 ERREVI,4,353,Errevi,727058,Хабаровск
2026-01-06 14:13:02,Втулка рессоры D-126997 / MH024002 FUSO/UD 10t перед/зад рессоры 32-38-88 Дизель,103,209,Дизель,D-126997,Хабаровск
2026-01-06 14:13:02,Втулка рессоры D-127076 / MH024001 FUSO/HINO 8t CANTER задней рессоры 30-36-78 Дизель,262,205,Дизель,D-127076,Хабаровск
2026-01-06 14:13:02,Втулка рессоры D-128753 / 8-98040-327-0 / 8-94463-020-0 Isuzu NKR/NHR Дизель,1,71,Дизель,D-128753,Хабаровск
2026-01-06 14:13:02,Втулка рессоры D-129148 38-46-77 Дизель,522,191,Дизель,D-129148,Хабаровск
2026-01-06 14:13:02,Втулка рессоры биметаллическая CT-3025-70S2 N56 JAC ORIG,17,163,JAC,CT-3025-70S2,Хабаровск
2026-01-06 14:13:02,Втулка сайлентблока CTR GV0491,2,158,JMC,GV0491,Хабаровск
2026-01-06 14:13:02,Втулка сайлентблока рычага TOYOTA CALDINA 92-02 BB21025,3,132,JMC,BB21025,Хабаровск
2026-01-06 14:13:02,Втулка сайлентблока рычага TOYOTA CALDINA 92-02 BB21025 / 90389-19003,2,150,JMC,90389-19003,Хабаровск
2026-01-06 14:13:02,Втулка сайлентблока торсиона кабины 8-97061-514-0 TZG !,9,128,Дизель,TI-045,Хабаровск
2026-01-06 14:13:02,Втулка стабилизатора (перед) 480287 / A0003262481 / 0003262981 DieselTechnic,46,238,Diesel Technic,4.80287,Хабаровск
2026-01-06 14:13:02,Втулка стабилизатора (перед) A0003262481 / 480287 / 51044 / 8408087SX/0003262981 Mercedes /DieselTechnic,3,267,Diesel Technic,480287,Хабаровск
2026-01-06 14:13:02,Втулка стабилизатора (перед) A0003262481 / 480287 / 51044 / 8408087SX/0003262981 Mercedes /Auger,50,300,Auger,51044,Хабаровск
2026-01-06 14:13:02,Втулка стабилизатора / 118-03-0025 / ?50mm x ?60mm x 50mm / / BCP1360 / S488611360; S4886-11360 / Z,4,1261,JMC,S4886-11360,Хабаровск
2026-01-06 14:13:02,Втулка стабилизатора 011.259 /A0003265681 Mercedes /SAMPA !,4,470,Sampa,011.259,Хабаровск
2026-01-06 14:13:02,Втулка стабилизатора 1-51779-079-0/1 СХ#/FR#FS#94 TCG/,1,211,JMC,1-51779-079-0/1,Хабаровск
2026-01-06 14:13:02,Втулка стабилизатора 2916013LE176 N75 JAC ORIG,35,131,JAC,2916013LE176,Хабаровск
2026-01-06 14:13:02,Втулка стабилизатора 48817-36011,3,104,JMC,48817-36011,Хабаровск
2026-01-06 14:13:02,Втулка стабилизатора 48861-1240 TZG !,101,182,Дизель,TH-044B,Хабаровск
2026-01-06 14:13:02,Втулка стабилизатора 5`825 CT-2145,1,131,JMC,CT-2145,Хабаровск
2026-01-06 14:13:02,Втулка стабилизатора 54062 Mercedes /Auger,2,543,Auger,54062,Хабаровск
2026-01-06 14:13:02,Втулка стабилизатора BL21035,2,120,JMC,BL21035,Хабаровск
2026-01-06 14:13:02,Втулка стабилизатора BS7520/8-97170-752-0/8-94252-359-0,1,187,JMC,8-97170-752-0,Хабаровск
2026-01-06 14:13:02,Втулка стабилизатора C9880,2,55,JMC,C9880,Хабаровск
2026-01-06 14:13:02,Втулка стабилизатора D-127941 / WG9925688210 Sitrak C7H Дизель,42,423,Дизель,D-127941,Хабаровск
2026-01-06 14:13:02,Втулка стабилизатора D-128752 / 1-51689-015-1/0 front CXZ/CYZ/CYL 95-04r Дизель,147,266,Дизель,D-128752,Хабаровск
2026-01-06 14:13:02,Втулка стабилизатора MC035336 42 * 54 FUSO FP/FU/FV41# TZG !,11,181,Дизель,MC035336,Хабаровск
2026-01-06 14:13:02,Втулка стабилизатора MC035337 TZG !,1,209,Дизель,MC035337,Хабаровск
2026-01-06 14:13:02,Втулка стабилизатора RR JDO21003E,2,60,JMC,JDO21003E,Хабаровск
2026-01-06 14:13:02,Втулка стабилизатора S4881-71010 / 48817-1010 / SHN-01474,2,110,JMC,S4881-71010,Хабаровск
2026-01-06 14:13:02,Втулка стабилизатора ST48815-25040,2,160,JMC,ST48815-25040,Хабаровск
2026-01-06 14:13:02,Втулка стабилизатора ST48815-25050,2,128,JMC,ST48815-25050,Хабаровск
2026-01-06 14:13:02,Втулка стабилизатора Tenacity 48818-42010 / ASBTO1052,2,146,JMC,48818-42010,Хабаровск
2026-01-06 14:13:02,Втулка стабилизатора TOYOTA DYNA XKU348 / ?24mm x ?47mm x 54mm / B-02-CP7070; B2CP7070 / 4881537070;,2,186,Дизель,48815-37070,Хабаровск
2026-01-06 14:13:02,Втулка стабилизатора переднего 81.43704.0074 SHACMAN X3000/F3000,2,553,Дизель,81.43704.0074,Хабаровск
2026-01-06 14:13:02,Втулка стабилизатора переднего D-125103 / 1-51689-015-1/0 CXZ/CYZ/CYL 95-04r Дизель,42,431,Дизель,D-125103,Хабаровск
2026-01-06 14:13:02,Втулка стабилизатора переднего D-127263 / 2280638/043.318 Scania Дизель,76,485,Дизель,D-127263,Хабаровск
2026-01-06 14:13:02,Втулка стабилизатора переднего D-127264 / 2392177 Scania Дизель,76,737,Дизель,D-127264,Хабаровск
2026-01-06 14:13:02,Втулка стабилизатора переднего W612-34-156; WHF3F/WHS5T; (ТАЙВАНЬ),2,212,JMC,W612-34-156,Хабаровск
2026-01-06 14:13:02,Втулка стойки заднего моста 48725-28050,1,6194,Дизель,48725-28050,Хабаровск
2026-01-06 14:13:02,Втулка стойки переднего стабилизатора D-125306 / 9-51631-050-0 FVR34/FSR90 Дизель,11,137,Дизель,D-125306,Хабаровск
2026-01-06 14:13:02,Втулка стойки стабилизатора 54716-43160 Hyundai Porter/Porter2/Kia Bongo3,379,50,Дизель,54716-43160,Хабаровск
2026-01-06 14:13:02,Втулка тяги стабилизатора 54751-4B003 Porter !,123,84,Дизель,54751-4B003,Хабаровск
2026-01-06 14:13:02,Втулка шатуна / 007-05-0036 / / / P450L std / 8942479680; 8-94247-968-0; 8944194550; 8-94419-455-0,3,489,Daido Metal,8-94247-968-0,Хабаровск
2026-01-06 14:13:02,"Втулка шатуна 4HK1, 6HK1 8-94393-364-0/8-94394-613-0 (K)",2,304,Дизель,8-94393-364-0,Хабаровск
2026-01-06 14:13:02,Втулка шкворня D-125792/HFF3001035CK5G-650/AK30010365G-6507 JAC N350 (NON-GENUINE) Дизель,25,126,Дизель,D-125792,Хабаровск
2026-01-06 14:13:02,Втулка шкворня D-128044 / WG4071415021 Sitrak C7H Дизель,7,363,Дизель,D-128044,Хабаровск
2026-01-06 14:13:02,Втулка шкворня D-128045 / WG4071415022 / WG4005416540 Sitrak C7H Дизель,5,436,Дизель,D-128045,Хабаровск
2026-01-06 14:13:02,Втулка шкворня D-129153 / AK30010365G-6507 / HFF3001035CK5G-650 JAC N350 Дизель,4,140,Дизель,D-129153,Хабаровск
2026-01-06 14:13:02,Втягивающее реле D-129154 ISUZU 6HK1 YD Дизель,40,1302,Дизель,D-129154,Хабаровск
2026-01-06 14:13:02,Втягивающее реле HINO J07C/6HE1/6HH1 8981522740 / QDJ2520-600R YD !,74,2644,Дизель,8981522740,Хабаровск
2026-01-06 14:13:02,Втягивающее реле ISUZU 6HE1/6НН1/HINO J07C QDJ2520-600R YD !,49,1694,Дизель,QDJ2520-600R,Хабаровск
2026-01-06 14:13:02,Выключатель (датчик) стоп-сигнала AZ9X2558030001 HOWO ORIG,9,1424,Howo,AZ9X2558030001,Хабаровск
2026-01-06 14:13:02,Выключатель педали сцепления концевой нижний D-129156 / 88280-E0061 HINO700 Дизель,17,562,Дизель,D-129156,Хабаровск
2026-01-06 14:13:02,Выключатель света фар заднего хода WG9719582007 Howo / Переключатель,1,158,Howo,WG9719582007,Хабаровск
2026-01-06 14:13:02,Выпускной коллектор зад часть 8-97608-514-2 C-series 6WG1 ORIG,1,24881,Isuzu,8-97608-514-2,Хабаровск
2026-01-06 14:13:02,Выпускной коллектор перед часть 8-97608-512-3 C-series 6WG1 ORIG,1,20187,Isuzu,8-97608-512-3,Хабаровск
2026-01-06 14:13:02,Гaйкa стремянки MAN M18x2/H-24 AUGER 77271,12,152,Auger,77271,Хабаровск
2026-01-06 14:13:02,"Габарит (под 2 ламп) R 219-1506R-UE (K) HINO 500,700, RANGER, PROFIA / 81510-2081/81510-E0060 дефект",1,920,Дизель,219-1506R-UE,Хабаровск
2026-01-06 14:13:02,"Габарит (под 2 лампочки) L D-127299 / 219-1506L-UE HINO500,700, RANGER,PROFIA /81520-1931 Дизель",19,1478,Дизель,D-127299,Хабаровск
2026-01-06 14:13:02,Габарит 100-1410N-Y универсальный !,5,99,Lucid,100-1410N-Y,Хабаровск
2026-01-06 14:13:02,"Габарит 219-1506R-A (K} 81510-2120G, 81510-2081, 81510-E0090, 81510-E0091 HINO 500, 700 дефект",2,341,Дизель,219-1506R-A,Хабаровск
2026-01-06 14:13:02,Габарит D-125036 / 8-97587-597-2/0 на крышу NPR75 Дизель,24,660,Дизель,D-125036,Хабаровск
2026-01-06 14:13:02,Габарит D-127136 / 214-1543L /03-4303/ MC139766 MMC CANTER F#5# '93-'01 Дизель,10,522,Дизель,D-127136,Хабаровск
2026-01-06 14:13:02,Габарит D-127300 / 219-1506R-A / 81510-2120G / 81510-2081 / 81510-E0090 / -E0091 HINO 500 Дизель,12,1346,Дизель,D-127300,Хабаровск
2026-01-06 14:13:02,Габарит L 214-1566L (K) FUSO CANTER FE85 LHD / MK353663 / MK580853 дефект,5,453,Дизель,214-1566L,Хабаровск
2026-01-06 14:13:02,Габарит L D-128754 / 8-98010-892-0 / 8-97376-910-0 Дизель,2,767,Дизель,D-128754,Хабаровск
2026-01-06 14:13:02,Габарит MMC CANTER94 D-127138 / 214-1543R-А /03-4303 / MC139767 Дизель,4,566,Дизель,D-127138,Хабаровск
2026-01-06 14:13:02,Габарит MMC FUSO '97 214-1552L-A !,3,1154,Lucid,214-1552L-A,Хабаровск
2026-01-06 14:13:02,Габарит NISSAN DIESEL / UD TRUCK '95- AD-215-D062R,3,1499,Дизель,AD-215-D062R,Хабаровск
2026-01-06 14:13:02,Габарит NISSAN DIESEL / UD TRUCK '95- AD-215-D077R,1,1612,JMC,AD-215-D077R,Хабаровск
2026-01-06 14:13:02,"Габарит R 212-15G5R-UE/D-127303 HINO300 E3,DUTRO,TOYOTA DYNA/81611-25010/81621-25031 Дизель",6,1250,Дизель,D-127303,Хабаровск
2026-01-06 14:13:02,Габарит R 214-1566R (K) FUSO CANTER FE85 LHD / MK353664 / MK580854 (дефект),9,391,Дизель,214-1566R,Хабаровск
2026-01-06 14:13:02,Габарит R D-127304 / 8-98010-891-0 / 8-97365-170-4 (K) Дизель,3,764,Дизель,D-127304,Хабаровск
2026-01-06 14:13:02,Габарит R D-129160 / 214-1566R / MK353664 / MK580854 FUSO CANTER FE85 LHD Дизель,27,598,Дизель,D-129160,Хабаровск
2026-01-06 14:13:02,Габарит TOYOTA PRADO #J95 '99-'01 212-15F4R-A,1,392,JMC,212-15F4R-A,Хабаровск
2026-01-06 14:13:02,Габарит задний LH D-125742/8-97213-369-0/208-0 CXZ51KEXZ51KCYZ51KCYZ51LCXZ81K 6WF1.10PE1 Дизель,1,716,Дизель,D-125742,Хабаровск
2026-01-06 14:13:02,Габарит задний RH D-125014 / 8-97213-370-0 / 1-82230-209-0 C-series 6WF1.10PE1 Дизель дефект,3,470,Дизель,D-125014,Хабаровск
2026-01-06 14:13:02,Габарит кабины 92660-7A901/92660-7A900 HYUNDAI HD35-1000 ORIG,14,1708,Hyundai-Kia,92660-7A901,Хабаровск
2026-01-06 14:13:02,Габарит кабины D-125797 / 92601-Y41R101/92601-Y4010XH JAC N350 Дизель,1,216,Дизель,D-125797,Хабаровск
2026-01-06 14:13:02,Габарит кабины D-126723 / 92601-Y41R1 JAC N350 Дизель,2,202,Дизель,D-126723,Хабаровск
2026-01-06 14:13:02,Габарит лев (кабина) D-125798 / 4114930G11F0 JAC N75/80/120/200/350 КАМАЗ Компас-9/12 Дизель,2,463,Дизель,D-125798,Хабаровск
2026-01-06 14:13:02,Габарит левый D-127881 / 3731015-A01/F 3250/3310 FAW Дизель,4,538,Дизель,D-127881,Хабаровск
2026-01-06 14:13:02,Габарит прав (кабина) D-125799 / 4114940G11F0 JAC N75/80/120/200/350 КАМАЗ Компас-9/12 Дизель,5,463,Дизель,D-125799,Хабаровск
2026-01-06 14:13:02,Габарит универсальный D-128813 / 12016 желтый 24V Дизель,2,437,Дизель,D-128813,Хабаровск
2026-01-06 14:13:02,Гайка 2902053LE010 N56/N75/N80 JAC ORIG,19,115,JAC,2902053LE010,Хабаровск
2026-01-06 14:13:02,"Гайка BW46 L для шпильки универсальная перед.м18*1,5 балонник 35 левая",98,48,UDPD,BW46 L,Хабаровск
2026-01-06 14:13:02,"Гайка BW46 R для шпильки универсальная перед.м18*1,5 балонник 35 правая",70,44,UDPD,BW46 R,Хабаровск
2026-01-06 14:13:02,"Гайка D-129814 / M8х1,25 Дизель",56,371,Дизель,D-129814,Хабаровск
2026-01-06 14:13:02,Гайка D-129900 / ZQ361B12 HOWO Дизель,11,23,Дизель,D-129900,Хабаровск
2026-01-06 14:13:02,"Гайка D-129902 М12х1,75 Дизель",144,371,Дизель,D-129902,Хабаровск
2026-01-06 14:13:02,Гайка M16*1.5 020150/06112512008 MAN SKV,2977,26,SKV,06112512008,Хабаровск
2026-01-06 14:13:02,Гайка M20*1.5 D-129901 / ZQ361B20T13F6 HOWO Дизель,7,43,Дизель,D-129901,Хабаровск
2026-01-06 14:13:02,Гайка M36x1.5 uhn-003 / 38216-90005 PM,4,1391,JMC,38216-90005,Хабаровск
2026-01-06 14:13:02,"Гайка болта крепления реактивной тяги M18x1,5 0-91110-518-0 Isuzu",103,160,Isuzu,0911105180,Хабаровск
2026-01-06 14:13:02,Гайка болта полурессоры с нейлоновой вставкой 5010571079SKV /6604024200/5010571079 RVI М24х2мм H24мм,674,40,SKV,5010571079,Хабаровск
2026-01-06 14:13:02,"Гайка болта реактивной тяги 1-09464-011-0/8-97606-210-0 C,E-series ORIG",18,362,Isuzu,1-09464-011-0,Хабаровск
2026-01-06 14:13:02,Гайка выходного вала КПП 1701620-A7G FAW J6,3,349,Дизель,1701620-A7G,Хабаровск
2026-01-06 14:13:02,Гайка дифференциала D-126460 / 810W35125-0024 Sitrak C7H Дизель,1,954,Дизель,D-126460,Хабаровск
2026-01-06 14:13:02,Гайка клина шкворня D-125805 / Q33214 JAC N350 Дизель,38,78,Дизель,D-125805,Хабаровск
2026-01-06 14:13:02,"Гайка колеса 1-42333-055-0 M22*1.5 C,F series ORIG",74,288,Isuzu,1-42333-055-0,Хабаровск
2026-01-06 14:13:02,"Гайка колеса 440121 / 031725/41036367/1303221551/520020/07663/04029 (M22*1,5) DieselTechnic !",132,153,Diesel Technic,4.40121,Хабаровск
2026-01-06 14:13:02,"Гайка колеса D-125009 / 1-42333-055-0 M22*1.5 C,F series Дизель",88,154,Дизель,D-125009,Хабаровск
2026-01-06 14:13:02,"Гайка колеса D-125313 / 1-42333-055-0 M22*1.5 C,F series Дизель",81,106,Дизель,D-125313,Хабаровск
2026-01-06 14:13:02,Гайка колеса D-127305 / 3103070-A0E FAW CA3311 Дизель,113,199,Дизель,D-127305,Хабаровск
2026-01-06 14:13:02,Гайка колеса задняя левая 8-97359-810-0 NQR71/75/90/FSR90/NPR75 ORIG,1,293,Isuzu,8-97359-810-0,Хабаровск
2026-01-06 14:13:02,Гайка колеса задняя левая 8-97359-810-0/42634-37020/SZ940-22014 NQR/FSR90/NPR/HINO300/500/CANTER SKV,141,84,SKV,42634-37020,Хабаровск
2026-01-06 14:13:02,Гайка колеса задняя правая 8-97359-809-0/SZ940-21016/42633-37020 NQR/FSR90/NPR/HINO300/500/CANTER SKV,200,86,SKV,42633-37020,Хабаровск
2026-01-06 14:13:02,"Гайка колеса (Volvo) М22x1,5 (с буртиком) 20551045SKV /20551045/11.020.4000.910/265080/109210/0333016/65703",1254,92,SKV,20551045,Хабаровск
2026-01-06 14:13:02,Гайка колеса переднего левого 51985-5H201 HYUNDAI HD72/78 ORIG,50,271,Hyundai-Kia,51985-5H201,Хабаровск
2026-01-06 14:13:02,Гайка колеса передняя правая 51986-5H201 HYUNDAI HD72 ORIG,42,271,Hyundai-Kia,51986-5H201,Хабаровск
2026-01-06 14:13:02,Гайка колесная 1083894SKV / 265120 7/8'' H=34 SW33 FL7/10/12/F10/12/16/FH Volvo,1587,71,SKV,1083894,Хабаровск
2026-01-06 14:13:02,Гайка колесная с юбкой с правой резьбой 1749034SKV / 2285273 7/8'' H=30.8 SW33 Scania SKV,1276,69,SKV,1749034SKV,Хабаровск
2026-01-06 14:13:02,Гайка КПП вторичного вала SZ177-36002 HINO500 E-4 ORIG,2,4110,hino,SZ177-36002,Хабаровск
2026-01-06 14:13:02,"Гайка крепления полуоси D-128551 / 0-91180-210-0 М10 с фланцем NQR71/75,NPR75,NLR85 Дизель",10,40,Дизель,D-128551,Хабаровск
2026-01-06 14:13:02,Гайка М20 17158221 / 17158225 Iveco Orig !,12,135,Iveco,17158225,Хабаровск
2026-01-06 14:13:02,Гайка оцинкованная с нейлоновой вставкой M20*1..5 K25 DIN 985/8 6604020150,7,23,JMC,6604020150,Хабаровск
2026-01-06 14:13:02,"Гайка пальца полурессоры 0326015010SKV (BPW) M30x3,5 H=24 SKV",2774,88,SKV,0326015010,Хабаровск
2026-01-06 14:13:02,Гайка передней ступицы D-128661 / WG4075418015 M58 Sitrak/Howo T5G Дизель,1,363,Дизель,D-128661,Хабаровск
2026-01-06 14:13:02,"Гайка редуктора D-128755 / 1-09449-061-0 M42 C,F-series Дизель",3,309,Дизель,D-128755,Хабаровск
2026-01-06 14:13:02,"Гайка стремянки 0326004190SKV / 03.260.04.19.0 BPW М22х2,5 Н=22 SW32",265,40,SKV,0326004190SKV,Хабаровск
2026-01-06 14:13:02,Гайка стремянки задней 55229-62003 HYUNDAI HD120 ORIG,20,136,Hyundai-Kia,55229-62003,Хабаровск
2026-01-06 14:13:02,Гайка ступицы 6-095 FUSO hub nut inside F SW !,1,500,Samwoo,6-095,Хабаровск
2026-01-06 14:13:02,Гайка ступицы 6-096 FUSO hub nut outside F SW !,4,620,Samwoo,6-096,Хабаровск
2026-01-06 14:13:02,Гайка ступицы 6-097 FUSO hub nut inside R SW,1,808,Samwoo,6-097,Хабаровск
2026-01-06 14:13:02,Гайка ступицы 6-098 FUSO hub nut outside R SW !,3,838,Samwoo,6-098,Хабаровск
2026-01-06 14:13:02,Гайка ступицы 6-118 HD5t hub nut F SW !,8,661,Samwoo,6-118,Хабаровск
2026-01-06 14:13:02,Гайка ступицы 6-119 HD5t hub nut R SW !,3,500,Samwoo,6-119,Хабаровск
2026-01-06 14:13:02,Гайка ступицы 6-124 MIGHTY hub nut R SW !,20,700,Samwoo,6-124,Хабаровск
2026-01-06 14:13:02,Гайка ступицы 6-125 HD CHASSIS hub nut SW !,3,696,Samwoo,6-125,Хабаровск
2026-01-06 14:13:02,Гайка ступицы DA-003/DKN-003 42427-87301 PM,3,620,Paul Master,DA-003,Хабаровск
2026-01-06 14:13:02,Гайка ступицы FV-025 PM !,8,819,Paul Master,FV-025,Хабаровск
2026-01-06 14:13:02,Гайка ступицы FV-026 MC816768 PM !,5,818,Paul Master,FV-026,Хабаровск
2026-01-06 14:13:02,Гайка ступицы FV-027/FKN-027/MC82773 Fuso FP419 PM !,1,1141,Paul Master,FKN-027,Хабаровск
2026-01-06 14:13:02,Гайка ступицы FV-028 MC826997 PM,3,961,Paul Master,FV-028,Хабаровск
2026-01-06 14:13:02,Гайка ступицы UD-045 40039-90012 PM !,1,411,Paul Master,UD-045,Хабаровск
2026-01-06 14:13:02,Гайка ступицы UD-046 38443-90068 PM !,3,818,Paul Master,UD-046,Хабаровск
2026-01-06 14:13:02,"Гайка ступичная H-004 / THN-024 24 p1,5 PM",3,409,Paul Master,THN-024,Хабаровск
2026-01-06 14:13:02,"Гайка ступичная H-006 / FHN-033 / ME-652938 33 p1,5 PM",3,941,Paul Master,H-006,Хабаровск
2026-01-06 14:13:02,"Гайка ступичная H-007 / HHN-033 / 9219-45104 /92193-3116 33 p1,5 PM",1,1360,Paul Master,H-007,Хабаровск
2026-01-06 14:13:02,"Гайка фланца карданного вала 1-09440-046-0 F,C-series ORIG",2,1982,Isuzu,1-09440-046-0,Хабаровск
2026-01-06 14:13:02,Гайка хвостовика HHN-039 39mm P1.5mm PM,4,1360,Paul Master,HHN-039,Хабаровск
2026-01-06 14:13:02,Гайка хвостовика редуктора среднего моста F2000/F3000,3,118,JMC,F2000/F3000,Хабаровск
2026-01-06 14:13:02,Гайка цапфы поворотного кулака D-129166 / 3001064-362/A FAW CA3311 Дизель,1,249,Дизель,D-129166,Хабаровск
2026-01-06 14:13:02,Гайка шпильки колеса D-126821 / CQ36120T / CA3311 FAW Дизель,20,258,Дизель,D-126821,Хабаровск
2026-01-06 14:13:02,Гайка шпильки колеса D-128522 / 0-91110-522-0 перед/зад внутренняя М22 NPR/NQR75/71/90 Дизель,38,99,Дизель,D-128522,Хабаровск
2026-01-06 14:13:02,Гайка шпильки колеса Q341B20 FAW TIGER-V,10,113,Noname,Q341B20,Хабаровск
2026-01-06 14:13:02,Генератор D-125025 / 8-98029-892-2 / 8-98029-892-1 24V 80A ISUZU 4HK1 NPR75 Дизель,15,17749,Дизель,D-125025,Хабаровск
2026-01-06 14:13:02,Генератор D-125307 / 8-98029-892-2 / 8-98029-892-1 24V 80A ISUZU 4HK1 NPR75 Дизель,8,13083,Дизель,D-125307,Хабаровск
2026-01-06 14:13:02,Генератор D-126463 / 202V26101-7281 MC11 Sitrak C7H Дизель,1,11049,Дизель,D-126463,Хабаровск
2026-01-06 14:13:02,Генератор D-126823 / 202V26101-7271 / JFZ2980ZH1 28V 80A HOWO T5G Дизель,1,11153,Дизель,D-126823,Хабаровск
2026-01-06 14:13:02,Генератор D-127265 / 1-81200-484-5 10PD1/10PC1 HX-042 ISUZU 24V 50AMP Дизель,3,9824,Дизель,D-127265,Хабаровск
2026-01-06 14:13:02,Генератор D-128816 / LR225-408C / HX069 с помпой 24V 35AMP ISUZU 4BE1/4ВС2 Дизель,15,9185,Дизель,D-128816,Хабаровск
2026-01-06 14:13:02,Генератор D-128817 / SEA2-18-300C / HX050-2 / A1T33676 с помпой 24V 35AMP MAZDA НА/SL/XA Дизель,7,9510,Дизель,D-128817,Хабаровск
2026-01-06 14:13:02,Генератор D-128818 / ME017614 / HX-065 / A3TN5188 24V 45AMP MMC 4D33 Дизель,7,9136,Дизель,D-128818,Хабаровск
2026-01-06 14:13:02,Генератор D-128819 / 0201-102-2921 / HX032 24V 50AMP NISSAN RF8 Дизель,15,9696,Дизель,D-128819,Хабаровск
2026-01-06 14:13:02,Генератор FD42 JFZB2521-1 24V 45AMP,1,9413,Дизель,JFZB2521-1,Хабаровск
2026-01-06 14:13:02,Генератор MAZDA HA/SL/XA D-129172 / HX050 12V 65AMP с помпой Дизель,1,8870,Дизель,D-129172,Хабаровск
2026-01-06 14:13:02,Генератор MAZDA НА/FD46 D-129173 / HX105/A2T74976 24V 40AMP с помпой Дизель,2,11465,Дизель,D-129173,Хабаровск
2026-01-06 14:13:02,Генератор MMC D-129177 / A4T40386 6D22 HX063 24V 45AMP Дизель,5,9867,Дизель,D-129177,Хабаровск
2026-01-06 14:13:02,Генератор MMC D-129178 / ME093245 8DС8-9-10 HX064 24V 45AMP Дизель,5,10132,Дизель,D-129178,Хабаровск
2026-01-06 14:13:02,Гидрокомпенсатор 22230-52000 HYUNDAI ORIG,8,391,Hyundai-Kia,22230-52000,Хабаровск
2026-01-06 14:13:02,Гидрокомпенсатор 22231-4A001/22231-4A000 Hyundai Porter2/Starex D4CB ORIG,12,527,Hyundai-Kia,22231-4A001,Хабаровск
2026-01-06 14:13:02,Гидромуфта 082V06601-7090 HOWO ORIG,2,54608,Howo,082V06601-7090,Хабаровск
2026-01-06 14:13:02,Гидромуфта 8-97148-797-0 4HE1 Shimahide,1,6996,Shimahide,8-97148-797-0,Хабаровск
2026-01-06 14:13:02,Гидромуфта FCG-011 1-21650-193-1,1,10157,JMC,1-21650-193-1,Хабаровск
2026-01-06 14:13:02,Гидромуфта MC075013,1,15288,JMC,MC075013,Хабаровск
2026-01-06 14:13:02,Гидромуфта MD338761 Shimahide,1,3109,Shimahide,MD338761,Хабаровск
2026-01-06 14:13:02,Гидромуфта ME075230 Shimahide,1,3800,Shimahide,ME075230,Хабаровск
2026-01-06 14:13:02,Гильза 14-027210-00 (1шт) Istana,3,2013,JMC,14-027210-00,Хабаровск
2026-01-06 14:13:02,Гильза 20040360101/6010110210 (1шт) BF MERS !,3,1053,JMC,20040360101,Хабаровск
2026-01-06 14:13:02,"Гильза 6BG1 1-11261-384-1 (1шт) O.D.GRADE=2, I.D.GRADE=AX ORIG",3,8261,Isuzu,1-11261-384-1,Хабаровск
2026-01-06 14:13:02,Гильза 6WA1 1-11261-296-0/1-11261-3 6P/S Isuzu Yamasida,1,10032,Yamasida,1-11261-296-0,Хабаровск
2026-01-06 14:13:02,Гильза D-127139 / 8-94391-603-0 (1шт) ISUZU 4HK1/6HK1 Дизель,5,1888,Дизель,D-127139,Хабаровск
2026-01-06 14:13:02,Гильза D-128188 / 8-94391-602-1/0 / 39651 (1шт) ISUZU 6HH1 GRADE=1X Дизель,6,1900,Дизель,D-128188,Хабаровск
2026-01-06 14:13:02,Гильза D-129182 / 1002016-81DY FAW J6 CA6DM2 Дизель,4,2415,Дизель,D-129182,Хабаровск
2026-01-06 14:13:02,Гильза HINO F17E/F17C RU/FR/FN/FP/FQ2F# 11467-1702/-1701 (8 CYL) Mats,2,44193,Matsuyama,11467-1702,Хабаровск
2026-01-06 14:13:02,Гильза HINO F20C 11467-2700/2680/2690 OD=154mm L=244mm Hino Profia 10t (8шт/кт) Mats,3,50038,Matsuyama,11467-2700,Хабаровск
2026-01-06 14:13:02,Гильза HINO F20C FN/FR/FS/FU/SH/SS3F# 89.12-94.10 11467-2280 (8 CYL) 152mm Mats,1,50948,Matsuyama,11467-2280,Хабаровск
2026-01-06 14:13:02,Гильза HINO K13CT 24VALVE FN/FR/FS/FW/FQ/SH1K#/2P# 00.01~ 11467-2380 (6 CYL) Mats,4,31517,Matsuyama,11467-2380,Хабаровск
2026-01-06 14:13:02,Гильза HINO N04CT STD 11467-1762/S114671762 (4 CYL) 300# Mats,20,9255,Matsuyama,11467-1762,Хабаровск
2026-01-06 14:13:02,Гильза HINO P11C 11467-2710/A/2720B/2730C (6 CYL) Mats,1,23368,Matsuyama,11467-2390,Хабаровск
2026-01-06 14:13:02,Гильза HINO W06D 83.09- ALL 11467-1761 /62/71/72/8191/92/ 2220/2230/2240/2250 (6 CYL) FUSA MAGURO,1,9323,MAGURO,11467-1761,Хабаровск
2026-01-06 14:13:02,Гильза HINO W06D 83.09- ALL 11467-1761/62/71/72/8191/92/ 2220/2230/2240/2250 (6 CYL) Mats,6,14173,Matsuyama,11467-1761,Хабаровск
2026-01-06 14:13:02,Гильза ISUZU 4HG1-T GRADE=3X NPS/NPR/NKR 03~ 8-98014-049-0 (4 CYL) FUSA MAGURO,1,6215,MAGURO,8-98014-049-0,Хабаровск
2026-01-06 14:13:02,Гильза ISUZU 4HG1-T GRADE=3X NPS/NPR/NKR 03~ 8-98014-049-0 (4 CYL) Mats,3,12089,Matsuyama,8-98014-049-0,Хабаровск
2026-01-06 14:13:02,Гильза ISUZU 6SA1 1-11261-065-3/1-11261-094-1/39606 (6шт) LFF Teikin !,1,11713,Teikin,LFF-39606,Хабаровск
2026-01-06 14:13:02,Гильза MAZDA SL T2000/2500/2600/3000/3500/4000/4100 84~ SL01-23-311/42107 LFF (4 CYL) Mats,1,8672,Matsuyama,SL01-23-311,Хабаровск
2026-01-06 14:13:02,Гильза MAZDA TF T2600/3000/3500/4000 92~ TFY0-10-311/42183 LFF (4 CYL) Mats,1,10006,Matsuyama,TFY0-10-311,Хабаровск
2026-01-06 14:13:02,Гильза MMC 4D31 ME011523/ME011604/43168 LFX (4 CYL) Mats,4,4886,Matsuyama,ME011604,Хабаровск
2026-01-06 14:13:02,Гильза MMC 4D35 ME013678/43608 (4шт) LFX Teikin !,2,6210,Teikin,LFX-43608,Хабаровск
2026-01-06 14:13:02,Гильза MMC 4M50T Size=1B ME221683 (4 CYL) FUSO CANTER FUSA MAGURO,1,7147,MAGURO,ME221683,Хабаровск
2026-01-06 14:13:02,Гильза MMC 4M50T Size=1B ME221683 (4 CYL) FUSO CANTER Mats,2,14493,Matsuyama,ME221683,Хабаровск
2026-01-06 14:13:02,Гильза MMC 6M61 FK61#64#71#74# 03~ ME993155(SIZE1)/ME993156(SIZE2)/ME993157(SIZE3) (6 CYL) Mats,1,21678,Matsuyama,ME993156,Хабаровск
2026-01-06 14:13:02,Гильза MMC 8DC9/91 ME062379/062602/061782 (8 CYL) Mats,1,32520,Matsuyama,ME062379,Хабаровск
2026-01-06 14:13:02,Гильза MMC 8M21 ME163831/32/33/ME352211/12135 ME168331 (на 8cyl) Mats,1,93135,Matsuyama,ME168331,Хабаровск
2026-01-06 14:13:02,Гильза NISSAN FD35 11012-01T01/44620 LFF 4 (CYL) Mats,1,9887,Matsuyama,11012-01T01,Хабаровск
2026-01-06 14:13:02,Гильза NISSAN FE6T CL/CM/CP390/410 90.03~ 11012-Z5604~5 (6 CYL) Mats,1,15800,Matsuyama,11012-Z5604,Хабаровск
2026-01-06 14:13:02,Гильза NISSAN PE6T 11012-96500/96501 (6 CYL) Mats,1,22464,Matsuyama,11012-96501,Хабаровск
2026-01-06 14:13:02,Гильза NISSAN TD23 11012-02N00/11012-02N10/11002-02N17 LFF (4CYL) Mats,1,7153,Matsuyama,11012-02N10,Хабаровск
2026-01-06 14:13:02,Гильза NISSAN TD25 11012-44G05/11012-44G10/11012-87G00/44255 (4шт) LFF Teikin !,1,7381,Teikin,LFF-44255,Хабаровск
2026-01-06 14:13:02,Гильза TOYOTA 11B 11461-56030/11462-56060/46287 (4шт) LFF Teikin !,2,3421,Teikin,LFF-46287,Хабаровск
2026-01-06 14:13:02,Гильза TOYOTA 3B 11461-58010/-58020/-58040 LFF 46128 (4CYL) Mats,1,7022,Matsuyama,11461-58010,Хабаровск
2026-01-06 14:13:02,Гильзы 21134-4X000 комплет (4шт) BONGO III !,1,3653,Дизель,21134-4X000,Хабаровск
2026-01-06 14:13:02,Главный тормозной кран D-128478 / WG9000360550 Sitrak C7H Дизель,2,38069,Дизель,D-128478,Хабаровск
2026-01-06 14:13:02,"Главный тормозной цилиндр 1-1/4"" 8-97224-372-0/8-98032-603-0 ELF 6T~8.5T 1994~ SKV",10,3406,SKV,8-97224-372-0,Хабаровск
2026-01-06 14:13:02,"Главный тормозной цилиндр 1-3/16"" 47207-37170/47201-37290 HINO300 SKV",35,3602,SKV,47207-37170,Хабаровск
2026-01-06 14:13:02,"Главный тормозной цилиндр 1-3/16"" 47207-37170/47201-37290 HINO300 Y",23,9460,Yamasida,47207-37170,Хабаровск
2026-01-06 14:13:02,"Главный тормозной цилиндр 1-3/8"" 8-97254-771-0 Isuzu NPR/NQR LHD 99~ SKV",18,3093,SKV,8-97254-771-0,Хабаровск
2026-01-06 14:13:02,Главный тормозной цилиндр MK384488,1,4257,JMC,MK384488,Хабаровск
2026-01-06 14:13:02,"Главный цилиндр сцепления 13/16"" 8-97210-748-1 4JJ1 4HK1 ISUZU LHD SKV",50,1110,SKV,8-97210-748-1,Хабаровск
2026-01-06 14:13:02,"Главный цилиндр сцепления 13/16"" 8-97210-748-1 4JJ1 4HK1 ISUZU LHD Y",29,2183,Yamasida,8-97210-748-1,Хабаровск
2026-01-06 14:13:02,Главный цилиндр сцепления 3/4'' 8-98117-642-0 ISUZU Y,62,3512,Yamasida,8-98117-642-0,Хабаровск
2026-01-06 14:13:02,"Главный цилиндр сцепления 3/4"" 8-97300-211-0 NKR/NPR/NQR 99~ ISUZU LHD Y",1,2349,Yamasida,8-97300-211-0,Хабаровск
2026-01-06 14:13:02,Главный цилиндр сцепления 41650-5H000 LP-5597 HYUNDAI HD45/HD65/HD72/HD78 98~ Y,71,2270,Yamasida,41650-5H000,Хабаровск
2026-01-06 14:13:02,Главный цилиндр сцепления 41650-5K000 LP-5598 HYUNDAI HD45/HD65/HD72/HD78 10~ SKV,9,1211,SKV,41650-5K000,Хабаровск
2026-01-06 14:13:02,"Главный цилиндр сцепления 5/8"" 31401-36061 Toyota Dyna BU102,107,112,122,13*,142,147,162,172 SKV",55,836,SKV,31401-36061,Хабаровск
2026-01-06 14:13:02,"Главный цилиндр сцепления 5/8"" 31410-36062 DYNA XZU300# 2003~ Y",3,2211,Yamasida,31410-36062,Хабаровск
2026-01-06 14:13:02,"Главный цилиндр сцепления 5/8"" 31420-26170 DYNA BU 102 3.5T 1999~ Y",6,1498,Yamasida,31420-26170,Хабаровск
2026-01-06 14:13:02,"Главный цилиндр сцепления 5/8"" 31420-28110 DYNA BU 102 3.5T 1999~ Y",4,3030,Yamasida,31420-28110,Хабаровск
2026-01-06 14:13:02,"Главный цилиндр сцепления 5/8"" 31420-37040 BU100,105,140,145 TOYOTA DYNA SKV",49,1052,SKV,31420-37040,Хабаровск
2026-01-06 14:13:02,"Главный цилиндр сцепления 5/8"" 31420-37050 DYNA BU102 3.5T 1999~ Y",9,1972,Yamasida,31420-37050,Хабаровск
2026-01-06 14:13:02,"Главный цилиндр сцепления 5/8"" 31420-37141 HINO300/DYNA BU3##,WU30#/34#/XZU3# 02~ SKV",39,1125,SKV,31420-37141,Хабаровск
2026-01-06 14:13:02,"Главный цилиндр сцепления 5/8"" 31420-37141 HINO300/DYNA BU3##,WU30#/34#/XZU3# 02~ Y",23,1872,Yamasida,31420-37141,Хабаровск
2026-01-06 14:13:02,Главный цилиндр сцепления 8-98025-308-0 ISUZU SKV,45,1166,SKV,8-98025-308-0,Хабаровск
2026-01-06 14:13:02,"Главный цилиндр сцепления D-128756 / 1-47500-239-2 7/8"" LHD EXR 7 speed FRR/FSR/FTR/FSS 1996~ Дизель",5,1669,Дизель,D-128756,Хабаровск
2026-01-06 14:13:02,Главный цилиндр сцепления ME507832 MMC FUSO CANTER SKV,47,1047,SKV,ME507832,Хабаровск
2026-01-06 14:13:02,Головка блока цилиндров D-127992 / 8-98018-454-0 4HK1 N-series Дизель,1,69436,Дизель,D-127992,Хабаровск
2026-01-06 14:13:02,"Головка соединительная быстросъемная Duo-Matic М16х1, 5, прицеп 4528040120 WABCO",1,1990,Wabco,452 804 012 0,Хабаровск
2026-01-06 14:13:02,"Гофра глушителя 102-102 мм с припуском, двойное армирование !",18,393,Дизель,102-102 mm,Хабаровск
2026-01-06 14:13:02,"Гофра глушителя 102-203 мм с припуском, двойное армирование",18,2568,Дизель,102-203 mm,Хабаровск
2026-01-06 14:13:02,"Гофра глушителя 128-255 мм с припуском, двойное армирование !",7,1360,Дизель,128-255 mm,Хабаровск
2026-01-06 14:13:02,"Гофра глушителя 128-355 мм с припуском, двойное армирование !",29,1666,Дизель,128-355 mm,Хабаровск
2026-01-06 14:13:02,"Гофра глушителя 45-150-250 мм с припуском, двойное армирование",1,561,Дизель,45-150-250 mm,Хабаровск
2026-01-06 14:13:02,"Гофра глушителя 45-200-300 мм с припуском, двойное армирование",13,492,Дизель,45-200-300 mm,Хабаровск
2026-01-06 14:13:02,"Гофра глушителя 45-250-350 мм с припуском, двойное армирование",24,558,Дизель,45-250-350 mm,Хабаровск
2026-01-06 14:13:02,Гофра глушителя 51-152-252 мм,34,592,Дизель,51-152-252 mm,Хабаровск
2026-01-06 14:13:02,Гофра глушителя 51-252-352 мм,1,606,Дизель,51-252-352 mm,Хабаровск
2026-01-06 14:13:02,Гофра глушителя 57-202-302 мм,12,825,Дизель,57-202-302 mm,Хабаровск
2026-01-06 14:13:02,"Гофра глушителя 63,5-102 мм с припуском, двойное армирование",11,674,Дизель,"63,5-102 mm",Хабаровск
2026-01-06 14:13:02,"Гофра глушителя 67-250 мм с припуском, двойное армирование",20,769,Дизель,67-250 mm,Хабаровск
2026-01-06 14:13:02,"Гофра глушителя 67-250-350 мм с припуском, двойное армирование",9,961,Дизель,67-250-350 mm,Хабаровск
2026-01-06 14:13:02,"Гофра глушителя 67-300 мм с припуском, двойное армирование",15,974,Дизель,67-300 mm,Хабаровск
2026-01-06 14:13:02,"Гофра глушителя 67-300-400 мм с припуском, двойное армирование",27,1069,Дизель,67-300-400 mm,Хабаровск
2026-01-06 14:13:02,"Гофра глушителя 67-340 мм с припуском, двойное армирование",17,899,Дизель,67-340 mm,Хабаровск
2026-01-06 14:13:02,"Гофра глушителя 70-152 мм с припуском, двойное армирование",19,549,Дизель,70-152 mm,Хабаровск
2026-01-06 14:13:02,"Гофра глушителя 70-203 мм с припуском, двойное армирование",20,619,Дизель,70-203 mm,Хабаровск
2026-01-06 14:13:02,"Гофра глушителя 70-254 мм с припуском, двойное армирование",14,745,Дизель,70-254 mm,Хабаровск
2026-01-06 14:13:02,"Гофра глушителя 73-300-400 мм с припуском, двойное армирование",16,1052,Дизель,73-300-400 mm,Хабаровск
2026-01-06 14:13:02,"Гофра глушителя 76,2-102 мм с припуском, двойное армирование",32,731,Дизель,"76,2-102 mm",Хабаровск
2026-01-06 14:13:02,"Гофра глушителя 77-300-390 мм с припуском, двойное армирование",2,1483,Дизель,77-300-390 mm,Хабаровск
2026-01-06 14:13:02,"Гофра глушителя 80-345 мм с припуском, двойное армирование",19,1747,Дизель,80-345 mm,Хабаровск
2026-01-06 14:13:02,"Гофра глушителя 89-102 мм с припуском, двойное армирование !",22,450,Дизель,89-102 mm,Хабаровск
2026-01-06 14:13:02,"Гофра глушителя 89-350 мм с припуском, двойное армирование !",17,2231,Дизель,89-350 mm,Хабаровск
2026-01-06 14:13:02,Гофра глушителя D-127101 / 1753639 Scania Дизель,10,1703,Дизель,D-127101,Хабаровск
2026-01-06 14:13:02,Датчик ABS 8-98219-354-0/8-98002-215-0/1 NPR75/NPR71 ORIG,6,18480,Isuzu,8-98219-354-0,Хабаровск
2026-01-06 14:13:02,Датчик ABS D-127089 / 1892048 Scania Дизель,1,843,Дизель,D-127089,Хабаровск
2026-01-06 14:13:02,Датчик ABS D-127090 / 1892053 Scania Дизель,20,899,Дизель,D-127090,Хабаровск
2026-01-06 14:13:02,Датчик ABS D-127091 / 1892054 Scania Дизель,13,730,Дизель,D-127091,Хабаровск
2026-01-06 14:13:02,Датчик ABS задний правый 3565600U0010 JAC ORIG,4,1272,JAC,3565600U0010,Хабаровск
2026-01-06 14:13:02,Датчик ABS угловой 4410329662 1700 мм. Mercedes /Wabco,6,4704,Wabco,4410329662,Хабаровск
2026-01-06 14:13:02,Датчик АБС со втулкой и смазкой 4410329672 WABCO !,10,3229,Wabco,4410329672,Хабаровск
2026-01-06 14:13:02,Датчик АБС угл.с трубками и разъемом) левый 463782 / A6555400817 / A6505400217 / 4410325170 Mercedes /DieselTechnic,3,4528,Diesel Technic,4.63782,Хабаровск
2026-01-06 14:13:02,"Датчик АБС угловой 0,4м правый 463783/ A6505400117 / A6555400717 Mercedes/DieselTechnic",4,3034,Diesel Technic,4.63783,Хабаровск
2026-01-06 14:13:02,Датчик блокировки РК / дифференциала СМ 2997386 IVECO Orig,1,5235,Iveco,2997386,Хабаровск
2026-01-06 14:13:02,Датчик вала КПП WG2209280006 HOWO ORIG,3,4942,Howo,WG2209280006,Хабаровск
2026-01-06 14:13:02,Датчик включения блокировки моста D-126826 / 811W25503-0244 HOWO Дизель,2,679,Дизель,D-126826,Хабаровск
2026-01-06 14:13:02,Датчик воды WG9925550967 HOWO ORIG,4,1921,Howo,WG9925550967,Хабаровск
2026-01-06 14:13:02,Датчик воды топливного фильтра 31913-2H900 HYUNDAI Porter II ORIG,1,1376,Hyundai-Kia,31913-2H900,Хабаровск
2026-01-06 14:13:02,Датчик воды топливного фильтра D-127587 / 31974-43000 Hyundai Porter Дизель,9,268,Дизель,D-127587,Хабаровск
2026-01-06 14:13:02,"Датчик давления D-125061 / 8-97615-622-0 C,F-series Дизель",3,1532,Дизель,D-125061,Хабаровск
2026-01-06 14:13:02,Датчик давления D-125757 / 8-97072-947-0 NKR NPR 4HG1/4HG1/4HE1 Дизель,1,331,Дизель,D-125757,Хабаровск
2026-01-06 14:13:02,Датчик давления D-127886 / VG1099090112 HOWO Дизель,3,1137,Дизель,D-127886,Хабаровск
2026-01-06 14:13:02,Датчик давления воздуха (впуск) 89424-60010 HINO 300 E-3 Y,1,1192,Yamasida,89424-60010,Хабаровск
2026-01-06 14:13:02,Датчик давления воздуха D-128820 / S8939-01080 E13C HINO 700 Дизель,18,1002,Дизель,D-128820,Хабаровск
2026-01-06 14:13:02,Датчик давления масла 202V274210313 HOWO ORIG,3,3587,Howo,202V274210313,Хабаровск
2026-01-06 14:13:02,Датчик давления масла D-127887 / 202V274210313 HOWO Дизель,7,1023,Дизель,D-127887,Хабаровск
2026-01-06 14:13:02,"Датчик давления масла D-128823 / PS131 / 83530-28030 / MC840219 / MD001481 папа DYNA, MMC Дизель",10,200,Дизель,D-128823,Хабаровск
2026-01-06 14:13:02,"Датчик давления на коллекторе 8-98112-831-0 N,F-series (CNG) ГАЗ ORIG",4,6604,Isuzu,8-98112-831-0,Хабаровск
2026-01-06 14:13:02,Датчик давления пневмосистемы D-127888 / 811W25503-0275 HOWO Дизель,11,499,Дизель,D-127888,Хабаровск
2026-01-06 14:13:02,Датчик давления топлива 39200-42030 HYUNDAI PORTER ORIG,1,2717,Hyundai-Kia,39200-42030,Хабаровск
2026-01-06 14:13:02,Датчик давления топливной рампы D-125413 / 8-98119-790-0/1/8-97318-684-0 6WF1/6WG1/4HK1/4JJ1 Дизель,6,6209,Дизель,D-125413,Хабаровск
2026-01-06 14:13:02,Датчик давления топливной рампы D-125752 / 8-98119-790-0/1 / 8-97318-684-0 6WF1/G1/4HK1/4JJ1 Дизель,1,4645,Дизель,D-125752,Хабаровск
2026-01-06 14:13:02,Датчик детонации D-128299 / 1026603GAA JAC JS4/J7/T6 Дизель,6,840,Дизель,D-128299,Хабаровск
2026-01-06 14:13:02,Датчик заднего хода D-128130 / 8-98180-973-0 / 8-97165-947-1 Дизель,3,348,Дизель,D-128130,Хабаровск
2026-01-06 14:13:02,Датчик заднего хода D-128825 / MC134277 / TH-B323 MMC CANTER FB308/511 Дизель,9,305,Дизель,D-128825,Хабаровск
2026-01-06 14:13:02,Датчик заднего хода D-129189 /84210-1180/1190/ZS06-HO002 HINO RANGER/PROFIA 500/700 1984-1999 Дизель,12,356,Дизель,D-129189,Хабаровск
2026-01-06 14:13:02,Датчик заднего хода HINO TH-B316 / 6501-3594-03 Y,24,850,Yamasida,6501-3594-03,Хабаровск
2026-01-06 14:13:02,Датчик заднего хода HINO TH-В316/6501-3594-03 Y,3,678,Yamasida,6501-3594-03,Хабаровск
2026-01-06 14:13:02,Датчик заднего хода MMC FUSO FV320 TH-B318/MC842729,17,815,Yamasida,MC842729,Хабаровск
2026-01-06 14:13:02,Датчик заднего хода NISSAN UD-8/10 TH-B514/25310-Z2014 Y,20,967,Yamasida,25310-Z2014,Хабаровск
2026-01-06 14:13:02,Датчик коленвала 200V27120-7038 HOWO ORIG,1,897,Howo,200V27120-7038,Хабаровск
2026-01-06 14:13:02,Датчик КПП 79100710069 Howo,1,136,Дизель,79100710069,Хабаровск
2026-01-06 14:13:02,Датчик масляный D-127140 / 8-97176-230-0 NQR71/75/90/NPR75/FSR90/NLR85 Дизель,4,241,Дизель,D-127140,Хабаровск
2026-01-06 14:13:02,Датчик массового расхода воздуха 39320-52000/DMA-0111 HYUNDAI D4GA ORIG,4,5589,Hyundai-Kia,39320-52000,Хабаровск
2026-01-06 14:13:02,Датчик оборотов распредвала D-126832 / 612630030007/0281002315/621630030007 JAC/FOTON/FAW/SHAANXI,24,1031,Дизель,D-126832,Хабаровск
2026-01-06 14:13:02,Датчик педали акселератора D-127111 / S8944-16950 E13C HINO 700 Дизель,2,1231,Дизель,D-127111,Хабаровск
2026-01-06 14:13:02,Датчик положения коленвала D-126834 / 3602060A630-0000 FAW/FOTON Дизель,4,2299,Дизель,D-126834,Хабаровск
2026-01-06 14:13:02,Датчик расхода воздуха D-125027 / 8-97601-967-0 U09005-AFS / AFH70M-40 6WG1/HK1/HH1/HL1/4HK1 Дизель,36,3980,Дизель,D-125027,Хабаровск
2026-01-06 14:13:02,Датчик сенсорный CY-33 8-97129-704-0 ISUZU NKR/NPR/NHR/NHS 93~ Y,4,1893,Yamasida,8-97129-704-0,Хабаровск
2026-01-06 14:13:02,"Датчик сенсорный CY-39 D-127115 / 83181-37050 DYNA/TOYOACE BU3##,WU30#,34#,XZU3## 99~ Дизель",89,918,Дизель,D-127115,Хабаровск
2026-01-06 14:13:02,Датчик сенсорный D-127113 / 1-83127-115-0 / 1-83127-046-1 CXG/CXH/CVS/CXW/CYW/FSR/FSD 86~ Дизель,34,1071,Дизель,D-127113,Хабаровск
2026-01-06 14:13:02,Датчик скорости D-128757 / 8-97328-058-1/0 ISUZU Дизель,2,1943,Дизель,D-128757,Хабаровск
2026-01-06 14:13:02,Датчик спидометра 3 конт. D-129192 / DZ9100580142 SH F3000 SHAANXI Дизель,4,487,Дизель,D-129192,Хабаровск
2026-01-06 14:13:02,Датчик спидометра D-125816 / 94600-8A500 JAC Дизель,7,627,Дизель,D-125816,Хабаровск
2026-01-06 14:13:02,Датчик спидометра D-126676/8-97377-920-0/8-97129-704-0/8-97118-810-0 NPR66 ISUZU Дизель,28,314,Дизель,D-126676,Хабаровск
2026-01-06 14:13:02,Датчик спидометра МЭ307 Белаз,26,785,БЕЛАЗ,МЭ307,Хабаровск
2026-01-06 14:13:02,"Датчик стоп сигнала 8-98000-028-0 ISUZU NPR75/NLR,NMR85/NQR90 Y",7,269,Yamasida,8-98000-028-0,Хабаровск
2026-01-06 14:13:02,Датчик стоп сигнала MC134474 Fuso Canter Y,3,363,Yamasida,MC134474,Хабаровск
2026-01-06 14:13:02,Датчик стоп-сигнала D-127096 / 8-98000-028-0 ISUZU NPR75 NLR NMR85 NQR90 Дизель,49,277,Дизель,D-127096,Хабаровск
2026-01-06 14:13:02,Датчик температурный 25250-90008 TG-90012 ...V GEN,2,532,GEN,TG-90012,Хабаровск
2026-01-06 14:13:02,Датчик температурный 83420-89102 / S8342-01240 Original,1,1910,hino,83420-89102,Хабаровск
2026-01-06 14:13:02,Датчик температуры 8-98023-717-0 / 8-97170-327-0 NQR71/75/NLR85 E063A Y,10,1038,Yamasida,8-98023-717-0,Хабаровск
2026-01-06 14:13:02,Датчик температуры воздуха впускного D-127002 / 89424-60010 HINO 300 E-3 Дизель,42,1159,Дизель,D-127002,Хабаровск
2026-01-06 14:13:02,Датчик температуры ОЖ 39220-38030 HYUNDAI ORIG,3,935,Hyundai-Kia,39220-38030,Хабаровск
2026-01-06 14:13:02,Датчик температуры ОЖ D-126842 / 3602015B630-0000 FAW Дизель,4,1025,Дизель,D-126842,Хабаровск
2026-01-06 14:13:02,"Датчик температуры ОЖ D-127099 / S8342-01250 HINO300, 500, 700 E-3/4 Дизель",13,400,Дизель,D-127099,Хабаровск
2026-01-06 14:13:02,Датчик температуры ОЖ D-128836 / ME202053 Fuso Canter Дизель,34,400,Дизель,D-128836,Хабаровск
2026-01-06 14:13:02,Датчик ТНВД (регулятор давления топлива) D-126395 / 8-98145-449-1 FVR34 Дизель,1,7278,Дизель,D-126395,Хабаровск
2026-01-06 14:13:02,Датчик топливного сепаратора D-125192 / 8-97605-127-3 ISUZU CYZ51/CXZ/EXZ51 Дизель,2,2424,Дизель,D-125192,Хабаровск
2026-01-06 14:13:02,Датчик уровня масла в картере двигателя 8-97328-993-1 4HK1-T NQR90/NPR75 ORIG,3,3340,Isuzu,8-97328-993-1,Хабаровск
2026-01-06 14:13:02,Датчик уровня моч-ны D-125819 / 1205270Y3J53 JAC N350 WP10 E-5 Дизель,2,9660,Дизель,D-125819,Хабаровск
2026-01-06 14:13:02,Датчик уровня охлаждающей жидкости D-127639 / 3820015LE310 JAC N90 Дизель,2,615,Дизель,D-127639,Хабаровск
2026-01-06 14:13:02,Датчик уровня пола 4410500110 / TT6116005 / A0005424018 / 98472878 WABCO,1,7481,Wabco,4410500110,Хабаровск
2026-01-06 14:13:02,"Датчик уровня пола резьба М 27x1 MAZ, RVI 4410500100 WABCO",1,7959,Wabco,4410500100,Хабаровск
2026-01-06 14:13:02,Датчик уровня топлива D-129894 / WG9925550002 HOWO T5G Дизель,2,1996,Дизель,D-129894,Хабаровск
2026-01-06 14:13:02,Дверь L ISUZU ELF NPR/NKR/NQR75 94- (5 отв. для зеркала) IZNR94029/IZ07-0603-02 Taiwan,1,26235,JMC,NQR75,Хабаровск
2026-01-06 14:13:02,Дверь зад.(двухкаб) R 77004-4E000 BONGO III !,1,5788,Hyundai-Kia,77004-4E000,Хабаровск
2026-01-06 14:13:02,Дверь левая 8-98260-602-0 NLR85/NMR85/NPR75/NQR90 ORIG,1,40040,Isuzu,8-98260-602-0,Хабаровск
2026-01-06 14:13:02,Дверь левая D-127995 / 8-98171-234-0 / 8-98075-729-0 N-series Дизель,4,22365,Дизель,D-127995,Хабаровск
2026-01-06 14:13:02,Дверь левая D-128759 / 8-98171-233-0 / 8-98075-727-1 N-series Дизель,1,19370,Дизель,D-128759,Хабаровск
2026-01-06 14:13:02,Дверь правая D-125071 / 8-98171-225-0 / 8-98075-726-1 N-series Дизель,1,21130,Дизель,D-125071,Хабаровск
2026-01-06 14:13:02,Дверь правая D-126483 / 810-62600-4126 в сборе Howo/Sitrak C7H Дизель дефект,1,55165,Дизель,D-126483,Хабаровск
2026-01-06 14:13:02,Дверь правая D-127315 / 8-98171-226-0 / 8-98075-728-0 N-series Дизель,3,20129,Дизель,D-127315,Хабаровск
2026-01-06 14:13:02,Дверь правая D-128157 / 8-97863-849-0 / 8-97581-430-0 с отверстиями для зеркала ISUZU N '94- Дизель,8,16607,Дизель,D-128157,Хабаровск
2026-01-06 14:13:02,Дверь правая D-129064 / 6101200W5000 JAC N35 Дизель дефект,1,13060,Дизель,D-129064,Хабаровск
2026-01-06 14:13:02,Демпфер кронштейна воздухоочистителя 28251-5K000 Hyundai HD72/78 ORIG,1,224,Hyundai-Kia,28251-5K000,Хабаровск
2026-01-06 14:13:02,Дефлектор внешний правый 943/162 / A9438841722 Covind !,1,4914,Covind,943/162,Хабаровск
2026-01-06 14:13:02,Диафрагма тормозной камеры МАЗ 500351915001,3,214,JMC,500351915001,Хабаровск
2026-01-06 14:13:02,Диодный мост D-056/FDS-4178/L160-4320 8-94167-411-0/8-94408-396-0/8-94408-376-0 WFS62 4FG1 FD,2,979,JMC,8-94408-396-0,Хабаровск
2026-01-06 14:13:02,Диодный мост D-060/FDS-4181/23230-02N09 / 23232-02N09 / D-061,1,1718,New-Era,D-060,Хабаровск
2026-01-06 14:13:02,Диодный мост D-062/FDS-4178/L225-6320 8-94475-472-0/23230-02N07/24V 25A//12V 60A/ 4JG2T NEW-ERA,1,1205,New-Era,D-062,Хабаровск
2026-01-06 14:13:02,Диодный мост D-092/FDS-4185 27357-72150 12V,1,1447,F.D,27357-72150,Хабаровск
2026-01-06 14:13:02,Диодный мост D-608 8-97249-333-0,1,1766,New-Era,D-608,Хабаровск
2026-01-06 14:13:02,Диодный мост D-610 8-97148-169-1,1,1812,New-Era,D-610,Хабаровск
2026-01-06 14:13:02,Диодный мост D-056/FDS-4178/L160-4320 8-94167-411-0/8-94408-396-0/8-94408-376-0 WFS62 4FG1 FD,6,1750,New-Era,8-94167-411-0,Хабаровск
2026-01-06 14:13:02,"Диодный мост A860T29370/ME701030/FW419,MK618,FK335E/6D14,6D15,6D17,6DC11",1,2526,F.D,FDS-4414,Хабаровск
2026-01-06 14:13:02,Диодный мост L190G-63204/L190G-4320 23230-1P000/05/L190G-73203,1,2666,JMC,23230-1P000,Хабаровск
2026-01-06 14:13:02,"Диодный мост L225-4320 8-94156-596-0/8-94167-412-0 NKR58E,NPR,NPS 4HF1,4HE1,4BE1",1,2988,JMC,8-94156-596-0,Хабаровск
2026-01-06 14:13:02,Диск колеса D-125825 / 3101010Y4P00 JAC Дизель,25,11288,Дизель,D-125825,Хабаровск
2026-01-06 14:13:02,Диск колесный (8 отверстий) 19.5x6.75,48,6135,Дизель,19.5x6.75,Хабаровск
2026-01-06 14:13:02,"Диск колесный 22,5x9,00 10х335/281/175 (евро) усиленный 16мм, 50кг 10 отв.",56,8203,Дизель,22.5x9.00,Хабаровск
2026-01-06 14:13:02,"Диск колесный 22.5x8.25 (10 отверстий) 281мм, б/к",10,9320,Дизель,"22.5x8,25",Хабаровск
2026-01-06 14:13:02,Диск колесный D-129196 16x5.5 1/2 (6 отверстий) Дизель,60,6145,Дизель,D-129196,Хабаровск
2026-01-06 14:13:02,Диск сцепления 1600200LE070 JAC STCO,27,4477,STCO,16002-00LE070,Хабаровск
2026-01-06 14:13:02,"Диск сцепления 2085863/1878 003 839 430мм Scania P,G,R,T - series STCO",26,8846,STCO,2085863,Хабаровск
2026-01-06 14:13:02,"Диск сцепления 236*150*21*29,8 TYD112/U/31250-36220 STCO",27,1733,STCO,31250-28082,Хабаровск
2026-01-06 14:13:02,"Диск сцепления 240*160*24*25,6 / ISD101 / 8-94159-975-0 STCO",37,1799,STCO,8-94159-975-0,Хабаровск
2026-01-06 14:13:02,"Диск сцепления 260*150*24*25,6 / NSD014U / 30100-02T66 STCO",37,2051,STCO,30100-02T66,Хабаровск
2026-01-06 14:13:02,Диск сцепления 260*170*12*28 / MZD017U STCO,19,1766,STCO,SE02-16-460,Хабаровск
2026-01-06 14:13:02,Диск сцепления 260*170*12*28 / MZD063U / SE03-16-460B STCO,46,2064,STCO,SE03-16-460B,Хабаровск
2026-01-06 14:13:02,"Диск сцепления 260*170*14*29.4 / ME500917 / MFD084U Canter FB6, FE5, FE6 96-2001 STCO",76,2430,STCO,ME500917,Хабаровск
2026-01-06 14:13:02,"Диск сцепления 260*170*21*29,8 / TYD080/TYD015 STCO",31,1970,STCO,31250-36113,Хабаровск
2026-01-06 14:13:02,"Диск сцепления 275*175*14*29,4 41100-5H100 / HD-69 HD45/65/72/78 With Active Hub (ан. VALEO) STCO",23,2469,STCO,41100-5H100,Хабаровск
2026-01-06 14:13:02,"Диск сцепления 275*175*21*29,8 / TYD078Y / 31250-36410 STCO",16,2255,STCO,31250-36410,Хабаровск
2026-01-06 14:13:02,"Диск сцепления 275*180*12*28,0 / MZD065U / 0727-16-460A/MZD062/MZD003 STCO",22,2430,STCO,0727-16-460A,Хабаровск
2026-01-06 14:13:02,"Диск сцепления 275*180*24*25,6 / ISD102 / 5-31240-043-0 STCO",39,2566,STCO,5-31240-043-0,Хабаровск
2026-01-06 14:13:02,"Диск сцепления 300*190*10*38,1 / ISD035/HND041U/HND014Y / 31250-3890 / 1-31240-208-0 STCO",17,3133,STCO,31250-3890,Хабаровск
2026-01-06 14:13:02,"Диск сцепления 300*190*14*35,2 /ISD086U/MFD067U/ME521813/8-97320-355-0 Active hub STCO",4,3225,STCO,8-97320-355-0,Хабаровск
2026-01-06 14:13:02,"Диск сцепления 300*190*14*35,2 CR-MFD067U / ME521813 Керамика STCO",11,4572,STCO,ME521813,Хабаровск
2026-01-06 14:13:02,Диск сцепления 300*190*14*35.2 /5-87610-077-1 / 8-98255-139-1 N-series SKV Premium (BVP),74,4881,SKV Premium,8-98255-139-1,Хабаровск
2026-01-06 14:13:02,"Диск сцепления 300*190*16*30,0 NDD 018 U SDE",1,3168,JMC,NDD018U,Хабаровск
2026-01-06 14:13:02,"Диск сцепления 300*190*16*30,0 NDD018U / 30100-Z5166 STCO",55,3487,STCO,30100-Z5166,Хабаровск
2026-01-06 14:13:02,"Диск сцепления 300*190*24*25,6 D-129199 / CR-ISD114 / 8-94339-800-0/ NSD112 Керамика MENCH Дизель",10,1991,Дизель,D-129199,Хабаровск
2026-01-06 14:13:02,"Диск сцепления 325*210*10*38,1 / HND008 / 31250-2621/HND063U/ISD010U/ISD143 STCO",23,3728,STCO,31250-2621,Хабаровск
2026-01-06 14:13:02,Диск сцепления 325*210*14*35.2 8-97362-235-1/8-98255-140-1/5-87610-080-0 (act hub) SKV Premium (BVP),271,5598,SKV Premium,8-98255-140-1,Хабаровск
2026-01-06 14:13:02,"Диск сцепления 325*210*14*37,6 / MFD066N/Y/S / ME521044 STCO",6,3130,STCO,ME521044,Хабаровск
2026-01-06 14:13:02,"Диск сцепления 325*210*16*30,0 CR-NDD022Y / 30100-Z5008 STCO",28,5290,STCO,30100-Z5008,Хабаровск
2026-01-06 14:13:02,"Диск сцепления 325*210*16*30,0 CR-NDD022Y / 30100-Z5008 Керамика SKV",26,4235,SKV,30100-Z5008,Хабаровск
2026-01-06 14:13:02,Диск сцепления 350*212*14*44 / MFD037U / ME521057 STCO,12,5092,STCO,ME521057,Хабаровск
2026-01-06 14:13:02,"Диск сцепления 350*220*10*38,1 / ISD003Y/ISD036Y/NDD027U / 31250-2842 / 1-31240-381-0 STCO",8,4593,STCO,1-31240-381-0,Хабаровск
2026-01-06 14:13:02,"Диск сцепления 350*220*10*38,1 CR-ISD036Y /1-31240-381-0 Керамика STCO",21,6257,STCO,CR-ISD036Y,Хабаровск
2026-01-06 14:13:02,"Диск сцепления 350*220*10*44,7 / HND016Y / 31250-2750 STCO",10,4822,STCO,31250-2750,Хабаровск
2026-01-06 14:13:02,Диск сцепления 350*220*10*45 ISD193U / 1-87610-140-0 Activ Hub 8S SKV,4,6316,SKV,1-87610-140-0,Хабаровск
2026-01-06 14:13:02,Диск сцепления 350*220*10*45 ISD193U / 1-87610-140-0 Activ Hub 8S STCO,44,5665,STCO,1-87610-140-0,Хабаровск
2026-01-06 14:13:02,"Диск сцепления 380*220*10*44,5/ HND029 / 31250-2920 STCO",94,5879,STCO,31250-2920,Хабаровск
2026-01-06 14:13:02,Диск сцепления 380*220*14*44 / MFD071Y / ME521606 STCO,8,5844,STCO,ME521606,Хабаровск
2026-01-06 14:13:02,"Диск сцепления 380*240*10*44,7 / ISD058U / 1-31240-739-0 /MFD099U STCO",3,5350,STCO,1-31240-739-0,Хабаровск
2026-01-06 14:13:02,Диск сцепления 380*240*10*44.7 1-31240-972-1 / ISD161U 6HK FVR STCO,58,7364,STCO,1-31240-972-1,Хабаровск
2026-01-06 14:13:02,Диск сцепления 380*240*10*44.7 1-31240-972-1 6HK FVR SKV Premium (BVP),33,10533,SKV Premium,1-31240-972-1,Хабаровск
2026-01-06 14:13:02,Диск сцепления 380*240*10*44.7 D-129201 / 1-31240-972-1 6HK FVR BVP quality Дизель,22,9223,Дизель,D-129201,Хабаровск
2026-01-06 14:13:02,"Диск сцепления 380*240*10*50,8 / ISD031 / 1-31240-539-1 SKV",74,3022,SKV,1-31240-539-1,Хабаровск
2026-01-06 14:13:02,"Диск сцепления 380*240*10*50,8 / ISD031 / 1-31240-539-1 STCO",46,4725,STCO,1-31240-539-1,Хабаровск
2026-01-06 14:13:02,Диск сцепления 380*240*12*42.0 / NDD017 / 30100-90612 SKV,8,3572,SKV,30100-90612,Хабаровск
2026-01-06 14:13:02,Диск сцепления 380*240*14*48.0 MFD 062,1,1992,JMC,MFD 062,Хабаровск
2026-01-06 14:13:02,"Диск сцепления 400*250*10*50,8 / HND018Y / 31250-2900 STCO",12,5137,STCO,31250-2900,Хабаровск
2026-01-06 14:13:02,Диск сцепления 400*250*14*48 / MFD018 / ME550251 SKV,20,4375,SKV,ME550251,Хабаровск
2026-01-06 14:13:02,Диск сцепления 410*260*16*45 ISD008/ISD007 1-31240-928-0 CVS/CXW/CYW 1987-1999 STCO,69,4948,STCO,1-31240-286-0,Хабаровск
2026-01-06 14:13:02,Диск сцепления 430*250*10*50.8 1-31240-865-0/1-31240-980-1/ISD097U CYZ52/HINO700 Керамика STCO,66,12302,STCO,1-31240-980-1,Хабаровск
2026-01-06 14:13:02,Диск сцепления 430*250*10*50.8 1-31240-865-0/980-/1-87611-002-0 CYZ52/HIN700 SKV Premium (BVP),85,17265,SKV Premium,1-31240-865-1,Хабаровск
2026-01-06 14:13:02,"Диск сцепления 430*250*14*48,0 ME521203/MFD058U STCO",2,5984,STCO,ME521203,Хабаровск
2026-01-06 14:13:02,"Диск сцепления 430*250*18*50,0 /NDD036Y/NDD054U Керамика SKV",8,6630,SKV,NDD036Y,Хабаровск
2026-01-06 14:13:02,Диск сцепления 430*250*18*50.0 / NDD054U/NDD036Y/30100-90677 STCO,27,6258,STCO,30100-90677,Хабаровск
2026-01-06 14:13:02,Диск сцепления 430*260*16*45 / ISD029Y / 1-31240-240-0 STCO,24,6411,STCO,1-31240-240-0,Хабаровск
2026-01-06 14:13:02,"Диск сцепления 430*260*16*45,0 / ISD029Y Керамика SKV !",14,6115,SKV,CR-ISD029Y,Хабаровск
2026-01-06 14:13:02,Диск сцепления 430*260/10*50.8*41*7.9 WG9925160822 SITRAK T7H STCO,45,8846,STCO,WG9925160822,Хабаровск
2026-01-06 14:13:02,Диск сцепления D-126484 / 1601210-76А/В*А000 FAW Дизель,3,3464,Дизель,D-126484,Хабаровск
2026-01-06 14:13:02,Диск сцепления D-127389 / 5-87610-077-1 / 8-98255-139-1 300х190х14х35.2 N-series BVP quality Дизель,35,4669,Дизель,D-127389,Хабаровск
2026-01-06 14:13:02,Диск сцепления D-127642 / 31250-E0760 325х210х14х32.4 HINO300/TOYOTA XZU4/3# N04C BVP quality Дизель,24,7134,Дизель,D-127642,Хабаровск
2026-01-06 14:13:02,Диск сцепления D-127889 / WG9114160020 HOWO Дизель,10,3962,Дизель,D-127889,Хабаровск
2026-01-06 14:13:02,Диск сцепления D-128760 / 1-87610-140-0 ISUZU Дизель,2,8577,Дизель,D-128760,Хабаровск
2026-01-06 14:13:02,Диск сцепления D-129202 / SCBJ-1600200LE070-6001 JAC BVP quality Дизель,6,8265,Дизель,D-129202,Хабаровск
2026-01-06 14:13:02,"Диск сцепления DT-072 260*170*14*29,4 / MFD013",1,2459,JMC,MFD013,Хабаровск
2026-01-06 14:13:02,Диск сцепления HYD107U/41100-43300 JAPAN H100/150/200 (упаковка НЕСТАНДРТ) EXEDY,32,2833,Exedy,HYD107U,Хабаровск
2026-01-06 14:13:02,Диск тормозной 0К40С-33251 BONGO III 2.9,1,5231,JMC,0К40С-33251,Хабаровск
2026-01-06 14:13:02,Диск тормозной AZ711744430002 HOWO ORIG,28,13149,Howo,AZ711744430002,Хабаровск
2026-01-06 14:13:02,"Диск фр.430*250*5-18 (шт), шт, (Ш) 430*250*5-18",3,1016,JMC,(Ш) 430*250*5-18,Хабаровск
2026-01-06 14:13:02,Замок двери 81320-5H010 RH HD72 ORIG,4,1272,Hyundai-Kia,81320-5H010,Хабаровск
2026-01-06 14:13:02,Замок двери левой D-125093-D / 8-98029-053-2 NPR75 NMR NQR90 Дизель,1,1668,Дизель,D-125093-D,Хабаровск
2026-01-06 14:13:02,"Замок двери правой D-129109 / 8-98029-052-2 / 8-98029-052-3 N,F series Дизель",1,1668,Дизель,D-129109,Хабаровск
2026-01-06 14:13:02,Замок зад.двери в сборе L 81410-4E000 BONGO III !,2,489,Дизель,814104E000,Хабаровск
2026-01-06 14:13:02,Замок капота в сборе WG 1642110027/28 Howo,2,263,Howo,1642110027,Хабаровск
2026-01-06 14:13:02,Запчасти к амортизатору 55300-5H500 HD72 RR (K),2,33,Дизель,55300-5H500,Хабаровск
2026-01-06 14:13:02,"Заслонка дроссельная D-128761 / 8-98040-003-4 N,Q-series Дизель",1,9111,Дизель,D-128761,Хабаровск
2026-01-06 14:13:02,"Заслонка отопителя 8-98047-386-0 F,N series ORIG",3,495,Isuzu,8-98047-386-0,Хабаровск
2026-01-06 14:13:02,Захват седельного устройства 9012481,1,1077,JMC,9012481,Хабаровск
2026-01-06 14:13:02,Защелка воздушного фильтра 1109102LD080 JAC N90 ORIG,6,67,JAC,1109102LD080,Хабаровск
2026-01-06 14:13:02,Защелка фильтра воздушного D-127661 / 1109102LD080 JAC N90 Дизель,1,92,Дизель,D-127661,Хабаровск
2026-01-06 14:13:02,Защита ступеньки правой D-125079 / 1-71907-186-2/1 пластиковая ISUZU CYZ51 Дизель,1,1402,Дизель,D-125079,Хабаровск
2026-01-06 14:13:02,Зеркала заднего вида 2185,1,1192,JMC,2185,Хабаровск
2026-01-06 14:13:02,Зеркало D-128884 / SL-1609 Дизель,2,527,Дизель,D-128884,Хабаровск
2026-01-06 14:13:02,Зеркало D-128885 / SL-1617 205х145mm MITSUBISHI CANTER Дизель,5,388,Дизель,D-128885,Хабаровск
2026-01-06 14:13:02,Зеркало D-128886 / SL-1651 ELF NHR/NKR Дизель,22,291,Дизель,D-128886,Хабаровск
2026-01-06 14:13:02,"Зеркало D-128887 / SL-1653 310x175mm ISUZU, HINO Дизель",6,448,Дизель,D-128887,Хабаровск
2026-01-06 14:13:02,Зеркало D-128888 / SL-1657 MMC Rosa Дизель,20,555,Дизель,D-128888,Хабаровск
2026-01-06 14:13:02,Зеркало D-128889 / SL-1663 FUSO FK/FV Дизель,15,539,Дизель,D-128889,Хабаровск
2026-01-06 14:13:02,Зеркало D-128890 / SL-1666H / MK486109 350х175mm с подогревом MITSUBISHI Дизель,68,1133,Дизель,D-128890,Хабаровск
2026-01-06 14:13:02,Зеркало D-128892 / SL-1673 ISUZU FTR / HINO Дизель,7,672,Дизель,D-128892,Хабаровск
2026-01-06 14:13:02,"Зеркало D-128893 / SL-1675 ISUZU FTR, HINO, NISSAN UD Дизель",6,732,Дизель,D-128893,Хабаровск
2026-01-06 14:13:02,Зеркало D-128896 / SL-1685 NISSAN DIESEL/UD CW520 Дизель,5,595,Дизель,D-128896,Хабаровск
2026-01-06 14:13:02,Зеркало D-128897 / SL-1690 ISUZU ELF NKR/NHR Дизель,16,468,Дизель,D-128897,Хабаровск
2026-01-06 14:13:02,"Зеркало D-128899 / SL-1765 круглое, нижнего вида Дизель",11,337,Дизель,D-128899,Хабаровск
2026-01-06 14:13:02,Зеркало D-128900 / SL-738В Дизель,19,652,Дизель,D-128900,Хабаровск
2026-01-06 14:13:02,"Зеркало D-128901 / SL-748B UNIVERSAL HYUNDAI, DAEWOO Дизель",15,681,Дизель,D-128901,Хабаровск
2026-01-06 14:13:02,"Зеркало D-128903 / SL-749H с подогревом, ручное управление Дизель",71,1778,Дизель,D-128903,Хабаровск
2026-01-06 14:13:02,"Зеркало D-128904 / SL-759 круглое 205mm ISUZU, HINO Дизель",10,708,Дизель,D-128904,Хабаровск
2026-01-06 14:13:02,"Зеркало D-128905 / SL-769 ISUZU, HINO Дизель",20,644,Дизель,D-128905,Хабаровск
2026-01-06 14:13:02,"Зеркало D-128907 / SL-998 215х165mm HINO, MITSUBISHI, NISSAN UD, MERCEDES MAN, DAF Дизель",21,644,Дизель,D-128907,Хабаровск
2026-01-06 14:13:02,Зеркало D-129204 / SL-1610 Дизель,2,558,Дизель,D-129204,Хабаровск
2026-01-06 14:13:02,Зеркало D-129205 / SL-1611 Дизель,32,437,Дизель,D-129205,Хабаровск
2026-01-06 14:13:02,Зеркало D-129206 / SL-1612 Дизель,2,678,Дизель,D-129206,Хабаровск
2026-01-06 14:13:02,Зеркало D-129211 / SL-1662 FUSO FK\FV Дизель,3,627,Дизель,D-129211,Хабаровск
2026-01-06 14:13:02,Зеркало D-129212 / SL-1671 NISSAN UD/BUS 325*190mm Дизель,21,664,Дизель,D-129212,Хабаровск
2026-01-06 14:13:02,Зеркало D-129220 / SL-1697 Дизель,3,912,Дизель,D-129220,Хабаровск
2026-01-06 14:13:02,Зеркало D-129227 / SL-758 UNIVERSAL HYUNDAI; DAEWOO Дизель,1,968,Дизель,D-129227,Хабаровск
2026-01-06 14:13:02,Зеркало SL-1671 NISSAN UD/BUS 325*190mm YD дефект,1,172,Дизель,SL-1671,Хабаровск
2026-01-06 14:13:02,Зеркало боковое 8-98073-893-2 CYZ(L)EU2/3/4W/3STEP 2010 - ORIG,1,6385,Isuzu,8-98073-893-2,Хабаровск
2026-01-06 14:13:02,Зеркало заднего вида D-128840 / SL-628 445x210mm HINO VOLVO Дизель,32,1428,Дизель,D-128840,Хабаровск
2026-01-06 14:13:02,Зеркало заднего вида D-128909 / SL-739 нижнее HINO 500/700 Дизель,6,1077,Дизель,D-128909,Хабаровск
2026-01-06 14:13:02,Зеркало заднего вида SL- 1611,1,410,Дизель,SL-1611,Хабаровск
2026-01-06 14:13:02,Зеркало заднего вида SL- 1772,3,392,Noname,SL- 1772,Хабаровск
2026-01-06 14:13:02,"Зеркало заднего вида SL- 728 круглое/, нижнего вида, крепление хомут",4,449,Дизель,SL-728,Хабаровск
2026-01-06 14:13:02,Зеркало заднего вида SL- 768,2,524,Дизель,SL-768,Хабаровск
2026-01-06 14:13:02,Зеркало заднего вида SL- 788AL/AR/ UNI FAW L/R сторона 408*255 mm YD,1,660,Дизель,SL-788,Хабаровск
2026-01-06 14:13:02,Зеркало заднего вида SL-1628,8,290,Дизель,SL-1628,Хабаровск
2026-01-06 14:13:02,Зеркало заднего вида SL-1671,1,336,Дизель,SL-1671,Хабаровск
2026-01-06 14:13:02,Зеркало заднего вида лев 8202100W5031 JAC N35 ORIG,1,4961,JAC,8202100W5031,Хабаровск
2026-01-06 14:13:02,Игла для жгутов,2,398,JMC,00,Хабаровск
2026-01-06 14:13:02,Изолятор контакта втягивающего реле 5-81129-069-0 N-series 4JJ1 ORIG,3,466,Isuzu,5-81129-069-0,Хабаровск
2026-01-06 14:13:02,Камера тормозная 8-98205-504-0/8-97532-918-0 NQR90 D.BEST,1,90490,Дизель,8-97532-918-0,Хабаровск
2026-01-06 14:13:02,Камера тормозная 812W50410-6885 Sitrak C7H ORIG,5,9803,Howo,812W50410-6885,Хабаровск
2026-01-06 14:13:02,Камера тормозная 812W50410-6886 Sitrak C7H ORIG,4,9803,Howo,812W50410-6886,Хабаровск
2026-01-06 14:13:02,Камера тормозная D-127945 / 812W50410-6885 Sitrak C7H Дизель,7,3041,Дизель,D-127945,Хабаровск
2026-01-06 14:13:02,Камера тормозная D-127946 / 812W50410-6886 Sitrak C7H Дизель,3,3041,Дизель,D-127946,Хабаровск
2026-01-06 14:13:02,Камера тормозная D-127947 / WG9100364122 Sitrak Дизель,5,2422,Дизель,D-127947,Хабаровск
2026-01-06 14:13:02,Камера тормозная FL/FR D-128762 / 1-48250-837-0 / 8-98145-680-1/0 CYZ51/EXZ52/FVR34 Дизель,2,4094,Дизель,D-128762,Хабаровск
2026-01-06 14:13:02,Камера тормозная задняя L/R D-127996 / 8-98205-503-0 / 8-98205-504-0 NQR90 Дизель,16,3799,Дизель,D-127996,Хабаровск
2026-01-06 14:13:02,Камера тормозная задняя R D-126664 / QT305D163-3530020 1066 FAW Дизель,1,2869,Дизель,D-126664,Хабаровск
2026-01-06 14:13:02,Камера тормозная передняя D-126678 / S49U0-E0380 HINO 700 E-5 Дизель,13,5973,Дизель,D-126678,Хабаровск
2026-01-06 14:13:02,Камера тормозная передняя D-128218 / 2530931 Scania Дизель,7,3986,Дизель,D-128218,Хабаровск
2026-01-06 14:13:02,Камера тормозная передняя левая D-129234 / 3519010-X141J FAW Дизель,1,1480,Дизель,D-129234,Хабаровск
2026-01-06 14:13:02,Камера тормозная передняя правая D-129235 / 3519020-X141J FAW Дизель,1,1480,Дизель,D-129235,Хабаровск
2026-01-06 14:13:02,Капот без решетки D-128620 / 812W61110-0073 Sitrak/Howo T5G Дизель,1,7484,Дизель,D-128620,Хабаровск
2026-01-06 14:13:02,Карданный вал межосевой Hyundai HD270 494007H301,1,48906,JMC,494007H301,Хабаровск
2026-01-06 14:13:02,Карданный вал среднего моста D-129096 / 2205010-56V/B L=1506 FAW Дизель,1,35177,Дизель,D-129096,Хабаровск
2026-01-06 14:13:02,Катушка зажигания 8-98488-570-0 N-series 4HV1 (CNG) ГАЗ ORIG,1,15625,Isuzu,8-98488-570-0,Хабаровск
2026-01-06 14:13:02,Клавиша аварийного сигнала D-129889 / WG9918586001 HOWO Дизель,3,471,Дизель,D-129889,Хабаровск
2026-01-06 14:13:02,Клавиша включения блокировки мкд 812W25503-6020 HOWO T5G,3,679,Дизель,812W25503-6020,Хабаровск
2026-01-06 14:13:02,Клавиша включения КОМ D-129892 / WG9918586022 HOWO T5G Дизель,2,496,Дизель,D-129892,Хабаровск
2026-01-06 14:13:02,Клавиша диагностики ДВС D-129891 / WG9918586014 HOWO Дизель,3,496,Дизель,D-129891,Хабаровск
2026-01-06 14:13:02,Клавиша межколёсного дифференциала 1B24937300019,1,386,Дизель,1B24937300019,Хабаровск
2026-01-06 14:13:02,Клавиша переключения звукового сигнала D-129890 / WG9918586002 HOWO Дизель,3,575,Дизель,D-129890,Хабаровск
2026-01-06 14:13:02,Клапан (дозатор) ТНВД D-125542 / 9-89289-444-0 Дизель,1,9278,Дизель,D-125542,Хабаровск
2026-01-06 14:13:02,Клапан (дозатор) ТНВД D-126486 / 200V11103-0002 / 0928400746 MC11 Sitrak C7H Дизель,2,6758,Дизель,D-126486,Хабаровск
2026-01-06 14:13:02,Клапан IIS-0234 1-12551-162-4/2 IN 6WG1 FUJI,13,1141,FUJI,1-12551-162-4,Хабаровск
2026-01-06 14:13:02,"Клапан вентиляции 8-97289-271-1 N,C-series ORIG",1,583,Isuzu,8-97289-271-1,Хабаровск
2026-01-06 14:13:02,Клапан впускной 330-1007011D Yuchai YC6B125/YC6108,8,526,Дизель,330-1007011D,Хабаровск
2026-01-06 14:13:02,Клапан впускной D-125839 / 612630050146 JAC N350 WP10 E-5 Дизель,4,434,Дизель,D-125839,Хабаровск
2026-01-06 14:13:02,Клапан выпускной 22212-84400 HYUNDAI ORIG,2,2226,Hyundai-Kia,22212-84400,Хабаровск
2026-01-06 14:13:02,Клапан выпускной D-125840 / 612630050002 JAC N350 WP10 E-5 Дизель,4,539,Дизель,D-125840,Хабаровск
2026-01-06 14:13:02,Клапан выпускной D-126489 / 1007016A81D FAW J6 CA6DM2 Дизель,4,393,Дизель,D-126489,Хабаровск
2026-01-06 14:13:02,Клапан выпускной D-129238 / 1007016B36DC / 1007016A36DC FAW J5 Дизель,7,438,Дизель,D-129238,Хабаровск
2026-01-06 14:13:02,Клапан выпускной S1371-51733/13715-1733 J05E HINO 500 FUJI,11,809,FUJI,S1371-51733,Хабаровск
2026-01-06 14:13:02,Клапан выпускной V91182,1,205,JMC,V91182,Хабаровск
2026-01-06 14:13:02,Клапан головки блока выпускной 61560050041 Howo/,12,1234,Howo,61560050041,Хабаровск
2026-01-06 14:13:02,Клапан горного тормоза DF198/DF298 24V,3,2025,JMC,DF198,Хабаровск
2026-01-06 14:13:02,Клапан двигателя 0114-0405; впускной; 4BC1/4BC2/4BD1/4BE1/6BD1; ISUZU,2,1008,JMC,0114-0405,Хабаровск
2026-01-06 14:13:02,Клапан двигателя 4BC2/4/6BD/BE/BF1 IIS-0154/1-12551-050-0 FUJI,2,591,FUJI,1-12551-050-0,Хабаровск
2026-01-06 14:13:02,Клапан двигателя 4D30/4D32/4D34 EMB-5307/ME021039 FUJI,2,646,FUJI,ME021039,Хабаровск
2026-01-06 14:13:02,Клапан двигателя 4HE1/6HE/HH1 8-94395-462-0/1/2 FUJI,7,742,FUJI,8-94395-462-0,Хабаровск
2026-01-06 14:13:02,Клапан двигателя 4HE1/6HE1 IIS-0223/8-94395-113-1/0 FUJI,9,470,FUJI,8-94395-113-1,Хабаровск
2026-01-06 14:13:02,Клапан двигателя 4HF/HK/HE1 IIS-0209/8-97033-864-0/1/2 FUJI,3,643,FUJI,8-97033-864-2,Хабаровск
2026-01-06 14:13:02,Клапан двигателя 4HF1/4HG1 IIS-0226/8-97171-398-0 FUJI,4,643,FUJI,8-97171-398-0,Хабаровск
2026-01-06 14:13:02,Клапан двигателя 4JG2 IIS-0221/8-94363-134-0 FUJI,11,450,FUJI,8-94363-134-0,Хабаровск
2026-01-06 14:13:02,Клапан двигателя 6D15/6D16 EMB-5315/ME031939 FUJI,3,643,FUJI,ME031939,Хабаровск
2026-01-06 14:13:02,Клапан двигателя 6WA1 EIS-5228/1-12552-095-0/-084-0/1/2 DOKURO,4,455,Dokuro,EIS-5228,Хабаровск
2026-01-06 14:13:02,Клапан двигателя 6WA1 IIS-0228/1-12551-145-0/1/2/3/4/5 FUJI,4,743,FUJI,1-12551-145-0,Хабаровск
2026-01-06 14:13:02,Клапан двигателя HA EMZ-5263/SE01-12-121 FUJI,18,646,FUJI,SE01-12-121,Хабаровск
2026-01-06 14:13:02,Клапан двигателя HA IMZ-0263/SE01-12-111 FUJI,2,470,FUJI,SE01-12-111,Хабаровск
2026-01-06 14:13:02,Клапан двигателя MD92 INS-0530/13201-Z6003 FUJI,18,646,FUJI,13201-Z6003,Хабаровск
2026-01-06 14:13:02,Клапан двигателя SL EMZ-5280/SL01-12-121 FUJI,1,607,FUJI,SL01-12-121,Хабаровск
2026-01-06 14:13:02,Клапан двигателя SL IMZ-0280/SL01-12-111A FUJI,1,450,FUJI,SL01-12-111,Хабаровск
2026-01-06 14:13:02,Клапан двигателя TF EMZ-5303/TF20-12-121 FUJI,34,582,FUJI,TF20-12-121,Хабаровск
2026-01-06 14:13:02,Клапан двигателя TF IMZ-0303/TF20-12-111 FUJI,7,470,FUJI,TF20-12-111,Хабаровск
2026-01-06 14:13:02,Клапан двигателя XA EMZ-5281/S501-12-121 FUJI,9,566,FUJI,S501-12-121,Хабаровск
2026-01-06 14:13:02,Клапан двигателя выпускной W04D/06D/E 13715-1570 HINO E-3/4 ORIG,12,1709,hino,S1371-51570,Хабаровск
2026-01-06 14:13:02,Клапан магнитный 3/2 4720706390 WABCO !,1,6681,Wabco,472 070 639 0,Хабаровск
2026-01-06 14:13:02,Клапан перепускной A0054296644 / 4341001530 Mercedes ориг !,1,3533,Mercedes,A 005 429 66 44,Хабаровск
2026-01-06 14:13:02,Клапан пропорционального давления для EBS 10bar 4802020040 WABCO !,5,32513,Wabco,4802020040,Хабаровск
2026-01-06 14:13:02,Клапан пропорционального давления для EBS 10bar 4802020050 WABCO,1,32898,Wabco,4802020050,Хабаровск
2026-01-06 14:13:02,Клапан сброса давления с ресивера D-129604 / HDI-022 / MC817017 D26mm MMC Дизель,4,388,Дизель,D-129604,Хабаровск
2026-01-06 14:13:02,Клапан стояночного тормоза D-128219 / 1-48460-334-1 / 1-48460-340-1 C-series Дизель,12,2872,Дизель,D-128219,Хабаровск
2026-01-06 14:13:02,Клапан ТНВД 04226-E0110 N04C HINO300 E4/HINO500 E3 HINO ORIG,14,14403,Hino,04226-E0110,Хабаровск
2026-01-06 14:13:02,Клапан ТНВД 1418502217 Istana Bosch !,2,6296,Bosch,1418502217,Хабаровск
2026-01-06 14:13:02,Клапан топливной рампы (лимитер) D-128764 / 8-98032-283-0 6WF1/6WG1 CYZ51/CYZ52 Дизель,4,7698,Дизель,D-128764,Хабаровск
2026-01-06 14:13:02,Клапан управления КПП D-128572 / 12JS160T-1703022 / CK9917 SHACMAN Дизель,1,914,Дизель,D-128572,Хабаровск
2026-01-06 14:13:02,Клапан управления тормозами прицепа 9730112500 WABCO,2,15075,Wabco,9730112500,Хабаровск
2026-01-06 14:13:02,Клапан ускорительный D-129938 / DZ9112360047 SHACMAN F3000 Дизель,10,2506,Дизель,D-129938,Хабаровск
2026-01-06 14:13:02,Клапан форсунки охлаждения поршневой группы 15602-1200A Hino N04C D.BEST,1,1086,Дизель,15602-1200A,Хабаровск
2026-01-06 14:13:02,Клапан форсунки охлаждения поршневой группы 15605-E0050 Hino D.BEST,2,488,Дизель,15605-E0050,Хабаровск
2026-01-06 14:13:02,Клапан четырехконтурный защитный K011931 Knorr-Bremse !,1,18588,Knorr Bremse,K011931004,Хабаровск
2026-01-06 14:13:02,Клапан/вентиль электромагнитный A0025405097 Mercedes ориг !,2,14040,Mercedes,A 002 540 50 97,Хабаровск
2026-01-06 14:13:02,"Клемма-адаптер с малой на большую (конус) ""Надежный контакт"" к-т 2 шт",1,91,Дизель,25023,Хабаровск
2026-01-06 14:13:02,Клипса 14910-05000 JAC ORIG,5,17,JAC,14910-05000,Хабаровск
2026-01-06 14:13:02,Клипса крепёжная WW-11343,4,19,LEX,WW-11343,Хабаровск
2026-01-06 14:13:02,Клипса крепления обшивки дверей 1-09987-257-0 CYZ51/CXZ ORIG,5,86,Isuzu,1-09987-257-0,Хабаровск
2026-01-06 14:13:02,Клык бампера левый 004-002-IZI-L-T CXZ/CXM/EXR 86-94 GA !,10,290,Дизель,004-002-IZI-L-T,Хабаровск
2026-01-06 14:13:02,Клык бампера левый 004-002-MBQ-L-T/MBGR97007/MC937492 FUSO FU5/FT5 10T 97-03 21T/35Т GA !,2,290,Дизель,MC937492,Хабаровск
2026-01-06 14:13:02,Клык бампера левый HNPR03020/004-002-HNU-L HINO SH 04~ GA !,3,162,Дизель,004-002-HNU-L,Хабаровск
2026-01-06 14:13:02,Клык бампера правый 004-002-IZI-R-T CXZ/CXM/EXR 86-94 GA !,10,260,Дизель,004-002-IZI-R-T,Хабаровск
2026-01-06 14:13:02,Клык бампера правый 004-002-MBQ-R-T/MBGR97008 /MC937493 FUSO FU5/FT5 10T 97-03 21T/35Т GA !,3,260,Дизель,MC937493,Хабаровск
2026-01-06 14:13:02,Ключ балонный 33*32мм L=350mm с воротком,10,1448,Дизель,"33*32, 350 mm",Хабаровск
2026-01-06 14:13:02,Ключ балонный D-128910 35х17мм L=350mm с воротком Дизель,64,1390,Дизель,D-128910,Хабаровск
2026-01-06 14:13:02,Ключ балонный D-128911 38х20мм L=350mm с воротком Дизель,48,1416,Дизель,D-128911,Хабаровск
2026-01-06 14:13:02,Ключ рожковый 30*32 мм Боготол/,1,282,JMC,30*32,Хабаровск
2026-01-06 14:13:02,Кнопка включения противотуманных фар 93735-5K000 HYUNDAI HD72 ORIG,4,747,Hyundai-Kia,93735-5K000,Хабаровск
2026-01-06 14:13:02,Кожух ремня ГРМ 21360-42500 HYUNDAI ORIG,1,1022,Hyundai-Kia,21360-42500,Хабаровск
2026-01-06 14:13:02,Кожух тормозного барабана (комплект на колесо) A6594201644 / A6594201744 / 53900 / 8505359SX /100088 Auger,2,3206,Auger,53900,Хабаровск
2026-01-06 14:13:02,Колба фильтра грубой очистки D-28075 / 8-98092-482-1 FVR34/CYZ52 Дизель,8,2045,Дизель,D-24821,Хабаровск
2026-01-06 14:13:02,Колба фильтра топливного D-60040 / 8-98096-004-0 N-series Дизель,2,708,Дизель,D-60040,Хабаровск
2026-01-06 14:13:02,Коленвал D-125142 / 8-97603-004-0 / 8-94396-737-1 6HK1-T FVR34/HITACHI Дизель,2,62943,Дизель,D-125142,Хабаровск
2026-01-06 14:13:02,Коленвал D-125338 / 13411-E0071 N04C HINO300 E4 Дизель,3,28573,Дизель,D-125338,Хабаровск
2026-01-06 14:13:02,Коленвал D-127003 / 8-98029-270-1 ISU 4HK1 Дизель,2,30629,Дизель,D-127003,Хабаровск
2026-01-06 14:13:02,Коленвал D-127817 / 8-97112-981-4 ISU 4BG1 Дизель,1,21640,Дизель,D-127817,Хабаровск
2026-01-06 14:13:02,Коленвал D-127819 / 13401-54100 TOY 5L Дизель,2,14225,Дизель,D-127819,Хабаровск
2026-01-06 14:13:02,Коленвал D-129816 / ME072197 MMC 6D16 Дизель,3,36082,Дизель,D-129816,Хабаровск
2026-01-06 14:13:02,Коленвал D-129818 / ME013668 MMC 4D34 Дизель,4,12289,Дизель,D-129818,Хабаровск
2026-01-06 14:13:02,Коленвал HIN 13400-1583 H07C(T) !,3,11922,Дизель,13401-1583,Хабаровск
2026-01-06 14:13:02,Коленвал NIS 12200-96502/12200-96505 PF6 !,1,29199,Дизель,12200-96502,Хабаровск
2026-01-06 14:13:02,Коленвал NIS FE6 12200-Z5500 (литой) !,31,14397,Дизель,12200-Z5500,Хабаровск
2026-01-06 14:13:02,Коленвал TOY 13B 13401-58020/13401-58018,1,18226,Дизель,13401-58020,Хабаровск
2026-01-06 14:13:02,Коллектор впускной 8-98024-411-1 N-series 4JJ1 ORIG,1,25106,Isuzu,8-98024-411-1,Хабаровск
2026-01-06 14:13:02,Коллектор выпускной (крайняя часть) D-129241 / 1008041D600-0263 FAW J6 Дизель,2,2328,Дизель,D-129241,Хабаровск
2026-01-06 14:13:02,Коллектор выпускной (средняя часть) D-129242 / 1008042-81D FAW J6 CA6DM2 Дизель,2,4121,Дизель,D-129242,Хабаровск
2026-01-06 14:13:02,Коллектор выпускной (средняя часть) D-129243 / 1008042A36D FAW J6 Дизель,2,3266,Дизель,D-129243,Хабаровск
2026-01-06 14:13:02,Коллектор выпускной 8-98033-941-1 N-series 4JJ1 ORIG,1,14194,Isuzu,8-98033-941-1,Хабаровск
2026-01-06 14:13:02,Коллектор выпускной D-126501 / 202V08102-0639 средняя часть Sitrak C7H Дизель,1,6043,Дизель,D-126501,Хабаровск
2026-01-06 14:13:02,Коллектор выпускной часть задняя D-126499 / 200V08101-6317/200V08102-0189 Sitrak C7H Дизель,1,4294,Дизель,D-126499,Хабаровск
2026-01-06 14:13:02,Коллектор выпускной часть передняя D-126500 / 200V08101-6315 / 200V08102-0116 Sitrak C7H Дизель,1,4294,Дизель,D-126500,Хабаровск
2026-01-06 14:13:02,"Колодка ручного тормоза D-128767 / 1-46220-022-0/1 ISUZU FSR90 10"" B1T к-т 2шт Дизель",1,1212,Дизель,D-128767,Хабаровск
2026-01-06 14:13:02,Колодка тормозная (шт) D-125001 / 1-47170-324-0 CYZ51K EURO3 6WF1 Дизель,62,5745,Дизель,D-125001,Хабаровск
2026-01-06 14:13:02,Колодка тормозная (шт) D-125749 / 1-47170-317-0 передний мост RR FVR34/CYZ52/CYZ51 Дизель,11,5767,Дизель,D-125749,Хабаровск
2026-01-06 14:13:02,Колодка тормозная (шт) D-127005 / 1-47170-325-0 задний мост RR CYZ51/CXZ Дизель,10,5930,Дизель,D-127005,Хабаровск
2026-01-06 14:13:02,Колодка тормозная (шт) D-127145 / 1-47170-319-0 передний мост LR FVR34/CYZ52/CYZ51 Дизель,13,5768,Дизель,D-127145,Хабаровск
2026-01-06 14:13:02,Колодка тормозная без накладок (шт) 410x180 963751/1593104300 /A6594200619 Mercedes /EMMERRE,8,5319,Emmerre,963751,Хабаровск
2026-01-06 14:13:02,Колодка тормозная в сборе верхняя (шт) 3502.36G-090 LE35S JAC ORIG,64,5236,JAC,3502.36G-090,Хабаровск
2026-01-06 14:13:02,Колодка тормозная в сборе нижняя (шт) N900-3501070B N75 JAC ORIG,10,5147,JAC,N900-3501070B,Хабаровск
2026-01-06 14:13:02,Колодка тормозная зад (шт) 58140-6A005 HYUNDAI GOLD D6GA (Soft Feeling),1,3850,Дизель,58140-6A005,Хабаровск
2026-01-06 14:13:02,Колодка тормозная задняя (шт) BP04000050-MCP N120 JAC ORIG,22,6217,JAC,BP04000050-MCP,Хабаровск
2026-01-06 14:13:02,Колодка тормозная задняя (шт) D-129084 / DZ9112340061 / DZ9112340060 220мм SHACMAN F3000 Дизель,4,2759,Дизель,D-129084,Хабаровск
2026-01-06 14:13:02,Колодки (8шт/к-т) G-brake GP-06133 /GP06133 PN23001 MK585740,1,6339,Дизель,MK585740,Хабаровск
2026-01-06 14:13:02,Колодки барабанные (к-т на ось) 04495-0K010 / FN-2335,3,1558,Дизель,04495-0K010,Хабаровск
2026-01-06 14:13:02,Колодки барабанные (к-т на ось) FN-1163/K-1163,1,2108,Дизель,FN-1163,Хабаровск
2026-01-06 14:13:02,Колодки барабанные (к-т на ось) FN-2330 / K2330,2,1979,Дизель,FN-2330,Хабаровск
2026-01-06 14:13:02,Колодки барабанные (к-т на ось) FN-2339/Е-2339/NR1075 / K2339,3,1634,Дизель,FN2339,Хабаровск
2026-01-06 14:13:02,Колодки барабанные (к-т на ось) FN-6602,3,4075,Дизель,FN-6602,Хабаровск
2026-01-06 14:13:02,Колодки барабанные (на ось) FN-1189,1,2108,Дизель,FN-1189,Хабаровск
2026-01-06 14:13:02,"Колодки барабанные D-126506 / FN-4466 / 8-97042-934-1 к-т 2шт F,N-series 98-99~ Дизель",148,836,Дизель,D-126506,Хабаровск
2026-01-06 14:13:02,Колодки барабанные FN-1162,2,1703,Дизель,FN-1162,Хабаровск
2026-01-06 14:13:02,Колодки барабанные FN-3426 / K3426,2,3100,Дизель,FN-3426,Хабаровск
2026-01-06 14:13:02,Колодки дисковые 29108 (с рем. к-том) 55674081PRO,1,6313,Дизель,55674081PRO,Хабаровск
2026-01-06 14:13:02,Колодки тормозные (к-т на ось) 58101-4ЕВ00 BONGO III 2.9,1,2059,,58101-4ЕВ00,Хабаровск
2026-01-06 14:13:02,Колодки тормозные (шт) D-125015 / 1-47170-318-0 передний мост LF FVR34/CYZ52/CYZ51 Дизель,9,5409,Дизель,D-125015,Хабаровск
2026-01-06 14:13:02,Колодки тормозные D-126502 / K1L07A / 58305-45A61 110mm к-т 4шт Fuso CANTER FR/RR HD78 Дизель,15,3186,Дизель,D-126502,Хабаровск
2026-01-06 14:13:02,Колодки тормозные K6664,1,3255,Дизель,K6664,Хабаровск
2026-01-06 14:13:02,Колодки тормозные барабанные (к-т на ось) D-127006 / FN-3408 / W558-33-310A / W5Y8-26-38Z KS Дизель,67,2719,Дизель,D-127006,Хабаровск
2026-01-06 14:13:02,Колодки тормозные барабанные (к-т на ось) D-127118 / FN-1201 / K1201 / 41060-0T925/06D25 Дизель,30,4358,Дизель,D-127118,Хабаровск
2026-01-06 14:13:02,Колодки тормозные барабанные (к-т на ось) D-127119 / FN-1202 Дизель,23,1491,Дизель,D-127119,Хабаровск
2026-01-06 14:13:02,Колодки тормозные барабанные (к-т на ось) D-127228 / FN-3334 / W023-26-310 Титан Дизель,44,2695,Дизель,D-127228,Хабаровск
2026-01-06 14:13:02,Колодки тормозные барабанные (к-т на ось) D-127229 / FN-3361 / W358-33-37ZA / WD37-33-310 Дизель,52,2554,Дизель,D-127229,Хабаровск
2026-01-06 14:13:02,Колодки тормозные барабанные (к-т на ось) D-127237 / FN-6655/MS6655 MC894596 Дизель,58,1273,Дизель,D-127237,Хабаровск
2026-01-06 14:13:02,Колодки тормозные барабанные (к-т на ось) D-127241 / MS2289 / FN-2289 MINTYE Дизель,50,425,Дизель,D-127241,Хабаровск
2026-01-06 14:13:02,Колодки тормозные барабанные (к-т на ось) D-129248 / FN-2335 / 04495-0K010/0K030/0K040/0K100/28090 Дизель,52,1024,Дизель,D-129248,Хабаровск
2026-01-06 14:13:02,Колодки тормозные барабанные (к-т на ось) F-3361 / K-3361 MK Kashiyama,2,3312,Kashiyama,F-3361,Хабаровск
2026-01-06 14:13:02,Колодки тормозные барабанные (к-т 2шт) D-128452 / FN-6680 / MC837658 / ME626337 2PCS FUSO 5t FK# Дизель,122,968,Дизель,D-128452,Хабаровск
2026-01-06 14:13:02,"Колодки тормозные барабанные D-126505 / FN-4451 / 8-97287-778-0 / 41060-0T925 4шт ISU,NIS,MAZ Дизель",56,3091,Дизель,D-126505,Хабаровск
2026-01-06 14:13:02,Колодки тормозные барабанные (к-т на ось) D-127007 / FN-4459 / 8-97201-061-0 Isuzu NKR/NPR/NPS/NKS 99~ Дизель,1,3487,Дизель,D-127007,Хабаровск
2026-01-06 14:13:02,Колодки тормозные барабанные (к-т на ось) D-127009 / FN-6668 / MB295388 / MB295769 / MB326388 / MC112217 Дизель,65,1811,Дизель,D-127009,Хабаровск
2026-01-06 14:13:02,Колодки тормозные барабанные (к-т на ось) D-127122 / FN-2296 / 04494-36160 77х2.3х4.5-282/75х6.5х285-295 Дизель,32,3064,Дизель,D-127122,Хабаровск
2026-01-06 14:13:02,Колодки тормозные барабанные (к-т на ось) D-127124 / FN-2329 / 04494-36250 85х2.3х6-299.6/83х10.2х307-320 Дизель,82,3114,Дизель,D-127124,Хабаровск
2026-01-06 14:13:02,Колодки тормозные барабанные (к-т на ось) D-127125 / FN-2330 04495-25100/26180/26190/26210/35240 TOYOTA Дизель,39,977,Дизель,D-127125,Хабаровск
2026-01-06 14:13:02,Колодки тормозные барабанные (к-т на ось) D-127226 /FN-2339 04495-28160/44010/87402 TOYOTA LITE ACE/TOWNAC Дизель,4,562,Дизель,D-127226,Хабаровск
2026-01-06 14:13:02,Колодки тормозные барабанные D-127227 / FN-3333 / W001-33-310 Дизель,18,2454,Дизель,D-127227,Хабаровск
2026-01-06 14:13:02,Колодки тормозные барабанные D-127234 / FN-4443 / 8-97020-250-2 ручник 2шт/к-т Canter New Дизель,177,822,Дизель,D-127234,Хабаровск
2026-01-06 14:13:02,"Колодки тормозные барабанные (к-т на ось) D-127235 / FN-4458 Isuzu NKR/NHR NLR,NMR55/85 93- 8-97035-085-1 Дизель",73,2791,Дизель,D-127235,Хабаровск
2026-01-06 14:13:02,Колодки тормозные барабанные FN-6600 HD72/ CANTER FE/FB/FD 59822-45А20/MC837950/MC112501 (ручник2шт),63,620,Дизель,D-127236,Хабаровск
2026-01-06 14:13:02,Колодки тормозные барабанные (к-т на ось) D-127488/FN-4425 NKR69 76.5*3*6-288/75*7*294-300 5-87100-081-0 Дизель,6,2688,Дизель,D-127488,Хабаровск
2026-01-06 14:13:02,Колодки тормозные барабанные (к-т на ось) D-127489 / FN-6602 / MC837547 Mitsubishi Canter New FE5/6/7/8 Дизель,62,2056,Дизель,D-127489,Хабаровск
2026-01-06 14:13:02,Колодки тормозные барабанные (к-т 2шт) D-127589 / FN-2298 / 46550-25010 / 46540-36030 DYNA/TOYOACE/HINO Дизель,32,619,Дизель,D-127589,Хабаровск
2026-01-06 14:13:02,Колодки тормозные барабанные D-127590 / FN-1245 / 36110-Z5002/4/5 / Z9008 ручник 2шт ND 5t Дизель,71,754,Дизель,D-127590,Хабаровск
2026-01-06 14:13:02,Колодки тормозные барабанные (к-т на ось) D-127591 / FN-1210 / DD060-05N25 / 44060-VE425 / 44060-2T025 Дизель,145,1276,Дизель,D-127591,Хабаровск
2026-01-06 14:13:02,Колодки тормозные барабанные F-2280,3,987,Дизель,F-2280,Хабаровск
2026-01-06 14:13:02,Колодки тормозные барабанные (к-т на ось) D-127233 / FN-4428 / K4428 / 8-97035-083-1 / D4060-T8225 Дизель,49,1489,Дизель,D-127233,Хабаровск
2026-01-06 14:13:02,Колодки тормозные дисковые (к-т на ось) 8511432SX,1,3650,Дизель,8511432SX,Хабаровск
2026-01-06 14:13:02,Колодки тормозные дисковые (к-т на ось) SP1381,1,2484,JMC,SP1381,Хабаровск
2026-01-06 14:13:02,Колодки тормозные дисковые (к-т на ось) SP1382,1,1129,JMC,SP1382,Хабаровск
2026-01-06 14:13:02,Колодки тормозные дисковые D-127010 / MK528946 / PN-3513 139х59х19.3 8шт NISSAN/Canter FE85D Дизель,56,2854,Дизель,D-127010,Хабаровск
2026-01-06 14:13:02,Колодки тормозные дисковые D-127011 / PN-3407 / MC894601 / D6091 125.2х60х19.5 8шт MITSUBISHI Дизель,135,1727,Дизель,D-127011,Хабаровск
2026-01-06 14:13:02,Колодки тормозные дисковые D-127243 / PF-4489 / D4049M / 8-97203-209-0 4шт NKR/NPR/NPS 99~ Дизель,57,2419,Дизель,D-127243,Хабаровск
2026-01-06 14:13:02,Колодки тормозные дисковые D-127245 / PN-1441 / DJ2207 / D2207M 4шт 165.8х64.2х20 TOYOTA Дизель,57,2176,Дизель,D-127245,Хабаровск
2026-01-06 14:13:02,Колодки тормозные дисковые (к-т на ось) D-127246 / PN-2105 / DJ1031 / D1031M 130х49.2х16.5 NISSAN/ISUZU Дизель,67,1338,Дизель,D-127246,Хабаровск
2026-01-06 14:13:02,Колодки тормозные дисковые (на ось) D-127248 / PN-2475 / 41060-VW085 / AY040-NS105 / 5-86129-072 Дизель,137,642,Дизель,D-127248,Хабаровск
2026-01-06 14:13:02,Колодки тормозные дисковые (к-т на ось) D-127250 / PN-4257 / DJ4025 / D4025 / 8-94365-981-1 110х46х14.5 Дизель,61,1309,Дизель,D-127250,Хабаровск
2026-01-06 14:13:02,Колодки тормозные дисковые D-127251 / PN-4384 / DJ4041 / D4041 4шт 191.2х62х21 ISUZU/MAZDA Дизель,24,2285,Дизель,D-127251,Хабаровск
2026-01-06 14:13:02,Колодки тормозные дисковые (к-т на ось) D-127252 / PN-5376 / LCY2-33-38ZA / L0Z1-33-23ZB / LDY2-33-28Z Дизель,125,446,Дизель,D-127252,Хабаровск
2026-01-06 14:13:02,Колодки тормозные дисковые (к-т на ось) D-128190 / PN-1212 / 04465-25080 / 04465-25010 / 04465-36040 Дизель,136,729,Дизель,D-128190,Хабаровск
2026-01-06 14:13:02,Колодки тормозные дисковые (к-т на ось) D-129250 / D1121 / PF-2204 / 2446 / 41060-21T90 / 41060-6T390 / AY040-NS925 / 5-86116-486-0 Дизель,45,1446,Дизель,D-129250,Хабаровск
2026-01-06 14:13:02,Колодки тормозные дисковые (к-т на ось) D-127247 / PN-2344 / DJ1063 / D1063M 160.7х49.5х16 NISSAN Дизель,22,781,Дизель,D-127247,Хабаровск
2026-01-06 14:13:02,Колодки тормозные задние (к-т на ось) 58305-44A40 spk1530 Grace !,1,1397,Дизель,SPK1530,Хабаровск
2026-01-06 14:13:02,Колодки тормозные передние (к-т на ось) 3500310U2230-F01 S5 JAC ORIG,4,3739,JAC,3500310U2230-F01,Хабаровск
2026-01-06 14:13:02,Колодки тормозные передние YF3501A104-030/130/230 (4 шт/к-т) N56 JAC ORIG,11,8363,JAC,YF3501A104-030/130/230,Хабаровск
2026-01-06 14:13:02,Колпак колеса D-126507 / WG9925610060 Sitrak C7H Дизель,3,1337,Дизель,D-126507,Хабаровск
2026-01-06 14:13:02,Колпачки малосъемные 13207-97013/AVB200031 KIBI,1,495,JMC,AVB200031,Хабаровск
2026-01-06 14:13:02,Колпачки малосъемные 13207-97062/AVB200028 KIBI,1,463,JMC,AVB200028,Хабаровск
2026-01-06 14:13:02,Колпачки маслосъемные 12003500 Ajusa,14,40,JMC,12003500,Хабаровск
2026-01-06 14:13:02,"Колпачки маслосъёмные 4JJ1 NOK, 8-97328-647-0 XV0581-E0 (8шт/упак)",1,1234,JMC,XV0581-E0XV0581-E0,Хабаровск
2026-01-06 14:13:02,"Колпачки маслосъёмные KIBI, комплект AVA200032 (8шт/упак)",3,436,JMC,AVA200032,Хабаровск
2026-01-06 14:13:02,"Колпачки маслосъёмные KIBI, комплект AVA200046 (8шт/упак)",3,649,JMC,AVA200046,Хабаровск
2026-01-06 14:13:02,Колпачок маслосъемный 22224-4A000 Hyundai Porter 2/Grand Starex D4CB ORIG,1,99,Hyundai-Kia,22224-4A000,Хабаровск
2026-01-06 14:13:02,"Колпачок маслосъемный 8-98231-534-0 F,N-series (CNG) ГАЗ ORIG",8,381,Isuzu,8-98231-534-0,Хабаровск
2026-01-06 14:13:02,Колпачок маслосъемный D-125848 / 1000549569 JAC N350 WP10 E-5 Дизель,5,152,Дизель,D-125848,Хабаровск
2026-01-06 14:13:02,Колпачок маслосъемный D-128252 / 8-94396-609-2 ISUZU 4HF1/4HJ1/4HG1/4HL1/4HK1/6HH1 Дизель,87,59,Дизель,D-128252,Хабаровск
2026-01-06 14:13:02,Колпачок маслосъемный D-128253 / 8-97328-647-0 4JJ1 NLR85/NMR85 Дизель,155,52,Дизель,D-128253,Хабаровск
2026-01-06 14:13:02,"Колпачок маслосъемный D-128458 / 1001245916 WEICHAI, FAW Дизель",22,61,Дизель,D-128458,Хабаровск
2026-01-06 14:13:02,Колпачок маслосъемный D-129252 / 3955393 JAC N120 ISF3.8S5169 Дизель,16,52,Дизель,D-129252,Хабаровск
2026-01-06 14:13:02,Колпачок маслосъемный MV126,6,13,Дизель,MV126,Хабаровск
2026-01-06 14:13:02,Кольца компрессора ACK-305 29106-1070,2,1876,JMC,29106-1070,Хабаровск
2026-01-06 14:13:02,Кольца компрессора ACK-323 14529-90003 UD,1,1659,,ACK-323,Хабаровск
2026-01-06 14:13:02,Кольца компрессора ACK-324 14529-99014 / RE10/RF10,1,5561,JMC,14529-99014,Хабаровск
2026-01-06 14:13:02,Кольца компрессора ACK-333 14529-Z9025 UD,1,2357,,ACK-333,Хабаровск
2026-01-06 14:13:02,Кольца компрессора ACP-1295 / 14529-Z9027,1,4784,JMC,14529-Z9027,Хабаровск
2026-01-06 14:13:02,Кольца под гильзу 10PC1 ISU 8D005-RU Matto,13,1291,Matto,8D005RU,Хабаровск
2026-01-06 14:13:02,Кольца под гильзу 10PD1 ISU 8D006-RU / ISU-10PD1-LO Matto,1,3570,Matto,ISU-10PD1-LO,Хабаровск
2026-01-06 14:13:02,Кольца под гильзу 6D22 MIT 6D009-RU / MIT-6D22-LO Matto,15,2530,Matto,MIT-6D22-LO,Хабаровск
2026-01-06 14:13:02,Кольца под гильзу 8DC11 MIT ME093522 / 6D004-RU Matto,1,1284,Matto,ME093522,Хабаровск
2026-01-06 14:13:02,Кольца под гильзу 8DC83A MIT-8DC83-LO / MIT 6D003-RU Matto,5,2064,Matto,MIT-8DC83-LO,Хабаровск
2026-01-06 14:13:02,Кольца под гильзу 8M20/21 MIT 6D012-RU Matto !,4,1597,Matto,6D012-RU,Хабаровск
2026-01-06 14:13:02,Кольца под гильзу EK100 HIN 0D016-RU Matto !,7,329,Matto,HIN-EK100-LO,Хабаровск
2026-01-06 14:13:02,Кольца под гильзу K13C HIN 0D004-RU/HIN-K13C-LO Matto,4,1031,Matto,HIN-K13C-LO,Хабаровск
2026-01-06 14:13:02,Кольца под гильзу K13D HIN 0D011-RU HIN-K13D-LO Matto,9,1207,Matto,HIN-K13D-LO,Хабаровск
2026-01-06 14:13:02,Кольца под гильзу RE10 NIS 7D001-RU Matto !,2,835,Matto,NIS-RE10-LO,Хабаровск
2026-01-06 14:13:02,Кольца под гильзу RE8 /RD8 NIS 7D003-RU/NIS-RE8-LO Matto,4,2004,Matto,NIS-RE8-LO,Хабаровск
2026-01-06 14:13:02,Кольца под гильзу RF10 NIS 7D002-RU Matto !,5,835,Matto,NIS-RF10-LO,Хабаровск
2026-01-06 14:13:02,Кольца под гильзу RF8 NIS 7D004-RU Matto,4,1829,Matto,NIS-RF8-LO,Хабаровск
2026-01-06 14:13:02,Кольца под гильзу RG8 NIS 7D007-RU Matto !,1,940,Matto,NIS-RG8-LO,Хабаровск
2026-01-06 14:13:02,Кольца под гильзу V22C HIN 0D005-RU Matto !,8,871,Matto,0D005-RU-PB,Хабаровск
2026-01-06 14:13:02,Кольца поршневые (129) TP 35938-3F (на двс) STD,1,3778,JMC,35938-3F STD,Хабаровск
2026-01-06 14:13:02,Кольца поршневые (к-т на двc) D-129253 / L6100000-PJHZ36D FAW 3252/3312 E-2/3 Дизель,1,6956,Дизель,D-129253,Хабаровск
2026-01-06 14:13:02,Кольца поршневые 1-12121-139-0/1-12121-141-0 (к-т на поршень) C-series ORIG,8,9108,Isuzu,1-12121-139-0,Хабаровск
2026-01-06 14:13:02,Кольца поршневые 4HF1 NKR/NPR/NKS/NPS 90-98` 8-97028-691-0/8-97109-462-0/SJI10127ZZ (на двс) NPR Japan,2,4840,NPR,SJI10127ZZ,Хабаровск
2026-01-06 14:13:02,Кольца поршневые 4HG1-T 8-98054-995-0/8-97219-054-0/8-97105-867-0 (на поршень) ORIG,4,2404,Isuzu,8-98054-995-0,Хабаровск
2026-01-06 14:13:02,Кольца поршневые 4M40 ME202380 20661 (на двс) RIK Japan,2,4910,Riken,20661,Хабаровск
2026-01-06 14:13:02,Кольца поршневые 4M50T ME993913 (4 CYL) RIK Japan,4,8672,Riken,20100,Хабаровск
2026-01-06 14:13:02,Кольца поршневые 61560030047(45/78) Howo,4,2996,Дизель,61560030047,Хабаровск
2026-01-06 14:13:02,Кольца поршневые 6D15T FK416/516 ME032403 (комплект на поршень) RIK Japan,2,1049,Riken,ME032403,Хабаровск
2026-01-06 14:13:02,Кольца поршневые 6M60/6M60T ME995563/ ME993947/SDM31107ZY (на двс) NPR Japan,2,10210,NPR,SDM31107ZY,Хабаровск
2026-01-06 14:13:02,Кольца поршневые 6M61 FK61#64#71#74# 02.02.2003 ME995562/SDM31106ZZ (на двс) NPR Japan,5,10210,NPR,SDM31106ZZ,Хабаровск
2026-01-06 14:13:02,Кольца поршневые 6WA1T 1-12121-127-1/139-0/141-0/SDI10174ZZ (на двс) NPR Japan,1,13184,NPR,SDI10174ZZ,Хабаровск
2026-01-06 14:13:02,Кольца поршневые 6WG1T 1-12121-143-0 (к-т на поршень) ORI,2,3871,Isuzu,1-12121-143-0,Хабаровск
2026-01-06 14:13:02,Кольца поршневые 8-94396-840-0 (на поршень) 6HE1 FRD/FRR/FSD/FSR/NRR 87-98` ORIG,1,5939,Isuzu,8-94396-840-0,Хабаровск
2026-01-06 14:13:02,Кольца поршневые 8PE1 1-12121-145-0 (на поршень) ORIG Japan !,1,5321,Isuzu,1-12121-145-0,Хабаровск
2026-01-06 14:13:02,Кольца поршневые D-128768 / 8-98040-125-0 / 8-98055-478-0 (на поршень) 4HK1 6HK1 NPR75 NQR90 FSR90 FVR34 Дизель,9,1081,Дизель,D-128768,Хабаровск
2026-01-06 14:13:02,Кольца поршневые FE6TA 12040-Z5519/SDN31054ZZ/24080 NPR Japan,1,8801,NPR,SDN31054ZZ,Хабаровск
2026-01-06 14:13:02,Кольца поршневые HINO W04D 13011-1973 K.G !,1,1425,Дизель,13011-1973,Хабаровск
2026-01-06 14:13:02,Кольца поршневые JO8E S130192080/SDH20102ZY (6 CYL) NPR Japan,2,10470,NPR,SDH20102ZY,Хабаровск
2026-01-06 14:13:02,Кольца поршневые MAZDA HA 1363-23-206 K.G !,1,895,Дизель,1363-23-206,Хабаровск
2026-01-06 14:13:02,Кольца поршневые MAZDA SDT 20049 ZZ,1,3167,JMC,20049,Хабаровск
2026-01-06 14:13:02,Кольца поршневые MMC 6D15 ME032403 K.G !,1,2001,Дизель,SJDM-6142,Хабаровск
2026-01-06 14:13:02,Кольца поршневые RF8 12040-97104/12040-97072 / 24001 (8 CYL) RIK,3,18308,Riken,12040-97072,Хабаровск
2026-01-06 14:13:02,Кольца поршневые RH8/10 YDN31055ZZ / 12040-97106/97108 на поршень NPR,53,4392,NPR,YDN31055ZZ,Хабаровск
2026-01-06 14:13:02,Кольца поршневые комплект на двигатель 17490 / 17490050,1,3223,JMC,17490050,Хабаровск
2026-01-06 14:13:02,Кольца поршневые компрессора ACK-325 d=84 14529-99000 / 10702020/130313/0006654,1,1689,JMC,14529-99000,Хабаровск
2026-01-06 14:13:02,Кольца поршневые компрессора ACK-333 14529-Z9025 / 14529-90003 / 10702020/130313/0006654,1,1606,JMC,14529-Z9025,Хабаровск
2026-01-06 14:13:02,"Кольца поршневые, стандартный размер комплект на мотор 33872-STD",1,1739,JMC,33872-STD,Хабаровск
2026-01-06 14:13:02,Кольцо 1-15779-575-0 / 1157795750 (оригинал ISUZU),1,1095,Isuzu,1-15779-575-0,Хабаровск
2026-01-06 14:13:02,Кольцо 2638990/17298081 уплотнение балансира Orig,1,412,Mercedes,2638990,Хабаровск
2026-01-06 14:13:02,Кольцо ABS переднее D-129877 / WG9112410019 HOWO T5G Дизель,3,877,Дизель,D-129877,Хабаровск
2026-01-06 14:13:02,Кольцо воздушного патрубка D-126861/3090126 JAC N120/Камаз Cummins ISF3.8 Е-5 Дизель,1,53,Noname,D-126861,Хабаровск
2026-01-06 14:13:02,"Кольцо выпускного коллектора 1-14149-151-0/1-14149-156-0/1-14149-132-1 F,С-series ORIG",5,743,Isuzu,1-14149-151-0,Хабаровск
2026-01-06 14:13:02,Кольцо выпускного коллектора 1-14149-201-0 C-series 6WG1 ORIG,8,589,Isuzu,1-14149-201-0,Хабаровск
2026-01-06 14:13:02,Кольцо выпускного коллектора 9-14149-026-1 C-series 6WG1 ORIG,8,589,Isuzu,9-14149-026-1,Хабаровск
2026-01-06 14:13:02,Кольцо коллектора выпускного D-128672 / 1008043-29DJ FAW CA6DL1/2/CA6DM2 Дизель,2,142,Дизель,D-128672,Хабаровск
2026-01-06 14:13:02,Кольцо коренного сальника E-001 / FEC-001 / MC431120/ME021120 100*105*20 PM,13,583,Paul Master,FEC-001,Хабаровск
2026-01-06 14:13:02,Кольцо корзины сцепления 430 D=88 D-126863/СК8535/СК9725/ AZ9725160065 FAW/SHAANXI/DONG FENG Дизель,5,539,Noname,D-126863,Хабаровск
2026-01-06 14:13:02,Кольцо кулака поворотного D-129254 / 3001063-A0S FAW CA3311 Дизель,1,252,Дизель,D-129254,Хабаровск
2026-01-06 14:13:02,"Кольцо медное K100 DIN 7603A 18*22*1,5 6651182215",7,4,JMC,6651182215,Хабаровск
2026-01-06 14:13:02,Кольцо о 9411611119 Bosch,1,282,JMC,9411611119,Хабаровск
2026-01-06 14:13:02,Кольцо передней ступицы D-129888 / WG9900410114 HOWO T5G Дизель,7,654,Дизель,D-129888,Хабаровск
2026-01-06 14:13:02,"Кольцо поршневое TD27-AD2 12033-6T010/23307-STD комплект ""RIK""",1,4844,Riken,23307,Хабаровск
2026-01-06 14:13:02,Кольцо синхронизатора 60532241/A9472603045 / 60531765 Mercedes /Euroricambi !,3,10433,Euroricambi,60.53.2241,Хабаровск
2026-01-06 14:13:02,"Кольцо синхронизатора КПП D-125305 / 8-97241-312-1 2/3 передачи, внутреннее MYY5T/MYY6S Дизель",28,876,Дизель,D-125305,Хабаровск
2026-01-06 14:13:02,Кольцо синхронизатора D-127206 / 33369-37020 / SXCJ1230B / SXCJ1230B36 Z=36 DYNA/TOYOACE/HINO Дизель,5,1144,Дизель,D-127206,Хабаровск
2026-01-06 14:13:02,Кольцо синхронизатора D-127210 / 8-97074-619-1 / DCIF-1021B / SXCJ0114 Isuzu N-series 93-98 Дизель,1,644,Дизель,D-127210,Хабаровск
2026-01-06 14:13:02,Кольцо синхронизатора D-127997 / ME601845 / DCIF-1107E / SXCJ0107B / SXCJ0107 Mitsubishi/Fuso Дизель,5,598,Дизель,D-127997,Хабаровск
2026-01-06 14:13:02,Кольцо синхронизатора D-129859 / WG2210100186 HOWO T5G Дизель,8,3847,Дизель,D-129859,Хабаровск
2026-01-06 14:13:02,Кольцо синхронизатора MMC / Китай / / SXCJ-TH0009 / ME670317 /,2,5287,JMC,ME670317,Хабаровск
2026-01-06 14:13:02,Кольцо стакана форсунки ID=30.9 8-97233-126-0 C-series 6WG1 ORIG,1,129,Isuzu,8-97233-126-0,Хабаровск
2026-01-06 14:13:02,Кольцо стакана форсунки ID=30.9 8-98041-585-0/8-97233-127-0 C-series 6WG1 ORIG,4,519,Isuzu,8-98041-585-0,Хабаровск
2026-01-06 14:13:02,Кольцо стоп. синхронизатора 60531059/A3892620293/461431/0124272/T14493/200061Mercedes Euroricambi !,6,467,Euroricambi,60.53.1059,Хабаровск
2026-01-06 14:13:02,Кольцо стопорное 450443/A3463320151 Mercedes /DieselTechnic,3,2680,Diesel Technic,450443,Хабаровск
2026-01-06 14:13:02,Кольцо стопорное A3079940035 Mercedes ориг !,13,104,Mercedes,A3079940035,Хабаровск
2026-01-06 14:13:02,Кольцо стопорное пальца поршня 23414-72000 HYUNDAI HD170/250 D6AB/D6AC ORIG,1,43,Hyundai-Kia,23414-72000,Хабаровск
2026-01-06 14:13:02,Кольцо стопорное поршневого пальца D-125995 / 81560030012 JAC N350 WP10 E-5 Дизель,4,17,Дизель,D-125995,Хабаровск
2026-01-06 14:13:02,Кольцо стопорное синхронизатора 461559 / A3872620893 /60531030 Mercedes/DieselTechnic !,8,232,Diesel Technic,461559,Хабаровск
2026-01-06 14:13:02,Кольцо стопорное синхронизатора A3872620893 / 461559 / 60531030 Mercedes Euroricambi,4,355,Euroricambi,60531030,Хабаровск
2026-01-06 14:13:02,Кольцо стопорное синхронизатора D-129870 / WG9003991130 HOWO T5G Дизель,8,278,Дизель,D-129870,Хабаровск
2026-01-06 14:13:02,Кольцо стопорное шкворня D-125851 / Q43062 JAC N350 Дизель,121,82,Дизель,D-125851,Хабаровск
2026-01-06 14:13:02,Кольцо стопорное шкворня D-126509 / Q43058 Sitrak C7H Дизель,3,27,Дизель,D-126509,Хабаровск
2026-01-06 14:13:02,Кольцо уплотнительное 26262-52000 Hyundai ORIG,1,82,Hyundai-Kia,26262-52000,Хабаровск
2026-01-06 14:13:02,Кольцо уплотнительное D-126511 / MQ6-56936-2479 Sitrak C7H Дизель,1,121,Дизель,D-126511,Хабаровск
2026-01-06 14:13:02,Кольцо уплотнительное F00HN35728,3,274,JMC,F00HN35728,Хабаровск
2026-01-06 14:13:02,Кольцо уплотнительное гильзы цилиндра 21139-84400 HYUNDAI ORIG,3,370,Hyundai-Kia,21139-84400,Хабаровск
2026-01-06 14:13:02,Кольцо уплотнительное КПП N-1701013-20-01 N75/120 JAC ORIG,2,31,JAC,N-1701013-20-01,Хабаровск
2026-01-06 14:13:02,Кольцо уплотнительное насоса ГУР MF520588 / SIL-59.5x3.1-PB Fuso Canter Matto,3,57,Matto,MF520588,Хабаровск
2026-01-06 14:13:02,Кольцо уплотнительное сливной пробки 473.500,4,78,JMC,473.500,Хабаровск
2026-01-06 14:13:02,Кольцо уплотнительное форсунки D-127820 / 33830-52000 Hyundai HD35-600/MIGHTY Дизель,67,70,Дизель,D-127820,Хабаровск
2026-01-06 14:13:02,Кольцо уплотнительное форсунки D-128827 / 33813-45600 Hyundai HD35/75/MIGHTY Дизель,11,108,Дизель,D-128827,Хабаровск
2026-01-06 14:13:02,"Кольцо упорное сальника D-125339 / 8-97234-513-0, передней ступицы, ISUZU NPR/NQR 2003 Дизель",3,282,Дизель,D-125339,Хабаровск
2026-01-06 14:13:02,Кольцо упорное сальника D-126172 / 8-97234-513-0 передняя ступица ISUZU NPR/NQR 2003 Дизель,34,180,Дизель,D-126172,Хабаровск
2026-01-06 14:13:02,Кольцо/ A6599970382 Mercedes ориг !,1,82,Mercedes,A6599970382,Хабаровск
2026-01-06 14:13:02,Комплект для замены цепи ГРМ (2TR-FE) T050K OSK,1,16023,JMC,T050K,Хабаровск
2026-01-06 14:13:02,"Комплект направляющих тормозного суппорта переднего (D=10mm, суппорт Aisin/Hosei/Sumitomo) BC-2035",1,912,JMC,BC-2035,Хабаровск
2026-01-06 14:13:02,КОМПЛЕКТ ТОРМОЗНЫХ КОЛОДОК AKEBONO NR2049,2,1706,JMC,NR2049,Хабаровск
2026-01-06 14:13:02,Комплект уплотнений водяного насоса MB Actros/Axor OM501LA 490922 /A5422000701Mercedes /DieselTechnic,1,3681,Diesel Technic,4.90922,Хабаровск
2026-01-06 14:13:02,Компрессор воздушный одноцилиндровый D-129255 / 3509010-81DK FAW J6 Дизель,1,23854,Дизель,D-129255,Хабаровск
2026-01-06 14:13:02,Коническая пара заднего моста 6x41 задний мост / 065-06-0009 / 6x41 / задний мост / FGK-3080 / 41201,1,41114,JMC,41201-3080,Хабаровск
2026-01-06 14:13:02,Коническая пара заднего моста 7x45 / 025-01-0015 / 7x45 / / FGK-4040 / 412013070; 41201-3070; 41201,1,55590,JMC,41201-3070,Хабаровск
2026-01-06 14:13:02,Коническая пара среднего редукт.199012320177 Н 28х17,1,10573,Howo,199012320177,Хабаровск
2026-01-06 14:13:02,Контрольный вывод для подкачки воздуха RL3506EA; 3506 003 001 0,1,495,JMC,RL3506EA,Хабаровск
2026-01-06 14:13:02,Контрольный выход 4637031200 WABCO,3,471,Wabco,4637031200,Хабаровск
2026-01-06 14:13:02,Конус синхронизатора 6G120-3461 JAC ORIG,2,219,JAC,6G120-3461,Хабаровск
2026-01-06 14:13:02,"Корзина сцепления (с подшипником) 430*250*456 HNC 549 PL, 31210-E0660 HINO700 E-3 STCO",33,20318,STCO,31210-E0660,Хабаровск
2026-01-06 14:13:02,Корзина сцепления 1-31220-380-2/1-87610-145-0/1-31220-374-2/ISC610/599 FVR34 STCO,238,14520,STCO,1-31220-374-2,Хабаровск
2026-01-06 14:13:02,Корзина сцепления 1-87610-120-0/1-31220-380-2/1-87610-145-0/1-31220-374-2 FVR34 SKV Premium (BVP),152,16296,SKV Premium,1-31220-374-2,Хабаровск
2026-01-06 14:13:02,"Корзина сцепления 1479574 430мм Scania P,G,R,T - series STCO",21,16411,STCO,1479574,Хабаровск
2026-01-06 14:13:02,Корзина сцепления 1600100LE190 N56 JAC ORIG,1,8648,JAC,BS1610036,Хабаровск
2026-01-06 14:13:02,Корзина сцепления 1601100LE17G01 N80 LE795 с 2020 г. JAC ORIG,1,16716,JAC,1601100LE17G01,Хабаровск
2026-01-06 14:13:02,Корзина сцепления 1601100LE352XZ N120 JAC ORIG,3,19329,JAC,1601100LE352XZ,Хабаровск
2026-01-06 14:13:02,Корзина сцепления 236*150*276 D-129256 / TYC537 / 31210-30191 MENCH Дизель,3,1272,Дизель,D-129256,Хабаровск
2026-01-06 14:13:02,Корзина сцепления 236*150*276 TYC-537/,1,1453,JMC,TYC-537,Хабаровск
2026-01-06 14:13:02,Корзина сцепления 240*150*280 NSC 612/ 30210-3T710 STCO,9,3399,STCO,30210-3T710,Хабаровск
2026-01-06 14:13:02,Корзина сцепления 260*160*298 NSC 554/ 30210-02T00 STCO,52,3661,STCO,30210-02T00,Хабаровск
2026-01-06 14:13:02,Корзина сцепления 260*170*298 ISC 568/ 8-94481-918-0 STCO,18,3778,STCO,8-94481-918-0,Хабаровск
2026-01-06 14:13:02,Корзина сцепления 260*170*300 MZC 540/ SL01-16-410A STCO,29,3165,STCO,SL01-16-410A,Хабаровск
2026-01-06 14:13:02,Корзина сцепления 260*170*300 MZC-540/ SL01-16-410A/,2,1795,Дизель,MZC540,Хабаровск
2026-01-06 14:13:02,Корзина сцепления 275*175*311 MFC 540/ ME500508 STCO,3,4191,STCO,ME500508,Хабаровск
2026-01-06 14:13:02,Корзина сцепления 275*180*320 ISC 567/NSC627 DS STCO,67,4240,STCO,8-94132-232-0,Хабаровск
2026-01-06 14:13:02,Корзина сцепления 300*190*345 TYC617/610/619/31210-36250 HINO 300 E-3 STCO,11,5313,STCO,31210-36250,Хабаровск
2026-01-06 14:13:02,Корзина сцепления 300*190*350 ISC 572/ 8-97310-796-0 STCO,14,5329,STCO,8-97310-796-0,Хабаровск
2026-01-06 14:13:02,Корзина сцепления 300*190*350/ISC549 LS 1-31220-147-1 ISUZU FORWARD FRR12/NRR32/FRR32/FRD12 85 STCO,3,7525,STCO,1-31220-147-1,Хабаровск
2026-01-06 14:13:02,Корзина сцепления 325*210*368 ISC 592/ 8-97351-794-0 STCO,63,6749,STCO,8-97351-794-0,Хабаровск
2026-01-06 14:13:02,Корзина сцепления 325*210*368 MFC521 LS STCO,33,9515,STCO,ME521104,Хабаровск
2026-01-06 14:13:02,Корзина сцепления 350*220*375 DS MFC 561 / ME523759 STCO,2,11563,STCO,ME523759,Хабаровск
2026-01-06 14:13:02,Корзина сцепления 350*220*379 31210-E0040/31210-2284 HNC 521 STCO,30,10631,STCO,31210-E0040,Хабаровск
2026-01-06 14:13:02,Корзина сцепления 350*220*379 HNC 521,1,9680,Mensch,HNC521,Хабаровск
2026-01-06 14:13:02,Корзина сцепления 350*220*379/ISC 607 / 1-31220-363-0 STCO,3,11377,STCO,1-31220-363-0,Хабаровск
2026-01-06 14:13:02,Корзина сцепления 350*220*379 ISC654/1-31220-451-0 FSR90 ISUZU STCO,40,10201,STCO,1-31220-451-0,Хабаровск
2026-01-06 14:13:02,Корзина сцепления 350*220*379 LS HNC 522/HNC 540/ 31210-2270 STCO,19,10824,STCO,31210-2270,Хабаровск
2026-01-06 14:13:02,Корзина сцепления 380*220*405 HNC541 HINO500 31210-E0240 SKV Premium (BVP),10,17080,SKV Premium,31210-E0240,Хабаровск
2026-01-06 14:13:02,Корзина сцепления 380*220*405 HNC541 HINO500 31210-E0240 STCO,8,11861,STCO,31210-E0240,Хабаровск
2026-01-06 14:13:02,Корзина сцепления 380*240*405 ISC 556 / ISC540 /1-31220-372-2 FVR LHD КПП MLD6Q/B/7Q кроме E4/5 STCO,108,13552,STCO,1-31220-372-2,Хабаровск
2026-01-06 14:13:02,Корзина сцепления 41200-Y44Q0-D / 41200-Y44Q0 N350 JAC ORIG (PHC),1,47494,JAC,41200-Y44Q0-D,Хабаровск
2026-01-06 14:13:02,Корзина сцепления 430 обратного действия (с кольцом) F2000/F3000,1,15037,JMC,F2000/F3000,Хабаровск
2026-01-06 14:13:02,Корзина сцепления 430*250*456 ISC 518-1 LS 1-31220-234-1/1-31220-198-1 STCO,25,15430,STCO,1-31220-234-1,Хабаровск
2026-01-06 14:13:02,Корзина сцепления 430*257*450*475 WG9921161501 SITRAK T7H STCO,38,17379,STCO,WG9921161501,Хабаровск
2026-01-06 14:13:02,Корзина сцепления 430*260*456 HNC 532 / 31210-2790 / S3121-02790 STCO,11,14223,STCO,S3121-02790,Хабаровск
2026-01-06 14:13:02,Корзина сцепления 5-87610-091-0 / 8-98040-093-1 N-series SKV Premium (BVP),28,7288,SKV Premium,8-98040-093-1,Хабаровск
2026-01-06 14:13:02,Корзина сцепления 5-87610-091-0 N-series ORIG CHINA,60,6864,Isuzu,5-87610-091-0,Хабаровск
2026-01-06 14:13:02,Корзина сцепления 5-87610-104-0/5-87610-081-0/8-97038-831-0/1 NQR75/90/NPR75 SKV Premium (BVP),299,7999,SKV Premium,8-97038-831-3,Хабаровск
2026-01-06 14:13:02,Корзина сцепления D-125039 / 1-31220-445-0 GIGA CXZ CYZ51/52 6WG1 Дизель,6,15552,Дизель,D-125039,Хабаровск
2026-01-06 14:13:02,Корзина сцепления D-125039 / 1-31220-445-0 GIGA CXZ CYZ51/52 6WG1 Дизель дефект,1,10886,Дизель,D-125039,Хабаровск
2026-01-06 14:13:02,Корзина сцепления D-126733 / 1601310-76A/A FAW J6 Дизель,13,10619,Дизель,D-126733,Хабаровск
2026-01-06 14:13:02,Корзина сцепления D-127392 / 5-87610-091-0 / 8-98040-093-1 300х190х350 N-series BVP quality Дизель,39,6367,Дизель,D-127392,Хабаровск
2026-01-06 14:13:02,Корзина сцепления D-128037 / 31210-37091 325х210х368 HINO300 Euro 4/3 BVP quality Дизель,44,8546,Дизель,D-128037,Хабаровск
2026-01-06 14:13:02,Корзина сцепления D-128160 / WG9114160011 HOWO Дизель,12,9910,Дизель,D-128160,Хабаровск
2026-01-06 14:13:02,Корзина сцепления D-128201 / 1-31220-445-0 GIGA CXZ CYZ51/52 6WG1 Дизель,2,18495,Дизель,D-128201,Хабаровск
2026-01-06 14:13:02,Корзина сцепления D-128481 / WG9921161501/1 Sitrak C7H Дизель,5,10388,Дизель,D-128481,Хабаровск
2026-01-06 14:13:02,Корзина сцепления HYC501 / 41300-43300 JAPAN H100/150/200 (упаковка НЕСТАНДАРТ) EXEDY,53,3235,Exedy,HYC501,Хабаровск
2026-01-06 14:13:02,КОРЗИНА СЦЕПЛЕНИЯ SCTY271 SECO,1,3655,JMC,SCTY271,Хабаровск
2026-01-06 14:13:02,Корзина сцепления WG9114160011 HOWO ORIG,2,27681,Howo,WG9114160011,Хабаровск
2026-01-06 14:13:02,Корзина сцепления WG9921161501 SITRAK T7H ORIG,20,36486,Howo,WG9921161501,Хабаровск
2026-01-06 14:13:02,Корпус (верх. левая часть) мотора отопителя 8-98047-446-0 NQR90/NPR75/MLR/NMR ORIG,3,2982,Isuzu,8-98047-446-0,Хабаровск
2026-01-06 14:13:02,"Корпус выключателя подъема кабины 1-82389-007-1/1-82389-007-0 C,F-series ORIG",1,686,Isuzu,1-82389-007-1,Хабаровск
2026-01-06 14:13:02,Корпус отопителя (прав часть) 8-98047-479-0 NPR75 ORIG,4,2653,Isuzu,8-98047-479-0,Хабаровск
2026-01-06 14:13:02,Корпус подножки R D-128202 / 1-71907-464-0 / 8-98156-823-0 Isuzu CYZ51/CXZ Дизель,1,2820,Дизель,D-128202,Хабаровск
2026-01-06 14:13:02,Корпус подножки R D-128482 / DZ13241240426 SHACMAN F3000 Дизель,1,1456,Дизель,D-128482,Хабаровск
2026-01-06 14:13:02,Корпус фильтра воздушного D-04152 / 8-98050-415-2 ISUZU NQR90 NPR75 NMR NLR85 Дизель,6,3810,Дизель,D-04152,Хабаровск
2026-01-06 14:13:02,Корпус фильтра воздушного в сборе D-1077C/B / 1109010-77C/B FAW J6 Дизель,7,11714,Дизель,D-1077C/B,Хабаровск
2026-01-06 14:13:02,Корпус шестерни спидометра 646-5012 JAC ORIG,8,660,JAC,646-5012,Хабаровск
2026-01-06 14:13:02,Кран ручного тормоза 811W52315-6156 HOWO ORIG,3,4685,Howo,811W52315-6156,Хабаровск
2026-01-06 14:13:02,Кран ручного тормоза D-127893 / 811W52315-6156 HOWO Дизель,5,1779,Дизель,D-127893,Хабаровск
2026-01-06 14:13:02,"Кран ручного тормоза в кабине WG9000360165 (F,H)",3,1841,Дизель,WG9000360165,Хабаровск
2026-01-06 14:13:02,"Крепеж 1-09987-262-0 C,F series ORIG",1,162,Isuzu,1-09987-262-0,Хабаровск
2026-01-06 14:13:02,Крепеж лампы 92460-4F001 LH HYUNDAI PORTER II ORIG,2,909,Hyundai-Kia,92460-4F001,Хабаровск
2026-01-06 14:13:02,Крепеж лампы 92470-4F011 RH HYUNDAI PORTER II ORIG,2,828,Hyundai-Kia,92470-4F011,Хабаровск
2026-01-06 14:13:02,Крепеж топл форсунки 8-98092-539-0/8-98011-528-2 N-series 4JJ1 ORIG,2,1964,Isuzu,8-98092-539-0,Хабаровск
2026-01-06 14:13:02,Крепежный штифт колодок заднего тормоза D-127147 / 1-47131-045-0 L=138.5 FVR34/CYZ52/СYZ51 Дизель,5,505,Дизель,D-127147,Хабаровск
2026-01-06 14:13:02,Крепление кабины 95126-0T802 RH TN-088 TZG !,26,3960,Дизель,TN-088,Хабаровск
2026-01-06 14:13:02,Крепление кабины 95127-0T802 LH TN-089 TZG !,25,3960,Дизель,TN-089,Хабаровск
2026-01-06 14:13:02,Крепление кабины с сайленблоком 95165-30Z65 TN-086 TZG !,17,3486,Дизель,TN-086,Хабаровск
2026-01-06 14:13:02,Крепление подвески глушителя SMS-9198 MC116317-S Sсhmaco !,5,262,Schmaco,SMS-9198,Хабаровск
2026-01-06 14:13:02,Крепление подвески глушителя SMS-9199 MC116318-S Sсhmaco,4,300,Schmaco,SMS-9199,Хабаровск
2026-01-06 14:13:02,Крепление подвески глушителя STY-9210 MC116316-S Sсhmaco !,4,274,Schmaco,SMS-9210,Хабаровск
2026-01-06 14:13:02,Крестовина 1-37300-084-0 41/27-126,2,3217,JMC,1-37300-084-0,Хабаровск
2026-01-06 14:13:02,Крестовина D-126517 / 2205030B377 62х160 FAW Дизель,4,2298,Дизель,D-126517,Хабаровск
2026-01-06 14:13:02,Крестовина D-126737 / WG9370310010 70х178 Sitrak C7H Дизель,13,2829,Дизель,D-126737,Хабаровск
2026-01-06 14:13:02,Крестовина GUA-21/TA-121 41*118 агротехника/Европа TOYO,5,1473,Toyo,TA-121,Хабаровск
2026-01-06 14:13:02,Крестовина GUH-61 Hino (47х124 мм),3,1654,GMB,GUH-61,Хабаровск
2026-01-06 14:13:02,Крестовина GUH-65,1,790,JMC,GUH-65,Хабаровск
2026-01-06 14:13:02,"Крестовина GUH-67 49.2*148.38 мм HINO 37400-1010, 37400-1011 TOYO",2,3753,Toyo,GUH-67,Хабаровск
2026-01-06 14:13:02,Крестовина GUH-70 47.00-138.00 мм HINO FD/FT/SH/FD/FG/FF/FZ/FU HINO700 37401-1061 TOYO,8,2076,Toyo,GUH-70,Хабаровск
2026-01-06 14:13:02,"Крестовина GUH-72 47*144 мм HINO 10-15т FN#, FR#, FP#, FW#, FS# 37401-1081 TOYO",1,2027,Toyo,GUH-72,Хабаровск
2026-01-06 14:13:02,"Крестовина GUH-73 HINO 10-15т FN#, FR#, FP#, FW#, FS#, FV# 50x165 мм TOYO",4,3036,Toyo,GUH-73,Хабаровск
2026-01-06 14:13:02,Крестовина GUH-77/TH-177/ 37401-1350 44*125.50 Hino500/Ranger TOYO,25,1613,Toyo,GUH-77,Хабаровск
2026-01-06 14:13:02,"Крестовина GUH-79 /TH-179/04371-E1070/-E1071/04037-4101 --- 60-152(A) HINO700/10T(FS1E,FN) TOYO",2,4305,Toyo,TH-179,Хабаровск
2026-01-06 14:13:02,Крестовина GUIS-.../TIS-.../UJ... 1-37300-093-0,2,6400,JMC,1-37300-093-0,Хабаровск
2026-01-06 14:13:02,Крестовина GUIS-51,1,282,JMC,GUIS-51,Хабаровск
2026-01-06 14:13:02,Крестовина GUIS-61,1,310,JMC,GUIS-61,Хабаровск
2026-01-06 14:13:02,Крестовина GUIS-64/TIS-164/UJ-343/ 1-37300-047-0 40*115 Isuzu FRR 85-89 TOYO,7,1194,Toyo,TIS-164,Хабаровск
2026-01-06 14:13:02,"Крестовина GUIS-65 Isuzu (45,98x136 мм)",1,2253,JMC,GUIS-65,Хабаровск
2026-01-06 14:13:02,"Крестовина GUIS-67 ISUZU 10-15т 1-37300-100-1 CYZ 51Q, CXZ 56HPx174 мм Y",3,5980,Yamasida,GUIS-67,Хабаровск
2026-01-06 14:13:02,Крестовина GUIS-70,2,735,JMC,GUIS-70,Хабаровск
2026-01-06 14:13:02,Крестовина GUKO-2/TKO-102/101-10-00080/101-10-17200 33.32*79.22/4LWD KOMATSU GMB,2,2077,GMB,GUKO-2,Хабаровск
2026-01-06 14:13:02,Крестовина GUKO-22/TKO-122/ 381-976908-1 42.88*140.45 KOMATSU GMB,3,2341,GMB,GUKO-22,Хабаровск
2026-01-06 14:13:02,Крестовина GUKO-22/TKO-122/ 381-976908-1 42.88*140.45 KOMATSU TOYO,4,2522,Toyo,TKO-122,Хабаровск
2026-01-06 14:13:02,Крестовина GUM-72,1,1303,JMC,GUM-72,Хабаровск
2026-01-06 14:13:02,"Крестовина GUM-80 HD120/MMC Fuso 10т FV4#, FN4#, FP4#, FS4#, FU4# (46x142 мм) TOYO",13,2570,Toyo,GUM-80,Хабаровск
2026-01-06 14:13:02,Крестовина GUM-82 MMC FUSO TRUCK 4-4.5T MC860286 38*104mm TOYO,12,1004,Toyo,GUM-82,Хабаровск
2026-01-06 14:13:02,Крестовина GUM-91 25*76.5mm TOYO,3,502,Toyo,GUM-91,Хабаровск
2026-01-06 14:13:02,Крестовина GUM-96/TM-196/UJ-642 MC998476 52*170 MMC FUSO FP545/FU519/FW529 TOYO,3,3911,Toyo,TM-196,Хабаровск
2026-01-06 14:13:02,"Крестовина GUMZ-6 28x59 мм MAZDA TITAN 1,5-2 т 8BW1-25-060, 8BS1-25-060 TOYO",12,583,Toyo,GUMZ-6,Хабаровск
2026-01-06 14:13:02,"Крестовина GUMZ-8 37x71 мм MAZDA TITAN WGEAT REAR от 3 т Y001-89-251, 0727-25-060 TOYO",20,881,Toyo,GUMZ-8,Хабаровск
2026-01-06 14:13:02,"Крестовина GUMZ-8 37x71 мм MAZDA TITAN WGEAT REAR от 3 т Y001-89-251, 0727-25-060 GMB",2,2345,GMB,GUMZ-8,Хабаровск
2026-01-06 14:13:02,Крестовина GUMZ-9/TMZ-109/UJ-417/1757-89-251 26.5*72 Mazda Titan/BONGO/MPV TOYO,15,625,Toyo,GUMZ-9,Хабаровск
2026-01-06 14:13:02,Крестовина GUN-28/TN-128/UJ-112/37125-18000 20.01*59 Nissan Atlas TOYO,9,328,Toyo,GUN-28,Хабаровск
2026-01-06 14:13:02,Крестовина GUN-29 NISSAN 28*56 мм TOYO,5,528,Toyo,GUN-29,Хабаровск
2026-01-06 14:13:02,Крестовина GUN-31,1,1333,GMB,GUN-31,Хабаровск
2026-01-06 14:13:02,Крестовина GUN-31/TN-131/UJ-116/37125-50001 32*107 NISSAN UD TOYO,4,843,Toyo,TN-131,Хабаровск
2026-01-06 14:13:02,Крестовина GUN-34/TN-134/UJ-113/ 37125-J2025 25.01*80 ATLAS/Cabstar/Civilian GMB,3,1143,GMB,GUN-34,Хабаровск
2026-01-06 14:13:02,Крестовина GUN-34/TN-134/UJ-113/ 37125-J2025 25.01*80 ATLAS/Cabstar/Civilian TOYO,3,596,Toyo,TN-134,Хабаровск
2026-01-06 14:13:02,"Крестовина GUN-46 27x49,10 мм NISSAN ATLAS/CONDOR F22/23 TD23, SD23 37125-01G25, 37126-01G25 GMB",4,890,GMB,GUN-46,Хабаровск
2026-01-06 14:13:02,Крестовина GUT-25,1,351,JMC,GUT-25,Хабаровск
2026-01-06 14:13:02,Крестовина GUT-27 GMB,1,955,GMB,GUT-27,Хабаровск
2026-01-06 14:13:02,Крестовина GUTC-6/TCM-106/ 29003-3722 42.88*140.45 TADANO TR250 TOYO,1,3125,Toyo,TCM-106,Хабаровск
2026-01-06 14:13:02,Крестовина KIA-01 / KUJ-014/ SAU-100 / 49150-45220 D4AL/DB/DD County/HD72/78 Y,80,1464,Yamasida,49150-45220,Хабаровск
2026-01-06 14:13:02,Крестовина MC-6090 33.33*140.45(RD109.70)*42.88 Komatsu WA200 WA300 TOYO,5,2928,Toyo,MC-6090,Хабаровск
2026-01-06 14:13:02,Крестовина NG G5-675 Freightliner,3,5745,Automann,752.5675X,Хабаровск
2026-01-06 14:13:02,Крестовина S-1810/T5-281X/1-37300-098-0/1-37300-062-0/MC061757/MC825216 49.2*191.76 Isuzu C-series/MMC TOYO,20,2932,Toyo,S-1810,Хабаровск
2026-01-06 14:13:02,Крестовина T5-674X 47.7*135-84 DAEWOO BM090/ASIA GRANTO 10T/BH117-120/BS106 turbo TOYO,10,2371,Toyo,T5-674X,Хабаровск
2026-01-06 14:13:02,Крестовина TK42-120/TK42X120/49140-6B000 42*120 Hyundai MEGATRUCK/HD78/HD72/HD65 TOYO,66,1896,Toyo,TK42-120,Хабаровск
2026-01-06 14:13:02,"Крестовина TM-110 / TMZ-110 / TOYO / 3919-89-251, 3919-25-060, GUMZ-10",2,304,Toyo,TM-110,Хабаровск
2026-01-06 14:13:02,Крестовина TN-150 37125-90329 63*178,1,4481,Toyo,TN-150,Хабаровск
2026-01-06 14:13:02,Крестовина TN-150 37125-90428/-90329/-90225 63.5-178(K) --- TOYO / 91125,1,6734,Toyo,TN-150,Хабаровск
2026-01-06 14:13:02,Крестовина UJ-0131/T5-188X/42532793/2R0960/8V7336 34.9*106.3 FIAT/IVECO/CAT TOYO,4,813,Toyo,T5-188X,Хабаровск
2026-01-06 14:13:02,Крестовина WG9319313250 HOWO ORIG,10,3830,Howo,WG9319313250,Хабаровск
2026-01-06 14:13:02,Крестовина вала карданного D-129259 / 2205030B761/A FAW Дизель,2,2762,Дизель,D-129259,Хабаровск
2026-01-06 14:13:02,Крестовина вала карданного D-129260 / 2205030B761/B J6/4180/4250 FAW Дизель,4,2779,Дизель,D-129260,Хабаровск
2026-01-06 14:13:02,Крестовина дифференциала D-125862 / HFF2403019CK1BZ2 задний JAC N350 Дизель,1,2542,Дизель,D-125862,Хабаровск
2026-01-06 14:13:02,Крестовина карданного вала (кольцо) 49140-75730 HYUNDAI HD270 D6CA TOYO,10,3618,Toyo,49140-75730,Хабаровск
2026-01-06 14:13:02,Крестовина карданного вала (пластина) 49140-7F200 HYUNDAI HD270 D6CA TOYO,3,3047,Toyo,49140-7F200,Хабаровск
2026-01-06 14:13:02,Крестовина карданного вала 62*150 AZ9115311060 SHACMAN,2,1859,Дизель,AZ9115311060,Хабаровск
2026-01-06 14:13:02,Крестовина карданного вала AJ00-E0047G KYOKUTO ISUZU,1,3278,JMC,AJ00-E0047G,Хабаровск
2026-01-06 14:13:02,Крестовина карданного вала D-125427 / 1-37300-111-0/1 CYZ51/FVR34 Дизель,22,3244,Дизель,D-125427,Хабаровск
2026-01-06 14:13:02,"Крестовина карданного шарнира DAF F65-75CF , 48x134 65087 AUGER",1,19520,JMC,F65-75CF,Хабаровск
2026-01-06 14:13:02,"Крестовина рулевого кардана ST-1639 16,06*39 mm 8-97085-264-1, 45209-14030 GMB",2,862,GMB,ST-1639,Хабаровск
2026-01-06 14:13:02,Крестовина рулевого кардана ST-1640 16.06*40mm GMB,1,775,GMB,ST-1640,Хабаровск
2026-01-06 14:13:02,Кронштейн FF рессоры D-125869 / 54221-Y4M10 JAC N350 Дизель,2,4773,Дизель,D-125869,Хабаровск
2026-01-06 14:13:02,Кронштейн FF рессоры D-128657 / SZ970000835 SHACMAN X3000 Дизель,1,2270,Дизель,D-128657,Хабаровск
2026-01-06 14:13:02,Кронштейн FF рессоры R D-128028 / MB133333 MMC FE# 85-99` Дизель,229,1894,Дизель,D-128028,Хабаровск
2026-01-06 14:13:02,Кронштейн FR рессоры D-125530 / 8-98015-274-0 NQR90 Дизель,8,808,Дизель,D-125530,Хабаровск
2026-01-06 14:13:02,Кронштейн FR рессоры FL D-125048 / 1-53351-238-1 CYZ51/52 Дизель,2,5323,Дизель,D-125048,Хабаровск
2026-01-06 14:13:02,Кронштейн FR рессоры FL D-125518 / 1-53351-238-1 CYZ51/52 Дизель,5,5272,Дизель,D-125518,Хабаровск
2026-01-06 14:13:02,Кронштейн FR рессоры передний R 1-53351-2371 CYZ51/CYZ52 (K),5,5881,Дизель,1-53351-237-1,Хабаровск
2026-01-06 14:13:02,"Кронштейн RF рессоры D-125183 / 8-97042-245-1/0/ 8-98243-605-0 NQR71, 75 Дизель",2,2359,Дизель,D-125183,Хабаровск
2026-01-06 14:13:02,"Кронштейн RF рессоры D-127148 / 8-97042-245-1/0/ 8-98243-605-0 NQR71, 75 Дизель",3,1705,Дизель,D-127148,Хабаровск
2026-01-06 14:13:02,Кронштейн RR рессоры LH/RH D-128238 / 55221-6A000 / MC405381 HD120 Дизель,25,1903,Дизель,D-128238,Хабаровск
2026-01-06 14:13:02,"Кронштейн RR рессоры R D-125512 / 8-98032-489-0 NLR/NMR55,85 Дизель",21,1271,Дизель,D-125512,Хабаровск
2026-01-06 14:13:02,Кронштейн амортизатора A94832549097390 / A9483250409/30336 Mercedes ориг !,1,10964,Mercedes,A94832549097390,Хабаровск
2026-01-06 14:13:02,Кронштейн амортизатора S-049 LH 48514-1180 PM !,2,2416,Paul Master,HIA-049,Хабаровск
2026-01-06 14:13:02,Кронштейн амортизатора S-049 RH 48514-1170 PM !,1,2498,Paul Master,HIA-049,Хабаровск
2026-01-06 14:13:02,Кронштейн амортизатора S-050 / HIA-050 48512-1120 PM !,9,1807,Paul Master,HIA-050,Хабаровск
2026-01-06 14:13:02,Кронштейн амортизатора нижний D-128646 / DZ95259680100 SHACMAN X3000 Дизель,1,1463,Дизель,D-128646,Хабаровск
2026-01-06 14:13:02,Кронштейн бампера переднего LH 86515-4F000 HYUNDAI PORTER II ORIG,3,335,Hyundai-Kia,86515-4F000,Хабаровск
2026-01-06 14:13:02,Кронштейн бампера переднего RH 86516-4F000 HYUNDAI PORTER II ORIG,5,335,Hyundai-Kia,86516-4F000,Хабаровск
2026-01-06 14:13:02,Кронштейн вала 43827-5H002 HYUNDAI/KIA,1,3074,JMC,43827-5H002,Хабаровск
2026-01-06 14:13:02,Кронштейн задней рессоры верхний 1426438SKV / YC010V000110/ Scania SKV,2,5649,SKV,1426438SKV,Хабаровск
2026-01-06 14:13:02,Кронштейн крепл. двигателя задний пр.VG9100590009H,1,491,Howo,VG9100590009,Хабаровск
2026-01-06 14:13:02,Кронштейн крепл. кабины 21642430232 Howo,1,4503,Howo,21642430232,Хабаровск
2026-01-06 14:13:02,Кронштейн крепления ДВС 1-11771-220-0 6WF1/6WG1 C-series ORIG,1,4837,Isuzu,1-11771-220-0,Хабаровск
2026-01-06 14:13:02,Кронштейн крепления переднего стабилизатора F3000/F2000,3,1379,JMC,F3000,Хабаровск
2026-01-06 14:13:02,Кронштейн крепления передней рессоры задний левый 99100520155Howo,1,1438,Howo,99100520155,Хабаровск
2026-01-06 14:13:02,Кронштейн крепления передней рессоры задний правый AZ9232520011Howo,1,1171,Howo,AZ9232520011,Хабаровск
2026-01-06 14:13:02,Кронштейн крепления рычага нижнего 70257 /A94832549097390 Mercedes/Auger !,8,8584,Auger,70257,Хабаровск
2026-01-06 14:13:02,Кронштейн крепления фары левый D-129155 / AZ9925720001 HOWO Дизель,3,2472,Дизель,D-129155,Хабаровск
2026-01-06 14:13:02,Кронштейн крепления фары правый D-129263 / AZ9925720002 HOWO Дизель,3,2246,Дизель,D-129263,Хабаровск
2026-01-06 14:13:02,Кронштейн отбойника D-129264 / 54382-Y4M10 JAC N350 Дизель,1,1657,Дизель,D-129264,Хабаровск
2026-01-06 14:13:02,Кронштейн отбойника FE-021 LH MC122993 PM !,4,2346,Paul Master,MC122993,Хабаровск
2026-01-06 14:13:02,Кронштейн отбойника FE-021 RH MC122994 PM !,4,2346,Paul Master,MC122994,Хабаровск
2026-01-06 14:13:02,Кронштейн отбойника рессоры FE-022 / FIB-002 LH MC122995 PM,7,5828,Paul Master,MC122995,Хабаровск
2026-01-06 14:13:02,Кронштейн отбойника рессоры FE-022 / FIB-002 RH MC122996 PM !,4,2966,Paul Master,MC122996,Хабаровск
2026-01-06 14:13:02,Кронштейн отбойника рессоры S-067/HLB-067 48418-1381 HINO FD#ALL PM,2,2425,Paul Master,HLB-067,Хабаровск
2026-01-06 14:13:02,Кронштейн отбойника рессоры UD-029 55210-Z1002 PM !,7,1949,Paul Master,ULB-029,Хабаровск
2026-01-06 14:13:02,Кронштейн передней рессоры задний FL6A/A16-12355-003 Freightliner,1,2095,Дизель,A16-12355-003,Хабаровск
2026-01-06 14:13:02,Кронштейн передней рессоры передний левый 1528325SKV/ 1335901 / YC010V000106/ Scania SKV,7,3762,SKV,1528325SKV,Хабаровск
2026-01-06 14:13:02,Кронштейн подножки D-128769 / 1-53414-256-2 Дизель,1,9548,Дизель,D-128769,Хабаровск
2026-01-06 14:13:02,Кронштейн подушки двс левый 200V41501-0119 HOWO T5G,3,2963,Дизель,200V41501-0119,Хабаровск
2026-01-06 14:13:02,Кронштейн подушки двс правый 200V41501-0118 HOWO T5G,3,2963,Дизель,200V41501-0118,Хабаровск
2026-01-06 14:13:02,Кронштейн радиатора нижний B11362 Borsehung,1,202,JMC,B11362,Хабаровск
2026-01-06 14:13:02,Кронштейн рессоры 48416-1620 / HSK-044 PM,3,6149,Paul Master,HSK-044,Хабаровск
2026-01-06 14:13:02,Кронштейн рессоры BRT27 MC411525,2,3743,JMC,MC411525,Хабаровск
2026-01-06 14:13:02,Кронштейн рессоры FLB-005/ FP-005 MC306211 PM,3,3282,Paul Master,FLB-005,Хабаровск
2026-01-06 14:13:02,Кронштейн рессоры FP-004 MC306212 PM !,2,2879,Paul Master,FLB-004,Хабаровск
2026-01-06 14:13:02,Кронштейн рессоры FV-011 MC621563 MMC FUSO FP418 PM !,1,2555,Paul Master,FSK-011,Хабаровск
2026-01-06 14:13:02,Кронштейн рессоры FV-031 MC-411525 / FSK-525 PM !,2,4331,Paul Master,FSK-525,Хабаровск
2026-01-06 14:13:02,Кронштейн рессоры HNG17 48433-1470,1,1177,JMC,48433-1470,Хабаровск
2026-01-06 14:13:02,Кронштейн рессоры HNG18 48411-1680,2,1307,JMC,48411-1680,Хабаровск
2026-01-06 14:13:02,Кронштейн рессоры HNG38 52451-1040,1,2040,JMC,52451-1040,Хабаровск
2026-01-06 14:13:02,Кронштейн рессоры HNG39 52452-1450,1,1777,JMC,52452-1450,Хабаровск
2026-01-06 14:13:02,Кронштейн рессоры IS-020 1-53354-074-0 ISUZU NRR/FR/FS 94~ PM,12,4022,Paul Master,ISK-020,Хабаровск
2026-01-06 14:13:02,Кронштейн рессоры IS-026 1-53351-233-0 RH,2,6480,Paul Master,ISK-026,Хабаровск
2026-01-06 14:13:02,Кронштейн рессоры ISK-045 1-53353-081-2 PM,2,10082,Paul Master,ISK-045,Хабаровск
2026-01-06 14:13:02,"Кронштейн рессоры RR, задний L/R D-129266 / BRT63/48416-E0090 HINO 500 Дизель",8,6264,Дизель,D-129266,Хабаровск
2026-01-06 14:13:02,Кронштейн рессоры S-001/ FSK-001 MB133333 MMC FE# 85-99` PM,5,6531,Paul Master,FSK-001,Хабаровск
2026-01-06 14:13:02,Кронштейн рессоры S-014/HSK-014 48403-1531 HINO FG/FX/FE/GK/GX1J#FD16/17 PM,5,3458,Paul Master,HSK-014,Хабаровск
2026-01-06 14:13:02,Кронштейн рессоры S-016/HSK-016 48403-2040 / 48403-2410 / 48403-2420 HINO FF/FG1J#1H#2H#3H# PM,2,4473,Paul Master,HSK-016,Хабаровск
2026-01-06 14:13:02,Кронштейн рессоры S4840-33390 / HSK-390 PM,8,9503,Paul Master,HSK-390,Хабаровск
2026-01-06 14:13:02,Кронштейн рессоры S4840-33400 / HSK-400 PM,7,9033,Paul Master,HSK-400,Хабаровск
2026-01-06 14:13:02,Кронштейн рессоры UD-005 54231-00Z07/00Z00 N.-DIESEL CFZ00A CFA590 CFA690 97~ PM,4,9104,Paul Master,USK-005,Хабаровск
2026-01-06 14:13:02,Кронштейн рессоры UD-006 54234-00Z01 RH N.-DIESEL CWA69B CWA59B CWT470 CZA690 PM,8,6532,Paul Master,USK-006,Хабаровск
2026-01-06 14:13:02,Кронштейн рессоры UD-007 54234-00Z00 LH N.-DIESEL CGA400 CDA400 CWA69B CGA59A 97~ PM !,1,1930,Paul Master,USK-007,Хабаровск
2026-01-06 14:13:02,Кронштейн рессоры UD-008 55201-00Z11 N.-DIESEL CK690 CV690 CV69B CK03A 97~PM,6,7181,Paul Master,USK-008,Хабаровск
2026-01-06 14:13:02,Кронштейн рессоры UD-020 / USK-020 / 55201-30Z00 PM,3,5629,Paul Master,USK-020,Хабаровск
2026-01-06 14:13:02,Кронштейн рессоры перед лев перед D-129267 / 48412-E0260 E13C HINO 700 Дизель,26,2420,Дизель,D-129267,Хабаровск
2026-01-06 14:13:02,Кронштейн рессоры перед прав перед D-129268 / 48411-E0380 E13C HINO 700 Дизель,10,1578,Дизель,D-129268,Хабаровск
2026-01-06 14:13:02,Кронштейн рессоры правый 165x248x305 1395048SKV / YC010V000118 Scania SKV,64,6165,SKV,1395048,Хабаровск
2026-01-06 14:13:02,Кронштейн рессоры правый 1785815SKV / YC010V000125/ Scania SKV,6,6941,SKV,1785815SKV,Хабаровск
2026-01-06 14:13:02,Кронштейн топливного фильтра 8-98111-479-1 N-series 4HV1 (CNG) ГАЗ ORIG,1,23763,Isuzu,8-98111-479-1,Хабаровск
2026-01-06 14:13:02,Кронштейн тормозных накладок 462658 / A9424230306 DieselTechnic !,6,10682,Diesel Technic,4.62658,Хабаровск
2026-01-06 14:13:02,Кронштейн трубки сцепления 58727-11000 Hyundai H100 ORIG,5,16,Hyundai-Kia,58727-11000,Хабаровск
2026-01-06 14:13:02,Крыло LR D-126524 / AZ16D423000031 боковая накладка Sitrak C7H Дизель,2,1252,Дизель,D-126524,Хабаровск
2026-01-06 14:13:02,"Крыло RH D-129012 / WG1664235004 передняя накладка Sitrak, Howo Дизель",2,2897,Дизель,D-129012,Хабаровск
2026-01-06 14:13:02,Крыло RR D-126525 / AZ16D423000032 боковая накладка Sitrak C7H Дизель,3,1252,Дизель,D-126525,Хабаровск
2026-01-06 14:13:02,Крыло левое (задняя часть) 810W61210-0601 HOWO T5G,1,3388,Дизель,810W61210-0601,Хабаровск
2026-01-06 14:13:02,Крыло левое (передняя часть) 810W61510-0769 HOWO T5G,1,8493,Дизель,810W61510-0769,Хабаровск
2026-01-06 14:13:02,Крыло правое (передняя часть) 810W61510-0770 HOWO T5G,1,7892,Дизель,810W61510-0770,Хабаровск
2026-01-06 14:13:02,Крышка АКБ 98-1957 Thermo King,2,8240,Thermo King,98-1957,Хабаровск
2026-01-06 14:13:02,"Крышка АКБ D-129015 / 811W41860-6094 Sitrak, Howo Дизель дефект",1,1114,Дизель,D-129015,Хабаровск
2026-01-06 14:13:02,Крышка аккумулятора D-129270 / AZ9100760102 HOWO T5G Дизель,4,1118,Дизель,D-129270,Хабаровск
2026-01-06 14:13:02,Крышка аккумулятора D-130038 / DZ95189761020 SHACMAN F3000 Дизель,2,911,Дизель,D-130038,Хабаровск
2026-01-06 14:13:02,Крышка буксы балансира D-019 / FDC-019 / MC095476 PM,8,2191,Paul Master,D-019,Хабаровск
2026-01-06 14:13:02,Крышка буксы балансира D-020-1 MC-040355 PM !,1,1199,Paul Master,D-020-1,Хабаровск
2026-01-06 14:13:02,Крышка буксы балансира D-021/fdp-024 MC037224 PM,1,4826,Paul Master,MC037224,Хабаровск
2026-01-06 14:13:02,Крышка буксы балансира D-127266 / S4930-31130 / 49303-1130 Дизель,47,634,Дизель,D-127266,Хабаровск
2026-01-06 14:13:02,Крышка буксы балансира FV-001 MC005958 FV413-19/FU413-19/FS415/18 83~96 PM,3,1074,JMC,MC005958,Хабаровск
2026-01-06 14:13:02,Крышка буксы балансира FV-001 OR D-020 MC005958 FV413-19/FU413-19/FS415/18 83-96` PM !,8,886,Paul Master,D-020,Хабаровск
2026-01-06 14:13:02,Крышка двс перед 200V01501-5037 HOWO T5G MC11,3,6098,Дизель,200V01501-5037,Хабаровск
2026-01-06 14:13:02,Крышка клапанов 1-11180-476-5 C-series 6WG1 ORIG,1,34143,Isuzu,1-11180-476-5,Хабаровск
2026-01-06 14:13:02,Крышка клапанов 8-97380-042-1 N-series 4HV1 (CNG) ГАЗ ORIG,1,14493,Isuzu,8-97380-042-1,Хабаровск
2026-01-06 14:13:02,Крышка клапанов 8-97846-569-0/8-98208-874-0/8-97602-825-2 F-series 6HK1 E-4 ORIG,1,18447,Isuzu,8-97846-569-0,Хабаровск
2026-01-06 14:13:02,Крышка кронштейна зеркала заднего вида нижняя D-127153/8-98031-803-2 LH NLR85/NPR75 ISUZU Дизель,17,266,Дизель,D-127153,Хабаровск
2026-01-06 14:13:02,Крышка кронштейна правого зеркала нижняя D-125740 / 8-98031-805-0 N-series FVR34 ISUZU Дизель,5,133,Дизель,D-125740,Хабаровск
2026-01-06 14:13:02,Крышка масл фильтра 1-33119-222-0 C/E series ORIG,4,4625,Isuzu,1-33119-222-0,Хабаровск
2026-01-06 14:13:02,Крышка маслозаливной горловины F-004 15253-97002 PM !,5,465,Paul Master,UOC-78,Хабаровск
2026-01-06 14:13:02,"Крышка радиатора 25330-17000/5330-33001 (0,9 bar) HD65/72/78 ORIG",14,431,Hyundai-Kia,25330-17000,Хабаровск
2026-01-06 14:13:02,Крышка радиатора F-009 /HRC-009 16401-1030 PM,2,546,Paul Master,HRC-009,Хабаровск
2026-01-06 14:13:02,Крышка радиатора R-125 PM,5,419,Paul Master,R-125,Хабаровск
2026-01-06 14:13:02,Крышка сальника балансира D-125875 / HFF2918118CKFT JAC N350 Дизель,4,1184,Дизель,D-125875,Хабаровск
2026-01-06 14:13:02,Крышка ступицы D-012 PM !,1,744,Paul Master,D-012,Хабаровск
2026-01-06 14:13:02,Крышка ступицы FV-006 MC8269601 FP410-418/440-449 FU/FV4# PM,1,290,JMC,FV-006,Хабаровск
2026-01-06 14:13:02,Крышка ступицы FV-006/MC826960/FIC-006 FP410-418/440-449 FU/FV4# PM,10,825,Paul Master,FV-006,Хабаровск
2026-01-06 14:13:02,Крышка ступицы FV-008/MC-803500/FIC-008 PM,1,869,Paul Master,FV-008,Хабаровск
2026-01-06 14:13:02,Крышка ступицы HI-005 43514-1142 FN1/2K/F# FR1# FN# PM,14,825,Paul Master,HIC-005,Хабаровск
2026-01-06 14:13:02,Крышка ступицы UD-013/UIC-013 40234-90008 CD/CK/CW870 KG520 86-91` PM,10,825,Paul Master,UD-013,Хабаровск
2026-01-06 14:13:02,Крышка ступицы UD-014/UIC-014/40234-90069 CDA591/92/95/690 CGA591 CGA59B CKA690 96~ PM,5,825,Paul Master,UD-014,Хабаровск
2026-01-06 14:13:02,"Крышка топливного бака 8-97095-872-0/8-94360-166-0 N,Q-series",95,463,Дизель,8-97095-872-0,Хабаровск
2026-01-06 14:13:02,Крышка топливного бака D-125398 / 8-98201-369-0 NPR75/NMR85/NLR85/NQR/FSR90/FVR34 Дизель,3,1174,Дизель,D-125398,Хабаровск
2026-01-06 14:13:02,Крышка топливного бака D-126401 / 8-94160-028-0 N-series Дизель,118,408,Дизель,D-126401,Хабаровск
2026-01-06 14:13:02,Крышка топливного бака D-126740 / 3704930LE010 JAC N75/90/120 с ключом Дизель,4,1223,Дизель,D-126740,Хабаровск
2026-01-06 14:13:02,Крышка топливного бака D-127154 / 1-22440-057-2 C-series Дизель,7,498,Дизель,D-127154,Хабаровск
2026-01-06 14:13:02,Крышка топливного фильтра 53932 /A0000925208 / 462780 Mercedes/Auger !,1,253,Auger,53932,Хабаровск
2026-01-06 14:13:02,Крышка шкворня D-125877 / HFF3001100CK5G JAC N350 Дизель,112,236,Дизель,D-125877,Хабаровск
2026-01-06 14:13:02,Крышка шкворня верхняя 1-43175-038-0 FSR34/FSR90 ORIG,1,4079,Isuzu,1-43175-038-0,Хабаровск
2026-01-06 14:13:02,Кулак поворотный D-129272 / 199112410057 HOWO Дизель,9,11047,Дизель,D-129272,Хабаровск
2026-01-06 14:13:02,Кулак разжимной задний прав. (L=550 D=40 по месту втулки) AZ199112340027,1,1172,Дизель,AZ199112340027,Хабаровск
2026-01-06 14:13:02,Кулиса КПП 43700-4F020 HYUNDAI Porter II ORIG,9,5210,Hyundai-Kia,43700-4F020,Хабаровск
2026-01-06 14:13:02,Лампа Narva 17327,1,27,Narva,17327,Хабаровск
2026-01-06 14:13:02,Лампа T10 24V/5.0W WB136W Limastar,1,9,Limastar,WB136W,Хабаровск
2026-01-06 14:13:02,Лампа галогенная H1 12V/55W (к-т 2шт) Powervision Limastar,32,343,Limastar,H1,Хабаровск
2026-01-06 14:13:02,Лампа галогенная H1 24V/70W Limastar,9,70,Limastar,H1,Хабаровск
2026-01-06 14:13:02,Лампа галогенная H11 12V/55W (к-т 2шт) Powervision Limastar,32,567,Дизель,H11,Хабаровск
2026-01-06 14:13:02,Лампа галогенная H16 12V/19W Limastar,42,172,Дизель,H16,Хабаровск
2026-01-06 14:13:02,Лампа галогенная H3 24V/100W Limastar,8,64,Дизель,H3,Хабаровск
2026-01-06 14:13:02,Лампа галогенная H3 24V/70W Pk22s Limastar,32,70,Limastar,H3,Хабаровск
2026-01-06 14:13:02,Лампа галогенная H3C 12V/55W (к-т 2шт) Powervision Limastar,32,437,Дизель,H3C,Хабаровск
2026-01-06 14:13:02,Лампа галогенная H4 12V/60W/55W P43t (к-т 2шт) Powervision Limastar,30,468,JMC,P43t,Хабаровск
2026-01-06 14:13:02,Лампа галогенная H7 12V/55W (к-т 2шт) Powervision Limastar,34,420,Дизель,H7,Хабаровск
2026-01-06 14:13:02,Лампа головной св. H4 24V100/90W RALLYWHITE (2шт) M-99414RW-2 Megapower,1,356,Megapower,M-99414RW,Хабаровск
2026-01-06 14:13:02,"Лампа приборной панели (коричневый цоколь) 1-82194-062-0 24V1.8W F,C,E seriesORIG",1,304,Isuzu,1-82194-062-0,Хабаровск
2026-01-06 14:13:02,Лампа-фара 6054 бол. 12V65/35W KOITO,5,354,JMC,12V 65/35W  6054,Хабаровск
2026-01-06 14:13:02,Лапка вилки С-008-2 /UCF-008/ 30515-90012 PM,1,1793,Paul Master,UCF-008,Хабаровск
2026-01-06 14:13:02,Латки кордовые JQ 01/85*85 (1 шт),5,41,Дизель,JQ 01/85*85,Хабаровск
2026-01-06 14:13:02,Латки кордовые JQ 01/85*85 (20 шт),2,786,Дизель,JQ 01/85*85,Хабаровск
2026-01-06 14:13:02,Латки кордовые JQ 02/115*115,5,847,Дизель,JQ 02/115*115,Хабаровск
2026-01-06 14:13:02,Латки кордовые JQ 03/135*135 (1 шт),2,86,Дизель,JQ 03/135*135,Хабаровск
2026-01-06 14:13:02,Латки кордовые JQ 04/175*175 (10 шт),3,1097,JMC,04/175*175,Хабаровск
2026-01-06 14:13:02,Латки кордовые JQ 105/65*105 (20 шт),6,855,JMC,105/65*105,Хабаровск
2026-01-06 14:13:02,Латки кордовые JQ 125/80*125 (10 шт),3,612,JMC,125/80*125,Хабаровск
2026-01-06 14:13:02,Латки кордовые JQ 135/92*135 (10 шт),3,679,JMC,135/92*135,Хабаровск
2026-01-06 14:13:02,Латки кордовые JQ 155 (10 шт),7,862,JMC,JQ155,Хабаровск
2026-01-06 14:13:02,Латки кордовые JQ 75/55*75 (1 шт),16,69,Дизель,JQ 75/55*75,Хабаровск
2026-01-06 14:13:02,"Линк стабилизатора MK382985 MITSUBISHI FR, RH FE82 SL-7970R CH",1,694,Chase,MK382985,Хабаровск
2026-01-06 14:13:02,Лист рессор 16-80-1300H SKV,28,3512,SKV,16-80-1300H,Хабаровск
2026-01-06 14:13:02,Лист рессор 09635001SKV / 1635305 №1 830x830mm 1/26x90mm VOLVO тягач FM/FH Series Rear,12,8335,SKV,09635001SKV,Хабаровск
2026-01-06 14:13:02,Лист рессор 09722001SKV / 257907-1 30*100/990*900мм VOLVO TRUCK FH/FM коренной Front,13,16442,SKV,09722001,Хабаровск
2026-01-06 14:13:02,Лист рессор 09722002SKV / 257907-2 30*100/990*920мм VOLVO TRUCK FH/FM подкоренной Front,15,11831,SKV,09722002,Хабаровск
2026-01-06 14:13:02,Лист рессор 1-51132-962-0 14*80 Isuzu 10t CYZ51 LHD подкоренной front SKV,6,3878,SKV,1-51132-962-0,Хабаровск
2026-01-06 14:13:02,Лист рессор 10-60-1200H SKV,85,1392,SKV,10-60-1200H,Хабаровск
2026-01-06 14:13:02,Лист рессор 11-60-1300H SKV,8,1634,SKV,11-60-1300H,Хабаровск
2026-01-06 14:13:02,Лист рессор 11-60-700H SKV,4,800,SKV,11-60-700H,Хабаровск
2026-01-06 14:13:02,Лист рессор 11-70-1300H SKV,518,1903,SKV,11-70-1300H,Хабаровск
2026-01-06 14:13:02,Лист рессор 11-70-1500H SKV,2,2220,SKV,11-70-1500H,Хабаровск
2026-01-06 14:13:02,Лист рессор 11-70-700H SKV,45,1048,SKV,11-70-700H,Хабаровск
2026-01-06 14:13:02,Лист рессор 11-70-900H BELTON,120,1453,Belton,11-70-900H,Хабаровск
2026-01-06 14:13:02,Лист рессор 11-70-900H SKV,286,1319,SKV,11-70-900H,Хабаровск
2026-01-06 14:13:02,Лист рессор 11-70-900H дефект,4,358,,11-70-900H,Хабаровск
2026-01-06 14:13:02,Лист рессор 13-60-1100H SKV,32,1529,SKV,13-60-1100H,Хабаровск
2026-01-06 14:13:02,Лист рессор 13-60-1300H SKV,23,1861,SKV,13-60-1300H,Хабаровск
2026-01-06 14:13:02,Лист рессор 13-70-1100H SKV,230,1906,SKV,13-70-1100H,Хабаровск
2026-01-06 14:13:02,Лист рессор 13-70-1300H SKV,150,2218,SKV,13-70-1300H,Хабаровск
2026-01-06 14:13:02,Лист рессор 13-70-900H SKV,195,1654,SKV,13-70-900H,Хабаровск
2026-01-06 14:13:02,Лист рессор 13-80-900H SKV,83,1672,SKV,13-80-900H,Хабаровск
2026-01-06 14:13:02,Лист рессор 14-70-1100H SKV,3,2094,SKV,14-70-1100H,Хабаровск
2026-01-06 14:13:02,Лист рессор 14-90-1500H SKV,49,3818,SKV,14-90-1500H,Хабаровск
2026-01-06 14:13:02,Лист рессор 1479518-2SKV 28*90 Scania P-Series 04~ подкоренной Front SKV,13,10781,SKV,1479518-2,Хабаровск
2026-01-06 14:13:02,Лист рессор 16-80-1100H SKV,38,2592,SKV,16-80-1100H,Хабаровск
2026-01-06 14:13:02,Лист рессор 16-80-550H SKV,9,1129,SKV,16-80-550H,Хабаровск
2026-01-06 14:13:02,Лист рессор 16-90-900H ЦО Ø17 mm SKV,13,3019,SKV,16-90-900H,Хабаровск
2026-01-06 14:13:02,Лист рессор 20-70-10-1100H SKV,18,2549,SKV,20-70-10-1100H,Хабаровск
2026-01-06 14:13:02,Лист рессор 20-90-1300H BELTON,1,5547,Belton,20-90-1300H,Хабаровск
2026-01-06 14:13:02,Лист рессор 48112-37690 15*70 DYNA/TOYOACE BU4##/XZU4## 99- подкоренной front SKV,36,2349,SKV,48112-37690,Хабаровск
2026-01-06 14:13:02,Лист рессор 48201-3B060 DYNA/TOYOACE 84-99 коренной rear 120см (сайлетблоки) SKV,4,3985,SKV,48201-3B060,Хабаровск
2026-01-06 14:13:02,Лист рессор 48201-3V140A DYNA/TOYOACE BU4##/XZU4## 99- корен rear (2 вт 25-31-68) SKV,31,3091,SKV,48201-3V140-A,Хабаровск
2026-01-06 14:13:02,Лист рессор 54111-5A301 11*70 HYUNDAI County 04~ коренной front (2 обич + 2 сайл) SKV,13,3480,SKV,54111-5A301,Хабаровск
2026-01-06 14:13:02,Лист рессор 55100-4B700-1 8х60 HYUNDAI H100 Porter 96~ коренной rear (1 втулка 28*34*58) SKV,8,2111,SKV,55100-4B700-1,Хабаровск
2026-01-06 14:13:02,Лист рессор 55112-5A300 11*70 HYUNDAI County 04~ подкоренной rear SKV,1,2140,SKV,55112-5A300,Хабаровск
2026-01-06 14:13:02,Лист рессор 8-70-1500 (без ЦО) SKV,18,1599,SKV,8-70-1500,Хабаровск
2026-01-06 14:13:02,Лист рессор 8-97130-493-0 Isuzu ELF NPR/NQR 93 кор rear 70*12 (сайл D=18/D=16)L=1352 SKV,1,3903,SKV,8-97130-493-0,Хабаровск
2026-01-06 14:13:02,Лист рессор 8-98051-979-0 Isuzu FVR34 подкоренной Rear 13*100 SKV,32,4576,SKV,8-98051-979-0,Хабаровск
2026-01-06 14:13:02,Лист рессор 8-98073-686-0 Isuzu FVR34 коренной front (втулки 32*38*78) 21*80 SKV,35,7296,SKV,8-98073-686-0,Хабаровск
2026-01-06 14:13:02,Лист рессор 8-98073-687-0 Isuzu FVR34 подкоренной front 24*80 SKV,65,7520,SKV,8-98073-687-0,Хабаровск
2026-01-06 14:13:02,Лист рессор 8-98161-623-0 35/18*90 Isuzu CYZ52 3-й лист rear SKV дефект,5,2395,SKV,8-98161-623-0,Хабаровск
2026-01-06 14:13:02,Лист рессор 8-98241-220-0 70*11 Isuzu ELF NPR75 коренной rear (сайлетблоки D=18 D=16) SKV,28,4939,SKV,8-98241-220-0,Хабаровск
2026-01-06 14:13:02,Лист рессор 80-18-10-1100H SKV,15,2774,SKV,80-18-10-1100H,Хабаровск
2026-01-06 14:13:02,Лист рессор 9-70-900H SKV,48,1077,SKV,9-70-900H,Хабаровск
2026-01-06 14:13:02,Лист рессор 9443200702-1SKV / 33872001 26*90 MERCEDES ACTROS 3341 (самосвал) коренной Front,1,12007,SKV,9443200702-1,Хабаровск
2026-01-06 14:13:02,"Лист рессор 9483201405-1SKV / 33839001 №1 41*100 MB Actros, Actros MP2/MP3, Axor 2 коренной Rear",2,15752,SKV,9483201405-1,Хабаровск
2026-01-06 14:13:02,"Лист рессор 9483201405-2 / 33839002 №2 41*100 MB Actros, Actros MP2/MP3, Axor 2 подкоренной Rea SKV",26,10936,SKV,9483201405-2SKV,Хабаровск
2026-01-06 14:13:02,Лист рессор D-129273 / 2902201-371 L=1635 18*90 коренной front FAW Дизель,1,5366,Дизель,D-129273,Хабаровск
2026-01-06 14:13:02,Лист рессор D-129274 / 2902202-453 L=1590 16*90 подкоренной front FAW Дизель,1,4140,Дизель,D-129274,Хабаровск
2026-01-06 14:13:02,Лист рессор HSF112 / 48101-4270 14*90 Hino 10t коренной front (2 втулки 30*42) SKV,28,5922,SKV,48101-4270,Хабаровск
2026-01-06 14:13:02,Лист рессор HSF118 / 48101-4271 Hino 10t 90*14 коренной front (2 втулки 30*38) SKV,17,5614,SKV,48101-4271,Хабаровск
2026-01-06 14:13:02,Лист рессор HSF51 / 48101-4080 11*70 Hino 5t коренной front (2 втулки 25-31-68) дефект,1,590,,48101-4080,Хабаровск
2026-01-06 14:13:02,"Лист рессор HSF51 / 48101-4080SKV 11х60х70 Hino 5t коренной front, 2 втулки 25-31-68 SKV",27,3531,SKV,48101-4080SKV,Хабаровск
2026-01-06 14:13:02,Лист рессор HSF52 / 48112-4741 11*70 Hino 5t подкоренной front Ychen,6,2558,Ychen,48112-4741,Хабаровск
2026-01-06 14:13:02,Лист рессор HSR32 / 48212-3V630 11х70 Hino 300 подкоренной rear SKV,78,1690,SKV,48212-3V630,Хабаровск
2026-01-06 14:13:02,Лист рессор ISF01 8-97084-827-0 Isuzu Elf NPR коренной front (сайлетблоки) SKV,12,2728,SKV,8-97084-827-0,Хабаровск
2026-01-06 14:13:02,Лист рессор ISF01 8-97084-827-0 Isuzu Elf NPR коренной front (сайлетблоки) дефект,2,1573,,ISF01,Хабаровск
2026-01-06 14:13:02,Лист рессор ISF12A / 1-51112-505-1A Isuzu 10t подкоренной 25*80 перемен.толщ. front SKV,3,6626,SKV,1-51112-505-1A,Хабаровск
2026-01-06 14:13:02,Лист рессор MB391277 Canter 2t подкор. 15*70 с пер. толщ. rear SKV,2,2852,SKV,MB391277,Хабаровск
2026-01-06 14:13:02,Лист рессор MB391393 Canter 2t корен. 15*70 с перем. тощ. rear (2 втулки 28-34-68) SKV,28,4015,SKV,MB391393,Хабаровск
2026-01-06 14:13:02,Лист рессор MSF51V / МC091087-V Fuso 5t коренной с перем. толщ. front (2 втулки 28-34-68) SKV,4,4048,SKV,MC091087-V,Хабаровск
2026-01-06 14:13:02,Лист рессор MSR5160 / MK315005 13*60 Fuso 5T коренной rear (2 втулки 28-34-68) SKV,6,3018,SKV,MK315005,Хабаровск
2026-01-06 14:13:02,Лист рессор №1 1547824-1SKV / 90199001 30*90 Scania R-Series 04~ Rear SKV,9,8705,SKV,1547824-1,Хабаровск
2026-01-06 14:13:02,Лист рессор NSF2V №2 / 55022-06D10 14*8*70 N-Atlas H41 подкоренной rear SKV,5,2508,SKV,55022-06D10,Хабаровск
2026-01-06 14:13:02,Лист рессор S4810-45770 20x80 HINO 500 GH8#/FG8# 09~ 3-й лист с хом front SKV,13,4574,SKV,S4810-45770,Хабаровск
2026-01-06 14:13:02,Лист рессор USF11/ 54010-Z3007F 12*90 N.-Diesel 10t корен. front (2 вт 30-36-88) SKV,4,4180,SKV,54010-Z3007F N1,Хабаровск
2026-01-06 14:13:02,Лист рессор А091-2902101-01 Богдан коренной front (сайлетблоки) SKV,3,4055,SKV,A091-2902101-01,Хабаровск
2026-01-06 14:13:02,Лист рессор А091-2902102-01 Богдан подкоренной front SKV,82,2020,SKV,A091-2902102-01,Хабаровск
2026-01-06 14:13:02,Лист рессоры D-128578 / 2902010-55V/2 передней подкоренной 16х90х1600 FAW J6 8x4 Дизель,1,3663,Дизель,D-128578,Хабаровск
2026-01-06 14:13:02,Лист рессоры D-128580 / 2902010-80A передней коренной Faw J6 6x4 Дизель,1,4882,Дизель,D-128580,Хабаровск
2026-01-06 14:13:02,Лист рессоры D-128581 / 2902201-55V передней коренной 16х90х1600 FAW J6 8x4 Дизель,1,3971,Дизель,D-128581,Хабаровск
2026-01-06 14:13:02,Лист рессоры D-128582 / 2902201-80A передней коренной Faw J6 6x4 Дизель,1,4882,Дизель,D-128582,Хабаровск
2026-01-06 14:13:02,Лист рессоры D-128583 / 2902202-71A/B передней подкоренной 18х90х1800 FAW J6 6x4 Дизель,1,4882,Дизель,D-128583,Хабаровск
2026-01-06 14:13:02,Лист рессоры D-128584 / 2902202-80A передней подкоренной 16х90х1570 FAW J6 8x4 Дизель,1,4645,Дизель,D-128584,Хабаровск
2026-01-06 14:13:02,Лист рессоры D-128688 / 2912201-260 задней коренной L=1585 22х90 FAW Дизель,1,5045,Дизель,D-128688,Хабаровск
2026-01-06 14:13:02,Лист рессоры MB294469V дефект,20,687,Ychen,MB294469,Хабаровск
2026-01-06 14:13:02,Личинка замка двери LH 81910-5MA00 HYUNDAI Mighty ORIG,3,1416,Hyundai-Kia,81910-5MA00,Хабаровск
2026-01-06 14:13:02,Манжет 44124-17С10 Nissan,8,128,JMC,44124-17С10,Хабаровск
2026-01-06 14:13:02,Манжет ГТЦ SK82921MA/M2,1,328,JMC,SK82921MA/M2,Хабаровск
2026-01-06 14:13:02,Манжет Т.Ц. 1-47819-030-0 / 1-31829-003-0 / 1310-0017,10,53,JMC,1-47819-030-0,Хабаровск
2026-01-06 14:13:02,Манжет Т.Ц. SC1499R/SC47601/SC1144/SC30201/SC20103,1,36,JMC,SC1499R,Хабаровск
2026-01-06 14:13:02,Манжет Т.Ц. SC20133R/SC20103R/SC1144/SC1499 WC-41010 FC-... 1416-26-671 (X)~ 1'' (,8,121,Seiken,SC20133R,Хабаровск
2026-01-06 14:13:02,Манжет Т.Ц. SC20183R,18,50,JMC,SC20183R,Хабаровск
2026-01-06 14:13:02,Манжет Т.Ц. SC277R 44112-U4810,1,36,Seiken,SC277R,Хабаровск
2026-01-06 14:13:02,Манжет Т.Ц. SC30263R/SC40693R,1,359,JMC,SC30263R,Хабаровск
2026-01-06 14:13:02,Манжет Т.Ц. SC30423R MC332816,1,43,JMC,SC30423R,Хабаровск
2026-01-06 14:13:02,Манжет Т.Ц. SC30433R/SC80207R MC828231,2,348,JMC,SC30433R,Хабаровск
2026-01-06 14:13:02,Манжет Т.Ц. SC40553R/SC41483R/SC80623R 90947-01195,13,44,JMC,SC40553R,Хабаровск
2026-01-06 14:13:02,Манжет Т.Ц. SC40683R/SC41193R 90947-01194,1,48,JMC,SC40683R,Хабаровск
2026-01-06 14:13:02,Манжет Т.Ц. SC41533R,16,40,JMC,SC41533R,Хабаровск
2026-01-06 14:13:02,Манжет Т.Ц. SC4521R 44112-U4010,1,26,Seiken,SC4521R,Хабаровск
2026-01-06 14:13:02,Манжет Т.Ц. SC51038/WC-41020-S/MC806924 (пластиковое кольцо) SEIKEN,1,177,Seiken,SC51038,Хабаровск
2026-01-06 14:13:02,Манжет Т.Ц. SC80953R/SC30433R MC828231,2,92,JMC,SC80953R,Хабаровск
2026-01-06 14:13:02,Манжет Т.Ц. SC81173R,2,56,JMC,SC81173R,Хабаровск
2026-01-06 14:13:02,Манжет Т.Ц. SC81183R/SC80513R,1,55,JMC,SC81183R,Хабаровск
2026-01-06 14:13:02,Манжет Т.Ц. SC81313R,8,40,JMC,SC81313R,Хабаровск
2026-01-06 14:13:02,Манжет Т.Ц. SD30663R,14,48,JMC,SD30663R,Хабаровск
2026-01-06 14:13:02,Манжет Т.Ц. SD40202R,8,63,JMC,SD40202R,Хабаровск
2026-01-06 14:13:02,Манжет Т.Ц. SD40523R,3,48,Seiken,SD40523R,Хабаровск
2026-01-06 14:13:02,Манжета ступицы 1304985 Iveco Orig !,2,1158,Iveco,1304985,Хабаровск
2026-01-06 14:13:02,Манжета шкворня 2476014 Iveco / Europart !,5,1140,Europart,2476014,Хабаровск
2026-01-06 14:13:02,Масленка D-128829 / ST45DEGM12X15 45 DEG M12х1.5 Дизель,374,33,Дизель,D-128829,Хабаровск
2026-01-06 14:13:02,Масленка D-128830 / ST90DEG18 90 DEG 1/8 DEG 9.5mm Дизель,228,26,Дизель,D-128830,Хабаровск
2026-01-06 14:13:02,Масленка D-128920 / MY-009 M10х1 90 Дизель,80,26,Дизель,D-128920,Хабаровск
2026-01-06 14:13:02,Масленка прямая SK-125 14mm M12*1.5,38,20,Дизель,SK-125,Хабаровск
2026-01-06 14:13:02,Масленка рычажная для смазки 350мл,23,189,Дизель,350 ml,Хабаровск
2026-01-06 14:13:02,Маслоохладитель (теплообменник) 080V05000-7100/-7200 HOWO ORIG,1,24931,Howo,080V05000-7100,Хабаровск
2026-01-06 14:13:02,"Маслосъемные Колпачки 13719-1370/1290/S1371-91370 AV7036-H0/JF-96012 P09C,P11C HINO /к-т8шт",2,321,JMC,13719-1370,Хабаровск
2026-01-06 14:13:02,Маслосъемный колпачок HINO 13719-1020 12.7-8.8-14.5 8PCS/SET W04D/H06C/H07D/K13C Y,10,376,Yamasida,13719-1020,Хабаровск
2026-01-06 14:13:02,Маслосъемный колпачок HINO 13719-1030 15.7-9.4-14.5 8PCS/SET F20C/F21C Y,41,412,Yamasida,13719-1030,Хабаровск
2026-01-06 14:13:02,Маслосъемный колпачок HINO 13719-1200 15.8-9.5-15 8PCS/SET F20C/F21C Y,6,379,Yamasida,13719-1200,Хабаровск
2026-01-06 14:13:02,Маслосъемный колпачок HINO 13719-1350 12.7-8.4-14.5 8PCS/SET H06C Y,2,310,Yamasida,13719-1350,Хабаровск
2026-01-06 14:13:02,Маслосъемный колпачок HINO 13719-1410 15.8-9.5-15 8PCS/SET F20C/EP100 Y,1,393,Yamasida,13719-1410,Хабаровск
2026-01-06 14:13:02,Маслосъемный колпачок HINO 13719-1560 8PCS/SET F21C Y,2,360,Yamasida,13719-1560,Хабаровск
2026-01-06 14:13:02,Маслосъемный колпачок ISUZU 1-12569-017-0 13.6-9.8-15 12PCS/SET Y,32,649,Yamasida,1-12569-017-0,Хабаровск
2026-01-06 14:13:02,Маслосъемный колпачок ISUZU 5-12569-001-0 8PCS/SET 4BA1/4BC1/4BC2/4BE1/4BE2/4BD1/4BG1/6BB1 Y,15,507,Yamasida,5-12569-001-0,Хабаровск
2026-01-06 14:13:02,Маслосъемный колпачок ISUZU 5-12569-006-0 8PCS/SET 4JB1/4JG2 Y,5,290,Yamasida,5-12569-006-0,Хабаровск
2026-01-06 14:13:02,Маслосъемный колпачок ISUZU 8-97328-647-0 11.5-6.3-14.3 16PCS/SET 4JJ1 Y,28,852,Yamasida,8-97328-647-0,Хабаровск
2026-01-06 14:13:02,Маслосъемный колпачок MAZDA SE01-10-155A 8PCS/SET VS/TF Y,1,374,Yamasida,SE01-10-155A,Хабаровск
2026-01-06 14:13:02,Маслосъемный колпачок MAZDA SE70-10-155A 8PCS/SET VS/XA/HA/SL/TF Y,24,356,Yamasida,SE70-10-155A,Хабаровск
2026-01-06 14:13:02,Маслосъемный колпачок MMC ME024108 14.9-8.3-13.5 8PCS/SET 6D16/6D17 Y,3,240,Yamasida,ME024108,Хабаровск
2026-01-06 14:13:02,Маслосъемный колпачок MMC ME120154 14.9-9.5-13.5 8PCS/SET 8M20/8M81/8M22/6M70 Y,2,296,Yamasida,ME120154,Хабаровск
2026-01-06 14:13:02,Маслосъемный колпачок MMC ME200524 8PCS/SET 4DR5/4M50/4M51/6M60/6D16 Y,1,253,Yamasida,ME200524,Хабаровск
2026-01-06 14:13:02,Маслосъемный колпачок NISSAN 13207-Z5501 13.8-8.3-14.6 8PCS/SET FD35/FD42/ED33/MD92TB Y,8,346,Yamasida,13207-Z5501,Хабаровск
2026-01-06 14:13:02,Маслосъемный колпачок TOYOTA 90913-02079 8PCS/SET 3RZ/2JZ/5A/7A/2TZ Y,43,262,Yamasida,90913-02079,Хабаровск
2026-01-06 14:13:02,Маслосъемный колпачок TOYOTA 90913-02094 8PCS/SET 1HZ/1HDT/1Y/2Y/3Y/5K/7KE/2C/3C Y,13,262,Yamasida,90913-02094,Хабаровск
2026-01-06 14:13:02,Маслосъемный колпачок TOYOTA 90913-02096 11.5-6.6-9.6 12PCS/SET 15B/1HD/1FZ/1BZ Y,12,394,Yamasida,90913-02096,Хабаровск
2026-01-06 14:13:02,Маслосъемный колпачок TOYOTA 90913-02129 8PCS/SET 1GDFTV/2GDFTV Y,5,224,Yamasida,90913-02129,Хабаровск
2026-01-06 14:13:02,Масляная форсунка охлаждения поршня 1-13342-139-2 6WG1 C-series D.BEST,27,797,Дизель,1-13342-139-2,Хабаровск
2026-01-06 14:13:02,Масляная форсунка охлаждения поршня 11418-E0040 Hino E13C D.BEST,65,751,Дизель,11418-E0040,Хабаровск
2026-01-06 14:13:02,Масляная форсунка охлаждения поршня 11418-E0080 Hino J05D/S05C D.BEST,11,693,Дизель,11418-E0080,Хабаровск
2026-01-06 14:13:02,Масляная форсунка охлаждения поршня 11418-E0100 Hino A05C D.BEST,12,1235,Дизель,11418-E0100,Хабаровск
2026-01-06 14:13:02,"Масляная форсунка охлаждения поршня 8-98067-162-0 4HK1-T F,N-series D.BEST",33,395,Дизель,8-98067-162-0,Хабаровск
2026-01-06 14:13:02,Масляная форсунка охлаждения поршня 8-98370-779-0 / 8-94399-187-1 D.BEST JAPAN,6,438,Дизель,8-98370-779-0,Хабаровск
2026-01-06 14:13:02,Масляная форсунка охлаждения поршня D-128775 / 8-97213-294-1 / 8-98370-781-0 Дизель,3,340,Дизель,D-128775,Хабаровск
2026-01-06 14:13:02,Маховик D-125110 / 8-97602-463-2 6HK1-T Евро-4 ISUZU FVR34 Дизель,217,14893,Дизель,D-125110,Хабаровск
2026-01-06 14:13:02,"Маховик D-126682 / FW-802 /13450-1320 HIN H06CT 350mm*129t*8H*14.5mm14"" Дизель",1,7814,Дизель,D-126682,Хабаровск
2026-01-06 14:13:02,"Маховик D-126683 / 1-12331-258-2 ISU 10PC1 430mm*164t*8H*19mm17"" Дизель",3,13193,Дизель,D-126683,Хабаровск
2026-01-06 14:13:02,Маховик D-126743 / 3252549 / 4974333 / 4974334 SHACMAN X3000 M11 Дизель,2,12228,Дизель,D-126743,Хабаровск
2026-01-06 14:13:02,Маховик D-127015 / 8-98148-063-2/0/1 4JJ1 NLR85/NMR85 E4 Дизель,26,9082,Дизель,D-127015,Хабаровск
2026-01-06 14:13:02,"Маховик D-128136 / FW-605 / ME052658 MMC 6D22 430mm*143t*10H*17mm17"" Дизель",4,11452,Дизель,D-128136,Хабаровск
2026-01-06 14:13:02,"Маховик D-128459 / FW-607 / ME062830 / 062698 MMC 8DC91 430mm*143t*10H*17mm17"" 107mm Дизель",6,10889,Дизель,D-128459,Хабаровск
2026-01-06 14:13:02,"Маховик D-128460 / FW-101 / 12310-97619 / 13450-97773 NIS RF8 430mm*140t*10H*16.5mm17"" Дизель",7,14770,Дизель,D-128460,Хабаровск
2026-01-06 14:13:02,"Маховик D-128831 325mm*129t*6H*13mm*13"" MMC 6D14/6D16 Дизель",5,7358,Дизель,D-128831,Хабаровск
2026-01-06 14:13:02,"Маховик HIN EM100 / D-129280 380mm*137t*9H*17mm15"" ! Дизель",3,7745,Дизель,D-129280,Хабаровск
2026-01-06 14:13:02,"Маховик HIN W04D 300mm*121t*6H12"" !",1,4704,Дизель,13450-1005,Хабаровск
2026-01-06 14:13:02,"Маховик ISU 4HF1 central hole 52mm D-129281 / 8-97166-516-0 325mm*138t*8H*16.5mm13"" ! Дизель",2,7032,Дизель,D-129281,Хабаровск
2026-01-06 14:13:02,Маховик ISU 4HK1 FW-433 /8-98056-355-2 350*143*8*16*52 MZW6P FSR90 SKV,1,8959,SKV,8-98056-355-2,Хабаровск
2026-01-06 14:13:02,"Маховик ISU 6HE1 D-129284 / FW-431 380mm*140T*8H*16.5mm SIZE 15"" FORWARD RHD 90-98 Дизель",1,11646,Дизель,D-129284,Хабаровск
2026-01-06 14:13:02,Маховик 8-97602-463-2 6HK1-T Евро-4 ISUZU FVR34 ISUZU SKV,49,9216,SKV,8-97602-463-2,Хабаровск
2026-01-06 14:13:02,"Маховик MMC 6D14-2AT/6D16 D-129288 / ME072248 350mm*129t*6H*15mm14"" Дизель",1,9900,Дизель,D-129288,Хабаровск
2026-01-06 14:13:02,"Маховик W04D 300mm*121t*6H12""",1,4535,JMC,W04D,Хабаровск
2026-01-06 14:13:02,"Маяк проблесковый D-128553 / 72LED 10-30V Стробоскоп h=120мм, d-145мм магнит в прикуриватель Дизель",6,1274,Дизель,D-128553,Хабаровск
2026-01-06 14:13:02,Молдинг ветрового стекла верхний D-125724 / 8-98041-651-3 / 8-98041-651-1 FVR34 Дизель,13,2295,Дизель,D-125724,Хабаровск
2026-01-06 14:13:02,Молдинг ветрового стекла верхний D-127156 / 8-98041-651-3 / 8-98041-651-1 FVR34 Дизель,22,852,Дизель,D-127156,Хабаровск
2026-01-06 14:13:02,Молдинг ветрового стекла нижний 8-98222-159-0/8-97519-456-0 FVR34 ORIG,3,5923,Isuzu,8-97519-456-0,Хабаровск
2026-01-06 14:13:02,Молдинг ветрового стекла нижний D-127157 / 8-98222-159-0 / 8-97519-456-0 FVR34 Дизель,10,1396,Дизель,D-127157,Хабаровск
2026-01-06 14:13:02,Молдинг лобового стекла нижний D-125340 / 8-98083-542-1 ISUZU NPR75/NQR90 Дизель,1,801,Дизель,D-125340,Хабаровск
2026-01-06 14:13:02,Молдинг лобового стекла нижний D-128079 / 8-98083-542-1 ISUZU NPR75/NQR90 Дизель,15,852,Дизель,D-128079,Хабаровск
2026-01-06 14:13:02,Монтажный набор для энергоаккумулятора II37099 Knorr-Bremse,2,486,Knorr Bremse,II37099,Хабаровск
2026-01-06 14:13:02,Мотор отопителя / печки D-127217 / AD-IS05 / 8-97085-614-3 / 8-97211-952-0 NKR/NHR/NHS 12V Дизель,15,2291,Дизель,D-127217,Хабаровск
2026-01-06 14:13:02,Мотор отопителя / печки D-127219 / HY-20331 / 27220-0T100 / MHT102K с крыльчаткой 24V ISUZU Дизель,11,2537,Дизель,D-127219,Хабаровск
2026-01-06 14:13:02,Мотор отопителя / печки D-127223 / AD-NS02 / 27117-30Z00 / CW520 24V NISSAN Дизель,2,2518,Дизель,D-127223,Хабаровск
2026-01-06 14:13:02,Мотор отопителя Isuzu HY-20332 12V (MHT402K) с крыльчаткой,1,4643,JMC,HY-20332,Хабаровск
2026-01-06 14:13:02,Мотор отопителя салона 1103014 24V с крыльчаткой,1,4840,Ootoko,1103014,Хабаровск
2026-01-06 14:13:02,Мотор отопителя салона AD-HN03 HINO GD/FF 15T90-24v/,3,2706,JMC,AD-HN03,Хабаровск
2026-01-06 14:13:02,Мотор отопителя салона AD-HN06,1,4254,Ootoko,AD-HN06,Хабаровск
2026-01-06 14:13:02,Мотор отопителя салона HINO FG 8.8т 90 24V AD-HN02,2,3444,Ootoko,AD-HN02,Хабаровск
2026-01-06 14:13:02,Мотор отопителя салона NISSAN YU 41 8T 90 24V AD-NS03,4,3723,Ootoko,AD-NS03,Хабаровск
2026-01-06 14:13:02,Мотор отопителя/печки D-125043 / 8-97211-954-0 NQR71/75 Дизель,4,1813,Дизель,D-125043,Хабаровск
2026-01-06 14:13:02,Мотор отопителя/печки D-126690 / HY-20330 / 5-02725-038-0 24V ISUZU с крыльчаткой FRR/CXZ Дизель,14,2535,Дизель,D-126690,Хабаровск
2026-01-06 14:13:02,Мотор отопителя/печки D-126691 / HY-20332/ 5-02725-058-6 24V ISUZU RHD Дизель,1,2564,Дизель,D-126691,Хабаровск
2026-01-06 14:13:02,Мотор отопителя/печки D-126692 / HY-20328 / MC140940 / 282500-0212 24V MMC CANTER NEW без крыльчатки Дизель,2,2263,Дизель,D-126692,Хабаровск
2026-01-06 14:13:02,Мотор отопителя/печки D-126694 / AD-TY02 12V TOYOTA DYNA 94~ с крыльчаткой Дизель,9,2270,Дизель,D-126694,Хабаровск
2026-01-06 14:13:02,Мотор отопителя/печки D-126705 / HY-20332 / 5-02725-058-6 NKR66 24V ISUZU LHD левый руль Дизель,8,2997,Дизель,D-126705,Хабаровск
2026-01-06 14:13:02,Мотор отопителя/печки D-127016 / ME733724 DF073 MITSUBISHI FUSO CANTER 24V Дизель,10,2697,Дизель,D-127016,Хабаровск
2026-01-06 14:13:02,Мотор отопителя/печки D-127218 / 1-83561-164-0/1-83561-121-0/1-83579-636-0 24V ISUZU LHD/CYZ Дизель,7,2483,Дизель,D-127218,Хабаровск
2026-01-06 14:13:02,Мотор отопителя/печки D-127220 / AD-MC11 24V MMC FUSO FK330 90~ Дизель !,3,773,Дизель,D-127220,Хабаровск
2026-01-06 14:13:02,"Мотор отопителя/печки D-127999/116340-6181/282500-1371/S8710-41200 HINO500/700 FR,E13C 24V Дизель",2,2705,Дизель,D-127999,Хабаровск
2026-01-06 14:13:02,Мотор отопителя/печки D-129292 / AD-MC04/MHT621K 60-101 MMC CANTER 96~ 24V Дизель,13,2390,Дизель,D-129292,Хабаровск
2026-01-06 14:13:02,Мотор отопителя/печки D-129293 / AD-NS03 NISSAN DIESEL/CONDOR YU41 8T 90~ 24V Дизель,26,2248,Дизель,D-129293,Хабаровск
2026-01-06 14:13:02,Мотор отопителя/печки HINO RANGER 90~ D-127216 / AD-HN02 / 87130-1060 60-023 Дизель,7,2045,Дизель,D-127216,Хабаровск
2026-01-06 14:13:02,Мотор отопителя/печки MMC CANTER NEW D-129295 / HY-20358 24V с крыльчаткой Дизель,9,2233,Дизель,D-129295,Хабаровск
2026-01-06 14:13:02,Мотор отопителя/печки NISSAN ATLAS 27220-0T400 / D-127222 / AD-NS07 60-030 F23 92-12v Дизель,25,2354,Дизель,D-127222,Хабаровск
2026-01-06 14:13:02,Мотор отопителя/печки TOYOTA DYNA 92~ 24V D-129296 / AD-TY04 Дизель,10,2082,Дизель,D-129296,Хабаровск
2026-01-06 14:13:02,Мотор отопителя/печки TOYOTA DYNA/HINO300/HINO 94~ 24V AD-TY03 (без крыльчатки),12,2092,Дизель,AD-TY03,Хабаровск
2026-01-06 14:13:02,Мотор отопителя/печки Мazda Titan D-129297 / HY-20338 282500-0050 24V с крыльчаткой Дизель,25,2263,Дизель,D-129297,Хабаровск
2026-01-06 14:13:02,Мотор отопителя/печки передний 97294-44000 Grace !,1,1342,Дизель,97294-44000,Хабаровск
2026-01-06 14:13:02,"Мотор отопителя/печки салона AD-HN03 24v (1109003) (шт), шт, АвДп",2,3907,JMC,АвДп,Хабаровск
2026-01-06 14:13:02,"Мотор отопителя/печки салона AD-NS01 12V с крыльчаткой (1105001) (шт), шт, (АвДп)",1,2808,JMC,AD-NS01,Хабаровск
2026-01-06 14:13:02,Мотор отопителя/печки салона NISSAN ATLAS F22 86 12V AD-NS01,1,2001,JMC,AD-NS01,Хабаровск
2026-01-06 14:13:02,Мотор стеклоочистителя 810W26401-6143 HOWO ORIG,3,2981,Howo,810W26401-6143,Хабаровск
2026-01-06 14:13:02,Мотор стеклоочистителя D-127896 / 810W26401-6143 HOWO Дизель,3,2743,Дизель,D-127896,Хабаровск
2026-01-06 14:13:02,Мотор стеклоочистителя WM-HN01,1,2116,JMC,WM-HN01,Хабаровск
2026-01-06 14:13:02,Мотор стеклоочистителя WM-HN04,1,4969,Ootoko,WM-HN04,Хабаровск
2026-01-06 14:13:02,Мотор стеклоочистителя WM-IS01,1,2568,JMC,WM-IS01,Хабаровск
2026-01-06 14:13:02,Мотор стеклоочистителя WM-IS02,1,2820,JMC,WM-IS02,Хабаровск
2026-01-06 14:13:02,Мотор стеклоочистителя WM-MC02,1,4519,JMC,WM-MC02,Хабаровск
2026-01-06 14:13:02,Мотор стеклоочистителя WM-TY01,1,2436,JMC,WM-TY01,Хабаровск
2026-01-06 14:13:02,Мотор стеклоподъемника D-128138 / 1-74418-176-0 RH ISUZU CYZ52/EXZ51 Дизель,1,2229,Дизель,D-128138,Хабаровск
2026-01-06 14:13:02,Муфта вентилятора 1610019 EF100 16250-1021,2,17575,JAC,16250-1021,Хабаровск
2026-01-06 14:13:02,Муфта вентилятора 4D33/34/35 ME013574 SHIMAHIDE,1,6741,Shimahide,ME013574,Хабаровск
2026-01-06 14:13:02,Муфта вентилятора 4G64/4M40/4D33 D-129298 / MD338761 Дизель,2,3202,Дизель,D-129298,Хабаровск
2026-01-06 14:13:02,Муфта вентилятора 4HK1 NP/NQR/NPS/NPR75/NQR90/FSR90 04~ D-127160/8-98019-743-0/8-98158-388-0 Дизель,14,3758,Дизель,D-127160,Хабаровск
2026-01-06 14:13:02,Муфта вентилятора D-126213 / 16250-1750 / S1625-01750 / 16250-78110/11 / E0250 / E0251 N04C Дизель,23,5023,Дизель,D-126213,Хабаровск
2026-01-06 14:13:02,Муфта вентилятора D-126455 / 202V06600-7060 Sitrak C7H Дизель,7,18132,Дизель,D-126455,Хабаровск
2026-01-06 14:13:02,Муфта вентилятора D-127127 / 8-97139-299-0 4HF1/4HG1 Дизель,2,3285,Дизель,D-127127,Хабаровск
2026-01-06 14:13:02,Муфта вентилятора D-127324 / 1-21650-200-0 / 1-21650-208-0 / 8-98071-040-0 6WF1/10PE1/6WG1 Дизель,1,10962,Дизель,D-127324,Хабаровск
2026-01-06 14:13:02,Муфта вентилятора D-128833 / ME240908 4M50/51 Дизель,2,5375,Дизель,D-128833,Хабаровск
2026-01-06 14:13:02,Муфта вентилятора D-128834 / ME035321 / ME075005 / ME075013 6D16/17 Дизель,4,4081,Дизель,D-128834,Хабаровск
2026-01-06 14:13:02,Муфта вентилятора VC-207,1,2145,JMC,VC-207,Хабаровск
2026-01-06 14:13:02,Муфта вентилятора электрическая D-128606 / 612630060536 WP12 SHACMAN X3000 Дизель,1,19935,Дизель,D-128606,Хабаровск
2026-01-06 14:13:02,Муфта выжимного подшипника C-002 /UCB-002 30501-90020 PM !,5,1462,Paul Master,C-002,Хабаровск
2026-01-06 14:13:02,Муфта выжимного подшипника C-004 / HCB-004 31231-1111 PM,3,1826,Paul Master,HCB-004,Хабаровск
2026-01-06 14:13:02,"Муфта выжимного подшипника C-005 ME675576 FP/FT/FS/FY/FU5# 00,01`~ PM !",5,726,Paul Master,C-005,Хабаровск
2026-01-06 14:13:02,Муфта выжимного подшипника C-006 ME655779 FP415/418 FV415 83-96` PM !,13,726,Paul Master,C-006,Хабаровск
2026-01-06 14:13:02,Муфта выжимного подшипника C-011 ME625365 FK315/16/25 86-90` FK415/16/25/35/515 84-91` PM !,21,1157,Paul Master,C-011,Хабаровск
2026-01-06 14:13:02,Муфта выжимного подшипника MK-001 / FCB-001 ME629194 PM,2,2262,Paul Master,FCB-001,Хабаровск
2026-01-06 14:13:02,Муфта выжимного подшипника RP-001 / FCB-002 ME670582 PM,4,2036,Paul Master,FCB-002,Хабаровск
2026-01-06 14:13:02,Муфта выжимного подшипника С-005 МЕ675576,1,900,JMC,МЕ675576,Хабаровск
2026-01-06 14:13:02,Муфта выжимного подшипника С-006 МЕ655779,2,900,JMC,МЕ655779,Хабаровск
2026-01-06 14:13:02,Муфта синхронизатора КПП 6 передачи в сборе D-128554 / 8-97367-022-0 NPR75/NQR90 Дизель,10,3267,Дизель,D-128554,Хабаровск
2026-01-06 14:13:02,Муфта синхронизатора КПП 60531891/A9452626523 / 154388 Mercedes/Euroricambi !,1,8757,Euroricambi,60.53.1891,Хабаровск
2026-01-06 14:13:02,Набор резиновых масло-бензо стойких уплотнительных колец OR-SET/GE-238,1,205,JMC,GE-238,Хабаровск
2026-01-06 14:13:02,Нагревательный эл. блока подготовки возд. II30460004 Mercedes/Knorr-Bremse !,4,5471,Knorr Bremse,II30460004,Хабаровск
2026-01-06 14:13:02,Нагревательный элемент осушителя A0005481670 / 4324109322 / 294386/2261107Mercedes !,4,4395,Дизель,A0005481670,Хабаровск
2026-01-06 14:13:02,Нажимной фитинг 8938030370 WABCO !,1,405,Wabco,8938030370,Хабаровск
2026-01-06 14:13:02,Накладка бампера LH D-128162 / WG1664245003 HOWO Дизель,18,677,Дизель,D-128162,Хабаровск
2026-01-06 14:13:02,Накладка бампера LH D-128162 / WG1664245003 HOWO Дизель дефект,1,473,Дизель,D-128162,Хабаровск
2026-01-06 14:13:02,Накладка бампера RH D-128163 / WG1664245004 HOWO Дизель,13,677,Дизель,D-128163,Хабаровск
2026-01-06 14:13:02,Накладка бампера угловая LH D-128778 / 8-98138-789-3 металлическая CYZ52/EXZ52 Дизель,4,3980,Дизель,D-128778,Хабаровск
2026-01-06 14:13:02,Накладка бампера угловая RH D-128779 / 8-98138-788-3 металлическая CYZ52/EXZ52 Дизель,4,3980,Дизель,D-128779,Хабаровск
2026-01-06 14:13:02,Накладка двери LH D-128780 / 8-98234-067-0 C-series Дизель,3,5471,Дизель,D-128780,Хабаровск
2026-01-06 14:13:02,Накладка двери RH D-128781 / 8-98234-066-0 C-series Дизель,5,5471,Дизель,D-128781,Хабаровск
2026-01-06 14:13:02,Накладка задней тормозной колодки BN04000050-MCPSZ N120 JAC ORIG,98,704,JAC,BN04000050-MCPSZ,Хабаровск
2026-01-06 14:13:02,Накладка кабины боковая L D-128782 / 8-97407-507-2 F-series Дизель,18,1325,Дизель,D-128782,Хабаровск
2026-01-06 14:13:02,Накладка кабины боковая R D-125042 / 8-97407-506-2 F-series Дизель,6,1320,Дизель,D-125042,Хабаровск
2026-01-06 14:13:02,Накладка кабины левая D-126744 / 812W62410-6031 HOWO T5G (компл из 2х частей) Дизель,2,1780,Дизель,D-126744,Хабаровск
2026-01-06 14:13:02,Накладка передней торм колодки верх D-125889 / AK35013235GJH JAC N350 Дизель,239,316,Дизель,D-125889,Хабаровск
2026-01-06 14:13:02,Накладка передней торм колодки ниж D-125890 / AK35013225GJH JAC N350 Дизель,297,316,Дизель,D-125890,Хабаровск
2026-01-06 14:13:02,Накладка порога правая 83185-5H001-AQ HYUNDAI HD65/72/78 ORIG,31,757,Hyundai-Kia,83185-5H001,Хабаровск
2026-01-06 14:13:02,Накладка порога правой двери D-124998 / 8-97405-389-1 N-series Дизель,2,1096,Дизель,D-124998,Хабаровск
2026-01-06 14:13:02,Накладка противоскользящая бампера верх D-126548 / 812W41610-2871 Sitrak C7H Дизель,2,218,Дизель,D-126548,Хабаровск
2026-01-06 14:13:02,"Накладка сцепления 275*180*3,5",1,593,JMC,"275*180*3,5",Хабаровск
2026-01-06 14:13:02,"Накладка тормозная (к-т на ось) D-126034 / T320-1104 Canter / Titan 320-120 x 11,0-307 Дизель",27,1702,Дизель,D-126034,Хабаровск
2026-01-06 14:13:02,Накладка тормозная (к-т на ось) D-126178 / T420-1900 / Z4206-1900 190х15.8х184 MMC/Fuso Дизель,30,4558,Дизель,D-126178,Хабаровск
2026-01-06 14:13:02,Накладка тормозная (к-т на ось) D-126188 / T400-1200 / Z4006-1200 / AL-6200F Дизель,25,3310,Дизель,D-126188,Хабаровск
2026-01-06 14:13:02,Накладка тормозная (к-т на ось) D-126189/T370-1500/Z3706-1500/AL-6500R/1611L35 Дизель,1,3250,Дизель,D-126189,Хабаровск
2026-01-06 14:13:02,Накладка тормозная (к-т на ось) D-126192/T320-758A / Z3206-758 / 205K Mitsubishi Canter Дизель,54,1330,Дизель,D-126192,Хабаровск
2026-01-06 14:13:02,Накладка тормозная (к-т на ось) D-126193 / T320-1451 / 47443-2791 6*12 8451R HINO Дизель,17,2897,Дизель,D-126193,Хабаровск
2026-01-06 14:13:02,Накладка тормозная (к-т на ось) D-126201 / T320-1201 / 1-47125-339-0 120х12.8-308 Isuzu FSR113 Дизель,56,2322,Дизель,D-126201,Хабаровск
2026-01-06 14:13:02,Накладка тормозная (к-т на ось) D-126204 / T320-1101 / MC895080 6*12 MITSUBISHI FK 102 Дизель,28,1892,Дизель,D-126204,Хабаровск
2026-01-06 14:13:02,Накладка тормозная (к-т на ось) D-127163 / T410-1800 / 44066-90315 180*17.8-197 NISSAN Дизель,6,5232,Дизель,D-127163,Хабаровск
2026-01-06 14:13:02,Накладка тормозная (к-т на ось) D-127515 / T300-751A / 5-87870-017-0 75*7.7-281 Isuzu Дизель,20,954,Дизель,D-127515,Хабаровск
2026-01-06 14:13:02,Накладка тормозная (к-т на ось) D-127519 / Z4068-2295 HINO 500 зад. E-5 Дизель,14,5440,Дизель,D-127519,Хабаровск
2026-01-06 14:13:02,Накладка тормозная (к-т на ось) D-127530 / T370-1200 / Z3708-1200 / AL-4200 Дизель,3,2933,Дизель,D-127530,Хабаровск
2026-01-06 14:13:02,Накладка тормозная (к-т на ось) D-129301 / T410-1600 Z4104-1600 160*16.0*207/191 ISUZU Дизель,1,5061,Дизель,D-129301,Хабаровск
2026-01-06 14:13:02,Накладка тормозная (к-т на ось) D-126182 / T410-1801 / 1-88302-879-0 180*15.8-191 4401 Isuzu 51K Дизель,8,4998,Дизель,D-126182,Хабаровск
2026-01-06 14:13:02,Накладка тормозная (к-т на ось) D-126183 / T410-1501 / MC832450 / MC895585 / 6501F 150х15.5-192 Дизель,3,4825,Дизель,D-126183,Хабаровск
2026-01-06 14:13:02,Накладка тормозная (к-т на ось) D-126185 / T410-1400 / 1-88302-855-0 140*15.8-191 4401 Isuzu 51K Дизель,5,4276,Дизель,D-126185,Хабаровск
2026-01-06 14:13:02,Накладка тормозная (штучно) D-127605 / 3502.36G-105 JAC Дизель,1,714,Дизель,D-127605,Хабаровск
2026-01-06 14:13:02,"Накладка тормозная D-125491/1-87610-173-0/1-88311-314-0 (8шт, на ось) CYZ51/CYZ52/FVR34 Дизель",53,3960,Дизель,D-125491,Хабаровск
2026-01-06 14:13:02,Накладка тормозная (к-т на ось) D-126179 / T410-2205 / MC832472 / MC895872 / 6205R 220х15.5-192 FV515 Дизель,24,5729,Дизель,D-126179,Хабаровск
2026-01-06 14:13:02,Накладка тормозная (к-т на ось) D-126181 / T410-2202 / 44066-90600 220*15.5-192 6*20 AF320 NISSAN CB46 Дизель,16,5270,Дизель,D-126181,Хабаровск
2026-01-06 14:13:02,Накладка тормозная (к-т на ось) D-126186 / T406-2030 / 47441-1670 203*15.3-195 6*16/AF248 HINO ZM440 Дизель,28,5668,Дизель,D-126186,Хабаровск
2026-01-06 14:13:02,Накладка тормозная D-126187 / T406-1270 / 47441-5670 127*15.3-195 8270F (к-т на ось) HINO ZM440 Дизель,19,3886,Дизель,D-126187,Хабаровск
2026-01-06 14:13:02,Накладка тормозная (к-т на ось) D-126195 / T320-1400 / MC869158 140*11.5-143 6*12 AF4062 MITSUBISHI FK 415 Дизель,24,2426,Дизель,D-126195,Хабаровск
2026-01-06 14:13:02,Накладка тормозная D-126196 / T320-1350 / 44066-Z5273 135*11.5-143 6*12 AF327 (к-т на ось) NISSAN Дизель,36,2348,Дизель,D-126196,Хабаровск
2026-01-06 14:13:02,Накладка тормозная (к-т на ось) D-126197 / T320-1300/44066-Z5626 130*11.5-143 6*12 AF325 MITSUBISHI FK102 Дизель,10,1983,Дизель,D-126197,Хабаровск
2026-01-06 14:13:02,Накладка тормозная (к-т на ось) D-126202 / T320-1151 / 44066-Z5828 1151х11.5-143 6х12 MITSUBISHI FK 102 Дизель,6,1805,Дизель,D-126202,Хабаровск
2026-01-06 14:13:02,Накладка тормозная D-126207 / 58305-45A30 / 58144-45A60 85mm к-т 4шт с заклепками 40шт HD72 Дизель,40,1476,Дизель,D-126207,Хабаровск
2026-01-06 14:13:02,Накладка тормозная D-126208 / 58342-7J500 Hyundai с104pcs заклепками (8шт в к-те) HD160-450 Дизель,59,2212,Дизель,D-126208,Хабаровск
2026-01-06 14:13:02,"Накладка тормозная D-127017 / K1L07A / 58305-45A61 110mm 4шт, без заклепок FR/RR HD78 Fuso Дизель",5,2716,Дизель,D-127017,Хабаровск
2026-01-06 14:13:02,"Накладка тормозная (к-т на ось) D-127019/T410-2208/Z4104-2208/1-88310-775-0 (к-т на ось, заклепки в комплекте)HINO NEW Дизель",3,6964,Дизель,D-127019,Хабаровск
2026-01-06 14:13:02,Накладка тормозная D-127021 / Т410-1601 / 1-88311-314-0 (8 шт в компл) CYZ51/CYZ52/FVR Дизель,80,4844,Дизель,D-127021,Хабаровск
2026-01-06 14:13:02,Накладка тормозная (к-т на ось) D-127388 / T410-2004 / Z4104-2004 / 1-88310-513-2/1/0 200х16.0х207/191 Дизель,5,4073,Дизель,D-127388,Хабаровск
2026-01-06 14:13:02,Накладка тормозная D-127514 / K1L07A /58305-45A61 110mm Fuso (компл. 4шт. с заклепками(56 шт)Дизель,7,1716,Дизель,D-127514,Хабаровск
2026-01-06 14:13:02,Накладка тормозная (к-т на ось) D-127529 / T320-755A / 5-88300-002-0 / AL-4755A 75*9.6-291 NKR66/NPR66 Дизель,39,1505,Дизель,D-127529,Хабаровск
2026-01-06 14:13:02,"Накладка тормозная D-128061/T410-1750 Z4106-1750/175*15,5-192(410) (к-т на ось) Дизель",7,5917,Дизель,D-128061,Хабаровск
2026-01-06 14:13:02,Накладка тормозная (к-т на ось) D-129302 /T410-2000/MC809770/MC895697 200*15.5-191 6200R MITSUBISHI T850 Дизель,15,6766,Дизель,D-129302,Хабаровск
2026-01-06 14:13:02,"Накладка тормозная STD 203*8"" 1535249/BL2102 (4шт/к-т) Scania",38,1676,Дизель,1535249,Хабаровск
2026-01-06 14:13:02,"Накладка тормозная STD 254*10"" 1535250/BL2103 (4шт/к-т) Scania",37,1840,Дизель,1535250,Хабаровск
2026-01-06 14:13:02,Накладка тормозная (к-т на ось) T320-1207 /D-126199 / 5-87831-692-0 120*11*331/308 Богдан/NPR/NQR75/71 перед/зад Дизель,85,2116,Дизель,D-126199,Хабаровск
2026-01-06 14:13:02,"Накладка тормозная (к-т на ось) T320-1250 / Z3208-1250 HINO PROFIA FW/KK/SD, HINO RANGER FC/FD/FT/GD/KD 89-90",41,2090,Дизель,D-126198,Хабаровск
2026-01-06 14:13:02,Накладка тормозная Uza D-129303 / HR400 220 48 / 44066-90166 (8шт) Дизель !,25,2782,Дизель,D-129303,Хабаровск
2026-01-06 14:13:02,Накладка тормозная задняя (штучно) D-125886 / AK35020842BZ7 JAC N350 Дизель,344,943,Дизель,D-125886,Хабаровск
2026-01-06 14:13:02,Накладка тормозная задняя D-125202/1-88310-773-1/1-88310-773-0 (комплект на колесо 4 шт)FVR34 Дизель,36,2626,Дизель,D-125202,Хабаровск
2026-01-06 14:13:02,Накладка тормозная задняя D-128426 / DZ9112340063 175х220 8отв. SHACMAN Дизель,2,231,Дизель,D-128426,Хабаровск
2026-01-06 14:13:02,Накладка тормозная задняя D-128427 / DZ9112340062 217х220 10отв. SHACMAN Дизель,17,231,Дизель,D-128427,Хабаровск
2026-01-06 14:13:02,Накладка тормозная задняя D-128654 / HD90149340094 / CK5287 190х220 8отв SHACMAN X3000 Дизель,1,370,Дизель,D-128654,Хабаровск
2026-01-06 14:13:02,"Накладка тормозная Хино 500 перед D-127521/T370-1201/Z3706-1201/Z3706-1202/120*15,0/14,0*185 (к-т на ось) Дизель",69,3078,Дизель,D-127521,Хабаровск
2026-01-06 14:13:02,Накладка тормозная Хино 700 перед (к-т на ось) D-126175 / T406-1521 / 47441-6330 152*15.3-195 8521F Дизель,1,4222,Дизель,D-126175,Хабаровск
2026-01-06 14:13:02,Накладка угловая D-125891 / 5302020LE090 JAC N56 Дизель,6,847,Дизель,D-125891,Хабаровск
2026-01-06 14:13:02,Накладка угловая D-126875 / 5302030LE090 JAC N56 Дизель,8,847,Дизель,D-126875,Хабаровск
2026-01-06 14:13:02,Накладки сцепления 350*195*4.0,1,931,JMC,350*195*4,Хабаровск
2026-01-06 14:13:02,"Накладки сцепления 350*220*5,0",1,931,JMC,350*220*5,Хабаровск
2026-01-06 14:13:02,Накладки торм. (к-т на ось) T320-1151/44066-Z5828 115.1*11.5-143 6*12 MITSUBISHI FK102,1,1315,JMC,T320-1151,Хабаровск
2026-01-06 14:13:02,Накладки торм. (к-т на ось) T400-1300,2,2050,Zevs,Z4001-1300,Хабаровск
2026-01-06 14:13:02,Накладки торм. (к-т на ось) T410-1401/Z4106-1401//226,3,3522,JMC,T410-1401,Хабаровск
2026-01-06 14:13:02,Накладки торм. (к-т на ось) T410-1600 Z4104-1600 160*16.0*207/191 ISUZU,1,4064,JMC,T410-1600,Хабаровск
2026-01-06 14:13:02,Накладки торм. (к-т на ось) T410-1790/91/80/81/Z4104-1790/178*14.5*210/194 прицеп,1,2056,JMC,T410-1790,Хабаровск
2026-01-06 14:13:02,Накладки торм. (к-т на ось) T410-2004,3,3417,Zevs,Z4104-2004,Хабаровск
2026-01-06 14:13:02,Накладки торм. (к-т на ось) Z4206-1900 T420-1900,1,5012,JMC,T420-1900,Хабаровск
2026-01-06 14:13:02,Накладки тормозн. AZ9761340104(А103)/,3,308,Дизель,AZ9761340104(А103),Хабаровск
2026-01-06 14:13:02,Накладки тормозные (к-т на ось) AC2126-STD/A6594234010 Mercedes/Techno Brake !,2,3167,Technobrake,AC2126 STD,Хабаровск
2026-01-06 14:13:02,"Накладки тормозные (к-т на ось) D-127527 / A6594233810 / 81502216103 18.8 mm rear, Mercedes ! Дизель",108,3091,Дизель,D-127527,Хабаровск
2026-01-06 14:13:02,Накладки тормозные (штучно) AZ9761340103/,5,228,Дизель,AZ9761340103,Хабаровск
2026-01-06 14:13:02,Накладки тормозные AL-3361 T320-905 (комплект 4шт) ASUKI,2,942,JMC,T320-905,Хабаровск
2026-01-06 14:13:02,Накладки тормозные (к-т на ось) D-126176 / T406-2160 / 47441-5350 задние 216х15.3-195 6х16 ML/27/1 HINO700 Дизель,17,5974,Дизель,D-126176,Хабаровск
2026-01-06 14:13:02,Накладки тормозные задние (к-т на ось) D-129305 / 11854/2992123 (410*200) Iveco Дизель !,53,1876,Дизель,D-129305,Хабаровск
2026-01-06 14:13:02,Накладки тормозные задние D-126177 / 1-88310-773-1 / 1-88310-773-0 на колесо 4 шт FVR34 Дизель,107,2795,Дизель,D-126177,Хабаровск
2026-01-06 14:13:02,"Накладки тормозные (к-т на ось) A6594233810/A6174230730/A6594233010/19496(18.8mm repair, rear) Mercedes !",8,4025,IBK,WVA19496,Хабаровск
2026-01-06 14:13:02,Накладки тормозные перед/зад (к-т на ось) с заклепками 58144-5MA30 Hyundai HD78 E-5 120мм ORIG,1,15954,Hyundai-Kia,58144-5MA30,Хабаровск
2026-01-06 14:13:02,Накладки тормозные передние (к-т на ось) D-129306 / 11856/2992113 (410*180) Дизель !,41,1580,Дизель,D-129306,Хабаровск
2026-01-06 14:13:02,Накладки тормозные передние (к-т на ось) ENP4702D/A3222M2223,1,2198,JMC,A3222M2223,Хабаровск
2026-01-06 14:13:02,Наконечник 199018470024-25 Howo,3,219,Дизель,199018470024,Хабаровск
2026-01-06 14:13:02,Наконечник вентиля подкачки 45 град. (металлич) D-129853 Дизель,9,101,Дизель,D-129853,Хабаровск
2026-01-06 14:13:02,Наконечник вентиля подкачки 90 град. (металлич) D-129854 Дизель,3,113,Дизель,D-129854,Хабаровск
2026-01-06 14:13:02,Наконечник кулисы КПП D-125056 / 1-33670-413-1 Дизель,21,276,Дизель,D-125056,Хабаровск
2026-01-06 14:13:02,Наконечник рулевой 0K43A-32510 / OW023-32510 BONGO III 2.9 !,1,836,Дизель,OW023-32510,Хабаровск
2026-01-06 14:13:02,Наконечник рулевой 0K710-32240 BONGO III 2.7L-J2 5MT4WD/2WD/ 2.5L - 4D56 TCI !,1,925,Дизель,0K710-32-240,Хабаровск
2026-01-06 14:13:02,Наконечник рулевой 48520-VW025,1,1197,JMC,48520-VW025,Хабаровск
2026-01-06 14:13:02,Наконечник рулевой 56890-6A001 HYUNDAI ORIG,5,5848,Hyundai-Kia,56890-6A001,Хабаровск
2026-01-06 14:13:02,Наконечник рулевой 8-98105-073-0,1,10734,JMC,8-98105-073-0,Хабаровск
2026-01-06 14:13:02,Наконечник рулевой 8-98105-074-0,1,10734,JMC,8-98105-074-0,Хабаровск
2026-01-06 14:13:02,Наконечник рулевой 8-98127-017-0,1,10321,JMC,8-98127-017-0,Хабаровск
2026-01-06 14:13:02,Наконечник рулевой 8-98127-018-0,1,10321,JMC,8-98127-018-0,Хабаровск
2026-01-06 14:13:02,Наконечник рулевой Asia 23-460 R SW,1,2296,Samwoo,23-460,Хабаровск
2026-01-06 14:13:02,Наконечник рулевой Asia 23-460-1 L SW,1,2296,Samwoo,23-460-1,Хабаровск
2026-01-06 14:13:02,Наконечник рулевой D-129308 / 3003025-1H FAW Дизель,9,1170,Дизель,D-129308,Хабаровск
2026-01-06 14:13:02,Наконечник рулевой L D-126404 / 1-43150-802-0 Дизель,39,2517,Дизель,D-126404,Хабаровск
2026-01-06 14:13:02,Наконечник рулевой MC891878 MC891040,1,9909,JMC,MC891878,Хабаровск
2026-01-06 14:13:02,Наконечник рулевой MC891879 MC891041,1,9909,JMC,MC891879,Хабаровск
2026-01-06 14:13:02,Наконечник рулевой Nissan 48570-90065 / 30-612-9 R SW !,3,3084,Samwoo,30-612-9,Хабаровск
2026-01-06 14:13:02,Наконечник рулевой Nissan 48571-90065 / 30-612-9-1 L SW !,2,3084,Samwoo,30-612-9-1,Хабаровск
2026-01-06 14:13:02,Наконечник рулевой R 8-98228-106-0/8-98096-753-0 CYZ52 SKV,1,3337,SKV,8-98228-106-0,Хабаровск
2026-01-06 14:13:02,Наконечник рулевой R D-126405 / 1-43150-801-0 Дизель,34,2517,Дизель,D-126405,Хабаровск
2026-01-06 14:13:02,Наконечник рулевой тяги 1-43150-439-0 ISUZU CXZ71 86~ 10PC1 SE-5181R CH,3,4911,Chase,1-43150-349-0,Хабаровск
2026-01-06 14:13:02,Наконечник рулевой тяги 1-43150-677-0 RH WK,2,3874,Дизель,1-43150-677-0,Хабаровск
2026-01-06 14:13:02,Наконечник рулевой тяги 48570-0T300,1,1001,Zevs,48570-0T300,Хабаровск
2026-01-06 14:13:02,Наконечник рулевой тяги 48570-NA000,1,10321,JMC,48570-NA000,Хабаровск
2026-01-06 14:13:02,Наконечник рулевой тяги 48571-NA000,1,10734,JMC,48571-NA000,Хабаровск
2026-01-06 14:13:02,"Наконечник рулевой тяги 56880-5К000, LHD LH",1,2614,JMC,56880-5К000,Хабаровск
2026-01-06 14:13:02,Наконечник рулевой тяги 56890-5K000 HYUNDAI HD65/72/78/120 RH ORIG,20,4431,Hyundai-Kia,56890-5K000,Хабаровск
2026-01-06 14:13:02,Наконечник рулевой тяги 8-98054-851-0,1,12015,JMC,8-98054-851-0,Хабаровск
2026-01-06 14:13:02,Наконечник рулевой тяги 8-98054-853-0,1,11988,JMC,8-98054-853-0,Хабаровск
2026-01-06 14:13:02,Наконечник рулевой тяги D-127165 / 8-97222-510-0 / 8-97142-101-1 NKR `97~ Дизель,18,591,Дизель,D-127165,Хабаровск
2026-01-06 14:13:02,Наконечник рулевой тяги HIN 45046-39745 HINO 300 E3/DYNA BU410 '04~ CH,7,2886,Chase,45046-39745,Хабаровск
2026-01-06 14:13:02,Наконечник рулевой тяги HIN 45420-1940/S4542-01940RH HINO FB4#/FB5# 5T Y,22,1313,Yamasida,45420-1940,Хабаровск
2026-01-06 14:13:02,Наконечник рулевой тяги HIN 45430-1940/S4543-01940 LH HINO FB4#/FB5# 5T Y,1,923,Yamasida,45430-1940,Хабаровск
2026-01-06 14:13:02,Наконечник рулевой тяги HIN S4540-E0390 RH HINO FD/500# 10.4Ton 2003~ CH,4,3060,Chase,S4540-E0390,Хабаровск
2026-01-06 14:13:02,Наконечник рулевой тяги HIN S4550-E0170/E0150 HINO 500 FD8/GD8/GH8 LH Y,28,6761,Yamasida,S4550-E0170,Хабаровск
2026-01-06 14:13:02,"Наконечник рулевой тяги HYUNDAI 56880-5K000 HD65,72,78,120 LH ORIG",4,4431,Hyundai-Kia,56880-5K000,Хабаровск
2026-01-06 14:13:02,Наконечник рулевой тяги ISU 1-43150-349-0 SRM 83- EXR `94~ #340 SE-5261R Y,11,7404,Yamasida,1-43150-349-0,Хабаровск
2026-01-06 14:13:02,Наконечник рулевой тяги ISU 1-43150-350-0/1-43150-631-0 SRM 83- EXR `94~ #340 SE-5261L Y,11,7404,Yamasida,1-43150-350-0,Хабаровск
2026-01-06 14:13:02,Наконечник рулевой тяги ISU 1-43150-439-1 CXZ71 `86~ 10PC1 SE-5181R CH !,6,4484,Chase,1-43150-439-1,Хабаровск
2026-01-06 14:13:02,Наконечник рулевой тяги ISU 1-43150-440-1 CXZ71 `86~ 10PC1 SE-5181L CH !,3,4484,Chase,1-43150-440-1,Хабаровск
2026-01-06 14:13:02,Наконечник рулевой тяги ISU 1-43150-670-0 FRR32 `90~`93 RH CH !,1,2849,Chase,1-43150-670-0,Хабаровск
2026-01-06 14:13:02,Наконечник рулевой тяги ISU 1-43150-671-0 FRR32 `90~`93 LH CH,4,4124,Chase,1-43150-671-0,Хабаровск
2026-01-06 14:13:02,"Наконечник рулевой тяги ISU 1-43150-677-2/1-43150-347-0 FTR, FVR '96~ , FSR33, FRR CH !",2,3948,Chase,1-43150-677-2,Хабаровск
2026-01-06 14:13:02,Наконечник рулевой тяги ISU 1-43150-748-1 R FRR/FSR/FSR90 CH,2,3685,Chase,1-43150-748-1,Хабаровск
2026-01-06 14:13:02,Наконечник рулевой тяги ISU 1-43150-876-0 FORWARD/FRS.GSR.FSD.FRR.FTR.FSR-S/'04~ R CH,1,3440,Chase,1-43150-876-0,Хабаровск
2026-01-06 14:13:02,Наконечник рулевой тяги ISU 6WA1-HEAD ISUZU CH !,12,911,Chase,ISUZU-6WA1-HEAD,Хабаровск
2026-01-06 14:13:02,"Наконечник рулевой тяги ISU 8-94103-223-2/8-94419-609-0 L NPR,NKR-84~ 4HF1 NPS/NPR/NQR Y",25,1320,Yamasida,8-94103-223-2,Хабаровск
2026-01-06 14:13:02,Наконечник рулевой тяги ISU 8-98096-754-0 /8-98228-107-0 L C#/E#/FVR34 10~ SKV,22,2947,SKV,8-98096-754-0,Хабаровск
2026-01-06 14:13:02,Наконечник рулевой тяги ISUZU-NKR-HEAD ISUZU (2 шт в компл.) CH !,29,992,Chase,ISUZU-NKR-HEAD,Хабаровск
2026-01-06 14:13:02,Наконечник рулевой тяги L D-127678 / 3003510LE010 N75/90 JAC Дизель,2,522,Дизель,D-127678,Хабаровск
2026-01-06 14:13:02,Наконечник рулевой тяги MAZDA W782-32-510 / 8WA1-32-510,1,1206,Zevs,W782-32-510,Хабаровск
2026-01-06 14:13:02,Наконечник рулевой тяги MK309710\MK996333; SE-7891R; MMC; (2шт в уп); (ТАЙВАНЬ)(Ш),1,1414,JMC,MK309710,Хабаровск
2026-01-06 14:13:02,Наконечник рулевой тяги MMC FUSO-6D16-HEAD CH !,6,537,Chase,FUSO-6D16-HEAD,Хабаровск
2026-01-06 14:13:02,Наконечник рулевой тяги MMC FUSO-8DC9-HEAD CH !,3,770,Chase,FUSO-8DC9-HEAD,Хабаровск
2026-01-06 14:13:02,Наконечник рулевой тяги MMC FUSO-T850/6D22 HEAD CH !,5,911,Chase,FUSO-T850/6D22 HEAD,Хабаровск
2026-01-06 14:13:02,Наконечник рулевой тяги MMC MC813170 FUSO 8DC11 FV4#FP4# CH !,3,4220,Chase,MC813170,Хабаровск
2026-01-06 14:13:02,Наконечник рулевой тяги MMC MC813171 FUSO 8DC11 FV4#FP4# CH !,1,4220,Chase,MC813171,Хабаровск
2026-01-06 14:13:02,Наконечник рулевой тяги MMC MC891873/MK448262 FUSO FT5#/FU5#/FV5# RH CH,3,9754,Chase,MC891873,Хабаровск
2026-01-06 14:13:02,Наконечник рулевой тяги MMC MK363169 FB50#/FD50# (тавотница слева) Y,86,1133,Yamasida,MK363169,Хабаровск
2026-01-06 14:13:02,"Наконечник рулевой тяги NIS 48570-00Z04 R UD PK 13T,15TON CH",2,11146,Chase,48570-00Z04,Хабаровск
2026-01-06 14:13:02,Наконечник рулевой тяги NIS 48570-0T300 ATLAS/CONDOR H41 91~ CH !,4,1162,Chase,48570-0T300,Хабаровск
2026-01-06 14:13:02,Наконечник рулевой тяги NIS 48570-0T300 ATLAS/CONDOR H41 91~4WD CH !,8,1050,Chase,48570-0T300,Хабаровск
2026-01-06 14:13:02,Наконечник рулевой тяги NIS 48570-90203/48570-90212 UD CD53C CW54S RH CH !,24,4104,Chase,48570-90203,Хабаровск
2026-01-06 14:13:02,Наконечник рулевой тяги NIS 48570-J5100 R SE-4381R ATLAS/CONDOR H40 CH !,1,539,Chase,48570-J5100,Хабаровск
2026-01-06 14:13:02,Наконечник рулевой тяги NIS 48571-00Z79 UD CK/CD`01~ CH,1,9579,Chase,48571-00Z79,Хабаровск
2026-01-06 14:13:02,Наконечник рулевой тяги NIS 48571-90203/48571-90212 UD CD53C CW54S LH CH !,16,2226,Chase,48571-90203,Хабаровск
2026-01-06 14:13:02,Наконечник рулевой тяги NIS 48580-J5100 L SE-4381L ATLAS/CONDOR H40 Y,19,712,Yamasida,48580-J5100,Хабаровск
2026-01-06 14:13:02,Наконечник рулевой тяги NISSAN NS-90162R 48570-90162,1,4566,JMC,48570-90162,Хабаровск
2026-01-06 14:13:02,Наконечник рулевой тяги NISSAN NS-90163L 48571-90163,1,4566,JMC,48571-90163,Хабаровск
2026-01-06 14:13:02,Наконечник рулевой тяги NISSAN NS-Z5179R 48570-Z5179,1,3693,JMC,48570-Z5179,Хабаровск
2026-01-06 14:13:02,Наконечник рулевой тяги R D-128430 / 3003060-1H FAW 3252 Дизель,2,812,Дизель,D-128430,Хабаровск
2026-01-06 14:13:02,Наконечник рулевой тяги S4540-E0170/E0150 HINO 500 FD8/GD8/GH8 RH Y,1,5709,Yamasida,S4540-E0170,Хабаровск
2026-01-06 14:13:02,Наконечник рулевой тяги SE-2953L/45044-69097 555,2,1090,JMC,SE-2953L,Хабаровск
2026-01-06 14:13:02,"Наконечник рулевой тяги SE-6421L 45430-1050 Ranger KL, KQ, KM",2,673,JMC,45430-1050,Хабаровск
2026-01-06 14:13:02,Наконечник рулевой тяги SE-7361L CEM-18L MB162811 555,1,484,JMC,SE-7361L,Хабаровск
2026-01-06 14:13:02,Наконечник рулевой тяги TOY 45046-29325 DYNA/TOYOACE '96-'01 RH/LH CH !,94,475,Chase,45046-29325,Хабаровск
2026-01-06 14:13:02,Наконечник рулевой тяги TOY 45046-29405 DYNA/TOYOACE/DYNA150/250 01~ Y,1,815,Yamasida,45046-29405,Хабаровск
2026-01-06 14:13:02,Наконечник рулевой тяги TOY 45046-39185 R DYNA/TOYOACE BU6#7#8# 84~ Y,3,933,Yamasida,45046-39185,Хабаровск
2026-01-06 14:13:02,Наконечник рулевой тяги TOY 45046-39325 R DYNA BU1#2#/XZU130/140 96~ Y,35,1614,Yamasida,45046-39325,Хабаровск
2026-01-06 14:13:02,Наконечник рулевой тяги TOY 45046-39785 R DYNA/TOYOACE/HINO XZU3#4#/BU/BZU3# 04~ Y,5,1284,Yamasida,45046-39785,Хабаровск
2026-01-06 14:13:02,Наконечник рулевой тяги TOY 45047-39185 L DYNA/TOYOACE BU1#2#XZU130/140 95~ Y,2,1107,Yamasida,45047-39185,Хабаровск
2026-01-06 14:13:02,Наконечник рулевой тяги TOYOTA CELICA/COROLLA лев/прав DC17092,2,321,JMC,DC17092,Хабаровск
2026-01-06 14:13:02,Наконечник рулевой тяги W782-32-450 / 8AW1-32-450 CH,28,1520,Chase,W782-32-450,Хабаровск
2026-01-06 14:13:02,Наконечник рулевой тяги W782-32-510 / 8AW1-32-510 CH,28,1520,Chase,W782-32-510,Хабаровск
2026-01-06 14:13:02,Наконечник рулевой тяги левый D-126879 / WG9925430100 Sitrak C7H Дизель,12,1195,Дизель,D-126879,Хабаровск
2026-01-06 14:13:02,Наконечник рулевой тяги правый D-126880 / WG9925430200 Sitrak C7H Дизель,5,1195,Дизель,D-126880,Хабаровск
2026-01-06 14:13:02,Наконечник с наружн. мал резьбой AZ9118470024 Howo,3,570,CNHTC,AZ9118470024,Хабаровск
2026-01-06 14:13:02,"Наконечник троса КПП / 12x12L / M12x1,25 / CE12X12L / /",2,544,Zevs,12*12L,Хабаровск
2026-01-06 14:13:02,Наконечник троса КПП 8х8 L LONG (белые),3,250,JMC,8х8L,Хабаровск
2026-01-06 14:13:02,Наконечник тяги 1-43150-679-2 R ISUZU FRR Y,20,1324,Yamasida,1-43150-679-2,Хабаровск
2026-01-06 14:13:02,Наконечник тяги 1-43150-680-2 ISUZU FRR `94~ TOYO,30,913,Toyo,1-43150-680-2,Хабаровск
2026-01-06 14:13:02,Наконечник тяги 1-44517-021-0 R ISUZU CXG50 Y !,1,2888,Yamasida,1-44517-021-0,Хабаровск
2026-01-06 14:13:02,Наконечник тяги 1-44517-022-0 L ISUZU CXG50 CXZ81 Y !,1,2888,Yamasida,1-44517-022-0,Хабаровск
2026-01-06 14:13:02,Наконечник тяги 45046-29325 TOYOTA Y,27,1163,Yamasida,45046-29325,Хабаровск
2026-01-06 14:13:02,Наконечник тяги 48520-0T825 NISSAN ATLAS H41 91- Y,7,2568,Yamasida,48520-0T825,Хабаровск
2026-01-06 14:13:02,Наконечник тяги 48570-Z5007 NISSAN Y,22,2534,Yamasida,48570-Z5007,Хабаровск
2026-01-06 14:13:02,"Наконечник тяги 48571-Z5005 NISSAN UD CM87,88 `88~`96 Y",19,2567,Yamasida,48571-Z5005,Хабаровск
2026-01-06 14:13:02,Наконечник тяги 56880-5H000 HYUNDAI HD65/72/MIGHTY 98~ Y,4,2188,Yamasida,56880-5H000,Хабаровск
2026-01-06 14:13:02,Наконечник тяги 8-97039-462-0 R ISUZU NKR 93~ TOYO,24,634,Toyo,8-97039-462-0,Хабаровск
2026-01-06 14:13:02,Наконечник тяги 8-97039-462-0 R ISUZU NKR 93~ Y,31,1001,Yamasida,8-97039-462-0,Хабаровск
2026-01-06 14:13:02,Наконечник тяги 8-97039-463-0 L ISUZU NKR 93~ Y,31,1001,Yamasida,8-97039-463-0,Хабаровск
2026-01-06 14:13:02,Наконечник тяги 8-97142-100-1 R ISUZU NKR 97~ Y,40,1001,Yamasida,8-97142-100-1,Хабаровск
2026-01-06 14:13:02,Наконечник тяги D-128496 / 48570-Z5007 NISSAN Дизель,55,1518,Дизель,D-128496,Хабаровск
2026-01-06 14:13:02,"Наконечник тяги D-128497 / 48571-Z5005 NISSAN UD CM87,88~96 Дизель",55,1518,Дизель,D-128497,Хабаровск
2026-01-06 14:13:02,Наконечник тяги D-128503 / 8-97039-463-0 L ISUZU NKR 93~ Дизель,72,571,Дизель,D-128503,Хабаровск
2026-01-06 14:13:02,"Наконечник тяги D-128507 / 8-97107-319-1 ISU NPR, NKR-'96~ LH Дизель",69,596,Дизель,D-128507,Хабаровск
2026-01-06 14:13:02,Наконечник тяги D-128509 / 8-97107-346-0 NPR81/NKR81/LR85 Дизель,66,596,Дизель,D-128509,Хабаровск
2026-01-06 14:13:02,Наконечник тяги ISU 1-43150-737-1/1-43150-802-0 CYZ/CXZ/CXH 95~ LH Y,7,6288,Yamasida,1-43150-737-1,Хабаровск
2026-01-06 14:13:02,Наконечник тяги ISU/MAZ 8-97107-346-0 NPR81/NKR81/LR85 1K01-32-276 Y,25,1608,Yamasida,8-97107-346-0,Хабаровск
2026-01-06 14:13:02,Наконечник тяги L 8-98228-101-0/1-43150-857-0/-902-0 C/E series SKV,37,2935,SKV,8-98228-101-0,Хабаровск
2026-01-06 14:13:02,Наконечник тяги MB563774/MK997629 Fuso Canter FE6#/83 TOYO,12,754,Toyo,MB563774,Хабаровск
2026-01-06 14:13:02,Наконечник тяги MB563775/MK997628 Fuso Canter FE6#/83 TOYO,12,754,Toyo,MK997628,Хабаровск
2026-01-06 14:13:02,Наконечник тяги MB563775/MK997628 Fuso Canter FE6#/83 Y,9,1287,Yamasida,MK997628,Хабаровск
2026-01-06 14:13:02,Наконечник тяги MC805517/MK428157 L FUSO FK516 84~ Y,4,1540,Yamasida,MC805517,Хабаровск
2026-01-06 14:13:02,Наконечник тяги MC891647//MW033300 MMC FE3## Y,25,1098,Yamasida,MC891647,Хабаровск
2026-01-06 14:13:02,Наконечник тяги MK309710/MK997509/MC891911/MK996333/MC837948/MC891396 MMC FE53E/71B Y,7,1228,Yamasida,MK309710,Хабаровск
2026-01-06 14:13:02,Наконечник тяги R 8-98228-100-0/1-43150-856-0/-901-0 C/E series SKV,44,2946,SKV,8-98228-100-0,Хабаровск
2026-01-06 14:13:02,Наконечник тяги TOY 45046-39305 R DYNA/HINO BU1#2#/XZU130/140 96~ Y,5,692,Yamasida,45046-39305,Хабаровск
2026-01-06 14:13:02,Наконечник рулевой тяги 45047-39256 SE-T231L TOYOTA,26,1131,Yamasida,45047-39256,Хабаровск
2026-01-06 14:13:02,Наконечник тяги TOY 45047-39265 HINO DYNA XZU410 '00~ Y,14,1136,Yamasida,45047-39265,Хабаровск
2026-01-06 14:13:02,Наконечник тяги W023-99-323 MAZDA Titan WGFAT LH 1984- Y,31,994,Yamasida,W023-99-323,Хабаровск
2026-01-06 14:13:02,Наконечник тяги КПП D-128429 / 189000240031 Дизель,4,377,Дизель,D-128429,Хабаровск
2026-01-06 14:13:02,Наконечник тяги КПП МС025495 TZG,28,380,Дизель,MC025495,Хабаровск
2026-01-06 14:13:02,Направляющая суппорта FR 47715-60020 TOYOTA MARK/CHASER/CROWN 95-01 LAND CRUISER #100,5,244,Дизель,47715-60020,Хабаровск
2026-01-06 14:13:02,Направляющая суппорта MK448206 FR/RR FUSO CANTER SKV,903,200,SKV,MK448206,Хабаровск
2026-01-06 14:13:02,Направляющая суппорта MK449110 FR/RR с манжетой FUSO CANTER SKV,799,181,SKV,MK449110,Хабаровск
2026-01-06 14:13:02,Насос вакуумный 38617-45020 Hyundai HD65/78/County D4DB/DD ORIG,1,14142,Hyundai-Kia,38617-45020,Хабаровск
2026-01-06 14:13:02,Насос вакуумный MMC 4M50/MMC 4M51 / / / DF016VP; QY-VP28 / ME220745; ME225167 /,1,7102,Noname,DF016VP,Хабаровск
2026-01-06 14:13:02,Насос вакуумный QY-VP28 ME220745 ME225167,1,6697,JMC,ME220745,Хабаровск
2026-01-06 14:13:02,Насос вакуумный QY-VP31 29300-78080 29300-E0070,1,7065,JMC,29300-E0070,Хабаровск
2026-01-06 14:13:02,Насос водяной (помпа) D-128567 / 1000804126 WP12 SHACMAN X3000 Дизель,1,4376,Дизель,D-128567,Хабаровск
2026-01-06 14:13:02,Насос водяной (помпа) D-128835 / ME078669 / ME995307 FUSO 6D16 Дизель,1,9498,Дизель,D-128835,Хабаровск
2026-01-06 14:13:02,Насос водяной (помпа) N04C 16100-E0042/16100-78170 HINO300 E-3/4 SKV,67,2743,SKV,16100-E0042,Хабаровск
2026-01-06 14:13:02,Насос водяной D-125006 / 1-87310-974-0 /1-87310-902-0 / 8-98042-848-0/1/2 6HK1 FVR34 Дизель,2,9043,Дизель,D-125006,Хабаровск
2026-01-06 14:13:02,Насос водяной D-125447/1-87310-996-0/1-87310-957-0/8-98146-073-0 6WF1-TC CYZ51/EXZ51 Дизель,15,11206,Дизель,D-125447,Хабаровск
2026-01-06 14:13:02,Насос водяной D-125739 / 1-87310-995-0 6WG1 C-series Дизель,4,9043,Дизель,D-125739,Хабаровск
2026-01-06 14:13:02,Насос водяной с уплотнениями MB 010.599-00A/0119094/OM501LA/OM502LA/A5422001901/462591/Mercedes/ PE,1,9694,Pe Automotive,010.599-00A,Хабаровск
2026-01-06 14:13:02,Насос ГУР 470-04158 SW ( с шестерней) !,1,5225,Samwoo,470-04158,Хабаровск
2026-01-06 14:13:02,Насос ГУР в сборе PP-020 44310-2362/44310-2322 (J08C LEFT),1,7259,JMC,44310-2362,Хабаровск
2026-01-06 14:13:02,Насос ГУР в сборе PSP-007 475-04156 6HE1,1,5929,JMC,475-04156,Хабаровск
2026-01-06 14:13:02,Насос дозирующий моч-ны 5303018 JAC N120/Камаз Cummins ISF3.8 Е-5 ORIG,1,46343,Cummins,5303018,Хабаровск
2026-01-06 14:13:02,Насос комбинированный ГУР+топливный 464431/542045310/A0024608980/464430SP/28270 Mercedes/DieselTechnic,2,20676,Diesel Technic,4.64430,Хабаровск
2026-01-06 14:13:02,Насос масляный D-125288 / 8-97381-553-3 4JJ1 NMR85/NLR85 Дизель,24,9593,Дизель,D-125288,Хабаровск
2026-01-06 14:13:02,Насос масляный D-125394/8-98017-585-1/8-97147-338-4 4HG1/4HK1 NPR/NQR71/75/90/FSR90 ISUZU Дизель,2,4118,Дизель,D-125394,Хабаровск
2026-01-06 14:13:02,Насос масляный D-126228 / 8-94395-564-0/3 / L210-0005M ISUZU 6HE1/6HH1/6HK1 Дизель,42,4820,Дизель,D-126228,Хабаровск
2026-01-06 14:13:02,Насос масляный D-126229 / 8-97381-553-3 4JJ1 NMR85/NLR85 Дизель,54,3558,Дизель,D-126229,Хабаровск
2026-01-06 14:13:02,Насос масляный D4BH 21340-42100 BONGO III MK (CM-M),1,4490,JMC,21340-42100,Хабаровск
2026-01-06 14:13:02,Насос охлаждающий в сборе 25100-45002 D4DB/DD County/78 !,1,7733,NAP,NEW-H030,Хабаровск
2026-01-06 14:13:02,Насос подкачки топлива 31925-4F800 HYUNDAI Porter II ORIG,4,3641,Hyundai-Kia,0K850-15173,Хабаровск
2026-01-06 14:13:02,Насос топливный (ТНВД) 1000570877 JAC N350 WP10 E-5 ORIG,1,79773,JAC,1000570877,Хабаровск
2026-01-06 14:13:02,Насос топливный 101-373 Thermo King,5,86963,Thermo King,101-373,Хабаровск
2026-01-06 14:13:02,Насос топливный 33100-4X400 BONGO III,1,34517,,331004X400,Хабаровск
2026-01-06 14:13:02,Насос топливный высокого давления 101-362 Thermo King,5,129270,Thermo King,101-362,Хабаровск
2026-01-06 14:13:02,Насос топливный высокого давления D-125899 / 1000570877 JAC N350 WP10 E-5 Дизель,1,59881,Дизель,D-125899,Хабаровск
2026-01-06 14:13:02,Насос топливный высокого давления ТНВД 8-97605-946-7/1/2/3/4/5/6/8/294050-0423 6HK1 FVR34 E-4 Denso,6,125569,Denso,8-97605-946-8,Хабаровск
2026-01-06 14:13:02,Насос топливный высокого давления ТНВД 8-98167-763-0 6WG1 CYZ52 Е-5 ORIG,4,199125,Isuzu,8-98167-763-0,Хабаровск
2026-01-06 14:13:02,НАСОС ТОПЛИВНЫЙ ПЛАНАР-4Д 24V АДВЕРС СБ3645,1,2825,JMC,СБ3645,Хабаровск
2026-01-06 14:13:02,Натяжитель ремня 462702/ A5412002570 / VKMCV51019/67772/ 67759 / 0119086 Mercedes/DieselTechnic !,7,6142,Diesel Technic,4.62702,Хабаровск
2026-01-06 14:13:02,Натяжитель ремня в сборе VKMCV51001 / A5412002670 OM501LA/OM502LA Mercedes/SKF !,2,13197,SKF,VKMCV 51001,Хабаровск
2026-01-06 14:13:02,Натяжитель ремня ГРМ E45005JC,1,637,Japan cars,E45005JC,Хабаровск
2026-01-06 14:13:02,Облицовка стойки кабины левая 812W62410-0147 HOWO T5G,3,2561,Дизель,812W62410-0147,Хабаровск
2026-01-06 14:13:02,Облицовка стойки кабины правая 812W62410-0146 HOWO T5G,3,2561,Дизель,812W62410-0146,Хабаровск
2026-01-06 14:13:02,Обойма подшипника 572/580 Freightliner,1,1316,JMC,572/580,Хабаровск
2026-01-06 14:13:02,Обойма подшипника 572/580 Freightliner,1,1247,Freightliner,572/580,Хабаровск
2026-01-06 14:13:02,Обойма подшипника FP3782 FP3720 Freightliner,1,388,JMC,FP3720,Хабаровск
2026-01-06 14:13:02,Обойма подшипника FP592A/594 Freightliner,2,1792,Freightliner,FP592A,Хабаровск
2026-01-06 14:13:02,Обойма подшипника HM212011 Freightliner,2,518,Дизель,HM212011,Хабаровск
2026-01-06 14:13:02,"ОбоймаМеталл ME072605 BZ5413E --- 76-98-9.5 --- лобовина(кСальн.ME074755),6D17 NOK",1,456,JMC,ME072605,Хабаровск
2026-01-06 14:13:02,Обтекатель кабины прав D-129317 / 5302620-A01/C-T FAW J6 Дизель,4,1851,Дизель,D-129317,Хабаровск
2026-01-06 14:13:02,Ограничитель двери 6109100W5000 JAC N35 ORIG,1,426,JAC,6109100W5000,Хабаровск
2026-01-06 14:13:02,Ограничитель рессоры FP-008 / FLS-008 MC-013217 PM,2,747,Paul Master,FLS-008,Хабаровск
2026-01-06 14:13:02,Ограничитель рессоры FV-021 / FIT-021 MC625294 PM !,2,2969,Paul Master,FIT-021,Хабаровск
2026-01-06 14:13:02,Ограничитель рессоры FV-030 / FLS-030 MC620927 PM,1,799,Paul Master,FLS-030,Хабаровск
2026-01-06 14:13:02,Ограничитель рессоры HI-022 / HLB-022 48418-1411 PM,8,1982,Paul Master,HLB-022,Хабаровск
2026-01-06 14:13:02,Ограничитель рессоры HLB-028 48418-1401 PM,3,3098,Paul Master,HLB-028,Хабаровск
2026-01-06 14:13:02,Ограничитель рессоры IS-028 / ILB-028 1-53356-059-1 PM,1,2613,Paul Master,ILB-028,Хабаровск
2026-01-06 14:13:02,Ограничитель рессоры IS-036 / ILB-036 / 1-53356-057-0 PM,5,3096,Paul Master,ILB-036,Хабаровск
2026-01-06 14:13:02,Ограничитель рессоры UD-022 / ULB-022 55210-Z5006 PM,10,2613,Paul Master,55210-Z5006,Хабаровск
2026-01-06 14:13:02,Ограничительный клапан обработки HPV005 M12*1.5,1,371,JMC,HPV005,Хабаровск
2026-01-06 14:13:02,опора двигателя задняя MR 353470 Mitsubishi,3,701,JMC,MR353470,Хабаровск
2026-01-06 14:13:02,Опора рессоры (мост) D-126232 / 42151-E0291 HINO700 Дизель,132,1434,Дизель,D-126232,Хабаровск
2026-01-06 14:13:02,Опора шаровая 0120-333 FEBEST,1,1116,Febest,0120-333,Хабаровск
2026-01-06 14:13:02,"Опора шаровая TOYOTA COROLLA 00-, RAV-4 00-03, WISH 03-, PRIUS 01-03, CELICA 00-05 CBT-46",1,819,JMC,CBT-46,Хабаровск
2026-01-06 14:13:02,Опора шаровая верхняя 8-94374-424-0/SB-5311 Isuzu,2,1004,Safety,SB-5311,Хабаровск
2026-01-06 14:13:02,Опора шаровая верхняя К-2500 0К710-34-540 KIA BONGO III,4,631,Paul Master,0К710-34-540,Хабаровск
2026-01-06 14:13:02,Опора шаровая нижняя К-2500 0К710-34-510 KIA BONGO III,3,721,Paul Master,0К710-34-510,Хабаровск
2026-01-06 14:13:02,"Опора шаровая, передняя верхняя C1020LR LYNX",2,726,LYNX,C1020LR,Хабаровск
2026-01-06 14:13:02,Опорная пластина Z-1701874-00-00 JAC N35 ORIG,1,359,JAC,Z-1701874-00-00,Хабаровск
2026-01-06 14:13:02,Осушитель D-125738 / 1-85576-399-0 CXZ51KCYZ51KEXZ51KCYZ51L 6WF1 Дизель,5,9240,Дизель,D-125738,Хабаровск
2026-01-06 14:13:02,Осушитель воздуха 13 bar с подогревом и регулятором 9324000240 M7101020 A0014318215,1,11784,Дизель,M7101020,Хабаровск
2026-01-06 14:13:02,Ось балансира D-126234 / S4943-E0120 Ø100mm L=1204mm HINO 700 Дизель,1,42962,Дизель,D-126234,Хабаровск
2026-01-06 14:13:02,Ось верхнего рычага MAZDA TITAN W628-34-411,2,1652,JMC,W628-34-411,Хабаровск
2026-01-06 14:13:02,Ось рычага верхнего с втулкой D-128220 / 8-94340-084-1 IZ NKR 93-98 Дизель,13,2916,Дизель,D-128220,Хабаровск
2026-01-06 14:13:02,Отбойник амортизатора BIRTH 53020 Ford Transit,2,889,JMC,53020,Хабаровск
2026-01-06 14:13:02,Отбойник зад рессоры D-125904 / 55270-Y3070 JAC N350 Дизель,4,580,Дизель,D-125904,Хабаровск
2026-01-06 14:13:02,Отбойник задней рессоры 55270-5H001 Hyundai HD65/72/78/120 ORIG,4,828,Hyundai-Kia,55270-5H001,Хабаровск
2026-01-06 14:13:02,Отбойник передней рессоры 54506-9005/54056-90005 UD CW30/50 RD8/RF8,2,202,JMC,54506-9005,Хабаровск
2026-01-06 14:13:02,"Отбойник рессоры 54056-90005 U.D. TRUCK RD8,RF8 front TZG",11,218,TZG,54056-90005,Хабаровск
2026-01-06 14:13:02,Отбойник рессоры D-127167 / 8-94150-265-2 N-series Дизель,26,387,Дизель,D-127167,Хабаровск
2026-01-06 14:13:02,Отбойник рессоры D-128555 / 48306-E0280 / 48306-1560 HINO300/TOY DYNA/TOYOACE 2011- Дизель,44,246,Дизель,D-128555,Хабаровск
2026-01-06 14:13:02,Отбойник рессоры D-128785 / 8-94101-347-2 Дизель,1,794,Дизель,D-128785,Хабаровск
2026-01-06 14:13:02,Отбойник рессоры MC 031101 SMF-5201-M5 I/COM MIT FUSO FV415 Schmaco !,42,528,Schmaco,SMF-5201,Хабаровск
2026-01-06 14:13:02,Отбойник рессоры MC031102-S / SMF-5209 MIT FUSO FV415 Schmaco !,61,619,Schmaco,SMF-5209,Хабаровск
2026-01-06 14:13:02,Отбойник рессоры MC408556/MC - 5240NA/MIT CANTER FH215 Schmaco,4,1196,Schmaco,SMS-5240,Хабаровск
2026-01-06 14:13:02,Отбойник рессоры SMS-5233 MC013646-S Schmaco,4,1251,Schmaco,SMF-5233,Хабаровск
2026-01-06 14:13:02,Отбойник рессоры UD CW30/UD CW50 / задней рессоры / ?13mm / SB2000 / 52241Z2000; 52241-Z2000; 55241Z,2,910,JMC,52241-Z2000,Хабаровск
2026-01-06 14:13:02,Отбойник рессоры задний (на мост) D-125067 / 1-42124-101-0 CYZ51/CXZ/EXZ51 Дизель,13,1662,Дизель,D-125067,Хабаровск
2026-01-06 14:13:02,Отбойник рессоры задний (на мост) D-125291 / 1-42124-101-0 CYZ51/CXZ/EXZ51 Дизель,4,2358,Дизель,D-125291,Хабаровск
2026-01-06 14:13:02,Отбойник рессоры передней 54240-5H002 Hyundai HD45/46/65/72/78 ORIG,2,656,Hyundai-Kia,54240-5H002,Хабаровск
2026-01-06 14:13:02,Отвод охлаждающей жидкости 200V06302-0657 HOWO T5G,7,803,Дизель,200V06302-0657,Хабаровск
2026-01-06 14:13:02,Отделка двери 1-76778-055-2 CYZ ORIG,1,391,Isuzu,1-76778-055-2,Хабаровск
2026-01-06 14:13:02,Отопитель салона 5 отв. 24V XL-50,1,2143,JMC,XL-50,Хабаровск
2026-01-06 14:13:02,"Палец (штифт) стопорный D-128787 / 1-31424-009-2 F,C-series Дизель",1,275,Дизель,D-128787,Хабаровск
2026-01-06 14:13:02,Палец (штифт) стопорный V-001-0625 6*25mm PM,3,94,Paul Master,V-001-0625,Хабаровск
2026-01-06 14:13:02,Палец (штифт) стопорный V-001-0820/MF473469 8*20mm PM,8,94,Paul Master,V-001-0820,Хабаровск
2026-01-06 14:13:02,Палец (штифт) стопорный V-001-0822 8*22mm PM,8,94,Paul Master,V-001-0822,Хабаровск
2026-01-06 14:13:02,Палец (штифт) стопорный V-001-0828 8*28mm PM,4,94,Paul Master,V-001-0828,Хабаровск
2026-01-06 14:13:02,"Палец (штифт) стопорный V-001-1340 1/2""*40mm PM",4,151,Paul Master,V-001-1340,Хабаровск
2026-01-06 14:13:02,Палец (штифт) стопорный V-001-14B/30648-90004 PM,4,275,Paul Master,V-001-14B,Хабаровск
2026-01-06 14:13:02,Палец FR рессоры передний D-125049 / 8-97360-110-0/1 / 8-97076-850-1 / 9-51361-602-2 N-series Дизель,59,184,Дизель,D-125049,Хабаровск
2026-01-06 14:13:02,Палец RR рессоры передний D-125444/1-51361-026-0 /9-51361-066-1 FVR34 Дизель,856,253,Дизель,D-125444,Хабаровск
2026-01-06 14:13:02,Палец RR рессоры передний D-126408 / 1-51361-026-0 / 9-51361-066-1 FVR34 Дизель,50,352,Дизель,D-126408,Хабаровск
2026-01-06 14:13:02,Палец втулки кронштейна крепления кабины 41022094 / 53482 Auger !,1,616,Auger,53482,Хабаровск
2026-01-06 14:13:02,Палец колодки тормозной D-127168 / 1-47131-044-0 L=115.5 Дизель,3,482,Дизель,D-127168,Хабаровск
2026-01-06 14:13:02,Палец опорной колодки 362241 / 81502120036 DieselTechnic !,4,346,Diesel Technic,3.62241,Хабаровск
2026-01-06 14:13:02,Палец передней рессоры (универсальный) D-126888 / WG9100520065 HOWO Дизель,46,249,Дизель,D-126888,Хабаровск
2026-01-06 14:13:02,Палец передней рессоры D-126889 / 2902471-1H FAW 3252 Дизель,34,204,Дизель,D-126889,Хабаровск
2026-01-06 14:13:02,Палец передней рессоры WG9100520065 HOWO ORIG,60,363,Howo,WG9100520065,Хабаровск
2026-01-06 14:13:02,"Палец полурессоры 0334015270SKV М30х3,5х190 DIN 6914/8,8 SKV",329,370,SKV,0334015270SKV,Хабаровск
2026-01-06 14:13:02,"Палец полурессоры 0334015310 SKV / 03.340.15.31.0 BPW M30x3,5x260 SKV",658,368,SKV,0334015310,Хабаровск
2026-01-06 14:13:02,Палец полурессоры 0334105030SKV / 03.341.05.03.0 BPW М30х200/40мм SKV,1448,524,SKV,0334105030SKV,Хабаровск
2026-01-06 14:13:02,Палец поршня D-125908 / 61560030013 JAC N350 WP10 E-5 Дизель,2,440,Дизель,D-125908,Хабаровск
2026-01-06 14:13:02,Палец рессор FR FR конец HINO300/500 48423-1640/48423-2430 (25*105*129 ) SKV,27,237,SKV,48423-1640,Хабаровск
2026-01-06 14:13:02,Палец рессор FUSO 10T перед MC031390/MC009257/MK300383/SP13 (32*152) SKV,98,267,SKV,MC031390,Хабаровск
2026-01-06 14:13:02,Палец рессор FUSO 5T зад со съемником MC035277 (28*120) SKV,232,221,SKV,MC035277,Хабаровск
2026-01-06 14:13:02,Палец рессор FUSO 5T зад/перед MC420078/SP34/SP10 (28*116) SKV,96,221,SKV,MC420078,Хабаровск
2026-01-06 14:13:02,Палец рессор FUSO 8t перед MC404416 (30*114*147) SKV !,1,269,SKV,MC404416,Хабаровск
2026-01-06 14:13:02,Палец рессор FUSO CANTER 3t зад со съемником MB035277/160870 (28*139) SKV,90,265,SKV,MB035277,Хабаровск
2026-01-06 14:13:02,Палец рессор FUSO CANTER зад MB035281/SP36 (28*80*124) SKV,1,221,SKV,MB035281,Хабаровск
2026-01-06 14:13:02,Палец рессор FUSO перед MC092652/SP38 (28*112) SKV,3,229,SKV,MC092652,Хабаровск
2026-01-06 14:13:02,Палец рессор HD120 54224-62000 (28*129) передн.рессоры SKV,152,241,SKV,54224-62000,Хабаровск
2026-01-06 14:13:02,Палец рессор HD65/72/78 55223-45002 (28*127.5) задней рессоры задний SKV,2,241,SKV,55223-45002,Хабаровск
2026-01-06 14:13:02,Палец рессор HD65/72/78/120 54223-62000 (28*117) перед/зад SKV,84,238,SKV,54223-62000,Хабаровск
2026-01-06 14:13:02,Палец рессор HINO 3T FR LF 48423-2171 SP07 (25*105*129 ) SKV,9,242,SKV,48423-2171,Хабаровск
2026-01-06 14:13:02,Палец рессор ISUZU ELF 3T зад SP17 /8-94146-149-3 25*82*120 SKV,6,209,SKV,8-94146-149-3,Хабаровск
2026-01-06 14:13:02,Палец рессор ISUZU 9-51361-014-0/1-51361-015-0/SP39 (28*131) SKV,2,215,SKV,9-51361-014-0,Хабаровск
2026-01-06 14:13:02,Палец рессор NISSAN 10t зад/перед 54215-Z0002 (30*145) SKV,150,261,SKV,54215-Z0002,Хабаровск
2026-01-06 14:13:02,Палец рессор SP27 30*114*149 MC404416,2,422,UDPD,SP27,Хабаровск
2026-01-06 14:13:02,Палец рессор передний Scania 355145SKV / 2097427 M28x4x166 SKV,69,445,SKV,355145SKV,Хабаровск
2026-01-06 14:13:02,Палец рессорный SKL48 8-97261-861-0,2,468,JMC,8-97261-861-0,Хабаровск
2026-01-06 14:13:02,Палец рессорный SP23 28-92-124 MC092193,2,447,JMC,MC092193,Хабаровск
2026-01-06 14:13:02,Палец рессоры 25*115 зад SP09 /1-51361-016-0/-017-0/9-51361-034-1/48423-1890 Hino 300/FRR SKV,186,228,SKV,1-51361-016-0,Хабаровск
2026-01-06 14:13:02,Палец рессоры 8-94117-900-1 / S-040 / ISP-040 22mm ISUZU NKR PM,4,1015,Paul Master,ISP-040,Хабаровск
2026-01-06 14:13:02,Палец рессоры 8-94146-149-3 Isuzu orig,1,2734,Isuzu,8-94146-149-3,Хабаровск
2026-01-06 14:13:02,Палец рессоры FR 55552-5H000/8-97076-850-2/SP47 HYUNDAI HD72/78 ORIG,2,208,Hyundai-Kia,55552-5H000,Хабаровск
2026-01-06 14:13:02,Палец рессоры FR D-128165 / WG9100520665 HOWO Дизель,1,197,Дизель,D-128165,Хабаровск
2026-01-06 14:13:02,"Палец рессоры S-020/TSP-020 04484-36070 T.-DYN/TOYOACE BU10#,11#,14#,21#,22#,YU210,RZU100 95-02 PM",8,943,Paul Master,TSP-020,Хабаровск
2026-01-06 14:13:02,Палец рессоры М30х265 мм 8.8 / 54033 !,1,832,Auger,54033,Хабаровск
2026-01-06 14:13:02,"Палец рессоры М30х3,5x170 мм 8,8 / 03.341.05.05.0 !",2,1511,BPW,03.341.05.05.0,Хабаровск
2026-01-06 14:13:02,"Палец рессоры перед (передний, задний верхний) 2911011Z2 N120 JAC ORIG",8,360,JAC,2911011Z2,Хабаровск
2026-01-06 14:13:02,Палец рессоры передней D-126892 / 2902481-1Н 30*160 FAW Дизель,10,208,Дизель,D-126892,Хабаровск
2026-01-06 14:13:02,"Палец серьги рессоры передний D-127267/ MB025177/54224-45001/ MB391639 CANTER, Fuso Canter Дизель",161,539,Дизель,D-127267,Хабаровск
2026-01-06 14:13:02,Палец тормозной колодки 450221/1593001800/A4974210074/54793/ 30*102 Mercedes/DieselTechnic,12,441,Diesel Technic,4.50221,Хабаровск
2026-01-06 14:13:02,Палец тормозной колодки переднего моста L=102 D=30 F2000/F3000,6,156,Дизель,30*102,Хабаровск
2026-01-06 14:13:02,Палец шкворня (шкворень) 30*180 56771-45600 Hyundai HD72-78 ORIG,1,880,Hyundai-Kia,56771-45600,Хабаровск
2026-01-06 14:13:02,Панель боковая правая 1-65472-648-4 CYZ Diesel,1,6039,Дизель,1-65472-648-4,Хабаровск
2026-01-06 14:13:02,Панель двери внутренняя 81111-5H001TH Hyundai HD35-78/MIGHTY ORIG,4,2188,Hyundai-Kia,81111-5H001,Хабаровск
2026-01-06 14:13:02,Панель двигателя передняя слева 33-4847 Thermo King,1,1771,Thermo King,33-4847,Хабаровск
2026-01-06 14:13:02,Панель капота FR D-126235 / 1-71107-404-0/403-0 без надписи CYZ52/EXR52/EXZ52/CYM/CVR/CXZ Дизель,1,39749,Дизель,D-126235,Хабаровск
2026-01-06 14:13:02,Панель капота боковая L D-128788 / 8-97417-875-2 CYZ52 Дизель,8,8213,Дизель,D-128788,Хабаровск
2026-01-06 14:13:02,Панель передняя угловая правая 82720-5K003 Hyundai HD65/78 ORIG,1,1642,Hyundai-Kia,82720-5K003,Хабаровск
2026-01-06 14:13:02,"Панель передняя узкая кабина IZNR05003 правый руль 3,5TS ISUZU ELF NKR/NPR 2005~",1,2189,Дизель,IZNR05003,Хабаровск
2026-01-06 14:13:02,"Панель передняя узкая кабина левый руль IZNR05004/8-97840-011-0 3,5TS ISUZU ELF NKR/NPR 2005~",1,2010,Дизель,8-97840-011-0,Хабаровск
2026-01-06 14:13:02,"Панель под дворники узкая кабина IZNR05009/8-97868-580-3 3,5TS ISUZU ELF NKR/NPR 2004~ !",2,1190,Дизель,IZNR05009,Хабаровск
2026-01-06 14:13:02,"Панель под дворники узкая кабина левый руль IZNR05010/8-97585-546 3,5TS ISUZU ELF NKR/NPR 2004~ !",1,1320,Дизель,8-97585-546-0,Хабаровск
2026-01-06 14:13:02,Панель под фару LH D-127329 / 86315-5K000 HD78/65 Дизель,13,744,Дизель,D-127329,Хабаровск
2026-01-06 14:13:02,Панель под фару RH 86325-5K000 HD78/65 ORIG,1,1429,Hyundai-Kia,86325-5K000,Хабаровск
2026-01-06 14:13:02,Панель под фару RH D-127332 / 86325-5K000 HD78/65 Дизель,19,744,Дизель,D-127332,Хабаровск
2026-01-06 14:13:02,Панель подножки LH D-126237 / 86920-5H000 HD45/72 Дизель,2,521,Дизель,D-126237,Хабаровск
2026-01-06 14:13:02,Панель подножки RH 86930-5K001 Hyundai HD78 ORIG,3,798,Hyundai-Kia,86930-5K001,Хабаровск
2026-01-06 14:13:02,Панель угла кузова D-126239 / 82720-5H002 RH Дизель,11,1192,Дизель,D-126239,Хабаровск
2026-01-06 14:13:02,Патрубок D-129324 / 200V05440-0004 HOWO T5G Дизель,1,1029,Дизель,D-129324,Хабаровск
2026-01-06 14:13:02,Патрубок D-129325 / 712W61960-0024 HOWO T5G Дизель,1,583,Дизель,D-129325,Хабаровск
2026-01-06 14:13:02,Патрубок D-129326 / 712W61960-0025 HOWO T5G Дизель,1,890,Дизель,D-129326,Хабаровск
2026-01-06 14:13:02,Патрубок D-129327 / 712W96301-0007 HOWO T5G Дизель,1,1427,Дизель,D-129327,Хабаровск
2026-01-06 14:13:02,Патрубок D-129328 / 712W96305-0048 HOWO T5G Дизель,1,429,Дизель,D-129328,Хабаровск
2026-01-06 14:13:02,Патрубок D-129329 / YG9625530023 HOWO T5G Дизель,1,191,Дизель,D-129329,Хабаровск
2026-01-06 14:13:02,Патрубок D-129330 / YG9625530024 HOWO T5G Дизель,1,458,Дизель,D-129330,Хабаровск
2026-01-06 14:13:02,Патрубок забора воздуха 4933777 JAC N120/Камаз Cummins ISF3.8 Е-5 Foton ORIG,2,722,Foton,4933777,Хабаровск
2026-01-06 14:13:02,Патрубок интеркулера 1109406W5030 JAC N35 ORIG,2,1330,JAC,1109406W5030,Хабаровск
2026-01-06 14:13:02,Патрубок отопителя D-128462 / YG9625530021 HOWO T5G Дизель,2,424,Дизель,D-128462,Хабаровск
2026-01-06 14:13:02,Патрубок отопителя D-129335 / 810W96305-0200 HOWO T5G Дизель,3,214,Дизель,D-129335,Хабаровск
2026-01-06 14:13:02,Патрубок радиатора D-128790 / 1-21437-979-2 6WF1/6WG1 C/E series Дизель,2,1224,Дизель,D-128790,Хабаровск
2026-01-06 14:13:02,Патрубок радиатора верх D-126565 / YG9625530001 Sitrak C7H Дизель,3,854,Дизель,D-126565,Хабаровск
2026-01-06 14:13:02,Патрубок радиатора ниж D-126566 / 712W96301-0016 Sitrak C7H Дизель,5,1413,Дизель,D-126566,Хабаровск
2026-01-06 14:13:02,Патрубок радиатора охлаждения RH-MB005T,2,663,JMC,RH-MB005T,Хабаровск
2026-01-06 14:13:02,Патрубок радиатора охлаждения RH-MB021B,1,3044,JMC,RH-MB021B,Хабаровск
2026-01-06 14:13:02,Патрубок радиатора охлаждения RH-MB027B,1,2599,JMC,RH-MB027B,Хабаровск
2026-01-06 14:13:02,Патрубок радиатора охлаждения RH-MZ019T/SEM115186A,1,768,JMC,RH-MZ019T,Хабаровск
2026-01-06 14:13:02,Патрубок радиатора охлаждения верхний IM443/EK100 TOP,1,979,JMC,RHT50X50Z,Хабаровск
2026-01-06 14:13:02,Патрубок радиатора охлаждения вспомогательный FK415/6D14 MID,1,798,JMC,MC410501,Хабаровск
2026-01-06 14:13:02,Патрубок радиатора охлаждения нижний 10PC1 BTM,2,1596,JMC,1-21437-488-1,Хабаровск
2026-01-06 14:13:02,ПГУ сцепления D-126244 / 642-03502 / 1-31800-142-0 / ME657650 90mm p=22.2mm Дизель,24,2235,Дизель,D-126244,Хабаровск
2026-01-06 14:13:02,"ПГУ сцепления KAMAZ (6520, КПП-ZF) 9700512047 WABCO",1,33149,Wabco,970 051 204 7,Хабаровск
2026-01-06 14:13:02,ПГУ сцепления MAN 9700511577 WABCO,1,16125,Wabco,9700511577,Хабаровск
2026-01-06 14:13:02,ПГУ сцепления MAN 9700514147 WABCO,1,16248,Wabco,9700514147,Хабаровск
2026-01-06 14:13:02,ПГУ тормоза D-127776 / HDA-018 / 1-47800-351-0/1 длинный ISUZU FRD/FRR/FTR/FSR 89~ Дизель,1,11968,Дизель,D-127776,Хабаровск
2026-01-06 14:13:02,ПГУ тормоза D-127865 / HDA-021 / 47250-Z2066 длинный NISSAN Дизель,9,8906,Дизель,D-127865,Хабаровск
2026-01-06 14:13:02,ПГУ тормоза SDC-30102/44640-1330,1,9712,JMC,SDC-30102,Хабаровск
2026-01-06 14:13:02,"Первичный вал КПП MMC / z1=14 зубьев, z2=23 зуба, z3=42 зуба, L=268mm / GPS0832 / ME610832 /",1,9540,JMC,GPS0832,Хабаровск
2026-01-06 14:13:02,Переключатель данных блока управления D-129893 / WG9918586037 HOWO T5G Дизель,4,1013,Дизель,D-129893,Хабаровск
2026-01-06 14:13:02,Переключатель подрулевой 1B24937300040 Foton,1,1472,JMC,1B24937300040,Хабаровск
2026-01-06 14:13:02,Петля двери L=R D-125294/8-98191-302-0/8-98038-293-0 ISUZU Дизель,34,1353,Дизель,D-125294,Хабаровск
2026-01-06 14:13:02,Петля двери левая верхняя 79110-5H001 Hyundai HD35-78/MIGHTY ORIG,43,607,Hyundai-Kia,79110-5H001,Хабаровск
2026-01-06 14:13:02,Петля двери передней левой нижняя 79315-4F000 HYUNDAI Porter II ORIG,1,509,Hyundai-Kia,79315-4F000,Хабаровск
2026-01-06 14:13:02,Петля двери правой верхняя 79115-5H000 Hyundai HD72/HD78 ORIG,14,545,Hyundai-Kia,79115-5H000,Хабаровск
2026-01-06 14:13:02,Петля двери правой нижняя 79125-5H000 Hyundai HD72/HD78 ORIG,56,598,Hyundai-Kia,79125-5H000,Хабаровск
2026-01-06 14:13:02,Петля замка двери 81360-4A000 Hyundai HD78 ORIG,3,255,Hyundai-Kia,81360-4A000,Хабаровск
2026-01-06 14:13:02,Петля капота правая 79120-4F001 HYUNDAI PORTER II ORIG,4,477,Hyundai-Kia,79120-4F001,Хабаровск
2026-01-06 14:13:02,Пистон крепежный 86590-28000 JAC ORIG,11,22,JAC,86590-28000,Хабаровск
2026-01-06 14:13:02,"Пластина износа 0316435030 / 03.164.35.03.0 5/125/120 O24,2 BPW SKV",48,197,SKV,0316435030,Хабаровск
2026-01-06 14:13:02,Пластина подрессорная 0528136150 235х98х5 BPW SKV,51,336,SKV,0528136150SKV,Хабаровск
2026-01-06 14:13:02,Пластина рессоры 463196 Mercedes/DieselTechnic,5,1276,Diesel Technic,4.63196,Хабаровск
2026-01-06 14:13:02,"Пластина рессоры правая 0514522800SKV / 05.145.22.80.0 / 401204/5 150x77,5x42 BPW SKV",50,3638,SKV,0514522800SKV,Хабаровск
2026-01-06 14:13:02,Пластина серьги рессоры ELF NKR F/R 16*16*65 D-125050 / 8-94110-399-3/5 Дизель,14,377,Дизель,D-125050,Хабаровск
2026-01-06 14:13:02,"Пластина стопорная рессорного пальца 0328154180SKV / 03.281.54.18.0 103,5х57,5х8 BPW",196,113,SKV,0328154180SKV,Хабаровск
2026-01-06 14:13:02,"Пластина тормозного цилиндра прав. D-128076/8-97349-744-0 N,F series Дизель",31,127,Дизель,D-128076,Хабаровск
2026-01-06 14:13:02,Плунжер 4D102T-1A D-129342 / 131154-3920 / 9 443 610 373 Дизель !,14,298,Дизель,D-129342,Хабаровск
2026-01-06 14:13:02,Плунжер 4D95L 131152-4520 !,15,298,Дизель,131152-4520,Хабаровск
2026-01-06 14:13:02,Плунжер D-128546 / 090150-2610 HIN HO6BT/HO6C/HO7C/EH500/700 Дизель,12,529,Дизель,D-128546,Хабаровск
2026-01-06 14:13:02,Плунжер D-128548 / 131153-4320 / A722 / ME727544 MMC 6D16 Дизель,1,575,Дизель,D-128548,Хабаровск
2026-01-06 14:13:02,Плунжер D-128930 / 134153-1820 / 1-15632-018-0 / P300 IS 10PC1 Дизель,3,631,Дизель,D-128930,Хабаровск
2026-01-06 14:13:02,Плунжер D-128931 / 131153-9320 / A772 / 8-97121-619-0 IS 4HG1 Дизель,1,571,Дизель,D-128931,Хабаровск
2026-01-06 14:13:02,Плунжер D-128932 / 090150-3050 MMC 4D31 4D32 S4F S6F-T Дизель,9,571,Дизель,D-128932,Хабаровск
2026-01-06 14:13:02,Плунжер D-128933 / 090150-5290 / ME736079 MMC 4D33 Дизель,1,525,Дизель,D-128933,Хабаровск
2026-01-06 14:13:02,Плунжер D-128934 / 131152-5220 / ME704337 / A182 MMC 6D16 Дизель,1,525,Дизель,D-128934,Хабаровск
2026-01-06 14:13:02,Плунжер D-129340 / 131101-6320 ME704375 /P48 IS D920; MMC 6D21 131101-6320 Дизель,4,670,Дизель,D-129340,Хабаровск
2026-01-06 14:13:02,Плунжер D-129341 / 131153-9620 / A775 Дизель !,5,276,Дизель,D-129341,Хабаровск
2026-01-06 14:13:02,Плунжер HIN EF500/750/EV700 D-129343 / 134101-4420 / P30 Дизель,18,671,Дизель,D-129343,Хабаровск
2026-01-06 14:13:02,Плунжер HIN EF550/750 090150-4590,2,550,Дизель,090150-4590,Хабаровск
2026-01-06 14:13:02,Плунжер HIN EH700/HO7C D-129345 / 131151-3920 / A54 Дизель,10,598,Дизель,D-129345,Хабаровск
2026-01-06 14:13:02,Плунжер HIN EK100 D-129346 / 134101-3820 / P25 Дизель !,10,637,Дизель,D-129346,Хабаровск
2026-01-06 14:13:02,Плунжер HIN EK100 D-129347 / 134151-4820 / P128 Дизель !,4,376,Дизель,D-129347,Хабаровск
2026-01-06 14:13:02,Плунжер HIN EK100/200/EP100-T1 D-129348 / 134151-0120 / P83 Дизель,8,684,Дизель,D-129348,Хабаровск
2026-01-06 14:13:02,Плунжер HIN EK100/200/K13D D-129349 / 134101-5820 / P44 Дизель,8,668,Дизель,D-129349,Хабаровск
2026-01-06 14:13:02,Плунжер HIN F17E D-129351 / 134152-4820-D / P228 Дизель,8,796,Дизель,D-129351,Хабаровск
2026-01-06 14:13:02,Плунжер HIN F20C D-129352 / 134152-3520 / P215 Дизель,6,700,Дизель,D-129352,Хабаровск
2026-01-06 14:13:02,Плунжер HIN H07C/H07D D-129353 / 090150-4693 А4693 Дизель,1,516,Дизель,D-129353,Хабаровск
2026-01-06 14:13:02,Плунжер HIN H07D D-129354 / 131153-3320/6520 / А744 AD Дизель,3,649,Дизель,D-129354,Хабаровск
2026-01-06 14:13:02,Плунжер HIN H07D D-129355 / 131153-5020 / А729 Дизель,1,622,Дизель,D-129355,Хабаровск
2026-01-06 14:13:02,Плунжер HIN HO6CT D-129356 / 131153-2020 / A228 Дизель,8,494,Дизель,D-129356,Хабаровск
2026-01-06 14:13:02,Плунжер HIN HO6CT ISUZU 6SA1T D-129357 / 131151-4620 / A62 Дизель,23,494,Дизель,D-129357,Хабаровск
2026-01-06 14:13:02,Плунжер HIN K13C D-129358 / 134151-6720 / P146 Дизель !,18,501,Дизель,D-129358,Хабаровск
2026-01-06 14:13:02,Плунжер HIN W06E D-129359 / 131152-6920 / 22104-2940 / A205 Дизель,4,575,Дизель,D-129359,Хабаровск
2026-01-06 14:13:02,Плунжер HIN W06E D-129360 / 131154-1120 / A253 / 22104-2680 Дизель,4,516,Дизель,D-129360,Хабаровск
2026-01-06 14:13:02,Плунжер HIN WO4CT/W04TI/WO6D D-129361 / 131152-5320 / A183 Дизель,8,480,Дизель,D-129361,Хабаровск
2026-01-06 14:13:02,Плунжер HIN WO6E D-129362 / 131152-2320 / A149 Дизель !,7,360,Дизель,D-129362,Хабаровск
2026-01-06 14:13:02,Плунжер IS 10PC1 D-129363 / 134151-2420 / P105 Дизель,7,568,Дизель,D-129363,Хабаровск
2026-01-06 14:13:02,Плунжер IS 12PC1 D-129365 / 134101-9120 / Р74 Дизель !,3,672,Дизель,D-129365,Хабаровск
2026-01-06 14:13:02,Плунжер IS 4BA1 D-129366 / 131151-6920 / A85 Дизель !,2,385,Дизель,D-129366,Хабаровск
2026-01-06 14:13:02,Плунжер IS 4BD1/6BD1/BD1T/6BG1 D-129369 / 131151-6320 / A79 Дизель !,2,490,Дизель,D-129369,Хабаровск
2026-01-06 14:13:02,Плунжер IS 4JA1/4JB1; NIS FE6T/FE6TA D-129371 / 131152-2220 / A148 Дизель,5,516,Дизель,D-129371,Хабаровск
2026-01-06 14:13:02,Плунжер IS 6BF1; MMC 6D16 131151-7320 / A89 !,14,209,Дизель,131151-7320,Хабаровск
2026-01-06 14:13:02,Плунжер IS 6BG1 D-129372 / 131152-3520 / A162 Дизель,2,573,Дизель,D-129372,Хабаровск
2026-01-06 14:13:02,Плунжер IS 6BG1T D-129374 / 131153-6120 / A740 / 8-97041-664-0 Дизель !,8,420,Дизель,D-129374,Хабаровск
2026-01-06 14:13:02,Плунжер IS 6D105 131151-5820 !,18,615,Дизель,131151-5820,Хабаровск
2026-01-06 14:13:02,Плунжер IS 6HE1 D-129375 / 131153-1020 / A185 Дизель,8,622,Дизель,D-129375,Хабаровск
2026-01-06 14:13:02,Плунжер IS 6HH1 D-129379 / 131153-9020 / A769 / 1-15632-022-0 Дизель,5,622,Дизель,D-129379,Хабаровск
2026-01-06 14:13:02,Плунжер IS 6RB1-T D-129381 / 134151-9720 / P177 Дизель !,4,494,Дизель,D-129381,Хабаровск
2026-01-06 14:13:02,Плунжер IS 6RB1/6RB1-TC; NIS RE8 D-129380 / 134151-3420 / P114 Дизель !,15,501,Дизель,D-129380,Хабаровск
2026-01-06 14:13:02,Плунжер IS 6SA1/6SA1T D-129382 / 131153-1120 / A187 Дизель !,10,418,Дизель,D-129382,Хабаровск
2026-01-06 14:13:02,Плунжер IS 6SD1TPD/6SD1-T D-129383 / 134152-7220 / P252 Дизель,4,759,Дизель,D-129383,Хабаровск
2026-01-06 14:13:02,Плунжер IS 8PB1/10PA1/10PB1/12PA1 D-129385 / 131151-1420 / A30 Дизель !,9,440,Дизель,D-129385,Хабаровск
2026-01-06 14:13:02,Плунжер MAZ SL-T; MMC 4D31T/6D31/6D31T D-129386 / 131152-1420 / A138 Дизель,1,480,Дизель,D-129386,Хабаровск
2026-01-06 14:13:02,Плунжер MMC 4D33/4D34 D-129387 / 090150-4810 / ME016820 / ME728568 Дизель,2,529,Дизель,D-129387,Хабаровск
2026-01-06 14:13:02,Плунжер MMC 6D14/6D14T/6D15 D-129389 / 131151-2220 / A38 Дизель !,8,348,Дизель,D-129389,Хабаровск
2026-01-06 14:13:02,Плунжер MMC 6D14A 090150-2990,2,550,Дизель,090150-2990,Хабаровск
2026-01-06 14:13:02,Плунжер MMC 6D14C D-129390 / 090150-1820 Дизель !,14,257,Дизель,D-129390,Хабаровск
2026-01-06 14:13:02,Плунжер MMC 6D14T/6D14CT/6D15T/6D15CT D-129391 / 131152-0020 / A122 Дизель !,12,364,Дизель,D-129391,Хабаровск
2026-01-06 14:13:02,Плунжер MMC 6D15T/6D16T D-129394 / 131153-2220 / A701 Дизель,1,466,Дизель,D-129394,Хабаровск
2026-01-06 14:13:02,Плунжер MMC 6D20/6D22/8DC8/8DC9 D-129397 / 131151-2720 / A43 Дизель !,4,455,Дизель,D-129397,Хабаровск
2026-01-06 14:13:02,Плунжер MMC 6D22T/6D22CT/6D22PT D-129399 / 134151-2920 / P109 Дизель,5,697,Дизель,D-129399,Хабаровск
2026-01-06 14:13:02,Плунжер MMC 8DC4/8DC40/8DC8 D-129400 / 131151-3720 / A52 Дизель !,13,306,Дизель,D-129400,Хабаровск
2026-01-06 14:13:02,Плунжер MMC 8DC8/9/10 D-129401 / 090150-4610 / ME728018 / P49 Дизель,1,759,Дизель,D-129401,Хабаровск
2026-01-06 14:13:02,Плунжер MMC 8DC8/9/10 D-129402 / 134101-6420 / P49 Дизель,9,759,Дизель,D-129402,Хабаровск
2026-01-06 14:13:02,Плунжер NIS FD6 131151-3620 !,6,299,Дизель,131151-3620,Хабаровск
2026-01-06 14:13:02,Плунжер NIS FD6 131151-4520 / A61 !,6,325,Дизель,131151-4520,Хабаровск
2026-01-06 14:13:02,Плунжер NIS FD6T/FD614/FE6T D-129405 / 131152-1120 Дизель !,6,229,Дизель,D-129405,Хабаровск
2026-01-06 14:13:02,Плунжер NIS NF6TA/RH10A; MMC 8DC9/8M20 D-129408 / 134153-1320 P295 Дизель,1,538,Дизель,D-129408,Хабаровск
2026-01-06 14:13:02,Плунжер NIS PD6//PE6/PE6H D-129409 / 134101-1420 / P2 Дизель !,16,501,Дизель,D-129409,Хабаровск
2026-01-06 14:13:02,Плунжер NIS PD6T/PE6T/RD10 D-129410 / 134101-1520 / P3 Дизель,28,501,Дизель,D-129410,Хабаровск
2026-01-06 14:13:02,Плунжер NIS PE6 D-129411 / 134151-1220 / P94 Дизель !,14,510,Дизель,D-129411,Хабаровск
2026-01-06 14:13:02,Плунжер NIS PE6/RD8 D-129412 / 134101-1620 / P4 Дизель !,34,510,Дизель,D-129412,Хабаровск
2026-01-06 14:13:02,Плунжер NIS PE6T D-129413 / 134151-3220 / P112 Дизель,16,602,Дизель,D-129413,Хабаровск
2026-01-06 14:13:02,Плунжер NIS PE6T/PE6TA/PF6T D-129414 / 134151-9120 / P171 Дизель,22,510,Дизель,D-129414,Хабаровск
2026-01-06 14:13:02,Плунжер NIS PE6TA D-129415 / 134101-8720 / P70 Дизель,8,500,Дизель,D-129415,Хабаровск
2026-01-06 14:13:02,Плунжер NIS RD10/PX/S4B56A/S6B/S8A D-129416 / 134101-4520 / P31 Дизель,12,501,Дизель,D-129416,Хабаровск
2026-01-06 14:13:02,Плунжер NIS RD8/RD8T/RD10 D-129417 / 134101-4120 / P27 Дизель,11,519,Дизель,D-129417,Хабаровск
2026-01-06 14:13:02,Плунжер NIS RE8/RD8 D-129418 / 134151-6620 / P145 Дизель,18,513,Дизель,D-129418,Хабаровск
2026-01-06 14:13:02,Плунжер NIS RE8/RE10 D-129419 / 134151-0420 / P86 Дизель,14,454,Дизель,D-129419,Хабаровск
2026-01-06 14:13:02,Плунжер NIS RE8/RE10/RF8/RF10 D-129420 / 134152-1220 / P192 Дизель,10,759,Дизель,D-129420,Хабаровск
2026-01-06 14:13:02,Плунжер NIS RE8T/RE8T04 D-129421 / 134151-4120 / P121 Дизель,16,501,Дизель,D-129421,Хабаровск
2026-01-06 14:13:02,Плунжер NIS SD23/25/SD33T/TD23; IS 4FB1 D-129422 / 131151-7620 Дизель,6,456,Дизель,D-129422,Хабаровск
2026-01-06 14:13:02,Плунжер NIS SD25 D-129423 / 090150-5600 / А92 Дизель,11,598,Дизель,D-129423,Хабаровск
2026-01-06 14:13:02,Плунжер TOY 13B D-129424 / 090150-3330 Дизель,1,530,Дизель,D-129424,Хабаровск
2026-01-06 14:13:02,Плунжер TOY B/2B D-129425 / 090150-2140 / 2140R Дизель,12,364,Дизель,D-129425,Хабаровск
2026-01-06 14:13:02,Плунжер TOY B/3B 090150-2550,1,662,Дизель,090150-2550,Хабаровск
2026-01-06 14:13:02,"Пневмоклапан КПП D-128921 / F99660 двойной Н-образный HOWO, SHAANXI 9JS Дизель",1,682,Дизель,D-128921,Хабаровск
2026-01-06 14:13:02,Пневмоподушка 95246-00Z12 AS02-0019/A-175 Nissan CW 520 Rear Y,4,5982,Yamasida,95246-00Z12,Хабаровск
2026-01-06 14:13:02,Пневмоподушка 95248-00Z11 AS02-0018 Nissan CNS 520 Front !,1,2602,Дизель,95248-00Z11,Хабаровск
2026-01-06 14:13:02,Пневмоподушка D-126246 / 1-52110-142-1 / A2107 ISUZU CX#/CY#/CV#/EX# 87~ Дизель,4,3584,Дизель,D-126246,Хабаровск
2026-01-06 14:13:02,Пневмоподушка D-126249 / A151-160P01 MK334786/MK418574/A2014 AS02-0012-R1 Fuso Дизель,3,5577,Дизель,D-126249,Хабаровск
2026-01-06 14:13:02,Пневмоподушка D-126250 / A175 / 95246-00Z12 Nissan CW 520 Rear Дизель,40,4121,Дизель,D-126250,Хабаровск
2026-01-06 14:13:02,Пневмоподушка D-128463 / WG9925528010 Sitrak C7H Дизель,4,8518,Дизель,D-128463,Хабаровск
2026-01-06 14:13:02,Пневмоподушка MC053767/MC056515/MK996372/ MK595300 / MK334674/MK053767 AS02-0013-R1 Fuso Y,2,8455,Yamasida,MK053767,Хабаровск
2026-01-06 14:13:02,Пневмоподушка MC056299 AS02-0005 Fuso Y,1,8365,Yamasida,MC056299,Хабаровск
2026-01-06 14:13:02,Пневмоподушка MC096799 AS02-0006 Fuso,6,3680,Дизель,MC096799,Хабаровск
2026-01-06 14:13:02,Пневмоподушка MK334786/MK418574 AS02-0012-R1 A151-160P01 Fuso Y !,3,5693,Yamasida,MK334786,Хабаровск
2026-01-06 14:13:02,Пневмоподушка MK493369 Fuso Y,7,5073,Yamasida,MK493369,Хабаровск
2026-01-06 14:13:02,Пневморессора / 047-01-0003 / ?120mm x ?180mm x 385mm / Китай / PS0320 / 1521110140; 1-52111-014-0;,1,8564,Zevs,1-52111-014-0,Хабаровск
2026-01-06 14:13:02,Пневморессора 1-52111-033-0 CX#/CY#/EX# 03~ ORIG,1,13648,Isuzu,1-52111-033-0,Хабаровск
2026-01-06 14:13:02,"Пневморессора без стакана штуц. M16*1.5/шп. M12*1.5 MAN TGA, (Sonder), (09.003.0009)",2,3474,JMC,09.003.0009,Хабаровск
2026-01-06 14:13:02,Пневморессора со стаканом (металл) 2шп.-M12 + 1 отвер.M22 под возд. 090030024 SONDER,1,11316,JMC,90030024,Хабаровск
2026-01-06 14:13:02,Пневмоусилитель КПП D-125736 / 1-33730-156-0 / HNTC1560 F-series Дизель,1,12117,Дизель,D-125736,Хабаровск
2026-01-06 14:13:02,Поворотник D-126251 / 213-1531R-AQ ISUZU NPR `07~ NLR85/NMR85 Дизель,13,1075,Дизель,D-126251,Хабаровск
2026-01-06 14:13:02,Поворотник ISUZU NPR `07~ D-127129 / 213-1531L-AQ NLR85/NMR85 Дизель,15,1027,Дизель,D-127129,Хабаровск
2026-01-06 14:13:02,Повторитель D-126252 / 213-1616L ISUZU FORWARD '90-95' Дизель,5,700,Дизель,D-126252,Хабаровск
2026-01-06 14:13:02,Повторитель D-126253 / 213-1616R ISUZU FORWARD '90-'95 Дизель,26,700,Дизель,D-126253,Хабаровск
2026-01-06 14:13:02,Повторитель D-126254 / 213-1616R-Y ISUZU FORWARD '90-'95 Дизель,33,700,Дизель,D-126254,Хабаровск
2026-01-06 14:13:02,Повторитель HINO 99-03 L212-1680R-UE,1,1875,JMC,L212-1680R-UE,Хабаровск
2026-01-06 14:13:02,Повторитель ISUZU FORWARD '90-'95 213-1616R (K) дефект,1,391,Дизель,213-1616R,Хабаровск
2026-01-06 14:13:02,ПОВТОРИТЕЛЬ В БАМПЕР HINO '93- 12-1456-01L,1,282,JMC,12-1456-01L,Хабаровск
2026-01-06 14:13:02,Повторитель в бампер LH D-126409 / 1-82210-260-1/0 CXZ51KEXZ51KCYZ51KCYZ51L 6WF1 Дизель,27,737,Дизель,D-126409,Хабаровск
2026-01-06 14:13:02,Повторитель в бампер LH D-126409 / 1-82210-260-1/0 CXZ51KEXZ51KCYZ51KCYZ51L 6WF1 Дизель дефект,2,516,Дизель,D-126409,Хабаровск
2026-01-06 14:13:02,Повторитель в бампер LH D-126410 / 1-82210-203-0/1 CXZ81K 10PE1 Дизель,17,668,Дизель,D-126410,Хабаровск
2026-01-06 14:13:02,Повторитель в бампер MMC FUSO 06' 214-1650L-U !,8,2815,Depo,214-1650L-U,Хабаровск
2026-01-06 14:13:02,Повторитель в бампер MMC FUSO 06' 214-1650R-U !,5,2815,Depo,214-1650R-U,Хабаровск
2026-01-06 14:13:02,Повторитель в бампер RH D-128000 / 1-82210-259-1/0 CXZ51KEXZ51KCYZ51KCYZ51L 6WF1 Дизель,16,737,Дизель,D-128000,Хабаровск
2026-01-06 14:13:02,Повторитель в бампер RH D-128000 / 1-82210-259-1/0 CXZ51KEXZ51KCYZ51KCYZ51L 6WF1 Дизель дефект,1,516,Дизель,D-128000,Хабаровск
2026-01-06 14:13:02,Повторитель на дверь ISUZU ELF NLR85 '07 -L D-127170 / 213-1413L-A Дизель,26,367,Дизель,D-127170,Хабаровск
2026-01-06 14:13:02,Повторитель на дверь ISUZU ELF NLR85 '07 -R D-127171 / 213-1413R-A Дизель,8,367,Дизель,D-127171,Хабаровск
2026-01-06 14:13:02,Повторитель на дверь ISUZU FORWARD / GIGA '93-'98 D-129426 / 213-1405L-A Дизель,25,436,Дизель,D-129426,Хабаровск
2026-01-06 14:13:02,Повторитель на дверь LH 1-82213-021-0/228-1 CXZ51KEXZ51KCYZ51KCYZ51LCXZ81K 6WF1.10PE1. Diesel дефект,2,323,Дизель,1-82213-021-0,Хабаровск
2026-01-06 14:13:02,Повторитель на дверь LH D-126257 / 92303-5H000 HD72 Дизель,1,425,Дизель,D-126257,Хабаровск
2026-01-06 14:13:02,Повторитель на дверь LH D-129093 / 1-82213-021-0/228-1 CXZ51KEXZ51KCYZ51KCYZ51LCXZ81K 6WF1 Дизель,2,434,Дизель,D-129093,Хабаровск
2026-01-06 14:13:02,Повторитель на дверь Mitsubishi Canter 18-3323-01-6B R TYC,1,606,JMC,18-3323-01-6B,Хабаровск
2026-01-06 14:13:02,Повторитель на дверь MMC FUSO '07 214-1430L-WE !,7,898,Depo,214-1430L-WE,Хабаровск
2026-01-06 14:13:02,Повторитель на дверь MMC FUSO '07 214-1430R-WE !,6,807,Depo,214-1430R-WE,Хабаровск
2026-01-06 14:13:02,Повторитель на дверь RH D-126258 / 92304-5H000 HD72 Дизель,4,425,Дизель,D-126258,Хабаровск
2026-01-06 14:13:02,Повторитель на дверь RH D-126411 / 1-82213-020-0/227-1 C-series 6WF1.10PE1 Дизель,6,434,Дизель,D-126411,Хабаровск
2026-01-06 14:13:02,Повторитель на дверь БЕЗ КОРПУСА желтый L=R K-219-5368 ж HINO D-129427 / 81730-E0080/E0081 Дизель,35,382,Дизель,D-129427,Хабаровск
2026-01-06 14:13:02,"Повторитель на дверь В КОРПУСЕ желтый L=R D-127172 / K-219-5368 HINO300,500,700 Дизель",36,502,Дизель,D-127172,Хабаровск
2026-01-06 14:13:02,Повторитель поворота 214-1648R-AE (K) FUSO CANTER FE85 LHD / MK427118 / MK580844 дефект,1,1010,Дизель,214-1648R-AE,Хабаровск
2026-01-06 14:13:02,Повторитель поворота L 1В24937100002 FOTON,1,144,Foton,1В24937100002,Хабаровск
2026-01-06 14:13:02,Повторитель поворота L D-127130 / 214-1648L-AE FUSO CANTER FE85 LHD / MK427117 / MK580843 Дизель,38,1192,Дизель,D-127130,Хабаровск
2026-01-06 14:13:02,Повторитель поворота R 1В24937100008 FOTON,1,144,Foton,1В24937100008,Хабаровск
2026-01-06 14:13:02,Повторитель поворота R 1В24937100008 FOTON дефект,1,144,Foton,1В24937100008,Хабаровск
2026-01-06 14:13:02,Повторитель поворота на дверь R 1-86830-264-2 / 1-82210-227-0 (K) дефект,1,270,Дизель,1-86830-264-2,Хабаровск
2026-01-06 14:13:02,Повторитель поворотов на прав.дверь D-125000/8-97410-180-4/2/3 NPR75/NLR85/NMR85/NQR90/FSR90 Дизель,10,417,Дизель,D-125000,Хабаровск
2026-01-06 14:13:02,Подкладка D-129430 / 2902409-DC30 FAW Дизель,2,317,Дизель,D-129430,Хабаровск
2026-01-06 14:13:02,Подкрылок (брызговик) RH 86821-5H103 HYUNDAI HD72/78 ORIG,2,1303,Hyundai-Kia,86821-5H103,Хабаровск
2026-01-06 14:13:02,Подкрылок H1843021002A0 FOTON,14,2095,Дизель,H1843021002A0,Хабаровск
2026-01-06 14:13:02,"Подкрылок L D-128001 / 1-79931-066-7 / 8-98134-766-1 C,E-series Дизель",3,2146,Дизель,D-128001,Хабаровск
2026-01-06 14:13:02,Подкрылок R D-127175 / 8-97048-728-3 NKR/NPR/NQR 94-08 Дизель,87,361,Дизель,D-127175,Хабаровск
2026-01-06 14:13:02,Подкрылок левый TYG TY11182AL,1,611,JMC,TY11182AL,Хабаровск
2026-01-06 14:13:02,Подкрылок передний левый 86895-5K001 / 86895-5K000 / 86895-5K002 HD65/78 ORIG,12,2925,Hyundai-Kia,86895-5K001,Хабаровск
2026-01-06 14:13:02,Подкрылок передний правый 86896-5K001 / 86896-5K002 / 86896-5K000 HD65/78 ORIG,9,2925,Hyundai-Kia,86896-5K001,Хабаровск
2026-01-06 14:13:02,Подкрылок правый TYG TY11182AR,1,605,JMC,TY11182AR,Хабаровск
2026-01-06 14:13:02,"подножка L / Euro4, XKU7#, TOYOTA DYNA, TOYOACE 2011- / 51084-37040, 51084-37042 / TY06-1300-02 / API",1,4980,JMC,51084-37040,Хабаровск
2026-01-06 14:13:02,Подножка L 87441-4E000 BONGO III,2,199,Дизель,87441-4E000,Хабаровск
2026-01-06 14:13:02,Подножка LH 72182-5K001 HYUNDAI HD78 ORIG,9,2321,Hyundai-Kia,72182-5K001,Хабаровск
2026-01-06 14:13:02,Подножка R (пластик) 86930-5H000 HYUNDAI HD72 ORIG,4,562,Hyundai-Kia,86930-5H000,Хабаровск
2026-01-06 14:13:02,"Подножка R D-129082 / DZ13241240672 ступень верхняя, алюминий SHACMAN F3000 Дизель",1,921,Дизель,D-129082,Хабаровск
2026-01-06 14:13:02,Подножка RH 72192-5K001 HYUNDAI HD78 ORIG,7,2443,Hyundai-Kia,72192-5K001,Хабаровск
2026-01-06 14:13:02,Подножка верхняя левая D-125016 / 1-71907-249-1 CYZ51/CYZ52 Дизель,4,794,Дизель,D-125016,Хабаровск
2026-01-06 14:13:02,Подножка кабины D-129822 / MK486008 MMC LH FUSO CANTER RUS Дизель,3,1643,Дизель,D-129822,Хабаровск
2026-01-06 14:13:02,Подножка кабины RH D-125516 / MK486009 MMC FUSO CANTER RUS Дизель,4,1644,Дизель,D-125516,Хабаровск
2026-01-06 14:13:02,Подножка нижняя левая D-126261 / 1-53414-181-0 CYZ51/CYZ52/FVR34 Дизель,8,1205,Дизель,D-126261,Хабаровск
2026-01-06 14:13:02,Подножка пластиковая D-125744/IZNR05019/8-97853-583-7/8-97892-965-0 R ISUZU ELF NKR/NPR 2004~ Дизель,5,551,Дизель,D-125744,Хабаровск
2026-01-06 14:13:02,Подушка двигателя 1-53225-051-0/03 Isuzu TZG,1,1430,Дизель,TI-043,Хабаровск
2026-01-06 14:13:02,Подушка двигателя 10PC1 1-53225-105-4/0/ IZ-2271 TZG,9,4862,Дизель,TI-015,Хабаровск
2026-01-06 14:13:02,Подушка двигателя 127361/1778530 Scania DieselTechnic !,2,2009,Diesel Technic,1.27361,Хабаровск
2026-01-06 14:13:02,Подушка двигателя 14B/15BFTE/N04C/S05C/D 12371-78010 задняя TZG,2,664,Дизель,TH-079,Хабаровск
2026-01-06 14:13:02,"Подушка двигателя 4HK1/4HJ1 LH NPR,NQR 98-06 задняя 8-97201-671-0 TZG",4,1492,TZG,8-97201-671-0,Хабаровск
2026-01-06 14:13:02,"Подушка двигателя 4HK1/4HJ1 RH NPR,NQR 98-06 задняя 8-97201-669-0 TZG",2,1738,Дизель,8-97201-669-0,Хабаровск
2026-01-06 14:13:02,Подушка двигателя 6HH1/6HE1/6HK1 1-53225-314-1/0 LH ISUZU FR#/FT#/FS# 94~ TZG,1,3805,TZG,TI-071,Хабаровск
2026-01-06 14:13:02,Подушка двигателя 6SD1 1-53225-237-0/1/2/3 задняя TZG,1,5708,Дизель,TI-066,Хабаровск
2026-01-06 14:13:02,Подушка двигателя 6WA1/6WG1-T 1-53225-273-1/327-0 ISUZU CYZ/CXZ/EXD/EXR 97~ TZG,4,4770,Дизель,TI-054,Хабаровск
2026-01-06 14:13:02,Подушка двигателя 8-97073-378-2,1,1440,Дизель,8-97073-378-2,Хабаровск
2026-01-06 14:13:02,Подушка двигателя 8-98303-823-0/8-98053-832-0/8-97383-795-1 N-series 4JJ1 ORIG,2,5013,Isuzu,8-98303-823-0,Хабаровск
2026-01-06 14:13:02,Подушка двигателя D-127807 / ME031965 зад 6D17 Дизель,32,1286,Дизель,D-127807,Хабаровск
2026-01-06 14:13:02,"Подушка двигателя D-127810 / 12031-1990 передняя H06C, HO7D Дизель",72,1428,Дизель,D-127810,Хабаровск
2026-01-06 14:13:02,Подушка двигателя D-128239 / 8-97161-494-0 4HF1/4HG1/4HJ1 перед Дизель,5,1248,Дизель,D-128239,Хабаровск
2026-01-06 14:13:02,Подушка двигателя D-128240 / EF750 / F20C / 12031-2360 / 1720 FR HINO Дизель,6,2996,Дизель,D-128240,Хабаровск
2026-01-06 14:13:02,Подушка двигателя D-128242 / ME001197 Дизель,1,734,Дизель,D-128242,Хабаровск
2026-01-06 14:13:02,Подушка двигателя D-128792 / 1-53215-222-0 / 1-53215-147-1 6WG1 CYZ51 Дизель,2,1206,Дизель,D-128792,Хабаровск
2026-01-06 14:13:02,Подушка двигателя F17E 12035-2571 Hino SH1/2/3/4F# 92~ TZG !,14,3289,Дизель,12035-2571,Хабаровск
2026-01-06 14:13:02,Подушка двигателя FE6 11223-00Z05 TZG,1,1780,Дизель,TN-041,Хабаровск
2026-01-06 14:13:02,Подушка двигателя H07D/H07C-T 12031-1020 FR HINO 93~ TZG,4,1573,TZG,TH-053,Хабаровск
2026-01-06 14:13:02,Подушка двигателя J08C 12035-3142 HINO TZG,3,2294,Дизель,12035-3142,Хабаровск
2026-01-06 14:13:02,"Подушка двигателя LH D-127811 / 12032-1140/1120 H06C, HO7D HINO FD1J#, FD3H#, FC3# Дизель",61,1428,Дизель,D-127811,Хабаровск
2026-01-06 14:13:02,Подушка двигателя MD92T 11328-00Z17 RH N-DIESEL CD/CK/CV/CW 04~ TZG !,8,1775,Дизель,TN-097,Хабаровск
2026-01-06 14:13:02,Подушка двигателя MD92T 11328-00Z18 LH N-DIESEL CD/CK/CV/CW 04~ TZG !,9,1775,Дизель,11328-00Z18,Хабаровск
2026-01-06 14:13:02,Подушка двигателя ME011807 TZG,1,852,TZG,TM-031,Хабаровск
2026-01-06 14:13:02,Подушка двигателя ME061709 / 31214-03104 TZG !,6,605,Дизель,TM-032,Хабаровск
2026-01-06 14:13:02,Подушка двигателя PE6T 11328-Z2008 U.D. TRUCK CK87/CW87CWA45 86~ TZG !,4,1292,Дизель,11328-Z2008,Хабаровск
2026-01-06 14:13:02,Подушка двигателя R D-127812 / 12035-1660 / HN-2295 H07C Дизель,29,2105,Дизель,D-127812,Хабаровск
2026-01-06 14:13:02,Подушка двигателя RE8/RF8/RG8 11328-Z2009 U.D. TRUCK CWA53 CW52 CW54 86~ TZG,20,2216,Дизель,TN-031,Хабаровск
2026-01-06 14:13:02,Подушка двигателя RE8/RH CW5# задняя 811328-00Z07 TZG/,1,2020,TGZ,811328-00Z07,Хабаровск
2026-01-06 14:13:02,Подушка двигателя SHN-2308 12035-1850-S Schmaco !,4,4296,Schmaco,SHN-2308,Хабаровск
2026-01-06 14:13:02,Подушка двигателя SIZ-1697 8-97187-417-0-S Schmaco,1,2082,Schmaco,SIZ-1697,Хабаровск
2026-01-06 14:13:02,Подушка двигателя SNS-1210 11223-Z2011-S FR N.-TRUCK CWA52 PF6T Schmaco,5,3169,Schmaco,SNS-1210,Хабаровск
2026-01-06 14:13:02,Подушка двигателя задняя RF8/RF10 11328-00Z08 LH N-DIESEL CD450/CW45 89~ TZG,3,2195,Дизель,TN-035,Хабаровск
2026-01-06 14:13:02,Подушка двигателя задняя RF8/RF10 11328-00Z09 RH N-DIESEL CD450/CW45 89~ TZG !,2,1378,Дизель,TN-036,Хабаровск
2026-01-06 14:13:02,Подушка двигателя перед D-126263/8-98203-634-0/8-98061-232-0 ISUZU 4HK1-T FR R NQR90 Дизель,7,1683,Дизель,D-126263,Хабаровск
2026-01-06 14:13:02,Подушка двигателя передняя 480885 / A9412418713 DieselTechnic,4,7784,Diesel Technic,4.80885,Хабаровск
2026-01-06 14:13:02,Подушка двигателя передняя D-128431 / DZ9114593001 SHACMAN Дизель,10,473,Дизель,D-128431,Хабаровск
2026-01-06 14:13:02,Подушка двигателя передняя D-128464 / 1001025-76A FAW Дизель,1,1023,Дизель,D-128464,Хабаровск
2026-01-06 14:13:02,Подушка двигателя передняя левая D-128644 / DZ95259590167 SHACMAN X3000 Дизель,1,2537,Дизель,D-128644,Хабаровск
2026-01-06 14:13:02,Подушка двигателя передняя правая D-128645 / DZ95259590168 / CK4619 WP12 SHACMAN X3000 Дизель,1,2537,Дизель,D-128645,Хабаровск
2026-01-06 14:13:02,Подушка ДВС 1-53215-135-0 передняя,2,2030,Дизель,1-53215-135-0,Хабаровск
2026-01-06 14:13:02,Подушка ДВС 1-53225-371-1,1,10409,Дизель,1-53225-371-1,Хабаровск
2026-01-06 14:13:02,Подушка ДВС 11223-Z2010/2011 CW520/RE8/10 RF8/10 RH8/10 RG8 92~ TZG,7,2216,Дизель,11223-Z2010,Хабаровск
2026-01-06 14:13:02,Подушка ДВС 11328-00Z08 RH UD,1,2338,JMC,11328-00Z08,Хабаровск
2026-01-06 14:13:02,Подушка ДВС 11328-00Z09 LH UD,1,2338,JMC,11328-00Z09,Хабаровск
2026-01-06 14:13:02,Подушка ДВС 12035-1761 задняя,3,7756,Дизель,12035-1761,Хабаровск
2026-01-06 14:13:02,Подушка ДВС 12035-1850/12035-1901 HINO задняя EF750,1,2128,Дизель,12035-1850,Хабаровск
2026-01-06 14:13:02,Подушка ДВС 21810-4E100 BONGO III 4WD !,1,960,Geun Young,103-060,Хабаровск
2026-01-06 14:13:02,Подушка ДВС EM3389; MK493389; FUSO 10T FP50/55/FY50; 6M70; (передняя),1,6054,JMC,EM3389,Хабаровск
2026-01-06 14:13:02,"Подушка ДВС EM4785; ME074785; FUSO FM657; (лев руль, левая); (задняя)",2,5818,JMC,ME074785,Хабаровск
2026-01-06 14:13:02,"Подушка ДВС EM4786; ME074786; (задняя); FUSO FM657; (лев руль, правая)",2,5913,Дизель,ME074786,Хабаровск
2026-01-06 14:13:02,Подушка ДВС MK482595,2,1159,JMC,MK482595,Хабаровск
2026-01-06 14:13:02,Подушка ДВС MMC CANTER 4M51 / EM-06-4011; EM4011 / MK314011 /,1,3281,JMC,MK314011,Хабаровск
2026-01-06 14:13:02,Подушка ДВС задняя 21813-43110/21823-43001 Grace !,1,416,Hyundai-Kia,21813-43110,Хабаровск
2026-01-06 14:13:02,Подушка кабины 1-52110-142-1 CX#/CY#/CV#/EX# 87~ ORIG,1,12502,Isuzu,1-52110-142-4,Хабаровск
2026-01-06 14:13:02,Подушка кабины D-128793 / 8-18242-452-0 / 8-98021-561-0/1 NPR71 NHR/NJR/NKR/NLR/NMR 07~ Дизель,55,454,Дизель,D-128793,Хабаровск
2026-01-06 14:13:02,Подушка КПП нижняя D-127899 / WG9770590324 HOWO Дизель,2,216,Дизель,D-127899,Хабаровск
2026-01-06 14:13:02,Подушка под кабину / 051-01-0008 / / / AMC0Z14 / 9514800Z14; 95148-00Z14 / AUROCHS,1,4683,JMC,95148-00Z14,Хабаровск
2026-01-06 14:13:02,Подушка под кабину CM7599 / MC907599 / 6D17,1,971,JMC,MC907599,Хабаровск
2026-01-06 14:13:02,Подушка подвесного подшипника SHN-8228 37235-1090-S H/N FS270 Schmaco !,10,622,Schmaco,SHN-8228,Хабаровск
2026-01-06 14:13:02,Подушка подвесного подшипника SMS-8214 MC881040-S FP418 Schmaco !,91,759,Schmaco,SMS-8214,Хабаровск
2026-01-06 14:13:02,Подушка подвесного подшипника SNS-8133 37518-90009-S Schmaco !,8,671,Schmaco,SNS-8133,Хабаровск
2026-01-06 14:13:02,Подушка резиновая 54074 Auger !,5,815,Auger,54074,Хабаровск
2026-01-06 14:13:02,Подушка рессоры 230х210х152 51245/ A0003250596 / A0003250796 / 480445 / 9560066359 Mercedes/Auger !,2,5040,Auger,51245,Хабаровск
2026-01-06 14:13:02,Подушка рессоры 230х210х152 A0003250596SKV/51245/ A0003250796 / 480445 / 9560066359 Mercedes SKV,69,3980,SKV,A0003250596,Хабаровск
2026-01-06 14:13:02,Подушка рессоры 2556301,1,1755,JMC,2556301,Хабаровск
2026-01-06 14:13:02,Подушка рессоры 2556301 VOLVO TRUCK F12/F16/FH12/FH16 SKV,62,3516,SKV,2556301,Хабаровск
2026-01-06 14:13:02,Подушка рессоры передн. круглая (буфер) 1880520017 Howo,1,115,Howo,WG9323520010,Хабаровск
2026-01-06 14:13:02,Подшипник 11590/20 MJM05549 ASIA шкворневой,2,325,JMC,MJM05549,Хабаровск
2026-01-06 14:13:02,Подшипник 1204 KOYO 83A831GC5,1,2413,JMC,83A831GC5,Хабаровск
2026-01-06 14:13:02,"Подшипник 12749/710 (FBJ)/12749/10 90080-36075,97770-12710,90368-22001",2,128,JMC,90080-36075,Хабаровск
2026-01-06 14:13:02,Подшипник 1280/20/1220 / B22001,1,995,JMC,B22001,Хабаровск
2026-01-06 14:13:02,Подшипник 17*47*14 6303-2RS Universal SKV,14,193,SKV,6303-2RS,Хабаровск
2026-01-06 14:13:02,Подшипник 2959022 KOYO,1,2609,JMC,2959022,Хабаровск
2026-01-06 14:13:02,Подшипник 30214 70*1258*26.25,1,707,JMC,30214,Хабаровск
2026-01-06 14:13:02,Подшипник 320/22X FERSA,1,779,JMC,320/22X,Хабаровск
2026-01-06 14:13:02,Подшипник 32010 X,1,570,JMC,32010X,Хабаровск
2026-01-06 14:13:02,Подшипник 32034 Х/Р5 (SKF) (5),2,26612,SKF,32034X,Хабаровск
2026-01-06 14:13:02,Подшипник 33206J/33206JR/4T-33206/--- Y7691-57206 (NTN),5,1342,NTN,33206,Хабаровск
2026-01-06 14:13:02,Подшипник 35BW08C4/SX07D68LL 90369-35076 35-75-18-25 NSK,1,858,NSK,90369-35076,Хабаровск
2026-01-06 14:13:02,Подшипник 45KW01 8-97034-255-0/40210-89TA4 RICH,2,1397,TGZ,45KW01,Хабаровск
2026-01-06 14:13:02,Подшипник 463177/A0159816205 / 98530277 Mercedes/DieselTechnic !,2,3152,Diesel Technic,4.63177,Хабаровск
2026-01-06 14:13:02,Подшипник 60TNK20 NSK,18,1353,NSK,60TNK20,Хабаровск
2026-01-06 14:13:02,Подшипник 60ТМК20,1,592,KOYO,60ТМК20,Хабаровск
2026-01-06 14:13:02,Подшипник 62305-2RS 25-62-24 (WTW) / 62305-2RS / / 623052RS / WTW,3,427,JMC,62305-2RS,Хабаровск
2026-01-06 14:13:02,Подшипник 68042RS NIS,2,143,JMC,68042RS,Хабаровск
2026-01-06 14:13:02,Подшипник 8001320212/32021/VKHB2160/1104922 Europart !,1,3380,Europart,8001320212,Хабаровск
2026-01-06 14:13:02,Подшипник 98530107/A0139810605/0159819005 Mercedes/NTN !,1,3615,NTN,98530107,Хабаровск
2026-01-06 14:13:02,Подшипник A0089811325 / A0089815325 / 98530108 / 90*130*14 Mercedes ориг !,1,4477,Mercedes,A 008 981 13 25,Хабаровск
2026-01-06 14:13:02,Подшипник B21801,3,1430,JMC,B21801,Хабаровск
2026-01-06 14:13:02,Подшипник HK2518 25*32*18 NSK,42,793,NSK,HK2518,Хабаровск
2026-01-06 14:13:02,Подшипник HM212047AR/011R 9-00093-114-0,1,1771,JMC,9-00093-114-0,Хабаровск
2026-01-06 14:13:02,Подшипник LM67048/10,3,611,JMC,LM67048/10,Хабаровск
2026-01-06 14:13:02,Подшипник NUPK309-A-NR*C3 1-09810-082-0 45-100-25 (NSK) / NUPK309-A-NR*C3 / 1-09810-082-0,1,3966,NSK,1-09810-082-0,Хабаровск
2026-01-06 14:13:02,Подшипник RNU0727,1,341,JMC,RNU0727,Хабаровск
2026-01-06 14:13:02,Подшипник RV253733 MH044061 (11роликов)наКоробку 4D35 27-37-33 MMC ORIGINAL / 8061,1,4061,LYNX,MH044061,Хабаровск
2026-01-06 14:13:02,Подшипник ZX30.034,3,961,JMC,ZX30.034,Хабаровск
2026-01-06 14:13:02,Подшипник вала КПП 43222-4D050 PORTER II ORIG,1,1929,Hyundai-Kia,43222-4D050,Хабаровск
2026-01-06 14:13:02,Подшипник выж. 68 ТКВ 3505AR/31230-36010/36140/36149,1,1357,NSK,68ТКВ3505,Хабаровск
2026-01-06 14:13:02,Подшипник выж. 78ТКL 4801AR/8-97255-313-0 NQR75 Isuzu TF,1,1544,TGZ,78ТКL 4801AR,Хабаровск
2026-01-06 14:13:02,Подшипник выж. 80TNK20 / 03452-23002,1,1528,KOYO,80TNK20,Хабаровск
2026-01-06 14:13:02,Подшипник выж. FCR47-8-4/2E//47SCRN34(NIS),3,297,NIS,FCR47-8-4/2E,Хабаровск
2026-01-06 14:13:02,Подшипник выж. RCTS351SA4/31230-32100/32030 KOYO,2,2372,KOYO,RCTS351SA4,Хабаровск
2026-01-06 14:13:02,Подшипник выжимной 1-31310-012-0 Isuzu SKV,100,1760,SKV,1-31310-012-0,Хабаровск
2026-01-06 14:13:02,Подшипник выжимной 1-31310-012-0 Isuzu Y,69,3143,Yamasida,1-31310-012-0,Хабаровск
2026-01-06 14:13:02,Подшипник выжимной 1-31310-026-0/1-87610-109-0 ISUZU FRR/FSR/FTR/ 08~ SKV,38,3948,SKV,1-31310-026-0,Хабаровск
2026-01-06 14:13:02,Подшипник выжимной 1-31310-026-0SKV / 1-87610-109-0 FRR/FSR/FTR 08~ SKV Premium (BVP),81,2329,SKV Premium,1-31310-026-0SKV,Хабаровск
2026-01-06 14:13:02,Подшипник выжимной 1-87610-108-0/1-09820-117-0 FVR34 6HK1 SKV Premium (BVP),125,879,SKV Premium,1-87610-108-0,Хабаровск
2026-01-06 14:13:02,Подшипник выжимной 31230-35070 HINO/DYNA RICH !,7,211,Дизель,31230-35070,Хабаровск
2026-01-06 14:13:02,Подшипник выжимной 31230-37050 HINO300 E4 / T-DYNA N04C (BVP quality) SKV Premium,593,2031,SKV,31230-37050,Хабаровск
2026-01-06 14:13:02,Подшипник выжимной 31230-37050 HINO300 E4 / T-DYNA N04C Y,70,3636,Yamasida,31230-37050,Хабаровск
2026-01-06 14:13:02,Подшипник выжимной 41412-4Z000 BONGO III RICH !,15,451,Дизель,41412-4Z000,Хабаровск
2026-01-06 14:13:02,Подшипник выжимной 5-87610-110-0/8-97255-313-0 NQR71/75 NLR85 SKV Premium (BVP),99,1547,SKV,5-87610-110-0,Хабаровск
2026-01-06 14:13:02,Подшипник выжимной 58TKA3703B SKV,65,706,SKV,58TKA3703B,Хабаровск
2026-01-06 14:13:02,Подшипник выжимной 62TNK20 RICH !,99,327,Дизель,62TNK20,Хабаровск
2026-01-06 14:13:02,Подшипник выжимной 6G120L-0040 N120 LE359 JAC ORIG,3,5325,JAC,6G120L-0040,Хабаровск
2026-01-06 14:13:02,Подшипник выжимной 78TKL4001AR SKV,15,1551,SKV,78TKL4001AR,Хабаровск
2026-01-06 14:13:02,Подшипник выжимной 78TKL4801AR / 8-97255-313-0 Isuzu SKV,49,1492,SKV,78TKL4801AR,Хабаровск
2026-01-06 14:13:02,Подшипник выжимной BRG713 / 41421-43020 JAPAN H100/150/200 (упаковка НЕСТАНДРТ) EXEDY,10,812,Exedy,BRG713,Хабаровск
2026-01-06 14:13:02,Подшипник выжимной CT5586ARSE/SF1135 31230-1030A/1050/31242-1110 NSK,3,893,NSK,CT5586ARSE,Хабаровск
2026-01-06 14:13:02,Подшипник выжимной CT5586ARSE/SF1135 31230-1030A/1050/31242-1110 SKV,120,572,SKV,CT5586ARSE,Хабаровск
2026-01-06 14:13:02,Подшипник выжимной CT5588ARSE/55TMK09-1/90363-63024/31242-1120/1030/1020 RICH,1,183,JMC,CT5588ARSE,Хабаровск
2026-01-06 14:13:02,"Подшипник выжимной D-125282 / 1-31310-026-0 FSR34,FSR90, FRR/FSR/FTR 08~ Дизель",4,4076,Дизель,D-125282,Хабаровск
2026-01-06 14:13:02,Подшипник выжимной D-126574 / 86CL6089F0 FAW Дизель,1,1878,Дизель,D-126574,Хабаровск
2026-01-06 14:13:02,"Подшипник выжимной D-127352 / 2164195 Scania P,G,R,T - series Дизель",26,2394,Дизель,D-127352,Хабаровск
2026-01-06 14:13:02,Подшипник выжимной D-127393 / 1-31310-026-0 / 1-87610-109-0 FRR/FSR/FTR 08~ BVP quality Дизель,20,3408,Дизель,D-127393,Хабаровск
2026-01-06 14:13:02,Подшипник выжимной D-127394 / 1-87610-108-0 / 1-09820-117-0 FVR34 6HK1 BVP quality Дизель,1,1870,Дизель,D-127394,Хабаровск
2026-01-06 14:13:02,Подшипник выжимной D-127397 / 5-87610-110-0 / 8-97255-313-0 NQR71/75 NLR85 BVP quality Дизель,13,2200,Дизель,D-127397,Хабаровск
2026-01-06 14:13:02,Подшипник выжимной D-127690 / 81CT4862F2 N75/80/90 JAC Дизель,1,1595,Дизель,D-127690,Хабаровск
2026-01-06 14:13:02,Подшипник выжимной D-127901 / WG9114160030 HOWO Дизель,8,1595,Дизель,D-127901,Хабаровск
2026-01-06 14:13:02,Подшипник выжимной HD65/72/COUNTY 41420-45001 PRB-50/ SKV,90,813,SKV,41420-45001,Хабаровск
2026-01-06 14:13:02,Подшипник выжимной ISUZU ELF NPR 4HF1 1993-2003/ISUZU ELF NQR 4HF1 1993-2003/ISUZU ELF NKR 4HF1 1993,1,2012,TF,78TKL4001AR,Хабаровск
2026-01-06 14:13:02,Подшипник выжимной M-1605623 N75 JAC ORIG,6,1839,JAC,M-1605623,Хабаровск
2026-01-06 14:13:02,Подшипник выжимной RCT422SA1/60TKC4202 8-94379-499-0/8-94453-348-0/8-94453-349-0 RICH,2,246,Rich,60TKC4202,Хабаровск
2026-01-06 14:13:02,Подшипник выжимной RCT422SA1/60TKC4202 8-94379-499-0/8-94453-348-0/8-94453-349-0 SKV,30,800,SKV,RCT422SA1,Хабаровск
2026-01-06 14:13:02,Подшипник выжимной RCT55B/1304-16-510A/SL RICH !,1,250,Дизель,RCT55B,Хабаровск
2026-01-06 14:13:02,Подшипник выжимной TK55-1A1 / 55TMK804/2E / CT55BL1 / 1-09820-008-0 SKV,18,824,SKV,TK55-1A1,Хабаровск
2026-01-06 14:13:02,Подшипник выжимной TK70-1A/CT70B ТК70-9/U3 ME632049/31242-1260A/1-09820-118-0/9-00 SKV,42,1379,SKV,TK70-1A,Хабаровск
2026-01-06 14:13:02,Подшипник выжимной TKS54-19K MRK SKV,55,699,SKV,TKS54-19K,Хабаровск
2026-01-06 14:13:02,Подшипник выжимной WG9114160030 HOWO ORIG,4,9201,Howo,WG9114160030,Хабаровск
2026-01-06 14:13:02,Подшипник выжимной без муфты 45*73,182,605,Дизель,45*73,Хабаровск
2026-01-06 14:13:02,Подшипник выжимной в сборе 1-31310-023-0 / 1-31310-014-0 CYZ5 CYZ52 SKV,7,5146,SKV,1-31310-023-0,Хабаровск
2026-01-06 14:13:02,"Подшипник выжимной гидравлический ME523197 (SD029) 4M50/4M51 FE7#C,82C,83C SKV",53,5562,SKV,ME523197,Хабаровск
2026-01-06 14:13:02,Подшипник выжимной обратного действия AZ9114160030 WAYTEKO F2000/F3000*,1,5869,Wayteko,AZ9114160030,Хабаровск
2026-01-06 14:13:02,Подшипник выжимной с муфтой 1602050Z1A N56 JAC ORIG,2,2137,JAC,1602050Z1A,Хабаровск
2026-01-06 14:13:02,Подшипник выжимной с муфтой D-126897 / 996914+11203 FAW Дизель,1,1074,Дизель,D-126897,Хабаровск
2026-01-06 14:13:02,Подшипник генератора 605ZZ,3,154,JMC,605ZZ,Хабаровск
2026-01-06 14:13:02,Подшипник гидравлический ME538976 / ME539937 / ME523205 / ME523208 / CSC2524 4M50/4M51 SKV,80,5119,SKV,ME538976,Хабаровск
2026-01-06 14:13:02,Подшипник дифференциала 1-09812-056-1 FSR90 ISUZU,2,2282,Yamasida,1-09812-056-1,Хабаровск
2026-01-06 14:13:02,Подшипник дифференциала 1-09812-058-1 FSR90 ISUZU Y,3,1418,Yamasida,1-09812-058-1,Хабаровск
2026-01-06 14:13:02,Подшипник зад ступицы HTPHW934206097/WG934206097/812W93420-6097 HOWO ORIG,8,25597,Howo,HTPHW934206097,Хабаровск
2026-01-06 14:13:02,Подшипник зад ступицы внутренний (105*190*39) 1102864 / VKHB2215 / 30221J2 / CRF-30221A CRAFT !,1,2362,Craft,CRF-30221A,Хабаровск
2026-01-06 14:13:02,Подшипник задней ступицы внутр (30222)190003326067 Н,2,1546,Howo,30222,Хабаровск
2026-01-06 14:13:02,Подшипник игольчатый шестерни 4 передачи K606830-6G120 JAC ORIG,1,385,JAC,K606830-6G120,Хабаровск
2026-01-06 14:13:02,Подшипник игольчатый шестерни 6 передачи K445045ZW-6G120 JAC ORIG,3,544,JAC,K445045ZW-6G120,Хабаровск
2026-01-06 14:13:02,Подшипник КПП (игольчатый) D-129869 / WG9003324824 HOWO T5G Дизель,4,2962,Дизель,D-129869,Хабаровск
2026-01-06 14:13:02,Подшипник КПП 6307DU/DDUNR/43425-P03510 Hyundai HD78 NSK,40,1104,NSK,6307DDUNR,Хабаровск
2026-01-06 14:13:02,Подшипник КПП ME502938,1,2905,Mitsubishi,ME502938,Хабаровск
2026-01-06 14:13:02,Подшипник КПП NUPK309A1NRC3 / QW43425-6A340 HYUNDAI HD120 NSK,6,6552,NSK,QW434256A340,Хабаровск
2026-01-06 14:13:02,Подшипник КПП первичного вала NUP209 без проточки NSK,115,1884,NSK,NUP209,Хабаровск
2026-01-06 14:13:02,Подшипник КПП хвостовика 717813/CK8178 F2000/F3000,3,3048,Createk,CK8178,Хабаровск
2026-01-06 14:13:02,Подшипник маховика D-128678 / 200V93410-0143 / 6305-2RS HOWO T5G Дизель,8,395,Дизель,D-128678,Хабаровск
2026-01-06 14:13:02,Подшипник маховика D-128795 / 8-97258-239-0 NQR71/75 Дизель,1,217,Дизель,D-128795,Хабаровск
2026-01-06 14:13:02,Подшипник первичного вала NUP2212EX1MC3YA6G120 N120 JAC ТМВ,5,7053,Дизель,NUP2212E1MC3YA6G120,Хабаровск
2026-01-06 14:13:02,Подшипник переднего хвостовика среднего моста 31313/A9429810405 / A0039810605 / VKT8761/CRAFT !,1,2170,Craft,31313,Хабаровск
2026-01-06 14:13:02,Подшипник передней ступицы 22479742 VOLVO SKV,2,9100,SKV,22479742,Хабаровск
2026-01-06 14:13:02,Подшипник передней ступицы внутр 70*150*54 190003326543 HOWO T5G,10,1721,Дизель,190003326543,Хабаровск
2026-01-06 14:13:02,Подшипник передней ступицы наружный 1104922 / VKHB2160 SKF !,3,3791,SKF,VKHB2160,Хабаровск
2026-01-06 14:13:02,Подшипник подвесной карданного вала TDA-HCB101/2101/210661 1X Freightliner,1,1693,JMC,TDA-HCB101,Хабаровск
2026-01-06 14:13:02,Подшипник подвесной 1-37516-048-0/2 (Р85) TZG 60mm,2,6706,TZG,TI-011,Хабаровск
2026-01-06 14:13:02,Подшипник подвесной 37235-1010 Ф50мм,1,1754,JMC,37235-1010,Хабаровск
2026-01-06 14:13:02,Подшипник подвесной 37235-1060 SET 100*55*21 HINO 89~ FG/FN/FH/FR/FP/FT TZG,8,3792,Дизель,37235-1060,Хабаровск
2026-01-06 14:13:02,Подшипник подвесной 37235-1090 55mm,1,2050,JMC,37235-1090,Хабаровск
2026-01-06 14:13:02,Подшипник подвесной 37510-Z2003 Ф60мм,1,3143,JMC,37510-Z2003,Хабаровск
2026-01-06 14:13:02,Подшипник подвесной 49710-5H500 / MB563234 HD65 HD65/72 98 SKV d=40mm,154,1584,SKV,49710-5H500,Хабаровск
2026-01-06 14:13:02,Подшипник подвесной 5-87610-203-0/8-97131-143-1/0 Ф45мм NQR/NPR 93-06` ORIG China,6,5865,Isuzu,5-87610-203-0,Хабаровск
2026-01-06 14:13:02,Подшипник подвесной D-127421 / 1-37516-047-2 (Р110) Isuzu Ф55 Дизель,7,3282,Дизель,D-127421,Хабаровск
2026-01-06 14:13:02,"Подшипник подвесной D-127814/1-37510-105-0/8-98020-881-0 Isuzu F-series, FSR90 Дизель",63,1290,Дизель,D-127814,Хабаровск
2026-01-06 14:13:02,Подшипник подвесной D-128244 / 37510-90060 Ф60мм CW520 RF8 01~ Дизель,8,2094,Дизель,D-128244,Хабаровск
2026-01-06 14:13:02,Подшипник подвесной D-129087 / MC802640 / COB2640 Ø66mm MMC FUSO FV FU FY FT FS Дизель,10,2813,Дизель,D-129087,Хабаровск
2026-01-06 14:13:02,Подшипник подвесной Isuzu Truck D-127405 / 5-37516-006-0 Дизель,2,1478,Дизель,D-127405,Хабаровск
2026-01-06 14:13:02,Подшипник подвесной SIZ-8202 5-37516-006-1-S Schmaco !,20,2142,Schmaco,SIZ-8202,Хабаровск
2026-01-06 14:13:02,"Подшипник подвесной UD / ?50mm / без сальников, с подшипником 37523-90006 / 3751090019; 37510-90019; 3751890019; 37518-90019; 3752390006; 37523-90006 /",1,2453,JMC,37523-90006,Хабаровск
2026-01-06 14:13:02,Подшипник редуктора 53610-5H000 HYUNDAI D4DD HD65/72/County ORIG,8,6248,Hyundai-Kia,53610-5H000,Хабаровск
2026-01-06 14:13:02,Подшипник редуктора SZ366-70011/H913849/810 HINO 700 SKV,119,1370,SKV,SZ366-70011,Хабаровск
2026-01-06 14:13:02,Подшипник редуктора зад моста 60*130*35 D-126575/190003326236/30312/7312 HOWO Дизель,1,1050,Дизель,D-126575,Хабаровск
2026-01-06 14:13:02,Подшипник редуктора сред моста (МОД зад) 95*145*24 190003310239/6019Z/60119 HOWO,1,1172,Дизель,190003310239,Хабаровск
2026-01-06 14:13:02,Подшипник редуктора сред моста (МОД перед) 60*130*31 190003311543/6312 HOWO,1,1291,Дизель,190003311543,Хабаровск
2026-01-06 14:13:02,Подшипник редуктора среднего моста 350212X2 HOWO,1,2032,Дизель,350212X2,Хабаровск
2026-01-06 14:13:02,Подшипник редутора среднего моста 42115171 Iveco,2,3585,Iveco,42115171,Хабаровск
2026-01-06 14:13:02,Подшипник ступицы 2300143299/NU2211E.TVP2 FAG !,19,6963,JMC,2300143299,Хабаровск
2026-01-06 14:13:02,Подшипник ступицы 2300143299/NU2211ECP SKF,6,6822,SKF,NU2211ECP,Хабаровск
2026-01-06 14:13:02,Подшипник ступицы 2300143299/NU2211ECP TIMKEN,2,6294,TIMKEN,NU2211E.TVP,Хабаровск
2026-01-06 14:13:02,Подшипник ступицы 3782 Freightliner,1,981,JMC,3782,Хабаровск
2026-01-06 14:13:02,Подшипник ступицы 749A742 Fersa,1,10278,JMC,749A742,Хабаровск
2026-01-06 14:13:02,Подшипник ступицы 90х150х45 0264102300 / 33118 CRAFT,3,1973,Craft,CRF-33118A,Хабаровск
2026-01-06 14:13:02,Подшипник ступицы CRF-33207 A Craft !,1,935,Craft,CRF-33207A,Хабаровск
2026-01-06 14:13:02,"Подшипник ступицы D-125935 / TR5510032 передней, внутренний JAC N120 Дизель",4,1166,Дизель,D-125935,Хабаровск
2026-01-06 14:13:02,Подшипник ступицы D-126896 / 32315 FAW / JAC N350 Дизель,20,2460,Дизель,D-126896,Хабаровск
2026-01-06 14:13:02,Подшипник ступицы D-128344 / 710W93420-0104 /33220 SITRAK Дизель,4,2790,Дизель,D-128344,Хабаровск
2026-01-06 14:13:02,Подшипник ступицы DAC387433,2,1139,JMC,DAC387433,Хабаровск
2026-01-06 14:13:02,Подшипник ступицы F int D-128004 / 8-94248-088-2 N-series Дизель,16,744,Дизель,D-128004,Хабаровск
2026-01-06 14:13:02,Подшипник ступицы ZA-|Y038BWD15A CORON,1,1996,JMC,ZA-|Y038BWD15A,Хабаровск
2026-01-06 14:13:02,Подшипник ступицы ZA30BWK10G3Y01 NSK,2,3872,NSK,ZA30BWK10G3Y01,Хабаровск
2026-01-06 14:13:02,Подшипник ступицы зад внутр D-126761/30222/7222/190003326067 FAW Дизель,1,2180,Дизель,D-126761,Хабаровск
2026-01-06 14:13:02,Подшипник ступицы задн. 30313DJ/30313DJR/4T-30313D/9884-65105/38140-90000,1,2973,JMC,9884-65105,Хабаровск
2026-01-06 14:13:02,Подшипник ступицы заднего моста внешний 32222 WAYTEKO PREMIUM,1,4535,JMC,32222,Хабаровск
2026-01-06 14:13:02,Подшипник ступицы заднего моста наруж. 5-87610-139-0 N-series ORIG,25,2277,Isuzu,5-87610-139-0,Хабаровск
2026-01-06 14:13:02,Подшипник ступицы задней наружный 51703-62010 HYUNDAI GOLD D6GA HD120 ORIG,9,2862,Hyundai-Kia,51703-62010,Хабаровск
2026-01-06 14:13:02,"Подшипник ступицы задней, внутренний 52701-79120/TR191604 HYUNDAI HD270 D6AC SKV",10,1508,SKV,TR191604,Хабаровск
2026-01-06 14:13:02,"Подшипник ступицы задней, внутренний HR32220J /9-00093-116-0/38325-90001 C-series 100*180*40 NSK",2,9260,NSK,HR32220J,Хабаровск
2026-01-06 14:13:02,"Подшипник ступицы задней, внутренний TR5510032 /51701-62010 HYUNDAI D6GA HD120 55*100*32.5 SKV",71,1407,SKV,TR5510032,Хабаровск
2026-01-06 14:13:02,"Подшипник ступицы задней, наружный 32217/SZ366-85008/98848-5105/MH043078/VKHB2080 #700 85*150*40 SKV",3,1537,SKV,32217,Хабаровск
2026-01-06 14:13:02,Подшипник ступицы задний (40x42x82) WB-1431 LYNX,2,2719,JMC,WB-1431,Хабаровск
2026-01-06 14:13:02,Подшипник ступицы НМ212049 Freightliner,1,891,JMC,НМ212049,Хабаровск
2026-01-06 14:13:02,Подшипник ступицы перед нар 32022/190003326445 HOWO,2,1811,Дизель,190003326445,Хабаровск
2026-01-06 14:13:02,Подшипник ступицы перед.внутр 130*70*35/56 3017/81.93420.0074/06.32499.0081,30,1866,Дизель,3017,Хабаровск
2026-01-06 14:13:02,Подшипник ступицы переднего моста внутренний 3017 (130*70*35/56),1,2713,JMC,81.93420.0074,Хабаровск
2026-01-06 14:13:02,Подшипник ступицы передней внутренний D-128563 / 33216X2-1 / 06.32499.0190 X3000/F3000 Дизель,1,2070,Дизель,D-128563,Хабаровск
2026-01-06 14:13:02,"Подшипник ступицы передней, внутренний 8-94248-088-2 N-series Diesel",4,1337,Дизель,8-94248-088-2,Хабаровск
2026-01-06 14:13:02,Подшипник ступичный 32012JR / 43215-T9310/90366-60005/MH043114 SKV,3,707,SKV,32012,Хабаровск
2026-01-06 14:13:02,Подшипник ступичный 3280 NACHI L68149/10,2,959,JMC,L68149/10,Хабаровск
2026-01-06 14:13:02,Подшипник ступичный 33210JR/33210 90366-50069 COASTER/DYNA/TOYOACE/HINO 99~ SKV,5,927,SKV,33210,Хабаровск
2026-01-06 14:13:02,Подшипник ступичный 51701-44030/ 48548/10 H100 PORTER SKV !,141,238,SKV,LM48548/10,Хабаровск
2026-01-06 14:13:02,Подшипник ступичный 55TKA3102 /R55-5 /FCR55-1/2E/RCTS31SA NTN,1,536,JMC,55TKA3102,Хабаровск
2026-01-06 14:13:02,Подшипник ступичный 812W93420-6097 Sitrak C7H,3,10150,Noname,812W93420-6097,Хабаровск
2026-01-06 14:13:02,Подшипник ступичный D-128050 / WG4071418068 Sitrak C7H Дизель,2,13182,Дизель,D-128050,Хабаровск
2026-01-06 14:13:02,Подшипник ступичный RR MB308964 30214JRYA/HR30214JA1 FUSO CANTER SKV,97,774,SKV,MB308964,Хабаровск
2026-01-06 14:13:02,Подшипник ступичный внутрений 50KW01/CR1084/MB025294/51701-45210 HD72/65/78/CANTER SKV,32,1520,SKV,50KW01,Хабаровск
2026-01-06 14:13:02,Подшипник ступичный наружный 0S231-33075/JL69349/69310 BONGO III 1T H/LONG STD 5MT4WD SKV,23,242,SKV,JL69349,Хабаровск
2026-01-06 14:13:02,Подшипник ступичный наружный JL69349/10 / 0S231-33075/69310 BONGO III 1T H/LONG STD 5MT4WD NSK,8,811,NSK,JL69349/10,Хабаровск
2026-01-06 14:13:02,"Подшипник сцепления выжимной 1-87610-110-0/1-31310-012-0 NPR,NQR75, FSS, FRR, FRD SKV Premium (BVP)",153,2171,SKV Premium,1-87610-110-0,Хабаровск
2026-01-06 14:13:02,Подшипник упорной ступицы водила планетарной передачи 130312 INA !,1,2141,INA,130312,Хабаровск
2026-01-06 14:13:02,Подшипник хвостовика D-128797 / 1-09812-069-0 / 1-09812-068-0 C-series Дизель,2,1307,Дизель,D-128797,Хабаровск
2026-01-06 14:13:02,Подшипник шкворня 5802277645/329910KD3 IVECO/HONGYAN,10,965,Дизель,5802277645,Хабаровск
2026-01-06 14:13:02,"Подшипник шкворня D-125523 / 47TAG001 NISSAN UD, KP-146 Дизель",1,456,Дизель,D-125523,Хабаровск
2026-01-06 14:13:02,Подшипник шкворня D-125525 / 40034-Z5000 NISSAN UD 5T Дизель,3,341,Дизель,D-125525,Хабаровск
2026-01-06 14:13:02,Подшипник шкворня D-125940 / AK30010435G1 JAC N350 Дизель,33,1660,Дизель,D-125940,Хабаровск
2026-01-06 14:13:02,Подшипник шкворня D-127902 / 198906K FAW Дизель,6,293,Дизель,D-127902,Хабаровск
2026-01-06 14:13:02,Подшипник шкворня D-129438 / 129908 Foton Дизель,1,947,Дизель,D-129438,Хабаровск
2026-01-06 14:13:02,Подшипник шкворня D-129439 / 517/38ZSV/YA-ZN (429908-ZN) JAC N120 Дизель,2,1052,Дизель,D-129439,Хабаровск
2026-01-06 14:13:02,Подшипник шкворня D-129440 / AZ400741710005 / WG4007410049 Sitrak C7H Дизель,2,1392,Дизель,D-129440,Хабаровск
2026-01-06 14:13:02,Полувтулка заднего стабилизатора 1-51779-100-0 56*79*45 CXM/CYM/CYL 95-02 ORIG,1,1336,Isuzu,1-51779-100-0,Хабаровск
2026-01-06 14:13:02,Полувтулка заднего стабилизатора 41270883 / 8169892 / 51960 Auger !,3,325,Auger,51960,Хабаровск
2026-01-06 14:13:02,Полувтулка стабилизатора D-125121 / 1-51779-079-0 ISUZU CX#CY#EX#FVR34 89~ Дизель,73,444,Дизель,D-125121,Хабаровск
2026-01-06 14:13:02,Полувтулка стабилизатора D-126268 / 1-51779-079-0/1 ISUZU CX#CY#EX#FVR34 89~ (K) Дизель,658,304,Дизель,D-126268,Хабаровск
2026-01-06 14:13:02,Полукольца коленвала упорные D-125129 / 8-98151-850-0 к-т/4шт CYZ LHD 6WG1 Дизель,4,1831,Дизель,D-125129,Хабаровск
2026-01-06 14:13:02,Полукольца коленвала упорные D-126661 / 200V01114-0230 низ Sitrak C7H Дизель,2,477,Дизель,D-126661,Хабаровск
2026-01-06 14:13:02,Полукольца коленвала упорные D-126662 / 200v01114-0231 верх Sitrak C7H Дизель,2,477,Дизель,D-126662,Хабаровск
2026-01-06 14:13:02,Полукольцо низ+верх 612600013918+612600013917 JAC N350 WP10 E-5 (NON-GENUINE),2,781,Дизель,612600013918,Хабаровск
2026-01-06 14:13:02,Полукольцо упорное коленвала (к-т 4шт) D-129441 / 1002036-36D FAW J6 CA6DL2 Дизель,5,538,Дизель,D-129441,Хабаровск
2026-01-06 14:13:02,Полукольцо упорное коленвала (к-т 4шт) D-129442 / 1002036-53D. FAW J6 CA6DM2 Дизель,5,680,Дизель,D-129442,Хабаровск
2026-01-06 14:13:02,Полукольцо упорное коленвала 1002017FB JAC N35 ORIG,1,103,JAC,1002017FB,Хабаровск
2026-01-06 14:13:02,Полукольцо хомута D-129089 / WG9725540009 D=120 HOWO Дизель,8,90,Дизель,D-129089,Хабаровск
2026-01-06 14:13:02,Полуось правая D-126578 / 711W35502-0149 Sitrak C7H Дизель,2,6166,Дизель,D-126578,Хабаровск
2026-01-06 14:13:02,Помпа A2161 21010-96211/21010-96215 Asahi,1,8954,JMC,21010-96211,Хабаровск
2026-01-06 14:13:02,Помпа A5877 / 16100-3950/16100-E0270 Asahi,1,14567,JMC,A5877,Хабаровск
2026-01-06 14:13:02,Помпа A5880 / 16101-1510/S1610-11510 E13C Asahi,1,7682,JMC,16101-1510,Хабаровск
2026-01-06 14:13:02,Помпа D19010JC,1,1010,JMC,D19010JC,Хабаровск
2026-01-06 14:13:02,Помпа GWM39A,3,1525,JMC,GWM39A,Хабаровск
2026-01-06 14:13:02,Помпа H06C-T A5854 / 16100-2660 Asahi,1,10280,JMC,H06C-T,Хабаровск
2026-01-06 14:13:02,Помпа KT-84W,1,4057,JMC,KT-84W,Хабаровск
2026-01-06 14:13:02,Помпа WL A6431 8AS2-15-100A Asahi,1,3458,JMC,A6431,Хабаровск
2026-01-06 14:13:02,Помпа водяная 16100-78101 TOYOTA W04D,1,7267,JMC,16100-78101,Хабаровск
2026-01-06 14:13:02,Помпа водяная ME220745,1,6696,JMC,ME220745,Хабаровск
2026-01-06 14:13:02,Помпа водяная ZA // A6440 /9010968-72/ на погрузчик SUMITOMO YALE (E2500/ ) MAZDA,1,8676,JMC,9010968-72,Хабаровск
2026-01-06 14:13:02,Поршeнь 6HH1 ISUZU (STD) 8-94391-950-0/39651A ALFIN (6шт с кольцами) 02.95~ Teikin,1,45330,Isuzu,8-94391-950-0,Хабаровск
2026-01-06 14:13:02,Поршень 1004022FD020 (1шт) JAC N35 ORIG,6,3371,JAC,1004022FD020,Хабаровск
2026-01-06 14:13:02,Поршень 23410-42862 (1шт) HYUNDAI D4BF PORTER ORIG,8,3200,Hyundai-Kia,23410-42862,Хабаровск
2026-01-06 14:13:02,"Поршень 4HK1 8-98215-307-0 ЕВРО5 F,N-series (4 шт/кт) Mats",42,25849,Matsuyama,8-98215-307-0,Хабаровск
2026-01-06 14:13:02,Поршень 8-97087-106-0 (1шт) O/S=0.25 3LD1 ORIG,3,6354,Isuzu,8-97087-106-0,Хабаровск
2026-01-06 14:13:02,Поршень 8-98192-927-0 GRADE=B 4JJ1 (4 шт/кт) Mats,2,19411,Matsuyama,8-98192-927-0,Хабаровск
2026-01-06 14:13:02,Поршень D-125941 / 612640020034 (1шт) JAC N350 WP10 E-5 Дизель,4,2446,Дизель,D-125941,Хабаровск
2026-01-06 14:13:02,Поршень D-126579 / 1004011C81DM (1шт) FAW CA6DM2 Дизель,3,2342,Дизель,D-126579,Хабаровск
2026-01-06 14:13:02,Поршень D-127611/8-98043-703-0 GRADE=A (1шт) 4JJ1-TCC NLR/NMR 55/85 08~ Дизель,47,3325,Дизель,D-127611,Хабаровск
2026-01-06 14:13:02,Поршень D-129444 / 612600030034 (1шт) WP10 Дизель,1,4009,Дизель,D-129444,Хабаровск
2026-01-06 14:13:02,Поршень HINO EK100 (STD) 13216-1220A/1222/13211-1900/36650A (6шт с кольцами) ALFIN 06.95~05.99 Teikin !,9,30967,Teikin,36650A,Хабаровск
2026-01-06 14:13:02,Поршень HINO F17C 13226-1180(R)/13216-1910(L) 85.10-91.02 FR/FS/SH/SS66 139mm 8(CYL) Mats,1,45112,Matsuyama,13226-1180,Хабаровск
2026-01-06 14:13:02,Поршень HINO F17C 13226-1180(R)/13216-1910(L) ALFIN 8 P/S W/PIN&CLIP Y,1,27391,Yamasida,13226-1180,Хабаровск
2026-01-06 14:13:02,Поршень HINO F21C 99.09~ ALL L/13216-3020 R/13226-1360 (к-т 4+4) ALFIN Mats,1,100544,Matsuyama,13226-1360,Хабаровск
2026-01-06 14:13:02,Поршень HINO J08E 500# S130B-E0390 (6 CYL) FUSA MAGURO,4,30300,MAGURO,S130B-E0390,Хабаровск
2026-01-06 14:13:02,Поршень HINO J08E 500# S130B-E0390/S130A-E0100/1 (6 CYL) IZUMI ORIG JAPAN,3,43527,Izumi,S130B-E0390,Хабаровск
2026-01-06 14:13:02,Поршень HINO K13C FN/FR/FS/FW1K# 13216-2330 ALFIN 24V 6PCE/SET IZUMI ORIG JAPAN,1,80641,Izumi,13216-2330,Хабаровск
2026-01-06 14:13:02,Поршень ISUZU 10PD1/10PD1-T 90-95` 1-12111-549-3/1-12111-444-1/1-12111-806-0 (10 PCE) IZUMI ORIG,1,61091,Izumi,1-12111-549-3,Хабаровск
2026-01-06 14:13:02,"Поршень ISUZU 12PE1 CXZ/CYZ/CXK/EXR 95-02 1-12111-676-0/926-0/659-0 ALFIN,GALLERY 12 CYL Mats",1,142068,Matsuyama,1-12111-676-0,Хабаровск
2026-01-06 14:13:02,"Поршень ISUZU 4BD1 LATE ALFIN (0,5mm) 8-94452-912-0/39227A (4шт) 06.88~06.93 Teikin !",1,6401,Teikin,8-94452-912-0,Хабаровск
2026-01-06 14:13:02,Поршень ISUZU 4BE1 8-94478-116-0 (4 PCE) Matsuyama,1,15181,Matsuyama,8-94478-116-0,Хабаровск
2026-01-06 14:13:02,Поршень ISUZU 4HG1-T NKR71 EURO4 04- 8-97219-032-0 4PCE/SET Mats,4,23940,Matsuyama,8-97219-032-0,Хабаровск
2026-01-06 14:13:02,Поршень ISUZU 4HK1/4HJ1 NPR/NQR/NKR 99.0- 1-12111-454-0 4PCE/SET (без масляной камеры) Mats !,1,11734,Matsuyama,1-12111-454-0,Хабаровск
2026-01-06 14:13:02,Поршень ISUZU 4JA1 (0.5mm) 8-94152-712-1/8-94369-281-0/39162 (4шт) 05.88~07.93Teikin !,8,3660,Teikin,39162,Хабаровск
2026-01-06 14:13:02,Поршень ISUZU 4JG2 (0.5mm) 8-97073-647-1/39600 EARLY (4шт) Teikin !,12,4371,Teikin,39600,Хабаровск
2026-01-06 14:13:02,"Поршень MAZDA HA (0,5mm) 0933-23-200/1363-23-200/42149 (4шт) 01.83~05.95 Teikin !",11,3885,Teikin,0933-23-200,Хабаровск
2026-01-06 14:13:02,Поршень MAZDA HA (0.75mm) 0933-23-200/1363-23-200/42149 (4шт) 01.83~05.95 Teikin !,4,3505,Teikin,42149,Хабаровск
2026-01-06 14:13:02,Поршень MAZDA HA (1.0mm) 0933-23-200/1363-23-200/42149 (4шт) 01.83~05.95 Teikin !,5,3505,Teikin,1363-23-200,Хабаровск
2026-01-06 14:13:02,Поршень MAZDA HA (STD) 0933-23-200/1363-23-200/42149 (4шт) 01.83~05.95 Teikin !,4,6002,Teikin,SE01-23-200A,Хабаровск
2026-01-06 14:13:02,Поршень MAZDA S2 (STD) 8259-23-200/42174A /1456-23-200A (4шт) ALFIN Teikin !,3,5607,Teikin,42174A,Хабаровск
2026-01-06 14:13:02,Поршень MAZDA SL (0.5mm) T2000/2500/2600/3000/3500/4100 (4шт) 84~89 SL07-23-200/42107 Teikin !,14,3868,Teikin,42107,Хабаровск
2026-01-06 14:13:02,Поршень MAZDA TF (0.5mm) TF01-11-SA0/42183A (4шт) ALFIN 05.95~Teikin !,9,6403,Teikin,42183A,Хабаровск
2026-01-06 14:13:02,Поршень MAZDA TF (0.75mm) TF01-11-SA0/42183A (4шт) ALFIN 05.95~Teikin !,13,8043,Teikin,TF0111SA0,Хабаровск
2026-01-06 14:13:02,Поршень MAZDA XA (0.5mm) 0559-99-111/0559-23-200/0636-23-200/42605 (4шт) 03.83~01.91 Teikin !,10,3270,Teikin,42605,Хабаровск
2026-01-06 14:13:02,Поршень MAZDA XA (STD) 0559-99-111/0559-23-200/0636-23-200/42605 (4шт) 03.83~01.91 Teikin !,4,5127,Teikin,0559-99-111,Хабаровск
2026-01-06 14:13:02,Поршень MAZDA XA (STD) 0559-99-111/23-200/0636-23-200/42605(4шт с кольцами) 03.83~01.91 Teikin !,12,6712,Teikin,0559-23-200,Хабаровск
2026-01-06 14:13:02,Поршень MMC 4D31-T (STD) ME012906/43617A (4шт с кольцами) 10.85~09.89 Mats,1,17869,Matsuyama,ME012906,Хабаровск
2026-01-06 14:13:02,Поршень MMC 4D33 (0.75mm) FE317/337/437/47/67 ME012897/013312/016895/014287/43244 (4шт) 10.89~ Teikin !,1,5707,Teikin,43244,Хабаровск
2026-01-06 14:13:02,Поршень MMC 4D35 (0.75mm) ME018825/018828/012941/014693/43608 (4шт) 11.93~05.99 Teikin !,4,6853,Teikin,43608,Хабаровск
2026-01-06 14:13:02,Поршень MMC 4D35 (0.75mm) ME018825/018828/012941/014693/43608A (4шт) 11.93~05.99 Teikin !,1,6512,Teikin,43608A,Хабаровск
2026-01-06 14:13:02,Поршень MMC 4D35 (0.75mm) ME018825/018828/012941/014693/43608AG (4шт) 11.93~05.99 Teikin !,3,11891,Teikin,43608AG,Хабаровск
2026-01-06 14:13:02,Поршень MMC 4M50T ME227615 B (4 PCE) Mats,6,32211,Matsuyama,ME227615,Хабаровск
2026-01-06 14:13:02,Поршень MMC 4M50T ME227616 B (4 PCE) Mats,1,28942,Matsuyama,ME227616,Хабаровск
2026-01-06 14:13:02,Поршень MMC 6D14 FK4#/515/545 ME032626/ME072024/ME072022/ME072172 6шт W/PIN & CLIP IZUMI Mats,1,26683,Matsuyama,ME032626,Хабаровск
2026-01-06 14:13:02,Поршень MMC 6D14-T (STD) ME032569/43615A (6шт с кольцами) 01.88~06.90 Teikin !,2,19670,Teikin,43615A,Хабаровск
2026-01-06 14:13:02,Поршень MMC 6D15-III (STD) ALFIN ME032480/032593/TMI40/43686A (4шт) Teikin !,3,12846,Teikin,43686A,Хабаровск
2026-01-06 14:13:02,Поршень MMC 6D15T-3AT ME072321/072055 (6 PCE) Mats,4,27517,Matsuyama,ME072321,Хабаровск
2026-01-06 14:13:02,Поршень MMC 6D16 (STD) ME072062/43105 (6шт/к-т с кольцами) 01.88~01.94 Mats,1,34184,Matsuyama,ME072062,Хабаровск
2026-01-06 14:13:02,Поршень MMC 6D16T ME072065 (6 PCE) IZUMI,1,27374,Matsuyama,ME072065,Хабаровск
2026-01-06 14:13:02,Поршень MMC 6M61 FK61#64#71#74# 03~ ME133180(B)/ME133181(A) (6 PCE) Mats,1,68475,Matsuyama,ME133180,Хабаровск
2026-01-06 14:13:02,Поршень MMC 8DC10 ME091827/28/29/ME091049 (8шт к-т) Mats,1,64576,Matsuyama,ME091049,Хабаровск
2026-01-06 14:13:02,Поршень NISSAN BD30 (0.5mm) 12010-54T00/54T10/12012-54T01/44619 (4шт с кольцами) 05.89~06.95 Teikin !,2,11006,Teikin,44619,Хабаровск
2026-01-06 14:13:02,Поршень NISSAN BD30 (STD) 12010-54T00/54T10/12012-54T01/44619 (4шт в к-т) 05.89~06.95 Mats,1,12991,Matsuyama,12010-54T00,Хабаровск
2026-01-06 14:13:02,Поршень NISSAN FD35 (0.5mm) 12010-01T04/44620 (4шт) 11.86~09.91 Teikin !,2,5456,Teikin,44620,Хабаровск
2026-01-06 14:13:02,Поршень NISSAN FD46 (STD) 12010-0T302/12010-0T312/44618 (с кольцами) (4 CYL) Mats,2,20267,Matsuyama,12010-0T312,Хабаровск
2026-01-06 14:13:02,Поршень NISSAN FE6-TC 12013-Z5712/44348A (6шт в к-т) Mats STD,2,23940,Matsuyama,12013-Z5712,Хабаровск
2026-01-06 14:13:02,Поршень NISSAN FE6T 12013-Z5609 ALFIN 6PCE/SET Mats,1,25348,Matsuyama,12013-Z5609,Хабаровск
2026-01-06 14:13:02,Поршень NISSAN RG8 CD\CK\CW\CG\RA 99.07~ 12013-97464(RH)/97468(LH) 8CYL IZUMI,1,50061,Matsuyama,12013-97468,Хабаровск
2026-01-06 14:13:02,Поршень NISSAN RH8 CDA\CK\CW\CV\RA 97.10~ 12013-97164(L)/12013-97008(R) (8 PCE) Mats,1,71075,Matsuyama,12013-97164,Хабаровск
2026-01-06 14:13:02,Поршень NISSAN TD23 (0.5mm) 12010-02N07/02N06/02N16/02N17/44266(4шт с кольцами) 11.86~06.95 Teikin !,2,7132,Teikin,44266,Хабаровск
2026-01-06 14:13:02,Поршень NISSAN TD23 (STD) 12010-02N07/02N06/02N16/02N17/44266 11.86~06.95 4шт к-т) Mats,1,8865,Matsuyama,12010-02N07,Хабаровск
2026-01-06 14:13:02,Поршень NISSAN TD25 (0.5mm) 12010-44G02/44G12/44G01/44255(4шт с кольцами) 06.95~06.99 Teikin !,3,6438,Teikin,44255,Хабаровск
2026-01-06 14:13:02,Поршень NISSAN TD27 (STD) 12010-10T02/10T12/43G02/43G12/44267(4шт с кольцами) 11.86~ Teikin !,1,19178,Teikin,44267,Хабаровск
2026-01-06 14:13:02,"Поршень RF8, комплект 8шт P-NS-RF8-A 12011-97165 / 1N138100",1,45463,Noname,P-NS-RF8-A,Хабаровск
2026-01-06 14:13:02,Поршень TOYOTA 11B (0.5mm) 13101-56042/13101-56041/46287 (с кольцами) 08.88~05.95 Teikin !,2,7201,Teikin,46287,Хабаровск
2026-01-06 14:13:02,Поршень TOYOTA 11B (0.75mm) 13101-56042/13101-56041/46287 (4шт) 08.88~05.95 Teikin !,7,3942,Teikin,13101-56042,Хабаровск
2026-01-06 14:13:02,Поршень TOYOTA 11B (1.0mm) 13101-56042/13101-56041/46287 (4шт с кольцами) 08.88~05.95 Teikin !,1,5014,Teikin,1310156041,Хабаровск
2026-01-06 14:13:02,Поршень TOYOTA 15B 13101-58090/80 06.95-05.99 (4 PCE) Mats,1,12639,Matsuyama,13101-58090,Хабаровск
2026-01-06 14:13:02,Поршень TOYOTA 3B (STD) 13101-58011/13101-58012/46128 (с кольцами) ALFIN (4 PCE) 06.95~05.99 Mats,1,12932,Matsuyama,13101-58011,Хабаровск
2026-01-06 14:13:02,Поршень TOYOTA B NEW (0.5mm) 13101-56020/46124 (4шт) Teikin !,6,7860,Teikin,46124,Хабаровск
2026-01-06 14:13:02,Поршень воздушного компрессора ISUZU 6BG1 / ?70mm x 4ring / Тайвань / HNTC0210 / 1191610210; 1-19161,1,2555,JMC,1-19161-021-0,Хабаровск
2026-01-06 14:13:02,Поршень с кольцами S130B-E0141 (1шт) HINO 300 N04C E-4 Mats,1,7547,Matsuyama,S130B-E0141,Хабаровск
2026-01-06 14:13:02,Поршень суппорта 47731-37120 FR/RR DISC HINO 300/TOYOTA-DYNA SKV,783,449,SKV,47731-37120,Хабаровск
2026-01-06 14:13:02,Поршень тормозного суппорта 8-97365-279-0 SKV,440,530,SKV,8-97365-279-0,Хабаровск
2026-01-06 14:13:02,Поршень тормозного суппорта MK328470 FUSO CANTER FE83D E-4 SKV,328,470,SKV,MK328470,Хабаровск
2026-01-06 14:13:02,Поршневая группа (поршень + гильза + кольца) 5-87814-403-0 (1 цилиндр) GRADE=3 ORIG,11,21182,Isuzu,5-87814-403-0,Хабаровск
2026-01-06 14:13:02,Поршневая группа (поршень с гильзой) 4HK1-T-8000 P=Gallery 8-97602-800-1 (4 PCE) Mats,2,47282,Matsuyama,8-97602-800-1,Хабаровск
2026-01-06 14:13:02,"Поршневая группа (поршень с гильзой) 4HK1/6HK1 1-87814-726-0 ( на 1 цилиндр) 1x N,F-series ORIG",2,25877,Isuzu,1-87814-726-0,Хабаровск
2026-01-06 14:13:02,Поршневая группа (поршень с гильзой) 6WG1-T-8600 1-87812-860-0 Mats,1,101065,Matsuyama,1-87812-860-0,Хабаровск
2026-01-06 14:13:02,Поршневая группа (поршень с гильзой) GRADE=3x 1-87813-096-6 (6шт к-т) C-series 6WG1 Mats,2,192784,Matsuyama,1-87813-096-6,Хабаровск
2026-01-06 14:13:02,Поршневая группа (поршни+гильзы) S130A-92082/S130B-E0390 J08E (6 PC) IZUMI ORIG,3,68728,Izumi,S130A-92082,Хабаровск
2026-01-06 14:13:02,Поршневая группа (поршни+гильзы+кольца) S130A-92082/S130B-E0390/S1304-E0150 J08E HINO (6 PC) Mats,2,88786,Matsuyama,S130A-92082,Хабаровск
2026-01-06 14:13:02,"Поршневая группа 4HK1-T 5-87814-579-0/5-87814-579-3 (на 1 цилиндр) OD GRADE=1X,ID GRADE=NON NPR/NQR ORIG",13,32391,Isuzu,5-87814-579-3,Хабаровск
2026-01-06 14:13:02,Поршневая группа 4HK1/6HK1 D-125085/1-87813-120-6 (на 1 цилиндр) 3x Е3/4 NQR90/NPR75/FSR90/FVR34 Дизель,16,9595,Дизель,D-125085,Хабаровск
2026-01-06 14:13:02,"Поршневая группа D-126272 / 1-87813-119-6 (на 1 цилиндр) поршень+гильза 1x Е3/4 4HK1/6HK1 N,F-series Дизель",9,7832,Дизель,D-126272,Хабаровск
2026-01-06 14:13:02,"Поршневая группа D-126418 / 1-87814-729-0 / 1-87814-898-0 поршень+гильза (на 1 цилиндр) GRADE=3x F,N-series Дизель",2,9639,Дизель,D-126418,Хабаровск
2026-01-06 14:13:02,"Поршневая группа GRADE=1X 5-87816-892-0/5-87815-503-2/5-87814-842-0 (гильза, поршень, палец, кольца) на 1 цилиндр N-series 4HV1 (CNG) ГАЗ ORIG",1,48605,Isuzu,5-87816-892-0,Хабаровск
2026-01-06 14:13:02,"Поршневая группа GRADE=3X 5-87816-893-1/5-87815-504-2/5-87815-504-2/ (гильза, поршень, палец, кольца) на 1 цилиндр N-series 4HV1 (CNG) ГАЗ ORIG",1,45196,Isuzu,5-87816-893-1,Хабаровск
2026-01-06 14:13:02,Предохранитель флажковый 30А 3237000008 зеленый Iveco !,35,16,Iveco,3237000008,Хабаровск
2026-01-06 14:13:02,Предпусковой подогреватель с насосом D-129446 3.0 kW (20*10*8см) Десептикон LongFei Bros Дизель,12,3112,Дизель,D-129446,Хабаровск
2026-01-06 14:13:02,Предпусковой подогреватель с насосом D-129447 3.0 kW (20*12.6*8см) Поисковик LongFei Bros Дизель,10,2643,Дизель,D-129447,Хабаровск
2026-01-06 14:13:02,Привод заслонки отопителя салона (6 конт) 97156-7C500 Hyundai HD120/270 ORIG,1,6293,Hyundai-Kia,97156-7C500,Хабаровск
2026-01-06 14:13:02,Пробка КПП / моста заливная 8-97365-373-0 NPR/NQR ORIG,51,335,Isuzu,8-97365-373-0,Хабаровск
2026-01-06 14:13:02,Пробка редуктора (нижняя) сливная SZ341-30008 HINO 500 ORIG,1,1485,hino,SZ341-30008,Хабаровск
2026-01-06 14:13:02,"Пробка слива масла с поддона D-128743 / 9-09662-012-0 M20X16.5 C,E,F series Дизель",12,238,Дизель,D-128743,Хабаровск
2026-01-06 14:13:02,Пробка сливная ZU-010 10mm P1.25mm PM,2,118,Paul Master,ZU-010,Хабаровск
2026-01-06 14:13:02,Пробка сливная ZU-013 13mm P1.5mm PM,3,106,Paul Master,ZU-013,Хабаровск
2026-01-06 14:13:02,Пробка сливная ZU-016 16mm P1.5mm PM,3,187,Paul Master,ZU-016,Хабаровск
2026-01-06 14:13:02,Проводка заднего правого фонаря 92415-7A800 HYUNDAI HD72 ORIG,2,819,Hyundai-Kia,92415-7A800,Хабаровск
2026-01-06 14:13:02,"Прокладка (кольцо) КПП 9-09561-385-0 C,E,F,-series ORIG",1,574,Isuzu,9-09561-385-0,Хабаровск
2026-01-06 14:13:02,Прокладка (кольцо) теплообменника ID=18.8 1-09623-478-0 C-series 6WG1 ORIG,1,437,Isuzu,1-09623-478-0,Хабаровск
2026-01-06 14:13:02,Прокладка 201V06903-0061 HOWO T5G,4,428,Дизель,201V06903-0061,Хабаровск
2026-01-06 14:13:02,Прокладка 61319045 Iveco Orig,1,113,Iveco,61319045,Хабаровск
2026-01-06 14:13:02,Прокладка EGR 28493-4A450 Hyundai H-100 ORIG,1,159,Hyundai-Kia,28493-4A450,Хабаровск
2026-01-06 14:13:02,Прокладка LM2627107 Man,2,345,Lema,LM26271.07,Хабаровск
2026-01-06 14:13:02,Прокладка водяного насоса 201V06901-0192 HOWO T5G,7,243,Дизель,201V06901-0192,Хабаровск
2026-01-06 14:13:02,Прокладка впуск коллектора 0K72C-13111A BONGO III (комп.4 шт.)1T H/LONG STD 4WD 2700CC J2 REEJIN !,1,204,Rhee Jin,0K72C-13111A,Хабаровск
2026-01-06 14:13:02,Прокладка впуск. коллектора 4829433/2112400 LEMA,4,83,Lema,2112400,Хабаровск
2026-01-06 14:13:02,Прокладка впускного коллектора 1-14115-094-1 C-series 6WG1 ORIG,4,1030,Isuzu,1-14115-094-1,Хабаровск
2026-01-06 14:13:02,Прокладка впускного коллектора HINO EK100 040150-NA (штучно) Matto,2,36,Matto,040150-NA,Хабаровск
2026-01-06 14:13:02,Прокладка впускного коллектора HINO EK100 040150-NA/HIN-EK100-IN (в компл 6шт) Matto,1,664,Matto,HIN-EK100-IN,Хабаровск
2026-01-06 14:13:02,Прокладка впускного коллектора HINO EP100 17171-1491/ (2шт к-т) 040180-NA Matto !,6,182,Matto,17171-1491,Хабаровск
2026-01-06 14:13:02,Прокладка впускного коллектора HINO F20C 04004-SR 17171-1700A (1шт) Matto !,14,1300,Matto,17171-1700A,Хабаровск
2026-01-06 14:13:02,Прокладка впускного коллектора HINO J08C 040250-NA 17171-1911 Matto,46,414,Matto,17171-1911,Хабаровск
2026-01-06 14:13:02,Прокладка впускного коллектора HINO K13C 040260-NA 17171-1570 ( комплект 2шт) Matto !,2,215,Matto,17171-1570,Хабаровск
2026-01-06 14:13:02,Прокладка впускного коллектора HINO K13D (на авто - 4шт) 04002-SR 17171-1840 Matto,8,202,Matto,17171-1840,Хабаровск
2026-01-06 14:13:02,Прокладка впускного коллектора HINO P11C 040380-NA/HIN-P11C-IN Matto,3,637,Matto,HIN-P11C-IN,Хабаровск
2026-01-06 14:13:02,Прокладка впускного коллектора HINO/TOY J05C/S05C 040230-NA/TOY-S05C-IN Matto,3,348,Matto,TOY-S05C-IN,Хабаровск
2026-01-06 14:13:02,Прокладка впускного коллектора ISUZU 12PD1/8PD1 1-14115-048-0 HL,6,169,Huang Lin,1-14115-048-0,Хабаровск
2026-01-06 14:13:02,Прокладка впускного коллектора ISUZU 12PD1/8PD1 1-14115-048-0/ 84004-SR Matto,24,157,Matto,1-14115-048-0,Хабаровск
2026-01-06 14:13:02,Прокладка впускного коллектора ISUZU 4BE1 64002-SR ME093977 Matto !,122,37,Matto,ME093977,Хабаровск
2026-01-06 14:13:02,Прокладка впускного коллектора ISUZU 4JB1 8-94139-738-0/ 840320-NA Matto,36,111,JMC,8-94139-738-0,Хабаровск
2026-01-06 14:13:02,Прокладка впускного коллектора ISUZU 6BG1 840380-NA/ISU-6BG1-IN Matto,3,251,Matto,ISU-6BG1-IN,Хабаровск
2026-01-06 14:13:02,Прокладка впускного коллектора ISUZU 6HE1 8-94397-039-1 DF,24,337,DRAGONFLYS,8-94397-039-1,Хабаровск
2026-01-06 14:13:02,Прокладка впускного коллектора ISUZU 6WA1 84009-SR Matto !,78,101,Matto,84009-SR,Хабаровск
2026-01-06 14:13:02,Прокладка впускного коллектора MAZDA HA 0636-13-111/ 540280-NA Matto !,14,61,Matto,0636-13-111,Хабаровск
2026-01-06 14:13:02,Прокладка впускного коллектора MAZDA SL SL01-13-111/ 540370-NA Matto,6,305,Matto,SL01-13-111,Хабаровск
2026-01-06 14:13:02,Прокладка впускного коллектора MAZDA TF TF20-13-111/ 540390-NA Matto,10,341,Matto,TF20-13-111,Хабаровск
2026-01-06 14:13:02,Прокладка впускного коллектора MMC 4D32 640440-NA / MIT-4D32-IN (на двс требуется 4шт) Matto,73,106,Matto,MIT-4D32-IN,Хабаровск
2026-01-06 14:13:02,Прокладка впускного коллектора MMC 4D33 ME013751 HL,1,26,Huang Lin,ME013751,Хабаровск
2026-01-06 14:13:02,Прокладка впускного коллектора MMC 4D33 ME013751/ 640450-NA Matto,4,95,Matto,ME013751,Хабаровск
2026-01-06 14:13:02,Прокладка впускного коллектора MMC 4D35 640461-NA/MIT-4D35-IN Matto,9,275,Matto,MIT-4D35-IN,Хабаровск
2026-01-06 14:13:02,Прокладка впускного коллектора MMC 4D36 ME012491 DF,26,78,DRAGONFLYS,ME012491,Хабаровск
2026-01-06 14:13:02,Прокладка впускного коллектора MMC 4D36 ME012491/ 641100-NA Matto,77,106,Matto,ME012491,Хабаровск
2026-01-06 14:13:02,Прокладка впускного коллектора MMC 4M51 4M51-IN/641480-LNA-PB Matto !,7,248,Matto,MIT-4M51-IN,Хабаровск
2026-01-06 14:13:02,Прокладка впускного коллектора MMC 6D14 640620-NA Matto !,6,319,Matto,640620-NA,Хабаровск
2026-01-06 14:13:02,Прокладка впускного коллектора MMC 6D31 640750-NA Matto !,25,118,Matto,MIT-6D31-IN,Хабаровск
2026-01-06 14:13:02,Прокладка впускного коллектора MMC 6D40 64011-SR/MIT-6D40-IN Matto,12,159,Matto,MIT-6D40-IN,Хабаровск
2026-01-06 14:13:02,Прокладка впускного коллектора MMC 8DC9 640841-G / MIT-8DC9-IN Matto,1,107,Matto,MIT-8DC9-IN,Хабаровск
2026-01-06 14:13:02,Прокладка впускного коллектора NISSAN BD30 741060-NA/14035-43G00 Matto,4,290,Matto,14035-43G00,Хабаровск
2026-01-06 14:13:02,Прокладка впускного коллектора NISSAN FD46 740561-NA / NIS-FD46-IN Matto,2,196,Matto,NIS-FD46-IN,Хабаровск
2026-01-06 14:13:02,Прокладка впускного коллектора NISSAN PF6 740701-NA/14035-96010 Matto,1,310,Matto,14035-96010,Хабаровск
2026-01-06 14:13:02,Прокладка впускного коллектора NISSAN RE10 740870-NA Matto !,8,178,Matto,740870,Хабаровск
2026-01-06 14:13:02,Прокладка впускного коллектора NISSAN RE8 740860-NA Matto !,4,148,Matto,740860-NA,Хабаровск
2026-01-06 14:13:02,Прокладка впускного коллектора NISSAN RF10 74003-SR/14035-97004 Matto,34,143,Matto,14035-97004,Хабаровск
2026-01-06 14:13:02,Прокладка впускного коллектора NISSAN RF10 74004-SR/14035-97003 Matto,2,191,Matto,14035-97003,Хабаровск
2026-01-06 14:13:02,Прокладка впускного коллектора NISSAN RF10 74005-SR/14035-97002 Matto,17,130,Matto,14035-97002,Хабаровск
2026-01-06 14:13:02,Прокладка впускного коллектора NISSAN RF8 740880-NA 14035-97002K Matto !,19,243,Matto,14035-97002K,Хабаровск
2026-01-06 14:13:02,Прокладка впускного коллектора NISSAN RH10 74011-SR Matto !,233,144,Matto,NIS-RH10-IN,Хабаровск
2026-01-06 14:13:02,Прокладка впускного коллектора TOYOTA 13B 17172-56022 941341-NA Matto,5,260,Matto,17172-56022,Хабаровск
2026-01-06 14:13:02,Прокладка впускного коллектора TOYOTA 14B 17171-56010 DF,9,343,DRAGONFLYS,17171-56010,Хабаровск
2026-01-06 14:13:02,Прокладка впускного коллектора TOYOTA 14B 17171-56010 HL,9,128,Huang Lin,17171-56010,Хабаровск
2026-01-06 14:13:02,Прокладка выпускного коллектора 420408 / A4601420080/ A5411420180 / 432040 Mercedes/Elring,4,133,Diesel Technic,4.20408,Хабаровск
2026-01-06 14:13:02,Прокладка выпускного коллектора 4M51 ME240860 MI W/MT HL,2,502,Huang Lin,ME240860,Хабаровск
2026-01-06 14:13:02,Прокладка выпускного коллектора D-129449 / 1008044-29DX FAW CA3250 Дизель,21,85,Дизель,D-129449,Хабаровск
2026-01-06 14:13:02,Прокладка выпускного коллектора W06D 17104-1210 W/MT HL,7,229,Huang Lin,17104-1210,Хабаровск
2026-01-06 14:13:02,Прокладка выпуского коллектора ISUZU 4HE1 8-97039-777-0 / 85005-S-PB Matto,1,361,Matto,8-97039-777-0,Хабаровск
2026-01-06 14:13:02,Прокладка выпуского коллектора ISUZU 4HE1 8-97039-777-0 HL,13,482,Huang Lin,8-97039-777-0,Хабаровск
2026-01-06 14:13:02,Прокладка выпуского коллектора ISUZU 4HK1 HPI4090-2/8-97367-918-0 W/MT HL,3,352,Huang Lin,HPI4090-2,Хабаровск
2026-01-06 14:13:02,Прокладка выхлопной трубы 28627-7A000 Hyundai HD65/78/120 D4GA/D6GA ORIG,1,299,Hyundai-Kia,28627-7A000,Хабаровск
2026-01-06 14:13:02,Прокладка выхлопной трубы ME560121 / 65034-S-PB Fuso Canter Matto,8,887,Matto,ME560121,Хабаровск
2026-01-06 14:13:02,Прокладка ГБЦ (прорезиненная) 61500040049/612600040355 HOWO WP10/WD615,9,690,Дизель,61500040049,Хабаровск
2026-01-06 14:13:02,"Прокладка ГБЦ 1,15 1002050FD020-A JAC N35 (NON-GENUINE)",4,1209,Noname,1002050FD020-A,Хабаровск
2026-01-06 14:13:02,"Прокладка ГБЦ 1,25 1002050FD020-B JAC N35 ORIG",2,1335,JAC,1002050FD020-B,Хабаровск
2026-01-06 14:13:02,"Прокладка ГБЦ 10PC1, 1-11141-140-0 шт.",1,1089,Дизель,1-11141-140-0,Хабаровск
2026-01-06 14:13:02,Прокладка ГБЦ 12PD1 1-11141-101-1 шт.,2,699,Дизель,1-11141-101-1,Хабаровск
2026-01-06 14:13:02,"Прокладка ГБЦ 15BFT 11115-58140/41 (1,3mm) FUJI",1,2520,Дизель,11115-58140,Хабаровск
2026-01-06 14:13:02,Прокладка ГБЦ 4HE1 8-97138-066-0 шт.,1,1668,Дизель,8-97138-066-0,Хабаровск
2026-01-06 14:13:02,Прокладка ГБЦ 4HF1 8-97105-871-0 / 8-97107-566-0 DF,8,1451,DRAGONFLYS,5-87105-871-0,Хабаровск
2026-01-06 14:13:02,Прокладка ГБЦ 4HG1/4HL1/4HJ1 8-97349-490-0/8-97262-944-1 DF,8,1451,DRAGONFLYS,8-97349-490-0,Хабаровск
2026-01-06 14:13:02,Прокладка ГБЦ 4HK1-T NQR75/90/NPR75 E-3 8-98288-503-0 / 8-98244-825-0 DF,9,2060,DRAGONFLYS,8982885030,Хабаровск
2026-01-06 14:13:02,Прокладка ГБЦ 4M51 ME226785 HL,5,2910,Huang Lin,ME226785,Хабаровск
2026-01-06 14:13:02,Прокладка ГБЦ 65039010015 BS106,62,1099,Дизель,65039010015,Хабаровск
2026-01-06 14:13:02,Прокладка ГБЦ 65039012366S D2366 BS106 VICT RHEE JIN,2,357,JMC,65039012366S,Хабаровск
2026-01-06 14:13:02,Прокладка ГБЦ 6HE1 8-94396-334-0 DF,6,2094,DRAGONFLYS,8-94396-334-0,Хабаровск
2026-01-06 14:13:02,Прокладка ГБЦ 6HK1-T FVR34 8-97601-819-0 / 8-97601-819-5 DF,17,2835,DRAGONFLYS,8976018195,Хабаровск
2026-01-06 14:13:02,Прокладка ГБЦ 8-97328-828-2 4JJ1-T T=1.40 NLR/NMR E3/4 HL,1,989,Huang Lin,8-97328-828-2,Хабаровск
2026-01-06 14:13:02,Прокладка ГБЦ 8-97328-867-2 T=1.10 4JJ1-TCC NLR/NMR 55/85 HL,2,2166,Huang Lin,8-97328-867-2,Хабаровск
2026-01-06 14:13:02,Прокладка ГБЦ 8PD1 1-11141-099-0 шт,2,830,Дизель,1-11141-099-0,Хабаровск
2026-01-06 14:13:02,Прокладка ГБЦ D-127904 / 612600040646 Weichai WP10 E-5 Дизель,10,473,Дизель,D-127904,Хабаровск
2026-01-06 14:13:02,Прокладка ГБЦ D-128141 / 8-97375-435-0 4HK1-T Дизель,10,2226,Дизель,D-128141,Хабаровск
2026-01-06 14:13:02,Прокладка ГБЦ D-128811 / 8-97375-433-1 T=1.475 4HK1-T Дизель,4,1885,Дизель,D-128811,Хабаровск
2026-01-06 14:13:02,Прокладка ГБЦ D-128812 / 8-97328-866-2 T=1.05 4JJ1-TCC NLR/NMR 55/85 Дизель,1,1100,Дизель,D-128812,Хабаровск
2026-01-06 14:13:02,Прокладка ГБЦ D-129451 / 1003020-36D FAW CA6DL1/2 Дизель,11,1347,Дизель,D-129451,Хабаровск
2026-01-06 14:13:02,Прокладка ГБЦ D-129452 / 1003020-81D FAW J6 CA6DM2 Дизель,15,1905,Дизель,D-129452,Хабаровск
2026-01-06 14:13:02,Прокладка ГБЦ D4AL HD-72 PMS/RHEEJIN 22311-41001/20,1,1076,Дизель,22311-41001,Хабаровск
2026-01-06 14:13:02,Прокладка ГБЦ HINO 11115-E0202/11115-E0200 HINO 500 E-3/4 ORIG,4,29114,hino,11115-E0202,Хабаровск
2026-01-06 14:13:02,Прокладка ГБЦ HINO EF750 11115-2030 HL,13,3194,Huang Lin,11115-2030,Хабаровск
2026-01-06 14:13:02,Прокладка ГБЦ HINO EF750 11115-2030 Matto,8,3140,Matto,11115-2030,Хабаровск
2026-01-06 14:13:02,Прокладка ГБЦ HINO F17C/D 11115-2180 / 11115-2160 DF,5,2094,DRAGONFLYS,11115-2180,Хабаровск
2026-01-06 14:13:02,Прокладка ГБЦ HINO F20C 11115-2211 Matto,3,3679,Matto,11115-2211,Хабаровск
2026-01-06 14:13:02,"Прокладка ГБЦ HINO H06C, H07C 11115-1802 DF",1,1288,DRAGONFLYS,11115-1802,Хабаровск
2026-01-06 14:13:02,"Прокладка ГБЦ HINO H06C, H07C 11115-1802 Matto",1,2853,Matto,11115-1802,Хабаровск
2026-01-06 14:13:02,Прокладка ГБЦ HINO H07D 11115-2420B DF,6,1342,DRAGONFLYS,11115-2420B,Хабаровск
2026-01-06 14:13:02,Прокладка ГБЦ HINO H07D 11115-2420B HL,19,3037,Huang Lin,11115-2420B,Хабаровск
2026-01-06 14:13:02,Прокладка ГБЦ HINO H07D 11115-2420B Matto,2,3261,Matto,11115-2420B,Хабаровск
2026-01-06 14:13:02,Прокладка ГБЦ HINO J05C 11115-2611 Matto,1,4212,Matto,11115-2611,Хабаровск
2026-01-06 14:13:02,Прокладка ГБЦ HINO J07C 11115-2780 DF,8,1939,DRAGONFLYS,11115-2780,Хабаровск
2026-01-06 14:13:02,Прокладка ГБЦ HINO J07C 11115-2780 HL,10,4929,Huang Lin,11115-2780,Хабаровск
2026-01-06 14:13:02,Прокладка ГБЦ HINO J07C 11115-2780 Matto,1,5163,Matto,11115-2780,Хабаровск
2026-01-06 14:13:02,Прокладка ГБЦ HINO J08C-TG 11115-2451 W/KMF+ASSY HL,2,4086,Huang Lin,11115-2451,Хабаровск
2026-01-06 14:13:02,Прокладка ГБЦ HINO J08C-TG 11115-2451/2590 DF,16,2094,DRAGONFLYS,11115-2451,Хабаровск
2026-01-06 14:13:02,Прокладка ГБЦ HINO J08C-TG 11115-2451/2590 Matto,17,4688,Matto,11115-2451,Хабаровск
2026-01-06 14:13:02,Прокладка ГБЦ HINO J08C/E HINO500 11115-2870А/11115-2650A DF,9,3040,DRAGONFLYS,11115-2870A,Хабаровск
2026-01-06 14:13:02,Прокладка ГБЦ HINO J08C/E HINO500 11115-2870А/11115-2650A Matto,5,5146,Matto,11115-2870A,Хабаровск
2026-01-06 14:13:02,Прокладка ГБЦ HINO J08C/E HINO500 11115-2870А/11115-2650A W/KMF+ASSY HL,12,4540,Huang Lin,11115-2650A,Хабаровск
2026-01-06 14:13:02,Прокладка ГБЦ HINO K13C 24V 11115-2570 Matto,4,4076,Matto,11115-2570,Хабаровск
2026-01-06 14:13:02,Прокладка ГБЦ HINO P11C 11115-2741 Matto,6,6478,Matto,11115-2741,Хабаровск
2026-01-06 14:13:02,Прокладка ГБЦ HINO S05C 11115-2900A Matto,6,5453,Matto,11115-2900A,Хабаровск
2026-01-06 14:13:02,Прокладка ГБЦ HINO V22C 11115-2070 Matto,4,3971,Matto,11115-2070,Хабаровск
2026-01-06 14:13:02,Прокладка ГБЦ HINO V26C 11115-2521 HL,1,4808,Huang Lin,11115-2521,Хабаровск
2026-01-06 14:13:02,Прокладка ГБЦ HINO W04D 11115-1721 HL,2,1324,Huang Lin,11115-1721,Хабаровск
2026-01-06 14:13:02,Прокладка ГБЦ HINO W04D/E 11115-1722/2340 Matto,1,1228,Matto,11115-1722,Хабаровск
2026-01-06 14:13:02,Прокладка ГБЦ HINO/T-DYNA N04C 11115-E0030 DF,4,1128,DRAGONFLYS,11115-E0030,Хабаровск
2026-01-06 14:13:02,Прокладка ГБЦ HINO/T-DYNA N04C 11115-E0030 W/KMF HL,5,3802,Huang Lin,11115-E0030,Хабаровск
2026-01-06 14:13:02,Прокладка ГБЦ HYU D4AF 22311-41200 Matto,7,840,Matto,22311-41200,Хабаровск
2026-01-06 14:13:02,Прокладка ГБЦ HYU D4AL 22311-41000 Matto,4,833,Matto,22311-41000,Хабаровск
2026-01-06 14:13:02,Прокладка ГБЦ ISUZU 10PВ1 1-11141-074-0 Matto !,4,683,Matto,1-11141-074-0,Хабаровск
2026-01-06 14:13:02,Прокладка ГБЦ ISUZU 10PЕ1 1-11141-261-0 Matto,3,6633,Matto,1-11141-261-0,Хабаровск
2026-01-06 14:13:02,Прокладка ГБЦ ISUZU 12PC1 1-11141-139-0 HL,2,1893,Huang Lin,1-11141-139-0,Хабаровск
2026-01-06 14:13:02,Прокладка ГБЦ ISUZU 12PD1 1-11141-101-1 Matto,1,1848,Matto,1-11141-101-1,Хабаровск
2026-01-06 14:13:02,Прокладка ГБЦ ISUZU 12PD1 1-11141-191-0 W/MT HL,4,3116,Huang Lin,1-11141-191-0,Хабаровск
2026-01-06 14:13:02,Прокладка ГБЦ ISUZU 12PЕ1 1-11141-249-0 Matto,1,7816,Matto,1-11141-249-0,Хабаровск
2026-01-06 14:13:02,Прокладка ГБЦ ISUZU 4BE1 86 8-94418-920-0 / 82023-S-0142 Matto,5,1529,Matto,8-94418-920-0,Хабаровск
2026-01-06 14:13:02,Прокладка ГБЦ ISUZU 4BE1 86 8-94418-920-0 W/MT HL,7,1813,Huang Lin,8-94418-920-0,Хабаровск
2026-01-06 14:13:02,Прокладка ГБЦ ISUZU 4HE1 8-97354-197-1 W/MT HL,2,2938,Huang Lin,8-97354-197-1,Хабаровск
2026-01-06 14:13:02,"Прокладка ГБЦ ISUZU 4HF1 8-97048-347-0/8-97017-443-0/8-97044-060-0 (2,05mm) Matto",15,2401,Matto,8-97048-347-0,Хабаровск
2026-01-06 14:13:02,"Прокладка ГБЦ ISUZU 4HF1 8-97048-348-0/8-97017-448-0/8-97044-061-0 (2,10mm) Matto",6,2402,Matto,8-97048-348-0,Хабаровск
2026-01-06 14:13:02,"Прокладка ГБЦ ISUZU 4HF1 8-97105-872-0/8-97107-567-0 (1,75mm) Matto",12,2650,Matto,8-97105-872-0,Хабаровск
2026-01-06 14:13:02,Прокладка ГБЦ ISUZU 4HF1 8-97105-872-0/8-97107-567-0 DF,6,1939,DRAGONFLYS,8-97105-872-0,Хабаровск
2026-01-06 14:13:02,"Прокладка ГБЦ ISUZU 4HF1 8-97105-873-0/8-97107-568-0 (1,8mm) Matto",13,2608,Matto,8-97105-873-0,Хабаровск
2026-01-06 14:13:02,Прокладка ГБЦ ISUZU 4HF1 8-97262-940-1 (1.475mm) Matto,2,2430,Matto,8-97262-940-1,Хабаровск
2026-01-06 14:13:02,Прокладка ГБЦ ISUZU 4HF1 8-97262-941-1/897233-757-0/8-97223-763-1/8-97349-484-0 1.525 Matto,8,2386,Matto,8-97262-941-1,Хабаровск
2026-01-06 14:13:02,Прокладка ГБЦ ISUZU 4HG1 8-97134-954-0/8-97062-612-2 DF,5,1451,DRAGONFLYS,8-97134-954-0,Хабаровск
2026-01-06 14:13:02,Прокладка ГБЦ ISUZU 4HG1 8-97222-965-0 W/KMF HL,2,3234,Huang Lin,8-97222-965-0,Хабаровск
2026-01-06 14:13:02,Прокладка ГБЦ ISUZU 4HG1 8-97349-489-0 Matto,1,3072,Matto,8-97349-489-0,Хабаровск
2026-01-06 14:13:02,Прокладка ГБЦ ISUZU 4HG1/4HL1 8-97262-943-1 DF,10,3517,DRAGONFLYS,8-97262-943-1,Хабаровск
2026-01-06 14:13:02,Прокладка ГБЦ ISUZU 4HG1/4HL1/4HJ1 8-97262-945-1/8-97349-491-0 DF,20,1939,DRAGONFLYS,8-97349-491-0,Хабаровск
2026-01-06 14:13:02,Прокладка ГБЦ ISUZU 4HK1 8-97375-433-0 Matto,19,2761,Matto,8-97375-433-0,Хабаровск
2026-01-06 14:13:02,Прокладка ГБЦ ISUZU 4HK1 8-97375-433-0 W/KMF+MT+SP HL,2,3297,Huang Lin,8-97375-433-0,Хабаровск
2026-01-06 14:13:02,Прокладка ГБЦ ISUZU 4HK1 8-97375-435-0 HL,4,3502,Huang Lin,8-97375-435-0,Хабаровск
2026-01-06 14:13:02,Прокладка ГБЦ ISUZU 4HK1 8-97375-435-0 Matto,13,2761,Matto,8-97375-435-0,Хабаровск
2026-01-06 14:13:02,Прокладка ГБЦ ISUZU 4HK1T 8-98055-541-0 / 82082-S-V002 Matto,1,3038,Matto,8-98055-541-0,Хабаровск
2026-01-06 14:13:02,Прокладка ГБЦ ISUZU 4HK1T 8-98055-541-0 W/KMF+MT T=1.525 HL,1,3709,Huang Lin,8-98055-541-0,Хабаровск
2026-01-06 14:13:02,"Прокладка ГБЦ ISUZU 4HL1/4HJ1 8-97349-495-0/8-97384-036-0 1,475 Matto",7,3568,Matto,8-97349-495-0,Хабаровск
2026-01-06 14:13:02,Прокладка ГБЦ ISUZU 4HL1/4HJ1 8-97349-496-0/8-97384-037-0 HL,3,3584,Huang Lin,8-97384-037-0,Хабаровск
2026-01-06 14:13:02,Прокладка ГБЦ ISUZU 4JA1/4JB1 8-94433-733-0 W/MT HL,1,1342,Huang Lin,8-94433-733-0,Хабаровск
2026-01-06 14:13:02,"Прокладка ГБЦ ISUZU 4JA1/4JC1 8-94332-327-0/328-0 1,65 Matto",5,1033,Matto,8-94332-327-0,Хабаровск
2026-01-06 14:13:02,Прокладка ГБЦ ISUZU 4JB1 8-94109-553-1 HL,2,1500,Huang Lin,8-94109-553-1,Хабаровск
2026-01-06 14:13:02,Прокладка ГБЦ ISUZU 4JB1 8-97350-318-0 / 82032-S-0142 Matto,4,1363,Matto,8-97350-318-0,Хабаровск
2026-01-06 14:13:02,Прокладка ГБЦ ISUZU 4JB1 8-97350-320-0 DF,5,968,DRAGONFLYS,8-97350-320-0,Хабаровск
2026-01-06 14:13:02,Прокладка ГБЦ ISUZU 4JB1 8-97350-320-0 W/MT HL,9,1521,Huang Lin,8-97350-320-0,Хабаровск
2026-01-06 14:13:02,Прокладка ГБЦ ISUZU 4JG2 8-97066-196-0 HL,6,1813,Huang Lin,8-97066-196-0,Хабаровск
2026-01-06 14:13:02,Прокладка ГБЦ ISUZU 4JG2 8-97066-196-0 Matto,6,1878,Matto,8-97066-196-0,Хабаровск
2026-01-06 14:13:02,"Прокладка ГБЦ ISUZU 4JG2 8-97066-197-0 1,65 Matto",12,2178,Matto,8-97066-197-0,Хабаровск
2026-01-06 14:13:02,Прокладка ГБЦ ISUZU 4JG2 8-97066-198-0 DF,1,657,DRAGONFLYS,8-97066-198-0,Хабаровск
2026-01-06 14:13:02,Прокладка ГБЦ ISUZU 4ВЕ1 8-94418-919-0 DF,9,746,DRAGONFLYS,8-94418-919-0,Хабаровск
2026-01-06 14:13:02,Прокладка ГБЦ ISUZU 4НE1 8-97138-066-0 Matto,3,1585,Matto,8-97138-066-0,Хабаровск
2026-01-06 14:13:02,Прокладка ГБЦ ISUZU 4НF1 8-97105-873-0 DF,19,1786,DRAGONFLYS,8-97105-873-0,Хабаровск
2026-01-06 14:13:02,Прокладка ГБЦ ISUZU 4НF1 New Type 8-97233-757-0 HL,4,2721,Huang Lin,8-97233-757-0,Хабаровск
2026-01-06 14:13:02,Прокладка ГБЦ ISUZU 4НF1 Old Type 8-97105-872-0 HL,2,2659,Huang Lin,8-97105-872-0,Хабаровск
2026-01-06 14:13:02,Прокладка ГБЦ ISUZU 4НG1 8-97144-986-0 / 82067-S-0152 Matto,5,2385,Matto,8-97144-986-0,Хабаровск
2026-01-06 14:13:02,Прокладка ГБЦ ISUZU 4НG1 8-97144-986-0 DF,6,1451,DRAGONFLYS,8-97144-986-0,Хабаровск
2026-01-06 14:13:02,Прокладка ГБЦ ISUZU 4НG1 8-97349-489-0 W/KMF+MT HL,1,3073,Huang Lin,8-97349-489-0,Хабаровск
2026-01-06 14:13:02,Прокладка ГБЦ ISUZU 6BG1 1-11141-196-0 / 82038-S-0142 Matto,4,1902,Matto,1-11141-196-0,Хабаровск
2026-01-06 14:13:02,Прокладка ГБЦ ISUZU 6BG1 5-11141-196-0 DF,10,1939,DRAGONFLYS,5-11141-196-0,Хабаровск
2026-01-06 14:13:02,Прокладка ГБЦ ISUZU 6BG1 5-11141-196-0 Matto,18,1902,Matto,5-11141-196-0,Хабаровск
2026-01-06 14:13:02,Прокладка ГБЦ ISUZU 6HE1 8-94396-334-0 HL,1,4596,Huang Lin,8-94396-334-0,Хабаровск
2026-01-06 14:13:02,Прокладка ГБЦ ISUZU 6HH1 8-94393-346-1 DF,5,2414,DRAGONFLYS,8-94393-346-1,Хабаровск
2026-01-06 14:13:02,Прокладка ГБЦ ISUZU 6HH1 8-94393-346-1 Matto,5,5137,Matto,8-94393-346-1,Хабаровск
2026-01-06 14:13:02,Прокладка ГБЦ ISUZU 6HH1 8-94393-346-1 W/MT+ASSY HL,3,5027,Huang Lin,8-94393-346-1,Хабаровск
2026-01-06 14:13:02,Прокладка ГБЦ ISUZU 6HK1 8-94390-787-2 HL,5,4551,Huang Lin,8-94390-787-2,Хабаровск
2026-01-06 14:13:02,Прокладка ГБЦ ISUZU 6HK1 8-97601-819-4 / 82079-S-0152 Matto,13,5835,Matto,8-97601-819-4,Хабаровск
2026-01-06 14:13:02,Прокладка ГБЦ ISUZU 6HK1/6HH1 8-97605-228-0 HL,8,5057,Huang Lin,8-97605-228-0,Хабаровск
2026-01-06 14:13:02,Прокладка ГБЦ ISUZU 6HK1/6HL1 8-97605-228-0/8-94390-787-2 Matto,5,5897,Matto,8-97605-228-0,Хабаровск
2026-01-06 14:13:02,Прокладка ГБЦ ISUZU 6RA1/B1 1-11141-142-0 HL,5,3065,Huang Lin,1-11141-142-0,Хабаровск
2026-01-06 14:13:02,Прокладка ГБЦ ISUZU 6SD1 1-11141-216-2 Matto,1,3208,Matto,1-11141-216-2,Хабаровск
2026-01-06 14:13:02,Прокладка ГБЦ ISUZU 6WG1/6WF1 1-11141-265-0/1 Matto,6,12504,Matto,1-11141-265-1,Хабаровск
2026-01-06 14:13:02,Прокладка ГБЦ ISUZU 8PC1 1-11141-141-1 Matto,6,1360,Matto,1-11141-141-1,Хабаровск
2026-01-06 14:13:02,Прокладка ГБЦ ISUZU 8PC1(N)/D1 1-11141-189-1 / 82073-S-0152 Matto,4,1972,Matto,1-11141-189-0,Хабаровск
2026-01-06 14:13:02,Прокладка ГБЦ ISUZU 8PD1 1-11141-099-0 Matto,5,884,Matto,1-11141-099-0,Хабаровск
2026-01-06 14:13:02,Прокладка ГБЦ KOMATSU 4D105-3 6131-11-1811 Matto,7,912,Matto,6131-11-1811,Хабаровск
2026-01-06 14:13:02,Прокладка ГБЦ KOMATSU 4D105-5 6134-11-1810 Matto,5,1287,Matto,6134-11-1810,Хабаровск
2026-01-06 14:13:02,Прокладка ГБЦ KOMATSU 4D130 6114-11-1811 Matto,8,1273,Matto,6114-11-1811,Хабаровск
2026-01-06 14:13:02,Прокладка ГБЦ KOMATSU 4D95 6204-11-1812 Matto,7,1460,Matto,6204-11-1812,Хабаровск
2026-01-06 14:13:02,Прокладка ГБЦ KOMATSU 6D102 6735-11-1812 Matto,5,1624,Matto,6735-11-1812,Хабаровск
2026-01-06 14:13:02,Прокладка ГБЦ KOMATSU 6D105 6137-11-1810 Matto,6,2065,Matto,6137-11-1810,Хабаровск
2026-01-06 14:13:02,Прокладка ГБЦ KOMATSU 6D110 6138-19-1811 Matto,4,4634,Matto,6138-19-1811,Хабаровск
2026-01-06 14:13:02,Прокладка ГБЦ KOMATSU 6D125 6151-17-1853 Matto,5,774,Matto,6151-17-1853,Хабаровск
2026-01-06 14:13:02,Прокладка ГБЦ KOMATSU 6D140 6210-17-1813 Matto,3,1280,Matto,6210-17-1813,Хабаровск
2026-01-06 14:13:02,Прокладка ГБЦ KOMATSU 6D170 6162-13-1812 HL,4,1578,Huang Lin,6162-13-1812,Хабаровск
2026-01-06 14:13:02,Прокладка ГБЦ KOMATSU 6D170 6162-13-1812 Matto,18,2169,Matto,6162-13-1812,Хабаровск
2026-01-06 14:13:02,Прокладка ГБЦ KOMATSU 6D95 6206-11-1830 Matto,9,1074,Matto,6206-11-1830,Хабаровск
2026-01-06 14:13:02,Прокладка ГБЦ MAZDA HA 1363-10-271 E3000 Matto,7,325,Matto,1363-10-271,Хабаровск
2026-01-06 14:13:02,Прокладка ГБЦ MAZDA HA SE01-10-271 DF,5,657,DRAGONFLYS,SE01-10-271,Хабаровск
2026-01-06 14:13:02,Прокладка ГБЦ MAZDA HA SE01-10-271 Matto,30,524,Matto,SE01-10-271,Хабаровск
2026-01-06 14:13:02,Прокладка ГБЦ MAZDA SL /T3500 SL50-10-271 HL,2,2045,Huang Lin,SL50-10-271,Хабаровск
2026-01-06 14:13:02,Прокладка ГБЦ MAZDA SL SL01-10-271K HL,13,575,Huang Lin,SL0110271K,Хабаровск
2026-01-06 14:13:02,Прокладка ГБЦ MAZDA SL SL01-10-271K Matto,17,611,Matto,SL01-10-271K,Хабаровск
2026-01-06 14:13:02,Прокладка ГБЦ MAZDA SL SL50-10-271B Matto,8,2234,Matto,SL50-10-271B,Хабаровск
2026-01-06 14:13:02,Прокладка ГБЦ MAZDA T4000 TF 20-10-271G / 52039-G-2002 W/GP Matto,1,1013,Matto,JA-21097,Хабаровск
2026-01-06 14:13:02,Прокладка ГБЦ MAZDA T4000 TF20-10-271G DF,1,1211,DRAGONFLYS,TF2010271,Хабаровск
2026-01-06 14:13:02,Прокладка ГБЦ MAZDA T4500 TM 01-10-271 W/MT HL,4,2456,Huang Lin,TM01-10-271,Хабаровск
2026-01-06 14:13:02,Прокладка ГБЦ MAZDA TF 8AWD-10-271 DF,7,1128,DRAGONFLYS,8AWD-10-271,Хабаровск
2026-01-06 14:13:02,Прокладка ГБЦ MAZDA TF 8AWD-10-271 Matto,15,1688,Matto,8AWD-10-271,Хабаровск
2026-01-06 14:13:02,Прокладка ГБЦ MAZDA TМ TM01-10-271 Matto,4,1688,Matto,TM01-10-271,Хабаровск
2026-01-06 14:13:02,Прокладка ГБЦ MAZDA VN OVN01-10-271 Matto,6,1326,Matto,OVN01-10-271,Хабаровск
2026-01-06 14:13:02,Прокладка ГБЦ MAZDA VS VS01-10-271E Matto,30,2384,Matto,VS01-10-271E,Хабаровск
2026-01-06 14:13:02,Прокладка ГБЦ MAZDA XA S501-10-271 CGPL HL,2,548,JMC,S501-10-27,Хабаровск
2026-01-06 14:13:02,Прокладка ГБЦ MERCEDES MB401/MB40 422 016 00 20 Matto !,3,128,Matto,422 016 00 20,Хабаровск
2026-01-06 14:13:02,Прокладка ГБЦ MMC 4D30 ME011009 Matto,4,511,Matto,ME011009,Хабаровск
2026-01-06 14:13:02,"Прокладка ГБЦ MMC 4D32, 4D31 ME013326 Matto",5,1277,Matto,ME013326,Хабаровск
2026-01-06 14:13:02,"Прокладка ГБЦ MMC 4D32, 4D31 ME013330 HL",7,1674,Huang Lin,ME013330,Хабаровск
2026-01-06 14:13:02,"Прокладка ГБЦ MMC 4D34, 4D34T 4D35 ME013300 HL",7,1781,Huang Lin,ME013300,Хабаровск
2026-01-06 14:13:02,"Прокладка ГБЦ MMC 4D34, 4D34T 4D35 ME013300 Matto",2,1798,Matto,ME013300,Хабаровск
2026-01-06 14:13:02,Прокладка ГБЦ MMC 4D35 ME011110B DF,11,894,DRAGONFLYS,ME011110B,Хабаровск
2026-01-06 14:13:02,Прокладка ГБЦ MMC 4D35 ME011110B HL,16,1656,Huang Lin,ME011110B,Хабаровск
2026-01-06 14:13:02,Прокладка ГБЦ MMC 4D35 ME011110B Matto,28,1446,Matto,ME011110B,Хабаровск
2026-01-06 14:13:02,Прокладка ГБЦ MMC 4D36 ME011111B DF,7,804,DRAGONFLYS,ME011111B,Хабаровск
2026-01-06 14:13:02,Прокладка ГБЦ MMC 4D36 ME011111B Matto,1,1875,Matto,ME011111B,Хабаровск
2026-01-06 14:13:02,Прокладка ГБЦ MMC 4DR51 ME001200 HL,1,676,Huang Lin,ME001200,Хабаровск
2026-01-06 14:13:02,Прокладка ГБЦ MMC 4DR7 ME001642 Matto,1,2126,Matto,ME001642,Хабаровск
2026-01-06 14:13:02,Прокладка ГБЦ MMC 4M40 ME200751 DF,7,866,DRAGONFLYS,ME200751,Хабаровск
2026-01-06 14:13:02,Прокладка ГБЦ MMC 4M40 ME200751 HL,2,1034,Huang Lin,ME200751,Хабаровск
2026-01-06 14:13:02,Прокладка ГБЦ MMC 4M40 ME200753 / 62053-G-51C2 Matto,1,1403,Matto,ME200753,Хабаровск
2026-01-06 14:13:02,Прокладка ГБЦ MMC 4M40 ME200754 / 62053-G-51C2 Matto,2,1254,Matto,ME200754,Хабаровск
2026-01-06 14:13:02,Прокладка ГБЦ MMC 4M50/4M51 ME226786 MMC DF,8,2737,DRAGONFLYS,ME226786,Хабаровск
2026-01-06 14:13:02,Прокладка ГБЦ MMC 4M51 ME240707 HGM6524P-1 HL,11,2742,Huang Lin,HGM6524P-2,Хабаровск
2026-01-06 14:13:02,Прокладка ГБЦ MMC 4M51 ME240709 Matto,9,3286,Matto,ME240709,Хабаровск
2026-01-06 14:13:02,Прокладка ГБЦ MMC 6D14 ME031489 / ME071919 Matto,6,2159,Matto,ME031489,Хабаровск
2026-01-06 14:13:02,Прокладка ГБЦ MMC 6D14T-2AT ME071731 / 62063-NA-0162 Matto,1,3567,Matto,ME071731,Хабаровск
2026-01-06 14:13:02,Прокладка ГБЦ MMC 6D14T-2AT ME071731 DF,2,1585,DRAGONFLYS,ME071731,Хабаровск
2026-01-06 14:13:02,Прокладка ГБЦ MMC 6D15-2A ME071867 DF,3,1217,DRAGONFLYS,ME071867,Хабаровск
2026-01-06 14:13:02,"Прокладка ГБЦ MMC 6D15, 6D15-T ME030913 HL",4,2006,Huang Lin,ME030913,Хабаровск
2026-01-06 14:13:02,Прокладка ГБЦ MMC 6D16-2AT/6D17 24 valve ME071958/ME078707 Matto,1,2251,Matto,ME071958,Хабаровск
2026-01-06 14:13:02,Прокладка ГБЦ MMC 6D16-2AT/6D17 ME071958/ME078707 DF,3,968,DRAGONFLYS,ME071958,Хабаровск
2026-01-06 14:13:02,"Прокладка ГБЦ MMC 6D16, 6D16-T ME071182 DF",5,1155,DRAGONFLYS,ME071182,Хабаровск
2026-01-06 14:13:02,"Прокладка ГБЦ MMC 6D16, 6D16-T ME071182 Matto",16,2251,Matto,ME071182,Хабаровск
2026-01-06 14:13:02,Прокладка ГБЦ MMC 6D17 ME071955 DF,20,1128,DRAGONFLYS,ME071955,Хабаровск
2026-01-06 14:13:02,Прокладка ГБЦ MMC 6D17 ME071955 HL,19,2650,Huang Lin,ME071955,Хабаровск
2026-01-06 14:13:02,Прокладка ГБЦ MMC 6D17 ME071955 Matto,13,2446,Matto,ME071955,Хабаровск
2026-01-06 14:13:02,Прокладка ГБЦ MMC 6D22/22/24/24 ME051714 DF,18,680,DRAGONFLYS,ME051714,Хабаровск
2026-01-06 14:13:02,Прокладка ГБЦ MMC 6D22Т/6D24 ME051132 DF,13,1889,DRAGONFLYS,ME051132,Хабаровск
2026-01-06 14:13:02,Прокладка ГБЦ MMC 6M60 ME304851 HL,1,7461,Huang Lin,ME304851,Хабаровск
2026-01-06 14:13:02,Прокладка ГБЦ MMC 6M60 ME304851 Matto,4,3755,Matto,ME304851,Хабаровск
2026-01-06 14:13:02,Прокладка ГБЦ MMC 6M60/61 ME132520 DF,16,2414,DRAGONFLYS,ME132520,Хабаровск
2026-01-06 14:13:02,Прокладка ГБЦ MMC 6M60/61 ME132520 Matto,31,4076,Matto,ME132520,Хабаровск
2026-01-06 14:13:02,Прокладка ГБЦ MMC 6M61 ME993759 Matto,19,3755,Matto,ME993759,Хабаровск
2026-01-06 14:13:02,Прокладка ГБЦ MMC 8DC10 ME091538 / ME092200 Matto,14,2215,Matto,ME091538,Хабаровск
2026-01-06 14:13:02,Прокладка ГБЦ MMC 8DC10 ME091538/ME092200 DF,4,968,DRAGONFLYS,ME092200,Хабаровск
2026-01-06 14:13:02,Прокладка ГБЦ MMC 8DC11 ME084081 Matto,5,2720,Matto,ME084081,Хабаровск
2026-01-06 14:13:02,Прокладка ГБЦ MMC 8DC9 31201-32100 DF,2,968,DRAGONFLYS,31201-32100,Хабаровск
2026-01-06 14:13:02,Прокладка ГБЦ MMC 8DC9 31201-32100 HL,12,2375,Huang Lin,31201-32100,Хабаровск
2026-01-06 14:13:02,Прокладка ГБЦ MMC 8DC9 31201-32100 Matto,7,2182,Matto,31201-32100,Хабаровск
2026-01-06 14:13:02,Прокладка ГБЦ MMC 8DС6 31201-12800 Matto,13,2125,Matto,31201-12800,Хабаровск
2026-01-06 14:13:02,Прокладка ГБЦ MMC 8M20 ME160330 Matto,2,3829,Matto,ME160330,Хабаровск
2026-01-06 14:13:02,Прокладка ГБЦ MMC 8M20 ME350011 Matto,9,4898,Matto,ME350011,Хабаровск
2026-01-06 14:13:02,Прокладка ГБЦ MMC 8M20/21/60 ME161011/ME163925 Matto,8,5484,Matto,ME163925,Хабаровск
2026-01-06 14:13:02,Прокладка ГБЦ MMC S4K 34201-00704 HL,2,851,Huang Lin,34201-00704,Хабаровск
2026-01-06 14:13:02,Прокладка ГБЦ MMC S6KT 34301-10200 HL,3,1614,Huang Lin,34301-10200,Хабаровск
2026-01-06 14:13:02,Прокладка ГБЦ NISSAN ED33 11044-T9000 Matto,9,1258,Matto,11044-T9000,Хабаровск
2026-01-06 14:13:02,Прокладка ГБЦ NISSAN FD33/35 11044-01D00 (1.20) HL,1,2149,Huang Lin,11044-01D00,Хабаровск
2026-01-06 14:13:02,Прокладка ГБЦ NISSAN FD33/35 11044-01D01 (1.15) HL,1,2149,Huang Lin,11044-01D01,Хабаровск
2026-01-06 14:13:02,Прокладка ГБЦ NISSAN FD46 11044-0T001 DF,3,1514,DRAGONFLYS,110440T001,Хабаровск
2026-01-06 14:13:02,Прокладка ГБЦ NISSAN FD46 11044-0T001 Matto,14,1840,Matto,11044-0T001,Хабаровск
2026-01-06 14:13:02,Прокладка ГБЦ NISSAN FE6 11044-Z5509 Matto,15,3118,Matto,11044-Z5509,Хабаровск
2026-01-06 14:13:02,Прокладка ГБЦ NISSAN FE6 11044-Z5509 W/MT+ASSY HL,7,3177,Huang Lin,11044-Z5509,Хабаровск
2026-01-06 14:13:02,Прокладка ГБЦ NISSAN FE6T 11044-Z5515 DF,22,1939,DRAGONFLYS,11044-Z5515,Хабаровск
2026-01-06 14:13:02,Прокладка ГБЦ NISSAN FE6T 11044-Z5515 HL,38,3177,Huang Lin,11044-Z5515,Хабаровск
2026-01-06 14:13:02,Прокладка ГБЦ NISSAN FE6T 11044-Z5515 Matto,24,2872,Matto,11044-Z5515,Хабаровск
2026-01-06 14:13:02,Прокладка ГБЦ NISSAN FE6T 11044-Z5565 DF,7,1939,DRAGONFLYS,11044-Z5565,Хабаровск
2026-01-06 14:13:02,Прокладка ГБЦ NISSAN FE6T 11044-Z5565 Matto,9,2966,Matto,11044-Z5565,Хабаровск
2026-01-06 14:13:02,Прокладка ГБЦ NISSAN FE6T 11044-Z5565 W/MT+ASSY HL,1,4403,Huang Lin,11044-Z5565,Хабаровск
2026-01-06 14:13:02,Прокладка ГБЦ NISSAN NF6 11044-95506 HL !,19,2008,Huang Lin,11044-95506,Хабаровск
2026-01-06 14:13:02,Прокладка ГБЦ NISSAN PE6T 11044-96510 Matto,1,1410,Matto,11044-96510,Хабаровск
2026-01-06 14:13:02,Прокладка ГБЦ NISSAN PE6T 11044-96569 HL,2,2859,Huang Lin,11044-96569,Хабаровск
2026-01-06 14:13:02,Прокладка ГБЦ NISSAN PF6 11044-96561 Matto,1,3366,Matto,11044-96561,Хабаровск
2026-01-06 14:13:02,Прокладка ГБЦ NISSAN RE10 11044-97009 Matto !,6,2559,Matto,11044-97009,Хабаровск
2026-01-06 14:13:02,Прокладка ГБЦ NISSAN RE8 11044-97504 HL,2,3760,Huang Lin,11044-97504,Хабаровск
2026-01-06 14:13:02,Прокладка ГБЦ NISSAN RE8 11044-97504 Matto,4,3187,Matto,11044-97504,Хабаровск
2026-01-06 14:13:02,Прокладка ГБЦ NISSAN RF10 11044-97010 Matto,4,2517,Matto,11044-97010,Хабаровск
2026-01-06 14:13:02,Прокладка ГБЦ NISSAN RF8 11044-97505 Matto,6,3192,Matto,11044-97505,Хабаровск
2026-01-06 14:13:02,Прокладка ГБЦ NISSAN RG10 11044-97013 Matto !,3,2663,Matto,11044-97013,Хабаровск
2026-01-06 14:13:02,Прокладка ГБЦ NISSAN RG8 11044-97514 Matto,1,3925,Matto,11044-97514,Хабаровск
2026-01-06 14:13:02,Прокладка ГБЦ NISSAN RG8 11044-97561 HL,1,5424,Huang Lin,11044-97561,Хабаровск
2026-01-06 14:13:02,Прокладка ГБЦ NISSAN RG8 11044-97561 Matto,10,3397,Matto,11044-97561,Хабаровск
2026-01-06 14:13:02,Прокладка ГБЦ NISSAN RH10 11044-97011 Matto,16,4506,Matto,11044-97011,Хабаровск
2026-01-06 14:13:02,Прокладка ГБЦ NISSAN RH10 11044-97014 Matto,3,3060,Matto,11044-97014,Хабаровск
2026-01-06 14:13:02,Прокладка ГБЦ NISSAN RH10 11044-97014/11044-ND000 HL,4,4732,Huang Lin,11044-97014,Хабаровск
2026-01-06 14:13:02,Прокладка ГБЦ NISSAN RH10 11044-ND000 Matto,3,3060,Matto,11044-ND000,Хабаровск
2026-01-06 14:13:02,Прокладка ГБЦ NISSAN RH8 11044-97513 Matto,7,2394,Matto,11044-97513,Хабаровск
2026-01-06 14:13:02,Прокладка ГБЦ NISSAN TD23 92 11044-02N02 HL,1,1015,Huang Lin,11044-02N02,Хабаровск
2026-01-06 14:13:02,Прокладка ГБЦ NISSAN TD27 11044-43G01 DF,3,647,DRAGONFLYS,11044-43G01,Хабаровск
2026-01-06 14:13:02,Прокладка ГБЦ NISSAN TD27 11044-43G01 HL,12,1448,Huang Lin,11044-43G01,Хабаровск
2026-01-06 14:13:02,Прокладка ГБЦ NISSAN TD27 11044-43G01 Matto,7,1690,Matto,11044-43G01,Хабаровск
2026-01-06 14:13:02,"Прокладка ГБЦ SANWA DA111F1 (11115-87105, 11115-87106)",1,2402,JMC,DA111F1,Хабаровск
2026-01-06 14:13:02,Прокладка ГБЦ TOYOTA 13B 11115-58050 DF,5,700,DRAGONFLYS,1111558050,Хабаровск
2026-01-06 14:13:02,"Прокладка ГБЦ TOYOTA 3B / 13B 11115-58050/58110 (1,6mm) Matto",5,619,Matto,11115-58050,Хабаровск
2026-01-06 14:13:02,Прокладка ГБЦ TOYOTA 14B 11115-58100 / 92078-S-81K2 Matto,3,1321,Matto,11115-58100,Хабаровск
2026-01-06 14:13:02,Прокладка ГБЦ TOYOTA 14B 11115-58100 DF,9,715,DRAGONFLYS,11115-58100,Хабаровск
2026-01-06 14:13:02,"Прокладка ГБЦ TOYOTA 15B 11115-58140/58141 (1,3mm) Matto",4,1728,Matto,11115-58140,Хабаровск
2026-01-06 14:13:02,Прокладка ГБЦ TOYOTA 15BF 95 11115-58131 HL,2,1660,Huang Lin,11115-58131,Хабаровск
2026-01-06 14:13:02,Прокладка ГБЦ TOYOTA 15BF 95 11115-58141 HL,3,1995,Huang Lin,11115-58141,Хабаровск
2026-01-06 14:13:02,"Прокладка ГБЦ TOYOTA 15BFT/1BZ-FPE 11115-58131 (1,2mm) Matto",1,1106,Matto,11115-58131,Хабаровск
2026-01-06 14:13:02,Прокладка ГБЦ TOYOTA 1W 11115-78011/12 Matto,2,665,Matto,11115-78011,Хабаровск
2026-01-06 14:13:02,Прокладка ГБЦ TOYOTA 1W 83 11115-78011 HL,3,1079,Huang Lin,11115-78011,Хабаровск
2026-01-06 14:13:02,Прокладка ГБЦ TOYOTA 2KD 11115-30040-AO W/MT 1.2T HL !,2,1585,Huang Lin,11115-30040-AO,Хабаровск
2026-01-06 14:13:02,Прокладка ГБЦ TOYOTA 2KD 11115-30040-BO W/MT HL !,2,1458,Huang Lin,11115-30040-BO,Хабаровск
2026-01-06 14:13:02,Прокладка ГБЦ TOYOTA 2KD 11115-30040-CO HL,2,1501,Huang Lin,11115-30040-CO,Хабаровск
2026-01-06 14:13:02,Прокладка ГБЦ TOYOTA 2KD 11115-30040-DO HL,2,1378,Huang Lin,11115-30040-DO,Хабаровск
2026-01-06 14:13:02,Прокладка ГБЦ TOYOTA 2KD 11115-30040-EO HL !,2,1874,Huang Lin,11115-30040-EO,Хабаровск
2026-01-06 14:13:02,"Прокладка ГБЦ TOYOTA 3B/4B 11115-58081 (1,5mm) Matto",16,1785,Matto,11115-58081,Хабаровск
2026-01-06 14:13:02,Прокладка ГБЦ TOYOTA 3B/4B 11115-58081 DF,2,1037,DRAGONFLYS,1111558081,Хабаровск
2026-01-06 14:13:02,Прокладка ГБЦ TOYOTA 3LT(N) 11115-54073-B0 HL,1,1413,Huang Lin,11115-54073-BO,Хабаровск
2026-01-06 14:13:02,"Прокладка ГБЦ TOYOTA 4B 11115-58180 (1,6mm) Matto",2,1962,Matto,11115-58180,Хабаровск
2026-01-06 14:13:02,Прокладка ГБЦ TOYOTA 5L 11115-54130-DO HL,1,1955,Huang Lin,11115-54130-DO,Хабаровск
2026-01-06 14:13:02,Прокладка ГБЦ TOYOTA 5L 11115-54130-FO / 92122-S-9002 Matto,1,988,Matto,11115-54130-F0,Хабаровск
2026-01-06 14:13:02,Прокладка ГБЦ TOYOTA 5L 11115-54130-FO HL,2,1717,Huang Lin,11115-54130-FO,Хабаровск
2026-01-06 14:13:02,"Прокладка ГБЦ TOYOTA B 11115-56010 (1,5mm) Matto",6,659,Matto,11115-56010,Хабаровск
2026-01-06 14:13:02,Прокладка ГБЦ TOYOTA B/11B 84-88 11115-56090 HL,9,1986,Huang Lin,11115-56090,Хабаровск
2026-01-06 14:13:02,Прокладка ГБЦ TOYOTA B/11B 84-88 11115-56100 / 92071-S-81K2 Matto,9,1363,Matto,11115-56100,Хабаровск
2026-01-06 14:13:02,Прокладка ГБЦ TOYOTA B/11B 84-88 11115-56110 / 92071-S-81K2 Matto,1,1507,Matto,11115-56110,Хабаровск
2026-01-06 14:13:02,Прокладка ГБЦ TOYOTA B/11B 84-88 11115-56110 W/MT HL,1,1881,Huang Lin,11115-56110,Хабаровск
2026-01-06 14:13:02,Прокладка ГБЦ VOLVO D12A 3099100 Matto !,1,2395,Matto,3099100,Хабаровск
2026-01-06 14:13:02,Прокладка ГБЦ VOLVO TD120 275 548-6 Matto !,1,148,Matto,275 548-6,Хабаровск
2026-01-06 14:13:02,Прокладка ГБЦ VOLVO TD122 270 949-1 Matto !,2,131,Matto,2709491,Хабаровск
2026-01-06 14:13:02,Прокладка глушителя GEM-12-Z03 / 20017-00Z03,1,325,JMC,GEM-12-Z03,Хабаровск
2026-01-06 14:13:02,Прокладка глушителя GEM-41-910 / 8-94394-391-0 / 1-22116-040-0,3,555,JMC,8-94394-391-0,Хабаровск
2026-01-06 14:13:02,Прокладка глушителя GEM-43-300 / 1-22116-030-0,1,507,JMC,1-22116-030-0,Хабаровск
2026-01-06 14:13:02,Прокладка глушителя GEM-61-023 / MC045023,3,336,JMC,MC045023,Хабаровск
2026-01-06 14:13:02,Прокладка глушителя GEM-62-024 / MC045024,1,407,JMC,MC045024,Хабаровск
2026-01-06 14:13:02,Прокладка глушителя GEM-63-737 / MC063737,3,407,JMC,MC063737,Хабаровск
2026-01-06 14:13:02,Прокладка глушителя GEM-84-690 / S1710-41690 / 17104-1690,1,469,JMC,S1710-41690,Хабаровск
2026-01-06 14:13:02,Прокладка горного тормоза 8-98343-705-0 ID=109 C-series ORIG,5,1065,Isuzu,8-98343-705-0,Хабаровск
2026-01-06 14:13:02,Прокладка датчика уровня масла Fuso Canter TF QC000410 DF,37,238,DRAGONFLYS,QC000410,Хабаровск
2026-01-06 14:13:02,Прокладка клапана EGR HINO 500 E-4 S1710-41990 DF,18,182,DRAGONFLYS,S171041990,Хабаровск
2026-01-06 14:13:02,Прокладка клапанной крышки 11213-15080 JC-13101,1,293,JMC,11213-15080,Хабаровск
2026-01-06 14:13:02,Прокладка клапанной крышки D-129454 / 1003041A29D FAW CA6DL2 Дизель,10,227,Дизель,D-129454,Хабаровск
2026-01-06 14:13:02,Прокладка клапанной крышки NISSAN TD25 13270-43G01 86-87 W/RU HL,2,188,Huang Lin,13270-43G01,Хабаровск
2026-01-06 14:13:02,Прокладка коллектора впускного HINO J08C 17171-1911 DF,17,400,DRAGONFLYS,171711911,Хабаровск
2026-01-06 14:13:02,Прокладка коллектора впускного ISUZU 12PD1/8PD1 1-14115-048-0 DF,4,119,DRAGONFLYS,1141150480,Хабаровск
2026-01-06 14:13:02,Прокладка коллектора выпускного ISUZU 4BE1 1-14145-138-0 DF,1,186,DRAGONFLYS,1141451380,Хабаровск
2026-01-06 14:13:02,Прокладка коллектора выпускного MAZDA SL SL01-13-461 DF,1,84,DRAGONFLYS,SL0113461,Хабаровск
2026-01-06 14:13:02,Прокладка коллектора выпускного MMC 4M40 ME201356 DF,1,119,DRAGONFLYS,ME201356,Хабаровск
2026-01-06 14:13:02,Прокладка коллектора выпускного MMC 6M61/6D14 ME073957 DF,1,101,DRAGONFLYS,ME073957,Хабаровск
2026-01-06 14:13:02,Прокладка коллектора выпускного NISSAN RF8/RF10 14008-97002 DF,1,119,DRAGONFLYS,1400897002,Хабаровск
2026-01-06 14:13:02,Прокладка кольцо под гофру 112-89 H=15mm,109,146,Дизель,112-89 H=15mm,Хабаровск
2026-01-06 14:13:02,Прокладка кольцо под гофру 95-75 H=16mm,139,125,Дизель,95-75 H=16mm,Хабаровск
2026-01-06 14:13:02,Прокладка кольцо под гофру D-128492 / 1-22119-297-0 124-100 H=17mm Дизель,103,138,Дизель,D-128492,Хабаровск
2026-01-06 14:13:02,Прокладка кольцо под гофру D-129455 / 105-83 H=16mm Дизель,141,127,Дизель,D-129455,Хабаровск
2026-01-06 14:13:02,Прокладка кольцо под гофру D-129456 / 113-89 H=19mm Дизель,109,146,Дизель,D-129456,Хабаровск
2026-01-06 14:13:02,Прокладка компрессора 420331/A5411310780 / A5411310880 / 0115063 Mercedes/DieselTechnic !,1,299,Diesel Technic,4.20331,Хабаровск
2026-01-06 14:13:02,Прокладка корпуса термостата 25614-4A700 Hyundai Porter 2 ORIG,13,108,Hyundai-Kia,25614-4A700,Хабаровск
2026-01-06 14:13:02,Прокладка корпуса термостата D-126909 / 201V06904-0042 HOWO T5G Дизель,1,145,Дизель,D-126909,Хабаровск
2026-01-06 14:13:02,Прокладка КПП D-129865 / WG2229100062 HOWO T5G Дизель,5,285,Дизель,D-129865,Хабаровск
2026-01-06 14:13:02,Прокладка крышки балансировочных валов 21173-42000 Hyundai HD45/HD65/HD72/HD78 H-100 ORIG,1,44,Hyundai-Kia,21173-42000,Хабаровск
2026-01-06 14:13:02,Прокладка крышки блока цилиндров перед 200V01905-0092 HOWO T5G MC11/13,5,1195,Дизель,200V01905-0092,Хабаровск
2026-01-06 14:13:02,Прокладка крышки клапанов 13270-Z5505 NIS FE6TA HL,3,656,Huang Lin,13270-Z5505,Хабаровск
2026-01-06 14:13:02,Прокладка крышки клапанов 22441-42910 HYUNDAI Porter (10-)/KIA Bongo 3 ORIG,3,816,Hyundai-Kia,22441-42910,Хабаровск
2026-01-06 14:13:02,Прокладка крышки клапанов 22445-41001 Hyundai HD45-78/COUNTY D4AL/DB/DD HL,30,155,Huang Lin,22445-41001,Хабаровск
2026-01-06 14:13:02,Прокладка крышки клапанов 4JJ1-TCC D-125157 / 8-97945-338-0 NLR/NMR 55/85 08~ Дизель,14,509,Дизель,D-125157,Хабаровск
2026-01-06 14:13:02,Прокладка крышки клапанов 4JJ1-TCC D-126419 / 8-97945-338-0 NLR/NMR 55/85 08~ Дизель,17,349,Дизель,D-126419,Хабаровск
2026-01-06 14:13:02,Прокладка крышки клапанов 8-94462-559-0/8-94310-912-0/8-94101-767-1 DF,22,156,DRAGONFLYS,8-94462-559-0,Хабаровск
2026-01-06 14:13:02,Прокладка крышки клапанов 8-94462-559-0/8-94310-912-0/8-94101-767-1 HL,9,177,Huang Lin,8-94462-559-0,Хабаровск
2026-01-06 14:13:02,Прокладка крышки клапанов 8-97105-690-1 / 8-97845-489-0 / 86017-NBR-PB Isuzu 4HF1/4HG1/4HE1 Matto,103,272,Matto,8-97105-690-1,Хабаровск
2026-01-06 14:13:02,Прокладка крышки клапанов 8-97331-360-1 / 86050-NBR-PB Isuzu 4HK1 Matto,31,312,Matto,8-97331-360-1,Хабаровск
2026-01-06 14:13:02,Прокладка крышки клапанов D-125212 / 1-11173-119-1 6WF1/6WG1 CYZ51/EXZ51/GIGA ISUZU/HITACHI Дизель,3,1724,Дизель,D-125212,Хабаровск
2026-01-06 14:13:02,Прокладка крышки клапанов D-125726 / 8-97105-690-2 Дизель,1,370,Дизель,D-125726,Хабаровск
2026-01-06 14:13:02,Прокладка крышки клапанов D-126420 / 1-11173-119-1 6WF1/6WG1 CYZ51/EXZ51/GIGA ISUZU/HITACHI Дизель,12,1231,Дизель,D-126420,Хабаровск
2026-01-06 14:13:02,Прокладка крышки клапанов D-128006 / 8-97331-379-1 Дизель,2,684,Дизель,D-128006,Хабаровск
2026-01-06 14:13:02,Прокладка крышки клапанов D-128142 / 8-97331-359-1 / 8-97845-483-0 Дизель,13,349,Дизель,D-128142,Хабаровск
2026-01-06 14:13:02,Прокладка крышки клапанов D-128604 / 612630040007 SHACMAN WP12 Дизель,1,77,Дизель,D-128604,Хабаровск
2026-01-06 14:13:02,Прокладка крышки клапанов D-128821 / 8-97105-690-2 Дизель,1,276,Дизель,D-128821,Хабаровск
2026-01-06 14:13:02,Прокладка крышки клапанов D-128837 / 8-94391-380-0 6HK1 F-series Дизель,31,550,Дизель,D-128837,Хабаровск
2026-01-06 14:13:02,Прокладка крышки клапанов D-129457 / 1003041A600-000ZH FAW CA6DL Дизель,7,193,Дизель,D-129457,Хабаровск
2026-01-06 14:13:02,Прокладка крышки клапанов HINO EP100 11213-1640 06004-SIL Matto !,7,369,Matto,11213-1640,Хабаровск
2026-01-06 14:13:02,Прокладка крышки клапанов HINO F17C 11213-1070 006006-SIL Matto,8,389,Matto,11213-1070,Хабаровск
2026-01-06 14:13:02,Прокладка крышки клапанов HINO F17C 11213-1070 DF,10,187,DRAGONFLYS,11213-1070,Хабаровск
2026-01-06 14:13:02,Прокладка крышки клапанов HINO F17C 11213-1070 HL,13,488,Huang Lin,11213-1070,Хабаровск
2026-01-06 14:13:02,Прокладка крышки клапанов HINO F20C 11213-1760 06013-SIL Matto,3,517,Matto,11213-1760,Хабаровск
2026-01-06 14:13:02,Прокладка крышки клапанов HINO HO7C/H07D 11213-1690 DF,20,223,DRAGONFLYS,11213-1690,Хабаровск
2026-01-06 14:13:02,Прокладка крышки клапанов HINO HO7C/H07D 11213-1690/ 06023-SIL -PB Matto,38,447,Matto,11213-1690,Хабаровск
2026-01-06 14:13:02,Прокладка крышки клапанов HINO J05C 06020-NBR VC(2) 11213-1920 Matto,2,350,Matto,11213-1920,Хабаровск
2026-01-06 14:13:02,Прокладка крышки клапанов HINO J05C 11118-1030 06019-SIL Matto,4,466,Matto,11118-1030,Хабаровск
2026-01-06 14:13:02,Прокладка крышки клапанов HINO J08C 06021-SIL/11118-1011 Matto,51,507,Matto,11118-1011,Хабаровск
2026-01-06 14:13:02,Прокладка крышки клапанов HINO J08C 11213-1880 06022-NBR Matto,102,526,Matto,06022-NBR,Хабаровск
2026-01-06 14:13:02,Прокладка крышки клапанов HINO K13C 11213-1060 06008-SIL Matto,1,224,Matto,11213-1060,Хабаровск
2026-01-06 14:13:02,Прокладка крышки клапанов HINO K13D 11213-1860 06017-NBR Matto,4,576,Matto,11213-1860,Хабаровск
2026-01-06 14:13:02,Прокладка крышки клапанов HINO V22C 06016-SIL Matto,1,289,Matto,11213-1790,Хабаровск
2026-01-06 14:13:02,Прокладка крышки клапанов HINO W06D 11213-1560 06010-NBR Matto,10,350,Matto,11213-1560,Хабаровск
2026-01-06 14:13:02,Прокладка крышки клапанов HINO W06D 11213-1560 DF,1,296,DRAGONFLYS,11213-1560,Хабаровск
2026-01-06 14:13:02,Прокладка крышки клапанов ISUZU 10PE1 1-11173-065-0 86025-NBR Matto,16,410,Matto,1-11173-065-0,Хабаровск
2026-01-06 14:13:02,Прокладка крышки клапанов ISUZU 10PE1 1-11173-065-0 DF,8,296,DRAGONFLYS,1-11173-065-0,Хабаровск
2026-01-06 14:13:02,Прокладка крышки клапанов ISUZU 12PD1 1-11173-067-0 86026-CR Matto,3,568,Matto,1-11173-067-0,Хабаровск
2026-01-06 14:13:02,Прокладка крышки клапанов ISUZU 4BE1 8-94101-767-1/8-94462-559-0/8-94310-912-0 86010-CR-PB Matto,8,216,Matto,8-98012-877-0,Хабаровск
2026-01-06 14:13:02,Прокладка крышки клапанов ISUZU 4HK1 8-97331-359-1 Matto,47,426,Matto,8-97331-359-1,Хабаровск
2026-01-06 14:13:02,Прокладка крышки клапанов ISUZU 4HK1 8-97331-359-1 NBR HL,33,396,Huang Lin,8-97331-359-1,Хабаровск
2026-01-06 14:13:02,Прокладка крышки клапанов ISUZU 4JB1/4JG2 8-94101-767-0 /86001-NBR Matto,21,216,Matto,8-94101-767-0,Хабаровск
2026-01-06 14:13:02,Прокладка крышки клапанов ISUZU 4JJ1 8-97945-338-0 Matto,7,312,Matto,8-97945-338-0,Хабаровск
2026-01-06 14:13:02,Прокладка крышки клапанов ISUZU 6BG1 1-11173-055-0 86009-CR-PB Matto,11,275,Matto,1-11173-055-0,Хабаровск
2026-01-06 14:13:02,Прокладка крышки клапанов ISUZU 6BG1 1-11173-055-0 DF,7,187,DRAGONFLYS,1-11173-055-0,Хабаровск
2026-01-06 14:13:02,Прокладка крышки клапанов ISUZU 6HE1/6HH1 8-94396-383-0 DF,11,325,DRAGONFLYS,8-94396-383-0,Хабаровск
2026-01-06 14:13:02,Прокладка крышки клапанов ISUZU 6HE1/6HH1 8-94396-383-0/ 86008-NBR Matto,27,447,Matto,8-94396-383-0,Хабаровск
2026-01-06 14:13:02,Прокладка крышки клапанов ISUZU 6SD1 1-11173-078-0 86005-CR Matto,7,507,Matto,1-11173-078-0,Хабаровск
2026-01-06 14:13:02,Прокладка крышки клапанов ISUZU 6WA1/6WG1 1-11173-080-0 / 86033-NBR Matto,3,507,Matto,1-11173-080-0,Хабаровск
2026-01-06 14:13:02,Прокладка крышки клапанов ISUZU 6WA1/6WG1 1-11173-080-0 DF,5,1071,DRAGONFLYS,1-11173-080-0,Хабаровск
2026-01-06 14:13:02,Прокладка крышки клапанов ISUZU 8PD1 86024-CR/ISU-8PD1-VC Matto,5,276,Matto,ISU-8PD1-VC,Хабаровск
2026-01-06 14:13:02,Прокладка крышки клапанов MAZDA TM/TF TF01-10-235 / TF01-10-235A W/RU HL,10,171,Huang Lin,TF01-10-235A,Хабаровск
2026-01-06 14:13:02,Прокладка крышки клапанов MAZDA TM/TF TF01-10-235 DF,7,135,DRAGONFLYS,TF0110235,Хабаровск
2026-01-06 14:13:02,Прокладка крышки клапанов MMC 4D31 66029-NBR ME011417 Matto,1,216,Matto,ME011417,Хабаровск
2026-01-06 14:13:02,Прокладка крышки клапанов MMC 4D31/32/33/34/35 /36 ME011279 DF,16,169,DRAGONFLYS,ME011279,Хабаровск
2026-01-06 14:13:02,Прокладка крышки клапанов MMC 4DR5-VC 66017-NBR / MIT-4DR5-VC Matto,5,160,Matto,MIT-4DR5-VC,Хабаровск
2026-01-06 14:13:02,Прокладка крышки клапанов MMC 4M40 ME200403 66009-NBR Matto,1,216,Matto,ME200403,Хабаровск
2026-01-06 14:13:02,Прокладка крышки клапанов MMC 4M40 ME200403 W/NBR HL,18,215,Huang Lin,ME200403,Хабаровск
2026-01-06 14:13:02,Прокладка крышки клапанов MMC 4M51 ME240798 / 66100-NBR-PB Matto,6,384,Matto,ME240798,Хабаровск
2026-01-06 14:13:02,Прокладка крышки клапанов MMC 4M51 ME240798 DF,6,495,DRAGONFLYS,ME240798,Хабаровск
2026-01-06 14:13:02,Прокладка крышки клапанов MMC 4M51 ME240798 HL,1,336,Huang Lin,ME240798,Хабаровск
2026-01-06 14:13:02,Прокладка крышки клапанов MMC 6D14/15 ME030932 66022-NBR Matto,5,205,Matto,ME030932,Хабаровск
2026-01-06 14:13:02,Прокладка крышки клапанов MMC 6D14/15/16/17 ME030893 DF,6,223,DRAGONFLYS,ME030893,Хабаровск
2026-01-06 14:13:02,Прокладка крышки клапанов MMC 6D14/15/16/17 ME030893 HL,23,312,Huang Lin,ME030893,Хабаровск
2026-01-06 14:13:02,Прокладка крышки клапанов MMC 6D14/15/16/17 ME030893/ 66020-NBR Matto,37,272,Matto,ME030893,Хабаровск
2026-01-06 14:13:02,Прокладка крышки клапанов MMC 6D22/22T/24 ME051373/ 66004-SIL Matto !,19,80,Matto,ME051373,Хабаровск
2026-01-06 14:13:02,Прокладка крышки клапанов MMC 6D31 ME081522 66010-NBR Matto,14,271,Matto,ME081522,Хабаровск
2026-01-06 14:13:02,Прокладка крышки клапанов MMC 8DC11 ME091520 66045-NBR Matto,5,332,Matto,ME091520,Хабаровск
2026-01-06 14:13:02,Прокладка крышки клапанов MMC 8DC11 ME091520 DF,2,267,DRAGONFLYS,ME091520,Хабаровск
2026-01-06 14:13:02,Прокладка крышки клапанов MMC MIT-4DR7-VC 66018-NBR Matto,5,216,Matto,4DR7-VC,Хабаровск
2026-01-06 14:13:02,Прокладка крышки клапанов NISSAN BD30 13270-54T01 76017-NBR Matto,1,291,Matto,13270-54T01,Хабаровск
2026-01-06 14:13:02,Прокладка крышки клапанов NISSAN BD30 13270-54T01 DF,3,258,DRAGONFLYS,13270-54T01,Хабаровск
2026-01-06 14:13:02,Прокладка крышки клапанов NISSAN ED33 13270-J6500 76019-NBR Matto,3,177,Matto,13270-J6500,Хабаровск
2026-01-06 14:13:02,Прокладка крышки клапанов NISSAN FD42/46 13270-0T000 DF,10,296,DRAGONFLYS,13270-0T000,Хабаровск
2026-01-06 14:13:02,Прокладка крышки клапанов NISSAN FD42/46 13270-0T000/ 76021-NBR Matto,22,253,Matto,13270-0T000,Хабаровск
2026-01-06 14:13:02,Прокладка крышки клапанов NISSAN FE6 13270-Z5001 DF,5,223,DRAGONFLYS,13270-Z5001,Хабаровск
2026-01-06 14:13:02,Прокладка крышки клапанов NISSAN FE6 13270-Z5001/ 76015-NBR Matto,9,275,Matto,13270-Z5001,Хабаровск
2026-01-06 14:13:02,Прокладка крышки клапанов NISSAN FE6TA 13270-Z5509 DF,8,553,DRAGONFLYS,13270-Z5509,Хабаровск
2026-01-06 14:13:02,Прокладка крышки клапанов NISSAN FE6TA 13270-Z5509/ 76073-SIL-PB Matto,7,466,Matto,13270-Z5509,Хабаровск
2026-01-06 14:13:02,Прокладка крышки клапанов NISSAN PE6T 760680-NA/12278-90006 (2шт/комп) Matto !,16,103,Matto,12278-90006,Хабаровск
2026-01-06 14:13:02,Прокладка крышки клапанов NISSAN PF6 13270-96007 76038-SIL Matto !,5,378,Matto,13270-96007,Хабаровск
2026-01-06 14:13:02,Прокладка крышки клапанов NISSAN RE10 (1) 13279-97000 76012-NBR (комплект 2шт) Matto !,4,105,Matto,13279-97000,Хабаровск
2026-01-06 14:13:02,Прокладка крышки клапанов NISSAN RE10 (2) 13270-97000/ 76013-NBR (комплект 10шт) Matto !,13,552,Matto,76013NBR,Хабаровск
2026-01-06 14:13:02,Прокладка крышки клапанов NISSAN RE8 (1) 76008-NBR Matto,10,207,Matto,NIS-RE8-VC,Хабаровск
2026-01-06 14:13:02,Прокладка крышки клапанов NISSAN RE8 (2) 13270-97000/ 76009-NBR (компл 8шт) Matto,2,647,Matto,13270-97000,Хабаровск
2026-01-06 14:13:02,Прокладка крышки клапанов NISSAN RF10 (1) 76012-NBR 13279-97000 Matto,23,268,Matto,76012-NBR,Хабаровск
2026-01-06 14:13:02,Прокладка крышки клапанов NISSAN RF8/RG8 (2) 13270-97004/ 76010-NBR (коплект 8шт) Matto,2,738,Matto,13270-97004,Хабаровск
2026-01-06 14:13:02,Прокладка крышки клапанов NISSAN RH10 76063-NBR Matto !,3,256,Matto,NIS-RH10-VC1,Хабаровск
2026-01-06 14:13:02,Прокладка крышки клапанов NISSAN RH10-VC 76064-NBR Matto !,20,185,Matto,NIS-RH10-VC,Хабаровск
2026-01-06 14:13:02,Прокладка крышки клапанов TOYOTA 13B 11213-56011 96021-NBR Matto,3,199,Matto,11213-56011,Хабаровск
2026-01-06 14:13:02,Прокладка крышки клапанов TOYOTA 15B 11213-58020 96011-NBR Matto,1,194,Matto,11213-58020,Хабаровск
2026-01-06 14:13:02,Прокладка крышки клапанов TOYOTA 3B/11B/14B 11213-56030 DF,3,200,DRAGONFLYS,1121356030,Хабаровск
2026-01-06 14:13:02,Прокладка крышки клапанов TOYOTA 3B/11B/14B 11213-56030 HL,12,196,Huang Lin,11213-56030,Хабаровск
2026-01-06 14:13:02,Прокладка крышки клапанов низ D-126769 / 612650040011 JAC N350 WP10 E-5 Дизель,1,114,Дизель,D-126769,Хабаровск
2026-01-06 14:13:02,Прокладка крышки коромысел 8-94391-380-0 / 86049-NBR-PB 6HK1-T F-Series Matto,6,389,Matto,8-94391-380-0,Хабаровск
2026-01-06 14:13:02,Прокладка крышки термостатов D-125952 / 612600160099 JAC N350 WP10 E-5 Дизель,2,142,Дизель,D-125952,Хабаровск
2026-01-06 14:13:02,Прокладка масл фильтра D-127905 / 1017022-81D J6/3310/4250 FAW Дизель,23,77,Дизель,D-127905,Хабаровск
2026-01-06 14:13:02,Прокладка маслоохладителя 5521026 JAC N120/Камаз Cummins ISF3.8 Е-5 ORIG,1,490,Cummins,5521026,Хабаровск
2026-01-06 14:13:02,Прокладка маслоохладителя 8-97384-130-0 HL,5,52,Huang Lin,8-97384-130-0,Хабаровск
2026-01-06 14:13:02,Прокладка масляного модуля 202V05901-0145 HOWO T5G,4,740,Дизель,202V05901-0145,Хабаровск
2026-01-06 14:13:02,Прокладка масляного радиатора D-126583 / 200V05901-0135 Sitrak C7H Дизель,9,159,Дизель,D-126583,Хабаровск
2026-01-06 14:13:02,Прокладка насоса водяного (помпы) Fuso Canter TF MK667394 DF,37,464,DRAGONFLYS,MK667394,Хабаровск
2026-01-06 14:13:02,Прокладка насоса масляного Fuso Canter TF E-5 MK667022 DF,39,523,DRAGONFLYS,MK667022,Хабаровск
2026-01-06 14:13:02,Прокладка натяжителя цепи 8-97312-336-0 4JJ1 NLR85 HL,1,130,Huang Lin,8-97312-336-0,Хабаровск
2026-01-06 14:13:02,Прокладка нижней плиты блока цилиндров 8-97352-403-0/8-94370-666-0/87007-NBR-PB 4BE1/4BG1 Matto,8,312,Matto,8-94370-666-0,Хабаровск
2026-01-06 14:13:02,Прокладка охладителя EGR 8-97367-918-0 4HK1 NPR/NQR ORIG,8,457,Isuzu,8-97367-918-0,Хабаровск
2026-01-06 14:13:02,Прокладка охладителя EGR 8-97367-918-0/HPI4090-2 4HK1 NPR/NQR HL,5,365,Huang Lin,8-97367-918-0,Хабаровск
2026-01-06 14:13:02,Прокладка передней крышки двс 8-98061-423-0/1-11322-044-1 C-series 6WG1 HL,1,424,Huang Lin,8-98061-423-0,Хабаровск
2026-01-06 14:13:02,Прокладка пластинчатого клапана EGR 8-97647-880-0 6WG1 ORIG,2,926,Isuzu,8-97647-880-0,Хабаровск
2026-01-06 14:13:02,Прокладка под впускной/выпускной коллектор ISUZU 4HF1/4HG1/HG1T 8-97146-499-0/ 83002-S Matto,62,639,Matto,8-97146-499-0,Хабаровск
2026-01-06 14:13:02,Прокладка под выпускной коллектор HINO EP100 03006-S-1/HIN-EP100-EX Matto,4,199,Matto,HIN-EP100-EX,Хабаровск
2026-01-06 14:13:02,Прокладка под выпускной коллектор HINO F20C 17173-1620/ 03004-S Matto,1,170,Matto,17173-1620,Хабаровск
2026-01-06 14:13:02,Прокладка под выпускной коллектор HINO H07C/CT/H07D 17104-1303 DF,4,125,DRAGONFLYS,17104-1303,Хабаровск
2026-01-06 14:13:02,Прокладка под выпускной коллектор HINO H07C/CT/H07D 17104-1303 HL,90,211,Huang Lin,17104-1303,Хабаровск
2026-01-06 14:13:02,Прокладка под выпускной коллектор HINO H07C/CT/H07D 17104-1303/ 03001-S Matto,21,228,Matto,17104-1303,Хабаровск
2026-01-06 14:13:02,Прокладка под выпускной коллектор HINO J05C/J08C/E/S05C/D 17104-1610/ 03005-S Matto,1,238,Matto,17104-1610,Хабаровск
2026-01-06 14:13:02,Прокладка под выпускной коллектор HINO K13C/EK100 17173-1031/ 03010-S Matto,10,232,Matto,17173-1031,Хабаровск
2026-01-06 14:13:02,Прокладка под выпускной коллектор HINO K13D/C 24109-1410 W/MT HL,2,212,Huang Lin,24109-1410,Хабаровск
2026-01-06 14:13:02,Прокладка под выпускной коллектор HINO K13D/C 24109-1410/ 03002-S Matto,4,203,Matto,24109-1410,Хабаровск
2026-01-06 14:13:02,Прокладка под выпускной коллектор HINO P11C 17104-1860/03006-1-S Matto,4,186,Matto,17104-1860,Хабаровск
2026-01-06 14:13:02,Прокладка под выпускной коллектор HINO P11C 24109-1150/ 03006-2-S Matto,12,183,Matto,24109-1150,Хабаровск
2026-01-06 14:13:02,Прокладка под выпускной коллектор HINO W06D 17104-1220/ 03009-S Matto,2,197,Matto,17104-1220,Хабаровск
2026-01-06 14:13:02,Прокладка под выпускной коллектор ISUZU 10PE1/10PC1/10PD1/12PD1 1-14145-185-0 / 83021-S Matto !,174,93,Matto,1-14145-185-0,Хабаровск
2026-01-06 14:13:02,Прокладка под выпускной коллектор ISUZU 4BE1 1-14145-138-0 HL,3,244,Huang Lin,1-14145-138-0,Хабаровск
2026-01-06 14:13:02,Прокладка под выпускной коллектор ISUZU 4BE1 1-14145-138-0/ 83008-S Matto,1,296,Matto,1-14145-138-0,Хабаровск
2026-01-06 14:13:02,Прокладка под выпускной коллектор ISUZU 6BG1 1-14145-114-0/ 83004-S Matto,3,172,Matto,1-14145-114-0,Хабаровск
2026-01-06 14:13:02,Прокладка под выпускной коллектор ISUZU 6HE1/6HH1 8-94393-672-1 W/MT HL,1,323,Huang Lin,8-94393-672-1,Хабаровск
2026-01-06 14:13:02,Прокладка под выпускной коллектор ISUZU 6HE1/6HH1 8-94393-672-1/83023-S-PB Matto,88,238,Matto,8-94393-672-1,Хабаровск
2026-01-06 14:13:02,Прокладка под выпускной коллектор ISUZU 6SD1 1-14145-144-0/ 83012-S Matto,2,234,Matto,1-14145-144-0,Хабаровск
2026-01-06 14:13:02,Прокладка под выпускной коллектор ISUZU 6WG1 1-14145-182-1 HL,18,361,Huang Lin,1-14145-182-1,Хабаровск
2026-01-06 14:13:02,Прокладка под выпускной коллектор ISUZU 6WG1 1-14145-182-1/ 83005-S Matto,1,363,Matto,1-14145-182-1,Хабаровск
2026-01-06 14:13:02,Прокладка под выпускной коллектор ISUZU 8PD1 1-11145-084-0 83021-S Matto,11,197,Matto,1-14145-084-0,Хабаровск
2026-01-06 14:13:02,Прокладка под выпускной коллектор MMC 10DC11 31132-00903 / 63011-S Matto !,35,86,Matto,63011-S,Хабаровск
2026-01-06 14:13:02,Прокладка под выпускной коллектор MMC 4D30/31/35 ME013811 W/MT HL,1,503,Huang Lin,ME013811,Хабаровск
2026-01-06 14:13:02,Прокладка под выпускной коллектор MMC 4D31/35 4D31/35 6D/31 63006-S ME013811 Matto,79,138,Matto,ME013811,Хабаровск
2026-01-06 14:13:02,Прокладка под выпускной коллектор MMC 4M40 ME201356 HL,3,215,Huang Lin,ME201356,Хабаровск
2026-01-06 14:13:02,Прокладка под выпускной коллектор MMC 4M40 ME201356/ 63028-S Matto,4,260,Matto,ME201356,Хабаровск
2026-01-06 14:13:02,Прокладка под выпускной коллектор MMC 6D14 ME033401/ 63016-S Matto,12,249,Matto,ME033401,Хабаровск
2026-01-06 14:13:02,Прокладка под выпускной коллектор MMC 6D15/16/17 ME033496/ 63015-S-PB Matto,3,213,Matto,ME033496,Хабаровск
2026-01-06 14:13:02,Прокладка под выпускной коллектор MMC 6D22/22T/6D24 ME053112/ 63023-S Matto !,25,141,Matto,ME053112,Хабаровск
2026-01-06 14:13:02,Прокладка под выпускной коллектор MMC 6D40 ME120352 / 63043-S Matto !,67,135,Matto,ME120352,Хабаровск
2026-01-06 14:13:02,Прокладка под выпускной коллектор MMC 8DC11 63011-S 31132-00903 Matto,7,180,Matto,31132-00903,Хабаровск
2026-01-06 14:13:02,Прокладка под выпускной коллектор MMC 8DC9 ME065696 / 63011-S/31132-00903 Matto !,4,136,Matto,ME065696,Хабаровск
2026-01-06 14:13:02,Прокладка под выпускной коллектор NISSAN BD30 14036-43G00 DF,22,96,DRAGONFLYS,14036-43G00,Хабаровск
2026-01-06 14:13:02,Прокладка под выпускной коллектор NISSAN ED33/FD35/FD42/FD46 14036-T9300/ 73003-S Matto,44,191,Matto,14036-T9300,Хабаровск
2026-01-06 14:13:02,Прокладка под выпускной коллектор NISSAN PE6T 14005-96003/ 73021-S Matto,4,166,Matto,14005-96003,Хабаровск
2026-01-06 14:13:02,Прокладка под выпускной коллектор NISSAN RE10 73007-S/14008-97000 Matto !,110,26,Matto,14008-97000,Хабаровск
2026-01-06 14:13:02,Прокладка под выпускной коллектор NISSAN RE8 14008-97001 / 73019-S Matto !,138,82,Matto,14008-97001,Хабаровск
2026-01-06 14:13:02,Прокладка под выпускной коллектор NISSAN RF8/RF10 14008-97002 73020-S Matto !,103,86,Matto,14008-97002,Хабаровск
2026-01-06 14:13:02,Прокладка под выпускной коллектор TOYOTA B/3B/11B/14B 17173-56040/ 93002-S Matto,12,533,Matto,17173-56040,Хабаровск
2026-01-06 14:13:02,Прокладка под гильзу S1147-11510 F17C OEM,1,1170,JMC,S1147-11510,Хабаровск
2026-01-06 14:13:02,Прокладка под свечные отверстия jh-18105-1/S62339 90480-30025 Toyota,2,150,JMC,90480-30025,Хабаровск
2026-01-06 14:13:02,Прокладка поддона (3) MAZDA SL 57017-NA / MAZ-SL-OP Matto,7,88,Matto,MAZ-SL-OP-3,Хабаровск
2026-01-06 14:13:02,Прокладка поддона (4) MAZDA SL 570370-NA / MAZ-SL-OP (коплект 2шт) Matto,1,327,Matto,MAZ-SL-OP,Хабаровск
2026-01-06 14:13:02,Прокладка поддона 98414688 Iveco Orig !,2,1930,Iveco,98414688,Хабаровск
2026-01-06 14:13:02,"Прокладка поддона D-126422 / 8-97846-336-0 / 8-97364-386-0 / 8-97190-191-1 F,N-series Дизель",1,494,Дизель,D-126422,Хабаровск
2026-01-06 14:13:02,Прокладка поддона D-126910 / 1009031-29D FAW CA6DL1/2 Дизель,12,254,Дизель,D-126910,Хабаровск
2026-01-06 14:13:02,Прокладка поддона HINO EK100 12151-1013/ 12151-2671 / 070150-NA Matto,5,405,Matto,12151-1013,Хабаровск
2026-01-06 14:13:02,Прокладка поддона HINO EP100 12151-2161/070180-NA Matto,1,243,Matto,12151-2161,Хабаровск
2026-01-06 14:13:02,Прокладка поддона HINO F20C 12151-2140A HL,1,700,Huang Lin,12151-2140A,Хабаровск
2026-01-06 14:13:02,Прокладка поддона HINO F20C 12151-2140A/ 070200-NA Matto,2,788,Matto,12151-2140A,Хабаровск
2026-01-06 14:13:02,Прокладка поддона HINO J05C 070230-NA 12151-2622 Matto,3,777,Matto,070230-NA,Хабаровск
2026-01-06 14:13:02,Прокладка поддона HINO J08C 12151-2611/ 070250-NA Matto,31,1207,Matto,12151-2611,Хабаровск
2026-01-06 14:13:02,Прокладка поддона HINO K13C 12151-2280 HL,2,839,Huang Lin,12151-2280,Хабаровск
2026-01-06 14:13:02,Прокладка поддона HINO K13D/EK100 12151-2671 / 070280-LNA Matto,1,777,Matto,12151-2671,Хабаровск
2026-01-06 14:13:02,Прокладка поддона HINO P11C 12151-2660 070380-G Matto,6,775,Matto,12151-2660,Хабаровск
2026-01-06 14:13:02,Прокладка поддона ISUZU 10PC1 1-11367-020-0 870500-NA Matto,6,1025,Matto,1-11367-020-0,Хабаровск
2026-01-06 14:13:02,Прокладка поддона ISUZU 10PC1 1-11367-020-0 HL,4,778,Huang Lin,1-11367-020-0,Хабаровск
2026-01-06 14:13:02,Прокладка поддона ISUZU 4BE1 8-94170-387-0 87007-NBR Matto,45,312,Matto,8-94170-387-0,Хабаровск
2026-01-06 14:13:02,Прокладка поддона ISUZU 4BE1 8-94170-387-0 DF,19,215,DRAGONFLYS,8-94170-387-0,Хабаровск
2026-01-06 14:13:02,Прокладка поддона ISUZU 4BE1 8-94170-387-0 HL,25,312,Huang Lin,8-94170-387-0,Хабаровск
2026-01-06 14:13:02,Прокладка поддона ISUZU 4HF1/4HG1 8-97146-148-0/ 87016-NBR Matto,225,458,Matto,8-97146-148-0,Хабаровск
2026-01-06 14:13:02,Прокладка поддона ISUZU 4HK1 870820-LNA-PB / ISU-4HK1-OP Matto,4,862,Matto,ISU-4HK1-OP,Хабаровск
2026-01-06 14:13:02,Прокладка поддона ISUZU 4JG1/4JG2 8-97045-324-0 87003-NBR Matto,23,350,Matto,8-97045-324-0,Хабаровск
2026-01-06 14:13:02,Прокладка поддона ISUZU 6BG1 870380-NA / ISU-6BG1-OP Matto,8,709,Matto,ISU-6BG1-OP,Хабаровск
2026-01-06 14:13:02,Прокладка поддона ISUZU 6WG1 870750-NA Matto (дефект),1,59,Matto,870750-NA,Хабаровск
2026-01-06 14:13:02,Прокладка поддона MAZDA HA 570290-NA-PB / MAZ-HA-OP 2pcs/SET Matto,4,281,Matto,MAZ-HA-OP,Хабаровск
2026-01-06 14:13:02,Прокладка поддона MAZDA HA 57038-COR 1363-89-104 (коплект 4 шт) Matto,7,265,Matto,1363-89-104,Хабаровск
2026-01-06 14:13:02,Прокладка поддона MAZDA SL (1) SL01-10-442 57007-NA Matto,32,234,Matto,SL01-10-442,Хабаровск
2026-01-06 14:13:02,Прокладка поддона MAZDA SL SL01-10-442 DF,8,165,DRAGONFLYS,SL0110442,Хабаровск
2026-01-06 14:13:02,Прокладка поддона MAZDA TM TF01-10-427 57014-NBR Matto,1,526,Matto,TF01-10-427,Хабаровск
2026-01-06 14:13:02,Прокладка поддона MAZDA TM TF01-10-427 DF,6,383,DRAGONFLYS,TF01-10-427,Хабаровск
2026-01-06 14:13:02,Прокладка поддона MAZDA TM TF01-10-427 HL,15,502,Huang Lin,TF01-10-427,Хабаровск
2026-01-06 14:13:02,Прокладка поддона MMC 10DC11 670871-NA Matto,4,483,Matto,ISU-10DC11-OP,Хабаровск
2026-01-06 14:13:02,Прокладка поддона MMC 4D34 ME013254 670461-NA Matto,5,296,Matto,ME013254,Хабаровск
2026-01-06 14:13:02,Прокладка поддона MMC 6D14 ME034003 / 670620-NA / MIT-6D14-OP Matto,8,1005,Matto,ME034003,Хабаровск
2026-01-06 14:13:02,Прокладка поддона MMC 6D15 670640-NA / MIT-6D15-OP Matto,2,1005,Matto,MIT-6D15-OP,Хабаровск
2026-01-06 14:13:02,Прокладка поддона MMC 6D22T/6D24 ME152344 670740-NA Matto,6,450,Matto,ME152344,Хабаровск
2026-01-06 14:13:02,Прокладка поддона MMC 6D40-OP 670770-NA Matto,4,405,Matto,MIT-6D40-OP,Хабаровск
2026-01-06 14:13:02,Прокладка поддона MMC 8DC9/11 ME061741 670850-NA Matto,1,873,Matto,ME061741,Хабаровск
2026-01-06 14:13:02,Прокладка поддона MMC 8DC9/11 ME061741 HL,3,634,Huang Lin,ME061741,Хабаровск
2026-01-06 14:13:02,Прокладка поддона NISSAN FD46 770561-NA/NIS-FD46-OP Matto,4,700,Matto,NIS-FD46-OP,Хабаровск
2026-01-06 14:13:02,Прокладка поддона NISSAN FE6 770581-NA/11121-Z5000 Matto,17,906,Matto,11121-Z5000,Хабаровск
2026-01-06 14:13:02,Прокладка поддона NISSAN PE6T 770680-NA Matto,5,636,Matto,NIS-PE6T-OP,Хабаровск
2026-01-06 14:13:02,Прокладка поддона NISSAN QD32 11121-63G02 / 77011-COR-PB Matto,2,260,Matto,11121-63G02,Хабаровск
2026-01-06 14:13:02,Прокладка поддона NISSAN RE8 770860-NA Matto,3,499,Matto,NIS-RE8-OP,Хабаровск
2026-01-06 14:13:02,Прокладка поддона NISSAN RF8 11121-97505 770880-NA Matto,7,788,Matto,11121-97505,Хабаровск
2026-01-06 14:13:02,Прокладка поддона NISSAN RH10 770930-NA Matto,2,485,Matto,NIS-RH10-OP,Хабаровск
2026-01-06 14:13:02,Прокладка поддона NISSAN TD23/27/27T/BD30 11121-43G00/ 77011-COR Matto,29,272,Matto,11121-43G00,Хабаровск
2026-01-06 14:13:02,Прокладка поддона TOYOTA 11B/14B 12151-58030 DF,2,235,DRAGONFLYS,1215158030,Хабаровск
2026-01-06 14:13:02,Прокладка поддона TOYOTA 11B/14B 12151-58030 W/CORK HL,1,161,Huang Lin,12151-58030,Хабаровск
2026-01-06 14:13:02,Прокладка поддона TOYOTA 11B/14B 12151-58030/ 97014-COR Matto,14,253,Matto,12151-58030,Хабаровск
2026-01-06 14:13:02,"Прокладка пробки КПП 8-97115-712-0/9-09720-560-0/9-09920-943-0 ID=17 F,N-series ORIG",3,118,Isuzu,8-97115-712-0,Хабаровск
2026-01-06 14:13:02,Прокладка пробки поддона 1009017FD020 JAC N35 ORIG,4,49,JAC,1009017FD020,Хабаровск
2026-01-06 14:13:02,Прокладка системы EGR Fuso Canter TF MK667154 / QC000584 DF,17,110,DRAGONFLYS,MK667154,Хабаровск
2026-01-06 14:13:02,Прокладка теплобменника 4HF1/4HG1/4HK1 резиновое кольцо 8-98045-447-0 DF,5,100,DRAGONFLYS,8980454470,Хабаровск
2026-01-06 14:13:02,Прокладка термостата 6140-11-6331 KOMATSU HL,8,55,Huang Lin,6140-11-6331,Хабаровск
2026-01-06 14:13:02,Прокладка термостата 6162-13-6440 KOMATSU HL,19,745,Huang Lin,6162-13-6440,Хабаровск
2026-01-06 14:13:02,Прокладка термостата 8-98114-587-0 N-series 4JJ1-TC HL,2,88,Huang Lin,8-98114-587-0,Хабаровск
2026-01-06 14:13:02,Прокладка термостата P101/16325-76010 56мм Toyota Dyna/ToyoAce HL,13,54,Huang Lin,16325-76010,Хабаровск
2026-01-06 14:13:02,Прокладка термостата P105/16341-35010 52мм Toyota Dyna/ToyoAce HL,6,41,Huang Lin,16341-35010,Хабаровск
2026-01-06 14:13:02,Прокладка термостата P108/16346-17010/16325-1390 64мм Toyota/Hino HL,4,75,Huang Lin,16346-17010,Хабаровск
2026-01-06 14:13:02,Прокладка термостата P115/16346-67010 60мм Toyota Dyna/Toyoace HL,2,61,Huang Lin,16346-67010,Хабаровск
2026-01-06 14:13:02,Прокладка термостата P203/11062-D5700 54мм NISSAN SR16/SR20/QR25DE HL,3,21,Huang Lin,11062-D5700,Хабаровск
2026-01-06 14:13:02,Прокладка термостата P212/11062-41B01 54мм NISSAN UD HL,4,57,Huang Lin,11062-41B01,Хабаровск
2026-01-06 14:13:02,Прокладка термостата P252/11064-97008 54мм NISSAN UD HL,6,106,Huang Lin,11064-97008,Хабаровск
2026-01-06 14:13:02,Прокладка термостата P802/8-94365-674-2 54мм Isuzu N-series HL,11,24,Huang Lin,8-94365-674-2,Хабаровск
2026-01-06 14:13:02,Прокладка термостата P804/1-13743-016-0/8-13743-013-0 82мм Isuzu F-series HL,41,96,Huang Lin,1-13743-016-0,Хабаровск
2026-01-06 14:13:02,Прокладка трубки глушителя Fuso Canter TF MK667171 DF,37,566,DRAGONFLYS,MK667171,Хабаровск
2026-01-06 14:13:02,Прокладка трубки подачи масла 202V08901-0183 HOWO T5G MC11,13,202,Дизель,202V08901-0183,Хабаровск
2026-01-06 14:13:02,Прокладка трубки системы охлаждения 8-98009-322-0 N-series HL,3,145,Huang Lin,8-98009-322-0,Хабаровск
2026-01-06 14:13:02,Прокладка трубы глушителя 28764-28020 /Porter 2 ORIG,6,187,Hyundai-Kia,28764-28020,Хабаровск
2026-01-06 14:13:02,Прокладка турбины ISUZU 4HE1/4HK1 8-97063-602-0 DF,1,202,DRAGONFLYS,8970636020,Хабаровск
2026-01-06 14:13:02,Прокладка турбины квадрат 61560110210 HOWO / JAC N350,2,98,Дизель,61560110210,Хабаровск
2026-01-06 14:13:02,Прокладка турбины круг D-129463 / WG9112540015 HOWO Дизель,3,93,Дизель,D-129463,Хабаровск
2026-01-06 14:13:02,Прокладка турбокомпрессора 24109-1860/S2410-91860/05024-S-PB J05C/N04C HINO300 E-3/4 Matto,7,414,Matto,24109-1860,Хабаровск
2026-01-06 14:13:02,Прокладка турбокомпрессора D-126772 / 61560110210 JAC N350 WP10 E-5 Дизель,1,154,Дизель,D-126772,Хабаровск
2026-01-06 14:13:02,Прокладка турбокомпрессора Fuso Canter TF MK667936 DF,31,127,DRAGONFLYS,MK667936,Хабаровск
2026-01-06 14:13:02,Прокладка форсунки D-128799 / 8-97604-916-0 нижнее кольцо ID=26.4 4HK1/6HK1/6WG1 Дизель,149,34,Дизель,D-128799,Хабаровск
2026-01-06 14:13:02,Прокладка форсунки MMC Fuso Canter QC000156 DF,23,158,DRAGONFLYS,QC000156,Хабаровск
2026-01-06 14:13:02,Прокладка форсунки топливной 8-97171-333-0 DF,1,41,DRAGONFLYS,8971713330,Хабаровск
2026-01-06 14:13:02,Прокладка шкворня D-125958 / HFF3001042-62CK5G JAC N350 Дизель,5,228,Дизель,D-125958,Хабаровск
2026-01-06 14:13:02,Прокладка 1-09623-409-0 Isuzu/Комплект колец 08-283100-00,7,2605,Isuzu,1-09623-409-0,Хабаровск
2026-01-06 14:13:02,Прокладки ГБЦ 22311-4X700 BONGO III 2.9 !,2,1761,Rhee Jin,22311-4X700,Хабаровск
2026-01-06 14:13:02,Протектор подножки левый 8-98157-943-0 CYZ52 до 2014г ORIG,1,1436,Isuzu,8-98157-943-0,Хабаровск
2026-01-06 14:13:02,Пружина B-026-1/FTS-026-1/ 44420-46700 PM,1,334,Paul Master,FTS-026-1,Хабаровск
2026-01-06 14:13:02,Пружина C4N-05001RH,2,3194,JMC,C4N-05001RH,Хабаровск
2026-01-06 14:13:02,Пружина C4N-06002H,2,5860,JMC,C4N-06002H,Хабаровск
2026-01-06 14:13:02,"Пружина FE-012-2 / FBS-012RK комплект, задняя PM",5,898,Paul Master,FBS-012RK,Хабаровск
2026-01-06 14:13:02,Пружина HI-008 / HBS-011 / 47660-1650 PM,3,1398,Paul Master,HBS-011,Хабаровск
2026-01-06 14:13:02,Пружина HI-009 / HBS-009 47660-1640 PM,1,1036,Paul Master,HBS-009,Хабаровск
2026-01-06 14:13:02,Пружина U-005 /FUS-005/ME065750 PM,1,160,Paul Master,FUS-005,Хабаровск
2026-01-06 14:13:02,Пружина U-006 / FUS-006 PM,5,160,Paul Master,FUS-006,Хабаровск
2026-01-06 14:13:02,Пружина U-011 / HUS-011 9873-01163 SH1/3/4F# SH3V# 98~ PM,1,160,Paul Master,HUS-011,Хабаровск
2026-01-06 14:13:02,Пружина Y-001 / MYS-001 / W023-43-081A PM,6,467,Paul Master,MYS-001,Хабаровск
2026-01-06 14:13:02,Пружина Y-004 / TYS-004 PM,4,465,Paul Master,TYS-004,Хабаровск
2026-01-06 14:13:02,Пружина Y-005 / MYS-005 PM,5,274,Paul Master,MYS-005,Хабаровск
2026-01-06 14:13:02,Пружина Y-007 /UYS-007/ 46537-Z5003 CPA410 CPA390 CLA410 CMA410 88~ PM,1,506,Paul Master,Y-007,Хабаровск
2026-01-06 14:13:02,Пружина Z-003 / FZS-003 ME670265 FP/FU/FS/FV5# PM,4,238,Paul Master,FZS-003,Хабаровск
2026-01-06 14:13:02,Пружина Z-012 / FZS-012/ ME658484 PM,6,264,Paul Master,FZS-012,Хабаровск
2026-01-06 14:13:02,Пружина возвратная сцепления D-125155 / 1-09583-305-0 FVR34/FSR90/CYZ52/CYZ51 Дизель,177,474,Дизель,D-125155,Хабаровск
2026-01-06 14:13:02,Пружина возвратная сцепления D-129464 / 1-09583-305-0 FVR34/FSR90/CYZ52/CYZ51 Дизель,26,385,Дизель,D-129464,Хабаровск
2026-01-06 14:13:02,Пружина кабины 1-09580-515-0 C-series ORIG,22,3141,Isuzu,1-09580-515-0,Хабаровск
2026-01-06 14:13:02,Пружина кабины D-125349 / 1-09580-515-0 C-series Дизель,10,1166,Дизель,D-125349,Хабаровск
2026-01-06 14:13:02,Пружина колодки тормозной передней D-128433 / 3501436-4E 195мм J5/J6 FAW Дизель,23,119,Дизель,D-128433,Хабаровск
2026-01-06 14:13:02,Пружина тормозная короткая AZ199112340049 L=170 Howo,14,67,Дизель,AZ199112340049,Хабаровск
2026-01-06 14:13:02,Пружина тормозной колодки B-010 /HBS-010/ 47660-1290 ALL PM,4,939,Paul Master,HBS-010,Хабаровск
2026-01-06 14:13:02,Пружина тормозной колодки B-037 / HBS-037 47660-1300 ALL PM,20,859,Paul Master,HBS-037,Хабаровск
2026-01-06 14:13:02,Пружина тормозной колодки B-038 / HBS-038 47450-1140 FW27/28/60# FF17/19#2H#3H# PM,12,799,Paul Master,HBS-038,Хабаровск
2026-01-06 14:13:02,Пружина тормозной колодки B-042 / HBS-042 47450-1170 PM,5,699,Paul Master,HBS-042,Хабаровск
2026-01-06 14:13:02,Пружина тормозной колодки IS-059 /IBS-059/ 5-09583-136-0 PM,6,339,Paul Master,IBS-059,Хабаровск
2026-01-06 14:13:02,Пружина тормозной колодки MA/MBS-005 3*18*147mm PM,22,500,Paul Master,MBS-005,Хабаровск
2026-01-06 14:13:02,Пружина тормозной колодки UD-034-2/UBS-034R2 44069-90017 PM,1,1234,Paul Master,UBS-034R-2,Хабаровск
2026-01-06 14:13:02,Пружина тормозных колодок конус L=240 AZ9100340012 / WG9100440061 HOWO,4,94,Дизель,AZ9100340012,Хабаровск
2026-01-06 14:13:02,Пружина торсиона кабины D-126773 / 5001074BA03/A FAW J6 Дизель,1,921,Дизель,D-126773,Хабаровск
2026-01-06 14:13:02,Пыльник ''555'' 76-13511-360 29 MADE IN JAPAN,1,44,JMC,76-13511-360,Хабаровск
2026-01-06 14:13:02,Пыльник ''555'' 76-22932-360 12 MADE IN JAPAN,3,119,JMC,76-22932-360,Хабаровск
2026-01-06 14:13:02,Пыльник ''555'' 76-51711-360 40 арм.,3,43,JMC,76-51711-360,Хабаровск
2026-01-06 14:13:02,Пыльник ''555'' 76-66132-360 06,1,44,Дизель,76-66132-60,Хабаровск
2026-01-06 14:13:02,Пыльник 0K63B-2253XA BONGO III 5MT4WD !,13,1724,Дизель,0K63B-2253XA,Хабаровск
2026-01-06 14:13:02,Пыльник DR322817 (для наконечника 8-97107-348-2/349-2) !,1673,40,Chase,DR322817,Хабаровск
2026-01-06 14:13:02,Пыльник DR362224UP (маятника рулевого 8-97189-457-0/455-0) !,167,143,Дизель,DR362224UP,Хабаровск
2026-01-06 14:13:02,Пыльник DR403017LW (для наконечника 48570-0T025/48520-0T025) !,521,102,Дизель,DR403017LW,Хабаровск
2026-01-06 14:13:02,Пыльник DR403516LW (наконечника тяги 8-97107-318-1/321-0) !,1578,89,Chase,DR403516LW,Хабаровск
2026-01-06 14:13:02,Пыльник DR413326LW+UP (шаровой опоры 8-97142-452-1) !,200,183,Дизель,DR413326LW+UP,Хабаровск
2026-01-06 14:13:02,Пыльник DR422721LW+UP (наконечника тяги 8-97222-505-0/506-0) !,2988,163,Chase,DR422721LW+UP,Хабаровск
2026-01-06 14:13:02,Пыльник DR503818LW (шаровой опоры MK469290/наконечника 48570-Z5005/5008 !,1170,121,Chase,DR503818LW,Хабаровск
2026-01-06 14:13:02,Пыльник DR513725LW+UP (шаровой опоры 8-97031-370-0/8-98025-499-0/наконечника MC812879/80) !,1833,152,Chase,DR513725UP+LW,Хабаровск
2026-01-06 14:13:02,Пыльник RP0000 S47P-32-125 03-094/R-837 SK22MN/SK82MN (MARUICHI),1,469,JMC,S47P-32-125,Хабаровск
2026-01-06 14:13:02,Пыльник амортизатора BIRTH 52991 Ford Transit,2,739,JMC,52991,Хабаровск
2026-01-06 14:13:02,Пыльник амортизатора NSHB-002 Nissan,1,264,Дизель,NSHB-002,Хабаровск
2026-01-06 14:13:02,Пыльник буксы балансира D-129466 / BM1040/49354-1040 HINO 500/700 Дизель,41,251,Дизель,D-129466,Хабаровск
2026-01-06 14:13:02,Пыльник кулисы КПП верх D-126774 / 1703041-61B/D FAW J6 Дизель,7,717,Дизель,D-126774,Хабаровск
2026-01-06 14:13:02,Пыльник нижней шаровой опоры 1-05-011,2,188,JMC,105-011,Хабаровск
2026-01-06 14:13:02,Пыльник привода 5`825 FB-2518,1,766,JMC,FB-2518,Хабаровск
2026-01-06 14:13:02,Пыльник привода BD0507,1,360,JMC,BD0507,Хабаровск
2026-01-06 14:13:02,Пыльник привода внутренний 6613305201 Istana !,7,1072,JMC,6613305201,Хабаровск
2026-01-06 14:13:02,Пыльник привода наруж. 02-145/04438-60020/21,1,421,JMC,04438-60020,Хабаровск
2026-01-06 14:13:02,Пыльник привода наружный D-130100 / 6613306401 / 6613305201 Istana Дизель,3,875,Дизель,D-130100,Хабаровск
2026-01-06 14:13:02,Пыльник рычага КПП D-127181 / SIZ-05G297 / 1-79996-299-0 / 1-79996-365-0 C-series Дизель,24,797,Дизель,D-127181,Хабаровск
2026-01-06 14:13:02,Пыльник рычага перекл.передач SMS-05G298 MC024414-S FUSO Sсhmaco !,5,1329,Schmaco,SMS-05G298,Хабаровск
2026-01-06 14:13:02,Пыльник рычага перекл.передач SMS-05G300 MC012456-S Sсhmaco,3,846,Schmaco,SMS-05G300,Хабаровск
2026-01-06 14:13:02,Пыльник рычага перекл.передач SMS-05G301 MC012455-S Sсhmaco !,3,852,Schmaco,SMS-05G301,Хабаровск
2026-01-06 14:13:02,Пыльник суппорта MB295604,1,240,JMC,MB295604,Хабаровск
2026-01-06 14:13:02,Пыльник Т.Ц. SC50094 WC-2608 FB-2030 44124-M4910/17C10 ***,15,23,Seiken,SC50094,Хабаровск
2026-01-06 14:13:02,Пыльник Т.Ц. SC50354 WB-01156 FB-... 44124-T6001,4,18,Seiken,SC50354,Хабаровск
2026-01-06 14:13:02,Пыльник Т.Ц. SC80684 WB-01191 47536-1360,34,197,JMC,SC80684,Хабаровск
2026-01-06 14:13:02,Пыльник тормозного механизма 93161625 Iveco Orig !,6,2350,Iveco,93161625,Хабаровск
2026-01-06 14:13:02,"Пыльник ШРУС комплект (23*91,5*99) 12 ASBT2114",1,289,JMC,ASBT2114,Хабаровск
2026-01-06 14:13:02,Пыльники тяги 6614613096,6,480,Дизель,6614613096,Хабаровск
2026-01-06 14:13:02,Р/к ГБ компрессора 550 малый 707516/1685884С91/107516 Freightliner,1,726,JMC,1685884С91,Хабаровск
2026-01-06 14:13:02,Р/к тормозных колодок задних ROCK MK39/KIT8000/100.4515.21 Freightliner,1,388,Дизель,100.4515.21,Хабаровск
2026-01-06 14:13:02,Р/к тормозных колодок передних EATON 1308/1443 NL1683/MK-77/BSK-9/100.1308.30 Freightliner,2,414,JMC,NL1683,Хабаровск
2026-01-06 14:13:02,Р/к тормозных колодок 4726/4709 ESII 08-114900/BSK/100.4709.11 Freightliner,2,518,JMC,4726/4709,Хабаровск
2026-01-06 14:13:02,Р/к торм механиз без регул и сальн EM963534 Techno Brake !,9,3069,Technobrake,ЕМ963534,Хабаровск
2026-01-06 14:13:02,"Р/к торм. вала на сторону 0980102130SKV / 09.801.02.13.0 BPW H/K/N Series (SN30/36/42.) 42x46x72,5",816,612,SKV,0980102130,Хабаровск
2026-01-06 14:13:02,Р/к торм. вала осей ROR AXL122 SKV / 030204200240 / ASK1122 / 52261 LM/TA/TAC/TE/TM SKV,398,815,SKV,AXL122,Хабаровск
2026-01-06 14:13:02,Р/к тормозного крана HDE-042 / 1-87830-373-0 ISUZU CXM/CXZ/CVR 90` HD дефект,1,181,,HDE-042,Хабаровск
2026-01-06 14:13:02,Р/к тормозных колодок (4515 с ухом) NL1610/BSK2HD/100.4515.10 Freightliner,1,518,Дизель,100.4515.10,Хабаровск
2026-01-06 14:13:02,"Рабочий тормозной цилиндр 1-1/2 "" 47540-1091/S475-401091 HINO500 F. LH FW1K#, GD8J# 01~ Y",1,7524,Yamasida,47540-1091,Хабаровск
2026-01-06 14:13:02,"Рабочий тормозной цилиндр 1-1/2 "" 47560-1910 R.RH HINO FC1/3/5J/FD/GD7J/8J #500 01~ S Y",1,11042,Yamasida,47560-1910,Хабаровск
2026-01-06 14:13:02,"Рабочий тормозной цилиндр 1-1/2 "" 47580-1780 R.LH HINO FC1/3/5J/FD/GD7J/8J #500 01~ S Y",1,12756,Yamasida,47580-1780,Хабаровск
2026-01-06 14:13:02,"Рабочий тормозной цилиндр 1-1/2"" 47560-1450B F.RH.A Y MFD10.4T,FC8.6T,8.7T 1992~ Y",6,6439,Yamasida,47560-1450B,Хабаровск
2026-01-06 14:13:02,"Рабочий тормозной цилиндр 1-1/2"" 47570-1350B F.LH.F HINO Y",5,6984,Yamasida,47570-1350B,Хабаровск
2026-01-06 14:13:02,Рабочий тормозной цилиндр 1-1/4'' MK356639 R.LH FE53/63/73C/E/D/FE82/83E/B FUSO CANTER NEW SKV,38,2044,SKV,MK356639,Хабаровск
2026-01-06 14:13:02,Рабочий тормозной цилиндр 1-1/4'' MK356639 R.LH FE53/63/73C/E/D/FE82/83E/B FUSO CANTER NEW Y,5,3415,Yamasida,MK356639,Хабаровск
2026-01-06 14:13:02,Рабочий тормозной цилиндр 1-1/4'' MK356641 R.LH.A FE53/63/73C/E/D/FE82/83E/B FUSO CANTER NEW SKV,40,1969,SKV,MK356641,Хабаровск
2026-01-06 14:13:02,Рабочий тормозной цилиндр 1-1/4'' MK356643 F.LH.F FUSO CANTER NEW S SKV,31,2024,SKV,MK356643,Хабаровск
2026-01-06 14:13:02,Рабочий тормозной цилиндр 1-1/4'' MK356643 F.LH.F FUSO CANTER NEW Y,32,2747,Yamasida,MK356643,Хабаровск
2026-01-06 14:13:02,Рабочий тормозной цилиндр 1-1/4'' MK356644 F.RH.F FUSO CANTER NEW SKV,88,1936,SKV,MK356644,Хабаровск
2026-01-06 14:13:02,Рабочий тормозной цилиндр 1-1/4'' MK356644 F.RH.F FUSO CANTER NEW Y,24,3052,Yamasida,MK356644,Хабаровск
2026-01-06 14:13:02,"Рабочий тормозной цилиндр 1-1/8"" 47580-36200 R.LH.A DYNAXZU300L,320L 2001~ Y",3,3155,Yamasida,47580-36200,Хабаровск
2026-01-06 14:13:02,"Рабочий тормозной цилиндр 1-1/8"" 8-97078-613-0 8-97170-950-0 F.LH.F ELF,NKR,NQR,NPR 1992~97 Y",6,1697,Yamasida,8-97078-613-0,Хабаровск
2026-01-06 14:13:02,"Рабочий тормозной цилиндр 1-1/8"" W211-33-610/W023-33-610... F.RH.F T2600,3000,3500,4000 1989~98 Y",3,1400,Yamasida,W211-33-610,Хабаровск
2026-01-06 14:13:02,"Рабочий тормозной цилиндр 1-3/16'' 47510-37110/11 F.RH UP LP-5650 HINO/DYNA BU3/4#,XZU3#4# 300# Y",98,3953,Yamasida,47510-37111,Хабаровск
2026-01-06 14:13:02,"Рабочий тормозной цилиндр 1-3/16'' 47520-37130/31 F.RH LOW LP-5651 HINO/DYNA BU3/4#,XZU3#4#300# Y",90,3953,Yamasida,47520-37131,Хабаровск
2026-01-06 14:13:02,"Рабочий тормозной цилиндр 1-3/16'' 47530-37110/11 F.LH UP LP-5652 HINO/DYNA BU3/4#,XZU3#4# 300# Y",98,3953,Yamasida,47530-37111,Хабаровск
2026-01-06 14:13:02,"Рабочий тормозной цилиндр 1-3/16'' 47540-37130/31 F.LH. LOW LP-5653 HINO/DYNA BU3/4#,XZU3#4# 300# Y",102,3954,Yamasida,47540-37131,Хабаровск
2026-01-06 14:13:02,"Рабочий тормозной цилиндр 1-3/16'' 47550-37130 R.RH F.LP-5654 HINO/DYNA BU3/4#,XZU3#4# 300# 99~ Y !",62,4951,Yamasida,47550-37130,Хабаровск
2026-01-06 14:13:02,"Рабочий тормозной цилиндр 1-3/16'' 47550-37150/51 R.RH F. LP-5658 HINO/DYNA BU3/4#,XZU3#4# 300# Y",82,4819,Yamasida,47550-37151,Хабаровск
2026-01-06 14:13:02,"Рабочий тормозной цилиндр 1-3/16'' 47560-37180/81 R.RH. R LP-5660 HINO/DYNA BU3/4#,XZU3#4# 300# Y",79,4819,Yamasida,47560-37181,Хабаровск
2026-01-06 14:13:02,"Рабочий тормозной цилиндр 1-3/16'' 47570-37090 R.LH. F LP-5655 HINO/DYNA BU3/4#,XZU3#4# 300# 99~ Y",61,4951,Yamasida,47570-37090,Хабаровск
2026-01-06 14:13:02,"Рабочий тормозной цилиндр 1-3/16'' 47570-37110/11 R.LH. F LP-5659 HINO/DYNA BU3/4#,XZU3#4# 300# Y",116,4819,Yamasida,47570-37111,Хабаровск
2026-01-06 14:13:02,"Рабочий тормозной цилиндр 1-3/16'' 47580-37170/71 R.LH. R LP-5656 HINO/DYNA BU3/4#,XZU3#4# 300# Y",98,4819,Yamasida,47580-37171,Хабаровск
2026-01-06 14:13:02,"Рабочий тормозной цилиндр 1-3/8"" 8-97160-398-0/8-97353-573-0 F.RH.F ELF,NQR,NPR 1996~ !",8,1478,Yamasida,8-97160-398-0,Хабаровск
2026-01-06 14:13:02,"Рабочий тормозной цилиндр 1-3/8"" 8-97353-575-0/8-97160-400-0 F.RH ISUZU 96~ Y",1,1589,Yamasida,8-97160-400-0,Хабаровск
2026-01-06 14:13:02,"Рабочий тормозной цилиндр 1-3/8"" MC832584 (без прокачки) F.LH.F FK417 1990~ SKV",178,1975,SKV,MC832584,Хабаровск
2026-01-06 14:13:02,"Рабочий тормозной цилиндр 1-3/8"" MC832586 F.RH.F FK417 1990~ без прокачки SKV",142,1887,SKV,MC832586,Хабаровск
2026-01-06 14:13:02,"Рабочий тормозной цилиндр 1-5/8 "" 47560-1860/S475-601860 HINO500 R. RH 01~ Y",2,12756,Yamasida,47560-1860,Хабаровск
2026-01-06 14:13:02,"Рабочий тормозной цилиндр 1-5/8 "" 47580-1730/S475-801730 HINO500 R. LH FW1K#, GD8J# 01~ Y !",4,3907,Yamasida,47580-1730,Хабаровск
2026-01-06 14:13:02,"Рабочий тормозной цилиндр 1-7/16 "" 1-47600-938-0/1-47600-829-0 F. RH ISUZU FSR, FRR 9.2T, 10.5T SKV",27,1378,SKV,1-47600-938-0,Хабаровск
2026-01-06 14:13:02,"Рабочий тормозной цилиндр 1-7/16 "" 1-47600-939-0/1-47600-830-0 F. LH ISUZU FSR, FRR 9.2T, 10.5T SKV",31,1378,SKV,1-47600-939-0,Хабаровск
2026-01-06 14:13:02,"Рабочий тормозной цилиндр 1-7/16"" 47520-1110 F.RH.A FD10.5T 2003~ Y",5,3917,Yamasida,47520-1110,Хабаровск
2026-01-06 14:13:02,"Рабочий тормозной цилиндр 1-7/16"" 47530-1420/47530-1520/47530-1620 F.LH MFD10.4T,FC8.6T,8.7T 1992~ Y",11,2585,Yamasida,47530-1420,Хабаровск
2026-01-06 14:13:02,"Рабочий тормозной цилиндр 1-7/16"" 47530-1620 F.LH.F FD10.5T 2003~ Y",2,4766,Yamasida,47530-1620,Хабаровск
2026-01-06 14:13:02,"Рабочий тормозной цилиндр 1-7/16"" MC832590SKV R.RH.F FK417 1990~ SKV",26,1939,SKV,MC832590,Хабаровск
2026-01-06 14:13:02,"Рабочий тормозной цилиндр 1"" 8-97078-619-0/8-97179-350-0 R.RH.A ELF,NKR,NQR,NPR 1992~97 SKV",48,875,SKV,8-97078-619-0,Хабаровск
2026-01-06 14:13:02,"Рабочий тормозной цилиндр 1"" 8-97349-689-0 R.LH Isuzu NLR85/NMR85 Y",32,2230,Yamasida,8-97349-689-0,Хабаровск
2026-01-06 14:13:02,"Рабочий тормозной цилиндр 1"" 8-97349-689-0 R.LH NLR85/NMR85 SKV",5,1720,SKV,8-97349-689-0,Хабаровск
2026-01-06 14:13:02,"Рабочий тормозной цилиндр 1"" 8-97349-691-0 R. LH Isuzu NKR71/81, NMR85 Y",22,2611,Yamasida,8-97349-691-0,Хабаровск
2026-01-06 14:13:02,"Рабочий тормозной цилиндр 1"" MB162134 R.LH.F CANTER Y",3,1738,Yamasida,MB162134,Хабаровск
2026-01-06 14:13:02,"Рабочий тормозной цилиндр 1"" MC895048 R.LH.F FA/FB500/501/510/51A/FB70A/FD50A/501 SKV",39,1478,SKV,MC895048,Хабаровск
2026-01-06 14:13:02,"Рабочий тормозной цилиндр 1"" MC895048 R.LH.F FA/FB500/501/510/51A/FB70A/FD50A/501 Y",12,2568,Yamasida,MC895048,Хабаровск
2026-01-06 14:13:02,"Рабочий тормозной цилиндр 1"" MC895049 R.RH.F FA/FB500/501/510/51A/FB70A/FD50A/501 SKV",37,1478,SKV,MC895049,Хабаровск
2026-01-06 14:13:02,"Рабочий тормозной цилиндр 1"" MC895050 R.LH.A FA/FB500/501/510/51A/FB70A/FD50A/501 SKV",38,1478,SKV,MC895050,Хабаровск
2026-01-06 14:13:02,"Рабочий тормозной цилиндр 1"" MC895051 R.RH.A FA/FB500/501/510/51A/FB70A/FD50A/501 SKV",46,1478,SKV,MC895051,Хабаровск
2026-01-06 14:13:02,"Рабочий тормозной цилиндр 1"" MC895051 R.RH.A FA/FB500/501/510/51A/FB70A/FD50A/501 Y",17,2568,Yamasida,MC895051,Хабаровск
2026-01-06 14:13:02,"Рабочий тормозной цилиндр 1"" W023-26-510/510A/C/D R.LH.A 1985~98 SKV",42,1323,SKV,W02326510,Хабаровск
2026-01-06 14:13:02,Рабочий тормозной цилиндр 58120-45201 HYUNDAI COUNTY/HD45/HD65/HD72/HD78 FRONT L SKV,120,1379,SKV,58120-45201,Хабаровск
2026-01-06 14:13:02,Рабочий тормозной цилиндр 58120-5K000 HYUNDAI COUNTY/HD45/HD65/HD72/HD78 FRONT SKV,13,2861,SKV,58120-5K000,Хабаровск
2026-01-06 14:13:02,Рабочий тормозной цилиндр 58130-5K000 HYUNDAI COUNTY/HD45/HD65/HD72/HD78 FRONT R SKV,16,2581,SKV,58130-5K000,Хабаровск
2026-01-06 14:13:02,Рабочий тормозной цилиндр 58150-62003 HYUNDAI HD120 FR LH SKV,72,2217,SKV,58150-62003,Хабаровск
2026-01-06 14:13:02,Рабочий тормозной цилиндр 58220-5K000 HYUNDAI COUNTY/HD45/HD65/HD72/HD78 FRONT SKV,52,2762,SKV,58220-5K000,Хабаровск
2026-01-06 14:13:02,Рабочий тормозной цилиндр 58230-5K000 HYUNDAI COUNTY/HD45/HD65/HD72/HD78 FRONT R SKV,81,2762,SKV,58230-5K000,Хабаровск
2026-01-06 14:13:02,Рабочий тормозной цилиндр 58230-62003/ 62004 HYUNDAI HD120 FR RH SKV,39,1923,SKV,58230-62004,Хабаровск
2026-01-06 14:13:02,Рабочий тормозной цилиндр 58250-62003 HYUNDAI HD120 FR RH SKV,48,2112,SKV,58250-62003,Хабаровск
2026-01-06 14:13:02,Рабочий тормозной цилиндр 58320-45201 HYUNDAI COUNTY/HD45/HD65/HD72/HD78 REAR L SKV,126,1317,SKV,58320-45201,Хабаровск
2026-01-06 14:13:02,Рабочий тормозной цилиндр 58320-4B820 LH HYUNDAI PORTER SKV,67,620,SKV,58320-4B820,Хабаровск
2026-01-06 14:13:02,Рабочий тормозной цилиндр 58330-62004 HYUNDAI HD120 RR LH SKV,34,2409,SKV,58330-62004,Хабаровск
2026-01-06 14:13:02,Рабочий тормозной цилиндр 58350-62004 HYUNDAI HD120 RR LH SKV,94,2121,SKV,58350-62004,Хабаровск
2026-01-06 14:13:02,Рабочий тормозной цилиндр 58420-45201 HYUNDAI COUNTY/HD45/HD65/HD72/HD78 REAR R SKV,26,1258,SKV,58420-45201,Хабаровск
2026-01-06 14:13:02,Рабочий тормозной цилиндр 58420-4B820 RH HYUNDAI PORTER SKV,47,679,SKV,58420-4B820,Хабаровск
2026-01-06 14:13:02,Рабочий тормозной цилиндр 58430-62004 HYUNDAI HD120 RR RH SKV,71,2517,SKV,58430-62004,Хабаровск
2026-01-06 14:13:02,Рабочий тормозной цилиндр 58450-62004/52450-62010 HYUNDAI HD120 RR RH SKV,123,2323,SKV,58450-62004,Хабаровск
2026-01-06 14:13:02,Рабочий тормозной цилиндр 8-97122-862-0 1-3/16'' ISUZU Y,2,1349,Yamasida,8-97122-862-0,Хабаровск
2026-01-06 14:13:02,Рабочий тормозной цилиндр 8-97358-874-0/276 / LP-5325-1 1-3/16 ISUZU LHD Front L без прокачки Y,2,2023,Yamasida,8-97358-874-0,Хабаровск
2026-01-06 14:13:02,"Рабочий тормозной цилиндр 8-97358-874-0/276 1-3/16"" ISUZU LHD Front L без прокачки SKV",70,1480,SKV,8-97358-874-0,Хабаровск
2026-01-06 14:13:02,"Рабочий тормозной цилиндр 8-97358-875-0 LP-5325-3 1-3/16"" ISUZU LHD Front R Y без прокачки Y",65,1922,Yamasida,8-97358-875-0,Хабаровск
2026-01-06 14:13:02,"Рабочий тормозной цилиндр 8-97358-876-0 LP-5325-2 1-3/16"" ISUZU LHD front L с прокачкой Y",52,1872,Yamasida,8-97358-876-0,Хабаровск
2026-01-06 14:13:02,"Рабочий тормозной цилиндр 8-97358-878-0/270 / LP-5325-5 1-5/16"" ISUZU LHD Rear L без прокачки Y",29,2174,Yamasida,8-97358-878-0,Хабаровск
2026-01-06 14:13:02,"Рабочий тормозной цилиндр 8-97358-878-0/270 1-5/16"" ISUZU LHD Rear L SKV",1,1456,SKV,8-97358-878-0,Хабаровск
2026-01-06 14:13:02,"Рабочий тормозной цилиндр 8-97358-880-0/271 / LP-5325-6 1-5/16"" ISUZU LHD Rear L с прокачкой Y",53,2060,Yamasida,8-97358-880-0,Хабаровск
2026-01-06 14:13:02,"Рабочий тормозной цилиндр 8-97358-881-0/273 1-5/16"" ISUZU LHD Rear R SKV",14,1540,SKV,8-97358-881-0,Хабаровск
2026-01-06 14:13:02,Рабочий тормозной цилиндр 8-98081-324-0 FR RH NMR85 SKV,21,1485,SKV,8-98081-324-0,Хабаровск
2026-01-06 14:13:02,Рабочий тормозной цилиндр 8-98081-324-0 FR RH NMR85 Y,66,2377,Yamasida,8-98081-324-0,Хабаровск
2026-01-06 14:13:02,Рабочий тормозной цилиндр 8-98081-325-0 FR LH NMR85 Y,64,2377,Yamasida,8-98081-325-0,Хабаровск
2026-01-06 14:13:02,Рабочий тормозной цилиндр 8-98081-326-0 FR RH NMR85 SKV,64,1485,SKV,8-98081-326-0,Хабаровск
2026-01-06 14:13:02,Рабочий тормозной цилиндр 8-98081-326-0 FR RH NMR85 Y,78,2379,Yamasida,8-98081-326-0,Хабаровск
2026-01-06 14:13:02,Рабочий тормозной цилиндр 8-98081-327-0 FR LH NMR85 Y,78,2379,Yamasida,8-98081-327-0,Хабаровск
2026-01-06 14:13:02,Рабочий тормозной цилиндр D-127859 / HDE-050 MC889050 FP/FT/FV/FS/FU/FY5# Дизель,31,8536,Дизель,D-127859,Хабаровск
2026-01-06 14:13:02,Рабочий тормозной цилиндр D-128850 / 8-97179-357-0 / 8-97081-148-0 F.RH ELF NKR/NQR/NPRTURBO Дизель,8,866,Дизель,D-128850,Хабаровск
2026-01-06 14:13:02,Рабочий тормозной цилиндр D-128851 / 8-97179-358-0 / 8-97081-147-0 F.LH ELF NKR/NQR/NPRTURBO Дизель,1,862,Дизель,D-128851,Хабаровск
2026-01-06 14:13:02,Рабочий тормозной цилиндр D-129595 / HDE-049 / 47510-1950 / 209-6F66-7-1/2 HINO700 Дизель,12,5966,Дизель,D-129595,Хабаровск
2026-01-06 14:13:02,Рабочий тормозной цилиндр LP-5489 58420-5H601 HYUNDAI COUNTY/HD45/HD65/HD72/HD78 REAR R BWC Y,16,4095,Yamasida,58420-5H601,Хабаровск
2026-01-06 14:13:02,Рабочий тормозной цилиндр LP-5490 58350-5H601 HYUNDAI COUNTY/HD45/HD65/HD72/HD78 REAR L BWC Y,26,4271,Yamasida,58350-5H601,Хабаровск
2026-01-06 14:13:02,Рабочий тормозной цилиндр LP-5493 58230-5K000 HYUNDAI COUNTY/HD45/HD65/HD72/HD78 FRONT R BWC Y,12,4343,Yamasida,58230-5K000,Хабаровск
2026-01-06 14:13:02,Рабочий тормозной цилиндр LP-5495 58120-5K000 HYUNDAI COUNTY/HD45/HD65/HD72/HD78 FRONT BWC Y,3,4194,Yamasida,58120-5K000,Хабаровск
2026-01-06 14:13:02,Рабочий тормозной цилиндр в сборе G-brake GC-319,1,1934,JMC,GC-319,Хабаровск
2026-01-06 14:13:02,"Рабочий цилиндр сцепления 1"" 8-97024-297-0/8-97032-846-1/851-1 ELF,NKR,NQR,NPR 1988~98 SKV",73,910,SKV,8-97024-297-0,Хабаровск
2026-01-06 14:13:02,"Рабочий цилиндр сцепления 1"" 8-97039-709-0 ELF,NPR,NQR8.7T 1998~ SKV",30,1044,SKV,8-97039-709-0,Хабаровск
2026-01-06 14:13:02,"Рабочий цилиндр сцепления 1"" 8-97039-709-0 ELF,NPR,NQR8.7T 1998~ Y",2,1293,Yamasida,8-97039-709-0,Хабаровск
2026-01-06 14:13:02,"Рабочий цилиндр сцепления 1"" 8-98004-780-1/8-98004-780-0/8-97349-423-0 N-series SKV",57,870,SKV,8-98004-780-1,Хабаровск
2026-01-06 14:13:02,"Рабочий цилиндр сцепления 3/4"" 30620-0T021 ATLAS,CABSTARF23,H41 1995~98 SKV",64,796,SKV,30620-0T021,Хабаровск
2026-01-06 14:13:02,"Рабочий цилиндр сцепления 3/4"" 31470-37040 DYNABU212,222,COASTERBB50,58 1996~ SKV",58,915,SKV,31470-37040,Хабаровск
2026-01-06 14:13:02,"Рабочий цилиндр сцепления 3/4"" S093-41-920 MAZDA RF/R2 Y",6,731,Yamasida,S093-41-920,Хабаровск
2026-01-06 14:13:02,Рабочий цилиндр сцепления 41700-43150 HYUNDAI Porter H-100 /H-200/STAREX SKV,11,820,SKV,41700-43150,Хабаровск
2026-01-06 14:13:02,Рабочий цилиндр сцепления 41700-5H000 HYUNDAI HD65/HD72/HD78 SKV,37,1165,SKV,41700-5H000,Хабаровск
2026-01-06 14:13:02,Рабочий цилиндр сцепления 41700-5H100 HYUNDAI HD65/HD72/HD78 SKV,56,976,SKV,41700-5H100,Хабаровск
2026-01-06 14:13:02,Рабочий цилиндр сцепления 41700-5K500 LP-5601 HYUNDAI HD65/HD72/HD78 Y,129,1332,Yamasida,41700-5K500,Хабаровск
2026-01-06 14:13:02,Рабочий цилиндр сцепления D-128081 / 504303304 Iveco Дизель,11,4770,Дизель,D-128081,Хабаровск
2026-01-06 14:13:02,"Рабочий цилиндр сцепления ME609069 7/8"" CANTER FE435 SKV",15,1140,SKV,ME609069,Хабаровск
2026-01-06 14:13:02,Радиатор 752W06100-0002 HOWO ORIG,1,22853,Howo,752W06100-0002,Хабаровск
2026-01-06 14:13:02,Радиатор Toyota Land Crusier Prado TY0008-120 AUTODEPO,1,6730,JMC,TY0008-120,Хабаровск
2026-01-06 14:13:02,Радиатор интеркулера 752W06100-0003 HOWO ORIG,1,19224,Howo,752W06100-0003,Хабаровск
2026-01-06 14:13:02,Радиатор кондиционера D-126585 / 712W61942-0642 Howo/Sitrak C7H Дизель,3,4322,Дизель,D-126585,Хабаровск
2026-01-06 14:13:02,Радиатор основной D-126278 / 14216 / M2SX4814216 type PA 475x518x48 MMC ME403826 Дизель,1,8255,Дизель,D-126278,Хабаровск
2026-01-06 14:13:02,Радиатор основной D-126279 / 14218 / ME299319 / PL031286A 520x518x48 MMC Canter 1999~ Дизель,1,8905,Дизель,D-126279,Хабаровск
2026-01-06 14:13:02,Радиатор основной D-126280/ME406849/MI-0138-48-К FUSO 6D17/6D16/6M61 92-99 Дизель,4,14135,Дизель,D-126280,Хабаровск
2026-01-06 14:13:02,Радиатор основной D-128030/RZ-8250/8-98216-825-0/1-21410-932-0 870x718 ISUZU C-series 07-08 rhd Дизель,12,27868,Дизель,D-128030,Хабаровск
2026-01-06 14:13:02,Радиатор основной D-128064/12779/PL041332A; 575x638x40; HINO RANGER; 16090-6450/16090-6060 Дизель,1,14262,Дизель,D-128064,Хабаровск
2026-01-06 14:13:02,Радиатор отопителя 812W61942-0096 HOWO ORIG,1,6690,Howo,812W61942-0096,Хабаровск
2026-01-06 14:13:02,Радиатор отопителя D-125066 / 8-97240-941-0 4HG1/4HK1 NQR71/75 Дизель,1,1611,Дизель,D-125066,Хабаровск
2026-01-06 14:13:02,Радиатор отопителя D-129856 / W201-61-A10/HR-301 Mazda Titan Дизель,3,2326,Дизель,D-129856,Хабаровск
2026-01-06 14:13:02,"Радиатор отопителя салона D-125029/8-98048-508-0/1/8-98047-494-0 N,F-series Дизель",2,3156,Дизель,D-125029,Хабаровск
2026-01-06 14:13:02,"Радиатор охлаждения двигателя / ISUZU / IS-0109-36-AT / 8-97331-318-0 , 8-97240-313-2 / AD Radiator",1,14953,JMC,IS-0109-36-AT,Хабаровск
2026-01-06 14:13:02,Радиатор охлаждения двигателя D-128649 / DZ9H389532002 WP13 SHACMAN X6000 Дизель,1,15719,Дизель,D-128649,Хабаровск
2026-01-06 14:13:02,Радиатор охлаждения двигателя с интеркулером D-126586 / 712W06100-0065 / wg9925530136+wg9925530137 Sitrak C7H Дизель,2,40227,Дизель,D-126586,Хабаровск
2026-01-06 14:13:02,Распредвал 24110-42501 HYUNDAI PORTER ORIG,5,6266,Hyundai-Kia,24110-42501,Хабаровск
2026-01-06 14:13:02,Распредвал D-126288 / ME017266 / ME011895 L=545mm 4D33/4D34/4D35/4D36 Дизель,6,5988,Дизель,D-126288,Хабаровск
2026-01-06 14:13:02,Распредвал D-126289 / 8-97077-829-0 L=555mm N series 4HF1 4HE1 4HH1 Дизель,1,7935,Дизель,D-126289,Хабаровск
2026-01-06 14:13:02,Распредвал D-128853 / 13501-E0270 HINO500 Euro 4 J08E Дизель,4,12621,Дизель,D-128853,Хабаровск
2026-01-06 14:13:02,Распредвал J08E D-125275 / 13501-E0270 HINO 500 Euro 4 Дизель,1,18332,Дизель,D-125275,Хабаровск
2026-01-06 14:13:02,Распредвал ДВС HINO F20C,1,19700,JMC,CS1431,Хабаровск
2026-01-06 14:13:02,Распылитель D-128531 / DLLA160P50 / 093400-5500 MMC 4D31 4D32 4D33 Дизель,2,730,Дизель,D-128531,Хабаровск
2026-01-06 14:13:02,Распылитель D-128936 / DLLA150SM018 / 105025-0180 HINO Дизель,10,598,Дизель,D-128936,Хабаровск
2026-01-06 14:13:02,Распылитель D-128937 / DLLA150SN758 / 105015-7580 HINO Дизель,15,598,Дизель,D-128937,Хабаровск
2026-01-06 14:13:02,Распылитель D-128938 / DLLA155SND199 / 093400-1991 HINO Дизель,9,598,Дизель,D-128938,Хабаровск
2026-01-06 14:13:02,Распылитель D-128939 / DLLA150SN859 / 105015-8590 HINO H07D Дизель,6,598,Дизель,D-128939,Хабаровск
2026-01-06 14:13:02,Распылитель D-128941 / DLLA157SND297 / 093400-2970 HINO J08C Дизель,3,598,Дизель,D-128941,Хабаровск
2026-01-06 14:13:02,Распылитель D-128942 / DLLA150SND230 / 093400-2301/-2300 / 23650-1611 HINO500 90-99 Дизель,1,598,Дизель,D-128942,Хабаровск
2026-01-06 14:13:02,Распылитель D-128943 / DLLA160PN159 / ME017842 / 105017-1590 ISUZU 4HF1 Дизель,13,730,Дизель,D-128943,Хабаровск
2026-01-06 14:13:02,Распылитель D-128945 / DLLA161PN109 / 105017-1090 ISUZU 6HE1 Дизель,3,730,Дизель,D-128945,Хабаровск
2026-01-06 14:13:02,Распылитель D-128946 / DLLA156PN110 / 105017-1100 ISUZU Дизель,8,730,Дизель,D-128946,Хабаровск
2026-01-06 14:13:02,Распылитель D-128947 / DN0PD605 / 093400-6050 VS01-13-TWO MAZDA RF VS Дизель,1,520,Дизель,D-128947,Хабаровск
2026-01-06 14:13:02,Распылитель D-128948 / DN0PDN121 / 105007-1210 / 093400-8220 PN WL TD27T QD32 TD42T Дизель,4,598,Дизель,D-128948,Хабаровск
2026-01-06 14:13:02,Распылитель D-128952 / DN10PDN135 / 105007-1350 / ME738945 MMC 4M40 4M40T1 Дизель,8,598,Дизель,D-128952,Хабаровск
2026-01-06 14:13:02,Распылитель D-128953 / DLLA150SN623 / 105015-6230 MMC 6D16T Дизель,1,598,Дизель,D-128953,Хабаровск
2026-01-06 14:13:02,Распылитель D-128954 / DLLA160S325N507 / 105015-5070 MMC 8DC8 8DC9 Дизель,21,598,Дизель,D-128954,Хабаровск
2026-01-06 14:13:02,Распылитель D-128955 / DLLA153SN7131 / 105015-7131 NISSAN FD35 Дизель,3,598,Дизель,D-128955,Хабаровск
2026-01-06 14:13:02,Распылитель D-128956 / DN0PDN113 / 105007-1130 NISSAN TD23 TD25 TD27 Дизель,1,598,Дизель,D-128956,Хабаровск
2026-01-06 14:13:02,Распылитель D-130051 / 105015-7440 / DLLA160SN744 MMC 6D16 Дизель,2,642,Дизель,D-130051,Хабаровск
2026-01-06 14:13:02,Распылитель D-130052 / 105015-7550 / DLLA155SN755 MMC 6D14 Дизель,4,550,Дизель,D-130052,Хабаровск
2026-01-06 14:13:02,Распылитель D-130054 / 105015-7890 / DLLA155SN789 NIS FE6 Дизель,2,618,Дизель,D-130054,Хабаровск
2026-01-06 14:13:02,Распылитель D-130057 / DLLA155SN824 / 105015-8240 HIN W06E Дизель,5,578,Дизель,D-130057,Хабаровск
2026-01-06 14:13:02,Распылитель D-130059 / DLLA148SN841 / 105015-8410 NIS PF6 Дизель,6,580,Дизель,D-130059,Хабаровск
2026-01-06 14:13:02,Распылитель D-130061 / DLLA154SN847 / ME26981 / 105015-8470 MMC 6D15T Дизель,5,683,Дизель,D-130061,Хабаровск
2026-01-06 14:13:02,Распылитель D-130063 / DLLA155SN858 / 105015-8580 NIS RE8 Дизель,5,642,Дизель,D-130063,Хабаровск
2026-01-06 14:13:02,Распылитель D-130064 / DLLA150SN867 / 105015-8670 HIN K13D Дизель,4,618,Дизель,D-130064,Хабаровск
2026-01-06 14:13:02,Распылитель D-130067 / DLLA150SN876 / 105015-8760 NIS FE6T Дизель,6,550,Дизель,D-130067,Хабаровск
2026-01-06 14:13:02,Распылитель D-130071 / DLLA157SN940 / 105015-9400 MMC 8M20 Дизель,18,420,Дизель,D-130071,Хабаровск
2026-01-06 14:13:02,Распылитель D-130072 / DLLA154PN007 / 105017-0070 Дизель,1,752,Дизель,D-130072,Хабаровск
2026-01-06 14:13:02,"Распылитель D-130074 / DLLA154PN049 / 105017-0490 IS 6BD1,6BG1 Дизель",3,784,Дизель,D-130074,Хабаровск
2026-01-06 14:13:02,Распылитель D-130077 / DLLA157PN090 / 105017-0900 NIS BD30 Дизель,1,752,Дизель,D-130077,Хабаровск
2026-01-06 14:13:02,"Распылитель D-130078 / DLLA156PN121 / 105017-1210 IS 4HF1 ELF NPR66, NKR66 90-92 Дизель",3,752,Дизель,D-130078,Хабаровск
2026-01-06 14:13:02,Распылитель D-130079 / DLLA152PN184 / 105017-1840 IS 4HE1 Дизель,2,568,Дизель,D-130079,Хабаровск
2026-01-06 14:13:02,Распылитель D-130080 / DLLA155PN198 / 105017-1980 NIS FE6 Дизель,1,752,Дизель,D-130080,Хабаровск
2026-01-06 14:13:02,Распылитель D-130081 / DLLA160SM010 / 105019-0040 / 105025-0100 Дизель,6,552,Дизель,D-130081,Хабаровск
2026-01-06 14:13:02,Распылитель D-130083 / DLLA156SM008 / 105025-0080 IS 6HH1 Дизель,9,773,Дизель,D-130083,Хабаровск
2026-01-06 14:13:02,Распылитель D-130084 / DLLA160SM010 / 105025-0100 / 105019-0040 / ME738564 MMC 6D40 Дизель,5,614,Дизель,D-130084,Хабаровск
2026-01-06 14:13:02,Распылитель D-130085 / NP-DLLA158SM073 / 105025-0730 / 105015-0730 / 16620-97077 NIS RH10E Дизель,4,639,Дизель,D-130085,Хабаровск
2026-01-06 14:13:02,"Распылитель D1 D-130055 / 105015-8200 / DLLA156SN820 IS 8PD1, 10PD1, 12P Дизель",3,618,Дизель,D-130055,Хабаровск
2026-01-06 14:13:02,Распылитель DLLA 155P179 Howo,1,258,Дизель,DLLA155P179,Хабаровск
2026-01-06 14:13:02,Распылитель DLLA154PN007,1,437,JMC,DLLA154PN007,Хабаровск
2026-01-06 14:13:02,Распылитель HIN D-130044 / DLLA150SN555 / 105015-5550 Дизель,7,495,Дизель,D-130044,Хабаровск
2026-01-06 14:13:02,Распылитель HIN J08C D-130023 / DLLA155SND296/093400-2960 Дизель,12,614,Дизель,D-130023,Хабаровск
2026-01-06 14:13:02,"Распылитель HIN K13C, K13D D-130047 / DLLA150SN702 / 105015-7020 Дизель",30,440,Дизель,D-130047,Хабаровск
2026-01-06 14:13:02,Распылитель HIN V22C D-130050 / DLLA150SN739 / 105015-7390 Дизель,29,440,Дизель,D-130050,Хабаровск
2026-01-06 14:13:02,Распылитель HIN W04D D-130021 / DLLA155SND234/093400-2340 Дизель,11,420,Дизель,D-130021,Хабаровск
2026-01-06 14:13:02,"Распылитель IS 10PC1, 12PC1 D-130046 / DLLA154SN665 / 105015-6651 Дизель",1,618,Дизель,D-130046,Хабаровск
2026-01-06 14:13:02,Распылитель IS 4HG1 DLLA154PN185/105017-1850 ZEXEL,1,5078,Zexel,105017-1850,Хабаровск
2026-01-06 14:13:02,Распылитель IS D-130041 / 9432610021 / 105000-1770 / 093400-1630 / DN0SD177 Дизель,9,537,Дизель,D-130041,Хабаровск
2026-01-06 14:13:02,Распылитель MMC 6D14 D-130022 / DLLA157SND242 / 093400-2420 Дизель,1,372,Дизель,D-130022,Хабаровск
2026-01-06 14:13:02,Распылитель MMC 8DC8 D-130049 / DLLA160SN731 / 105015-7310 Дизель,2,618,Дизель,D-130049,Хабаровск
2026-01-06 14:13:02,Распылитель NIS FE6B D-130045 / DLLA158SN638 / 105015-6380 Дизель,1,618,Дизель,D-130045,Хабаровск
2026-01-06 14:13:02,Распылитель NIS RE8 DLLA155SN858/105015-8580 ZEXEL,1,4628,Zexel,105015-8580,Хабаровск
2026-01-06 14:13:02,Распылитель NIS RF8 105015-9550/DLLA155SN955 !,1,524,Дизель,105015-9550,Хабаровск
2026-01-06 14:13:02,Распылитель TOY 14B D-130024 / DLLA150P59 / 093400-5590/0 433 171 059 Дизель,2,752,Дизель,D-130024,Хабаровск
2026-01-06 14:13:02,Распылитель ZEXEL/HINO F20C / NP-DLLA150SM018; 105019-0550; 105025-0180 / 1050190550; 105019-0550; 1,2,804,Zevs,9 432 610 809,Хабаровск
2026-01-06 14:13:02,Распылитель ZEXEL/ISUZU NP-DLLA154PN006; 105017-0061 / 1050170061; 105017-0061; 8942479371; 8-94247-937-1; 8973062140; 8-97306-214-0; NPDLLA154PN006; NP-DLLA154PN006 / / /,3,1338,JMC,1050170061,Хабаровск
2026-01-06 14:13:02,Распылитель ZEXEL/UD PF6T / 1050159630; 105015-9630; 1050159632; 105015-9632; 1050190471; 105019-0471; 1662096575; 16620-96575 / NP-DLLA161SN963; 105015-9630; 105015-9632; 105019-0471 /,2,688,Zevs,105015-9630,Хабаровск
2026-01-06 14:13:02,"Распылитель маслянной системы КПП 8-97487-643-0/1-33219-272-0 C,E-series ORIG",2,751,Isuzu,8-97487-643-0,Хабаровск
2026-01-06 14:13:02,Распылитель форсунки D-127509 / L203PBA HOWO E-2 Дизель,52,1131,Дизель,D-127509,Хабаровск
2026-01-06 14:13:02,Распылитель форсунки D-127510 / DLLA155P179 HOWO E-2 Дизель,4,991,Дизель,D-127510,Хабаровск
2026-01-06 14:13:02,Распылитель форсунки DLLA150P193 FAW CA6DL2-35,5,568,Дизель,DLLA150P193,Хабаровск
2026-01-06 14:13:02,Расширительный бачок 812W06125-0001 HOWO T5G,2,3596,Дизель,812W06125-0001,Хабаровск
2026-01-06 14:13:02,Регулировочное кольцо редуктора D-126589 / 712-35710-0110 Sitrak C7H Дизель,2,654,Дизель,D-126589,Хабаровск
2026-01-06 14:13:02,Регулятор генератора ARN6220AD,2,539,JMC,ARN6220AD,Хабаровск
2026-01-06 14:13:02,Регулятор давления 44530-1110,1,2196,JMC,44530-1110,Хабаровск
2026-01-06 14:13:02,"Регулятор давления пневмосистемы тормозов D-127838 / HDE-024 /47540-90061 NISSAN UD 7,0-8,5kg Дизель",7,1153,Дизель,D-127838,Хабаровск
2026-01-06 14:13:02,Регулятор давления пневмосистемы тормозов D-127841 / HDE-029 /1-48350059-0 ISUZU 6.9kg-8.0kg Дизель,2,1131,Дизель,D-127841,Хабаровск
2026-01-06 14:13:02,"Регулятор давления пневмосистемы тормозов D-128232 / HDE-020 /44530-1160 HINO D20mm 7,0-8,5kg Дизель",1,1376,Дизель,D-128232,Хабаровск
2026-01-06 14:13:02,Регулятор давления ТНВД 8-98145-501-1 NPR75/NQR/FSR90 ORIG,4,8568,Isuzu,8-98145-501-1,Хабаровск
2026-01-06 14:13:02,Регулятор давления топлива D-127792 / 23280-E0090 HINO700 Дизель,23,2489,Дизель,D-127792,Хабаровск
2026-01-06 14:13:02,Регулятор света D-128466 / WG9918580039 HOWO T5G Дизель,1,1415,Дизель,D-128466,Хабаровск
2026-01-06 14:13:02,Регулятор тормозных сил с воздухораспределением 4757120007 WABCO,2,23182,Wabco,4757120007,Хабаровск
2026-01-06 14:13:02,"Редуктор среднего моста D-128284 / HDZ16T331480035 / HDZ300 i=5,262 SHACMAN X3000 Дизель",1,85751,Дизель,D-128284,Хабаровск
2026-01-06 14:13:02,"Редуктор среднего моста D-128576 / 2502010AA6E/C Faw J6 5,263 6x4 3250 Дизель",1,104140,Дизель,D-128576,Хабаровск
2026-01-06 14:13:02,"Резистор блока управления двигателя D-128145 / 8-97357-613-0 C,F,N- series Дизель",8,1186,Дизель,D-128145,Хабаровск
2026-01-06 14:13:02,Резистор отопителя (4 контакта) D-124993/1-83519-092-0/1-83519-073-0 Дизель,9,1099,Дизель,D-124993,Хабаровск
2026-01-06 14:13:02,Резистор отопителя D-128854 / 1-83519-093-0 ISUZU Дизель,15,752,Дизель,D-128854,Хабаровск
2026-01-06 14:13:02,Реле 24V 13P / 125-06-0025 / 24V 13P / / TH-S812 / 500321679 / TH,1,2417,JMC,TH-S812,Хабаровск
2026-01-06 14:13:02,Реле 95220-2S000 HYUNDAI ORIG,1,265,Hyundai-Kia,95220-2S000,Хабаровск
2026-01-06 14:13:02,Реле D-125975 / 95241-8C000 5-ти контактное JAC N350 Дизель,3,283,Дизель,D-125975,Хабаровск
2026-01-06 14:13:02,Реле массы D-126697/S8449-01260/3736010-T38B0 24V E13C HINO 700 Дизель,5,1514,Дизель,D-126697,Хабаровск
2026-01-06 14:13:02,Реле оборотов отопителя AZ1630840321 / WG1630840321 HOWO,1,363,Дизель,AZ1630840321,Хабаровск
2026-01-06 14:13:02,Реле поворота D-128493 / 1-83470-060-0 / 066500-3720 / TH-S516 FSR/FTR 96~ Дизель,56,616,Дизель,D-128493,Хабаровск
2026-01-06 14:13:02,Реле поворота для светодиод TH-S313L / MC855843 / 066500-2900 / MC887166 24V11P Yamasida,12,2582,Yamasida,TH-S313L,Хабаровск
2026-01-06 14:13:02,Реле поворота для светодиод TH-S508L 25390-00Z09/25390-00890/25390-00Z01/1-81988007-8 ISUZU 24V 6P,6,1326,Yamasida,25390-00Z09,Хабаровск
2026-01-06 14:13:02,Реле поворота для светодиодов D-128515 / MC898264 / 066500-3590 / 066500-3391 / MC896426 24V Дизель,5,651,Дизель,D-128515,Хабаровск
2026-01-06 14:13:02,Реле поворота для светодиодов TH-S303L D-127596 / MB302374/066500-1800/MB302381 CANTER 6/8T Дизель,2,291,Дизель,D-127596,Хабаровск
2026-01-06 14:13:02,Реле поворота для светодиодов TH-S516L 1-83470060-0/066500-3720 ISUZU FSR/FTR 96~ 24V 5P,31,1573,Yamasida,066500-3720,Хабаровск
2026-01-06 14:13:02,Реле поворотов 95550-5H300 HYNDAI HD72/78/120/County ORIG,9,1416,Hyundai-Kia,95550-5H300,Хабаровск
2026-01-06 14:13:02,Реле света D-128504 / 8-97063-440-2 / TH-R518V ISUZU 24V 5P Дизель,9,246,Дизель,D-128504,Хабаровск
2026-01-06 14:13:02,Реле света D-129110 / TH-R724V / 90987-02007 / 056700-0730 WU30 DYNA 24V 4P BU3#6#7#8#9# 84~ Дизель,5,310,Дизель,D-129110,Хабаровск
2026-01-06 14:13:02,Реле света DYNA 24V 4P TH-R711V BU3#6#7#8#9# 90987-02005/056700-6630/90987-02003 84 Y,30,437,Yamasida,90987-02005,Хабаровск
2026-01-06 14:13:02,Реле света DYNA/TOYOACE 24V 4P TH-R708V/90987-03002 BU6#7#8#9#XZU130/140 84~99 Y,32,523,Yamasida,90987-03002,Хабаровск
2026-01-06 14:13:02,Реле света FUSO 24V 3P TH-R313V D-127511 / MC843786/MC854954 Дизель,94,263,Дизель,D-127511,Хабаровск
2026-01-06 14:13:02,Реле света FUSO 24V 4P TH-R315(V) 8972649470/2738102-A Y,10,1118,Yamasida,8-97264-947-0,Хабаровск
2026-01-06 14:13:02,Реле света FUSO 24V 4P TH-R317 MC897148 Y,5,870,Yamasida,MC897148,Хабаровск
2026-01-06 14:13:02,Реле света FUSO 24V 4P TH-R507 85920-1610/85920-1810 !,5,518,Yamasida,85920-1610,Хабаровск
2026-01-06 14:13:02,Реле света FUSO 24V 5P TH-R323 MC898884 Y,8,629,Yamasida,MC898884,Хабаровск
2026-01-06 14:13:02,Реле света HINO 24V 4P 20A TH-R706BV 85920-2660/156700-2310 Y,11,385,Yamasida,85920-2660,Хабаровск
2026-01-06 14:13:02,Реле света HINO 24V 4P 20A TH-R706CV 85920-2650/156700-2321 Y,38,368,Yamasida,85920-2650,Хабаровск
2026-01-06 14:13:02,Реле света HINO 24V 4P TH-R508 85920-2370/056800-1930 Y,22,1032,Yamasida,85920-2370,Хабаровск
2026-01-06 14:13:02,Реле света HINO 24V 4P TH-R510 85920-1620 Y,8,670,Yamasida,85920-1620,Хабаровск
2026-01-06 14:13:02,Реле света HINO 24V 4P TH-R512 056700-8170,25,876,Yamasida,056700-8170,Хабаровск
2026-01-06 14:13:02,Реле света HINO 24V 4P TH-R527 85920-1200A/056700-5370 !,17,647,Yamasida,85920-1200A,Хабаровск
2026-01-06 14:13:02,Реле света HINO 24V 4P TH-R528 88630-E0060/156700-3850 Y,1,428,Yamasida,156700-3850,Хабаровск
2026-01-06 14:13:02,Реле света HINO 24V 5P TH-R505 85920-1510/056700-7341 Y,10,698,Yamasida,85920-1510,Хабаровск
2026-01-06 14:13:02,Реле света HINO 24V 5P TH-R509 85920-1470/056700-6922,10,802,Yamasida,85920-1470,Хабаровск
2026-01-06 14:13:02,Реле света ISUZU 24V 4P TH-R516 1-82550146-0/25550-Z5001/1-82250176-0 Y,18,565,Yamasida,1-82550-146-0,Хабаровск
2026-01-06 14:13:02,Реле света ISUZU 24V 5P TH-R518V 8-97063-440-2 Y,10,423,Yamasida,8-97063-440-2,Хабаровск
2026-01-06 14:13:02,Реле света ISUZU CXz 24V 4P TH-R530 1-82550176-0/MR5L223A2K Y,10,499,Yamasida,1-82550-176-0,Хабаровск
2026-01-06 14:13:02,Реле света ISUZU/NISSAN/KOMATSU 24V 5P TH-R514 8-94118912-0/25550-Z5002 22W-0613450 Y,24,626,Yamasida,8-94118-912-0,Хабаровск
2026-01-06 14:13:02,Реле света MITSIBISHI 24V 4P TH-R314V MC867657 Y,33,561,Yamasida,MC867657,Хабаровск
2026-01-06 14:13:02,Реле света NISSAN UD 24V 4P TH-R504 25230-01500/25230-01J00 Y,19,1032,Yamasida,25230-01500,Хабаровск
2026-01-06 14:13:02,Реле света TH-R317A / MC897148 / MC856360 24V 4P Yamasida,12,642,Yamasida,TH-R317A,Хабаровск
2026-01-06 14:13:02,Реле сигнализац. разрыва провода 1В24937500005 Fot,3,68,Foton,1В24937500005,Хабаровск
2026-01-06 14:13:02,Реле стеклоочистителя D-129815 / MC843788/056700-6561/MC846765 TH-D311 FUSO 24V 5P Дизель,2,288,Дизель,D-129815,Хабаровск
2026-01-06 14:13:02,Реле указателей поворота 81980-1680 ISUZU EXR/HINO 21T-35T TH-S308 Y,6,919,Yamasida,81980-1680,Хабаровск
2026-01-06 14:13:02,Реле указателей поворота D-128505 / 8-97086-508-1 / TH-S510 / 066500-3201 ISUZU 24/3P Дизель,5,616,Дизель,D-128505,Хабаровск
2026-01-06 14:13:02,Реле указателей поворота HINO 24/6P TH-S309/066500-5490/81980-1930 !,24,1903,Yamasida,066500-5490,Хабаровск
2026-01-06 14:13:02,Реле указателей поворота HINO 24V 5P TH-S306 81980-1650/066500-3570,31,965,Yamasida,066500-3040,Хабаровск
2026-01-06 14:13:02,Реле указателей поворота ISUZU/NQR71/75/85/NLR/NPR75 24V 5P TH-S518 8-98025-533-1 Y,41,1540,Yamasida,8-98025-533-1,Хабаровск
2026-01-06 14:13:02,Реле указателей поворота TH-S305 MMC FUSO 24V 5P MC848790/066500-2080/MC849878 Y,18,1267,Yamasida,MC848790,Хабаровск
2026-01-06 14:13:02,Реле указателей поворота TH-S312S / MC898264 MMC CANTER 6.8T 96` Yamasida,1,1421,Yamasida,TH-S312S,Хабаровск
2026-01-06 14:13:02,Реле указателей поворота TH-S508/1-81988-007-8 ISUZU/UD CW-520 Y,3,1747,Yamasida,1-81988-007-8,Хабаровск
2026-01-06 14:13:02,Реле указателей поворота TOYOTA 24/5P TH-S712/066500-5280/81980-37140,4,1421,Yamasida,81980-37140,Хабаровск
2026-01-06 14:13:02,Реле указателей поворота TOYOTA 24/5P TH-S713/066500-4610/81980-37080 Y,27,1609,Yamasida,066500-4610,Хабаровск
2026-01-06 14:13:02,Реле универсальное 24V 5P 90987-04002B/056700-6780,253,225,Дизель,90987-04002B,Хабаровск
2026-01-06 14:13:02,Реле универсальное TH-R904V/142016021 24V 4P 40A,3,334,Yamasida,142016021,Хабаровск
2026-01-06 14:13:02,Рем. комплект ДВС 10PB1 1-87810-217-0 / 1-87810-270-0 Matto,1,7033,Matto,1-87810-217-0,Хабаровск
2026-01-06 14:13:02,Ремень 0K88R-12205 (аналог) BONGO III 2.9 !,3,1497,Дизель,0K88R-12205,Хабаровск
2026-01-06 14:13:02,Ремень 10PK2470 D-126706/1529222/1920231/1987947079 SCANIA P/G/R/T-SERIES Дизель,50,942,Дизель,D-126706,Хабаровск
2026-01-06 14:13:02,Ремень 13*1125 / D-126776 / VG1500060228 HOWO Дизель,5,396,Дизель,D-126776,Хабаровск
2026-01-06 14:13:02,Ремень 42041 BS106,1,466,Dongil,HM-43.2,Хабаровск
2026-01-06 14:13:02,Ремень генератора 4PK1075 1867489397/28341/500352673/4PK1070 Iveco Lemfoerder,4,284,Lemforder,283 4101,Хабаровск
2026-01-06 14:13:02,Ремень 4PK875 BANDO,1,554,JMC,4PK875,Хабаровск
2026-01-06 14:13:02,Ремень 8PK1920/200V96820-0345 HOWO T5G,18,1143,Дизель,200V96820-0345,Хабаровск
2026-01-06 14:13:02,Ремень AV13*1233 D-129481 / 1308032-630-114BA FAW Дизель,3,481,Дизель,D-129481,Хабаровск
2026-01-06 14:13:02,Ремень D-129050 / 4PK829 / 1307003-М10-01085 FAW Дизель,3,342,Дизель,D-129050,Хабаровск
2026-01-06 14:13:02,Ремень L=1150 HOWO,3,172,Howo,L=1150,Хабаровск
2026-01-06 14:13:02,Ремень V13x1300La Optibelt,77,1375,Optibelt,13x1300,Хабаровск
2026-01-06 14:13:02,Ремень вентилятора 10PK1045/612600061360 SHACMAN WP10/WP12,27,718,Дизель,612600061360,Хабаровск
2026-01-06 14:13:02,Ремень вентилятора 17*1029 D-129482 / 1308032-M10-01085 FAW Дизель,1,648,Дизель,D-129482,Хабаровск
2026-01-06 14:13:02,Ремень вентилятора D-125601 / 1-13671-463-1 / 1-87610-098-0 CYZ51K EURO3 6WF1 8580 Дизель,1,906,Дизель,D-125601,Хабаровск
2026-01-06 14:13:02,Ремень вентилятора D-126424 / 1-13671-463-1 CYZ51K (8570) EURO3 6WF1 (2 шт) Дизель,4,1109,Дизель,D-126424,Хабаровск
2026-01-06 14:13:02,"Ремень водяного насоса L=1125 клиновый (F,H,S) VG1500060228",1,126,JMC,VG1500060228,Хабаровск
2026-01-06 14:13:02,"Ремень водяного насоса L=1125 клиновый VG1500060228 (F, H, S)/",3,275,Дизель,VG1500060228,Хабаровск
2026-01-06 14:13:02,Ремень генератора D-129484 / 8PK795 / 6612600090600 SHACMAN WP10 Дизель,13,615,Дизель,D-129484,Хабаровск
2026-01-06 14:13:02,Ремень генератора HINO300 SZ910-49326 / 0520131275 / 0131275SX / 541403 13х1275 Е-4 Abby Belt,182,337,Abby Belt,SZ910-49326,Хабаровск
2026-01-06 14:13:02,Ремень генератора приводной D-127600 / 8-98038-423-0/7PK1121/5-87610-056-0 ISUZU NPR75 Дизель,111,292,Дизель,D-127600,Хабаровск
2026-01-06 14:13:02,Ремень ГРМ 211S8M34/A664YS34MM/HX664YS34/340S8M1688 13568-59095/50020/09070 AA-TOP,1,1788,Дизель,211S8M34,Хабаровск
2026-01-06 14:13:02,"Ремень клиновый 2405 1025х9,5",1,353,Dongil,2405,Хабаровск
2026-01-06 14:13:02,Ремень клиновый BANDO 2630,1,194,Bando,2630,Хабаровск
2026-01-06 14:13:02,Ремень компрессора 0520131500/PR101017/BL13X1500/MPMF6590/VB0802 1500*13*10 HD78/NQR71/75/NPR75,55,205,Abby Belt,0520131500,Хабаровск
2026-01-06 14:13:02,Ремень кондиционера 5801395970 IVECO/HONGYAN,4,806,Дизель,5801395970,Хабаровск
2026-01-06 14:13:02,Ремень поликлиновой (3PK625) BANDO,1,232,JMC,3PK625,Хабаровск
2026-01-06 14:13:02,Ремень поликлиновый 3PK850,2,289,Mitsuboshi,3PK850,Хабаровск
2026-01-06 14:13:02,Ремень приводной 13*1250 Abby Belt,40,331,Abby Belt,13*1250,Хабаровск
2026-01-06 14:13:02,Ремень приводной 13*1275 Abby Belt,36,337,Abby Belt,13*1275,Хабаровск
2026-01-06 14:13:02,Ремень приводной 13*1425 Abby Belt,29,392,Abby Belt,13*1425,Хабаровск
2026-01-06 14:13:02,Ремень приводной 13*1500 Abby Belt,38,407,Abby Belt,13*1500,Хабаровск
2026-01-06 14:13:02,Ремень приводной 2460 9.5*1168.4 Abby Belt,93,179,Abby Belt,9.5*1168.4,Хабаровск
2026-01-06 14:13:02,Ремень приводной 25212-37111 (6РК2000) AFA HD3D-25-072 Istana !,4,524,JMC,25212-37111,Хабаровск
2026-01-06 14:13:02,Ремень приводной 25215-42041/13*750 la Hyundai Porter/Starex D4BF Abby Belt,23,180,Abby Belt,25215-42041,Хабаровск
2026-01-06 14:13:02,Ремень приводной 25231-45002/13*1196 la Hyundai HD65/72/78/COUNTY D4DD Abby Belt,46,497,Abby Belt,25231-45002,Хабаровск
2026-01-06 14:13:02,Ремень приводной 3310/6310 13*787.4 (K),38,159,Дизель,13*787.4,Хабаровск
2026-01-06 14:13:02,Ремень приводной 3320/6320 13*812.8 (K),31,185,Дизель,13*812.8,Хабаровск
2026-01-06 14:13:02,Ремень приводной 3325/6325 13*825.5 Abby Belt,97,185,Abby Belt,13*825.5,Хабаровск
2026-01-06 14:13:02,Ремень приводной 3330/6330 13*838.2 Abby Belt,99,186,Abby Belt,13*838.2,Хабаровск
2026-01-06 14:13:02,Ремень приводной 3380/6380 13*965.2 Abby Belt,50,175,Abby Belt,13*965.2,Хабаровск
2026-01-06 14:13:02,Ремень приводной 3390 Abby Belt,19,319,Abby Belt,3390,Хабаровск
2026-01-06 14:13:02,Ремень приводной 3390/6390 13*990.6 Abby Belt,90,218,Abby Belt,13*990.6,Хабаровск
2026-01-06 14:13:02,Ремень приводной 3400/6400 13*1016 Abby Belt,67,199,Abby Belt,3400/6400,Хабаровск
2026-01-06 14:13:02,Ремень приводной 3405/6405 13*1028.7 Abby Belt,27,221,Abby Belt,13*1028.7,Хабаровск
2026-01-06 14:13:02,Ремень приводной 3410/6410 13*1041.4 Abby Belt,70,207,Abby Belt,3410/6410,Хабаровск
2026-01-06 14:13:02,Ремень приводной 3415 13*1054.1 Abby Belt,40,239,Abby Belt,13*1054.1,Хабаровск
2026-01-06 14:13:02,Ремень приводной 3420/6420 13*1066.8 Abby Belt,98,222,Abby Belt,3420/6420,Хабаровск
2026-01-06 14:13:02,Ремень приводной 3430/6430 13*1092.2 Abby Belt,89,239,Abby Belt,13*1092.2,Хабаровск
2026-01-06 14:13:02,Ремень приводной 3440/6440 13*1117.6 Abby Belt,95,245,Abby Belt,13*1117.6,Хабаровск
2026-01-06 14:13:02,Ремень приводной 3445/6445 13*1130.3 Abby Belt,46,220,Abby Belt,13*1130.3,Хабаровск
2026-01-06 14:13:02,Ремень приводной 3455/6455 13*1155.7 Abby Belt,181,168,Abby Belt,3455/6455,Хабаровск
2026-01-06 14:13:02,Ремень приводной 3460/6460 13*1168.4 Abby Belt,34,191,Abby Belt,3460/6460,Хабаровск
2026-01-06 14:13:02,Ремень приводной 3470/6470 13*1193.8 Abby Belt,94,253,Abby Belt,13*1193.8,Хабаровск
2026-01-06 14:13:02,Ремень приводной 3485/6485 13*1231.9 Abby Belt,82,238,Abby Belt,13*1231.9,Хабаровск
2026-01-06 14:13:02,Ремень приводной 3490/6490 13*1244.6 Abby Belt,92,264,Abby Belt,13*1244.6,Хабаровск
2026-01-06 14:13:02,Ремень приводной 3495/6495 13*1257.3 Abby Belt,63,264,Abby Belt,13*1257.3,Хабаровск
2026-01-06 14:13:02,Ремень приводной 3500/6500 13*1270 Abby Belt,43,274,Abby Belt,13*1270,Хабаровск
2026-01-06 14:13:02,Ремень приводной 3520/6520 13*1320.8 (K),10,284,Дизель,13*1320.8,Хабаровск
2026-01-06 14:13:02,Ремень приводной 3550/6550 13*1397 Abby Belt,86,292,Abby Belt,13*1397,Хабаровск
2026-01-06 14:13:02,Ремень приводной 3560/6560 13*1422.4 Abby Belt,91,302,Abby Belt,13*1422.4,Хабаровск
2026-01-06 14:13:02,Ремень приводной 3605/6605 13*1536.7 Abby Belt,88,321,Abby Belt,13*1536.7,Хабаровск
2026-01-06 14:13:02,Ремень приводной 3610/6610 13*1549.4 Abby Belt,71,325,Abby Belt,13*1549.4,Хабаровск
2026-01-06 14:13:02,Ремень приводной 5390/8390 17*990.6 (K),31,302,Дизель,17*990.6,Хабаровск
2026-01-06 14:13:02,Ремень приводной 5395/8395 17*1003.3 Abby Belt,36,303,Abby Belt,17*1003.3,Хабаровск
2026-01-06 14:13:02,Ремень приводной 5405/8405 17*1028.7 Abby Belt,61,309,Abby Belt,17*1028.7,Хабаровск
2026-01-06 14:13:02,Ремень приводной 5410/8410 17*1041.4 Abby Belt,173,274,Abby Belt,5410/8410,Хабаровск
2026-01-06 14:13:02,Ремень приводной 5415/8415 17*1054.1 Abby Belt,67,313,Abby Belt,17*1054.1,Хабаровск
2026-01-06 14:13:02,Ремень приводной 5440/8440 17*1117.6 Abby Belt,4,288,Abby Belt,17*1117.6,Хабаровск
2026-01-06 14:13:02,Ремень приводной 5445/8445 17*1130.3 Abby Belt,72,292,Abby Belt,5445/8445,Хабаровск
2026-01-06 14:13:02,Ремень приводной 5450/8450 17*1143 Abby Belt,55,326,Abby Belt,17*1143,Хабаровск
2026-01-06 14:13:02,Ремень приводной 5455/8455 17*1155.7 Abby Belt,69,294,Abby Belt,17*1155.7,Хабаровск
2026-01-06 14:13:02,Ремень приводной 5460/8460 17*1168.4 Abby Belt,31,353,Abby Belt,17*1168.4,Хабаровск
2026-01-06 14:13:02,Ремень приводной 5465/8465 17*1181.1 Abby Belt,87,409,Abby Belt,17*1181.1,Хабаровск
2026-01-06 14:13:02,Ремень приводной 5470/8470 17*1193.8 Abby Belt,88,305,Abby Belt,17*1193.8,Хабаровск
2026-01-06 14:13:02,Ремень приводной 5475/8475 17*1206.5 Abby Belt,66,356,Abby Belt,17*1206.5,Хабаровск
2026-01-06 14:13:02,Ремень приводной 5480/8480 17*1219.2 Abby Belt,34,357,Abby Belt,17*1219.2,Хабаровск
2026-01-06 14:13:02,Ремень приводной 5490/8490 17*1244.6 Abby Belt,52,367,Abby Belt,17*1244.6,Хабаровск
2026-01-06 14:13:02,Ремень приводной 5500/8500 17*1270 Abby Belt,13,396,Abby Belt,17*1270,Хабаровск
2026-01-06 14:13:02,Ремень приводной 5510/8510 17*1295.4 Abby Belt,49,377,Abby Belt,17*1295.4,Хабаровск
2026-01-06 14:13:02,Ремень приводной 5520/8520 17*1320.8 Abby Belt,16,388,Abby Belt,17*1320.8,Хабаровск
2026-01-06 14:13:02,Ремень приводной 5535/8535 17*1358.9 Abby Belt,157,343,Abby Belt,17*1358.9,Хабаровск
2026-01-06 14:13:02,Ремень приводной 5540/8540 17*1371.6 Abby Belt,173,347,Abby Belt,5540/8540,Хабаровск
2026-01-06 14:13:02,Ремень приводной 5580/8580 17*1473.2 Abby Belt,126,279,Abby Belt,5580/8580,Хабаровск
2026-01-06 14:13:02,Ремень приводной 5590/8590 16*1460 Abby Belt,204,397,Abby Belt,5590/8590,Хабаровск
2026-01-06 14:13:02,Ремень приводной 5620/8620 17*1574.8 Abby Belt,76,410,Abby Belt,17*1574.8,Хабаровск
2026-01-06 14:13:02,Ремень приводной 7PK1035 Abby Belt,16,578,Abby Belt,7PK1035,Хабаровск
2026-01-06 14:13:02,Ремень приводной 7PK1104 Abby Belt,16,612,Abby Belt,7PK1104,Хабаровск
2026-01-06 14:13:02,Ремень приводной 7PK1115 Abby Belt,33,716,Abby Belt,7PK1115,Хабаровск
2026-01-06 14:13:02,Ремень приводной 7PK1140 Abby Belt,21,573,Abby Belt,7PK1140,Хабаровск
2026-01-06 14:13:02,Ремень приводной 7PK990 Abby Belt,26,447,Abby Belt,7PK990,Хабаровск
2026-01-06 14:13:02,Ремень приводной 98459455/AVX13x1040/AVX13X1050 13a1040c Iveco DAYCO,1,202,JMC,98459455,Хабаровск
2026-01-06 14:13:02,Ремень приводной 9PK1155 Abby Belt,15,732,Abby Belt,9PK1155,Хабаровск
2026-01-06 14:13:02,Ремень приводной D-126930 / 8PK1375 / 1023021-1085 / 1023021-M10-01085 FAW Дизель,29,860,Дизель,D-126930,Хабаровск
2026-01-06 14:13:02,Ремень приводной D-127909 / 080V96820-0243 HOWO Дизель,6,749,Дизель,D-127909,Хабаровск
2026-01-06 14:13:02,Ремень приводной D-127910 / 082V96820-1248 HOWO Дизель,8,450,Дизель,D-127910,Хабаровск
2026-01-06 14:13:02,Ремень приводной D-129485 / 2420 9.5*1066.8 Дизель,12,177,Дизель,D-129485,Хабаровск
2026-01-06 14:13:02,Ремень приводной D-129486 / 2430 9.5*1092.2 Дизель,28,185,Дизель,D-129486,Хабаровск
2026-01-06 14:13:02,Ремень приводной D-129487 / 2455 9.5*1155.7 Дизель,2,186,Дизель,D-129487,Хабаровск
2026-01-06 14:13:02,Ремень приводной D-129488 / 2470 9.5*1193.8 Дизель,20,159,Дизель,D-129488,Хабаровск
2026-01-06 14:13:02,Ремень приводной D-129489 / 3240 /6240 13*609.6 Дизель,32,118,Дизель,D-129489,Хабаровск
2026-01-06 14:13:02,Ремень приводной D-129490 / 3290 / 6290 13*736.6 Дизель,51,134,Дизель,D-129490,Хабаровск
2026-01-06 14:13:02,Ремень приводной D-129491 / 3300 / 6300 13*762 Дизель,29,140,Дизель,D-129491,Хабаровск
2026-01-06 14:13:02,Ремень приводной D-129492 / 3335 / 6335 13*850.9 Дизель,49,186,Дизель,D-129492,Хабаровск
2026-01-06 14:13:02,Ремень приводной D-129493 / 3340 / 6340 13*863.6 Дизель,14,198,Дизель,D-129493,Хабаровск
2026-01-06 14:13:02,Ремень приводной D-129494 / 3345 / 6345 13*876.3 Дизель,31,198,Дизель,D-129494,Хабаровск
2026-01-06 14:13:02,Ремень приводной D-129495 / 3350 / 6350 13*889 Дизель,30,202,Дизель,D-129495,Хабаровск
2026-01-06 14:13:02,Ремень приводной D-129496 / 3355 / 6355 13*901.7 Дизель,3,202,Дизель,D-129496,Хабаровск
2026-01-06 14:13:02,Ремень приводной D-129497 / 3360 / 6360 13*914.4 Дизель,25,181,Дизель,D-129497,Хабаровск
2026-01-06 14:13:02,Ремень приводной D-129498 / 3425 / 6425 13*1079.5 Дизель,14,231,Дизель,D-129498,Хабаровск
2026-01-06 14:13:02,Ремень приводной D-129499 / 3435 / 6435 13*1104.9 Дизель,31,239,Дизель,D-129499,Хабаровск
2026-01-06 14:13:02,Ремень приводной D-129500 / 3465 / 6465 13*1181.1 Дизель,21,253,Дизель,D-129500,Хабаровск
2026-01-06 14:13:02,Ремень приводной D-129501 / 3477 / 6477 13*1211.58 Дизель,45,200,Дизель,D-129501,Хабаровск
2026-01-06 14:13:02,Ремень приводной D-129503 / 3510 / 6510 13*1295.4 Дизель,61,220,Дизель,D-129503,Хабаровск
2026-01-06 14:13:02,Ремень приводной D-129504 / 3525 / 6525 13*1333.5 Дизель,4,284,Дизель,D-129504,Хабаровск
2026-01-06 14:13:02,Ремень приводной D-129506 / 3540 / 6540 13*1371.6 Дизель,23,230,Дизель,D-129506,Хабаровск
2026-01-06 14:13:02,Ремень приводной D-129507 / 3580 / 6580 13*1473.2 Дизель,2,247,Дизель,D-129507,Хабаровск
2026-01-06 14:13:02,Ремень приводной D-129508 / 3590 / 6590 13*1498.6 Дизель,13,313,Дизель,D-129508,Хабаровск
2026-01-06 14:13:02,Ремень приводной D-129510 / 3640 / 6640 13*1625.6 Дизель,20,269,Дизель,D-129510,Хабаровск
2026-01-06 14:13:02,Ремень приводной D-129511 / 5380 / 8380 17*965.2 Дизель,20,292,Дизель,D-129511,Хабаровск
2026-01-06 14:13:02,Ремень приводной D-129512 / 5425 / 8425 17*1079.5 Дизель,33,321,Дизель,D-129512,Хабаровск
2026-01-06 14:13:02,Ремень приводной D-129516 / 5600 / 8600 17*1524 Дизель,10,446,Дизель,D-129516,Хабаровск
2026-01-06 14:13:02,Ремень приводной D-129517 / 5610 / 8610 17*1549.4 Дизель,7,451,Дизель,D-129517,Хабаровск
2026-01-06 14:13:02,Ремень приводной D-129518 / 5615 / 8615 17*1562.1 Дизель,27,456,Дизель,D-129518,Хабаровск
2026-01-06 14:13:02,Ремень приводной D-129519 / 5630 / 8630 17*1600.2 Дизель,1,462,Дизель,D-129519,Хабаровск
2026-01-06 14:13:02,Ремень приводной D-129520 / 5635 / 8635 17*1612.9 Дизель,8,466,Дизель,D-129520,Хабаровск
2026-01-06 14:13:02,Ремень приводной D-129521 / 5650 / 8650 17*1651 Дизель,34,477,Дизель,D-129521,Хабаровск
2026-01-06 14:13:02,Ремень приводной D-129523 / 5670 / 8670 17*1701.8 Дизель,30,493,Дизель,D-129523,Хабаровск
2026-01-06 14:13:02,Ремень приводной D-129524 / 5680 / 8680 17*1727.2 Дизель,59,451,Дизель,D-129524,Хабаровск
2026-01-06 14:13:02,Ремень приводной HDPF5585 Abby Belt,79,578,Abby Belt,HDPF5585,Хабаровск
2026-01-06 14:13:02,Ремень приводной RECMF 8570 AV17*1420Li KKK-12K,3,696,Дизель,RECMF 8570,Хабаровск
2026-01-06 14:13:02,Ремень приводной RPF5465 Abby Belt,94,409,Abby Belt,RPF5465,Хабаровск
2026-01-06 14:13:02,Ремень приводной клиновой RECMF 6450 13 X 1140,1,279,JMC,6450,Хабаровск
2026-01-06 14:13:02,Ремень приводной клиновой RECMF Toyoguard 8635,1,294,Toyoguard,8635,Хабаровск
2026-01-06 14:13:02,Ремень ручейковый 9РК1810 TOYOGUARD,2,742,JMC,9РК1810,Хабаровск
2026-01-06 14:13:02,Ремень ручейковый BANDO 9РК1420,1,506,Bando,9PK1420,Хабаровск
2026-01-06 14:13:02,Ремень ручейковый D-126932 / 8PK2256/1023021-36D FAW J6 Дизель,21,964,Дизель,D-126932,Хабаровск
2026-01-06 14:13:02,Ремень ручейковый D-126933 / 8PK2358/1023021-81D FAW J6 Дизель,20,1013,Дизель,D-126933,Хабаровск
2026-01-06 14:13:02,Ремкомплект BPW / ?30mm x 57mm x 102mm / палец со втулками в качелю полуприцепа BPW (1болт+1с/б+1шайба+1гайка+4пластины+2втулки) / SP54 / 070.570; 070570; 09.801.06.28.0; 0980106280; 10.16290; 1016290; 53526; 9160 /,3,3688,JMC,980106280,Хабаровск
2026-01-06 14:13:02,Ремкомплект TY9014KIT,1,2372,JMC,TY9014KIT,Хабаровск
2026-01-06 14:13:02,Ремкомплект балансира 2262363SKV / 512713 / 312718 SCANIA SKV,47,3267,SKV,2262363SKV,Хабаровск
2026-01-06 14:13:02,Ремкомплект балансира D-127512 / KSC081 / 49342-1310 HINO 500FM/HINO 700 Дизель,15,6432,Дизель,D-127512,Хабаровск
2026-01-06 14:13:02,Ремкомплект балансира D-127513 / KSC082 (к-т на две стороны) ISUZU Дизель,11,7319,Дизель,D-127513,Хабаровск
2026-01-06 14:13:02,"Ремкомплект барабана ручного тормоза ISUZU / MYY5T / (пружинки, шайбы, крепления) / Китай / HBR5850 / 8534855850; 8-53485-585-0 /",1,2843,JMC,HBR5850,Хабаровск
2026-01-06 14:13:02,Ремкомплект верхнего шкворня 010677 /A6253300119 / 53183 Mercedes/SAMPA !,4,1601,Sampa,010.677,Хабаровск
2026-01-06 14:13:02,Ремкомплект водяного насоса D-129575 / HDA-050 / ME995184 / ME997646 FV415 Дизель,31,3705,Дизель,D-129575,Хабаровск
2026-01-06 14:13:02,Ремкомплект впускного клапана CA.109.911B; 6BD1/6BG1,2,1350,JMC,CA.109.911B,Хабаровск
2026-01-06 14:13:02,Ремкомплект выпускного клапана 29102-1160; EF750; HNTC1160,1,3706,JMC,29102-1160,Хабаровск
2026-01-06 14:13:02,Ремкомплект выпускного клапана 29102-1270; F17C/F20C/K13C; HNTC1270,1,3706,JMC,29102-1270,Хабаровск
2026-01-06 14:13:02,Ремкомплект гидроцилиндра TVH/ 12004009 046522008071,1,7588,JMC,12004009,Хабаровск
2026-01-06 14:13:02,Ремкомплект головки компрессора 29102-1330 (A2) без гайки,1,276,JMC,29102-1330,Хабаровск
2026-01-06 14:13:02,"Ремкомплект ГТЦ 47207-37020.K 1-1/16"" Toyota !",6,1260,Yamasida,47207-37020.K,Хабаровск
2026-01-06 14:13:02,"Ремкомплект ГТЦ 8-97224-372-0 Isuzu 1-1/4"" ELF NKR,NPR,NQR 6T~8.5T Y",5,582,Yamasida,8-97224-372-0.K,Хабаровск
2026-01-06 14:13:02,Ремкомплект ГТЦ SK45671 / 47201-37030 Toyota,14,771,Yamasida,47201-37030.K,Хабаровск
2026-01-06 14:13:02,Ремкомплект ГТЦ SK52801 / 46010-2T000 Nissan Y !,50,365,Yamasida,46010-2T000.K,Хабаровск
2026-01-06 14:13:02,Ремкомплект ГТЦ W201-43-400A /SK21511 Mazda Y,3,1200,Yamasida,W201-43-400A.K,Хабаровск
2026-01-06 14:13:02,Ремкомплект Гур 3901097 (H),3,1235,Дизель,3901097,Хабаровск
2026-01-06 14:13:02,Ремкомплект ГЦС 1-85572-010-0 CX#/CY#/CV#/EX#/,1,730,JMC,1-85572-010-0,Хабаровск
2026-01-06 14:13:02,"Ремкомплект ГЦС 3/4"" SK80831 / 31420-1512 Hino Y",3,370,Yamasida,31420-1512.K,Хабаровск
2026-01-06 14:13:02,Ремкомплект ГЦС 30610-2T002 / SK52821 Nissan Y,23,362,Yamasida,30610-2T002.K,Хабаровск
2026-01-06 14:13:02,Ремкомплект ГЦС 31401-1070 Hino,1,1497,MIYACO,31401-1070,Хабаровск
2026-01-06 14:13:02,Ремкомплект ГЦС 31410-36062/31410-36060/SK44881 Toyota,17,375,Yamasida,31410-36062.K,Хабаровск
2026-01-06 14:13:02,"Ремкомплект ГЦС 31420-1820.K 3/4"" HINO FD1J,FG1J,GH1J Y",17,1200,Yamasida,31420-1820.K,Хабаровск
2026-01-06 14:13:02,Ремкомплект ГЦС 31420-26170/ SK44191 Toyota Y,31,371,Yamasida,31420-26170.K,Хабаровск
2026-01-06 14:13:02,"Ремкомплект ГЦС 5/8"" 31420-28110/ SK46551 Toyota",5,312,Yamasida,31420-28110.K,Хабаровск
2026-01-06 14:13:02,Ремкомплект ГЦС MB555145/ SK31151-2 Mitsubishi Y,4,125,Yamasida,MB555145.K,Хабаровск
2026-01-06 14:13:02,Ремкомплект двигателя D-125567 / 5-87813-353-0 T=1.75 1-отв 4HG1 NPR NQR 55/85 Дизель,5,5431,Дизель,D-125567,Хабаровск
2026-01-06 14:13:02,Ремкомплект двигателя D-128847 / 5-87816-352-0 T=1.05 4JJ1-TCC NLR/NMR 55/85 08~ Дизель,4,5575,Дизель,D-128847,Хабаровск
2026-01-06 14:13:02,Ремкомплект двигателя D-128848 / 5-87816-353-0 T=1.10 4JJ1-TCC NLR/NMR 55/85 08~ Дизель дефект,1,5143,Дизель,D-128848,Хабаровск
2026-01-06 14:13:02,Ремкомплект ДВС 4HK1 E-5 T=1.525 5-87818-559-2/5-87817-937-3 N-series ORIG,1,43559,Isuzu,5-87818-559-2,Хабаровск
2026-01-06 14:13:02,Ремкомплект ДВС 4HV1 5-87818-679-0/5-87817-027-2/5-87814-783-3 N-series (CNG) ГАЗ ORIG,1,25825,Isuzu,5-87818-679-0,Хабаровск
2026-01-06 14:13:02,Ремкомплект ДВС 6WG1 D-126425/1-87815-572-2/1-87814-667-0/1-87813-930-1 C-series Дизель,2,25090,Дизель,D-126425,Хабаровск
2026-01-06 14:13:02,Ремкомплект ДВС D-125052 / 1-87814-661-0 / 1-87814-662-1 6WG1 C-series Дизель,4,25313,Дизель,D-125052,Хабаровск
2026-01-06 14:13:02,Ремкомплект ДВС D2366,1,2003,,D2366,Хабаровск
2026-01-06 14:13:02,Ремкомплект ДВС HINO F20C 04010-0459 Matto,1,17281,Matto,04010-0459,Хабаровск
2026-01-06 14:13:02,Ремкомплект ДВС HINO H06CT/H07CT 04010-0362 Matto,6,8220,Matto,04010-0362,Хабаровск
2026-01-06 14:13:02,Ремкомплект ДВС HINO H07D 04010-0566 HL,1,10892,Huang Lin,04010-0566,Хабаровск
2026-01-06 14:13:02,Ремкомплект ДВС HINO J08C/ J08CT/C-TG 04010-0706 DF,2,6298,DRAGONFLYS,04010-0706,Хабаровск
2026-01-06 14:13:02,Ремкомплект ДВС HINO J08C/ J08CT/C-TG 04010-0706 Matto,24,12258,Matto,04010-0706,Хабаровск
2026-01-06 14:13:02,Ремкомплект ДВС HINO K13C 24V 04010-0604 Matto,1,17721,Matto,04010-0604,Хабаровск
2026-01-06 14:13:02,Ремкомплект ДВС HINO V25C 04010-3102 HL,3,28009,Huang Lin,04010-3102,Хабаровск
2026-01-06 14:13:02,Ремкомплект ДВС HINO W06D 04010-0315 Matto,10,5549,Matto,04010-0315,Хабаровск
2026-01-06 14:13:02,Ремкомплект ДВС HINO/T-DYNA N04C 04111-78780/04111-80312 W/KMF CH HL,7,6670,Huang Lin,04111-78780,Хабаровск
2026-01-06 14:13:02,Ремкомплект ДВС HYUNDAI\MMC D4AF 20910-41B20 Matto !,48,1413,Matto,20910-41B20,Хабаровск
2026-01-06 14:13:02,Ремкомплект ДВС HYUNDAI\MMC D4BF 20910-42B11 Matto !,29,2705,Matto,20910-42B11,Хабаровск
2026-01-06 14:13:02,Ремкомплект ДВС ISUZU 10PD1 1-87810-764-0 Matto,3,15804,Matto,1-87810-764-0,Хабаровск
2026-01-06 14:13:02,Ремкомплект ДВС ISUZU 10PВ1 1-87810-270-0 Matto !,5,7474,Matto,1-87810-270-0,Хабаровск
2026-01-06 14:13:02,Ремкомплект ДВС ISUZU 12PE-1 1-87811-311-0 HL,3,32616,Huang Lin,1-87811-311-0,Хабаровск
2026-01-06 14:13:02,Ремкомплект ДВС ISUZU 4BE1 5-87810-487-2 DF,4,4389,DRAGONFLYS,5-87810-487-2,Хабаровск
2026-01-06 14:13:02,Ремкомплект ДВС ISUZU 4HF1 5-87811-869-2 Matto,3,6151,Matto,5-87811-869-2,Хабаровск
2026-01-06 14:13:02,Ремкомплект ДВС ISUZU 4HF1 5-87813-948-1 / 800660-S-V002 Matto,10,6245,Matto,5-87813-948-1,Хабаровск
2026-01-06 14:13:02,Ремкомплект ДВС ISUZU 4HG1 5-87813-952-1 Matto,19,6359,Matto,5-87813-952-1,Хабаровск
2026-01-06 14:13:02,Ремкомплект ДВС ISUZU 4HK1 5-87815-035-0 Matto,3,16623,Matto,5-87815-035-0,Хабаровск
2026-01-06 14:13:02,Ремкомплект ДВС ISUZU 4HK1 5-87815-035-0 W/KMF+MT (1.65) HL,3,15478,Huang Lin,5-87815-035-0,Хабаровск
2026-01-06 14:13:02,Ремкомплект ДВС ISUZU 4HK1 E-4 1-87815-733-0/1-87814-349-0 FSR90/NQR90/NPR75 SKV,9,20087,SKV,1-87815-733-0,Хабаровск
2026-01-06 14:13:02,Ремкомплект ДВС ISUZU 4HK1T 5-87814-985-1 HL,5,14355,Huang Lin,5-87814-985-1,Хабаровск
2026-01-06 14:13:02,Ремкомплект ДВС ISUZU 4JA1/4JC1 5-87812-957-0 Matto,1,4369,Matto,5-87812-957-0,Хабаровск
2026-01-06 14:13:02,Ремкомплект ДВС ISUZU 4JB1 5-87810-289-1 / HFI4068 W/MT HL,1,4347,Huang Lin,HFI4068,Хабаровск
2026-01-06 14:13:02,Ремкомплект ДВС ISUZU 4JB1 5-87810-289-1 Matto,8,3989,Matto,5-87810-289-1,Хабаровск
2026-01-06 14:13:02,Ремкомплект ДВС ISUZU 4JG2 5-87811-554-0 DF,10,2488,DRAGONFLYS,5-87811-554-0,Хабаровск
2026-01-06 14:13:02,Ремкомплект ДВС ISUZU 4JG2 5-87811-554-0 HL,7,5773,Huang Lin,5-87811-554-0,Хабаровск
2026-01-06 14:13:02,Ремкомплект ДВС ISUZU 4JG2 5-87811-554-0 Matto,4,5423,Matto,5-87811-554-0,Хабаровск
2026-01-06 14:13:02,Ремкомплект ДВС ISUZU 6HE1 1-87811-045-0 DF,7,8337,DRAGONFLYS,1-87811-045-0,Хабаровск
2026-01-06 14:13:02,Ремкомплект ДВС ISUZU 6HH1 1-87811-078-2 HL,17,13839,Huang Lin,1-87811-078-2,Хабаровск
2026-01-06 14:13:02,Ремкомплект ДВС ISUZU 6HH1 1-87811-078-2 Matto,1,11835,Matto,1-87811-078-2,Хабаровск
2026-01-06 14:13:02,Ремкомплект ДВС ISUZU 6HK1 1-87812-316-0 HL,3,15623,Huang Lin,1-87812-316-0,Хабаровск
2026-01-06 14:13:02,Ремкомплект ДВС ISUZU 6HK1 Евро-4 1-87815-788-0 Matto,23,22364,Matto,1-87815-788-0,Хабаровск
2026-01-06 14:13:02,Ремкомплект ДВС ISUZU 6WG1 1-87812-014-0 / 1-87812-144-0 Matto,2,30934,Matto,1-87812-144-0,Хабаровск
2026-01-06 14:13:02,Ремкомплект ДВС ISUZU 8PC1 1-87810-318-4 Matto,2,14993,Matto,1-87810-318-4,Хабаровск
2026-01-06 14:13:02,Ремкомплект ДВС KOMATSU 4D105-3 6131-K1/K2-9901 Matto,1,2987,Matto,6131-K1/K2-9901,Хабаровск
2026-01-06 14:13:02,Ремкомплект ДВС KOMATSU 4D105-5 6134-K1/K2-5000 Matto,2,5736,Matto,6134-K1/K2-5000,Хабаровск
2026-01-06 14:13:02,Ремкомплект ДВС KOMATSU 4D95 6205-K1/K2-2100 Matto !,2,3261,Matto,6205-K1/K2-2100,Хабаровск
2026-01-06 14:13:02,Ремкомплект ДВС KOMATSU 4D951 6202-K1/K2-1000/1 Matto,2,2042,Matto,6202-K1/K2-1000/1100,Хабаровск
2026-01-06 14:13:02,Ремкомплект ДВС KOMATSU 6D102 6735-K1/K2-1110 Matto,2,16746,Matto,6735-K1/K2-1110,Хабаровск
2026-01-06 14:13:02,Ремкомплект ДВС KOMATSU 6D105 6137-K1/K2-9901 Matto !,1,4712,Matto,6137-K1/K2-9901,Хабаровск
2026-01-06 14:13:02,Ремкомплект ДВС KOMATSU 6D110 6136-K1/K2-9901 Matto,2,5304,Matto,6136-K1/K2-9901,Хабаровск
2026-01-06 14:13:02,Ремкомплект ДВС KOMATSU 6D125 6151-K1/K2-3000 Matto !,1,12161,Matto,6151-K1/K2-3000,Хабаровск
2026-01-06 14:13:02,Ремкомплект ДВС KOMATSU 6D170 6162-K1/K2-9901 Matto дефект,1,6633,Matto,6162-K1/K2-9901,Хабаровск
2026-01-06 14:13:02,Ремкомплект ДВС MAZDA HA 1363-99-100 HL,3,2543,Huang Lin,1363-99-100,Хабаровск
2026-01-06 14:13:02,Ремкомплект ДВС MAZDA HA 1363-99-100 Matto,8,2423,Matto,1363-99-100,Хабаровск
2026-01-06 14:13:02,Ремкомплект ДВС MAZDA HA SE01-99-100 Matto,5,2237,Matto,SE01-99-100,Хабаровск
2026-01-06 14:13:02,Ремкомплект ДВС MAZDA SL 8AW5-10-271/271A HL,8,3243,Huang Lin,8AW5-10-271,Хабаровск
2026-01-06 14:13:02,Ремкомплект ДВС MAZDA SL 8AW6-10-271 HL,3,5180,Huang Lin,8AW6-10-271,Хабаровск
2026-01-06 14:13:02,Ремкомплект ДВС MAZDA SL 8AWF-10-271 DF,1,2789,DRAGONFLYS,8AWF10271,Хабаровск
2026-01-06 14:13:02,Ремкомплект ДВС MAZDA SL 8AWF-10-271 Matto,6,3169,Matto,8AWF-10-271,Хабаровск
2026-01-06 14:13:02,Ремкомплект ДВС MAZDA SL SL01-99-100K Matto,14,2850,Matto,SL01-99-100K,Хабаровск
2026-01-06 14:13:02,Ремкомплект ДВС MAZDA TF 8AWR-10-271 Matto,2,7323,Matto,8AWR-10-271,Хабаровск
2026-01-06 14:13:02,Ремкомплект ДВС MAZDA TM 8DWM-10-271 Matto,1,8091,Matto,8DWM-10-271,Хабаровск
2026-01-06 14:13:02,Ремкомплект ДВС MAZDA XA S501-99-100 HL,6,2322,Huang Lin,S501-99-100,Хабаровск
2026-01-06 14:13:02,Ремкомплект ДВС ME996733 / HFM6537G MMC 6D17 HL,1,8987,Huang Lin,ME996733,Хабаровск
2026-01-06 14:13:02,Ремкомплект ДВС MMC 4D32 ME997273 DF,9,3510,DRAGONFLYS,ME997273,Хабаровск
2026-01-06 14:13:02,Ремкомплект ДВС MMC 4D32 ME997273 Matto,19,3880,Matto,ME997273,Хабаровск
2026-01-06 14:13:02,Ремкомплект ДВС MMC 4D33 ME997274 DF,5,3510,DRAGONFLYS,ME997274,Хабаровск
2026-01-06 14:13:02,Ремкомплект ДВС MMC 4D33 ME997274 Matto,14,3880,Matto,ME997274,Хабаровск
2026-01-06 14:13:02,Ремкомплект ДВС MMC 4D35 ME996360 DF,21,3510,DRAGONFLYS,ME996360,Хабаровск
2026-01-06 14:13:02,Ремкомплект ДВС MMC 4D35 ME996360 Matto,14,3764,Matto,ME996360,Хабаровск
2026-01-06 14:13:02,Ремкомплект ДВС MMC 4D36 ME996361 Matto,3,5443,Matto,ME996361,Хабаровск
2026-01-06 14:13:02,Ремкомплект ДВС MMC 4DR5 31694-00070 Matto,4,2348,Matto,31694-00070,Хабаровск
2026-01-06 14:13:02,Ремкомплект ДВС MMC 4DR7 ME997276 HL,1,4551,Huang Lin,ME997276,Хабаровск
2026-01-06 14:13:02,Ремкомплект ДВС MMC 4M50T ME994643/ME994658 DF,13,6912,DRAGONFLYS,ME994643,Хабаровск
2026-01-06 14:13:02,Ремкомплект ДВС MMC 4М40 ME996019 HL,2,5036,Huang Lin,ME996019,Хабаровск
2026-01-06 14:13:02,Ремкомплект ДВС MMC 4М51 МЕ993296 Matto,1,17198,Matto,ME993296,Хабаровск
2026-01-06 14:13:02,Ремкомплект ДВС MMC 6D14 ME038219 Matto,3,5238,Matto,ME038219,Хабаровск
2026-01-06 14:13:02,Ремкомплект ДВС MMC 6D16 ME999904 DF,5,4681,DRAGONFLYS,ME999904,Хабаровск
2026-01-06 14:13:02,Ремкомплект ДВС MMC 6D16-T ME997356 HL,4,8457,Huang Lin,ME997356,Хабаровск
2026-01-06 14:13:02,Ремкомплект ДВС MMC 6D16-T ME997356 Matto,1,8700,Matto,ME997356,Хабаровск
2026-01-06 14:13:02,Ремкомплект ДВС MMC 6D16A ME999903 HL,2,9457,Huang Lin,ME999903,Хабаровск
2026-01-06 14:13:02,Ремкомплект ДВС MMC 6D17 ME996291 Matto,8,7235,Matto,ME996291,Хабаровск
2026-01-06 14:13:02,Ремкомплект ДВС MMC 6D40 ME997295 Matto,2,22714,Matto,ME997295,Хабаровск
2026-01-06 14:13:02,Ремкомплект ДВС MMC 6M61 ME994756 Matto,2,26144,Matto,ME994756,Хабаровск
2026-01-06 14:13:02,Ремкомплект ДВС MMC 6M70-2AT ME993840 HL,1,29418,Huang Lin,ME993840,Хабаровск
2026-01-06 14:13:02,Ремкомплект ДВС MMC 6M70-2AT ME993875 HL,1,26655,Huang Lin,ME993875,Хабаровск
2026-01-06 14:13:02,Ремкомплект ДВС MMC 8DC9 ME067069 Matto,3,15280,Matto,ME067069,Хабаровск
2026-01-06 14:13:02,Ремкомплект ДВС MMC 8M20 ME996772 HL,1,19393,Huang Lin,ME996772,Хабаровск
2026-01-06 14:13:02,Ремкомплект ДВС MMC 8M20 ME996772 Matto,2,19723,Matto,ME996772,Хабаровск
2026-01-06 14:13:02,Ремкомплект ДВС NISSAN BD30 10101-54T25 Matto,3,3677,Matto,10101-54T25,Хабаровск
2026-01-06 14:13:02,Ремкомплект ДВС NISSAN FD35T 10101-01T26 Matto,1,5130,Matto,10101-01T26,Хабаровск
2026-01-06 14:13:02,Ремкомплект ДВС NISSAN FD42/FD46 10101-0T025 DF,6,4681,DRAGONFLYS,10101-0T025,Хабаровск
2026-01-06 14:13:02,Ремкомплект ДВС NISSAN FD42/FD46 10101-0T025 Matto,15,5549,Matto,10101-0T025,Хабаровск
2026-01-06 14:13:02,Ремкомплект ДВС NISSAN FE6A 10101-Z5087 HL,1,10662,Huang Lin,10101-Z5087,Хабаровск
2026-01-06 14:13:02,Ремкомплект ДВС NISSAN FE6A/T 10101-Z5085 Matto,3,9133,Matto,10101-Z5085,Хабаровск
2026-01-06 14:13:02,Ремкомплект ДВС NISSAN FE6T 10101-Z5728 Matto,4,8853,Matto,10101-Z5728,Хабаровск
2026-01-06 14:13:02,Ремкомплект ДВС NISSAN NF6TA 10101-95325 Matto !,3,5445,Matto,10101-95325,Хабаровск
2026-01-06 14:13:02,Ремкомплект ДВС NISSAN PE6T 10101-96728 Matto,5,12601,Matto,10101-96728,Хабаровск
2026-01-06 14:13:02,Ремкомплект ДВС NISSAN QD32 10101-65N29/HFN7225A HL,1,4214,Huang Lin,10101-65N29,Хабаровск
2026-01-06 14:13:02,Ремкомплект ДВС NISSAN RE10 10101-97229 Matto,1,12511,Matto,10101-97229,Хабаровск
2026-01-06 14:13:02,Ремкомплект ДВС NISSAN RF8 10101-97827 HL,5,21930,Huang Lin,10101-97827,Хабаровск
2026-01-06 14:13:02,Ремкомплект ДВС NISSAN RF8 10101-97827 Matto,1,20427,Matto,10101-97827,Хабаровск
2026-01-06 14:13:02,Ремкомплект ДВС NISSAN RF8 10101-Z0826 HL,3,21608,Huang Lin,10101-Z0826,Хабаровск
2026-01-06 14:13:02,Ремкомплект ДВС NISSAN RG8 10101-Z1327 HL,1,14618,Huang Lin,10101-Z1327,Хабаровск
2026-01-06 14:13:02,Ремкомплект ДВС NISSAN RG8 10101-Z1327 Matto !,3,19389,Matto,10101-Z1327,Хабаровск
2026-01-06 14:13:02,Ремкомплект ДВС NISSAN RH8 10101-Z3025 HL,2,33894,Huang Lin,10101-Z3025,Хабаровск
2026-01-06 14:13:02,Ремкомплект ДВС NISSAN RH8 10101-Z3025 Matto !,1,18718,Matto,10101-Z3025,Хабаровск
2026-01-06 14:13:02,Ремкомплект ДВС NISSAN TD25 10101-43G25 Matto,1,3653,Matto,10101-43G25,Хабаровск
2026-01-06 14:13:02,Ремкомплект ДВС NISSAN TD27 10101-43G27 Matto,4,3594,Matto,10101-43G27,Хабаровск
2026-01-06 14:13:02,Ремкомплект ДВС TOYOTA 13B 04111-58020 Matto,3,2423,Matto,04111-58020,Хабаровск
2026-01-06 14:13:02,Ремкомплект ДВС TOYOTA 14B 04111-58070 DF,8,3510,DRAGONFLYS,04111-58070,Хабаровск
2026-01-06 14:13:02,Ремкомплект ДВС TOYOTA 15B 04111-58100 HL,4,6409,Huang Lin,04111-58100,Хабаровск
2026-01-06 14:13:02,Ремкомплект ДВС TOYOTA 15BFT 04111-58112 / 900791-S-9000 Matto,6,6472,Matto,04111-58112,Хабаровск
2026-01-06 14:13:02,Ремкомплект ДВС TOYOTA 15BFT 04111-58112 HL,2,6880,Huang Lin,04111-58112,Хабаровск
2026-01-06 14:13:02,Ремкомплект ДВС TOYOTA 3L 04111-54094 HL,4,5065,Huang Lin,04111-54094,Хабаровск
2026-01-06 14:13:02,Ремкомплект ДВС TOYOTA 3L 04111-54094 Matto,3,4248,Matto,04111-54094,Хабаровск
2026-01-06 14:13:02,Ремкомплект ДВС TOYOTA S05C 04111-78360 Matto,1,11755,Matto,04111-78360,Хабаровск
2026-01-06 14:13:02,Ремкомплект ДВС TOYOTA/HINO 300 N04C 04111-E0D82 / 901540-S-V002 Matto,23,10685,Matto,04111-E0D82,Хабаровск
2026-01-06 14:13:02,Ремкомплект заслонки моторного тормоза A5411404353 Mercedes ориг !,1,38540,Mercedes,A 541 140 43 53,Хабаровск
2026-01-06 14:13:02,Ремкомплект качели китайского полуприцепа 50-215-270 / 044-02-0045 / Ø50mm x 215mm x 270mm / палец с втулками в качелю китайского полуприцепа / SP52 /,1,3113,JMC,044-02-0045,Хабаровск
2026-01-06 14:13:02,Ремкомплект корзины сцепления NY002,1,2568,Дизель,NY002,Хабаровск
2026-01-06 14:13:02,Ремкомплект корзины сцепления NY004,1,3578,Дизель,NY004,Хабаровск
2026-01-06 14:13:02,Ремкомплект корзины сцепления NY005,1,4192,Дизель,NY005,Хабаровск
2026-01-06 14:13:02,Ремкомплект корзины сцепления NY006,1,2698,Дизель,NY006,Хабаровск
2026-01-06 14:13:02,Ремкомплект корзины сцепления NY007,1,2698,Дизель,NY007,Хабаровск
2026-01-06 14:13:02,Ремкомплект корзины сцепления NY017,1,1927,Дизель,NY017,Хабаровск
2026-01-06 14:13:02,Ремкомплект корзины сцепления NY018,1,2110,Дизель,NY018,Хабаровск
2026-01-06 14:13:02,Ремкомплект корзины сцепления NY019,1,1606,Дизель,NY019,Хабаровск
2026-01-06 14:13:02,Ремкомплект корзины сцепления SAI002,2,2935,JMC,SAI002,Хабаровск
2026-01-06 14:13:02,Ремкомплект КПП (прокладки) 6DS60T JAC/Камаз/Маз (NON-GENUIN),7,2243,Дизель,6DS60T,Хабаровск
2026-01-06 14:13:02,Ремкомплект КПП Fuller (комплект прокладок) F3000/F2000,1,565,JMC,F3000-F2000,Хабаровск
2026-01-06 14:13:02,Ремкомплект крана 44069-2230; (ТАЙВАНЬ),1,1807,JMC,44069-2230,Хабаровск
2026-01-06 14:13:02,Ремкомплект масловлагоотделителя D-129606 / HDS-019 / MK355939 / DU-3 Дизель,39,2702,Дизель,D-129606,Хабаровск
2026-01-06 14:13:02,"Ремкомплект масловлагоотделителя D-129608 / HDS-053 / DU-3,4,5 Дизель",13,1265,Дизель,D-129608,Хабаровск
2026-01-06 14:13:02,"Ремкомплект масловлагоотделителя D-129609 / HDS-056 / ME709265 / DR-5,6,31 Дизель",5,853,Дизель,D-129609,Хабаровск
2026-01-06 14:13:02,"Ремкомплект масловлагоотделителя D-129610 / HDS-057 / DU-3,4,5 Дизель",25,1138,Дизель,D-129610,Хабаровск
2026-01-06 14:13:02,Ремкомплект наконечника поперечной тяги D-128858 / 1-85574-041-0 31x48x34 CX#/CY#/CV#/LV 87~ Дизель,1,445,Дизель,D-128858,Хабаровск
2026-01-06 14:13:02,Ремкомплект наконечника тяги 45430-1280-RK HINO 2Y#240 CH !,16,1844,Chase,45430-1280,Хабаровск
2026-01-06 14:13:02,Ремкомплект наконечника тяги 45430-1280B-RK-O / M HINO 2Y#240 CH !,14,2189,Chase,45430-1280,Хабаровск
2026-01-06 14:13:02,"Ремкомплект насоса ГУР D-127268 / 9344-0327 / MC814148 / 1-85574-004-1 MMC, ISUZU Дизель",11,810,Дизель,D-127268,Хабаровск
2026-01-06 14:13:02,Ремкомплект насоса ГУР D-127270 / 9344-0330 /1875201800 / 1855740141 / MC826334 / MC813860 Дизель,7,834,Дизель,D-127270,Хабаровск
2026-01-06 14:13:02,Ремкомплект осушителя воздуха тормозной системы 8-98226-328-0 FVR34/FSR34 6HK1 ORIG,22,16157,Isuzu,8-98226-328-0,Хабаровск
2026-01-06 14:13:02,Ремкомплект ПГУ сцепления 1-31829-414-0,1,4317,HNTC,1-31829-414-0,Хабаровск
2026-01-06 14:13:02,Ремкомплект пневмотормоза D-129577 / HDA-097 HINO Дизель,3,1260,Дизель,D-129577,Хабаровск
2026-01-06 14:13:02,Ремкомплект пневмоусилителя D-127271 / 9323-3501 / 1-87520-205-0 / ISU10PC1 Дизель,3,1295,Дизель,D-127271,Хабаровск
2026-01-06 14:13:02,Ремкомплект подшипника подвесного карданного вала 490873 /A6593300651 Diesel Technic,4,4961,Diesel Technic,4.90873,Хабаровск
2026-01-06 14:13:02,Ремкомплект помпы 10PC1 1-13610-636-2 B4285 ASAHI !,2,4646,Asahi,B4285,Хабаровск
2026-01-06 14:13:02,Ремкомплект помпы 10PC1 1-13610-738-0 B4289 ASAHI !,1,4020,Asahi,B4289,Хабаровск
2026-01-06 14:13:02,Ремкомплект помпы 12PC1 1-13610-637-2 B4287 ASAHI !,3,3030,Asahi,B4287,Хабаровск
2026-01-06 14:13:02,Ремкомплект помпы 12PC1 1-13610-740-0 B4290 ASAHI !,4,4467,Asahi,B4290,Хабаровск
2026-01-06 14:13:02,Ремкомплект помпы 4D30/31/32/33/34/35/36 MR-57 ME015217 Asahi,1,1554,NPW,MR-57,Хабаровск
2026-01-06 14:13:02,Ремкомплект помпы 6D22 ME055222 B3658 ASAHI !,3,3928,Asahi,B3658,Хабаровск
2026-01-06 14:13:02,Ремкомплект помпы 8PB1/8PC1/10PA1/10PC1 1-13610-753-0 B4283 ASAHI !,3,6315,Asahi,B4283,Хабаровск
2026-01-06 14:13:02,Ремкомплект помпы 8PC/12PC1 1-13610-486-2 B4284 ASAHI !,1,3092,Asahi,B4284,Хабаровск
2026-01-06 14:13:02,Ремкомплект помпы 8PC1 1-13610-741-0 B4288 ASAHI !,2,2912,Asahi,B4288,Хабаровск
2026-01-06 14:13:02,Ремкомплект помпы B5857 16100-2453 EK100,1,7449,Asahi,16100-2453,Хабаровск
2026-01-06 14:13:02,Ремкомплект помпы EK100 16100-2452 B5856 ASAHI !,1,5202,Asahi,B5856,Хабаровск
2026-01-06 14:13:02,Ремкомплект помпы PF6T/GE13/RH8 21010-96226 B2124 ASAHI,2,3610,Asahi,B2124,Хабаровск
2026-01-06 14:13:02,Ремкомплект продольной тяги 1-85574-061-0 ISUZU CXZ/CYL CHASE,1,1307,Chase,1-85574-061-0,Хабаровск
2026-01-06 14:13:02,Ремкомплект Р.Т.Ц. SK43121R/WK-637 04906-36080 (SC47601R (8) +SC40274 (4) +SC40694 (4)) 1'' Seiken,1,654,JMC,04906-36080,Хабаровск
2026-01-06 14:13:02,Ремкомплект рабочего тормозного цилиндра G-brake GK-056,1,950,JMC,GK-056,Хабаровск
2026-01-06 14:13:02,Ремкомплект рабочего цилиндра сцепления 41710-43A00 Grace,1,96,KOS,41710-43А00,Хабаровск
2026-01-06 14:13:02,Ремкомплект реактивной тяги 93162288 / 51135 / 1806753 D95*152*21*24mm ROSTAR !,1,1420,Rostar,180.6753,Хабаровск
2026-01-06 14:13:02,"Ремкомплект редуктора D-127500 / KD088 крестовина, сателлиты, шестерни, шайбы ISUZU Дизель",1,9478,Дизель,D-127500,Хабаровск
2026-01-06 14:13:02,"Ремкомплект редуктора D-127506 / KD165 крестовина, сателлиты, шестерни, шайбы HINO Дизель",1,39004,Дизель,D-127506,Хабаровск
2026-01-06 14:13:02,"Ремкомплект редуктора D-129528 / KD109 (крестовина, сателлиты, шестерни, шайбы) MMC Fuso Дизель",6,7677,Дизель,D-129528,Хабаровск
2026-01-06 14:13:02,"Ремкомплект РТЦ 1-47600-682-0 / SK31671R Isuzu 55.56mm CXZ20TV10,CJM,CPM,FTR Y",11,1351,Yamasida,1-47600-682-0.K,Хабаровск
2026-01-06 14:13:02,"Ремкомплект РТЦ 44100-3T010.K 7/8"" NISSAN ATLAS/CABSTARF23 Y",4,425,Yamasida,44100-3T010.K,Хабаровск
2026-01-06 14:13:02,"Ремкомплект РТЦ 44100-90205.K / SK51271R2 1-11/16"" NISSAN UD14.5T,CP87 ""SY"" !",18,714,Yamasida,44100-90205.K,Хабаровск
2026-01-06 14:13:02,"Ремкомплект РТЦ 44100-90216.K / SK81331R 44mm NISSAN CK45021T ""SY"" !",7,365,Yamasida,44100-90216.K,Хабаровск
2026-01-06 14:13:02,"Ремкомплект РТЦ 44101-90017.K / SK51271R2 1-11/16"" NISSAN UD14.5T,CP87 ""SY"" !",4,328,Yamasida,44101-90017.K,Хабаровск
2026-01-06 14:13:02,"Ремкомплект РТЦ 47510-1440.K 1-1/2"" HINO FD11T Y",6,385,Yamasida,47510-1440.K,Хабаровск
2026-01-06 14:13:02,"Ремкомплект РТЦ 47510-36091.K / SK45071F 1-1/8"" TOYOTA DYNABU1023.5T ""SY"" !",8,117,Yamasida,47510-36091.K,Хабаровск
2026-01-06 14:13:02,"Ремкомплект РТЦ 47520-36101.K / SK45081F TOYOTA 1-1/8"" DYNABU6#,8#6W ""SY"" !",4,326,Yamasida,47520-36101.K,Хабаровск
2026-01-06 14:13:02,"Ремкомплект РТЦ 47520-36162.K 1-1/8"" TOYOTA DYNABU1023.5T ""SY"" !",2,106,Yamasida,47520-36162.K,Хабаровск
2026-01-06 14:13:02,"Ремкомплект РТЦ 47520-36180.K / 47540-36180.K / SK45061F2 11/8"" TOYOTA DYNAXZU300L,320L ""SY""",9,210,Yamasida,47520-36180.K,Хабаровск
2026-01-06 14:13:02,"Ремкомплект РТЦ 47520-37030.K TOYOTA 1-1/8"" DYNABU1026.1T,BU112,2126.5T Y",18,145,Yamasida,47520-37030.K,Хабаровск
2026-01-06 14:13:02,"Ремкомплект РТЦ 47520-37070.K 1-1/8"" TOYOTA DYNABU211,221 ""SY"" !",28,136,Yamasida,47520-37070.K,Хабаровск
2026-01-06 14:13:02,"Ремкомплект РТЦ 47520-37100.K / SK82851F 1-3/16"" TOYOTA DYNAXZU330L,340L ""SY"" !",8,435,Yamasida,47520-37100.K,Хабаровск
2026-01-06 14:13:02,"Ремкомплект РТЦ 47530-37080.K / SK82851F 1-3/16"" TOYOTA DYNAXZU330L,340L ""SY"" Y !",2,428,Yamasida,47530-37080.K,Хабаровск
2026-01-06 14:13:02,"Ремкомплект РТЦ 47540-37100.K / SK82851F 1-3/16"" TOYOTA DYNAXZU330L,340L ""SY"" !",11,213,Yamasida,47540-37100.K,Хабаровск
2026-01-06 14:13:02,"Ремкомплект РТЦ 47550-2690.K 2-5/16"" HINO FG15T,GH17T ""SY"" (58,7 см) Yamasida недокомплект",1,632,Yamasida,47550-2690.K,Хабаровск
2026-01-06 14:13:02,"Ремкомплект РТЦ 47550-37050.K / SK41241R 1"" TOYOTA DYNABU101,11# ""SY"" !",7,205,Yamasida,47550-37050.K,Хабаровск
2026-01-06 14:13:02,"Ремкомплект РТЦ 47550-37120.K / SK45051R TOYOTA 1-1/8"" DYNAXZU300L,320L 2001~ ""SY"" !",24,202,Yamasida,47550-37120.K,Хабаровск
2026-01-06 14:13:02,"Ремкомплект РТЦ 47550-37140.K / SK82851R 1-3/16"" TOYOTA DYNAXZU330L,340L ""SY"" !",10,458,Yamasida,47550-37140.K,Хабаровск
2026-01-06 14:13:02,"Ремкомплект РТЦ 47560-1450B.K HINO 1-1/2"" MFD10.4T,FC8.6T,8.7T 1992~ Y",7,1051,Yamasida,47560-1450B.K,Хабаровск
2026-01-06 14:13:02,"Ремкомплект РТЦ 47560-37020.K/47570-37010.K/47550-37050.K/SK41241R 1"" TOYOTA DYNABU101,11# Y",15,135,Yamasida,47560-37020.K,Хабаровск
2026-01-06 14:13:02,"Ремкомплект РТЦ 47560-37081.K 1-1/8"" HINO DUTRO ""SY"" !",3,152,Yamasida,47560-37081.K,Хабаровск
2026-01-06 14:13:02,"Ремкомплект РТЦ 47570-37030.K 1-3/16"" TOYOTA DYNABU211,221 Y",9,264,Yamasida,47570-37030.K,Хабаровск
2026-01-06 14:13:02,"Ремкомплект РТЦ 47570-37071.K 1-1/8"" HINO DUTRO Y",2,138,Yamasida,47570-37071.K,Хабаровск
2026-01-06 14:13:02,"Ремкомплект РТЦ 47570-37080.K / SK45051R TOYOTA 1-1/8"" DYNAXZU300L,320L ""SY"" !",14,187,Yamasida,47570-37080.K,Хабаровск
2026-01-06 14:13:02,"Ремкомплект РТЦ 47570-37100.K 13/16"" TOYOTA DYNAXZU330L,340L ""SY"" !",4,402,Yamasida,47570-37100.K,Хабаровск
2026-01-06 14:13:02,"Ремкомплект РТЦ 47580-36070.K / SK41231R TOYOTA 1-1/4"" DYNABU91,96,WU90,95 1988~95 ""SY"" !",14,162,Yamasida,47580-36070.K,Хабаровск
2026-01-06 14:13:02,"Ремкомплект РТЦ 47580-37010.K / SK45341R 1"" TOYOTA DYNABU101,11# ""SY"" !",27,162,Yamasida,47580-37010.K,Хабаровск
2026-01-06 14:13:02,"Ремкомплект РТЦ 47580-37030.K / SK45061R2 1-3/16"" TOYOTA DYNABU211,221 ""SY"" !",13,224,Yamasida,47580-37030.K,Хабаровск
2026-01-06 14:13:02,"Ремкомплект РТЦ 47580-37071.K 1-1/8"" HINO DUTRO ""SY"" !",28,146,Yamasida,47580-37071.K,Хабаровск
2026-01-06 14:13:02,Ремкомплект РТЦ 5-87831-598-0.K / SK81651F2 ISUZU 1-3/16'' NKR/NPR/NKS 94~ Y,62,576,Yamasida,5-87831-598-0.K,Хабаровск
2026-01-06 14:13:02,Ремкомплект РТЦ 5-87832-051-0/5-87832-185-0 NPR/NQR ORIG,21,1278,Isuzu,5-87832-051-0,Хабаровск
2026-01-06 14:13:02,Ремкомплект РТЦ 8-97358-881-0 ISUZU 1-5/16'' NPR/NQR 02~ Y,21,449,Yamasida,8-97358-881-0.K,Хабаровск
2026-01-06 14:13:02,Ремкомплект рулевой тяги поперечной 961-4320 BS106,2,1406,Дизель,961-4320,Хабаровск
2026-01-06 14:13:02,Ремкомплект ручного тормоза DHBR5850 MYY5T D-128110/8-53485-585-0 ISUZU N-series Дизель,5,475,Дизель,D-128110,Хабаровск
2026-01-06 14:13:02,"Ремкомплект РЦС 3/4"" SK43371-2 / 31470-36212 / 31470-36213 Toyota Y",11,292,Yamasida,31470-36213.K,Хабаровск
2026-01-06 14:13:02,"Ремкомплект РЦС 3/4"" SK52971 / 30620-0T003 Nissan Y",8,217,Yamasida,30620-0T003.K,Хабаровск
2026-01-06 14:13:02,"Ремкомплект РЦС 3/4"" SK53171 / 30620-0T011 Nissan Y",16,229,Yamasida,30620-0T011.K,Хабаровск
2026-01-06 14:13:02,"Ремкомплект РЦС 7/8"" SK21301 / W201-41-920B Mazda Y",28,300,Yamasida,W201-41-920B.K,Хабаровск
2026-01-06 14:13:02,Ремкомплект РЦС SK82691/8-97160-881-0/8-97212-015-0 Isuzu,21,311,Yamasida,8-97160-881-0.K,Хабаровск
2026-01-06 14:13:02,Ремкомплект седельно-сцепного устройства D-129846 / SK2421-78 Дизель,5,11284,Дизель,D-129846,Хабаровск
2026-01-06 14:13:02,Ремкомплект ступицы 75453 /A9403500035 Mercedes/Auger !,2,6409,JMC,75453,Хабаровск
2026-01-06 14:13:02,Ремкомплект супорта MC894618 SP-S201/SP-201 51.1 FE537/FE568 FRONT,1,5587,JMC,MC894618,Хабаровск
2026-01-06 14:13:02,Ремкомплект суппорта (пятаки) для TSB3709/4309/4312 0980107631 BPW Orig !,2,5537,BPW,09.801.07.63.1,Хабаровск
2026-01-06 14:13:02,"Ремкомплект суппорта 260-10361/SP-A361P/A-361P 8-97029-981-0/... 2"" NHR54/NHR69 FRONT (SEIKEN) / 260-10361 / 8-97029-981-0 / 8-97029-981-0/8-97029-981-1/8-97029-964-1/8-97029-965-1 / SP-A361P/A-361P / SEIKEN",2,2912,JMC,8-97029-981-0,Хабаровск
2026-01-06 14:13:02,Ремкомплект суппорта D-128192 / 8-98302-532-0 NPR75 E-5 Дизель,130,583,Дизель,D-128192,Хабаровск
2026-01-06 14:13:02,Ремкомплект суппорта D-128193 / MK528490 FR/RR FUSO CANTER FE85D E-4 Дизель,111,405,Дизель,D-128193,Хабаровск
2026-01-06 14:13:02,Ремкомплект суппорта G-brake GK-003,1,1031,JMC,GK-003,Хабаровск
2026-01-06 14:13:02,Ремкомплект суппорта Seiken 240-10429 (SP-A429P),1,3025,JMC,240-10429,Хабаровск
2026-01-06 14:13:02,Ремкомплект суппорта большой 53890 = 3890 Auger !,3,2874,Auger,53890,Хабаровск
2026-01-06 14:13:02,Ремкомплект суппорта перед. 260-40248/SP-248 D-129529 / MB334337 CANTER FE439EV Дизель,14,1019,Дизель,D-129529,Хабаровск
2026-01-06 14:13:02,Ремкомплект суппорта перед. 277-40201/SP-201 D-129530 / MC894618 51.1 FE537/FE568 Дизель,7,1174,Дизель,D-129530,Хабаровск
2026-01-06 14:13:02,Ремкомплект суппорта тормозного (2 суппорта) D-128194 / 04478-37230 HINO 300/E-3/E-4 Дизель,22,583,Дизель,D-128194,Хабаровск
2026-01-06 14:13:02,Ремкомплект суппорта тормозного 8-98302-529-0/8-98120-383-0 N-series ORIG,30,3099,Isuzu,8-98302-529-0,Хабаровск
2026-01-06 14:13:02,Ремкомплект суппорта тормозного 8-98302-530-0 ORIG,59,2433,Isuzu,8983025300,Хабаровск
2026-01-06 14:13:02,Ремкомплект тормозного вала 010592/51375 /A3604200341 / 07477/ 016.102-00A Mercedes/Sampa,12,2370,Sampa,010.592,Хабаровск
2026-01-06 14:13:02,Ремкомплект тормозного вала 3604200441SKV /06369590014S /81503080006S MAN/MB Actros 42x62x20/25 SKV,2,1115,SKV,3604200441SKV,Хабаровск
2026-01-06 14:13:02,Ремкомплект тормозного вала 51375 /A3604200341 / 07477 / 010592/016.102-00A Mercedes/Auger,17,2460,Auger,51375,Хабаровск
2026-01-06 14:13:02,"Ремкомплект тормозного вала на сторону 0980102131SKV/09.801.02.13.1 42*46*72,5 BPW",49,865,SKV,0980102131SKV,Хабаровск
2026-01-06 14:13:02,Ремкомплект тормозного крана D-129590 / HDE-041 / MK326827 MMC FUSO Дизель,1,502,Дизель,D-129590,Хабаровск
2026-01-06 14:13:02,"Ремкомплект тормозного крана, педали D-129531 / 47069-1030 / HNTC1030 SH1E/FS1E 2004- Дизель",7,1585,Дизель,D-129531,Хабаровск
2026-01-06 14:13:02,Ремкомплект тормозного механизма (tipo RBSK 1408) 42559512 / 963594 / 54271 / 963035 AUGER !,1,7283,Auger,54271,Хабаровск
2026-01-06 14:13:02,"Ремкомплект тормозного суппорта (для поршня ? 48 mm, суппорт Lucas) BC-0342",1,300,JMC,BC-0342,Хабаровск
2026-01-06 14:13:02,Ремкомплект тормозов (пружины) 93162113/93161627/963539 Techno Brake,1,806,Technobrake,963539,Хабаровск
2026-01-06 14:13:02,Ремкомплект тяги продольной 45412-0601 HINO SH# CH,2,1650,Chase,45412-0601,Хабаровск
2026-01-06 14:13:02,Ремкомплект тяги продольной 45412-0601-2 HINO SH# CH,4,1968,Chase,45412-0601-2,Хабаровск
2026-01-06 14:13:02,Ремкомплект тяги продольной 45412-0601N HINO SH# CH,9,2334,Chase,45412-0601N,Хабаровск
2026-01-06 14:13:02,"Ремкомплект тяги продольной 45412-1130/HO-1130-RK HINO 10t D пальца=28,2/25.8 CH",3,1855,Chase,45412-1130,Хабаровск
2026-01-06 14:13:02,Ремкомплект тяги продольной 5-44261-048-0/IS-R01-019-RK ISUZU SBR 6BB1 CH,35,814,Chase,5-44261-048-0,Хабаровск
2026-01-06 14:13:02,Ремкомплект тяги рулевой 48574-Z2004 NISSAN UD CZ53BN RD8 PD6 repaire kit CH,9,2064,Chase,48574-Z2004,Хабаровск
2026-01-06 14:13:02,Ремкомплект уплотнений цилиндра подъема кабины 42538933 Iveco Orig !,1,4954,Iveco,42538933,Хабаровск
2026-01-06 14:13:02,Ремкомплект цилиндра подъёма кабины D-129532 / 52099-1080 HINO 92~ Дизель,14,1330,Дизель,D-129532,Хабаровск
2026-01-06 14:13:02,Ремкомплект шворневой D-126812 / 3001044-4E 48х278 FAW Дизель,24,3822,Дизель,D-126812,Хабаровск
2026-01-06 14:13:02,"Ремкомплект шворневой D-127535 / КР-324 / MH-60 / 43231-1320 35х186,5mm Дизель",3,2325,Дизель,D-127535,Хабаровск
2026-01-06 14:13:02,Ремкомплект шворневой D-127536 / КР-425 / MT-05 / 04431-36030 28х160mm Дизель,9,1446,Дизель,D-127536,Хабаровск
2026-01-06 14:13:02,"Ремкомплект шворневой D-127542 / KP-231 / MI-08 5-87830-536-0 30*187,5mm Дизель",12,1434,Дизель,D-127542,Хабаровск
2026-01-06 14:13:02,Ремкомплект шворневой D-127547 / КР-224 / MI-52 / 1-87830064-0 4-6t 35*199mm Дизель,21,2597,Дизель,D-127547,Хабаровск
2026-01-06 14:13:02,Ремкомплект шворневой D-127549 / КР-222 / MI-56 / 1-87831-111-4 8-11t 50х252mm Дизель,14,4674,Дизель,D-127549,Хабаровск
2026-01-06 14:13:02,Ремкомплект шворневой D-127552 / КР-137 / MN-57 / 40025-90725 47х239mm Дизель,24,3346,Дизель,D-127552,Хабаровск
2026-01-06 14:13:02,Ремкомплект шворневой D-127554 / КР-532 / MM-59 50х243mm Дизель,8,4013,Дизель,D-127554,Хабаровск
2026-01-06 14:13:02,Ремкомплект шворневой D-127555 / КР-605 / MZ-02 / 1316-99-330 3t 30*174mm Дизель,25,1558,Дизель,D-127555,Хабаровск
2026-01-06 14:13:02,Ремкомплект шворневой D-128055 / KP-322 / NY322 / MH53 / 04431-E0020 50*252 HINO700/500 Дизель,8,3395,Дизель,D-128055,Хабаровск
2026-01-06 14:13:02,Ремкомплект шкворневой 550284 (на сторону) Scania,41,2843,NamYang,550284,Хабаровск
2026-01-06 14:13:02,Ремкомплект шкворневой D-125754 / 1-87831-349-1 / 1-87831-111-7 (к-т на ось) CYZ51/FVR34 Дизель,1,4553,Дизель,D-125754,Хабаровск
2026-01-06 14:13:02,Ремкомплект шкворневой D-126293 / KP-231 / 5-87832-219-4 / 5-87832-399-0 NQR90/NPR75 Дизель,13,1302,Дизель,D-126293,Хабаровск
2026-01-06 14:13:02,Ремкомплект шкворневой D-128069 / KP-233 / 5-87831-608-0 30x188mm Дизель,52,1179,Дизель,D-128069,Хабаровск
2026-01-06 14:13:02,Ремкомплект шкворневой D-128655 / HD95009410054 D=50/51 L=223 SHACMAN X3000 Дизель,1,3885,Дизель,D-128655,Хабаровск
2026-01-06 14:13:02,Ремкомплект шкворневой D-128662 / WG4095415002 D=51/52 L=236 Sitrak/Howo T5G Дизель,1,4591,Дизель,D-128662,Хабаровск
2026-01-06 14:13:02,Ремкомплект шкворневой D-128958 / 199112410057-XLB 43-47x205mm Дизель,3,3601,Дизель,D-128958,Хабаровск
2026-01-06 14:13:02,Ремкомплект шкворневой D-129086 / K56771-45600 / HD3T 30х180mm HD72/78 Дизель,17,1500,Дизель,D-129086,Хабаровск
2026-01-06 14:13:02,Ремкомплект шкворневой D-129811 / KP-538 / КР-550 / MM-72 / MC994307 45*216mm Дизель,4,3083,Дизель,D-129811,Хабаровск
2026-01-06 14:13:02,Ремкомплект шкворневой NY-161 / 40025-NA01J,1,4539,JMC,40025-NA01J,Хабаровск
2026-01-06 14:13:02,Ремкомплект шкворней F2000 на ось 50-49 качество WAYTEKO PREMIUM,1,7618,JMC,F2000,Хабаровск
2026-01-06 14:13:02,Ремни клиновые BANDO 2620,1,303,Bando,2620,Хабаровск
2026-01-06 14:13:02,Ремни клиновые BANDO 3610,1,521,Aurochs,3610,Хабаровск
2026-01-06 14:13:02,Ремни клиновые BANDO 5330,1,424,Aurochs,5330,Хабаровск
2026-01-06 14:13:02,Ремни клиновые BANDO 5820,1,550,Bando,5820,Хабаровск
2026-01-06 14:13:02,Ремни клиновые BANDO 5840,3,1174,Bando,5840,Хабаровск
2026-01-06 14:13:02,Ремни клиновые BANDO 7365,1,341,Bando,7365,Хабаровск
2026-01-06 14:13:02,Ремни клиновые BANDO 7380,1,355,Bando,7380,Хабаровск
2026-01-06 14:13:02,Ремни клиновые BANDO 7390,1,363,Bando,7390,Хабаровск
2026-01-06 14:13:02,Ремни клиновые BANDO 7410,2,385,Bando,7410,Хабаровск
2026-01-06 14:13:02,Ремни клиновые BANDO 7420,3,453,Bando,7420,Хабаровск
2026-01-06 14:13:02,Ремни клиновые BANDO 7860,1,642,Bando,7860,Хабаровск
2026-01-06 14:13:02,Ремни клиновые BANDO 7880,2,592,Bando,7880,Хабаровск
2026-01-06 14:13:02,Ремни клиновые BANDO 7895,1,510,Bando,7895,Хабаровск
2026-01-06 14:13:02,Ремни клиновые BANDO 7900,2,606,Bando,7900,Хабаровск
2026-01-06 14:13:02,Ремни клиновые BANDO 7915,2,616,Bando,7915,Хабаровск
2026-01-06 14:13:02,Ремни клиновые BANDO 7930,2,627,JMC,7930,Хабаровск
2026-01-06 14:13:02,Ремни клиновые BANDO 9720,2,598,Bando,9720,Хабаровск
2026-01-06 14:13:02,Ремни клиновые BANDO 9760,2,628,JMC,9760,Хабаровск
2026-01-06 14:13:02,Ремни клиновые BANDO 9765,2,634,Bando,9765,Хабаровск
2026-01-06 14:13:02,Ресивер воздушный D-126592 / WG9000360773 / WG9100360786 Sitrak C7H Дизель,2,4229,Дизель,D-126592,Хабаровск
2026-01-06 14:13:02,Ресивер воздушный D-126593 / WG9000360787 Sitrak C7H Дизель,1,4752,Дизель,D-126593,Хабаровск
2026-01-06 14:13:02,Ресивер воздушный D-126594 / WG9000360789 Sitrak C7H Дизель,1,2865,Дизель,D-126594,Хабаровск
2026-01-06 14:13:02,Рессивер воздушный A-001 44802-3480 PM,2,5579,Paul Master,44802-3480,Хабаровск
2026-01-06 14:13:02,Рессивер воздушный A-001 44802-3490 BU XZU PM,3,6222,Paul Master,A-001,Хабаровск
2026-01-06 14:13:02,Рессивер воздушный A-002 44802-6210 PM,1,3099,Paul Master,A-002,Хабаровск
2026-01-06 14:13:02,"Рессора (унив) без 1,2 листов UNI-734 70-13-1040/780/520/260 к HPF5/MPF5/MPR5 70/13/1040/780/520/260",28,5218,SKV,UNI-734,Хабаровск
2026-01-06 14:13:02,Рессора в сборе (с подрес-м) 8-98064-447-0 11/17*70 Isuzu FSR90 rear (2втулки 25*30*68) SKV,12,24782,SKV,8-98064-447-0,Хабаровск
2026-01-06 14:13:02,Рессора в сборе (с подрес-м) 8980799040SKV Isuzu NQR90 rear (сайлент) SKV,3,17494,SKV,8980799040SKV,Хабаровск
2026-01-06 14:13:02,Рессора в сборе (с подрес-м) ML291242SKV MMC Canter TF E-5 (2втулки 28*34*68) SKV,54,18237,SKV,ML291242SKV,Хабаровск
2026-01-06 14:13:02,Рессора в сборе (с подрес.) 55100-62002 11*70 HYUNDAI HD120 04~ rear (2 втулки 28*34*68) SKV,10,26381,SKV,55100-62002,Хабаровск
2026-01-06 14:13:02,Рессора в сборе 09712000SKV / 257927 32*100/900*990мм VOLVO FH/FM Front 2 листа,7,24268,SKV,09712000,Хабаровск
2026-01-06 14:13:02,Рессора в сборе 09714000SKV / 257928 22/25*100 VOLVO FH12/FM 93~ Front,4,24962,SKV,09714000,Хабаровск
2026-01-06 14:13:02,Рессора в сборе 09720000SKV / 257932 32/26*100 VOLVO FH12 FH/FM 6x4 93~ Front SKV,19,34320,SKV,09720000SKV,Хабаровск
2026-01-06 14:13:02,Рессора в сборе 1-51130-962-0 13/14/16*80 Isuzu 10t CYZ51 LHD front (2 втулки 32*42*78) SKV,67,27295,SKV,1-51130-962-0,Хабаровск
2026-01-06 14:13:02,Рессора в сборе 1547824SKV / 90199000 30*90 Scania R-Series 04~ Rear 8 листов,1,43570,SKV,1547824,Хабаровск
2026-01-06 14:13:02,Рессора в сборе 257933SKV / 09746000 VOLVO FM7/12/13/16 28x100x1090х950 Front 3листа SKV,25,27579,SKV,257933,Хабаровск
2026-01-06 14:13:02,Рессора в сборе 3-х листовая 09774000SKV / 257952 front VOLVO,30,34363,SKV,09774000,Хабаровск
2026-01-06 14:13:02,Рессора в сборе 48110-E0G00 HINO 500 (22.5) front SKV,19,20970,SKV,48110-E0G00,Хабаровск
2026-01-06 14:13:02,Рессора в сборе 48210-37540 13/12/10/9/8/6*70 rear Hino 300 Евро 3-4 узкая кабина SKV,6,19982,SKV,48210-37540,Хабаровск
2026-01-06 14:13:02,Рессора в сборе 48210-E0D50 HINO 500 (22.5) rear SKV,10,42134,SKV,48210-E0D50,Хабаровск
2026-01-06 14:13:02,Рессора в сборе 48210-E0E10 / S4822-05091 18*90 HINO 700 Rear BELTON,6,37690,Belton,48220-5091,Хабаровск
2026-01-06 14:13:02,Рессора в сборе 48210-E0E10 / S4822-05091 18*90 HINO 700 Rear SKV,46,34954,SKV,48210-E0E10,Хабаровск
2026-01-06 14:13:02,Рессора в сборе 54100-5A301 11*70 HYUNDAI County 04~ front (2 обич. + 2 сайлентблока) SKV,73,10397,SKV,54100-5A301,Хабаровск
2026-01-06 14:13:02,Рессора в сборе 54100-5K500U усиленная 11/10х70 HD65/72/78/MIGHTY 04~ front (2 обич + сайлент) SKV,43,11924,SKV,54100-5K500U,Хабаровск
2026-01-06 14:13:02,Рессора в сборе 54100-6A010 11*70 HD120 04~ front LH (2 втулки 28*34*68/кронштейн+палец) SKV,10,14232,SKV,54100-6A010,Хабаровск
2026-01-06 14:13:02,Рессора в сборе 54110-4E602 3/13*70 BONGO III 2.9 `06~ front (сайлетблок + втулка 38*44*68) SKV,16,8772,SKV,54110-4E602,Хабаровск
2026-01-06 14:13:02,Рессора в сборе 55100-5A300U усиленная (7лист) 11*70*1360 HYUNDAI County 04~rear (2 обич +2 сайлент.) SKV,57,13631,SKV,55100-5A300U,Хабаровск
2026-01-06 14:13:02,Рессора в сборе 8-97033-427-1/428-1 13*70 Isuzu ELF NPR 93~ front (сайлентблоки) SKV,64,10472,SKV,8-97033-427-1,Хабаровск
2026-01-06 14:13:02,Рессора в сборе 8-98022-373-0 12/11/10/9/6*70 Isuzu NPR85/NMR85 rear SKV,45,13992,SKV,8-98022-373-0,Хабаровск
2026-01-06 14:13:02,Рессора в сборе 8-98157-779-0 Isuzu SKV,1,26695,SKV,8-98157-779-0,Хабаровск
2026-01-06 14:13:02,Рессора в сборе 8-98181-939-0/IZNQR90F-FL/IPF9330 Isuzu NQR90 front SKV,9,12359,SKV,8-98181-939-0,Хабаровск
2026-01-06 14:13:02,"Рессора в сборе 9483201405 / 33839000 41/47*100x835/835мм MB Actros, MP2/MP3, Axor 2 Rear 5л. SKV",5,69316,SKV,9483201405,Хабаровск
2026-01-06 14:13:02,Рессора в сборе A091-2912013-01 Богдан rear (сайлентблоки) SKV,1,9740,SKV,A091-2912013-01,Хабаровск
2026-01-06 14:13:02,Рессора в сборе D-125982 / 54150-Y3B00 JAC N350 front Дизель,7,49577,Дизель,D-125982,Хабаровск
2026-01-06 14:13:02,Рессора в сборе D-126597 / WG9925522102 FR Sitrak C7H Дизель,3,22039,Дизель,D-126597,Хабаровск
2026-01-06 14:13:02,Рессора в сборе DPF5 / 48110-37590/ 11/13*70 Hino Dutro/Dyna/Isuzu 5t без спальника front 25*31 SKV,19,10417,SKV,48110-37590,Хабаровск
2026-01-06 14:13:02,Рессора в сборе HPF5 / 48120-3152 11/13*70 Hino FD1/2/3H#/J# 89~ 5t front (2 втулки 25-31-68) SKV,16,10844,SKV,48120-3152,Хабаровск
2026-01-06 14:13:02,Рессора в сборе IPF5 / 1-51130-088-0 Isuzu FRR/FRD/FSR 93~ 5t front 7 листов 2 втулки 25-30-68 SKV,23,13421,SKV,1-51130-088-0,Хабаровск
2026-01-06 14:13:02,Рессора в сборе IPR2940 / 1-51410-294-0 20*90 Isuzu 10t CYZ51 (левый руль) rear SKV,17,28248,SKV,1-51410-294-0,Хабаровск
2026-01-06 14:13:02,Рессора в сборе IPR5 / 1-51410-123-1 / 13*70 Isuzu 5t rear (втулка 25-30-68) L=1430 SKV,3,13112,SKV,1-51410-123-1,Хабаровск
2026-01-06 14:13:02,Рессора в сборе 8-98063-483-0 17/19*70 Isuzu FSR90 front (2втулки 25*30*68) SKV,44,13858,SKV,8-98063-483-0,Хабаровск
2026-01-06 14:13:02,Рессора в сборе MB391393V 15*70 Canter FE335/37/435/37/39 rear с перем. толщ. 2 втулки 28-34-68 SKV,3,6216,SKV,MB391393V,Хабаровск
2026-01-06 14:13:02,Рессора в сборе ML291240 MMC Canter TF E-5 front (обич.) SKV,31,7911,SKV,ML291240,Хабаровск
2026-01-06 14:13:02,Рессора в сборе MPF5 d-10.5mm / MC090304 11/13*70 Fuso 5t FK6# front (2 втулки 28-34-68) SKV,97,13821,SKV,MC090304,Хабаровск
2026-01-06 14:13:02,Рессора лист 1-51412-118-0 (спецтехн) ISUZU 5t FRR/FSR/FRD 97 подкоренной rear,4,2288,Дизель,1-51412-118-0,Хабаровск
2026-01-06 14:13:02,Рессора поперечная в сборе MK382259 14*110 Canter FE70/72/74 (2 листа + 2 проставки) SKV !,11,6908,SKV,MK382259,Хабаровск
2026-01-06 14:13:02,"Рессора универсальная без 1,2 листов UNI-735 70-13-1100/900/700/500/300 к HPR5 SKV",38,6973,SKV,UNI-735,Хабаровск
2026-01-06 14:13:02,Решетка бампера правая HNPR03018/004-012-HNU-R SH-2004 RH GA !,7,925,Дизель,004-012-HNU-R,Хабаровск
2026-01-06 14:13:02,Решетка бампера центр HNPR03017/004-012-HNU-C SH-2004 GA !,4,925,Дизель,004-012-HNU-C,Хабаровск
2026-01-06 14:13:02,"Решетка под фары ELF86-93 с комплектом букв ""ISUZU"" / 041-01-0115 / / под фары 05-4201. С комплекто",1,3697,JMC,8-97000-764-3,Хабаровск
2026-01-06 14:13:02,Решетка радиатора 102см IZNR94013/8-87076-580-2 ISUZU ELF NKR 2004 2008,5,1616,Дизель,8-87076-580-2,Хабаровск
2026-01-06 14:13:02,Решетка радиатора 8-97407-294-4 NQR90/NPR75 Diesel дефект,10,1331,Isz,8-97407-294-0,Хабаровск
2026-01-06 14:13:02,Решетка радиатора D-125495 / 8-97407-294-4 NQR90/NPR75 Дизель,13,2995,Дизель,D-125495,Хабаровск
2026-01-06 14:13:02,Решетка радиатора D-125696 / 8-97892-078-2 NKR/NKS 1999 - 2004 узкая кабина 805*620*212 ISUZU Дизель,1,5069,Дизель,D-125696,Хабаровск
2026-01-06 14:13:02,Решетка радиатора D-126295 / 8-97407-294-4 NQR90/NPR75 Дизель,1,2580,Дизель,D-126295,Хабаровск
2026-01-06 14:13:02,Решетка радиатора D-128113 / 8-97583-047-0/2/3/4 N-series Дизель,19,1808,Дизель,D-128113,Хабаровск
2026-01-06 14:13:02,Решетка радиатора D-128859 / 1-71117-252-6 ISUZU Дизель,4,5709,Дизель,D-128859,Хабаровск
2026-01-06 14:13:02,Решетка радиатора верхняя часть HNPR93006/76311-2851 HINO PROFIA SS/SH/FN/FS 1993-1999 !,1,5139,Дизель,76311-2851,Хабаровск
2026-01-06 14:13:02,РМК ступицы RS-ECO-PLUS 2 LAGERUNG SH/SK/H/K 87718 / 0980107330,2,8644,JMC,87718,Хабаровск
2026-01-06 14:13:02,Рокер D-128009 / 8-98025-059-4 N-series 4JJ1 Дизель,3,1247,Дизель,D-128009,Хабаровск
2026-01-06 14:13:02,Рокер D-128010/8-98029-537-6/8-97364-808-3 N-series 4JJ1 Дизель,5,1247,Дизель,D-128010,Хабаровск
2026-01-06 14:13:02,Рокер впускного клапана 24531-42501 HYUNDAI PORTER ORIG,4,1454,Hyundai-Kia,24531-42501,Хабаровск
2026-01-06 14:13:02,Рокер впускного клапана D-128084/8-97306-421-3 4HK1/6HK1 F/N-series Дизель,34,1094,Дизель,D-128084,Хабаровск
2026-01-06 14:13:02,Рокер выпускного клапана 24529-42501 HYUNDAI PORTER ORIG,16,1454,Hyundai-Kia,24529-42501,Хабаровск
2026-01-06 14:13:02,Рокер выпускного клапана D-128085/8-97306-424-3 4HK1/6HK1 F/N-series Дизель,12,1420,Дизель,D-128085,Хабаровск
2026-01-06 14:13:02,"Рокер клапана 8-94152-344-0 4JB1/4JH1 N,Q-series ORIG",2,2028,Isuzu,8-94152-344-0,Хабаровск
2026-01-06 14:13:02,Ролик задней торм колодки D-129533 / 3502394-A0E/B FAW J6 Дизель,19,688,Дизель,D-129533,Хабаровск
2026-01-06 14:13:02,Ролик натяжитель приводного ремня D-129946 / 092V95800-7478 HOWO T5G Дизель,4,3150,Дизель,D-129946,Хабаровск
2026-01-06 14:13:02,Ролик натяжительный ремня ГРМ Grace E45006JC/TR-32000,4,386,JMC,E45006JC,Хабаровск
2026-01-06 14:13:02,Ролик натяжителя ремня ГРМ 24322-4X000 (аналог) BONGO III 2.9,1,2259,R&D,24322-4X000,Хабаровск
2026-01-06 14:13:02,Ролик натяжной 3576133-NS 6205 Grace,2,1082,Newsun,NS6205,Хабаровск
2026-01-06 14:13:02,Ролик натяжной 612630060972 Weichai WP12 E5,1,1555,Дизель,612630060972,Хабаровск
2026-01-06 14:13:02,Ролик натяжной автоматический D-126936 / 1023010C36D / 1023010A36D FAW J5/J6 Дизель,1,1630,Дизель,D-126936,Хабаровск
2026-01-06 14:13:02,Ролик обводной D-128607 / 612630060881 WP12 SHACMAN/JAC/КАМАЗ Дизель,1,891,Дизель,D-128607,Хабаровск
2026-01-06 14:13:02,Ролик обводной D-129535 / 611600060031 Weichai WP10 Дизель,13,11009,Дизель,D-129535,Хабаровск
2026-01-06 14:13:02,Ролик паразитный натяжителя ремня 463793 /A0005501833 / A0005502533 / 9470/461939 / 67756 Mercedes/DieselTechnic,2,1787,Diesel Technic,4.63793,Хабаровск
2026-01-06 14:13:02,Ролик передней тормозной колодки D-129874 / WG9100440021 HOWO T5G Дизель,12,290,Дизель,D-129874,Хабаровск
2026-01-06 14:13:02,Ролик приводного ремня 201V95800-6099 HOWO T5G,8,1040,Дизель,201V95800-6099,Хабаровск
2026-01-06 14:13:02,Ролик тормозной колодки B-024/hbr-024 47890-1110 Hino ALL PM,3,1097,Paul Master,HBR-024,Хабаровск
2026-01-06 14:13:02,Ролик тормозной колодки HBR-018 47890-1100 Front Hino ALL PM,4,920,Paul Master,HBR-018,Хабаровск
2026-01-06 14:13:02,РТЦ MC112213/RL SW-M237 Seiken,1,10832,Seiken,MC112213,Хабаровск
2026-01-06 14:13:02,"РТЦ SW-M1218 MC826389/MC826094/MC826394 FK516 RearRH(+) 1-7/16"" SAM /=SW-M1214/ / 28378",1,5184,JMC,MC826389,Хабаровск
2026-01-06 14:13:02,"РТЦ в сборе Isuzu ELF WCI-069A 8-97022-031-1 1-3 16"" BTK",1,1267,Дизель,WCI-069A,Хабаровск
2026-01-06 14:13:02,"РТЦ в сборе ISUZU WCI-041A 8-97147-967-0 NPR Rear 1-3/16"" BTK",2,2940,Дизель,WCI-041A,Хабаровск
2026-01-06 14:13:02,Рукав (шланг) маслобензостойкий D-128922 25х34мм (в бобине 20м) Дизель,10,548,Дизель,D-128922,Хабаровск
2026-01-06 14:13:02,Рукав (шланг) маслобензостойкий D-129537 / TUC20 ф 12 мм Рраб=20 Дизель,13,524,Дизель,D-129537,Хабаровск
2026-01-06 14:13:02,Рулевой кардан ST-ASIS-006 8-94128-208-1,1,2439,JMC,8-94128-208-1,Хабаровск
2026-01-06 14:13:02,Рулевой кардан ST-ASIS-016 8-97096-763-0,1,1871,JMC,8-97096-763-0,Хабаровск
2026-01-06 14:13:02,Рулевой кардан ST-ASM-005 MC081000,1,2439,JMC,MC081000,Хабаровск
2026-01-06 14:13:02,Рулевой кардан ST-ASM-008 MC378373,2,2439,JMC,MC378373,Хабаровск
2026-01-06 14:13:02,Рулевой кардан ST-ASMZ-005 W001-32-051A,1,1871,JMC,W001-32-051A,Хабаровск
2026-01-06 14:13:02,Ручка двери MC142095 LH CANTER LIGHT TRUCK 96` Y,7,752,Yamasida,MC142095,Хабаровск
2026-01-06 14:13:02,Ручка двери внешняя с ключами (комплект на 2 двери) F2000/F3000,1,632,JMC,81.97100.6098,Хабаровск
2026-01-06 14:13:02,Ручка двери внутр. 6617663743 Istana !,2,84,Дизель,6617663743,Хабаровск
2026-01-06 14:13:02,Ручка двери внутренняя левая D-126296 / 8-97852-615-0 NPR/NQR Дизель,8,78,Дизель,D-126296,Хабаровск
2026-01-06 14:13:02,Ручка двери внутренняя левая D-129106 / 82310-5H001 Hyundai HD35/72 Дизель,17,348,Дизель,D-129106,Хабаровск
2026-01-06 14:13:02,Ручка двери кабины внутренняя правая 8-97405-309-1 NPR75/NMR/NLR85/NQR/FSR90 ORIG,1,630,Isuzu,8-97405-309-1,Хабаровск
2026-01-06 14:13:02,Ручка двери кабины левая/правая 504254457 / 560/195 Covind !,1,3849,Covind,560/195,Хабаровск
2026-01-06 14:13:02,Ручка двери наружная LH D-126297 / 82330-7C000 HYUNDAI HD120/250 Дизель,1,1265,Дизель,D-126297,Хабаровск
2026-01-06 14:13:02,Ручка двери наружная передняя левая 8-98037-100-0/2 700P 4HK1 NLR85/NMR85/NPR75 Diesel уценка,3,436,Дизель,D-125504,Хабаровск
2026-01-06 14:13:02,Ручка двери наружная передняя левая D-125057/8-98037-100-0/2 700P 4HK1 NLR85/NMR85/NPR75 Дизель,13,734,Дизель,D-125057,Хабаровск
2026-01-06 14:13:02,Ручка двери правая наружная D-127494 / 8-98037-101-2 NLR85 NMR85 NPR75 NQR90 FSR90 FVR34 Дизель,8,640,Дизель,D-127494,Хабаровск
2026-01-06 14:13:02,Ручка замка лев двери наружн. 1В24961500041 Foton,2,211,JMC,1В24961500041,Хабаровск
2026-01-06 14:13:02,Ручка капота D-128860 / 1-71998-939-3 ISUZU Дизель,7,1044,Дизель,D-128860,Хабаровск
2026-01-06 14:13:02,Ручка капота R D-128708 / 5302120-A01 с петлей FAW J6 Дизель,1,1089,Дизель,D-128708,Хабаровск
2026-01-06 14:13:02,Ручка открытия капота 8401300W5000 JAC N35 ORIG,2,208,JAC,8401300W5000,Хабаровск
2026-01-06 14:13:02,Ручной тормоз в сборе Китай / SAE110,1,6393,JMC,SAE110,Хабаровск
2026-01-06 14:13:02,Ручной тормоз в сборе Китай / SAE118,1,6553,JMC,SAE118,Хабаровск
2026-01-06 14:13:02,Ручной тормоз в сборе Китай / SAE121,1,6473,JMC,SAE121,Хабаровск
2026-01-06 14:13:02,Рычаг (поводок) стеклоочистителя левый D-128146 / 8-97226-888-0 NQR75/NQR71 ISUZU Дизель,49,224,Дизель,D-128146,Хабаровск
2026-01-06 14:13:02,Рычаг (поводок) стеклоочистителя правый 98141-5H100 HD35-78 ORIG,1,722,Hyundai-Kia,98141-5H100,Хабаровск
2026-01-06 14:13:02,Рычаг (поводок) стеклоочистителя правый D-127188 / 8-97226-887-0 NQR75/NQR71 ISUZU Дизель,8,544,Дизель,D-127188,Хабаровск
2026-01-06 14:13:02,Рычаг регулировочный (трещетка) AZ4008457001 HOWO T5G,3,3362,Дизель,AZ4008457001,Хабаровск
2026-01-06 14:13:02,Рычаг регулировочный перед лев Z=10 D-129539 / 3501205242 FAW J6 Дизель,7,1286,Дизель,D-129539,Хабаровск
2026-01-06 14:13:02,Рычаг регулировочный перед прав Z=10 D-129540 / 3501210242 FAW J6 Дизель,5,1286,Дизель,D-129540,Хабаровск
2026-01-06 14:13:02,Рычаг рулевой D-128437 / 3001034A1H FAW Дизель,1,1606,Дизель,D-128437,Хабаровск
2026-01-06 14:13:02,Рычаг тормозной D-128698 / 3502205-A0E / СК9333 FAW J6 Дизель,2,3191,Дизель,D-128698,Хабаровск
2026-01-06 14:13:02,Сайленблок 48702-35070,1,188,JMC,48702-35070,Хабаровск
2026-01-06 14:13:02,Сайленблок 48725-28070 Toyota,1,1209,JMC,48725-28070,Хабаровск
2026-01-06 14:13:02,Сайленблок AAMMI1040/MAB-039 MR510418 ASVA,2,522,JMC,MAB-039,Хабаровск
2026-01-06 14:13:02,Сайленблок кабины 95167-Z2000 Nissan /,4,368,Rich,95167-Z2000,Хабаровск
2026-01-06 14:13:02,Сайленблок кабины SMS-7505,2,293,JMC,SMS-7505,Хабаровск
2026-01-06 14:13:02,Сайленблок нижнего переднего рычага SNS-7841 54560-22T10-S Schmaco !,21,856,Schmaco,SNS-7841,Хабаровск
2026-01-06 14:13:02,Сайленблок подвески кабины 500351393 / 53472 Auger !,2,1050,Auger,53472,Хабаровск
2026-01-06 14:13:02,Сайленблок подвески кабины 500357265 / 53480 Auger !,8,1005,Auger,53480,Хабаровск
2026-01-06 14:13:02,Сайленблок рычага 48702-60060 Toyota,2,378,JMC,48702-60060,Хабаровск
2026-01-06 14:13:02,Сайленблок стабилизатора 52954 AUGER,15,416,Auger,52954,Хабаровск
2026-01-06 14:13:02,Сайленблок стабилизатора кабины перед 87-08568-SX/10058 SE-M LASTIK !,2,1378,Дизель,87-08568-SX,Хабаровск
2026-01-06 14:13:02,"Сайлентблок / Тяги продольной нижн./ Зад. C9243 48725-12460, 4878012010, 4878032060",2,294,JMC,48725-12460,Хабаровск
2026-01-06 14:13:02,Сайлентблок BH21159,5,353,JMC,BH21159,Хабаровск
2026-01-06 14:13:02,Сайлентблок MK335141 / MAB-FBLR,1,1728,JMC,MK335141,Хабаровск
2026-01-06 14:13:02,Сайлентблок MZAB-070 0191-28-330/3874-28-330 17x32x35 (YAC),3,126,JMC,3874-28-330,Хабаровск
2026-01-06 14:13:02,Сайлентблок NSO-012 Front,2,257,JMC,NSO-012,Хабаровск
2026-01-06 14:13:02,Сайлентблок R8-48655-20140-F,2,572,JMC,R8-48655-20140-F,Хабаровск
2026-01-06 14:13:02,Сайлентблок TAB-053/AAMTO1028/48068-12140,2,181,JMC,48068-12140,Хабаровск
2026-01-06 14:13:02,Сайлентблок V-образной тяги 54185/A0003503705 / 0003504205 Mercedes/Auger !,7,1288,Auger,54185,Хабаровск
2026-01-06 14:13:02,Сайлентблок амортизатора кабины 500398364 Iveco Orig,3,1075,Iveco,500398364,Хабаровск
2026-01-06 14:13:02,Сайлентблок заднего стабилизатора ISUZU / ?68mm x ?45mm x 149mm / дубликат / B-04-S1841; BS1841 / 15,1,2511,JMC,1-51519-184-0,Хабаровск
2026-01-06 14:13:02,Сайлентблок замка кабины 81.96210.0364 SHACMAN,2,204,Дизель,81.96210.0364,Хабаровск
2026-01-06 14:13:02,Сайлентблок замка кабины 81.96210.0462 SHACMAN,2,204,Дизель,81.96210.0462,Хабаровск
2026-01-06 14:13:02,Сайлентблок кабины 3036201SKV 40*73*47 MB ACTROS SKV,62,788,SKV,3036201SKV,Хабаровск
2026-01-06 14:13:02,Сайлентблок кабины 52406-1070 (16mm) Hino TZG !,6,566,Дизель,52406-1070,Хабаровск
2026-01-06 14:13:02,Сайлентблок кабины 52406-1080 / SHN-4175 HINO FH/FS/SH/SS Schmaco !,13,1300,Schmaco,SHN-4175,Хабаровск
2026-01-06 14:13:02,Сайлентблок кабины 52406-1190 / HN-4B176 TZG,4,689,Дизель,52406-1190,Хабаровск
2026-01-06 14:13:02,Сайлентблок кабины 52406-1190 / SHN-4176 HINO FH/FS/SH/SS Schmaco !,10,773,Schmaco,SHN-4176,Хабаровск
2026-01-06 14:13:02,Сайлентблок кабины 95167-00Z00 N-DIESEL СМ87 TZG,1,935,Дизель,95167-00Z00,Хабаровск
2026-01-06 14:13:02,Сайлентблок кабины 95167-Z2000 Nissan TZG !,39,353,Дизель,95167-Z2000,Хабаровск
2026-01-06 14:13:02,Сайлентблок кабины 95167-Z5000 / Z5002 / Z2005 Nissan TZG !,11,480,Дизель,TN-014,Хабаровск
2026-01-06 14:13:02,Сайлентблок кабины D-125219 / 1-53458-714-0 Isuzu CX#/CY#/CV#/EX# 87~ Дизель,1,1273,Дизель,D-125219,Хабаровск
2026-01-06 14:13:02,Сайлентблок кабины D-128862 / 8-97095-148-1 Дизель,42,422,Дизель,D-128862,Хабаровск
2026-01-06 14:13:02,Сайлентблок кабины D-128923 / MC317539 / MC441200 / MC444170 / ME876757 / 444170001 FUSO Дизель,114,1039,Дизель,D-128923,Хабаровск
2026-01-06 14:13:02,Сайлентблок кабины HINO 300 / ?20mm x ?70mm x 52mm / B-08-C1070; BC1070 / 524061070; 52406-1070; 524,2,1423,JMC,52406-1070,Хабаровск
2026-01-06 14:13:02,Сайлентблок кабины ISUZU / ?16mm x ?70mm x 70mm / B-04-C6361; BC6361 / 1534586360; 1-53458-636-0; 15,2,2872,JMC,1-53458-636-0,Хабаровск
2026-01-06 14:13:02,"Сайлентблок кабины передний 25х100х123,5 мм A9423172012 / A9423172112/ 480403 DieselTechnic !",4,3783,Diesel Technic,4.80403,Хабаровск
2026-01-06 14:13:02,"Сайлентблок кабины передний 53234/ A9423172012 / A9423172112/53236 /3234 / 011225 25х100х123,5 мм Auger",8,2145,Auger,53234,Хабаровск
2026-01-06 14:13:02,Сайлентблок нижнего рычага передней подвески задний TO0116R,2,263,JMC,TO0116R,Хабаровск
2026-01-06 14:13:02,"Сайлентблок перед рессоры D-126943 / 2902120-371/E FAW 60,5*24*95 Дизель",6,566,Дизель,D-126943,Хабаровск
2026-01-06 14:13:02,Сайлентблок переднего стабилизатора SMS-009T8 Schmaco,4,1317,JMC,SMS-009T8,Хабаровск
2026-01-06 14:13:02,Сайлентблок реактивной тяги 1-51519-113-1/0/1-87411-074-2 ORIG CHINA,562,1799,Isuzu,1-87411-074-2,Хабаровск
2026-01-06 14:13:02,Сайлентблок реактивной тяги D-127431 / 55542-Z2008 / 1-87411-074-2 / 1-51519-113-1 10т TRC Дизель,1563,1192,Дизель,D-127431,Хабаровск
2026-01-06 14:13:02,Сайлентблок реактивной тяги D-127431-D / 55542-Z2008 / 1-87411-074-2 / 1-51519-113-1 10т TZG Дизель,276,1560,Дизель,D-127431-D,Хабаровск
2026-01-06 14:13:02,Сайлентблок реактивной штанги 53963 / A0003503605 / 28705 Mercedes/Auger !,2,3419,Auger,53963,Хабаровск
2026-01-06 14:13:02,Сайлентблок реактивных тяг прицеп 7973 / 05.113.96.05.0,1,330,Дизель,05.113.96.05.0,Хабаровск
2026-01-06 14:13:02,Сайлентблок рессорный 0680-34-330-S / FTD-02007-M5 KS RB-3005 (d=17 D=36 L=48) Schmaco !,567,148,Schmaco,SFD-02007,Хабаровск
2026-01-06 14:13:02,Сайлентблок рессорный 9-51151-023-0-S / SIZ-7200 Schmaco,18,312,Schmaco,SIZ-7200,Хабаровск
2026-01-06 14:13:02,Сайлентблок рессорный 9-51151-023-0/IZ-7S200,6,213,Дизель,9-51151-023-0,Хабаровск
2026-01-06 14:13:02,Сайлентблок рессорный D-129547 / 2912020Z2 N120 JAC Дизель,24,256,Дизель,D-129547,Хабаровск
2026-01-06 14:13:02,Сайлентблок рессоры 2658301 SKV,12,299,SKV,2658301,Хабаровск
2026-01-06 14:13:02,Сайлентблок рессоры передней 2658301SKV D=50mm/d=18mm/H=96mm MB Atego,1,279,SKV,2658301SKV,Хабаровск
2026-01-06 14:13:02,Сайлентблок рычага подвески C9135,2,295,JMC,C9135,Хабаровск
2026-01-06 14:13:02,Сайлентблок стабилизатора 1966501SKV,273,312,SKV,1966501SKV,Хабаровск
2026-01-06 14:13:02,Сайлентблок стабилизатора A0003237985 / A0003237585 / 480386 / 51112 Mercedes/Daubert !,1,516,Дизель,A0003237985,Хабаровск
2026-01-06 14:13:02,Сайлентблок стабилизатора D-128573 / 178000680035 R SHACMAN X3000 Дизель,1,171,Дизель,D-128573,Хабаровск
2026-01-06 14:13:02,Сайлентблок стабилизатора D-128619 / 81.96210.0450 F SHACMAN Дизель,1,230,Дизель,D-128619,Хабаровск
2026-01-06 14:13:02,Сайлентблок стабилизатора зад 1780680035 HOWO/SHACMAN X3000,4,204,Дизель,1780680035,Хабаровск
2026-01-06 14:13:02,Сайлентблок торсиона кабины 81.96210.0437 SHACMAN,4,571,Дизель,81.96210.0437,Хабаровск
2026-01-06 14:13:02,Сайлентблок торсиона кабины AZ1642430061 HOWO,3,220,Дизель,AZ1642430061,Хабаровск
2026-01-06 14:13:02,Сайлентблок торсиона кабины AZ1664430095 HOWO,3,1087,Дизель,AZ1664430095,Хабаровск
2026-01-06 14:13:02,Сайлентблок тяги реактивной 55542-00Z0B,1,1264,JMC,55542-00Z0B,Хабаровск
2026-01-06 14:13:02,Сайлентблок тяги реактивной BLM0180,2,3301,JMC,BLM0180,Хабаровск
2026-01-06 14:13:02,Сальник / 114-17-0029 / 77-102-10-16.3 / КИТАЙ / I3585 / 8943363141; 8-94336-314-1; 8943679590; 8-94,1,421,Zevs,8-94336-314-1,Хабаровск
2026-01-06 14:13:02,Сальник / AD7146-E0 / MH034035 / NOK,2,738,JMC,MH034035,Хабаровск
2026-01-06 14:13:02,Сальник 1-09625-080-0 70*92*12*18,2,250,KOYO,1-09625-080-0,Хабаровск
2026-01-06 14:13:02,Сальник 102*120*20 I3630 / 8-94440-904-0,1,490,JMC,8-94440-904-0,Хабаровск
2026-01-06 14:13:02,Сальник 106x123x11 Payen NJ925 HI(ступица з. вн. AB/FB) NJ925,1,474,JMC,NJ925,Хабаровск
2026-01-06 14:13:02,Сальник 11*22*7 90311-11128 / T1259,6,257,JMC,90311-11128,Хабаровск
2026-01-06 14:13:02,Сальник 110x142x12 12279-Z5004 BH2617-EO,3,2094,JMC,12279-Z5004,Хабаровск
2026-01-06 14:13:02,Сальник 117x148x7 Payen NJ442 NI NJ442,1,136,JMC,NJ442,Хабаровск
2026-01-06 14:13:02,"Сальник 126*150*14 12279-96006 N2021/AH4414 Payen NJ230 NI (КВ з. PE6, RD8,",3,1595,JMC,12279-96006,Хабаровск
2026-01-06 14:13:02,"Сальник 128,59*148,03*13,89 Payen NK234 IS NK234",3,460,JMC,NK234,Хабаровск
2026-01-06 14:13:02,"Сальник 128*148,2*10 I3611 Payen NJ262 IS (КВ з.) NJ262",1,210,JMC,NJ262,Хабаровск
2026-01-06 14:13:02,Сальник 128*148*10 I3611/NJ322 1-09625-317-0,1,1555,JMC,1-09625-317-0,Хабаровск
2026-01-06 14:13:02,Сальник 139*171*19 1-09625-559-0 BZ5709-E0,1,3128,JMC,1-09625-559-0,Хабаровск
2026-01-06 14:13:02,Сальник 160*182*17 MH034084 F4167 / BD1133-E1,2,725,JMC,MH034084,Хабаровск
2026-01-06 14:13:02,Сальник 21321-42041 Grace,5,156,HOS,21321-42041,Хабаровск
2026-01-06 14:13:02,Сальник 25*38*10*15 AR1309-H0,1,180,Дизель,AR1309-H0,Хабаровск
2026-01-06 14:13:02,"Сальник 30x45x62x15x41 Payen NJ085 (МКПП з. Sunny, Atlas) NJ085",1,76,Дизель,NJ085,Хабаровск
2026-01-06 14:13:02,"Сальник 32*52*11*15,5 38342-21000/32030 N2087/AE1904-10/NJ117",3,253,Musashi,38342-21000,Хабаровск
2026-01-06 14:13:02,Сальник 33216-01J00/33216-33G00/33216-33G01 40 X 75 X 12 X 17.5 SNBR Y,95,246,Yamasida,33216-01J00,Хабаровск
2026-01-06 14:13:02,Сальник 34x45x10 Payen NJ556 (полуось H40...кроме FD33T) NJ556,1,479,JMC,NJ556,Хабаровск
2026-01-06 14:13:02,"Сальник 35*48*8 N2135/NJ415 48040-82100/49345-01G00 BD30 JH40 Payen NJ415 (рул. Atlas, Laurel, Cedric) NJ415",1,124,JMC,NJ415,Хабаровск
2026-01-06 14:13:02,Сальник 35x55x11 43252-01G00/VW000/P4500 N2222/N2148/NJ843 MUS/KOYO метал.,2,224,FUJI,90043-11001,Хабаровск
2026-01-06 14:13:02,Сальник 35*55*11*18 38342-N3100 N2156/NJ147 M,1,163,Дизель,38342-N3100,Хабаровск
2026-01-06 14:13:02,Сальник 36*50*7 90043-11176/90311-36001 T1124/NJ563 Payen NJ592 (вал сошки Dyna) NJ592,3,109,JMC,90043-11176,Хабаровск
2026-01-06 14:13:02,"Сальник 38189-Z5005/-Z5004 BH5013E --- 60-114-10-25 UDS-59-RM хвостЗаднРедукт,CW40,H41 NOK* /",1,800,JMC,38189-Z5005,Хабаровск
2026-01-06 14:13:02,Сальник 38212-Z5000 Nissan KOYO,1,733,KOYO,38212-Z5000,Хабаровск
2026-01-06 14:13:02,Сальник 40*46.3*49.3*14*18 /!!! 40*46*18 неполн. 90310-40001 T1181/BC2413-E0/NK045,1,70,JMC,90310-40001,Хабаровск
2026-01-06 14:13:02,Сальник 41*56*7 43252-H1000/N2125 / NJ036 NIS NOK/Nissan,6,99,Дизель,43252-H1000,Хабаровск
2026-01-06 14:13:02,"Сальник 41*56*7 N2125 43252-H1000 Payen NJ036 NI(ступ. з. C22, C31/3",1,85,Дизель,43252-H1000,Хабаровск
2026-01-06 14:13:02,"Сальник 42x55x9 Payen NJ267 IS(РВ C223, 4JA1, 4JB1) NJ267",1,180,JMC,NJ267,Хабаровск
2026-01-06 14:13:02,Сальник 42*76*12*21 N2007 / NJ684,2,378,Musashi,NJ684,Хабаровск
2026-01-06 14:13:02,Сальник 48x109x13 9828-48112 H3080/BE2582-F0 KOYO,5,310,KOYO,9828-48112,Хабаровск
2026-01-06 14:13:02,Сальник 50x65x9 Payen NJ429 (ступица п. Delica MT141132) NJ429,1,165,JMC,NJ429,Хабаровск
2026-01-06 14:13:02,Сальник 5262529 FORD,1,977,JMC,5262529,Хабаровск
2026-01-06 14:13:02,"Сальник 55*78*12 37526-50Z00/1314 0020 01 F4022 Payen NJ258 (КВ п. 4D30, 6D31 +",4,245,Дизель,3752650Z00,Хабаровск
2026-01-06 14:13:02,Сальник 56*73*7.5*15 90311-56016 T1254/NJ139/BD3277-F0,1,178,JMC,90311-56016,Хабаровск
2026-01-06 14:13:02,Сальник 60*82*9 01004-00071 Nissan,1,752,Дизель,01004-00071,Хабаровск
2026-01-06 14:13:02,Сальник 61500010047 Howo,13,269,Дизель,61500010047,Хабаровск
2026-01-06 14:13:02,Сальник 61500010047 Howo/,16,228,Howo,61500010047,Хабаровск
2026-01-06 14:13:02,Сальник 63*100*12 H3013 / 9828-63104 / 1-828-6301-00 Payen NJ462 HI,3,461,Musashi,9828-63104,Хабаровск
2026-01-06 14:13:02,Сальник 65*85*10 I3515/NJ394/ADD091-A00/9-09724-023-0 (ступица п. Elf WHR/W) Musashi,3,210,Дизель,I3515,Хабаровск
2026-01-06 14:13:02,Сальник 65*95*14*20.5 9828-65000,1,586,NOK,9828-65000,Хабаровск
2026-01-06 14:13:02,"Сальник 68*124*11,5/27 1-09625-017-0/I3504 Y",60,562,Yamasida,1-09625-017-0,Хабаровск
2026-01-06 14:13:02,"Сальник 74,5*99,5*7,7 F4031/NJ398 MUS",13,210,JMC,F4031,Хабаровск
2026-01-06 14:13:02,Сальник 74.4*93.5*6.8 F4101/MB161139/MB005399 NK058 Musashi,8,107,Дизель,F4101,Хабаровск
2026-01-06 14:13:02,Сальник 75*105*10*14 W782-33-065A M4623/AD3627F,2,646,JMC,W782-33-065A,Хабаровск
2026-01-06 14:13:02,"Сальник 78,5*95,1*7,5 43213-76000 MUS №2116 NISSAN NDK",7,230,Дизель,43213-76000,Хабаровск
2026-01-06 14:13:02,Сальник 80*100*8.5 90311-80003/80004/80007/80009/ 12279-5L300/90043-11230 N2351/NJ360,2,308,JMC,90311-80003,Хабаровск
2026-01-06 14:13:02,Сальник 80*162*12*41.5 F4216 / MH034131,5,1215,NOK,MH034131,Хабаровск
2026-01-06 14:13:02,Сальник 90310-58002 Toyota,2,121,Дизель,90310-58002,Хабаровск
2026-01-06 14:13:02,Сальник A0149972947 Mercedes ориг !,1,868,Mercedes,A 014 997 29 47,Хабаровск
2026-01-06 14:13:02,"Сальник AW1032E ME725017 20-40-10 ГУР,FUSO NOK / 18848",1,237,JMC,ME725017,Хабаровск
2026-01-06 14:13:02,Сальник AZ9761322430 Howo 77*110.5*17 Tora,7,147,Дизель,AZ9761322430,Хабаровск
2026-01-06 14:13:02,Сальник AZ9761322430 Howo/ 77*110.5*17 Tora,2,284,Howo,AZ9761322430,Хабаровск
2026-01-06 14:13:02,Сальник cтупицы R int D-128865 / 8-94336-316-1 / 8-94367-958-0 / I3513 NPR/NQR-LHD99 Дизель,43,180,Дизель,D-128865,Хабаровск
2026-01-06 14:13:02,Сальник F500A-1802191 Howo/ 52*72*10 CNHTC,8,195,Howo,F500A-1802191,Хабаровск
2026-01-06 14:13:02,Сальник F91410 47.63*65.07*6.35 Foton/,9,143,Foton,F91410,Хабаровск
2026-01-06 14:13:02,Сальник HINO / 78-100-14-20 / BH1354-F0 / 982878101; 9828-78101; 982878102; 9828-78102; 982878104; 9,1,1800,JMC,BH1354-F0,Хабаровск
2026-01-06 14:13:02,Сальник HMSC124*146*14 KOYO 124*146*14,1,496,JMC,124*146*14,Хабаровск
2026-01-06 14:13:02,"Сальник I3507 1-09625-484-0/1-09625-432-0 AH7736E NJ469 60-103-12-20 UDS-9 Хвостовик,SBR TOM / 20925",3,478,JMC,1-09625-484-0,Хабаровск
2026-01-06 14:13:02,Сальник I3567 ориг. MUS,1,187,JMC,9-09924-502-0,Хабаровск
2026-01-06 14:13:02,Сальник I3645 MUS,1,148,Musashi,I3654,Хабаровск
2026-01-06 14:13:02,"Сальник I3704 8-97617-308-0/1-09625-556-2 BZ4837G/E/I -- 118-148-20 - лобовина,спиральRH KORRT",1,2334,JMC,8-97617-308-0,Хабаровск
2026-01-06 14:13:02,Сальник ISUZU / 42-62-8 / AE8798-G0 / 8970467010; 8-97046-701-0; 8970467011; 8-97046-701-1; 89704670,1,385,JMC,AE8798-G0,Хабаровск
2026-01-06 14:13:02,Сальник ISUZU / 68-124-11.5-27 / / 04-3504 / 1096250170; 1-09625-017-0; 1096253830; 1-09625-383-0 /,5,679,TOKKO,04-3504,Хабаровск
2026-01-06 14:13:02,Сальник ISUZU/1096255570; 1-09625-557-0; 1096255571; 1-09625-557-1; 8976173090; 8-97617-309-0,1,3949,JMC,1-09625-557-0,Хабаровск
2026-01-06 14:13:02,Сальник KOS-363 KOREA/21443-4A001/91*114*9,1,328,JMC,KOS-363,Хабаровск
2026-01-06 14:13:02,Сальник M4535 W029-33-065 65*100*12 ступицаПеред MUSASHI,3,512,Musashi,W029-33-065,Хабаровск
2026-01-06 14:13:02,"Сальник MH034173 BH4877E --- 64-78-9 UE задСтупица,FUSO,FN61Q NOK / 5014",1,995,JMC,MH034173,Хабаровск
2026-01-06 14:13:02,Сальник MMC / 72-94-10 / / BD1423-E0 / MB025295 / NOK,1,518,JMC,BD1423-E0,Хабаровск
2026-01-06 14:13:02,"Сальник N2079 38212-90000/-90001 AB3185E1 NJ... 60-72-18 AC полуось,UZA520,лесовозы NOK/10280",3,305,Дизель,38212-90000,Хабаровск
2026-01-06 14:13:02,Сальник QD431-13T00180 40*58*8 Y,65,156,Yamasida,QD431-13T00180,Хабаровск
2026-01-06 14:13:02,Сальник TJ-812 Howo 48*65*7,2,101,Howo,812 TJ,Хабаровск
2026-01-06 14:13:02,Сальник TJ-828 Howo Tora 47.5*65*6.5,2,128,Howo,828 TJ,Хабаровск
2026-01-06 14:13:02,Сальник вала 81-53337-00,3,546,VICTOR REINZ,81-53337-0,Хабаровск
2026-01-06 14:13:02,Сальник вала 90033-19008,2,809,JMC,90033-19008,Хабаровск
2026-01-06 14:13:02,Сальник вала балансира 130*160*13/16 D-128255 / 1-09625-146-0 CXH/CXG Дизель,49,485,Дизель,D-128255,Хабаровск
2026-01-06 14:13:02,"Сальник вала балансира 145*175*15,3 55515-00Z00 NBR Y",13,660,Yamasida,55515-00Z00,Хабаровск
2026-01-06 14:13:02,Сальник вала балансира 154*185*19 MC095475/BZ5618-E0 FUSO FU/FV Y,38,1529,Yamasida,MC095475,Хабаровск
2026-01-06 14:13:02,Сальник вала балансира 155*185*13/16 1-51389-005-0 CXZ Y,172,959,Yamasida,1-51389-005-0,Хабаровск
2026-01-06 14:13:02,Сальник вала балансира 155*185*13/16 D-125059 / 1-51389-005-0 Дизель,35,317,Дизель,D-125059,Хабаровск
2026-01-06 14:13:02,Сальник вала балансира 160-185мм AZ9114520223 Howo/F,5,125,CNHTC,AZ9114520223,Хабаровск
2026-01-06 14:13:02,Сальник вала балансира 165*195*19/21 12857-16700 Fuso NBR Y,97,815,Yamasida,12857-16700,Хабаровск
2026-01-06 14:13:02,Сальник вала балансира 2638990/17298081/740066 Iveco !,8,306,Iveco,2638990,Хабаровск
2026-01-06 14:13:02,"Сальник вала балансира D-128623 / AZ9114520223 160х185х10,5 HOWO Дизель",9,179,Дизель,D-128623,Хабаровск
2026-01-06 14:13:02,"Сальник вала балансира D-128635 / DZ91259520512 160х194х10,5 SCHACMAN X3000 Дизель",90,237,Дизель,D-128635,Хабаровск
2026-01-06 14:13:02,Сальник вала КПП 48*60*9 SZ319-48007/H3098 HINO300/500 GD8JLSA/FC3JLE/FC6JGF/FD7 Y,37,194,Yamasida,SZ319-48007,Хабаровск
2026-01-06 14:13:02,Сальник вала КПП 60531122/A3892610865 / A3892610665 Euroricambi !,1,2184,Euroricambi,60.53.1122,Хабаровск
2026-01-06 14:13:02,"Сальник вторичного вала КПП 40*58*8 43113-P06020 HD65,72,78 Y",14,180,Yamasida,43113-P06020,Хабаровск
2026-01-06 14:13:02,"Сальник КПП MSB5M, MSB5S 45*65*10 8-94178-728-0 / I3512 NBR ISUZU Y",38,162,Yamasida,8-94178-728-0,Хабаровск
2026-01-06 14:13:02,Сальник вторичного вала КПП 45*65*10 8-97257-296-0/8-98189-443-0 Y,136,143,Yamasida,8-97257-296-0,Хабаровск
2026-01-06 14:13:02,Сальник вторичного вала КПП MYY5T /5-ступ 50*63.5*8.5 8-97253-552-1 ISUZU Y,115,184,Yamasida,8-97253-552-1,Хабаровск
2026-01-06 14:13:02,Сальник втулки рессоры 30*40*5.8 / MK303902 / LP-5904 Y !,186,171,Yamasida,MK303902,Хабаровск
2026-01-06 14:13:02,Сальник генератора 15*32*7.5*9 8-94156-589-0 Isuzu NPR/NQR Y,115,170,Yamasida,8-94156-589-0,Хабаровск
2026-01-06 14:13:02,Сальник генератора 15*32*7.5/9 D-128256 / 8-94156-589-0 Isuzu NPR/NQR Дизель,70,83,Дизель,D-128256,Хабаровск
2026-01-06 14:13:02,Сальник генератора TKK-AE8437-E0 NOK,2,120,JMC,TKK-AE8437-E0,Хабаровск
2026-01-06 14:13:02,Сальник гидроусилителя S4439-31050 / LP-5959 / 17*32*8.5 Y,189,132,Yamasida,S4439-31050,Хабаровск
2026-01-06 14:13:02,Сальник главной передачи 85х120х20 12019701B/ A9423530059 / 420478 Mercedes/CORTECO !,8,3971,Corteco,12019701B,Хабаровск
2026-01-06 14:13:02,Сальник ГУР D-128013 / 8-97081-746-0 / 8-94240-929-0 / 8-97264-442-0 / 22.22*35*7 Дизель,80,187,Дизель,D-128013,Хабаровск
2026-01-06 14:13:02,Сальник двигателя 2010124,3,235,JMC,2010124,Хабаровск
2026-01-06 14:13:02,Сальник дифференциала заднего моста 37*58*11X 90311-37003/BH3009 LP-5890 DYNA/TOYOACE Y !,210,121,Yamasida,90311-37003,Хабаровск
2026-01-06 14:13:02,Сальник зад. ступицы 35*41*5.5/9 / 90310-36003 / LP-5887 Y !,100,134,Yamasida,90310-36003,Хабаровск
2026-01-06 14:13:02,Сальник зад. ступицы 75*108*10*15*20 90311-75003 / T1170 DYNA/TOYOACE/HINO Y,21,635,Yamasida,90311-75003,Хабаровск
2026-01-06 14:13:02,Сальник зад. ступицы 75*108*10*15*20 D-127959 / 90311-75003 / T1170 DYNA/TOYOACE/HINO Дизель,40,197,Дизель,D-127959,Хабаровск
2026-01-06 14:13:02,"Сальник зад. ступицы внешн. 33*44*7 43252-T6200/N2191 F22,F23 82~ Y",139,150,Yamasida,43252-T6200,Хабаровск
2026-01-06 14:13:02,Сальник зад. ступицы внешн. 38*44*17.5 90310-38033/T1068 Y,12,204,Yamasida,90310-38033,Хабаровск
2026-01-06 14:13:02,"Сальник зад. ступицы внешн. 38*45*8 1416-26-157/M4537 LP-5878 NBR TITAN WE, WG, Bongo SR/SD Y",120,113,Yamasida,1416-26-157,Хабаровск
2026-01-06 14:13:02,Сальник зад. ступицы внешн. 40*46/49*17.5 90310-40001/T1181 HINO300/DYNA BU6#7#8#9#XZU3#4#6#7# Y,465,170,Yamasida,90310-40001,Хабаровск
2026-01-06 14:13:02,Сальник зад. ступицы внешн. 45*53*6.5*8 MH034110 Y,220,161,Yamasida,MH034110,Хабаровск
2026-01-06 14:13:02,Сальник зад. ступицы внешн. 47*56*7 38212-Z5000 / N2074 LP-5839 Nissan DIESEL CL/CM/CG/CW Y,133,141,Yamasida,38212-Z5000,Хабаровск
2026-01-06 14:13:02,Сальник зад. ступицы внешн. 50*70*12*17 43232-01G00 Y !,16,283,Yamasida,43232-01G00,Хабаровск
2026-01-06 14:13:02,Сальник зад. ступицы внешн. 51*94*9.5 43254-0T000/N2278 H41 91~ F24 07~ Y,128,222,Yamasida,43254-0T000,Хабаровск
2026-01-06 14:13:02,Сальник зад. ступицы внешн. 52*112*10.5/15.5 52820-5K300 HD45/65/72/78 04~ SNBR Y,24,503,Yamasida,52820-5K300,Хабаровск
2026-01-06 14:13:02,Сальник зад. ступицы внешн. 56*114*10 D-127971 / MB308966 FUSO CANTER (2T~) SNBR Дизель,52,249,Дизель,D-127971,Хабаровск
2026-01-06 14:13:02,Сальник зад. ступицы внешн. 56*114*10 MB308966 FUSO CANTER (2T~) SNBR Y,35,627,Yamasida,MB308966,Хабаровск
2026-01-06 14:13:02,"Сальник зад. ступицы внешн. 56*122*10.5 1-09625-331-0 FRR,FRD,NRR 84~ SNBR Y",80,325,Yamasida,1-09625-331-0,Хабаровск
2026-01-06 14:13:02,Сальник зад. ступицы внешн. 57*123*11*21 38212-Z5007/ N2280 Y,194,610,Yamasida,38212-Z5007,Хабаровск
2026-01-06 14:13:02,Сальник зад. ступицы внешн. 57*124*14.5*27 MH034193/ F4176 Y,49,617,Yamasida,MH034193,Хабаровск
2026-01-06 14:13:02,Сальник зад. ступицы внешн. 65*77*12 MH034135/F4045 FP/FT/FV/FU4#/5# Y,7,216,Yamasida,MH034135,Хабаровск
2026-01-06 14:13:02,"Сальник зад. ступицы внешн. 67*90*12.5*20 43232-01J10/N2270 F23 KA20DE,QD32 ABS 92~ F24 07~ Y !",12,238,Yamasida,43232-01J10,Хабаровск
2026-01-06 14:13:02,"Сальник зад. ступицы внешн. 68*82*7 09061-0001P/N2008 F22,F23 82~ Y",34,278,Yamasida,09061-0001P,Хабаровск
2026-01-06 14:13:02,"Сальник зад. ступицы внешн. 70*82*12,5 MH034133/F4168 Y",76,265,Yamasida,MH034133,Хабаровск
2026-01-06 14:13:02,Сальник зад. ступицы внешн. 74*156*14*22 38212-00Z01/N2287 Y,117,1006,Yamasida,38212-00Z01,Хабаровск
2026-01-06 14:13:02,Сальник зад. ступицы внешн. 76*157*8*19 9828-76101 / 9828-76102 / H3059 HINO TRUCK / #700 Y,66,789,Yamasida,9828-76101,Хабаровск
2026-01-06 14:13:02,Сальник зад. ступицы внутр. 117*174*28 1-09625-350-0/I3600 Y,109,1038,Yamasida,1-09625-350-0,Хабаровск
2026-01-06 14:13:02,Сальник зад. ступицы внутр. 127*146*10 43090-Z5002/Z5001 Nissan UD Y,148,487,Yamasida,43090-Z5002,Хабаровск
2026-01-06 14:13:02,Сальник зад. ступицы внутр. 145*164*14 9828-01204 Y,55,671,Yamasida,9828-01204,Хабаровск
2026-01-06 14:13:02,Сальник зад. ступицы внутр. 35*55*11 43252-VW000/ N2222 Y,14,129,Yamasida,43252-VW000,Хабаровск
2026-01-06 14:13:02,Сальник зад. ступицы внутр. 38*62*11 43252-T3200/N2167 F22/23TD27/TD25(ALL) 82~ Y,11,172,Yamasida,43252-T3200,Хабаровск
2026-01-06 14:13:02,Сальник зад. ступицы внутр. 40*65*11 43252-VH300/N2364 F23 QD32(ABS) F24 07~ Y !,7,118,Yamasida,43252-VH300,Хабаровск
2026-01-06 14:13:02,"Сальник зад. ступицы внутр. 45*55*7.5 9828-45104/H3004 FD,GD,GX 97~ Y !",38,151,Yamasida,9828-45104,Хабаровск
2026-01-06 14:13:02,Сальник зад. ступицы внутр. 60*72*7.5 38212-90006 Y,251,184,Yamasida,38212-90006,Хабаровск
2026-01-06 14:13:02,"Сальник зад. ступицы внутр. 70*112*10/18.5 MB161152/52810-45000/F4028 Canter(1-1,5t)/County/HD65 Y",25,274,Yamasida,MB161152,Хабаровск
2026-01-06 14:13:02,Сальник зад. ступицы внутр. 74*100*10 MB161153 Y,143,394,Yamasida,MB161153,Хабаровск
2026-01-06 14:13:02,"Сальник зад. ступицы внутр. 77*102*18/21,5 8-94336-314-1/8-94367-959-0/l3585 NPR/NKR/NLR85/NMR85/NKR55 Y",144,483,Yamasida,8-94336-314-1,Хабаровск
2026-01-06 14:13:02,Сальник зад. ступицы внутр. 78*115*10/20 D-127967 / 90311-78001 / T1309 DYNA/TOYOACE/HINO300 Дизель,1,216,Дизель,D-127967,Хабаровск
2026-01-06 14:13:02,Сальник зад. ступицы внутр. 80*113*12/20 8-94336-316-1/8-94367-958-0/I3513 NPR/NQR-LHD99 Y,172,585,Yamasida,8-94336-316-1,Хабаровск
2026-01-06 14:13:02,Сальник зад. ступицы внутр. 82*121*12/19 8-97122-937-0/I3675 NQR71/75 Y,156,520,Yamasida,8-97122-937-0,Хабаровск
2026-01-06 14:13:02,Сальник зад. ступицы внутр. 82*121*12/19 D-127968 / 8-97122-937-0 NQR71/75 Дизель,496,217,Дизель,D-127968,Хабаровск
2026-01-06 14:13:02,Сальник зад. ступицы внутр. 95*132*12/21.5 1-09625-569-0/I3575 SNBR Y,17,699,Yamasida,1-09625-569-0,Хабаровск
2026-01-06 14:13:02,Сальник зад. ступицы внутр. MH034084 160*182*17 Y,8,477,Yamasida,MH034084,Хабаровск
2026-01-06 14:13:02,Сальник зад. ступицы наруж. 57*124*13 9828-57103/SZ319-57001/H3078 Y,79,810,Yamasida,9828-57103,Хабаровск
2026-01-06 14:13:02,Сальник зад.редукт.пер.85*105 AZ99012320184 (2шт к-т) Howo,7,109,CNHTC,AZ99012320184,Хабаровск
2026-01-06 14:13:02,Сальник задней крышки КПП 6J55T-1701161-1 60*74*10 N120 JAC ORIG,1,476,JAC,6J55T-1701161-1,Хабаровск
2026-01-06 14:13:02,Сальник задней оси 80*136*9*25 9828-80114/10/BH5898-E0 SNBR Y,55,860,Yamasida,9828-80114,Хабаровск
2026-01-06 14:13:02,Сальник задней ступицы 0K42A-26157 BONGO III 2.9 (58*75*9*12) KOS,1,176,Дизель,0K42A26157,Хабаровск
2026-01-06 14:13:02,Сальник задней ступицы 180*200*12 40100673 #5445 Iveco Y !,4,343,Yamasida,40100673,Хабаровск
2026-01-06 14:13:02,Сальник задней ступицы 190*220 WG9112340113 Howo,5,1783,Noname,WG9112340113,Хабаровск
2026-01-06 14:13:02,Сальник задней ступицы внеш 46*95*10*14 MB308934/F4152 FD#/FB500/501/51/70A/B 92~ Y,16,366,Yamasida,MB308934,Хабаровск
2026-01-06 14:13:02,Сальник задней ступицы внутр 4206540580 JAC N35 ORIG,6,85,JAC,4206540580,Хабаровск
2026-01-06 14:13:02,Сальник задней ступицы внутр 75*121*13 W025-26-154A/M4536 Mazda Titan Y,155,502,Yamasida,W025-26-154A,Хабаровск
2026-01-06 14:13:02,Сальник задней ступицы внутренний 154*175*12.5/17.5 43090-00Z00 / 9828-01216 Y,145,1130,Yamasida,43090-00Z00,Хабаровск
2026-01-06 14:13:02,Сальник задней ступицы внутренний 4208040740 ld308 JAC ORIG,21,282,JAC,4208040740,Хабаровск
2026-01-06 14:13:02,Сальник задней ступицы внутренний 4212740940 N80/90 LE795 с 2020г JAC ORIG,4,761,JAC,4212740940,Хабаровск
2026-01-06 14:13:02,Сальник задней ступицы внутренний 4214040960/3104104-g107 N120 JAC ORIG,12,434,JAC,4214040960,Хабаровск
2026-01-06 14:13:02,Сальник задней ступицы внутренний 85*127*13 D-127258 / MB308965 Дизель,8,315,Дизель,D-127258,Хабаровск
2026-01-06 14:13:02,Сальник задней ступицы внутренний K9958555782 BONGO III 2.9 (аналог),4,136,Дизель,K9958555782,Хабаровск
2026-01-06 14:13:02,Сальник задней ступицы наружный 66*134*16 9828-66106 Y,46,549,Yamasida,9828-66106,Хабаровск
2026-01-06 14:13:02,Сальник клапанной крышки 19.5*30*10.2 D-127972/22160-52000 HYUNDAI D4GA/D6GA Дизель,38,66,Дизель,D-127972,Хабаровск
2026-01-06 14:13:02,Сальник коленвала 21320-4A000 HYUNDAI PORTER II ORIG,1,335,Hyundai-Kia,21320-4A000,Хабаровск
2026-01-06 14:13:02,Сальник коленвала 79*114*15 SZ31179002/90033-19008/19004/9828-79102/79103 J05/S05 SILICONE Y,26,1477,Yamasida,SZ311-79002,Хабаровск
2026-01-06 14:13:02,Сальник коленвала D-128298 / 1002016GD190 JAC T6 Дизель,6,663,Дизель,D-128298,Хабаровск
2026-01-06 14:13:02,Сальник коленвала D-128866 / 8-97602-379-0 / I3694 R 104х139х13 NKR/NPR/71/75/FRR 99-09г Дизель,82,544,Дизель,D-128866,Хабаровск
2026-01-06 14:13:02,Сальник коленвала задн (с пружиной) 104*139*13 8-97602-379-0.SP/I3694 NKR/NPR/71/75 /FRR 99-09г Y,206,786,Yamasida,8-97602-379-0.SP,Хабаровск
2026-01-06 14:13:02,Сальник коленвала задн.92*114*8*17 ME200012/ME200026 BZ5000-E0/JF-36025-2 (MUS F4242),2,1285,JMC,ME200012,Хабаровск
2026-01-06 14:13:02,Сальник коленвала задний 100*135*13/17 SZ31101045/90033-19007 J05C/J05S/J06C/J07C/J08C SILICONE Y,159,1955,Yamasida,SZ311-01045,Хабаровск
2026-01-06 14:13:02,Сальник коленвала задний 101*124/13.3 ME240010/BZ4603 CANTER 4D3#/4M40/51 SNBR Y,166,720,Yamasida,ME240010,Хабаровск
2026-01-06 14:13:02,Сальник коленвала задний 111*153*13/15 D-128263 / 1-09625-525-2 Дизель,68,603,Дизель,D-128263,Хабаровск
2026-01-06 14:13:02,Сальник коленвала задний 112*147*13/15 12279-Z6000 Y,54,1307,Yamasida,12279-Z6000,Хабаровск
2026-01-06 14:13:02,Сальник коленвала задний 114x150x19.5 1-09625-541-2 Isuzu Y !,40,1004,Yamasida,1-09625-541-2,Хабаровск
2026-01-06 14:13:02,Сальник коленвала задний 114x153x19.5 1-09625-540-3 Isuzu Y !,46,903,Yamasida,1-09625-540-3,Хабаровск
2026-01-06 14:13:02,Сальник коленвала 116*151*15 SZ31101041/9828-01223/BZ5377-F0 вн.обойма SILICONE Y,6,1366,Yamasida,SZ311-01041,Хабаровск
2026-01-06 14:13:02,Сальник коленвала задний 118*148*20.5 1-09625-557-1/8-97617-309-0 ISUZU Y,51,1670,Yamasida,1-09625-557-1,Хабаровск
2026-01-06 14:13:02,"Сальник коленвала задний 125*155*14*23 9828-01201 K13C,D/EK100 Y",25,573,Yamasida,9828-01201,Хабаровск
2026-01-06 14:13:02,Сальник коленвала задний 132*171.5*13.5*22 ME093335 Y !,39,2387,Yamasida,ME093335,Хабаровск
2026-01-06 14:13:02,Сальник коленвала задний 132*179.5*12.5*22 ME152584 Y !,37,2551,Yamasida,ME152584,Хабаровск
2026-01-06 14:13:02,Сальник коленвала задний 150*172*13 D-126946 / 1005060-53D FAW CA6DM2 Дизель,17,551,Дизель,D-126946,Хабаровск
2026-01-06 14:13:02,Сальник коленвала задний 201V01510-0283 HOWO T5G MC11/07/13,3,901,Дизель,201V01510-0283,Хабаровск
2026-01-06 14:13:02,Сальник коленвала задний 21321-42042 HYUNDAI PORTER ORIG,10,500,Hyundai-Kia,21321-42042,Хабаровск
2026-01-06 14:13:02,Сальник коленвала задний 546.941,3,117,JMC,546.941,Хабаровск
2026-01-06 14:13:02,Сальник коленвала задний 85*105*10 LP-5894 / 90311-85007 SNBR Y,208,219,Yamasida,90311-85007,Хабаровск
2026-01-06 14:13:02,Сальник коленвала задний 90.5*114*12 ME203250 / F4245 CANTER 4M4# FB/FE70#/71#/72/73/74/83/84 Y,178,325,Yamasida,ME203250,Хабаровск
2026-01-06 14:13:02,Сальник коленвала задний 95*115*9.5*12 90311-95008/95010/95005 T1278/JF-16272/BH4375-G0/AH3982EO Y,164,273,Yamasida,90311-95008,Хабаровск
2026-01-06 14:13:02,Сальник коленвала задний 99x120x13x18 90311-99002 N04C/W04D/1W LP-5895 Y !,132,303,Yamasida,90311-99002,Хабаровск
2026-01-06 14:13:02,Сальник коленвала задний NJ058 80х96х9 Grace,3,741,Payen,NJ058,Хабаровск
2026-01-06 14:13:02,Сальник коленвала задний NJ354,3,258,JMC,NJ354,Хабаровск
2026-01-06 14:13:02,Сальник коленвала коренной 101.57*125*13 SE08-11-399/M4573 SL/HA/VS Y,36,416,Yamasida,SE08-11-399,Хабаровск
2026-01-06 14:13:02,Сальник коленвала коренной 108*140*180*17 ME034976 Y,124,658,Yamasida,ME034976,Хабаровск
2026-01-06 14:13:02,Сальник коленвала коренной 110*135*9 12270-Z5502 N. DIESEL / UD CONDOR TRUCK Y,17,214,Yamasida,12270-Z5502,Хабаровск
2026-01-06 14:13:02,"Сальник коленвала коренной 135*165*14/20 SZ311-01021/9828-01168/H3085 EF3#,5#,7#/F17/20 SILIC Y",15,966,Yamasida,SZ311-01021,Хабаровск
2026-01-06 14:13:02,Сальник коленвала коренной 138*173*13/15 12270-96005 NISSAN PF6# Y,57,1427,Yamasida,12270-96005,Хабаровск
2026-01-06 14:13:02,Сальник коленвала коренной 95*118*10/13 8-97071-561-1 Y,128,756,Yamasida,8-97071-561-1,Хабаровск
2026-01-06 14:13:02,Сальник коленвала перед 200V01510-6008 HOWO T5G MC11,5,722,Дизель,200V01510-6008,Хабаровск
2026-01-06 14:13:02,Сальник коленвала перед 21320-4A100 Hyundai HD35 ORIG,4,329,Hyundai-Kia,21320-4A100,Хабаровск
2026-01-06 14:13:02,Сальник коленвала передний 105*140*12 D-126947 / 1005050-53D FAW CA6DM2 Дизель,15,560,Дизель,D-126947,Хабаровск
2026-01-06 14:13:02,"Сальник коленвала передний 109.5*150*15 12278-97002 NISSAN RE10,RF8,RF10,RG8,RH8,RH10 Y",31,1051,Yamasida,12278-97002,Хабаровск
2026-01-06 14:13:02,Сальник коленвала передний 109*137*13 8-97329-780-0/I3692 NKR/NPR/71/75/FRR 99-09г Y,36,918,Yamasida,8-97329-780-0,Хабаровск
2026-01-06 14:13:02,"Сальник коленвала передний 118*148*20.5 1-09625-556-2/8-97617-308-0 ISUZU 6WA1,6WF1,6WG1 Y",28,1735,Yamasida,1-09625-556-2,Хабаровск
2026-01-06 14:13:02,"Сальник коленвала передний 42x66x11.5x18.5 ME240328/F4256 LP-5899 FUSO CANTER 4M50,4M51 Y",245,609,Yamasida,ME240328,Хабаровск
2026-01-06 14:13:02,Сальник коленвала передний 50.8*69.85*11 SE08-10-602 / M4572 MAZDA Y,24,229,Yamasida,SE08-11-602,Хабаровск
2026-01-06 14:13:02,"Сальник коленвала передний 50*68*7/11 8-97382-606-0 NLR/NMR55,85 4JJ1-T Y",42,500,Yamasida,8-97382-606-0,Хабаровск
2026-01-06 14:13:02,Сальник коленвала передний 55*78*10*16.9 ME017208/21321-45001 COUNTY/HD45/65/72/78/CANTER SIL Y,164,453,Yamasida,21321-45001,Хабаровск
2026-01-06 14:13:02,Сальник коленвала передний 58*75*9*14.5 SZ313-58001/9828-58104/H3106 HINO300/DYNA XZU6#7# Y,49,271,Yamasida,SZ313-58001,Хабаровск
2026-01-06 14:13:02,Сальник коленвала передний 58*80*10 13510-43G00/01 TD23/TD27#/TD42 Y,61,216,Yamasida,13510-43G00,Хабаровск
2026-01-06 14:13:02,Сальник коленвала передний 65*88*12*19 9828-65116 / H3077 NBR HINO Y,37,361,Yamasida,9828-65116,Хабаровск
2026-01-06 14:13:02,"Сальник коленвала передний 65*88*12/19 OK850-10602 SILICON HD120,AeroTown D6DA19/22 Y",31,216,Yamasida,OK850-10602,Хабаровск
2026-01-06 14:13:02,Сальник коленвала передний 75*100*13*20 SZ313-75002/9828-75140 Y,38,301,Yamasida,SZ313-75002,Хабаровск
2026-01-06 14:13:02,Сальник коленвала передний 75*100*14.5*19.5 ME074755 /F4260 FUSO Y,24,662,Yamasida,ME074755,Хабаровск
2026-01-06 14:13:02,Сальник коленвала 75*114*15 SZ319-75002/9828-75145 FS1E/FQ1E/FE7J/FJ7J 10~ Y,71,1405,Yamasida,SZ319-75002,Хабаровск
2026-01-06 14:13:02,Сальник коленвала передний 76*94*12 D-128264 / ME071269 MMC FUSO 6D1# Дизель,180,122,Дизель,D-128264,Хабаровск
2026-01-06 14:13:02,Сальник коленвала передний 76*94*12 ME071269 / F4194 MMC FUSO 6D1# Y,118,276,Yamasida,ME071269,Хабаровск
2026-01-06 14:13:02,Сальник коленвала передний 88*123*16 12278-Z6000 Y,24,961,Yamasida,12278-Z6000,Хабаровск
2026-01-06 14:13:02,Сальник коленвала передний 90*105*10 D-129549 / 1005050-29D FAW Дизель,4,571,Дизель,D-129549,Хабаровск
2026-01-06 14:13:02,Сальник коленвала передний 95*115*12 WG61500010037 Howo,6,467,Howo,WG61500010037,Хабаровск
2026-01-06 14:13:02,Сальник коленвала передний 95*120*13 ME061853 / F4127 MMC FUSO 8DC# /6D2# Y,75,360,Yamasida,ME061853,Хабаровск
2026-01-06 14:13:02,Сальник коленвала передний 95*125*13.5*21.5 ME060124 F4198/BZ1335-E0 Y,71,880,Yamasida,ME060124,Хабаровск
2026-01-06 14:13:02,Сальник коленвала передний 95*135.5*15 12278-00Z00 NISSAN GE13# Y,40,862,Yamasida,12278-00Z00,Хабаровск
2026-01-06 14:13:02,Сальник коленвала передний 96*124*14/21 SZ311-96002/9828-96103 SILICONE Y !,6,282,Yamasida,SZ311-96002,Хабаровск
2026-01-06 14:13:02,Сальник коленвала передний 96*131*17.5 SZ311-96004/9828-96109/BZ5221-EO SILICONE Y,117,1763,Yamasida,SZ311-96004,Хабаровск
2026-01-06 14:13:02,Сальник коленвала передний K13510-2J200,3,245,JMC,K13510-2J200,Хабаровск
2026-01-06 14:13:02,Сальник коленвала передний T1262,3,147,JMC,T1262,Хабаровск
2026-01-06 14:13:02,Сальник компрессора и насоса подъема кузова D-128438 / 601835 32х52х7 HOWO Дизель,10,99,Дизель,D-128438,Хабаровск
2026-01-06 14:13:02,Сальник коренной 104*137*13 8-97602-378-0 Y,212,837,Yamasida,8-97602-378-0,Хабаровск
2026-01-06 14:13:02,Сальник коренной 104*137*13 D-127974 / 8-97602-378-0 Дизель,49,332,Дизель,D-127974,Хабаровск
2026-01-06 14:13:02,Сальник коренной 120*153*13/15 1-09625-524-3 передний Y,5,1038,Yamasida,1-09625-524-3,Хабаровск
2026-01-06 14:13:02,Сальник коренной 125*177*17.5 SZ311-01044 / 9828-01222 Y,24,2394,Yamasida,SZ311-01044,Хабаровск
2026-01-06 14:13:02,Сальник коренной 9828-00109 JO8# / H3096,1,234,JMC,9828-00109,Хабаровск
2026-01-06 14:13:02,Сальник коренной RF F801-11-399 TKK,1,656,JMC,WG1192299,Хабаровск
2026-01-06 14:13:02,Сальник КПП 32*45*8 / 32219-Z5004 / LP-5880 Y !,179,98,Yamasida,32219-Z5004,Хабаровск
2026-01-06 14:13:02,Сальник КПП 35*48*6.5 90311-35023/T1227 DYNA/TOYOACE/HINO300 SNBR Y,28,116,Yamasida,90311-35023,Хабаровск
2026-01-06 14:13:02,Сальник КПП 57.5*70*8.5 / MH034121 / LP-5900 Y,161,155,Yamasida,MH034121,Хабаровск
2026-01-06 14:13:02,Сальник КПП 58*102*11*19.5 90311-58010/BH6215E DYNA/TOYOACE/HINO 300 SNBR Y,37,345,Yamasida,90311-58010,Хабаровск
2026-01-06 14:13:02,Сальник КПП 78*100*14/20 LP-5956 / SZ319-78001 SNBR Y,61,345,Yamasida,SZ319-78001,Хабаровск
2026-01-06 14:13:02,Сальник КПП 80-105-12 1-09625-046-0 I3506,1,244,JMC,1-09625-046-0,Хабаровск
2026-01-06 14:13:02,Сальник КПП 86*127*16/25 1-09625-323-0 / I3643 Y,178,780,Yamasida,1-09625-323-0,Хабаровск
2026-01-06 14:13:02,Сальник КПП 90*115*13 32136-90061 AP3932-B (NOK),1,943,Corteco,32136-90061,Хабаровск
2026-01-06 14:13:02,Сальник КПП 44*62*10 / 32136-01J00 / LP-5879 Y !,219,94,Yamasida,32136-01J00,Хабаровск
2026-01-06 14:13:02,Сальник КПП вторичного вала 48*65*9 43155-45000 Y,59,208,Yamasida,43155-45000,Хабаровск
2026-01-06 14:13:02,Сальник КПП задний 55*72*9*15 9828-55110/55112/SZ311-55004/H3060 HINO 5т Y,45,269,Yamasida,9828-55110,Хабаровск
2026-01-06 14:13:02,Сальник КПП зад 60*77*12 1-09625-505-0/453-0 NPR/NQR ELF 3-4t 93~ Y,3,198,Yamasida,1-09625-505-0,Хабаровск
2026-01-06 14:13:02,Сальник КПП задний 104*126*13 1-09625-625-0 LP-5876 NBR ISUZU C#/EX 00~ Y,116,427,Yamasida,1-09625-625-0,Хабаровск
2026-01-06 14:13:02,Сальник КПП задний 38*65*9 90311-38093/T1062 /AD2257-E0 LP-5891 DYNA/TOYOACE 95~ Y !,219,130,Yamasida,90311-38093,Хабаровск
2026-01-06 14:13:02,Сальник КПП задний 60*77*12 D-128265 / 1-09625-505-0/453-0 NPR/NQR ELF 3-4t 93~ Дизель,75,122,Дизель,D-128265,Хабаровск
2026-01-06 14:13:02,Сальник КПП крышки первичного вала 52*72*10 D-129995 / F500A-1802191 HOWO Дизель,2,162,Дизель,D-129995,Хабаровск
2026-01-06 14:13:02,Сальник КПП 55*72*6 / SZ311-55013 / LP-5955 Y !,171,130,Yamasida,SZ311-55013,Хабаровск
2026-01-06 14:13:02,Сальник КПП первичного вала 750111002 Howo/ 55*75*8,5,95,Howo,750111002,Хабаровск
2026-01-06 14:13:02,Сальник КПП перед 40*58*8 ME624211/F4132 FUSO CANTER FG/FE5#6#7#8#/FF6#8#/FM315/16/515/FK4 SNBR Y,159,132,Yamasida,ME624211,Хабаровск
2026-01-06 14:13:02,Сальник КПП передний 40*56*6.5 1-09625-498-0/I3669 LP-5875 NBR FTR/FVR/FRR/FSR 96~ Y !,216,123,Yamasida,1-09625-498-0,Хабаровск
2026-01-06 14:13:02,Сальник КПП передний 54*69*9 1-09625-496-0/I3668 CYZ51/CXZ Y,91,368,Yamasida,1-09625-496-0,Хабаровск
2026-01-06 14:13:02,Сальник КПП передний WG734310108 Howo,17,30,Howo,WG734310108,Хабаровск
2026-01-06 14:13:02,Сальник крышки коробки отбора мощности 1-38119-035-0 C/E series ORIG,4,1507,Isuzu,1-38119-035-0,Хабаровск
2026-01-06 14:13:02,Сальник масляного насоса 4938765 JAC N120/Камаз Cummins ISF3.8 Е-5,1,130,Noname,4938765,Хабаровск
2026-01-06 14:13:02,Сальник первичного вала 43143-33000 Grace,3,38,Дизель,43143-33000,Хабаровск
2026-01-06 14:13:02,"Сальник первичного вала КПП 32*53*7 90311-32022 / T1391 DYNA/TOYOACE KDH20#/KDY,RZY,TRY 07~ Y !",35,86,Yamasida,90311-32022,Хабаровск
2026-01-06 14:13:02,Сальник первичного вала КПП 34*48*8 8-97017-350-0 / I3650 ISUZU 4HF/HG/HE1 MXA5R/S/MXA6S Y,35,140,Yamasida,8-97017-350-0,Хабаровск
2026-01-06 14:13:02,Сальник первичного вала КПП MYY5T /5-ступ 40*54*7 8-97253-550-0 / I3698 NBR ISUZU Y,134,162,Yamasida,8-97253-550-0,Хабаровск
2026-01-06 14:13:02,Сальник передний перед. вала КПП 40*54*7 SU002-00148 HINO 300 Y,123,136,Yamasida,SU002-00148,Хабаровск
2026-01-06 14:13:02,Сальник первичного вала КПП 734310108 Howo/ 48*69*10 CNHTC,7,103,Howo,734310108,Хабаровск
2026-01-06 14:13:02,Сальник первичного вала КПП 734310110 Howo/ 48*75*8,24,121,Howo,734310110,Хабаровск
2026-01-06 14:13:02,Сальник первичного вала КПП TC48*65*12 N120 JAC ORIG,2,351,JAC,TC48*65*12,Хабаровск
2026-01-06 14:13:02,Сальник перед ступицы 102*120/130*20 D-128266 / 8-94440-904-0 NKS/NPS/NPR 88~ Дизель,19,303,Дизель,D-128266,Хабаровск
2026-01-06 14:13:02,Сальник перед ступицы 125*150*14 D-128267 / MH034086 Дизель,17,201,Дизель,D-128267,Хабаровск
2026-01-06 14:13:02,Сальник перед. cтупицы 68*92*10/13 D-127976 / 90311-68003 / T1345 DYNA/HINO Дизель,22,162,Дизель,D-127976,Хабаровск
2026-01-06 14:13:02,Сальник перед. ступицы 102*116*14 D-126300/MH034012/MH034085/MH034091 F4021/AD4124E Дизель,20,176,Дизель,D-126300,Хабаровск
2026-01-06 14:13:02,Сальник перед. ступицы 102*116*14 MH034012/MH034085/MH034091 F4021/AD4124E Y,58,323,Yamasida,MH034012,Хабаровск
2026-01-06 14:13:02,Сальник перед. ступицы 102*120/130*20 8-94440-904-0/I3630 NKS/NPS/NPR 88~ Y,132,554,Yamasida,8-94440-904-0,Хабаровск
2026-01-06 14:13:02,Сальник перед. ступицы 130*150*10 43090-Z5000 Y,123,573,Yamasida,43090-Z5000,Хабаровск
2026-01-06 14:13:02,Сальник перед. ступицы 130*150*14 MH034092 /F4025 / NJ543 FK# Y,62,552,Yamasida,MH034092,Хабаровск
2026-01-06 14:13:02,Сальник перед. ступицы 134*152*11 MH034089 Y,1,295,Yamasida,MH034089,Хабаровск
2026-01-06 14:13:02,Сальник перед. ступицы 138*152*12 D-128269 / SZ311-01046 / 9828-01112 / 9828-01125 HINO500 Дизель,9,182,Дизель,D-128269,Хабаровск
2026-01-06 14:13:02,Сальник перед. ступицы 138*152*12 SZ311-01046 /9828-01112/01125/H3030 HINO500 #5442 Y,84,406,Yamasida,SZ311-01046,Хабаровск
2026-01-06 14:13:02,Сальник перед. ступицы 140*160*12 LP-5905 / SZ311-01010 SNBR Y,64,472,Yamasida,SZ311-01010,Хабаровск
2026-01-06 14:13:02,Сальник перед. ступицы 36*50*8 MB420112 Y,194,116,Yamasida,MB420112,Хабаровск
2026-01-06 14:13:02,Сальник перед. ступицы 50*93/99*10/24 40227-20N00 Y,3,810,Yamasida,40227-20N00,Хабаровск
2026-01-06 14:13:02,Сальник перед. ступицы 52*73*10 MB025291 Y,47,193,Yamasida,MB025291,Хабаровск
2026-01-06 14:13:02,Сальник перед. ступицы 52*76*8.5*14 8-94459-416-0/I3631 NKS71/NPS 4WD Y,14,299,Yamasida,8-94459-416-0,Хабаровск
2026-01-06 14:13:02,Сальник перед. ступицы 54*75.3*12*18 40232-01G00 Y,24,315,Yamasida,40232-01G00,Хабаровск
2026-01-06 14:13:02,Сальник перед. ступицы 56*81*8 MT327029 Y,15,193,Yamasida,MT327029,Хабаровск
2026-01-06 14:13:02,Сальник перед. ступицы 57*79*9*13.5 40232-31G00/ N2251 Y,60,420,Yamasida,40232-31G00,Хабаровск
2026-01-06 14:13:02,"Сальник переднего редуктора левый 32*52*10.5*15.7 38342-01G00 LP-5884 ATLAS/CONDOR F23 92~, Y !",212,159,Yamasida,38342-01G00,Хабаровск
2026-01-06 14:13:02,Сальник переднего редуктора левый 33*55*11*18 38342-N3100 LP-5885 ATLAS/CONDOR F22/23/24 Y !,170,123,Yamasida,38342-N3100,Хабаровск
2026-01-06 14:13:02,Сальник передней полуоси 37*58*11 90311-37001/T1230 LP-5889 DYNA/TOYOACE Y !,95,138,Yamasida,90311-37001,Хабаровск
2026-01-06 14:13:02,Сальник передней полуоси 90311-37001 Toyota,2,441,HINO-TOYOTA,90311-37001,Хабаровск
2026-01-06 14:13:02,Сальник передней полуоси правый 50*72*10*14.5 40227-31G00 LP-5886 ATLAS/CONDOR F22/23/24 Y,96,211,Yamasida,40227-31G00,Хабаровск
2026-01-06 14:13:02,Сальник передней ступицы 09289-48004,1,391,JMC,09289-48004,Хабаровск
2026-01-06 14:13:02,Сальник передней ступицы 100*114*12 40227-Z5001 / N2092 Y,157,341,Yamasida,40227-Z5001,Хабаровск
2026-01-06 14:13:02,Сальник передней ступицы 100*114*12 D-128270 / 40227-Z5001 Дизель,40,164,Дизель,D-128270,Хабаровск
2026-01-06 14:13:02,Сальник передней ступицы 100x130x12 F2000 Createk CK8571,2,480,JMC,81.96502.6045,Хабаровск
2026-01-06 14:13:02,Сальник передней ступицы 140*158*10 51830-8A100 Hyundai HD ORIG,8,285,Hyundai-Kia,51830-8A100,Хабаровск
2026-01-06 14:13:02,Сальник передней ступицы 51830-45000 ORIG,4,111,Hyundai-Kia,51830-45000,Хабаровск
2026-01-06 14:13:02,Сальник передней ступицы 54*65*10*15 40232-3S600/ N2347 Y,9,231,Yamasida,40232-3S600,Хабаровск
2026-01-06 14:13:02,Сальник передней ступицы 68*90*10 90311-68001/T1098 DYNA/TOYOACE/HINO Y,112,319,Yamasida,90311-68001,Хабаровск
2026-01-06 14:13:02,Сальник передней ступицы 68*92*10/13 90311-68003 / T1345 DYNA/HINO Y,68,290,Yamasida,90311-68003,Хабаровск
2026-01-06 14:13:02,Сальник передней ступицы 72*94*10 51830-45200/MB025295/F4107 FUSO CANTER 2T~ HD72/65/78 SNBR Y,72,233,Yamasida,MB025295,Хабаровск
2026-01-06 14:13:02,Сальник передней ступицы 77*91*6/10 40227-0T000/N2276 ATLAS/CONDOR H41 Y,103,467,Yamasida,40227-0T000,Хабаровск
2026-01-06 14:13:02,Сальник передней ступицы 85*128*11*21 1-09625-129-0/I3592 Y,80,694,Yamasida,1-09625-129-0,Хабаровск
2026-01-06 14:13:02,Сальник полуоси 55*70*12 90003074340 HOWO,3,114,Дизель,90003074340,Хабаровск
2026-01-06 14:13:02,Сальник полуоси 90310-36003 / 1010345,1,130,THO,1010345,Хабаровск
2026-01-06 14:13:02,Сальник полуоси заднего моста 190003074340 Howo,5,45,Дизель,190003074340,Хабаровск
2026-01-06 14:13:02,Сальник полуоси заднего моста 41*56*7 43252-H1000/H1010/N2125 NISSAN Y,44,140,Yamasida,43252-H1000,Хабаровск
2026-01-06 14:13:02,Сальник помпы S118 21026-90007/21026-99007 RD8/10 Asahi,2,1372,JMC,21026-90007,Хабаровск
2026-01-06 14:13:02,Сальник помпы S202 16104-1170/1180 W04/W06D Asahi,1,365,JMC,16104-1170,Хабаровск
2026-01-06 14:13:02,Сальник помпы Газель-Бизнес 5265266 CUMMINS,1,534,JMC,5265266,Хабаровск
2026-01-06 14:13:02,Сальник привода 95GAY-30450808X,3,160,Febest,95GAY-30450808X,Хабаровск
2026-01-06 14:13:02,Сальник привода 95GAY-38581111L,2,128,Febest,95GAY-38581111L,Хабаровск
2026-01-06 14:13:02,Сальник привода 95GBY-48620808L,3,160,Febest,95GBY-48620808L,Хабаровск
2026-01-06 14:13:02,Сальник привода 95GDS-57700707X,2,208,Febest,95GDS-57700707X,Хабаровск
2026-01-06 14:13:02,Сальник привода 95HDS-42761221R,2,219,Febest,95HDS-42761221R,Хабаровск
2026-01-06 14:13:02,Сальник раздатки задний 50*72.5*12*19.5 LP-5881 / 33142-01J01 SNBR Y,158,178,Yamasida,33142-01J01,Хабаровск
2026-01-06 14:13:02,"Сальник раздаточной коробки /BONGO3 (40*53/72*12/30) (OEM) / 0K71E17336A,473634D000,47363-4D000,0K71",2,277,JMC,47363-4D000,Хабаровск
2026-01-06 14:13:02,Сальник раздаточной коробки передний 33216-33G01,2,595,Nissan,33216-33G01,Хабаровск
2026-01-06 14:13:02,Сальник редуктора F/C мост D-129049 / 06.56289.0361+06.56289.0357 85х105х13 к-т SHACMAN F3000 Дизель,1,444,Дизель,D-129049,Хабаровск
2026-01-06 14:13:02,Сальник редуктора заднего моста 1-09625-030-0 / I3505 80*143*10*37 ISUZU GIGA Y !,66,803,Yamasida,1-09625-030-0,Хабаровск
2026-01-06 14:13:02,Сальник редуктора заднего моста 1-09625-322-0 86*143*10*38 I3642 CXZ Y,86,700,Yamasida,1-09625-322-0,Хабаровск
2026-01-06 14:13:02,"Сальник редуктора заднего моста 45*78*11/18,5 8-94408-084-0/8-94408-085-0/1/I3511 Y",50,301,Yamasida,8-94408-084-0,Хабаровск
2026-01-06 14:13:02,Сальник редуктора заднего моста 52*84*14 D-127978/MH034213/53352-45010/F4090 HD65-78/CANTER Дизель,30,131,Дизель,D-127978,Хабаровск
2026-01-06 14:13:02,Сальник редуктора заднего моста 52*84*14 MH034213/53352-45010/F4090 HD65/HD72/HD78/CANTER 93~ Y,63,194,Yamasida,53352-45010,Хабаровск
2026-01-06 14:13:02,"Сальник редуктора заднего моста 58*103*12*19,5 8-94408-083-0/I3593 NKR66#/NLR85/NMR85 Y",57,391,Yamasida,8-94408-083-0,Хабаровск
2026-01-06 14:13:02,Сальник редуктора заднего моста 60*103*10/34 D-128272 / MC827472 Дизель,39,182,Дизель,D-128272,Хабаровск
2026-01-06 14:13:02,Сальник редуктора заднего моста 60*103*12/20 1-09625-484-0/109625-205-0/I3507 Y,4,278,Yamasida,1-09625-484-0,Хабаровск
2026-01-06 14:13:02,Сальник редуктора заднего моста 60*114*12.5*29 38189-Z5002/5005/N2064 Y,40,539,Yamasida,38189-Z5002,Хабаровск
2026-01-06 14:13:02,Сальник редуктора заднего моста 86*143*10*38 D-127977 / 1-09625-322-0 I3642 CXZ Дизель,24,255,Дизель,D-127977,Хабаровск
2026-01-06 14:13:02,Сальник редуктора ср. моста 90*125*10/17 9828-90110/90115/SZ311-90005 FS/FQ/FW/SS1#/GK8 HIN500/70 Y,163,512,Yamasida,9828-90110,Хабаровск
2026-01-06 14:13:02,Сальник редуктора среднего моста D-126950 / 06.56279.0331+06.56279.0335 комплект 75*95*10 Дизель,6,241,Дизель,D-126950,Хабаровск
2026-01-06 14:13:02,Сальник рейки рулевой 19*32*7*7.8 90311-19013/02/06/016/5-09625-070-0 T1154/I3645 NBR TOY Y,80,108,Yamasida,90311-19013,Хабаровск
2026-01-06 14:13:02,Сальник рейки рулевой 25*38*7*8 90310-25004 / T1244 NBR TOY Y,9,160,Yamasida,90310-25004,Хабаровск
2026-01-06 14:13:02,Сальник ремкомплекта помпы N-61 / TD42 / 14-30,3,256,JMC,N-61,Хабаровск
2026-01-06 14:13:02,Сальник рулевого редуктора (боковой) Isuzu 9-09924-502-0 / LP-5957 / 35*48*8 NQR75/NQR71 Y,46,115,Yamasida,9-09924-502-0,Хабаровск
2026-01-06 14:13:02,Сальник рулевого редуктора 1-44259-057-0 23*36.5*6.5/8 ISUZU 92~ LP-5840 Y,279,241,Yamasida,1-44259-057-0,Хабаровск
2026-01-06 14:13:02,Сальник рулевого редуктора 17*42*8*10 MC121805 LP-5898 NBR MMC CANTER Y,9,108,Yamasida,MC121805,Хабаровск
2026-01-06 14:13:02,Сальник рычага сервоусилителя КПП 28*41*7 1-09625-334-0/647-0 LP-5874 SNBR80` Isuzu Y !,165,132,Yamasida,1-09625-334-0,Хабаровск
2026-01-06 14:13:02,Сальник ступицы 1010275,2,375,JMC,1010275,Хабаровск
2026-01-06 14:13:02,Сальник ступицы 101519 (180*200*17)/42127526/42127773 EMMERRE !,6,665,Emmerre,101519,Хабаровск
2026-01-06 14:13:02,Сальник ступицы 180*200*12 42127526 #5444 Iveco Y !,24,319,Yamasida,42127526,Хабаровск
2026-01-06 14:13:02,Сальник ступицы 19026799B,2,337,JMC,BA1763-E0,Хабаровск
2026-01-06 14:13:02,Сальник ступицы 59*75*10.8 D-128273 / 8-98036-594-0 / 8-94407-711-0 / 8-97044-739-0 BIG HORN Дизель,51,122,Дизель,D-128273,Хабаровск
2026-01-06 14:13:02,Сальник ступицы D-128147 / 8-98202-912-0 Дизель,434,131,Дизель,D-128147,Хабаровск
2026-01-06 14:13:02,Сальник ступицы F int D-126301 / 1-09625-041-0 / I3574 120х140х10.5 Дизель,627,150,Дизель,D-126301,Хабаровск
2026-01-06 14:13:02,Сальник ступицы R ext D-126298 / 1-09625-444-0 / 1-09625-226-1 78x163x16 CXZ Дизель,98,303,Дизель,D-126298,Хабаровск
2026-01-06 14:13:02,"Сальник ступицы R int D-125040 / 8-94336-314-1 77х102х18/21,5 NPR/NKR/NLR85/NMR85/NKR55 Дизель",51,121,Дизель,D-125040,Хабаровск
2026-01-06 14:13:02,Сальник ступицы R int D-126299 / 1-09625-350-0 / 1-09625-265-0 117x174x16 Дизель,44,341,Дизель,D-126299,Хабаровск
2026-01-06 14:13:02,Сальник ступицы T1308,3,654,JMC,90З11-68002,Хабаровск
2026-01-06 14:13:02,Сальник ступицы зад внутр 77*102*9.5/21.5 8-94367-959-0/8-94336-314-1 NPR55/NKR66 Y,95,515,Yamasida,8-94367-959-0,Хабаровск
2026-01-06 14:13:02,Сальник ступицы задней 180*200*12 D-128262 / 40100673 Iveco Дизель,41,303,Дизель,D-128262,Хабаровск
2026-01-06 14:13:02,"Сальник ступицы задней 190х220 WG 9112340113 (2шт к-т) (F,H,S)",2,436,Дизель,9112340113,Хабаровск
2026-01-06 14:13:02,Сальник ступицы задней D-126944 / WG9112340113 / WG9112340114 к-т 190х220 FAW Дизель,14,595,Дизель,D-126944,Хабаровск
2026-01-06 14:13:02,Сальник ступицы задней D-127259 / 1907845 Scania Дизель,48,815,Дизель,D-127259,Хабаровск
2026-01-06 14:13:02,Сальник ступицы задней D-128632 / DZ9112340152+DZ9112340154 185х210х11 SHACMAN F3000 Дизель,30,936,Дизель,D-128632,Хабаровск
2026-01-06 14:13:02,Сальник ступицы задней внеш. 1-09625-444-0/1-09625-226-1/I3591 78*163*16 CXZ Y,142,960,Yamasida,1-09625-444-0,Хабаровск
2026-01-06 14:13:02,Сальник ступицы задней внутр 70*112*10/18 D-128261 / MB161152 / 52810-45000 Canter/County/HD65Дизель,12,102,Дизель,D-128261,Хабаровск
2026-01-06 14:13:02,Сальник ступицы задней внутр. 127*147*11 SZ311-01049/9828-01203/H3079 SNBR Y,90,598,Yamasida,SZ311-01049,Хабаровск
2026-01-06 14:13:02,"Сальник ступицы задней, внешний 45*53*6.5/8 D-128257 / MH034110 Дизель",135,140,Дизель,D-128257,Хабаровск
2026-01-06 14:13:02,"Сальник ступицы задней, внешний 51*94*9.5 D-128259 / 43254-0T000 H41 91~ F24 07~ Дизель",54,182,Дизель,D-128259,Хабаровск
2026-01-06 14:13:02,"Сальник ступицы задней, внешний 65*77*12 D-128258 / MH034135 Дизель",23,122,Дизель,D-128258,Хабаровск
2026-01-06 14:13:02,"Сальник ступицы задней, внешний 76*157*8/19 D-128260 / 9828-76101 / 9828-76102 HINO 700 Дизель",59,485,Дизель,D-128260,Хабаровск
2026-01-06 14:13:02,Сальник перед. ступицы 72*96*8*12 MB420155/F4161 FG3#/53E/63E/73E/83E 85~ Y,56,313,Yamasida,MB420155,Хабаровск
2026-01-06 14:13:02,Сальник ступицы передней 120*140*10.5 1-09625-041-0/I3574 Y,141,461,Yamasida,1-09625-041-0,Хабаровск
2026-01-06 14:13:02,Сальник ступицы передней 120*140*10.5 D-125591 / 1-09625-041-0/I3574 Дизель,75,216,Дизель,D-125591,Хабаровск
2026-01-06 14:13:02,Сальник ступицы передней 65*93*8.5/18 8-97211-082-0/I3639 Y,89,425,Yamasida,8-97211-082-0,Хабаровск
2026-01-06 14:13:02,Сальник ступицы передней 75*112*10/17.5 1-09625-568-0/I3573 Y,180,620,Yamasida,1-09625-568-0,Хабаровск
2026-01-06 14:13:02,Сальник ступицы передней 77*100*10*14 90311-77001/T1350 LP-5893 SNBR DYNA/TOYOACE Y !,87,274,Yamasida,90311-77001,Хабаровск
2026-01-06 14:13:02,Сальник ступицы передней K90311-68003,2,609,JMC,90311-68003,Хабаровск
2026-01-06 14:13:02,Сальник трансмиссии 19034996B,2,412,Corteco,19034996B,Хабаровск
2026-01-06 14:13:02,Сальник уплотнительный K90311-38093,1,362,NOK,K90311-38093,Хабаровск
2026-01-06 14:13:02,Сальник фильтра сапуна Fuso Canter TF MK667058 DF,71,495,DRAGONFLYS,MK667058,Хабаровск
2026-01-06 14:13:02,Сальник фланца КПП (85x105x1218) SCANIA HD-parts 85*105*12*18,2,822,HD-Parts,305502,Хабаровск
2026-01-06 14:13:02,Сальник форсунки D-127189 / 1-09639-034-0/5 / 17х30х6.9 ISUZU Дизель,149,120,Дизель,D-127189,Хабаровск
2026-01-06 14:13:02,Сальник хвостовика 40*56*7 LP-5888 / 90310-40003 SNBR Y,211,117,Yamasida,90310-40003,Хабаровск
2026-01-06 14:13:02,Сальник хвостовика 50*75*13/18.5 W026-27-165/M4629 M-TITAN WE/WG/WW Y,21,430,Yamasida,W026-27-165,Хабаровск
2026-01-06 14:13:02,Сальник хвостовика 53352-4A000 HYUNDAI PORTER ORIG,1,277,Hyundai-Kia,53352-4A000,Хабаровск
2026-01-06 14:13:02,Сальник хвостовика 70*135*14*18.5 MH034229 FUSO Y,23,735,Yamasida,MH034229,Хабаровск
2026-01-06 14:13:02,Сальник хвостовика 80*105*13 MH034157 Y,32,330,Yamasida,MH034157,Хабаровск
2026-01-06 14:13:02,Сальник хвостовика 80*105*13 MH034228 Y,129,279,Yamasida,MH034228,Хабаровск
2026-01-06 14:13:02,Сальник хвостовика 85*105*13 D-127261 / 1502385 Scania Дизель,72,309,Дизель,D-127261,Хабаровск
2026-01-06 14:13:02,Сальник хвостовика 85*105*16 D-128621 / 90003078772 / WG9231320026 SHACMAN Дизель,14,226,Дизель,D-128621,Хабаровск
2026-01-06 14:13:02,"Сальник хвостовика 86*127*16/25 D-125360 / 1-09625-323-0 C,E,F-series Дизель",31,438,Дизель,D-125360,Хабаровск
2026-01-06 14:13:02,Сальник хвостовика WG7117329017 HOWO ORIG,8,900,Howo,WG7117329017,Хабаровск
2026-01-06 14:13:02,Сальник хвостовика зад.редуктора 85*146*9/25 SZ311-85003/9828-85110/85112 HINO FS/FN/FR #500 Y,33,893,Yamasida,SZ311-85003,Хабаровск
2026-01-06 14:13:02,"Сальник хвостовика заднего моста 48*82*10/18 90311-48019 Dyna XZU/BZU#, 96~ Y",26,281,Yamasida,90311-48019,Хабаровск
2026-01-06 14:13:02,Сальник хвостовика заднего моста 95*152*12/24.3 D-129550 / 2402055-A0E FAW Дизель,2,489,Дизель,D-129550,Хабаровск
2026-01-06 14:13:02,Сальник хвостовика заднего моста А1205Q2591 Howo,2,566,Дизель,А1205Q2591,Хабаровск
2026-01-06 14:13:02,Сальник хвостовика заднего редуктора 70*142*12*39 MC827475/ F4197 NBR FUSO Y,5,609,Yamasida,MC827475,Хабаровск
2026-01-06 14:13:02,Сальник хвостовика коробки С01032 Howo,1,74,Howo,С01032,Хабаровск
2026-01-06 14:13:02,Сальник хвостовика КПП 45*62*9 8-97212-145-0 NBR ISUZU Y !,1,148,Yamasida,8-97212-145-0,Хабаровск
2026-01-06 14:13:02,Сальник хвостовика КПП 75*100*13*19 SZ311-75006/9828-75119/H3075 Y,6,291,Yamasida,SZ311-75006,Хабаровск
2026-01-06 14:13:02,Сальник хвостовика КПП задний 45*68*9 Z501-17-335A Y,26,136,Yamasida,Z501-17-335A,Хабаровск
2026-01-06 14:13:02,"Сальник хвостовика КПП, задний MH034177/F4086 48*65*9 LP-5903 NBR MMC CANTER Y",25,151,Yamasida,MH034177,Хабаровск
2026-01-06 14:13:02,Сальник хвостовика раздатки 42*66*10 33142-33G10/N2317 LP-5882 ATLAS/CONDOR F23 92~TERRANO/DATSUN Y!,69,117,Yamasida,33142-33G10,Хабаровск
2026-01-06 14:13:02,Сальник хвостовика редуктора 35*67*13.7*19.5 38189-01G15 LP-5883 ATLAS/CONDOR F23 92 TERRANO/DATS Y!,194,217,Yamasida,38189-01G15,Хабаровск
2026-01-06 14:13:02,Сальник хвостовика редуктора 42*72.5*12*20 38189-J2011/J2012/N2304 H40/H41/W40/Y60 Y,70,325,Yamasida,38189-J2011,Хабаровск
2026-01-06 14:13:02,Сальник хвостовика редуктора 56*99*10/34 D-127981 / MH034205 Дизель,28,193,Дизель,D-127981,Хабаровск
2026-01-06 14:13:02,Сальник хвостовика редуктора 56*99*10/34 MH034205 Y,77,376,Yamasida,MH034205,Хабаровск
2026-01-06 14:13:02,"Сальник хвостовика редуктора 65*114*9*25 SZ310-65001/9828-65127 FQ1#,FW1#,GX7J,GD7J/8J,GK8J #500 Y",129,665,Yamasida,SZ310-65001,Хабаровск
2026-01-06 14:13:02,"Сальник хвостовика редуктора 65*94/105*9/25 SZ312-65002 FC/GC1J/3J/5J/6J/7J,FD/GD7J/8J #300/#500 Y",33,499,Yamasida,SZ312-65002,Хабаровск
2026-01-06 14:13:02,Сальник хвостовика редуктора 68*90*10*18 1-09625-217-0/BH1831-E0 CYZ51/CXZ/EXZ51 Y,18,385,Yamasida,1-09625-217-0,Хабаровск
2026-01-06 14:13:02,Сальник хвостовика редуктора 68*90*10*18 D-127982 / 1-09625-217-0/BH1831-E0 CYZ51/CXZ/EXZ51 Дизель,27,162,Дизель,D-127982,Хабаровск
2026-01-06 14:13:02,Сальник хвостовика редуктора 80*127*16*24 1-09625-119-0/1-33119-217-0/AH8776-E1 Y,53,739,Yamasida,1-09625-119-0,Хабаровск
2026-01-06 14:13:02,Сальник хвостовика редуктора Int+Ext D-129117 / AZ9112320030+AZ9112320184 85х105х8/8 HOWO Дизель,5,319,Дизель,D-129117,Хабаровск
2026-01-06 14:13:02,Сальник хвостовика редуктора SU002-00154 HINO 300/DYNA/TOYOACE BU3#4#/XZU3#4 N04C/W04D/S05C/J05D Y,46,171,Yamasida,SU002-00154,Хабаровск
2026-01-06 14:13:02,Сальник хвостовика редуктора заднего моста 70*122*12*30 MH034178 / F4133 MMC FUSO Y,7,587,Yamasida,MH034178,Хабаровск
2026-01-06 14:13:02,Сальник хвостовика редуктора переднего 45*78*11*18.5 8-94318-915-0 /BH3037F0 ISUZU NKS/NPS 94~ Y,68,301,Yamasida,8-94318-915-0,Хабаровск
2026-01-06 14:13:02,Сальник хвостовика среднего редуктора 90*115*13/19 98289-0113/SZ319-90002/SZ311-90002 FS/FN/F Y,56,572,Yamasida,SZ319-90002,Хабаровск
2026-01-06 14:13:02,Сальник шкворня 2476049 50x62x5 #5440 Iveco Y,68,144,Yamasida,2476049,Хабаровск
2026-01-06 14:13:02,Сальник шкворня D-127365 / 1343372 45х60х6.5/8 Scania Дизель,86,44,Дизель,D-127365,Хабаровск
2026-01-06 14:13:02,Сальник(уплотнение форсунки) крышки клапанов D-128100/8-98037-543-0 Дизель,77,178,Дизель,D-128100,Хабаровск
2026-01-06 14:13:02,Сапун маслоотделителя 5259161 JAC N120/Камаз Cummins ISF3.8 Е-5 ORIG,2,338,Cummins,5259161,Хабаровск
2026-01-06 14:13:02,Свеча Denso 90919 K20TR11,3,266,JMC,90919,Хабаровск
2026-01-06 14:13:02,Свеча зажигания BP5HA,2,101,NGK,7426,Хабаровск
2026-01-06 14:13:02,Свеча зажигания K20PBR-S10 AUDI/FIAT/MB/RENAULT/VW DENSO,4,438,JMC,K20PBR-S10,Хабаровск
2026-01-06 14:13:02,Свеча накала 1-82513-043-2 PI-44 CYZ ISUZU Y,1,364,Yamasida,PI-44,Хабаровск
2026-01-06 14:13:02,Свеча накала CP-01 11065-G5501 Nissan LD20/CD17 Y,36,304,Yamasida,CP-01,Хабаровск
2026-01-06 14:13:02,Свеча накала CP-03 11065-0W801 Nissan TD27 Y,17,302,Yamasida,CP-03,Хабаровск
2026-01-06 14:13:02,Свеча накала CP-07/MR577131/MD197511,3,840,JMC,MD197511,Хабаровск
2026-01-06 14:13:02,Свеча накала D-129088 / PI-50 / 8-97033-761-0 4HF1 4HE1 4HG1 Дизель,21,468,Дизель,D-129088,Хабаровск
2026-01-06 14:13:02,Свеча накала PH-22 19110-1140A HINO H07C Y,1,524,Yamasida,PH-22,Хабаровск
2026-01-06 14:13:02,Свеча накала PI-59 8-94387-612-1 4JG2/LGP8420 Y,7,293,Yamasida,PI-59,Хабаровск
2026-01-06 14:13:02,Свеча накала PM-165 36710-42021/ME201632 D4BF/D4BH MMC 4M40 Y,5,293,Yamasida,PM-165,Хабаровск
2026-01-06 14:13:02,Свеча накала PM-167 MD344469 MMC 4D56T Y,11,253,Yamasida,PM-167,Хабаровск
2026-01-06 14:13:02,Свеча накала PM-404 ME077476/ME077414/407803-5050 MMC 6D16/17 Y,8,705,Yamasida,PM-404,Хабаровск
2026-01-06 14:13:02,Свеча накала PM-65 ME007545 MITSUBISHI FUSO 4DR5/7 Y,14,280,Yamasida,PM-65,Хабаровск
2026-01-06 14:13:02,Свеча накала PM-78 ME017057 MMC 4D30 Y,1,280,Yamasida,PM-78,Хабаровск
2026-01-06 14:13:02,Свеча накала PN-135 11065-43G01 NISSAN TD27 Y,22,221,Yamasida,PN-135,Хабаровск
2026-01-06 14:13:02,Свеча накала PN-136 11065-10T01 NISSAN TD23 Y,7,286,Yamasida,PN-136,Хабаровск
2026-01-06 14:13:02,Свеча накала PN-137 11065-02T00 NISSAN ED33 Y,30,226,Yamasida,PN-137,Хабаровск
2026-01-06 14:13:02,Свеча накала PN-138 11065-31N00 NISSAN TD23/27/42 Y,26,304,Yamasida,PN-138,Хабаровск
2026-01-06 14:13:02,Свеча накала PT-141 19850-68060 TOYOTA 3B/2H Y,32,217,Yamasida,PT-141,Хабаровск
2026-01-06 14:13:02,Свеча накала PT-148/PH-23 19850-78010 HINO W04D/W04C Y,2,449,Yamasida,PT-148,Хабаровск
2026-01-06 14:13:02,Свеча накала PT-152 19850-64031 TOYOTA 1HZ/1HDT Y,12,198,Yamasida,PT-152,Хабаровск
2026-01-06 14:13:02,Свеча накала PT-153 19850-58010 TOYOTA 1HZ/1HDT HKT,3,472,HKT,PT-153,Хабаровск
2026-01-06 14:13:02,Свеча накала PT-155 19850-54120 TOYOTA 1NT/5L Y,22,286,Yamasida,PT-155,Хабаровск
2026-01-06 14:13:02,Свеча накала PZ-33 S501-18-140A MAZDA RF/XA Y,18,232,Yamasida,PZ-33,Хабаровск
2026-01-06 14:13:02,Свеча накала PZ-37 RFJ5-18-601 MAZDA R2 Y,34,293,Yamasida,PZ-37,Хабаровск
2026-01-06 14:13:02,Свеча накала PZ-701 SEM1-18-601 MAZDA VS Y,19,293,Yamasida,PZ-701,Хабаровск
2026-01-06 14:13:02,Свеча накаливания DTP 02557 MIG,1,612,DTP,02557,Хабаровск
2026-01-06 14:13:02,"Свеча Накаливания GT-222 PT-153/T-25 19850-58010 B,3B,1HZ,1HD-T 24V GEN",1,671,JMC,19850-58010,Хабаровск
2026-01-06 14:13:02,Свеча накаливания PI-175/8-97326-046-0,3,505,JMC,8-97326-046-0,Хабаровск
2026-01-06 14:13:02,Свеча накаливания PI-44/9-82513-928-2,2,604,JMC,9-82513-928-2,Хабаровск
2026-01-06 14:13:02,Свеча накаливания PM-401 ME191813/4M42,2,486,JMC,ME191813,Хабаровск
2026-01-06 14:13:02,Свеча накаливания PN 123,3,173,DTP,02257,Хабаровск
2026-01-06 14:13:02,Свеча накаливания PN-137/11065-02T00,2,231,JMC,11065-02T00,Хабаровск
2026-01-06 14:13:02,Свеча накаливания PT-153/19850-58010/GT-222,2,268,JMC,19850-58010,Хабаровск
2026-01-06 14:13:02,Свеча накаливания PT-155 / 19850-54120/GT-229,2,319,JMC,19850-54120,Хабаровск
2026-01-06 14:13:02,Свеча накаливания PZ-39/WL03-18-601,2,299,JMC,PZ-39,Хабаровск
2026-01-06 14:13:02,Свеча накаливания PZ-701 Y-771R SEM1-18-601 HA/VS,2,686,JMC,PZ-701,Хабаровск
2026-01-06 14:13:02,Сегмент (полумесяц) прокладки клапанной крышки D-128148 / 8-98163-813-0 / 8-97848-757-0 Дизель,10,126,Дизель,D-128148,Хабаровск
2026-01-06 14:13:02,Седельно-сцепное устройство D-126608/WG9725930108/1 (JOST 36DV) Sitrak C7H Дизель,1,38147,Дизель,D-126608,Хабаровск
2026-01-06 14:13:02,"Седельно-сцепное устройство D-129808 / PM-38C-190 / JSK38C1 3.5"" 810х200х914х10mm D=89mm 38т Дизель",2,119050,Дизель,PM-38C-190,Хабаровск
2026-01-06 14:13:02,Седло впускного клапана 8-98028-874-0 4HK1/6HK1 ORIG,3,1361,Isuzu,8-98028-874-0,Хабаровск
2026-01-06 14:13:02,"Седло клапана впускного D-129552 / 3943449 JAC N120, Камаз Cummins ISF3.8 Е-5 Дизель",1,123,Дизель,D-129552,Хабаровск
2026-01-06 14:13:02,"Седло клапана выпускного D-129553 / 3943450 JAC N120, Камаз Cummins ISF3.8 Е-5 Дизель",1,123,Дизель,D-129553,Хабаровск
2026-01-06 14:13:02,Сепаратор топливный в сборе R90T/YLX-F-0200,19,4492,YNY,R90T,Хабаровск
2026-01-06 14:13:02,Сепаратор топливный в сборе R90TSEP / YLX-F-0200 с подогревом SKV,90,7924,SKV,R90TSEP,Хабаровск
2026-01-06 14:13:02,Сепаратор топливный в сборе YYZC-F076-03 600FG с подогревом,1,6898,Дизель,YYZC-F076-03,Хабаровск
2026-01-06 14:13:02,Сепаратор топливный в сборе YYZC-F076-03 600FG с подогревом,4,5892,YNY,600FG,Хабаровск
2026-01-06 14:13:02,Сепаратор топливный в сборе YYZC-F106 900FH-2 с подогревом,2,5293,YNY,YYZC-F106,Хабаровск
2026-01-06 14:13:02,Сепаратор топливный в сборе YYZC-F107 900FG,23,3159,YNY,YZC-F-0071-01,Хабаровск
2026-01-06 14:13:02,Сепаратор топливный в сборе YYZC-F110 500FH-2/fg с подогревом,69,7960,YNY,500FH-2,Хабаровск
2026-01-06 14:13:02,Сервис пакет 1000 м/ч 10070123 Liebherr,1,66390,JMC,10070123,Хабаровск
2026-01-06 14:13:02,Сервис пакет 1000/2000 м/ч 9413235 Liebherr,1,57948,JMC,9413235,Хабаровск
2026-01-06 14:13:02,Сервис пакет 1500/2500 м/ч 10070122 Liebherr,1,26785,JMC,10070122,Хабаровск
2026-01-06 14:13:02,Сервис пакет 1500/2500 м/ч 9066753 Liebherr,1,18660,JMC,9066753,Хабаровск
2026-01-06 14:13:02,Сервис пакет 2000 м/ч 10070124 Liebherr,1,88542,JMC,10070124,Хабаровск
2026-01-06 14:13:02,Сервис пакет 500 м/ч 10070121 Liebherr,1,48364,JMC,10070121,Хабаровск
2026-01-06 14:13:02,Сервис пакет 500 м/ч 9066751 Liebherr,1,29434,JMC,9066751,Хабаровск
2026-01-06 14:13:02,Сервопривод сцепления 1708510 DAF (NON-GENUINE),2,14215,Дизель,1708510,Хабаровск
2026-01-06 14:13:02,Сервоусилитель КПП D-129579 / HDC-004 / 1-33730-033-1 /-103-1 вал 30mm ISUZU SXZ CYZ CXM CYL Дизель,8,5373,Дизель,D-129579,Хабаровск
2026-01-06 14:13:02,Сервоусилитель КПП D-129582 / HDC-022 / 32172-90202 UD CWA451 CD461 Дизель,4,5174,Дизель,D-129582,Хабаровск
2026-01-06 14:13:02,Серьга рессоры (пластина) D-128870 8-94118-511-3 RR ELF NKR 16х16х80 Дизель,4,379,Дизель,D-128870,Хабаровск
2026-01-06 14:13:02,Серьга рессоры 54230-46050 Hyundai COUNTY SKV,133,722,SKV,54230-46050,Хабаровск
2026-01-06 14:13:02,Серьга рессоры 55220-Z1001 / USS-005 PM !,3,5598,Paul Master,USS-005,Хабаровск
2026-01-06 14:13:02,Серьга рессоры D-126305 / UD-001 / 54211-00Z00 CDA00A/CDA595/CDA69B/CFZ03A/CWT470 Дизель,1,1295,Дизель,D-126305,Хабаровск
2026-01-06 14:13:02,Серьга рессоры D-127368 / 1-51162-029-5/4 / 8-97530-932-0 / 1-51162-071-0 FTR/FTS/FVZ/FVR 05~ Дизель,10,1345,Дизель,D-127368,Хабаровск
2026-01-06 14:13:02,Серьга рессоры D-128869 8-94468-235-2 FR ELF NKS NKR NHR 88~ Дизель,1,342,Дизель,D-128869,Хабаровск
2026-01-06 14:13:02,Серьга рессоры FV-029 / FSS-029 RH MC421505 PM,1,2932,Paul Master,MC421505,Хабаровск
2026-01-06 14:13:02,Серьга рессоры FV-029/FSS-029 LH MC421504 PM,5,2932,Paul Master,MC421504,Хабаровск
2026-01-06 14:13:02,Серьга рессоры HI-002 48441-1120 HINO TRUCK SH PM !,4,1859,Paul Master,HI-002,Хабаровск
2026-01-06 14:13:02,Серьга рессоры HI-036/HSS-240 48441-1240 PM,2,3670,Paul Master,HSS-240,Хабаровск
2026-01-06 14:13:02,Серьга рессоры ISS-043 / S-043-1 / 8-94110-399-3 / ISUZU ELF NKR F/R 16*16*65 PM,2,1336,Paul Master,ISS-043,Хабаровск
2026-01-06 14:13:02,Серьга рессоры S-002/FSS-002 MB035279/55230-45003 CANTER FE3#/4# / HD PM,1,3098,Paul Master,FSS-002,Хабаровск
2026-01-06 14:13:02,Серьга рессоры S-004 MC405227 MMC FUSO FK415-427/35/67/515-518/67/615-618/66/68 RH PM,2,3620,Paul Master,S-004,Хабаровск
2026-01-06 14:13:02,Серьга рессоры S-005 / FSS-008 MB025157 MMC CANTER FE# 85-99` PM,2,1607,Paul Master,FSS-008,Хабаровск
2026-01-06 14:13:02,Серьга рессоры S-012 48038-1180 HINO GH# PM,1,6651,Paul Master,48038-1180,Хабаровск
2026-01-06 14:13:02,Серьга рессоры S-053/ S-054/HSS-053 LH 48041-1281/1390 PM !,10,3032,Paul Master,48041-1281,Хабаровск
2026-01-06 14:13:02,Серьга рессоры S-053/S-054/HSS-053 RH 48041-1271/48041-1380 PM !,4,3032,Paul Master,HSS-053,Хабаровск
2026-01-06 14:13:02,Серьга рессоры S-054 48041-1380/48041-1271 HINO RK# RH PM !,4,2509,Paul Master,48041-1380,Хабаровск
2026-01-06 14:13:02,Серьга рессоры S-054 48041-1390/48041-1281 HINO RK# LH PM !,1,2509,Paul Master,S-054,Хабаровск
2026-01-06 14:13:02,Серьга рессоры S-064/FSS-064 MC406261 / MC406262 MMC FUSO FH2# 95-06 FK4#/5#6#/7# PM,2,5421,Paul Master,FSS-064,Хабаровск
2026-01-06 14:13:02,Серьга рессоры UD-001 54211-00Z00 N.-DIESEL CDA00A/CDA595/CDA69B/CFZ03A/CWT470 PM,3,3685,Paul Master,54211-00Z00,Хабаровск
2026-01-06 14:13:02,Серьга рессоры UD-003 54210-Z5001 N.-DIESEL PK211W/PK650/RM211/JM210/PK211/PK25-J PM,1,3934,Paul Master,UD-003,Хабаровск
2026-01-06 14:13:02,Серьга рессоры USS-002/ UD-002 54210-Z2003 N.-DIESEL CW54 PM !,7,3540,Paul Master,USS-002,Хабаровск
2026-01-06 14:13:02,Серьга рессоры передней D-126306 / MB025157 Fuso Canter Дизель,132,1162,Дизель,D-126306,Хабаровск
2026-01-06 14:13:02,"Серьга рессорыS-019/TSS-019 04481-36090 T.-DYNA/TOYOACE BU10#,11#,14#,21#,22#,YU210,RZU100 95-02` PM",2,1392,Paul Master,TSS-019,Хабаровск
2026-01-06 14:13:02,Силикагель в гранулах (0.5kg) D-128245 / DR-31 Дизель,38,817,Дизель,D-128245,Хабаровск
2026-01-06 14:13:02,Синхронизатор делителя КПП Z=18/18 A-C09005 HOWO,1,6254,Дизель,A-C09005,Хабаровск
2026-01-06 14:13:02,Скоба крепления заднего стаб D-127917 / WG780680032 HOWO Дизель,13,205,Дизель,D-127917,Хабаровск
2026-01-06 14:13:02,Скоба стабилизатора D-125993 / 2906040Y4P00 JAC N350 Дизель,20,245,Дизель,D-125993,Хабаровск
2026-01-06 14:13:02,Соединение 8935011974 WABCO !,2,399,Wabco,8935011974,Хабаровск
2026-01-06 14:13:02,"Соединитель ф 1116х1,5 HALDEX",3,878,JMC,03285011162,Хабаровск
2026-01-06 14:13:02,Сошка (рычаг) поворотного кулака L D-128074 / 8-97210-771-5 NQR 71\75 Дизель,6,3918,Дизель,D-128074,Хабаровск
2026-01-06 14:13:02,Сошка (рычаг) поворотного кулака R D-129111 / 8-97147-636-0 NQR 71\75 Дизель,3,1838,Дизель,D-129111,Хабаровск
2026-01-06 14:13:02,Стабилизатор задней подвески 8-98235-510-0 ORIG,1,164094,Isuzu,8-98235-510-0,Хабаровск
2026-01-06 14:13:02,Стабилизатор поперечной устойчивости задний 6613203011 Istana,1,6612,Дизель,6613203011,Хабаровск
2026-01-06 14:13:02,Стакан пневморессоры металлический для 881MB / 6142404054 Mercedes !,2,2829,Mercedes,6142404054,Хабаровск
2026-01-06 14:13:02,Стакан форсунки BY030,3,860,JMC,BY030,Хабаровск
2026-01-06 14:13:02,"Стакан форсунки D-128149 / 8-97606-661-0 / 8-98018-462-0 700P 4HK1 N,F-series 96~ Дизель",19,839,Дизель,D-128149,Хабаровск
2026-01-06 14:13:02,Стакан форсунки FUSO 6D22 22138-83000/22138-83001,1,1136,JMC,22138-83000,Хабаровск
2026-01-06 14:13:02,Стакан форсунки HINO 11176-1150 EM100 Y,26,1105,Yamasida,11176-1150,Хабаровск
2026-01-06 14:13:02,Стакан форсунки HINO 300 S1117-61200/11176-1200 N04C Y,1,1414,Yamasida,S1117-61200,Хабаровск
2026-01-06 14:13:02,Стакан форсунки HINO 700 S1117-61180/11176-1180 E13C Y,1,795,Yamasida,S1117-61180,Хабаровск
2026-01-06 14:13:02,Стакан форсунки HINO S1117-61120/11176-1120 H06CT/H07D/H07C/H06C Y,26,1121,Yamasida,S1117-61120,Хабаровск
2026-01-06 14:13:02,Стакан форсунки HINO S1117-61160/S1117-61110 H06CT Y,14,1187,Yamasida,S1117-61160,Хабаровск
2026-01-06 14:13:02,Стакан форсунки MMC FUSO 30901-13709 6D22 Y,3,1153,Yamasida,30901-13709,Хабаровск
2026-01-06 14:13:02,Стакан форсунки MMC FUSO ME120079 10M20/8M22/6D40/8M20 Y,1,1572,Yamasida,ME120079,Хабаровск
2026-01-06 14:13:02,Стакан форсунки NISSAN 11070-Z5504/11070-Z5502 FE6 Y,11,1185,Yamasida,11070-Z5504,Хабаровск
2026-01-06 14:13:02,Стакан форсунки NISSAN FE6 / BY034 / 11070Z5502; 11070-Z5502; 11070Z5504; 11070-Z5504 /,1,893,JMC,BY034,Хабаровск
2026-01-06 14:13:02,Стартер 12.1.27.1446 / T430507 KSD1000/1100 SuperSnow/Perkins,1,57329,JMC,12.1.27.1446,Хабаровск
2026-01-06 14:13:02,Стартер 6SD1 24V/11T/7.0KW 1-81100-246-1,3,10204,JMC,1-81100-246-1,Хабаровск
2026-01-06 14:13:02,Стартер ISUZU D-MAX QDJ13005 12V/2.8KW 9T YD,5,7173,KPL,D-127281,Хабаровск
2026-01-06 14:13:02,Стартер D-127598 / QDJ2535R / 8-97602-169-1 24V 11T 4.5-5.0KW ISUZU 6HK1 6HH1 Дизель,14,12783,Дизель,D-127598,Хабаровск
2026-01-06 14:13:02,Стартер D-128169 / 080V26201-7277 HOWO Дизель,1,12086,Дизель,D-128169,Хабаровск
2026-01-06 14:13:02,Стартер D-128246 / 36100-48100 HYUNDAI GOLD D6GA Дизель,4,13042,Дизель,D-128246,Хабаровск
2026-01-06 14:13:02,Стартер D-128403 / QDJ2435 / M2T78681 24V 11T 4.0KW NISSAN FD46 Дизель,5,12043,Дизель,D-128403,Хабаровск
2026-01-06 14:13:02,Стартер D-128597 / 4985441 Z=11 Cummins M11 SCHACMAN X3000 Дизель,1,15594,Дизель,D-128597,Хабаровск
2026-01-06 14:13:02,"Стартер D-129107 / 8-97216-186-1 24V 4,5KW 4HE1 N-series Дизель",2,12937,Дизель,D-129107,Хабаровск
2026-01-06 14:13:02,Стартер ISUZU 4HG/4HK/4JJ D-125215 / 8-97323-935-2/8-98222-018-2/QDJ2517 24V/5.0KW/11T NPR Дизель,1,15178,Дизель,D-125215,Хабаровск
2026-01-06 14:13:02,Стартер ISUZU 4HG/4HK/4JJ D-127280/8-97323-935-2/8-98222-018-2/QDJ2517 24V/5.0KW/11T NPR Дизель,26,11414,Дизель,D-127280,Хабаровск
2026-01-06 14:13:02,Стартер ISUZU 4JA1/4JB1 12V/9T/2.0KW D-129562 / QDJ13001 Дизель,1,7924,Дизель,D-129562,Хабаровск
2026-01-06 14:13:02,Стартер ISUZU D-127350 / 6SD-1 24V/11T/5.5KW YD ! Дизель,18,7881,Дизель,D-127350,Хабаровск
2026-01-06 14:13:02,Стартер MAZDA S5A1-18-400/ D-127351 /QDJ1351 HA/SL/XA 12V/12T/2.7KW YD ! Дизель,123,5763,Дизель,D-127351,Хабаровск
2026-01-06 14:13:02,Статор D-129835 / QDZ1351 HA/XA Дизель,32,1177,Дизель,D-129835,Хабаровск
2026-01-06 14:13:02,Статор D-129836 / QDZ2435 FD42-46 Дизель,19,1230,Дизель,D-129836,Хабаровск
2026-01-06 14:13:02,Статор D-129837 / QDZ2450 4D33 Дизель,4,1961,Дизель,D-129837,Хабаровск
2026-01-06 14:13:02,Статор D-129838 / QDZ2501 4HF1/4HG1 Дизель,47,1082,Дизель,D-129838,Хабаровск
2026-01-06 14:13:02,Статор D-129839 / QDZ2520 6HE1/6HH1 Дизель,58,1222,Дизель,D-129839,Хабаровск
2026-01-06 14:13:02,Статор D-129994 / EF750 / F17C / EF100-300 Дизель,39,1678,Дизель,D-129994,Хабаровск
2026-01-06 14:13:02,Стекло 044505-7205 для повторителя 219-1605 дефект,1,133,Дизель,044505-7205L,Хабаровск
2026-01-06 14:13:02,Стекло багажной двери 5603100U1510 S5 JAC ORIG,3,8591,JAC,5603100U1510,Хабаровск
2026-01-06 14:13:02,Стекло ветровое 5206100U1510 JAC ORIG,4,13522,JAC,5206100U1510,Хабаровск
2026-01-06 14:13:02,Стекло ветровое 5206100U2210Z2 S3 JAC ORIG,5,13512,JAC,5206100U2210Z2,Хабаровск
2026-01-06 14:13:02,Стекло заднего фонаря 214-1911 03-4709/02-4309 COVER 015 RED MMC/UD дефект,1,107,Noname,214-1911,Хабаровск
2026-01-06 14:13:02,Стекло заднего фонаря D-127190/214-1911 03-4709/02-4309 COVER 015 RED MMC/UD Дизель,2,192,Дизель,D-127190,Хабаровск
2026-01-06 14:13:02,Стекло заднего фонаря D-128123/219-1903/04-4209/81550-1651/81551-1020 017 ORANGE HINO700/500 Дизель,5,192,Дизель,D-128123,Хабаровск
2026-01-06 14:13:02,Стекло лобовое D-125994 / 86111-7A000 JAC N350 Дизель,3,8928,Дизель,D-125994,Хабаровск
2026-01-06 14:13:02,Стекло лобовое D-128707 / 5206015-A95 FAW Дизель,2,4906,Дизель,D-128707,Хабаровск
2026-01-06 14:13:02,Стеклоподъемник D-125745 / 1-74418-179-3 Дизель,1,1264,Дизель,D-125745,Хабаровск
2026-01-06 14:13:02,"Стеклоподъемник передний R D-125702 / 1-74418-178-3 F,C series Дизель",8,2023,Дизель,D-125702,Хабаровск
2026-01-06 14:13:02,Стеклоподъёмник правый электр 811W62645-6052 HOWO T5G,1,12047,Дизель,811W62645-6052,Хабаровск
2026-01-06 14:13:02,Стеклоподъемник с мотором 12V в L дверь IZ03-06K1-02 ISUZU ELF NPR `90-`93,1,2761,JMC,IZ03-06K1-02,Хабаровск
2026-01-06 14:13:02,Стеклоподъемник с мотором 12V в R дверь IZ03-06K1-01 ISUZU ELF NPR `90-`93,1,2761,JMC,IZ03-06K1-01,Хабаровск
2026-01-06 14:13:02,Стеклоподъемник с мотором 24V в L дверь HN04-06K0-02 HINO RANGER,1,4135,Noname,HN04-06K0-02,Хабаровск
2026-01-06 14:13:02,Стеклоподъемник с мотором 24V в L дверь HN06-06K1-02 HINO PROFIA FN/SS/LSH `93-`03,1,4008,JMC,HN06-06K1-02,Хабаровск
2026-01-06 14:13:02,Стеклоподъемник с мотором 24V в L дверь HN08-06K0-02 HINO RANGER,1,4567,JMC,HN08-06K0-02,Хабаровск
2026-01-06 14:13:02,Стеклоподъемник с мотором 24V в L дверь IZ03-06K0-02 ISUZU ELF NPR `90-`93,1,3377,JMC,IZ03-06K0-02,Хабаровск
2026-01-06 14:13:02,Стеклоподъемник с мотором 24V в L дверь IZ07-06K0-02 ISUZU ELF NPR/NKR/NQR75 `94-,1,3092,JMC,IZ07-06K0-02,Хабаровск
2026-01-06 14:13:02,Стеклоподъемник с мотором 24V в L дверь IZ11-06K0-B2 IZ ELF NPR/NKR/NLR `08-,1,4539,JMC,IZ11-06K0-B2,Хабаровск
2026-01-06 14:13:02,Стеклоподъемник с мотором 24V в L дверь MB04-06KA-02 MB CANTER `86-`94,1,3292,JMC,MB04-06KA-02,Хабаровск
2026-01-06 14:13:02,Стеклоподъемник с мотором 24V в L дверь TY05-06K0-02 TY DYNA,1,5838,JMC,TY05-06K0-02,Хабаровск
2026-01-06 14:13:02,Стеклоподъемник с мотором 24V в R дверь HN08-06K0-01 HINO RANGER,1,5075,JMC,HN08-06K0-01,Хабаровск
2026-01-06 14:13:02,Стеклоподъемник с мотором 24V в R дверь TY04-06K0-01 TY DYNA `95-,1,3451,JMC,TY04-06K0-01,Хабаровск
2026-01-06 14:13:02,Стеклоподъемник с мотором 24V в дверь IZ07-06K0-02 ISUZU ELF NPR/NKR/NCR75,2,3510,JMC,IZ07-06K0-02,Хабаровск
2026-01-06 14:13:02,Стеклоподъёмник электрический L D-126613 / 711-62600-7311 / 711W62645-6051 Howo/Sitrak C7H Дизель,1,9463,Дизель,D-126613,Хабаровск
2026-01-06 14:13:02,Стеклоподъёмник электрический R D-126614 / 711-62600-7312 / 711W62645-6050 Howo/Sitrak C7H Дизель,1,9463,Дизель,D-126614,Хабаровск
2026-01-06 14:13:02,Стойка переднего стабилизатора 48802-60050/TSL001/48820-AD010,4,780,Дизель,48802-60050,Хабаровск
2026-01-06 14:13:02,Стойка стабилизатора 464855/ A94332306167390 / A94332302117390 DieselTechnic !,6,6887,Diesel Technic,4.64855SP,Хабаровск
2026-01-06 14:13:02,Стойка стабилизатора заднего CLT-115 / CL0615K,2,838,JMC,CL0615K,Хабаровск
2026-01-06 14:13:02,Стойка стабилизатора передняя левая 48810-60040 / C7099L Toyota,1,614,JMC,48810-60040,Хабаровск
2026-01-06 14:13:02,Стойка стабилизатора передняя правая 48820-60050 / C7099R Toyota,1,614,JMC,48820-60050,Хабаровск
2026-01-06 14:13:02,"Стоп 219-1903R (K) HINO500/700, RANGER, PROFIA / 81550-1730 / 81550-1651 (45º) дефект",1,502,Дизель,81550-1730,Хабаровск
2026-01-06 14:13:02,Стоп D-126309 / 219-1903R / 81550-1730 / 81550-1651 45º Hino500/700/Ranger/Profia Дизель,22,798,Дизель,D-126309,Хабаровск
2026-01-06 14:13:02,Стоп MAZDA TITAN (2-х цветн)'84-'94 216-1903L !,2,825,Lucid,216-1903L,Хабаровск
2026-01-06 14:13:02,"Стоп L,Toyota Dyna / Toyoace 86-91 11-1155-05 R",1,859,JMC,11-1155-05 R,Хабаровск
2026-01-06 14:13:02,Стоп БОЛЬШОЙ (тройной) L=R ТЮНИНГ LED Universal AD-S-021,1,2566,JMC,AD-S-021,Хабаровск
2026-01-06 14:13:02,Стоп на телегу тройной CZ011L /круглые плафоны/ КРАСНЫЙ/ОРАНЖЕВЫЙ/Б,1,1989,JMC,CZ011L,Хабаровск
2026-01-06 14:13:02,Стоп-сигнал L 214-1957L-A (K) FUSO CANTER FE85 LHD / MK485640 дефект,1,531,Дизель,214-1957L-A,Хабаровск
2026-01-06 14:13:02,Стопорная шайба 6-107 FUSO key washer R SW,1,142,Samwoo,6-107,Хабаровск
2026-01-06 14:13:02,Стопорное кольцо поршневого пальца 8-94460-687-0 D=37.5 4JJ1-T ORIG,2,148,Isuzu,8-94460-687-0,Хабаровск
2026-01-06 14:13:02,Стремянка 17*94*240,8,573,Дизель,17*94*240,Хабаровск
2026-01-06 14:13:02,Стремянка D-128065 / 54225-5H901 14х1.5х73х115 130 HD65/72/78 LT Дизель,3,280,Дизель,D-128065,Хабаровск
2026-01-06 14:13:02,Стремянка D-128913 F10 16х72х160 LT Дизель,125,341,Дизель,D-128913,Хабаровск
2026-01-06 14:13:02,Стремянка D-128914 F4 14х72х140 LT Дизель,55,275,Дизель,D-128914,Хабаровск
2026-01-06 14:13:02,Стремянка D-128915 F4 16х72х180 LT Дизель,22,318,Дизель,D-128915,Хабаровск
2026-01-06 14:13:02,Стремянка D-128917 F4 18х72х440 LT Дизель,77,593,Дизель,D-128917,Хабаровск
2026-01-06 14:13:02,Стремянка D-128918 F1/F2 20х82х200 LT Дизель,63,441,Дизель,D-128918,Хабаровск
2026-01-06 14:13:02,Стремянка D-129612 14*1.5*75*240 LT Дизель,13,363,Дизель,D-129612,Хабаровск
2026-01-06 14:13:02,Стремянка D-129613 F1/F2 20*92*205 LT Дизель,2,614,Дизель,D-129613,Хабаровск
2026-01-06 14:13:02,Стремянка D-129617 F1/F2 22*92*240 LT Дизель,123,601,Дизель,D-129617,Хабаровск
2026-01-06 14:13:02,Стремянка D-129618 F10 14*72*120 LT Дизель,3,299,Дизель,D-129618,Хабаровск
2026-01-06 14:13:02,Стремянка D-129619 F10 14*72*140 LT Дизель,42,282,Дизель,D-129619,Хабаровск
2026-01-06 14:13:02,Стремянка D-129620 F10 14*72*160 LT Дизель,63,315,Дизель,D-129620,Хабаровск
2026-01-06 14:13:02,Стремянка D-129622 F10 16*72*280 LT Дизель,50,442,Дизель,D-129622,Хабаровск
2026-01-06 14:13:02,Стремянка D-129623 F10 16*72*300 LT Дизель,123,430,Дизель,D-129623,Хабаровск
2026-01-06 14:13:02,Стремянка D-129625 F10 M14*1.5*72*350 крепление кузова к раме LT Дизель,36,414,Дизель,D-129625,Хабаровск
2026-01-06 14:13:02,Стремянка D-129628 F3 27*93*410 LT Дизель,24,1463,Дизель,D-129628,Хабаровск
2026-01-06 14:13:02,Стремянка D-129629 F4 13*73*125 LT Дизель,100,265,Дизель,D-129629,Хабаровск
2026-01-06 14:13:02,Стремянка D-129630 F4 14*64*110 LT Дизель,20,257,Дизель,D-129630,Хабаровск
2026-01-06 14:13:02,Стремянка D-129632 F4 14*72*160 LT Дизель,63,278,Дизель,D-129632,Хабаровск
2026-01-06 14:13:02,Стремянка D-129635 F4 14*72*350 LT Дизель,37,392,Дизель,D-129635,Хабаровск
2026-01-06 14:13:02,Стремянка D-129636 F4 16*72*220 LT Дизель,45,387,Дизель,D-129636,Хабаровск
2026-01-06 14:13:02,Стремянка D-129638 F4 16*72*260 LT Дизель,91,397,Дизель,D-129638,Хабаровск
2026-01-06 14:13:02,Стремянка D-129643 F4 18*72*400 LT Дизель,4,602,Дизель,D-129643,Хабаровск
2026-01-06 14:13:02,Стремянка D-129644 F5 20*92*205 LT Дизель,46,603,Дизель,D-129644,Хабаровск
2026-01-06 14:13:02,Стремянка D-129645 F5 24*92*490 LT Дизель,15,1171,Дизель,D-129645,Хабаровск
2026-01-06 14:13:02,Стремянка D-129646 F5 24*93*300 LT Дизель,17,1086,Дизель,D-129646,Хабаровск
2026-01-06 14:13:02,Стремянка D-129647 F5 24*93*330 LT Дизель,57,1066,Дизель,D-129647,Хабаровск
2026-01-06 14:13:02,Стремянка D-129648 F5 24*93*350 LT Дизель,95,666,Дизель,D-129648,Хабаровск
2026-01-06 14:13:02,Стремянка D-129649 F5 27*93*330 LT Дизель,117,1146,Дизель,D-129649,Хабаровск
2026-01-06 14:13:02,Стремянка D-129652 F6 24*92*450 LT Дизель,19,1316,Дизель,D-129652,Хабаровск
2026-01-06 14:13:02,Стремянка D-129653 F6 27*93*380 LT Дизель,19,1460,Дизель,D-129653,Хабаровск
2026-01-06 14:13:02,Стремянка D-129654 F8 22*92*240 LT Дизель,31,624,Дизель,D-129654,Хабаровск
2026-01-06 14:13:02,Стремянка D-129847 / SZ940-84451 F4 18*72*200 HINO500 Дизель,19,602,Дизель,D-129847,Хабаровск
2026-01-06 14:13:02,Стремянка D-130090 F6 24*92*300 LT ! Дизель,5,636,Дизель,D-130090,Хабаровск
2026-01-06 14:13:02,Стремянка D-130092 F1/F2 20*82*220 LT Дизель,4,414,Дизель,D-130092,Хабаровск
2026-01-06 14:13:02,Стремянка D-130093 F4 22*82*250 LT Дизель,2,844,Дизель,D-130093,Хабаровск
2026-01-06 14:13:02,Стремянка D-130095 F6 27*93*330 LT Дизель,14,1021,Дизель,D-130095,Хабаровск
2026-01-06 14:13:02,Стремянка D-130096 F6 27*93*350 LT Дизель,81,845,Дизель,D-130096,Хабаровск
2026-01-06 14:13:02,Стремянка D-130098 F8 22*82*250 LT Дизель,172,241,Дизель,D-130098,Хабаровск
2026-01-06 14:13:02,Стремянка F1/F2 20*82*250 LT.,24,437,LT,20*82*250,Хабаровск
2026-01-06 14:13:02,Стремянка F10 16*72*200 LT,22,398,Дизель,F10 16*72*200,Хабаровск
2026-01-06 14:13:02,Стремянка F10 M14*1.5*82*400 (крепление кузова к раме) LT,23,408,Дизель,F10 M14*1.5*82*400 LT,Хабаровск
2026-01-06 14:13:02,Стремянка F3 24*93*350 LT,7,875,LT,F3 24*93*350,Хабаровск
2026-01-06 14:13:02,Стремянка F3 27*93*380 LT,95,1129,Дизель,F3 27*93*380,Хабаровск
2026-01-06 14:13:02,Стремянка F3 27*93*500,4,1705,Дизель,F3 27*93*500,Хабаровск
2026-01-06 14:13:02,"Стремянка F4 13,05*73,6*163*85,4 D-127356 / 54225-5A200 Дизель",176,308,Дизель,D-127356,Хабаровск
2026-01-06 14:13:02,Стремянка F4 14*64*130 LT,31,290,Дизель,F4 14*64*130  LT,Хабаровск
2026-01-06 14:13:02,Стремянка F4 14*64*150 LT,28,294,Дизель,F4 14*64*150  LT,Хабаровск
2026-01-06 14:13:02,Стремянка F4 14*73*125 D-127833 / 54225-5H901 LT Дизель,38,304,Дизель,D-127833,Хабаровск
2026-01-06 14:13:02,Стремянка F4 16*72*325 D-127834 / 55225-5K500-10 LT Дизель,76,462,Дизель,D-127834,Хабаровск
2026-01-06 14:13:02,Стремянка F4 16*72*350 D-127835 / 55225-5K500 LT Дизель,199,471,Дизель,D-127835,Хабаровск
2026-01-06 14:13:02,Стремянка F4 18*74*400 D-127358 / 55225-6A600 Дизель,375,638,Дизель,D-127358,Хабаровск
2026-01-06 14:13:02,Стремянка F8 24*82*380 LT !,1,364,LT,24*82*380,Хабаровск
2026-01-06 14:13:02,"Стремянка задняя M22*2,5*93*256 2096135 SCANIA L/P/G/R/S",54,756,Дизель,2096135,Хабаровск
2026-01-06 14:13:02,Стремянка М30*95*405 2064010 Scania,76,1573,Дизель,2064010,Хабаровск
2026-01-06 14:13:02,Стремянка передней рессоры D-126957 / 2902411-70 J5 FAW Дизель,15,589,Дизель,D-126957,Хабаровск
2026-01-06 14:13:02,Стремянка рессоры D-127357 / 54225-62073 / F4 16x72x170 Дизель,66,361,Дизель,D-127357,Хабаровск
2026-01-06 14:13:02,Стремянка рессоры D-127360 / MB035256 / MC110396 / MB391284 / F7 16х118х225 Дизель,1,486,Дизель,D-127360,Хабаровск
2026-01-06 14:13:02,Стремянка рессоры задней D-129656 / 2912411-71B FAW Дизель,4,1750,Дизель,D-129656,Хабаровск
2026-01-06 14:13:02,Ступица D-129658 / HFF3104100CK2BZ2 задняя (не в сборе) JAC N350 Дизель,1,9387,Дизель,D-129658,Хабаровск
2026-01-06 14:13:02,Ступица заднего моста D-126430 / 1-42311-085-0 / 1-42311-094-0 CXZ51 Дизель,36,10131,Дизель,D-126430,Хабаровск
2026-01-06 14:13:02,Ступица колеса заднего моста D-125265 / 8-97107-549-1 N-series Дизель,3,6551,Дизель,D-125265,Хабаровск
2026-01-06 14:13:02,Ступица колеса переднего D-128296 / 3103011-4E / 3103011В1Н FAW CA3311 Дизель,14,5705,Дизель,D-128296,Хабаровск
2026-01-06 14:13:02,Ступица колеса переднего моста D-126310/1-42312-160-0 CYZ51/CYZ52/FVR34 Дизель,3,10226,Дизель,D-126310,Хабаровск
2026-01-06 14:13:02,Ступица передняя D-128653 / HD90009410196 мост HDZ9.5T SCHACMAN X3000 Дизель,1,5533,Дизель,D-128653,Хабаровск
2026-01-06 14:13:02,Ступица передняя D-129876 / WG9112410009 HOWO T5G Дизель,2,6244,Дизель,D-129876,Хабаровск
2026-01-06 14:13:02,Ступица синхронизатора КПП D-126784 / WG2203100254 HOWO T5G Дизель,12,4081,Дизель,D-126784,Хабаровск
2026-01-06 14:13:02,Стяжка бака D-129660 / WG9925551063 HOWO T5G Дизель,4,1001,Дизель,D-129660,Хабаровск
2026-01-06 14:13:02,Стяжка груза 4T*50MM*12M,57,1276,Дизель,4T*50MM*12M,Хабаровск
2026-01-06 14:13:02,Стяжка груза D-128871 / 5T*50MM*10M Дизель,11,1239,Дизель,D-128871,Хабаровск
2026-01-06 14:13:02,Суппорт тормозной задний левый HINO300 евро3/4 47850-37010 / 47850-37011 / BS3-E5411-31D0 SKV,296,6996,SKV,47850-37010,Хабаровск
2026-01-06 14:13:02,Суппорт тормозной задний правый HINO300 евро3/4 47830-37010 / 47830-37011 / BS3-E5411-41D0 SKV,291,6996,SKV,47830-37010,Хабаровск
2026-01-06 14:13:02,Суппорт тормозной передний левый 8983034660SKV N-series SKV,109,6967,SKV,8983034660SKV,Хабаровск
2026-01-06 14:13:02,Суппорт тормозной передний левый HINO300 евро3/4 47750-37120 / 47750-37121 / BS3-E5411-11D0 SKV,50,7558,SKV,47750-37120,Хабаровск
2026-01-06 14:13:02,Суппорт тормозной передний правый 8-98303-465-0 N-series SKV,121,7037,SKV,8-98303-465-0,Хабаровск
2026-01-06 14:13:02,Суппорт тормозной передний правый HINO300 евро3/4 47730-37120 / 47730-37121 / BS3-E5411-21D0 SKV,31,7989,SKV,47730-37120,Хабаровск
2026-01-06 14:13:02,Сухарь (ползун) КПП D-129863 / WG2229100022 HOWO T5G Дизель,6,783,Дизель,D-129863,Хабаровск
2026-01-06 14:13:02,Сухарь вилки переключения передач КПП 60530890 /A9472650349 / T18588 Mercedes/Euroricambi,16,810,Euroricambi,60.53.0890,Хабаровск
2026-01-06 14:13:02,"Сухарь синхронизатора 1-33263-039-0 MJX16P C,E-series ORIG",3,947,Isuzu,1-33263-039-0,Хабаровск
2026-01-06 14:13:02,"Сухарь синхронизатора 1-33263-041-0 C,E-series ORIG",2,921,Isuzu,1-33263-041-0,Хабаровск
2026-01-06 14:13:02,Сухарь синхронизатора 5.50144 DieselTechnic,5,90,Diesel Technic,5.50144,Хабаровск
2026-01-06 14:13:02,Сцепление 12.1.01.0314 /20.3.015.020.01/20.3.041.000.01 KSD1000/1100 SuperSnow/LANG,4,54623,JMC,12.1.01.0314,Хабаровск
2026-01-06 14:13:02,Тепловой экран 201V08120-0403 HOWO T5G,2,1226,Дизель,201V08120-0403,Хабаровск
2026-01-06 14:13:02,Теплоизолирующий кожух глушителя D-128450 / 1204038-71U/A FAW Дизель,5,1300,Дизель,D-128450,Хабаровск
2026-01-06 14:13:02,"Теплообменник в сборе D-126431 / 8-98201-493-0 F,N-series Дизель",2,11343,Дизель,D-126431,Хабаровск
2026-01-06 14:13:02,Термодатчик 25360-43800 Grace !,2,155,Дизель,25360-43800,Хабаровск
2026-01-06 14:13:02,Термостат 0К850-15171А,1,944,JMC,0К850-15171А,Хабаровск
2026-01-06 14:13:02,Термостат 25510-52010 Hyundai HD65/78/120 D4GA ORIG,2,1539,Hyundai-Kia,25510-52010,Хабаровск
2026-01-06 14:13:02,Термостат 8-97116-057-0/8-97300-789-0/8-97300-789-1/2/3/8-97167-497-0 ORIG,21,2301,Isuzu,8-97300-789-3,Хабаровск
2026-01-06 14:13:02,Термостат D-126311 / ZB54HG-82P / 8-94370-377-2/1 / 8-97300-790-1/3 / 8-97091-806-0 Дизель,42,672,Дизель,D-126311,Хабаровск
2026-01-06 14:13:02,Термостат D-126313 / WV48B-82 Toyota DYNATOYOACE 3Y/2Y/5L Дизель,42,407,Дизель,D-126313,Хабаровск
2026-01-06 14:13:02,Термостат D-126314 / WV52MA-82 Mazda Дизель,6,436,Дизель,D-126314,Хабаровск
2026-01-06 14:13:02,Термостат D-126315 / WV52TA-82 Toyota TOYOACE L Дизель,13,484,Дизель,D-126315,Хабаровск
2026-01-06 14:13:02,Термостат D-126320 / WV56MC-76.5 MMC 4M40 Дизель,8,418,Дизель,D-126320,Хабаровск
2026-01-06 14:13:02,Термостат D-126321 / WV64MC-82 MMC 4M51 Дизель,24,559,Дизель,D-126321,Хабаровск
2026-01-06 14:13:02,Термостат D-126322 / WV73-82 DYNA/TOYOACE 2B/3B/4B/15B/1BZ Дизель,15,961,Дизель,D-126322,Хабаровск
2026-01-06 14:13:02,Термостат D-126323 / WV73-88 DYNA/TOYOACE B/3B/11B/13B/14B/15B/2H Дизель,5,865,Дизель,D-126323,Хабаровск
2026-01-06 14:13:02,Термостат D-126324 / WV82MN-76.5B / ME035320 / ME995302 MMC 6D16 Дизель,30,979,Дизель,D-126324,Хабаровск
2026-01-06 14:13:02,Термостат D-126701 / WV78H-82 / WV78M-82 9001-46191 HINO 700 Дизель,5,1146,Дизель,D-126701,Хабаровск
2026-01-06 14:13:02,Термостат D-126958 / 1306010-29D 3250 J5 FAW Дизель,1,356,Дизель,D-126958,Хабаровск
2026-01-06 14:13:02,Термостат D-128805 / 8-98319-254-0 6WG1 82С C-series Дизель,3,2833,Дизель,D-128805,Хабаровск
2026-01-06 14:13:02,Термостат D-128838 / S0401-66114 / S1632-E9000 / 9001-46199 FJC510182 HINO500 Дизель,2,1665,Дизель,D-128838,Хабаровск
2026-01-06 14:13:02,Термостат D-128872 / 8-97116-057-0 / 8-97300-789-0 / 8-97300-789-1/2/3 / 8-97167-497-0 Дизель,14,752,Дизель,D-128872,Хабаровск
2026-01-06 14:13:02,Термостат QTH104K Grace,1,173,JMC,QTH104K,Хабаровск
2026-01-06 14:13:02,Термостат WV56-88,1,353,JMC,WV56-88,Хабаровск
2026-01-06 14:13:02,Термостат WV78HB-76.5C / 9001-46203 / SZ910-46027 HINO J05C Y,11,3173,Yamasida,SZ910-46027,Хабаровск
2026-01-06 14:13:02,Термостат ZB52MA-82P/21200-HA301 MAZDA R2/RF JAPAN HKT,12,926,HKT,ZB52MA-82P,Хабаровск
2026-01-06 14:13:02,Термостат ZB54MA-88/8AB4-15-171A MAZDA XA/HA/SL/TF JAPAN HKT,19,770,HKT,ZB54MA-88,Хабаровск
2026-01-06 14:13:02,Термостат ZB73-82/90916-03077 TOYOTA/HINO B/3B/4B/15BF JAPAN HKT,4,1323,HKT,ZB73-82,Хабаровск
2026-01-06 14:13:02,Термостат ZB73-88/90916-03103 TOYOTA/HINO 2B/3B/13B/14B JAPAN HKT,10,1323,HKT,ZB73-88,Хабаровск
2026-01-06 14:13:02,Термостат ZB75MH-76.5/ME015495/ME999217 MMC 4D# JAPAN HKT,17,1701,HKT,ZB75MH-76.5,Хабаровск
2026-01-06 14:13:02,ТНВД D-128610 / 612640080039 (0445 020 245) SHACMAN X3000/F3000 WP12/13 E-4/5 Дизель,1,56533,Дизель,D-128610,Хабаровск
2026-01-06 14:13:02,Тормозная камера SDC-70101 / MC805570 !,3,5675,Дизель,MC805570,Хабаровск
2026-01-06 14:13:02,Тормозная камера SDC-70106 / MC805571 !,2,6306,Дизель,MC805571,Хабаровск
2026-01-06 14:13:02,Тормозная камера SDC-70107 / MC838567 !,3,5675,Дизель,MC838567,Хабаровск
2026-01-06 14:13:02,Тормозная камера SDC-70324 / 47850-3921 !,2,23181,Дизель,47850-3921,Хабаровск
2026-01-06 14:13:02,Тормозная камера SDC-70324/47850-3921,1,31486,JMC,SDC-70324/47850-3921,Хабаровск
2026-01-06 14:13:02,Тормозная камера SDC-70325 / 47850-3931 !,2,23181,Дизель,47850-3931,Хабаровск
2026-01-06 14:13:02,Тормозная колодка в сборе (штучно) HINO\FUSO 91A SW !,1,559,Samwoo,91A,Хабаровск
2026-01-06 14:13:02,Тормозной барабан задний 43512-3020/BD0209 (10 отв) HINO,14,8643,JMC,43512-3020,Хабаровск
2026-01-06 14:13:02,Тормозной диск 273*20*6H MB295968 Canter Y,6,3917,Yamasida,MB295968,Хабаровск
2026-01-06 14:13:02,Тормозной диск 288*24*5H MB334308 Canter SKV,60,2283,SKV,MB334308,Хабаровск
2026-01-06 14:13:02,Тормозной диск 3212093 TY151/V6-273B/B6980/BD9710 40206-VW000/VW601/5-86130-487-0 E25 F IKT,1,3916,Дизель,40206VW000,Хабаровск
2026-01-06 14:13:02,Тормозной диск 40206-0T301 LP-5544 Nissan Atlas F22/23 Y,27,7022,Yamasida,40206-0T301,Хабаровск
2026-01-06 14:13:02,Тормозной диск 42431-37040 HINO300 XZU417 06~ REAR SKV,32,3595,SKV,42431-37040,Хабаровск
2026-01-06 14:13:02,"Тормозной диск 43512-37090 DYNA/TOYOACE/HINO (BU3#/4#,BZU3#/4#,RZU3#,XZU3#/4# 99~ SKV",92,3652,SKV,43512-37090,Хабаровск
2026-01-06 14:13:02,Тормозной диск D-125487 / 8-98001-342-0 NLR85 ISUZU Дизель,2,7240,Дизель,D-125487,Хабаровск
2026-01-06 14:13:02,Тормозной диск MK584504 rear CANTER FE85 E-4/5 SKV,29,4399,SKV,MK584504,Хабаровск
2026-01-06 14:13:02,Тормозной диск перед WG4071443003 Sitrak C7H ORIG,24,9892,Howo,WG4071443003,Хабаровск
2026-01-06 14:13:02,Тормозной диск передний D-128664 / WG9100444003 Sitrak Дизель,1,7060,Дизель,D-128664,Хабаровск
2026-01-06 14:13:02,Тормозной клапан в сборе D-127855 / HDE-014 / MC821909 / 1-48460-173-0 FUSO/ISUZU TRUCK Дизель,2,1090,Дизель,D-127855,Хабаровск
2026-01-06 14:13:02,Тормозной цилиндр 96172274 BS106,1,1352,Дизель,96172274,Хабаровск
2026-01-06 14:13:02,Торсион кабины 1-53450-567-6 CVR/CX#/EX# 96~ ORIG,1,92691,Isuzu,1-53450-567-6,Хабаровск
2026-01-06 14:13:02,Трапеция привода дворников NSC094081 R NISSAN UD CONDOR MK/LK 1994-1999 !,3,5077,Дизель,NSC094081,Хабаровск
2026-01-06 14:13:02,Трапеция стеклоочистителя 98121-5H100 Hyundai HD65-78 ORIG,12,2441,Hyundai-Kia,98121-5H100,Хабаровск
2026-01-06 14:13:02,Трапеция стеклоочистителя AZ16D474000055 HOWO ORIG,1,12016,Howo,AZ16D474000055,Хабаровск
2026-01-06 14:13:02,Трещетка B-019 41028-90163 RH CKT595 CKT690 CKT98A CKT470 89-00` PM,1,3481,Paul Master,UBA-019,Хабаровск
2026-01-06 14:13:02,Трещетка B-020 MC826062 LH FW4# FP4# 91-97` PM,7,4096,Paul Master,FBA-020,Хабаровск
2026-01-06 14:13:02,Трещетка B-021 MC826063 LH FV4# FP4# 91-96` PM !,3,3481,Paul Master,FBA-021,Хабаровск
2026-01-06 14:13:02,Трещетка B-021 MC826064 RH FV4# FP4# 91-96` PM !,2,3481,Paul Master,B-021,Хабаровск
2026-01-06 14:13:02,Трещетка EXR-002/IBA-002 1-48270-043-0 RH 10PE1 6WF1/86~ EXR/EXZ/D/Y PM !,2,4858,Paul Master,IBA-002R,Хабаровск
2026-01-06 14:13:02,Трещетка HBA-003L B-003 47490-1090 LH SH#92~ SS#83-92' FS27#63#84-89' PM,5,4735,Paul Master,HBA-003L,Хабаровск
2026-01-06 14:13:02,Трещетка HBA-003R B-003 47480-1550 RH SH#92~ SS#83-92' FS27#63#84-89' PM,8,4735,Paul Master,HBA-003R,Хабаровск
2026-01-06 14:13:02,Трещетка HBA-006/ B-006 47480-1600 LH FU# 84~ FZ1F# 95~ FS/NS27#/63# SH# 84-92` PM,1,4599,Paul Master,HBA-006,Хабаровск
2026-01-06 14:13:02,Трещетка в сборе 47490-1100 L rear HI-EF750/EF550,1,1649,Дизель,47490-1100,Хабаровск
2026-01-06 14:13:02,Трещетка в сборе 47490-1550 R front HI-ZM440/EK100,1,1317,Дизель,47490-1550,Хабаровск
2026-01-06 14:13:02,Трещетка в сборе MC826064 rear MB-FP415/8DC82,1,1646,Дизель,MC826064,Хабаровск
2026-01-06 14:13:02,Трещетка ручная лев.зад.среднего моста F3000 качество Createk,1,1931,JMC,81.50610.6215,Хабаровск
2026-01-06 14:13:02,Трещетка тормозная 03.030.8790.000 /A9454200238 Templin !,20,5115,Templin,03.030.8790.000,Хабаровск
2026-01-06 14:13:02,Трещетка тормозная 03.030.8790.009 Templin,5,4182,Templin,03.030.8790.009,Хабаровск
2026-01-06 14:13:02,Трещетка тормозная 03.030.8790.030/ 462248/ A9454200938 / 80030С Mercedes /Templin !,33,6464,Templin,03.030.8790.030,Хабаровск
2026-01-06 14:13:02,Трещетка тормозная 57877/ 462249 / A9454200438 /80014C Mercedes / Auger,2,5582,Auger,57877,Хабаровск
2026-01-06 14:13:02,Трещетка тормозная A9454200938SKV/80030C/462248/A9454200938 / 03.030.8790.030 Mercedes/Haldex SKV,13,3931,SKV,A9454200938SKV,Хабаровск
2026-01-06 14:13:02,Трещетка тормозная CK8363 переднего моста SHACMAN Createk,1,2158,Дизель,DZ9112440094,Хабаровск
2026-01-06 14:13:02,Трещетка тормозная D-127595 / A9454200438 / 80014C/ 462249 / 57877 Mercedes / Haldex к ! Дизель,48,2556,Дизель,D-127595,Хабаровск
2026-01-06 14:13:02,Трещетка тормозная D-129666 / 58150-8C800 передняя Hyundai HD260 Дизель,2,3909,Дизель,D-129666,Хабаровск
2026-01-06 14:13:02,Трещетка тормозная автоматическая левая 01631750A PE,1,6274,Pe Automotive,016.317-50A,Хабаровск
2026-01-06 14:13:02,Трещетка тормозная автоматическая левая 462246/A9454200138 /80009C/01631750A Mercedes/DieselTechn !,2,4399,Diesel Technic,4.62246,Хабаровск
2026-01-06 14:13:02,Трещетка тормозная автоматическая левая 462247 DieselTechnic,3,6867,Diesel Technic,4.62247,Хабаровск
2026-01-06 14:13:02,Трещетка тормозная автоматическая левая 462247/57878/ 01631650A/ A9454200038/80008C Mercedes/TEMPLIN,2,5413,Templin,03.030.8790.008,Хабаровск
2026-01-06 14:13:02,"Трещетка тормозная зад. D-126328/S44A0-E0030/S4748-01890/S4490-E0030 Ø40mm,14 шлицов HINO700 Дизель",12,3627,Дизель,D-126328,Хабаровск
2026-01-06 14:13:02,Трещетка тормозная переднего моста качество Createk,1,1636,JMC,AZ9100440005,Хабаровск
2026-01-06 14:13:02,Трещетка тормозная правая 03.030.8790.001/A9454200338 / 0135056 / 461589 / 57881 Templin !,11,8850,Templin,03.030.8790.001,Хабаровск
2026-01-06 14:13:02,Трещетка тормозного цилиндра 8-97358-880-0/876-0 A M12x1.5 ISUZU Y,74,436,Yamasida,8-97358-880-0.A,Хабаровск
2026-01-06 14:13:02,Трещетка тормозного цилиндра D-128736 / MK356639 / MC112604 M12x1.5 L FUSO CANTER Дизель,56,158,Дизель,D-128736,Хабаровск
2026-01-06 14:13:02,Трещетка тормозного цилиндра D-128737 / MK356640 / MC112605 M12x1.5 R FUSO CANTER Дизель,56,158,Дизель,D-128737,Хабаровск
2026-01-06 14:13:02,Трещетка тормозного цилиндра LH 8-97349-737-0/8-97550-983-0 N-series ORIG,25,1310,Isuzu,8-97349-737-0,Хабаровск
2026-01-06 14:13:02,Трос акселератора D-126158 / 18190-Z5001 NISSAN CL/CM390/850 84~ 2400mm Дизель,21,716,Дизель,D-126158,Хабаровск
2026-01-06 14:13:02,Трос акселератора D-126159 / 18190-Z1060 L=3250 NISSAN CV/LG/LV870 86~ Дизель,1,644,Дизель,D-126159,Хабаровск
2026-01-06 14:13:02,Трос акселератора D-126161 / 18190-00Z00 NISSAN CW520 Дизель,12,835,Дизель,D-126161,Хабаровск
2026-01-06 14:13:02,Трос акселератора D-126162 / MC064207 / MC025791 RHD L=3015 MMC FN428/FP/FT/FS418/FS/FU478 Дизель,11,630,Дизель,D-126162,Хабаровск
2026-01-06 14:13:02,Трос акселератора D-126165 / 78015-8251A HINO FH/FN/GN/FR/FS2K# 98~ Дизель,43,776,Дизель,D-126165,Хабаровск
2026-01-06 14:13:02,Трос акселератора D-126166 / 1-23210-744-3 ISUZU FRD/FRR/FSR/FTR RHD 85~ Дизель,25,1240,Дизель,D-126166,Хабаровск
2026-01-06 14:13:02,Трос акселератора D-126170 / 1-23210-527-0 ISUZU FSR11/12/FTR11/12 1984~ Дизель,36,841,Дизель,D-126170,Хабаровск
2026-01-06 14:13:02,"Трос акселератора ISUZU 9CZ8054/8-97853-058-1 L=439 N,Q-series TSK",3,1907,TSK,9CZ8054,Хабаровск
2026-01-06 14:13:02,Трос акселератора ISUZU D-126168 / 1-73998-940-6 FSR/FTR/FVR/FRD RHD 96~ L=2939 Дизель,22,1079,Дизель,D-126168,Хабаровск
2026-01-06 14:13:02,Трос акселератора MMC D-126163 / MC064205/MC025790 FP415 LHD FW419/29/44/45/49 RHD L=2040 Дизель,26,779,Дизель,D-126163,Хабаровск
2026-01-06 14:13:02,Трос акселератора NISSAN D-126160/18190-00Z01 CK/CW400/470/490 89~ L=2700 Дизель,33,684,Дизель,D-126160,Хабаровск
2026-01-06 14:13:02,Трос газа 78403-1620А,1,359,JMC,78403-1620А,Хабаровск
2026-01-06 14:13:02,Трос газа 8-97118-536-1/9CA8053 TSK !,1,5192,TSK,9CA8053,Хабаровск
2026-01-06 14:13:02,Трос газа ACC IS02 / D-126154 / 1-23210-907-2 ISUZU CXM/CXZ72 1730mm Дизель,27,891,Дизель,D-126154,Хабаровск
2026-01-06 14:13:02,Трос газа D-126153 / 8-97167-702-1 / 9CZ8017 ELF NKR ACC IS04 2900mm Дизель,9,891,Дизель,D-126153,Хабаровск
2026-01-06 14:13:02,Трос газа D-126155 / 78025-4170 / 4RA1829 HINO ACC H06 FS/FR Дизель,17,793,Дизель,D-126155,Хабаровск
2026-01-06 14:13:02,Трос газа D-126156 / S7801-56804B ACC H04 Дизель,12,851,Дизель,D-126156,Хабаровск
2026-01-06 14:13:02,Трос газа D-126157 / S7802-51071 ACC H01 Дизель,13,627,Дизель,D-126157,Хабаровск
2026-01-06 14:13:02,Трос газа D-127847 / 78015-5302A ACC H03 Дизель,19,970,Дизель,D-127847,Хабаровск
2026-01-06 14:13:02,Трос газа D-127848 / S7802-54180A / 78015-5301/5302 / 78025-4160 ACC H05 Дизель,18,975,Дизель,D-127848,Хабаровск
2026-01-06 14:13:02,Трос газа D-128960 / 8-97115-730-0 / 9CZ8016 Дизель,81,167,Дизель,D-128960,Хабаровск
2026-01-06 14:13:02,Трос газа D-128961 / 9CA8075 / 8-97071-711-4 2703mm ISUZU N-series Дизель,65,481,Дизель,D-128961,Хабаровск
2026-01-06 14:13:02,Трос газа D-128962 / 9NA8225 / 18201-0T302 NISSAN H41 Дизель,70,385,Дизель,D-128962,Хабаровск
2026-01-06 14:13:02,Трос газа D-129669 / ACC IS01 ISUZU CXM 2410mm Дизель,6,903,Дизель,D-129669,Хабаровск
2026-01-06 14:13:02,"Трос газа D-129670 / ACC M01 FUSO FIGHTER, CXM 3500mm Дизель",3,962,Дизель,D-129670,Хабаровск
2026-01-06 14:13:02,Трос газа HINO 4PA1387/78015-5480 FN1PWA TSK,1,1913,TSK,4PA1387,Хабаровск
2026-01-06 14:13:02,Трос газа MMC 4PA1208/MC443210 FUSO TSK,1,1977,TSK,4PA1208,Хабаровск
2026-01-06 14:13:02,Трос газа MMC(CANTER) D-127824 / 4GA1044 / MC064417 Дизель,31,441,Дизель,D-127824,Хабаровск
2026-01-06 14:13:02,Трос газа MMC(CANTER) D-128171 / 4GA1045 / MC064418 Дизель,57,403,Дизель,D-128171,Хабаровск
2026-01-06 14:13:02,Трос газа TOYOTA 4TA2490/78150-25072 Dyna LY161 TSK,1,1614,TSK,4TA2490,Хабаровск
2026-01-06 14:13:02,Трос капота 8401200W5000 JAC N35 ORIG,1,179,JAC,8401200W5000,Хабаровск
2026-01-06 14:13:02,Трос капота D-126084 / 1-79347-008-1 L=2612 CYZ51/CXZ/EXZ Дизель,2,819,Дизель,D-126084,Хабаровск
2026-01-06 14:13:02,Трос КПП 1703030LE740 N120 LE35N JAC ORIG,1,3431,JAC,1703030LE740,Хабаровск
2026-01-06 14:13:02,Трос КПП 1703040LE359 N120 JAC ORIG,1,3604,JAC,1703040LE359,Хабаровск
2026-01-06 14:13:02,Трос КПП 1703040LE740 N120 LE35N JAC ORIG,2,4027,JAC,1703040LE740,Хабаровск
2026-01-06 14:13:02,Трос КПП D-126092 / 4UT1192 / 34560-30Z70 / 34570-30Z71 NISSAN UD 2950mm Дизель,81,1151,Дизель,D-126092,Хабаровск
2026-01-06 14:13:02,Трос КПП D-126094 / 34560-30Z63 NISSAN LK/MK/PK210/250 92~ Дизель,19,2409,Дизель,D-126094,Хабаровск
2026-01-06 14:13:02,Трос КПП D-126095 / 34560-Z5017 NISSAN CP390 88~ L=3100 Дизель,1,2704,Дизель,D-126095,Хабаровск
2026-01-06 14:13:02,Трос КПП D-126096 / 4UT1004 / 34560-Z5065 NISSAN CM87 UD Дизель,72,2130,Дизель,D-126096,Хабаровск
2026-01-06 14:13:02,Трос КПП D-126104 / ME693371 / FK618 GC M03 L=3230mm Дизель,12,4861,Дизель,D-126104,Хабаровск
2026-01-06 14:13:02,Трос КПП D-126108 / 8-98202-902-1 / 4CT3217 ISUZU ELF NQR90 3200mm Дизель,22,1122,Дизель,D-126108,Хабаровск
2026-01-06 14:13:02,Трос КПП D-126110 / 8-98009-296-1 / 8-98146-853-0 / 4CT2298 Дизель,25,1006,Дизель,D-126110,Хабаровск
2026-01-06 14:13:02,Трос КПП D-126112 / 8-98090-396-4 / 4CT2674 / 1709G63 FSR90 LHD 3150mm Дизель,17,1528,Дизель,D-126112,Хабаровск
2026-01-06 14:13:02,Трос КПП D-126113 / 8-98248-331-0 / 4CT3475 FVR34 LHD 3520mm Дизель,54,1047,Дизель,D-126113,Хабаровск
2026-01-06 14:13:02,Трос КПП D-126114 / 33820-37M10 / 4RT2057 HINO 300 2960mm Дизель,8,1204,Дизель,D-126114,Хабаровск
2026-01-06 14:13:02,Трос КПП D-126118 / 8-98248-332-0 / 4CT3476 / 1709G66 FVR34 LHD Дизель,12,1528,Дизель,D-126118,Хабаровск
2026-01-06 14:13:02,Трос КПП D-126119 / 33820-37862 GC T01 L=3230mm Дизель,4,3506,Дизель,D-126119,Хабаровск
2026-01-06 14:13:02,Трос КПП D-126127 / 8-97088-190-0 GC IS03 NPR Дизель,15,3262,Дизель,D-126127,Хабаровск
2026-01-06 14:13:02,Трос КПП D-126129 / ME693369 FUSO GC M02 5T 3150mm Дизель,27,2863,Дизель,D-126129,Хабаровск
2026-01-06 14:13:02,Трос КПП D-126130 / 34560-30Z67 GC N03 Дизель,7,2510,Дизель,D-126130,Хабаровск
2026-01-06 14:13:02,Трос КПП D-126132 / 33820-37773 / 4RT1793 GC T02 L=2890mm Дизель,27,3221,Дизель,D-126132,Хабаровск
2026-01-06 14:13:02,Трос КПП D-126133 / 1-33660-297-1 ISUZU FRD/FRR 85~ L=2968mm Дизель,44,2349,Дизель,D-126133,Хабаровск
2026-01-06 14:13:02,Трос КПП D-126134 / 1-33660-298-1 ISUZU FRD/FRR 85~ L=2970mm Дизель,19,1485,Дизель,D-126134,Хабаровск
2026-01-06 14:13:02,Трос КПП D-126135 / 8-97088-195-0 ISUZU ELF 4BD1/BD2/T L=3080mm Дизель,24,2815,Дизель,D-126135,Хабаровск
2026-01-06 14:13:02,Трос КПП D-126137 / 34560-Z5512 NISSAN CL/CMA/CMW390/410 88~ 3000mm Дизель,25,2325,Дизель,D-126137,Хабаровск
2026-01-06 14:13:02,Трос КПП D-127826 / 4AT1019 / W383-46-510C MAZDA TITAN Дизель,53,1211,Дизель,D-127826,Хабаровск
2026-01-06 14:13:02,Трос КПП D-127828 / 4UT1190 / 34560-30Z68 NISSAN UD Дизель,20,1329,Дизель,D-127828,Хабаровск
2026-01-06 14:13:02,Трос КПП D-127850 / MC433475 / 4GT1140 / 4GT1056 / ME693371 MMC FK6#/FL/FM/RHD 3234mm Дизель,13,2296,Дизель,D-127850,Хабаровск
2026-01-06 14:13:02,Трос КПП D-128172 / 4CT1585 / 8-97176-467-0/8-97035-756-4/8-97035-756-3/GCIS05 NKR/NPR Дизель,49,1101,Дизель,D-128172,Хабаровск
2026-01-06 14:13:02,Трос КПП D-128963 / 4CT1259 / 8-97065-168-1 2800mm ISUZU N-series Дизель,72,874,Дизель,D-128963,Хабаровск
2026-01-06 14:13:02,Трос КПП D-128964 / 8-98146-825-1 / 4CT2525 / 8-98021-698-1 ISUZU NLR85 NMR85 Дизель,59,976,Дизель,D-128964,Хабаровск
2026-01-06 14:13:02,Трос КПП D-129672 / GC IS01 universal 2715mm Дизель,30,3960,Дизель,D-129672,Хабаровск
2026-01-06 14:13:02,Трос КПП D-129673 / GC IS02 universal 2815mm Дизель,34,2910,Дизель,D-129673,Хабаровск
2026-01-06 14:13:02,Трос КПП D-129674 / GC IS3170 ISUZU FORWARD 3170mm Дизель,9,2057,Дизель,D-129674,Хабаровск
2026-01-06 14:13:02,Трос КПП D-129675 / GC MZ01 universal 2460mm Дизель,13,2510,Дизель,D-129675,Хабаровск
2026-01-06 14:13:02,Трос КПП D-129676 / GC MZ02 universal 2480mm Дизель,28,2490,Дизель,D-129676,Хабаровск
2026-01-06 14:13:02,Трос КПП D-129677 / GC N04/GC N03 3150mm Дизель,21,2445,Дизель,D-129677,Хабаровск
2026-01-06 14:13:02,Трос КПП GC IS04 / D-126099 / 1-33670-288-0/4CT1180 3180mm Дизель,3,5918,Дизель,D-126099,Хабаровск
2026-01-06 14:13:02,Трос КПП GC IS05 / D-126093 / 8-97035-756-4/8-97065-166-4 NKR/NPR Дизель,27,2849,Дизель,D-126093,Хабаровск
2026-01-06 14:13:02,Трос КПП HINO 4RT1069/S3370-23014/33702-3014 FE1SKC TSK,1,5143,TSK,4RT1069,Хабаровск
2026-01-06 14:13:02,Трос КПП ISUZU D-126125 / 8-97089-986-3/4 NKR/NHR LHD 94~ L=2540 Дизель,4,1841,Дизель,D-126125,Хабаровск
2026-01-06 14:13:02,Трос КПП MMC D-126136 / MC643535 FK616 RHD 3287mm Дизель,30,2190,Дизель,D-126136,Хабаровск
2026-01-06 14:13:02,Трос КПП TOYOTA D-126138 / 33820-0W012 BU3#/WU30#/ZXU3# 02~ Дизель,36,2589,Дизель,D-126138,Хабаровск
2026-01-06 14:13:02,Трос КПП TOYOTA D-128173 / 4TT1154 / 33820-37141 BU12# Дизель,64,1258,Дизель,D-128173,Хабаровск
2026-01-06 14:13:02,Трос остановки двигателя D-127851 / 78403-1620A HINO FD/GD16#/16T#/17#/SD/FT17# 83~ Дизель,21,722,Дизель,D-127851,Хабаровск
2026-01-06 14:13:02,Трос остановки двигателя HINO D-128174 / 4RZ1133 /S7801-82772/78018-2772 FD1j FD2j 2230mm Дизель,35,746,Дизель,D-128174,Хабаровск
2026-01-06 14:13:02,Трос отбора мощности D-129680 / L-1000 Дизель,20,1001,Дизель,D-129680,Хабаровск
2026-01-06 14:13:02,Трос отбора мощности D-129681 / L-1200 Дизель,3,1754,Дизель,D-129681,Хабаровск
2026-01-06 14:13:02,Трос отбора мощности D-129682 / L-1500 Дизель,13,1171,Дизель,D-129682,Хабаровск
2026-01-06 14:13:02,Трос отбора мощности D-129685 / L-2200 Дизель,32,1223,Дизель,D-129685,Хабаровск
2026-01-06 14:13:02,Трос отбора мощности D-129686 / L-2500 Дизель,1,1353,Дизель,D-129686,Хабаровск
2026-01-06 14:13:02,Трос отбора мощности D-129688 / L-3000 Дизель,12,1478,Дизель,D-129688,Хабаровск
2026-01-06 14:13:02,Трос отбора мощности D-129689 / L-3200 / UU Дизель,26,1634,Дизель,D-129689,Хабаровск
2026-01-06 14:13:02,Трос отбора мощности D-129693 / L-4200 Дизель,7,1332,Дизель,D-129693,Хабаровск
2026-01-06 14:13:02,Трос отбора мощности D-129697 / L-5200 Дизель,5,1554,Дизель,D-129697,Хабаровск
2026-01-06 14:13:02,Трос отбора мощности D-129698 / L-5300 Дизель,10,3358,Дизель,D-129698,Хабаровск
2026-01-06 14:13:02,Трос отбора мощности D-129699 / L-5500 Дизель,12,2169,Дизель,D-129699,Хабаровск
2026-01-06 14:13:02,Трос отбора мощности D-129700 / L-5800 Дизель,12,1377,Дизель,D-129700,Хабаровск
2026-01-06 14:13:02,Трос отбора мощности D-129701 / L-6000 Дизель,14,2467,Дизель,D-129701,Хабаровск
2026-01-06 14:13:02,Трос отбора мощности D-129702 / PTO1-A-40 L-4000 Дизель,1,2820,Дизель,D-129702,Хабаровск
2026-01-06 14:13:02,Трос переключения передач 33820-E0B10/4RT1480 TSK !,1,4488,TSK,4RT1480,Хабаровск
2026-01-06 14:13:02,Трос переключения передач 33820-E0Y00/4RT2130 HINO 500 GD8J TSK,2,5921,TSK,4RT2130,Хабаровск
2026-01-06 14:13:02,Трос переключения передач 8-97307-916-1/4CT1917 TSK !,2,5350,TSK,4CT1917,Хабаровск
2026-01-06 14:13:02,Трос переключения передач 8-97350-436-0/4CT2023 TSK,22,3135,TSK,4CT2023,Хабаровск
2026-01-06 14:13:02,Трос переключения передач 8-98009-296-1/8-98146-853-0/4CT2298 TSK,11,5796,TSK,4CT2298,Хабаровск
2026-01-06 14:13:02,Трос переключения передач 8-98146-848-0/8-97350-435-1/4CT2022 TSK,1,5560,TSK,4CT2022,Хабаровск
2026-01-06 14:13:02,Трос переключения передач D-126109 / 8-97350-436-0 / 4CT2023 Дизель,42,1412,Дизель,D-126109,Хабаровск
2026-01-06 14:13:02,Трос ручного тормоза D-126089 / 4NB1026 /36531-3T101 Nissan F23 2040mm Дизель,76,970,Дизель,D-126089,Хабаровск
2026-01-06 14:13:02,Трос ручного тормоза D-126090 / MC125132 / MK399484 / 9VB9012 HBC M03 FE516/637/648 2900mm Дизель,26,1947,Дизель,D-126090,Хабаровск
2026-01-06 14:13:02,Трос ручного тормоза D-126091 / 9CB8016 / 8-97063-113-6/2/3/4/5 ISUZU NPR/NQR 94-98 Дизель,65,923,Дизель,D-126091,Хабаровск
2026-01-06 14:13:02,Трос ручного тормоза D-126098 / 1-46151-391-0 / 1-46151-391-5 ISUZU GIGA CVS/CVR 89-00 5360mm Дизель,12,3259,Дизель,D-126098,Хабаровск
2026-01-06 14:13:02,Трос ручного тормоза D-126101 / MC416954 / HBC102 / 4GB0405 2915mm Дизель,30,3614,Дизель,D-126101,Хабаровск
2026-01-06 14:13:02,Трос ручного тормоза D-126122 / 1-46151-585-3 / 4CB1185 HBC IS04 4300mm Дизель,18,3620,Дизель,D-126122,Хабаровск
2026-01-06 14:13:02,Трос ручного тормоза D-126126 / 1-79996-197-6 HBC 105 CXH 4700мм Дизель,6,3584,Дизель,D-126126,Хабаровск
2026-01-06 14:13:02,Трос ручного тормоза D-126143 / MC117384 / HBC M05 / 4GB1787 3351mm FG# Дизель,7,1588,Дизель,D-126143,Хабаровск
2026-01-06 14:13:02,Трос ручного тормоза D-126144 / 36150-01Z65 / HBC101 Дизель,16,3066,Дизель,D-126144,Хабаровск
2026-01-06 14:13:02,Трос ручного тормоза D-126145 / 46401-6071A 4750mm HINO FS/NS27#/SD/GD/FT17# 83~ Дизель,17,2262,Дизель,D-126145,Хабаровск
2026-01-06 14:13:02,Трос ручного тормоза D-126146 / 46401-7960A HINO FR/FP27#/2K#/FS/NS27#/FS/FR33# 85~ ! Дизель,20,2700,Дизель,D-126146,Хабаровск
2026-01-06 14:13:02,Трос ручного тормоза D-126147 / 78405-2570A HINO FH/FN/FR/FS/FW 85~ 2800mm Дизель,19,990,Дизель,D-126147,Хабаровск
2026-01-06 14:13:02,Трос ручного тормоза D-126148 / 8-94110-318-6 3100mm ISUZU/ELF NKR LHD 84-95` Дизель,8,666,Дизель,D-126148,Хабаровск
2026-01-06 14:13:02,Трос ручного тормоза D-127829 / 4GB1174 / MC063245 MMC FK628 Дизель,160,1786,Дизель,D-127829,Хабаровск
2026-01-06 14:13:02,Трос ручного тормоза D-127852 / MC039831 HBC M01 MMC FIGHTER Дизель,14,2637,Дизель,D-127852,Хабаровск
2026-01-06 14:13:02,Трос ручного тормоза D-128175/4UB1033/36402-0T003 Nissan H41 Дизель,68,1080,Дизель,D-128175,Хабаровск
2026-01-06 14:13:02,Трос ручного тормоза D-128965 / 4RB1940 / 46430-37461 790mm TOYOTA Dyna XZU404 XZU700 Дизель,57,664,Дизель,D-128965,Хабаровск
2026-01-06 14:13:02,Трос ручного тормоза HBC M02 D-126141 / MC039833/4GB0573 MMC FU/FV 5100mm Дизель,29,3044,Дизель,D-126141,Хабаровск
2026-01-06 14:13:02,Трос ручного тормоза HINO 4RB2186/46420-37A50 XZU423 HINO300 TSK,1,3165,TSK,4RB2186,Хабаровск
2026-01-06 14:13:02,Трос ручного тормоза ISUZU D-126121 / 1-79996-343-3 CXM/CXZ 96~ LHD шпил-ухо 5540mm Дизель,3,2196,Дизель,D-126121,Хабаровск
2026-01-06 14:13:02,Трос ручного тормоза ISUZU D-126149 / 8-97045-841-0 ELF NPR 90-95 2900mm Дизель,4,1720,Дизель,D-126149,Хабаровск
2026-01-06 14:13:02,Трос ручного тормоза ISUZU D-128176/9CB8078/8-97063-114-6/2/3/4/5 NPR/NQR 94-98 Дизель,7,949,Дизель,D-128176,Хабаровск
2026-01-06 14:13:02,Трос ручного тормоза MAZDA 4RB0853 D-126086 /BM711-60807/W220-44-160 940mm Дизель,3,803,Дизель,D-126086,Хабаровск
2026-01-06 14:13:02,Трос ручного тормоза MMC D-128177 / 4GB0490 / MC419265 Дизель,78,2207,Дизель,D-128177,Хабаровск
2026-01-06 14:13:02,Трос ручного тормоза MMC D-129704 / MB390960 FB431/FE331/431/441 2240mm LHD Дизель,45,796,Дизель,D-129704,Хабаровск
2026-01-06 14:13:02,Трос ручного тормоза MMC D-129705 / MC022656-9F30 8DC9 FV413 Дизель,31,2012,Дизель,D-129705,Хабаровск
2026-01-06 14:13:02,Трос ручного тормоза NISSAN D-128178 / 4RB1184 / BN840-60702 / 36450-0T301 ATLAS H413 Дизель,50,870,Дизель,D-128178,Хабаровск
2026-01-06 14:13:02,Трос спидометра D-126105 / 83710-0W010 / 0W030 TOYOTA BU3#/WU30#/34#/XZU3# 02~ Дизель,14,1954,Дизель,D-126105,Хабаровск
2026-01-06 14:13:02,Трос спидометра D-126150 / 1-83124-133-0 L=400 ISUZU FRR/FSR/FTR RHD/LHD 96~ Дизель,14,371,Дизель,D-126150,Хабаровск
2026-01-06 14:13:02,Трос спидометра D-126151 / MH011054 L=6950 MMC MS713/15/16/25/26 RHD Дизель,35,709,Дизель,D-126151,Хабаровск
2026-01-06 14:13:02,Трос спидометра D-127334 / SC35 3500mm 3.8mm Дизель,25,925,Дизель,D-127334,Хабаровск
2026-01-06 14:13:02,Трос спидометра D-127335 / SC40 4000mm 3.8mm Дизель,4,1079,Дизель,D-127335,Хабаровск
2026-01-06 14:13:02,Трос спидометра D-127336 / SC42 4200mm 3.8mm Дизель,7,1014,Дизель,D-127336,Хабаровск
2026-01-06 14:13:02,Трос спидометра D-127337 / SC45 4500mm 3.8mm Дизель,14,1018,Дизель,D-127337,Хабаровск
2026-01-06 14:13:02,Трос спидометра D-129706 / SC50 5000mm 3.8mm Дизель,27,1139,Дизель,D-129706,Хабаровск
2026-01-06 14:13:02,Трос спидометра D-129707 / SC55 5500mm 3.8mm Дизель,28,939,Дизель,D-129707,Хабаровск
2026-01-06 14:13:02,Трос спидометра D-129708 / SC60 6000mm 3.8mm Дизель,4,1061,Дизель,D-129708,Хабаровск
2026-01-06 14:13:02,Трос спидометра D-129845 / SC37 3700mm 3.8mm Дизель,29,954,Дизель,D-129845,Хабаровск
2026-01-06 14:13:02,Трос спидометра MMC 9VI0030/MH011212 Canter FK4# TSK,9,2470,TSK,9VI0030,Хабаровск
2026-01-06 14:13:02,Трос спидометра MMC 9VI0039/MB302691 Canter FG538G/FE507(N1) L=750mm TSK,8,675,TSK,9VI0039,Хабаровск
2026-01-06 14:13:02,"Трос спидометра SC55 5500мм 3,8мм",4,1807,JMC,SC55,Хабаровск
2026-01-06 14:13:02,"Трос спидометра SC60 6000мм 3,8мм",4,182,JMC,SC60,Хабаровск
2026-01-06 14:13:02,Трос стоячного тормоза D-127830/8-97350-534-0/9СB8144 Дизель,121,779,Дизель,D-127830,Хабаровск
2026-01-06 14:13:02,Трос управления D-125141 / 1-38319-005-0 CX#/CY#/CV#/EX# Дизель,1,1479,Дизель,D-125141,Хабаровск
2026-01-06 14:13:02,Трос управления D-126115 / 1-38319-005-0 CX#/CY#/CV#/EX# Дизель,2,1467,Дизель,D-126115,Хабаровск
2026-01-06 14:13:02,Тросик газа WG9100576009 Howo,2,180,Howo,WG9100576009,Хабаровск
2026-01-06 14:13:02,Тросик КПП WG9725240008/2 Howo,3,440,Howo,WG9725240008/2,Хабаровск
2026-01-06 14:13:02,Тросик КПП WG9725240113/2 Howo,7,299,Howo,WG9725240113/2,Хабаровск
2026-01-06 14:13:02,Тросс КПП D-129886 / WG9900243301 HOWO T5G Дизель,1,1189,Дизель,D-129886,Хабаровск
2026-01-06 14:13:02,Труба 8-98036-533-1 4HK1-TC N-series ORIG,1,3355,Isuzu,8-98036-533-1,Хабаровск
2026-01-06 14:13:02,Труба впускного коллектора 8-97041-721-1 ORIG,1,8017,Isuzu,8-97041-721-1,Хабаровск
2026-01-06 14:13:02,Трубка 200V06302-0642 HOWO T5G,4,1792,Дизель,200V06302-0642,Хабаровск
2026-01-06 14:13:02,Трубка 202V09411-0870 HOWO T5G,2,4621,Дизель,202V09411-0870,Хабаровск
2026-01-06 14:13:02,Трубка блока масл фильтра D-126790 / 200V98182-0091 HOWO T5G Дизель,8,325,Дизель,D-126790,Хабаровск
2026-01-06 14:13:02,Трубка водяной помпы 8-94396-180-0 N-series,3,1104,Дизель,8-94396-180-0,Хабаровск
2026-01-06 14:13:02,Трубка возвратная компрессора D-129709 / 3509020A614-0435 FAW Дизель,5,2438,Дизель,D-129709,Хабаровск
2026-01-06 14:13:02,Трубка впускная компрессора D-129710 / 3509030A671-0382 FAW Дизель,10,631,Дизель,D-129710,Хабаровск
2026-01-06 14:13:02,Трубка впускная компрессора D-129711 / 3509050-29D FAW Дизель,11,1091,Дизель,D-129711,Хабаровск
2026-01-06 14:13:02,Трубка вставная 200V98182-0026 HOWO T5G,4,968,Дизель,200V98182-0026,Хабаровск
2026-01-06 14:13:02,Трубка высок. давл. на форсунки VG1560080278 Howo,2,456,Howo,VG1560080278,Хабаровск
2026-01-06 14:13:02,Трубка масляная 200V01802-5573 HOWO T5G,4,1792,Дизель,200V01802-5573,Хабаровск
2026-01-06 14:13:02,Трубка масляная 200V05701-0374 HOWO T5G,4,774,Дизель,200V05701-0374,Хабаровск
2026-01-06 14:13:02,Трубка масляная 200V98182-0092 HOWO T5G,6,442,Дизель,200V98182-0092,Хабаровск
2026-01-06 14:13:02,Трубка наддувочного воздуха 201V09411-5175 HOWO T5G,5,6985,Дизель,201V09411-5175,Хабаровск
2026-01-06 14:13:02,Трубка обратки турбины D-129712 / 1118080A263 FAW Дизель,6,1422,Дизель,D-129712,Хабаровск
2026-01-06 14:13:02,Трубка ОЖ 202V06303-5846 HOWO T5G,8,607,Дизель,202V06303-5846,Хабаровск
2026-01-06 14:13:02,Трубка охлажд. жидкости металл 200V06303-5534 HOWO T5G,8,442,Дизель,200V06303-5534,Хабаровск
2026-01-06 14:13:02,"Трубка пластиковая PA11 12x1,5мм A0009872827 / 0492519146/986012 Mercedes ориг !",9,76,JMC,A0009872827,Хабаровск
2026-01-06 14:13:02,Трубка подачи масла в турбину 201V05702-2913 HOWO T5G MC11,8,726,Дизель,201V05702-2913,Хабаровск
2026-01-06 14:13:02,Трубка подачи масла на турбину VG1560070010 (H),3,260,Howo,VG1560070010,Хабаровск
2026-01-06 14:13:02,Трубка радиатора верхняя 25411-43011 Grace,2,53,Дизель,25411-43011,Хабаровск
2026-01-06 14:13:02,Трубка топливная (обратка) D-129714 / 61500080095 HOWO Дизель,1,866,Дизель,D-129714,Хабаровск
2026-01-06 14:13:02,Трубка топливная 200V12305-5298 HOWO T5G,3,524,Дизель,200V12305-5298,Хабаровск
2026-01-06 14:13:02,Трубка топливная 200V12305-5364 HOWO T5G,5,928,Дизель,200V12305-5364,Хабаровск
2026-01-06 14:13:02,Трубка топливная 202V12304-5837 HOWO T5G,5,2177,Дизель,202V12304-5837,Хабаровск
2026-01-06 14:13:02,Трубка топливная к форсунке №1 8-97628-190-1 C-series 6WG1 ORIG,1,5746,Isuzu,8-97628-190-1,Хабаровск
2026-01-06 14:13:02,Трубка топливная к форсунке №2 8-97628-191-1 C-series 6WG1 ORIG,2,5808,Isuzu,8-97628-191-1,Хабаровск
2026-01-06 14:13:02,Трубка топливная к форсунке №3 8-97628-192-1 C-series 6WG1 ORIG,2,5746,Isuzu,8-97628-192-1,Хабаровск
2026-01-06 14:13:02,Трубка топливная к форсунке №4 8-97628-193-1 C-series 6WG1 ORIG,2,5808,Isuzu,8-97628-193-1,Хабаровск
2026-01-06 14:13:02,Трубка топливная к форсунке №5 8-97628-194-1 C-series 6WG1 ORIG,2,5746,Isuzu,8-97628-194-1,Хабаровск
2026-01-06 14:13:02,Трубка турбины маслоотводящая 8-97606-205-3 FVR34 ORIG,2,12010,Isuzu,8-97606-205-3,Хабаровск
2026-01-06 14:13:02,Трубка форсунки D-125250 / 8-97209-493-1 ISUZU Дизель,4,926,Дизель,D-125250,Хабаровск
2026-01-06 14:13:02,Трубопровод ГУРа AZ9731470052 Howo/,2,479,Howo,AZ9731470052,Хабаровск
2026-01-06 14:13:02,Туманка ISUZU ELF NKR66 '94-'98 213-2007R,1,1516,Depo,213-2007R,Хабаровск
2026-01-06 14:13:02,Туманка ISUZU ELF NPR '97 213-2017L-A !,1,1742,Depo,213-2017L-A,Хабаровск
2026-01-06 14:13:02,Туманка MMC FUSO '08-10 214-2046L-AEN !,2,2792,Depo,214-2046L-AEN,Хабаровск
2026-01-06 14:13:02,Туманка MMC FUSO '08-10 214-2046R-AEN !,3,2792,Depo,214-2046R-AEN,Хабаровск
2026-01-06 14:13:02,Туманка MMC FUSO '08-10 214-2046R-UE !,1,2026,Depo,214-2046 R-UE,Хабаровск
2026-01-06 14:13:02,Туманка TOYOTA DYNA / TOYOACE / HIACE '99-'06 212-2021R-U-Y !,5,1576,Depo,212-2021R-U-Y,Хабаровск
2026-01-06 14:13:02,Туманка UD 95 10t R AD-215-064R,1,1760,JMC,AD-215-064R,Хабаровск
2026-01-06 14:13:02,Турбина H07CT 24100-2850A !,1,26946,Yamasida,24100-2850A,Хабаровск
2026-01-06 14:13:02,Турбокомпрессор 24100-1440C/1440D EP100 GX7 VD250019 !,2,49907,IHI,24100-1440C/D,Хабаровск
2026-01-06 14:13:02,Турбокомпрессор 24100-1690C/S1760-E0K90 H06CT VX29 VB250041 !,2,45984,Дизель,24100-1690C,Хабаровск
2026-01-06 14:13:02,Турбокомпрессор 24100-3251 J08C !,1,39296,Yamasida,24100-3251,Хабаровск
2026-01-06 14:13:02,Турбокомпрессор 24100-3340A H07C-TD CXBE VA240084 !,1,46451,Дизель,24100-3340A,Хабаровск
2026-01-06 14:13:02,Турбокомпрессор D-126014 / 1000859795 JAC N350 Дизель,3,23974,Дизель,D-126014,Хабаровск
2026-01-06 14:13:02,Турбокомпрессор D-127027 / 28230-45500/49178-03160 D4DB HD657278 Дизель,12,18208,Дизель,D-127027,Хабаровск
2026-01-06 14:13:02,Турбокомпрессор D-127339/17201-E0441/732409-0041/732409-0022/732409-5024 HINO300 евро3 Дизель,9,17278,Дизель,D-127339,Хабаровск
2026-01-06 14:13:02,Турбокомпрессор D-127340/17201-E0A40 J08E-T 24100-3251/479016-0002/S2410-03251 Дизель,4,25547,Дизель,D-127340,Хабаровск
2026-01-06 14:13:02,Турбокомпрессор D-127794/28230-45100/4917803129/28230-45500/TC0931 D4DB HD657278 Turbo Дизель,6,16085,Дизель,D-127794,Хабаровск
2026-01-06 14:13:02,Турбокомпрессор D-128489 / 202V09100-7915 HOWO Sitrak Дизель,1,34577,Дизель,D-128489,Хабаровск
2026-01-06 14:13:02,Турбокомпрессор D-128570 / 1006105168 / 612630110752 WP13 SHACMAN X3000 Дизель,1,19572,Дизель,D-128570,Хабаровск
2026-01-06 14:13:02,Турбокомпрессор D-128603 / 612601111012 SHACMAN WP10 Е4 Дизель,1,17269,Дизель,D-128603,Хабаровск
2026-01-06 14:13:02,Турбокомпрессор D-128609 / 612630110581 / 612630110258 WP12 SHACMAN X3000 Дизель,1,19572,Дизель,D-128609,Хабаровск
2026-01-06 14:13:02,Турбокомпрессор D-129721 /202V09100-7926 HOWO T5G MC11 Дизель,2,36973,Дизель,D-129721,Хабаровск
2026-01-06 14:13:02,Тяга / 049-01-0315 / длина 670mm / Тайвань / MC121902 / MC121902 / ZEVS,1,10606,Zevs,MC121902,Хабаровск
2026-01-06 14:13:02,Тяга 99014520174,3,2055,Дизель,99014520174,Хабаровск
2026-01-06 14:13:02,Тяга V-образная AZ9925522272 Sitrak C7H ORIG,4,24517,Howo,AZ9925522272,Хабаровск
2026-01-06 14:13:02,Тяга поперечная D-126017 / HFF3003020CK5G JAC N350 Дизель,5,12342,Дизель,D-126017,Хабаровск
2026-01-06 14:13:02,Тяга поперечная ISUZU 1-43151-154-0 CXZ51 '03~ CH,1,14740,Chase,1-43151-154-0,Хабаровск
2026-01-06 14:13:02,Тяга поперечная ISUZU 8-97022-225-2/8-97107-321-0 NKR `90~ CH,1,10275,Chase,8-97107-321-0,Хабаровск
2026-01-06 14:13:02,Тяга поперечная ISUZU 8-97107-318-1/8-976-008-0/8-97022-226-0 NKR `90~ Y,10,3140,Yamasida,8-97107-318-1,Хабаровск
2026-01-06 14:13:02,Тяга поперечная MMC MK309132 FUSO FT/FV/FU5#/FP50J/K CH !,2,7764,Chase,MK309132,Хабаровск
2026-01-06 14:13:02,Тяга продольная / 112-01-0007 / длина 355mm / Тайвань / 8-97048-862-4 / 8970273050; 8-97027-305-0;,1,6166,JMC,8-97048-862-4,Хабаровск
2026-01-06 14:13:02,Тяга продольная D-127816 / 1-44380-307-2/0/1 LHD ISUZU FVM/FVR34 08~ Дизель,98,4752,Дизель,D-127816,Хабаровск
2026-01-06 14:13:02,Тяга продольная D-128275 / HINO 45440-6370 FD# 5t `89-'92 Дизель,11,4963,Дизель,D-128275,Хабаровск
2026-01-06 14:13:02,Тяга продольная D-128276 / MMC MC090944 MC064247 MMC FUSO FK617 Дизель,4,4963,Дизель,D-128276,Хабаровск
2026-01-06 14:13:02,"Тяга продольная HINO 300 / широкая кабина, длина 760mm / Тайвань / 4544039465; 45440-39465 /",1,13238,Chase,45440-39465,Хабаровск
2026-01-06 14:13:02,Тяга продольная HINO 45440-E0A20 HINO 500 FD/FL/FM FM8J08 CH,1,19513,Chase,45440-E0A20,Хабаровск
2026-01-06 14:13:02,"Тяга продольная HINO 45480-1840 FD 11Ton '03~10 LHD 500#, FD1J, FD8J (45420-2700) CH",3,14812,Chase,45480-1840,Хабаровск
2026-01-06 14:13:02,Тяга продольная ISUZU 1-44380-134-0 LHD FSR ′00 /FSR33 ′96 CH,1,18103,Chase,1-44380-134-0,Хабаровск
2026-01-06 14:13:02,Тяга продольная ISUZU 1-44380-151-0 CXZ81 левый руль CH !,6,5081,Chase,1-44380-151-0,Хабаровск
2026-01-06 14:13:02,Тяга продольная ISUZU 1-44380-307-2 LHD FVM/FVR34 08~ CH,4,19612,Chase,1-44380-307-2,Хабаровск
2026-01-06 14:13:02,Тяга продольная ISUZU 1-44380-313-0 CXZ51 '03.09~ CH,2,10804,Chase,1-44380-313-0,Хабаровск
2026-01-06 14:13:02,Тяга продольная MAZDA WA01-32-970A T3000-T4500 84~ CH !,9,3071,Chase,WA01-32-970A,Хабаровск
2026-01-06 14:13:02,Тяга продольная MMC MC121719 MITSUBISHI FE647/FE659 6.5T/7.7T CH !,6,6164,Chase,MC121719,Хабаровск
2026-01-06 14:13:02,Тяга продольная MMC MC121903/MH-CR17-LHD-RK Canter FB511 96~ CH !,13,5690,Chase,MC121903,Хабаровск
2026-01-06 14:13:02,"Тяга продольная MMC MC573888 FUSO FV418, FV419 '97~ FP4# CH",3,8201,Chase,MC573888,Хабаровск
2026-01-06 14:13:02,"Тяга продольная TOYOTA 45440-29235/TY-CR12-RHD DYNA 150,LY/YY1#2# 00~ Y",3,7875,Yamasida,45440-29235,Хабаровск
2026-01-06 14:13:02,"Тяга продольная TOYOTA 45440-39186/TY-CR07-LHD DYNA/HINO BU3#,WU30#,34#,XZU3# 99~ CH",2,10102,Chase,45440-39186,Хабаровск
2026-01-06 14:13:02,"Тяга продольная TOYOTA 45440-39205/45440-39206 DYNA N04C／BU301 '05~ RZU300, 340, XZU300, 301 CH",2,8779,Chase,45440-39205,Хабаровск
2026-01-06 14:13:02,"Тяга продольная TOYOTA 45440-39315 DYNA/HINO 15B,WU340 02~,XZU342,XZU410-412 02~ CH !",2,5452,Chase,45440-39315,Хабаровск
2026-01-06 14:13:02,Тяга продольная передняя верхняя AZ9731430020 Howo/,3,2362,Howo,AZ9731430020,Хабаровск
2026-01-06 14:13:02,Тяга реактивная 13592919010/462869 /A3753500106 / A9483502405 Mercedes/ROSTAR,4,9187,Rostar,13592919010,Хабаровск
2026-01-06 14:13:02,Тяга реактивная D-128018 / 1-51511-659-0 L=550 C/F series Дизель,11,6993,Дизель,D-128018,Хабаровск
2026-01-06 14:13:02,Тяга реактивная D-128019 / 1-51511-661-0 L=585 C/F series Дизель,12,8994,Дизель,D-128019,Хабаровск
2026-01-06 14:13:02,Тяга реактивная D-128080 / 1-51511-660-0 L=555 C/F series Дизель,21,6940,Дизель,D-128080,Хабаровск
2026-01-06 14:13:02,Тяга реактивная D-128443 / AZ9925522175 / AZ9925521175 Sitrak C7H Дизель,4,4250,Дизель,D-128443,Хабаровск
2026-01-06 14:13:02,Тяга реактивная V-образная (8 отв) D-126791 / 2919015B71B FAW J6 Дизель,3,16939,Дизель,D-126791,Хабаровск
2026-01-06 14:13:02,Тяга реактивная V-образная D-128472 / AZ9725521272/AZ9925521272/1502-2919012-10 HOWO Дизель,10,8538,Дизель,D-128472,Хабаровск
2026-01-06 14:13:02,Тяга реактивная V-образная D-129725 / 2919015-260-1 / 2919005-260 D=110 H=75 FAW Дизель,1,10910,Дизель,D-129725,Хабаровск
2026-01-06 14:13:02,Тяга реактивная верхняя передняя D-126629 / 2919005В71В/С FAW Дизель,7,14889,Дизель,D-126629,Хабаровск
2026-01-06 14:13:02,Тяга реактивная нижняя D-126018 / 55540-Y3070 JAC N350 Дизель,1,6191,Дизель,D-126018,Хабаровск
2026-01-06 14:13:02,Тяга реактивная нижняя задняя D-126793/2919020-260/1380-2919010-40 FAW Дизель,13,5546,Дизель,D-126793,Хабаровск
2026-01-06 14:13:02,Тяга реактивная нижняя передняя D-126794/2919010-260/1380-2919010-30 FAW Дизель,17,5546,Дизель,D-126794,Хабаровск
2026-01-06 14:13:02,Тяга реактивная нижняя прямая в сборе 199114520038 Howo,4,2399,Howo,199114520038,Хабаровск
2026-01-06 14:13:02,Тяга реактивная прямая верхняя L=587 AZ9631521175/1352-2919010 HOWO,11,5120,Дизель,AZ9631521175,Хабаровск
2026-01-06 14:13:02,Тяга рулевая 3401110U8510-F03 JAC ORIG,4,1309,JAC,3401110U8510-F03,Хабаровск
2026-01-06 14:13:02,Тяга рулевая 45503-09321 / SR3880 / CRT-89,2,1091,CTR,CRT-89,Хабаровск
2026-01-06 14:13:02,Тяга рулевая 56542-43010/57730-43000 Grace !,28,148,Дизель,56542-43010,Хабаровск
2026-01-06 14:13:02,Тяга рулевая CRT-47,2,1074,CTR,CRT-47,Хабаровск
2026-01-06 14:13:02,Тяга рулевая SR- /RE-4801 Fuso FE82D/C/E//FE88E SAFETY Japan,1,2639,JMC,ME725235,Хабаровск
2026-01-06 14:13:02,Тяга рулевая поперечная 9070900111/A9443301703 / 2399701 / MNDL7834 /10294/21310 Mercedes/Europart !,7,15367,Europart,9070900111,Хабаровск
2026-01-06 14:13:02,Тяга рулевая поперечная NISSAN 48510-2T025 ATLAS F22# F23# Y,13,2982,Yamasida,48510-2T025,Хабаровск
2026-01-06 14:13:02,"Тяга рулевая продольная (конус 24,труба L=905)AZ9100430011 Howo",2,1890,Дизель,AZ9100430011,Хабаровск
2026-01-06 14:13:02,Тяга рулевая продольная 525 мм 9079991428 / A0004603605 Mercedes/Europart,2,42912,Europart,9079991428,Хабаровск
2026-01-06 14:13:02,Тяга рулевая продольная 885 мм 9070001005/A0034604005 / A0024605205/2795401/462878/26883/ 05.020.1911.550 Mercedes/ Europart,14,4411,Europart,9070001005,Хабаровск
2026-01-06 14:13:02,Тяга рулевая продольная L=895mm JTR3504/462769/A0024604605 /A0034605005/9070025721 TRW,1,7110,Дизель,JTR3504,Хабаровск
2026-01-06 14:13:02,Тяга рулевая продольная LHD 1-44380-287-0 ISUZU CXZ/CYZ/CYL 05~ SKV,39,5134,SKV,1-44380-287-0,Хабаровск
2026-01-06 14:13:02,Тяга рулевая продольная W023-32-970 MAZDA-RHD WGL# Y,11,12529,Yamasida,W023-32-970,Хабаровск
2026-01-06 14:13:02,Указатель поворота (на двери)лев D-125730/8-97410-181-3/2 NPR75/NLR85/NMR85/NQR90/FSR90/FVR34 Дизель,4,393,Дизель,D-125730,Хабаровск
2026-01-06 14:13:02,Указатель поворота LH 92301-5H000 HD72 (K) дефект,1,572,Дизель,92301-5H000,Хабаровск
2026-01-06 14:13:02,Указатель поворота LH 92301-6A100 HD120 (K) дефект,1,1157,Дизель,92301-6A100,Хабаровск
2026-01-06 14:13:02,Указатель поворота LH D-126330 / 92301-5H000 HD72 Дизель,1,910,Дизель,D-126330,Хабаровск
2026-01-06 14:13:02,Указатель поворота RH 92302-5H000 HD72 (K) дефект,3,443,Дизель,92302-5H000,Хабаровск
2026-01-06 14:13:02,Указатель поворота RH 92302-6A100 HD120 (K) дефект,2,1157,Дизель,92302-6A100,Хабаровск
2026-01-06 14:13:02,Указатель поворота RH D-126333 / 92302-56001 HD78/65 Дизель,11,698,Дизель,D-126333,Хабаровск
2026-01-06 14:13:02,Указатель поворота RH D-126334 / 92302-5H000 HD72 Дизель,1,910,Дизель,D-126334,Хабаровск
2026-01-06 14:13:02,Указатель поворота левый 8-97585-173-1/8-98155-459-0 700P 4HK1 Diesel дефект,2,534,Дизель,8975851731,Хабаровск
2026-01-06 14:13:02,Указатель поворота левый D-125551 / 8-98053-941-0 / 8-98010-884-0 N-series Дизель,8,668,Дизель,D-125551,Хабаровск
2026-01-06 14:13:02,"Указатель поворота левый, дверь D-12523 / 8-97410-181-3/2 NPR75/NLR85/NMR85/NQR90/FSR90/FVR34 Дизель",3,444,Дизель,D-125223,Хабаровск
2026-01-06 14:13:02,Указатель поворота передн. левый МК 92301-5А100,2,1483,Дизель,92301-5А100,Хабаровск
2026-01-06 14:13:02,Указатель поворота передн. правый МК 92302-5А100,5,1798,Дизель,92302-5А100,Хабаровск
2026-01-06 14:13:02,Указатель поворота прав D-126020 / 92304-7A700 JAC N200/350 Дизель,10,459,Дизель,D-126020,Хабаровск
2026-01-06 14:13:02,Указатель поворота правый 8-97585-172-1/8-98155-458-0 700P 4HK1 Diesel дефект,1,510,,8975851721,Хабаровск
2026-01-06 14:13:02,"Упл.кольцо под вых.коллект.""Masuma"" 30х43мм",2,53,JMC,"Упл.кольцо под вых.коллект.""Masuma"" 30х43мм",Хабаровск
2026-01-06 14:13:02,"Упл.кольцо под вых.коллект.""Masuma"" 32х45мм",2,55,JMC,"Упл.кольцо под вых.коллект.""Masuma"" 32х45мм",Хабаровск
2026-01-06 14:13:02,"Упл.кольцо под вых.коллект.""Masuma"" 33х48мм",2,67,JMC,"Упл.кольцо под вых.коллект.""Masuma"" 33х48мм",Хабаровск
2026-01-06 14:13:02,"Упл.кольцо под вых.коллект.""Masuma"" 39х55мм",2,76,JMC,"Упл.кольцо под вых.коллект.""Masuma"" 39х55мм",Хабаровск
2026-01-06 14:13:02,Уплотнение (прокладка) резиновое 1-76798-019-0 OD=25 BLACK ORIG,6,115,Isuzu,1-76798-019-0,Хабаровск
2026-01-06 14:13:02,Уплотнение 1301796 Iveco Orig !,30,60,Iveco,1301796,Хабаровск
2026-01-06 14:13:02,Уплотнение A0179979448 Mercedes ориг !,8,150,Mercedes,A 017 997 94 48,Хабаровск
2026-01-06 14:13:02,Уплотнение вала /Сальник 762830/A0159977547 / 8029336980 Mercedes/Elring !,8,1256,Elring,762.830,Хабаровск
2026-01-06 14:13:02,Уплотнение термостата 201V06904-0049 HOWO T5G,6,102,Дизель,201V06904-0049,Хабаровск
2026-01-06 14:13:02,Уплотнение топл трубки 23681-E0040 HINO 500 DF,15,153,DRAGONFLYS,23681-E0040,Хабаровск
2026-01-06 14:13:02,Уплотнит кольцо балансира (компл.2шт) 1614130062 (Н),1,99,Дизель,1614130062,Хабаровск
2026-01-06 14:13:02,Уплотнитель двери нижний 8-98022-739-1 ORIG,1,3866,Isuzu,8-98022-739-1,Хабаровск
2026-01-06 14:13:02,Уплотнитель капота 86430-4F000 HYUNDAI PORTER II ORIG,4,1013,Hyundai-Kia,86430-4F000,Хабаровск
2026-01-06 14:13:02,Уплотнитель левой двери 82150-5H003 Hyundai HD35-78/MIGHTY ORIG,12,374,Hyundai-Kia,82150-5H003,Хабаровск
2026-01-06 14:13:02,Уплотнитель лобового стекла 86112-5H002 Hyundai HD72 ORIG,4,4198,Hyundai-Kia,86112-5H002,Хабаровск
2026-01-06 14:13:02,Уплотнитель облицовки двери 8-98022-741-1 N-series ORIG,3,2658,Isuzu,8-98022-741-1,Хабаровск
2026-01-06 14:13:02,Уплотнитель облицовки двери D-125253-D / 8-98022-741-1 N-series Дизель,5,513,Дизель,D-125253-D,Хабаровск
2026-01-06 14:13:02,Уплотнитель стекла ветрового 86131-4F000 HYUNDAI PORTER II ORIG,9,1736,Hyundai-Kia,86131-4F000,Хабаровск
2026-01-06 14:13:02,Уплотнитель стекла двери 82130-5H000 HYUNDAI HD72/78 ORIG,3,524,Hyundai-Kia,82130-5H000,Хабаровск
2026-01-06 14:13:02,Уплотнительное кольцо 420682/A0129973647 / A0129973747 Mercedes/DieselTechnic !,10,167,JMC,420682,Хабаровск
2026-01-06 14:13:02,Уплотнительное кольцо 420683/A0039970547 / 362301 Mercedes / DieselTechnic !,4,68,Diesel Technic,4.20683,Хабаровск
2026-01-06 14:13:02,Уплотнительное кольцо D-129823 / MQ6-56631-0110 HOWO T5G Дизель,14,85,Дизель,D-129823,Хабаровск
2026-01-06 14:13:02,Уплотнительное кольцо D-129824 / MQ6-56936-2423 HOWO T5G Дизель,6,219,Дизель,D-129824,Хабаровск
2026-01-06 14:13:02,Уплотнительное кольцо D-129825 / MQ6-56939-0079 HOWO T5G Дизель,4,245,Дизель,D-129825,Хабаровск
2026-01-06 14:13:02,Уплотнительное кольцо системы охлаждения 22405-4X300 KIA Bongo ORIG,1,28,Hyundai-Kia,22405-4X300,Хабаровск
2026-01-06 14:13:02,"Упорные вкладыши коленвала STD TD23,TD25,TD27,QD32 T080H1-STD TAIHO",1,1627,JMC,T080H1-STD,Хабаровск
2026-01-06 14:13:02,Усилитель бампера LH 86515-56000 Hyundai HD78/65 ORIG,9,1620,Hyundai-Kia,86515-56000,Хабаровск
2026-01-06 14:13:02,Усилитель бампера LH 86515-5K000/1 Hyundai HD78/65 ORIG,3,3058,Hyundai-Kia,86515-5K000,Хабаровск
2026-01-06 14:13:02,Усилитель бампера перед правый 86525-5K000/1 Hyundai HD78 ORIG,7,3055,Hyundai-Kia,86525-5K000,Хабаровск
2026-01-06 14:13:02,Усилитель бампера передний R 86525-56000/1 HYUNDAI HD72 ORIG,1,1432,Hyundai-Kia,86525-56000,Хабаровск
2026-01-06 14:13:02,Усилитель бампера передний R 86525-56001/0 HYUNDAI HD72 ORIG,9,1440,Hyundai-Kia,86525-56001,Хабаровск
2026-01-06 14:13:02,Успокоитель цепи ГРМ 24376-4A100 Hyundai Porter 2 D4CB/ KIA Bongo ORIG,2,982,Hyundai-Kia,24376-4A100,Хабаровск
2026-01-06 14:13:02,Установочный комплект турбокомпрессора 715331/316699/316756/1902316690 ABS MB Actors Elring !,2,3554,Elring,715331,Хабаровск
2026-01-06 14:13:02,"Фара 219-1107L-LD-EC (K) HINO 500, 700, RANGER, PROFIA /88150-E0022/ 81150-E0023 (K) дефект",1,2079,Дизель,219-1107L-LD-EC,Хабаровск
2026-01-06 14:13:02,Фара c электрокорректором RH 1-82110-455-2/480-0 CXZ51KEXZ51KCYZ51KCYZ51L 6WF1 (K) дефект,9,3861,Дизель,1-82110-455-2,Хабаровск
2026-01-06 14:13:02,Фара D-126337 / 219-1107L-LD-EC / 88150-E0022 / 81150-E0023 HINO 500/700 RANGER PROFIA Дизель,31,3985,Дизель,D-126337,Хабаровск
2026-01-06 14:13:02,Фара D-126344 / 214-1178LXRD-E MMC FUSO CANTER F#(6...8)# '05 Дизель,14,3349,Дизель,D-126344,Хабаровск
2026-01-06 14:13:02,Фара D-129729 / 214-1178RXRD-E MMC FUSO CANTER Дизель,8,3722,Дизель,D-129729,Хабаровск
2026-01-06 14:13:02,Фара HINO RANGER Y630 '94-'98 D-126341 / 219-1105R-LD Дизель,13,3109,Дизель,D-126341,Хабаровск
2026-01-06 14:13:02,Фара HINO500 '03 219-1108R-LDHEM под ксенон !,1,6156,Depo,219-1108 R-LDHEM,Хабаровск
2026-01-06 14:13:02,Фара HY H100 221-1135L-LD-EM !,1,2511,Depo,221-1135L-LD-EM,Хабаровск
2026-01-06 14:13:02,Фара HY H100 221-1135R-LD-EM !,1,2260,Depo,221-1135R-LD-EM,Хабаровск
2026-01-06 14:13:02,Фара ISUZU (CYZ-51K) 05-7901L,1,7260,JMC,05-7901L,Хабаровск
2026-01-06 14:13:02,Фара ISUZU ELF NKR81 '04 213-1136L-LD-EB !,18,2701,Depo,213-1136L-LD-EB,Хабаровск
2026-01-06 14:13:02,Фара ISUZU ELF NKR81 '04 213-1136R-LD-EB !,6,2701,Depo,213-1136R-LD-EB,Хабаровск
2026-01-06 14:13:02,Фара L 214-1178L-LD-EM /c кор-м FUSO CANTER FE85 LHD D-128116/MK353635/MK353647/MK353627 Дизель,12,3689,Дизель,D-128116,Хабаровск
2026-01-06 14:13:02,Фара L 8-97376-898-2 / 8-98053-918-0 / 8-97372-527-5 Diesel дефект,2,1304,Isz,8-98053-918-0,Хабаровск
2026-01-06 14:13:02,Фара L D-126338 / 21211A8LLDE / 81170-37170 HINO300 E3 DUTRO/TOYOTA/DYNA/TOYOACE Дизель,2,5401,Дизель,D-126338,Хабаровск
2026-01-06 14:13:02,Фара L D-126348 / 92101-4B000 HYUNDAI Porter Дизель,12,748,Дизель,D-126348,Хабаровск
2026-01-06 14:13:02,Фара L D-126352 / 92101-8D200 HYUNDAI UNIVERSE Дизель,5,16949,Дизель,D-126352,Хабаровск
2026-01-06 14:13:02,Фара L D-127030 / 2655842 / 2379890 / HL-SC008L Scania Дизель,4,27760,Дизель,D-127030,Хабаровск
2026-01-06 14:13:02,Фара L D-128179 / WG9925721011 HOWO Дизель,2,7381,Дизель,D-128179,Хабаровск
2026-01-06 14:13:02,Фара L D-128912 / 214-1178L-LD-EM без электрокорректора MMC FUSO CANTER F#(6...8)# '05 Дизель,17,3041,Дизель,D-128912,Хабаровск
2026-01-06 14:13:02,Фара L в бампер с туманкой 1-82110-400-2 / 8-97609-418-0 (К) дефект,3,2450,Дизель,1-82110-400-2,Хабаровск
2026-01-06 14:13:02,Фара MAZDA TITAN '00- 100-61933L,1,2352,JMC,100-61933L,Хабаровск
2026-01-06 14:13:02,Фара MMC CANTER F#5# '99-'01 AD-100-87342 L (с линзой) дефект,1,2798,,AD-100-87342 L,Хабаровск
2026-01-06 14:13:02,Фара MMC FUSO CANTER F#(6...8)# '05 214-1178-RD-EM (L) MK486501 (K) дефект,1,2333,Дизель,214-1178L-RD-EM,Хабаровск
2026-01-06 14:13:02,Фара MMC FUSO CANTER F#(6...8)# '05 D-128117/214-1178R-LD-EM Дизель,4,3041,Дизель,D-128117,Хабаровск
2026-01-06 14:13:02,Фара R 8-97372-528-5 / 8-97376-897-2 / 8-98053-917-0 / 8-97372-523-5 Diesel дефект,3,1708,Diesel,8973725285,Хабаровск
2026-01-06 14:13:02,"Фара R D-126340 / K21211W5R / 81110-37440 / 81130-37430 / 81130-37400 HINO300, TOYOTA Euro-4 Дизель",3,6211,Дизель,D-126340,Хабаровск
2026-01-06 14:13:02,Фара R D-126353 / 92102-4B000 HYUNDAI Porter Дизель,12,791,Дизель,D-126353,Хабаровск
2026-01-06 14:13:02,Фара R D-126357 / 92102-8D200 HYUNDAI UNIVERSE Дизель,3,17833,Дизель,D-126357,Хабаровск
2026-01-06 14:13:02,Фара R D-127031 / 2655843/2379894/HL-SC008R Scania Дизель,4,27760,Дизель,D-127031,Хабаровск
2026-01-06 14:13:02,Фара R D-128118 / 8-97372-528-5 / 8-97376-897-2 / 8-98053-917-0 / 8-97372-523-5 Дизель,16,2017,Дизель,D-128118,Хабаровск
2026-01-06 14:13:02,Фара R D-128180 / WG9925721012 HOWO Дизель,1,7381,Дизель,D-128180,Хабаровск
2026-01-06 14:13:02,"Фара R D-128867 / 219-1107R-LD-EC / 81110-E0022 / 81110-E0023 HINO 500/700, RANGER, PROFIA Дизель",8,3985,Дизель,D-128867,Хабаровск
2026-01-06 14:13:02,Фара R D-128875 / 8-98098-481-1 / 8-98098-477-1 / 8-98225-591-0 с электрокорректором Дизель,104,3360,Дизель,D-128875,Хабаровск
2026-01-06 14:13:02,Фара R D-128876 / 1-82119-212-0 с электрокорректором ISUZU Дизель,12,5162,Дизель,D-128876,Хабаровск
2026-01-06 14:13:02,Фара левая 463482/A9438200361/ SA5A0059 / 9501658200/68360 DieselTechnic !,1,7960,Diesel Technic,463482,Хабаровск
2026-01-06 14:13:02,Фара левая 92101-5H000 HD45/HD72 (K) дефект,1,1350,Дизель,92101-5H000,Хабаровск
2026-01-06 14:13:02,Фара левая 92101-7A101 HYUNDAI HD170/250 дефект,1,3778,Дизель,92101-7A101,Хабаровск
2026-01-06 14:13:02,Фара левая D-126349 / 92101-5H000 HD45/HD72 Дизель,8,1928,Дизель,D-126349,Хабаровск
2026-01-06 14:13:02,Фара передняя левая (без корректора) МК 92101-5А100,2,4510,Дизель,92101-5А100,Хабаровск
2026-01-06 14:13:02,Фара передняя правая (без корректора) МК 92102-5А100,1,4059,Дизель,92102-5А100,Хабаровск
2026-01-06 14:13:02,Фара правая 1732510 Scania (K),1,2896,Дизель,1732510,Хабаровск
2026-01-06 14:13:02,Фара правая D-126354 / 92102-5H000 HD45/HD72 Дизель,7,1697,Дизель,D-126354,Хабаровск
2026-01-06 14:13:02,Фара правая D-126356 / 92102-6A002 HD120 Дизель,13,5539,Дизель,D-126356,Хабаровск
2026-01-06 14:13:02,"Фара прожектор 1749953 Scania P,G,R,T - series",1,1698,Дизель,1749953,Хабаровск
2026-01-06 14:13:02,Фара противотуманная (круглая) 92201-56001 Hyundai HD72/78 ORIG,20,3194,Hyundai-Kia,92201-56001,Хабаровск
2026-01-06 14:13:02,Фара противотуманная 213-2020R-AE IZ ELF NLR85 07-L (K) дефект,1,1148,Дизель,213-2020R-AE,Хабаровск
2026-01-06 14:13:02,Фара противотуманная 92201-4B000 H100 Porter. !,17,1456,Дизель,92201-4B000,Хабаровск
2026-01-06 14:13:02,Фара противотуманная 92201-4B000 H100 Porter. дефект,1,1019,Дизель,92201-4B000,Хабаровск
2026-01-06 14:13:02,Фара противотуманная D-124992 / 1-82110-454-0 / 8-98149-150-0 CXZ51K/EXZ51K/CYZ51K LH 6WF1 Дизель,20,1529,Дизель,D-124992,Хабаровск
2026-01-06 14:13:02,Фара противотуманная D-126359 / 92201-56000 24V Hyundai HD65/78 Дизель,6,562,Дизель,D-126359,Хабаровск
2026-01-06 14:13:02,Фара противотуманная D-129733 / 213-2020L-AE IZ ELF NLR85 07-L Дизель,84,1641,Дизель,D-129733,Хабаровск
2026-01-06 14:13:02,Фара противотуманная L 214-2043L-AE / D-128119 FUSO CANTER FE85 LHD / MK435071 Дизель,11,1707,Дизель,D-128119,Хабаровск
2026-01-06 14:13:02,Фара противотуманная L 8-98047-053-1 / 8-98047-053-2 Diesel дефект,1,1614,Diesel,8-98047-053-1,Хабаровск
2026-01-06 14:13:02,Фара противотуманная L D-126360 / 8-98149-144-0 / 8-97378-909-1 / 8-98232-059-0 Дизель,21,1818,Дизель,D-126360,Хабаровск
2026-01-06 14:13:02,Фара противотуманная L D-128877 / 8-98047-053-1 / 8-98047-053-2 Дизель,6,3039,Дизель,D-128877,Хабаровск
2026-01-06 14:13:02,Фара противотуманная R 214-2043R-AE (K) FUSO CANTER FE85 LHD / MK435072 дефект,1,866,Дизель,214-2043R-AE,Хабаровск
2026-01-06 14:13:02,Фара противотуманная R 8-98047-052-1 / 8-98047-052-2 Diesel дефект,6,2013,Diesel,8-98047-052-1,Хабаровск
2026-01-06 14:13:02,Фара противотуманная R D-125406 / 8-98047-052-1 / 8-98047-052-2 Дизель,44,3114,Дизель,D-125406,Хабаровск
2026-01-06 14:13:02,Фара противотуманная R D-126365 / 92202-6A000 HYUNDAI HD120 Дизель,3,2304,Дизель,D-126365,Хабаровск
2026-01-06 14:13:02,Фара противотуманная R D-129735 / 214-2043R-AE FUSO CANTER FE85 LHD / MK435072 Дизель,3,1738,Дизель,D-129735,Хабаровск
2026-01-06 14:13:02,Фара противотуманная R D-129736 / WG9719720006 Howo Дизель,4,1161,Дизель,D-129736,Хабаровск
2026-01-06 14:13:02,Фара противотуманная R с указатепем поворота D-125254 / 8-98238-625-0 FVR34/CYZ52 Дизель,2,3078,Дизель,D-125254,Хабаровск
2026-01-06 14:13:02,Фара противотуманная левая 3732015-53A FAW J6 дефект,1,959,Дизель,3732015-53A,Хабаровск
2026-01-06 14:13:02,Фара противотуманная левая D-128120 / 8-98238-626-0/8-98159-979-0/1/2 FVR34/CYZ52 Дизель,78,2065,Дизель,D-128120,Хабаровск
2026-01-06 14:13:02,Фара противотуманная левая с указателем 8-98238-626-0/8-98159-979-0/1/2 FVR34/CYZ52 Diesel дефект,3,2216,Дизель,8-98238-626-0,Хабаровск
2026-01-06 14:13:02,Фара противотуманная правая 8-98149-143-0/1/8-97378-908-1 / 8-98232-058-0 (К) дефект,1,495,Дизель,8973789071,Хабаровск
2026-01-06 14:13:02,Фара противотуманная правая 92302-6B100 HYUNDAI GOLD D6GA HD120 (ORIG),23,3065,Hyundai-Kia,92302-6B100,Хабаровск
2026-01-06 14:13:02,Фара противотуманная правая D-126364 / 92202-5H000 HD72 Дизель,1,895,Дизель,D-126364,Хабаровск
2026-01-06 14:13:02,Фара противотуманная правая D-128071/8-98149-143-0/1/8-97378-908-1 / 8-98232-058-0 Дизель,103,1362,Дизель,D-128071,Хабаровск
2026-01-06 14:13:02,Фара противотуманная правая с указателем поворота 8-98238-625-0/8-98159-978-0/1/2 FVR34/CYZ52 (K),2,3020,Дизель,8-98238-625-0,Хабаровск
2026-01-06 14:13:02,Фара рабочего света D-126635 / 712W25103-6001 круглая Sitrak C7H Дизель,1,1685,Дизель,D-126635,Хабаровск
2026-01-06 14:13:02,Фиксатор A3872628173 Mercedes ориг !,2,479,Mercedes,A 387 262 81 73,Хабаровск
2026-01-06 14:13:02,Фильтр (картридж) масловлагоотделителя D-129605 / HDS-011 / ME709603 / DR6 FUSO Дизель,4,1250,Дизель,D-129605,Хабаровск
2026-01-06 14:13:02,Фильтр MB-JX625,1,634,Monbow Filter,JX625,Хабаровск
2026-01-06 14:13:02,Фильтр вентиляции картерных газов 8-97606-318-0/1/2 F-series SKV,135,656,SKV,8-97606-318-0,Хабаровск
2026-01-06 14:13:02,"Фильтр вентиляции картерных газов EFG-15010SKV/8-98002-346-0/ME224207 Isuzu F,N-series/MMC SKV",195,497,SKV,EFG-15010,Хабаровск
2026-01-06 14:13:02,Фильтр воздушный (внутр) CF1820SKV Камаз 5490/6520 дв.OM457LA SKV,34,696,SKV,CF1820,Хабаровск
2026-01-06 14:13:02,Фильтр воздушный (наруж) C301330SKV Камаз 5490/6520 дв.OM457LA SKV,26,1529,SKV,C301330,Хабаровск
2026-01-06 14:13:02,Фильтр воздушный (наружн) RS3870SKV CASE/Caterpillar,31,2518,SKV,RS3870,Хабаровск
2026-01-06 14:13:02,Фильтр воздушный (не Cursor) 1902129/1904550/С30850/7/AE30442/0 Filtron !,1,3324,Filtron,AM 401/1,Хабаровск
2026-01-06 14:13:02,Фильтр воздушный 1-87610-113-1 Isuzu FSR90/FORWARD 4HK1 ORIG CHINA,5,3801,Isuzu,1-87610-113-1,Хабаровск
2026-01-06 14:13:02,Фильтр воздушный 1109100E898-2 JAC N56/75/90/120 КАМАЗ Компас-9/12 ORIG,33,1993,JAC,1109100E898-2,Хабаровск
2026-01-06 14:13:02,Фильтр воздушный 1109130B5051 N56 E-5 ld308 JAC SKV,6,926,SKV,1109130B5051,Хабаровск
2026-01-06 14:13:02,Фильтр воздушный 1109140W5000 JAC N35/25 SKV,139,384,SKV,1109140W5000,Хабаровск
2026-01-06 14:13:02,Фильтр воздушный 17801-38030,2,3265,JMC,17801-38030,Хабаровск
2026-01-06 14:13:02,Фильтр воздушный 28000-Y3A20-1 N350 JAC ORIG,6,4526,JAC,28000-Y3A20-1,Хабаровск
2026-01-06 14:13:02,Фильтр воздушный 28130-44000 / PAA-013 / YUMI-021 SKV,47,484,SKV,28130-44000,Хабаровск
2026-01-06 14:13:02,Фильтр воздушный 28130-5H002 / 28130-5H001 / MAF023 / PAA-032 / YUMI-042 County/HD72 SKV,38,887,SKV,28130-5H002SKV,Хабаровск
2026-01-06 14:13:02,Фильтр воздушный 28130-5M100 D4CC/D4GA HYUNDAI Mighty EX6/8/9 15- SKV,13,1023,SKV,28130-5M100,Хабаровск
2026-01-06 14:13:02,Фильтр воздушный 2829529SKV \ 2490805 Scania SKV,17,5896,SKV,2829529SKV,Хабаровск
2026-01-06 14:13:02,Фильтр воздушный 2996155/MF800/A800 Iveco SKV,53,2365,SKV,A800,Хабаровск
2026-01-06 14:13:02,Фильтр воздушный 50014092 Iveco !,3,1570,Kolbenschmidt,4092-AP,Хабаровск
2026-01-06 14:13:02,Фильтр воздушный 8-97178-609-2 Isuzu,1,1513,JMC,8-97178-609-2,Хабаровск
2026-01-06 14:13:02,Фильтр воздушный 81084050021SKV / RS4971 наружный MAN SKV,40,2584,SKV,81084050021SKV,Хабаровск
2026-01-06 14:13:02,Фильтр воздушный 8121014SX / 1665898,1,3269,JMC,8121014SX,Хабаровск
2026-01-06 14:13:02,Фильтр воздушный A-1004 / A-1177 / 17801-78030/78020 HINO300 Е-3 ш/к N04C/J05D/S05 SKV,12,1022,SKV,A-1004,Хабаровск
2026-01-06 14:13:02,Фильтр воздушный A-1013 Aiko,2,1051,JMC,A1013,Хабаровск
2026-01-06 14:13:02,Фильтр воздушный A-1016 17801-B1010,3,230,JMC,A-1016,Хабаровск
2026-01-06 14:13:02,Фильтр воздушный A-1018 17801-17010,2,715,JMC,A-1018,Хабаровск
2026-01-06 14:13:02,Фильтр воздушный A-1019 17801-28030,1,874,JMC,A-1019,Хабаровск
2026-01-06 14:13:02,Фильтр воздушный A-1030 17801-38030,3,923,RB-exide,A-1030,Хабаровск
2026-01-06 14:13:02,Фильтр воздушный A-176 17801-11090,3,167,JMC,A-176,Хабаровск
2026-01-06 14:13:02,Фильтр воздушный A-181 17801-64060,4,289,JMC,A-181,Хабаровск
2026-01-06 14:13:02,Фильтр воздушный A-195 17801-70050,3,216,JMC,A-195,Хабаровск
2026-01-06 14:13:02,Фильтр воздушный A-3009 MR204842,2,763,JMC,A-3009,Хабаровск
2026-01-06 14:13:02,Фильтр воздушный A-3011 MR188657,1,167,JMC,A-3011,Хабаровск
2026-01-06 14:13:02,Фильтр воздушный A-348 MD620584,3,201,JMC,A-348,Хабаровск
2026-01-06 14:13:02,Фильтр воздушный A581IN / 8-98071-424-0 / A-6037 ISUZU 6HK1/FVR34 SKV,15,877,SKV,A581IN,Хабаровск
2026-01-06 14:13:02,Фильтр воздушный A-852 17220-P2J-003,2,253,RB-exide,A-852,Хабаровск
2026-01-06 14:13:02,Фильтр воздушный A-870 17220-PLC-000,3,194,JMC,A-870,Хабаровск
2026-01-06 14:13:02,Фильтр воздушный A-874 17220-PWC-000,3,195,JMC,A-874,Хабаровск
2026-01-06 14:13:02,Фильтр воздушный A-974 13780-65J00,2,187,JMC,A-974,Хабаровск
2026-01-06 14:13:02,Фильтр воздушный A0040942404SKV Mercedes SKV,65,4026,SKV,A0040942404SKV,Хабаровск
2026-01-06 14:13:02,Фильтр воздушный A0040942404SKV Mercedes дефект,29,1667,SKV,A0040942404SKV,Хабаровск
2026-01-06 14:13:02,Фильтр воздушный A0040943504 / RS5358 / 1485592 Mercedes SKV,22,2609,SKV,A0040943504SKV,Хабаровск
2026-01-06 14:13:02,Фильтр воздушный A0632SKV/8-98183-797-0/1K08-23-603/ 4JJ1T N-series/Mazda Titan/Nissan Atlas SKV,38,1485,SKV,A0632,Хабаровск
2026-01-06 14:13:02,Фильтр воздушный A1001 17801-28010,2,1136,JMC,A-1001,Хабаровск
2026-01-06 14:13:02,Фильтр воздушный A136/17801-44070/17801-56020 HINO DUTRO/RANGER TOYOTA DYNA/TOYOACE SKV,14,458,SKV,A136,Хабаровск
2026-01-06 14:13:02,Фильтр воздушный A143/17801-54050 TOYOTA DYNA/TOYOACE SKV,62,326,SKV,A143,Хабаровск
2026-01-06 14:13:02,Фильтр воздушный A147/A-1112/17801-61020 HINO DUTRO/RANGER TOYOTA DYNA/TOYOACE SKV,23,423,SKV,A147,Хабаровск
2026-01-06 14:13:02,Фильтр воздушный A161/17801-64070 TOYOTA SKV,74,227,SKV,A161,Хабаровск
2026-01-06 14:13:02,Фильтр воздушный A1724 / А471/WL31-13-Z40,1,362,Noname,A1724,Хабаровск
2026-01-06 14:13:02,Фильтр воздушный A184/A-1176/17801-67040 TOYOTA HIACE SKV,44,352,SKV,17801-67040,Хабаровск
2026-01-06 14:13:02,Фильтр воздушный A190/A-1143/17801-78011 HINO DUTRO/RANGER SKV,12,417,SKV,17801-78011,Хабаровск
2026-01-06 14:13:02,Фильтр воздушный A24567 / A567 AZUMI,5,1676,Azumi,A24567,Хабаровск
2026-01-06 14:13:02,Фильтр воздушный A26002IN/17801-3390 / A-1330 HINO 500 (22.5) E4 AZUMI,25,698,Azumi,A26002IN,Хабаровск
2026-01-06 14:13:02,Фильтр воздушный A26609 / A609 / A-609 AZUMI,2,2927,Azumi,A-26609,Хабаровск
2026-01-06 14:13:02,Фильтр воздушный A276 / 8-98071-421-0/1-87610-113-1 Isuzu FSR90/FORWARD 4HK1 SKV,104,890,SKV,A276,Хабаровск
2026-01-06 14:13:02,Фильтр воздушный A282IN / A-1336M / 17801-3460 SKV,123,1142,SKV,A282IN,Хабаровск
2026-01-06 14:13:02,Фильтр воздушный A283/A-6124M/16546-99600 NISSAN DIESEL UD SKV,1,1862,SKV,A283,Хабаровск
2026-01-06 14:13:02,Фильтр воздушный A3003 / ME017246 / A1088 SKV дефект,1,333,SKV,A3003SKV,Хабаровск
2026-01-06 14:13:02,Фильтр воздушный A444/A-1711/SL02-13-Z40 MAZDA TITAN SKV,4,576,SKV,A444,Хабаровск
2026-01-06 14:13:02,Фильтр воздушный A446/A1726,2,219,JMC,JE15-13-z40,Хабаровск
2026-01-06 14:13:02,Фильтр воздушный A5541S/A-0400/131-8902+131-8903 CATERPILLAR SKV,28,783,SKV,A5541S,Хабаровск
2026-01-06 14:13:02,Фильтр воздушный A5562S / 6I2507 / A-5561 + A-5560 SKV !,6,2268,SKV,A-5562S,Хабаровск
2026-01-06 14:13:02,Фильтр воздушный A5639/А363/ME033603 Sakura,1,1838,Sakura,A5639,Хабаровск
2026-01-06 14:13:02,Фильтр воздушный A566/1-14215-058-0/16546-96064/ME058741 ISUZU/NISSAN/MMC SKV,37,1595,SKV,A566,Хабаровск
2026-01-06 14:13:02,"Фильтр воздушный A579 /A-6020M/8-97062-294-0/5-87610-020-0 4HK1/4JJ1 NQR71/75/NPR75/NLR/NMR55,85 SKV",289,583,SKV,A579,Хабаровск
2026-01-06 14:13:02,Фильтр воздушный A581 / 8-98071-423-0 / A24581 ISUZU 6HK1/FVR34 SKV,44,1654,SKV,A581,Хабаровск
2026-01-06 14:13:02,Фильтр воздушный A581SET / 8-98071-423-0+8-98071-424-0/А-6038S ISUZU 6HK1/FVR34 SKV,15,2152,SKV,A581SET,Хабаровск
2026-01-06 14:13:02,"Фильтр воздушный A6024SET 1-14215-213-0 (A-6018) + 1-14215-220-0 (A-6023) Isuzu C,E-series 6WG1 SKV",44,2864,SKV,A-6024SET,Хабаровск
2026-01-06 14:13:02,Фильтр воздушный A622 / A-1324 / S1780-13360 / 17801-E0010 HINO 500 (19.5) SKV,1,832,SKV,A622,Хабаровск
2026-01-06 14:13:02,Фильтр воздушный A7607/A271/16546-99203 Sakura,2,740,Sakura,A7607,Хабаровск
2026-01-06 14:13:02,Фильтр воздушный A808/ A0030949104 / C421729 Mercedes/Mfilter !,1,3480,MFilter,A808,Хабаровск
2026-01-06 14:13:02,Фильтр воздушный A8602S/R140142270 + R20142280 KUBOTA SKV,17,580,SKV,A8602S,Хабаровск
2026-01-06 14:13:02,Фильтр воздушный A868V 17220-PNB-003,1,348,JMC,A-868V,Хабаровск
2026-01-06 14:13:02,Фильтр воздушный A869,2,805,JMC,A-869,Хабаровск
2026-01-06 14:13:02,Фильтр воздушный A956,1,250,JMC,A956,Хабаровск
2026-01-06 14:13:02,Фильтр воздушный AF25289M,2,1441,JMC,AF25289M,Хабаровск
2026-01-06 14:13:02,Фильтр воздушный AF975М Fleetguard,1,6874,JMC,AF975М,Хабаровск
2026-01-06 14:13:02,Фильтр воздушный AGAMA A367 / A5408,1,577,JMC,A367,Хабаровск
2026-01-06 14:13:02,Фильтр воздушный AN-221/A-2009 16546-41B00,1,260,RB-exide,AN-221,Хабаровск
2026-01-06 14:13:02,Фильтр воздушный C331840 MANN,1,3177,Mann-Filter,C331840,Хабаровск
2026-01-06 14:13:02,Фильтр воздушный CA5788 / 0072655 BALDWIN,2,7930,Baldwin,CA5788,Хабаровск
2026-01-06 14:13:02,Фильтр воздушный CP50001SKV/C500041/A0040946804/A0040949204 MB Actros II/Arocs/Antos SKV,89,3414,SKV,CP50001,Хабаровск
2026-01-06 14:13:02,Фильтр воздушный DA-1324 / A622 / S1780-13360 / 17801-E0010 HINO500 19.5 Дизель,1,759,Дизель,DA-1324,Хабаровск
2026-01-06 14:13:02,Фильтр воздушный DA-13570 / 17801-78110 / A26031 HINO 300 E4 Дизель,11,598,Дизель,DA-13570,Хабаровск
2026-01-06 14:13:02,Фильтр воздушный DA-13570 / 17801-78110 / A26031 HINO 300 E4 Дизель дефект,1,492,Дизель,DA-13570,Хабаровск
2026-01-06 14:13:02,Фильтр воздушный DA-15250 / 8-98140-265-0 Дизель дефект,2,422,Дизель,DA-15250,Хабаровск
2026-01-06 14:13:02,Фильтр воздушный DA-276 / 8-98071-421-0 / 1-87610-113-1 / A-276 4HK1 F-series Дизель,1,863,Дизель,DA-276,Хабаровск
2026-01-06 14:13:02,Фильтр воздушный DA-3030 / ML242294 / ME422880 / 16546-HJ00B Fuso Canter E-5 Дизель,14,1600,Дизель,DA-3030,Хабаровск
2026-01-06 14:13:02,Фильтр воздушный DA-370 / ME073160 / ME073821 / A-370 MMC Fuso Дизель,37,897,Дизель,DA-370,Хабаровск
2026-01-06 14:13:02,Фильтр воздушный DA-38670 / 1109130R1040 / S11090010-A7 JAC Дизель,31,377,Дизель,DA-38670,Хабаровск
2026-01-06 14:13:02,Фильтр воздушный DA-581 / 8-98071-423-0 / A24581 6HK1/FVR34 Diesel дефект,2,983,Diesel,DA-581,Хабаровск
2026-01-06 14:13:02,Фильтр воздушный DA-581IN / 8-98071-424-0 / A-6037 6HK1/FVR34 Дизель,39,492,Дизель,DA-581IN,Хабаровск
2026-01-06 14:13:02,Фильтр воздушный DK-2841-D / WG9725190102 / K2841 HOWO E-3 Дизель,1,1812,Дизель,DA-K2841,Хабаровск
2026-01-06 14:13:02,Фильтр воздушный DK-2845 / 1109060-55A+1109070-55A / K2845 FAW Дизель,17,1624,Дизель,DK-2845,Хабаровск
2026-01-06 14:13:02,Фильтр воздушный DK-3252 / W400000695 SET / K3252 IVECO Дизель,12,2222,Дизель,DK-3252,Хабаровск
2026-01-06 14:13:02,Фильтр воздушный DZ9112190328-1 / K3052 set SHACMAN WP12 SKV,61,2162,SKV,DZ9112190328-1SKV,Хабаровск
2026-01-06 14:13:02,Фильтр воздушный ELP3726,3,388,JMC,ELP3726,Хабаровск
2026-01-06 14:13:02,Фильтр воздушный ESR4238 Land Rover,1,832,JMC,ESR4238,Хабаровск
2026-01-06 14:13:02,Фильтр воздушный F059264,3,2056,JMC,F059264,Хабаровск
2026-01-06 14:13:02,Фильтр воздушный FUSO / POWER CORE / AUR805 / ME422778; P627090 /,1,4558,JMC,AUR805,Хабаровск
2026-01-06 14:13:02,Фильтр воздушный GOODWILL AG1022,2,138,JMC,AG1022,Хабаровск
2026-01-06 14:13:02,Фильтр воздушный JAPKO 20919,1,355,JMC,703301210,Хабаровск
2026-01-06 14:13:02,Фильтр воздушный LL1885 !,2,3705,Baldwin,LL1885,Хабаровск
2026-01-06 14:13:02,Фильтр воздушный MANN 100016RX TGA 18-41.660,1,1550,JMC,82084050020,Хабаровск
2026-01-06 14:13:02,Фильтр воздушный ML242294 Fuso Canter E-5 SKV,14,1645,SKV,ML242294,Хабаровск
2026-01-06 14:13:02,Фильтр воздушный P182054/LL1681-FN/6424690 Donaldson,12,3076,Donaldson,P182054,Хабаровск
2026-01-06 14:13:02,Фильтр воздушный P532502/ 6I2502 Catapillar,1,913,JMC,P532502,Хабаровск
2026-01-06 14:13:02,Фильтр воздушный P533882 / RS3700XP / RS3700 Donaldson,1,9290,Donaldson,P533882,Хабаровск
2026-01-06 14:13:02,Фильтр воздушный P821575 / 12.1.27.0169 / KSD1100 SuperSnow Donaldson,13,3356,Donaldson,P821575,Хабаровск
2026-01-06 14:13:02,Фильтр воздушный PA1704 !,9,530,Baldwin,PA1704,Хабаровск
2026-01-06 14:13:02,Фильтр воздушный PA1893,33,2841,Baldwin,PA1893,Хабаровск
2026-01-06 14:13:02,Фильтр воздушный PA1911,3,1005,Baldwin,PA1911,Хабаровск
2026-01-06 14:13:02,Фильтр воздушный PA2664 / 600-182-3510 / 600-181-2500 BW !,30,3093,Baldwin,PA2664,Хабаровск
2026-01-06 14:13:02,Фильтр воздушный PA2665 / 600-181-2450 / 600-182-3530 !,4,1582,Baldwin,PA2665,Хабаровск
2026-01-06 14:13:02,Фильтр воздушный PA2788,5,3326,Baldwin,PA2788,Хабаровск
2026-01-06 14:13:02,Фильтр воздушный PA2805 / C085004 Donaldson,2,3307,Donaldson,PA2805,Хабаровск
2026-01-06 14:13:02,Фильтр воздушный PA2977-FN !,1,2039,Baldwin,PA2977-FN,Хабаровск
2026-01-06 14:13:02,Фильтр воздушный PA3939 / 4I1278 !,3,2367,Baldwin,PA3939,Хабаровск
2026-01-06 14:13:02,Фильтр воздушный PA4372 !,5,787,Baldwin,PA4372,Хабаровск
2026-01-06 14:13:02,Фильтр воздушный PA4912 / A0008301218 !,5,2981,Baldwin,PA4912,Хабаровск
2026-01-06 14:13:02,Фильтр воздушный PA5327 PC12/10 !,19,1215,Baldwin,PA5327,Хабаровск
2026-01-06 14:13:02,Фильтр воздушный PA5336 / 504024890 / 2995964 (салон) !,9,1245,Baldwin,PA5336,Хабаровск
2026-01-06 14:13:02,Фильтр воздушный PA5364 / 2996155 BW,4,5578,Baldwin,PA5364,Хабаровск
2026-01-06 14:13:02,Фильтр воздушный PA5365 / 41214149 / 2996157 внутр IVECO BW !,19,5425,Baldwin,PA5365,Хабаровск
2026-01-06 14:13:02,Фильтр воздушный PA5512 !,14,1550,Baldwin,PA5512,Хабаровск
2026-01-06 14:13:02,Фильтр воздушный PA5515 BALDWIN,17,3956,Baldwin,PA5515,Хабаровск
2026-01-06 14:13:02,Фильтр воздушный RA6112/ A0040943504 Mercedes/Filter AG !,2,4043,Filter AG,RA6112,Хабаровск
2026-01-06 14:13:02,Фильтр воздушный RS30065 KIT Bw,5,14353,Baldwin,RS30065KIT,Хабаровск
2026-01-06 14:13:02,Фильтр воздушный RS3509 / 6I0274 !,24,1639,Baldwin,RS3509,Хабаровск
2026-01-06 14:13:02,Фильтр воздушный RS3511 !,10,2240,Baldwin,RS3511,Хабаровск
2026-01-06 14:13:02,Фильтр воздушный RS3512 ! BW,41,4505,Baldwin,RS3512,Хабаровск
2026-01-06 14:13:02,Фильтр воздушный RS3513 !,34,2716,Baldwin,RS3513,Хабаровск
2026-01-06 14:13:02,Фильтр воздушный RS3513 !,1,2372,Baldwin,RS3513,Хабаровск
2026-01-06 14:13:02,Фильтр воздушный RS3545 / 77007056 !,8,891,Baldwin,RS3545,Хабаровск
2026-01-06 14:13:02,Фильтр воздушный RS3701 !,9,2421,Baldwin,RS3701,Хабаровск
2026-01-06 14:13:02,Фильтр воздушный RS3736,9,2230,Baldwin,RS3736,Хабаровск
2026-01-06 14:13:02,Фильтр воздушный RS3737 BW,8,3059,Baldwin,RS3737,Хабаровск
2026-01-06 14:13:02,Фильтр воздушный RS3745 / 7414300 !,4,1893,Baldwin,RS3745,Хабаровск
2026-01-06 14:13:02,Фильтр воздушный RS3745 / F434395 !,24,1052,Baldwin,RS3745,Хабаровск
2026-01-06 14:13:02,Фильтр воздушный RS3870 !,12,8590,Baldwin,RS3870,Хабаровск
2026-01-06 14:13:02,Фильтр воздушный RS3871 / 7370956 Bw !,8,2272,Baldwin,RS3871,Хабаровск
2026-01-06 14:13:02,Фильтр воздушный RS3885 / АТ203470 / F052646 / 7412733 !,3,1249,Baldwin,RS3885,Хабаровск
2026-01-06 14:13:02,Фильтр воздушный RS3921 !,2,1169,Baldwin,RS3921,Хабаровск
2026-01-06 14:13:02,Фильтр воздушный RS3954 !,24,3021,Baldwin,RS3954,Хабаровск
2026-01-06 14:13:02,Фильтр воздушный RS3996 / 2456375 / 0060161 Baldwin !,57,4587,Baldwin,RS3996,Хабаровск
2026-01-06 14:13:02,Фильтр воздушный RS3997 / 2456376 / 0060251 Baldwin,13,2268,Baldwin,RS3997,Хабаровск
2026-01-06 14:13:02,Фильтр воздушный RS4992 Bw,1,4060,Baldwin,RS4992,Хабаровск
2026-01-06 14:13:02,Фильтр воздушный RS5329 Bw,1,2391,Baldwin,RS5329,Хабаровск
2026-01-06 14:13:02,Фильтр воздушный RS5362 / A0040942404 Baldwin !,5,11516,Baldwin,RS5362,Хабаровск
2026-01-06 14:13:02,Фильтр воздушный SA986G / 1378086G00,1,304,JMC,SA986G,Хабаровск
2026-01-06 14:13:02,Фильтр воздушный SAKURA AS1168,1,1604,JMC,AS1168,Хабаровск
2026-01-06 14:13:02,Фильтр воздушный SURE FILTER SFA3160S,1,756,JMC,3EB0225550,Хабаровск
2026-01-06 14:13:02,Фильтр воздушный TOP A1008,1,229,JMC,A1008,Хабаровск
2026-01-06 14:13:02,Фильтр воздушный TOP A1011,2,306,JMC,A1011,Хабаровск
2026-01-06 14:13:02,Фильтр воздушный TOP A197,2,191,JMC,A197,Хабаровск
2026-01-06 14:13:02,Фильтр воздушный TOPFILS AI0004,1,929,JMC,AI0004,Хабаровск
2026-01-06 14:13:02,Фильтр воздушный VIC A1031,2,1004,JMC,A1031,Хабаровск
2026-01-06 14:13:02,Фильтр воздушный WG9X25190061 + WG9X25190062 / PU2752 Sitrak C7H (произв. Sinotruk) ORIG,12,3208,Howo,WG9X25190061 + WG9X25190062,Хабаровск
2026-01-06 14:13:02,Фильтр воздушный А1039/А3007,3,1036,JMC,А1039,Хабаровск
2026-01-06 14:13:02,Фильтр воздушный А-5522,1,668,JMC,A5522,Хабаровск
2026-01-06 14:13:02,Фильтр воздушный А5613-S,2,8869,JMC,А5613-S,Хабаровск
2026-01-06 14:13:02,Фильтр воздушный А8577,3,1182,JMC,А8577-S,Хабаровск
2026-01-06 14:13:02,Фильтр воздушный в сборе с корпусом DK-3052 / DZ9112190328-1 / K3052 SHACMAN WP12 Дизель,67,6269,Дизель,DK-3052,Хабаровск
2026-01-06 14:13:02,Фильтр воздушный в сборе с корпусом DK-3250 / DZ9118190230-X WP10 Дизель,70,5244,Дизель,DK-3250,Хабаровск
2026-01-06 14:13:02,Фильтр воздушный внешний 17801-3380SKV / A-1325 HINO 500 (22.5) E-4 SKV,46,1400,SKV,17801-3380,Хабаровск
2026-01-06 14:13:02,Фильтр воздушный внешний 710W08405-0032 SKV,114,902,SKV,710W08405-0032SKV,Хабаровск
2026-01-06 14:13:02,Фильтр воздушный внешний DA-1325 / 17801-3380 HINO 500 22.5 E-4 Дизель,227,931,Дизель,DA-1325,Хабаровск
2026-01-06 14:13:02,Фильтр воздушный внутр 710W08405-0017 Howo/Sitrak ORIG,596,1190,Howo,710W08405-0017,Хабаровск
2026-01-06 14:13:02,Фильтр воздушный внутр 710W08405-0017 Howo/Sitrak SKV,139,541,SKV,710W08405-0017,Хабаровск
2026-01-06 14:13:02,Фильтр воздушный внутр AF880SKV / 4305m-01 CATERPILLAR/CUMMINS/KOMATSU/БЕЛАЗ SKV,7,1162,SKV,AF880,Хабаровск
2026-01-06 14:13:02,Фильтр воздушный внутренний (огнеупорный) 2414659SKV Scania,35,1057,SKV,2414659SKV,Хабаровск
2026-01-06 14:13:02,Фильтр воздушный внутренний 1109-03726IN YUTONG bus SKV,66,851,SKV,1109-03726IN,Хабаровск
2026-01-06 14:13:02,Фильтр воздушный внутренний 17801-E0140SKV HINO 700 E-5 SKV,72,941,SKV,17801-E0140,Хабаровск
2026-01-06 14:13:02,Фильтр воздушный внутренний 87682999 / 1106331 NEW HOLLAND,3,1650,JMC,87682999,Хабаровск
2026-01-06 14:13:02,"Фильтр воздушный внутренний A6026SKV / A6023 / 1-14215-220-0 ISUZU C,E-series SKV",145,1165,SKV,A6026,Хабаровск
2026-01-06 14:13:02,Фильтр воздушный внутренний CF1640 / A819 Man !,2,1507,Noname,CF1640,Хабаровск
2026-01-06 14:13:02,Фильтр воздушный внутренний P134354 / PA3689 / 600-181-1680 Donaldson,3,4073,Donaldson,P134354,Хабаровск
2026-01-06 14:13:02,Фильтр воздушный внутренний SL5897,6,929,JMC,SL5897,Хабаровск
2026-01-06 14:13:02,Фильтр воздушный наруж AF899MSKV / 4305M CATERPILLAR/CUMMINS/KOMATSU/БЕЛАЗ SKV,16,3735,SKV,AF899M,Хабаровск
2026-01-06 14:13:02,Фильтр воздушный наруж WG9525195201/1 710W08405-0032 Howo/Sitrak ORIG,846,3709,Howo,710W08405-0032,Хабаровск
2026-01-06 14:13:02,Фильтр воздушный наружный 1109-03726OUT YUTONG bus SKV,56,2827,SKV,1109-03726,Хабаровск
2026-01-06 14:13:02,"Фильтр воздушный наружный A6018SKV / A281 / 1-87610-166-0 / 1-87617-007-0/1 ISUZU C,E-series SKV",79,2283,SKV,A6018,Хабаровск
2026-01-06 14:13:02,"Фильтр воздушный наружный DA-6018 / A281 / 1-87610-166-0 / 1-87617-007-0/1 ISUZU C, E-series Дизель",46,2301,Дизель,DA-6018,Хабаровск
2026-01-06 14:13:02,Фильтр воздушный наружный PA2478/600-181-4400 !,10,3489,Baldwin,PA2478,Хабаровск
2026-01-06 14:13:02,Фильтр гидравлический 1G8878 / BT8851-MPG YNY,22,1397,YNY,1G8878,Хабаровск
2026-01-06 14:13:02,Фильтр гидравлический 1R0722 / PT83 YNY,13,921,YNY,1R0722,Хабаровск
2026-01-06 14:13:02,Фильтр гидравлический 3222309848 / HY10333 Atlas Copco Epiroc BALDWIN,8,14755,Baldwin,3222309848,Хабаровск
2026-01-06 14:13:02,Фильтр гидравлический BT8497-MPG Bw,9,2829,Baldwin,BT8497-MPG,Хабаровск
2026-01-06 14:13:02,Фильтр гидравлический BT8840-MPG / 0019541 / 11004917 Baldwin !,5,3063,Baldwin,BT8840-MPG,Хабаровск
2026-01-06 14:13:02,Фильтр гидравлический BT8851-MPG / 1G8878 !,47,4993,Baldwin,BT8851-MPG,Хабаровск
2026-01-06 14:13:02,Фильтр гидравлический BT8876-MPG / 04698884 BW,8,6663,Baldwin,BT8876-MPG,Хабаровск
2026-01-06 14:13:02,Фильтр гидравлический BT8878-MPG !,10,6393,Baldwin,BT8878-MPG,Хабаровск
2026-01-06 14:13:02,Фильтр гидравлический H-5504 SKV !,63,562,SKV,H-5504,Хабаровск
2026-01-06 14:13:02,Фильтр гидравлический H-5510 SKV !,52,673,SKV,H-5510,Хабаровск
2026-01-06 14:13:02,Фильтр гидравлический H-5639,19,1510,JMC,H-5639,Хабаровск
2026-01-06 14:13:02,Фильтр гидравлический H9074 BW !,5,3097,Baldwin,H9074,Хабаровск
2026-01-06 14:13:02,Фильтр гидравлический HD1044 /706-301-1054/PT516 MANN-FILTER,1,734,Mann-Filter,HD1044,Хабаровск
2026-01-06 14:13:02,Фильтр гидравлический HY9790,10,1547,JMC,HY9790,Хабаровск
2026-01-06 14:13:02,Фильтр гидравлический MB-P936 / 07063-01100 / PT539 / P557380 Mn дефект,1,357,Monbow Filter,MB-P936,Хабаровск
2026-01-06 14:13:02,Фильтр гидравлический MB-P938 / P551142,1,653,Monbow Filter,MB-P938,Хабаровск
2026-01-06 14:13:02,Фильтр гидравлический MB-PX654 / HF28894 Mn,5,1081,Monbow Filter,MB-PX654,Хабаровск
2026-01-06 14:13:02,Фильтр гидравлический N9086 / AT112393 Caterpillar Ев,1,6198,JMC,N9086,Хабаровск
2026-01-06 14:13:02,Фильтр гидравлический P164200 / PT189 DONALDSON,4,5282,Donaldson,P164200,Хабаровск
2026-01-06 14:13:02,Фильтр гидравлический P557380 / PT539 Donaldson,39,3234,Donaldson,P557380,Хабаровск
2026-01-06 14:13:02,Фильтр гидравлический P7145 !,30,1675,Baldwin,P7145,Хабаровск
2026-01-06 14:13:02,Фильтр гидравлический P7188 / 0059057 / 0072974 / 69042849 Baldwin !,80,1255,Baldwin,P7188,Хабаровск
2026-01-06 14:13:02,Фильтр гидравлический PT189-MPG !,27,1464,Baldwin,PT189-MPG,Хабаровск
2026-01-06 14:13:02,Фильтр гидравлический PT23528-MPG Baldwin,26,2095,Baldwin,PT23528-MPG,Хабаровск
2026-01-06 14:13:02,Фильтр гидравлический PT397 !,19,2343,Baldwin,PT397,Хабаровск
2026-01-06 14:13:02,Фильтр гидравлический PT483 / 2474-9404A !,33,3370,Baldwin,PT483,Хабаровск
2026-01-06 14:13:02,Фильтр гидравлический PT670 BW,9,1697,Baldwin,PT670,Хабаровск
2026-01-06 14:13:02,Фильтр гидравлический PT83 !,50,1727,Baldwin,PT83,Хабаровск
2026-01-06 14:13:02,Фильтр гидравлический PT8392 / 4294135 !,20,1041,Baldwin,PT8392,Хабаровск
2026-01-06 14:13:02,Фильтр гидравлический PT8403-MPG / 132-8875 !,2,1534,Baldwin,PT8403-MPG,Хабаровск
2026-01-06 14:13:02,Фильтр гидравлический PT8436/126-2081 !,10,3333,Baldwin,PT8436,Хабаровск
2026-01-06 14:13:02,Фильтр гидравлический PT8455-MPG / F045827 !,29,4709,Baldwin,PT8455-MPG,Хабаровск
2026-01-06 14:13:02,Фильтр гидравлический PT8461 BALDWIN,18,994,Baldwin,PT8461,Хабаровск
2026-01-06 14:13:02,Фильтр гидравлический PT8478/4333469/7063-01-383/2086-06-1150 !,27,5934,Baldwin,PT8478,Хабаровск
2026-01-06 14:13:02,Фильтр гидравлический PT8971-MPG / 0061012 / 5044078 Baldwin !,51,10471,Baldwin,PT8971-MPG,Хабаровск
2026-01-06 14:13:02,Фильтр гидравлический PT91 / 4T0522 Baldwin !,3,990,Baldwin,PT91,Хабаровск
2026-01-06 14:13:02,Фильтр гидравлический PT9245 !,14,8349,Baldwin,PT9245,Хабаровск
2026-01-06 14:13:02,Фильтр гидравлический PT9337-MPG !,4,2886,Baldwin,PT9337-MPG,Хабаровск
2026-01-06 14:13:02,Фильтр гидравлический PT9351-MPG/207-607-1180 !,1,2855,Baldwin,PT9351-MPG,Хабаровск
2026-01-06 14:13:02,Фильтр гидравлический PT9352 !,38,4426,Baldwin,PT9352,Хабаровск
2026-01-06 14:13:02,Фильтр гидравлический PT9414-MPG / F058437 !,36,5572,Baldwin,PT9414-MPG,Хабаровск
2026-01-06 14:13:02,Фильтр гидравлический PТ8496-MPG !,1,2032,Baldwin,PT8496-MPG,Хабаровск
2026-01-06 14:13:02,Фильтр гидравлический PТ9162 !,7,1691,Baldwin,PT9162,Хабаровск
2026-01-06 14:13:02,Фильтр гидравлический WC-5712/WF-2074/WF-2077/B5134,2,505,JMC,3316053,Хабаровск
2026-01-06 14:13:02,Фильтр гидравлический ВТ8333 !,10,1888,Baldwin,BT8333,Хабаровск
2026-01-06 14:13:02,Фильтр гидравлический Н5610,5,395,JMC,Н5610,Хабаровск
2026-01-06 14:13:02,Фильтр ГУР 5802512084 HONGYAN,7,494,Hongyan,5802512084,Хабаровск
2026-01-06 14:13:02,Фильтр кабины 9020003855 / A0008301218 / AF55722 / AC9077T Mercedes/Europart !,4,2095,Europart,9020 003 855,Хабаровск
2026-01-06 14:13:02,Фильтр кабины AC9077T/AF55722 /9020003855 / A0008301218 Mercedes/Filter AG,14,804,Filter AG,AC 9077 T,Хабаровск
2026-01-06 14:13:02,Фильтр кабины PA5636/PB7001 !,9,2876,Baldwin,PA5636,Хабаровск
2026-01-06 14:13:02,Фильтр маслянный C-022E 7700033408,1,201,JMC,C-022E,Хабаровск
2026-01-06 14:13:02,Фильтр маслянный C-417 AJ04-14-302,2,180,JMC,C-417,Хабаровск
2026-01-06 14:13:02,Фильтр масляный (турбо) 1010210GD052 S5 (JAC) SKV,328,194,SKV,1010210GD052,Хабаровск
2026-01-06 14:13:02,Фильтр масляный (турбо) 1010210GD052 S5 JAC ORIG,16,510,JAC,1010210GD052,Хабаровск
2026-01-06 14:13:02,Фильтр масляный 1000424655 JAC N350 ORIG,36,3238,JAC,1000424655,Хабаровск
2026-01-06 14:13:02,"Фильтр масляный 1010208GD190 S5, T6 (бенз.) JAC ORIG",7,755,JAC,1010208GD190,Хабаровск
2026-01-06 14:13:02,Фильтр масляный 1010210GA N35 JAC ORIG,11,347,JAC,1010210GA,Хабаровск
2026-01-06 14:13:02,Фильтр масляный 1010301FA N56 E-4 (JAC) SKV,275,207,SKV,1010301FA,Хабаровск
2026-01-06 14:13:02,Фильтр масляный 1010320FD060-AM001 N35 W5038 (JAC) SKV,115,193,SKV,1010320FD060-AM001,Хабаровск
2026-01-06 14:13:02,Фильтр масляный 1010320FE010 N56 E-5 (JAC) SKV,95,226,SKV,1010320FE010,Хабаровск
2026-01-06 14:13:02,Фильтр масляный 1012010-36D DL2-E5 SKV,410,301,SKV,1012010-36D,Хабаровск
2026-01-06 14:13:02,Фильтр масляный 1012010-81DF/1012010А53DM/SMJ-60300006/LF16175 FAW SKV,337,527,SKV,1012010-81DF,Хабаровск
2026-01-06 14:13:02,Фильтр масляный 12.1.27.1234 /119660-35150 SuperSnow/Yanmar,188,1426,Supersnow,119660-35150,Хабаровск
2026-01-06 14:13:02,Фильтр масляный 1629393SKV / EO-68040 / HU12103X DAF CF85/XF105 SKV,292,328,SKV,1629393SKV,Хабаровск
2026-01-06 14:13:02,Фильтр масляный 200V05504-0122 SITRAK Howo ORIG,81,1512,Howo,200V05504-0122,Хабаровск
2026-01-06 14:13:02,Фильтр масляный 2625884SKV / 2022275 Scania SKV,301,422,SKV,2022275SKV,Хабаровск
2026-01-06 14:13:02,Фильтр масляный 26325-52003 HYUNDAI GOLD D6GA SKV,51,194,SKV,26325-52003,Хабаровск
2026-01-06 14:13:02,Фильтр масляный 3313283 / LF777 / JXB1604 YNY,18,686,YNY,3313283,Хабаровск
2026-01-06 14:13:02,Фильтр масляный 51055040096/P550451/LF3754 HOWO/MAN SKV,426,374,SKV,51055040096,Хабаровск
2026-01-06 14:13:02,Фильтр масляный 600-211-1340/YLX-O-0064 KOMATSU MEX,22,1177,MEX,600-211-1340,Хабаровск
2026-01-06 14:13:02,Фильтр масляный A0001801709 / LF3914 / EF1040 A.G.,5,543,JMC,A0001801709,Хабаровск
2026-01-06 14:13:02,Фильтр масляный B336 BW !,4,421,Baldwin,B336,Хабаровск
2026-01-06 14:13:02,Фильтр масляный B7174-MPG / 2992544 !,82,1899,Baldwin,B7174-MPG,Хабаровск
2026-01-06 14:13:02,Фильтр масляный B7179 Bw,5,1636,Baldwin,B7179,Хабаровск
2026-01-06 14:13:02,Фильтр масляный B7181 BW !,11,890,Baldwin,B7181,Хабаровск
2026-01-06 14:13:02,Фильтр масляный B7274 BW !,1,718,Baldwin,B7274,Хабаровск
2026-01-06 14:13:02,Фильтр масляный B7299 / 1R-1808 BW !,6,2420,Baldwin,B7299,Хабаровск
2026-01-06 14:13:02,Фильтр масляный B7322 / RE504836 BW !,5,1633,Baldwin,B7322,Хабаровск
2026-01-06 14:13:02,Фильтр масляный BD1403/C223/C309/C6105 BW !,9,3201,Baldwin,BD1403,Хабаровск
2026-01-06 14:13:02,Фильтр масляный BD325 BW !,89,899,Baldwin,BD325,Хабаровск
2026-01-06 14:13:02,Фильтр масляный BT216 !,55,961,Baldwin,BT216,Хабаровск
2026-01-06 14:13:02,Фильтр масляный BT9318 / 1301696 Bw !,1,2010,Baldwin,BT9318,Хабаровск
2026-01-06 14:13:02,Фильтр масляный BT9402 !,5,2103,Baldwin,BT9402,Хабаровск
2026-01-06 14:13:02,Фильтр масляный BT9553 !,4,1921,Baldwin,BT9553,Хабаровск
2026-01-06 14:13:02,Фильтр масляный C110 / 90915-10001 / 15601-33021 SKV,683,139,SKV,C110SKV,Хабаровск
2026-01-06 14:13:02,Фильтр масляный C205,27,142,JMC,C205,Хабаровск
2026-01-06 14:13:02,Фильтр масляный C223 / 15201-Z9013 / ME074235 SKV,212,836,SKV,C223,Хабаровск
2026-01-06 14:13:02,Фильтр масляный C26602 / C602 /S1560-71733/ 5-86506-949-0 AZUMI,11,1766,Azumi,C26602,Хабаровск
2026-01-06 14:13:02,"Фильтр масляный C305 / ME014838 / 26320-41402 MMC Canter/HYUNDAI CHORUS/HD250,350 SKV",772,276,SKV,C305,Хабаровск
2026-01-06 14:13:02,Фильтр масляный C307 / MD001445 / S26300-35505 SKV,839,150,SKV,C307,Хабаровск
2026-01-06 14:13:02,Фильтр масляный C313 / C-1012 / C-5816 / 26311-45001 / 26311-45010 / ME013307 SKV,378,468,SKV,C313SKV,Хабаровск
2026-01-06 14:13:02,Фильтр масляный C315 / ME088532 / ME228898 SKV,73,694,SKV,C315,Хабаровск
2026-01-06 14:13:02,Фильтр масляный C409А / SL02-23-802 / TFY0-14-302 SKV,491,431,SKV,C409A,Хабаровск
2026-01-06 14:13:02,Фильтр масляный C411 / SL50-14-V61 SKV,566,313,SKV,C411,Хабаровск
2026-01-06 14:13:02,Фильтр масляный C503 / 5-13211-018-0 / 8-94167-399-0 / ME997803 SKV,39,347,SKV,C503,Хабаровск
2026-01-06 14:13:02,"Фильтр масляный C506 / 8-94340-259-1 ELF250/350/450, MAZDA BONGO/FORD, N-Vanette SKV",394,268,SKV,C506,Хабаровск
2026-01-06 14:13:02,Фильтр масляный C510 / C1506/ 1-13240-161-2 ISUZU F-series 6BD1-Т/6BG1 SKV,521,418,SKV,C510,Хабаровск
2026-01-06 14:13:02,"Фильтр масляный C513 / 8-94463-713-1 ISUZU ELF250/350/450 4BE1/2,BC2,BD1,BG1 SKV",370,207,SKV,C513,Хабаровск
2026-01-06 14:13:02,Фильтр масляный C525 / C-1513 / 1-87610-064-0 / 8-94391-049-0 / 8-94396-375-4 SKV,1753,660,SKV,C525,Хабаровск
2026-01-06 14:13:02,Фильтр масляный C5701 / 600-211-1231 / 600-211-1291 SKV !,154,488,SKV,C5701,Хабаровск
2026-01-06 14:13:02,Фильтр масляный C5703 Sakura,1,815,JMC,C5703,Хабаровск
2026-01-06 14:13:02,Фильтр масляный C5710,1,2202,JMC,C5710,Хабаровск
2026-01-06 14:13:02,Фильтр масляный C602 /C-1303/S1560-71733 / 5-86506-949-0 SKV,442,715,SKV,C602,Хабаровск
2026-01-06 14:13:02,Фильтр масляный C606 /15607-2200 / 15607-1670 / 15209-Z5002 SKV,418,651,SKV,C606,Хабаровск
2026-01-06 14:13:02,"Фильтр масляный C607SKV / 15607-2210 / 15613-89105 HINO Dutro/Ranger/T-Dyna/S05D/C,J05/07C,N04C",320,506,SKV,C607,Хабаровск
2026-01-06 14:13:02,Фильтр масляный C805 / 8-97112-263-0 Isuzu CYZ51/52 SKV,500,217,SKV,C805,Хабаровск
2026-01-06 14:13:02,Фильтр масляный C807,1,135,JMC,C807,Хабаровск
2026-01-06 14:13:02,Фильтр масляный D-127561 / MK667378 / MK666096 / 2995655 / W940/69 MMC Canter E-5 4P10/Iveco Дизель,7,298,Дизель,D-127561,Хабаровск
2026-01-06 14:13:02,Фильтр масляный D-127604 / 26311-45001 / 26311-45010 Hyundai HD45/65/72/78/COUNTY Дизель,904,367,Дизель,D-127604,Хабаровск
2026-01-06 14:13:02,Фильтр масляный DC-1007 / C223 / 15201-Z9013 / ME074235 Дизель,3,729,Дизель,DC-1007,Хабаровск
2026-01-06 14:13:02,Фильтр масляный DC-608 / 15613-E0080 N04C/W04D Дизель,301,439,Дизель,DC-608,Хабаровск
2026-01-06 14:13:02,Фильтр масляный DGB-1251 / 1017011-29DM FAW Дизель,59,329,Дизель,DGB-1251,Хабаровск
2026-01-06 14:13:02,Фильтр масляный DHF-7980 / 5802302817 / SO15010 IVECO Дизель,6,2102,Дизель,DHF-7980,Хабаровск
2026-01-06 14:13:02,Фильтр масляный DJX-0810 / 1012010-A36DF / SMJ-603000011 / W950/31 3250 FAW J5 Дизель,225,377,Дизель,DJX-0810,Хабаровск
2026-01-06 14:13:02,Фильтр масляный DLF-16175 / 1012010-81DF / 1012010А53DM / SMJ-60300006 / LF16175 FAW Дизель,40,605,Дизель,DLF-16175,Хабаровск
2026-01-06 14:13:02,Фильтр масляный DLF-3000 / TO-0007 / YLX-O-0007 / H300W03 / 3318853 / LF3000 / P553000 Дизель,3,1121,Дизель,DLF-3000,Хабаровск
2026-01-06 14:13:02,Фильтр масляный DOE-31003 / 200V05504-0122 Sitrak C7H Дизель,164,571,Дизель,DOE-31003,Хабаровск
2026-01-06 14:13:02,Фильтр масляный EO-10050SKV/A4731800809/P956059/MX001917 MB Actros/MMC Fuso SKV,400,483,SKV,EO-10050SKV,Хабаровск
2026-01-06 14:13:02,Фильтр масляный EO-13070SKV/15601-78140 HINO 300 E-5 SKV,63,326,SKV,EO13070,Хабаровск
2026-01-06 14:13:02,Фильтр масляный EO1002,2,845,JMC,EO1002,Хабаровск
2026-01-06 14:13:02,Фильтр масляный EO2621SKV / A5411240225 / HU12140X MERCEDES SKV,402,341,SKV,EO2621SKV,Хабаровск
2026-01-06 14:13:02,Фильтр масляный EO26330SKV / HU12110X / MX901584 MERCEDES/MITSUBISHI SKV,334,408,SKV,EO26330SKV,Хабаровск
2026-01-06 14:13:02,Фильтр масляный FO-019 FORTECH,3,283,JMC,FO019,Хабаровск
2026-01-06 14:13:02,"Фильтр масляный H295 Caterpillar, New Holland 8100091SX STELLOX",2,1790,JMC,8100091SX,Хабаровск
2026-01-06 14:13:02,Фильтр масляный KIA RHINO(V3) PBB-014,1,2659,JMC,0K87A14317,Хабаровск
2026-01-06 14:13:02,Фильтр масляный LC-341 LYNXauto,3,244,JMC,LC341,Хабаровск
2026-01-06 14:13:02,Фильтр масляный LF16352/5262313F-L36059 JAC N120 ORIG,79,808,JAC,LF16352,Хабаровск
2026-01-06 14:13:02,Фильтр масляный LF3325SKV / 3310169 CUMMINS SKV,264,529,SKV,LF3325SKV,Хабаровск
2026-01-06 14:13:02,Фильтр масляный LF9001SKV/76194865 CUMMINS/KOMATSU/DOOSAN SKV,445,818,SKV,LF9001,Хабаровск
2026-01-06 14:13:02,Фильтр масляный LFP9000 D118/H349 LUBER-FINER,2,3435,JMC,LFP9000,Хабаровск
2026-01-06 14:13:02,Фильтр масляный M-O-0007/YLX-O-0007/3318853/LF3000/P553000 MEX,11,1121,MEX,M-O-0007,Хабаровск
2026-01-06 14:13:02,Фильтр масляный MB-5801649910 /JXB623 Mn,24,529,Monbow Filter,MB-JXB623,Хабаровск
2026-01-06 14:13:02,Фильтр масляный MB-JX606 / P551670 Mn,1,444,Monbow Filter,MB-JX606,Хабаровск
2026-01-06 14:13:02,Фильтр масляный MB-SX506 / WF2071 / BW5073 / WF2073 Mn !,27,341,Monbow Filter,MB-SX506,Хабаровск
2026-01-06 14:13:02,Фильтр масляный MB-SX533 / WF2076 Mn !,9,468,Monbow Filter,MB-SX533,Хабаровск
2026-01-06 14:13:02,Фильтр масляный MMF045033 MANDO,2,712,JMC,A3641800309,Хабаровск
2026-01-06 14:13:02,Фильтр масляный O121,3,236,JMC,O121,Хабаровск
2026-01-06 14:13:02,Фильтр масляный O205 вставка,3,149,JMC,O205,Хабаровск
2026-01-06 14:13:02,Фильтр масляный O258 / OE258J / O-1805 / 15274-90226 SKV,168,435,SKV,O258,Хабаровск
2026-01-06 14:13:02,Фильтр масляный O268J JS,1,609,JMC,O268J JS,Хабаровск
2026-01-06 14:13:02,Фильтр масляный O269J JS,2,800,JMC,O269J JS,Хабаровск
2026-01-06 14:13:02,Фильтр масляный O358 / ME034605 / ME034611 SKV,445,444,SKV,O358,Хабаровск
2026-01-06 14:13:02,Фильтр масляный O406 вставка,2,237,JMC,O406,Хабаровск
2026-01-06 14:13:02,Фильтр масляный O564,2,194,JMC,O564,Хабаровск
2026-01-06 14:13:02,Фильтр масляный O567 / O1511 / O561,1,320,JMC,O567,Хабаровск
2026-01-06 14:13:02,Фильтр масляный O579 / O568 / O-1308 / O609 / 15607-2261 / 15607-1100/1-13240-233/MB-J302 SKV,216,282,SKV,O579,Хабаровск
2026-01-06 14:13:02,Фильтр масляный O581 / O-1522 / O1530 / 1-13240-207-0 /1-13240-241-0 CX#/CY#/CV#/EX# E-2/3/4/5 SKV,97,514,SKV,O581,Хабаровск
2026-01-06 14:13:02,Фильтр масляный O620SKV / 15607-1580 / 15607-2160 SKV,130,530,SKV,O620SKV,Хабаровск
2026-01-06 14:13:02,Фильтр масляный O621 / OE621 /S1560-71531 / 15607-1950 / O-1310 SKV,175,658,SKV,O621,Хабаровск
2026-01-06 14:13:02,Фильтр масляный O625 / O-1321 / 15607-2150 / S1560-72281 HINO 700 E13C-T SKV !,157,865,SKV,O625,Хабаровск
2026-01-06 14:13:02,Фильтр масляный O631SKV / S1560-72370 HINO / HINO700 E13C-Т SKV,552,379,SKV,O631SKV,Хабаровск
2026-01-06 14:13:02,Фильтр масляный O632 / S1560-72380 HINO / HINO700 E13C-Т SKV,618,618,SKV,O632,Хабаровск
2026-01-06 14:13:02,Фильтр масляный OE1004S,1,1466,JMC,OE1004S,Хабаровск
2026-01-06 14:13:02,Фильтр масляный OE22258 / OE258J AZUMI,72,1113,Azumi,OE-22258,Хабаровск
2026-01-06 14:13:02,Фильтр масляный OE22259 / OE259J AZUMI,1,663,Azumi,OE-22259,Хабаровск
2026-01-06 14:13:02,Фильтр масляный OE24575/O575/O1528/1-13240-166-0 AZUMI дефект,1,761,Azumi,OE-24575,Хабаровск
2026-01-06 14:13:02,Фильтр масляный OE26620 / OE620J AZUMI,9,608,Azumi,OE-26620,Хабаровск
2026-01-06 14:13:02,Фильтр масляный OE31065 / EO2621/LF3829/ HU12140X AZUMI !,8,605,Azumi,OE-31065,Хабаровск
2026-01-06 14:13:02,Фильтр масляный OE651/6 FILTRON,1,2735,JMC,OE6516,Хабаровск
2026-01-06 14:13:02,Фильтр масляный OG1033 Goodwill дефект,1,180,Goodwill,OG1033,Хабаровск
2026-01-06 14:13:02,Фильтр масляный P550388 / BT287-10 Donaldson,4,1412,Donaldson,P550388,Хабаровск
2026-01-06 14:13:02,Фильтр масляный P550519 / 21707133 VOLVO F/FH Donaldson,8,3366,Donaldson,P550519,Хабаровск
2026-01-06 14:13:02,Фильтр масляный P552819 / BT292 Donaldson,4,844,Donaldson,P552819,Хабаровск
2026-01-06 14:13:02,Фильтр масляный QC000001/O-362/O362/OE23010 Fuso Canter E-5 SKV,220,365,SKV,QC000001,Хабаровск
2026-01-06 14:13:02,Фильтр масляный SAKURA C5106,2,1353,JMC,C5106,Хабаровск
2026-01-06 14:13:02,Фильтр масляный SM165,1,92,JMC,SM165,Хабаровск
2026-01-06 14:13:02,Фильтр масляный SO8232/ WP1169 / 2997305 / 1903629 Filter AG !,2,851,Filter AG,SO8232,Хабаровск
2026-01-06 14:13:02,Фильтр масляный T-5120 C-212/C-6102/C-270 15208-Z9007 (MICRO) / T-5120 / 15208-Z9007 / 15,3,1781,MICRO,C212,Хабаровск
2026-01-06 14:13:02,Фильтр масляный TC1031 / C111 / 9091503002 MANN W 712/83 TOTACHI,1,172,JMC,TC1031,Хабаровск
2026-01-06 14:13:02,Фильтр масляный TOP C205 / 15209-Y7502,2,151,JMC,15209-Y7502,Хабаровск
2026-01-06 14:13:02,Фильтр масляный TOP C316 / MD136466,2,159,JMC,C316,Хабаровск
2026-01-06 14:13:02,Фильтр масляный W11102/35,2,898,JMC,W11102,Хабаровск
2026-01-06 14:13:02,Фильтр масляный YLX-O-0009 / BD7154 / P559000 / LF9080 YNY,33,845,YNY,YLX-O-0009,Хабаровск
2026-01-06 14:13:02,Фильтр масляный YLX-O-0014 / P551670 / LF670 YNY,70,534,YNY,YLX-O-0014,Хабаровск
2026-01-06 14:13:02,Фильтр масляный акпп SG 1029,1,1593,JMC,SG1029,Хабаровск
2026-01-06 14:13:02,Фильтр масляный грубой очистки HY16410V / 10331617 LIEBHERR/SF-FILTER !,2,17846,SF-Filter,HY16410V,Хабаровск
2026-01-06 14:13:02,Фильтр масляный двигателя BD7176/XA3898 ! дефект,1,1763,Baldwin,BD7176,Хабаровск
2026-01-06 14:13:02,Фильтр масляный двигателя OG1053 GOODWILL,1,2736,JMC,C313,Хабаровск
2026-01-06 14:13:02,Фильтр масляный дифференциала S4109-E0010 HINO 700 SKV,703,223,SKV,S4109-E0010,Хабаровск
2026-01-06 14:13:02,"Фильтр масляный, элемент DAF XF105/106 M9720022 / 1537110 / 194892 Marshall",2,906,JMC,M9720022,Хабаровск
2026-01-06 14:13:02,Фильтр масляный! D93 H174\\Termoking P550835,1,1155,JMC,P550835,Хабаровск
2026-01-06 14:13:02,Фильтр осушителя 12.1.18.0058/023Z0248 SuperSnow/Eliminator,3,2475,Supersnow,121180058,Хабаровск
2026-01-06 14:13:02,Фильтр осушителя 4324102227SKV,250,962,SKV,4324102227SKV,Хабаровск
2026-01-06 14:13:02,Фильтр осушителя D-127033 / WG9000360521/1+001 Sitrak C7H Дизель,40,3934,Дизель,D-127033,Хабаровск
2026-01-06 14:13:02,"Фильтр осушителя воздуха M41x1,5 DAF STELLOX",3,1849,JMC,8523005SX,Хабаровск
2026-01-06 14:13:02,Фильтр осушителя тормозной системы 2562323SKV / 2307617 / 4324109272 G1 1/4'' Scania SKV,153,1047,SKV,2562323SKV,Хабаровск
2026-01-06 14:13:02,Фильтр осушителя тормозной системы WG9000360521 HOWO SKV,31,764,SKV,WG9000360521,Хабаровск
2026-01-06 14:13:02,Фильтр осушителя тормозной системы WG9000360521+001 Sitrak C7H ORIG,282,3098,Howo,WG9000360521+001,Хабаровск
2026-01-06 14:13:02,Фильтр осушителя тормозной системы WG9000360521+001 Sitrak C7H SKV,177,730,SKV,WG9000360521+001,Хабаровск
2026-01-06 14:13:02,Фильтр охлаждающей жидкости BW5076 !,89,2168,Baldwin,BW5076,Хабаровск
2026-01-06 14:13:02,Фильтр сажевый VIC BB10,3,1424,JMC,BB-10,Хабаровск
2026-01-06 14:13:02,Фильтр салона 711W61900-0050 HOWO T5G SKV,76,260,SKV,711W61900-0050,Хабаровск
2026-01-06 14:13:02,Фильтр салона 716033 Valeo !,3,715,valeo,716033,Хабаровск
2026-01-06 14:13:02,Фильтр салона 87139-02020 Toyota,1,1190,JMC,87139-02020,Хабаровск
2026-01-06 14:13:02,Фильтр салона 8850820060 (уголь) JDACX017C,1,377,JMC,JDACX017C,Хабаровск
2026-01-06 14:13:02,Фильтр салона A0008301118SKV / CA-26220 / CU3869 MERCEDES ACTROS SKV,275,283,SKV,A0008301118SKV,Хабаровск
2026-01-06 14:13:02,Фильтр салона AC21106 / AC106E / 88508-50060,14,432,Azumi,AC21106,Хабаровск
2026-01-06 14:13:02,Фильтр салона AC9077TSKV/CU3855 Mercedes SKV,66,387,SKV,AC9077T,Хабаровск
2026-01-06 14:13:02,Фильтр салона AC9078SKV/CU37001 Scania SKV,34,419,SKV,AC9078,Хабаровск
2026-01-06 14:13:02,Фильтр салона CA11070,1,444,JMC,CA11070,Хабаровск
2026-01-06 14:13:02,Фильтр салона CU4466/9020000527/15350/500387947 Iveco,1,74,Iveco,500387947,Хабаровск
2026-01-06 14:13:02,Фильтр салона D-127564 / 711W61900-0050 HOWO T5G Дизель,14,422,Дизель,D-127564,Хабаровск
2026-01-06 14:13:02,Фильтр салона D-127575 / 500086267 IVECO DAILY 06-11 Дизель,5,179,Дизель,D-127575,Хабаровск
2026-01-06 14:13:02,Фильтр салона P-1159/M AIRFIL,2,708,Airfil,P1159/M,Хабаровск
2026-01-06 14:13:02,Фильтр салона воздушный 80000605 Corteco,2,573,JMC,80000605,Хабаровск
2026-01-06 14:13:02,Фильтр салона угольный 87139-50060 Toyota,1,715,JMC,87139-50060,Хабаровск
2026-01-06 14:13:02,Фильтр салонный (комплект из 2-х шт) O2CLEAN AC1502RSET JS Asakashi,1,573,JMC,AC1502RSET,Хабаровск
2026-01-06 14:13:02,Фильтр салонный 711W61900-0051 / YZ160082120110 HOWO T5G/ SITRAK C7H ORIG,333,376,Howo,711W61900-0051,Хабаровск
2026-01-06 14:13:02,Фильтр салонный 711W61900-0051 HOWO T5G/ SITRAK C7H SKV,19,290,SKV,711W61900-0051,Хабаровск
2026-01-06 14:13:02,Фильтр салонный BRONCO BRC-0515,1,427,JMC,BRC-0515,Хабаровск
2026-01-06 14:13:02,Фильтр сапуна A5410100163 / C716X Mercedes ориг !,13,4268,Mercedes,A 541 010 01 63,Хабаровск
2026-01-06 14:13:02,Фильтр сапуна гидравлический P766645 / L1080781 Kenwort C509/K200/T409/T609/659/909 Donaldson,3,4259,Donaldson,P766645,Хабаровск
2026-01-06 14:13:02,Фильтр сепаратор для компрессора P783515 / 1615603800 / 2911001900 Atlas Copco Donaldson,8,35136,Donaldson,P783515,Хабаровск
2026-01-06 14:13:02,Фильтр сепаратора 20879806SKV/P551838 VOLVO/RENAULT/NISSAN UD SKV,80,532,SKV,20879806SKV,Хабаровск
2026-01-06 14:13:02,Фильтр сепаратора SF7901SKV/00530 SKV,809,207,SKV,SF7901,Хабаровск
2026-01-06 14:13:02,Фильтр сепаратора YYH-F-037 500FG (2010PM) YNY,336,241,YNY,500FG,Хабаровск
2026-01-06 14:13:02,Фильтр сепаратора YYH-F-038 500FG (2010PM),64,247,YNY,YLX-F-7036,Хабаровск
2026-01-06 14:13:02,Фильтр сепаратора YYH-F-040 900FG (2040PM) 811999500,461,310,YNY,YLX-F-7038,Хабаровск
2026-01-06 14:13:02,Фильтр сепаратора YYH-F-041/YLX-F-7038 900FG (2040PM),155,289,YNY,900FG,Хабаровск
2026-01-06 14:13:02,Фильтр сепаратора YYH-F-044 1000FG (2020PM),80,380,YNY,YLX-F-7041,Хабаровск
2026-01-06 14:13:02,Фильтр системы охлаждения BW5073 !,11,1676,Baldwin,BW5073,Хабаровск
2026-01-06 14:13:02,Фильтр системы охлаждения DWF-2071 / 1307020-29D / WF2071 FAW Дизель,6,418,Дизель,DWF-2071,Хабаровск
2026-01-06 14:13:02,Фильтр системы охлаждения DWF-2073 / 1307020B29D / WF2073 FAW J5 3250 Дизель,1,542,Дизель,DWF-2073,Хабаровск
2026-01-06 14:13:02,Фильтр системы охлаждения WC-5711SKV / WF2073 CATERPILLAR/CUMMINS/DAEWOO/VOLVO SKV,334,282,SKV,WC-5711SKV,Хабаровск
2026-01-06 14:13:02,Фильтр ТКР C77/7 MANN !,7,1824,Mann-Filter,C 77/7,Хабаровск
2026-01-06 14:13:02,Фильтр тонкой очистки топлива 10044303 / 10429946 / WK1150/2 / BF1224 LIEBHERR,6,2612,JMC,10044303,Хабаровск
2026-01-06 14:13:02,Фильтр топливный (к-т) MX003264SKV/FE0054SET/PU 11 005-3 z MMC Fuso/MB Actros II/Antos/Arocs SK,199,2550,SKV,MX003264,Хабаровск
2026-01-06 14:13:02,Фильтр топливный (сепаратор) FS1003 / P551103 / FS19596 SHACMAN X3000/Cummins SKV,413,572,SKV,FS1003,Хабаровск
2026-01-06 14:13:02,Фильтр топливный (сепаратора) WG9925550966 / FS20190 HOWO T5G/Sitrak MC11 SKV,298,810,SKV,WG9925550966,Хабаровск
2026-01-06 14:13:02,Фильтр топливный (сепаратора) WG9925550966/FS20190 HOWO T5G/Sitrak MC11 ORIG,687,4329,Howo,WG9925550966,Хабаровск
2026-01-06 14:13:02,Фильтр топливный 1-87810-976-0 / 8-98174-903-0 / 1-13240-244-0 CX#/CY#/CV#/EX# ORIG,13,1668,Isuzu,8-98174-903-0,Хабаровск
2026-01-06 14:13:02,Фильтр топливный 10000-00339/1R1803/SK3140 Cat,6,1070,JMC,SK3140,Хабаровск
2026-01-06 14:13:02,Фильтр топливный 12.1.27.0897 / 4326658 / 26561117 KSD1100 SuperSnow/Perkins,3,2016,JMC,12.1.27.0897,Хабаровск
2026-01-06 14:13:02,Фильтр топливный 1616361SKV / EF-68040 / PU966/1x DAF CF75/CF85/XF95 SKV,249,407,SKV,1616361SKV,Хабаровск
2026-01-06 14:13:02,Фильтр топливный 1873018SKV / EFF1059 Scania SKV,323,327,SKV,1873018SKV,Хабаровск
2026-01-06 14:13:02,Фильтр топливный 1R0755 MEX,8,1351,MEX,1R0755,Хабаровск
2026-01-06 14:13:02,Фильтр топливный 201V12503-0062 Sitrak C7H SKV,288,442,SKV,201V12503-0062,Хабаровск
2026-01-06 14:13:02,Фильтр топливный 201V12503-0062/51.12503-0061 Sitrak C7H (произв. MANN FILTER) ORIG,921,1103,Howo,201V12503-0062,Хабаровск
2026-01-06 14:13:02,Фильтр топливный 23300-50150,3,3291,JMC,23300-50150,Хабаровск
2026-01-06 14:13:02,Фильтр топливный 23304-78260 Hino 300 E-5 SKV,230,259,SKV,23304-78260,Хабаровск
2026-01-06 14:13:02,Фильтр топливный 23304-EV023/22/21 HINO 300 XZU7## N04C 13~ E-4 SKV,874,462,SKV,23304-EV023,Хабаровск
2026-01-06 14:13:02,Фильтр топливный 31922-2B900 / 30-0H-H03 Ashika,3,546,JMC,31922-2B900,Хабаровск
2026-01-06 14:13:02,Фильтр топливный 3261643 / BF1397-SP / FS20007 MEX,5,880,MEX,3261643,Хабаровск
2026-01-06 14:13:02,Фильтр топливный 490698 / A0000900751 Mercedes/DieselTechnic !,1,276,Diesel Technic,4.90698,Хабаровск
2026-01-06 14:13:02,Фильтр топливный 50 013 020 MANN,11,161,JMC,50013020,Хабаровск
2026-01-06 14:13:02,Фильтр топливный 50 013 021 Man,1,139,Noname,50013021,Хабаровск
2026-01-06 14:13:02,Фильтр топливный 600-319-4540 KOMATSU MEX,18,1215,MEX,600-319-4540,Хабаровск
2026-01-06 14:13:02,Фильтр топливный 612600081334 YNYФильтр топливный 612600081334/YLX-F-0383-02/CX0815E YNY,20,401,YNY,612600081334,Хабаровск
2026-01-06 14:13:02,Фильтр топливный 614080739 Howo,2,227,Howo,614080739,Хабаровск
2026-01-06 14:13:02,Фильтр топливный 8-98139-830-0 ORIG,301,4998,Isuzu,8-98139-830-0,Хабаровск
2026-01-06 14:13:02,Фильтр топливный 8-98201-506-0/8-98111-481-0 N-series 4HV1 (CNG) ГАЗ ORIG,2,5646,Isuzu,8-98201-506-0,Хабаровск
2026-01-06 14:13:02,Фильтр топливный BF1217 / WK950/6 !,49,835,Baldwin,BF1217,Хабаровск
2026-01-06 14:13:02,Фильтр топливный BF1248 / 600-311-8283 Bw !,17,424,Baldwin,BF1248,Хабаровск
2026-01-06 14:13:02,Фильтр топливный BF1249 BW !,23,1771,Baldwin,BF1249,Хабаровск
2026-01-06 14:13:02,Фильтр топливный BF1262/600-319-3111 BW !,198,2285,Baldwin,BF1262,Хабаровск
2026-01-06 14:13:02,Фильтр топливный BF1280 / F413331 !,2,1000,Baldwin,BF1280,Хабаровск
2026-01-06 14:13:02,Фильтр топливный BF1283 / 133-5673 BW !,1,1219,Baldwin,BF1283,Хабаровск
2026-01-06 14:13:02,Фильтр топливный BF1363 !,10,2564,Baldwin,BF1363,Хабаровск
2026-01-06 14:13:02,Фильтр топливный BF1391-O / A0004770103 / A0004771302 / 0063422 Baldwin !,166,2706,Baldwin,BF1391-O,Хабаровск
2026-01-06 14:13:02,Фильтр топливный BF1399-SP / BF1284-SP / 1R0770 / 326-1644 ! BW,22,2711,Baldwin,BF1399-SP,Хабаровск
2026-01-06 14:13:02,Фильтр топливный BF7631 BW !,9,2007,Baldwin,BF7631,Хабаровск
2026-01-06 14:13:02,Фильтр топливный BF7677-D BW !,31,2029,Baldwin,BF7677-D,Хабаровск
2026-01-06 14:13:02,Фильтр топливный BF7681-D BW !,30,1735,Baldwin,BF7681-D,Хабаровск
2026-01-06 14:13:02,Фильтр топливный BF7892 BALDWIN !,17,1042,Baldwin,BF7892,Хабаровск
2026-01-06 14:13:02,Фильтр топливный BF7912 / 10424071 / 2000/10 BALDWIN !,31,1184,Baldwin,BF7912,Хабаровск
2026-01-06 14:13:02,Фильтр топливный BF7913 BALDWIN !,19,2109,Baldwin,BF7913,Хабаровск
2026-01-06 14:13:02,Фильтр топливный BF7927/2994048 BALDWIN !,2,1530,Baldwin,BF7927,Хабаровск
2026-01-06 14:13:02,Фильтр топливный BF9811-SP / BF1351-SP / 1R0769 !,24,1182,Baldwin,BF1351-SP,Хабаровск
2026-01-06 14:13:02,Фильтр топливный BF9837-D BALDWIN !,11,1742,Baldwin,BF9837-D,Хабаровск
2026-01-06 14:13:02,Фильтр топливный D-127570 / VG14080740A / UC-220 HOWO Дизель,7,318,Дизель,D-127570,Хабаровск
2026-01-06 14:13:02,Фильтр топливный D-127608 / 31945-52161 / 31945-45900 Hyundai HD120 HD500 Дизель,141,554,Дизель,D-127608,Хабаровск
2026-01-06 14:13:02,Фильтр топливный DD15 к-т L5091F LUBERFINER,2,11172,JMC,L5091F,Хабаровск
2026-01-06 14:13:02,Фильтр топливный DEF-15130 / 8-98092-481-1 / 1-87610-094-0 FVR34/CYZ52 Дизель,12,378,Дизель,DEF-15130,Хабаровск
2026-01-06 14:13:02,Фильтр топливный DEF-26070 / 201V12503-0062 / 51.12503-0061 Sitrak C7H Дизель,54,419,Дизель,DEF-26070,Хабаровск
2026-01-06 14:13:02,Фильтр топливный DFC-13190 / 23304-EV023 N04C Дизель,58,658,Дизель,DFC-13190,Хабаровск
2026-01-06 14:13:02,Фильтр топливный DFS-4001 / 5262311 JAC N120/Камаз Cummins ISF3.8 Е-5 Дизель,17,749,Дизель,DFS-4001,Хабаровск
2026-01-06 14:13:02,Фильтр топливный DSFC-5304-10 / 31945-52161 / 31945-45900 / A0004771602 / 504272431 Дизель,895,520,Дизель,DSFC-5304-10,Хабаровск
2026-01-06 14:13:02,Фильтр топливный EF-18040SKV/52214-78337/FE22005 NISSAN UD GH5-T/ GH7-T SKV,331,275,SKV,EF-18040,Хабаровск
2026-01-06 14:13:02,Фильтр топливный EF1056SKV/PU1059X MAN TGA/TGL/TGM/TGS/TGX SKV,104,380,SKV,PU1059X,Хабаровск
2026-01-06 14:13:02,"Фильтр топливный EF13070 / 23304-78090 HINO300/DYNA WU/,XZU710,720,730 N04CT SKV",211,255,SKV,EF13070,Хабаровск
2026-01-06 14:13:02,"Фильтр топливный EF15010 / 8-98147-525-0 4JJ1T F,N-series SKV",202,272,SKV,EF15010SKV,Хабаровск
2026-01-06 14:13:02,Фильтр топливный EF15130 / 8-98092-481-1 / 1-87610-094-0 FVR34/FSR90/CYZ52 SKV,1,414,SKV,EF15130,Хабаровск
2026-01-06 14:13:02,Фильтр топливный EF1801/F336,4,893,JMC,EF1801,Хабаровск
2026-01-06 14:13:02,"Фильтр топливный F1306 / ME300647 / 23355-78020 HINO-300/DYNA BU3##, WU30#, 34#, XZU3# N04CT E-3 SKV",312,266,SKV,F1306SKV,Хабаровск
2026-01-06 14:13:02,Фильтр топливный F1801/ F206,2,58,JMC,16444-90127,Хабаровск
2026-01-06 14:13:02,Фильтр топливный F1802(-1)/F207 Sakura,2,204,Sakura,F1802,Хабаровск
2026-01-06 14:13:02,Фильтр топливный F195 / EF1112 / 23390-78221 / 23390-78220 SKV,252,222,SKV,F195,Хабаровск
2026-01-06 14:13:02,Фильтр топливный F195 / EF1112 / 23390-78221 / 23390-78220 SKV дефект,1,198,SKV,F195,Хабаровск
2026-01-06 14:13:02,Фильтр топливный F315,3,68,JMC,F315,Хабаровск
2026-01-06 14:13:02,Фильтр топливный F333 EF1001SKV/ME165323 6M70T/8M21/8DC11 MMC FUSO SKV,151,333,SKV,ME165323SKV,Хабаровск
2026-01-06 14:13:02,Фильтр топливный F513 / EF-1509/8-98037-011-0 4JJ1/4HK1/6HK1 NQR90/NLR85/FSR90/NPR75/FVR34 E-4/5 SKV,2056,246,SKV,F513,Хабаровск
2026-01-06 14:13:02,Фильтр топливный F606 / F-1304 / S2340-11090 / 23401-1390 SKV,725,287,SKV,F606SKV,Хабаровск
2026-01-06 14:13:02,Фильтр топливный FC-01 23300-21010,3,637,JMC,23300-21010,Хабаровск
2026-01-06 14:13:02,Фильтр топливный FC-02 23300-23030,3,590,JMC,23300-23030,Хабаровск
2026-01-06 14:13:02,Фильтр топливный FC-148 / FC-62 42072-AA011,3,334,JMC,42072-AA011,Хабаровск
2026-01-06 14:13:02,Фильтр топливный FC-20 16400-4M405,3,863,JMC,16400-4M405,Хабаровск
2026-01-06 14:13:02,Фильтр топливный FC-21 16400-2Y505,3,641,JMC,16400-2Y505,Хабаровск
2026-01-06 14:13:02,Фильтр топливный FC-82 16010-S5A-932/0,3,1553,JMC,16010-S5A-932/0,Хабаровск
2026-01-06 14:13:02,Фильтр топливный FC-83 16010-SAA-000,3,1699,JMC,16010-SAA-000,Хабаровск
2026-01-06 14:13:02,Фильтр топливный FC158 / 23303-64010 / 23390-30150 / R2N5-13-ZA5 SKV,513,379,SKV,FC158,Хабаровск
2026-01-06 14:13:02,"Фильтр топливный FC174 /TF01-13-ZA5 /23401-1520/23304-78020 HINO Dutro/Ranger, Toyoace/Dyna, M-Titan SKV",427,233,SKV,FC174,Хабаровск
2026-01-06 14:13:02,Фильтр топливный FC208A / 16403-Z7000 / 16403-89TA1 / 16403-09W00 SKV,213,211,SKV,FC208A,Хабаровск
2026-01-06 14:13:02,Фильтр топливный FC232 / 16403-99003 / 16403-99007 SKV,178,566,SKV,FC232,Хабаровск
2026-01-06 14:13:02,Фильтр топливный FC28190SKV / 31945-45700 D4CB/D4BH Startex/Porter SKV,518,533,SKV,FC-28190SKV,Хабаровск
2026-01-06 14:13:02,Фильтр топливный FC318 / ME016823 / ME016872 SKV,59,324,SKV,FC318,Хабаровск
2026-01-06 14:13:02,Фильтр топливный FC319 / ME015254 / ME229355 SKV,596,365,SKV,FC319,Хабаровск
2026-01-06 14:13:02,Фильтр топливный FC321SKV / FC-1203 / 1456-23-570A / MB230900 / 16403-89TA3 / 8-94369-299-3 SKV,579,342,SKV,FC321SKV,Хабаровск
2026-01-06 14:13:02,Фильтр топливный FC332 / FC-1009 / ME132525 / MB-CX513 FUSO Canter 4M50/51 SKV,404,431,SKV,FC332,Хабаровск
2026-01-06 14:13:02,Фильтр топливный FC5710/BF7813/FC0040 IVECO/KOMATSU SKV,9,302,SKV,FC5710,Хабаровск
2026-01-06 14:13:02,Фильтр топливный FC607SKV / 8-94394-079-0 / 23401-1332 / S2340-11510 SKV,543,229,SKV,FC607SKV,Хабаровск
2026-01-06 14:13:02,Фильтр топливный FC609 / 23401-1372 / S23401-1650 SKV,161,399,SKV,FC609,Хабаровск
2026-01-06 14:13:02,Фильтр топливный FE0025 JS Asakashi,5,348,JS Asakashi,FE0025,Хабаровск
2026-01-06 14:13:02,Фильтр топливный FF5405 / A5410900151 / A5410920805 / EF2634 / PF7761 / PU999/1X SKV,37,480,SKV,FF5405,Хабаровск
2026-01-06 14:13:02,Фильтр топливный FG1088 GOODWILL,1,1173,JMC,FG1088,Хабаровск
2026-01-06 14:13:02,Фильтр топливный FQ F193,5,452,JMC,F193,Хабаровск
2026-01-06 14:13:02,Фильтр топливный FS1254,2,330,JMC,FS1254,Хабаровск
2026-01-06 14:13:02,Фильтр топливный FS19732 YNY,3,576,YNY,FS19732,Хабаровск
2026-01-06 14:13:02,Фильтр топливный FS20217 JAC N56/75/90/120 КАМАЗ Компас-9/12 ORIG,1,5455,JAC,FS20217,Хабаровск
2026-01-06 14:13:02,Фильтр топливный FS8001/FC220/FC223/FC236/JN309 Sakura,1,139,JMC,FS8001,Хабаровск
2026-01-06 14:13:02,Фильтр топливный FT1127/MFT1127 FC-189 115000-2410 23300-19465 (MICRO) / FT1127 / / M,1,1393,MICRO,FT1127,Хабаровск
2026-01-06 14:13:02,Фильтр топливный GEPARTS MB700401 / A4730901451,2,4952,JMC,MB700401,Хабаровск
2026-01-06 14:13:02,Фильтр топливный H6150008044 Howo,95,150,Howo,H6150008044,Хабаровск
2026-01-06 14:13:02,Фильтр топливный JS Asakashi FE3502,4,325,JMC,FE3502,Хабаровск
2026-01-06 14:13:02,Фильтр топливный KMZ 5490 6W.26.068.00 KF2068 PR,1,1548,JMC,RL6141BC26,Хабаровск
2026-01-06 14:13:02,Фильтр топливный KX 36 MANN Mahle,3,176,Mahle,KX 36,Хабаровск
2026-01-06 14:13:02,Фильтр топливный LFF1000/BF1259/FS1000 Freightliner,1,1205,JMC,FS1000,Хабаровск
2026-01-06 14:13:02,Фильтр топливный M-F-0121 / 1R0770 / 3261644 / CX-6469 / P550626 MEX,46,1118,YNY,M-F-0121,Хабаровск
2026-01-06 14:13:02,Фильтр топливный MB-CX521 / BF7587 / FF5319 / FF5264 / 1R-0749 Mn !,8,657,Monbow Filter,MB-CX521,Хабаровск
2026-01-06 14:13:02,Фильтр топливный MB-CX523 / BF7753 / FF5624 / 1R-0762 Mn !,19,671,Monbow Filter,MB-CX523,Хабаровск
2026-01-06 14:13:02,Фильтр топливный MB-CX543 / P550106 Mn !,16,198,Monbow Filter,MB-CX543,Хабаровск
2026-01-06 14:13:02,Фильтр топливный MB-CX563 / BF1397-SP / FS20007 / 3261643 Mn !,73,924,Monbow Filter,MB-CX563,Хабаровск
2026-01-06 14:13:02,Фильтр топливный ME309806 Fuso Canter TF ORIG,15,4740,Mitsubishi,ME309806,Хабаровск
2026-01-06 14:13:02,Фильтр топливный P4766/FF 42003,1,304,JMC,P4766,Хабаровск
2026-01-06 14:13:02,Фильтр топливный P550202 / BF596 Donaldson,3,1846,Donaldson,P550202,Хабаровск
2026-01-06 14:13:02,Фильтр топливный P550529 / 22480372 MAN/NISSAN/VOLVO Donaldson,22,2712,Donaldson,P550529,Хабаровск
2026-01-06 14:13:02,Фильтр топливный P550587 / BF7591-D Donaldson,12,1275,Donaldson,P550587,Хабаровск
2026-01-06 14:13:02,Фильтр топливный P551422 / BF7786-D / RE509032 Donaldson,2,2834,Donaldson,P551422,Хабаровск
2026-01-06 14:13:02,Фильтр топливный P551430 / BF7679-D Donaldson,2,2003,Donaldson,P551430,Хабаровск
2026-01-06 14:13:02,Фильтр топливный P552014 / PF598-30 / 2010PM Donaldson,33,1060,Donaldson,P552014,Хабаровск
2026-01-06 14:13:02,Фильтр топливный P559122 / BF1354-SPS / RE522687 Donaldson,6,8459,Donaldson,P559122,Хабаровск
2026-01-06 14:13:02,Фильтр топливный PF7735 / 0059055 / 61507642 / A0000901551 BALDWIN !,62,1735,Baldwin,PF7735,Хабаровск
2026-01-06 14:13:02,Фильтр топливный PF7761 / A5410920805 / A5410900151 BALDWIN !,168,912,Baldwin,PF7761,Хабаровск
2026-01-06 14:13:02,Фильтр топливный PF7830 PC8-16-10 BALDWIN !,5,1451,Baldwin,PF7830,Хабаровск
2026-01-06 14:13:02,Фильтр топливный PF7890-10 BALDWIN !,1,1221,Baldwin,PF7890-10,Хабаровск
2026-01-06 14:13:02,Фильтр топливный PF7935 / 51125030061 MAN !,54,1089,Baldwin,PF7935,Хабаровск
2026-01-06 14:13:02,Фильтр топливный PF7936 / 1873016 Baldwin !,15,926,Baldwin,PF7936,Хабаровск
2026-01-06 14:13:02,Фильтр топливный PF7939 BALDWIN !,11,545,Baldwin,PF7939,Хабаровск
2026-01-06 14:13:02,Фильтр топливный PF935 BALDWIN !,16,199,Baldwin,PF935,Хабаровск
2026-01-06 14:13:02,Фильтр топливный PU120022SKV (к-т PU12012 + PU6006) Mercedes SKV,478,2514,SKV,PU120022SKV,Хабаровск
2026-01-06 14:13:02,"Фильтр топливный R90T / S234011840 NPR/NMR/NLR, HINO500/700, NPR75/NQR90 08~ E-4 SKV",580,589,SKV,R90T,Хабаровск
2026-01-06 14:13:02,Фильтр топливный S0201N Sofima,1,153,JMC,S0201N,Хабаровск
2026-01-06 14:13:02,Фильтр топливный SF8405SKV / WK10807X L=219 MB ACTROS/MAN/IVECO/VOLVO SKV,439,620,SKV,SF8405SKV,Хабаровск
2026-01-06 14:13:02,Фильтр топливный SFC-5504-30 / 8-98081-862-0 / MB-R120P SKV,627,952,SKV,SFC-5504-30,Хабаровск
2026-01-06 14:13:02,Фильтр топливный SFC-5601-02SKV / FS1006 CUMMINS/KOMATSU SKV,411,634,SKV,SFC-5601-02SKV,Хабаровск
2026-01-06 14:13:02,Фильтр топливный SK3380 / 1R-0794 / 1R-1804 / 10000-00339 / 26560201,5,1242,JMC,SK3380,Хабаровск
2026-01-06 14:13:02,Фильтр топливный VG14080739А Howo,3,209,Howo,VG14080739А,Хабаровск
2026-01-06 14:13:02,Фильтр топливный WB-303 Man/Wunder,1,159,Noname,WB303,Хабаровск
2026-01-06 14:13:02,Фильтр топливный WK11102/5 MANN-FILTER,2,510,Mann-Filter,WK111025,Хабаровск
2026-01-06 14:13:02,Фильтр топливный в сборе c кронштейном 614080295А/VG14080739A/VG14080740A/UC-220/UC220/WD615 Howo,3,778,Howo,614080295А,Хабаровск
2026-01-06 14:13:02,Фильтр топливный вставка DEF-13070 / 23304-78090 N04CT Дизель,154,262,Дизель,DEF-13070,Хабаровск
2026-01-06 14:13:02,Фильтр топливный вставка DF-195 / 23390-78221 Дизель,338,331,Дизель,DF-195,Хабаровск
2026-01-06 14:13:02,Фильтр топливный вставка DF-513 / 8-98037-011-0 4JJ1/4HK1/6HK1 Дизель,1049,255,Дизель,DF-513,Хабаровск
2026-01-06 14:13:02,"Фильтр топливный выс.давл FS-18310/FS0073/KUTS0073 16400-ES60B/-ES60C ZD30DDT SAKURA, KUJIWA",1,2236,Sakura,FS-18310,Хабаровск
2026-01-06 14:13:02,"Фильтр топливный гр. оч. (М14 D=85 L=158 железный) VG1614080740 (F,H,S)",1,177,JMC,VG1614080740,Хабаровск
2026-01-06 14:13:02,Фильтр топливный грубой очистки 108*56 с наружной резьбой под колбу 212238,1,865,JMC,212238,Хабаровск
2026-01-06 14:13:02,Фильтр топливный грубой очистки 1105011Y4TC1-D JAC N350 ORIG,22,3069,JAC,1105011Y4TC1-D,Хабаровск
2026-01-06 14:13:02,Фильтр топливный грубой очистки 1105011Y4ТС1 N350 JAC ORIG,48,2264,JAC,1105011Y4TC1,Хабаровск
2026-01-06 14:13:02,Фильтр топливный грубой очистки 1105102LD300-AM001 N56 JAC ORIG,59,1781,JAC,1105102LD300-AM001,Хабаровск
2026-01-06 14:13:02,Фильтр топливный грубой очистки 6w2606800SKV Камаз 5490 SKV,428,599,SKV,6W2606800,Хабаровск
2026-01-06 14:13:02,Фильтр топливный грубой очистки D-126976 / 1105050C50A 3250/3310/4250 FAW Дизель,54,973,Дизель,D-126976,Хабаровск
2026-01-06 14:13:02,Фильтр топливный грубой очистки DFC-0005 / 1105013W5030 / 1105022W5030 / 1457434310 JAC N35 Дизель,24,1318,Дизель,DFC-0005,Хабаровск
2026-01-06 14:13:02,Фильтр топливный грубой очистки DFS-36218 / 612630080205 SHACMAN Дизель,3,583,Дизель,DFS-36218,Хабаровск
2026-01-06 14:13:02,"Фильтр топливный грубой очистки DFS-62360 / 500318246 прямоточный, под хомут IVECO DAILY Дизель",45,115,Дизель,DFS-62360,Хабаровск
2026-01-06 14:13:02,Фильтр топливный грубой очистки DPL-420-D / 1105011Y4TC1 / 1000424916 / PL420 JAC N350 Дизель,57,2126,Дизель,DPL-420-D,Хабаровск
2026-01-06 14:13:02,Фильтр топливный грубой очистки F613A/GB613 дизельный универсальный SKV,88,138,SKV,F613A,Хабаровск
2026-01-06 14:13:02,Фильтр топливный грубой очистки в сборе DSFC-57510-10 / WG9925550182/2 / FS36277 HOWO T5G E-5 Дизель,31,1086,Дизель,DSFC-57510-10,Хабаровск
2026-01-06 14:13:02,Фильтр топливный Н6150008043 Howo,96,150,Howo,H6150008043,Хабаровск
2026-01-06 14:13:02,Фильтр топливный низкого давления для дизельных двиг. d8mm MASUMA,22,71,JMC,OM616,Хабаровск
2026-01-06 14:13:02,Фильтр топливный сепаратор D-128448 / FS1003 / P551103 / FS19596 / SMC603000025 X3000/Cummins Дизель,3,541,Дизель,D-128448,Хабаровск
2026-01-06 14:13:02,Фильтр топливный сепаратор DFS-20190 / WG9925550966 / FS20190 HOWO T5G/Sitrak MC11 Дизель,36,906,Дизель,DFS-20190,Хабаровск
2026-01-06 14:13:02,Фильтр топливный сепаратор P551855 / 23390-E0011 / 8-98095-983-0 HINO/ISUZU/VOLVO/SCANIA Donaldson,1,3311,Donaldson,P551855,Хабаровск
2026-01-06 14:13:02,Фильтр топливный сепаратор SFC5302-10 Sakura,1,1243,Sakura,SFC530210,Хабаровск
2026-01-06 14:13:02,Фильтр топливный сепаратора (ФГОТ) 1000053557 JAC N350 WP10 E-5 ORIG,3,2823,JAC,1000053557,Хабаровск
2026-01-06 14:13:02,Фильтр топливный тонкой очистки 1000053555 JAC N350 ORIG,77,3839,JAC,1000053555,Хабаровск
2026-01-06 14:13:02,Фильтр топливный тонкой очистки 8-98203-599-0/8-97542-540-0 4JJ1/4HK1/6HK1 ORIG,159,1861,Isuzu,8-97542-540-0,Хабаровск
2026-01-06 14:13:02,Фильтр топливный тонкой очистки D-126979 / 612630081334 / 612600081334 / P550880 SHACMAN Дизель,25,361,Дизель,D-126979,Хабаровск
2026-01-06 14:13:02,Фильтр топливный тонкой очистки FF5770SKV/1117050А81DM/4297132 FAW/Cummins/Weichai SKV,418,641,SKV,FF5770SKV,Хабаровск
2026-01-06 14:13:02,"Фильтр топливный, высота 219 мм 42554067 / 2997378 Iveco Orig !",18,3747,Iveco,2997378,Хабаровск
2026-01-06 14:13:02,Фильтр трансмиссионный PT9555 BALDWIN !,18,694,Baldwin,PT9555,Хабаровск
2026-01-06 14:13:02,Фильтрующий элемент Separ 20005 30 мкр FF337730,1,561,JMC,FF337730,Хабаровск
2026-01-06 14:13:02,Фильтрующий элемент топливный DE631,1,597,JMC,DE631,Хабаровск
2026-01-06 14:13:02,Фитинг трубок пластиковый прямой D-129737 / SYE-1128 / РUС12 12мм Дизель,241,25,Дизель,D-129737,Хабаровск
2026-01-06 14:13:02,Фитинг трубок прямой пластик 10мм D-129905 / SYE-1128 (РUС10) Дизель,126,19,Дизель,D-129905,Хабаровск
2026-01-06 14:13:02,Фитинг трубок прямой пластик 4мм D-129904 / SYE-1128 (РUС04) Дизель,234,13,Дизель,D-129904,Хабаровск
2026-01-06 14:13:02,Фитинг трубок тройник 12мм Europart,2,53,Europart,12mm,Хабаровск
2026-01-06 14:13:02,Фитинг трубок тройник 6мм Europart,2,31,Europart,6mm,Хабаровск
2026-01-06 14:13:02,Фитинг трубок угловой 10мм Europart !,1,42,Europart,10mm,Хабаровск
2026-01-06 14:13:02,Фитинг трубок угловой 12мм Europart,1,53,Europart,12mm,Хабаровск
2026-01-06 14:13:02,Фланец вала XLD-Y203-5 / GUM71 FUSO XLD,11,2541,XLD,XLD-Y203-5,Хабаровск
2026-01-06 14:13:02,Фланец вала карданного D-129738 / XLD-Y203-1 / GUN41 NIS UD Дизель,3,2199,Дизель,D-129738,Хабаровск
2026-01-06 14:13:02,"Фланец КПП D=165 8отв. 1269338020 (H,S)",1,1972,Дизель,1269338020,Хабаровск
2026-01-06 14:13:02,Фланец редуктора среднего моста 1-37245-343-0 CYZ51/CYZ52 ORIG,1,19265,Isuzu,1-37245-343-0,Хабаровск
2026-01-06 14:13:02,Фланец редуктора среднего моста D-129740 / 2502066-AOE (d=180мм 4 отв.) FAW J6 Дизель,2,2008,Дизель,D-129740,Хабаровск
2026-01-06 14:13:02,Фланец хвостовика 180*4 H=90 Z=8 AZ9128320014 HOWO,2,1797,Дизель,AZ9128320014,Хабаровск
2026-01-06 14:13:02,Фланец хвостовика TUF-002 37304-05720 FU4F#FZ1F#SH/SS1F/3F# PM,5,2622,Paul Master,TUF-002,Хабаровск
2026-01-06 14:13:02,Фонарь HY H100/PORTER || 221-1943L-AE (дефект),1,371,Depo,221-1943 L-AE,Хабаровск
2026-01-06 14:13:02,Фонарь верхний спойлерный 3763060-A01 J6/4250/4180 FAW дефект,4,478,Дизель,3763060-A01,Хабаровск
2026-01-06 14:13:02,Фонарь задний L D-125589 / 8-98223-616-0 FSR90/FVR34 Дизель,14,840,Дизель,D-125589,Хабаровск
2026-01-06 14:13:02,Фонарь задний L D-126368 / 0K60A-51160D KIA Bongo K2500/K2700/K2700II/K3000 (1997-2004) Дизель,22,556,Дизель,D-126368,Хабаровск
2026-01-06 14:13:02,Фонарь задний L D-127192 / 214-1957L-A (K) FUSO CANTER FE85 LHD / MK485640 Дизель,22,872,Дизель,D-127192,Хабаровск
2026-01-06 14:13:02,Фонарь задний L D-127746 / 3773910E0XZ-0001 N75/N80 E-5 JAC Дизель,1,1346,Дизель,D-127746,Хабаровск
2026-01-06 14:13:02,Фонарь задний L D-127747 / 3773910E0XZ1-0001 24v N75/80/120 E-5 JAC Дизель,1,1346,Дизель,D-127747,Хабаровск
2026-01-06 14:13:02,Фонарь задний L D-127747 / 3773910E0XZ1-0001 24v N75/80/120 E-5 JAC Дизель дефект,1,942,Дизель,D-127747,Хабаровск
2026-01-06 14:13:02,Фонарь задний R D-126370 / 0K60A-51150C KIA K2500/K2700/K2700II/K3000/K3000II (97-2004) Дизель,31,474,Дизель,D-126370,Хабаровск
2026-01-06 14:13:02,Фонарь задний R D-126710 / 3716020-362-C00/A J6/3250 E-5 FAW Дизель,18,913,Дизель,D-126710,Хабаровск
2026-01-06 14:13:02,Фонарь задний R D-127378 / 92402-4B100 HYUNDAI Porter Дизель,5,545,Дизель,D-127378,Хабаровск
2026-01-06 14:13:02,Фонарь задний R D-127379 / 92402-4F000 Porter II Дизель,2,1061,Дизель,D-127379,Хабаровск
2026-01-06 14:13:02,Фонарь задний R D-127380 / 92402-7A100 HD72/120 с клипсами Дизель,12,1498,Дизель,D-127380,Хабаровск
2026-01-06 14:13:02,Фонарь задний RH/LH HTPHW9925810001 HOWO ORIG,14,2597,Howo,HTPHW9925810001,Хабаровск
2026-01-06 14:13:02,Фонарь задний левый 8-97213-352-0/8-98002-165-0 700P 4HK1 Diesel дефект,1,155,Isz,8-97213-352-0,Хабаровск
2026-01-06 14:13:02,Фонарь задний левый Depo truck,1,2614,JMC,Фонарь задний левый Depo truck,Хабаровск
2026-01-06 14:13:02,Фонарь задний правый 4133200Y8010 N350 JAC (NON-GENUINE) дефект,1,3040,Дизель,4133200Y8010,Хабаровск
2026-01-06 14:13:02,Фонарь задний правый 8-97213-351-0/8-98002-166-0 700P 4HK1 Diesel дефект,5,442,Diesel,8-97213-351-0,Хабаровск
2026-01-06 14:13:02,Фонарь задний правый 92402-7A100 HD72/120 без клипс дефект,3,517,Дизель,92402-7A100,Хабаровск
2026-01-06 14:13:02,Фонарь задний правый Depo truck,1,3018,JMC,440-1986-we,Хабаровск
2026-01-06 14:13:02,Фонарь на крышу кабины D-129741 / 05-7504-4-Y/213-2204 ORANGE Isuzu C series RHD 95-99 Дизель,8,573,Дизель,D-129741,Хабаровск
2026-01-06 14:13:02,Фонарь освещения номерного знака 92560-5H000 Hyundai HD72 ORIG,14,902,Hyundai-Kia,92560-5H000,Хабаровск
2026-01-06 14:13:02,"Форсунка 612600080324, KBEL132P31",1,1480,JMC,612600080324,Хабаровск
2026-01-06 14:13:02,Форсунка 8-98030-550-4 6WF1/6WG1 E-3 CYZ52/EXZ52 ORIG,58,26687,Isuzu,8-98030-550-4,Хабаровск
2026-01-06 14:13:02,Форсунка D-126647 / 8-98030-550-4 / 095000-6650 6WF1/6WG1 E-3 CYZ52/EXZ52 Дизель,6,19315,Дизель,D-126647,Хабаровск
2026-01-06 14:13:02,Форсунка D-126982 / 61560080305 KBEL132P110 (распыл 204) SHACMAN Дизель,4,1739,Дизель,D-126982,Хабаровск
2026-01-06 14:13:02,Форсунка в сборе 0432191266/A0020106851 / A0020109351 Mercedes/Bosch !,6,5958,Bosch,0 432 191 266,Хабаровск
2026-01-06 14:13:02,Форсунка масляная охлаждения поршня D-126436 / 8-98020-649-0 / 8-98173-342-0 4HK1/6НK1/6НЕ1 Дизель,5,343,Дизель,D-126436,Хабаровск
2026-01-06 14:13:02,Форсунка стеклоомывателя 98350-5H310 Hyundai HD72/78/County ORIG,16,43,Hyundai-Kia,98350-5H310,Хабаровск
2026-01-06 14:13:02,Форсунка топливная (R)9709500-555/33800-45700/DCRI105550 DENSO KOREA,24,28830,Denso,9709500-555,Хабаровск
2026-01-06 14:13:02,Форсунка топливная 0445120212 Bosch,6,21871,Bosch,044 512 02 12,Хабаровск
2026-01-06 14:13:02,Форсунка топливная 9709500-714/33800-52000/095000-7140 DENSO KOREA,4,32710,Denso,9709500-714,Хабаровск
2026-01-06 14:13:02,Форсунка топливная D-126649 / 095000-8633 / 8-98139-816-3 CYZ52 6WG1 Е-5 Дизель,4,18148,Дизель,D-126649,Хабаровск
2026-01-06 14:13:02,Форсунка топливная D-128054 / 0445120277 / 1112010-M10-0000 FAW Дизель,5,8092,Дизель,D-128054,Хабаровск
2026-01-06 14:13:02,Форсунка топливная D-128181 / 080V10100-6088/0445120578 HOWO Дизель,1,8749,Дизель,D-128181,Хабаровск
2026-01-06 14:13:02,Форсунка топливная D-128574 / 200V10100-6126 / 0445120321 Sitrak/Howo T5G Дизель,1,8749,Дизель,D-128574,Хабаровск
2026-01-06 14:13:02,Форсунка топливная D-128608 / 612630090012 / 0445120127 WP12/WP13 E3 SHACMAN Дизель,1,8749,Дизель,D-128608,Хабаровск
2026-01-06 14:13:02,Хомут (D=130) WG1500119216 Howo,2,142,Дизель,WG1500119216,Хабаровск
2026-01-06 14:13:02,Хомут гофры глушителя широкий D-129743 / LC200SS d51мм Дизель,56,515,Дизель,D-129743,Хабаровск
2026-01-06 14:13:02,Хомут гофры глушителя широкий D-129744 / LC225SS d57мм Дизель,56,518,Дизель,D-129744,Хабаровск
2026-01-06 14:13:02,Хомут гофры глушителя широкий D-129745 / LC250SS d64мм Дизель,56,532,Дизель,D-129745,Хабаровск
2026-01-06 14:13:02,Хомут гофры глушителя широкий D-129746 / LC275SS d70мм Дизель,56,540,Дизель,D-129746,Хабаровск
2026-01-06 14:13:02,Хомут гофры глушителя широкий D-129747 / LC300SS d76мм Дизель,56,546,Дизель,D-129747,Хабаровск
2026-01-06 14:13:02,Хомут гофры глушителя широкий D-129748 / LC350SS d89мм Дизель,56,556,Дизель,D-129748,Хабаровск
2026-01-06 14:13:02,Хомут гофры глушителя широкий D-129749 / LC400SS d102мм Дизель,56,569,Дизель,D-129749,Хабаровск
2026-01-06 14:13:02,Хомут гофры глушителя широкий D-129750 / LC450SS d114мм Дизель,56,614,Дизель,D-129750,Хабаровск
2026-01-06 14:13:02,Хомут гофры глушителя широкий D-129751 / LC500SS d127мм Дизель,56,617,Дизель,D-129751,Хабаровск
2026-01-06 14:13:02,Хомут на выхлопн. трубу VG1500119215 Howo,3,102,Дизель,VG1500119215,Хабаровск
2026-01-06 14:13:02,Хомут повышенной прочности для глушителя D-129752 / SBC200 d51 mm Дизель,56,527,Дизель,D-129752,Хабаровск
2026-01-06 14:13:02,Хомут повышенной прочности для глушителя D-129753 / SBC225 d57 mm Дизель,56,429,Дизель,D-129753,Хабаровск
2026-01-06 14:13:02,Хомут повышенной прочности для глушителя D-129754 / SBC250 d63 mm Дизель,56,465,Дизель,D-129754,Хабаровск
2026-01-06 14:13:02,Хомут повышенной прочности для глушителя D-129755 / SBC275 d70 mm Дизель,56,489,Дизель,D-129755,Хабаровск
2026-01-06 14:13:02,Хомут повышенной прочности для глушителя D-129756 / SBC300 d76 mm Дизель,56,518,Дизель,D-129756,Хабаровск
2026-01-06 14:13:02,Хомут повышенной прочности для глушителя D-129757 / SBC350 d89 mm Дизель,56,531,Дизель,D-129757,Хабаровск
2026-01-06 14:13:02,Хомут повышенной прочности для глушителя D-129758 / SBC400 d102 mm Дизель,56,582,Дизель,D-129758,Хабаровск
2026-01-06 14:13:02,Хомут повышенной прочности для глушителя SBC300 ф76,2,780,JMC,SBC300,Хабаровск
2026-01-06 14:13:02,Хомут турбины малый D=87 Howo,1,78,Howo,D=87,Хабаровск
2026-01-06 14:13:02,Хомут червячный D-128841 12-20мм Дизель,794,53,Дизель,D-128841,Хабаровск
2026-01-06 14:13:02,Хомут червячный D-128842 16-25мм Дизель,744,24,Дизель,D-128842,Хабаровск
2026-01-06 14:13:02,Хомут червячный D-128843 16-27мм Дизель,794,55,Дизель,D-128843,Хабаровск
2026-01-06 14:13:02,Хомут червячный D-128844 20-32мм Дизель,794,20,Дизель,D-128844,Хабаровск
2026-01-06 14:13:02,"Цепи противоскольжения / 1700mm x 370mm / тип ""сота"" / HNN240 / /",2,5958,JMC,HNN240,Хабаровск
2026-01-06 14:13:02,"Цепи противоскольжения 2 шт D-129759 / TN-225 (205/75-14, 205-14, 28x8.50x14, H70-14, H78-14ST, 195-15, 205/70-15, 205/75-15, 6.70-15, 78-15, 185/75-16, 7-17.5) Дизель",16,3800,Дизель,D-129759,Хабаровск
2026-01-06 14:13:02,"Цепи противоскольжения D-129760 / TN-230 (215/75-14, 215-14, 7.50-14, 8-14.5, 9-14.5, 215/70-15, 215/75-15, 225/70-15, 6.70-15, 185-16, 195-16, 195/75-16, 6.00-16, 6.40-16, 8.00-16.5) Дизель",13,4176,Дизель,D-129760,Хабаровск
2026-01-06 14:13:02,"Цепи противоскольжения 2 шт D-129761 / TN-245 (235/70-15, 235/75-15, 215/75-16, 215-16, 205/75-17.5) Дизель",4,4871,Дизель,D-129761,Хабаровск
2026-01-06 14:13:02,"Цепи противоскольжения D-129762 / TN-275 ( 245/70-19.5, 265/70-19.5, 265/75-22.5, 10-22.5) Дизель",11,8172,Дизель,D-129762,Хабаровск
2026-01-06 14:13:02,"Цепи противоскольжения тип ""лесенка"" HNL300/295/70-22,5;315/60-22,5;275/80-22,5;305/70-22,5",4,4356,Дизель,HNL300,Хабаровск
2026-01-06 14:13:02,"Цепи противоскольжения тип ""сота"" HNN300 (22,5)",1,6220,JMC,"Цепи противоскольжения тип ""сота"" HNN300 (22,5)",Хабаровск
2026-01-06 14:13:02,"Цепи противоскольжения тип ""сота"" TND300 (20Mn2)",1,16490,Дизель,TND300,Хабаровск
2026-01-06 14:13:02,Цепь ГРМ 1021120FD020 JAC N35 ORIG,2,2843,JAC,1021120FD020,Хабаровск
2026-01-06 14:13:02,Цепь ГРМ 5-12536-031-1 3KC1 ORIG,1,10839,Isuzu,5-12536-031-1,Хабаровск
2026-01-06 14:13:02,Цилиндр (гильза) компрессора 8-97614-056-0 F-series 6HK1 E-4 ORIG,1,8717,Isuzu,8-97614-056-0,Хабаровск
2026-01-06 14:13:02,Цилиндр сцепления главный D-129092 / 1602110-76W/B FAW J6 E-5 Дизель,2,1636,Дизель,D-129092,Хабаровск
2026-01-06 14:13:02,Цилиндр сцепления рабочий 41700-4F051 HYUNDAI PORTER II ORIG,20,1310,Hyundai-Kia,41700-4F051,Хабаровск
2026-01-06 14:13:02,Шайба амортизатора 9-51631-040-0 ORIG,7,290,Isuzu,9-51631-040-0,Хабаровск
2026-01-06 14:13:02,Шайба балансира упорная D-129766 / 1-28571-670-0 125*174 mm Isuzu Дизель,92,538,Дизель,D-129766,Хабаровск
2026-01-06 14:13:02,Шайба балансира упорная D-129767 / XLD-M206-19 HINO 100*140*23 Дизель,9,1118,Дизель,D-129767,Хабаровск
2026-01-06 14:13:02,Шайба вала балансира регулировочная D-128879 / 1-51389-033-1 CX# CY# CV# EX# Дизель,91,52,Дизель,D-128879,Хабаровск
2026-01-06 14:13:02,Шайба вала балансира регулировочная D-129768 / XLD-M206-23 100*140*5 Дизель,173,413,Дизель,D-129768,Хабаровск
2026-01-06 14:13:02,Шайба вала балансира стопорная D-125255 / 1-51382-010-4 CX#/CY#/CV#/EX# Дизель,5,1016,Дизель,D-125255,Хабаровск
2026-01-06 14:13:02,Шайба вала балансира стопорная FDP-020/ D-021-1 MC040425 PM,4,3422,Paul Master,FDP-020,Хабаровск
2026-01-06 14:13:02,Шайба вала балансира стопорная HFF2918116CKXBZ JAC N350 ORIG,1,136,JAC,HFF2918116CKXBZ,Хабаровск
2026-01-06 14:13:02,Шайба Для Форсунок MF520010/3112304100 00-15-00 (кольцоРезин) ORIGINAL /,2,253,Mitsubishi,MF520010,Хабаровск
2026-01-06 14:13:02,Шайба задней ступицы 1680340015 HOWO,1,50,Дизель,1680340015,Хабаровск
2026-01-06 14:13:02,Шайба клапана D-128151 / 8-97075-453-0 / 8-94396-015-2 Дизель,59,105,Дизель,D-128151,Хабаровск
2026-01-06 14:13:02,Шайба конусная 2280225800 / N074361022351 / 0256152290 Mercedes/Europart,19,20,Europart,2280225800,Хабаровск
2026-01-06 14:13:02,Шайба конусная G-012 /0141181 12mm skania 113 PM,6,125,Paul Master,G-012,Хабаровск
2026-01-06 14:13:02,Шайба КПП регулировочная 8-97252-661-0 ID=70 T=1.68 ORIG,22,481,Isuzu,8-97252-661-0,Хабаровск
2026-01-06 14:13:02,"Шайба оцинкованная K100 DIN 125B 25,0 0254012507SKV/02.5401.25.07/6605025000",1574,12,SKV,0254012507SKV,Хабаровск
2026-01-06 14:13:02,Шайба под форсунку JH-37017 ME222913 4M42/4M50 (STONE) / JH-37017 / ME222913 / ME222913 /,4,159,JMC,ME222913,Хабаровск
2026-01-06 14:13:02,Шайба рессорного пальца (втулки) 1-51169-018-0 CYZ51/FVR34 ORIG,19,664,Isuzu,1-51169-018-0,Хабаровск
2026-01-06 14:13:02,"Шайба рессорных пальцев D-129771 / WSP-04 28*50*1,5 Дизель",1311,34,Дизель,D-129771,Хабаровск
2026-01-06 14:13:02,Шайба рессорных пальцев D-129772 / WSP-05 28*50*2 Дизель,1667,34,Дизель,D-129772,Хабаровск
2026-01-06 14:13:02,"Шайба рессорных пальцев D-129773 / WSP-06 28*50*2,5 Дизель",1482,35,Дизель,D-129773,Хабаровск
2026-01-06 14:13:02,Шайба сателлита D-126652 / 810W90714-0248 Sitrak C7H Дизель,1,70,Дизель,D-126652,Хабаровск
2026-01-06 14:13:02,Шайба сателлита D-128966 / 199012320150 D=24 HOWO Дизель,2,35,Дизель,D-128966,Хабаровск
2026-01-06 14:13:02,Шайба стопорная D-129862 / WG2229100021 HOWO T5G Дизель,12,349,Дизель,D-129862,Хабаровск
2026-01-06 14:13:02,Шайба ступицы DA-003-1/dkl-003 90042-14003 PM,10,188,Paul Master,DA-003-1,Хабаровск
2026-01-06 14:13:02,Шайба ступицы FIB-018 MC828601 PM,3,642,Paul Master,FIB-018,Хабаровск
2026-01-06 14:13:02,Шайба ступицы FIL-018 / FK-018-2 MC815480 PM,2,611,Paul Master,FIL-018,Хабаровск
2026-01-06 14:13:02,Шайба ступицы FV-026-1/FKL-026/MC814671 Fuso fp415 PM,3,564,Paul Master,FKL-026,Хабаровск
2026-01-06 14:13:02,Шайба ступицы FV-026-2/Fkb-026 MC817032 PM,3,642,Paul Master,FKB-026,Хабаровск
2026-01-06 14:13:02,Шайба ступицы FV-028-1 / MC-814781 / FIL-028 / PM,3,453,Paul Master,FV-028-1,Хабаровск
2026-01-06 14:13:02,Шайба ступицы FV-028-2 / FIB-028 / MC828600 PM,5,564,Paul Master,FV-028-2,Хабаровск
2026-01-06 14:13:02,Шайба ступицы UD-045-1 /UIL-045 / 40076-90010 PM,3,529,Paul Master,UIL-045,Хабаровск
2026-01-06 14:13:02,Шайба ступицы UD-045-2 / UIB-045 40036-90017 PM,7,588,Paul Master,UD-045-2,Хабаровск
2026-01-06 14:13:02,Шайба ступицы UD-046-1/UKL-046/38444-00Z00 PM,3,605,Paul Master,UKL-046,Хабаровск
2026-01-06 14:13:02,Шайба ступицы UD-046-2/UKB-046/38445-00Z01 PM,1,671,Paul Master,UKB-046,Хабаровск
2026-01-06 14:13:02,Шайба уплот.регулир. втулки балансира D-127256/12857-15400 125*175*7mm XLD,36,642,XLD,D-127256,Хабаровск
2026-01-06 14:13:02,Шайба уплотнительная 211.030/060.027 Sampa,4,40,Sampa,211.030,Хабаровск
2026-01-06 14:13:02,Шайба уплотнительная D-128182 / 082V56631-0110 Howo Дизель,2,131,Дизель,D-128182,Хабаровск
2026-01-06 14:13:02,Шайба уплотнительная WW-001-22 / WW-22/WW-022 (22*28mm) PM,2,55,Paul Master,WW-001-22,Хабаровск
2026-01-06 14:13:02,Шайба уплотнительная WW-014/ WW-001-14 (14x20mm) PM,15,37,Paul Master,WW-14,Хабаровск
2026-01-06 14:13:02,Шайба уплотнительная WW-06 / WW-001-06/WW-006 (6x10mm) PM,27,21,Paul Master,WW-001-06,Хабаровск
2026-01-06 14:13:02,Шайба уплотнительная WW-18 / WW-001-18 (18*26mm) PM,12,39,Paul Master,WW-001-18,Хабаровск
2026-01-06 14:13:02,Шайба уплотнительная WW-20 / WW-001-20 (20mm) PM,5,33,Paul Master,WW-20,Хабаровск
2026-01-06 14:13:02,Шайба уплотнительная WW-26A / WW-001-26A (26*30mm) PM,3,44,Paul Master,WW-26A,Хабаровск
2026-01-06 14:13:02,Шайба уплотнительная WW-26B / WW-001-26B (26*34mm) PM,3,55,Paul Master,WW-26B,Хабаровск
2026-01-06 14:13:02,Шайба уплотнительная XW-008 / XW-001-08 (8*12mm) PM,5,18,Paul Master,XW-08,Хабаровск
2026-01-06 14:13:02,Шайба уплотнительная XW-012 / XW-001-12 (12*18mm) PM,1,40,Paul Master,XW-001-12,Хабаровск
2026-01-06 14:13:02,Шайба уплотнительная XW-16 / XW-001-16 (16*22mm) PM,9,37,Paul Master,XW-001-16,Хабаровск
2026-01-06 14:13:02,Шайба уплотнительная XW-20 / XW-001-20 (20*26mm) PM,2,26,Paul Master,XW-001-20,Хабаровск
2026-01-06 14:13:02,Шайба упорная A3463532662 Mercedes,2,1490,Mercedes,A 346 353 26 62,Хабаровск
2026-01-06 14:13:02,Шайба упорная балансира D-128031 / 1-51389-058-0 115х155х7mm Isuzu Дизель,58,369,Дизель,D-128031,Хабаровск
2026-01-06 14:13:02,Шайба форсунки впрыска топлива A0000171560 / A9060170260 / 2430105049 Mercedes/BOSCH !,3,457,Bosch,2 430 105 049,Хабаровск
2026-01-06 14:13:02,"Шайба шестерни редуктора (саттелита) 1-41552-017-0 T=1.6 C,E-series ORIG",1,637,Isuzu,1-41552-017-0,Хабаровск
2026-01-06 14:13:02,Шайба шкворня регулировочная (T=0.12) 1-43171-343-0 FSR90 ORIG,12,495,Isuzu,1-43171-343-0,Хабаровск
2026-01-06 14:13:02,Шайба шкива на лобовине E-019 13437-1300 FH/FN/FR2K# FW1K# PM !,5,1231,Paul Master,E-019,Хабаровск
2026-01-06 14:13:02,Шаровая опора 2729902 Lemforder,2,1644,JMC,2729902,Хабаровск
2026-01-06 14:13:02,Шаровая опора 40110-9X50A,2,1239,JMC,40110-9X50A,Хабаровск
2026-01-06 14:13:02,Шаровая опора 40160-MB40C,2,1570,JMC,40160-MB40C,Хабаровск
2026-01-06 14:13:02,Шаровая опора SB-.../0520-TITU W628-34-540 TITAN FEBEST,1,627,JMC,W628-34-540,Хабаровск
2026-01-06 14:13:02,Шаровая опора SB-0520-TITL W628-34-550 TITAN FEBEST,2,1634,,SB-0520,Хабаровск
2026-01-06 14:13:02,Шаровая опора SB-3702L / 43340-29115,1,1902,Zevs,43340-29115,Хабаровск
2026-01-06 14:13:02,Шаровая опора SB-3702R / 43330-29165,1,1902,Zevs,43330-29165,Хабаровск
2026-01-06 14:13:02,Шаровая опора SB-4472L CBN-7L BJ2516 40161-48W25/40161-T3060,1,918,Zevs,40161-T3060,Хабаровск
2026-01-06 14:13:02,Шаровая опора SB-4472R CBN-7R 40160-T3060/40160-48W25,2,827,Zevs,40160-T3060,Хабаровск
2026-01-06 14:13:02,Шаровая опора SB-5312 8-97103-437-0 UBS69GW 1997год DOWN,2,1665,JMC,SB-5312,Хабаровск
2026-01-06 14:13:02,Шаровая опора верхняя 40110-T3060 NISSAN ATLAS F22/23 Y,10,1069,Yamasida,40110-T3060,Хабаровск
2026-01-06 14:13:02,Шаровая опора верхняя D-128508 / 8-97107-328-0 / 8-97076-003-1 / 8-97327-369-5 / SB-5321 Дизель,26,863,Дизель,D-128508,Хабаровск
2026-01-06 14:13:02,Шаровая опора верхняя MK469290 MITSUBISHI TOYO,17,1020,Toyo,MK469290,Хабаровск
2026-01-06 14:13:02,Шаровая опора нижняя 8-98025-499-0 ISUZU NKR55 4HF1 Y,3,2772,Yamasida,8-98025-499-0,Хабаровск
2026-01-06 14:13:02,Шаровая опора нижняя D-128510 / 8-97142-452-1 NPR55/NKR58/NHR '90-'92 LOW M16x1.5 Дизель,53,789,Дизель,D-128510,Хабаровск
2026-01-06 14:13:02,Шаровая опора нижняя ISUZU 8-97142-452-1 NPR55 NKR58 NHR '90-'92 LOW(M16X1.5) Y,27,1544,Yamasida,8-97142-452-1,Хабаровск
2026-01-06 14:13:02,Шаровая опора нижняя MAZDA S47P-34-550A TITAN SYE6T / BONGO LOW CH !,2,1353,Chase,S47P-34-550A,Хабаровск
2026-01-06 14:13:02,Шаровая опора нижняя NISSAN 40161-48W25/40161-T3060 ATLAS F22# 89-92 L Y,12,1401,Yamasida,40161-48W25,Хабаровск
2026-01-06 14:13:02,Шаровая опора нижняя S47P-34-550A MAZDA TITAN SYE6T / BONGO Y,19,1728,Yamasida,S47P-34-550A,Хабаровск
2026-01-06 14:13:02,"Шаровая опора нижняя TOYOTA 43330-39765 /43330-39515 DYNA / HINO XZU#BU3##,BZU3## L Y",13,2541,Yamasida,43330-39765,Хабаровск
2026-01-06 14:13:02,Шатун двигателя 4BG1/6BG1 1-12230-129-2 ORIG,2,12407,Isuzu,1-12230-129-2,Хабаровск
2026-01-06 14:13:02,Шатун двухпоршневого компрессора в сборе 1-19173-006-0 ORIG,2,5052,Isuzu,1-19173-006-0,Хабаровск
2026-01-06 14:13:02,Шестерня 02T311351E VAG,1,6386,VAG,02T311351E,Хабаровск
2026-01-06 14:13:02,Шестерня 1-й передачи КПП D-125368 / 8-97350-010-0 Z=43 /NQR75/NPR75/NQR90/HINO300 E4 Дизель,1,11489,Дизель,D-125368,Хабаровск
2026-01-06 14:13:02,Шестерня 3 передачи втор вала КПП 12JS200T-1701113 HOWO,2,2564,Дизель,12JS200T-1701113,Хабаровск
2026-01-06 14:13:02,Шестерня 3-й передачи КПП D-128102 / 8-97241-234-0 Z=34 MYY5T/MYY6S N-серия ISUZU Дизель,14,4242,Дизель,D-128102,Хабаровск
2026-01-06 14:13:02,Шестерня 4-й передачи КПП D-128152 / 8-97241-230-0 Z=28 MYY6S N-серия Дизель,15,3038,Дизель,D-128152,Хабаровск
2026-01-06 14:13:02,Шестерня 5-ой передачи D-128738 / ME536703 Fuso Canter TF E-5 Дизель,12,3851,Дизель,D-128738,Хабаровск
2026-01-06 14:13:02,Шестерня 6-й передачи КПП D-125019 / 8-97386-582-0 Z=21 MYY6S ISUZU Дизель,4,2204,Дизель,D-125019,Хабаровск
2026-01-06 14:13:02,Шестерня 6-й передачи КПП D-125228 / 8-98137-256-0 Z=46 F-series Дизель,14,7832,Дизель,D-125228,Хабаровск
2026-01-06 14:13:02,Шестерня 6-й передачи КПП D-125245 / 8-97386-580-0 Z=50 MYY6S N-серия ISUZU Дизель,19,7963,Дизель,D-125245,Хабаровск
2026-01-06 14:13:02,Шестерня 6-й передачи КПП D-125246 / 8-97386-582-0 Z=21 MYY6S ISUZU Дизель,33,2452,Дизель,D-125246,Хабаровск
2026-01-06 14:13:02,Шестерня 6-й передачи КПП D-128153 / 8-97386-580-0 Z=50 MYY6S N-серия ISUZU Дизель,10,7400,Дизель,D-128153,Хабаровск
2026-01-06 14:13:02,Шестерня D-129783 / 12JSDX240T-1707106 (46 зубов) SHAANXI Дизель,2,6184,Дизель,D-129783,Хабаровск
2026-01-06 14:13:02,Шестерня вала конической передачи D-129807 / 41254-1120/S4115-E0050/KD913 HINO 700 / HINO 500 Дизель,6,25664,Дизель,D-129807,Хабаровск
2026-01-06 14:13:02,Шестерня воздушного компрессора 1-12524-164-1/1-12524-111-1/1-12524-087-6 C-series 6WG1 ORIG,1,13474,Isuzu,1-12524-164-1,Хабаровск
2026-01-06 14:13:02,Шестерня ГРМ Z=64-36 1-12523-366-1/1-12523-366-0/1-12523-334-0 C-series 6WG1 ORIG,1,57790,Isuzu,1-12523-366-1,Хабаровск
2026-01-06 14:13:02,Шестерня ГРМ Z=90 1-12523-369-1/1-12523-313-0/1-12523-270-0/1-12523-213-1 C-series 6WG1 ORIG,1,43252,Isuzu,1-12523-369-1,Хабаровск
2026-01-06 14:13:02,"Шестерня ГРМ трехрядная D-129102 / 8-98145-647-1 Z=72-60-30 4HK1 6HK1 F,N-series E-4 Дизель",1,9167,Дизель,D-129102,Хабаровск
2026-01-06 14:13:02,Шестерня дифференциала D-127034 / S4125-21190 / KD914 HINO700/500 Дизель,1,28972,Дизель,D-127034,Хабаровск
2026-01-06 14:13:02,Шестерня к/вала Z=48 1-12521-061-2/1-12521-048-6 C-series 6WG1 ORIG,1,24807,Isuzu,1-12521-061-2,Хабаровск
2026-01-06 14:13:02,Шестерня КПП 1-33253-657-0 Z=29 C-series ORIG,1,31526,Isuzu,1-33253-657-0,Хабаровск
2026-01-06 14:13:02,"Шестерня КПП 3-й передачи 1-33253-704-1 Z= 41 C,E-series ORIG",1,41909,Isuzu,1-33253-704-1,Хабаровск
2026-01-06 14:13:02,Шестерня первич вала КПП 12JS200T-1701116-1 HOWO,2,2129,Дизель,12JS200T-1701116-1,Хабаровск
2026-01-06 14:13:02,Шестерня р/вала 24331-4A000 Hyundai Porter 2 D4CB ORIG,4,573,Hyundai-Kia,24331-4A000,Хабаровск
2026-01-06 14:13:02,Шкворень (комплект на подшипниках) DW 252х50 5T-24T / K96171423 / K96171423 / 3389800180 KIT BEARING,2,19051,NamYang,3389800180,Хабаровск
2026-01-06 14:13:02,Шкворень 5801542556 IVECO/HONGYAN,2,971,Дизель,5801542556,Хабаровск
2026-01-06 14:13:02,Шкворень D-126055 / HFF3001041CK5G JAC N350 Дизель,15,3285,Дизель,D-126055,Хабаровск
2026-01-06 14:13:02,Шкворень D-129789 / WG4071415005 / AZ4071415005 Sitrak C7H Дизель,2,2086,Дизель,D-129789,Хабаровск
2026-01-06 14:13:02,Шкворень нижний 4459026 Iveco Orig !,1,5133,Iveco,4459026,Хабаровск
2026-01-06 14:13:02,Шкворень седельно-сцепного устройства (в сборе с тарелкой) D-130013 / KZ1412 Дизель,3,6752,Дизель,D-130013,Хабаровск
2026-01-06 14:13:02,Шкворневой ремкомплект 30*180 K56771-45600 Hyundai HD72-78 ORIG,27,7508,Hyundai-Kia,K56771-45600,Хабаровск
2026-01-06 14:13:02,Шкворневой ремкомплект A6553300719 / 490878 Mercedes/DieselTechnic !,9,4595,Diesel Technic,4.90878,Хабаровск
2026-01-06 14:13:02,Шкворневой ремкомплект D=49.5/50 L=224 81.44205.6023/230.037 SHACMAN F3000 E5,10,4036,Дизель,81.44205.6023,Хабаровск
2026-01-06 14:13:02,Шкворневой ремкомплект HD2.5T County/Canter 28*180 mm NY-524/K5677 145000 Nam Yang,91,1294,NamYang,HD2.5T,Хабаровск
2026-01-06 14:13:02,Шкворневой ремкомплект K56771-45000 HYUNDAI HD65/County ORIG,7,7579,Hyundai-Kia,K56771-45000,Хабаровск
2026-01-06 14:13:02,Шкворневой ремкомплект KP-425 / MT-05 28*160 mm NAM YANG,12,3061,Namyang,NY-425,Хабаровск
2026-01-06 14:13:02,Шкворневой ремкомплект КР-321 / MH-57 04043-2010/2035/2057 FD#/HINO300 35*206 mm Nam Yang (K),2,1363,NamYang,КР-321,Хабаровск
2026-01-06 14:13:02,"Шкворневой ремкомплект КР-324 / MH-60 43231-1320 35*186,5 mm Nam Yang",9,1534,NamYang,43231-1320,Хабаровск
2026-01-06 14:13:02,"Шкворня (D=47,d=43,L=206) 1880410031 Howo",3,384,Howo,1880410031,Хабаровск
2026-01-06 14:13:02,"Шкворня /DW TRUCK (L=286, D=50) (на одну сторону) (NG) / 3389800731 / NAMYUNG (OEM) KOREA",2,5106,NamYang,3389800731,Хабаровск
2026-01-06 14:13:02,Шкворня MR707/KP707/MD-03 28TAG12A,1,3116,Дизель,KP-707,Хабаровск
2026-01-06 14:13:02,Шкворня КР-536 Japan,1,2317,Дизель,KP-536,Хабаровск
2026-01-06 14:13:02,Шкив водяного насоса 201V06503-0384 HOWO T5G MC11,3,862,Дизель,201V06503-0384,Хабаровск
2026-01-06 14:13:02,Шкив коленвала ST-MD160546,1,1697,JMC,MD160546,Хабаровск
2026-01-06 14:13:02,Шланг 22048,1,1152,Gates,22048,Хабаровск
2026-01-06 14:13:02,Шланг A9405530282 Mercedes ориг !,6,4855,Mercedes,A9405530282,Хабаровск
2026-01-06 14:13:02,Шланг A9405532982 Mercedes ориг !,2,5892,Mercedes,A 940 553 29 82,Хабаровск
2026-01-06 14:13:02,Шланг ПГУ от ГЦС L=3600 D-129878 / WG9719230027 HOWO Дизель,2,748,Дизель,D-129878,Хабаровск
2026-01-06 14:13:02,Шланг передний тормозной F81Z-2078-HA FORD,3,3450,JMC,F81Z-2078-HA,Хабаровск
2026-01-06 14:13:02,Шланг подъема кабины L=1060 одноколенный D-129881 / WG9719820006 HOWO Дизель,1,216,Дизель,D-129881,Хабаровск
2026-01-06 14:13:02,Шланг подъема кабины L=2600 одноколенный D-129882 / WG9719821005 HOWO Дизель,1,424,Дизель,D-129882,Хабаровск
2026-01-06 14:13:02,Шланг радиатора D-125002 / 8-97177-372-0 / 8-98006-453-0 4HG1 RAD OUTLET Дизель,3,425,Дизель,D-125002,Хабаровск
2026-01-06 14:13:02,Шланг радиатора D-125046 / 8-98006-452-0 700P 4HK1 RAD INL Дизель,27,432,Дизель,D-125046,Хабаровск
2026-01-06 14:13:02,Шланг радиатора D-126375 / 8-97147-472-0 / 8-97128-675-0 4HF1 4HG1 INL Дизель,12,467,Дизель,D-126375,Хабаровск
2026-01-06 14:13:02,Шланг радиатора D-127200 / 8-97216-029-0 NPR 4HE1 RAD OUTLET Дизель,3,366,Дизель,D-127200,Хабаровск
2026-01-06 14:13:02,Шланг соединительный подъёма каб. WG9112820005 (к-т) Н,3,1390,Howo,WG9112820005,Хабаровск
2026-01-06 14:13:02,Шланг тормозной 8-97039-543-1 ISUZU NPR/NQR/NHS/NPS 71/75 94~ RHD/LHD передний Y,30,738,Yamasida,8-97039-543-1,Хабаровск
2026-01-06 14:13:02,Шланг тормозной 8-97089-061-0 ISUZU NKR/NPR/NPS/FRR/FTR 93~ RHD/LHD RR Y,40,703,Yamasida,8-97089-061-0,Хабаровск
2026-01-06 14:13:02,Шланг тормозной 8-97358-770-2 ISUZU NKR/NHR/NLR/NMR 04~ RHD/LHD FR Y,8,1643,Yamasida,8-97358-770-2,Хабаровск
2026-01-06 14:13:02,Шланг тормозной 8-97365-481-0 ISUZU NPR/NQR/NNR 03~ RHD/LHD FR Y,16,1294,Yamasida,8-97365-481-0,Хабаровск
2026-01-06 14:13:02,Шланг тормозной 90947-02D85 LP-5781-2 Хино 300 Е-3/4 задний LH Y,16,1071,Yamasida,90947-02D85,Хабаровск
2026-01-06 14:13:02,Шланг тормозной 90947-02D86 LP-5781-3 HINO 300 E-3/4 передний RH ORIG,3,2485,hino,90947-02D86,Хабаровск
2026-01-06 14:13:02,Шланг тормозной 90947-02D86 LP-5781-3 Хино 300 E-3/4 передний RH Y,21,920,Yamasida,90947-02D86,Хабаровск
2026-01-06 14:13:02,Шланг тормозной 90947-02D87 LP-5781-4 Хино 300 Е-3/4 передний LH Y,29,946,Yamasida,90947-02D87,Хабаровск
2026-01-06 14:13:02,Шланг тормозной 90947-02E74 LP-5781-5 Хино 300 Е-3/4 задний RH Y,40,1030,Yamasida,90947-02E74,Хабаровск
2026-01-06 14:13:02,Шланг тормозной D-128277 / 8-97039-543-1 передний ISUZU NPR/NQR/NHS/NPS 71/75 94~ RHD/LHD Дизель,70,669,Дизель,D-128277,Хабаровск
2026-01-06 14:13:02,Шланг тормозной D-128278 / 9004-72253 HINO RANGER Дизель,71,714,Дизель,D-128278,Хабаровск
2026-01-06 14:13:02,Шланг тормозной D-128279 / MB060470 CANTER Дизель,62,599,Дизель,D-128279,Хабаровск
2026-01-06 14:13:02,Шланг тормозной D-128280 / MB162206 CANTER/FUSO CANTER Дизель,64,680,Дизель,D-128280,Хабаровск
2026-01-06 14:13:02,Шланг тормозной D-128281 / MB295682 Дизель,58,632,Дизель,D-128281,Хабаровск
2026-01-06 14:13:02,Шланг тормозной D-128282 / W024-43-810A / W024-43-810B Mazda Titan Дизель,67,635,Дизель,D-128282,Хабаровск
2026-01-06 14:13:02,Шланг тормозной MK 500020,1,1016,JMC,MK 500020,Хабаровск
2026-01-06 14:13:02,Шланг тормозной SH30097S/BH-004460 MB004461 CANTER/FUSO CANTER Y,8,750,Yamasida,SH-30097S,Хабаровск
2026-01-06 14:13:02,Шланг тормозной SH30437/BH-7014 MB060470 CANTER Y,5,666,Yamasida,SH-30437,Хабаровск
2026-01-06 14:13:02,Шланг тормозной SH30577S/BH-7026 MB162206 CANTER/FUSO CANTER Y,32,664,Yamasida,SH-30577S,Хабаровск
2026-01-06 14:13:02,Шланг тормозной SH30737/BH-G337 MH031865 FUSO Y,25,809,Yamasida,SH-30737,Хабаровск
2026-01-06 14:13:02,Шланг тормозной SH30957/BH-7060 MB295682 Y,35,703,Yamasida,SH-30957,Хабаровск
2026-01-06 14:13:02,Шланг тормозной SH31047/BH-7075 / MB334309/MC862668/MH033223 LP-5871 Y,5,873,Yamasida,SH-31047,Хабаровск
2026-01-06 14:13:02,Шланг тормозной SH40767/BH-02492 90947-02523/02492 Y,3,643,Yamasida,SH-40767,Хабаровск
2026-01-06 14:13:02,Шланг тормозной SH41747/BH-02249 90947-02566 Dyna/TOYOACE Y,27,817,Yamasida,SH-41747,Хабаровск
2026-01-06 14:13:02,Шланг тормозной SH41957/BH-97003 96912-34105 Dyna/TOYOACE Y,87,340,Yamasida,SH-41957,Хабаровск
2026-01-06 14:13:02,Шланг тормозной SH42167/BH-02431 90947-02521 Dyna/TOYOACE Y,130,318,Yamasida,SH-42167,Хабаровск
2026-01-06 14:13:02,Шланг тормозной SH42897/BH-02567 90947-02567/90947-02744 Dyna/TOYOACE Y,6,411,Yamasida,SH-42897,Хабаровск
2026-01-06 14:13:02,Шланг тормозной SH50707 BH-48046/46204-89946 41S10 Y,13,426,Yamasida,SH-50707,Хабаровск
2026-01-06 14:13:02,Шланг тормозной SH50727/BH49032 46204-41S10 ATLAS F23 Y,102,996,Yamasida,SH-50727,Хабаровск
2026-01-06 14:13:02,Шланг тормозной SH50737/46214-01A22/46204-89922 Y,36,700,Yamasida,SH-50737,Хабаровск
2026-01-06 14:13:02,Шланг тормозной SH51927/BH-39027 46210-20N00 ATLAS F23 Y,8,1054,Yamasida,SH-51927,Хабаровск
2026-01-06 14:13:02,Шланг тормозной SH52077/BH-39037 46210-22T01 ATLAS F23 Y,25,1097,Yamasida,SH-52077,Хабаровск
2026-01-06 14:13:02,Шланг тормозной SH52207/BH-49074 46211-01A41 NISSAN BIG THUMB Y,1,428,Yamasida,SH-52207,Хабаровск
2026-01-06 14:13:02,Шланг тормозной SH52317/BH-U215 46201-00Z13 NISSAN BIG THUMB Y,30,865,Yamasida,SH-52317,Хабаровск
2026-01-06 14:13:02,Шланг тормозной SH52527/46210-21 OTO11 Y,17,297,Yamasida,SH-52527,Хабаровск
2026-01-06 14:13:02,Шланг тормозной SH52557/BH-N453 46210-0T801 Y,13,1519,Yamasida,SH-52557,Хабаровск
2026-01-06 14:13:02,Шланг тормозной SH80337/BH-6912 1-09364-189-0 Y,1,770,Yamasida,SH-80337,Хабаровск
2026-01-06 14:13:02,Шланг тормозной SH80347S 9004-72129 Y,19,888,Yamasida,SH-80347S,Хабаровск
2026-01-06 14:13:02,Шланг тормозной SH80687S/BH-4551 9004-72171 HINO PROFIY Y,29,865,Yamasida,SH-80687S,Хабаровск
2026-01-06 14:13:02,Шланг тормозной SH80837/BH-4550 9004-72173 HINO PROFIY Y,23,1160,Yamasida,SH-80837,Хабаровск
2026-01-06 14:13:02,Шланг тормозной SH80847/BH-4557 9004-72177 HINO PROFIY Y,11,957,Yamasida,SH-80847,Хабаровск
2026-01-06 14:13:02,Шланг тормозной SH80857/BH-4560 9004-72194 HINO PROFIY Y,30,936,Yamasida,SH-80857,Хабаровск
2026-01-06 14:13:02,Шланг тормозной SH80867/BH-4558 9004-72195 HINO PROFIY Y,25,841,Yamasida,SH-80867,Хабаровск
2026-01-06 14:13:02,Шланг тормозной SH80927/BH-0562 1-09364-190-0 ISUZU GIGA Y,35,843,Yamasida,SH-80927,Хабаровск
2026-01-06 14:13:02,Шланг тормозной SH81077/BH-4563 9004-72253 HINO RANGER Y,10,843,Yamasida,SH-81077,Хабаровск
2026-01-06 14:13:02,Шланг тормозной SH81577/BH-E321 8-97035-064-0 ISUZU ELF Y,40,1167,Yamasida,8-97035-064-0,Хабаровск
2026-01-06 14:13:02,Шланг тормозной SH81727 8-97039-542-0 ISUZU ELF Y,9,1156,Yamasida,SH-81727,Хабаровск
2026-01-06 14:13:02,Шпилька 51775-8A101 HYUNDAI HD120 ORIG,2,302,Hyundai-Kia,51775-8A101,Хабаровск
2026-01-06 14:13:02,Шпилька в сборе BW41 L ELF задняя съёмный барабан гайка 41 левая/,20,357,UDPD,BW41 L,Хабаровск
2026-01-06 14:13:02,Шпилька головки блока цилиндров 22137-41400 Hyundai HD65/78/County ORIG,14,59,Hyundai-Kia,22137-41400,Хабаровск
2026-01-06 14:13:02,Шпилька зад колеса 9920140120 JAC N35 ORIG,6,291,JAC,9920140120,Хабаровск
2026-01-06 14:13:02,Шпилька заднего правого колеса в сборе BW65R/0442A-E0040 HINO 700 SKV,1211,313,SKV,BW65R,Хабаровск
2026-01-06 14:13:02,"Шпилька колеса 11.010.1905.340 M22x1,5x80,5 в сборе с гайкой Templin",1,183,JMC,110101905340,Хабаровск
2026-01-06 14:13:02,"Шпилька колеса 22х1,5х85 1309191SKV/1309191/11.010.0275.060/2808389/520200 (DAF)",430,115,SKV,1309191,Хабаровск
2026-01-06 14:13:02,Шпилька колеса BW44R CANTER Передняя R гайка 38 (диск) SKV !,4,176,SKV,BW44R,Хабаровск
2026-01-06 14:13:02,Шпилька колеса MC862634SKV Fuso Canter (дисковые тормоза) передняя левая SKV,426,207,SKV,MC862634SKV,Хабаровск
2026-01-06 14:13:02,Шпилька колеса MC862635SKV Fuso Canter (дисковые тормоза) передняя правая SKV,592,197,SKV,MC862635SKV,Хабаровск
2026-01-06 14:13:02,Шпилька колеса в сборе 0442A-E0080 HINO 500 rear R M22*1.5*99 SKV,990,246,SKV,0442A-E0080,Хабаровск
2026-01-06 14:13:02,Шпилька колеса в сборе 0443A-E0110 HINO 500 front R M22*1.5*83 SKV,1177,246,SKV,0443A-E0110,Хабаровск
2026-01-06 14:13:02,Шпилька колеса в сборе 1-42331-114-2 FSR90 RR ISUZU SKV,988,339,SKV,1-42331-114-2,Хабаровск
2026-01-06 14:13:02,Шпилька колеса в сборе 1-42332-114-2 FSR90 RL ISUZU SKV,1123,339,SKV,1-42332-114-2,Хабаровск
2026-01-06 14:13:02,"Шпилька колеса в сборе 8-94383-436-2 NLR55, NMR85, NPR, NQR front RH SKV",60,267,SKV,8-94383-436-2,Хабаровск
2026-01-06 14:13:02,Шпилька колеса в сборе BN03L L=82 d=22 ISUZU 5т. Передняя L SKV !,178,227,SKV,BN03L,Хабаровск
2026-01-06 14:13:02,Шпилька колеса в сборе BN05L ISUZU 10т. передняя L M20x1.5 SKV,937,238,SKV,BN05L,Хабаровск
2026-01-06 14:13:02,Шпилька колеса в сборе BN05R ISUZU 10т. Передняя R M20x1.5 SKV,935,229,SKV,BN05R,Хабаровск
2026-01-06 14:13:02,Шпилька колеса в сборе BN05R2 ISUZU 10т. Передняя R M24x1.5 SKV,2,243,SKV,BN05R2,Хабаровск
2026-01-06 14:13:02,Шпилька колеса в сборе BN07L UD 5т. Задняя L SKV,952,268,SKV,BN07L,Хабаровск
2026-01-06 14:13:02,Шпилька колеса в сборе BN07R UD 5т. Задняя R SKV,553,268,SKV,BN07R,Хабаровск
2026-01-06 14:13:02,Шпилька колеса в сборе BN08L UD 5т. Передняя L SKV,592,202,SKV,BN08L,Хабаровск
2026-01-06 14:13:02,Шпилька колеса в сборе BN09R HINO 5т. Передняя R SKV,307,235,SKV,BN09R,Хабаровск
2026-01-06 14:13:02,Шпилька колеса в сборе BN10L HINO500 0442A-E0060 HINO 5т. Задняя L SKV,65,295,SKV,BN10L,Хабаровск
2026-01-06 14:13:02,Шпилька колеса в сборе BN13L HINO 10т. Передняя L SKV !,105,194,SKV,BN13L,Хабаровск
2026-01-06 14:13:02,Шпилька колеса в сборе BN16L HINO FD16# Задняя Asia Cosmos L,202,215,Дизель,BN16L,Хабаровск
2026-01-06 14:13:02,Шпилька колеса в сборе BN16R HINO FD16# Задняя Asia Cosmos R,199,172,Дизель,BN16R,Хабаровск
2026-01-06 14:13:02,Шпилька колеса в сборе BN20L HINO/FUSO ЕВРО 10т. унив. L SKV,228,348,SKV,BN20L,Хабаровск
2026-01-06 14:13:02,Шпилька колеса в сборе BW19R NPR NEW RR RH SKV,7,242,SKV,BW19R,Хабаровск
2026-01-06 14:13:02,Шпилька колеса в сборе BW30L MMC CANTER Задняя L гайка 38 SKV,693,275,SKV,BW30L,Хабаровск
2026-01-06 14:13:02,Шпилька колеса в сборе BW30R MMC CANTER Задняя R гайка 38 SKV,587,275,SKV,BW30R,Хабаровск
2026-01-06 14:13:02,Шпилька колеса в сборе BW31L MMC CANTER Передняя L гайка 38 SKV,451,222,SKV,BW31L,Хабаровск
2026-01-06 14:13:02,"Шпилька колеса в сборе BW33L ISUZU ELF 1,5т Передняя L гайка 35 (диск) SKV !",547,192,SKV,BW33L,Хабаровск
2026-01-06 14:13:02,"Шпилька колеса в сборе BW33R ISUZU ELF 1,5т Передняя R гайка 35 (диск) SKV !",228,192,SKV,BW33R,Хабаровск
2026-01-06 14:13:02,Шпилька колеса в сборе BW45L ISUZU ELF Передняя 21 L гайка 41 (диск),4,346,Дизель,BW45L,Хабаровск
2026-01-06 14:13:02,Шпилька колеса в сборе BW62L Rear LH MC891568/MK501079/MB308673 MMC CANTER M20*1.5*83 SKV,2591,246,SKV,BW62L,Хабаровск
2026-01-06 14:13:02,Шпилька колеса в сборе BW63L Front LH MC891568/MK501079/MB308673 MMC CANTER M20*1.5*83 SKV,1521,211,SKV,BW63L,Хабаровск
2026-01-06 14:13:02,Шпилька колеса в сборе BW63R Front RH MC891569/MK501080/MB308672 MMC CANTER M20*1.5*83 SKV,1795,211,SKV,BW63R,Хабаровск
2026-01-06 14:13:02,Шпилька колеса в сборе BW68R Front RH 90942-02072 HINO 300 SKV,1221,190,SKV,BW68R,Хабаровск
2026-01-06 14:13:02,Шпилька колеса в сборе BW69L Rear LH 90942-02071 HINO 300 SKV,582,215,SKV,BW69L,Хабаровск
2026-01-06 14:13:02,Шпилька колеса в сборе BW69R Rear RH 90942-02072 HINO 300 SKV,396,211,SKV,BW69R,Хабаровск
2026-01-06 14:13:02,Шпилька колеса в сборе BW71R / 1-42337-066-1 / 1-42337-066-2 / CYZ51 RR ISUZU SKV,766,233,SKV,BW71R,Хабаровск
2026-01-06 14:13:02,Шпилька колеса в сборе FR/RR RH D-125137/8-97168-456-2 NPR75 (дисковый тормоз) Дизель,167,392,Дизель,D-125137,Хабаровск
2026-01-06 14:13:02,Шпилька колеса в сборе ML236270 Fuso Canter (дисковые тормоза) задняя левая SKV,954,258,SKV,ML236270,Хабаровск
2026-01-06 14:13:02,Шпилька колеса в сборе ML236271 Fuso Canter (дисковые тормоза) задняя правая SKV,630,258,SKV,ML236271,Хабаровск
2026-01-06 14:13:02,Шпилька колеса зад в сборе D-126059 / HFF3104114CK2BZ7 JAC N350 Дизель,164,493,Дизель,D-126059,Хабаровск
2026-01-06 14:13:02,Шпилька колеса зад в сборе М22*1.5*119мм 42064826/42117455/729055 / 933016 China !,206,220,Дизель,42064826,Хабаровск
2026-01-06 14:13:02,Шпилька колеса пер М22*1.5*99мм 2213002750 Europart,6,231,Europart,2213 002 750,Хабаровск
2026-01-06 14:13:02,Шпилька колеса пер М22*1.5*99мм 42117451/2213002750/951064 EMMERRE,4,290,Emmerre,951064,Хабаровск
2026-01-06 14:13:02,Шпилька колеса перед D-126060 / AK31041145GJH JAC N350 Дизель,252,345,Дизель,D-126060,Хабаровск
2026-01-06 14:13:02,Шпилька колеса передняя с гайкой D-127387 / 81.45501.0076 / CK-81.45501.0076 M22 L=90 Дизель,1035,219,Дизель,D-127387,Хабаровск
2026-01-06 14:13:02,"Шпилька колеса с гайкой, задняя L / MITSUBISHI / HB-0441RL / BW56L , MK309611 , MB161145 , MLS083",13,276,Ootoko,HB-0441RL,Хабаровск
2026-01-06 14:13:02,"Шпилька колесная 0329633121SKV / 03.296.33.12.1 M22x1,5x97/62 BPW SKV",67,151,SKV,0329633121SKV,Хабаровск
2026-01-06 14:13:02,Шпилька колесная 0329633141 / 03.296.33.14.1 BPW SKV,1222,123,SKV,0329633141,Хабаровск
2026-01-06 14:13:02,Шпилька колесная 0329633211SKV M22х1.5х93.6/58.6 (BPW),696,118,SKV,0329633211SKV,Хабаровск
2026-01-06 14:13:02,Шпилька колесная 1303107412 / 1303107412 SAF / 11.010.2227.010 M22x1.5x94/84/48,831,123,SKV,1303107412,Хабаровск
2026-01-06 14:13:02,Шпилька колесная 1303111811 / 1303111811 SAF / 11.010.2177.000 M22x1.5x66/77,939,123,SKV,1303111811,Хабаровск
2026-01-06 14:13:02,Шпилька колесная 1368693SKV 7/8''x11 BSFx96 L=85 мм Rear Scania SKV,1327,128,SKV,1368693SKV,Хабаровск
2026-01-06 14:13:02,Шпилька колесная 1368694SKV 7/8'' L=109/97/71 RHT Rear Scania SKV,2648,97,SKV,1368694SKV,Хабаровск
2026-01-06 14:13:02,Шпилька колесная 1528655SKV / 1528655 SCANIA SKV,993,145,SKV,1528655SKV,Хабаровск
2026-01-06 14:13:02,Шпилька колесная 21147687SKV / 20524942 Rear Volvo SKV,59,172,SKV,21147687,Хабаровск
2026-01-06 14:13:02,Шпилька колесная 81455010176SKV / A0004013771 / 81455010141 Rear MAN/MERCEDES SKV,71,140,SKV,81455010176,Хабаровск
2026-01-06 14:13:02,Шпилька колесная 9424010271SKV / A9424010271 / 440204 FR/RR M22x1.5x68 MB,1855,128,SKV,9424010271SKV,Хабаровск
2026-01-06 14:13:02,Шпилька колесная Hino 10т зад R,10,204,JMC,Hino 10т зад R,Хабаровск
2026-01-06 14:13:02,Шпилька колесная Hino 5 тонн (перед стандарт) L,171,112,JMC,Hino 5,Хабаровск
2026-01-06 14:13:02,Шпилька колесная HINO BN13L передняя левая 10 тонн / U.D.P.D. / BN13L,3,427,JMC,BN13L,Хабаровск
2026-01-06 14:13:02,"Шпилька колесная M22x1,5х100,5/50 мм 017872 SKV",1153,145,SKV,017872SKV,Хабаровск
2026-01-06 14:13:02,Шпилька колесная M22x1.5x80/46 0329633111 / 03.296.33.11.1/11.010.0246.990/31308008511 SKV,1317,123,SKV,0329633111SKV,Хабаровск
2026-01-06 14:13:02,Шпилька колесная задняя 9920220200 N120 JAC ORIG,10,336,JAC,9920220200,Хабаровск
2026-01-06 14:13:02,Шпилька колесная задняя левая 9920200470-B N75 JAC ORIG,60,246,JAC,9920200470-B,Хабаровск
2026-01-06 14:13:02,Шпилька колесная передняя D-127757 / 3103223E8AUS N90 JAC Дизель,8,190,Дизель,D-127757,Хабаровск
2026-01-06 14:13:02,Шпилька колесная передняя левая YF30SL-03051 N56 JAC ORIG,12,258,JAC,YF30SL-03051,Хабаровск
2026-01-06 14:13:02,Шпилька колесная передняя правая YF30SL-03052 N56 JAC ORIG,52,286,JAC,YF30SL-03052,Хабаровск
2026-01-06 14:13:02,Шпилька ступицы заднего колеса 52755-4F000 Hyundai Porter 2 ORIG,40,105,Hyundai-Kia,52755-4F000,Хабаровск
2026-01-06 14:13:02,ШПИЛЬКА СТУПИЦЫ КОЛЕСА М12 / 517757L100 / Mobis Co,5,877,JMC,529867F640,Хабаровск
2026-01-06 14:13:02,"Шпильки D-129997 5т передние L Fuso, Isuzu Дизель",32,149,Дизель,D-129997,Хабаровск
2026-01-06 14:13:02,Шпильки ступицы 90942-02071,1,282,Дизель,90942-02071,Хабаровск
2026-01-06 14:13:02,Шприц для смазки рычажный 97203 400мл SATA,1,2651,sata,97203,Хабаровск
2026-01-06 14:13:02,Штанга передняя нижняя задней подвески D-126708 / 2919010A65B/A 3250/J6 FAW Дизель,11,4858,Дизель,D-126708,Хабаровск
2026-01-06 14:13:02,Штанга толкателя клапана 8-98273-084-0 4LE1/4LE2 ORIG,3,740,Isuzu,8-98273-084-0,Хабаровск
2026-01-06 14:13:02,Штанга толкателя клапана D-126061 / 1000495052 JAC N350 WP10 E-5 Дизель,7,215,Дизель,D-126061,Хабаровск
2026-01-06 14:13:02,Штифт балансира D-124991 / 1-51389-066-0 CX#/CY#/CV#/EX# Дизель,8,749,Дизель,D-124991,Хабаровск
2026-01-06 14:13:02,Штифт блокировки МОД 1228320106 HOWO,2,57,Дизель,1228320106,Хабаровск
2026-01-06 14:13:02,Шток цилиндра сцепления D-128544 / 8-97065-442-0 Дизель,28,248,Дизель,D-128544,Хабаровск
2026-01-06 14:13:02,"Шток цилиндра тормозного D-128883 / 1-47640-012-0 C,F,E-series Дизель",6,1111,Дизель,D-128883,Хабаровск
2026-01-06 14:13:02,Штуцер 200V98131-0049 HOWO T5G,11,480,Дизель,200V98131-0049,Хабаровск
2026-01-06 14:13:02,Штуцер 200V98181-6026 HOWO T5G,8,483,Дизель,200V98181-6026,Хабаровск
2026-01-06 14:13:02,Штуцер E-007 16180-1450 FW#FD2H/3H#FX3H# PM !,371,329,Paul Master,E-007,Хабаровск
2026-01-06 14:13:02,Штуцер для шланга под хомут прямой SYE-1095 (M10),245,65,JMC,SYE-1095 M10,Хабаровск
2026-01-06 14:13:02,Штуцер для шланга под хомут прямой SYE-1095 (M6),249,38,JMC,SYE-1095 M6,Хабаровск
2026-01-06 14:13:02,Штуцер для шланга под хомут прямой SYE-1095 (M8),245,60,JMC,SYE-1095 M8,Хабаровск
2026-01-06 14:13:02,Штуцер для шланга под хомут прямой SYE-1095 M10,2,89,JMC,SYE-1095 M10,Хабаровск
2026-01-06 14:13:02,Штуцер для шланга под хомут прямой SYE-1095 M6,7,49,JMC,SYE-1095 M6,Хабаровск
2026-01-06 14:13:02,Штуцер для шланга под хомут прямой SYE-1095 M8,7,99,JMC,SYE-1095 M8,Хабаровск
2026-01-06 14:13:02,"Щетка дворника AUTOPROFI бескаркасная (475мм) 19"" WB-P1475",2,181,JMC,WB-P1475,Хабаровск
2026-01-06 14:13:02,Щетка стартера 8-98055-296-0 N-series 4HK1 ORIG,2,351,Isuzu,8-98055-296-0,Хабаровск
2026-01-06 14:13:02,Щетка стеклоочистителя A0018204845 / 7257002020 / 9XW204587281 700 мм Europart,38,439,Europart,7257002020,Хабаровск
2026-01-06 14:13:02,"Щетка стеклоочистителя AUTOPROFI зимняя,в резин.кожухе 18* /450мм/ UD-18",5,367,JMC,UD-18,Хабаровск
2026-01-06 14:13:02,Щетка стеклоочистителя D-126062 / JACZKGP600 JAC Дизель,13,217,Дизель,D-126062,Хабаровск
2026-01-06 14:13:02,Щетка стеклоочистителя D-129105 / 810W26440-0063 HOWO T5G Дизель,9,228,Дизель,D-129105,Хабаровск
2026-01-06 14:13:02,"Щетка стеклоочистителя каркасная универсальная 18""/ 450mm",62,202,Дизель,450mm,Хабаровск
2026-01-06 14:13:02,"Щетка стеклоочистителя каркасная универсальная 19""/ 475mm",60,253,Дизель,475mm,Хабаровск
2026-01-06 14:13:02,"Щетка стеклоочистителя каркасная универсальная 20""/ 500mm",5,278,Дизель,500mm,Хабаровск
2026-01-06 14:13:02,"Щетка стеклоочистителя каркасная универсальная 22""/ 550mm",22,312,Дизель,550mm,Хабаровск
2026-01-06 14:13:02,Щетка стеклоочистителя передняя 85222-53071,3,1626,JMC,85222-53071,Хабаровск
2026-01-06 14:13:02,Щеткодержатель 1-81121-066-0 F-series 6HK1 E-4 ORIG,3,2118,Isuzu,1-81121-066-0,Хабаровск
2026-01-06 14:13:02,Щеткодержатель 1-81121-071-0 C-series 6WG1 ORIG,3,3356,Isuzu,1-81121-071-0,Хабаровск
2026-01-06 14:13:02,Щеткодержатель 4HF1/4HG1 Y /,1,765,Yamasida,4HF1/4HG1,Хабаровск
2026-01-06 14:13:02,Щеткодержатель 8-98055-298-0/8-97025-670-0 N-series 4HK1 ORIG,2,4685,Isuzu,8-98055-298-0,Хабаровск
2026-01-06 14:13:02,Щеткодержатель D-128845 / TZ215 HINO J08C Дизель,41,726,Дизель,D-128845,Хабаровск
2026-01-06 14:13:02,Щеткодержатель FD42-46 Y NISSAN /,1,523,Yamasida,FD42-46,Хабаровск
2026-01-06 14:13:02,Щеткодержатель HINO EF750/F17C/EF100-300 D-129798 / TZ212 Дизель,1,623,Дизель,D-129798,Хабаровск
2026-01-06 14:13:02,Щеткодержатель ISUZU 6HE1/6НН1/J08C D-129799 / TZ215 Дизель,12,865,Дизель,D-129799,Хабаровск
2026-01-06 14:13:02,Щеткодержатель J07C Y /,1,765,Yamasida,J07C,Хабаровск
2026-01-06 14:13:02,Щеткодержатель MAZDA HA/XA D-129800 / TZ117 / TZ117-320 Дизель,33,615,Дизель,D-129800,Хабаровск
2026-01-06 14:13:02,Щеткодержатель MMC 4D33 D-129801 / TZ217 / TZ217-320 Дизель,19,597,Дизель,D-129801,Хабаровск
2026-01-06 14:13:02,Щеткодержатель MMC 6D17 TZ2611 YD,4,603,Дизель,6D17,Хабаровск
2026-01-06 14:13:02,Щеткодержатель MMC D-129802 / 6D14 TZ211 Дизель,1,385,Дизель,D-129802,Хабаровск
2026-01-06 14:13:02,Щеткодержатель MZTT89089 L=R MAZDA TITAN 1989-1998,1,1220,Noname,MZTT89089,Хабаровск
2026-01-06 14:13:02,Щиток (подкрылок) переднего левого колеса 1-79937-908-4 ISUZU CYZ51/CXZ/EXZ51 Diesel дефект,1,3313,Дизель,1-79937-908-4,Хабаровск
2026-01-06 14:13:02,Щиток (подкрылок) переднего правого колеса D-126374/1-79937-907-0/4 ISUZU CYZ51/CXZ/EXZ51 Дизель,3,4992,Дизель,D-126374,Хабаровск
2026-01-06 14:13:02,Электромагнитный клапан D-129592 / HDE-044 / MC842366 3-х сторонний FUSO Дизель,6,1538,Дизель,D-129592,Хабаровск
2026-01-06 14:13:02,Элемент фильтрующий 26550005 / SKV403 / FF5788 Perkins,3,1426,,26550005,Хабаровск
2026-01-06 14:13:02,"Эмблема ""ISUZU"" D-125003 / 8-98097-380-0 N-series Дизель",14,1105,Дизель,D-125003,Хабаровск
2026-01-06 14:13:02,Эмблема на решетку радиатора 86410-6A001 HYUNDAI HD65/78/120 ORIG,8,888,Hyundai-Kia,86410-6A001,Хабаровск
2026-01-06 14:13:02,Энергоаккумулятор (дисковый тормоз) PRO4200010 / 81504106607 / A0164204018 20/24-57мм Man/MB/Daf,2,11118,Provia,PRO4200010,Хабаровск
2026-01-06 14:13:02,Энергоаккумулятор 24/30 65/65 II37279/A019420801828/A0194201828/9254914310/BX9521 Mercedes/Knorr-Bremse,1,14656,Knorr Bremse,BX9521,Хабаровск
2026-01-06 14:13:02,Энергоаккумулятор RR LH D-129611 / S49U0-E0400 средний мост 10т HINO 500/700 Дизель,1,9481,Дизель,D-129611,Хабаровск
2026-01-06 14:13:02,Энергоаккумулятор зад.прав. 30/30 II37281/0204200018 / 9254929030 /9254921027 Knorr-Bremse !,4,15676,Knorr Bremse,BZ9657,Хабаровск
2026-01-06 14:13:02,Энергоаккумулятор задний (длинный шток) L=270 качество Createk,2,4064,JMC,L=270,Хабаровск
2026-01-06 14:13:02,Энергоаккумулятор левый D-126064 / AK35190302BZ12-C JAC N350 Дизель,15,5537,Дизель,D-126064,Хабаровск
2026-01-06 14:13:02,Энергоаккумулятор перед. прав. 4231074080 / A0074209224 Mercedes/Wabco !,2,17109,Wabco,4231074080,Хабаровск
2026-01-06 14:13:02,Энергоаккумулятор правый D-126065 / AK35190402BZ12-C JAC N350 Дизель,15,5537,Дизель,D-126065,Хабаровск
2026-01-06 14:13:02,Энергоаккумулятор тормозной D-125064 / 1-48250-869-1 RH C-series Дизель,12,8900,Дизель,D-125064,Хабаровск
2026-01-06 14:13:02,Энергоаккумулятор тормозной D-125065 / 1-48250-868-0 LH C-series Дизель,42,8888,Дизель,D-125065,Хабаровск
2026-01-06 14:13:02,Энергоаккумулятор тормозной D-125603 / 1-48250-868-1 L C-series Дизель,1,10302,Дизель,D-125603,Хабаровск
2026-01-06 14:13:02,Энергоаккумулятор тормозной rear L / center R D-126439 / 1-87412-101-0 C-series Дизель,4,8842,Дизель,D-126439,Хабаровск
2026-01-06 14:13:02,Якорь/ротор стартера 4HF1/4HG1 11T YD !,52,1547,Дизель,4HF1/4HG1,Хабаровск
2026-01-06 14:13:02,Якорь/ротор стартера 6HE1/6HH1 YD !,4,1682,Дизель,6HE1/6HH1,Хабаровск
2026-01-06 14:13:02,Якорь/ротор стартера D-129840 / QZZ22520 J07C Дизель,56,1607,Дизель,D-129840,Хабаровск
2026-01-06 14:13:02,Якорь/ротор стартера D-129841 / QZZ2430 FD42-46 Дизель,25,1500,Дизель,D-129841,Хабаровск
2026-01-06 14:13:02,Якорь/ротор стартера D-129842 / QZZ2611 6D17 Дизель,21,1265,Дизель,D-129842,Хабаровск
2026-01-06 14:13:02,Якорь/ротор стартера D-129999 HA/XA 12V/13T/2.7KW Дизель,17,1386,Дизель,D-129999,Хабаровск
